# Blender v3.5.0 OBJ File: ''
# www.blender.org
mtllib Boden.mtl
o TEMPLE.010_5b86a32a_0
v 11.423869 -0.763277 -11.416400
v 12.437447 -0.763276 -10.298091
v 13.335327 -0.763277 -11.034964
v 12.245199 -0.763277 -12.237733
v -2.451629 -0.763269 14.542835
v -3.915687 -0.763269 14.176107
v -4.252863 -0.763269 15.287628
v -2.678233 -0.763269 15.682051
v -5.336750 -0.763278 -14.750296
v -3.915687 -0.763278 -15.258762
v -4.252863 -0.763278 -16.370281
v -5.781251 -0.763278 -15.823416
v 10.305561 -0.763277 -12.429977
v 11.042433 -0.763277 -13.327858
v -0.958675 -0.763269 14.764292
v -1.072525 -0.763269 15.920236
v -6.701132 -0.763278 -14.104992
v -7.248676 -0.763278 -15.129375
v 9.093287 -0.763277 -13.329062
v 9.738602 -0.763278 -14.294844
v 0.548797 -0.763269 14.838350
v 0.548797 -0.763269 15.999887
v -7.995693 -0.763277 -13.329062
v -8.641007 -0.763278 -14.294844
v 7.798726 -0.763278 -14.104992
v 8.346271 -0.763278 -15.129375
v 2.056269 -0.763269 14.764292
v 2.170120 -0.763269 15.920236
v -9.207966 -0.763277 -12.429977
v -9.944839 -0.763277 -13.327858
v 6.434344 -0.763278 -14.750296
v 6.878845 -0.763278 -15.823416
v 3.549223 -0.763269 14.542835
v 3.775827 -0.763269 15.682051
v -10.326275 -0.763277 -11.416400
v -11.147606 -0.763277 -12.237733
v 5.013281 -0.763278 -15.258761
v 5.350457 -0.763278 -16.370281
v 5.013281 -0.763269 14.176109
v 5.350457 -0.763269 15.287628
v -11.339851 -0.763276 -10.298091
v -12.237732 -0.763277 -11.034964
v 3.549223 -0.763278 -15.625488
v 3.775827 -0.763278 -16.764706
v 6.434344 -0.763269 13.667643
v 6.878845 -0.763269 14.740762
v -12.238935 -0.763276 -9.085818
v -13.204718 -0.763276 -9.731133
v 2.056269 -0.763278 -15.846947
v 2.170120 -0.763278 -17.002890
v 7.798726 -0.763269 13.022339
v 8.346271 -0.763269 14.046721
v -13.014866 -0.763276 -7.791257
v -14.039248 -0.763276 -8.338801
v 0.548797 -0.763278 -15.921003
v 0.548797 -0.763279 -17.082541
v 9.093287 -0.763270 12.246408
v 9.738602 -0.763269 13.212191
v -13.660170 -0.763275 -6.426875
v -14.733290 -0.763275 -6.871376
v 10.305560 -0.763270 11.347323
v 11.042433 -0.763270 12.245205
v -14.168635 -0.763275 -5.005811
v -15.280155 -0.763275 -5.342988
v 11.423869 -0.763270 10.333746
v 12.245199 -0.763270 11.155077
v -14.535362 -0.763274 -3.541754
v -15.674580 -0.763274 -3.768358
v 12.437447 -0.763271 9.215438
v 13.335327 -0.763270 9.952310
v -14.756821 -0.763274 -2.048799
v -15.912764 -0.763274 -2.162650
v 13.336530 -0.763271 8.003164
v 14.302313 -0.763271 8.648479
v -14.830877 -0.763274 -0.541327
v -15.992414 -0.763274 -0.541327
v 14.112461 -0.763271 6.708603
v 15.136843 -0.763271 7.256147
v -14.756821 -0.763273 0.966145
v -15.912764 -0.763273 1.079996
v 14.757765 -0.763272 5.344221
v 15.830884 -0.763272 5.788722
v -14.535362 -0.763273 2.459099
v -15.674580 -0.763273 2.685704
v 15.266230 -0.763272 3.923158
v 16.377750 -0.763272 4.260334
v -14.168636 -0.763272 3.923158
v -15.280155 -0.763272 4.260334
v 15.632957 -0.763273 2.459099
v 16.772173 -0.763273 2.685704
v -13.660170 -0.763272 5.344221
v -14.733290 -0.763272 5.788722
v 15.854414 -0.763273 0.966145
v 17.010357 -0.763273 1.079996
v -13.014866 -0.763271 6.708603
v -14.039248 -0.763271 7.256147
v 15.928473 -0.763274 -0.541327
v 17.090008 -0.763274 -0.541327
v -12.238935 -0.763271 8.003164
v -13.204718 -0.763271 8.648479
v 15.854414 -0.763274 -2.048799
v 17.010357 -0.763274 -2.162650
v -11.339851 -0.763271 9.215437
v -12.237732 -0.763270 9.952310
v 15.632957 -0.763274 -3.541754
v 16.772173 -0.763274 -3.768358
v -10.326275 -0.763270 10.333746
v -11.147606 -0.763270 11.155077
v 15.266232 -0.763275 -5.005811
v 16.377750 -0.763275 -5.342988
v -9.207966 -0.763270 11.347323
v -9.944839 -0.763270 12.245205
v 14.757765 -0.763275 -6.426875
v 15.830884 -0.763275 -6.871376
v -7.995693 -0.763270 12.246408
v -8.641007 -0.763269 13.212191
v 14.112461 -0.763276 -7.791257
v 15.136843 -0.763276 -8.338801
v -6.701132 -0.763269 13.022339
v -7.248676 -0.763269 14.046721
v -0.958675 -0.763278 -15.846947
v -1.072525 -0.763278 -17.002890
v 13.336530 -0.763276 -9.085818
v 14.302313 -0.763276 -9.731133
v -5.336750 -0.763269 13.667643
v -5.781251 -0.763269 14.740762
v -2.451629 -0.763278 -15.625488
v -2.678233 -0.763278 -16.764706
v 15.129498 -1.159941 -0.541327
v 15.059284 -1.159940 0.887832
v 15.741426 -1.159940 0.955017
v 15.814936 -1.159941 -0.541327
v -11.574612 -1.159938 7.559278
v -12.310230 -1.159939 6.331969
v -12.914736 -1.159939 6.655083
v -12.144533 -1.159938 7.940087
v 15.059284 -1.159941 -1.970485
v 15.741426 -1.159941 -2.037670
v -10.722236 -1.159938 8.708572
v -11.252087 -1.159938 9.143410
v 14.849331 -1.159942 -3.385881
v 15.521603 -1.159942 -3.519603
v -9.761312 -1.159938 9.768785
v -10.245994 -1.159938 10.253465
v 14.501658 -1.159942 -4.773880
v 15.157581 -1.159942 -4.972853
v -8.701101 -1.159938 10.729707
v -9.135941 -1.159937 11.259559
v 14.019606 -1.159943 -6.121120
v 14.652870 -1.159943 -6.383426
v -7.551806 -1.159937 11.582083
v -7.932615 -1.159937 12.152005
v 13.407825 -1.159943 -7.414622
v 14.012331 -1.159943 -7.737736
v -6.324497 -1.159937 12.317703
v -6.647611 -1.159937 12.922209
v -0.880361 -1.159945 -15.051817
v 0.548797 -1.159945 -15.122028
v 0.548797 -1.159945 -15.807467
v -0.947546 -1.159945 -15.733957
v 12.672206 -1.159943 -8.641931
v 13.242127 -1.159943 -9.022740
v -5.030995 -1.159937 12.929483
v -5.293302 -1.159937 13.562748
v -2.295757 -1.159945 -14.841864
v -2.429479 -1.159945 -15.514135
v 11.819830 -1.159944 -9.791226
v 12.349682 -1.159944 -10.226064
v -3.683756 -1.159937 13.411533
v -3.882729 -1.159936 14.067459
v -3.683756 -1.159945 -14.494190
v -3.882729 -1.159945 -15.150112
v 10.858907 -1.159944 -10.851439
v 11.343588 -1.159944 -11.336119
v -2.295756 -1.159937 13.759209
v -2.429479 -1.159936 14.431480
v -5.030995 -1.159945 -14.012138
v -5.293302 -1.159945 -14.645403
v 9.798697 -1.159944 -11.812361
v 10.233534 -1.159944 -12.342213
v -0.880361 -1.159937 13.969162
v -0.947546 -1.159936 14.651303
v -6.324497 -1.159945 -13.400356
v -6.647611 -1.159945 -14.004862
v 8.649401 -1.159945 -12.664738
v 9.030210 -1.159945 -13.234659
v 0.548797 -1.159936 14.039375
v 0.548797 -1.159936 14.724813
v -7.551806 -1.159945 -12.664738
v -7.932615 -1.159945 -13.234659
v 7.422091 -1.159945 -13.400356
v 7.745205 -1.159945 -14.004862
v 1.977955 -1.159937 13.969162
v 2.045140 -1.159936 14.651303
v -8.701101 -1.159944 -11.812361
v -9.135939 -1.159944 -12.342213
v 6.128589 -1.159945 -14.012138
v 6.390896 -1.159945 -14.645403
v 3.393351 -1.159937 13.759209
v 3.527073 -1.159936 14.431480
v -9.761314 -1.159944 -10.851438
v -10.245994 -1.159944 -11.336119
v 4.781350 -1.159945 -14.494187
v 4.980323 -1.159945 -15.150112
v 4.781350 -1.159937 13.411536
v 4.980323 -1.159936 14.067459
v -10.722236 -1.159944 -9.791226
v -11.252087 -1.159944 -10.226066
v 3.393351 -1.159945 -14.841864
v 3.527073 -1.159945 -15.514135
v 6.128589 -1.159937 12.929483
v 6.390896 -1.159937 13.562748
v -11.574612 -1.159943 -8.641931
v -12.144533 -1.159943 -9.022740
v 1.977955 -1.159945 -15.051817
v 2.045140 -1.159945 -15.733957
v 7.422091 -1.159937 12.317703
v 7.745205 -1.159937 12.922209
v -12.310230 -1.159943 -7.414622
v -12.914736 -1.159943 -7.737736
v 8.649401 -1.159937 11.582083
v 9.030210 -1.159937 12.152005
v -12.922012 -1.159943 -6.121120
v -13.555277 -1.159943 -6.383426
v 9.798696 -1.159938 10.729707
v 10.233533 -1.159937 11.259559
v -13.404061 -1.159942 -4.773880
v -14.059986 -1.159942 -4.972853
v 10.858908 -1.159938 9.768784
v 11.343588 -1.159938 10.253465
v -13.751738 -1.159942 -3.385881
v -14.424009 -1.159942 -3.519603
v 11.819830 -1.159938 8.708573
v 12.349682 -1.159938 9.143411
v -13.961691 -1.159941 -1.970485
v -14.643831 -1.159941 -2.037670
v 12.672206 -1.159938 7.559278
v 13.242127 -1.159938 7.940087
v -14.031902 -1.159941 -0.541327
v -14.717340 -1.159941 -0.541327
v 13.407825 -1.159939 6.331969
v 14.012331 -1.159939 6.655083
v -13.961691 -1.159940 0.887832
v -14.643831 -1.159940 0.955017
v 14.019606 -1.159939 5.038465
v 14.652870 -1.159939 5.300773
v -13.751738 -1.159940 2.303227
v -14.424009 -1.159940 2.436949
v 14.501656 -1.159940 3.691227
v 15.157581 -1.159940 3.890199
v -13.404064 -1.159940 3.691227
v -14.059986 -1.159940 3.890199
v 14.849331 -1.159940 2.303227
v 15.521603 -1.159940 2.436949
v -12.922012 -1.159939 5.038465
v -13.555277 -1.159939 5.300773
v 12.333244 -2.151608 0.619340
v 12.162735 -2.151607 1.768830
v 13.113966 -2.151607 1.958042
v 13.298443 -2.151608 0.714404
v -9.894445 -2.151606 5.040704
v -10.391293 -2.151607 3.990208
v -11.287333 -2.151606 4.361360
v -10.749793 -2.151606 5.497896
v 12.390266 -2.151608 -0.541327
v 13.360132 -2.151608 -0.541327
v -9.297024 -2.151606 6.037442
v -10.103439 -2.151606 6.576271
v 12.333244 -2.151608 -1.701994
v 13.298443 -2.151608 -1.797057
v -8.604782 -2.151606 6.970822
v -9.354500 -2.151605 7.586100
v 12.162733 -2.151609 -2.851485
v 13.113966 -2.151609 -3.040696
v -7.824384 -2.151605 7.831858
v -8.510183 -2.151605 8.517658
v 11.880378 -2.151609 -3.978723
v 12.808482 -2.151609 -4.260261
v -6.963352 -2.151605 8.612255
v -7.578629 -2.151605 9.361971
v 11.488887 -2.151609 -5.072861
v 12.384928 -2.151609 -5.444013
v -6.029971 -2.151605 9.304497
v -6.568799 -2.151605 10.110911
v 10.992041 -2.151610 -6.123358
v 11.847387 -2.151610 -6.580550
v -5.033233 -2.151605 9.901918
v -5.490425 -2.151604 10.757265
v -0.611870 -2.151612 -12.325776
v 0.548797 -2.151612 -12.382797
v 0.548797 -2.151612 -13.352662
v -0.706933 -2.151612 -13.290973
v 10.394619 -2.151610 -7.120095
v 11.201034 -2.151610 -7.658924
v -3.982738 -2.151605 10.398765
v -4.353889 -2.151604 11.294806
v -1.761361 -2.151611 -12.155266
v -1.950572 -2.151612 -13.106498
v 9.702376 -2.151610 -8.053474
v 10.452094 -2.151610 -8.668753
v -2.888599 -2.151604 10.790255
v -3.170136 -2.151604 11.718359
v -2.888598 -2.151611 -11.872908
v -3.170136 -2.151612 -12.801013
v 8.921978 -2.151610 -8.914511
v 9.607778 -2.151611 -9.600309
v -1.761359 -2.151604 11.072613
v -1.950571 -2.151604 12.023845
v -3.982736 -2.151611 -11.481417
v -4.353889 -2.151612 -12.377459
v 8.060946 -2.151611 -9.694906
v 8.676224 -2.151611 -10.444624
v -0.611870 -2.151604 11.243122
v -0.706933 -2.151604 12.208322
v -5.033233 -2.151611 -10.984570
v -5.490425 -2.151611 -11.839917
v 7.127565 -2.151611 -10.387148
v 7.666393 -2.151611 -11.193563
v 0.548797 -2.151604 11.300144
v 0.548797 -2.151604 12.270011
v -6.029971 -2.151611 -10.387148
v -6.568799 -2.151611 -11.193563
v 6.130827 -2.151611 -10.984570
v 6.588019 -2.151611 -11.839917
v 1.709464 -2.151604 11.243122
v 1.804528 -2.151604 12.208322
v -6.963351 -2.151611 -9.694906
v -7.578628 -2.151611 -10.444624
v 5.080332 -2.151611 -11.481417
v 5.451484 -2.151612 -12.377459
v 2.858955 -2.151604 11.072612
v 3.048166 -2.151604 12.023845
v -7.824387 -2.151610 -8.914509
v -8.510185 -2.151611 -9.600307
v 3.986193 -2.151611 -11.872906
v 4.267731 -2.151612 -12.801011
v 3.986193 -2.151604 10.790256
v 4.267731 -2.151604 11.718360
v -8.604782 -2.151610 -8.053476
v -9.354500 -2.151610 -8.668754
v 2.858953 -2.151611 -12.155266
v 3.048165 -2.151612 -13.106498
v 5.080331 -2.151605 10.398765
v 5.451483 -2.151604 11.294806
v -9.297024 -2.151610 -7.120096
v -10.103439 -2.151610 -7.658924
v 1.709464 -2.151612 -12.325776
v 1.804528 -2.151612 -13.290973
v 6.130827 -2.151605 9.901918
v 6.588019 -2.151604 10.757265
v -9.894445 -2.151610 -6.123358
v -10.749793 -2.151610 -6.580550
v 7.127565 -2.151605 9.304497
v 7.666393 -2.151605 10.110911
v -10.391293 -2.151609 -5.072863
v -11.287333 -2.151609 -5.444014
v 8.060946 -2.151605 8.612254
v 8.676222 -2.151605 9.361972
v -10.782782 -2.151609 -3.978723
v -11.710886 -2.151609 -4.260261
v 8.921981 -2.151605 7.831856
v 9.607780 -2.151605 8.517655
v -11.065141 -2.151609 -2.851483
v -12.016373 -2.151609 -3.040695
v 9.702377 -2.151606 6.970824
v 10.452093 -2.151605 7.586101
v -11.235651 -2.151608 -1.701994
v -12.200848 -2.151608 -1.797057
v 10.394619 -2.151606 6.037443
v 11.201034 -2.151606 6.576271
v -11.292672 -2.151608 -0.541327
v -12.262537 -2.151608 -0.541327
v 10.992041 -2.151606 5.040704
v 11.847387 -2.151606 5.497896
v -11.235651 -2.151608 0.619340
v -12.200848 -2.151608 0.714404
v 11.488887 -2.151607 3.990209
v 12.384928 -2.151606 4.361360
v -11.065140 -2.151607 1.768832
v -12.016373 -2.151607 1.958043
v 11.880377 -2.151607 2.896070
v 12.808481 -2.151607 3.177608
v -10.782784 -2.151607 2.896070
v -11.710888 -2.151607 3.177608
v -1.705814 -2.944946 -11.876006
v -0.583961 -2.944946 -12.042418
v -0.600741 -2.944946 -12.212785
v -1.739211 -2.944946 -12.043910
v 0.548797 -2.944946 -12.098068
v 1.681556 -2.944946 -12.042418
v 1.698335 -2.944946 -12.212785
v 0.548797 -2.944946 -12.269260
v -3.873776 -2.944945 -11.218363
v -2.805946 -2.944946 -11.600441
v -2.855641 -2.944946 -11.764259
v -3.939288 -2.944945 -11.376523
v -4.899014 -2.944945 -10.733461
v -4.979712 -2.944945 -10.884439
v -5.871783 -2.944945 -10.150406
v -5.966892 -2.944945 -10.292746
v -6.782721 -2.944945 -9.474810
v -6.891323 -2.944945 -9.607141
v -7.623054 -2.944945 -8.713175
v -7.744103 -2.944945 -8.834225
v -8.384686 -2.944944 -7.872847
v -8.517017 -2.944944 -7.981450
v -9.060282 -2.944944 -6.961909
v -9.202621 -2.944944 -7.057017
v -9.643337 -2.944944 -5.989137
v -9.794315 -2.944944 -6.069836
v -10.128239 -2.944943 -4.963901
v -10.286399 -2.944943 -5.029413
v -10.510314 -2.944943 -3.896070
v -10.674133 -2.944943 -3.945765
v -10.785883 -2.944943 -2.795935
v -10.953787 -2.944943 -2.829333
v -10.952293 -2.944942 -1.674085
v -11.122660 -2.944942 -1.690865
v -11.007943 -2.944942 -0.541326
v -11.179135 -2.944942 -0.541326
v -10.952293 -2.944942 0.591432
v -11.122660 -2.944942 0.608212
v -10.785882 -2.944942 1.713285
v -10.953785 -2.944942 1.746682
v -10.510317 -2.944941 2.813417
v -10.674135 -2.944941 2.863112
v -10.128239 -2.944941 3.881247
v -10.286399 -2.944941 3.946760
v -9.643337 -2.944941 4.906486
v -9.794315 -2.944941 4.987184
v -9.060282 -2.944940 5.879255
v -9.202621 -2.944940 5.974364
v -8.384686 -2.944940 6.790193
v -8.517017 -2.944940 6.898795
v -7.623051 -2.944940 7.630526
v -7.744101 -2.944940 7.751575
v -6.782723 -2.944939 8.392158
v -6.891326 -2.944939 8.524490
v -5.871785 -2.944939 9.067754
v -5.966893 -2.944939 9.210094
v -4.899014 -2.944939 9.650809
v -4.979712 -2.944939 9.801788
v -3.873777 -2.944939 10.135711
v -3.939290 -2.944939 10.293871
v -2.805947 -2.944939 10.517786
v -2.855641 -2.944939 10.681605
v -1.705812 -2.944939 10.793356
v -1.739209 -2.944939 10.961259
v -0.583961 -2.944939 10.959765
v -0.600741 -2.944939 11.130133
v 0.548797 -2.944939 11.015415
v 0.548797 -2.944939 11.186607
v 1.681556 -2.944939 10.959765
v 1.698335 -2.944939 11.130133
v 2.803408 -2.944939 10.793354
v 2.836805 -2.944939 10.961258
v 3.903540 -2.944939 10.517789
v 3.953235 -2.944939 10.681606
v 4.971370 -2.944939 10.135711
v 5.036882 -2.944939 10.293871
v 5.996608 -2.944939 9.650809
v 6.077307 -2.944939 9.801788
v 6.969378 -2.944939 9.067754
v 7.064487 -2.944939 9.210094
v 7.880315 -2.944939 8.392158
v 7.988917 -2.944939 8.524490
v 8.720648 -2.944940 7.630523
v 8.841698 -2.944940 7.751573
v 9.482280 -2.944940 6.790195
v 9.614613 -2.944940 6.898798
v 10.157876 -2.944940 5.879256
v 10.300217 -2.944940 5.974365
v 10.740932 -2.944941 4.906485
v 10.891911 -2.944941 4.987184
v 11.225833 -2.944941 3.881249
v 11.383993 -2.944941 3.946761
v 11.607908 -2.944941 2.813418
v 11.771728 -2.944941 2.863112
v 11.883478 -2.944942 1.713282
v 12.051381 -2.944942 1.746680
v 12.049888 -2.944942 0.591432
v 12.220255 -2.944942 0.608212
v 12.105537 -2.944942 -0.541326
v 12.276730 -2.944942 -0.541326
v 12.049888 -2.944942 -1.674085
v 12.220255 -2.944942 -1.690865
v 11.883476 -2.944943 -2.795937
v 12.051380 -2.944943 -2.829335
v 11.607911 -2.944943 -3.896070
v 11.771729 -2.944943 -3.945764
v 11.225833 -2.944943 -4.963899
v 11.383993 -2.944943 -5.029412
v 10.740932 -2.944944 -5.989138
v 10.891911 -2.944944 -6.069837
v 10.157876 -2.944944 -6.961907
v 10.300217 -2.944944 -7.057016
v 9.482280 -2.944944 -7.872845
v 9.614613 -2.944944 -7.981447
v 8.720645 -2.944945 -8.713178
v 8.841696 -2.944945 -8.834228
v 7.880317 -2.944945 -9.474810
v 7.988920 -2.944945 -9.607141
v 6.969379 -2.944945 -10.150406
v 7.064487 -2.944945 -10.292746
v 5.996608 -2.944945 -10.733461
v 6.077306 -2.944945 -10.884439
v 4.971372 -2.944945 -11.218363
v 5.036884 -2.944945 -11.376523
v 3.903541 -2.944946 -11.600438
v 3.953236 -2.944946 -11.764257
v 2.803406 -2.944946 -11.876007
v 2.836804 -2.944946 -12.043912
v 6.547824 -2.944944 -5.464597
v 7.001500 -2.944943 -4.852884
v 7.346714 -2.944943 -5.083548
v 6.868765 -2.944944 -5.727986
v -1.703986 -2.944940 6.885105
v -2.421057 -2.944940 6.628534
v -2.579941 -2.944940 7.012114
v -1.824508 -2.944940 7.282412
v -1.703986 -2.944944 -7.967760
v -0.965228 -2.944944 -8.152807
v -1.046226 -2.944945 -8.560013
v -1.824507 -2.944945 -8.365067
v 6.036367 -2.944944 -6.028903
v 6.329946 -2.944944 -6.322481
v -0.965223 -2.944940 7.070156
v -1.046221 -2.944940 7.477362
v -2.421054 -2.944944 -7.711187
v -2.579938 -2.944944 -8.094767
v 5.472069 -2.944944 -6.540354
v 5.735459 -2.944944 -6.861295
v -0.211874 -2.944940 7.181904
v -0.252570 -2.944940 7.595088
v -3.109526 -2.944944 -7.385564
v -3.305243 -2.944944 -7.751723
v 4.860358 -2.944944 -6.994029
v 5.091022 -2.944944 -7.339242
v 0.548797 -2.944940 7.219274
v 0.548797 -2.944940 7.634458
v -3.762760 -2.944944 -6.994030
v -3.993424 -2.944944 -7.339243
v 4.207120 -2.944944 -7.385564
v 4.402836 -2.944944 -7.751723
v 1.309468 -2.944940 7.181904
v 1.350163 -2.944940 7.595088
v -4.374474 -2.944944 -6.540354
v -4.637863 -2.944944 -6.861295
v 3.518651 -2.944944 -7.711186
v 3.677535 -2.944944 -8.094766
v 2.062822 -2.944940 7.070155
v 2.143820 -2.944940 7.477361
v -4.938778 -2.944944 -6.028897
v -5.232357 -2.944944 -6.322476
v 2.801580 -2.944944 -7.967757
v 2.922102 -2.944945 -8.365064
v 2.801579 -2.944940 6.885108
v 2.922101 -2.944940 7.282414
v -5.450230 -2.944944 -5.464598
v -5.771171 -2.944944 -5.727989
v 2.062817 -2.944944 -8.152808
v 2.143815 -2.944945 -8.560014
v 3.518648 -2.944940 6.628535
v 3.677532 -2.944940 7.012115
v -5.903905 -2.944943 -4.852888
v -6.249118 -2.944943 -5.083551
v 1.309469 -2.944945 -8.264556
v 1.350164 -2.944945 -8.677740
v 4.207121 -2.944940 6.302912
v 4.402837 -2.944940 6.669071
v -6.295440 -2.944943 -4.199649
v -6.661599 -2.944943 -4.395365
v 0.548797 -2.944945 -8.301926
v 0.548797 -2.944945 -8.717110
v 4.860354 -2.944940 5.911377
v 5.091018 -2.944940 6.256591
v -6.621062 -2.944943 -3.511181
v -7.004642 -2.944943 -3.670065
v 5.472068 -2.944940 5.457701
v 5.735457 -2.944940 5.778643
v -6.877633 -2.944943 -2.794110
v -7.274940 -2.944943 -2.914631
v 6.036372 -2.944941 4.946245
v 6.329951 -2.944940 5.239823
v -7.062684 -2.944943 -2.055347
v -7.469890 -2.944943 -2.136345
v 6.547824 -2.944941 4.381946
v 6.868765 -2.944941 4.645336
v -7.174432 -2.944942 -1.301998
v -7.587616 -2.944942 -1.342693
v 7.001499 -2.944941 3.770235
v 7.346712 -2.944941 4.000899
v -7.211802 -2.944942 -0.541326
v -7.626986 -2.944942 -0.541326
v 7.393034 -2.944941 3.116997
v 7.759193 -2.944941 3.312713
v -7.174432 -2.944942 0.219344
v -7.587616 -2.944942 0.260039
v 7.718657 -2.944941 2.428529
v 8.102236 -2.944941 2.587412
v -7.062683 -2.944942 0.972699
v -7.469889 -2.944942 1.053696
v 7.975227 -2.944942 1.711457
v 8.372534 -2.944942 1.831979
v -6.877636 -2.944942 1.711456
v -7.274942 -2.944942 1.831978
v 8.160278 -2.944942 0.972694
v 8.567484 -2.944942 1.053692
v -6.621063 -2.944941 2.428525
v -7.004642 -2.944941 2.587409
v 8.272026 -2.944942 0.219345
v 8.685210 -2.944942 0.260040
v -6.295440 -2.944941 3.116998
v -6.661599 -2.944941 3.312714
v 8.309397 -2.944942 -0.541326
v 8.724580 -2.944942 -0.541326
v -5.903906 -2.944941 3.770232
v -6.249119 -2.944941 4.000895
v 8.272026 -2.944942 -1.301997
v 8.685210 -2.944942 -1.342692
v -5.450230 -2.944941 4.381945
v -5.771171 -2.944941 4.645334
v 8.160276 -2.944943 -2.055351
v 8.567484 -2.944943 -2.136349
v -4.938773 -2.944941 4.946249
v -5.232352 -2.944940 5.239829
v 7.975230 -2.944943 -2.794109
v 8.372536 -2.944943 -2.914630
v -4.374475 -2.944940 5.457701
v -4.637865 -2.944940 5.778643
v 7.718657 -2.944943 -3.511178
v 8.102237 -2.944943 -3.670062
v -3.762764 -2.944940 5.911376
v -3.993427 -2.944940 6.256590
v 7.393034 -2.944943 -4.199650
v 7.759193 -2.944943 -4.395366
v -3.109526 -2.944940 6.302912
v -3.305242 -2.944940 6.669071
v -0.211874 -2.944945 -8.264556
v -0.252569 -2.944945 -8.677740
v 19.805080 -0.819969 15.261900
v 21.261343 -0.819969 13.298355
v 21.261343 -3.408607 13.298356
v 19.805080 -3.408606 15.261901
v -24.242020 -0.819974 -2.983009
v -24.361971 -0.819974 -0.541327
v -24.361971 -3.408611 -0.541326
v -24.242020 -3.408612 -2.983008
v 22.518129 -0.819970 11.201528
v 22.518129 -3.408607 11.201529
v -24.242020 -0.819973 1.900355
v -24.242020 -3.408610 1.900356
v 23.563343 -0.819971 8.991612
v 23.563343 -3.408608 8.991613
v -23.883314 -0.819972 4.318522
v -23.883314 -3.408610 4.318523
v 24.386913 -0.819971 6.689887
v 24.386913 -3.408609 6.689888
v -23.289320 -0.819971 6.689887
v -23.289320 -3.408609 6.689888
v 24.980907 -0.819972 4.318522
v 24.980907 -3.408610 4.318523
v -22.465750 -0.819971 8.991612
v -22.465750 -3.408608 8.991613
v 25.339611 -0.819973 1.900355
v 25.339611 -3.408610 1.900356
v -21.420534 -0.819970 11.201528
v -21.420534 -3.408607 11.201529
v 25.459562 -0.819974 -0.541327
v 25.459562 -3.408611 -0.541326
v -20.163750 -0.819969 13.298355
v -20.163750 -3.408607 13.298356
v 25.339611 -0.819974 -2.983009
v 25.339611 -3.408612 -2.983008
v -18.707485 -0.819969 15.261900
v -18.707485 -3.408606 15.261901
v 24.980907 -0.819975 -5.401175
v 24.980907 -3.408612 -5.401175
v -17.065777 -0.819968 17.073250
v -17.065777 -3.408606 17.073252
v 24.386913 -0.819976 -7.772541
v 24.386913 -3.408613 -7.772540
v -15.254428 -0.819968 18.714956
v -15.254428 -3.408605 18.714958
v 23.563343 -0.819976 -10.074266
v 23.563343 -3.408614 -10.074265
v 22.568193 -0.763277 -12.310944
v 23.615791 -0.763276 -10.095992
v 27.933132 -0.763277 -11.884293
v 26.689461 -0.763278 -14.513807
v 22.518129 -0.819977 -12.284184
v 22.518129 -3.408615 -12.284183
v -13.290884 -0.819967 20.171221
v -11.194057 -0.819967 21.428007
v -11.194057 -3.408604 21.428009
v -13.290884 -3.408605 20.171223
v 0.548797 -0.819981 -25.452099
v -1.892885 -0.819981 -25.332148
v -1.892885 -3.408618 -25.332146
v 0.548797 -3.408618 -25.452097
v 21.261343 -0.819978 -14.381010
v 21.261343 -3.408615 -14.381009
v -8.984141 -0.819967 22.473221
v -8.984141 -3.408604 22.473223
v -4.311051 -0.819981 -24.973444
v -4.311051 -3.408618 -24.973442
v 19.805080 -0.819978 -16.344553
v 19.805080 -3.408616 -16.344551
v -6.682416 -0.819966 23.296793
v -6.682416 -3.408604 23.296795
v -6.682416 -0.819981 -24.379450
v -6.682416 -3.408618 -24.379448
v 18.163372 -0.819979 -18.155903
v 18.163372 -3.408616 -18.155901
v -4.311051 -0.819966 23.890787
v -4.311051 -3.408604 23.890789
v -8.984141 -0.819981 -23.555876
v -8.984141 -3.408618 -23.555874
v 16.352022 -0.819979 -19.797611
v 16.352022 -3.408617 -19.797609
v -1.892885 -0.819966 24.249491
v -1.892885 -3.408603 24.249493
v -11.194057 -0.819980 -22.510660
v -11.194057 -3.408618 -22.510658
v 14.388477 -0.819980 -21.253874
v 14.388477 -3.408617 -21.253872
v 0.548797 -0.819966 24.369442
v 0.548797 -3.408603 24.369444
v -13.290884 -0.819980 -21.253874
v -13.290884 -3.408617 -21.253872
v 12.291651 -0.819980 -22.510660
v 12.291651 -3.408618 -22.510658
v 2.990479 -0.819966 24.249491
v 2.990479 -3.408603 24.249493
v -15.254428 -0.819979 -19.797611
v -15.254428 -3.408617 -19.797609
v 10.081736 -0.819981 -23.555876
v 10.081736 -3.408618 -23.555874
v 5.408647 -0.819966 23.890787
v 5.408647 -3.408604 23.890789
v -17.065777 -0.819979 -18.155903
v -17.065777 -3.408616 -18.155901
v 7.780010 -0.819981 -24.379450
v 7.780010 -3.408618 -24.379448
v 7.780010 -0.819966 23.296793
v 7.780010 -3.408604 23.296795
v -18.707485 -0.819978 -16.344553
v -18.707485 -3.408616 -16.344551
v 5.408647 -0.819981 -24.973444
v 5.408647 -3.408618 -24.973442
v 10.081736 -0.819967 22.473221
v 10.081736 -3.408604 22.473223
v -20.163750 -0.819978 -14.381010
v -20.163750 -3.408615 -14.381009
v 2.990479 -0.819981 -25.332148
v 2.990479 -3.408618 -25.332146
v 12.291651 -0.819967 21.428007
v 12.291651 -3.408604 21.428009
v -21.420534 -0.819977 -12.284184
v -21.420534 -3.408615 -12.284183
v 14.388477 -0.819967 20.171221
v 14.388477 -3.408605 20.171223
v -22.465750 -0.819976 -10.074266
v -22.465750 -3.408614 -10.074265
v 16.352022 -0.819968 18.714956
v 16.352022 -3.408605 18.714958
v -23.289320 -0.819976 -7.772541
v -23.289320 -3.408613 -7.772540
v 18.163372 -0.819968 17.073250
v 18.163372 -3.408606 17.073252
v -23.883314 -0.819975 -5.401175
v -23.883314 -3.408612 -5.401175
v -15.290442 -0.763268 18.758841
v -17.105917 -0.763268 17.113390
v -20.410267 -0.763267 20.417740
v -18.254995 -0.763267 22.371162
v 15.830884 -0.763275 -6.871376
v 16.377750 -0.763275 -5.342988
v 21.304832 -0.763275 -6.837603
v 20.587746 -0.763276 -8.841732
v 24.441238 -0.763276 -7.789020
v 28.913071 -0.763276 -9.145537
v -9.944839 -0.763270 12.245205
v -11.147606 -0.763270 11.155077
v -14.788351 -0.763269 14.795824
v -13.211195 -0.763268 16.225271
v 16.772173 -0.763274 -3.768358
v 21.822031 -0.763275 -4.772837
v -13.322424 -0.763267 20.218420
v -15.918633 -0.763266 24.103924
v -12.237732 -0.763270 9.952310
v -16.217800 -0.763269 13.218668
v -11.220819 -0.763267 21.478071
v -13.423681 -0.763266 25.599342
v 17.010357 -0.763274 -2.162650
v 22.134354 -0.763274 -2.667319
v 21.308542 -0.763278 -14.412550
v 25.194046 -0.763278 -17.008759
v -13.204718 -0.763271 8.648479
v -17.485779 -0.763270 11.508995
v 0.548797 -0.763281 -25.508867
v 2.996043 -0.763281 -25.388641
v 3.454083 -0.763282 -30.039196
v 0.548797 -0.763282 -30.181923
v 17.090008 -0.763274 -0.541327
v 22.238798 -0.763274 -0.541327
v -9.005867 -0.763267 22.525667
v -10.794168 -0.763265 26.843010
v -14.039248 -0.763271 7.256147
v -18.580076 -0.763270 9.683270
v -4.322126 -0.763281 -25.029125
v -1.898449 -0.763281 -25.388641
v -2.356489 -0.763282 -30.039196
v -5.233795 -0.763282 -29.612387
v 18.677774 -3.465307 11.572073
v 17.403160 -3.465307 13.290694
v 19.761196 -3.465306 15.225888
v 21.214144 -3.465307 13.266820
v 17.010357 -0.763273 1.079996
v 22.134354 -0.763273 1.584665
v -15.912764 -0.763274 -2.162650
v -15.674580 -0.763274 -3.768358
v -20.724436 -0.763275 -4.772837
v -21.036760 -0.763274 -2.667319
v -14.733290 -0.763272 5.788722
v -19.490150 -0.763271 7.759078
v -6.698895 -0.763266 23.351118
v -8.055412 -0.763265 27.822952
v 13.335327 -0.763270 9.952310
v 12.245199 -0.763270 11.155077
v 15.885946 -0.763269 14.795824
v 17.315395 -0.763269 13.218668
v 16.772173 -0.763273 2.685704
v 21.822031 -0.763272 3.690182
v -6.698895 -0.763281 -24.433775
v -8.055412 -0.763282 -28.905609
v -15.280155 -0.763275 -5.342988
v -20.207239 -0.763275 -6.837603
v -15.280155 -0.763272 4.260334
v -20.207239 -0.763272 5.754948
v 18.203512 -0.763279 -18.196043
v 19.848963 -0.763278 -16.380568
v 23.461285 -0.763279 -19.345121
v 21.507862 -0.763280 -21.500393
v 11.042433 -0.763270 12.245205
v 14.308790 -0.763268 16.225271
v 16.377750 -0.763272 4.260334
v 21.304832 -0.763272 5.754948
v -4.322126 -0.763266 23.946468
v -5.233795 -0.763265 28.529730
v -14.733290 -0.763275 -6.871376
v -19.490150 -0.763276 -8.841732
v -15.674580 -0.763273 2.685704
v -20.724436 -0.763272 3.690182
v -9.005867 -0.763281 -23.608322
v -10.794168 -0.763282 -27.925667
v 9.738602 -0.763269 13.212191
v 12.599118 -0.763268 17.493252
v 15.830884 -0.763272 5.788722
v 20.587746 -0.763271 7.759078
v 16.388035 -0.763279 -19.841496
v 19.352591 -0.763280 -23.453817
v -14.039248 -0.763276 -8.338801
v -18.580076 -0.763277 -10.765924
v -15.912764 -0.763273 1.079996
v -21.036760 -0.763273 1.584665
v -1.898449 -0.763266 24.305984
v -2.356489 -0.763265 28.956539
v 8.346271 -0.763269 14.046721
v 10.773393 -0.763268 18.587549
v -21.197973 -0.819974 -0.541327
v -21.093256 -0.819974 -2.672883
v -21.093256 -3.408612 -2.672882
v -21.197973 -3.408611 -0.541326
v -11.220819 -0.763280 -22.560726
v -13.423681 -0.763281 -26.681999
v 0.548797 -0.763279 -17.082541
v 2.170120 -0.763278 -17.002890
v 2.674788 -0.763280 -22.126886
v 0.548797 -0.763280 -22.231331
v 18.630573 -0.819970 11.540534
v 17.359276 -0.819969 13.254681
v 17.359276 -3.408607 13.254682
v 18.630573 -3.408607 11.540535
v 14.420017 -0.763280 -21.301075
v 17.016228 -0.763281 -25.186581
v -13.204718 -0.763276 -9.731133
v -17.485779 -0.763277 -12.591650
v 15.136843 -0.763271 7.256147
v 19.677671 -0.763270 9.683270
v 0.548797 -0.763266 24.426210
v 0.548797 -0.763265 29.099266
v 6.878845 -0.763269 14.740762
v 8.849201 -0.763267 19.497623
v -15.992414 -0.763274 -0.541327
v -21.141205 -0.763274 -0.541327
v -13.322424 -0.763280 -21.301075
v -15.918633 -0.763281 -25.186581
v 3.775827 -0.763278 -16.764706
v 4.780307 -0.763280 -21.814562
v 12.318412 -0.763280 -22.560726
v 14.521275 -0.763281 -26.681999
v -12.237732 -0.763277 -11.034964
v -16.217800 -0.763278 -14.301321
v 2.996043 -0.763266 24.305984
v 3.454083 -0.763265 28.956539
v 5.350457 -0.763269 15.287628
v 6.845072 -0.763267 20.214712
v -15.290442 -0.763279 -19.841496
v -18.254995 -0.763280 -23.453817
v 5.350457 -0.763278 -16.370281
v 6.845072 -0.763280 -21.297365
v 10.103460 -0.763281 -23.608322
v 11.891760 -0.763282 -27.925667
v -11.147606 -0.763277 -12.237733
v -14.788351 -0.763278 -15.878477
v 5.419722 -0.763266 23.946468
v 6.331389 -0.763265 28.529730
v 3.775827 -0.763269 15.682051
v 4.780307 -0.763267 20.731909
v 19.727736 -0.819970 9.710031
v 19.727736 -3.408608 9.710032
v -21.093256 -0.819973 1.590230
v -21.093256 -3.408610 1.590230
v 14.302313 -0.763271 8.648479
v 18.583374 -0.763270 11.508995
v 20.640194 -0.819971 7.780803
v 20.640194 -3.408608 7.780804
v -20.780115 -0.819972 3.701257
v -20.780115 -3.408610 3.701258
v 21.359158 -0.819972 5.771428
v 21.359158 -3.408609 5.771429
v -20.261562 -0.819972 5.771428
v -20.261562 -3.408609 5.771429
v 21.877708 -0.819972 3.701257
v 21.877708 -3.408610 3.701258
v -19.542599 -0.819971 7.780803
v -19.542599 -3.408608 7.780804
v 22.190851 -0.819973 1.590230
v 22.190851 -3.408610 1.590230
v -18.630142 -0.819970 9.710031
v -18.630142 -3.408608 9.710032
v 22.295567 -0.819974 -0.541327
v 22.295567 -3.408611 -0.541326
v -17.532980 -0.819970 11.540534
v -17.532980 -3.408607 11.540535
v 22.190851 -0.819974 -2.672883
v 22.190851 -3.408612 -2.672882
v -16.261683 -0.819969 13.254681
v -16.261683 -3.408607 13.254682
v 21.877708 -0.819975 -4.783912
v 21.877708 -3.408612 -4.783911
v -14.828493 -0.819969 14.835965
v -14.828493 -3.408606 14.835966
v 21.359158 -0.819975 -6.854082
v 21.359158 -3.408613 -6.854081
v -13.247209 -0.819968 16.269156
v -13.247209 -3.408606 16.269157
v 20.640194 -0.819976 -8.863457
v 20.640194 -3.408613 -8.863456
v -11.533062 -0.819968 17.540451
v -11.533062 -3.408606 17.540453
v 19.727736 -0.819977 -10.792686
v 19.727736 -3.408614 -10.792685
v -9.702560 -0.819968 18.637613
v -9.702560 -3.408605 18.637615
v -1.582759 -0.819980 -22.183382
v 0.548797 -0.819980 -22.288099
v 0.548797 -3.408617 -22.288097
v -1.582759 -3.408617 -22.183380
v 18.630573 -0.819977 -12.623188
v 18.630573 -3.408615 -12.623187
v -7.773332 -0.819968 19.550072
v -7.773332 -3.408605 19.550074
v -3.693787 -0.819980 -21.870241
v -3.693787 -3.408617 -21.870239
v 17.359276 -0.819978 -14.337335
v 17.359276 -3.408615 -14.337334
v -5.763957 -0.819967 20.269035
v -5.763957 -3.408605 20.269037
v -5.763957 -0.819980 -21.351688
v -5.763957 -3.408617 -21.351686
v 15.926087 -0.819978 -15.918619
v 15.926087 -3.408616 -15.918618
v -3.693787 -0.819967 20.787586
v -3.693787 -3.408605 20.787588
v -7.773332 -0.819980 -20.632725
v -7.773332 -3.408617 -20.632723
v 14.344803 -0.819979 -17.351809
v 14.344803 -3.408616 -17.351807
v -1.582759 -0.819967 21.100729
v -1.582759 -3.408604 21.100731
v -9.702560 -0.819979 -19.720268
v -9.702560 -3.408617 -19.720266
v 12.630657 -0.819979 -18.623106
v 12.630657 -3.408617 -18.623104
v 0.548797 -0.819967 21.205444
v 0.548797 -3.408604 21.205446
v -11.533062 -0.819979 -18.623106
v -11.533062 -3.408617 -18.623104
v 10.800154 -0.819979 -19.720268
v 10.800154 -3.408617 -19.720266
v 2.680353 -0.819967 21.100729
v 2.680353 -3.408604 21.100731
v -13.247209 -0.819979 -17.351809
v -13.247209 -3.408616 -17.351807
v 8.870926 -0.819980 -20.632725
v 8.870926 -3.408617 -20.632723
v 4.791381 -0.819967 20.787586
v 4.791381 -3.408605 20.787588
v -14.828493 -0.819978 -15.918619
v -14.828493 -3.408616 -15.918618
v 6.861551 -0.819980 -21.351688
v 6.861551 -3.408617 -21.351686
v 6.861551 -0.819967 20.269035
v 6.861551 -3.408605 20.269037
v -16.261683 -0.819978 -14.337335
v -16.261683 -3.408615 -14.337334
v 4.791381 -0.819980 -21.870241
v 4.791381 -3.408617 -21.870239
v 8.870926 -0.819968 19.550072
v 8.870926 -3.408605 19.550074
v -17.532980 -0.819977 -12.623188
v -17.532980 -3.408615 -12.623187
v 2.680353 -0.819980 -22.183382
v 2.680353 -3.408617 -22.183380
v 10.800154 -0.819968 18.637613
v 10.800154 -3.408605 18.637615
v -18.630142 -0.819977 -10.792686
v -18.630142 -3.408614 -10.792685
v 12.630657 -0.819968 17.540451
v 12.630657 -3.408606 17.540453
v -19.542599 -0.819976 -8.863457
v -19.542599 -3.408613 -8.863456
v 14.344803 -0.819968 16.269156
v 14.344803 -3.408606 16.269157
v -20.261562 -0.819975 -6.854082
v -20.261562 -3.408613 -6.854081
v 15.926087 -0.819969 14.835965
v 15.926087 -3.408606 14.835966
v -20.780115 -0.819975 -4.783912
v -20.780115 -3.408612 -4.783911
v -1.588323 -3.465317 -22.239878
v 0.548797 -3.465317 -22.344866
v 0.548797 -3.465318 -25.395329
v -1.887321 -3.465318 -25.275648
v -21.254742 -3.465311 -0.541326
v -21.149754 -3.465312 -2.678447
v -24.185524 -3.465312 -2.977444
v -24.305202 -3.465311 -0.541326
v 15.966228 -3.465306 14.876106
v 14.380816 -3.465306 16.313038
v 16.316010 -3.465305 18.671076
v 18.123230 -3.465306 17.033110
v -20.315887 -3.465313 -6.870560
v -19.595045 -3.465313 -8.885180
v -22.413303 -3.465314 -10.052541
v -23.234995 -3.465313 -7.756062
v 12.662195 -3.465306 17.587654
v 14.356941 -3.465305 20.124023
v -18.680206 -3.465314 -10.819445
v -21.370470 -3.465315 -12.257421
v 10.826915 -3.465305 18.687681
v 12.264889 -3.465304 21.377943
v -17.580181 -3.465315 -12.654726
v -20.116549 -3.465315 -14.349471
v -20.835793 -3.465312 -4.794985
v -23.827639 -3.465312 -5.390101
v 8.892651 -3.465305 19.602518
v 10.060011 -3.465304 22.420776
v 2.685917 -3.465317 -22.239878
v 4.802456 -3.465317 -21.925917
v 5.397572 -3.465318 -24.917767
v 2.984915 -3.465318 -25.275648
v -16.305565 -3.465315 -14.373347
v -18.663601 -3.465316 -16.308538
v 6.878030 -3.465305 20.323362
v 7.763530 -3.465304 23.242470
v 6.878030 -3.465317 -21.406012
v 7.763530 -3.465318 -24.325123
v -14.868633 -3.465316 -15.958758
v -17.025635 -3.465316 -18.115761
v 4.802456 -3.465305 20.843267
v 5.397572 -3.465304 23.835114
v 8.892651 -3.465317 -20.685169
v 10.060011 -3.465318 -23.503426
v -13.283222 -3.465316 -17.395689
v -15.218414 -3.465317 -19.753725
v 2.685917 -3.465304 21.157227
v 2.984915 -3.465303 24.192995
v 10.826915 -3.465317 -19.770330
v 12.264889 -3.465318 -22.460594
v -11.564601 -3.465317 -18.670305
v -13.259346 -3.465317 -21.206673
v 0.548797 -3.465304 21.262215
v 0.548797 -3.465303 24.312675
v 12.662195 -3.465317 -18.670305
v 14.356941 -3.465317 -21.206673
v -9.729322 -3.465317 -19.770330
v -11.167296 -3.465318 -22.460594
v -1.588323 -3.465304 21.157227
v -1.887321 -3.465303 24.192995
v 14.380816 -3.465316 -17.395689
v 16.316010 -3.465317 -19.753725
v -7.795056 -3.465317 -20.685169
v -8.962417 -3.465318 -23.503426
v -3.704861 -3.465305 20.843267
v -4.299977 -3.465304 23.835114
v 15.966228 -3.465316 -15.958758
v 18.123230 -3.465316 -18.115761
v -5.780436 -3.465317 -21.406012
v -6.665937 -3.465318 -24.325123
v -5.780436 -3.465305 20.323362
v -6.665937 -3.465304 23.242470
v 17.403160 -3.465315 -14.373347
v 19.761196 -3.465316 -16.308538
v -3.704861 -3.465317 -21.925917
v -4.299977 -3.465318 -24.917767
v -7.795056 -3.465305 19.602518
v -8.962417 -3.465304 22.420776
v 18.677774 -3.465315 -12.654726
v 21.214144 -3.465315 -14.349471
v -9.729322 -3.465305 18.687681
v -11.167296 -3.465304 21.377943
v 19.777802 -3.465314 -10.819445
v 22.468063 -3.465315 -12.257421
v -11.564601 -3.465306 17.587654
v -13.259346 -3.465305 20.124023
v 20.692638 -3.465313 -8.885180
v 23.510897 -3.465314 -10.052541
v -13.283222 -3.465306 16.313038
v -15.218414 -3.465305 18.671076
v 21.413483 -3.465313 -6.870560
v 24.332588 -3.465313 -7.756062
v -14.868633 -3.465306 14.876106
v -17.025635 -3.465306 17.033110
v 21.933388 -3.465312 -4.794985
v 24.925232 -3.465312 -5.390101
v -16.305565 -3.465307 13.290694
v -18.663601 -3.465306 15.225888
v 22.247347 -3.465312 -2.678447
v 25.283115 -3.465312 -2.977444
v -17.580181 -3.465307 11.572073
v -20.116549 -3.465307 13.266820
v 22.352335 -3.465311 -0.541326
v 25.402794 -3.465311 -0.541326
v -18.680206 -3.465308 9.736793
v -21.370470 -3.465307 11.174767
v 22.247347 -3.465310 1.595795
v 25.283115 -3.465310 1.894792
v -19.595045 -3.465308 7.802528
v -22.413303 -3.465308 8.969889
v 21.933388 -3.465310 3.712332
v 24.925232 -3.465310 4.307448
v -20.315887 -3.465309 5.787907
v -23.234995 -3.465309 6.673408
v 21.413483 -3.465309 5.787907
v 24.332588 -3.465309 6.673408
v -20.835793 -3.465310 3.712332
v -23.827639 -3.465310 4.307448
v 20.692638 -3.465308 7.802528
v 23.510897 -3.465308 8.969889
v -21.149754 -3.465310 1.595795
v -24.185524 -3.465310 1.894792
v 19.777802 -3.465308 9.736793
v 22.468063 -3.465307 11.174767
v -8.641007 -0.763269 13.212191
v -11.501524 -0.763268 17.493252
v 25.036589 -0.763275 -5.412251
v 29.619850 -0.763275 -6.323921
v 15.136843 -0.763276 -8.338801
v 19.677671 -0.763277 -10.765924
v -18.751369 -0.763269 15.297913
v -22.363691 -0.763268 18.262468
v -7.248676 -0.763269 14.046721
v -9.675799 -0.763268 18.587549
v 25.396105 -0.763274 -2.988573
v 30.046661 -0.763274 -3.446613
v 14.302313 -0.763276 -9.731133
v 18.583374 -0.763277 -12.591650
v -20.210949 -0.763269 13.329895
v -24.096455 -0.763269 15.926105
v 13.335327 -0.763277 -11.034964
v 17.315395 -0.763278 -14.301321
v 25.516331 -0.763274 -0.541327
v 30.189384 -0.763274 -0.541327
v -5.781251 -0.763269 14.740762
v -7.751607 -0.763267 19.497623
v -21.470600 -0.763270 11.228289
v -25.591869 -0.763269 13.431152
v -2.678233 -0.763278 -16.764706
v -1.072525 -0.763278 -17.002890
v -1.577195 -0.763280 -22.126886
v -3.682712 -0.763280 -21.814562
v 23.615791 -0.763271 9.013337
v 22.568193 -0.763270 11.228289
v 26.689461 -0.763269 13.431152
v 27.933132 -0.763270 10.801639
v 25.396105 -0.763273 1.905920
v 30.046661 -0.763273 2.363960
v -24.298513 -0.763273 1.905920
v -24.418739 -0.763274 -0.541327
v -29.091793 -0.763274 -0.541327
v -28.949070 -0.763273 2.363960
v -22.518196 -0.763271 9.013337
v -26.835541 -0.763270 10.801639
v -4.252863 -0.763269 15.287628
v -5.747478 -0.763267 20.214712
v 25.036589 -0.763272 4.329597
v 29.619850 -0.763272 5.241266
v -4.252863 -0.763278 -16.370281
v -5.747478 -0.763280 -21.297365
v -23.938995 -0.763275 -5.412251
v -23.343645 -0.763276 -7.789020
v -27.815479 -0.763276 -9.145537
v -28.522259 -0.763275 -6.323921
v -23.343645 -0.763271 6.706366
v -27.815479 -0.763271 8.062882
v 12.245199 -0.763277 -12.237733
v 15.885946 -0.763278 -15.878477
v 18.203512 -0.763268 17.113390
v 16.388035 -0.763268 18.758841
v 19.352591 -0.763267 22.371162
v 21.507862 -0.763267 20.417740
v 24.441238 -0.763271 6.706366
v 28.913071 -0.763271 8.062882
v -2.678233 -0.763269 15.682051
v -3.682712 -0.763267 20.731909
v -22.518196 -0.763276 -10.095992
v -26.835541 -0.763277 -11.884293
v -23.938995 -0.763272 4.329597
v -28.522259 -0.763272 5.241266
v -5.781251 -0.763278 -15.823416
v -7.751607 -0.763280 -20.580276
v 14.420017 -0.763267 20.218420
v 17.016228 -0.763266 24.103924
v 11.042433 -0.763277 -13.327858
v 14.308790 -0.763279 -17.307926
v -21.470600 -0.763277 -12.310944
v -25.591869 -0.763278 -14.513807
v -1.072525 -0.763269 15.920236
v -1.577195 -0.763267 21.044231
v -24.298513 -0.763274 -2.988573
v -28.949070 -0.763274 -3.446613
v -7.248676 -0.763278 -15.129375
v -9.675799 -0.763279 -19.670202
v 12.318412 -0.763267 21.478071
v 14.521275 -0.763266 25.599342
v 21.308542 -0.763269 13.329895
v 19.848963 -0.763269 15.297913
v 23.461285 -0.763268 18.262468
v 25.194046 -0.763269 15.926105
v 9.738602 -0.763278 -14.294844
v 12.599118 -0.763279 -18.575907
v -20.210949 -0.763278 -14.412550
v -24.096455 -0.763278 -17.008759
v 0.548797 -0.763269 15.999887
v 0.548797 -0.763267 21.148676
v 10.103460 -0.763267 22.525667
v 11.891760 -0.763265 26.843010
v -8.641007 -0.763278 -14.294844
v -11.501524 -0.763279 -18.575907
v 5.419722 -0.763281 -25.029125
v 6.331389 -0.763282 -29.612387
v 8.346271 -0.763278 -15.129375
v 10.773393 -0.763279 -19.670202
v -18.751369 -0.763278 -16.380568
v -22.363691 -0.763279 -19.345121
v 2.170120 -0.763269 15.920236
v 2.674788 -0.763267 21.044231
v 7.796489 -0.763266 23.351118
v 9.153006 -0.763265 27.822952
v -9.944839 -0.763277 -13.327858
v -13.211195 -0.763279 -17.307926
v 7.796489 -0.763281 -24.433775
v 9.153006 -0.763282 -28.905609
v 6.878845 -0.763278 -15.823416
v 8.849201 -0.763280 -20.580276
v -17.105917 -0.763279 -18.196043
v -20.410267 -0.763280 -21.500393
v 0.548797 -2.747674 -1.846915
v 0.676766 -2.747674 -1.840628
v 0.773188 -3.244126 -2.819623
v 0.548797 -3.244126 -2.830647
v -0.536758 -2.747675 -1.266678
v -0.460439 -2.747675 -1.369582
v -1.220875 -3.244127 -1.993655
v -1.354701 -3.244127 -1.813210
v 1.048419 -2.747673 0.664883
v 0.927790 -2.747673 0.708045
v 1.213352 -3.244125 1.649419
v 1.424877 -3.244125 1.573734
v 0.803510 -2.747674 -1.821828
v 0.927791 -2.747674 -1.790697
v 1.213353 -3.244126 -2.732069
v 0.995426 -3.244126 -2.786658
v -0.374399 -2.747675 -1.464513
v -1.070002 -3.244127 -2.160116
v 0.803521 -2.747673 0.739173
v 0.995436 -3.244125 1.704004
v 1.048427 -2.747674 -1.747532
v 1.424884 -3.244126 -2.656383
v -0.279458 -2.747675 -1.550563
v -0.903531 -3.244127 -2.310998
v 0.676765 -2.747673 0.757975
v 0.773188 -3.244125 1.736971
v 1.164248 -2.747674 -1.692753
v 1.627977 -3.244126 -2.560328
v -0.176549 -2.747674 -1.626885
v -0.723081 -3.244126 -2.444828
v 0.548797 -2.747673 0.764262
v 0.548797 -3.244125 1.747995
v 1.274149 -2.747674 -1.626881
v 1.820681 -3.244126 -2.444824
v -0.066655 -2.747674 -1.692753
v -0.530383 -3.244126 -2.560327
v 0.420828 -2.747673 0.757975
v 0.324406 -3.244125 1.736971
v 1.377053 -2.747674 -1.550563
v 2.001126 -3.244126 -2.310998
v 0.049175 -2.747674 -1.747536
v -0.327283 -3.244126 -2.656386
v 0.294084 -2.747673 0.739175
v 0.102168 -3.244125 1.704005
v 1.471984 -2.747674 -1.464522
v 2.167587 -3.244126 -2.160126
v 0.169804 -2.747674 -1.790698
v -0.115758 -3.244126 -2.732071
v 0.169803 -2.747673 0.708044
v -0.115759 -3.244125 1.649417
v 1.558033 -2.747674 -1.369581
v 2.318469 -3.244126 -1.993654
v 0.294073 -2.747674 -1.821826
v 0.102158 -3.244126 -2.786656
v 0.049167 -2.747673 0.664880
v -0.327290 -3.244125 1.573730
v 1.634356 -2.747674 -1.266672
v 2.452299 -3.244126 -1.813204
v 0.420829 -2.747674 -1.840628
v 0.324406 -3.244126 -2.819623
v -0.066654 -2.747673 0.610100
v -0.530383 -3.244125 1.477675
v 1.700223 -2.747674 -1.156779
v 2.567798 -3.244126 -1.620507
v -0.176555 -2.747673 0.544228
v -0.723087 -3.244125 1.362172
v 1.755007 -2.747674 -1.040948
v 2.663857 -3.244126 -1.417406
v -0.279459 -2.747674 0.467910
v -0.903531 -3.244126 1.228346
v 1.798169 -2.747674 -0.920319
v 2.739542 -3.244126 -1.205881
v -0.374390 -2.747674 0.381869
v -1.069993 -3.244126 1.077473
v 1.829296 -2.747674 -0.796051
v 2.794127 -3.244126 -0.987965
v -0.460439 -2.747674 0.286929
v -1.220874 -3.244126 0.911002
v 1.848099 -2.747674 -0.669294
v 2.827094 -3.244126 -0.765717
v -0.536762 -2.747674 0.184019
v -1.354705 -3.244126 0.730552
v 1.854386 -2.747674 -0.541326
v 2.838118 -3.244126 -0.541326
v -0.602629 -2.747674 0.074126
v -1.470204 -3.244126 0.537854
v 1.848099 -2.747674 -0.413358
v 2.827094 -3.244125 -0.316935
v -0.657413 -2.747674 -0.041705
v -1.566263 -3.244126 0.334754
v 1.829298 -2.747674 -0.286614
v 2.794128 -3.244125 -0.094697
v -0.700575 -2.747674 -0.162334
v -1.641948 -3.244126 0.123228
v 1.798167 -2.747673 -0.162333
v 2.739540 -3.244125 0.123230
v -0.731702 -2.747674 -0.286602
v -1.696533 -3.244126 -0.094687
v 1.755003 -2.747673 -0.041697
v 2.663853 -3.244125 0.334761
v -0.750504 -2.747674 -0.413359
v -1.729500 -3.244126 -0.316936
v 1.700224 -2.747673 0.074125
v 2.567798 -3.244125 0.537853
v -0.756791 -2.747674 -0.541327
v -1.740524 -3.244127 -0.541327
v 1.634352 -2.747673 0.184025
v 2.452295 -3.244125 0.730558
v -0.750504 -2.747674 -0.669295
v -1.729500 -3.244127 -0.765718
v 1.558033 -2.747673 0.286930
v 2.318469 -3.244125 0.911002
v -0.731704 -2.747674 -0.796039
v -1.696534 -3.244127 -0.987955
v 1.471993 -2.747673 0.381860
v 2.167596 -3.244125 1.077464
v -0.700573 -2.747674 -0.920320
v -1.641946 -3.244127 -1.205883
v 1.377052 -2.747673 0.467910
v 2.001125 -3.244125 1.228345
v -0.657409 -2.747674 -1.040956
v -1.566259 -3.244127 -1.417413
v 1.274143 -2.747673 0.544232
v 1.820675 -3.244125 1.362176
v -0.602630 -2.747674 -1.156778
v -1.470204 -3.244127 -1.620506
v 1.164249 -2.747673 0.610100
v 1.627977 -3.244125 1.477675
v -0.712498 -2.151612 -13.347466
v -0.715116 -2.132417 -13.400755
v -0.720326 -2.132417 -13.400243
v 0.548797 -2.151612 -13.409431
v 0.551415 -2.132417 -13.462720
v 0.546179 -2.132417 -13.462720
v -1.961647 -2.151612 -13.162174
v -1.969475 -2.132417 -13.214948
v -1.974610 -2.132417 -13.213925
v -3.186615 -2.151612 -12.855338
v -3.199579 -2.132417 -12.907091
v -3.204589 -2.132417 -12.905570
v -4.375613 -2.151612 -12.429906
v -4.393587 -2.132417 -12.480140
v -4.398424 -2.132417 -12.478135
v -5.517186 -2.151611 -11.889982
v -5.539997 -2.132417 -11.938211
v -5.544615 -2.132417 -11.935743
v -6.600338 -2.151611 -11.240765
v -6.627767 -2.132416 -11.286527
v -6.632120 -2.132416 -11.283619
v -7.614641 -2.151611 -10.488506
v -7.646423 -2.132416 -10.531360
v -7.650471 -2.132416 -10.528038
v -8.550326 -2.151611 -9.640449
v -8.586156 -2.132416 -9.679980
v -8.589858 -2.132416 -9.676277
v -9.398382 -2.151610 -8.704767
v -9.437914 -2.132416 -8.740597
v -9.441236 -2.132416 -8.736549
v -10.150640 -2.151610 -7.690463
v -10.193495 -2.132416 -7.722245
v -10.196403 -2.132416 -7.717891
v -10.799858 -2.151610 -6.607311
v -10.845619 -2.132415 -6.634739
v -10.848087 -2.132415 -6.630122
v -11.339781 -2.151609 -5.465737
v -11.388010 -2.132415 -5.488549
v -11.390014 -2.132415 -5.483712
v -11.765210 -2.151609 -4.276740
v -11.815444 -2.132414 -4.294714
v -11.816965 -2.132414 -4.289703
v -12.072049 -2.151609 -3.051770
v -12.123800 -2.132414 -3.064733
v -12.124823 -2.132414 -3.059598
v -12.257341 -2.151608 -1.802621
v -12.310118 -2.132414 -1.810450
v -12.310630 -2.132414 -1.805240
v -12.319305 -2.151608 -0.541327
v -12.372595 -2.132413 -0.543944
v -12.372595 -2.132413 -0.538709
v -12.257341 -2.151608 0.719968
v -12.310630 -2.132413 0.722586
v -12.310118 -2.132413 0.727797
v -12.072049 -2.151607 1.969118
v -12.124823 -2.132412 1.976946
v -12.123800 -2.132412 1.982081
v -11.765213 -2.151607 3.194087
v -11.816966 -2.132412 3.207050
v -11.815445 -2.132412 3.212060
v -11.339781 -2.151606 4.383084
v -11.390014 -2.132412 4.401058
v -11.388010 -2.132412 4.405895
v -10.799858 -2.151606 5.524657
v -10.848087 -2.132411 5.547468
v -10.845619 -2.132411 5.552086
v -10.150640 -2.151606 6.607810
v -10.196403 -2.132411 6.635238
v -10.193495 -2.132411 6.639592
v -9.398382 -2.151605 7.622113
v -9.441236 -2.132411 7.653894
v -9.437914 -2.132411 7.657942
v -8.550324 -2.151605 8.557798
v -8.589856 -2.132411 8.593628
v -8.586153 -2.132411 8.597330
v -7.614643 -2.151605 9.405853
v -7.650473 -2.132410 9.445386
v -7.646425 -2.132410 9.448708
v -6.600338 -2.151605 10.158113
v -6.632120 -2.132410 10.200966
v -6.627767 -2.132410 10.203875
v -5.517186 -2.151604 10.807330
v -5.544615 -2.132410 10.853091
v -5.539997 -2.132410 10.855560
v -4.375613 -2.151604 11.347252
v -4.398425 -2.132410 11.395482
v -4.393588 -2.132410 11.397486
v -3.186615 -2.151604 11.772682
v -3.204589 -2.132410 11.822916
v -3.199579 -2.132410 11.824436
v -1.961646 -2.151604 12.079522
v -1.974609 -2.132410 12.131274
v -1.969474 -2.132410 12.132295
v -0.712498 -2.151604 12.264815
v -0.720326 -2.132409 12.317591
v -0.715116 -2.132409 12.318103
v 0.548797 -2.151604 12.326779
v 0.546179 -2.132409 12.380069
v 0.551415 -2.132409 12.380069
v 1.810092 -2.151604 12.264815
v 1.812710 -2.132409 12.318103
v 1.817920 -2.132409 12.317591
v 3.059241 -2.151604 12.079522
v 3.067069 -2.132410 12.132295
v 3.072204 -2.132410 12.131274
v 4.284209 -2.151604 11.772685
v 4.297173 -2.132410 11.824438
v 4.302184 -2.132410 11.822918
v 5.473207 -2.151604 11.347252
v 5.491181 -2.132410 11.397486
v 5.496018 -2.132410 11.395482
v 6.614780 -2.151604 10.807330
v 6.637591 -2.132410 10.855560
v 6.642209 -2.132410 10.853091
v 7.697933 -2.151605 10.158113
v 7.725361 -2.132410 10.203875
v 7.729714 -2.132410 10.200966
v 8.712235 -2.151605 9.405853
v 8.744017 -2.132410 9.448708
v 8.748065 -2.132410 9.445386
v 9.647921 -2.151605 8.557796
v 9.683750 -2.132411 8.597328
v 9.687452 -2.132411 8.593625
v 10.495975 -2.151605 7.622114
v 10.535508 -2.132411 7.657944
v 10.538830 -2.132411 7.653897
v 11.248235 -2.151606 6.607810
v 11.291088 -2.132411 6.639592
v 11.293997 -2.132411 6.635238
v 11.897452 -2.151606 5.524657
v 11.943213 -2.132411 5.552086
v 11.945683 -2.132411 5.547468
v 12.437374 -2.151606 4.383084
v 12.485604 -2.132412 4.405895
v 12.487607 -2.132412 4.401059
v 12.862804 -2.151607 3.194087
v 12.913038 -2.132412 3.212060
v 12.914558 -2.132412 3.207050
v 13.169643 -2.151607 1.969117
v 13.221395 -2.132412 1.982080
v 13.222416 -2.132412 1.976945
v 13.354937 -2.151608 0.719968
v 13.407712 -2.132413 0.727797
v 13.408224 -2.132413 0.722586
v 13.416901 -2.151608 -0.541327
v 13.470190 -2.132413 -0.538709
v 13.470190 -2.132413 -0.543944
v 13.354937 -2.151608 -1.802621
v 13.408224 -2.132414 -1.805240
v 13.407712 -2.132414 -1.810450
v 13.169643 -2.151609 -3.051771
v 13.222416 -2.132414 -3.059599
v 13.221395 -2.132414 -3.064734
v 12.862807 -2.151609 -4.276739
v 12.914560 -2.132414 -4.289702
v 12.913040 -2.132414 -4.294714
v 12.437374 -2.151609 -5.465737
v 12.487607 -2.132415 -5.483711
v 12.485604 -2.132415 -5.488548
v 11.897452 -2.151610 -6.607311
v 11.945683 -2.132415 -6.630122
v 11.943213 -2.132415 -6.634739
v 11.248235 -2.151610 -7.690463
v 11.293997 -2.132416 -7.717891
v 11.291088 -2.132416 -7.722245
v 10.495975 -2.151610 -8.704765
v 10.538830 -2.132416 -8.736547
v 10.535508 -2.132416 -8.740595
v 9.647919 -2.151611 -9.640450
v 9.687450 -2.132416 -9.676280
v 9.683747 -2.132416 -9.679982
v 8.712236 -2.151611 -10.488506
v 8.748067 -2.132416 -10.528038
v 8.744020 -2.132416 -10.531360
v 7.697933 -2.151611 -11.240765
v 7.729714 -2.132416 -11.283619
v 7.725361 -2.132416 -11.286527
v 6.614780 -2.151611 -11.889982
v 6.642209 -2.132417 -11.935743
v 6.637591 -2.132417 -11.938211
v 5.473207 -2.151612 -12.429906
v 5.496019 -2.132417 -12.478135
v 5.491182 -2.132417 -12.480140
v 4.284210 -2.151612 -12.855335
v 4.302184 -2.132417 -12.905569
v 4.297173 -2.132417 -12.907090
v 3.059240 -2.151612 -13.162174
v 3.072203 -2.132417 -13.213925
v 3.067068 -2.132417 -13.214948
v 1.810092 -2.151612 -13.347466
v 1.817920 -2.132417 -13.400243
v 1.812710 -2.132417 -13.400755
v 0.548797 -1.159945 -15.864235
v -0.953111 -1.159945 -15.790453
v -2.440554 -1.159945 -15.569812
v -3.899208 -1.159945 -15.204437
v -3.899208 -1.159945 -15.204437
v -5.315026 -1.159945 -14.697849
v -5.315026 -1.159945 -14.697849
v -6.674372 -1.159945 -14.054928
v -6.674372 -1.159945 -14.054928
v -7.964154 -1.159945 -13.281860
v -7.964154 -1.159945 -13.281860
v -9.171951 -1.159944 -12.386095
v -9.171951 -1.159944 -12.386095
v -10.286135 -1.159944 -11.376260
v -10.286135 -1.159944 -11.376260
v -11.295969 -1.159944 -10.262078
v -11.295969 -1.159944 -10.262078
v -12.191734 -1.159943 -9.054278
v -12.191734 -1.159943 -9.054278
v -12.964802 -1.159943 -7.764496
v -13.607723 -1.159943 -6.405151
v -14.114310 -1.159942 -4.989332
v -14.479686 -1.159942 -3.530679
v -14.479686 -1.159942 -3.530679
v -14.700327 -1.159941 -2.043235
v -14.700327 -1.159941 -2.043235
v -14.774109 -1.159941 -0.541327
v -14.700327 -1.159940 0.960581
v -14.700327 -1.159940 0.960581
v -14.479686 -1.159940 2.448025
v -14.479686 -1.159940 2.448025
v -14.114311 -1.159940 3.906678
v -13.607723 -1.159939 5.322496
v -12.964802 -1.159939 6.681843
v -12.964802 -1.159939 6.681843
v -12.191734 -1.159938 7.971625
v -12.191734 -1.159938 7.971625
v -11.295969 -1.159938 9.179423
v -11.295969 -1.159938 9.179423
v -10.286135 -1.159938 10.293605
v -10.286135 -1.159938 10.293605
v -9.171953 -1.159937 11.303441
v -7.964154 -1.159937 12.199206
v -6.674372 -1.159937 12.972273
v -5.315026 -1.159937 13.615195
v -5.315026 -1.159937 13.615195
v -3.899208 -1.159936 14.121782
v -3.899208 -1.159936 14.121782
v -2.440554 -1.159936 14.487158
v -0.953111 -1.159936 14.707798
v 0.548797 -1.159936 14.781582
v 0.548797 -1.159936 14.781582
v 2.050705 -1.159936 14.707798
v 2.050705 -1.159936 14.707798
v 3.538148 -1.159936 14.487158
v 3.538148 -1.159936 14.487158
v 4.996802 -1.159936 14.121784
v 4.996802 -1.159936 14.121784
v 6.412620 -1.159937 13.615195
v 6.412620 -1.159937 13.615195
v 7.771966 -1.159937 12.972273
v 9.061749 -1.159937 12.199206
v 10.269547 -1.159937 11.303441
v 11.383728 -1.159938 10.293605
v 11.383728 -1.159938 10.293605
v 12.393564 -1.159938 9.179424
v 12.393564 -1.159938 9.179424
v 13.289329 -1.159938 7.971625
v 13.289329 -1.159938 7.971625
v 14.062395 -1.159939 6.681843
v 14.062395 -1.159939 6.681843
v 14.705317 -1.159939 5.322496
v 15.211905 -1.159940 3.906678
v 15.577280 -1.159940 2.448025
v 15.577280 -1.159940 2.448025
v 15.797920 -1.159940 0.960581
v 15.797920 -1.159940 0.960581
v 15.871704 -1.159941 -0.541327
v 15.797920 -1.159941 -2.043235
v 15.797920 -1.159941 -2.043235
v 15.577280 -1.159942 -3.530679
v 15.577280 -1.159942 -3.530679
v 15.211906 -1.159942 -4.989332
v 14.705317 -1.159943 -6.405151
v 14.062395 -1.159943 -7.764496
v 13.289329 -1.159943 -9.054278
v 12.393564 -1.159944 -10.262076
v 12.393564 -1.159944 -10.262076
v 11.383728 -1.159944 -11.376260
v 11.383728 -1.159944 -11.376260
v 10.269547 -1.159944 -12.386095
v 10.269547 -1.159944 -12.386095
v 9.061749 -1.159945 -13.281860
v 9.061749 -1.159945 -13.281860
v 7.771966 -1.159945 -14.054928
v 7.771966 -1.159945 -14.054928
v 6.412620 -1.159945 -14.697849
v 6.412620 -1.159945 -14.697849
v 4.996802 -1.159945 -15.204436
v 4.996802 -1.159945 -15.204436
v 3.538148 -1.159945 -15.569812
v 2.050705 -1.159945 -15.790453
v -0.874797 -1.216645 -14.995323
v 0.548797 -1.216645 -15.065260
v -2.284682 -1.216645 -14.786186
v -3.667277 -1.216645 -14.439865
v -5.009271 -1.216645 -13.959691
v -6.297737 -1.216645 -13.350292
v -7.520267 -1.216644 -12.617537
v -8.665087 -1.216644 -11.768477
v -9.721173 -1.216644 -10.811297
v -10.678352 -1.216644 -9.755214
v -11.527411 -1.216643 -8.610392
v -12.260166 -1.216643 -7.387862
v -12.869565 -1.216642 -6.099395
v -13.349737 -1.216642 -4.757401
v -13.696060 -1.216642 -3.374806
v -13.905197 -1.216641 -1.964921
v -13.975134 -1.216641 -0.541327
v -13.905197 -1.216640 0.882267
v -13.696060 -1.216640 2.292152
v -13.349739 -1.216640 3.674748
v -12.869565 -1.216639 5.016742
v -12.260166 -1.216639 6.305209
v -11.527411 -1.216638 7.527738
v -10.678352 -1.216638 8.672559
v -9.721172 -1.216638 9.728644
v -8.665089 -1.216637 10.685823
v -7.520267 -1.216637 11.534882
v -6.297737 -1.216637 12.267637
v -5.009271 -1.216637 12.877037
v -3.667277 -1.216637 13.357210
v -2.284682 -1.216636 13.703532
v -0.874797 -1.216636 13.912668
v 0.548797 -1.216636 13.982607
v 1.972391 -1.216636 13.912668
v 3.382276 -1.216636 13.703532
v 4.764872 -1.216637 13.357211
v 6.106865 -1.216637 12.877037
v 7.395331 -1.216637 12.267637
v 8.617861 -1.216637 11.534882
v 9.762682 -1.216637 10.685823
v 10.818768 -1.216638 9.728643
v 11.775947 -1.216638 8.672560
v 12.625005 -1.216638 7.527738
v 13.357759 -1.216639 6.305209
v 13.967159 -1.216639 5.016742
v 14.447332 -1.216640 3.674748
v 14.793654 -1.216640 2.292152
v 15.002790 -1.216640 0.882267
v 15.072729 -1.216641 -0.541327
v 15.002790 -1.216641 -1.964921
v 14.793654 -1.216642 -3.374806
v 14.447333 -1.216642 -4.757401
v 13.967159 -1.216642 -6.099395
v 13.357759 -1.216643 -7.387862
v 12.625005 -1.216643 -8.610392
v 11.775947 -1.216644 -9.755212
v 10.818767 -1.216644 -10.811298
v 9.762683 -1.216644 -11.768477
v 8.617861 -1.216644 -12.617537
v 7.395331 -1.216645 -13.350292
v 6.106865 -1.216645 -13.959691
v 4.764872 -1.216645 -14.439863
v 3.382276 -1.216645 -14.786186
v 1.972391 -1.216645 -14.995323
v -0.712498 -2.151612 -13.347466
v -1.961647 -2.151612 -13.162174
v -3.186615 -2.151612 -12.855338
v -4.375613 -2.151612 -12.429906
v -5.517186 -2.151611 -11.889982
v -6.600338 -2.151611 -11.240765
v -7.614641 -2.151611 -10.488506
v -8.550326 -2.151611 -9.640449
v -9.398382 -2.151610 -8.704767
v -10.150640 -2.151610 -7.690463
v -10.799858 -2.151610 -6.607311
v -11.339781 -2.151609 -5.465737
v -11.765210 -2.151609 -4.276740
v -12.072049 -2.151609 -3.051770
v -12.257341 -2.151608 -1.802621
v -12.319305 -2.151608 -0.541327
v -12.257341 -2.151608 0.719968
v -12.072049 -2.151607 1.969118
v -11.765213 -2.151607 3.194087
v -11.339781 -2.151606 4.383084
v -10.799858 -2.151606 5.524657
v -10.150640 -2.151606 6.607810
v -9.398382 -2.151605 7.622113
v -8.550324 -2.151605 8.557798
v -7.614643 -2.151605 9.405853
v -6.600338 -2.151605 10.158113
v -5.517186 -2.151604 10.807330
v -4.375613 -2.151604 11.347252
v -3.186615 -2.151604 11.772682
v -1.961646 -2.151604 12.079522
v -0.712498 -2.151604 12.264815
v 0.548797 -2.151604 12.326779
v 1.810092 -2.151604 12.264815
v 3.059241 -2.151604 12.079522
v 4.284209 -2.151604 11.772685
v 5.473207 -2.151604 11.347252
v 6.614780 -2.151604 10.807330
v 7.697933 -2.151605 10.158113
v 8.712235 -2.151605 9.405853
v 9.647921 -2.151605 8.557796
v 10.495975 -2.151605 7.622114
v 11.248235 -2.151606 6.607810
v 11.897452 -2.151606 5.524657
v 12.437374 -2.151606 4.383084
v 12.862804 -2.151607 3.194087
v 13.169643 -2.151607 1.969117
v 13.354937 -2.151608 0.719968
v 13.416901 -2.151608 -0.541327
v 13.354937 -2.151608 -1.802621
v 13.169643 -2.151609 -3.051771
v 12.862807 -2.151609 -4.276739
v 12.437374 -2.151609 -5.465737
v 11.897452 -2.151610 -6.607311
v 11.248235 -2.151610 -7.690463
v 10.495975 -2.151610 -8.704765
v 9.647919 -2.151611 -9.640450
v 8.712236 -2.151611 -10.488506
v 7.697933 -2.151611 -11.240765
v 6.614780 -2.151611 -11.889982
v 5.473207 -2.151612 -12.429906
v 4.284210 -2.151612 -12.855335
v 3.059240 -2.151612 -13.162174
v 0.548797 -2.151612 -13.409431
v 1.810092 -2.151612 -13.347466
v 0.548797 -2.151612 -13.409431
v -0.712498 -2.151612 -13.347466
v -1.961647 -2.151612 -13.162174
v -1.961647 -2.151612 -13.162174
v -3.186615 -2.151612 -12.855338
v -3.186615 -2.151612 -12.855338
v -4.375613 -2.151612 -12.429906
v -5.517186 -2.151611 -11.889982
v -5.517186 -2.151611 -11.889982
v -6.600338 -2.151611 -11.240765
v -6.600338 -2.151611 -11.240765
v -7.614641 -2.151611 -10.488506
v -7.614641 -2.151611 -10.488506
v -8.550326 -2.151611 -9.640449
v -9.398382 -2.151610 -8.704767
v -10.150640 -2.151610 -7.690463
v -10.799858 -2.151610 -6.607311
v -10.799858 -2.151610 -6.607311
v -11.339781 -2.151609 -5.465737
v -11.339781 -2.151609 -5.465737
v -11.765210 -2.151609 -4.276740
v -12.072049 -2.151609 -3.051770
v -12.257341 -2.151608 -1.802621
v -12.319305 -2.151608 -0.541327
v -12.319305 -2.151608 -0.541327
v -12.257341 -2.151608 0.719968
v -12.257341 -2.151608 0.719968
v -12.072049 -2.151607 1.969118
v -12.072049 -2.151607 1.969118
v -11.765213 -2.151607 3.194087
v -11.765213 -2.151607 3.194087
v -11.339781 -2.151606 4.383084
v -10.799858 -2.151606 5.524657
v -10.150640 -2.151606 6.607810
v -10.150640 -2.151606 6.607810
v -9.398382 -2.151605 7.622113
v -9.398382 -2.151605 7.622113
v -8.550324 -2.151605 8.557798
v -8.550324 -2.151605 8.557798
v -7.614643 -2.151605 9.405853
v -7.614643 -2.151605 9.405853
v -6.600338 -2.151605 10.158113
v -5.517186 -2.151604 10.807330
v -4.375613 -2.151604 11.347252
v -3.186615 -2.151604 11.772682
v -3.186615 -2.151604 11.772682
v -1.961646 -2.151604 12.079522
v -1.961646 -2.151604 12.079522
v -0.712498 -2.151604 12.264815
v -0.712498 -2.151604 12.264815
v 0.548797 -2.151604 12.326779
v 0.548797 -2.151604 12.326779
v 1.810092 -2.151604 12.264815
v 3.059241 -2.151604 12.079522
v 3.059241 -2.151604 12.079522
v 4.284209 -2.151604 11.772685
v 4.284209 -2.151604 11.772685
v 5.473207 -2.151604 11.347252
v 5.473207 -2.151604 11.347252
v 6.614780 -2.151604 10.807330
v 6.614780 -2.151604 10.807330
v 7.697933 -2.151605 10.158113
v 7.697933 -2.151605 10.158113
v 8.712235 -2.151605 9.405853
v 8.712235 -2.151605 9.405853
v 9.647921 -2.151605 8.557796
v 9.647921 -2.151605 8.557796
v 10.495975 -2.151605 7.622114
v 10.495975 -2.151605 7.622114
v 11.248235 -2.151606 6.607810
v 11.248235 -2.151606 6.607810
v 11.897452 -2.151606 5.524657
v 12.437374 -2.151606 4.383084
v 12.437374 -2.151606 4.383084
v 12.862804 -2.151607 3.194087
v 12.862804 -2.151607 3.194087
v 13.169643 -2.151607 1.969117
v 13.169643 -2.151607 1.969117
v 13.354937 -2.151608 0.719968
v 13.354937 -2.151608 0.719968
v 13.416901 -2.151608 -0.541327
v 13.416901 -2.151608 -0.541327
v 13.354937 -2.151608 -1.802621
v 13.169643 -2.151609 -3.051771
v 13.169643 -2.151609 -3.051771
v 12.862807 -2.151609 -4.276739
v 12.862807 -2.151609 -4.276739
v 12.437374 -2.151609 -5.465737
v 11.897452 -2.151610 -6.607311
v 11.248235 -2.151610 -7.690463
v 11.248235 -2.151610 -7.690463
v 10.495975 -2.151610 -8.704765
v 10.495975 -2.151610 -8.704765
v 9.647919 -2.151611 -9.640450
v 9.647919 -2.151611 -9.640450
v 8.712236 -2.151611 -10.488506
v 8.712236 -2.151611 -10.488506
v 7.697933 -2.151611 -11.240765
v 7.697933 -2.151611 -11.240765
v 6.614780 -2.151611 -11.889982
v 6.614780 -2.151611 -11.889982
v 5.473207 -2.151612 -12.429906
v 5.473207 -2.151612 -12.429906
v 4.284210 -2.151612 -12.855335
v 3.059240 -2.151612 -13.162174
v 3.059240 -2.151612 -13.162174
v 1.810092 -2.151612 -13.347466
v 1.810092 -2.151612 -13.347466
v 0.548797 -2.151612 -13.409431
v -0.606306 -2.208311 -12.269280
v 0.548797 -2.208311 -12.326029
v -1.750286 -2.208311 -12.099587
v -2.872119 -2.208311 -11.818584
v -3.961012 -2.208311 -11.428970
v -5.006473 -2.208311 -10.934505
v -5.998431 -2.208311 -10.339947
v -6.927337 -2.208310 -9.651024
v -7.784245 -2.208310 -8.874367
v -8.560900 -2.208310 -8.017464
v -9.249823 -2.208310 -7.088557
v -9.844381 -2.208309 -6.096597
v -10.338846 -2.208309 -5.051138
v -10.728456 -2.208309 -3.962244
v -11.009464 -2.208308 -2.840408
v -11.179155 -2.208308 -1.696429
v -11.235904 -2.208308 -0.541327
v -11.179155 -2.208307 0.613776
v -11.009462 -2.208307 1.757757
v -10.728460 -2.208307 2.879590
v -10.338846 -2.208306 3.968483
v -9.844381 -2.208306 5.013944
v -9.249823 -2.208306 6.005903
v -8.560900 -2.208305 6.934808
v -7.784243 -2.208305 7.791716
v -6.927339 -2.208305 8.568373
v -5.998432 -2.208305 9.257296
v -5.006473 -2.208304 9.851852
v -3.961014 -2.208304 10.346317
v -2.872120 -2.208304 10.735929
v -1.750284 -2.208304 11.016935
v -0.606306 -2.208304 11.186627
v 0.548797 -2.208304 11.243376
v 1.703900 -2.208304 11.186627
v 2.847880 -2.208304 11.016934
v 3.969714 -2.208304 10.735931
v 5.058607 -2.208304 10.346317
v 6.104067 -2.208304 9.851852
v 7.096025 -2.208305 9.257296
v 8.024931 -2.208305 8.568373
v 8.881839 -2.208305 7.791714
v 9.658495 -2.208305 6.934811
v 10.347418 -2.208306 6.005904
v 10.941975 -2.208306 5.013944
v 11.436440 -2.208306 3.968485
v 11.826052 -2.208307 2.879591
v 12.107058 -2.208307 1.757755
v 12.276750 -2.208307 0.613776
v 12.333498 -2.208308 -0.541327
v 12.276750 -2.208308 -1.696429
v 12.107057 -2.208308 -2.840410
v 11.826054 -2.208309 -3.962243
v 11.436440 -2.208309 -5.051137
v 10.941975 -2.208309 -6.096598
v 10.347418 -2.208310 -7.088556
v 9.658495 -2.208310 -8.017461
v 8.881837 -2.208310 -8.874369
v 8.024933 -2.208310 -9.651024
v 7.096026 -2.208311 -10.339947
v 6.104067 -2.208311 -10.934505
v 5.058608 -2.208311 -11.428970
v 3.969714 -2.208311 -11.818581
v 2.847879 -2.208311 -12.099589
v 1.703900 -2.208311 -12.269280
v -24.242020 -0.819974 -2.983009
v -23.883314 -0.819975 -5.401175
v 19.805080 -0.819969 15.261900
v 18.163372 -0.819968 17.073250
v -23.289320 -0.819976 -7.772541
v 16.352022 -0.819968 18.714956
v -22.465750 -0.819976 -10.074266
v 14.388477 -0.819967 20.171221
v -21.420534 -0.819977 -12.284184
v 12.291651 -0.819967 21.428007
v 0.548797 -0.819981 -25.452099
v 2.990479 -0.819981 -25.332148
v -20.163750 -0.819978 -14.381010
v 10.081736 -0.819967 22.473221
v 5.408647 -0.819981 -24.973444
v -18.707485 -0.819978 -16.344553
v 7.780010 -0.819966 23.296793
v 7.780010 -0.819981 -24.379450
v -17.065777 -0.819979 -18.155903
v 5.408647 -0.819966 23.890787
v 10.081736 -0.819981 -23.555876
v -15.254428 -0.819979 -19.797611
v 2.990479 -0.819966 24.249491
v 12.291651 -0.819980 -22.510660
v -13.290884 -0.819980 -21.253874
v 0.548797 -0.819966 24.369442
v 14.388477 -0.819980 -21.253874
v -11.194057 -0.819980 -22.510660
v -1.892885 -0.819966 24.249491
v 16.352022 -0.819979 -19.797611
v -8.984141 -0.819981 -23.555876
v -4.311051 -0.819966 23.890787
v 18.163372 -0.819979 -18.155903
v -6.682416 -0.819981 -24.379450
v -6.682416 -0.819966 23.296793
v 19.805080 -0.819978 -16.344553
v -4.311051 -0.819981 -24.973444
v -8.984141 -0.819967 22.473221
v 21.261343 -0.819978 -14.381010
v -1.892885 -0.819981 -25.332148
v -11.194057 -0.819967 21.428007
v 22.518129 -0.819977 -12.284184
v -13.290884 -0.819967 20.171221
v 23.563343 -0.819976 -10.074266
v -15.254428 -0.819968 18.714956
v 24.386913 -0.819976 -7.772541
v -17.065777 -0.819968 17.073250
v 24.980907 -0.819975 -5.401175
v -18.707485 -0.819969 15.261900
v 25.339611 -0.819974 -2.983009
v -20.163750 -0.819969 13.298355
v 25.459562 -0.819974 -0.541327
v -21.420534 -0.819970 11.201528
v 25.339611 -0.819973 1.900355
v -22.465750 -0.819971 8.991612
v 24.980907 -0.819972 4.318522
v -23.289320 -0.819971 6.689887
v 24.386913 -0.819971 6.689887
v -23.883314 -0.819972 4.318522
v 23.563343 -0.819971 8.991612
v -24.242020 -0.819973 1.900355
v 22.518129 -0.819970 11.201528
v -24.361971 -0.819974 -0.541327
v 21.261343 -0.819969 13.298355
vt 0.783186 0.216955
vt 0.809708 0.246218
vt 0.833202 0.226936
vt 0.804678 0.195464
vt 0.420113 0.896217
vt 0.381804 0.886622
vt 0.372981 0.915706
vt 0.414184 0.926027
vt 0.344620 0.129719
vt 0.381804 0.116414
vt 0.372981 0.087330
vt 0.332989 0.101639
vt 0.753924 0.190434
vt 0.773205 0.166939
vt 0.459179 0.902012
vt 0.456199 0.932259
vt 0.308919 0.146604
vt 0.294591 0.119800
vt 0.722203 0.166908
vt 0.739089 0.141637
vt 0.498624 0.903950
vt 0.498624 0.934343
vt 0.275044 0.166908
vt 0.258159 0.141637
vt 0.688329 0.146604
vt 0.702656 0.119800
vt 0.538069 0.902012
vt 0.541048 0.932259
vt 0.243323 0.190434
vt 0.224042 0.166939
vt 0.652628 0.129719
vt 0.664259 0.101639
vt 0.577135 0.896217
vt 0.583064 0.926027
vt 0.214061 0.216956
vt 0.192570 0.195464
vt 0.615444 0.116414
vt 0.624266 0.087330
vt 0.615444 0.886622
vt 0.624266 0.915706
vt 0.187539 0.246218
vt 0.164045 0.226936
vt 0.577134 0.106818
vt 0.583064 0.077009
vt 0.652628 0.873317
vt 0.664259 0.901397
vt 0.164014 0.277939
vt 0.138742 0.261053
vt 0.538069 0.101023
vt 0.541048 0.070776
vt 0.688329 0.856431
vt 0.702656 0.883236
vt 0.143710 0.311813
vt 0.116906 0.297485
vt 0.498624 0.099086
vt 0.498624 0.068692
vt 0.722203 0.836128
vt 0.739089 0.861399
vt 0.126825 0.347514
vt 0.098745 0.335883
vt 0.753924 0.812602
vt 0.773205 0.836097
vt 0.113520 0.384698
vt 0.084436 0.375875
vt 0.783186 0.786080
vt 0.804678 0.807572
vt 0.103924 0.423007
vt 0.074115 0.417078
vt 0.809708 0.756818
vt 0.833202 0.776100
vt 0.098129 0.462073
vt 0.067882 0.459094
vt 0.833234 0.725097
vt 0.858505 0.741983
vt 0.096192 0.501518
vt 0.065798 0.501518
vt 0.853537 0.691223
vt 0.880342 0.705550
vt 0.098129 0.540963
vt 0.067882 0.543942
vt 0.870422 0.655522
vt 0.898502 0.667153
vt 0.103924 0.580029
vt 0.074115 0.585958
vt 0.883727 0.618338
vt 0.912812 0.627160
vt 0.113520 0.618338
vt 0.084436 0.627160
vt 0.893323 0.580029
vt 0.923133 0.585958
vt 0.126825 0.655522
vt 0.098745 0.667153
vt 0.899118 0.540963
vt 0.929365 0.543942
vt 0.143710 0.691223
vt 0.116906 0.705550
vt 0.901056 0.501518
vt 0.931449 0.501518
vt 0.164014 0.725097
vt 0.138742 0.741983
vt 0.899118 0.462073
vt 0.929365 0.459094
vt 0.187539 0.756818
vt 0.164045 0.776100
vt 0.893323 0.423007
vt 0.923133 0.417078
vt 0.214061 0.786080
vt 0.192570 0.807572
vt 0.883727 0.384698
vt 0.912812 0.375875
vt 0.243323 0.812602
vt 0.224042 0.836097
vt 0.870423 0.347514
vt 0.898502 0.335883
vt 0.275044 0.836128
vt 0.258159 0.861399
vt 0.853537 0.311813
vt 0.880342 0.297485
vt 0.308919 0.856431
vt 0.294591 0.883236
vt 0.459179 0.101023
vt 0.456199 0.070776
vt 0.833234 0.277938
vt 0.858505 0.261053
vt 0.344620 0.873317
vt 0.332989 0.901397
vt 0.420113 0.106818
vt 0.414184 0.077009
vt 0.439629 0.204929
vt 0.468984 0.200575
vt 0.468545 0.196117
vt 0.438755 0.200535
vt 0.498624 0.199119
vt 0.528264 0.200575
vt 0.528703 0.196117
vt 0.498624 0.194639
vt 0.382900 0.222137
vt 0.410842 0.212140
vt 0.409542 0.207853
vt 0.381186 0.217999
vt 0.356074 0.234825
vt 0.353962 0.230874
vt 0.330620 0.250082
vt 0.328131 0.246357
vt 0.306784 0.267760
vt 0.303942 0.264297
vt 0.284795 0.287689
vt 0.281628 0.284521
vt 0.264866 0.309677
vt 0.261403 0.306836
vt 0.247188 0.333514
vt 0.243463 0.331025
vt 0.231931 0.358968
vt 0.227981 0.356856
vt 0.219243 0.385794
vt 0.215105 0.384080
vt 0.209246 0.413736
vt 0.204959 0.412436
vt 0.202035 0.442523
vt 0.197642 0.441649
vt 0.197681 0.471878
vt 0.193223 0.471438
vt 0.196224 0.501518
vt 0.191745 0.501518
vt 0.197681 0.531158
vt 0.193223 0.531597
vt 0.202035 0.560513
vt 0.197642 0.561387
vt 0.209246 0.589300
vt 0.204959 0.590600
vt 0.219243 0.617241
vt 0.215105 0.618955
vt 0.231931 0.644068
vt 0.227981 0.646179
vt 0.247188 0.669522
vt 0.243463 0.672011
vt 0.264866 0.693358
vt 0.261403 0.696200
vt 0.284795 0.715347
vt 0.281628 0.718514
vt 0.306783 0.735276
vt 0.303942 0.738738
vt 0.330620 0.752954
vt 0.328131 0.756678
vt 0.356074 0.768210
vt 0.353962 0.772161
vt 0.382900 0.780899
vt 0.381186 0.785037
vt 0.410842 0.790896
vt 0.409542 0.795183
vt 0.439629 0.798107
vt 0.438755 0.802500
vt 0.468983 0.802461
vt 0.468544 0.806919
vt 0.498624 0.803917
vt 0.498624 0.808397
vt 0.528264 0.802461
vt 0.528703 0.806919
vt 0.557619 0.798107
vt 0.558493 0.802500
vt 0.586406 0.790896
vt 0.587706 0.795183
vt 0.614347 0.780899
vt 0.616061 0.785037
vt 0.641174 0.768210
vt 0.643286 0.772161
vt 0.666628 0.752954
vt 0.669116 0.756678
vt 0.690464 0.735276
vt 0.693306 0.738739
vt 0.712452 0.715347
vt 0.715620 0.718514
vt 0.732382 0.693358
vt 0.735844 0.696200
vt 0.750060 0.669522
vt 0.753784 0.672011
vt 0.765316 0.644068
vt 0.769267 0.646180
vt 0.778004 0.617241
vt 0.782143 0.618955
vt 0.788002 0.589300
vt 0.792289 0.590600
vt 0.795212 0.560513
vt 0.799606 0.561387
vt 0.799567 0.531158
vt 0.804025 0.531597
vt 0.801023 0.501518
vt 0.805502 0.501518
vt 0.799567 0.471877
vt 0.804025 0.471439
vt 0.795213 0.442523
vt 0.799606 0.441649
vt 0.788002 0.413736
vt 0.792288 0.412436
vt 0.778004 0.385795
vt 0.782143 0.384080
vt 0.765316 0.358968
vt 0.769267 0.356856
vt 0.750060 0.333514
vt 0.753784 0.331025
vt 0.732381 0.309678
vt 0.735844 0.306836
vt 0.712452 0.287689
vt 0.715620 0.284522
vt 0.690464 0.267760
vt 0.693306 0.264297
vt 0.666628 0.250082
vt 0.669117 0.246357
vt 0.641174 0.234826
vt 0.643286 0.230875
vt 0.614347 0.222137
vt 0.616061 0.217999
vt 0.586406 0.212140
vt 0.587706 0.207853
vt 0.557619 0.204929
vt 0.558493 0.200536
vt 0.655597 0.372693
vt 0.667468 0.388700
vt 0.676501 0.382664
vt 0.663995 0.365801
vt 0.439676 0.695842
vt 0.420913 0.689128
vt 0.416756 0.699165
vt 0.436523 0.706238
vt 0.439676 0.307194
vt 0.459007 0.302352
vt 0.456888 0.291697
vt 0.436523 0.296798
vt 0.642214 0.357927
vt 0.649896 0.350245
vt 0.459007 0.700684
vt 0.456888 0.711339
vt 0.420913 0.313908
vt 0.416756 0.303871
vt 0.627449 0.344544
vt 0.634341 0.336147
vt 0.478720 0.703608
vt 0.477655 0.714419
vt 0.402898 0.322428
vt 0.397777 0.312847
vt 0.611442 0.332673
vt 0.617478 0.323640
vt 0.498624 0.704586
vt 0.498624 0.715449
vt 0.385805 0.332673
vt 0.379770 0.323640
vt 0.594349 0.322428
vt 0.599470 0.312847
vt 0.518528 0.703608
vt 0.519593 0.714419
vt 0.369799 0.344544
vt 0.362907 0.336146
vt 0.576335 0.313908
vt 0.580492 0.303871
vt 0.538241 0.700684
vt 0.540360 0.711339
vt 0.355033 0.357927
vt 0.347351 0.350245
vt 0.557571 0.307194
vt 0.560725 0.296798
vt 0.557571 0.695842
vt 0.560725 0.706238
vt 0.341650 0.372693
vt 0.333252 0.365801
vt 0.538240 0.302352
vt 0.540360 0.291697
vt 0.576334 0.689128
vt 0.580492 0.699165
vt 0.329779 0.388699
vt 0.320746 0.382663
vt 0.518528 0.299428
vt 0.519593 0.288616
vt 0.594349 0.680608
vt 0.599471 0.690189
vt 0.319534 0.405792
vt 0.309953 0.400671
vt 0.498624 0.298450
vt 0.498624 0.287586
vt 0.611442 0.670363
vt 0.617478 0.679396
vt 0.311014 0.423807
vt 0.300977 0.419649
vt 0.627448 0.658491
vt 0.634340 0.666889
vt 0.304300 0.442570
vt 0.293904 0.439417
vt 0.642215 0.645108
vt 0.649896 0.652790
vt 0.299458 0.461901
vt 0.288803 0.459782
vt 0.655597 0.630343
vt 0.663995 0.637235
vt 0.296534 0.481614
vt 0.285722 0.480549
vt 0.667468 0.614336
vt 0.676501 0.620372
vt 0.295556 0.501518
vt 0.284692 0.501518
vt 0.677714 0.597243
vt 0.687295 0.602365
vt 0.296534 0.521422
vt 0.285722 0.522487
vt 0.686234 0.579229
vt 0.696271 0.583386
vt 0.299458 0.541135
vt 0.288803 0.543254
vt 0.692947 0.560465
vt 0.703344 0.563619
vt 0.304300 0.560465
vt 0.293904 0.563619
vt 0.697789 0.541134
vt 0.708445 0.543254
vt 0.311014 0.579228
vt 0.300977 0.583386
vt 0.700714 0.521422
vt 0.711525 0.522487
vt 0.319534 0.597243
vt 0.309953 0.602365
vt 0.701692 0.501518
vt 0.712555 0.501518
vt 0.329779 0.614336
vt 0.320746 0.620372
vt 0.700714 0.481614
vt 0.711525 0.480549
vt 0.341650 0.630343
vt 0.333252 0.637235
vt 0.697789 0.461901
vt 0.708444 0.459782
vt 0.355033 0.645108
vt 0.347351 0.652790
vt 0.692947 0.442570
vt 0.703344 0.439417
vt 0.369799 0.658491
vt 0.362907 0.666889
vt 0.686234 0.423807
vt 0.696271 0.419650
vt 0.385805 0.670363
vt 0.379770 0.679395
vt 0.677713 0.405792
vt 0.687295 0.400671
vt 0.402898 0.680608
vt 0.397777 0.690189
vt 0.478720 0.299428
vt 0.477655 0.288616
vt 0.459470 0.103980
vt 0.498624 0.102057
vt 0.498624 0.100571
vt 0.459324 0.102502
vt 0.420693 0.109732
vt 0.420403 0.108275
vt 0.382666 0.119257
vt 0.382235 0.117836
vt 0.345756 0.132464
vt 0.382235 0.117836
vt 0.345188 0.131091
vt 0.310319 0.149224
vt 0.345188 0.131091
vt 0.309619 0.147914
vt 0.276695 0.169378
vt 0.309619 0.147914
vt 0.275870 0.168143
vt 0.245208 0.192730
vt 0.275870 0.168143
vt 0.244266 0.191582
vt 0.216162 0.219056
vt 0.244266 0.191582
vt 0.215112 0.218006
vt 0.189836 0.248103
vt 0.215112 0.218006
vt 0.188688 0.247160
vt 0.166484 0.279589
vt 0.188688 0.247160
vt 0.165249 0.278764
vt 0.146330 0.313214
vt 0.165249 0.278764
vt 0.145020 0.312513
vt 0.129570 0.348651
vt 0.128197 0.348082
vt 0.116363 0.385560
vt 0.114942 0.385129
vt 0.106838 0.423587
vt 0.105381 0.423297
vt 0.101086 0.462364
vt 0.105381 0.423297
vt 0.099608 0.462218
vt 0.099162 0.501518
vt 0.099608 0.462218
vt 0.097677 0.501518
vt 0.101086 0.540672
vt 0.099608 0.540817
vt 0.106838 0.579449
vt 0.099608 0.540817
vt 0.105381 0.579739
vt 0.116363 0.617475
vt 0.105381 0.579739
vt 0.114942 0.617907
vt 0.129570 0.654385
vt 0.128197 0.654954
vt 0.146330 0.689823
vt 0.145020 0.690523
vt 0.166484 0.723447
vt 0.145020 0.690523
vt 0.165249 0.724272
vt 0.189836 0.754933
vt 0.165249 0.724272
vt 0.188688 0.755876
vt 0.216162 0.783980
vt 0.188688 0.755876
vt 0.215112 0.785030
vt 0.245208 0.810306
vt 0.215112 0.785030
vt 0.244266 0.811454
vt 0.276695 0.833658
vt 0.275870 0.834893
vt 0.310319 0.853811
vt 0.309619 0.855121
vt 0.345757 0.870572
vt 0.345188 0.871944
vt 0.382666 0.883779
vt 0.345188 0.871944
vt 0.382235 0.885200
vt 0.420693 0.893304
vt 0.382235 0.885200
vt 0.420403 0.894761
vt 0.459470 0.899056
vt 0.459324 0.900534
vt 0.498624 0.900979
vt 0.498624 0.902465
vt 0.537778 0.899056
vt 0.498624 0.902465
vt 0.537923 0.900534
vt 0.576555 0.893304
vt 0.537923 0.900534
vt 0.576845 0.894761
vt 0.614581 0.883779
vt 0.576845 0.894761
vt 0.615012 0.885200
vt 0.651491 0.870572
vt 0.615012 0.885200
vt 0.652059 0.871944
vt 0.686929 0.853811
vt 0.652059 0.871944
vt 0.687629 0.855121
vt 0.720553 0.833658
vt 0.721378 0.834893
vt 0.752039 0.810306
vt 0.752982 0.811454
vt 0.781085 0.783980
vt 0.782136 0.785030
vt 0.807411 0.754934
vt 0.782136 0.785030
vt 0.808559 0.755876
vt 0.830764 0.723447
vt 0.808559 0.755876
vt 0.831999 0.724272
vt 0.850917 0.689823
vt 0.831999 0.724272
vt 0.852227 0.690523
vt 0.867678 0.654385
vt 0.852227 0.690523
vt 0.869050 0.654954
vt 0.880884 0.617475
vt 0.882306 0.617907
vt 0.890409 0.579449
vt 0.891866 0.579739
vt 0.896161 0.540672
vt 0.891866 0.579739
vt 0.897640 0.540818
vt 0.898085 0.501518
vt 0.897640 0.540818
vt 0.899570 0.501518
vt 0.896161 0.462364
vt 0.897640 0.462218
vt 0.890409 0.423587
vt 0.897640 0.462218
vt 0.891866 0.423297
vt 0.880884 0.385560
vt 0.891866 0.423297
vt 0.882306 0.385129
vt 0.867678 0.348651
vt 0.869050 0.348082
vt 0.850917 0.313213
vt 0.852227 0.312513
vt 0.830764 0.279589
vt 0.831999 0.278764
vt 0.807411 0.248102
vt 0.808560 0.247160
vt 0.781086 0.219056
vt 0.808560 0.247160
vt 0.782136 0.218006
vt 0.752039 0.192730
vt 0.782136 0.218006
vt 0.752982 0.191582
vt 0.720553 0.169378
vt 0.752982 0.191582
vt 0.721378 0.168143
vt 0.686929 0.149224
vt 0.721378 0.168143
vt 0.687629 0.147914
vt 0.651491 0.132464
vt 0.687629 0.147914
vt 0.652059 0.131091
vt 0.614581 0.119257
vt 0.652059 0.131091
vt 0.615012 0.117836
vt 0.576555 0.109732
vt 0.615012 0.117836
vt 0.576845 0.108275
vt 0.537778 0.103980
vt 0.537924 0.102502
vt 0.465766 0.167905
vt 0.498624 0.166290
vt 0.498624 0.164805
vt 0.465620 0.166426
vt 0.433224 0.172732
vt 0.432934 0.171275
vt 0.401312 0.180725
vt 0.432934 0.171275
vt 0.400881 0.179304
vt 0.370338 0.191808
vt 0.400881 0.179304
vt 0.369769 0.190435
vt 0.340598 0.205873
vt 0.339898 0.204563
vt 0.312381 0.222786
vt 0.339898 0.204563
vt 0.311556 0.221551
vt 0.285958 0.242383
vt 0.311556 0.221551
vt 0.285015 0.241235
vt 0.261582 0.264476
vt 0.285015 0.241235
vt 0.260532 0.263426
vt 0.239489 0.288852
vt 0.238341 0.287909
vt 0.219892 0.315275
vt 0.218657 0.314450
vt 0.202979 0.343493
vt 0.201669 0.342793
vt 0.188914 0.373232
vt 0.201669 0.342793
vt 0.187541 0.372663
vt 0.177831 0.404207
vt 0.187541 0.372663
vt 0.176409 0.403775
vt 0.169837 0.436118
vt 0.168380 0.435828
vt 0.165010 0.468660
vt 0.163532 0.468514
vt 0.163396 0.501518
vt 0.161911 0.501518
vt 0.165010 0.534376
vt 0.161911 0.501518
vt 0.163532 0.534522
vt 0.169837 0.566918
vt 0.163532 0.534522
vt 0.168380 0.567208
vt 0.177831 0.598829
vt 0.168380 0.567208
vt 0.176409 0.599261
vt 0.188914 0.629804
vt 0.176409 0.599261
vt 0.187541 0.630372
vt 0.202979 0.659543
vt 0.201669 0.660243
vt 0.219892 0.687760
vt 0.218657 0.688586
vt 0.239489 0.714184
vt 0.218657 0.688586
vt 0.238341 0.715126
vt 0.261582 0.738560
vt 0.238341 0.715126
vt 0.260532 0.739610
vt 0.285958 0.760652
vt 0.260532 0.739610
vt 0.285015 0.761801
vt 0.312381 0.780250
vt 0.285015 0.761801
vt 0.311556 0.781485
vt 0.340598 0.797162
vt 0.339898 0.798472
vt 0.370338 0.811228
vt 0.369769 0.812600
vt 0.401312 0.822311
vt 0.400881 0.823732
vt 0.433224 0.830304
vt 0.400881 0.823732
vt 0.432934 0.831761
vt 0.465766 0.835131
vt 0.432934 0.831761
vt 0.465620 0.836610
vt 0.498624 0.836746
vt 0.465620 0.836610
vt 0.498624 0.838231
vt 0.531482 0.835131
vt 0.498624 0.838231
vt 0.531627 0.836610
vt 0.564023 0.830304
vt 0.564313 0.831761
vt 0.595935 0.822311
vt 0.564313 0.831761
vt 0.596366 0.823732
vt 0.626910 0.811228
vt 0.596366 0.823732
vt 0.627478 0.812600
vt 0.656649 0.797162
vt 0.627478 0.812600
vt 0.657349 0.798472
vt 0.684866 0.780250
vt 0.657349 0.798472
vt 0.685692 0.781485
vt 0.711290 0.760652
vt 0.685692 0.781485
vt 0.712232 0.761801
vt 0.735665 0.738560
vt 0.712232 0.761801
vt 0.736715 0.739610
vt 0.757758 0.714184
vt 0.736715 0.739610
vt 0.758906 0.715127
vt 0.777355 0.687760
vt 0.758906 0.715127
vt 0.778590 0.688586
vt 0.794268 0.659543
vt 0.778590 0.688586
vt 0.795578 0.660244
vt 0.808334 0.629804
vt 0.809706 0.630373
vt 0.819417 0.598830
vt 0.809706 0.630373
vt 0.820838 0.599261
vt 0.827410 0.566918
vt 0.820838 0.599261
vt 0.828867 0.567208
vt 0.832237 0.534376
vt 0.828867 0.567208
vt 0.833715 0.534522
vt 0.833851 0.501518
vt 0.833715 0.534522
vt 0.835337 0.501518
vt 0.832237 0.468660
vt 0.835337 0.501518
vt 0.833715 0.468514
vt 0.827410 0.436118
vt 0.828867 0.435828
vt 0.819417 0.404206
vt 0.828867 0.435828
vt 0.820838 0.403775
vt 0.808334 0.373232
vt 0.820838 0.403775
vt 0.809706 0.372663
vt 0.794268 0.343493
vt 0.795578 0.342793
vt 0.777356 0.315275
vt 0.778591 0.314450
vt 0.757758 0.288852
vt 0.778591 0.314450
vt 0.758906 0.287909
vt 0.735666 0.264476
vt 0.758906 0.287909
vt 0.736716 0.263426
vt 0.711290 0.242383
vt 0.736716 0.263426
vt 0.712232 0.241235
vt 0.684866 0.222786
vt 0.712232 0.241235
vt 0.685692 0.221551
vt 0.656649 0.205873
vt 0.685692 0.221551
vt 0.657349 0.204563
vt 0.626910 0.191808
vt 0.657349 0.204563
vt 0.627478 0.190436
vt 0.595935 0.180725
vt 0.627478 0.190436
vt 0.596366 0.179303
vt 0.564023 0.172731
vt 0.564313 0.171275
vt 0.531482 0.167904
vt 0.564313 0.171275
vt 0.531628 0.166426
vt 0.531628 0.166426
vt 0.498624 0.164805
vt 0.880149 0.501518
vt 0.878312 0.538914
vt 0.181397 0.713482
vt 0.162148 0.681368
vt 0.878312 0.464122
vt 0.203700 0.743555
vt 0.872818 0.427086
vt 0.228844 0.771297
vt 0.863721 0.390767
vt 0.256586 0.796441
vt 0.851108 0.355514
vt 0.286659 0.818745
vt 0.835100 0.321668
vt 0.318774 0.837994
vt 0.461228 0.121829
vt 0.498624 0.119992
vt 0.815851 0.289554
vt 0.352620 0.854002
vt 0.424192 0.127323
vt 0.793547 0.259480
vt 0.387873 0.866615
vt 0.387873 0.136420
vt 0.768403 0.231739
vt 0.424192 0.875713
vt 0.352620 0.149034
vt 0.740661 0.206595
vt 0.461228 0.881207
vt 0.318774 0.165042
vt 0.710588 0.184291
vt 0.498624 0.883044
vt 0.286659 0.184291
vt 0.678474 0.165042
vt 0.536020 0.881207
vt 0.256586 0.206594
vt 0.644627 0.149034
vt 0.573056 0.875713
vt 0.228844 0.231739
vt 0.609375 0.136420
vt 0.609375 0.866615
vt 0.203700 0.259480
vt 0.573056 0.127323
vt 0.644627 0.854002
vt 0.181397 0.289554
vt 0.536020 0.121829
vt 0.678474 0.837994
vt 0.162148 0.321668
vt 0.710588 0.818745
vt 0.146140 0.355515
vt 0.740661 0.796441
vt 0.133526 0.390767
vt 0.768403 0.771297
vt 0.124429 0.427086
vt 0.793547 0.743555
vt 0.118935 0.464122
vt 0.815851 0.713482
vt 0.117098 0.501518
vt 0.835099 0.681368
vt 0.118935 0.538914
vt 0.851108 0.647521
vt 0.124429 0.575950
vt 0.863721 0.612269
vt 0.133526 0.612269
vt 0.872818 0.575950
vt 0.146140 0.647521
vt 0.806981 0.531888
vt 0.802520 0.561967
vt 0.225361 0.647580
vt 0.212360 0.620092
vt 0.808473 0.501518
vt 0.240993 0.673661
vt 0.806981 0.471147
vt 0.259107 0.698084
vt 0.802520 0.441069
vt 0.279527 0.720615
vt 0.795131 0.411573
vt 0.302057 0.741035
vt 0.784888 0.382944
vt 0.326481 0.759148
vt 0.771887 0.355456
vt 0.352562 0.774781
vt 0.468253 0.193160
vt 0.498624 0.191668
vt 0.756254 0.329375
vt 0.380049 0.787782
vt 0.438175 0.197622
vt 0.738141 0.304951
vt 0.408679 0.798026
vt 0.408679 0.205010
vt 0.717721 0.282421
vt 0.438175 0.805414
vt 0.380049 0.215254
vt 0.695190 0.262001
vt 0.468253 0.809876
vt 0.352562 0.228254
vt 0.670767 0.243887
vt 0.498624 0.811368
vt 0.326481 0.243887
vt 0.644686 0.228255
vt 0.528994 0.809876
vt 0.302057 0.262000
vt 0.617198 0.215254
vt 0.559073 0.805414
vt 0.279527 0.282421
vt 0.588568 0.205010
vt 0.588569 0.798026
vt 0.259107 0.304951
vt 0.559072 0.197622
vt 0.617198 0.787782
vt 0.240993 0.329375
vt 0.528994 0.193160
vt 0.644686 0.774781
vt 0.225361 0.355456
vt 0.670767 0.759149
vt 0.212360 0.382943
vt 0.695190 0.741035
vt 0.202116 0.411573
vt 0.717720 0.720615
vt 0.194728 0.441069
vt 0.738141 0.698085
vt 0.190266 0.471147
vt 0.756254 0.673661
vt 0.188774 0.501518
vt 0.771887 0.647580
vt 0.190266 0.531888
vt 0.784887 0.620092
vt 0.194728 0.561967
vt 0.795131 0.591463
vt 0.202116 0.591462
vt 0.785278 0.726634
vt 0.806776 0.697649
vt 0.806776 0.697649
vt 0.785278 0.726634
vt 0.135065 0.457307
vt 0.133294 0.493350
vt 0.133294 0.493350
vt 0.135065 0.457307
vt 0.825328 0.666696
vt 0.825328 0.666696
vt 0.135065 0.529394
vt 0.135065 0.529394
vt 0.840757 0.634073
vt 0.840757 0.634073
vt 0.140360 0.565090
vt 0.140360 0.565090
vt 0.852914 0.600096
vt 0.852914 0.600096
vt 0.149128 0.600096
vt 0.149128 0.600096
vt 0.861683 0.565090
vt 0.861683 0.565090
vt 0.161286 0.634073
vt 0.161286 0.634073
vt 0.866978 0.529394
vt 0.866978 0.529394
vt 0.176715 0.666696
vt 0.176715 0.666696
vt 0.868749 0.493350
vt 0.868749 0.493350
vt 0.195267 0.697649
vt 0.195267 0.697649
vt 0.866978 0.457307
vt 0.866978 0.457307
vt 0.216764 0.726634
vt 0.216764 0.726634
vt 0.861683 0.421610
vt 0.861683 0.421610
vt 0.240999 0.753373
vt 0.240999 0.753373
vt 0.852914 0.386605
vt 0.852914 0.386605
vt 0.267738 0.777607
vt 0.267738 0.777607
vt 0.840757 0.352627
vt 0.840757 0.352627
vt 0.805100 0.327330
vt 0.819567 0.358573
vt 0.879188 0.333348
vt 0.862013 0.296256
vt 0.825328 0.320005
vt 0.825328 0.320005
vt 0.296723 0.799104
vt 0.327676 0.817657
vt 0.327676 0.817657
vt 0.296723 0.799104
vt 0.501021 0.125623
vt 0.464978 0.127394
vt 0.464978 0.127394
vt 0.501021 0.125623
vt 0.806776 0.289052
vt 0.806776 0.289052
vt 0.360298 0.833086
vt 0.360298 0.833086
vt 0.429281 0.132689
vt 0.429281 0.132689
vt 0.785278 0.260066
vt 0.785278 0.260066
vt 0.394276 0.845243
vt 0.394276 0.845243
vt 0.394276 0.141457
vt 0.394276 0.141457
vt 0.761044 0.233328
vt 0.761044 0.233328
vt 0.429281 0.854012
vt 0.429281 0.854012
vt 0.360298 0.153614
vt 0.360298 0.153614
vt 0.734305 0.209093
vt 0.734305 0.209093
vt 0.464978 0.859307
vt 0.464978 0.859307
vt 0.327676 0.169044
vt 0.327676 0.169044
vt 0.705320 0.187596
vt 0.705320 0.187596
vt 0.501021 0.861077
vt 0.501021 0.861077
vt 0.296723 0.187596
vt 0.296723 0.187596
vt 0.674367 0.169044
vt 0.674367 0.169044
vt 0.537065 0.859307
vt 0.537065 0.859307
vt 0.267738 0.209093
vt 0.267738 0.209093
vt 0.641744 0.153614
vt 0.641744 0.153614
vt 0.572761 0.854012
vt 0.572761 0.854012
vt 0.240999 0.233328
vt 0.240999 0.233328
vt 0.607767 0.141457
vt 0.607767 0.141457
vt 0.607767 0.845243
vt 0.607767 0.845243
vt 0.216764 0.260066
vt 0.216764 0.260066
vt 0.572761 0.132689
vt 0.572761 0.132689
vt 0.641745 0.833086
vt 0.641745 0.833086
vt 0.195267 0.289052
vt 0.195267 0.289052
vt 0.537065 0.127394
vt 0.537065 0.127394
vt 0.674367 0.817657
vt 0.674367 0.817657
vt 0.176715 0.320005
vt 0.176715 0.320005
vt 0.705320 0.799104
vt 0.705320 0.799104
vt 0.161286 0.352627
vt 0.161286 0.352627
vt 0.734305 0.777607
vt 0.734305 0.777607
vt 0.149128 0.386605
vt 0.149128 0.386605
vt 0.761044 0.753373
vt 0.761044 0.753373
vt 0.140360 0.421610
vt 0.140360 0.421610
vt 0.282288 0.765595
vt 0.257217 0.742385
vt 0.211585 0.788996
vt 0.241349 0.816550
vt 0.726612 0.399907
vt 0.734685 0.422469
vt 0.807418 0.400406
vt 0.796832 0.370821
vt 0.830966 0.391115
vt 0.892720 0.371980
vt 0.346117 0.682102
vt 0.328362 0.666010
vt 0.274618 0.719754
vt 0.297899 0.740855
vt 0.740507 0.445713
vt 0.815052 0.430886
vt 0.309465 0.786184
vt 0.273613 0.840993
vt 0.312269 0.648255
vt 0.253516 0.696472
vt 0.338488 0.803953
vt 0.308067 0.862087
vt 0.744023 0.469417
vt 0.819663 0.461967
vt 0.787705 0.297685
vt 0.841362 0.261063
vt 0.297995 0.629008
vt 0.234799 0.671234
vt 0.501021 0.141162
vt 0.534817 0.142858
vt 0.541142 0.077258
vt 0.501021 0.075244
vt 0.745199 0.493350
vt 0.821204 0.493350
vt 0.369075 0.818730
vt 0.344380 0.879630
vt 0.285676 0.608455
vt 0.218645 0.644283
vt 0.433756 0.147929
vt 0.467226 0.142858
vt 0.460901 0.077258
vt 0.421166 0.083278
vt 0.768638 0.672165
vt 0.749822 0.697535
vt 0.784631 0.726102
vt 0.806079 0.697183
vt 0.744023 0.517284
vt 0.819663 0.524734
vt 0.258019 0.469417
vt 0.261535 0.445713
vt 0.186991 0.430886
vt 0.182380 0.461967
vt 0.275431 0.586793
vt 0.205211 0.615879
vt 0.400934 0.830373
vt 0.382201 0.893453
vt 0.689773 0.648255
vt 0.673681 0.666010
vt 0.727425 0.719754
vt 0.748526 0.696472
vt 0.740507 0.540987
vt 0.815052 0.555815
vt 0.400934 0.156327
vt 0.382201 0.093248
vt 0.267358 0.422469
vt 0.194625 0.400406
vt 0.267358 0.564231
vt 0.194625 0.586294
vt 0.744826 0.244315
vt 0.767549 0.269924
vt 0.817434 0.228106
vt 0.790457 0.197705
vt 0.655926 0.682102
vt 0.704143 0.740855
vt 0.734685 0.564231
vt 0.807417 0.586294
vt 0.433756 0.838771
vt 0.421166 0.903422
vt 0.275431 0.399907
vt 0.205211 0.370821
vt 0.261535 0.540987
vt 0.186991 0.555815
vt 0.369075 0.167970
vt 0.344380 0.107071
vt 0.636679 0.696377
vt 0.678906 0.759573
vt 0.726612 0.586793
vt 0.796832 0.615879
vt 0.719755 0.221105
vt 0.760694 0.170150
vt 0.285676 0.378246
vt 0.218645 0.342417
vt 0.258019 0.517284
vt 0.182380 0.524734
vt 0.467226 0.843843
vt 0.460901 0.909443
vt 0.616126 0.708696
vt 0.651955 0.775726
vt 0.180000 0.493350
vt 0.181546 0.461885
vt 0.181546 0.461885
vt 0.180000 0.493350
vt 0.338488 0.182748
vt 0.308067 0.124614
vt 0.501021 0.249172
vt 0.524955 0.250348
vt 0.532405 0.174709
vt 0.501021 0.173167
vt 0.767941 0.671700
vt 0.749174 0.697004
vt 0.749174 0.697004
vt 0.767941 0.671700
vt 0.692577 0.200516
vt 0.728430 0.145708
vt 0.297995 0.357692
vt 0.234799 0.315466
vt 0.716367 0.608455
vt 0.783398 0.644283
vt 0.501021 0.845539
vt 0.501021 0.911456
vt 0.594464 0.718941
vt 0.623550 0.789161
vt 0.256844 0.493350
vt 0.180838 0.493350
vt 0.309465 0.200516
vt 0.273613 0.145708
vt 0.548658 0.253864
vt 0.563486 0.179319
vt 0.663555 0.182748
vt 0.693976 0.124614
vt 0.312269 0.338445
vt 0.253516 0.290228
vt 0.534817 0.843843
vt 0.541142 0.909443
vt 0.571903 0.727014
vt 0.593966 0.799746
vt 0.282288 0.221105
vt 0.241349 0.170150
vt 0.571903 0.259687
vt 0.593966 0.186954
vt 0.632967 0.167970
vt 0.657663 0.107071
vt 0.328362 0.320690
vt 0.274618 0.266946
vt 0.568287 0.838771
vt 0.580877 0.903422
vt 0.548658 0.732836
vt 0.563486 0.807381
vt 0.784137 0.644678
vt 0.784137 0.644678
vt 0.181546 0.524816
vt 0.181546 0.524816
vt 0.704048 0.629008
vt 0.767244 0.671234
vt 0.797606 0.616200
vt 0.797606 0.616200
vt 0.186169 0.555978
vt 0.186169 0.555978
vt 0.808219 0.586538
vt 0.808219 0.586538
vt 0.193823 0.586538
vt 0.193823 0.586538
vt 0.815874 0.555978
vt 0.815874 0.555978
vt 0.204437 0.616200
vt 0.204437 0.616200
vt 0.820497 0.524816
vt 0.820497 0.524816
vt 0.217906 0.644678
vt 0.217906 0.644678
vt 0.822042 0.493350
vt 0.822042 0.493350
vt 0.234102 0.671700
vt 0.234102 0.671700
vt 0.820497 0.461885
vt 0.820497 0.461885
vt 0.252869 0.697004
vt 0.252869 0.697004
vt 0.815874 0.430722
vt 0.815874 0.430722
vt 0.274025 0.720346
vt 0.274025 0.720346
vt 0.808219 0.400163
vt 0.808219 0.400163
vt 0.297368 0.741503
vt 0.297368 0.741503
vt 0.797606 0.370501
vt 0.797606 0.370501
vt 0.322672 0.760269
vt 0.322672 0.760269
vt 0.784137 0.342022
vt 0.784137 0.342022
vt 0.349693 0.776465
vt 0.349693 0.776465
vt 0.469556 0.173875
vt 0.501021 0.172329
vt 0.501021 0.172329
vt 0.469556 0.173875
vt 0.767941 0.315000
vt 0.767941 0.315000
vt 0.378172 0.789935
vt 0.378172 0.789935
vt 0.438393 0.178497
vt 0.438393 0.178497
vt 0.749174 0.289697
vt 0.749174 0.289697
vt 0.407834 0.800548
vt 0.407834 0.800548
vt 0.407834 0.186152
vt 0.407834 0.186152
vt 0.728017 0.266354
vt 0.728017 0.266354
vt 0.438393 0.808203
vt 0.438393 0.808203
vt 0.378172 0.196765
vt 0.378172 0.196765
vt 0.704675 0.245198
vt 0.704675 0.245198
vt 0.469556 0.812825
vt 0.469556 0.812825
vt 0.349693 0.210235
vt 0.349693 0.210235
vt 0.679371 0.226431
vt 0.679371 0.226431
vt 0.501021 0.814371
vt 0.501021 0.814371
vt 0.322672 0.226431
vt 0.322672 0.226431
vt 0.652350 0.210235
vt 0.652350 0.210235
vt 0.532487 0.812825
vt 0.532487 0.812825
vt 0.297368 0.245198
vt 0.297368 0.245198
vt 0.623871 0.196765
vt 0.623871 0.196765
vt 0.563649 0.808203
vt 0.563649 0.808203
vt 0.274025 0.266354
vt 0.274025 0.266354
vt 0.594209 0.186152
vt 0.594209 0.186152
vt 0.594209 0.800548
vt 0.594209 0.800548
vt 0.252869 0.289697
vt 0.252869 0.289697
vt 0.563649 0.178497
vt 0.563649 0.178497
vt 0.623871 0.789935
vt 0.623871 0.789935
vt 0.234102 0.315000
vt 0.234102 0.315000
vt 0.532487 0.173875
vt 0.532487 0.173875
vt 0.652350 0.776465
vt 0.652350 0.776465
vt 0.217906 0.342022
vt 0.217906 0.342022
vt 0.679371 0.760269
vt 0.679371 0.760269
vt 0.204437 0.370501
vt 0.204437 0.370501
vt 0.704675 0.741503
vt 0.704675 0.741503
vt 0.193823 0.400163
vt 0.193823 0.400163
vt 0.728017 0.720346
vt 0.728017 0.720346
vt 0.186169 0.430722
vt 0.186169 0.430722
vt 0.469474 0.173041
vt 0.501021 0.171491
vt 0.501021 0.126461
vt 0.465060 0.128228
vt 0.179162 0.493350
vt 0.180712 0.461802
vt 0.135899 0.457389
vt 0.134132 0.493350
vt 0.728610 0.720939
vt 0.705207 0.742151
vt 0.733774 0.776959
vt 0.760451 0.752780
vt 0.193021 0.399920
vt 0.203662 0.370180
vt 0.162060 0.352948
vt 0.149930 0.386848
vt 0.679837 0.760966
vt 0.704854 0.798407
vt 0.217167 0.341627
vt 0.177454 0.320400
vt 0.652745 0.777205
vt 0.673972 0.816918
vt 0.233405 0.314535
vt 0.195964 0.289517
vt 0.185347 0.430559
vt 0.141182 0.421774
vt 0.624192 0.790709
vt 0.641424 0.832312
vt 0.532569 0.173041
vt 0.563813 0.177676
vt 0.572598 0.133511
vt 0.536983 0.128228
vt 0.252221 0.289165
vt 0.217412 0.260598
vt 0.594452 0.801350
vt 0.607524 0.844441
vt 0.594452 0.185350
vt 0.607524 0.142259
vt 0.273433 0.265761
vt 0.241591 0.233920
vt 0.563813 0.809025
vt 0.572598 0.853190
vt 0.624191 0.195991
vt 0.641424 0.154389
vt 0.296836 0.244550
vt 0.268269 0.209741
vt 0.532569 0.813659
vt 0.536983 0.858473
vt 0.652745 0.209496
vt 0.673972 0.169783
vt 0.322206 0.225734
vt 0.297189 0.188293
vt 0.501021 0.815209
vt 0.501021 0.860239
vt 0.679837 0.225734
vt 0.704854 0.188293
vt 0.349298 0.209496
vt 0.328071 0.169783
vt 0.469474 0.813659
vt 0.465060 0.858473
vt 0.705207 0.244550
vt 0.733774 0.209741
vt 0.377851 0.195991
vt 0.360619 0.154389
vt 0.438230 0.809025
vt 0.429445 0.853190
vt 0.728610 0.265761
vt 0.760451 0.233920
vt 0.407591 0.185350
vt 0.394519 0.142259
vt 0.407591 0.801350
vt 0.394519 0.844441
vt 0.749822 0.289165
vt 0.784631 0.260598
vt 0.438230 0.177676
vt 0.429445 0.133511
vt 0.377851 0.790709
vt 0.360619 0.832312
vt 0.768638 0.314535
vt 0.806079 0.289517
vt 0.349298 0.777205
vt 0.328071 0.816918
vt 0.784876 0.341627
vt 0.824589 0.320400
vt 0.322206 0.760966
vt 0.297189 0.798407
vt 0.798380 0.370180
vt 0.839983 0.352948
vt 0.296836 0.742151
vt 0.268269 0.776959
vt 0.809021 0.399919
vt 0.852113 0.386848
vt 0.273433 0.720939
vt 0.241591 0.752780
vt 0.816696 0.430559
vt 0.860861 0.421774
vt 0.252221 0.697535
vt 0.217412 0.726102
vt 0.821331 0.461802
vt 0.866144 0.457389
vt 0.233405 0.672165
vt 0.195964 0.697183
vt 0.822880 0.493350
vt 0.867911 0.493350
vt 0.217167 0.645074
vt 0.177454 0.666301
vt 0.821331 0.524898
vt 0.866144 0.529312
vt 0.203662 0.616520
vt 0.162060 0.633753
vt 0.816696 0.556142
vt 0.860861 0.564927
vt 0.193021 0.586781
vt 0.149930 0.599852
vt 0.809021 0.586781
vt 0.852113 0.599852
vt 0.185347 0.556142
vt 0.141182 0.564927
vt 0.798380 0.616520
vt 0.839983 0.633753
vt 0.180712 0.524898
vt 0.135899 0.529312
vt 0.784876 0.645073
vt 0.824589 0.666301
vt 0.365363 0.696377
vt 0.323137 0.759573
vt 0.839188 0.424642
vt 0.902481 0.411782
vt 0.716367 0.378246
vt 0.783398 0.342417
vt 0.234494 0.716776
vt 0.184609 0.758594
vt 0.385917 0.708696
vt 0.350088 0.775726
vt 0.844153 0.458830
vt 0.908375 0.452369
vt 0.704048 0.357692
vt 0.767244 0.315466
vt 0.214338 0.689016
vt 0.160681 0.725637
vt 0.689773 0.338445
vt 0.748526 0.290228
vt 0.845813 0.493350
vt 0.910346 0.493350
vt 0.407579 0.718941
vt 0.378493 0.789161
vt 0.196942 0.659371
vt 0.140029 0.690444
vt 0.453385 0.253864
vt 0.477088 0.250348
vt 0.469638 0.174709
vt 0.438557 0.179319
vt 0.819567 0.628127
vt 0.805100 0.659371
vt 0.862013 0.690444
vt 0.879188 0.653352
vt 0.844153 0.527871
vt 0.908375 0.534332
vt 0.157890 0.527871
vt 0.156230 0.493350
vt 0.091697 0.493350
vt 0.093668 0.534332
vt 0.182476 0.628127
vt 0.122855 0.653352
vt 0.430140 0.727014
vt 0.408077 0.799746
vt 0.839188 0.562059
vt 0.902481 0.574919
vt 0.430140 0.259687
vt 0.408077 0.186954
vt 0.162855 0.424642
vt 0.171077 0.391115
vt 0.109322 0.371980
vt 0.099562 0.411782
vt 0.171077 0.595585
vt 0.109322 0.614720
vt 0.673681 0.320690
vt 0.727425 0.266946
vt 0.744826 0.742385
vt 0.719755 0.765596
vt 0.760694 0.816550
vt 0.790457 0.788996
vt 0.830966 0.595585
vt 0.892720 0.614720
vt 0.453385 0.732836
vt 0.438557 0.807381
vt 0.182476 0.358573
vt 0.122855 0.333348
vt 0.162855 0.562059
vt 0.099562 0.574919
vt 0.407579 0.267759
vt 0.378493 0.197540
vt 0.692577 0.786184
vt 0.728430 0.840993
vt 0.655926 0.304598
vt 0.704143 0.245845
vt 0.196942 0.327330
vt 0.140029 0.296256
vt 0.477088 0.736352
vt 0.469638 0.811991
vt 0.157890 0.458830
vt 0.093668 0.452369
vt 0.385917 0.278005
vt 0.350088 0.210974
vt 0.663555 0.803953
vt 0.693976 0.862087
vt 0.787705 0.689016
vt 0.767549 0.716776
vt 0.817434 0.758594
vt 0.841362 0.725637
vt 0.636679 0.290324
vt 0.678906 0.227128
vt 0.214338 0.297685
vt 0.160681 0.261063
vt 0.501021 0.737528
vt 0.501021 0.813533
vt 0.632967 0.818730
vt 0.657663 0.879630
vt 0.365363 0.290324
vt 0.323137 0.227128
vt 0.568287 0.147929
vt 0.580877 0.083278
vt 0.616126 0.278005
vt 0.651955 0.210974
vt 0.234494 0.269924
vt 0.184609 0.228106
vt 0.524955 0.736352
vt 0.532405 0.811991
vt 0.601109 0.830373
vt 0.619842 0.893453
vt 0.346117 0.304598
vt 0.297899 0.245845
vt 0.601109 0.156327
vt 0.619842 0.093248
vt 0.594464 0.267759
vt 0.623550 0.197540
vt 0.257217 0.244315
vt 0.211585 0.197705
vt 0.668599 0.494453
vt 0.667805 0.510633
vt 0.799916 0.523645
vt 0.801350 0.494453
vt 0.595234 0.357194
vt 0.608245 0.366844
vt 0.692461 0.264227
vt 0.668986 0.246817
vt 0.351006 0.557625
vt 0.345549 0.542373
vt 0.218514 0.580909
vt 0.228360 0.608427
vt 0.665427 0.526659
vt 0.661491 0.542373
vt 0.788526 0.580909
vt 0.795627 0.552557
vt 0.620248 0.377723
vt 0.714117 0.283855
vt 0.341613 0.526660
vt 0.211413 0.552559
vt 0.656034 0.557626
vt 0.778679 0.608428
vt 0.631129 0.389728
vt 0.733746 0.305512
vt 0.339235 0.510633
vt 0.207124 0.523645
vt 0.649107 0.572271
vt 0.766183 0.634849
vt 0.640779 0.402740
vt 0.751157 0.328988
vt 0.338440 0.494453
vt 0.205690 0.494453
vt 0.640779 0.586167
vt 0.751156 0.659919
vt 0.649107 0.416635
vt 0.766183 0.354057
vt 0.339236 0.478272
vt 0.207124 0.465261
vt 0.631129 0.599178
vt 0.733746 0.683394
vt 0.656034 0.431280
vt 0.778680 0.380479
vt 0.341612 0.462247
vt 0.211413 0.436348
vt 0.620250 0.611181
vt 0.714119 0.705050
vt 0.661491 0.446533
vt 0.788526 0.407997
vt 0.345549 0.446533
vt 0.218514 0.407997
vt 0.608245 0.622062
vt 0.692461 0.724679
vt 0.665427 0.462245
vt 0.795627 0.436347
vt 0.351006 0.431280
vt 0.228361 0.380478
vt 0.595233 0.631712
vt 0.668986 0.742090
vt 0.667804 0.478273
vt 0.799916 0.465261
vt 0.357933 0.416635
vt 0.240857 0.354057
vt 0.581338 0.640040
vt 0.643916 0.757116
vt 0.366262 0.402739
vt 0.255884 0.328987
vt 0.566693 0.646967
vt 0.617494 0.769612
vt 0.375912 0.389728
vt 0.273294 0.305512
vt 0.551440 0.652424
vt 0.589976 0.779459
vt 0.386790 0.377725
vt 0.292921 0.283856
vt 0.535728 0.656360
vt 0.561626 0.786560
vt 0.398795 0.366845
vt 0.314579 0.264227
vt 0.519700 0.658738
vt 0.532712 0.790849
vt 0.411807 0.357194
vt 0.338054 0.246816
vt 0.503520 0.659532
vt 0.503520 0.792283
vt 0.425702 0.348866
vt 0.363124 0.231790
vt 0.487340 0.658738
vt 0.474328 0.790849
vt 0.440348 0.341939
vt 0.389546 0.219293
vt 0.471314 0.656361
vt 0.445416 0.786560
vt 0.455600 0.336481
vt 0.417065 0.209447
vt 0.455600 0.652424
vt 0.417064 0.779459
vt 0.471312 0.332546
vt 0.445414 0.202346
vt 0.440347 0.646966
vt 0.389545 0.769612
vt 0.487340 0.330168
vt 0.474328 0.198057
vt 0.425702 0.640040
vt 0.363124 0.757116
vt 0.503520 0.329373
vt 0.503520 0.196623
vt 0.411806 0.631711
vt 0.338054 0.742089
vt 0.519700 0.330168
vt 0.532712 0.198057
vt 0.398795 0.622061
vt 0.314579 0.724679
vt 0.535726 0.332545
vt 0.561624 0.202346
vt 0.386792 0.611182
vt 0.292923 0.705051
vt 0.551440 0.336482
vt 0.589976 0.209447
vt 0.375911 0.599178
vt 0.273294 0.683394
vt 0.566694 0.341939
vt 0.617495 0.219294
vt 0.366261 0.586166
vt 0.255883 0.659918
vt 0.581338 0.348866
vt 0.643916 0.231790
vt 0.357933 0.572271
vt 0.240857 0.634849
vt 0.465620 0.166426
vt 0.465620 0.166426
vt 0.465620 0.166426
vt 0.498624 0.164805
vt 0.498624 0.164805
vt 0.498624 0.164805
vt 0.432934 0.171275
vt 0.432934 0.171275
vt 0.432934 0.171275
vt 0.400881 0.179304
vt 0.400881 0.179304
vt 0.400881 0.179304
vt 0.369769 0.190435
vt 0.369769 0.190435
vt 0.369769 0.190435
vt 0.339898 0.204563
vt 0.339898 0.204563
vt 0.339898 0.204563
vt 0.311556 0.221551
vt 0.311556 0.221551
vt 0.311556 0.221551
vt 0.285015 0.241235
vt 0.285015 0.241235
vt 0.285015 0.241235
vt 0.260532 0.263426
vt 0.260532 0.263426
vt 0.260532 0.263426
vt 0.238341 0.287909
vt 0.238341 0.287909
vt 0.238341 0.287909
vt 0.218657 0.314450
vt 0.218657 0.314450
vt 0.218657 0.314450
vt 0.201669 0.342793
vt 0.201669 0.342793
vt 0.201669 0.342793
vt 0.187541 0.372663
vt 0.187541 0.372663
vt 0.187541 0.372663
vt 0.176409 0.403775
vt 0.176409 0.403775
vt 0.176409 0.403775
vt 0.168380 0.435828
vt 0.168380 0.435828
vt 0.168380 0.435828
vt 0.163532 0.468514
vt 0.163532 0.468514
vt 0.163532 0.468514
vt 0.161911 0.501518
vt 0.161911 0.501518
vt 0.161911 0.501518
vt 0.163532 0.534522
vt 0.163532 0.534522
vt 0.163532 0.534522
vt 0.168380 0.567208
vt 0.168380 0.567208
vt 0.168380 0.567208
vt 0.176409 0.599261
vt 0.176409 0.599261
vt 0.176409 0.599261
vt 0.187541 0.630372
vt 0.187541 0.630372
vt 0.187541 0.630372
vt 0.201669 0.660243
vt 0.201669 0.660243
vt 0.201669 0.660243
vt 0.218657 0.688586
vt 0.218657 0.688586
vt 0.218657 0.688586
vt 0.238341 0.715126
vt 0.238341 0.715126
vt 0.238341 0.715126
vt 0.260532 0.739610
vt 0.260532 0.739610
vt 0.260532 0.739610
vt 0.285015 0.761801
vt 0.285015 0.761801
vt 0.285015 0.761801
vt 0.311556 0.781485
vt 0.311556 0.781485
vt 0.311556 0.781485
vt 0.339898 0.798472
vt 0.339898 0.798472
vt 0.339898 0.798472
vt 0.369769 0.812600
vt 0.369769 0.812600
vt 0.369769 0.812600
vt 0.400881 0.823732
vt 0.400881 0.823732
vt 0.400881 0.823732
vt 0.432934 0.831761
vt 0.432934 0.831761
vt 0.432934 0.831761
vt 0.465620 0.836610
vt 0.465620 0.836610
vt 0.465620 0.836610
vt 0.498624 0.838231
vt 0.498624 0.838231
vt 0.498624 0.838231
vt 0.531627 0.836610
vt 0.531627 0.836610
vt 0.531627 0.836610
vt 0.564313 0.831761
vt 0.564313 0.831761
vt 0.564313 0.831761
vt 0.596366 0.823732
vt 0.596366 0.823732
vt 0.596366 0.823732
vt 0.627478 0.812600
vt 0.627478 0.812600
vt 0.627478 0.812600
vt 0.657349 0.798472
vt 0.657349 0.798472
vt 0.657349 0.798472
vt 0.685692 0.781485
vt 0.685692 0.781485
vt 0.685692 0.781485
vt 0.712232 0.761801
vt 0.712232 0.761801
vt 0.712232 0.761801
vt 0.736715 0.739610
vt 0.736715 0.739610
vt 0.736715 0.739610
vt 0.758906 0.715127
vt 0.758906 0.715127
vt 0.758906 0.715127
vt 0.778590 0.688586
vt 0.778590 0.688586
vt 0.778590 0.688586
vt 0.795578 0.660244
vt 0.795578 0.660244
vt 0.795578 0.660244
vt 0.809706 0.630373
vt 0.809706 0.630373
vt 0.809706 0.630373
vt 0.820838 0.599261
vt 0.820838 0.599261
vt 0.820838 0.599261
vt 0.828867 0.567208
vt 0.828867 0.567208
vt 0.828867 0.567208
vt 0.833715 0.534522
vt 0.833715 0.534522
vt 0.833715 0.534522
vt 0.835337 0.501518
vt 0.835337 0.501518
vt 0.835337 0.501518
vt 0.833715 0.468514
vt 0.833715 0.468514
vt 0.833715 0.468514
vt 0.828867 0.435828
vt 0.828867 0.435828
vt 0.828867 0.435828
vt 0.820838 0.403775
vt 0.820838 0.403775
vt 0.820838 0.403775
vt 0.809706 0.372663
vt 0.809706 0.372663
vt 0.809706 0.372663
vt 0.795578 0.342793
vt 0.795578 0.342793
vt 0.795578 0.342793
vt 0.778591 0.314450
vt 0.778591 0.314450
vt 0.778591 0.314450
vt 0.758906 0.287909
vt 0.758906 0.287909
vt 0.758906 0.287909
vt 0.736716 0.263426
vt 0.736716 0.263426
vt 0.736716 0.263426
vt 0.712232 0.241235
vt 0.712232 0.241235
vt 0.712232 0.241235
vt 0.685692 0.221551
vt 0.685692 0.221551
vt 0.685692 0.221551
vt 0.657349 0.204563
vt 0.657349 0.204563
vt 0.657349 0.204563
vt 0.627478 0.190436
vt 0.627478 0.190436
vt 0.627478 0.190436
vt 0.596366 0.179303
vt 0.596366 0.179303
vt 0.596366 0.179303
vt 0.564313 0.171275
vt 0.564313 0.171275
vt 0.564313 0.171275
vt 0.531628 0.166426
vt 0.531628 0.166426
vt 0.531628 0.166426
vt 0.461373 0.123307
vt 0.498624 0.121477
vt 0.424482 0.128780
vt 0.388304 0.137842
vt 0.353189 0.150406
vt 0.319474 0.166352
vt 0.287485 0.185526
vt 0.257529 0.207742
vt 0.229895 0.232789
vt 0.204849 0.260423
vt 0.182632 0.290379
vt 0.163458 0.322368
vt 0.147512 0.356083
vt 0.134948 0.391198
vt 0.125886 0.427376
vt 0.120413 0.464267
vt 0.118583 0.501518
vt 0.120413 0.538768
vt 0.125886 0.575660
vt 0.134948 0.611838
vt 0.147512 0.646953
vt 0.163458 0.680668
vt 0.182632 0.712657
vt 0.204849 0.742613
vt 0.229895 0.770247
vt 0.257529 0.795293
vt 0.287485 0.817510
vt 0.319474 0.836684
vt 0.353189 0.852629
vt 0.388304 0.865194
vt 0.424482 0.874256
vt 0.461373 0.879728
vt 0.498624 0.881558
vt 0.535874 0.879728
vt 0.572766 0.874256
vt 0.608944 0.865194
vt 0.644059 0.852629
vt 0.677774 0.836684
vt 0.709763 0.817510
vt 0.739719 0.795293
vt 0.767353 0.770247
vt 0.792399 0.742613
vt 0.814615 0.712657
vt 0.833789 0.680668
vt 0.849735 0.646953
vt 0.862300 0.611838
vt 0.871362 0.575660
vt 0.876834 0.538768
vt 0.878664 0.501518
vt 0.876834 0.464267
vt 0.871361 0.427376
vt 0.862300 0.391198
vt 0.849735 0.356083
vt 0.833790 0.322368
vt 0.814616 0.290379
vt 0.792399 0.260423
vt 0.767353 0.232789
vt 0.739719 0.207743
vt 0.709763 0.185526
vt 0.677774 0.166352
vt 0.644059 0.150406
vt 0.608944 0.137842
vt 0.572766 0.128780
vt 0.535874 0.123307
vt 0.465620 0.166426
vt 0.432934 0.171275
vt 0.400881 0.179304
vt 0.369769 0.190435
vt 0.339898 0.204563
vt 0.311556 0.221551
vt 0.285015 0.241235
vt 0.260532 0.263426
vt 0.238341 0.287909
vt 0.218657 0.314450
vt 0.201669 0.342793
vt 0.187541 0.372663
vt 0.176409 0.403775
vt 0.168380 0.435828
vt 0.163532 0.468514
vt 0.161911 0.501518
vt 0.163532 0.534522
vt 0.168380 0.567208
vt 0.176409 0.599261
vt 0.187541 0.630372
vt 0.201669 0.660243
vt 0.218657 0.688586
vt 0.238341 0.715126
vt 0.260532 0.739610
vt 0.285015 0.761801
vt 0.311556 0.781485
vt 0.339898 0.798472
vt 0.369769 0.812600
vt 0.400881 0.823732
vt 0.432934 0.831761
vt 0.465620 0.836610
vt 0.498624 0.838231
vt 0.531627 0.836610
vt 0.564313 0.831761
vt 0.596366 0.823732
vt 0.627478 0.812600
vt 0.657349 0.798472
vt 0.685692 0.781485
vt 0.712232 0.761801
vt 0.736715 0.739610
vt 0.758906 0.715127
vt 0.778590 0.688586
vt 0.795578 0.660244
vt 0.809706 0.630373
vt 0.820838 0.599261
vt 0.828867 0.567208
vt 0.833715 0.534522
vt 0.835337 0.501518
vt 0.833715 0.468514
vt 0.828867 0.435828
vt 0.820838 0.403775
vt 0.809706 0.372663
vt 0.795578 0.342793
vt 0.778591 0.314450
vt 0.758906 0.287909
vt 0.736716 0.263426
vt 0.712232 0.241235
vt 0.685692 0.221551
vt 0.657349 0.204563
vt 0.627478 0.190436
vt 0.596366 0.179303
vt 0.564313 0.171275
vt 0.498624 0.164805
vt 0.531628 0.166426
vt 0.468399 0.194638
vt 0.498624 0.193154
vt 0.438465 0.199079
vt 0.409111 0.206431
vt 0.380618 0.216626
vt 0.353262 0.229564
vt 0.327306 0.245122
vt 0.303000 0.263149
vt 0.280577 0.283471
vt 0.260255 0.305893
vt 0.242228 0.330200
vt 0.226671 0.356156
vt 0.213732 0.383512
vt 0.203538 0.412004
vt 0.196185 0.441359
vt 0.191744 0.471293
vt 0.190259 0.501518
vt 0.191744 0.531743
vt 0.196185 0.561677
vt 0.203538 0.591031
vt 0.213732 0.619524
vt 0.226671 0.646880
vt 0.242228 0.672836
vt 0.260255 0.697142
vt 0.280577 0.719564
vt 0.302999 0.739887
vt 0.327306 0.757913
vt 0.353262 0.773471
vt 0.380618 0.786409
vt 0.409110 0.796604
vt 0.438465 0.803957
vt 0.468399 0.808397
vt 0.498624 0.809882
vt 0.528849 0.808397
vt 0.558783 0.803957
vt 0.588137 0.796604
vt 0.616630 0.786409
vt 0.643986 0.773471
vt 0.669942 0.757913
vt 0.694248 0.739887
vt 0.716670 0.719564
vt 0.736992 0.697142
vt 0.755019 0.672836
vt 0.770577 0.646880
vt 0.783515 0.619524
vt 0.793710 0.591031
vt 0.801063 0.561677
vt 0.805503 0.531743
vt 0.806988 0.501518
vt 0.805503 0.471293
vt 0.801063 0.441359
vt 0.793710 0.412005
vt 0.783515 0.383512
vt 0.770577 0.356156
vt 0.755019 0.330200
vt 0.736993 0.305894
vt 0.716670 0.283471
vt 0.694248 0.263149
vt 0.669942 0.245122
vt 0.643986 0.229565
vt 0.616630 0.216626
vt 0.588137 0.206432
vt 0.558783 0.199079
vt 0.528849 0.194638
vt 0.158670 0.458908
vt 0.163624 0.424798
vt 0.766943 0.716268
vt 0.744271 0.741819
vt 0.171827 0.391348
vt 0.719257 0.764977
vt 0.183200 0.358880
vt 0.692142 0.785518
vt 0.197634 0.327707
vt 0.663185 0.803246
vt 0.501021 0.141963
vt 0.534740 0.143655
vt 0.214990 0.298130
vt 0.632667 0.817990
vt 0.568134 0.148714
vt 0.235100 0.270432
vt 0.600881 0.829607
vt 0.600881 0.157093
vt 0.257771 0.244882
vt 0.568134 0.837986
vt 0.632667 0.168710
vt 0.282785 0.221724
vt 0.534740 0.843046
vt 0.663185 0.183454
vt 0.309901 0.201182
vt 0.501021 0.844738
vt 0.692142 0.201182
vt 0.338857 0.183454
vt 0.467303 0.843046
vt 0.719257 0.221724
vt 0.369375 0.168710
vt 0.433909 0.837986
vt 0.744271 0.244882
vt 0.401161 0.157093
vt 0.401161 0.829607
vt 0.766943 0.270432
vt 0.433909 0.148714
vt 0.369375 0.817990
vt 0.787053 0.298129
vt 0.467303 0.143655
vt 0.338857 0.803246
vt 0.804409 0.327707
vt 0.309901 0.785518
vt 0.818843 0.358880
vt 0.282785 0.764977
vt 0.830216 0.391348
vt 0.257771 0.741819
vt 0.838419 0.424798
vt 0.235100 0.716268
vt 0.843372 0.458908
vt 0.214990 0.688571
vt 0.845029 0.493350
vt 0.197634 0.658993
vt 0.843372 0.527792
vt 0.183200 0.627820
vt 0.838419 0.561902
vt 0.171827 0.595353
vt 0.830216 0.595353
vt 0.163624 0.561902
vt 0.818843 0.627820
vt 0.158670 0.527792
vt 0.804409 0.658993
vt 0.157014 0.493350
vt 0.787053 0.688571
vn 0.0000 1.0000 -0.0000
vn -0.3721 0.9282 -0.0000
vn -0.3703 0.9282 -0.0365
vn 0.3094 0.9282 -0.2067
vn 0.3282 0.9282 -0.1754
vn -0.3703 0.9282 0.0365
vn 0.2876 0.9282 -0.2361
vn -0.3650 0.9282 0.0726
vn 0.2631 0.9282 -0.2631
vn -0.3561 0.9282 0.1080
vn 0.2361 0.9282 -0.2876
vn -0.3438 0.9282 0.1424
vn 0.2067 0.9282 -0.3094
vn -0.3282 0.9282 0.1754
vn 0.1754 0.9282 -0.3282
vn 0.0365 0.9282 0.3703
vn -0.0000 0.9282 0.3721
vn -0.3094 0.9282 0.2067
vn 0.1424 0.9282 -0.3438
vn 0.0726 0.9282 0.3650
vn -0.2876 0.9282 0.2361
vn 0.1080 0.9282 -0.3561
vn 0.1080 0.9282 0.3561
vn -0.2631 0.9282 0.2631
vn 0.0726 0.9282 -0.3650
vn 0.1424 0.9282 0.3438
vn -0.2361 0.9282 0.2876
vn 0.0365 0.9282 -0.3703
vn 0.1754 0.9282 0.3282
vn -0.2067 0.9282 0.3094
vn 0.0000 0.9282 -0.3721
vn 0.2067 0.9282 0.3094
vn -0.1754 0.9282 0.3282
vn -0.0365 0.9282 -0.3703
vn 0.2361 0.9282 0.2876
vn -0.1424 0.9282 0.3438
vn -0.0726 0.9282 -0.3650
vn 0.2631 0.9282 0.2631
vn -0.1080 0.9282 0.3561
vn -0.1080 0.9282 -0.3561
vn 0.2876 0.9282 0.2361
vn -0.0726 0.9282 0.3650
vn -0.1424 0.9282 -0.3438
vn 0.3094 0.9282 0.2067
vn -0.0365 0.9282 0.3703
vn -0.1754 0.9282 -0.3282
vn 0.3282 0.9282 0.1754
vn -0.2067 0.9282 -0.3094
vn 0.3438 0.9282 0.1424
vn -0.2361 0.9282 -0.2876
vn 0.3561 0.9282 0.1080
vn -0.2631 0.9282 -0.2631
vn 0.3650 0.9282 0.0726
vn -0.2876 0.9282 -0.2361
vn 0.3703 0.9282 0.0365
vn -0.3094 0.9282 -0.2067
vn 0.3721 0.9282 -0.0000
vn -0.3282 0.9282 -0.1754
vn 0.3703 0.9282 -0.0365
vn -0.3438 0.9282 -0.1424
vn 0.3650 0.9282 -0.0726
vn -0.3561 0.9282 -0.1080
vn 0.3561 0.9282 -0.1080
vn -0.3650 0.9282 -0.0726
vn 0.3438 0.9282 -0.1424
vn -0.7127 0.3873 -0.5849
vn -0.7666 0.3873 -0.5122
vn -0.7695 0.3788 -0.5142
vn -0.7154 0.3788 -0.5871
vn 0.9175 0.3873 0.0904
vn 0.9220 0.3873 -0.0000
vn 0.9255 0.3788 0.0000
vn 0.9210 0.3788 0.0907
vn -0.8131 0.3873 -0.4346
vn -0.8162 0.3788 -0.4363
vn 0.9175 0.3873 -0.0904
vn 0.9210 0.3788 -0.0907
vn -0.8518 0.3873 -0.3528
vn -0.8550 0.3788 -0.3542
vn 0.9043 0.3873 -0.1797
vn 0.9077 0.3788 -0.1806
vn -0.8823 0.3873 -0.2677
vn -0.8856 0.3788 -0.2687
vn 0.8823 0.3873 -0.2677
vn 0.8856 0.3788 -0.2687
vn -0.9043 0.3873 -0.1798
vn -0.9077 0.3788 -0.1806
vn 0.8518 0.3873 -0.3527
vn 0.8550 0.3788 -0.3542
vn -0.9175 0.3873 -0.0904
vn -0.9210 0.3788 -0.0907
vn 0.8131 0.3873 -0.4346
vn 0.8162 0.3788 -0.4363
vn -0.9220 0.3873 0.0000
vn -0.9255 0.3788 0.0000
vn 0.7666 0.3873 -0.5122
vn 0.7695 0.3788 -0.5142
vn -0.9175 0.3873 0.0904
vn -0.9210 0.3788 0.0907
vn 0.7127 0.3873 -0.5849
vn 0.7154 0.3788 -0.5871
vn -0.9043 0.3873 0.1798
vn -0.9077 0.3788 0.1806
vn 0.6519 0.3873 -0.6519
vn 0.6544 0.3788 -0.6544
vn -0.8823 0.3873 0.2675
vn -0.8856 0.3788 0.2687
vn 0.5849 0.3873 -0.7127
vn 0.5871 0.3788 -0.7154
vn -0.8518 0.3873 0.3529
vn -0.8550 0.3788 0.3542
vn -0.8131 0.3873 0.4346
vn -0.8162 0.3788 0.4363
vn 0.5122 0.3873 -0.7666
vn 0.4346 0.3873 -0.8131
vn 0.4363 0.3788 -0.8162
vn 0.5142 0.3788 -0.7695
vn -0.0000 0.3873 0.9220
vn 0.0904 0.3873 0.9175
vn 0.0907 0.3788 0.9210
vn 0.0000 0.3788 0.9255
vn -0.7667 0.3873 0.5121
vn -0.7695 0.3788 0.5142
vn 0.3529 0.3873 -0.8518
vn 0.3542 0.3788 -0.8550
vn 0.1798 0.3873 0.9043
vn 0.1806 0.3788 0.9077
vn -0.7127 0.3873 0.5849
vn -0.7154 0.3788 0.5871
vn 0.2677 0.3873 -0.8823
vn 0.2687 0.3788 -0.8856
vn 0.2676 0.3873 0.8823
vn 0.2687 0.3788 0.8856
vn -0.6519 0.3873 0.6519
vn -0.6544 0.3788 0.6544
vn 0.1799 0.3873 -0.9042
vn 0.1806 0.3788 -0.9077
vn 0.3529 0.3873 0.8518
vn 0.3542 0.3788 0.8550
vn -0.5849 0.3873 0.7127
vn -0.5871 0.3788 0.7154
vn 0.0904 0.3873 -0.9175
vn 0.0907 0.3788 -0.9210
vn 0.4346 0.3873 0.8131
vn 0.4363 0.3788 0.8162
vn -0.5123 0.3873 0.7666
vn -0.5142 0.3788 0.7695
vn 0.0000 0.3873 -0.9220
vn -0.0000 0.3788 -0.9255
vn 0.5123 0.3873 0.7666
vn 0.5142 0.3788 0.7695
vn -0.4346 0.3873 0.8131
vn -0.4363 0.3788 0.8162
vn -0.0904 0.3873 -0.9175
vn -0.0907 0.3788 -0.9210
vn 0.5849 0.3873 0.7127
vn 0.5871 0.3788 0.7154
vn -0.3528 0.3873 0.8518
vn -0.3542 0.3788 0.8550
vn -0.1798 0.3873 -0.9043
vn -0.1806 0.3788 -0.9077
vn 0.6519 0.3873 0.6519
vn 0.6544 0.3788 0.6544
vn -0.2676 0.3873 0.8823
vn -0.2687 0.3788 0.8856
vn -0.2675 0.3873 -0.8823
vn -0.2687 0.3788 -0.8856
vn 0.7127 0.3873 0.5849
vn 0.7154 0.3788 0.5871
vn -0.1798 0.3873 0.9043
vn -0.1806 0.3788 0.9077
vn -0.3527 0.3873 -0.8518
vn -0.3542 0.3788 -0.8550
vn 0.7666 0.3873 0.5122
vn 0.7695 0.3788 0.5142
vn -0.0904 0.3873 0.9175
vn -0.0907 0.3788 0.9210
vn -0.4346 0.3873 -0.8131
vn -0.4363 0.3788 -0.8162
vn 0.8131 0.3873 0.4346
vn 0.8162 0.3788 0.4363
vn -0.5122 0.3873 -0.7666
vn -0.5142 0.3788 -0.7695
vn 0.8518 0.3873 0.3529
vn 0.8550 0.3788 0.3542
vn -0.5849 0.3873 -0.7127
vn -0.5871 0.3788 -0.7154
vn 0.8823 0.3873 0.2677
vn 0.8856 0.3788 0.2687
vn -0.6519 0.3873 -0.6520
vn -0.6544 0.3788 -0.6544
vn 0.9043 0.3873 0.1798
vn 0.9077 0.3788 0.1806
vn 0.3756 0.9197 -0.1139
vn 0.3626 0.9197 -0.1502
vn -0.2775 0.9197 0.2775
vn -0.2490 0.9198 0.3034
vn 0.3850 0.9197 -0.0766
vn -0.3034 0.9197 0.2490
vn 0.3906 0.9198 -0.0385
vn -0.3264 0.9197 0.2181
vn 0.3925 0.9197 -0.0000
vn -0.3462 0.9197 0.1850
vn 0.0726 0.9282 0.3649
vn -0.3034 0.9197 -0.2490
vn -0.3264 0.9197 -0.2181
vn 0.3906 0.9197 0.0385
vn -0.3850 0.9197 -0.0766
vn -0.3906 0.9197 -0.0385
vn -0.3626 0.9197 0.1502
vn 0.2775 0.9197 0.2775
vn 0.3034 0.9197 0.2490
vn 0.3850 0.9197 0.0766
vn -0.3756 0.9197 -0.1139
vn -0.3756 0.9197 0.1139
vn 0.2490 0.9197 0.3034
vn 0.3756 0.9198 0.1139
vn 0.0726 0.9282 -0.3649
vn -0.3626 0.9198 -0.1502
vn -0.3850 0.9197 0.0766
vn 0.2181 0.9197 0.3264
vn 0.3626 0.9197 0.1502
vn -0.3462 0.9197 -0.1850
vn -0.3906 0.9197 0.0385
vn 0.1850 0.9197 0.3462
vn 0.0385 0.9197 -0.3906
vn 0.0000 0.9197 -0.3925
vn 0.3462 0.9197 0.1850
vn 0.1502 0.9197 0.3626
vn -0.3925 0.9197 -0.0000
vn 0.0766 0.9197 -0.3850
vn 0.1139 0.9197 0.3756
vn 0.1139 0.9197 -0.3756
vn -0.2775 0.9197 -0.2775
vn -0.0726 0.9282 -0.3649
vn 0.0766 0.9197 0.3850
vn 0.3264 0.9197 0.2181
vn 0.8518 0.3872 0.3528
vn -0.9043 0.3873 0.1799
vn 0.8823 0.3873 0.2676
vn -0.8823 0.3873 0.2676
vn 0.9042 0.3873 0.1799
vn -0.8518 0.3873 0.3528
vn -0.7666 0.3873 0.5122
vn 0.9043 0.3873 -0.1799
vn 0.8823 0.3873 -0.2676
vn 0.8518 0.3873 -0.3528
vn -0.5122 0.3873 0.7666
vn 0.7666 0.3872 -0.5122
vn -0.3528 0.3872 0.8518
vn -0.1799 0.3873 -0.9043
vn -0.2676 0.3873 -0.8823
vn -0.1799 0.3873 0.9043
vn -0.3528 0.3873 -0.8518
vn 0.3528 0.3873 -0.8518
vn 0.1799 0.3873 0.9043
vn -0.6519 0.3873 -0.6519
vn 0.2676 0.3873 -0.8823
vn 0.1799 0.3873 -0.9043
vn 0.3528 0.3873 0.8518
vn 0.5122 0.3873 0.7666
vn -0.8823 0.3873 -0.2676
vn -0.9043 0.3873 -0.1799
vn 0.0000 0.9197 0.3925
vn 0.0385 0.9197 0.3906
vn 0.2361 0.9282 0.2877
vn -0.2490 0.9197 -0.3034
vn -0.2775 0.9198 -0.2775
vn 0.3756 0.9197 0.1139
vn -0.2181 0.9197 -0.3264
vn -0.1850 0.9197 -0.3462
vn -0.1502 0.9197 -0.3626
vn -0.0766 0.9197 0.3850
vn -0.0385 0.9198 0.3906
vn -0.1139 0.9197 -0.3756
vn -0.1139 0.9197 0.3756
vn -0.0766 0.9197 -0.3850
vn -0.1502 0.9197 0.3626
vn -0.0385 0.9198 -0.3906
vn -0.1850 0.9197 0.3462
vn -0.2181 0.9197 0.3264
vn 0.2361 0.9282 -0.2877
vn -0.2490 0.9197 0.3034
vn -0.2775 0.9197 0.2776
vn 0.1502 0.9197 -0.3626
vn 0.1850 0.9197 -0.3462
vn -0.3462 0.9198 0.1850
vn 0.2181 0.9197 -0.3264
vn -0.2361 0.9282 0.2877
vn 0.2490 0.9197 -0.3034
vn 0.2775 0.9197 -0.2775
vn -0.2877 0.9282 0.2361
vn 0.3034 0.9197 -0.2490
vn 0.3264 0.9197 -0.2181
vn 0.3462 0.9197 -0.1850
vn 0.3649 0.9282 0.0726
vn -0.3626 0.9197 -0.1502
vn 0.3906 0.9197 -0.0385
vn -0.3649 0.9282 0.0726
vn -0.0385 0.9197 -0.3906
vn -0.3649 0.9282 -0.0726
vn 0.2776 0.9197 -0.2776
vn 0.3649 0.9282 -0.0726
vn -0.0385 0.9197 0.3906
vn -0.0726 0.9282 0.3649
vn -0.0000 0.8928 -0.4505
vn 0.0442 0.8928 -0.4484
vn -0.3746 0.8928 -0.2503
vn -0.3483 0.8928 -0.2858
vn 0.1724 0.8928 0.4162
vn 0.1308 0.8928 0.4311
vn 0.0879 0.8928 -0.4419
vn 0.1308 0.8928 -0.4311
vn -0.3186 0.8928 -0.3186
vn 0.0879 0.8928 0.4419
vn 0.1724 0.8928 -0.4162
vn -0.2858 0.8928 -0.3483
vn 0.0442 0.8928 0.4484
vn 0.2124 0.8928 -0.3973
vn -0.2503 0.8928 -0.3746
vn 0.0000 0.8928 0.4505
vn 0.2503 0.8928 -0.3746
vn -0.2124 0.8928 -0.3973
vn -0.0442 0.8928 0.4484
vn 0.2858 0.8928 -0.3483
vn -0.1724 0.8928 -0.4162
vn -0.0879 0.8928 0.4419
vn 0.3186 0.8928 -0.3186
vn -0.1308 0.8928 -0.4311
vn -0.1308 0.8928 0.4311
vn 0.3483 0.8928 -0.2858
vn -0.0879 0.8928 -0.4419
vn -0.1724 0.8928 0.4162
vn 0.3746 0.8928 -0.2503
vn -0.0442 0.8928 -0.4484
vn -0.2124 0.8928 0.3973
vn 0.3973 0.8928 -0.2124
vn -0.2503 0.8928 0.3746
vn 0.4162 0.8928 -0.1724
vn -0.2858 0.8928 0.3483
vn 0.4311 0.8928 -0.1308
vn -0.3186 0.8928 0.3186
vn 0.4419 0.8928 -0.0879
vn -0.3483 0.8928 0.2858
vn 0.4484 0.8928 -0.0442
vn -0.3746 0.8928 0.2503
vn 0.4505 0.8928 -0.0000
vn -0.3973 0.8928 0.2124
vn 0.4484 0.8928 0.0442
vn -0.4162 0.8928 0.1724
vn 0.4419 0.8928 0.0879
vn -0.4311 0.8928 0.1308
vn 0.4311 0.8928 0.1308
vn -0.4419 0.8928 0.0879
vn 0.4162 0.8928 0.1724
vn -0.4484 0.8928 0.0442
vn 0.3973 0.8928 0.2124
vn -0.4505 0.8928 0.0000
vn 0.3746 0.8928 0.2503
vn -0.4484 0.8928 -0.0442
vn 0.3483 0.8928 0.2858
vn -0.4419 0.8928 -0.0879
vn 0.3186 0.8928 0.3186
vn -0.4311 0.8928 -0.1308
vn 0.2858 0.8928 0.3483
vn -0.4162 0.8928 -0.1724
vn 0.2503 0.8928 0.3746
vn -0.3973 0.8928 -0.2124
vn 0.2124 0.8928 0.3973
vn 0.0126 0.9851 0.1714
vn 0.0249 0.9409 0.3377
vn 0.0419 0.9409 0.3361
vn 0.0042 0.9851 0.1718
vn -0.0084 0.9409 0.3385
vn 0.0084 0.9409 0.3385
vn 0.0294 0.9851 0.1693
vn 0.0578 0.9409 0.3337
vn 0.0743 0.9409 0.3304
vn 0.0459 0.9851 0.1656
vn 0.0902 0.9409 0.3264
vn 0.1062 0.9409 0.3215
vn 0.0619 0.9851 0.1603
vn 0.1218 0.9409 0.3159
vn 0.1373 0.9409 0.3095
vn 0.0773 0.9851 0.1535
vn 0.1522 0.9409 0.3025
vn 0.1670 0.9409 0.2946
vn 0.0919 0.9851 0.1452
vn 0.1810 0.9409 0.2862
vn 0.1951 0.9409 0.2768
vn 0.1057 0.9851 0.1355
vn 0.2083 0.9409 0.2670
vn 0.2212 0.9409 0.2563
vn 0.1185 0.9851 0.1245
vn 0.2334 0.9409 0.2453
vn 0.2454 0.9409 0.2334
vn 0.1301 0.9851 0.1123
vn 0.2563 0.9409 0.2213
vn 0.2670 0.9409 0.2083
vn 0.1405 0.9851 0.0989
vn 0.2769 0.9409 0.1950
vn 0.2864 0.9409 0.1810
vn 0.1495 0.9851 0.0847
vn 0.2946 0.9409 0.1670
vn 0.3025 0.9409 0.1522
vn 0.1571 0.9851 0.0696
vn 0.3095 0.9409 0.1373
vn 0.3160 0.9409 0.1218
vn 0.1632 0.9851 0.0540
vn 0.3215 0.9409 0.1064
vn 0.3264 0.9409 0.0903
vn 0.1677 0.9851 0.0377
vn 0.3304 0.9409 0.0743
vn 0.3337 0.9409 0.0578
vn 0.1706 0.9851 0.0210
vn 0.3360 0.9409 0.0416
vn 0.3377 0.9409 0.0248
vn 0.1718 0.9851 0.0042
vn 0.3385 0.9409 0.0084
vn 0.3385 0.9409 -0.0084
vn 0.1714 0.9851 -0.0126
vn 0.3377 0.9409 -0.0248
vn 0.3361 0.9409 -0.0415
vn 0.1693 0.9851 -0.0294
vn 0.3337 0.9409 -0.0578
vn 0.3304 0.9409 -0.0744
vn 0.1656 0.9851 -0.0459
vn 0.3264 0.9409 -0.0902
vn 0.3215 0.9409 -0.1064
vn 0.1603 0.9851 -0.0619
vn 0.3160 0.9409 -0.1218
vn 0.3095 0.9409 -0.1373
vn 0.1535 0.9851 -0.0773
vn 0.3025 0.9409 -0.1521
vn 0.2945 0.9409 -0.1670
vn 0.1452 0.9851 -0.0919
vn 0.2862 0.9409 -0.1810
vn 0.2770 0.9409 -0.1950
vn 0.1355 0.9851 -0.1057
vn 0.2670 0.9409 -0.2082
vn 0.2563 0.9409 -0.2213
vn 0.1245 0.9851 -0.1185
vn 0.2454 0.9409 -0.2334
vn 0.2335 0.9409 -0.2452
vn 0.1122 0.9851 -0.1301
vn 0.2213 0.9409 -0.2563
vn 0.2082 0.9409 -0.2670
vn 0.0989 0.9851 -0.1405
vn 0.1951 0.9409 -0.2768
vn 0.1810 0.9410 -0.2861
vn 0.0847 0.9851 -0.1495
vn 0.1670 0.9409 -0.2946
vn 0.1521 0.9409 -0.3025
vn 0.0696 0.9851 -0.1571
vn 0.1374 0.9409 -0.3095
vn 0.1217 0.9409 -0.3159
vn 0.0539 0.9851 -0.1632
vn 0.1063 0.9409 -0.3215
vn 0.0902 0.9409 -0.3264
vn 0.0376 0.9851 -0.1677
vn 0.0743 0.9409 -0.3304
vn 0.0578 0.9409 -0.3337
vn 0.0210 0.9851 -0.1706
vn 0.0416 0.9409 -0.3361
vn 0.0249 0.9409 -0.3377
vn 0.0042 0.9851 -0.1718
vn 0.0084 0.9409 -0.3385
vn -0.0084 0.9409 -0.3385
vn -0.0126 0.9851 -0.1714
vn -0.0248 0.9409 -0.3377
vn -0.0417 0.9409 -0.3361
vn -0.0294 0.9851 -0.1693
vn -0.0578 0.9409 -0.3337
vn -0.0744 0.9409 -0.3304
vn -0.0459 0.9851 -0.1657
vn -0.0904 0.9409 -0.3265
vn -0.1064 0.9409 -0.3215
vn -0.0618 0.9851 -0.1603
vn -0.1218 0.9409 -0.3159
vn -0.1373 0.9409 -0.3095
vn -0.0773 0.9851 -0.1535
vn -0.1521 0.9409 -0.3025
vn -0.1669 0.9409 -0.2945
vn -0.0919 0.9851 -0.1452
vn -0.1811 0.9409 -0.2862
vn -0.1950 0.9410 -0.2768
vn -0.1057 0.9851 -0.1355
vn -0.2083 0.9409 -0.2670
vn -0.2212 0.9409 -0.2563
vn -0.1185 0.9851 -0.1245
vn -0.2334 0.9409 -0.2453
vn -0.2453 0.9410 -0.2334
vn -0.1301 0.9851 -0.1123
vn -0.2563 0.9409 -0.2212
vn -0.2670 0.9409 -0.2083
vn -0.1405 0.9851 -0.0990
vn -0.2768 0.9409 -0.1951
vn -0.2863 0.9409 -0.1811
vn -0.1495 0.9851 -0.0847
vn -0.2945 0.9409 -0.1670
vn -0.3024 0.9409 -0.1522
vn -0.1571 0.9851 -0.0696
vn -0.3095 0.9409 -0.1373
vn -0.3160 0.9409 -0.1217
vn -0.1632 0.9851 -0.0539
vn -0.3215 0.9409 -0.1063
vn -0.3264 0.9409 -0.0901
vn -0.1677 0.9851 -0.0377
vn -0.3304 0.9409 -0.0743
vn -0.3337 0.9409 -0.0579
vn -0.1706 0.9851 -0.0210
vn -0.3361 0.9409 -0.0415
vn -0.3377 0.9409 -0.0247
vn -0.1718 0.9851 -0.0042
vn -0.3385 0.9409 -0.0084
vn -0.3385 0.9409 0.0084
vn -0.1714 0.9851 0.0126
vn -0.3377 0.9409 0.0248
vn -0.3360 0.9409 0.0414
vn -0.1693 0.9851 0.0294
vn -0.3337 0.9409 0.0577
vn -0.3303 0.9409 0.0743
vn -0.1656 0.9851 0.0458
vn -0.3264 0.9409 0.0902
vn -0.3215 0.9409 0.1063
vn -0.1604 0.9851 0.0618
vn -0.3160 0.9409 0.1217
vn -0.3095 0.9409 0.1373
vn -0.1535 0.9851 0.0773
vn -0.3025 0.9409 0.1522
vn -0.2945 0.9409 0.1670
vn -0.1452 0.9851 0.0920
vn -0.2862 0.9409 0.1810
vn -0.2770 0.9409 0.1951
vn -0.1355 0.9851 0.1058
vn -0.2670 0.9409 0.2082
vn -0.2563 0.9409 0.2213
vn -0.1245 0.9851 0.1185
vn -0.2453 0.9409 0.2334
vn -0.2334 0.9409 0.2453
vn -0.1123 0.9851 0.1301
vn -0.2213 0.9409 0.2563
vn -0.2082 0.9409 0.2670
vn -0.0990 0.9851 0.1405
vn -0.1950 0.9409 0.2768
vn -0.1811 0.9409 0.2862
vn -0.0847 0.9851 0.1495
vn -0.1670 0.9409 0.2946
vn -0.1521 0.9409 0.3025
vn -0.0696 0.9851 0.1571
vn -0.1373 0.9409 0.3095
vn -0.1218 0.9409 0.3160
vn -0.0539 0.9851 0.1632
vn -0.1063 0.9409 0.3215
vn -0.0902 0.9409 0.3264
vn -0.0377 0.9851 0.1677
vn -0.0743 0.9409 0.3304
vn -0.0578 0.9409 0.3337
vn -0.0210 0.9851 0.1706
vn -0.0416 0.9409 0.3360
vn -0.0251 0.9409 0.3377
vn 0.0693 0.7075 0.7033
vn -0.0000 0.7075 0.7067
vn 0.1379 0.7075 0.6931
vn 0.2051 0.7075 0.6762
vn 0.2704 0.7075 0.6529
vn 0.3331 0.7075 0.6232
vn 0.3926 0.7075 0.5876
vn 0.4483 0.7075 0.5463
vn 0.4997 0.7075 0.4997
vn 0.5463 0.7075 0.4483
vn 0.5876 0.7075 0.3926
vn 0.6232 0.7075 0.3331
vn 0.6529 0.7075 0.2704
vn 0.6762 0.7075 0.2051
vn 0.6931 0.7075 0.1379
vn 0.7033 0.7075 0.0693
vn 0.7067 0.7075 0.0000
vn 0.7033 0.7075 -0.0693
vn 0.6931 0.7075 -0.1379
vn 0.6762 0.7075 -0.2051
vn 0.6529 0.7075 -0.2704
vn 0.6232 0.7075 -0.3331
vn 0.5876 0.7075 -0.3926
vn 0.5463 0.7075 -0.4483
vn 0.4997 0.7075 -0.4997
vn 0.4483 0.7075 -0.5463
vn 0.3926 0.7075 -0.5876
vn 0.3331 0.7075 -0.6232
vn 0.2704 0.7075 -0.6529
vn 0.2051 0.7075 -0.6763
vn 0.1379 0.7075 -0.6931
vn 0.0693 0.7075 -0.7033
vn 0.0000 0.7075 -0.7067
vn -0.0693 0.7075 -0.7033
vn -0.1379 0.7075 -0.6931
vn -0.2051 0.7075 -0.6762
vn -0.2704 0.7075 -0.6529
vn -0.3331 0.7075 -0.6232
vn -0.3926 0.7075 -0.5876
vn -0.4483 0.7075 -0.5463
vn -0.4997 0.7075 -0.4997
vn -0.5463 0.7075 -0.4483
vn -0.5876 0.7075 -0.3926
vn -0.6232 0.7075 -0.3331
vn -0.6529 0.7075 -0.2704
vn -0.6763 0.7075 -0.2051
vn -0.6931 0.7075 -0.1379
vn -0.7033 0.7075 -0.0693
vn -0.7067 0.7075 -0.0000
vn -0.7033 0.7075 0.0693
vn -0.6931 0.7075 0.1379
vn -0.6762 0.7075 0.2051
vn -0.6529 0.7075 0.2704
vn -0.6232 0.7075 0.3331
vn -0.5876 0.7075 0.3926
vn -0.5463 0.7075 0.4483
vn -0.4997 0.7075 0.4997
vn -0.4483 0.7075 0.5463
vn -0.3926 0.7075 0.5876
vn -0.3331 0.7075 0.6232
vn -0.2704 0.7075 0.6529
vn -0.2051 0.7075 0.6762
vn -0.1379 0.7075 0.6931
vn -0.0693 0.7075 0.7033
vn 0.0210 0.9851 0.1706
vn 0.0415 0.9409 0.3361
vn 0.0377 0.9851 0.1677
vn 0.0744 0.9409 0.3304
vn 0.0539 0.9851 0.1632
vn 0.1064 0.9409 0.3215
vn 0.0697 0.9851 0.1571
vn 0.0847 0.9851 0.1496
vn 0.0990 0.9851 0.1405
vn 0.1951 0.9409 0.2767
vn 0.1123 0.9851 0.1301
vn 0.2213 0.9409 0.2563
vn 0.1245 0.9851 0.1185
vn 0.1355 0.9851 0.1058
vn 0.1452 0.9851 0.0919
vn 0.2862 0.9409 0.1810
vn 0.1535 0.9851 0.0772
vn 0.3025 0.9409 0.1521
vn 0.1603 0.9851 0.0618
vn 0.1656 0.9851 0.0459
vn 0.3263 0.9409 0.0903
vn 0.1694 0.9851 0.0294
vn 0.1714 0.9851 0.0126
vn 0.3377 0.9409 0.0247
vn 0.1718 0.9851 -0.0042
vn 0.3385 0.9409 -0.0085
vn 0.1706 0.9851 -0.0210
vn 0.1677 0.9851 -0.0377
vn 0.3304 0.9409 -0.0743
vn 0.1632 0.9851 -0.0539
vn 0.1571 0.9851 -0.0696
vn 0.1495 0.9851 -0.0847
vn 0.2946 0.9409 -0.1670
vn 0.1405 0.9851 -0.0989
vn 0.2768 0.9409 -0.1950
vn 0.1301 0.9851 -0.1123
vn 0.1185 0.9851 -0.1244
vn 0.2334 0.9409 -0.2453
vn 0.1057 0.9851 -0.1355
vn 0.0919 0.9851 -0.1452
vn 0.1811 0.9409 -0.2861
vn 0.0773 0.9851 -0.1535
vn 0.0618 0.9851 -0.1603
vn 0.1217 0.9409 -0.3160
vn 0.0459 0.9851 -0.1656
vn 0.0903 0.9409 -0.3264
vn 0.0294 0.9851 -0.1694
vn 0.0577 0.9409 -0.3337
vn 0.0126 0.9851 -0.1714
vn 0.0247 0.9409 -0.3377
vn -0.0042 0.9851 -0.1718
vn -0.0210 0.9851 -0.1706
vn -0.0415 0.9409 -0.3361
vn -0.0376 0.9851 -0.1677
vn -0.0743 0.9409 -0.3304
vn -0.0539 0.9851 -0.1632
vn -0.0696 0.9851 -0.1571
vn -0.0847 0.9851 -0.1495
vn -0.1670 0.9409 -0.2946
vn -0.0989 0.9851 -0.1405
vn -0.1951 0.9409 -0.2768
vn -0.1122 0.9851 -0.1301
vn -0.2213 0.9409 -0.2563
vn -0.1245 0.9851 -0.1185
vn -0.2454 0.9409 -0.2334
vn -0.1355 0.9851 -0.1057
vn -0.2670 0.9409 -0.2082
vn -0.1452 0.9851 -0.0920
vn -0.2861 0.9409 -0.1811
vn -0.1535 0.9851 -0.0773
vn -0.3025 0.9409 -0.1521
vn -0.1604 0.9851 -0.0618
vn -0.1657 0.9851 -0.0458
vn -0.3264 0.9409 -0.0902
vn -0.1694 0.9851 -0.0294
vn -0.3337 0.9409 -0.0578
vn -0.1714 0.9851 -0.0126
vn -0.1718 0.9851 0.0042
vn -0.3385 0.9409 0.0085
vn -0.1706 0.9851 0.0210
vn -0.3361 0.9409 0.0415
vn -0.1677 0.9851 0.0376
vn -0.3304 0.9409 0.0743
vn -0.1632 0.9851 0.0539
vn -0.1572 0.9851 0.0696
vn -0.3096 0.9409 0.1373
vn -0.1495 0.9851 0.0847
vn -0.2946 0.9409 0.1670
vn -0.1405 0.9851 0.0990
vn -0.2767 0.9409 0.1951
vn -0.1301 0.9851 0.1123
vn -0.1185 0.9851 0.1245
vn -0.1057 0.9851 0.1355
vn -0.0919 0.9851 0.1452
vn -0.1810 0.9409 0.2862
vn -0.0773 0.9851 0.1535
vn -0.0619 0.9851 0.1604
vn -0.0459 0.9851 0.1656
vn -0.0294 0.9851 0.1693
vn -0.0578 0.9409 0.3336
vn -0.0042 0.9851 0.1718
vn -0.0126 0.9851 0.1714
vn -0.0247 0.9409 0.3377
vn 0.2051 0.7075 0.6763
vn 0.2051 0.7075 -0.6762
vn -0.6762 0.7075 -0.2051
vn -0.6763 0.7075 0.2051
vn 0.9175 0.3872 0.0904
vn 0.9043 0.3873 0.1799
vn -0.7127 0.3872 -0.5849
vn -0.6519 0.3872 -0.6519
vn 0.8518 0.3873 0.3528
vn 0.0000 0.3872 0.9220
vn 0.7127 0.3872 0.5849
vn 0.5849 0.3872 0.7127
vn -0.4346 0.3872 0.8131
vn -0.0000 0.3872 -0.9220
vn -0.5122 0.3872 0.7666
vn 0.5849 0.3872 -0.7127
vn -0.9042 0.3873 0.1799
vn -0.9220 0.3872 0.0000
vn 0.8131 0.3872 -0.4346
usemtl 5b86a32a
s off
f 1/1/1 2/2/1 3/3/1
f 1/1/1 3/3/1 4/4/1
f 5/5/1 6/6/1 7/7/1
f 5/5/1 7/7/1 8/8/1
f 9/9/1 10/10/1 11/11/1
f 9/9/1 11/11/1 12/12/1
f 13/13/1 1/1/1 4/4/1
f 13/13/1 4/4/1 14/14/1
f 15/15/1 5/5/1 8/8/1
f 15/15/1 8/8/1 16/16/1
f 17/17/1 9/9/1 12/12/1
f 17/17/1 12/12/1 18/18/1
f 19/19/1 13/13/1 14/14/1
f 19/19/1 14/14/1 20/20/1
f 21/21/1 15/15/1 16/16/1
f 21/21/1 16/16/1 22/22/1
f 23/23/1 17/17/1 18/18/1
f 23/23/1 18/18/1 24/24/1
f 25/25/1 19/19/1 20/20/1
f 25/25/1 20/20/1 26/26/1
f 27/27/1 21/21/1 22/22/1
f 27/27/1 22/22/1 28/28/1
f 29/29/1 23/23/1 24/24/1
f 29/29/1 24/24/1 30/30/1
f 31/31/1 25/25/1 26/26/1
f 31/31/1 26/26/1 32/32/1
f 33/33/1 27/27/1 28/28/1
f 33/33/1 28/28/1 34/34/1
f 35/35/1 29/29/1 30/30/1
f 35/35/1 30/30/1 36/36/1
f 37/37/1 31/31/1 32/32/1
f 37/37/1 32/32/1 38/38/1
f 39/39/1 33/33/1 34/34/1
f 39/39/1 34/34/1 40/40/1
f 41/41/1 35/35/1 36/36/1
f 41/41/1 36/36/1 42/42/1
f 43/43/1 37/37/1 38/38/1
f 43/43/1 38/38/1 44/44/1
f 45/45/1 39/39/1 40/40/1
f 45/45/1 40/40/1 46/46/1
f 47/47/1 41/41/1 42/42/1
f 47/47/1 42/42/1 48/48/1
f 49/49/1 43/43/1 44/44/1
f 49/49/1 44/44/1 50/50/1
f 51/51/1 45/45/1 46/46/1
f 51/51/1 46/46/1 52/52/1
f 53/53/1 47/47/1 48/48/1
f 53/53/1 48/48/1 54/54/1
f 55/55/1 49/49/1 50/50/1
f 55/55/1 50/50/1 56/56/1
f 57/57/1 51/51/1 52/52/1
f 57/57/1 52/52/1 58/58/1
f 59/59/1 53/53/1 54/54/1
f 59/59/1 54/54/1 60/60/1
f 61/61/1 57/57/1 58/58/1
f 61/61/1 58/58/1 62/62/1
f 63/63/1 59/59/1 60/60/1
f 63/63/1 60/60/1 64/64/1
f 65/65/1 61/61/1 62/62/1
f 65/65/1 62/62/1 66/66/1
f 67/67/1 63/63/1 64/64/1
f 67/67/1 64/64/1 68/68/1
f 69/69/1 65/65/1 66/66/1
f 69/69/1 66/66/1 70/70/1
f 71/71/1 67/67/1 68/68/1
f 71/71/1 68/68/1 72/72/1
f 73/73/1 69/69/1 70/70/1
f 73/73/1 70/70/1 74/74/1
f 75/75/1 71/71/1 72/72/1
f 75/75/1 72/72/1 76/76/1
f 77/77/1 73/73/1 74/74/1
f 77/77/1 74/74/1 78/78/1
f 79/79/1 75/75/1 76/76/1
f 79/79/1 76/76/1 80/80/1
f 81/81/1 77/77/1 78/78/1
f 81/81/1 78/78/1 82/82/1
f 83/83/1 79/79/1 80/80/1
f 83/83/1 80/80/1 84/84/1
f 85/85/1 81/81/1 82/82/1
f 85/85/1 82/82/1 86/86/1
f 87/87/1 83/83/1 84/84/1
f 87/87/1 84/84/1 88/88/1
f 89/89/1 85/85/1 86/86/1
f 89/89/1 86/86/1 90/90/1
f 91/91/1 87/87/1 88/88/1
f 91/91/1 88/88/1 92/92/1
f 93/93/1 89/89/1 90/90/1
f 93/93/1 90/90/1 94/94/1
f 95/95/1 91/91/1 92/92/1
f 95/95/1 92/92/1 96/96/1
f 97/97/1 93/93/1 94/94/1
f 97/97/1 94/94/1 98/98/1
f 99/99/1 95/95/1 96/96/1
f 99/99/1 96/96/1 100/100/1
f 101/101/1 97/97/1 98/98/1
f 101/101/1 98/98/1 102/102/1
f 103/103/1 99/99/1 100/100/1
f 103/103/1 100/100/1 104/104/1
f 105/105/1 101/101/1 102/102/1
f 105/105/1 102/102/1 106/106/1
f 107/107/1 103/103/1 104/104/1
f 107/107/1 104/104/1 108/108/1
f 109/109/1 105/105/1 106/106/1
f 109/109/1 106/106/1 110/110/1
f 111/111/1 107/107/1 108/108/1
f 111/111/1 108/108/1 112/112/1
f 113/113/1 109/109/1 110/110/1
f 113/113/1 110/110/1 114/114/1
f 115/115/1 111/111/1 112/112/1
f 115/115/1 112/112/1 116/116/1
f 117/117/1 113/113/1 114/114/1
f 117/117/1 114/114/1 118/118/1
f 119/119/1 115/115/1 116/116/1
f 119/119/1 116/116/1 120/120/1
f 121/121/1 55/55/1 56/56/1
f 121/121/1 56/56/1 122/122/1
f 123/123/1 117/117/1 118/118/1
f 123/123/1 118/118/1 124/124/1
f 125/125/1 119/119/1 120/120/1
f 125/125/1 120/120/1 126/126/1
f 127/127/1 121/121/1 122/122/1
f 127/127/1 122/122/1 128/128/1
f 2/2/1 123/123/1 124/124/1
f 2/2/1 124/124/1 3/3/1
f 6/6/1 125/125/1 126/126/1
f 6/6/1 126/126/1 7/7/1
f 10/10/1 127/127/1 128/128/1
f 10/10/1 128/128/1 11/11/1
f 385/129/1 386/130/1 387/131/1
f 385/129/1 387/131/1 388/132/1
f 389/133/1 390/134/1 391/135/1
f 389/133/1 391/135/1 392/136/1
f 393/137/1 394/138/1 395/139/1
f 393/137/1 395/139/1 396/140/1
f 397/141/1 393/137/1 396/140/1
f 397/141/1 396/140/1 398/142/1
f 399/143/1 397/141/1 398/142/1
f 399/143/1 398/142/1 400/144/1
f 401/145/1 399/143/1 400/144/1
f 401/145/1 400/144/1 402/146/1
f 403/147/1 401/145/1 402/146/1
f 403/147/1 402/146/1 404/148/1
f 405/149/1 403/147/1 404/148/1
f 405/149/1 404/148/1 406/150/1
f 407/151/1 405/149/1 406/150/1
f 407/151/1 406/150/1 408/152/1
f 409/153/1 407/151/1 408/152/1
f 409/153/1 408/152/1 410/154/1
f 411/155/1 409/153/1 410/154/1
f 411/155/1 410/154/1 412/156/1
f 413/157/1 411/155/1 412/156/1
f 413/157/1 412/156/1 414/158/1
f 415/159/1 413/157/1 414/158/1
f 415/159/1 414/158/1 416/160/1
f 417/161/1 415/159/1 416/160/1
f 417/161/1 416/160/1 418/162/1
f 419/163/1 417/161/1 418/162/1
f 419/163/1 418/162/1 420/164/1
f 421/165/1 419/163/1 420/164/1
f 421/165/1 420/164/1 422/166/1
f 423/167/1 421/165/1 422/166/1
f 423/167/1 422/166/1 424/168/1
f 425/169/1 423/167/1 424/168/1
f 425/169/1 424/168/1 426/170/1
f 427/171/1 425/169/1 426/170/1
f 427/171/1 426/170/1 428/172/1
f 429/173/1 427/171/1 428/172/1
f 429/173/1 428/172/1 430/174/1
f 431/175/1 429/173/1 430/174/1
f 431/175/1 430/174/1 432/176/1
f 433/177/1 431/175/1 432/176/1
f 433/177/1 432/176/1 434/178/1
f 435/179/1 433/177/1 434/178/1
f 435/179/1 434/178/1 436/180/1
f 437/181/1 435/179/1 436/180/1
f 437/181/1 436/180/1 438/182/1
f 439/183/1 437/181/1 438/182/1
f 439/183/1 438/182/1 440/184/1
f 441/185/1 439/183/1 440/184/1
f 441/185/1 440/184/1 442/186/1
f 443/187/1 441/185/1 442/186/1
f 443/187/1 442/186/1 444/188/1
f 445/189/1 443/187/1 444/188/1
f 445/189/1 444/188/1 446/190/1
f 447/191/1 445/189/1 446/190/1
f 447/191/1 446/190/1 448/192/1
f 449/193/1 447/191/1 448/192/1
f 449/193/1 448/192/1 450/194/1
f 451/195/1 449/193/1 450/194/1
f 451/195/1 450/194/1 452/196/1
f 453/197/1 451/195/1 452/196/1
f 453/197/1 452/196/1 454/198/1
f 455/199/1 453/197/1 454/198/1
f 455/199/1 454/198/1 456/200/1
f 457/201/1 455/199/1 456/200/1
f 457/201/1 456/200/1 458/202/1
f 459/203/1 457/201/1 458/202/1
f 459/203/1 458/202/1 460/204/1
f 461/205/1 459/203/1 460/204/1
f 461/205/1 460/204/1 462/206/1
f 463/207/1 461/205/1 462/206/1
f 463/207/1 462/206/1 464/208/1
f 465/209/1 463/207/1 464/208/1
f 465/209/1 464/208/1 466/210/1
f 467/211/1 465/209/1 466/210/1
f 467/211/1 466/210/1 468/212/1
f 469/213/1 467/211/1 468/212/1
f 469/213/1 468/212/1 470/214/1
f 471/215/1 469/213/1 470/214/1
f 471/215/1 470/214/1 472/216/1
f 473/217/1 471/215/1 472/216/1
f 473/217/1 472/216/1 474/218/1
f 475/219/1 473/217/1 474/218/1
f 475/219/1 474/218/1 476/220/1
f 477/221/1 475/219/1 476/220/1
f 477/221/1 476/220/1 478/222/1
f 479/223/1 477/221/1 478/222/1
f 479/223/1 478/222/1 480/224/1
f 481/225/1 479/223/1 480/224/1
f 481/225/1 480/224/1 482/226/1
f 483/227/1 481/225/1 482/226/1
f 483/227/1 482/226/1 484/228/1
f 485/229/1 483/227/1 484/228/1
f 485/229/1 484/228/1 486/230/1
f 487/231/1 485/229/1 486/230/1
f 487/231/1 486/230/1 488/232/1
f 489/233/1 487/231/1 488/232/1
f 489/233/1 488/232/1 490/234/1
f 491/235/1 489/233/1 490/234/1
f 491/235/1 490/234/1 492/236/1
f 493/237/1 491/235/1 492/236/1
f 493/237/1 492/236/1 494/238/1
f 495/239/1 493/237/1 494/238/1
f 495/239/1 494/238/1 496/240/1
f 497/241/1 495/239/1 496/240/1
f 497/241/1 496/240/1 498/242/1
f 499/243/1 497/241/1 498/242/1
f 499/243/1 498/242/1 500/244/1
f 501/245/1 499/243/1 500/244/1
f 501/245/1 500/244/1 502/246/1
f 503/247/1 501/245/1 502/246/1
f 503/247/1 502/246/1 504/248/1
f 505/249/1 503/247/1 504/248/1
f 505/249/1 504/248/1 506/250/1
f 507/251/1 505/249/1 506/250/1
f 507/251/1 506/250/1 508/252/1
f 509/253/1 507/251/1 508/252/1
f 509/253/1 508/252/1 510/254/1
f 511/255/1 509/253/1 510/254/1
f 511/255/1 510/254/1 512/256/1
f 390/134/1 511/255/1 512/256/1
f 390/134/1 512/256/1 391/135/1
f 394/138/1 385/129/1 388/132/1
f 394/138/1 388/132/1 395/139/1
f 513/257/1 514/258/1 515/259/1
f 513/257/1 515/259/1 516/260/1
f 386/130/1 389/133/1 392/136/1
f 386/130/1 392/136/1 387/131/1
f 517/261/1 518/262/1 519/263/1
f 517/261/1 519/263/1 520/264/1
f 521/265/1 522/266/1 523/267/1
f 521/265/1 523/267/1 524/268/1
f 525/269/1 513/257/1 516/260/1
f 525/269/1 516/260/1 526/270/1
f 527/271/1 517/261/1 520/264/1
f 527/271/1 520/264/1 528/272/1
f 529/273/1 521/265/1 524/268/1
f 529/273/1 524/268/1 530/274/1
f 531/275/1 525/269/1 526/270/1
f 531/275/1 526/270/1 532/276/1
f 533/277/1 527/271/1 528/272/1
f 533/277/1 528/272/1 534/278/1
f 535/279/1 529/273/1 530/274/1
f 535/279/1 530/274/1 536/280/1
f 537/281/1 531/275/1 532/276/1
f 537/281/1 532/276/1 538/282/1
f 539/283/1 533/277/1 534/278/1
f 539/283/1 534/278/1 540/284/1
f 541/285/1 535/279/1 536/280/1
f 541/285/1 536/280/1 542/286/1
f 543/287/1 537/281/1 538/282/1
f 543/287/1 538/282/1 544/288/1
f 545/289/1 539/283/1 540/284/1
f 545/289/1 540/284/1 546/290/1
f 547/291/1 541/285/1 542/286/1
f 547/291/1 542/286/1 548/292/1
f 549/293/1 543/287/1 544/288/1
f 549/293/1 544/288/1 550/294/1
f 551/295/1 545/289/1 546/290/1
f 551/295/1 546/290/1 552/296/1
f 553/297/1 547/291/1 548/292/1
f 553/297/1 548/292/1 554/298/1
f 555/299/1 549/293/1 550/294/1
f 555/299/1 550/294/1 556/300/1
f 557/301/1 551/295/1 552/296/1
f 557/301/1 552/296/1 558/302/1
f 559/303/1 553/297/1 554/298/1
f 559/303/1 554/298/1 560/304/1
f 561/305/1 555/299/1 556/300/1
f 561/305/1 556/300/1 562/306/1
f 563/307/1 557/301/1 558/302/1
f 563/307/1 558/302/1 564/308/1
f 565/309/1 559/303/1 560/304/1
f 565/309/1 560/304/1 566/310/1
f 567/311/1 561/305/1 562/306/1
f 567/311/1 562/306/1 568/312/1
f 569/313/1 563/307/1 564/308/1
f 569/313/1 564/308/1 570/314/1
f 571/315/1 565/309/1 566/310/1
f 571/315/1 566/310/1 572/316/1
f 573/317/1 567/311/1 568/312/1
f 573/317/1 568/312/1 574/318/1
f 575/319/1 569/313/1 570/314/1
f 575/319/1 570/314/1 576/320/1
f 577/321/1 571/315/1 572/316/1
f 577/321/1 572/316/1 578/322/1
f 579/323/1 575/319/1 576/320/1
f 579/323/1 576/320/1 580/324/1
f 581/325/1 577/321/1 578/322/1
f 581/325/1 578/322/1 582/326/1
f 583/327/1 579/323/1 580/324/1
f 583/327/1 580/324/1 584/328/1
f 585/329/1 581/325/1 582/326/1
f 585/329/1 582/326/1 586/330/1
f 587/331/1 583/327/1 584/328/1
f 587/331/1 584/328/1 588/332/1
f 589/333/1 585/329/1 586/330/1
f 589/333/1 586/330/1 590/334/1
f 591/335/1 587/331/1 588/332/1
f 591/335/1 588/332/1 592/336/1
f 593/337/1 589/333/1 590/334/1
f 593/337/1 590/334/1 594/338/1
f 595/339/1 591/335/1 592/336/1
f 595/339/1 592/336/1 596/340/1
f 597/341/1 593/337/1 594/338/1
f 597/341/1 594/338/1 598/342/1
f 599/343/1 595/339/1 596/340/1
f 599/343/1 596/340/1 600/344/1
f 601/345/1 597/341/1 598/342/1
f 601/345/1 598/342/1 602/346/1
f 603/347/1 599/343/1 600/344/1
f 603/347/1 600/344/1 604/348/1
f 605/349/1 601/345/1 602/346/1
f 605/349/1 602/346/1 606/350/1
f 607/351/1 603/347/1 604/348/1
f 607/351/1 604/348/1 608/352/1
f 609/353/1 605/349/1 606/350/1
f 609/353/1 606/350/1 610/354/1
f 611/355/1 607/351/1 608/352/1
f 611/355/1 608/352/1 612/356/1
f 613/357/1 609/353/1 610/354/1
f 613/357/1 610/354/1 614/358/1
f 615/359/1 611/355/1 612/356/1
f 615/359/1 612/356/1 616/360/1
f 617/361/1 613/357/1 614/358/1
f 617/361/1 614/358/1 618/362/1
f 619/363/1 615/359/1 616/360/1
f 619/363/1 616/360/1 620/364/1
f 621/365/1 617/361/1 618/362/1
f 621/365/1 618/362/1 622/366/1
f 623/367/1 619/363/1 620/364/1
f 623/367/1 620/364/1 624/368/1
f 625/369/1 621/365/1 622/366/1
f 625/369/1 622/366/1 626/370/1
f 627/371/1 623/367/1 624/368/1
f 627/371/1 624/368/1 628/372/1
f 629/373/1 625/369/1 626/370/1
f 629/373/1 626/370/1 630/374/1
f 631/375/1 627/371/1 628/372/1
f 631/375/1 628/372/1 632/376/1
f 633/377/1 629/373/1 630/374/1
f 633/377/1 630/374/1 634/378/1
f 635/379/1 631/375/1 632/376/1
f 635/379/1 632/376/1 636/380/1
f 637/381/1 633/377/1 634/378/1
f 637/381/1 634/378/1 638/382/1
f 639/383/1 573/317/1 574/318/1
f 639/383/1 574/318/1 640/384/1
f 514/258/1 635/379/1 636/380/1
f 514/258/1 636/380/1 515/259/1
f 518/262/1 637/381/1 638/382/1
f 518/262/1 638/382/1 519/263/1
f 522/266/1 639/383/1 640/384/1
f 522/266/1 640/384/1 523/267/1
f 160/385/1 159/386/1 1601/387/1
f 160/385/1 1601/387/1 1602/388/1
f 166/389/1 160/385/1 1602/388/1
f 166/389/1 1602/388/1 1603/390/1
f 172/391/1 166/389/1 1603/390/1
f 172/391/1 1603/390/1 1604/392/1
f 178/393/1 172/391/1 1605/394/1
f 178/393/1 1605/394/1 1606/395/1
f 184/396/1 178/393/1 1607/397/1
f 184/396/1 1607/397/1 1608/398/1
f 190/399/1 184/396/1 1609/400/1
f 190/399/1 1609/400/1 1610/401/1
f 196/402/1 190/399/1 1611/403/1
f 196/402/1 1611/403/1 1612/404/1
f 202/405/1 196/402/1 1613/406/1
f 202/405/1 1613/406/1 1614/407/1
f 208/408/1 202/405/1 1615/409/1
f 208/408/1 1615/409/1 1616/410/1
f 214/411/1 208/408/1 1617/412/1
f 214/411/1 1617/412/1 1618/413/1
f 220/414/1 214/411/1 1619/415/1
f 220/414/1 1619/415/1 1620/416/1
f 224/417/1 220/414/1 1620/416/1
f 224/417/1 1620/416/1 1621/418/1
f 228/419/1 224/417/1 1621/418/1
f 228/419/1 1621/418/1 1622/420/1
f 232/421/1 228/419/1 1622/420/1
f 232/421/1 1622/420/1 1623/422/1
f 236/423/1 232/421/1 1624/424/1
f 236/423/1 1624/424/1 1625/425/1
f 240/426/1 236/423/1 1626/427/1
f 240/426/1 1626/427/1 1627/428/1
f 244/429/1 240/426/1 1627/428/1
f 244/429/1 1627/428/1 1628/430/1
f 248/431/1 244/429/1 1629/432/1
f 248/431/1 1629/432/1 1630/433/1
f 252/434/1 248/431/1 1631/435/1
f 252/434/1 1631/435/1 1632/436/1
f 256/437/1 252/434/1 1632/436/1
f 256/437/1 1632/436/1 1633/438/1
f 135/439/1 256/437/1 1633/438/1
f 135/439/1 1633/438/1 1634/440/1
f 136/441/1 135/439/1 1635/442/1
f 136/441/1 1635/442/1 1636/443/1
f 140/444/1 136/441/1 1637/445/1
f 140/444/1 1637/445/1 1638/446/1
f 144/447/1 140/444/1 1639/448/1
f 144/447/1 1639/448/1 1640/449/1
f 148/450/1 144/447/1 1641/451/1
f 148/450/1 1641/451/1 1642/452/1
f 152/453/1 148/450/1 1642/452/1
f 152/453/1 1642/452/1 1643/454/1
f 156/455/1 152/453/1 1643/454/1
f 156/455/1 1643/454/1 1644/456/1
f 164/457/1 156/455/1 1644/456/1
f 164/457/1 1644/456/1 1645/458/1
f 170/459/1 164/457/1 1646/460/1
f 170/459/1 1646/460/1 1647/461/1
f 176/462/1 170/459/1 1648/463/1
f 176/462/1 1648/463/1 1649/464/1
f 182/465/1 176/462/1 1649/464/1
f 182/465/1 1649/464/1 1650/466/1
f 188/467/1 182/465/1 1650/466/1
f 188/467/1 1650/466/1 1651/468/1
f 194/469/1 188/467/1 1652/470/1
f 194/469/1 1652/470/1 1653/471/1
f 200/472/1 194/469/1 1654/473/1
f 200/472/1 1654/473/1 1655/474/1
f 206/475/1 200/472/1 1656/476/1
f 206/475/1 1656/476/1 1657/477/1
f 212/478/1 206/475/1 1658/479/1
f 212/478/1 1658/479/1 1659/480/1
f 218/481/1 212/478/1 1660/482/1
f 218/481/1 1660/482/1 1661/483/1
f 222/484/1 218/481/1 1661/483/1
f 222/484/1 1661/483/1 1662/485/1
f 226/486/1 222/484/1 1662/485/1
f 226/486/1 1662/485/1 1663/487/1
f 230/488/1 226/486/1 1663/487/1
f 230/488/1 1663/487/1 1664/489/1
f 234/490/1 230/488/1 1665/491/1
f 234/490/1 1665/491/1 1666/492/1
f 238/493/1 234/490/1 1667/494/1
f 238/493/1 1667/494/1 1668/495/1
f 242/496/1 238/493/1 1669/497/1
f 242/496/1 1669/497/1 1670/498/1
f 246/499/1 242/496/1 1671/500/1
f 246/499/1 1671/500/1 1672/501/1
f 250/502/1 246/499/1 1672/501/1
f 250/502/1 1672/501/1 1673/503/1
f 254/504/1 250/502/1 1673/503/1
f 254/504/1 1673/503/1 1674/505/1
f 131/506/1 254/504/1 1675/507/1
f 131/506/1 1675/507/1 1676/508/1
f 132/509/1 131/506/1 1677/510/1
f 132/509/1 1677/510/1 1678/511/1
f 138/512/1 132/509/1 1678/511/1
f 138/512/1 1678/511/1 1679/513/1
f 142/514/1 138/512/1 1680/515/1
f 142/514/1 1680/515/1 1681/516/1
f 146/517/1 142/514/1 1682/518/1
f 146/517/1 1682/518/1 1683/519/1
f 150/520/1 146/517/1 1683/519/1
f 150/520/1 1683/519/1 1684/521/1
f 154/522/1 150/520/1 1684/521/1
f 154/522/1 1684/521/1 1685/523/1
f 162/524/1 154/522/1 1685/523/1
f 162/524/1 1685/523/1 1686/525/1
f 168/526/1 162/524/1 1686/525/1
f 168/526/1 1686/525/1 1687/527/1
f 174/528/1 168/526/1 1688/529/1
f 174/528/1 1688/529/1 1689/530/1
f 180/531/1 174/528/1 1690/532/1
f 180/531/1 1690/532/1 1691/533/1
f 186/534/1 180/531/1 1692/535/1
f 186/534/1 1692/535/1 1693/536/1
f 192/537/1 186/534/1 1694/538/1
f 192/537/1 1694/538/1 1695/539/1
f 198/540/1 192/537/1 1696/541/1
f 198/540/1 1696/541/1 1697/542/1
f 204/543/1 198/540/1 1698/544/1
f 204/543/1 1698/544/1 1699/545/1
f 210/546/1 204/543/1 1700/547/1
f 210/546/1 1700/547/1 1701/548/1
f 216/549/1 210/546/1 1701/548/1
f 216/549/1 1701/548/1 1702/550/1
f 159/386/1 216/549/1 1702/550/1
f 159/386/1 1702/550/1 1601/387/1
f 292/551/1 291/552/1 1831/553/1
f 292/551/1 1831/553/1 1832/554/1
f 298/555/1 292/551/1 1832/554/1
f 298/555/1 1832/554/1 1833/556/1
f 304/557/1 298/555/1 1834/558/1
f 304/557/1 1834/558/1 1835/559/1
f 310/560/1 304/557/1 1836/561/1
f 310/560/1 1836/561/1 1837/562/1
f 316/563/1 310/560/1 1837/562/1
f 316/563/1 1837/562/1 1838/564/1
f 322/565/1 316/563/1 1839/566/1
f 322/565/1 1839/566/1 1840/567/1
f 328/568/1 322/565/1 1841/569/1
f 328/568/1 1841/569/1 1842/570/1
f 334/571/1 328/568/1 1843/572/1
f 334/571/1 1843/572/1 1844/573/1
f 340/574/1 334/571/1 1844/573/1
f 340/574/1 1844/573/1 1845/575/1
f 346/576/1 340/574/1 1845/575/1
f 346/576/1 1845/575/1 1846/577/1
f 352/578/1 346/576/1 1846/577/1
f 352/578/1 1846/577/1 1847/579/1
f 356/580/1 352/578/1 1848/581/1
f 356/580/1 1848/581/1 1849/582/1
f 360/583/1 356/580/1 1850/584/1
f 360/583/1 1850/584/1 1851/585/1
f 364/586/1 360/583/1 1851/585/1
f 364/586/1 1851/585/1 1852/587/1
f 368/588/1 364/586/1 1852/587/1
f 368/588/1 1852/587/1 1853/589/1
f 372/590/1 368/588/1 1853/589/1
f 372/590/1 1853/589/1 1854/591/1
f 376/592/1 372/590/1 1855/593/1
f 376/592/1 1855/593/1 1856/594/1
f 380/595/1 376/592/1 1857/596/1
f 380/595/1 1857/596/1 1858/597/1
f 384/598/1 380/595/1 1859/599/1
f 384/598/1 1859/599/1 1860/600/1
f 263/601/1 384/598/1 1861/602/1
f 263/601/1 1861/602/1 1862/603/1
f 264/604/1 263/601/1 1862/603/1
f 264/604/1 1862/603/1 1863/605/1
f 268/606/1 264/604/1 1863/605/1
f 268/606/1 1863/605/1 1864/607/1
f 272/608/1 268/606/1 1865/609/1
f 272/608/1 1865/609/1 1866/610/1
f 276/611/1 272/608/1 1867/612/1
f 276/611/1 1867/612/1 1868/613/1
f 280/614/1 276/611/1 1869/615/1
f 280/614/1 1869/615/1 1870/616/1
f 284/617/1 280/614/1 1871/618/1
f 284/617/1 1871/618/1 1872/619/1
f 288/620/1 284/617/1 1872/619/1
f 288/620/1 1872/619/1 1873/621/1
f 296/622/1 288/620/1 1873/621/1
f 296/622/1 1873/621/1 1874/623/1
f 302/624/1 296/622/1 1874/623/1
f 302/624/1 1874/623/1 1875/625/1
f 308/626/1 302/624/1 1876/627/1
f 308/626/1 1876/627/1 1877/628/1
f 314/629/1 308/626/1 1878/630/1
f 314/629/1 1878/630/1 1879/631/1
f 320/632/1 314/629/1 1880/633/1
f 320/632/1 1880/633/1 1881/634/1
f 326/635/1 320/632/1 1882/636/1
f 326/635/1 1882/636/1 1883/637/1
f 332/638/1 326/635/1 1883/637/1
f 332/638/1 1883/637/1 1884/639/1
f 338/640/1 332/638/1 1885/641/1
f 338/640/1 1885/641/1 1886/642/1
f 344/643/1 338/640/1 1887/644/1
f 344/643/1 1887/644/1 1888/645/1
f 350/646/1 344/643/1 1889/647/1
f 350/646/1 1889/647/1 1890/648/1
f 354/649/1 350/646/1 1891/650/1
f 354/649/1 1891/650/1 1892/651/1
f 358/652/1 354/649/1 1893/653/1
f 358/652/1 1893/653/1 1894/654/1
f 362/655/1 358/652/1 1895/656/1
f 362/655/1 1895/656/1 1896/657/1
f 366/658/1 362/655/1 1897/659/1
f 366/658/1 1897/659/1 1898/660/1
f 370/661/1 366/658/1 1899/662/1
f 370/661/1 1899/662/1 1900/663/1
f 374/664/1 370/661/1 1901/665/1
f 374/664/1 1901/665/1 1902/666/1
f 378/667/1 374/664/1 1902/666/1
f 378/667/1 1902/666/1 1903/668/1
f 382/669/1 378/667/1 1904/670/1
f 382/669/1 1904/670/1 1905/671/1
f 259/672/1 382/669/1 1906/673/1
f 259/672/1 1906/673/1 1907/674/1
f 260/675/1 259/672/1 1908/676/1
f 260/675/1 1908/676/1 1909/677/1
f 266/678/1 260/675/1 1910/679/1
f 266/678/1 1910/679/1 1911/680/1
f 270/681/1 266/678/1 1912/682/1
f 270/681/1 1912/682/1 1913/683/1
f 274/684/1 270/681/1 1913/683/1
f 274/684/1 1913/683/1 1914/685/1
f 278/686/1 274/684/1 1915/687/1
f 278/686/1 1915/687/1 1916/688/1
f 282/689/1 278/686/1 1917/690/1
f 282/689/1 1917/690/1 1918/691/1
f 286/692/1 282/689/1 1918/691/1
f 286/692/1 1918/691/1 1919/693/1
f 294/694/1 286/692/1 1919/693/1
f 294/694/1 1919/693/1 1920/695/1
f 300/696/1 294/694/1 1921/697/1
f 300/696/1 1921/697/1 1922/698/1
f 306/699/1 300/696/1 1923/700/1
f 306/699/1 1923/700/1 1924/701/1
f 312/702/1 306/699/1 1925/703/1
f 312/702/1 1925/703/1 1926/704/1
f 318/705/1 312/702/1 1927/706/1
f 318/705/1 1927/706/1 1928/707/1
f 324/708/1 318/705/1 1929/709/1
f 324/708/1 1929/709/1 1930/710/1
f 330/711/1 324/708/1 1931/712/1
f 330/711/1 1931/712/1 1932/713/1
f 336/714/1 330/711/1 1933/715/1
f 336/714/1 1933/715/1 1934/716/1
f 342/717/1 336/714/1 1934/716/1
f 342/717/1 1934/716/1 1935/718/1
f 348/719/1 342/717/1 1936/720/1
f 348/719/1 1936/720/1 1937/721/1
f 291/552/1 348/719/1 1938/722/1
f 291/552/1 1938/722/1 1939/723/1
s 1
f 129/724/2 130/725/3 131/506/1
f 129/724/2 131/506/1 132/509/1
f 133/726/4 134/727/5 135/439/1
f 133/726/4 135/439/1 136/441/1
f 137/728/6 129/724/2 132/509/1
f 137/728/6 132/509/1 138/512/1
f 139/729/7 133/726/4 136/441/1
f 139/729/7 136/441/1 140/444/1
f 141/730/8 137/728/6 138/512/1
f 141/730/8 138/512/1 142/514/1
f 143/731/9 139/729/7 140/444/1
f 143/731/9 140/444/1 144/447/1
f 145/732/10 141/730/8 142/514/1
f 145/732/10 142/514/1 146/517/1
f 147/733/11 143/731/9 144/447/1
f 147/733/11 144/447/1 148/450/1
f 149/734/12 145/732/10 146/517/1
f 149/734/12 146/517/1 150/520/1
f 151/735/13 147/733/11 148/450/1
f 151/735/13 148/450/1 152/453/1
f 153/736/14 149/734/12 150/520/1
f 153/736/14 150/520/1 154/522/1
f 155/737/15 151/735/13 152/453/1
f 155/737/15 152/453/1 156/455/1
f 157/738/16 158/739/17 159/386/1
f 157/738/16 159/386/1 160/385/1
f 161/740/18 153/736/14 154/522/1
f 161/740/18 154/522/1 162/524/1
f 163/741/19 155/737/15 156/455/1
f 163/741/19 156/455/1 164/457/1
f 165/742/20 157/738/16 160/385/1
f 165/742/20 160/385/1 166/389/1
f 167/743/21 161/740/18 162/524/1
f 167/743/21 162/524/1 168/526/1
f 169/744/22 163/741/19 164/457/1
f 169/744/22 164/457/1 170/459/1
f 171/745/23 165/742/20 166/389/1
f 171/745/23 166/389/1 172/391/1
f 173/746/24 167/743/21 168/526/1
f 173/746/24 168/526/1 174/528/1
f 175/747/25 169/744/22 170/459/1
f 175/747/25 170/459/1 176/462/1
f 177/748/26 171/745/23 172/391/1
f 177/748/26 172/391/1 178/393/1
f 179/749/27 173/746/24 174/528/1
f 179/749/27 174/528/1 180/531/1
f 181/750/28 175/747/25 176/462/1
f 181/750/28 176/462/1 182/465/1
f 183/751/29 177/748/26 178/393/1
f 183/751/29 178/393/1 184/396/1
f 185/752/30 179/749/27 180/531/1
f 185/752/30 180/531/1 186/534/1
f 187/753/31 181/750/28 182/465/1
f 187/753/31 182/465/1 188/467/1
f 189/754/32 183/751/29 184/396/1
f 189/754/32 184/396/1 190/399/1
f 191/755/33 185/752/30 186/534/1
f 191/755/33 186/534/1 192/537/1
f 193/756/34 187/753/31 188/467/1
f 193/756/34 188/467/1 194/469/1
f 195/757/35 189/754/32 190/399/1
f 195/757/35 190/399/1 196/402/1
f 197/758/36 191/755/33 192/537/1
f 197/758/36 192/537/1 198/540/1
f 199/759/37 193/756/34 194/469/1
f 199/759/37 194/469/1 200/472/1
f 201/760/38 195/757/35 196/402/1
f 201/760/38 196/402/1 202/405/1
f 203/761/39 197/758/36 198/540/1
f 203/761/39 198/540/1 204/543/1
f 205/762/40 199/759/37 200/472/1
f 205/762/40 200/472/1 206/475/1
f 207/763/41 201/760/38 202/405/1
f 207/763/41 202/405/1 208/408/1
f 209/764/42 203/761/39 204/543/1
f 209/764/42 204/543/1 210/546/1
f 211/765/43 205/762/40 206/475/1
f 211/765/43 206/475/1 212/478/1
f 213/766/44 207/763/41 208/408/1
f 213/766/44 208/408/1 214/411/1
f 215/767/45 209/764/42 210/546/1
f 215/767/45 210/546/1 216/549/1
f 217/768/46 211/765/43 212/478/1
f 217/768/46 212/478/1 218/481/1
f 219/769/47 213/766/44 214/411/1
f 219/769/47 214/411/1 220/414/1
f 158/739/17 215/767/45 216/549/1
f 158/739/17 216/549/1 159/386/1
f 221/770/48 217/768/46 218/481/1
f 221/770/48 218/481/1 222/484/1
f 223/771/49 219/769/47 220/414/1
f 223/771/49 220/414/1 224/417/1
f 225/772/50 221/770/48 222/484/1
f 225/772/50 222/484/1 226/486/1
f 227/773/51 223/771/49 224/417/1
f 227/773/51 224/417/1 228/419/1
f 229/774/52 225/772/50 226/486/1
f 229/774/52 226/486/1 230/488/1
f 231/775/53 227/773/51 228/419/1
f 231/775/53 228/419/1 232/421/1
f 233/776/54 229/774/52 230/488/1
f 233/776/54 230/488/1 234/490/1
f 235/777/55 231/775/53 232/421/1
f 235/777/55 232/421/1 236/423/1
f 237/778/56 233/776/54 234/490/1
f 237/778/56 234/490/1 238/493/1
f 239/779/57 235/777/55 236/423/1
f 239/779/57 236/423/1 240/426/1
f 241/780/58 237/778/56 238/493/1
f 241/780/58 238/493/1 242/496/1
f 243/781/59 239/779/57 240/426/1
f 243/781/59 240/426/1 244/429/1
f 245/782/60 241/780/58 242/496/1
f 245/782/60 242/496/1 246/499/1
f 247/783/61 243/781/59 244/429/1
f 247/783/61 244/429/1 248/431/1
f 249/784/62 245/782/60 246/499/1
f 249/784/62 246/499/1 250/502/1
f 251/785/63 247/783/61 248/431/1
f 251/785/63 248/431/1 252/434/1
f 253/786/64 249/784/62 250/502/1
f 253/786/64 250/502/1 254/504/1
f 255/787/65 251/785/63 252/434/1
f 255/787/65 252/434/1 256/437/1
f 130/725/3 253/786/64 254/504/1
f 130/725/3 254/504/1 131/506/1
f 134/727/5 255/787/65 256/437/1
f 134/727/5 256/437/1 135/439/1
f 257/788/3 258/789/64 259/672/1
f 257/788/3 259/672/1 260/675/1
f 261/790/5 262/791/65 263/601/1
f 261/790/5 263/601/1 264/604/1
f 265/792/2 257/788/3 260/675/1
f 265/792/2 260/675/1 266/678/1
f 267/793/4 261/790/5 264/604/1
f 267/793/4 264/604/1 268/606/1
f 269/794/6 265/792/2 266/678/1
f 269/794/6 266/678/1 270/681/1
f 271/795/7 267/793/4 268/606/1
f 271/795/7 268/606/1 272/608/1
f 273/796/8 269/794/6 270/681/1
f 273/796/8 270/681/1 274/684/1
f 275/797/9 271/795/7 272/608/1
f 275/797/9 272/608/1 276/611/1
f 277/798/10 273/796/8 274/684/1
f 277/798/10 274/684/1 278/686/1
f 279/799/11 275/797/9 276/611/1
f 279/799/11 276/611/1 280/614/1
f 281/800/12 277/798/10 278/686/1
f 281/800/12 278/686/1 282/689/1
f 283/801/13 279/799/11 280/614/1
f 283/801/13 280/614/1 284/617/1
f 285/802/14 281/800/12 282/689/1
f 285/802/14 282/689/1 286/692/1
f 287/803/15 283/801/13 284/617/1
f 287/803/15 284/617/1 288/620/1
f 289/804/16 290/805/17 291/552/1
f 289/804/16 291/552/1 292/551/1
f 293/806/18 285/802/14 286/692/1
f 293/806/18 286/692/1 294/694/1
f 295/807/19 287/803/15 288/620/1
f 295/807/19 288/620/1 296/622/1
f 297/808/20 289/804/16 292/551/1
f 297/808/20 292/551/1 298/555/1
f 299/809/21 293/806/18 294/694/1
f 299/809/21 294/694/1 300/696/1
f 301/810/22 295/807/19 296/622/1
f 301/810/22 296/622/1 302/624/1
f 303/811/23 297/808/20 298/555/1
f 303/811/23 298/555/1 304/557/1
f 305/812/24 299/809/21 300/696/1
f 305/812/24 300/696/1 306/699/1
f 307/813/25 301/810/22 302/624/1
f 307/813/25 302/624/1 308/626/1
f 309/814/26 303/811/23 304/557/1
f 309/814/26 304/557/1 310/560/1
f 311/815/27 305/812/24 306/699/1
f 311/815/27 306/699/1 312/702/1
f 313/816/28 307/813/25 308/626/1
f 313/816/28 308/626/1 314/629/1
f 315/817/29 309/814/26 310/560/1
f 315/817/29 310/560/1 316/563/1
f 317/818/30 311/815/27 312/702/1
f 317/818/30 312/702/1 318/705/1
f 319/819/31 313/816/28 314/629/1
f 319/819/31 314/629/1 320/632/1
f 321/820/32 315/817/29 316/563/1
f 321/820/32 316/563/1 322/565/1
f 323/821/33 317/818/30 318/705/1
f 323/821/33 318/705/1 324/708/1
f 325/822/34 319/819/31 320/632/1
f 325/822/34 320/632/1 326/635/1
f 327/823/35 321/820/32 322/565/1
f 327/823/35 322/565/1 328/568/1
f 329/824/36 323/821/33 324/708/1
f 329/824/36 324/708/1 330/711/1
f 331/825/37 325/822/34 326/635/1
f 331/825/37 326/635/1 332/638/1
f 333/826/38 327/823/35 328/568/1
f 333/826/38 328/568/1 334/571/1
f 335/827/39 329/824/36 330/711/1
f 335/827/39 330/711/1 336/714/1
f 337/828/40 331/825/37 332/638/1
f 337/828/40 332/638/1 338/640/1
f 339/829/41 333/826/38 334/571/1
f 339/829/41 334/571/1 340/574/1
f 341/830/42 335/827/39 336/714/1
f 341/830/42 336/714/1 342/717/1
f 343/831/43 337/828/40 338/640/1
f 343/831/43 338/640/1 344/643/1
f 345/832/44 339/829/41 340/574/1
f 345/832/44 340/574/1 346/576/1
f 347/833/45 341/830/42 342/717/1
f 347/833/45 342/717/1 348/719/1
f 349/834/46 343/831/43 344/643/1
f 349/834/46 344/643/1 350/646/1
f 351/835/47 345/832/44 346/576/1
f 351/835/47 346/576/1 352/578/1
f 290/805/17 347/833/45 348/719/1
f 290/805/17 348/719/1 291/552/1
f 353/836/48 349/834/46 350/646/1
f 353/836/48 350/646/1 354/649/1
f 355/837/49 351/835/47 352/578/1
f 355/837/49 352/578/1 356/580/1
f 357/838/50 353/836/48 354/649/1
f 357/838/50 354/649/1 358/652/1
f 359/839/51 355/837/49 356/580/1
f 359/839/51 356/580/1 360/583/1
f 361/840/52 357/838/50 358/652/1
f 361/840/52 358/652/1 362/655/1
f 363/841/53 359/839/51 360/583/1
f 363/841/53 360/583/1 364/586/1
f 365/842/54 361/840/52 362/655/1
f 365/842/54 362/655/1 366/658/1
f 367/843/55 363/841/53 364/586/1
f 367/843/55 364/586/1 368/588/1
f 369/844/56 365/842/54 366/658/1
f 369/844/56 366/658/1 370/661/1
f 371/845/57 367/843/55 368/588/1
f 371/845/57 368/588/1 372/590/1
f 373/846/58 369/844/56 370/661/1
f 373/846/58 370/661/1 374/664/1
f 375/847/59 371/845/57 372/590/1
f 375/847/59 372/590/1 376/592/1
f 377/848/60 373/846/58 374/664/1
f 377/848/60 374/664/1 378/667/1
f 379/849/61 375/847/59 376/592/1
f 379/849/61 376/592/1 380/595/1
f 381/850/62 377/848/60 378/667/1
f 381/850/62 378/667/1 382/669/1
f 383/851/63 379/849/61 380/595/1
f 383/851/63 380/595/1 384/598/1
f 258/789/64 381/850/62 382/669/1
f 258/789/64 382/669/1 259/672/1
f 262/791/65 383/851/63 384/598/1
f 262/791/65 384/598/1 263/601/1
f 641/852/66 642/853/67 643/854/68
f 641/852/66 643/854/68 644/855/69
f 645/856/70 646/857/71 647/858/72
f 645/856/70 647/858/72 648/859/73
f 642/853/67 649/860/74 650/861/75
f 642/853/67 650/861/75 643/854/68
f 646/857/71 651/862/76 652/863/77
f 646/857/71 652/863/77 647/858/72
f 649/860/74 653/864/78 654/865/79
f 649/860/74 654/865/79 650/861/75
f 651/862/76 655/866/80 656/867/81
f 651/862/76 656/867/81 652/863/77
f 653/864/78 657/868/82 658/869/83
f 653/864/78 658/869/83 654/865/79
f 655/866/80 659/870/84 660/871/85
f 655/866/80 660/871/85 656/867/81
f 657/868/82 661/872/86 662/873/87
f 657/868/82 662/873/87 658/869/83
f 659/870/84 663/874/88 664/875/89
f 659/870/84 664/875/89 660/871/85
f 661/872/86 665/876/90 666/877/91
f 661/872/86 666/877/91 662/873/87
f 663/874/88 667/878/92 668/879/93
f 663/874/88 668/879/93 664/875/89
f 665/876/90 669/880/94 670/881/95
f 665/876/90 670/881/95 666/877/91
f 667/878/92 671/882/96 672/883/97
f 667/878/92 672/883/97 668/879/93
f 669/880/94 673/884/98 674/885/99
f 669/880/94 674/885/99 670/881/95
f 671/882/96 675/886/100 676/887/101
f 671/882/96 676/887/101 672/883/97
f 673/884/98 677/888/102 678/889/103
f 673/884/98 678/889/103 674/885/99
f 675/886/100 679/890/104 680/891/105
f 675/886/100 680/891/105 676/887/101
f 677/888/102 681/892/106 682/893/107
f 677/888/102 682/893/107 678/889/103
f 679/890/104 683/894/108 684/895/109
f 679/890/104 684/895/109 680/891/105
f 681/892/106 685/896/110 686/897/111
f 681/892/106 686/897/111 682/893/107
f 687/898/14 688/899/12 689/900/1
f 687/898/14 689/900/1 690/901/1
f 685/896/110 691/902/112 692/903/113
f 685/896/110 692/903/113 686/897/111
f 693/904/114 694/905/115 695/906/116
f 693/904/114 695/906/116 696/907/117
f 697/908/118 698/909/119 699/910/120
f 697/908/118 699/910/120 700/911/121
f 691/902/112 701/912/122 702/913/123
f 691/902/112 702/913/123 692/903/113
f 694/905/115 703/914/124 704/915/125
f 694/905/115 704/915/125 695/906/116
f 698/909/119 705/916/126 706/917/127
f 698/909/119 706/917/127 699/910/120
f 701/912/122 707/918/128 708/919/129
f 701/912/122 708/919/129 702/913/123
f 703/914/124 709/920/130 710/921/131
f 703/914/124 710/921/131 704/915/125
f 705/916/126 711/922/132 712/923/133
f 705/916/126 712/923/133 706/917/127
f 707/918/128 713/924/134 714/925/135
f 707/918/128 714/925/135 708/919/129
f 709/920/130 715/926/136 716/927/137
f 709/920/130 716/927/137 710/921/131
f 711/922/132 717/928/138 718/929/139
f 711/922/132 718/929/139 712/923/133
f 713/924/134 719/930/140 720/931/141
f 713/924/134 720/931/141 714/925/135
f 715/926/136 721/932/142 722/933/143
f 715/926/136 722/933/143 716/927/137
f 717/928/138 723/934/144 724/935/145
f 717/928/138 724/935/145 718/929/139
f 719/930/140 725/936/146 726/937/147
f 719/930/140 726/937/147 720/931/141
f 721/932/142 727/938/148 728/939/149
f 721/932/142 728/939/149 722/933/143
f 723/934/144 729/940/150 730/941/151
f 723/934/144 730/941/151 724/935/145
f 725/936/146 731/942/152 732/943/153
f 725/936/146 732/943/153 726/937/147
f 727/938/148 733/944/154 734/945/155
f 727/938/148 734/945/155 728/939/149
f 729/940/150 735/946/156 736/947/157
f 729/940/150 736/947/157 730/941/151
f 731/942/152 737/948/158 738/949/159
f 731/942/152 738/949/159 732/943/153
f 733/944/154 739/950/160 740/951/161
f 733/944/154 740/951/161 734/945/155
f 735/946/156 741/952/162 742/953/163
f 735/946/156 742/953/163 736/947/157
f 737/948/158 743/954/164 744/955/165
f 737/948/158 744/955/165 738/949/159
f 739/950/160 745/956/166 746/957/167
f 739/950/160 746/957/167 740/951/161
f 741/952/162 747/958/168 748/959/169
f 741/952/162 748/959/169 742/953/163
f 743/954/164 749/960/170 750/961/171
f 743/954/164 750/961/171 744/955/165
f 745/956/166 751/962/172 752/963/173
f 745/956/166 752/963/173 746/957/167
f 747/958/168 753/964/174 754/965/175
f 747/958/168 754/965/175 748/959/169
f 749/960/170 755/966/176 756/967/177
f 749/960/170 756/967/177 750/961/171
f 751/962/172 757/968/178 758/969/179
f 751/962/172 758/969/179 752/963/173
f 753/964/174 759/970/180 760/971/181
f 753/964/174 760/971/181 754/965/175
f 755/966/176 697/908/118 700/911/121
f 755/966/176 700/911/121 756/967/177
f 757/968/178 761/972/182 762/973/183
f 757/968/178 762/973/183 758/969/179
f 759/970/180 763/974/184 764/975/185
f 759/970/180 764/975/185 760/971/181
f 761/972/182 765/976/186 766/977/187
f 761/972/182 766/977/187 762/973/183
f 763/974/184 767/978/188 768/979/189
f 763/974/184 768/979/189 764/975/185
f 765/976/186 769/980/190 770/981/191
f 765/976/186 770/981/191 766/977/187
f 767/978/188 771/982/192 772/983/193
f 767/978/188 772/983/193 768/979/189
f 769/980/190 641/852/66 644/855/69
f 769/980/190 644/855/69 770/981/191
f 771/982/192 645/856/70 648/859/73
f 771/982/192 648/859/73 772/983/193
f 773/984/11 774/985/9 775/986/1
f 773/984/11 775/986/1 776/987/1
f 777/988/1 778/989/1 779/990/194
f 777/988/1 779/990/194 780/991/195
f 688/899/12 781/992/10 782/993/1
f 688/899/12 782/993/1 689/900/1
f 783/994/1 784/995/1 785/996/196
f 783/994/1 785/996/196 786/997/197
f 683/894/108 693/904/114 696/907/117
f 683/894/108 696/907/117 684/895/109
f 778/989/1 787/998/1 788/999/198
f 778/989/1 788/999/198 779/990/194
f 789/1000/13 773/984/11 776/987/1
f 789/1000/13 776/987/1 790/1001/1
f 784/995/1 791/1002/1 792/1003/199
f 784/995/1 792/1003/199 785/996/196
f 793/1004/15 789/1000/13 790/1001/1
f 793/1004/15 790/1001/1 794/1005/1
f 787/998/1 795/1006/1 796/1007/200
f 787/998/1 796/1007/200 788/999/198
f 797/1008/18 687/898/14 690/901/1
f 797/1008/18 690/901/1 798/1009/1
f 791/1002/1 799/1010/1 800/1011/201
f 791/1002/1 800/1011/201 792/1003/199
f 801/1012/17 802/1013/45 803/1014/1
f 801/1012/17 803/1014/1 804/1015/1
f 795/1006/1 805/1016/1 806/1017/202
f 795/1006/1 806/1017/202 796/1007/200
f 807/1018/19 793/1004/15 794/1005/1
f 807/1018/19 794/1005/1 808/1019/1
f 799/1010/1 809/1020/1 810/1021/203
f 799/1010/1 810/1021/203 800/1011/201
f 811/1022/204 812/1023/16 813/1024/1
f 811/1022/204 813/1024/1 814/1025/1
f 815/1026/44 816/1027/41 817/1028/205
f 815/1026/44 817/1028/205 818/1029/206
f 805/1016/1 819/1030/1 820/1031/207
f 805/1016/1 820/1031/207 806/1017/202
f 812/1023/16 801/1012/17 804/1015/1
f 812/1023/16 804/1015/1 813/1024/1
f 821/1032/1 822/1033/1 823/1034/208
f 821/1032/1 823/1034/208 824/1035/209
f 809/1020/1 825/1036/1 826/1037/210
f 809/1020/1 826/1037/210 810/1021/203
f 827/1038/22 807/1018/19 808/1019/1
f 827/1038/22 808/1019/1 828/1039/1
f 829/1040/1 830/1041/1 831/1042/211
f 829/1040/1 831/1042/211 832/1043/212
f 819/1030/1 833/1044/1 834/1045/213
f 819/1030/1 834/1045/213 820/1031/207
f 835/1046/23 811/1022/204 814/1025/1
f 835/1046/23 814/1025/1 836/1047/1
f 822/1033/1 837/1048/1 838/1049/214
f 822/1033/1 838/1049/214 823/1034/208
f 825/1036/1 839/1050/1 840/1051/215
f 825/1036/1 840/1051/215 826/1037/210
f 841/1052/24 842/1053/21 843/1054/1
f 841/1052/24 843/1054/1 844/1055/1
f 830/1041/1 845/1056/1 846/1057/216
f 830/1041/1 846/1057/216 831/1042/211
f 833/1044/1 847/1058/1 848/1059/217
f 833/1044/1 848/1059/217 834/1045/213
f 849/1060/218 827/1038/22 828/1039/1
f 849/1060/218 828/1039/1 850/1061/1
f 837/1048/1 851/1062/1 852/1063/219
f 837/1048/1 852/1063/219 838/1049/214
f 839/1050/1 853/1064/1 854/1065/220
f 839/1050/1 854/1065/220 840/1051/215
f 855/1066/26 835/1046/23 836/1047/1
f 855/1066/26 836/1047/1 856/1067/1
f 845/1056/1 857/1068/1 858/1069/221
f 845/1056/1 858/1069/221 846/1057/216
f 847/1058/1 859/1070/1 860/1071/222
f 847/1058/1 860/1071/222 848/1059/217
f 861/1072/27 841/1052/24 844/1055/1
f 861/1072/27 844/1055/1 862/1073/1
f 851/1062/1 863/1074/1 864/1075/223
f 851/1062/1 864/1075/223 852/1063/219
f 853/1064/1 865/1076/1 866/1077/224
f 853/1064/1 866/1077/224 854/1065/220
f 867/1078/28 849/1060/218 850/1061/1
f 867/1078/28 850/1061/1 868/1079/1
f 857/1068/1 869/1080/1 870/1081/225
f 857/1068/1 870/1081/225 858/1069/221
f 871/1082/95 872/1083/91 873/1084/90
f 871/1082/95 873/1084/90 874/1085/94
f 875/1086/29 855/1066/26 856/1067/1
f 875/1086/29 856/1067/1 876/1087/1
f 877/1088/1 878/1089/1 879/1090/226
f 877/1088/1 879/1090/226 880/1091/227
f 881/1092/175 882/1093/169 883/1094/168
f 881/1092/175 883/1094/168 884/1095/174
f 885/1096/30 861/1072/27 862/1073/1
f 885/1096/30 862/1073/1 886/1097/1
f 863/1074/1 887/1098/1 888/1099/206
f 863/1074/1 888/1099/206 864/1075/223
f 859/1070/1 889/1100/1 890/1101/228
f 859/1070/1 890/1101/228 860/1071/222
f 891/1102/31 867/1078/28 868/1079/1
f 891/1102/31 868/1079/1 892/1103/1
f 869/1080/1 893/1104/1 894/1105/229
f 869/1080/1 894/1105/229 870/1081/225
f 865/1076/1 895/1106/1 896/1107/230
f 865/1076/1 896/1107/230 866/1077/224
f 897/1108/32 875/1086/29 876/1087/1
f 897/1108/32 876/1087/1 898/1109/1
f 878/1089/1 899/1110/1 900/1111/231
f 878/1089/1 900/1111/231 879/1090/226
f 901/1112/33 885/1096/30 886/1097/1
f 901/1112/33 886/1097/1 902/1113/1
f 887/1098/1 903/1114/1 904/1115/205
f 887/1098/1 904/1115/205 888/1099/206
f 905/1116/34 891/1102/31 892/1103/1
f 905/1116/34 892/1103/1 906/1117/1
f 893/1104/1 907/1118/1 908/1119/232
f 893/1104/1 908/1119/232 894/1105/229
f 909/1120/35 897/1108/32 898/1109/1
f 909/1120/35 898/1109/1 910/1121/1
f 899/1110/1 911/1122/1 912/1123/233
f 899/1110/1 912/1123/233 900/1111/231
f 913/1124/36 901/1112/33 902/1113/1
f 913/1124/36 902/1113/1 914/1125/1
f 903/1114/1 915/1126/1 916/1127/234
f 903/1114/1 916/1127/234 904/1115/205
f 917/1128/235 905/1116/34 906/1117/1
f 917/1128/235 906/1117/1 918/1129/1
f 907/1118/1 919/1130/1 920/1131/236
f 907/1118/1 920/1131/236 908/1119/232
f 921/1132/181 881/1092/175 884/1095/174
f 921/1132/181 884/1095/174 922/1133/180
f 923/1134/99 871/1082/95 874/1085/94
f 923/1134/99 874/1085/94 924/1135/98
f 925/1136/1 829/1040/1 832/1043/212
f 925/1136/1 832/1043/212 926/1137/237
f 895/1106/1 821/1032/1 824/1035/209
f 895/1106/1 824/1035/209 896/1107/230
f 927/1138/185 921/1132/181 922/1133/180
f 927/1138/185 922/1133/180 928/1139/238
f 929/1140/103 923/1134/99 924/1135/98
f 929/1140/103 924/1135/98 930/1141/239
f 931/1142/189 927/1138/185 928/1139/238
f 931/1142/189 928/1139/238 932/1143/240
f 933/1144/107 929/1140/103 930/1141/239
f 933/1144/107 930/1141/239 934/1145/241
f 935/1146/193 931/1142/189 932/1143/240
f 935/1146/193 932/1143/240 936/1147/242
f 937/1148/111 933/1144/107 934/1145/241
f 937/1148/111 934/1145/241 938/1149/243
f 939/1150/73 935/1146/193 936/1147/242
f 939/1150/73 936/1147/242 940/1151/70
f 941/1152/113 937/1148/111 938/1149/243
f 941/1152/113 938/1149/243 942/1153/112
f 943/1154/72 939/1150/73 940/1151/70
f 943/1154/72 940/1151/70 944/1155/71
f 945/1156/123 941/1152/113 942/1153/112
f 945/1156/123 942/1153/112 946/1157/244
f 947/1158/77 943/1154/72 944/1155/71
f 947/1158/77 944/1155/71 948/1159/76
f 949/1160/129 945/1156/123 946/1157/244
f 949/1160/129 946/1157/244 950/1161/128
f 951/1162/81 947/1158/77 948/1159/76
f 951/1162/81 948/1159/76 952/1163/245
f 953/1164/135 949/1160/129 950/1161/128
f 953/1164/135 950/1161/128 954/1165/134
f 955/1166/85 951/1162/81 952/1163/245
f 955/1166/85 952/1163/245 956/1167/246
f 957/1168/141 953/1164/135 954/1165/134
f 957/1168/141 954/1165/134 958/1169/140
f 959/1170/89 955/1166/85 956/1167/246
f 959/1170/89 956/1167/246 960/1171/247
f 961/1172/147 957/1168/141 958/1169/140
f 961/1172/147 958/1169/140 962/1173/248
f 963/1174/93 959/1170/89 960/1171/247
f 963/1174/93 960/1171/247 964/1175/92
f 965/1176/153 961/1172/147 962/1173/248
f 965/1176/153 962/1173/248 966/1177/152
f 967/1178/155 968/1179/149 969/1180/148
f 967/1178/155 969/1180/148 970/1181/154
f 971/1182/97 963/1174/93 964/1175/92
f 971/1182/97 964/1175/92 972/1183/249
f 973/1184/159 965/1176/153 966/1177/152
f 973/1184/159 966/1177/152 974/1185/250
f 975/1186/161 967/1178/155 970/1181/154
f 975/1186/161 970/1181/154 976/1187/251
f 977/1188/101 971/1182/97 972/1183/249
f 977/1188/101 972/1183/249 978/1189/100
f 979/1190/165 973/1184/159 974/1185/250
f 979/1190/165 974/1185/250 980/1191/164
f 981/1192/167 975/1186/161 976/1187/251
f 981/1192/167 976/1187/251 982/1193/252
f 983/1194/105 977/1188/101 978/1189/100
f 983/1194/105 978/1189/100 984/1195/104
f 985/1196/171 979/1190/165 980/1191/164
f 985/1196/171 980/1191/164 986/1197/253
f 987/1198/173 981/1192/167 982/1193/252
f 987/1198/173 982/1193/252 988/1199/254
f 989/1200/109 983/1194/105 984/1195/104
f 989/1200/109 984/1195/104 990/1201/108
f 991/1202/177 985/1196/171 986/1197/253
f 991/1202/177 986/1197/253 992/1203/176
f 993/1204/179 987/1198/173 988/1199/254
f 993/1204/179 988/1199/254 994/1205/178
f 995/1206/117 989/1200/109 990/1201/108
f 995/1206/117 990/1201/108 996/1207/114
f 997/1208/121 991/1202/177 992/1203/176
f 997/1208/121 992/1203/176 998/1209/118
f 999/1210/183 993/1204/179 994/1205/178
f 999/1210/183 994/1205/178 1000/1211/182
f 1001/1212/116 995/1206/117 996/1207/114
f 1001/1212/116 996/1207/114 1002/1213/115
f 1003/1214/120 997/1208/121 998/1209/118
f 1003/1214/120 998/1209/118 1004/1215/119
f 1005/1216/187 999/1210/183 1000/1211/182
f 1005/1216/187 1000/1211/182 1006/1217/186
f 1007/1218/125 1001/1212/116 1002/1213/115
f 1007/1218/125 1002/1213/115 1008/1219/255
f 1009/1220/127 1003/1214/120 1004/1215/119
f 1009/1220/127 1004/1215/119 1010/1221/256
f 1011/1222/191 1005/1216/187 1006/1217/186
f 1011/1222/191 1006/1217/186 1012/1223/257
f 1013/1224/131 1007/1218/125 1008/1219/255
f 1013/1224/131 1008/1219/255 1014/1225/258
f 1015/1226/133 1009/1220/127 1010/1221/256
f 1015/1226/133 1010/1221/256 1016/1227/132
f 1017/1228/69 1011/1222/191 1012/1223/257
f 1017/1228/69 1012/1223/257 1018/1229/66
f 1019/1230/137 1013/1224/131 1014/1225/258
f 1019/1230/137 1014/1225/258 1020/1231/259
f 1021/1232/139 1015/1226/133 1016/1227/132
f 1021/1232/139 1016/1227/132 1022/1233/260
f 1023/1234/68 1017/1228/69 1018/1229/66
f 1023/1234/68 1018/1229/66 1024/1235/67
f 1025/1236/143 1019/1230/137 1020/1231/259
f 1025/1236/143 1020/1231/259 1026/1237/142
f 1027/1238/145 1021/1232/139 1022/1233/260
f 1027/1238/145 1022/1233/260 1028/1239/144
f 1029/1240/75 1023/1234/68 1024/1235/67
f 1029/1240/75 1024/1235/67 1030/1241/74
f 968/1179/149 1025/1236/143 1026/1237/142
f 968/1179/149 1026/1237/142 969/1180/148
f 1031/1242/151 1027/1238/145 1028/1239/144
f 1031/1242/151 1028/1239/144 1032/1243/261
f 1033/1244/79 1029/1240/75 1030/1241/74
f 1033/1244/79 1030/1241/74 1034/1245/78
f 1035/1246/157 1031/1242/151 1032/1243/261
f 1035/1246/157 1032/1243/261 1036/1247/156
f 1037/1248/83 1033/1244/79 1034/1245/78
f 1037/1248/83 1034/1245/78 1038/1249/262
f 1039/1250/163 1035/1246/157 1036/1247/156
f 1039/1250/163 1036/1247/156 1040/1251/162
f 1041/1252/87 1037/1248/83 1038/1249/262
f 1041/1252/87 1038/1249/262 1042/1253/263
f 882/1093/169 1039/1250/163 1040/1251/162
f 882/1093/169 1040/1251/162 883/1094/168
f 872/1083/91 1041/1252/87 1042/1253/263
f 872/1083/91 1042/1253/263 873/1084/90
f 1043/1254/34 1044/1255/31 1045/1256/264
f 1043/1254/34 1045/1256/264 1046/1257/265
f 1047/1258/2 1048/1259/3 1049/1260/207
f 1047/1258/2 1049/1260/207 1050/1261/202
f 1051/1262/38 1052/1263/266 1053/1264/267
f 1051/1262/38 1053/1264/267 1054/1265/268
f 1055/1266/62 1056/1267/60 1057/1268/222
f 1055/1266/62 1057/1268/222 1058/1269/269
f 1052/1263/266 1059/1270/32 1060/1271/270
f 1052/1263/266 1060/1271/270 1053/1264/267
f 1056/1267/60 1061/1272/58 1062/1273/228
f 1056/1267/60 1062/1273/228 1057/1268/222
f 1059/1270/32 1063/1274/29 1064/1275/271
f 1059/1270/32 1064/1275/271 1060/1271/270
f 1061/1272/58 1065/1276/56 1066/1277/237
f 1061/1272/58 1066/1277/237 1062/1273/228
f 1067/1278/64 1055/1266/62 1058/1269/269
f 1067/1278/64 1058/1269/269 1068/1279/213
f 1063/1274/29 1069/1280/26 1070/1281/272
f 1063/1274/29 1070/1281/272 1064/1275/271
f 1071/1282/28 1072/1283/25 1073/1284/273
f 1071/1282/28 1073/1284/273 1074/1285/274
f 1065/1276/56 1075/1286/54 1076/1287/212
f 1065/1276/56 1076/1287/212 1066/1277/237
f 1069/1280/26 1077/1288/23 1078/1289/275
f 1069/1280/26 1078/1289/275 1070/1281/272
f 1072/1283/25 1079/1290/22 1080/1291/276
f 1072/1283/25 1080/1291/276 1073/1284/273
f 1075/1286/54 1081/1292/52 1082/1293/211
f 1075/1286/54 1082/1293/211 1076/1287/212
f 1077/1288/23 1083/1294/20 1084/1295/277
f 1077/1288/23 1084/1295/277 1078/1289/275
f 1079/1290/22 1085/1296/19 1086/1297/278
f 1079/1290/22 1086/1297/278 1080/1291/276
f 1081/1292/52 1087/1298/50 1088/1299/216
f 1081/1292/52 1088/1299/216 1082/1293/211
f 1083/1294/20 1089/1300/16 1090/1301/279
f 1083/1294/20 1090/1301/279 1084/1295/277
f 1085/1296/19 1091/1302/15 1092/1303/280
f 1085/1296/19 1092/1303/280 1086/1297/278
f 1087/1298/50 1093/1304/48 1094/1305/221
f 1087/1298/50 1094/1305/221 1088/1299/216
f 1089/1300/16 1095/1306/17 1096/1307/227
f 1089/1300/16 1096/1307/227 1090/1301/279
f 1091/1302/15 1097/1308/13 1098/1309/281
f 1091/1302/15 1098/1309/281 1092/1303/280
f 1093/1304/48 1099/1310/46 1100/1311/225
f 1093/1304/48 1100/1311/225 1094/1305/221
f 1095/1306/17 1101/1312/45 1102/1313/226
f 1095/1306/17 1102/1313/226 1096/1307/227
f 1097/1308/13 1103/1314/282 1104/1315/283
f 1097/1308/13 1104/1315/283 1098/1309/281
f 1099/1310/46 1105/1316/43 1106/1317/229
f 1099/1310/46 1106/1317/229 1100/1311/225
f 1101/1312/45 1107/1318/42 1108/1319/231
f 1101/1312/45 1108/1319/231 1102/1313/226
f 1103/1314/282 1109/1320/9 1110/1321/284
f 1103/1314/282 1110/1321/284 1104/1315/283
f 1105/1316/43 1111/1322/40 1112/1323/232
f 1105/1316/43 1112/1323/232 1106/1317/229
f 1107/1318/42 1113/1324/39 1114/1325/233
f 1107/1318/42 1114/1325/233 1108/1319/231
f 1109/1320/9 1115/1326/7 1116/1327/199
f 1109/1320/9 1116/1327/199 1110/1321/284
f 1111/1322/40 1117/1328/37 1118/1329/236
f 1111/1322/40 1118/1329/236 1112/1323/232
f 1113/1324/39 1119/1330/36 1120/1331/285
f 1113/1324/39 1120/1331/285 1114/1325/233
f 1115/1326/7 1121/1332/4 1122/1333/201
f 1115/1326/7 1122/1333/201 1116/1327/199
f 1117/1328/37 1043/1254/34 1046/1257/265
f 1117/1328/37 1046/1257/265 1118/1329/236
f 1119/1330/36 1123/1334/33 1124/1335/286
f 1119/1330/36 1124/1335/286 1120/1331/285
f 1121/1332/4 1125/1336/5 1126/1337/287
f 1121/1332/4 1126/1337/287 1122/1333/201
f 1123/1334/33 1127/1338/30 1128/1339/288
f 1123/1334/33 1128/1339/288 1124/1335/286
f 1044/1255/31 1071/1282/28 1074/1285/274
f 1044/1255/31 1074/1285/274 1045/1256/264
f 1125/1336/5 1129/1340/65 1130/1341/210
f 1125/1336/5 1130/1341/210 1126/1337/287
f 1127/1338/30 1131/1342/289 1132/1343/290
f 1127/1338/30 1132/1343/290 1128/1339/288
f 1129/1340/65 1133/1344/63 1134/1345/215
f 1129/1340/65 1134/1345/215 1130/1341/210
f 1131/1342/289 1135/1346/24 1136/1347/291
f 1131/1342/289 1136/1347/291 1132/1343/290
f 1133/1344/63 1137/1348/61 1138/1349/220
f 1133/1344/63 1138/1349/220 1134/1345/215
f 1135/1346/24 1139/1350/292 1140/1351/293
f 1135/1346/24 1140/1351/293 1136/1347/291
f 1137/1348/61 1141/1352/59 1142/1353/224
f 1137/1348/61 1142/1353/224 1138/1349/220
f 1139/1350/292 1143/1354/18 1144/1355/294
f 1139/1350/292 1144/1355/294 1140/1351/293
f 1141/1352/59 1145/1356/57 1146/1357/230
f 1141/1352/59 1146/1357/230 1142/1353/224
f 1143/1354/18 1147/1358/14 1148/1359/295
f 1143/1354/18 1148/1359/295 1144/1355/294
f 1145/1356/57 1149/1360/55 1150/1361/209
f 1145/1356/57 1150/1361/209 1146/1357/230
f 1147/1358/14 1151/1362/12 1152/1363/195
f 1147/1358/14 1152/1363/195 1148/1359/295
f 1149/1360/55 1153/1364/296 1154/1365/208
f 1149/1360/55 1154/1365/208 1150/1361/209
f 1151/1362/12 1155/1366/10 1156/1367/194
f 1151/1362/12 1156/1367/194 1152/1363/195
f 1153/1364/296 1157/1368/51 1158/1369/214
f 1153/1364/296 1158/1369/214 1154/1365/208
f 1155/1366/10 1159/1370/8 1160/1371/198
f 1155/1366/10 1160/1371/198 1156/1367/194
f 1157/1368/51 1161/1372/49 1162/1373/297
f 1157/1368/51 1162/1373/297 1158/1369/214
f 1159/1370/8 1163/1374/6 1164/1375/298
f 1159/1370/8 1164/1375/298 1160/1371/198
f 1161/1372/49 1165/1376/47 1166/1377/223
f 1161/1372/49 1166/1377/223 1162/1373/297
f 1163/1374/6 1047/1258/2 1050/1261/202
f 1163/1374/6 1050/1261/202 1164/1375/298
f 1165/1376/47 815/1026/44 818/1029/206
f 1165/1376/47 818/1029/206 1166/1377/223
f 1048/1259/3 1067/1278/64 1068/1279/213
f 1048/1259/3 1068/1279/213 1049/1260/207
f 816/1027/41 1051/1262/38 1054/1265/268
f 816/1027/41 1054/1265/268 817/1028/205
f 1167/1378/1 783/994/1 786/997/197
f 1167/1378/1 786/997/197 1168/1379/281
f 781/992/10 1169/1380/299 1170/1381/1
f 781/992/10 1170/1381/1 782/993/1
f 1171/1382/1 777/988/1 780/991/195
f 1171/1382/1 780/991/195 1172/1383/295
f 774/985/9 1173/1384/7 1174/1385/1
f 774/985/9 1174/1385/1 775/986/1
f 1175/1386/1 1167/1378/1 1168/1379/281
f 1175/1386/1 1168/1379/281 1176/1387/280
f 1169/1380/299 1177/1388/6 1178/1389/1
f 1169/1380/299 1178/1389/1 1170/1381/1
f 1179/1390/1 1171/1382/1 1172/1383/295
f 1179/1390/1 1172/1383/295 1180/1391/294
f 1173/1384/7 1181/1392/4 1182/1393/1
f 1173/1384/7 1182/1393/1 1174/1385/1
f 1183/1394/1 1179/1390/1 1180/1391/294
f 1183/1394/1 1180/1391/294 1184/1395/293
f 1177/1388/6 1185/1396/2 1186/1397/1
f 1177/1388/6 1186/1397/1 1178/1389/1
f 1187/1398/1 1175/1386/1 1176/1387/280
f 1187/1398/1 1176/1387/280 1188/1399/278
f 1181/1392/4 1189/1400/5 1190/1401/1
f 1181/1392/4 1190/1401/1 1182/1393/1
f 1191/1402/1 1192/1403/1 1193/1404/300
f 1191/1402/1 1193/1404/300 1194/1405/277
f 1195/1406/60 1196/1407/58 1197/1408/1
f 1195/1406/60 1197/1408/1 1198/1409/1
f 1185/1396/2 1199/1410/3 1200/1411/1
f 1185/1396/2 1200/1411/1 1186/1397/1
f 1192/1403/1 877/1088/1 880/1091/227
f 1192/1403/1 880/1091/227 1193/1404/300
f 1201/1412/59 1202/1413/57 1203/1414/1
f 1201/1412/59 1203/1414/1 1204/1415/1
f 1189/1400/5 1205/1416/65 1206/1417/1
f 1189/1400/5 1206/1417/1 1190/1401/1
f 1207/1418/1 1187/1398/1 1188/1399/278
f 1207/1418/1 1188/1399/278 1208/1419/276
f 889/1100/1 925/1136/1 926/1137/237
f 889/1100/1 926/1137/237 890/1101/228
f 1199/1410/3 1209/1420/301 1210/1421/1
f 1199/1410/3 1210/1421/1 1200/1411/1
f 1211/1422/1 1191/1402/1 1194/1405/277
f 1211/1422/1 1194/1405/277 1212/1423/275
f 1213/1424/53 1214/1425/51 1215/1426/1
f 1213/1424/53 1215/1426/1 1216/1427/1
f 1205/1416/65 1217/1428/63 1218/1429/1
f 1205/1416/65 1218/1429/1 1206/1417/1
f 1219/1430/1 1183/1394/1 1184/1395/293
f 1219/1430/1 1184/1395/293 1220/1431/302
f 1221/1432/52 1222/1433/50 1223/1434/1
f 1221/1432/52 1223/1434/1 1224/1435/1
f 1209/1420/301 1225/1436/62 1226/1437/1
f 1209/1420/301 1226/1437/1 1210/1421/1
f 1227/1438/1 1207/1418/1 1208/1419/276
f 1227/1438/1 1208/1419/276 1228/1439/273
f 1214/1425/51 1229/1440/49 1230/1441/1
f 1214/1425/51 1230/1441/1 1215/1426/1
f 1217/1428/63 1231/1442/303 1232/1443/1
f 1217/1428/63 1232/1443/1 1218/1429/1
f 1233/1444/1 1211/1422/1 1212/1423/275
f 1233/1444/1 1212/1423/275 1234/1445/272
f 1222/1433/50 1235/1446/48 1236/1447/1
f 1222/1433/50 1236/1447/1 1223/1434/1
f 1225/1436/62 1195/1406/60 1198/1409/1
f 1225/1436/62 1198/1409/1 1226/1437/1
f 1237/1448/1 1219/1430/1 1220/1431/302
f 1237/1448/1 1220/1431/302 1238/1449/290
f 1229/1440/49 1239/1450/47 1240/1451/1
f 1229/1440/49 1240/1451/1 1230/1441/1
f 1231/1442/303 1201/1412/59 1204/1415/1
f 1231/1442/303 1204/1415/1 1232/1443/1
f 1241/1452/1 1227/1438/1 1228/1439/273
f 1241/1452/1 1228/1439/273 1242/1453/304
f 842/1053/21 797/1008/18 798/1009/1
f 842/1053/21 798/1009/1 843/1054/1
f 1202/1413/57 1243/1454/55 1244/1455/1
f 1202/1413/57 1244/1455/1 1203/1414/1
f 1245/1456/1 1233/1444/1 1234/1445/272
f 1245/1456/1 1234/1445/272 1246/1457/271
f 1235/1446/48 1247/1458/46 1248/1459/1
f 1235/1446/48 1248/1459/1 1236/1447/1
f 1249/1460/56 1250/1461/54 1251/1462/1
f 1249/1460/56 1251/1462/1 1252/1463/1
f 1253/1464/1 1237/1448/1 1238/1449/290
f 1253/1464/1 1238/1449/290 1254/1465/288
f 1239/1450/47 1255/1466/44 1256/1467/1
f 1239/1450/47 1256/1467/1 1240/1451/1
f 1243/1454/55 1213/1424/53 1216/1427/1
f 1243/1454/55 1216/1427/1 1244/1455/1
f 1257/1468/1 1241/1452/1 1242/1453/304
f 1257/1468/1 1242/1453/304 1258/1469/264
f 1247/1458/46 1259/1470/43 1260/1471/1
f 1247/1458/46 1260/1471/1 1248/1459/1
f 1250/1461/54 1221/1432/52 1224/1435/1
f 1250/1461/54 1224/1435/1 1251/1462/1
f 1261/1472/1 1245/1456/1 1246/1457/271
f 1261/1472/1 1246/1457/271 1262/1473/270
f 802/1013/45 1263/1474/305 1264/1475/1
f 802/1013/45 1264/1475/1 803/1014/1
f 1265/1476/1 1253/1464/1 1254/1465/288
f 1265/1476/1 1254/1465/288 1266/1477/286
f 1255/1466/44 1267/1478/41 1268/1479/1
f 1255/1466/44 1268/1479/1 1256/1467/1
f 1269/1480/1 1257/1468/1 1258/1469/264
f 1269/1480/1 1258/1469/264 1270/1481/265
f 1259/1470/43 1271/1482/40 1272/1483/1
f 1259/1470/43 1272/1483/1 1260/1471/1
f 1273/1484/1 1261/1472/1 1262/1473/270
f 1273/1484/1 1262/1473/270 1274/1485/267
f 1263/1474/305 1275/1486/39 1276/1487/1
f 1263/1474/305 1276/1487/1 1264/1475/1
f 1277/1488/1 1265/1476/1 1266/1477/286
f 1277/1488/1 1266/1477/286 1278/1489/285
f 1267/1478/41 1279/1490/38 1280/1491/1
f 1267/1478/41 1280/1491/1 1268/1479/1
f 919/1130/1 1269/1480/1 1270/1481/265
f 919/1130/1 1270/1481/265 920/1131/236
f 1271/1482/40 917/1128/235 918/1129/1
f 1271/1482/40 918/1129/1 1272/1483/1
f 915/1126/1 1273/1484/1 1274/1485/267
f 915/1126/1 1274/1485/267 916/1127/234
f 1275/1486/39 913/1124/36 914/1125/1
f 1275/1486/39 914/1125/1 1276/1487/1
f 911/1122/1 1277/1488/1 1278/1489/285
f 911/1122/1 1278/1489/285 912/1123/233
f 1279/1490/38 909/1120/35 910/1121/1
f 1279/1490/38 910/1121/1 1280/1491/1
f 1281/1492/306 1282/1493/307 1283/1494/307
f 1281/1492/306 1283/1494/307 1284/1495/306
f 1285/1496/308 1286/1497/309 1287/1498/309
f 1285/1496/308 1287/1498/309 1288/1499/308
f 1196/1407/58 1249/1460/56 1252/1463/1
f 1196/1407/58 1252/1463/1 1197/1408/1
f 1289/1500/310 1290/1501/311 1291/1502/311
f 1289/1500/310 1291/1502/311 1292/1503/310
f 1293/1504/312 1294/1505/313 1295/1506/313
f 1293/1504/312 1295/1506/313 1296/1507/312
f 1286/1497/309 1297/1508/314 1298/1509/314
f 1286/1497/309 1298/1509/314 1287/1498/309
f 1290/1501/311 1299/1510/315 1300/1511/315
f 1290/1501/311 1300/1511/315 1291/1502/311
f 1294/1505/313 1301/1512/316 1302/1513/316
f 1294/1505/313 1302/1513/316 1295/1506/313
f 1297/1508/314 1303/1514/317 1304/1515/317
f 1297/1508/314 1304/1515/317 1298/1509/314
f 1299/1510/315 1305/1516/318 1306/1517/318
f 1299/1510/315 1306/1517/318 1300/1511/315
f 1301/1512/316 1307/1518/319 1308/1519/319
f 1301/1512/316 1308/1519/319 1302/1513/316
f 1303/1514/317 1309/1520/320 1310/1521/320
f 1303/1514/317 1310/1521/320 1304/1515/317
f 1305/1516/318 1311/1522/321 1312/1523/321
f 1305/1516/318 1312/1523/321 1306/1517/318
f 1307/1518/319 1313/1524/322 1314/1525/322
f 1307/1518/319 1314/1525/322 1308/1519/319
f 1309/1520/320 1315/1526/323 1316/1527/323
f 1309/1520/320 1316/1527/323 1310/1521/320
f 1311/1522/321 1317/1528/324 1318/1529/324
f 1311/1522/321 1318/1529/324 1312/1523/321
f 1313/1524/322 1319/1530/325 1320/1531/325
f 1313/1524/322 1320/1531/325 1314/1525/322
f 1315/1526/323 1321/1532/326 1322/1533/326
f 1315/1526/323 1322/1533/326 1316/1527/323
f 1317/1528/324 1323/1534/327 1324/1535/327
f 1317/1528/324 1324/1535/327 1318/1529/324
f 1319/1530/325 1325/1536/328 1326/1537/328
f 1319/1530/325 1326/1537/328 1320/1531/325
f 1321/1532/326 1327/1538/329 1328/1539/329
f 1321/1532/326 1328/1539/329 1322/1533/326
f 1323/1534/327 1329/1540/330 1330/1541/330
f 1323/1534/327 1330/1541/330 1324/1535/327
f 1325/1536/328 1331/1542/331 1332/1543/331
f 1325/1536/328 1332/1543/331 1326/1537/328
f 1327/1538/329 1333/1544/332 1334/1545/332
f 1327/1538/329 1334/1545/332 1328/1539/329
f 1329/1540/330 1335/1546/333 1336/1547/333
f 1329/1540/330 1336/1547/333 1330/1541/330
f 1331/1542/331 1337/1548/334 1338/1549/334
f 1331/1542/331 1338/1549/334 1332/1543/331
f 1333/1544/332 1339/1550/335 1340/1551/335
f 1333/1544/332 1340/1551/335 1334/1545/332
f 1335/1546/333 1341/1552/336 1342/1553/336
f 1335/1546/333 1342/1553/336 1336/1547/333
f 1337/1548/334 1343/1554/337 1344/1555/337
f 1337/1548/334 1344/1555/337 1338/1549/334
f 1339/1550/335 1281/1492/306 1284/1495/306
f 1339/1550/335 1284/1495/306 1340/1551/335
f 1341/1552/336 1345/1556/338 1346/1557/338
f 1341/1552/336 1346/1557/338 1342/1553/336
f 1343/1554/337 1347/1558/339 1348/1559/339
f 1343/1554/337 1348/1559/339 1344/1555/337
f 1345/1556/338 1349/1560/340 1350/1561/340
f 1345/1556/338 1350/1561/340 1346/1557/338
f 1347/1558/339 1351/1562/341 1352/1563/341
f 1347/1558/339 1352/1563/341 1348/1559/339
f 1349/1560/340 1353/1564/342 1354/1565/342
f 1349/1560/340 1354/1565/342 1350/1561/340
f 1351/1562/341 1355/1566/343 1356/1567/343
f 1351/1562/341 1356/1567/343 1352/1563/341
f 1353/1564/342 1357/1568/344 1358/1569/344
f 1353/1564/342 1358/1569/344 1354/1565/342
f 1355/1566/343 1359/1570/345 1360/1571/345
f 1355/1566/343 1360/1571/345 1356/1567/343
f 1357/1568/344 1361/1572/346 1362/1573/346
f 1357/1568/344 1362/1573/346 1358/1569/344
f 1359/1570/345 1363/1574/347 1364/1575/347
f 1359/1570/345 1364/1575/347 1360/1571/345
f 1361/1572/346 1365/1576/348 1366/1577/348
f 1361/1572/346 1366/1577/348 1362/1573/346
f 1363/1574/347 1367/1578/349 1368/1579/349
f 1363/1574/347 1368/1579/349 1364/1575/347
f 1365/1576/348 1369/1580/350 1370/1581/350
f 1365/1576/348 1370/1581/350 1366/1577/348
f 1367/1578/349 1371/1582/351 1372/1583/351
f 1367/1578/349 1372/1583/351 1368/1579/349
f 1369/1580/350 1373/1584/352 1374/1585/352
f 1369/1580/350 1374/1585/352 1370/1581/350
f 1371/1582/351 1375/1586/353 1376/1587/353
f 1371/1582/351 1376/1587/353 1372/1583/351
f 1373/1584/352 1377/1588/354 1378/1589/354
f 1373/1584/352 1378/1589/354 1374/1585/352
f 1375/1586/353 1379/1590/355 1380/1591/355
f 1375/1586/353 1380/1591/355 1376/1587/353
f 1377/1588/354 1381/1592/356 1382/1593/356
f 1377/1588/354 1382/1593/356 1378/1589/354
f 1379/1590/355 1383/1594/357 1384/1595/357
f 1379/1590/355 1384/1595/357 1380/1591/355
f 1381/1592/356 1385/1596/358 1386/1597/358
f 1381/1592/356 1386/1597/358 1382/1593/356
f 1383/1594/357 1387/1598/359 1388/1599/359
f 1383/1594/357 1388/1599/359 1384/1595/357
f 1385/1596/358 1389/1600/360 1390/1601/360
f 1385/1596/358 1390/1601/360 1386/1597/358
f 1387/1598/359 1391/1602/361 1392/1603/361
f 1387/1598/359 1392/1603/361 1388/1599/359
f 1389/1600/360 1393/1604/362 1394/1605/362
f 1389/1600/360 1394/1605/362 1390/1601/360
f 1391/1602/361 1395/1606/363 1396/1607/363
f 1391/1602/361 1396/1607/363 1392/1603/361
f 1393/1604/362 1397/1608/364 1398/1609/364
f 1393/1604/362 1398/1609/364 1394/1605/362
f 1395/1606/363 1399/1610/365 1400/1611/365
f 1395/1606/363 1400/1611/365 1396/1607/363
f 1397/1608/364 1401/1612/366 1402/1613/366
f 1397/1608/364 1402/1613/366 1398/1609/364
f 1399/1610/365 1403/1614/367 1404/1615/367
f 1399/1610/365 1404/1615/367 1400/1611/365
f 1401/1612/366 1405/1616/368 1406/1617/368
f 1401/1612/366 1406/1617/368 1402/1613/366
f 1403/1614/367 1407/1618/369 1408/1619/369
f 1403/1614/367 1408/1619/369 1404/1615/367
f 1282/1493/307 1293/1504/312 1296/1507/312
f 1282/1493/307 1296/1507/312 1283/1494/307
f 1405/1616/368 1285/1496/308 1288/1499/308
f 1405/1616/368 1288/1499/308 1406/1617/368
f 1407/1618/369 1289/1500/310 1292/1503/310
f 1407/1618/369 1292/1503/310 1408/1619/369
f 1409/1620/370 1410/1621/371 1411/1622/372
f 1412/1623/373 1413/1624/374 1414/1625/375
f 1415/1626/376 1416/1627/377 1417/1628/378
f 1418/1629/379 1419/1630/380 1420/1631/381
f 1421/1632/382 1422/1633/383 1423/1634/384
f 1424/1635/385 1425/1636/386 1426/1637/387
f 1427/1638/388 1428/1639/389 1429/1640/390
f 1430/1641/391 1431/1642/392 1432/1643/393
f 1433/1644/394 1434/1645/395 1435/1646/396
f 1436/1647/397 1437/1648/398 1438/1649/399
f 1439/1650/400 1440/1651/401 1441/1652/402
f 1442/1653/403 1443/1654/404 1444/1655/405
f 1445/1656/406 1446/1657/407 1447/1658/408
f 1448/1659/409 1449/1660/410 1450/1661/411
f 1451/1662/412 1452/1663/413 1453/1664/414
f 1454/1665/415 1455/1666/416 1456/1667/417
f 1457/1668/418 1458/1669/419 1459/1670/420
f 1460/1671/421 1461/1672/422 1462/1673/423
f 1463/1674/424 1464/1675/425 1465/1676/426
f 1466/1677/427 1467/1678/428 1468/1679/429
f 1469/1680/430 1470/1681/431 1471/1682/432
f 1472/1683/433 1473/1684/434 1474/1685/435
f 1475/1686/436 1476/1687/437 1477/1688/438
f 1478/1689/439 1479/1690/440 1480/1691/441
f 1481/1692/442 1482/1693/443 1483/1694/444
f 1484/1695/445 1485/1696/446 1486/1697/447
f 1487/1698/448 1488/1699/449 1489/1700/450
f 1490/1701/451 1491/1702/452 1492/1703/453
f 1493/1704/454 1494/1705/455 1495/1706/456
f 1496/1707/457 1497/1708/458 1498/1709/459
f 1499/1710/460 1500/1711/461 1501/1712/462
f 1502/1713/463 1503/1714/464 1504/1715/465
f 1505/1716/466 1506/1717/467 1507/1718/468
f 1508/1719/469 1509/1720/470 1510/1721/471
f 1511/1722/472 1512/1723/473 1513/1724/474
f 1514/1725/475 1515/1726/476 1516/1727/477
f 1517/1728/478 1518/1729/479 1519/1730/480
f 1520/1731/481 1521/1732/482 1522/1733/483
f 1523/1734/484 1524/1735/485 1525/1736/486
f 1526/1737/487 1527/1738/488 1528/1739/489
f 1529/1740/490 1530/1741/491 1531/1742/492
f 1532/1743/493 1533/1744/494 1534/1745/495
f 1535/1746/496 1536/1747/497 1537/1748/498
f 1538/1749/499 1539/1750/500 1540/1751/501
f 1541/1752/502 1542/1753/503 1543/1754/504
f 1544/1755/505 1545/1756/506 1546/1757/507
f 1547/1758/508 1548/1759/509 1549/1760/510
f 1550/1761/511 1551/1762/512 1552/1763/513
f 1553/1764/514 1554/1765/515 1555/1766/516
f 1556/1767/517 1557/1768/518 1558/1769/519
f 1559/1770/520 1560/1771/521 1561/1772/522
f 1562/1773/523 1563/1774/524 1564/1775/525
f 1565/1776/526 1566/1777/527 1567/1778/528
f 1568/1779/529 1569/1780/530 1570/1781/531
f 1571/1782/532 1572/1783/533 1573/1784/534
f 1574/1785/535 1575/1786/536 1576/1787/537
f 1577/1788/538 1578/1789/539 1579/1790/540
f 1580/1791/541 1581/1792/542 1582/1793/543
f 1583/1794/544 1584/1795/545 1585/1796/546
f 1586/1797/547 1587/1798/548 1588/1799/549
f 1589/1800/550 1590/1801/551 1591/1802/552
f 1592/1803/553 1593/1804/554 1594/1805/555
f 1595/1806/556 1596/1807/557 1597/1808/558
f 1598/1809/559 1599/1810/560 1600/1811/561
f 1703/1812/562 1704/1813/563 158/739/17
f 1703/1812/562 158/739/17 157/738/16
f 1705/1814/564 1703/1812/562 157/738/16
f 1705/1814/564 157/738/16 165/742/20
f 1706/1815/565 1705/1814/564 165/742/20
f 1706/1815/565 165/742/20 171/745/23
f 1707/1816/566 1706/1815/565 171/745/23
f 1707/1816/566 171/745/23 177/748/26
f 1708/1817/567 1707/1816/566 177/748/26
f 1708/1817/567 177/748/26 183/751/29
f 1709/1818/568 1708/1817/567 183/751/29
f 1709/1818/568 183/751/29 189/754/32
f 1710/1819/569 1709/1818/568 189/754/32
f 1710/1819/569 189/754/32 195/757/35
f 1711/1820/570 1710/1819/569 195/757/35
f 1711/1820/570 195/757/35 201/760/38
f 1712/1821/571 1711/1820/570 201/760/38
f 1712/1821/571 201/760/38 207/763/41
f 1713/1822/572 1712/1821/571 207/763/41
f 1713/1822/572 207/763/41 213/766/44
f 1714/1823/573 1713/1822/572 213/766/44
f 1714/1823/573 213/766/44 219/769/47
f 1715/1824/574 1714/1823/573 219/769/47
f 1715/1824/574 219/769/47 223/771/49
f 1716/1825/575 1715/1824/574 223/771/49
f 1716/1825/575 223/771/49 227/773/51
f 1717/1826/576 1716/1825/575 227/773/51
f 1717/1826/576 227/773/51 231/775/53
f 1718/1827/577 1717/1826/576 231/775/53
f 1718/1827/577 231/775/53 235/777/55
f 1719/1828/578 1718/1827/577 235/777/55
f 1719/1828/578 235/777/55 239/779/57
f 1720/1829/579 1719/1828/578 239/779/57
f 1720/1829/579 239/779/57 243/781/59
f 1721/1830/580 1720/1829/579 243/781/59
f 1721/1830/580 243/781/59 247/783/61
f 1722/1831/581 1721/1830/580 247/783/61
f 1722/1831/581 247/783/61 251/785/63
f 1723/1832/582 1722/1831/581 251/785/63
f 1723/1832/582 251/785/63 255/787/65
f 1724/1833/583 1723/1832/582 255/787/65
f 1724/1833/583 255/787/65 134/727/5
f 1725/1834/584 1724/1833/583 134/727/5
f 1725/1834/584 134/727/5 133/726/4
f 1726/1835/585 1725/1834/584 133/726/4
f 1726/1835/585 133/726/4 139/729/7
f 1727/1836/586 1726/1835/585 139/729/7
f 1727/1836/586 139/729/7 143/731/9
f 1728/1837/587 1727/1836/586 143/731/9
f 1728/1837/587 143/731/9 147/733/11
f 1729/1838/588 1728/1837/587 147/733/11
f 1729/1838/588 147/733/11 151/735/13
f 1730/1839/589 1729/1838/588 151/735/13
f 1730/1839/589 151/735/13 155/737/15
f 1731/1840/590 1730/1839/589 155/737/15
f 1731/1840/590 155/737/15 163/741/19
f 1732/1841/591 1731/1840/590 163/741/19
f 1732/1841/591 163/741/19 169/744/22
f 1733/1842/592 1732/1841/591 169/744/22
f 1733/1842/592 169/744/22 175/747/25
f 1734/1843/593 1733/1842/592 175/747/25
f 1734/1843/593 175/747/25 181/750/28
f 1735/1844/594 1734/1843/593 181/750/28
f 1735/1844/594 181/750/28 187/753/31
f 1736/1845/595 1735/1844/594 187/753/31
f 1736/1845/595 187/753/31 193/756/34
f 1737/1846/596 1736/1845/595 193/756/34
f 1737/1846/596 193/756/34 199/759/37
f 1738/1847/597 1737/1846/596 199/759/37
f 1738/1847/597 199/759/37 205/762/40
f 1739/1848/598 1738/1847/597 205/762/40
f 1739/1848/598 205/762/40 211/765/43
f 1740/1849/599 1739/1848/598 211/765/43
f 1740/1849/599 211/765/43 217/768/46
f 1741/1850/600 1740/1849/599 217/768/46
f 1741/1850/600 217/768/46 221/770/48
f 1742/1851/601 1741/1850/600 221/770/48
f 1742/1851/601 221/770/48 225/772/50
f 1743/1852/602 1742/1851/601 225/772/50
f 1743/1852/602 225/772/50 229/774/52
f 1744/1853/603 1743/1852/602 229/774/52
f 1744/1853/603 229/774/52 233/776/54
f 1745/1854/604 1744/1853/603 233/776/54
f 1745/1854/604 233/776/54 237/778/56
f 1746/1855/605 1745/1854/604 237/778/56
f 1746/1855/605 237/778/56 241/780/58
f 1747/1856/606 1746/1855/605 241/780/58
f 1747/1856/606 241/780/58 245/782/60
f 1748/1857/607 1747/1856/606 245/782/60
f 1748/1857/607 245/782/60 249/784/62
f 1749/1858/608 1748/1857/607 249/784/62
f 1749/1858/608 249/784/62 253/786/64
f 1750/1859/609 1749/1858/608 253/786/64
f 1750/1859/609 253/786/64 130/725/3
f 1751/1860/610 1750/1859/609 130/725/3
f 1751/1860/610 130/725/3 129/724/2
f 1752/1861/611 1751/1860/610 129/724/2
f 1752/1861/611 129/724/2 137/728/6
f 1753/1862/612 1752/1861/611 137/728/6
f 1753/1862/612 137/728/6 141/730/8
f 1754/1863/613 1753/1862/612 141/730/8
f 1754/1863/613 141/730/8 145/732/10
f 1755/1864/614 1754/1863/613 145/732/10
f 1755/1864/614 145/732/10 149/734/12
f 1756/1865/615 1755/1864/614 149/734/12
f 1756/1865/615 149/734/12 153/736/14
f 1757/1866/616 1756/1865/615 153/736/14
f 1757/1866/616 153/736/14 161/740/18
f 1758/1867/617 1757/1866/616 161/740/18
f 1758/1867/617 161/740/18 167/743/21
f 1759/1868/618 1758/1867/617 167/743/21
f 1759/1868/618 167/743/21 173/746/24
f 1760/1869/619 1759/1868/618 173/746/24
f 1760/1869/619 173/746/24 179/749/27
f 1761/1870/620 1760/1869/619 179/749/27
f 1761/1870/620 179/749/27 185/752/30
f 1762/1871/621 1761/1870/620 185/752/30
f 1762/1871/621 185/752/30 191/755/33
f 1763/1872/622 1762/1871/621 191/755/33
f 1763/1872/622 191/755/33 197/758/36
f 1764/1873/623 1763/1872/622 197/758/36
f 1764/1873/623 197/758/36 203/761/39
f 1765/1874/624 1764/1873/623 203/761/39
f 1765/1874/624 203/761/39 209/764/42
f 1766/1875/625 1765/1874/624 209/764/42
f 1766/1875/625 209/764/42 215/767/45
f 1704/1813/563 1766/1875/625 215/767/45
f 1704/1813/563 215/767/45 158/739/17
f 1409/1620/370 1412/1623/373 1414/1625/375
f 1409/1620/370 1414/1625/375 1410/1621/371
f 1415/1626/376 1767/1876/626 1411/1622/627
f 1415/1626/376 1411/1622/627 1416/1627/377
f 1418/1629/379 1768/1877/628 1417/1628/629
f 1418/1629/379 1417/1628/629 1419/1630/380
f 1421/1632/382 1769/1878/630 1420/1631/631
f 1421/1632/382 1420/1631/631 1422/1633/383
f 1424/1635/385 1770/1879/632 1423/1634/384
f 1424/1635/385 1423/1634/384 1425/1636/386
f 1427/1638/388 1771/1880/633 1426/1637/387
f 1427/1638/388 1426/1637/387 1428/1639/389
f 1430/1641/391 1772/1881/634 1429/1640/635
f 1430/1641/391 1429/1640/635 1431/1642/392
f 1433/1644/394 1773/1882/636 1432/1643/637
f 1433/1644/394 1432/1643/637 1434/1645/395
f 1436/1647/397 1774/1883/638 1435/1646/396
f 1436/1647/397 1435/1646/396 1437/1648/398
f 1439/1650/400 1775/1884/639 1438/1649/399
f 1439/1650/400 1438/1649/399 1440/1651/401
f 1442/1653/403 1776/1885/640 1441/1652/641
f 1442/1653/403 1441/1652/641 1443/1654/404
f 1445/1656/406 1777/1886/642 1444/1655/643
f 1445/1656/406 1444/1655/643 1446/1657/407
f 1448/1659/409 1778/1887/644 1447/1658/408
f 1448/1659/409 1447/1658/408 1449/1660/410
f 1451/1662/412 1779/1888/645 1450/1661/646
f 1451/1662/412 1450/1661/646 1452/1663/413
f 1454/1665/415 1780/1889/647 1453/1664/414
f 1454/1665/415 1453/1664/414 1455/1666/416
f 1457/1668/418 1781/1890/648 1456/1667/649
f 1457/1668/418 1456/1667/649 1458/1669/419
f 1460/1671/421 1782/1891/650 1459/1670/651
f 1460/1671/421 1459/1670/651 1461/1672/422
f 1463/1674/424 1783/1892/652 1462/1673/423
f 1463/1674/424 1462/1673/423 1464/1675/425
f 1466/1677/427 1784/1893/653 1465/1676/654
f 1466/1677/427 1465/1676/654 1467/1678/428
f 1469/1680/430 1785/1894/655 1468/1679/429
f 1469/1680/430 1468/1679/429 1470/1681/431
f 1472/1683/433 1786/1895/656 1471/1682/432
f 1472/1683/433 1471/1682/432 1473/1684/434
f 1475/1686/436 1787/1896/657 1474/1685/658
f 1475/1686/436 1474/1685/658 1476/1687/437
f 1478/1689/439 1788/1897/659 1477/1688/660
f 1478/1689/439 1477/1688/660 1479/1690/440
f 1481/1692/442 1789/1898/661 1480/1691/441
f 1481/1692/442 1480/1691/441 1482/1693/443
f 1484/1695/445 1790/1899/662 1483/1694/663
f 1484/1695/445 1483/1694/663 1485/1696/446
f 1487/1698/448 1791/1900/664 1486/1697/447
f 1487/1698/448 1486/1697/447 1488/1699/449
f 1490/1701/451 1792/1901/665 1489/1700/666
f 1490/1701/451 1489/1700/666 1491/1702/452
f 1493/1704/454 1793/1902/667 1492/1703/453
f 1493/1704/454 1492/1703/453 1494/1705/455
f 1496/1707/457 1794/1903/668 1495/1706/669
f 1496/1707/457 1495/1706/669 1497/1708/458
f 1499/1710/460 1795/1904/670 1498/1709/671
f 1499/1710/460 1498/1709/671 1500/1711/461
f 1502/1713/463 1796/1905/672 1501/1712/673
f 1502/1713/463 1501/1712/673 1503/1714/464
f 1505/1716/466 1797/1906/674 1504/1715/675
f 1505/1716/466 1504/1715/675 1506/1717/467
f 1508/1719/469 1798/1907/676 1507/1718/468
f 1508/1719/469 1507/1718/468 1509/1720/470
f 1511/1722/472 1799/1908/677 1510/1721/678
f 1511/1722/472 1510/1721/678 1512/1723/473
f 1514/1725/475 1800/1909/679 1513/1724/680
f 1514/1725/475 1513/1724/680 1515/1726/476
f 1517/1728/478 1801/1910/681 1516/1727/477
f 1517/1728/478 1516/1727/477 1518/1729/479
f 1520/1731/481 1802/1911/682 1519/1730/480
f 1520/1731/481 1519/1730/480 1521/1732/482
f 1523/1734/484 1803/1912/683 1522/1733/684
f 1523/1734/484 1522/1733/684 1524/1735/485
f 1526/1737/487 1804/1913/685 1525/1736/686
f 1526/1737/487 1525/1736/686 1527/1738/488
f 1529/1740/490 1805/1914/687 1528/1739/688
f 1529/1740/490 1528/1739/688 1530/1741/491
f 1532/1743/493 1806/1915/689 1531/1742/690
f 1532/1743/493 1531/1742/690 1533/1744/494
f 1535/1746/496 1807/1916/691 1534/1745/692
f 1535/1746/496 1534/1745/692 1536/1747/497
f 1538/1749/499 1808/1917/693 1537/1748/694
f 1538/1749/499 1537/1748/694 1539/1750/500
f 1541/1752/502 1809/1918/695 1540/1751/696
f 1541/1752/502 1540/1751/696 1542/1753/503
f 1544/1755/505 1810/1919/697 1543/1754/504
f 1544/1755/505 1543/1754/504 1545/1756/506
f 1547/1758/508 1811/1920/698 1546/1757/699
f 1547/1758/508 1546/1757/699 1548/1759/509
f 1550/1761/511 1812/1921/700 1549/1760/701
f 1550/1761/511 1549/1760/701 1551/1762/512
f 1553/1764/514 1813/1922/702 1552/1763/513
f 1553/1764/514 1552/1763/513 1554/1765/515
f 1556/1767/517 1814/1923/703 1555/1766/704
f 1556/1767/517 1555/1766/704 1557/1768/518
f 1559/1770/520 1815/1924/705 1558/1769/706
f 1559/1770/520 1558/1769/706 1560/1771/521
f 1562/1773/523 1816/1925/707 1561/1772/708
f 1562/1773/523 1561/1772/708 1563/1774/524
f 1565/1776/526 1817/1926/709 1564/1775/525
f 1565/1776/526 1564/1775/525 1566/1777/527
f 1568/1779/529 1818/1927/710 1567/1778/711
f 1568/1779/529 1567/1778/711 1569/1780/530
f 1571/1782/532 1819/1928/712 1570/1781/713
f 1571/1782/532 1570/1781/713 1572/1783/533
f 1574/1785/535 1820/1929/714 1573/1784/715
f 1574/1785/535 1573/1784/715 1575/1786/536
f 1577/1788/538 1821/1930/716 1576/1787/537
f 1577/1788/538 1576/1787/537 1578/1789/539
f 1580/1791/541 1822/1931/717 1579/1790/540
f 1580/1791/541 1579/1790/540 1581/1792/542
f 1583/1794/544 1823/1932/718 1582/1793/543
f 1583/1794/544 1582/1793/543 1584/1795/545
f 1586/1797/547 1824/1933/719 1585/1796/720
f 1586/1797/547 1585/1796/720 1587/1798/548
f 1589/1800/550 1825/1934/721 1588/1799/549
f 1589/1800/550 1588/1799/549 1590/1801/551
f 1592/1803/553 1826/1935/722 1591/1802/552
f 1592/1803/553 1591/1802/552 1593/1804/554
f 1595/1806/556 1827/1936/723 1594/1805/555
f 1595/1806/556 1594/1805/555 1596/1807/557
f 1598/1809/559 1828/1937/724 1597/1808/725
f 1598/1809/559 1597/1808/725 1599/1810/560
f 1829/1938/726 1830/1939/727 1600/1811/728
f 1829/1938/726 1600/1811/728 1413/1624/374
f 1940/1940/562 1941/1941/563 290/805/17
f 1940/1940/562 290/805/17 289/804/16
f 1942/1942/564 1940/1940/562 289/804/16
f 1942/1942/564 289/804/16 297/808/20
f 1943/1943/729 1942/1942/564 297/808/20
f 1943/1943/729 297/808/20 303/811/23
f 1944/1944/566 1943/1943/729 303/811/23
f 1944/1944/566 303/811/23 309/814/26
f 1945/1945/567 1944/1944/566 309/814/26
f 1945/1945/567 309/814/26 315/817/29
f 1946/1946/568 1945/1945/567 315/817/29
f 1946/1946/568 315/817/29 321/820/32
f 1947/1947/569 1946/1946/568 321/820/32
f 1947/1947/569 321/820/32 327/823/35
f 1948/1948/570 1947/1947/569 327/823/35
f 1948/1948/570 327/823/35 333/826/38
f 1949/1949/571 1948/1948/570 333/826/38
f 1949/1949/571 333/826/38 339/829/41
f 1950/1950/572 1949/1949/571 339/829/41
f 1950/1950/572 339/829/41 345/832/44
f 1951/1951/573 1950/1950/572 345/832/44
f 1951/1951/573 345/832/44 351/835/47
f 1952/1952/574 1951/1951/573 351/835/47
f 1952/1952/574 351/835/47 355/837/49
f 1953/1953/575 1952/1952/574 355/837/49
f 1953/1953/575 355/837/49 359/839/51
f 1954/1954/576 1953/1953/575 359/839/51
f 1954/1954/576 359/839/51 363/841/53
f 1955/1955/577 1954/1954/576 363/841/53
f 1955/1955/577 363/841/53 367/843/55
f 1956/1956/578 1955/1955/577 367/843/55
f 1956/1956/578 367/843/55 371/845/57
f 1957/1957/579 1956/1956/578 371/845/57
f 1957/1957/579 371/845/57 375/847/59
f 1958/1958/580 1957/1957/579 375/847/59
f 1958/1958/580 375/847/59 379/849/61
f 1959/1959/581 1958/1958/580 379/849/61
f 1959/1959/581 379/849/61 383/851/63
f 1960/1960/582 1959/1959/581 383/851/63
f 1960/1960/582 383/851/63 262/791/65
f 1961/1961/583 1960/1960/582 262/791/65
f 1961/1961/583 262/791/65 261/790/5
f 1962/1962/584 1961/1961/583 261/790/5
f 1962/1962/584 261/790/5 267/793/4
f 1963/1963/585 1962/1962/584 267/793/4
f 1963/1963/585 267/793/4 271/795/7
f 1964/1964/586 1963/1963/585 271/795/7
f 1964/1964/586 271/795/7 275/797/9
f 1965/1965/587 1964/1964/586 275/797/9
f 1965/1965/587 275/797/9 279/799/11
f 1966/1966/588 1965/1965/587 279/799/11
f 1966/1966/588 279/799/11 283/801/13
f 1967/1967/589 1966/1966/588 283/801/13
f 1967/1967/589 283/801/13 287/803/15
f 1968/1968/590 1967/1967/589 287/803/15
f 1968/1968/590 287/803/15 295/807/19
f 1969/1969/730 1968/1968/590 295/807/19
f 1969/1969/730 295/807/19 301/810/22
f 1970/1970/592 1969/1969/730 301/810/22
f 1970/1970/592 301/810/22 307/813/25
f 1971/1971/593 1970/1970/592 307/813/25
f 1971/1971/593 307/813/25 313/816/28
f 1972/1972/594 1971/1971/593 313/816/28
f 1972/1972/594 313/816/28 319/819/31
f 1973/1973/595 1972/1972/594 319/819/31
f 1973/1973/595 319/819/31 325/822/34
f 1974/1974/596 1973/1973/595 325/822/34
f 1974/1974/596 325/822/34 331/825/37
f 1975/1975/597 1974/1974/596 331/825/37
f 1975/1975/597 331/825/37 337/828/40
f 1976/1976/598 1975/1975/597 337/828/40
f 1976/1976/598 337/828/40 343/831/43
f 1977/1977/599 1976/1976/598 343/831/43
f 1977/1977/599 343/831/43 349/834/46
f 1978/1978/600 1977/1977/599 349/834/46
f 1978/1978/600 349/834/46 353/836/48
f 1979/1979/601 1978/1978/600 353/836/48
f 1979/1979/601 353/836/48 357/838/50
f 1980/1980/602 1979/1979/601 357/838/50
f 1980/1980/602 357/838/50 361/840/52
f 1981/1981/603 1980/1980/602 361/840/52
f 1981/1981/603 361/840/52 365/842/54
f 1982/1982/604 1981/1981/603 365/842/54
f 1982/1982/604 365/842/54 369/844/56
f 1983/1983/605 1982/1982/604 369/844/56
f 1983/1983/605 369/844/56 373/846/58
f 1984/1984/606 1983/1983/605 373/846/58
f 1984/1984/606 373/846/58 377/848/60
f 1985/1985/731 1984/1984/606 377/848/60
f 1985/1985/731 377/848/60 381/850/62
f 1986/1986/608 1985/1985/731 381/850/62
f 1986/1986/608 381/850/62 258/789/64
f 1987/1987/609 1986/1986/608 258/789/64
f 1987/1987/609 258/789/64 257/788/3
f 1988/1988/610 1987/1987/609 257/788/3
f 1988/1988/610 257/788/3 265/792/2
f 1989/1989/611 1988/1988/610 265/792/2
f 1989/1989/611 265/792/2 269/794/6
f 1990/1990/612 1989/1989/611 269/794/6
f 1990/1990/612 269/794/6 273/796/8
f 1991/1991/732 1990/1990/612 273/796/8
f 1991/1991/732 273/796/8 277/798/10
f 1992/1992/614 1991/1991/732 277/798/10
f 1992/1992/614 277/798/10 281/800/12
f 1993/1993/615 1992/1992/614 281/800/12
f 1993/1993/615 281/800/12 285/802/14
f 1994/1994/616 1993/1993/615 285/802/14
f 1994/1994/616 285/802/14 293/806/18
f 1995/1995/617 1994/1994/616 293/806/18
f 1995/1995/617 293/806/18 299/809/21
f 1996/1996/618 1995/1995/617 299/809/21
f 1996/1996/618 299/809/21 305/812/24
f 1997/1997/619 1996/1996/618 305/812/24
f 1997/1997/619 305/812/24 311/815/27
f 1998/1998/620 1997/1997/619 311/815/27
f 1998/1998/620 311/815/27 317/818/30
f 1999/1999/621 1998/1998/620 317/818/30
f 1999/1999/621 317/818/30 323/821/33
f 2000/2000/622 1999/1999/621 323/821/33
f 2000/2000/622 323/821/33 329/824/36
f 2001/2001/623 2000/2000/622 329/824/36
f 2001/2001/623 329/824/36 335/827/39
f 2002/2002/624 2001/2001/623 335/827/39
f 2002/2002/624 335/827/39 341/830/42
f 2003/2003/625 2002/2002/624 341/830/42
f 2003/2003/625 341/830/42 347/833/45
f 1941/1941/563 2003/2003/625 347/833/45
f 1941/1941/563 347/833/45 290/805/17
f 1213/1424/53 1243/1454/55 2004/2004/733
f 1213/1424/53 2004/2004/733 2005/2005/734
f 1221/1432/52 1250/1461/54 2006/2006/735
f 1221/1432/52 2006/2006/735 2007/2007/736
f 1214/1425/51 1213/1424/53 2005/2005/734
f 1214/1425/51 2005/2005/734 2008/2008/240
f 1222/1433/50 1221/1432/52 2007/2007/736
f 1222/1433/50 2007/2007/736 2009/2009/186
f 1229/1440/49 1214/1425/51 2008/2008/240
f 1229/1440/49 2008/2008/240 2010/2010/737
f 1235/1446/48 1222/1433/50 2009/2009/186
f 1235/1446/48 2009/2009/186 2011/2011/182
f 1239/1450/47 1229/1440/49 2010/2010/737
f 1239/1450/47 2010/2010/737 2012/2012/180
f 1247/1458/46 1235/1446/48 2011/2011/182
f 1247/1458/46 2011/2011/182 2013/2013/178
f 802/1013/45 801/1012/17 2014/2014/738
f 802/1013/45 2014/2014/738 2015/2015/176
f 1255/1466/44 1239/1450/47 2012/2012/180
f 1255/1466/44 2012/2012/180 2016/2016/174
f 1259/1470/43 1247/1458/46 2013/2013/178
f 1259/1470/43 2013/2013/178 2017/2017/254
f 1263/1474/305 802/1013/45 2015/2015/176
f 1263/1474/305 2015/2015/176 2018/2018/253
f 1267/1478/41 1255/1466/44 2016/2016/174
f 1267/1478/41 2016/2016/174 2019/2019/739
f 1271/1482/40 1259/1470/43 2017/2017/254
f 1271/1482/40 2017/2017/254 2020/2020/252
f 1275/1486/39 1263/1474/305 2018/2018/253
f 1275/1486/39 2018/2018/253 2021/2021/164
f 1279/1490/38 1267/1478/41 2019/2019/739
f 1279/1490/38 2019/2019/739 2022/2022/162
f 917/1128/235 1271/1482/40 2020/2020/252
f 917/1128/235 2020/2020/252 2023/2023/251
f 913/1124/36 1275/1486/39 2021/2021/164
f 913/1124/36 2021/2021/164 2024/2024/158
f 909/1120/35 1279/1490/38 2022/2022/162
f 909/1120/35 2022/2022/162 2025/2025/740
f 905/1116/34 917/1128/235 2023/2023/251
f 905/1116/34 2023/2023/251 2026/2026/154
f 901/1112/33 913/1124/36 2024/2024/158
f 901/1112/33 2024/2024/158 2027/2027/741
f 897/1108/32 909/1120/35 2025/2025/740
f 897/1108/32 2025/2025/740 2028/2028/261
f 891/1102/31 905/1116/34 2026/2026/154
f 891/1102/31 2026/2026/154 2029/2029/742
f 885/1096/30 901/1112/33 2027/2027/741
f 885/1096/30 2027/2027/741 2030/2030/743
f 875/1086/29 897/1108/32 2028/2028/261
f 875/1086/29 2028/2028/261 2031/2031/144
f 867/1078/28 891/1102/31 2029/2029/742
f 867/1078/28 2029/2029/742 2032/2032/142
f 861/1072/27 885/1096/30 2030/2030/743
f 861/1072/27 2030/2030/743 2033/2033/140
f 855/1066/26 875/1086/29 2031/2031/144
f 855/1066/26 2031/2031/144 2034/2034/260
f 849/1060/218 867/1078/28 2032/2032/142
f 849/1060/218 2032/2032/142 2035/2035/259
f 841/1052/24 861/1072/27 2033/2033/140
f 841/1052/24 2033/2033/140 2036/2036/134
f 835/1046/23 855/1066/26 2034/2034/260
f 835/1046/23 2034/2034/260 2037/2037/132
f 827/1038/22 849/1060/218 2035/2035/259
f 827/1038/22 2035/2035/259 2038/2038/258
f 842/1053/21 841/1052/24 2036/2036/134
f 842/1053/21 2036/2036/134 2039/2039/128
f 811/1022/204 835/1046/23 2037/2037/132
f 811/1022/204 2037/2037/132 2040/2040/256
f 807/1018/19 827/1038/22 2038/2038/258
f 807/1018/19 2038/2038/258 2041/2041/255
f 797/1008/18 842/1053/21 2039/2039/128
f 797/1008/18 2039/2039/128 2042/2042/244
f 812/1023/16 811/1022/204 2040/2040/256
f 812/1023/16 2040/2040/256 2043/2043/119
f 793/1004/15 807/1018/19 2041/2041/255
f 793/1004/15 2041/2041/255 2044/2044/115
f 687/898/14 797/1008/18 2042/2042/244
f 687/898/14 2042/2042/244 2045/2045/112
f 801/1012/17 812/1023/16 2043/2043/119
f 801/1012/17 2043/2043/119 2014/2014/738
f 789/1000/13 793/1004/15 2044/2044/115
f 789/1000/13 2044/2044/115 2046/2046/114
f 688/899/12 687/898/14 2045/2045/112
f 688/899/12 2045/2045/112 2047/2047/243
f 773/984/11 789/1000/13 2046/2046/114
f 773/984/11 2046/2046/114 2048/2048/744
f 781/992/10 688/899/12 2047/2047/243
f 781/992/10 2047/2047/243 2049/2049/241
f 774/985/9 773/984/11 2048/2048/744
f 774/985/9 2048/2048/744 2050/2050/104
f 1169/1380/299 781/992/10 2049/2049/241
f 1169/1380/299 2049/2049/241 2051/2051/745
f 1173/1384/7 774/985/9 2050/2050/104
f 1173/1384/7 2050/2050/104 2052/2052/100
f 1177/1388/6 1169/1380/299 2051/2051/745
f 1177/1388/6 2051/2051/745 2053/2053/98
f 1181/1392/4 1173/1384/7 2052/2052/100
f 1181/1392/4 2052/2052/100 2054/2054/96
f 1185/1396/2 1177/1388/6 2053/2053/98
f 1185/1396/2 2053/2053/98 2055/2055/746
f 1189/1400/5 1181/1392/4 2054/2054/96
f 1189/1400/5 2054/2054/96 2056/2056/747
f 1199/1410/3 1185/1396/2 2055/2055/746
f 1199/1410/3 2055/2055/746 2057/2057/90
f 1205/1416/65 1189/1400/5 2056/2056/747
f 1205/1416/65 2056/2056/747 2058/2058/247
f 1209/1420/301 1199/1410/3 2057/2057/90
f 1209/1420/301 2057/2057/90 2059/2059/263
f 1217/1428/63 1205/1416/65 2058/2058/247
f 1217/1428/63 2058/2058/247 2060/2060/84
f 1225/1436/62 1209/1420/301 2059/2059/263
f 1225/1436/62 2059/2059/263 2061/2061/262
f 1231/1442/303 1217/1428/63 2060/2060/84
f 1231/1442/303 2060/2060/84 2062/2062/245
f 1195/1406/60 1225/1436/62 2061/2061/262
f 1195/1406/60 2061/2061/262 2063/2063/78
f 1201/1412/59 1231/1442/303 2062/2062/245
f 1201/1412/59 2062/2062/245 2064/2064/76
f 1196/1407/58 1195/1406/60 2063/2063/78
f 1196/1407/58 2063/2063/78 2065/2065/74
f 1202/1413/57 1201/1412/59 2064/2064/76
f 1202/1413/57 2064/2064/76 2066/2066/71
f 1249/1460/56 1196/1407/58 2065/2065/74
f 1249/1460/56 2065/2065/74 2067/2067/67
f 1243/1454/55 1202/1413/57 2066/2066/71
f 1243/1454/55 2066/2066/71 2004/2004/733
f 1250/1461/54 1249/1460/56 2067/2067/67
f 1250/1461/54 2067/2067/67 2006/2006/735
f 882/1093/169 881/1092/175 926/1137/237
f 882/1093/169 926/1137/237 832/1043/212
f 872/1083/91 871/1082/95 896/1107/230
f 872/1083/91 896/1107/230 824/1035/209
f 881/1092/175 921/1132/181 890/1101/228
f 881/1092/175 890/1101/228 926/1137/237
f 871/1082/95 923/1134/99 866/1077/224
f 871/1082/95 866/1077/224 896/1107/230
f 921/1132/181 927/1138/185 860/1071/222
f 921/1132/181 860/1071/222 890/1101/228
f 923/1134/99 929/1140/103 854/1065/220
f 923/1134/99 854/1065/220 866/1077/224
f 927/1138/185 931/1142/189 848/1059/217
f 927/1138/185 848/1059/217 860/1071/222
f 929/1140/103 933/1144/107 840/1051/215
f 929/1140/103 840/1051/215 854/1065/220
f 931/1142/189 935/1146/193 834/1045/213
f 931/1142/189 834/1045/213 848/1059/217
f 933/1144/107 937/1148/111 826/1037/210
f 933/1144/107 826/1037/210 840/1051/215
f 935/1146/193 939/1150/73 820/1031/207
f 935/1146/193 820/1031/207 834/1045/213
f 937/1148/111 941/1152/113 810/1021/203
f 937/1148/111 810/1021/203 826/1037/210
f 939/1150/73 943/1154/72 806/1017/202
f 939/1150/73 806/1017/202 820/1031/207
f 941/1152/113 945/1156/123 800/1011/201
f 941/1152/113 800/1011/201 810/1021/203
f 943/1154/72 947/1158/77 796/1007/200
f 943/1154/72 796/1007/200 806/1017/202
f 945/1156/123 949/1160/129 792/1003/199
f 945/1156/123 792/1003/199 800/1011/201
f 947/1158/77 951/1162/81 788/999/198
f 947/1158/77 788/999/198 796/1007/200
f 949/1160/129 953/1164/135 785/996/196
f 949/1160/129 785/996/196 792/1003/199
f 951/1162/81 955/1166/85 779/990/194
f 951/1162/81 779/990/194 788/999/198
f 953/1164/135 957/1168/141 786/997/197
f 953/1164/135 786/997/197 785/996/196
f 955/1166/85 959/1170/89 780/991/195
f 955/1166/85 780/991/195 779/990/194
f 957/1168/141 961/1172/147 1168/1379/281
f 957/1168/141 1168/1379/281 786/997/197
f 959/1170/89 963/1174/93 1172/1383/295
f 959/1170/89 1172/1383/295 780/991/195
f 961/1172/147 965/1176/153 1176/1387/280
f 961/1172/147 1176/1387/280 1168/1379/281
f 968/1179/149 967/1178/155 1193/1404/300
f 968/1179/149 1193/1404/300 880/1091/227
f 963/1174/93 971/1182/97 1180/1391/294
f 963/1174/93 1180/1391/294 1172/1383/295
f 965/1176/153 973/1184/159 1188/1399/278
f 965/1176/153 1188/1399/278 1176/1387/280
f 967/1178/155 975/1186/161 1194/1405/277
f 967/1178/155 1194/1405/277 1193/1404/300
f 971/1182/97 977/1188/101 1184/1395/293
f 971/1182/97 1184/1395/293 1180/1391/294
f 973/1184/159 979/1190/165 1208/1419/276
f 973/1184/159 1208/1419/276 1188/1399/278
f 975/1186/161 981/1192/167 1212/1423/275
f 975/1186/161 1212/1423/275 1194/1405/277
f 977/1188/101 983/1194/105 1220/1431/302
f 977/1188/101 1220/1431/302 1184/1395/293
f 979/1190/165 985/1196/171 1228/1439/273
f 979/1190/165 1228/1439/273 1208/1419/276
f 981/1192/167 987/1198/173 1234/1445/272
f 981/1192/167 1234/1445/272 1212/1423/275
f 983/1194/105 989/1200/109 1238/1449/290
f 983/1194/105 1238/1449/290 1220/1431/302
f 985/1196/171 991/1202/177 1242/1453/304
f 985/1196/171 1242/1453/304 1228/1439/273
f 987/1198/173 993/1204/179 1246/1457/271
f 987/1198/173 1246/1457/271 1234/1445/272
f 989/1200/109 995/1206/117 1254/1465/288
f 989/1200/109 1254/1465/288 1238/1449/290
f 991/1202/177 997/1208/121 1258/1469/264
f 991/1202/177 1258/1469/264 1242/1453/304
f 993/1204/179 999/1210/183 1262/1473/270
f 993/1204/179 1262/1473/270 1246/1457/271
f 995/1206/117 1001/1212/116 1266/1477/286
f 995/1206/117 1266/1477/286 1254/1465/288
f 997/1208/121 1003/1214/120 1270/1481/265
f 997/1208/121 1270/1481/265 1258/1469/264
f 999/1210/183 1005/1216/187 1274/1485/267
f 999/1210/183 1274/1485/267 1262/1473/270
f 1001/1212/116 1007/1218/125 1278/1489/285
f 1001/1212/116 1278/1489/285 1266/1477/286
f 1003/1214/120 1009/1220/127 920/1131/236
f 1003/1214/120 920/1131/236 1270/1481/265
f 1005/1216/187 1011/1222/191 916/1127/234
f 1005/1216/187 916/1127/234 1274/1485/267
f 1007/1218/125 1013/1224/131 912/1123/233
f 1007/1218/125 912/1123/233 1278/1489/285
f 1009/1220/127 1015/1226/133 908/1119/232
f 1009/1220/127 908/1119/232 920/1131/236
f 1011/1222/191 1017/1228/69 904/1115/205
f 1011/1222/191 904/1115/205 916/1127/234
f 1013/1224/131 1019/1230/137 900/1111/231
f 1013/1224/131 900/1111/231 912/1123/233
f 1015/1226/133 1021/1232/139 894/1105/229
f 1015/1226/133 894/1105/229 908/1119/232
f 1017/1228/69 1023/1234/68 888/1099/206
f 1017/1228/69 888/1099/206 904/1115/205
f 1019/1230/137 1025/1236/143 879/1090/226
f 1019/1230/137 879/1090/226 900/1111/231
f 1021/1232/139 1027/1238/145 870/1081/225
f 1021/1232/139 870/1081/225 894/1105/229
f 1023/1234/68 1029/1240/75 864/1075/223
f 1023/1234/68 864/1075/223 888/1099/206
f 1025/1236/143 968/1179/149 880/1091/227
f 1025/1236/143 880/1091/227 879/1090/226
f 1027/1238/145 1031/1242/151 858/1069/221
f 1027/1238/145 858/1069/221 870/1081/225
f 1029/1240/75 1033/1244/79 852/1063/219
f 1029/1240/75 852/1063/219 864/1075/223
f 1031/1242/151 1035/1246/157 846/1057/216
f 1031/1242/151 846/1057/216 858/1069/221
f 1033/1244/79 1037/1248/83 838/1049/214
f 1033/1244/79 838/1049/214 852/1063/219
f 1035/1246/157 1039/1250/163 831/1042/211
f 1035/1246/157 831/1042/211 846/1057/216
f 1037/1248/83 1041/1252/87 823/1034/208
f 1037/1248/83 823/1034/208 838/1049/214
f 1039/1250/163 882/1093/169 832/1043/212
f 1039/1250/163 832/1043/212 831/1042/211
f 1041/1252/87 872/1083/91 824/1035/209
f 1041/1252/87 824/1035/209 823/1034/208
f 772/983/193 648/859/73 1049/1260/207
f 772/983/193 1049/1260/207 1068/1279/213
f 770/981/191 644/855/69 817/1028/205
f 770/981/191 817/1028/205 1054/1265/268
f 768/979/189 772/983/193 1068/1279/213
f 768/979/189 1068/1279/213 1058/1269/269
f 766/977/187 770/981/191 1054/1265/268
f 766/977/187 1054/1265/268 1053/1264/267
f 764/975/185 768/979/189 1058/1269/269
f 764/975/185 1058/1269/269 1057/1268/222
f 762/973/183 766/977/187 1053/1264/267
f 762/973/183 1053/1264/267 1060/1271/270
f 760/971/181 764/975/185 1057/1268/222
f 760/971/181 1057/1268/222 1062/1273/228
f 758/969/179 762/973/183 1060/1271/270
f 758/969/179 1060/1271/270 1064/1275/271
f 756/967/177 700/911/121 1045/1256/264
f 756/967/177 1045/1256/264 1074/1285/274
f 754/965/175 760/971/181 1062/1273/228
f 754/965/175 1062/1273/228 1066/1277/237
f 752/963/173 758/969/179 1064/1275/271
f 752/963/173 1064/1275/271 1070/1281/272
f 750/961/171 756/967/177 1074/1285/274
f 750/961/171 1074/1285/274 1073/1284/273
f 748/959/169 754/965/175 1066/1277/237
f 748/959/169 1066/1277/237 1076/1287/212
f 746/957/167 752/963/173 1070/1281/272
f 746/957/167 1070/1281/272 1078/1289/275
f 744/955/165 750/961/171 1073/1284/273
f 744/955/165 1073/1284/273 1080/1291/276
f 742/953/163 748/959/169 1076/1287/212
f 742/953/163 1076/1287/212 1082/1293/211
f 740/951/161 746/957/167 1078/1289/275
f 740/951/161 1078/1289/275 1084/1295/277
f 738/949/159 744/955/165 1080/1291/276
f 738/949/159 1080/1291/276 1086/1297/278
f 736/947/157 742/953/163 1082/1293/211
f 736/947/157 1082/1293/211 1088/1299/216
f 734/945/155 740/951/161 1084/1295/277
f 734/945/155 1084/1295/277 1090/1301/279
f 732/943/153 738/949/159 1086/1297/278
f 732/943/153 1086/1297/278 1092/1303/280
f 730/941/151 736/947/157 1088/1299/216
f 730/941/151 1088/1299/216 1094/1305/221
f 728/939/149 734/945/155 1090/1301/279
f 728/939/149 1090/1301/279 1096/1307/227
f 726/937/147 732/943/153 1092/1303/280
f 726/937/147 1092/1303/280 1098/1309/281
f 724/935/145 730/941/151 1094/1305/221
f 724/935/145 1094/1305/221 1100/1311/225
f 722/933/143 728/939/149 1096/1307/227
f 722/933/143 1096/1307/227 1102/1313/226
f 720/931/141 726/937/147 1098/1309/281
f 720/931/141 1098/1309/281 1104/1315/283
f 718/929/139 724/935/145 1100/1311/225
f 718/929/139 1100/1311/225 1106/1317/229
f 716/927/137 722/933/143 1102/1313/226
f 716/927/137 1102/1313/226 1108/1319/231
f 714/925/135 720/931/141 1104/1315/283
f 714/925/135 1104/1315/283 1110/1321/284
f 712/923/133 718/929/139 1106/1317/229
f 712/923/133 1106/1317/229 1112/1323/232
f 710/921/131 716/927/137 1108/1319/231
f 710/921/131 1108/1319/231 1114/1325/233
f 708/919/129 714/925/135 1110/1321/284
f 708/919/129 1110/1321/284 1116/1327/199
f 706/917/127 712/923/133 1112/1323/232
f 706/917/127 1112/1323/232 1118/1329/236
f 704/915/125 710/921/131 1114/1325/233
f 704/915/125 1114/1325/233 1120/1331/285
f 702/913/123 708/919/129 1116/1327/199
f 702/913/123 1116/1327/199 1122/1333/201
f 699/910/120 706/917/127 1118/1329/236
f 699/910/120 1118/1329/236 1046/1257/265
f 695/906/116 704/915/125 1120/1331/285
f 695/906/116 1120/1331/285 1124/1335/286
f 692/903/113 702/913/123 1122/1333/201
f 692/903/113 1122/1333/201 1126/1337/287
f 700/911/121 699/910/120 1046/1257/265
f 700/911/121 1046/1257/265 1045/1256/264
f 696/907/117 695/906/116 1124/1335/286
f 696/907/117 1124/1335/286 1128/1339/288
f 686/897/111 692/903/113 1126/1337/287
f 686/897/111 1126/1337/287 1130/1341/210
f 684/895/109 696/907/117 1128/1339/288
f 684/895/109 1128/1339/288 1132/1343/290
f 682/893/107 686/897/111 1130/1341/210
f 682/893/107 1130/1341/210 1134/1345/215
f 680/891/105 684/895/109 1132/1343/290
f 680/891/105 1132/1343/290 1136/1347/291
f 678/889/103 682/893/107 1134/1345/215
f 678/889/103 1134/1345/215 1138/1349/220
f 676/887/101 680/891/105 1136/1347/291
f 676/887/101 1136/1347/291 1140/1351/293
f 674/885/99 678/889/103 1138/1349/220
f 674/885/99 1138/1349/220 1142/1353/224
f 672/883/97 676/887/101 1140/1351/293
f 672/883/97 1140/1351/293 1144/1355/294
f 670/881/95 674/885/99 1142/1353/224
f 670/881/95 1142/1353/224 1146/1357/230
f 668/879/93 672/883/97 1144/1355/294
f 668/879/93 1144/1355/294 1148/1359/295
f 666/877/91 670/881/95 1146/1357/230
f 666/877/91 1146/1357/230 1150/1361/209
f 664/875/89 668/879/93 1148/1359/295
f 664/875/89 1148/1359/295 1152/1363/195
f 662/873/87 666/877/91 1150/1361/209
f 662/873/87 1150/1361/209 1154/1365/208
f 660/871/85 664/875/89 1152/1363/195
f 660/871/85 1152/1363/195 1156/1367/194
f 658/869/83 662/873/87 1154/1365/208
f 658/869/83 1154/1365/208 1158/1369/214
f 656/867/81 660/871/85 1156/1367/194
f 656/867/81 1156/1367/194 1160/1371/198
f 654/865/79 658/869/83 1158/1369/214
f 654/865/79 1158/1369/214 1162/1373/297
f 652/863/77 656/867/81 1160/1371/198
f 652/863/77 1160/1371/198 1164/1375/298
f 650/861/75 654/865/79 1162/1373/297
f 650/861/75 1162/1373/297 1166/1377/223
f 647/858/72 652/863/77 1164/1375/298
f 647/858/72 1164/1375/298 1050/1261/202
f 643/854/68 650/861/75 1166/1377/223
f 643/854/68 1166/1377/223 818/1029/206
f 648/859/73 647/858/72 1050/1261/202
f 648/859/73 1050/1261/202 1049/1260/207
f 644/855/69 643/854/68 818/1029/206
f 644/855/69 818/1029/206 817/1028/205
f 816/1027/41 815/1026/44 884/1095/174
f 816/1027/41 884/1095/174 883/1094/168
f 1048/1259/3 1047/1258/2 874/1085/94
f 1048/1259/3 874/1085/94 873/1084/90
f 815/1026/44 1165/1376/47 922/1133/180
f 815/1026/44 922/1133/180 884/1095/174
f 1047/1258/2 1163/1374/6 924/1135/98
f 1047/1258/2 924/1135/98 874/1085/94
f 1165/1376/47 1161/1372/49 928/1139/238
f 1165/1376/47 928/1139/238 922/1133/180
f 1163/1374/6 1159/1370/8 930/1141/239
f 1163/1374/6 930/1141/239 924/1135/98
f 1161/1372/49 1157/1368/51 932/1143/240
f 1161/1372/49 932/1143/240 928/1139/238
f 1159/1370/8 1155/1366/10 934/1145/241
f 1159/1370/8 934/1145/241 930/1141/239
f 1157/1368/51 1153/1364/296 936/1147/242
f 1157/1368/51 936/1147/242 932/1143/240
f 1155/1366/10 1151/1362/12 938/1149/243
f 1155/1366/10 938/1149/243 934/1145/241
f 1153/1364/296 1149/1360/55 940/1151/70
f 1153/1364/296 940/1151/70 936/1147/242
f 1151/1362/12 1147/1358/14 942/1153/112
f 1151/1362/12 942/1153/112 938/1149/243
f 1149/1360/55 1145/1356/57 944/1155/71
f 1149/1360/55 944/1155/71 940/1151/70
f 1147/1358/14 1143/1354/18 946/1157/244
f 1147/1358/14 946/1157/244 942/1153/112
f 1145/1356/57 1141/1352/59 948/1159/76
f 1145/1356/57 948/1159/76 944/1155/71
f 1143/1354/18 1139/1350/292 950/1161/128
f 1143/1354/18 950/1161/128 946/1157/244
f 1141/1352/59 1137/1348/61 952/1163/245
f 1141/1352/59 952/1163/245 948/1159/76
f 1139/1350/292 1135/1346/24 954/1165/134
f 1139/1350/292 954/1165/134 950/1161/128
f 1137/1348/61 1133/1344/63 956/1167/246
f 1137/1348/61 956/1167/246 952/1163/245
f 1135/1346/24 1131/1342/289 958/1169/140
f 1135/1346/24 958/1169/140 954/1165/134
f 1133/1344/63 1129/1340/65 960/1171/247
f 1133/1344/63 960/1171/247 956/1167/246
f 1131/1342/289 1127/1338/30 962/1173/248
f 1131/1342/289 962/1173/248 958/1169/140
f 1129/1340/65 1125/1336/5 964/1175/92
f 1129/1340/65 964/1175/92 960/1171/247
f 1127/1338/30 1123/1334/33 966/1177/152
f 1127/1338/30 966/1177/152 962/1173/248
f 1044/1255/31 1043/1254/34 970/1181/154
f 1044/1255/31 970/1181/154 969/1180/148
f 1125/1336/5 1121/1332/4 972/1183/249
f 1125/1336/5 972/1183/249 964/1175/92
f 1123/1334/33 1119/1330/36 974/1185/250
f 1123/1334/33 974/1185/250 966/1177/152
f 1043/1254/34 1117/1328/37 976/1187/251
f 1043/1254/34 976/1187/251 970/1181/154
f 1121/1332/4 1115/1326/7 978/1189/100
f 1121/1332/4 978/1189/100 972/1183/249
f 1119/1330/36 1113/1324/39 980/1191/164
f 1119/1330/36 980/1191/164 974/1185/250
f 1117/1328/37 1111/1322/40 982/1193/252
f 1117/1328/37 982/1193/252 976/1187/251
f 1115/1326/7 1109/1320/9 984/1195/104
f 1115/1326/7 984/1195/104 978/1189/100
f 1113/1324/39 1107/1318/42 986/1197/253
f 1113/1324/39 986/1197/253 980/1191/164
f 1111/1322/40 1105/1316/43 988/1199/254
f 1111/1322/40 988/1199/254 982/1193/252
f 1109/1320/9 1103/1314/282 990/1201/108
f 1109/1320/9 990/1201/108 984/1195/104
f 1107/1318/42 1101/1312/45 992/1203/176
f 1107/1318/42 992/1203/176 986/1197/253
f 1105/1316/43 1099/1310/46 994/1205/178
f 1105/1316/43 994/1205/178 988/1199/254
f 1103/1314/282 1097/1308/13 996/1207/114
f 1103/1314/282 996/1207/114 990/1201/108
f 1101/1312/45 1095/1306/17 998/1209/118
f 1101/1312/45 998/1209/118 992/1203/176
f 1099/1310/46 1093/1304/48 1000/1211/182
f 1099/1310/46 1000/1211/182 994/1205/178
f 1097/1308/13 1091/1302/15 1002/1213/115
f 1097/1308/13 1002/1213/115 996/1207/114
f 1095/1306/17 1089/1300/16 1004/1215/119
f 1095/1306/17 1004/1215/119 998/1209/118
f 1093/1304/48 1087/1298/50 1006/1217/186
f 1093/1304/48 1006/1217/186 1000/1211/182
f 1091/1302/15 1085/1296/19 1008/1219/255
f 1091/1302/15 1008/1219/255 1002/1213/115
f 1089/1300/16 1083/1294/20 1010/1221/256
f 1089/1300/16 1010/1221/256 1004/1215/119
f 1087/1298/50 1081/1292/52 1012/1223/257
f 1087/1298/50 1012/1223/257 1006/1217/186
f 1085/1296/19 1079/1290/22 1014/1225/258
f 1085/1296/19 1014/1225/258 1008/1219/255
f 1083/1294/20 1077/1288/23 1016/1227/132
f 1083/1294/20 1016/1227/132 1010/1221/256
f 1081/1292/52 1075/1286/54 1018/1229/66
f 1081/1292/52 1018/1229/66 1012/1223/257
f 1079/1290/22 1072/1283/25 1020/1231/259
f 1079/1290/22 1020/1231/259 1014/1225/258
f 1077/1288/23 1069/1280/26 1022/1233/260
f 1077/1288/23 1022/1233/260 1016/1227/132
f 1075/1286/54 1065/1276/56 1024/1235/67
f 1075/1286/54 1024/1235/67 1018/1229/66
f 1072/1283/25 1071/1282/28 1026/1237/142
f 1072/1283/25 1026/1237/142 1020/1231/259
f 1069/1280/26 1063/1274/29 1028/1239/144
f 1069/1280/26 1028/1239/144 1022/1233/260
f 1065/1276/56 1061/1272/58 1030/1241/74
f 1065/1276/56 1030/1241/74 1024/1235/67
f 1071/1282/28 1044/1255/31 969/1180/148
f 1071/1282/28 969/1180/148 1026/1237/142
f 1063/1274/29 1059/1270/32 1032/1243/261
f 1063/1274/29 1032/1243/261 1028/1239/144
f 1061/1272/58 1056/1267/60 1034/1245/78
f 1061/1272/58 1034/1245/78 1030/1241/74
f 1059/1270/32 1052/1263/266 1036/1247/156
f 1059/1270/32 1036/1247/156 1032/1243/261
f 1056/1267/60 1055/1266/62 1038/1249/262
f 1056/1267/60 1038/1249/262 1034/1245/78
f 1052/1263/266 1051/1262/38 1040/1251/162
f 1052/1263/266 1040/1251/162 1036/1247/156
f 1055/1266/62 1067/1278/64 1042/1253/263
f 1055/1266/62 1042/1253/263 1038/1249/262
f 1051/1262/38 816/1027/41 883/1094/168
f 1051/1262/38 883/1094/168 1040/1251/162
f 1067/1278/64 1048/1259/3 873/1084/90
f 1067/1278/64 873/1084/90 1042/1253/263
