# Blender v3.5.0 OBJ File: ''
# www.blender.org
mtllib 01.mtl
o Cylinder001_02_-_Default_0
v 57.673035 -4.068064 25.022917
v 57.860470 0.308611 0.201575
v 57.673035 4.685290 25.022911
v 57.673042 -12.293518 22.029095
v 57.673042 -18.998968 16.402548
v 57.673031 -23.375643 8.821931
v 57.673038 -24.895643 0.201575
v 57.673038 23.992867 8.821919
v 57.673038 25.512861 0.201575
v 57.673042 19.616199 16.402536
v 57.673035 12.910753 22.029081
v -62.475784 -0.759702 6.451100
v -62.475792 1.376917 6.451100
v -63.194481 0.308606 0.201599
v -62.475792 1.376917 6.451100
v -62.475784 3.384682 5.697316
v -63.194481 0.308606 0.201599
v -62.475777 5.021425 4.280667
v -62.475784 6.089730 2.372022
v -62.475792 6.460749 0.201599
v -62.475792 -5.843537 0.201599
v -62.475792 -5.472517 2.372024
v -62.475784 -4.404208 4.280670
v -62.475777 -2.767465 5.697318
v 7.821772 -3.737715 38.352486
v 7.821772 0.681833 38.343197
v 6.959558 0.596913 38.343197
v 7.821772 -3.737715 38.352486
v 6.130483 0.345416 38.343197
v 7.821772 -3.737715 38.352486
v 5.366402 -0.062995 38.343208
v 7.821772 -3.737715 38.352486
v 4.696680 -0.612622 38.343208
v 7.821772 -3.737715 38.352486
v 4.147053 -1.282346 38.343208
v 7.821772 -3.737715 38.352486
v 3.738641 -2.046429 38.343208
v 7.821772 -3.737715 38.352486
v 3.487143 -2.875505 38.343201
v 7.821772 -3.737715 38.352486
v 3.402223 -3.737719 38.343201
v 7.821772 -3.737715 38.352486
v 3.487144 -4.599928 38.343201
v 7.821772 -3.737715 38.352486
v 3.738642 -5.429007 38.343208
v 7.821772 -3.737715 38.352486
v 4.147053 -6.193088 38.343208
v 7.821772 -3.737715 38.352486
v 4.696680 -6.862811 38.343208
v 7.821772 -3.737715 38.352486
v 5.366404 -7.412439 38.343201
v 7.821772 -3.737715 38.352486
v 6.130485 -7.820850 38.343197
v 7.821772 -3.737715 38.352486
v 6.959562 -8.072346 38.343197
v 7.821772 -3.737715 38.352486
v 7.821774 -8.157267 38.343197
v 7.821772 -3.737715 38.352486
v 8.683985 -8.072345 38.343197
v 7.821772 -3.737715 38.352486
v 9.513064 -7.820844 38.343197
v 7.821772 -3.737715 38.352486
v 10.277143 -7.412435 38.343197
v 7.821772 -3.737715 38.352486
v 10.946866 -6.862805 38.343197
v 7.821772 -3.737715 38.352486
v 11.496493 -6.193082 38.343197
v 7.821772 -3.737715 38.352486
v 11.904903 -5.428998 38.343197
v 7.821772 -3.737715 38.352486
v 12.156399 -4.599921 38.343197
v 7.821772 -3.737715 38.352486
v 12.241315 -3.737708 38.343197
v 7.821772 -3.737715 38.352486
v 12.156397 -2.875497 38.343197
v 7.821772 -3.737715 38.352486
v 11.904898 -2.046420 38.343197
v 7.821772 -3.737715 38.352486
v 11.496484 -1.282340 38.343197
v 7.821772 -3.737715 38.352486
v 10.946856 -0.612617 38.343197
v 7.821772 -3.737715 38.352486
v 10.277133 -0.062990 38.343197
v 7.821772 -3.737715 38.352486
v 9.513054 0.345421 38.343197
v 7.821772 -3.737715 38.352486
v 8.683973 0.596917 38.343197
v 7.821772 -3.737715 38.352486
v 7.821772 0.681833 38.343197
v 57.673027 -4.068064 -24.619764
v 57.673027 4.685290 -24.619759
v 57.673035 -12.293518 -21.625942
v 57.673035 -18.998968 -15.999396
v 57.673031 -23.375643 -8.418782
v 57.673038 23.992867 -8.418771
v 57.673035 19.616199 -15.999385
v 57.673027 12.910753 -21.625929
v -62.475784 -0.759702 -6.047902
v -62.475792 1.376917 -6.047902
v -62.475792 1.376917 -6.047902
v -62.475784 3.384682 -5.294118
v -62.475777 5.021425 -3.877469
v -62.475784 6.089730 -1.968824
v -62.475792 -5.472517 -1.968827
v -62.475784 -4.404208 -3.877472
v -62.475777 -2.767465 -5.294120
v 7.821758 -3.737715 -37.949318
v 6.959547 0.596914 -37.940029
v 7.821758 0.681834 -37.940029
v 7.821758 -3.737715 -37.949318
v 6.130470 0.345416 -37.940029
v 7.821758 -3.737715 -37.949318
v 5.366391 -0.062995 -37.940025
v 7.821758 -3.737715 -37.949318
v 4.696668 -0.612622 -37.940025
v 7.821758 -3.737715 -37.949318
v 4.147038 -1.282345 -37.940025
v 7.821758 -3.737715 -37.949318
v 3.738628 -2.046427 -37.940025
v 7.821758 -3.737715 -37.949318
v 3.487129 -2.875505 -37.940033
v 7.821758 -3.737715 -37.949318
v 3.402210 -3.737717 -37.940033
v 7.821758 -3.737715 -37.949318
v 3.487131 -4.599927 -37.940033
v 7.821758 -3.737715 -37.949318
v 3.738630 -5.429005 -37.940025
v 7.821758 -3.737715 -37.949318
v 4.147043 -6.193087 -37.940025
v 7.821758 -3.737715 -37.949318
v 4.696670 -6.862809 -37.940029
v 7.821758 -3.737715 -37.949318
v 5.366393 -7.412438 -37.940025
v 7.821758 -3.737715 -37.949318
v 6.130474 -7.820849 -37.940029
v 7.821758 -3.737715 -37.949318
v 6.959551 -8.072346 -37.940033
v 7.821758 -3.737715 -37.949318
v 7.821761 -8.157266 -37.940033
v 7.821758 -3.737715 -37.949318
v 8.683971 -8.072345 -37.940033
v 7.821758 -3.737715 -37.949318
v 9.513050 -7.820842 -37.940037
v 7.821758 -3.737715 -37.949318
v 10.277129 -7.412433 -37.940033
v 7.821758 -3.737715 -37.949318
v 10.946851 -6.862805 -37.940033
v 7.821758 -3.737715 -37.949318
v 11.496478 -6.193081 -37.940033
v 7.821758 -3.737715 -37.949318
v 11.904891 -5.428998 -37.940033
v 7.821758 -3.737715 -37.949318
v 12.156386 -4.599920 -37.940033
v 7.821758 -3.737715 -37.949318
v 12.241304 -3.737709 -37.940033
v 7.821758 -3.737715 -37.949318
v 12.156386 -2.875497 -37.940033
v 7.821758 -3.737715 -37.949318
v 11.904887 -2.046420 -37.940033
v 7.821758 -3.737715 -37.949318
v 11.496470 -1.282338 -37.940033
v 7.821758 -3.737715 -37.949318
v 10.946843 -0.612616 -37.940033
v 7.821758 -3.737715 -37.949318
v 10.277121 -0.062989 -37.940033
v 7.821758 -3.737715 -37.949318
v 9.513040 0.345419 -37.940033
v 7.821758 -3.737715 -37.949318
v 8.683961 0.596916 -37.940033
v 7.821758 -3.737715 -37.949318
v 7.821758 0.681834 -37.940029
v 14.057826 -6.234296 37.308228
v 14.057826 6.851525 37.308228
v 0.183686 6.834222 37.353107
v 0.183686 -6.216994 37.353111
v 0.183686 -18.481115 32.872089
v 14.057824 -18.530935 32.832623
v 25.318928 -18.309992 32.449932
v 25.318930 -6.157563 36.873051
v 25.318930 6.774792 36.873047
v 0.183685 -28.478916 24.450521
v 14.057826 -28.555244 24.421227
v 25.318930 -28.216740 24.137184
v 0.183683 -35.004513 13.104172
v 14.057822 -35.098145 13.088583
v 25.318926 -34.682907 12.937446
v 0.183680 -37.270836 0.201586
v 14.057820 -37.370476 0.201583
v 25.318924 -36.928589 0.201581
v 14.057818 35.715370 13.088567
v 14.057817 37.987686 0.201583
v 0.183677 37.888050 0.201586
v 0.183680 35.621738 13.104155
v 0.183682 29.096144 24.450506
v 14.057822 29.172472 24.421209
v 14.057818 35.715370 13.088567
v 0.183680 35.621738 13.104155
v 25.318926 28.833971 24.137167
v 25.318922 35.300133 12.937428
v 0.183685 19.098351 32.872074
v 14.057824 19.148170 32.832611
v 25.318928 18.927229 32.449917
v -11.315668 -6.165088 37.487740
v -11.315669 -18.331656 32.990479
v 0.183686 -18.481115 32.872089
v 0.183686 -6.216994 37.353111
v 0.183686 6.834222 37.353107
v -11.315669 6.782315 37.487736
v -11.315668 -6.165088 37.487740
v -11.315669 6.782315 37.487736
v -22.014147 6.554472 36.593163
v -22.014147 -5.937246 36.593166
v -22.014149 -17.675611 32.203804
v -11.315669 -18.331656 32.990479
v -11.315668 -6.165088 37.487740
v -22.014147 -5.937246 36.593166
v -11.315671 18.948891 32.990467
v 0.183685 19.098351 32.872074
v -11.315671 18.948891 32.990467
v -22.014149 18.292847 32.203789
v -11.315673 28.867159 24.538380
v 0.183682 29.096144 24.450506
v -11.315673 28.867159 24.538380
v -22.014151 27.862041 23.954491
v -11.315675 35.340847 13.150913
v 0.183680 35.621738 13.104155
v -11.315675 35.340847 13.150913
v -22.014154 34.107887 12.840232
v -11.315678 37.589127 0.201589
v -22.014156 36.277039 0.201591
v -11.315672 -34.723625 13.150930
v -11.315675 -36.971916 0.201589
v 0.183680 -37.270836 0.201586
v 0.183683 -35.004513 13.104172
v -11.315675 -36.971916 0.201589
v -11.315672 -34.723625 13.150930
v -22.014151 -33.490665 12.840249
v -22.014153 -35.659828 0.201591
v -11.315670 -28.249929 24.538397
v 0.183685 -28.478916 24.450521
v -11.315670 -28.249929 24.538397
v -22.014147 -27.244812 23.954504
v -33.485657 -5.392139 33.550434
v -33.485661 -16.106037 29.528070
v -43.530426 -14.061133 25.874634
v -43.530422 -4.681951 29.395901
v -33.485664 31.158049 11.783505
v -33.485664 25.457312 21.968487
v -43.530426 27.314882 10.340654
v -43.530426 22.324333 19.256809
v -33.485668 33.137890 0.201593
v -43.530430 29.048073 0.201595
v -33.485661 -30.540831 11.783519
v -33.485664 -32.520676 0.201593
v -43.530426 -26.697666 10.340667
v -43.530430 -28.430868 0.201595
v -33.485661 -24.840086 21.968502
v -43.530426 -21.707109 19.256823
v -49.948673 -3.958867 25.165926
v -49.948669 -11.979095 22.154858
v -54.312176 -9.707018 18.095554
v -54.312180 -3.169784 20.549856
v -49.948669 23.401932 8.871602
v -49.948669 19.134466 16.495893
v -54.312180 19.131823 7.268461
v -54.312180 15.653442 13.482971
v -49.948673 24.884001 0.201596
v -54.312183 20.339849 0.201597
v -49.948673 -22.784716 8.871613
v -49.948673 -24.266794 0.201596
v -54.312183 -18.514610 7.268471
v -54.312187 -19.722643 0.201597
v -49.948669 -18.517244 16.495903
v -54.312180 -15.036222 13.482978
v -54.312183 3.787003 20.549856
v -58.192753 2.878814 15.237041
v -58.192749 -2.261596 15.237041
v -61.083061 2.019469 10.209961
v -61.083061 -1.402253 10.209962
v -61.083054 -4.617615 9.002805
v -58.192749 -7.091996 13.423545
v -54.312180 10.324244 18.095551
v -58.192749 7.709219 13.423541
v -58.192753 2.878814 15.237041
v -54.312183 3.787003 20.549856
v -61.083065 5.234836 9.002803
v -61.083061 2.019469 10.209961
v -58.192749 11.646994 10.015279
v -61.083054 7.856022 6.734089
v -58.192753 14.217189 5.423343
v -61.083057 9.566875 3.677459
v -58.192753 15.109806 0.201598
v -61.083065 10.161047 0.201599
v -58.192753 -13.599978 5.423350
v -58.192757 -14.492600 0.201598
v -61.083065 -8.949665 3.677463
v -61.083065 -9.543839 0.201599
v -58.192749 -11.029776 10.015285
v -61.083057 -7.238803 6.734092
v 28.979187 -5.927365 35.567528
v 28.979187 6.544592 35.567524
v 25.318930 6.774792 36.873047
v 25.318930 -6.157563 36.873051
v 25.318928 -18.309992 32.449932
v 28.979187 -17.647160 31.301874
v 29.314144 -16.984329 30.153816
v 29.314140 -5.697167 34.262005
v 29.314144 6.314394 34.262005
v 25.318930 -28.216740 24.137184
v 28.979183 -27.201225 23.285065
v 29.314140 -26.185709 22.432943
v 25.318926 -34.682907 12.937446
v 28.979183 -33.437195 12.484041
v 29.314140 -32.191479 12.030637
v 25.318924 -36.928589 0.201581
v 28.979179 -35.602928 0.201580
v 29.314137 -34.277267 0.201580
v 28.979183 34.054417 12.484025
v 28.979179 36.220142 0.201580
v 25.318920 37.545803 0.201581
v 25.318922 35.300133 12.937428
v 25.318926 28.833971 24.137167
v 28.979183 27.818455 23.285048
v 29.314140 26.802940 22.432928
v 29.314140 32.808704 12.030622
v 25.318928 18.927229 32.449917
v 28.979187 18.264397 31.301865
v 29.314144 17.601566 30.153809
v 30.599339 -5.620434 33.826832
v 30.599339 6.237660 33.826832
v 30.599339 -16.763386 29.771132
v 32.048210 -16.942211 30.080868
v 32.048203 -5.682540 34.179050
v 32.048210 6.299766 34.179047
v 30.599335 -25.847200 22.148901
v 32.048206 -26.121181 22.378796
v 30.599335 -31.776243 11.879502
v 32.048206 -32.112328 12.001825
v 30.599331 -33.835381 0.201580
v 32.048203 -34.193031 0.201580
v 30.599335 32.393467 11.879489
v 30.599331 34.452595 0.201580
v 29.314137 34.894482 0.201580
v 30.599335 26.464434 22.148886
v 32.048206 26.738413 22.378780
v 32.048206 32.729553 12.001813
v 30.599339 17.380623 29.771118
v 32.048210 17.559448 30.080856
v 32.874168 -5.868857 35.235710
v 32.874168 6.486084 35.235703
v 32.874172 -17.478691 31.010075
v 33.857082 -18.171806 32.210583
v 33.857079 -6.109574 36.600883
v 33.857079 6.726800 36.600876
v 32.874168 -26.943113 23.068480
v 33.857079 -28.005028 23.959532
v 32.874168 -33.120575 12.368800
v 33.857075 -34.423206 12.842918
v 32.874165 -35.265987 0.201580
v 33.857075 -36.652218 0.201579
v 32.874168 33.737801 12.368785
v 32.874165 35.883205 0.201580
v 32.048203 34.810246 0.201580
v 32.874168 27.560349 23.068464
v 33.857079 28.622261 23.959517
v 33.857079 35.040436 12.842903
v 32.874168 18.095930 31.010061
v 33.857079 18.789043 32.210571
v 35.776783 -6.334876 37.878643
v 35.776783 6.952104 37.878635
v 35.776783 -18.820541 33.334229
v 39.842369 -19.290447 34.148132
v 39.842361 -6.498074 38.804180
v 39.842361 7.115302 38.804173
v 35.776779 -28.998947 24.793528
v 39.842361 -29.718889 25.397627
v 35.776779 -35.642429 13.286679
v 39.842358 -36.525566 13.608115
v 35.776775 -37.949684 0.201579
v 39.842361 -38.889500 0.201578
v 35.776779 36.259659 13.286663
v 35.776775 38.566906 0.201579
v 33.857075 37.269440 0.201579
v 35.776779 29.616182 24.793510
v 39.842361 30.336123 25.397612
v 39.842365 37.142799 13.608098
v 35.776783 19.437778 33.334213
v 39.842361 19.907688 34.148117
v 47.262909 -6.552473 39.112690
v 47.262909 7.169702 39.112682
v 47.262917 -19.447084 34.419434
v 54.273884 -19.004156 33.652260
v 54.273876 -6.398645 38.240292
v 54.273876 7.015874 38.240284
v 47.262909 -29.958866 25.598995
v 54.273880 -29.280258 25.029577
v 47.262905 -36.819946 13.715260
v 54.273872 -35.987511 13.412278
v 47.262909 -39.202770 0.201577
v 54.273876 -38.316910 0.201575
v 47.262913 37.437176 13.715241
v 47.262905 39.819996 0.201577
v 39.842358 39.506721 0.201578
v 47.262909 30.576103 25.598980
v 54.273880 29.897495 25.029560
v 54.273880 36.604744 13.412261
v 47.262909 20.064325 34.419418
v 54.273876 19.621397 33.652241
v 57.110710 -5.937163 35.623096
v 57.110710 6.554390 35.623089
v 57.110718 -17.675369 31.350735
v 57.110714 -27.244442 23.321323
v 57.110706 -33.490208 12.503333
v 57.110710 -35.659340 0.201575
v 57.110714 34.107449 12.503318
v 57.110710 36.276569 0.201575
v 54.273876 38.934139 0.201575
v 57.110714 27.861679 23.321308
v 57.110710 18.292610 31.350719
v 7.821773 0.681834 44.716595
v 7.821773 2.678475 43.649368
v 6.570036 2.555190 43.649368
v 6.959562 0.596913 44.716599
v 5.366405 2.190074 43.649372
v 6.130486 0.345416 44.716599
v 4.257130 1.597153 43.649376
v 5.366405 -0.062995 44.716602
v 3.284841 0.799217 43.649372
v 4.696682 -0.612624 44.716602
v 2.486905 -0.173071 43.649368
v 4.147054 -1.282347 44.716606
v 1.893987 -1.282346 43.649368
v 3.738642 -2.046429 44.716606
v 1.528869 -2.485981 43.649368
v 3.487146 -2.875507 44.716599
v 1.405584 -3.737719 43.649368
v 3.402226 -3.737719 44.716599
v 1.528870 -4.989456 43.649368
v 3.487146 -4.599929 44.716599
v 1.893990 -6.193091 43.649368
v 3.738645 -5.429007 44.716602
v 2.486909 -7.302365 43.649368
v 4.147057 -6.193087 44.716599
v 3.284843 -8.274654 43.649368
v 4.696684 -6.862810 44.716599
v 4.257133 -9.072587 43.649372
v 5.366407 -7.412437 44.716595
v 5.366407 -9.665507 43.649368
v 6.130487 -7.820848 44.716591
v 6.570041 -10.030626 43.649364
v 6.959567 -8.072346 44.716591
v 7.821777 -10.153910 43.649364
v 7.821776 -8.157266 44.716591
v 9.073517 -10.030623 43.649361
v 8.683987 -8.072343 44.716587
v 10.277146 -9.665501 43.649364
v 9.513064 -7.820842 44.716587
v 11.386423 -9.072582 43.649364
v 10.277143 -7.412434 44.716591
v 12.358706 -8.274643 43.649364
v 10.946865 -6.862805 44.716591
v 13.156646 -7.302354 43.649364
v 11.496490 -6.193081 44.716591
v 13.749564 -6.193077 43.649364
v 11.904904 -5.428998 44.716591
v 14.114676 -4.989443 43.649364
v 12.156402 -4.599921 44.716591
v 14.237960 -3.737705 43.649364
v 12.241318 -3.737710 44.716591
v 14.114671 -2.485969 43.649364
v 12.156398 -2.875498 44.716591
v 13.749555 -1.282335 43.649364
v 11.904899 -2.046422 44.716591
v 13.156631 -0.173063 43.649368
v 11.496485 -1.282340 44.716591
v 12.358692 0.799225 43.649368
v 10.946857 -0.612617 44.716591
v 11.386404 1.597159 43.649368
v 10.277134 -0.062990 44.716595
v 10.277131 2.190078 43.649372
v 9.513053 0.345419 44.716591
v 9.073493 2.555194 43.649364
v 8.683973 0.596916 44.716595
v 7.821773 2.678475 43.649368
v 7.821773 0.681834 44.716595
v 7.821773 4.428546 42.213120
v 6.228615 4.271633 42.213120
v 4.696682 3.806926 42.213127
v 3.284842 3.052283 42.213120
v 2.047357 2.036702 42.213120
v 1.031776 0.799216 42.213120
v 0.277132 -0.612624 42.213120
v -0.187575 -2.144559 42.213120
v -0.344486 -3.737720 42.213120
v -0.187574 -5.330879 42.213120
v 0.277133 -6.862813 42.213116
v 1.031780 -8.274653 42.213112
v 2.047359 -9.512140 42.213112
v 3.284847 -10.527720 42.213116
v 4.696688 -11.282364 42.213120
v 6.228621 -11.747069 42.213116
v 7.821781 -11.903978 42.213116
v 9.414939 -11.747066 42.213116
v 10.946873 -11.282355 42.213120
v 12.358713 -10.527707 42.213120
v 13.596196 -9.512129 42.213120
v 14.611772 -8.274639 42.213120
v 15.366416 -6.862799 42.213116
v 15.831120 -5.330862 42.213116
v 15.988030 -3.737703 42.213116
v 15.831113 -2.144543 42.213120
v 15.366405 -0.612609 42.213120
v 14.611760 0.799228 42.213120
v 13.596173 2.036715 42.213120
v 12.358687 3.052293 42.213120
v 10.946848 3.806933 42.213123
v 9.414914 4.271636 42.213120
v 7.821773 4.428546 42.213120
v 7.821774 5.864794 40.463051
v 5.948417 5.680284 40.463058
v 4.147053 5.133847 40.463062
v 2.486904 4.246479 40.463055
v 1.031774 3.052283 40.463055
v -0.162422 1.597151 40.463055
v -1.049788 -0.062997 40.463055
v -1.596225 -1.864361 40.463055
v -1.780733 -3.737719 40.463055
v -1.596225 -5.611075 40.463055
v -1.049785 -7.412443 40.463055
v -0.162416 -9.072592 40.463051
v 1.031779 -10.527722 40.463047
v 2.486910 -11.721916 40.463047
v 4.147060 -12.609284 40.463051
v 5.948423 -13.155717 40.463051
v 7.821783 -13.340228 40.463043
v 9.695139 -13.155713 40.463047
v 11.496500 -12.609273 40.463047
v 13.156650 -11.721902 40.463043
v 14.611775 -10.527705 40.463043
v 15.805970 -9.072575 40.463043
v 16.693335 -7.412425 40.463047
v 17.239765 -5.611058 40.463047
v 17.424274 -3.737700 40.463047
v 17.239763 -1.864343 40.463047
v 16.693321 -0.062979 40.463047
v 15.805955 1.597166 40.463047
v 14.611758 3.052299 40.463047
v 13.156621 4.246490 40.463047
v 11.496477 5.133855 40.463051
v 9.695107 5.680289 40.463055
v 7.821774 5.864794 40.463051
v 7.821773 6.932020 38.466419
v 5.740210 6.727003 38.466423
v 3.738642 6.119835 38.466423
v 1.893988 5.133846 38.466415
v 0.277132 3.806926 38.466415
v -1.049788 2.190069 38.466415
v -2.035776 0.345413 38.466415
v -2.642945 -1.656157 38.466415
v -2.847959 -3.737720 38.466415
v -2.642943 -5.819282 38.466415
v -2.035771 -7.820851 38.466412
v -1.049783 -9.665511 38.466412
v 0.277137 -11.282366 38.466412
v 1.893994 -12.609283 38.466412
v 3.738650 -13.595271 38.466415
v 5.740219 -14.202440 38.466415
v 7.821780 -14.407453 38.466408
v 9.903341 -14.202435 38.466412
v 11.904914 -13.595260 38.466408
v 13.749566 -12.609268 38.466408
v 15.366420 -11.282349 38.466408
v 16.693335 -9.665493 38.466408
v 17.679321 -7.820834 38.466408
v 18.286489 -5.819264 38.466408
v 18.491503 -3.737699 38.466408
v 18.286482 -1.656135 38.466408
v 17.679310 0.345433 38.466408
v 16.693317 2.190088 38.466408
v 15.366395 3.806941 38.466408
v 13.749539 5.133858 38.466412
v 11.904881 6.119843 38.466412
v 9.903311 6.727009 38.466415
v 7.821773 6.932020 38.466419
v 7.821770 7.589213 36.299934
v 5.611997 7.371572 36.299938
v 3.487143 6.727005 36.299934
v 1.528869 5.680283 36.299931
v -0.187578 4.271632 36.299931
v -1.596228 2.555188 36.299931
v -2.642947 0.596911 36.299931
v -3.287513 -1.527945 36.299931
v -3.505154 -3.737718 36.299931
v -3.287515 -5.947494 36.299931
v -2.642944 -8.072350 36.299931
v -1.596222 -10.030629 36.299931
v -0.187572 -11.747072 36.299931
v 1.528872 -13.155721 36.299927
v 3.487151 -14.202440 36.299931
v 5.612007 -14.847005 36.299931
v 7.821780 -15.064650 36.299927
v 10.031555 -14.847004 36.299923
v 12.156411 -14.202430 36.299923
v 14.114684 -13.155704 36.299923
v 15.831128 -11.747054 36.299923
v 17.239769 -10.030609 36.299923
v 18.286489 -8.072331 36.299923
v 18.931053 -5.947474 36.299923
v 19.148693 -3.737699 36.299923
v 18.931047 -1.527921 36.299923
v 18.286478 0.596932 36.299923
v 17.239750 2.555207 36.299923
v 15.831101 4.271652 36.299931
v 14.114655 5.680296 36.299931
v 12.156375 6.727013 36.299934
v 10.031523 7.371577 36.299934
v 7.821770 7.589213 36.299934
v 7.821769 7.811122 34.046860
v 5.568705 7.589213 34.046864
v 3.402221 6.932021 34.046856
v 1.405581 5.864794 34.046856
v -0.344489 4.428545 34.046856
v -1.780736 2.678473 34.046856
v -2.847964 0.681832 34.046856
v -3.505156 -1.484651 34.046856
v -3.727063 -3.737719 34.046856
v -3.505154 -5.990785 34.046856
v -2.847959 -8.157269 34.046856
v -1.780730 -10.153913 34.046852
v -0.344483 -11.903984 34.046848
v 1.405586 -13.340231 34.046848
v 3.402230 -14.407456 34.046852
v 5.568713 -15.064652 34.046860
v 7.821781 -15.286556 34.046852
v 10.074852 -15.064643 34.046852
v 12.241332 -14.407445 34.046848
v 14.237971 -13.340214 34.046844
v 15.988042 -11.903967 34.046844
v 17.424282 -10.153893 34.046844
v 18.491510 -8.157248 34.046844
v 19.148697 -5.990765 34.046844
v 19.370602 -3.737697 34.046848
v 19.148691 -1.484627 34.046848
v 18.491491 0.681854 34.046848
v 17.424261 2.678495 34.046852
v 15.988011 4.428565 34.046852
v 14.237941 5.864809 34.046860
v 12.241294 6.932032 34.046860
v 10.074810 7.589221 34.046860
v 7.821769 7.811122 34.046860
v 7.821773 0.681834 44.716595
v 6.959562 0.596913 44.716599
v 6.959558 0.596913 38.343197
v 7.821772 0.681833 38.343197
v 6.130486 0.345416 44.716599
v 6.130483 0.345416 38.343197
v 5.366405 -0.062995 44.716602
v 5.366402 -0.062995 38.343208
v 4.696682 -0.612624 44.716602
v 4.696680 -0.612622 38.343208
v 4.147054 -1.282347 44.716606
v 4.147053 -1.282346 38.343208
v 3.738642 -2.046429 44.716606
v 3.738641 -2.046429 38.343208
v 3.487146 -2.875507 44.716599
v 3.487143 -2.875505 38.343201
v 3.402226 -3.737719 44.716599
v 3.402223 -3.737719 38.343201
v 3.487146 -4.599929 44.716599
v 3.487144 -4.599928 38.343201
v 3.738645 -5.429007 44.716602
v 3.738642 -5.429007 38.343208
v 4.147057 -6.193087 44.716599
v 4.147053 -6.193088 38.343208
v 4.696684 -6.862810 44.716599
v 4.696680 -6.862811 38.343208
v 5.366407 -7.412437 44.716595
v 5.366404 -7.412439 38.343201
v 6.130487 -7.820848 44.716591
v 6.130485 -7.820850 38.343197
v 6.959567 -8.072346 44.716591
v 6.959562 -8.072346 38.343197
v 7.821776 -8.157266 44.716591
v 7.821774 -8.157267 38.343197
v 8.683987 -8.072343 44.716587
v 8.683985 -8.072345 38.343197
v 9.513064 -7.820842 44.716587
v 9.513064 -7.820844 38.343197
v 10.277143 -7.412434 44.716591
v 10.277143 -7.412435 38.343197
v 10.946865 -6.862805 44.716591
v 10.946866 -6.862805 38.343197
v 11.496490 -6.193081 44.716591
v 11.496493 -6.193082 38.343197
v 11.904904 -5.428998 44.716591
v 11.904903 -5.428998 38.343197
v 12.156402 -4.599921 44.716591
v 12.156399 -4.599921 38.343197
v 12.241318 -3.737710 44.716591
v 12.241315 -3.737708 38.343197
v 12.156398 -2.875498 44.716591
v 12.156397 -2.875497 38.343197
v 11.904899 -2.046422 44.716591
v 11.904898 -2.046420 38.343197
v 11.496485 -1.282340 44.716591
v 11.496484 -1.282340 38.343197
v 10.946857 -0.612617 44.716591
v 10.946856 -0.612617 38.343197
v 10.277134 -0.062990 44.716595
v 10.277133 -0.062990 38.343197
v 9.513053 0.345419 44.716591
v 9.513054 0.345421 38.343197
v 8.683973 0.596916 44.716595
v 8.683973 0.596917 38.343197
v 7.821773 0.681834 44.716595
v 7.821772 0.681833 38.343197
v 14.057818 35.715370 13.088567
v 25.318922 35.300133 12.937428
v 25.318920 37.545803 0.201581
v 14.057817 37.987686 0.201583
v -11.315678 37.589127 0.201589
v 0.183677 37.888050 0.201586
v 0.183671 6.834222 -36.949932
v 14.057811 6.851525 -36.905060
v 14.057811 -6.234296 -36.905060
v 0.183671 -6.216994 -36.949936
v 0.183673 -18.481115 -32.468914
v 14.057813 -18.530935 -32.429455
v 25.318916 -18.309992 -32.046772
v 25.318914 -6.157563 -36.469891
v 25.318914 6.774792 -36.469887
v 0.183675 -28.478916 -24.047346
v 14.057815 -28.555244 -24.018059
v 25.318918 -28.216740 -23.734020
v 0.183677 -35.004513 -12.701000
v 14.057818 -35.098145 -12.685417
v 25.318922 -34.682907 -12.534284
v 14.057815 35.715370 -12.685401
v 0.183675 35.621738 -12.700983
v 0.183672 29.096144 -24.047331
v 0.183675 35.621738 -12.700983
v 14.057815 35.715370 -12.685401
v 14.057811 29.172472 -24.018042
v 25.318914 28.833971 -23.734003
v 25.318918 35.300133 -12.534266
v 0.183671 19.098351 -32.468899
v 14.057813 19.148170 -32.429443
v 25.318916 18.927229 -32.046757
v 0.183673 -18.481115 -32.468914
v -11.315682 -18.331656 -32.587303
v -11.315683 -6.165088 -37.084564
v 0.183671 -6.216994 -36.949936
v 0.183671 6.834222 -36.949932
v -11.315684 6.782315 -37.084560
v -22.014162 6.554472 -36.189980
v -11.315684 6.782315 -37.084560
v -11.315683 -6.165088 -37.084564
v -22.014162 -5.937246 -36.189983
v -22.014160 -17.675611 -31.800621
v -22.014162 -5.937246 -36.189983
v -11.315683 -6.165088 -37.084564
v -11.315682 -18.331656 -32.587303
v -11.315684 18.948891 -32.587292
v 0.183671 19.098351 -32.468899
v -22.014160 18.292847 -31.800606
v -11.315684 18.948891 -32.587292
v -11.315682 28.867159 -24.135201
v 0.183672 29.096144 -24.047331
v -22.014162 27.862041 -23.551308
v -11.315682 28.867159 -24.135201
v -11.315681 35.340847 -12.747736
v 0.183675 35.621738 -12.700983
v -22.014158 34.107887 -12.437051
v -11.315681 35.340847 -12.747736
v -11.315678 -34.723625 -12.747753
v 0.183677 -35.004513 -12.701000
v -22.014154 -33.490665 -12.437068
v -11.315678 -34.723625 -12.747753
v -11.315680 -28.249929 -24.135218
v 0.183675 -28.478916 -24.047346
v -22.014158 -27.244812 -23.551321
v -11.315680 -28.249929 -24.135218
v -33.485672 -16.106037 -29.124884
v -33.485672 -5.392139 -33.147243
v -43.530434 -14.061133 -25.471443
v -43.530437 -4.681951 -28.992710
v -33.485672 25.457312 -21.565300
v -33.485668 31.158049 -11.380321
v -43.530434 27.314882 -9.937464
v -43.530434 22.324333 -18.853619
v -33.485664 -30.540831 -11.380334
v -43.530434 -26.697666 -9.937476
v -33.485668 -24.840086 -21.565315
v -43.530434 -21.707109 -18.853632
v -49.948677 -11.979095 -21.751663
v -49.948681 -3.958867 -24.762732
v -54.312183 -9.707018 -17.692360
v -54.312187 -3.169784 -20.146662
v -49.948677 19.134466 -16.092699
v -49.948669 23.401932 -8.468410
v -54.312180 19.131823 -6.865266
v -54.312187 15.653442 -13.079777
v -49.948673 -22.784716 -8.468420
v -54.312183 -18.514610 -6.865275
v -49.948677 -18.517244 -16.092709
v -54.312187 -15.036222 -13.079783
v -54.312191 3.787003 -20.146662
v -58.192757 -2.261596 -14.833845
v -58.192760 2.878814 -14.833845
v -61.083069 2.019469 -9.806765
v -61.083069 -1.402253 -9.806766
v -61.083054 -4.617615 -8.599608
v -58.192757 -7.091996 -13.020349
v -54.312187 10.324244 -17.692356
v -54.312191 3.787003 -20.146662
v -58.192760 2.878814 -14.833845
v -58.192757 7.709219 -13.020345
v -61.083065 5.234836 -8.599607
v -61.083069 2.019469 -9.806765
v -58.192757 11.646994 -9.612082
v -61.083054 7.856022 -6.330891
v -58.192753 14.217189 -5.020146
v -61.083057 9.566875 -3.274262
v -58.192753 -13.599978 -5.020154
v -61.083065 -8.949665 -3.274266
v -58.192757 -11.029776 -9.612089
v -61.083057 -7.238803 -6.330894
v 25.318914 6.774792 -36.469887
v 28.979172 6.544592 -35.164364
v 28.979172 -5.927365 -35.164368
v 25.318914 -6.157563 -36.469891
v 25.318916 -18.309992 -32.046772
v 28.979172 -17.647160 -30.898710
v 29.314129 -16.984329 -29.750652
v 29.314125 -5.697167 -33.858845
v 29.314129 6.314394 -33.858845
v 25.318918 -28.216740 -23.734020
v 28.979176 -27.201225 -22.881901
v 29.314133 -26.185709 -22.029779
v 25.318922 -34.682907 -12.534284
v 28.979176 -33.437195 -12.080881
v 29.314133 -32.191479 -11.627477
v 28.979176 34.054417 -12.080865
v 25.318918 35.300133 -12.534266
v 25.318914 28.833971 -23.734003
v 28.979176 27.818455 -22.881884
v 29.314133 26.802940 -22.029764
v 29.314133 32.808704 -11.627462
v 25.318916 18.927229 -32.046757
v 28.979172 18.264397 -30.898701
v 29.314129 17.601566 -29.750645
v 30.599323 6.237660 -33.423672
v 30.599323 -5.620434 -33.423672
v 30.599323 -16.763386 -29.367971
v 32.048195 -16.942211 -29.677708
v 32.048187 -5.682540 -33.775890
v 32.048195 6.299766 -33.775887
v 30.599327 -25.847200 -21.745741
v 32.048199 -26.121181 -21.975636
v 30.599327 -31.776243 -11.476342
v 32.048199 -32.112328 -11.598667
v 30.599327 32.393467 -11.476329
v 30.599327 26.464434 -21.745726
v 32.048199 26.738413 -21.975620
v 32.048199 32.729553 -11.598655
v 30.599323 17.380623 -29.367958
v 32.048195 17.559448 -29.677696
v 32.874153 6.486084 -34.832542
v 32.874153 -5.868857 -34.832550
v 32.874157 -17.478691 -30.606915
v 33.857067 -18.171806 -31.807423
v 33.857063 -6.109574 -36.197723
v 33.857063 6.726800 -36.197716
v 32.874161 -26.943113 -22.665319
v 33.857071 -28.005028 -23.556372
v 32.874161 -33.120575 -11.965642
v 33.857067 -34.423206 -12.439760
v 32.874161 33.737801 -11.965627
v 32.874161 27.560349 -22.665304
v 33.857071 28.622261 -23.556356
v 33.857071 35.040436 -12.439745
v 32.874153 18.095930 -30.606901
v 33.857063 18.789043 -31.807411
v 35.776768 6.952104 -37.475475
v 35.776768 -6.334876 -37.475483
v 35.776768 -18.820541 -32.931068
v 39.842354 -19.290447 -33.744972
v 39.842346 -6.498074 -38.401020
v 39.842346 7.115302 -38.401012
v 35.776772 -28.998947 -24.390368
v 39.842354 -29.718889 -24.994471
v 35.776772 -35.642429 -12.883521
v 39.842350 -36.525566 -13.204959
v 35.776772 36.259659 -12.883505
v 35.776772 29.616182 -24.390350
v 39.842354 30.336123 -24.994455
v 39.842358 37.142799 -13.204942
v 35.776768 19.437778 -32.931053
v 39.842346 19.907688 -33.744957
v 47.262894 7.169702 -38.709530
v 47.262894 -6.552473 -38.709538
v 47.262901 -19.447084 -34.016281
v 54.273869 -19.004156 -33.249107
v 54.273861 -6.398645 -37.837139
v 54.273861 7.015874 -37.837132
v 47.262901 -29.958866 -25.195839
v 54.273872 -29.280258 -24.626425
v 47.262897 -36.819946 -13.312107
v 54.273865 -35.987511 -13.009128
v 47.262905 37.437176 -13.312089
v 47.262901 30.576103 -25.195824
v 54.273872 29.897495 -24.626408
v 54.273872 36.604744 -13.009110
v 47.262894 20.064325 -34.016266
v 54.273861 19.621397 -33.249088
v 57.110695 6.554390 -35.219936
v 57.110695 -5.937163 -35.219944
v 57.110703 -17.675369 -30.947582
v 57.110706 -27.244442 -22.918171
v 57.110699 -33.490208 -12.100184
v 57.110706 34.107449 -12.100169
v 57.110706 27.861679 -22.918156
v 57.110695 18.292610 -30.947567
v 7.821760 0.681833 -44.313427
v 6.959550 0.596913 -44.313427
v 6.570024 2.555188 -43.246197
v 7.821760 2.678473 -43.246197
v 6.130471 0.345416 -44.313427
v 5.366390 2.190071 -43.246193
v 5.366390 -0.062994 -44.313423
v 4.257113 1.597152 -43.246193
v 4.696669 -0.612624 -44.313423
v 3.284827 0.799217 -43.246201
v 4.147038 -1.282346 -44.313423
v 2.486892 -0.173072 -43.246201
v 3.738628 -2.046430 -44.313423
v 1.893973 -1.282347 -43.246201
v 3.487130 -2.875508 -44.313431
v 1.528854 -2.485983 -43.246201
v 3.402209 -3.737719 -44.313431
v 1.405570 -3.737720 -43.246201
v 3.487130 -4.599929 -44.313431
v 1.528855 -4.989456 -43.246201
v 3.738628 -5.429008 -44.313416
v 1.893976 -6.193089 -43.246201
v 4.147041 -6.193089 -44.313423
v 2.486894 -7.302365 -43.246201
v 4.696669 -6.862812 -44.313423
v 3.284831 -8.274651 -43.246201
v 5.366393 -7.412440 -44.313423
v 4.257117 -9.072586 -43.246193
v 6.130473 -7.820850 -44.313427
v 5.366395 -9.665504 -43.246193
v 6.959553 -8.072347 -44.313427
v 6.570028 -10.030625 -43.246197
v 7.821762 -8.157269 -44.313427
v 7.821765 -10.153909 -43.246204
v 8.683971 -8.072345 -44.313427
v 9.073503 -10.030621 -43.246204
v 9.513051 -7.820845 -44.313427
v 10.277134 -9.665500 -43.246201
v 10.277129 -7.412436 -44.313427
v 11.386407 -9.072581 -43.246204
v 10.946853 -6.862808 -44.313427
v 12.358694 -8.274642 -43.246204
v 11.496479 -6.193084 -44.313427
v 13.156631 -7.302354 -43.246204
v 11.904892 -5.429000 -44.313427
v 13.749549 -6.193077 -43.246204
v 12.156389 -4.599922 -44.313427
v 14.114663 -4.989443 -43.246204
v 12.241306 -3.737710 -44.313427
v 14.237950 -3.737707 -43.246204
v 12.156385 -2.875498 -44.313427
v 14.114659 -2.485970 -43.246204
v 11.904887 -2.046422 -44.313427
v 13.749539 -1.282336 -43.246204
v 11.496474 -1.282340 -44.313427
v 13.156619 -0.173064 -43.246204
v 10.946845 -0.612617 -44.313427
v 12.358682 0.799224 -43.246204
v 10.277122 -0.062990 -44.313427
v 11.386393 1.597159 -43.246204
v 9.513041 0.345420 -44.313427
v 10.277117 2.190077 -43.246197
v 8.683961 0.596915 -44.313427
v 9.073483 2.555192 -43.246204
v 7.821760 0.681833 -44.313427
v 7.821760 2.678473 -43.246197
v 6.228601 4.271633 -41.809952
v 7.821756 4.428545 -41.809952
v 4.696667 3.806926 -41.809948
v 3.284828 3.052282 -41.809956
v 2.047343 2.036702 -41.809956
v 1.031762 0.799215 -41.809956
v 0.277120 -0.612625 -41.809956
v -0.187587 -2.144560 -41.809956
v -0.344499 -3.737721 -41.809956
v -0.187586 -5.330878 -41.809956
v 0.277122 -6.862813 -41.809956
v 1.031766 -8.274653 -41.809956
v 2.047346 -9.512138 -41.809956
v 3.284833 -10.527719 -41.809952
v 4.696674 -11.282363 -41.809944
v 6.228608 -11.747069 -41.809948
v 7.821768 -11.903977 -41.809952
v 9.414926 -11.747065 -41.809952
v 10.946858 -11.282354 -41.809952
v 12.358696 -10.527707 -41.809952
v 13.596187 -9.512129 -41.809952
v 14.611762 -8.274638 -41.809956
v 15.366405 -6.862799 -41.809956
v 15.831111 -5.330863 -41.809956
v 15.988019 -3.737703 -41.809956
v 15.831105 -2.144545 -41.809956
v 15.366397 -0.612610 -41.809952
v 14.611747 0.799227 -41.809952
v 13.596162 2.036715 -41.809952
v 12.358673 3.052292 -41.809948
v 10.946834 3.806932 -41.809952
v 9.414900 4.271637 -41.809952
v 7.821756 4.428545 -41.809952
v 5.948401 5.680283 -40.059875
v 7.821757 5.864793 -40.059879
v 4.147039 5.133847 -40.059875
v 2.486892 4.246477 -40.059887
v 1.031761 3.052283 -40.059887
v -0.162434 1.597151 -40.059887
v -1.049801 -0.062997 -40.059887
v -1.596236 -1.864363 -40.059887
v -1.780746 -3.737720 -40.059887
v -1.596238 -5.611076 -40.059887
v -1.049798 -7.412442 -40.059887
v -0.162429 -9.072590 -40.059883
v 1.031766 -10.527722 -40.059883
v 2.486898 -11.721916 -40.059883
v 4.147046 -12.609282 -40.059875
v 5.948411 -13.155717 -40.059879
v 7.821767 -13.340225 -40.059887
v 9.695126 -13.155713 -40.059883
v 11.496488 -12.609271 -40.059887
v 13.156636 -11.721902 -40.059883
v 14.611766 -10.527705 -40.059883
v 15.805959 -9.072574 -40.059883
v 16.693321 -7.412424 -40.059887
v 17.239754 -5.611058 -40.059887
v 17.424259 -3.737701 -40.059887
v 17.239748 -1.864344 -40.059887
v 16.693306 -0.062979 -40.059887
v 15.805942 1.597166 -40.059887
v 14.611743 3.052296 -40.059883
v 13.156608 4.246490 -40.059883
v 11.496462 5.133854 -40.059883
v 9.695093 5.680288 -40.059879
v 7.821757 5.864793 -40.059879
v 5.740197 6.727005 -38.063240
v 7.821758 6.932021 -38.063244
v 3.738630 6.119836 -38.063240
v 1.893975 5.133847 -38.063244
v 0.277118 3.806926 -38.063244
v -1.049801 2.190072 -38.063244
v -2.035790 0.345415 -38.063244
v -2.642959 -1.656156 -38.063244
v -2.847972 -3.737720 -38.063244
v -2.642959 -5.819282 -38.063244
v -2.035785 -7.820851 -38.063240
v -1.049795 -9.665509 -38.063244
v 0.277124 -11.282363 -38.063244
v 1.893981 -12.609281 -38.063248
v 3.738637 -13.595271 -38.063240
v 5.740209 -14.202438 -38.063240
v 7.821770 -14.407451 -38.063248
v 9.903331 -14.202435 -38.063244
v 11.904901 -13.595258 -38.063244
v 13.749553 -12.609266 -38.063244
v 15.366405 -11.282347 -38.063244
v 16.693319 -9.665492 -38.063244
v 17.679306 -7.820835 -38.063244
v 18.286474 -5.819263 -38.063244
v 18.491488 -3.737699 -38.063244
v 18.286467 -1.656136 -38.063244
v 17.679295 0.345433 -38.063244
v 16.693304 2.190088 -38.063244
v 15.366382 3.806942 -38.063244
v 13.749526 5.133859 -38.063244
v 11.904868 6.119844 -38.063244
v 9.903300 6.727010 -38.063244
v 7.821758 6.932021 -38.063244
v 5.611984 7.371572 -35.896759
v 7.821759 7.589215 -35.896763
v 3.487131 6.727006 -35.896759
v 1.528857 5.680284 -35.896763
v -0.187589 4.271634 -35.896763
v -1.596238 2.555188 -35.896763
v -2.642959 0.596912 -35.896763
v -3.287525 -1.527943 -35.896763
v -3.505166 -3.737719 -35.896763
v -3.287524 -5.947494 -35.896763
v -2.642957 -8.072349 -35.896763
v -1.596231 -10.030629 -35.896763
v -0.187582 -11.747072 -35.896763
v 1.528861 -13.155721 -35.896763
v 3.487142 -14.202440 -35.896763
v 5.611996 -14.847005 -35.896759
v 7.821767 -15.064647 -35.896767
v 10.031543 -14.847001 -35.896763
v 12.156397 -14.202426 -35.896763
v 14.114671 -13.155704 -35.896763
v 15.831115 -11.747053 -35.896763
v 17.239758 -10.030608 -35.896767
v 18.286480 -8.072330 -35.896767
v 18.931044 -5.947473 -35.896767
v 19.148685 -3.737697 -35.896767
v 18.931034 -1.527921 -35.896763
v 18.286465 0.596932 -35.896763
v 17.239740 2.555208 -35.896763
v 15.831094 4.271653 -35.896767
v 14.114646 5.680298 -35.896767
v 12.156364 6.727015 -35.896763
v 10.031509 7.371579 -35.896763
v 7.821759 7.589215 -35.896763
v 5.568694 7.589215 -33.643688
v 7.821757 7.811122 -33.643692
v 3.402212 6.932023 -33.643688
v 1.405570 5.864795 -33.643688
v -0.344501 4.428545 -33.643688
v -1.780749 2.678474 -33.643688
v -2.847975 0.681831 -33.643688
v -3.505167 -1.484653 -33.643688
v -3.727072 -3.737720 -33.643688
v -3.505165 -5.990787 -33.643688
v -2.847970 -8.157269 -33.643688
v -1.780742 -10.153914 -33.643688
v -0.344495 -11.903983 -33.643688
v 1.405577 -13.340229 -33.643692
v 3.402220 -14.407456 -33.643688
v 5.568703 -15.064651 -33.643684
v 7.821769 -15.286555 -33.643688
v 10.074840 -15.064643 -33.643684
v 12.241323 -14.407443 -33.643684
v 14.237960 -13.340213 -33.643688
v 15.988032 -11.903965 -33.643688
v 17.424271 -10.153894 -33.643692
v 18.491497 -8.157249 -33.643692
v 19.148687 -5.990765 -33.643692
v 19.370594 -3.737697 -33.643692
v 19.148682 -1.484628 -33.643692
v 18.491484 0.681853 -33.643692
v 17.424255 2.678494 -33.643688
v 15.987998 4.428566 -33.643684
v 14.237927 5.864808 -33.643684
v 12.241282 6.932034 -33.643688
v 10.074798 7.589221 -33.643688
v 7.821757 7.811122 -33.643692
v 7.821760 0.681833 -44.313427
v 7.821758 0.681834 -37.940029
v 6.959547 0.596914 -37.940029
v 6.959550 0.596913 -44.313427
v 6.130470 0.345416 -37.940029
v 6.130471 0.345416 -44.313427
v 5.366391 -0.062995 -37.940025
v 5.366390 -0.062994 -44.313423
v 4.696668 -0.612622 -37.940025
v 4.696669 -0.612624 -44.313423
v 4.147038 -1.282345 -37.940025
v 4.147038 -1.282346 -44.313423
v 3.738628 -2.046427 -37.940025
v 3.738628 -2.046430 -44.313423
v 3.487129 -2.875505 -37.940033
v 3.487130 -2.875508 -44.313431
v 3.402210 -3.737717 -37.940033
v 3.402209 -3.737719 -44.313431
v 3.487131 -4.599927 -37.940033
v 3.487130 -4.599929 -44.313431
v 3.738630 -5.429005 -37.940025
v 3.738628 -5.429008 -44.313416
v 4.147043 -6.193087 -37.940025
v 4.147041 -6.193089 -44.313423
v 4.696670 -6.862809 -37.940029
v 4.696669 -6.862812 -44.313423
v 5.366393 -7.412438 -37.940025
v 5.366393 -7.412440 -44.313423
v 6.130474 -7.820849 -37.940029
v 6.130473 -7.820850 -44.313427
v 6.959551 -8.072346 -37.940033
v 6.959553 -8.072347 -44.313427
v 7.821761 -8.157266 -37.940033
v 7.821762 -8.157269 -44.313427
v 8.683971 -8.072345 -37.940033
v 8.683971 -8.072345 -44.313427
v 9.513050 -7.820842 -37.940037
v 9.513051 -7.820845 -44.313427
v 10.277129 -7.412433 -37.940033
v 10.277129 -7.412436 -44.313427
v 10.946851 -6.862805 -37.940033
v 10.946853 -6.862808 -44.313427
v 11.496478 -6.193081 -37.940033
v 11.496479 -6.193084 -44.313427
v 11.904891 -5.428998 -37.940033
v 11.904892 -5.429000 -44.313427
v 12.156386 -4.599920 -37.940033
v 12.156389 -4.599922 -44.313427
v 12.241304 -3.737709 -37.940033
v 12.241306 -3.737710 -44.313427
v 12.156386 -2.875497 -37.940033
v 12.156385 -2.875498 -44.313427
v 11.904887 -2.046420 -37.940033
v 11.904887 -2.046422 -44.313427
v 11.496470 -1.282338 -37.940033
v 11.496474 -1.282340 -44.313427
v 10.946843 -0.612616 -37.940033
v 10.946845 -0.612617 -44.313427
v 10.277121 -0.062989 -37.940033
v 10.277122 -0.062990 -44.313427
v 9.513040 0.345419 -37.940033
v 9.513041 0.345420 -44.313427
v 8.683961 0.596916 -37.940033
v 8.683961 0.596915 -44.313427
v 7.821758 0.681834 -37.940029
v 7.821760 0.681833 -44.313427
v 25.318918 35.300133 -12.534266
v 14.057815 35.715370 -12.685401
vt 0.564129 0.136308
vt 0.500000 0.500000
vt 0.435871 0.136308
vt 0.684651 0.180174
vt 0.782902 0.262617
vt 0.847031 0.373691
vt 0.869303 0.500000
vt 0.152969 0.373691
vt 0.130697 0.500000
vt 0.217097 0.262617
vt 0.315348 0.180174
vt -2.706130 1.858182
vt -2.706131 1.858182
vt -2.715714 1.941512
vt -3.822057 1.028843
vt -3.822056 1.018792
vt -3.831639 0.945512
vt -3.822056 0.999902
vt -3.822056 0.974453
vt -3.822057 0.945512
vt -2.706131 1.941512
vt -2.706131 1.912572
vt -2.706130 1.887122
vt -2.706130 1.868233
vt 0.000000 0.000000
vt 0.000000 0.125000
vt 0.031250 0.125000
vt 0.031250 0.000000
vt 0.062500 0.125000
vt 0.062500 0.000000
vt 0.093750 0.125000
vt 0.093750 0.000000
vt 0.125000 0.125000
vt 0.125000 0.000000
vt 0.156250 0.125000
vt 0.156250 0.000000
vt 0.187500 0.125000
vt 0.187500 0.000000
vt 0.218750 0.125000
vt 0.218750 0.000000
vt 0.250000 0.125000
vt 0.250000 0.000000
vt 0.281250 0.125000
vt 0.281250 0.000000
vt 0.312500 0.125000
vt 0.312500 0.000000
vt 0.343750 0.125000
vt 0.343750 0.000000
vt 0.375000 0.125000
vt 0.375000 0.000000
vt 0.406250 0.125000
vt 0.406250 0.000000
vt 0.437500 0.125000
vt 0.437500 0.000000
vt 0.468750 0.125000
vt 0.468750 0.000000
vt 0.500000 0.125000
vt 0.500000 0.000000
vt 0.531250 0.125000
vt 0.531250 0.000000
vt 0.562500 0.125000
vt 0.562500 0.000000
vt 0.593750 0.125000
vt 0.593750 0.000000
vt 0.625000 0.125000
vt 0.625000 0.000000
vt 0.656250 0.125000
vt 0.656250 0.000000
vt 0.687500 0.125000
vt 0.687500 0.000000
vt 0.718750 0.125000
vt 0.718750 0.000000
vt 0.750000 0.125000
vt 0.750000 0.000000
vt 0.781250 0.125000
vt 0.781250 0.000000
vt 0.812500 0.125000
vt 0.812500 0.000000
vt 0.843750 0.125000
vt 0.843750 0.000000
vt 0.875000 0.125000
vt 0.875000 0.000000
vt 0.906250 0.125000
vt 0.906250 0.000000
vt 0.937500 0.125000
vt 0.937500 0.000000
vt 0.968750 0.125000
vt 0.968750 0.000000
vt 1.000000 0.125000
vt 0.564129 0.136308
vt 0.435871 0.136308
vt 0.684651 0.180174
vt 0.782902 0.262617
vt 0.847031 0.373691
vt 0.152969 0.373691
vt 0.217097 0.262617
vt 0.315348 0.180174
vt -2.706130 1.858182
vt -2.706131 1.858182
vt -3.822057 1.028843
vt -3.822056 1.018792
vt -3.822056 0.999902
vt -3.822056 0.974453
vt -2.706131 1.912572
vt -2.706130 1.887122
vt -2.706130 1.868233
vt 0.000000 0.000000
vt 0.031250 0.125000
vt 0.000000 0.125000
vt 0.031250 0.000000
vt 0.062500 0.125000
vt 0.062500 0.000000
vt 0.093750 0.125000
vt 0.093750 0.000000
vt 0.125000 0.125000
vt 0.125000 0.000000
vt 0.156250 0.125000
vt 0.156250 0.000000
vt 0.187500 0.125000
vt 0.187500 0.000000
vt 0.218750 0.125000
vt 0.218750 0.000000
vt 0.250000 0.125000
vt 0.250000 0.000000
vt 0.281250 0.125000
vt 0.281250 0.000000
vt 0.312500 0.125000
vt 0.312500 0.000000
vt 0.343750 0.125000
vt 0.343750 0.000000
vt 0.375000 0.125000
vt 0.375000 0.000000
vt 0.406250 0.125000
vt 0.406250 0.000000
vt 0.437500 0.125000
vt 0.437500 0.000000
vt 0.468750 0.125000
vt 0.468750 0.000000
vt 0.500000 0.125000
vt 0.500000 0.000000
vt 0.531250 0.125000
vt 0.531250 0.000000
vt 0.562500 0.125000
vt 0.562500 0.000000
vt 0.593750 0.125000
vt 0.593750 0.000000
vt 0.625000 0.125000
vt 0.625000 0.000000
vt 0.656250 0.125000
vt 0.656250 0.000000
vt 0.687500 0.125000
vt 0.687500 0.000000
vt 0.718750 0.125000
vt 0.718750 0.000000
vt 0.750000 0.125000
vt 0.750000 0.000000
vt 0.781250 0.125000
vt 0.781250 0.000000
vt 0.812500 0.125000
vt 0.812500 0.000000
vt 0.843750 0.125000
vt 0.843750 0.000000
vt 0.875000 0.125000
vt 0.875000 0.000000
vt 0.906250 0.125000
vt 0.906250 0.000000
vt 0.937500 0.125000
vt 0.937500 0.000000
vt 0.968750 0.125000
vt 0.968750 0.000000
vt 1.000000 0.125000
vt 0.722222 0.500000
vt 0.777778 0.500000
vt 0.777778 1.000000
vt 0.722222 1.000000
vt 0.666667 1.000000
vt 0.666667 0.500000
vt 0.666667 0.000000
vt 0.722222 0.000000
vt 0.777778 0.000000
vt 0.611111 1.000000
vt 0.611111 0.500000
vt 0.611111 0.000000
vt 0.555556 1.000000
vt 0.555556 0.500000
vt 0.555556 0.000000
vt 0.500000 1.000000
vt 0.500000 0.500000
vt 0.500000 0.000000
vt -0.055127 0.500290
vt 0.000000 0.500000
vt 0.000000 1.000000
vt -0.055158 1.000288
vt 0.888889 1.000000
vt 0.888889 0.500000
vt 0.944445 0.500000
vt 0.944445 1.000000
vt 0.888889 0.000000
vt 0.944445 0.000000
vt 0.833333 1.000000
vt 0.833333 0.500000
vt 0.833333 0.000000
vt 0.585505 0.015077
vt 0.746202 0.073566
vt 0.746202 0.073566
vt 0.585505 0.015077
vt 0.414495 0.015077
vt 0.414495 0.015077
vt -3.139891 1.442683
vt -3.139891 1.442683
vt -3.282544 1.430755
vt -3.282544 1.430755
vt -2.166618 1.514797
vt -2.023965 1.504308
vt -2.023965 1.444342
vt -2.166618 1.456270
vt 0.253798 0.073566
vt 0.253798 0.073566
vt -3.139891 1.382717
vt -3.282544 1.372227
vt 0.122797 0.183489
vt 0.122797 0.183489
vt -3.139891 1.270017
vt -3.282544 1.262232
vt 0.037292 0.331588
vt 0.037292 0.331588
vt -3.139891 1.118178
vt -3.282544 1.114035
vt -3.139891 0.945512
vt -3.282544 0.945512
vt 0.962708 0.331588
vt 0.992404 0.500000
vt 0.992404 0.500000
vt 0.962708 0.331588
vt -2.023965 1.941512
vt -2.023965 1.768847
vt -2.166618 1.772989
vt -2.166618 1.941512
vt 0.877203 0.183489
vt 0.877203 0.183489
vt -2.023965 1.617007
vt -2.166618 1.624793
vt -2.319578 1.496842
vt -2.319578 1.550475
vt -2.453514 1.599190
vt -2.453514 1.552238
vt -3.435504 1.099945
vt -3.435504 1.235750
vt -3.569440 1.080706
vt -3.569440 1.199593
vt -3.435504 0.945512
vt -3.569440 0.945512
vt -2.319578 1.787080
vt -2.319578 1.941512
vt -2.453514 1.806319
vt -2.453514 1.941512
vt -2.319578 1.651274
vt -2.453514 1.687431
vt -2.539095 1.608640
vt -2.539095 1.648789
vt -2.597277 1.702916
vt -2.597277 1.670190
vt -3.655021 1.061118
vt -3.655021 1.162779
vt -3.713203 1.039741
vt -3.713203 1.122605
vt -3.655021 0.945512
vt -3.713203 0.945512
vt -2.539095 1.825907
vt -2.539095 1.941512
vt -2.597277 1.847283
vt -2.597278 1.941512
vt -2.539095 1.724245
vt -2.597277 1.764419
vt -2.597278 1.670190
vt -2.649021 1.741031
vt -2.649021 1.741031
vt -2.687560 1.808062
vt -2.687560 1.808062
vt -2.687560 1.824158
vt -2.649021 1.765212
vt -3.713203 1.184109
vt -3.764947 1.121813
vt -3.764947 1.145994
vt -3.713203 1.216834
vt -3.803486 1.062867
vt -3.803486 1.078963
vt -3.764947 1.076367
vt -3.803486 1.032616
vt -3.764947 1.015139
vt -3.803486 0.991859
vt -3.764947 0.945512
vt -3.803486 0.945512
vt -2.649021 1.871886
vt -2.649021 1.941512
vt -2.687560 1.895165
vt -2.687560 1.941512
vt -2.649021 1.810657
vt -2.687560 1.854409
vt 0.585505 0.015077
vt 0.414495 0.015077
vt 0.414495 0.015077
vt 0.585505 0.015077
vt 0.746202 0.073566
vt 0.746202 0.073566
vt 0.746202 0.073566
vt 0.585505 0.015077
vt 0.414495 0.015077
vt 0.877203 0.183489
vt 0.877203 0.183489
vt 0.877203 0.183489
vt 0.962708 0.331588
vt 0.962708 0.331588
vt 0.962708 0.331588
vt 0.992404 0.500000
vt 0.992404 0.500000
vt 0.992404 0.500000
vt 0.037292 0.331588
vt 0.007596 0.500000
vt 0.007596 0.500000
vt 0.037292 0.331588
vt 0.122797 0.183489
vt 0.122797 0.183489
vt 0.122797 0.183489
vt 0.037292 0.331588
vt 0.253798 0.073566
vt 0.253798 0.073566
vt 0.253798 0.073566
vt 0.585505 0.015077
vt 0.414495 0.015077
vt 0.746202 0.073566
vt 0.746202 0.073566
vt 0.585505 0.015077
vt 0.414495 0.015077
vt 0.877203 0.183489
vt 0.877203 0.183489
vt 0.962708 0.331588
vt 0.962708 0.331588
vt 0.992404 0.500000
vt 0.992404 0.500000
vt 0.037292 0.331588
vt 0.007596 0.500000
vt 0.007596 0.500000
vt 0.122797 0.183489
vt 0.122797 0.183489
vt 0.037292 0.331588
vt 0.253798 0.073566
vt 0.253798 0.073566
vt 0.585505 0.015077
vt 0.414495 0.015077
vt 0.746202 0.073566
vt 0.746202 0.073566
vt 0.585505 0.015077
vt 0.414495 0.015077
vt 0.877203 0.183489
vt 0.877203 0.183489
vt 0.962708 0.331588
vt 0.962708 0.331588
vt 0.992404 0.500000
vt 0.992404 0.500000
vt 0.037292 0.331588
vt 0.007596 0.500000
vt 0.007596 0.500000
vt 0.122797 0.183489
vt 0.122797 0.183489
vt 0.037292 0.331588
vt 0.253798 0.073566
vt 0.253798 0.073566
vt 0.585505 0.015077
vt 0.414495 0.015077
vt 0.746202 0.073566
vt 0.746202 0.073566
vt 0.585505 0.015077
vt 0.414495 0.015077
vt 0.877203 0.183489
vt 0.877203 0.183489
vt 0.962708 0.331588
vt 0.962708 0.331588
vt 0.992404 0.500000
vt 0.992404 0.500000
vt 0.037292 0.331588
vt 0.007596 0.500000
vt 0.007596 0.500000
vt 0.122797 0.183489
vt 0.122797 0.183489
vt 0.037292 0.331588
vt 0.253798 0.073566
vt 0.253798 0.073566
vt 0.585505 0.015077
vt 0.414495 0.015077
vt 0.746202 0.073566
vt 0.746202 0.073566
vt 0.585505 0.015077
vt 0.414495 0.015077
vt 0.877203 0.183489
vt 0.877203 0.183489
vt 0.962708 0.331588
vt 0.962708 0.331588
vt 0.992404 0.500000
vt 0.992404 0.500000
vt 0.037292 0.331588
vt 0.007596 0.500000
vt 0.007596 0.500000
vt 0.122797 0.183489
vt 0.122797 0.183489
vt 0.037292 0.331588
vt 0.253798 0.073566
vt 0.253798 0.073566
vt 0.585505 0.015077
vt 0.414495 0.015077
vt 0.746202 0.073566
vt 0.877203 0.183489
vt 0.962708 0.331588
vt 0.992404 0.500000
vt 0.037292 0.331588
vt 0.007596 0.500000
vt 0.007596 0.500000
vt 0.122797 0.183489
vt 0.253798 0.073566
vt 0.000000 0.125000
vt 0.000000 0.187500
vt 0.031250 0.187500
vt 0.031250 0.125000
vt 0.062500 0.187500
vt 0.062500 0.125000
vt 0.093750 0.187500
vt 0.093750 0.125000
vt 0.125000 0.187500
vt 0.125000 0.125000
vt 0.156250 0.187500
vt 0.156250 0.125000
vt 0.187500 0.187500
vt 0.187500 0.125000
vt 0.218750 0.187500
vt 0.218750 0.125000
vt 0.250000 0.187500
vt 0.250000 0.125000
vt 0.281250 0.187500
vt 0.281250 0.125000
vt 0.312500 0.187500
vt 0.312500 0.125000
vt 0.343750 0.187500
vt 0.343750 0.125000
vt 0.375000 0.187500
vt 0.375000 0.125000
vt 0.406250 0.187500
vt 0.406250 0.125000
vt 0.437500 0.187500
vt 0.437500 0.125000
vt 0.468750 0.187500
vt 0.468750 0.125000
vt 0.500000 0.187500
vt 0.500000 0.125000
vt 0.531250 0.187500
vt 0.531250 0.125000
vt 0.562500 0.187500
vt 0.562500 0.125000
vt 0.593750 0.187500
vt 0.593750 0.125000
vt 0.625000 0.187500
vt 0.625000 0.125000
vt 0.656250 0.187500
vt 0.656250 0.125000
vt 0.687500 0.187500
vt 0.687500 0.125000
vt 0.718750 0.187500
vt 0.718750 0.125000
vt 0.750000 0.187500
vt 0.750000 0.125000
vt 0.781250 0.187500
vt 0.781250 0.125000
vt 0.812500 0.187500
vt 0.812500 0.125000
vt 0.843750 0.187500
vt 0.843750 0.125000
vt 0.875000 0.187500
vt 0.875000 0.125000
vt 0.906250 0.187500
vt 0.906250 0.125000
vt 0.937500 0.187500
vt 0.937500 0.125000
vt 0.968750 0.187500
vt 0.968750 0.125000
vt 1.000000 0.187500
vt 1.000000 0.125000
vt 0.000000 0.250000
vt 0.031250 0.250000
vt 0.062500 0.250000
vt 0.093750 0.250000
vt 0.125000 0.250000
vt 0.156250 0.250000
vt 0.187500 0.250000
vt 0.218750 0.250000
vt 0.250000 0.250000
vt 0.281250 0.250000
vt 0.312500 0.250000
vt 0.343750 0.250000
vt 0.375000 0.250000
vt 0.406250 0.250000
vt 0.437500 0.250000
vt 0.468750 0.250000
vt 0.500000 0.250000
vt 0.531250 0.250000
vt 0.562500 0.250000
vt 0.593750 0.250000
vt 0.625000 0.250000
vt 0.656250 0.250000
vt 0.687500 0.250000
vt 0.718750 0.250000
vt 0.750000 0.250000
vt 0.781250 0.250000
vt 0.812500 0.250000
vt 0.843750 0.250000
vt 0.875000 0.250000
vt 0.906250 0.250000
vt 0.937500 0.250000
vt 0.968750 0.250000
vt 1.000000 0.250000
vt 0.000000 0.312500
vt 0.031250 0.312500
vt 0.062500 0.312500
vt 0.093750 0.312500
vt 0.125000 0.312500
vt 0.156250 0.312500
vt 0.187500 0.312500
vt 0.218750 0.312500
vt 0.250000 0.312500
vt 0.281250 0.312500
vt 0.312500 0.312500
vt 0.343750 0.312500
vt 0.375000 0.312500
vt 0.406250 0.312500
vt 0.437500 0.312500
vt 0.468750 0.312500
vt 0.500000 0.312500
vt 0.531250 0.312500
vt 0.562500 0.312500
vt 0.593750 0.312500
vt 0.625000 0.312500
vt 0.656250 0.312500
vt 0.687500 0.312500
vt 0.718750 0.312500
vt 0.750000 0.312500
vt 0.781250 0.312500
vt 0.812500 0.312500
vt 0.843750 0.312500
vt 0.875000 0.312500
vt 0.906250 0.312500
vt 0.937500 0.312500
vt 0.968750 0.312500
vt 1.000000 0.312500
vt 0.000000 0.375000
vt 0.031250 0.375000
vt 0.062500 0.375000
vt 0.093750 0.375000
vt 0.125000 0.375000
vt 0.156250 0.375000
vt 0.187500 0.375000
vt 0.218750 0.375000
vt 0.250000 0.375000
vt 0.281250 0.375000
vt 0.312500 0.375000
vt 0.343750 0.375000
vt 0.375000 0.375000
vt 0.406250 0.375000
vt 0.437500 0.375000
vt 0.468750 0.375000
vt 0.500000 0.375000
vt 0.531250 0.375000
vt 0.562500 0.375000
vt 0.593750 0.375000
vt 0.625000 0.375000
vt 0.656250 0.375000
vt 0.687500 0.375000
vt 0.718750 0.375000
vt 0.750000 0.375000
vt 0.781250 0.375000
vt 0.812500 0.375000
vt 0.843750 0.375000
vt 0.875000 0.375000
vt 0.906250 0.375000
vt 0.937500 0.375000
vt 0.968750 0.375000
vt 1.000000 0.375000
vt 0.000000 0.437500
vt 0.031250 0.437500
vt 0.062500 0.437500
vt 0.093750 0.437500
vt 0.125000 0.437500
vt 0.156250 0.437500
vt 0.187500 0.437500
vt 0.218750 0.437500
vt 0.250000 0.437500
vt 0.281250 0.437500
vt 0.312500 0.437500
vt 0.343750 0.437500
vt 0.375000 0.437500
vt 0.406250 0.437500
vt 0.437500 0.437500
vt 0.468750 0.437500
vt 0.500000 0.437500
vt 0.531250 0.437500
vt 0.562500 0.437500
vt 0.593750 0.437500
vt 0.625000 0.437500
vt 0.656250 0.437500
vt 0.687500 0.437500
vt 0.718750 0.437500
vt 0.750000 0.437500
vt 0.781250 0.437500
vt 0.812500 0.437500
vt 0.843750 0.437500
vt 0.875000 0.437500
vt 0.906250 0.437500
vt 0.937500 0.437500
vt 0.968750 0.437500
vt 1.000000 0.437500
vt 0.000000 0.500000
vt 0.031250 0.500000
vt 0.062500 0.500000
vt 0.093750 0.500000
vt 0.125000 0.500000
vt 0.156250 0.500000
vt 0.187500 0.500000
vt 0.218750 0.500000
vt 0.250000 0.500000
vt 0.281250 0.500000
vt 0.312500 0.500000
vt 0.343750 0.500000
vt 0.375000 0.500000
vt 0.406250 0.500000
vt 0.437500 0.500000
vt 0.468750 0.500000
vt 0.500000 0.500000
vt 0.531250 0.500000
vt 0.562500 0.500000
vt 0.593750 0.500000
vt 0.625000 0.500000
vt 0.656250 0.500000
vt 0.687500 0.500000
vt 0.718750 0.500000
vt 0.750000 0.500000
vt 0.781250 0.500000
vt 0.812500 0.500000
vt 0.843750 0.500000
vt 0.875000 0.500000
vt 0.906250 0.500000
vt 0.937500 0.500000
vt 0.968750 0.500000
vt 1.000000 0.500000
vt 0.000000 0.125000
vt 0.031250 0.125000
vt 0.031250 0.125000
vt 0.000000 0.125000
vt 0.062500 0.125000
vt 0.062500 0.125000
vt 0.093750 0.125000
vt 0.093750 0.125000
vt 0.125000 0.125000
vt 0.125000 0.125000
vt 0.156250 0.125000
vt 0.156250 0.125000
vt 0.187500 0.125000
vt 0.187500 0.125000
vt 0.218750 0.125000
vt 0.218750 0.125000
vt 0.250000 0.125000
vt 0.250000 0.125000
vt 0.281250 0.125000
vt 0.281250 0.125000
vt 0.312500 0.125000
vt 0.312500 0.125000
vt 0.343750 0.125000
vt 0.343750 0.125000
vt 0.375000 0.125000
vt 0.375000 0.125000
vt 0.406250 0.125000
vt 0.406250 0.125000
vt 0.437500 0.125000
vt 0.437500 0.125000
vt 0.468750 0.125000
vt 0.468750 0.125000
vt 0.500000 0.125000
vt 0.500000 0.125000
vt 0.531250 0.125000
vt 0.531250 0.125000
vt 0.562500 0.125000
vt 0.562500 0.125000
vt 0.593750 0.125000
vt 0.593750 0.125000
vt 0.625000 0.125000
vt 0.625000 0.125000
vt 0.656250 0.125000
vt 0.656250 0.125000
vt 0.687500 0.125000
vt 0.687500 0.125000
vt 0.718750 0.125000
vt 0.718750 0.125000
vt 0.750000 0.125000
vt 0.750000 0.125000
vt 0.781250 0.125000
vt 0.781250 0.125000
vt 0.812500 0.125000
vt 0.812500 0.125000
vt 0.843750 0.125000
vt 0.843750 0.125000
vt 0.875000 0.125000
vt 0.875000 0.125000
vt 0.906250 0.125000
vt 0.906250 0.125000
vt 0.937500 0.125000
vt 0.937500 0.125000
vt 0.968750 0.125000
vt 0.968750 0.125000
vt 1.000000 0.125000
vt 1.000000 0.125000
vt -0.055128 0.498008
vt -0.054807 -0.001968
vt 0.000000 0.000000
vt 0.000000 0.500000
vt 0.007596 0.500000
vt 0.007596 0.500000
vt 0.777778 1.000000
vt 0.777778 0.500000
vt 0.722222 0.500000
vt 0.722222 1.000000
vt 0.666667 1.000000
vt 0.666667 0.500000
vt 0.666667 0.000000
vt 0.722222 0.000000
vt 0.777778 0.000000
vt 0.611111 1.000000
vt 0.611111 0.500000
vt 0.611111 0.000000
vt 0.555556 1.000000
vt 0.555556 0.500000
vt 0.555556 0.000000
vt -0.055127 0.500290
vt -0.055158 1.000288
vt 0.888889 1.000000
vt 0.944445 1.000000
vt 0.944445 0.500000
vt 0.888889 0.500000
vt 0.888889 0.000000
vt 0.944445 0.000000
vt 0.833333 1.000000
vt 0.833333 0.500000
vt 0.833333 0.000000
vt 0.746202 0.073566
vt 0.746202 0.073566
vt 0.585505 0.015077
vt 0.585505 0.015077
vt 0.414495 0.015077
vt 0.414495 0.015077
vt -3.282544 1.430755
vt -3.139891 1.442683
vt -3.139891 1.442683
vt -3.282544 1.430755
vt -2.166618 1.514797
vt -2.166618 1.456270
vt -2.023965 1.444342
vt -2.023965 1.504308
vt 0.253798 0.073566
vt 0.253798 0.073566
vt -3.282544 1.372227
vt -3.139891 1.382717
vt 0.122797 0.183489
vt 0.122797 0.183489
vt -3.282544 1.262232
vt -3.139891 1.270017
vt 0.037292 0.331588
vt 0.037292 0.331588
vt -3.282544 1.114035
vt -3.139891 1.118178
vt 0.962708 0.331588
vt 0.962708 0.331588
vt -2.166618 1.772989
vt -2.023965 1.768847
vt 0.877203 0.183489
vt 0.877203 0.183489
vt -2.166618 1.624793
vt -2.023965 1.617007
vt -2.319578 1.550475
vt -2.319578 1.496842
vt -2.453514 1.599190
vt -2.453514 1.552238
vt -3.435504 1.235750
vt -3.435504 1.099945
vt -3.569440 1.080706
vt -3.569440 1.199593
vt -2.319578 1.787080
vt -2.453514 1.806319
vt -2.319578 1.651274
vt -2.453514 1.687431
vt -2.539095 1.648789
vt -2.539095 1.608640
vt -2.597277 1.702916
vt -2.597277 1.670190
vt -3.655021 1.162779
vt -3.655021 1.061118
vt -3.713203 1.039741
vt -3.713203 1.122605
vt -2.539095 1.825907
vt -2.597277 1.847283
vt -2.539095 1.724245
vt -2.597277 1.764419
vt -2.597278 1.670190
vt -2.649021 1.741031
vt -2.649021 1.741031
vt -2.687560 1.808062
vt -2.687560 1.808062
vt -2.687560 1.824158
vt -2.649021 1.765212
vt -3.713203 1.184109
vt -3.713203 1.216834
vt -3.764947 1.145994
vt -3.764947 1.121813
vt -3.803486 1.062867
vt -3.803486 1.078963
vt -3.764947 1.076367
vt -3.803486 1.032616
vt -3.764947 1.015139
vt -3.803486 0.991859
vt -2.649021 1.871886
vt -2.687560 1.895165
vt -2.649021 1.810657
vt -2.687560 1.854409
vt 0.414495 0.015077
vt 0.414495 0.015077
vt 0.585505 0.015077
vt 0.585505 0.015077
vt 0.746202 0.073566
vt 0.746202 0.073566
vt 0.746202 0.073566
vt 0.585505 0.015077
vt 0.414495 0.015077
vt 0.877203 0.183489
vt 0.877203 0.183489
vt 0.877203 0.183489
vt 0.962708 0.331588
vt 0.962708 0.331588
vt 0.962708 0.331588
vt 0.037292 0.331588
vt 0.037292 0.331588
vt 0.122797 0.183489
vt 0.122797 0.183489
vt 0.122797 0.183489
vt 0.037292 0.331588
vt 0.253798 0.073566
vt 0.253798 0.073566
vt 0.253798 0.073566
vt 0.414495 0.015077
vt 0.585505 0.015077
vt 0.746202 0.073566
vt 0.746202 0.073566
vt 0.585505 0.015077
vt 0.414495 0.015077
vt 0.877203 0.183489
vt 0.877203 0.183489
vt 0.962708 0.331588
vt 0.962708 0.331588
vt 0.037292 0.331588
vt 0.122797 0.183489
vt 0.122797 0.183489
vt 0.037292 0.331588
vt 0.253798 0.073566
vt 0.253798 0.073566
vt 0.414495 0.015077
vt 0.585505 0.015077
vt 0.746202 0.073566
vt 0.746202 0.073566
vt 0.585505 0.015077
vt 0.414495 0.015077
vt 0.877203 0.183489
vt 0.877203 0.183489
vt 0.962708 0.331588
vt 0.962708 0.331588
vt 0.037292 0.331588
vt 0.122797 0.183489
vt 0.122797 0.183489
vt 0.037292 0.331588
vt 0.253798 0.073566
vt 0.253798 0.073566
vt 0.414495 0.015077
vt 0.585505 0.015077
vt 0.746202 0.073566
vt 0.746202 0.073566
vt 0.585505 0.015077
vt 0.414495 0.015077
vt 0.877203 0.183489
vt 0.877203 0.183489
vt 0.962708 0.331588
vt 0.962708 0.331588
vt 0.037292 0.331588
vt 0.122797 0.183489
vt 0.122797 0.183489
vt 0.037292 0.331588
vt 0.253798 0.073566
vt 0.253798 0.073566
vt 0.414495 0.015077
vt 0.585505 0.015077
vt 0.746202 0.073566
vt 0.746202 0.073566
vt 0.585505 0.015077
vt 0.414495 0.015077
vt 0.877203 0.183489
vt 0.877203 0.183489
vt 0.962708 0.331588
vt 0.962708 0.331588
vt 0.037292 0.331588
vt 0.122797 0.183489
vt 0.122797 0.183489
vt 0.037292 0.331588
vt 0.253798 0.073566
vt 0.253798 0.073566
vt 0.414495 0.015077
vt 0.585505 0.015077
vt 0.746202 0.073566
vt 0.877203 0.183489
vt 0.962708 0.331588
vt 0.037292 0.331588
vt 0.122797 0.183489
vt 0.253798 0.073566
vt 0.000000 0.125000
vt 0.031250 0.125000
vt 0.031250 0.187500
vt 0.000000 0.187500
vt 0.062500 0.125000
vt 0.062500 0.187500
vt 0.093750 0.125000
vt 0.093750 0.187500
vt 0.125000 0.125000
vt 0.125000 0.187500
vt 0.156250 0.125000
vt 0.156250 0.187500
vt 0.187500 0.125000
vt 0.187500 0.187500
vt 0.218750 0.125000
vt 0.218750 0.187500
vt 0.250000 0.125000
vt 0.250000 0.187500
vt 0.281250 0.125000
vt 0.281250 0.187500
vt 0.312500 0.125000
vt 0.312500 0.187500
vt 0.343750 0.125000
vt 0.343750 0.187500
vt 0.375000 0.125000
vt 0.375000 0.187500
vt 0.406250 0.125000
vt 0.406250 0.187500
vt 0.437500 0.125000
vt 0.437500 0.187500
vt 0.468750 0.125000
vt 0.468750 0.187500
vt 0.500000 0.125000
vt 0.500000 0.187500
vt 0.531250 0.125000
vt 0.531250 0.187500
vt 0.562500 0.125000
vt 0.562500 0.187500
vt 0.593750 0.125000
vt 0.593750 0.187500
vt 0.625000 0.125000
vt 0.625000 0.187500
vt 0.656250 0.125000
vt 0.656250 0.187500
vt 0.687500 0.125000
vt 0.687500 0.187500
vt 0.718750 0.125000
vt 0.718750 0.187500
vt 0.750000 0.125000
vt 0.750000 0.187500
vt 0.781250 0.125000
vt 0.781250 0.187500
vt 0.812500 0.125000
vt 0.812500 0.187500
vt 0.843750 0.125000
vt 0.843750 0.187500
vt 0.875000 0.125000
vt 0.875000 0.187500
vt 0.906250 0.125000
vt 0.906250 0.187500
vt 0.937500 0.125000
vt 0.937500 0.187500
vt 0.968750 0.125000
vt 0.968750 0.187500
vt 1.000000 0.125000
vt 1.000000 0.187500
vt 0.031250 0.250000
vt 0.000000 0.250000
vt 0.062500 0.250000
vt 0.093750 0.250000
vt 0.125000 0.250000
vt 0.156250 0.250000
vt 0.187500 0.250000
vt 0.218750 0.250000
vt 0.250000 0.250000
vt 0.281250 0.250000
vt 0.312500 0.250000
vt 0.343750 0.250000
vt 0.375000 0.250000
vt 0.406250 0.250000
vt 0.437500 0.250000
vt 0.468750 0.250000
vt 0.500000 0.250000
vt 0.531250 0.250000
vt 0.562500 0.250000
vt 0.593750 0.250000
vt 0.625000 0.250000
vt 0.656250 0.250000
vt 0.687500 0.250000
vt 0.718750 0.250000
vt 0.750000 0.250000
vt 0.781250 0.250000
vt 0.812500 0.250000
vt 0.843750 0.250000
vt 0.875000 0.250000
vt 0.906250 0.250000
vt 0.937500 0.250000
vt 0.968750 0.250000
vt 1.000000 0.250000
vt 0.031250 0.312500
vt 0.000000 0.312500
vt 0.062500 0.312500
vt 0.093750 0.312500
vt 0.125000 0.312500
vt 0.156250 0.312500
vt 0.187500 0.312500
vt 0.218750 0.312500
vt 0.250000 0.312500
vt 0.281250 0.312500
vt 0.312500 0.312500
vt 0.343750 0.312500
vt 0.375000 0.312500
vt 0.406250 0.312500
vt 0.437500 0.312500
vt 0.468750 0.312500
vt 0.500000 0.312500
vt 0.531250 0.312500
vt 0.562500 0.312500
vt 0.593750 0.312500
vt 0.625000 0.312500
vt 0.656250 0.312500
vt 0.687500 0.312500
vt 0.718750 0.312500
vt 0.750000 0.312500
vt 0.781250 0.312500
vt 0.812500 0.312500
vt 0.843750 0.312500
vt 0.875000 0.312500
vt 0.906250 0.312500
vt 0.937500 0.312500
vt 0.968750 0.312500
vt 1.000000 0.312500
vt 0.031250 0.375000
vt 0.000000 0.375000
vt 0.062500 0.375000
vt 0.093750 0.375000
vt 0.125000 0.375000
vt 0.156250 0.375000
vt 0.187500 0.375000
vt 0.218750 0.375000
vt 0.250000 0.375000
vt 0.281250 0.375000
vt 0.312500 0.375000
vt 0.343750 0.375000
vt 0.375000 0.375000
vt 0.406250 0.375000
vt 0.437500 0.375000
vt 0.468750 0.375000
vt 0.500000 0.375000
vt 0.531250 0.375000
vt 0.562500 0.375000
vt 0.593750 0.375000
vt 0.625000 0.375000
vt 0.656250 0.375000
vt 0.687500 0.375000
vt 0.718750 0.375000
vt 0.750000 0.375000
vt 0.781250 0.375000
vt 0.812500 0.375000
vt 0.843750 0.375000
vt 0.875000 0.375000
vt 0.906250 0.375000
vt 0.937500 0.375000
vt 0.968750 0.375000
vt 1.000000 0.375000
vt 0.031250 0.437500
vt 0.000000 0.437500
vt 0.062500 0.437500
vt 0.093750 0.437500
vt 0.125000 0.437500
vt 0.156250 0.437500
vt 0.187500 0.437500
vt 0.218750 0.437500
vt 0.250000 0.437500
vt 0.281250 0.437500
vt 0.312500 0.437500
vt 0.343750 0.437500
vt 0.375000 0.437500
vt 0.406250 0.437500
vt 0.437500 0.437500
vt 0.468750 0.437500
vt 0.500000 0.437500
vt 0.531250 0.437500
vt 0.562500 0.437500
vt 0.593750 0.437500
vt 0.625000 0.437500
vt 0.656250 0.437500
vt 0.687500 0.437500
vt 0.718750 0.437500
vt 0.750000 0.437500
vt 0.781250 0.437500
vt 0.812500 0.437500
vt 0.843750 0.437500
vt 0.875000 0.437500
vt 0.906250 0.437500
vt 0.937500 0.437500
vt 0.968750 0.437500
vt 1.000000 0.437500
vt 0.031250 0.500000
vt 0.000000 0.500000
vt 0.062500 0.500000
vt 0.093750 0.500000
vt 0.125000 0.500000
vt 0.156250 0.500000
vt 0.187500 0.500000
vt 0.218750 0.500000
vt 0.250000 0.500000
vt 0.281250 0.500000
vt 0.312500 0.500000
vt 0.343750 0.500000
vt 0.375000 0.500000
vt 0.406250 0.500000
vt 0.437500 0.500000
vt 0.468750 0.500000
vt 0.500000 0.500000
vt 0.531250 0.500000
vt 0.562500 0.500000
vt 0.593750 0.500000
vt 0.625000 0.500000
vt 0.656250 0.500000
vt 0.687500 0.500000
vt 0.718750 0.500000
vt 0.750000 0.500000
vt 0.781250 0.500000
vt 0.812500 0.500000
vt 0.843750 0.500000
vt 0.875000 0.500000
vt 0.906250 0.500000
vt 0.937500 0.500000
vt 0.968750 0.500000
vt 1.000000 0.500000
vt 0.000000 0.125000
vt 0.000000 0.125000
vt 0.031250 0.125000
vt 0.031250 0.125000
vt 0.062500 0.125000
vt 0.062500 0.125000
vt 0.093750 0.125000
vt 0.093750 0.125000
vt 0.125000 0.125000
vt 0.125000 0.125000
vt 0.156250 0.125000
vt 0.156250 0.125000
vt 0.187500 0.125000
vt 0.187500 0.125000
vt 0.218750 0.125000
vt 0.218750 0.125000
vt 0.250000 0.125000
vt 0.250000 0.125000
vt 0.281250 0.125000
vt 0.281250 0.125000
vt 0.312500 0.125000
vt 0.312500 0.125000
vt 0.343750 0.125000
vt 0.343750 0.125000
vt 0.375000 0.125000
vt 0.375000 0.125000
vt 0.406250 0.125000
vt 0.406250 0.125000
vt 0.437500 0.125000
vt 0.437500 0.125000
vt 0.468750 0.125000
vt 0.468750 0.125000
vt 0.500000 0.125000
vt 0.500000 0.125000
vt 0.531250 0.125000
vt 0.531250 0.125000
vt 0.562500 0.125000
vt 0.562500 0.125000
vt 0.593750 0.125000
vt 0.593750 0.125000
vt 0.625000 0.125000
vt 0.625000 0.125000
vt 0.656250 0.125000
vt 0.656250 0.125000
vt 0.687500 0.125000
vt 0.687500 0.125000
vt 0.718750 0.125000
vt 0.718750 0.125000
vt 0.750000 0.125000
vt 0.750000 0.125000
vt 0.781250 0.125000
vt 0.781250 0.125000
vt 0.812500 0.125000
vt 0.812500 0.125000
vt 0.843750 0.125000
vt 0.843750 0.125000
vt 0.875000 0.125000
vt 0.875000 0.125000
vt 0.906250 0.125000
vt 0.906250 0.125000
vt 0.937500 0.125000
vt 0.937500 0.125000
vt 0.968750 0.125000
vt 0.968750 0.125000
vt 1.000000 0.125000
vt 1.000000 0.125000
vt -0.054807 -0.001968
vt -0.055128 0.498008
vn 0.9995 -0.0056 0.0318
vn 1.0000 -0.0000 -0.0000
vn 0.9995 0.0056 0.0318
vn 0.9995 -0.0161 0.0280
vn 0.9995 -0.0247 0.0208
vn 0.9995 -0.0303 0.0110
vn 0.9995 -0.0323 0.0000
vn 0.9995 0.0303 0.0110
vn 0.9995 0.0323 -0.0000
vn 0.9995 0.0247 0.0208
vn 0.9995 0.0161 0.0280
vn -0.9702 -0.0435 0.2383
vn -0.9702 0.0435 0.2383
vn -1.0000 -0.0000 -0.0000
vn -0.9699 0.1249 0.2091
vn -0.9694 0.1908 0.1548
vn -0.9689 0.2334 0.0821
vn -0.9687 0.2482 0.0000
vn -0.9687 -0.2482 0.0000
vn -0.9689 -0.2334 0.0821
vn -0.9694 -0.1908 0.1548
vn -0.9699 -0.1249 0.2091
vn 0.0000 0.0000 1.0000
vn -0.0002 0.0021 1.0000
vn -0.0006 0.0020 1.0000
vn -0.0010 0.0019 1.0000
vn -0.0013 0.0016 1.0000
vn -0.0016 0.0013 1.0000
vn -0.0017 0.0013 1.0000
vn -0.0019 0.0010 1.0000
vn -0.0020 0.0006 1.0000
vn -0.0021 0.0002 1.0000
vn -0.0021 -0.0002 1.0000
vn -0.0020 -0.0006 1.0000
vn -0.0019 -0.0010 1.0000
vn -0.0017 -0.0013 1.0000
vn -0.0018 -0.0011 1.0000
vn -0.0013 -0.0017 1.0000
vn -0.0013 -0.0016 1.0000
vn -0.0010 -0.0019 1.0000
vn -0.0006 -0.0020 1.0000
vn -0.0002 -0.0021 1.0000
vn 0.0002 -0.0021 1.0000
vn 0.0006 -0.0020 1.0000
vn 0.0010 -0.0019 1.0000
vn 0.0013 -0.0016 1.0000
vn 0.0016 -0.0013 1.0000
vn 0.0019 -0.0010 1.0000
vn 0.0020 -0.0006 1.0000
vn 0.0021 -0.0002 1.0000
vn 0.0021 0.0002 1.0000
vn 0.0020 0.0006 1.0000
vn 0.0019 0.0010 1.0000
vn 0.0016 0.0013 1.0000
vn 0.0013 0.0016 1.0000
vn 0.0010 0.0019 1.0000
vn 0.0006 0.0020 1.0000
vn 0.0002 0.0021 1.0000
vn 0.9995 -0.0056 -0.0318
vn 0.9995 0.0056 -0.0318
vn 0.9995 -0.0161 -0.0280
vn 0.9995 -0.0247 -0.0208
vn 0.9995 -0.0303 -0.0110
vn 0.9995 0.0303 -0.0110
vn 0.9995 0.0247 -0.0208
vn 0.9995 0.0161 -0.0280
vn -0.9702 -0.0435 -0.2383
vn -0.9702 0.0435 -0.2383
vn -0.9699 0.1249 -0.2091
vn -0.9694 0.1908 -0.1548
vn -0.9689 0.2334 -0.0821
vn -0.9689 -0.2334 -0.0821
vn -0.9694 -0.1908 -0.1548
vn -0.9699 -0.1249 -0.2091
vn -0.0000 0.0000 -1.0000
vn -0.0002 0.0021 -1.0000
vn -0.0006 0.0020 -1.0000
vn -0.0010 0.0019 -1.0000
vn -0.0016 0.0014 -1.0000
vn -0.0011 0.0018 -1.0000
vn -0.0016 0.0013 -1.0000
vn -0.0019 0.0010 -1.0000
vn -0.0020 0.0006 -1.0000
vn -0.0021 0.0002 -1.0000
vn -0.0020 -0.0007 -1.0000
vn -0.0021 -0.0002 -1.0000
vn -0.0020 -0.0006 -1.0000
vn -0.0019 -0.0010 -1.0000
vn -0.0016 -0.0013 -1.0000
vn -0.0013 -0.0016 -1.0000
vn -0.0007 -0.0020 -1.0000
vn -0.0010 -0.0019 -1.0000
vn -0.0006 -0.0020 -1.0000
vn -0.0009 -0.0019 -1.0000
vn -0.0002 -0.0021 -1.0000
vn 0.0002 -0.0021 -1.0000
vn -0.0001 -0.0021 -1.0000
vn 0.0006 -0.0020 -1.0000
vn 0.0010 -0.0019 -1.0000
vn 0.0013 -0.0016 -1.0000
vn 0.0016 -0.0013 -1.0000
vn 0.0019 -0.0010 -1.0000
vn 0.0020 -0.0006 -1.0000
vn 0.0019 -0.0009 -1.0000
vn 0.0021 -0.0002 -1.0000
vn 0.0021 0.0002 -1.0000
vn 0.0020 0.0006 -1.0000
vn 0.0019 0.0010 -1.0000
vn 0.0016 0.0013 -1.0000
vn 0.0013 0.0016 -1.0000
vn 0.0010 0.0019 -1.0000
vn 0.0013 0.0017 -1.0000
vn 0.0006 0.0020 -1.0000
vn 0.0002 0.0021 -1.0000
vn 0.0209 -0.1739 0.9845
vn 0.0211 0.1737 0.9846
vn 0.0061 0.1748 0.9846
vn 0.0062 -0.1748 0.9846
vn 0.0011 -0.5026 0.8645
vn 0.0197 -0.5003 0.8656
vn 0.1890 -0.4910 0.8504
vn 0.1890 -0.1705 0.9671
vn 0.1890 0.1705 0.9670
vn -0.0065 -0.7682 0.6402
vn 0.0179 -0.7662 0.6423
vn 0.1890 -0.7522 0.6312
vn -0.0132 -0.9404 0.3399
vn 0.0165 -0.9397 0.3417
vn 0.1890 -0.9228 0.3358
vn -0.0158 -0.9999 0.0000
vn 0.0163 -0.9999 0.0000
vn 0.1890 -0.9820 -0.0000
vn 0.0167 0.9397 0.3415
vn 0.0161 0.9999 -0.0000
vn -0.0159 0.9999 0.0000
vn -0.0132 0.9404 0.3399
vn -0.0065 0.7682 0.6402
vn 0.0184 0.7662 0.6423
vn 0.1890 0.7522 0.6312
vn 0.1890 0.9228 0.3359
vn 0.0011 0.5026 0.8645
vn 0.0201 0.5002 0.8657
vn 0.1890 0.4910 0.8504
vn -0.0385 -0.1759 0.9836
vn -0.0462 -0.5048 0.8620
vn 0.0062 0.1748 0.9846
vn -0.0385 0.1759 0.9836
vn -0.0384 -0.1759 0.9837
vn -0.0384 0.1759 0.9837
vn -0.1727 0.1746 0.9694
vn -0.1727 -0.1746 0.9694
vn -0.1769 -0.4998 0.8479
vn -0.1727 -0.1745 0.9694
vn -0.0462 0.5048 0.8620
vn -0.1769 0.4999 0.8478
vn -0.0580 0.7692 0.6364
vn -0.0066 0.7682 0.6402
vn -0.0581 0.7692 0.6364
vn -0.1833 0.7596 0.6240
vn -0.0684 0.9390 0.3370
vn -0.1887 0.9251 0.3295
vn -0.0724 0.9974 -0.0000
vn -0.1912 0.9815 0.0000
vn -0.0684 -0.9390 0.3370
vn -0.0724 -0.9974 -0.0000
vn -0.0159 -0.9999 -0.0000
vn -0.1890 -0.9250 0.3296
vn -0.1912 -0.9815 -0.0000
vn -0.0581 -0.7692 0.6364
vn -0.1834 -0.7596 0.6240
vn -0.3221 -0.1688 0.9315
vn -0.3214 -0.4831 0.8144
vn -0.4666 -0.4519 0.7603
vn -0.4690 -0.1577 0.8690
vn -0.3196 0.8933 0.3162
vn -0.3203 0.7337 0.5992
vn -0.4599 0.8372 0.2960
vn -0.4630 0.6871 0.5600
vn -0.3192 0.9477 0.0000
vn -0.4586 0.8886 -0.0000
vn -0.3193 -0.8933 0.3163
vn -0.3190 -0.9478 0.0000
vn -0.4599 -0.8372 0.2960
vn -0.4586 -0.8886 0.0000
vn -0.3201 -0.7339 0.5991
vn -0.4630 -0.6871 0.5600
vn -0.6416 -0.1371 0.7547
vn -0.6392 -0.3931 0.6610
vn -0.7675 -0.3279 0.5509
vn -0.7696 -0.1142 0.6282
vn -0.6323 0.7305 0.2581
vn -0.6355 0.5986 0.4877
vn -0.7615 0.6112 0.2158
vn -0.7643 0.5001 0.4071
vn -0.6310 0.7758 -0.0000
vn -0.7604 0.6495 0.0000
vn -0.6323 -0.7305 0.2581
vn -0.6310 -0.7758 0.0000
vn -0.7615 -0.6112 0.2158
vn -0.7604 -0.6495 0.0000
vn -0.6355 -0.5987 0.4876
vn -0.7643 -0.5001 0.4071
vn -0.7696 0.1142 0.6283
vn -0.8392 0.0973 0.5351
vn -0.8392 -0.0973 0.5351
vn -0.9041 0.0765 0.4203
vn -0.9041 -0.0765 0.4203
vn -0.9031 -0.2198 0.3690
vn -0.8375 -0.2795 0.4695
vn -0.7675 0.3279 0.5509
vn -0.8375 0.2795 0.4695
vn -0.7696 0.1142 0.6282
vn -0.9031 0.2198 0.3690
vn -0.8349 0.4269 0.3474
vn -0.9014 0.3359 0.2732
vn -0.8327 0.5221 0.1843
vn -0.9000 0.4112 0.1450
vn -0.8318 0.5550 0.0000
vn -0.8994 0.4372 0.0000
vn -0.8327 -0.5221 0.1843
vn -0.8318 -0.5550 -0.0000
vn -0.9000 -0.4112 0.1450
vn -0.8994 -0.4372 -0.0000
vn -0.8349 -0.4269 0.3474
vn -0.9014 -0.3359 0.2732
vn 0.7165 -0.1211 0.6870
vn 0.7165 0.1211 0.6870
vn 0.1890 0.1705 0.9671
vn 0.7165 -0.3488 0.6041
vn 0.7632 -0.3231 0.5596
vn 0.7632 -0.1122 0.6364
vn 0.7632 0.1122 0.6364
vn 0.7165 -0.5344 0.4484
vn 0.7632 -0.4950 0.4154
vn 0.1890 -0.9228 0.3359
vn 0.7165 -0.6555 0.2386
vn 0.7632 -0.6072 0.2210
vn 0.7165 -0.6976 -0.0000
vn 0.7632 -0.6462 -0.0000
vn 0.7165 0.6555 0.2386
vn 0.7165 0.6976 -0.0000
vn 0.1890 0.9820 0.0000
vn 0.1890 0.9227 0.3359
vn 0.7165 0.5344 0.4484
vn 0.7632 0.4950 0.4154
vn 0.7632 0.6072 0.2210
vn 0.7165 0.3488 0.6041
vn 0.7632 0.3231 0.5596
vn 0.0460 -0.1735 0.9838
vn 0.0460 0.1735 0.9838
vn 0.0460 -0.4995 0.8651
vn -0.5641 -0.4129 0.7151
vn -0.5641 -0.1434 0.8132
vn -0.5641 0.1434 0.8132
vn 0.0460 -0.7652 0.6421
vn -0.5641 -0.6326 0.5308
vn 0.0460 -0.9387 0.3417
vn -0.5641 -0.7759 0.2824
vn 0.0460 -0.9989 -0.0000
vn -0.5641 -0.8257 0.0000
vn 0.0460 0.9387 0.3417
vn 0.0460 0.9989 0.0000
vn 0.7632 0.6462 -0.0000
vn 0.0460 0.7652 0.6421
vn -0.5641 0.6326 0.5308
vn -0.5641 0.7759 0.2824
vn 0.0460 0.4995 0.8651
vn -0.5641 0.4129 0.7151
vn -0.8053 -0.1030 0.5839
vn -0.8053 0.1030 0.5839
vn -0.8053 -0.2965 0.5135
vn -0.6894 -0.3622 0.6274
vn -0.6894 -0.1258 0.7134
vn -0.6894 0.1258 0.7134
vn -0.8053 -0.4542 0.3811
vn -0.6894 -0.5549 0.4656
vn -0.8053 -0.5571 0.2028
vn -0.6894 -0.6807 0.2478
vn -0.8053 -0.5929 0.0000
vn -0.6894 -0.7244 0.0000
vn -0.8053 0.5571 0.2028
vn -0.8053 0.5929 0.0000
vn -0.5641 0.8257 0.0000
vn -0.8053 0.4542 0.3811
vn -0.6894 0.5549 0.4656
vn -0.6894 0.6807 0.2478
vn -0.8053 0.2965 0.5135
vn -0.6894 0.3622 0.6274
vn -0.3921 -0.1597 0.9059
vn -0.3921 0.1597 0.9059
vn -0.3921 -0.4600 0.7967
vn -0.1329 -0.4956 0.8583
vn -0.1329 -0.1721 0.9761
vn -0.1329 0.1721 0.9761
vn -0.3921 -0.7047 0.5913
vn -0.1329 -0.7592 0.6371
vn -0.3921 -0.8644 0.3146
vn -0.1329 -0.9314 0.3390
vn -0.3921 -0.9199 0.0000
vn -0.1329 -0.9911 0.0000
vn -0.3921 0.8644 0.3146
vn -0.3921 0.9199 0.0000
vn -0.6894 0.7244 -0.0000
vn -0.3921 0.7047 0.5913
vn -0.1329 0.7592 0.6371
vn -0.1329 0.9314 0.3390
vn -0.3921 0.4600 0.7967
vn -0.1329 0.4956 0.8583
vn 0.0414 -0.1735 0.9840
vn 0.0414 0.1735 0.9840
vn 0.0414 -0.4996 0.8653
vn 0.4126 -0.4554 0.7889
vn 0.4126 -0.1582 0.8971
vn 0.4126 0.1582 0.8971
vn 0.0414 -0.7654 0.6422
vn 0.4126 -0.6978 0.5855
vn 0.0414 -0.9389 0.3417
vn 0.4126 -0.8560 0.3115
vn 0.0414 -0.9991 -0.0000
vn 0.4126 -0.9109 -0.0000
vn 0.0414 0.9389 0.3417
vn 0.0414 0.9991 -0.0000
vn -0.1329 0.9911 0.0000
vn 0.0414 0.7654 0.6422
vn 0.4126 0.6978 0.5855
vn 0.4126 0.8560 0.3115
vn 0.0414 0.4996 0.8653
vn 0.4126 0.4554 0.7889
vn 0.8908 -0.0789 0.4475
vn 0.8908 0.0789 0.4475
vn 0.8908 -0.2272 0.3935
vn 0.8908 -0.3481 0.2921
vn 0.8908 -0.4270 0.1554
vn 0.8908 -0.4544 -0.0000
vn 0.8908 0.4270 0.1554
vn 0.8908 0.4544 -0.0000
vn 0.4126 0.9109 -0.0000
vn 0.8908 0.3481 0.2921
vn 0.8908 0.2272 0.3935
vn 0.0000 0.4714 0.8819
vn 0.0000 0.5598 0.8286
vn -0.1092 0.5490 0.8286
vn -0.0920 0.4623 0.8819
vn -0.2142 0.5172 0.8286
vn -0.1804 0.4355 0.8819
vn -0.3110 0.4654 0.8286
vn -0.2619 0.3920 0.8819
vn -0.3958 0.3958 0.8286
vn -0.3333 0.3333 0.8819
vn -0.4654 0.3110 0.8286
vn -0.3920 0.2619 0.8819
vn -0.5172 0.2142 0.8286
vn -0.4355 0.1804 0.8819
vn -0.5490 0.1092 0.8286
vn -0.4623 0.0920 0.8819
vn -0.5598 -0.0000 0.8286
vn -0.4714 -0.0000 0.8819
vn -0.5490 -0.1092 0.8286
vn -0.4623 -0.0920 0.8819
vn -0.5172 -0.2142 0.8286
vn -0.4355 -0.1804 0.8819
vn -0.4654 -0.3110 0.8286
vn -0.3920 -0.2619 0.8819
vn -0.3958 -0.3958 0.8286
vn -0.3333 -0.3333 0.8819
vn -0.3110 -0.4654 0.8286
vn -0.2619 -0.3920 0.8819
vn -0.2142 -0.5172 0.8286
vn -0.1804 -0.4355 0.8819
vn -0.1092 -0.5490 0.8286
vn -0.0920 -0.4623 0.8819
vn -0.0000 -0.5598 0.8286
vn -0.0000 -0.4714 0.8819
vn 0.1092 -0.5490 0.8286
vn 0.0920 -0.4623 0.8819
vn 0.2142 -0.5172 0.8286
vn 0.1804 -0.4355 0.8819
vn 0.3110 -0.4654 0.8286
vn 0.2619 -0.3920 0.8819
vn 0.3958 -0.3958 0.8286
vn 0.3333 -0.3333 0.8819
vn 0.4654 -0.3110 0.8286
vn 0.3920 -0.2619 0.8819
vn 0.5172 -0.2142 0.8286
vn 0.4355 -0.1804 0.8819
vn 0.5490 -0.1092 0.8286
vn 0.4623 -0.0920 0.8819
vn 0.5598 0.0000 0.8286
vn 0.4714 0.0000 0.8819
vn 0.5490 0.1092 0.8286
vn 0.4623 0.0920 0.8819
vn 0.5172 0.2142 0.8286
vn 0.4355 0.1804 0.8819
vn 0.4654 0.3110 0.8286
vn 0.3919 0.2619 0.8819
vn 0.3958 0.3958 0.8286
vn 0.3333 0.3333 0.8819
vn 0.3110 0.4654 0.8286
vn 0.2619 0.3919 0.8819
vn 0.2142 0.5172 0.8286
vn 0.1804 0.4355 0.8819
vn 0.1092 0.5490 0.8286
vn 0.0920 0.4623 0.8819
vn 0.0000 0.7101 0.7041
vn -0.1385 0.6965 0.7041
vn -0.2718 0.6561 0.7041
vn -0.3945 0.5905 0.7041
vn -0.5021 0.5021 0.7041
vn -0.5905 0.3945 0.7041
vn -0.6561 0.2718 0.7041
vn -0.6965 0.1385 0.7041
vn -0.7101 -0.0000 0.7041
vn -0.6965 -0.1385 0.7041
vn -0.6561 -0.2718 0.7041
vn -0.5905 -0.3945 0.7041
vn -0.5021 -0.5021 0.7041
vn -0.3945 -0.5905 0.7041
vn -0.2718 -0.6561 0.7041
vn -0.1385 -0.6965 0.7041
vn 0.0000 -0.7101 0.7041
vn 0.1385 -0.6965 0.7041
vn 0.2718 -0.6561 0.7041
vn 0.3945 -0.5905 0.7041
vn 0.5021 -0.5021 0.7041
vn 0.5905 -0.3945 0.7041
vn 0.6561 -0.2718 0.7041
vn 0.6965 -0.1385 0.7041
vn 0.7101 0.0000 0.7041
vn 0.6965 0.1385 0.7041
vn 0.6561 0.2718 0.7041
vn 0.5905 0.3945 0.7041
vn 0.5021 0.5021 0.7041
vn 0.3945 0.5905 0.7041
vn 0.2718 0.6561 0.7041
vn 0.1385 0.6965 0.7041
vn 0.0000 0.8333 0.5528
vn -0.1626 0.8173 0.5528
vn -0.3189 0.7699 0.5528
vn -0.4630 0.6929 0.5528
vn -0.5893 0.5893 0.5528
vn -0.6929 0.4630 0.5528
vn -0.7699 0.3189 0.5528
vn -0.8173 0.1626 0.5528
vn -0.8333 -0.0000 0.5528
vn -0.8173 -0.1626 0.5528
vn -0.7699 -0.3189 0.5528
vn -0.6929 -0.4630 0.5528
vn -0.5893 -0.5893 0.5528
vn -0.4630 -0.6929 0.5528
vn -0.3189 -0.7699 0.5528
vn -0.1626 -0.8173 0.5528
vn 0.0000 -0.8333 0.5528
vn 0.1626 -0.8173 0.5528
vn 0.3189 -0.7699 0.5528
vn 0.4630 -0.6929 0.5528
vn 0.5893 -0.5893 0.5528
vn 0.6929 -0.4630 0.5528
vn 0.7699 -0.3189 0.5528
vn 0.8173 -0.1626 0.5528
vn 0.8333 0.0000 0.5528
vn 0.8173 0.1626 0.5528
vn 0.7699 0.3189 0.5528
vn 0.6929 0.4630 0.5528
vn 0.5893 0.5893 0.5528
vn 0.4630 0.6929 0.5528
vn 0.3189 0.7699 0.5528
vn 0.1626 0.8173 0.5528
vn -0.0000 0.9248 0.3805
vn -0.1804 0.9070 0.3805
vn -0.3539 0.8544 0.3805
vn -0.5138 0.7689 0.3805
vn -0.6539 0.6539 0.3805
vn -0.7689 0.5138 0.3805
vn -0.8544 0.3539 0.3805
vn -0.9070 0.1804 0.3805
vn -0.9248 -0.0000 0.3805
vn -0.9070 -0.1804 0.3805
vn -0.8544 -0.3539 0.3805
vn -0.7689 -0.5138 0.3805
vn -0.6539 -0.6539 0.3805
vn -0.5138 -0.7689 0.3805
vn -0.3539 -0.8544 0.3805
vn -0.1804 -0.9070 0.3805
vn 0.0000 -0.9248 0.3805
vn 0.1804 -0.9070 0.3805
vn 0.3539 -0.8544 0.3805
vn 0.5138 -0.7689 0.3805
vn 0.6539 -0.6539 0.3805
vn 0.7689 -0.5138 0.3805
vn 0.8544 -0.3539 0.3805
vn 0.9070 -0.1804 0.3805
vn 0.9248 0.0000 0.3805
vn 0.9070 0.1804 0.3805
vn 0.8544 0.3539 0.3805
vn 0.7689 0.5138 0.3805
vn 0.6539 0.6539 0.3805
vn 0.5138 0.7689 0.3805
vn 0.3539 0.8544 0.3805
vn 0.1804 0.9070 0.3805
vn -0.0000 0.9810 0.1939
vn -0.1914 0.9622 0.1939
vn -0.3754 0.9063 0.1939
vn -0.5450 0.8157 0.1939
vn -0.6937 0.6937 0.1939
vn -0.8157 0.5450 0.1939
vn -0.9063 0.3754 0.1939
vn -0.9622 0.1914 0.1939
vn -0.9810 0.0000 0.1939
vn -0.9622 -0.1914 0.1939
vn -0.9063 -0.3754 0.1939
vn -0.8157 -0.5450 0.1939
vn -0.6937 -0.6937 0.1939
vn -0.5450 -0.8157 0.1939
vn -0.3754 -0.9063 0.1939
vn -0.1914 -0.9622 0.1939
vn 0.0000 -0.9810 0.1939
vn 0.1914 -0.9622 0.1939
vn 0.3754 -0.9063 0.1939
vn 0.5450 -0.8157 0.1939
vn 0.6937 -0.6937 0.1939
vn 0.8157 -0.5450 0.1939
vn 0.9063 -0.3754 0.1939
vn 0.9622 -0.1914 0.1939
vn 0.9810 0.0000 0.1939
vn 0.9622 0.1914 0.1939
vn 0.9063 0.3754 0.1939
vn 0.8157 0.5450 0.1939
vn 0.6937 0.6937 0.1939
vn 0.5450 0.8157 0.1939
vn 0.3754 0.9063 0.1939
vn 0.1914 0.9622 0.1939
vn -0.0000 0.9952 0.0980
vn -0.1942 0.9761 0.0980
vn -0.3808 0.9194 0.0980
vn -0.5529 0.8275 0.0980
vn -0.7037 0.7037 0.0980
vn -0.8275 0.5529 0.0980
vn -0.9194 0.3808 0.0980
vn -0.9761 0.1942 0.0980
vn -0.9952 -0.0000 0.0980
vn -0.9761 -0.1942 0.0980
vn -0.9194 -0.3808 0.0980
vn -0.8275 -0.5529 0.0980
vn -0.7037 -0.7037 0.0980
vn -0.5529 -0.8275 0.0980
vn -0.3808 -0.9194 0.0980
vn -0.1941 -0.9761 0.0980
vn 0.0000 -0.9952 0.0980
vn 0.1942 -0.9761 0.0980
vn 0.3808 -0.9194 0.0980
vn 0.5529 -0.8275 0.0980
vn 0.7037 -0.7037 0.0980
vn 0.8275 -0.5529 0.0980
vn 0.9194 -0.3808 0.0980
vn 0.9761 -0.1941 0.0980
vn 0.9952 0.0000 0.0980
vn 0.9761 0.1942 0.0980
vn 0.9194 0.3808 0.0980
vn 0.8275 0.5529 0.0980
vn 0.7037 0.7037 0.0980
vn 0.5529 0.8275 0.0980
vn 0.3808 0.9194 0.0980
vn 0.1941 0.9761 0.0980
vn -0.0000 -1.0000 0.0000
vn 0.1951 -0.9808 -0.0000
vn 0.3827 -0.9239 -0.0000
vn 0.5556 -0.8315 -0.0000
vn 0.7071 -0.7071 -0.0000
vn 0.8315 -0.5556 -0.0000
vn 0.9239 -0.3827 -0.0000
vn 0.9808 -0.1951 -0.0000
vn 0.9808 0.1951 -0.0000
vn 0.9239 0.3827 -0.0000
vn 0.8315 0.5556 -0.0000
vn 0.7071 0.7071 -0.0000
vn 0.5556 0.8315 -0.0000
vn 0.3827 0.9239 -0.0000
vn 0.1951 0.9808 -0.0000
vn -0.0000 1.0000 -0.0000
vn -0.1951 0.9808 -0.0000
vn -0.3827 0.9239 -0.0000
vn -0.5556 0.8315 -0.0000
vn -0.7071 0.7071 -0.0000
vn -0.8315 0.5556 -0.0000
vn -0.9239 0.3827 0.0000
vn -0.9808 0.1951 0.0000
vn -0.9808 -0.1951 0.0000
vn -0.9239 -0.3827 0.0000
vn -0.8315 -0.5556 0.0000
vn -0.7071 -0.7071 0.0000
vn -0.5556 -0.8315 -0.0000
vn -0.3827 -0.9239 -0.0000
vn -0.1951 -0.9808 0.0000
vn 0.0162 0.9999 0.0000
vn -0.0158 0.9999 0.0000
vn 0.0061 0.1748 -0.9846
vn 0.0211 0.1737 -0.9846
vn 0.0209 -0.1739 -0.9845
vn 0.0062 -0.1748 -0.9846
vn 0.0011 -0.5026 -0.8645
vn 0.0197 -0.5003 -0.8656
vn 0.1890 -0.4910 -0.8504
vn 0.1890 -0.1705 -0.9671
vn 0.1890 0.1705 -0.9671
vn -0.0065 -0.7682 -0.6402
vn 0.0179 -0.7662 -0.6423
vn 0.1890 -0.7522 -0.6312
vn -0.0132 -0.9404 -0.3399
vn 0.0165 -0.9397 -0.3417
vn 0.1890 -0.9228 -0.3358
vn 0.0167 0.9397 -0.3415
vn -0.0132 0.9404 -0.3399
vn -0.0065 0.7682 -0.6402
vn 0.0184 0.7662 -0.6423
vn 0.1890 0.7522 -0.6312
vn 0.1890 0.9228 -0.3359
vn 0.0011 0.5026 -0.8645
vn 0.0201 0.5002 -0.8657
vn 0.1890 0.4910 -0.8504
vn -0.0462 -0.5048 -0.8620
vn -0.0385 -0.1759 -0.9836
vn -0.0385 0.1759 -0.9836
vn -0.1727 0.1746 -0.9694
vn -0.0385 0.1759 -0.9837
vn -0.0384 -0.1759 -0.9837
vn -0.1727 -0.1746 -0.9694
vn -0.1769 -0.4998 -0.8479
vn -0.1727 -0.1745 -0.9694
vn -0.0385 -0.1759 -0.9837
vn -0.0462 0.5048 -0.8620
vn -0.1769 0.4999 -0.8478
vn -0.0580 0.7692 -0.6364
vn -0.0066 0.7682 -0.6402
vn -0.1833 0.7596 -0.6240
vn -0.0581 0.7692 -0.6364
vn -0.0684 0.9390 -0.3370
vn -0.1890 0.9250 -0.3296
vn -0.0684 -0.9390 -0.3370
vn -0.1890 -0.9250 -0.3296
vn -0.0581 -0.7692 -0.6364
vn -0.0066 -0.7682 -0.6401
vn -0.1833 -0.7596 -0.6240
vn -0.3214 -0.4830 -0.8145
vn -0.3221 -0.1688 -0.9315
vn -0.4666 -0.4519 -0.7603
vn -0.4690 -0.1577 -0.8690
vn -0.3203 0.7337 -0.5992
vn -0.3196 0.8933 -0.3162
vn -0.4599 0.8372 -0.2960
vn -0.4630 0.6871 -0.5600
vn -0.3193 -0.8933 -0.3163
vn -0.4599 -0.8372 -0.2960
vn -0.3201 -0.7339 -0.5991
vn -0.4630 -0.6871 -0.5600
vn -0.6392 -0.3931 -0.6610
vn -0.6416 -0.1371 -0.7547
vn -0.7675 -0.3279 -0.5509
vn -0.7696 -0.1142 -0.6282
vn -0.6355 0.5986 -0.4877
vn -0.6323 0.7305 -0.2581
vn -0.7615 0.6112 -0.2158
vn -0.7643 0.5001 -0.4071
vn -0.6323 -0.7305 -0.2581
vn -0.7615 -0.6112 -0.2158
vn -0.6355 -0.5987 -0.4876
vn -0.7643 -0.5001 -0.4071
vn -0.7696 0.1142 -0.6283
vn -0.8392 -0.0973 -0.5351
vn -0.8392 0.0973 -0.5351
vn -0.9041 0.0765 -0.4203
vn -0.9041 -0.0765 -0.4203
vn -0.9031 -0.2198 -0.3690
vn -0.8375 -0.2795 -0.4695
vn -0.7675 0.3279 -0.5509
vn -0.7696 0.1142 -0.6282
vn -0.8375 0.2795 -0.4695
vn -0.9031 0.2198 -0.3690
vn -0.8349 0.4269 -0.3474
vn -0.9014 0.3359 -0.2732
vn -0.8327 0.5221 -0.1843
vn -0.9000 0.4112 -0.1450
vn -0.8327 -0.5221 -0.1843
vn -0.9000 -0.4112 -0.1450
vn -0.8349 -0.4269 -0.3474
vn -0.9014 -0.3359 -0.2732
vn 0.7165 0.1211 -0.6870
vn 0.7165 -0.1211 -0.6870
vn 0.7165 -0.3488 -0.6041
vn 0.7632 -0.3231 -0.5596
vn 0.7632 -0.1122 -0.6364
vn 0.7632 0.1122 -0.6364
vn 0.7165 -0.5344 -0.4484
vn 0.7632 -0.4950 -0.4154
vn 0.1890 -0.9228 -0.3359
vn 0.7165 -0.6555 -0.2386
vn 0.7632 -0.6072 -0.2210
vn 0.7165 0.6555 -0.2386
vn 0.1890 0.9227 -0.3359
vn 0.7165 0.5344 -0.4484
vn 0.7632 0.4950 -0.4154
vn 0.7632 0.6072 -0.2210
vn 0.7165 0.3488 -0.6041
vn 0.7632 0.3231 -0.5596
vn 0.0460 0.1735 -0.9838
vn 0.0460 -0.1735 -0.9838
vn 0.0460 -0.4995 -0.8651
vn -0.5641 -0.4129 -0.7151
vn -0.5641 -0.1434 -0.8132
vn -0.5641 0.1434 -0.8132
vn 0.0460 -0.7652 -0.6421
vn -0.5641 -0.6326 -0.5308
vn 0.0460 -0.9387 -0.3417
vn -0.5641 -0.7759 -0.2824
vn 0.0460 0.9387 -0.3417
vn 0.0460 0.7652 -0.6421
vn -0.5641 0.6326 -0.5308
vn -0.5641 0.7759 -0.2824
vn 0.0460 0.4995 -0.8651
vn -0.5641 0.4129 -0.7151
vn -0.8053 0.1030 -0.5839
vn -0.8053 -0.1030 -0.5839
vn -0.8053 -0.2965 -0.5135
vn -0.6894 -0.3622 -0.6274
vn -0.6894 -0.1258 -0.7134
vn -0.6894 0.1258 -0.7134
vn -0.8053 -0.4542 -0.3811
vn -0.6894 -0.5549 -0.4656
vn -0.8053 -0.5571 -0.2028
vn -0.6894 -0.6807 -0.2478
vn -0.8053 0.5571 -0.2028
vn -0.8053 0.4542 -0.3811
vn -0.6894 0.5549 -0.4656
vn -0.6894 0.6807 -0.2478
vn -0.8053 0.2965 -0.5135
vn -0.6894 0.3622 -0.6274
vn -0.3921 0.1597 -0.9059
vn -0.3921 -0.1597 -0.9059
vn -0.3921 -0.4600 -0.7967
vn -0.1329 -0.4956 -0.8583
vn -0.1329 -0.1721 -0.9761
vn -0.1329 0.1721 -0.9761
vn -0.3921 -0.7047 -0.5913
vn -0.1329 -0.7592 -0.6371
vn -0.3921 -0.8644 -0.3146
vn -0.1329 -0.9314 -0.3390
vn -0.3921 0.8644 -0.3146
vn -0.3921 0.7047 -0.5913
vn -0.1329 0.7592 -0.6371
vn -0.1329 0.9314 -0.3390
vn -0.3921 0.4600 -0.7967
vn -0.1329 0.4956 -0.8583
vn 0.0414 0.1735 -0.9840
vn 0.0414 -0.1735 -0.9840
vn 0.0414 -0.4996 -0.8653
vn 0.4126 -0.4554 -0.7889
vn 0.4126 -0.1582 -0.8971
vn 0.4126 0.1582 -0.8971
vn 0.0414 -0.7654 -0.6422
vn 0.4126 -0.6978 -0.5855
vn 0.0414 -0.9389 -0.3417
vn 0.4126 -0.8560 -0.3115
vn 0.0414 0.9389 -0.3417
vn 0.0414 0.7654 -0.6422
vn 0.4126 0.6978 -0.5855
vn 0.4126 0.8560 -0.3115
vn 0.0414 0.4996 -0.8653
vn 0.4126 0.4554 -0.7889
vn 0.8908 0.0789 -0.4475
vn 0.8908 -0.0789 -0.4475
vn 0.8908 -0.2272 -0.3935
vn 0.8908 -0.3481 -0.2921
vn 0.8908 -0.4270 -0.1554
vn 0.8908 0.4270 -0.1554
vn 0.8908 0.3481 -0.2921
vn 0.8908 0.2272 -0.3935
vn 0.0000 0.4714 -0.8819
vn -0.0920 0.4623 -0.8819
vn -0.1092 0.5490 -0.8286
vn 0.0000 0.5598 -0.8286
vn -0.1804 0.4355 -0.8819
vn -0.2142 0.5172 -0.8286
vn -0.2619 0.3920 -0.8819
vn -0.3110 0.4654 -0.8286
vn -0.3333 0.3333 -0.8819
vn -0.3958 0.3958 -0.8286
vn -0.3919 0.2619 -0.8819
vn -0.4654 0.3110 -0.8286
vn -0.4355 0.1804 -0.8819
vn -0.5172 0.2142 -0.8286
vn -0.4623 0.0920 -0.8819
vn -0.5490 0.1092 -0.8286
vn -0.4714 0.0000 -0.8819
vn -0.5598 -0.0000 -0.8286
vn -0.4623 -0.0920 -0.8819
vn -0.5490 -0.1092 -0.8286
vn -0.4355 -0.1804 -0.8819
vn -0.5172 -0.2142 -0.8286
vn -0.3920 -0.2619 -0.8819
vn -0.4654 -0.3110 -0.8286
vn -0.3333 -0.3333 -0.8819
vn -0.3958 -0.3958 -0.8286
vn -0.2619 -0.3920 -0.8819
vn -0.3110 -0.4654 -0.8286
vn -0.1804 -0.4355 -0.8819
vn -0.2142 -0.5172 -0.8286
vn -0.0920 -0.4623 -0.8819
vn -0.1092 -0.5490 -0.8286
vn 0.0000 -0.4714 -0.8819
vn -0.0000 -0.5598 -0.8286
vn 0.0920 -0.4623 -0.8819
vn 0.1092 -0.5490 -0.8286
vn 0.1804 -0.4355 -0.8819
vn 0.2142 -0.5172 -0.8286
vn 0.2619 -0.3920 -0.8819
vn 0.3110 -0.4654 -0.8286
vn 0.3333 -0.3333 -0.8819
vn 0.3958 -0.3958 -0.8286
vn 0.3920 -0.2619 -0.8819
vn 0.4654 -0.3110 -0.8286
vn 0.4355 -0.1804 -0.8819
vn 0.5172 -0.2142 -0.8286
vn 0.4623 -0.0920 -0.8819
vn 0.5490 -0.1092 -0.8286
vn 0.4714 0.0000 -0.8819
vn 0.5598 0.0000 -0.8286
vn 0.4623 0.0920 -0.8819
vn 0.5490 0.1092 -0.8286
vn 0.4355 0.1804 -0.8819
vn 0.5172 0.2142 -0.8286
vn 0.3919 0.2619 -0.8819
vn 0.4654 0.3110 -0.8286
vn 0.3333 0.3333 -0.8819
vn 0.3958 0.3958 -0.8286
vn 0.2619 0.3920 -0.8819
vn 0.3110 0.4654 -0.8286
vn 0.1804 0.4355 -0.8819
vn 0.2142 0.5172 -0.8286
vn 0.0920 0.4623 -0.8819
vn 0.1092 0.5490 -0.8286
vn -0.1385 0.6965 -0.7041
vn 0.0000 0.7101 -0.7041
vn -0.2718 0.6561 -0.7041
vn -0.3945 0.5905 -0.7041
vn -0.5021 0.5021 -0.7041
vn -0.5905 0.3945 -0.7041
vn -0.6561 0.2718 -0.7041
vn -0.6965 0.1385 -0.7041
vn -0.7101 -0.0000 -0.7041
vn -0.6965 -0.1385 -0.7041
vn -0.6561 -0.2718 -0.7041
vn -0.5905 -0.3945 -0.7041
vn -0.5021 -0.5021 -0.7041
vn -0.3945 -0.5905 -0.7041
vn -0.2718 -0.6561 -0.7041
vn -0.1385 -0.6965 -0.7041
vn 0.0000 -0.7101 -0.7041
vn 0.1385 -0.6965 -0.7041
vn 0.2718 -0.6561 -0.7041
vn 0.3945 -0.5905 -0.7041
vn 0.5021 -0.5021 -0.7041
vn 0.5905 -0.3945 -0.7041
vn 0.6561 -0.2718 -0.7041
vn 0.6965 -0.1385 -0.7041
vn 0.7101 0.0000 -0.7041
vn 0.6965 0.1385 -0.7041
vn 0.6561 0.2718 -0.7041
vn 0.5905 0.3945 -0.7041
vn 0.5021 0.5021 -0.7041
vn 0.3945 0.5905 -0.7041
vn 0.2718 0.6561 -0.7041
vn 0.1385 0.6965 -0.7041
vn -0.1626 0.8173 -0.5528
vn 0.0000 0.8333 -0.5528
vn -0.3189 0.7699 -0.5528
vn -0.4630 0.6929 -0.5528
vn -0.5893 0.5893 -0.5528
vn -0.6929 0.4630 -0.5528
vn -0.7699 0.3189 -0.5528
vn -0.8173 0.1626 -0.5528
vn -0.8333 0.0000 -0.5528
vn -0.8173 -0.1626 -0.5528
vn -0.7699 -0.3189 -0.5528
vn -0.6929 -0.4630 -0.5528
vn -0.5893 -0.5893 -0.5528
vn -0.4630 -0.6929 -0.5528
vn -0.3189 -0.7699 -0.5528
vn -0.1626 -0.8173 -0.5528
vn 0.0000 -0.8333 -0.5528
vn 0.1626 -0.8173 -0.5528
vn 0.3189 -0.7699 -0.5528
vn 0.4630 -0.6929 -0.5528
vn 0.5893 -0.5893 -0.5528
vn 0.6929 -0.4630 -0.5528
vn 0.7699 -0.3189 -0.5528
vn 0.8173 -0.1626 -0.5528
vn 0.8333 0.0000 -0.5528
vn 0.8173 0.1626 -0.5528
vn 0.7699 0.3189 -0.5528
vn 0.6929 0.4630 -0.5528
vn 0.5893 0.5893 -0.5528
vn 0.4630 0.6929 -0.5528
vn 0.3189 0.7699 -0.5528
vn 0.1626 0.8173 -0.5528
vn -0.1804 0.9070 -0.3805
vn -0.0000 0.9248 -0.3805
vn -0.3539 0.8544 -0.3805
vn -0.5138 0.7689 -0.3805
vn -0.6539 0.6539 -0.3805
vn -0.7689 0.5138 -0.3805
vn -0.8544 0.3539 -0.3805
vn -0.9070 0.1804 -0.3805
vn -0.9248 0.0000 -0.3805
vn -0.9070 -0.1804 -0.3805
vn -0.8544 -0.3539 -0.3805
vn -0.7689 -0.5138 -0.3805
vn -0.6539 -0.6539 -0.3805
vn -0.5138 -0.7689 -0.3805
vn -0.3539 -0.8544 -0.3805
vn -0.1804 -0.9070 -0.3805
vn 0.0000 -0.9248 -0.3805
vn 0.1804 -0.9070 -0.3805
vn 0.3539 -0.8544 -0.3805
vn 0.5138 -0.7689 -0.3805
vn 0.6539 -0.6539 -0.3805
vn 0.7689 -0.5138 -0.3805
vn 0.8544 -0.3539 -0.3805
vn 0.9070 -0.1804 -0.3805
vn 0.9248 0.0000 -0.3805
vn 0.9070 0.1804 -0.3805
vn 0.8544 0.3539 -0.3805
vn 0.7689 0.5138 -0.3805
vn 0.6539 0.6539 -0.3805
vn 0.5138 0.7689 -0.3805
vn 0.3539 0.8544 -0.3805
vn 0.1804 0.9070 -0.3805
vn -0.1914 0.9622 -0.1939
vn -0.0000 0.9810 -0.1939
vn -0.3754 0.9063 -0.1939
vn -0.5450 0.8157 -0.1939
vn -0.6937 0.6937 -0.1939
vn -0.8157 0.5450 -0.1939
vn -0.9063 0.3754 -0.1939
vn -0.9622 0.1914 -0.1939
vn -0.9810 -0.0000 -0.1939
vn -0.9622 -0.1914 -0.1939
vn -0.9063 -0.3754 -0.1939
vn -0.8157 -0.5450 -0.1939
vn -0.6937 -0.6937 -0.1939
vn -0.5450 -0.8157 -0.1939
vn -0.3754 -0.9063 -0.1939
vn -0.1914 -0.9622 -0.1939
vn 0.0000 -0.9810 -0.1939
vn 0.1914 -0.9622 -0.1939
vn 0.3754 -0.9063 -0.1939
vn 0.5450 -0.8157 -0.1939
vn 0.6937 -0.6937 -0.1939
vn 0.8157 -0.5450 -0.1939
vn 0.9063 -0.3754 -0.1939
vn 0.9622 -0.1914 -0.1939
vn 0.9810 0.0000 -0.1939
vn 0.9622 0.1914 -0.1939
vn 0.9063 0.3754 -0.1939
vn 0.8157 0.5450 -0.1939
vn 0.6937 0.6937 -0.1939
vn 0.5450 0.8157 -0.1939
vn 0.3754 0.9063 -0.1939
vn 0.1914 0.9622 -0.1939
vn -0.1942 0.9761 -0.0980
vn -0.0000 0.9952 -0.0980
vn -0.3808 0.9194 -0.0980
vn -0.5529 0.8275 -0.0980
vn -0.7037 0.7037 -0.0980
vn -0.8275 0.5529 -0.0980
vn -0.9194 0.3808 -0.0980
vn -0.9761 0.1941 -0.0980
vn -0.9952 -0.0000 -0.0980
vn -0.9761 -0.1942 -0.0980
vn -0.9194 -0.3808 -0.0980
vn -0.8275 -0.5529 -0.0980
vn -0.7037 -0.7037 -0.0980
vn -0.5529 -0.8275 -0.0980
vn -0.3808 -0.9194 -0.0980
vn -0.1942 -0.9761 -0.0980
vn 0.0000 -0.9952 -0.0980
vn 0.1942 -0.9761 -0.0980
vn 0.3808 -0.9194 -0.0980
vn 0.5529 -0.8275 -0.0980
vn 0.7037 -0.7037 -0.0980
vn 0.8275 -0.5529 -0.0980
vn 0.9194 -0.3808 -0.0980
vn 0.9761 -0.1941 -0.0980
vn 0.9952 0.0000 -0.0980
vn 0.9761 0.1942 -0.0980
vn 0.9194 0.3808 -0.0980
vn 0.8275 0.5529 -0.0980
vn 0.7037 0.7037 -0.0980
vn 0.5529 0.8275 -0.0980
vn 0.3808 0.9194 -0.0980
vn 0.1941 0.9761 -0.0980
usemtl 02_-_Default
s 1
f 1/1/1 2/2/2 3/3/3
f 4/4/4 2/2/2 1/1/1
f 5/5/5 2/2/2 4/4/4
f 6/6/6 2/2/2 5/5/5
f 7/7/7 2/2/2 6/6/6
f 8/8/8 2/2/2 9/9/9
f 10/10/10 2/2/2 8/8/8
f 11/11/11 2/2/2 10/10/10
f 3/3/3 2/2/2 11/11/11
f 12/12/12 13/13/13 14/14/14
f 15/15/13 16/16/15 17/17/14
f 16/16/15 18/18/16 17/17/14
f 18/18/16 19/19/17 17/17/14
f 19/19/17 20/20/18 17/17/14
f 21/21/19 22/22/20 14/14/14
f 22/22/20 23/23/21 14/14/14
f 23/23/21 24/24/22 14/14/14
f 24/24/22 12/12/12 14/14/14
f 25/25/23 26/26/24 27/27/24
f 28/28/23 27/27/25 29/29/25
f 30/30/23 29/29/26 31/31/26
f 32/32/23 31/31/27 33/33/27
f 34/34/23 33/33/28 35/35/28
f 36/36/23 35/35/29 37/37/30
f 38/38/23 37/37/31 39/39/31
f 40/40/23 39/39/32 41/41/32
f 42/42/23 41/41/33 43/43/33
f 44/44/23 43/43/34 45/45/34
f 46/46/23 45/45/35 47/47/36
f 48/48/23 47/47/37 49/49/38
f 50/50/23 49/49/39 51/51/39
f 52/52/23 51/51/40 53/53/40
f 54/54/23 53/53/41 55/55/41
f 56/56/23 55/55/42 57/57/42
f 58/58/23 57/57/43 59/59/43
f 60/60/23 59/59/44 61/61/44
f 62/62/23 61/61/45 63/63/45
f 64/64/23 63/63/46 65/65/46
f 66/66/23 65/65/47 67/67/47
f 68/68/23 67/67/48 69/69/48
f 70/70/23 69/69/49 71/71/49
f 72/72/23 71/71/50 73/73/50
f 74/74/23 73/73/51 75/75/51
f 76/76/23 75/75/52 77/77/52
f 78/78/23 77/77/53 79/79/53
f 80/80/23 79/79/54 81/81/54
f 82/82/23 81/81/55 83/83/55
f 84/84/23 83/83/56 85/85/56
f 86/86/23 85/85/57 87/87/57
f 88/88/23 87/87/58 89/89/58
f 90/90/59 91/91/60 2/2/2
f 92/92/61 90/90/59 2/2/2
f 93/93/62 92/92/61 2/2/2
f 94/94/63 93/93/62 2/2/2
f 7/7/7 94/94/63 2/2/2
f 95/95/64 9/9/9 2/2/2
f 96/96/65 95/95/64 2/2/2
f 97/97/66 96/96/65 2/2/2
f 91/91/60 97/97/66 2/2/2
f 98/98/67 14/14/14 99/99/68
f 100/100/68 17/17/14 101/101/69
f 101/101/69 17/17/14 102/102/70
f 102/102/70 17/17/14 103/103/71
f 103/103/71 17/17/14 20/20/18
f 21/21/19 14/14/14 104/104/72
f 104/104/72 14/14/14 105/105/73
f 105/105/73 14/14/14 106/106/74
f 106/106/74 14/14/14 98/98/67
f 107/107/75 108/108/76 109/109/76
f 110/110/75 111/111/77 108/108/77
f 112/112/75 113/113/78 111/111/78
f 114/114/75 115/115/79 113/113/80
f 116/116/75 117/117/81 115/115/81
f 118/118/75 119/119/82 117/117/82
f 120/120/75 121/121/83 119/119/83
f 122/122/75 123/123/84 121/121/84
f 124/124/75 125/125/85 123/123/86
f 126/126/75 127/127/87 125/125/87
f 128/128/75 129/129/88 127/127/88
f 130/130/75 131/131/89 129/129/89
f 132/132/75 133/133/90 131/131/90
f 134/134/75 135/135/91 133/133/92
f 136/136/75 137/137/93 135/135/94
f 138/138/75 139/139/95 137/137/95
f 140/140/75 141/141/96 139/139/97
f 142/142/75 143/143/98 141/141/98
f 144/144/75 145/145/99 143/143/99
f 146/146/75 147/147/100 145/145/100
f 148/148/75 149/149/101 147/147/101
f 150/150/75 151/151/102 149/149/102
f 152/152/75 153/153/103 151/151/104
f 154/154/75 155/155/105 153/153/105
f 156/156/75 157/157/106 155/155/106
f 158/158/75 159/159/107 157/157/107
f 160/160/75 161/161/108 159/159/108
f 162/162/75 163/163/109 161/161/109
f 164/164/75 165/165/110 163/163/110
f 166/166/75 167/167/111 165/165/112
f 168/168/75 169/169/113 167/167/113
f 170/170/75 171/171/114 169/169/114
f 172/172/115 173/173/116 174/174/117
f 172/172/115 174/174/117 175/175/118
f 176/176/119 177/177/120 172/172/115
f 176/176/119 172/172/115 175/175/118
f 172/172/115 177/177/120 178/178/121
f 172/172/115 178/178/121 179/179/122
f 180/180/123 173/173/116 172/172/115
f 180/180/123 172/172/115 179/179/122
f 181/181/124 182/182/125 177/177/120
f 181/181/124 177/177/120 176/176/119
f 177/177/120 182/182/125 183/183/126
f 177/177/120 183/183/126 178/178/121
f 184/184/127 185/185/128 182/182/125
f 184/184/127 182/182/125 181/181/124
f 182/182/125 185/185/128 186/186/129
f 182/182/125 186/186/129 183/183/126
f 187/187/130 188/188/131 185/185/128
f 187/187/130 185/185/128 184/184/127
f 185/185/128 188/188/131 189/189/132
f 185/185/128 189/189/132 186/186/129
f 190/190/133 191/191/134 192/192/135
f 190/190/133 192/192/135 193/193/136
f 194/194/137 195/195/138 196/196/133
f 194/194/137 196/196/133 197/197/136
f 196/196/133 195/195/138 198/198/139
f 196/196/133 198/198/139 199/199/140
f 200/200/141 201/201/142 195/195/138
f 200/200/141 195/195/138 194/194/137
f 195/195/138 201/201/142 202/202/143
f 195/195/138 202/202/143 198/198/139
f 174/174/117 173/173/116 201/201/142
f 174/174/117 201/201/142 200/200/141
f 201/201/142 173/173/116 180/180/123
f 201/201/142 180/180/123 202/202/143
f 203/203/144 204/204/145 205/205/119
f 203/203/144 205/205/119 206/206/118
f 207/207/146 208/208/147 203/203/144
f 207/207/146 203/203/144 206/206/118
f 209/209/148 210/210/149 211/211/150
f 209/209/148 211/211/150 212/212/151
f 213/213/152 214/214/145 215/215/148
f 213/213/152 215/215/148 216/216/153
f 217/217/154 208/208/147 207/207/146
f 217/217/154 207/207/146 218/218/141
f 210/210/149 219/219/154 220/220/155
f 210/210/149 220/220/155 211/211/150
f 221/221/156 217/217/154 218/218/141
f 221/221/156 218/218/141 222/222/157
f 219/219/154 223/223/158 224/224/159
f 219/219/154 224/224/159 220/220/155
f 225/225/160 221/221/156 222/222/157
f 225/225/160 222/222/157 226/226/136
f 223/223/158 227/227/160 228/228/161
f 223/223/158 228/228/161 224/224/159
f 227/227/160 229/229/162 230/230/163
f 227/227/160 230/230/163 228/228/161
f 231/231/164 232/232/165 233/233/166
f 231/231/164 233/233/166 234/234/127
f 235/235/165 236/236/164 237/237/167
f 235/235/165 237/237/167 238/238/168
f 239/239/169 231/231/164 234/234/127
f 239/239/169 234/234/127 240/240/124
f 236/236/164 241/241/169 242/242/170
f 236/236/164 242/242/170 237/237/167
f 204/204/145 239/239/169 240/240/124
f 204/204/145 240/240/124 205/205/119
f 241/241/169 214/214/145 213/213/152
f 241/241/169 213/213/152 242/242/170
f 243/243/171 244/244/172 213/213/152
f 243/243/171 213/213/152 216/216/153
f 245/245/173 244/244/172 243/243/171
f 245/245/173 243/243/171 246/246/174
f 228/228/161 247/247/175 248/248/176
f 228/228/161 248/248/176 224/224/159
f 248/248/176 247/247/175 249/249/177
f 248/248/176 249/249/177 250/250/178
f 247/247/175 251/251/179 252/252/180
f 247/247/175 252/252/180 249/249/177
f 237/237/167 253/253/181 254/254/182
f 237/237/167 254/254/182 238/238/168
f 254/254/182 253/253/181 255/255/183
f 254/254/182 255/255/183 256/256/184
f 242/242/170 257/257/185 253/253/181
f 242/242/170 253/253/181 237/237/167
f 253/253/181 257/257/185 258/258/186
f 253/253/181 258/258/186 255/255/183
f 213/213/152 244/244/172 257/257/185
f 213/213/152 257/257/185 242/242/170
f 257/257/185 244/244/172 245/245/173
f 257/257/185 245/245/173 258/258/186
f 259/259/187 260/260/188 245/245/173
f 259/259/187 245/245/173 246/246/174
f 261/261/189 260/260/188 259/259/187
f 261/261/189 259/259/187 262/262/190
f 249/249/177 263/263/191 264/264/192
f 249/249/177 264/264/192 250/250/178
f 264/264/192 263/263/191 265/265/193
f 264/264/192 265/265/193 266/266/194
f 265/265/193 263/263/191 267/267/195
f 265/265/193 267/267/195 268/268/196
f 255/255/183 269/269/197 270/270/198
f 255/255/183 270/270/198 256/256/184
f 270/270/198 269/269/197 271/271/199
f 270/270/198 271/271/199 272/272/200
f 258/258/186 273/273/201 269/269/197
f 258/258/186 269/269/197 255/255/183
f 269/269/197 273/273/201 274/274/202
f 269/269/197 274/274/202 271/271/199
f 245/245/173 260/260/188 273/273/201
f 245/245/173 273/273/201 258/258/186
f 273/273/201 260/260/188 261/261/189
f 273/273/201 261/261/189 274/274/202
f 275/275/203 276/276/204 277/277/205
f 275/275/203 277/277/205 262/262/190
f 277/277/205 276/276/204 278/278/206
f 277/277/205 278/278/206 279/279/207
f 280/280/208 281/281/209 277/277/205
f 280/280/208 277/277/205 279/279/207
f 277/277/205 281/281/209 261/261/189
f 277/277/205 261/261/189 262/262/190
f 282/282/210 283/283/211 284/284/204
f 282/282/210 284/284/204 285/285/212
f 284/284/204 283/283/211 286/286/213
f 284/284/204 286/286/213 287/287/206
f 266/266/194 288/288/214 283/283/211
f 266/266/194 283/283/211 282/282/210
f 283/283/211 288/288/214 289/289/215
f 283/283/211 289/289/215 286/286/213
f 265/265/193 290/290/216 288/288/214
f 265/265/193 288/288/214 266/266/194
f 288/288/214 290/290/216 291/291/217
f 288/288/214 291/291/217 289/289/215
f 290/290/216 292/292/218 293/293/219
f 290/290/216 293/293/219 291/291/217
f 271/271/199 294/294/220 295/295/221
f 271/271/199 295/295/221 272/272/200
f 295/295/221 294/294/220 296/296/222
f 295/295/221 296/296/222 297/297/223
f 274/274/202 298/298/224 294/294/220
f 274/274/202 294/294/220 271/271/199
f 294/294/220 298/298/224 299/299/225
f 294/294/220 299/299/225 296/296/222
f 261/261/189 281/281/209 298/298/224
f 261/261/189 298/298/224 274/274/202
f 298/298/224 281/281/209 280/280/208
f 298/298/224 280/280/208 299/299/225
f 278/278/206 13/13/13 12/12/12
f 278/278/206 12/12/12 279/279/207
f 12/12/12 24/24/22 280/280/208
f 12/12/12 280/280/208 279/279/207
f 286/286/213 16/16/15 15/15/13
f 286/286/213 15/15/13 287/287/206
f 289/289/215 18/18/16 16/16/15
f 289/289/215 16/16/15 286/286/213
f 291/291/217 19/19/17 18/18/16
f 291/291/217 18/18/16 289/289/215
f 293/293/219 20/20/18 19/19/17
f 293/293/219 19/19/17 291/291/217
f 296/296/222 22/22/20 21/21/19
f 296/296/222 21/21/19 297/297/223
f 299/299/225 23/23/21 22/22/20
f 299/299/225 22/22/20 296/296/222
f 280/280/208 24/24/22 23/23/21
f 280/280/208 23/23/21 299/299/225
f 300/300/226 301/301/227 302/302/228
f 300/300/226 302/302/228 303/303/122
f 304/304/121 305/305/229 300/300/226
f 304/304/121 300/300/226 303/303/122
f 300/300/226 305/305/229 306/306/230
f 300/300/226 306/306/230 307/307/231
f 308/308/232 301/301/227 300/300/226
f 308/308/232 300/300/226 307/307/231
f 309/309/126 310/310/233 305/305/229
f 309/309/126 305/305/229 304/304/121
f 305/305/229 310/310/233 311/311/234
f 305/305/229 311/311/234 306/306/230
f 312/312/235 313/313/236 310/310/233
f 312/312/235 310/310/233 309/309/126
f 310/310/233 313/313/236 314/314/237
f 310/310/233 314/314/237 311/311/234
f 315/315/132 316/316/238 313/313/236
f 315/315/132 313/313/236 312/312/235
f 313/313/236 316/316/238 317/317/239
f 313/313/236 317/317/239 314/314/237
f 318/318/240 319/319/241 320/320/242
f 318/318/240 320/320/242 321/321/243
f 322/322/139 323/323/244 318/318/240
f 322/322/139 318/318/240 321/321/243
f 318/318/240 323/323/244 324/324/245
f 318/318/240 324/324/245 325/325/246
f 326/326/143 327/327/247 323/323/244
f 326/326/143 323/323/244 322/322/139
f 323/323/244 327/327/247 328/328/248
f 323/323/244 328/328/248 324/324/245
f 302/302/228 301/301/227 327/327/247
f 302/302/228 327/327/247 326/326/143
f 327/327/247 301/301/227 308/308/232
f 327/327/247 308/308/232 328/328/248
f 329/329/249 330/330/250 308/308/232
f 329/329/249 308/308/232 307/307/231
f 306/306/230 331/331/251 329/329/249
f 306/306/230 329/329/249 307/307/231
f 329/329/249 331/331/251 332/332/252
f 329/329/249 332/332/252 333/333/253
f 334/334/254 330/330/250 329/329/249
f 334/334/254 329/329/249 333/333/253
f 311/311/234 335/335/255 331/331/251
f 311/311/234 331/331/251 306/306/230
f 331/331/251 335/335/255 336/336/256
f 331/331/251 336/336/256 332/332/252
f 314/314/237 337/337/257 335/335/255
f 314/314/237 335/335/255 311/311/234
f 335/335/255 337/337/257 338/338/258
f 335/335/255 338/338/258 336/336/256
f 317/317/239 339/339/259 337/337/257
f 317/317/239 337/337/257 314/314/237
f 337/337/257 339/339/259 340/340/260
f 337/337/257 340/340/260 338/338/258
f 341/341/261 342/342/262 343/343/263
f 341/341/261 343/343/263 325/325/246
f 324/324/245 344/344/264 341/341/261
f 324/324/245 341/341/261 325/325/246
f 341/341/261 344/344/264 345/345/265
f 341/341/261 345/345/265 346/346/266
f 328/328/248 347/347/267 344/344/264
f 328/328/248 344/344/264 324/324/245
f 344/344/264 347/347/267 348/348/268
f 344/344/264 348/348/268 345/345/265
f 308/308/232 330/330/250 347/347/267
f 308/308/232 347/347/267 328/328/248
f 347/347/267 330/330/250 334/334/254
f 347/347/267 334/334/254 348/348/268
f 349/349/269 350/350/270 334/334/254
f 349/349/269 334/334/254 333/333/253
f 332/332/252 351/351/271 349/349/269
f 332/332/252 349/349/269 333/333/253
f 349/349/269 351/351/271 352/352/272
f 349/349/269 352/352/272 353/353/273
f 354/354/274 350/350/270 349/349/269
f 354/354/274 349/349/269 353/353/273
f 336/336/256 355/355/275 351/351/271
f 336/336/256 351/351/271 332/332/252
f 351/351/271 355/355/275 356/356/276
f 351/351/271 356/356/276 352/352/272
f 338/338/258 357/357/277 355/355/275
f 338/338/258 355/355/275 336/336/256
f 355/355/275 357/357/277 358/358/278
f 355/355/275 358/358/278 356/356/276
f 340/340/260 359/359/279 357/357/277
f 340/340/260 357/357/277 338/338/258
f 357/357/277 359/359/279 360/360/280
f 357/357/277 360/360/280 358/358/278
f 361/361/281 362/362/282 363/363/283
f 361/361/281 363/363/283 346/346/266
f 345/345/265 364/364/284 361/361/281
f 345/345/265 361/361/281 346/346/266
f 361/361/281 364/364/284 365/365/285
f 361/361/281 365/365/285 366/366/286
f 348/348/268 367/367/287 364/364/284
f 348/348/268 364/364/284 345/345/265
f 364/364/284 367/367/287 368/368/288
f 364/364/284 368/368/288 365/365/285
f 334/334/254 350/350/270 367/367/287
f 334/334/254 367/367/287 348/348/268
f 367/367/287 350/350/270 354/354/274
f 367/367/287 354/354/274 368/368/288
f 369/369/289 370/370/290 354/354/274
f 369/369/289 354/354/274 353/353/273
f 352/352/272 371/371/291 369/369/289
f 352/352/272 369/369/289 353/353/273
f 369/369/289 371/371/291 372/372/292
f 369/369/289 372/372/292 373/373/293
f 374/374/294 370/370/290 369/369/289
f 374/374/294 369/369/289 373/373/293
f 356/356/276 375/375/295 371/371/291
f 356/356/276 371/371/291 352/352/272
f 371/371/291 375/375/295 376/376/296
f 371/371/291 376/376/296 372/372/292
f 358/358/278 377/377/297 375/375/295
f 358/358/278 375/375/295 356/356/276
f 375/375/295 377/377/297 378/378/298
f 375/375/295 378/378/298 376/376/296
f 360/360/280 379/379/299 377/377/297
f 360/360/280 377/377/297 358/358/278
f 377/377/297 379/379/299 380/380/300
f 377/377/297 380/380/300 378/378/298
f 381/381/301 382/382/302 383/383/303
f 381/381/301 383/383/303 366/366/286
f 365/365/285 384/384/304 381/381/301
f 365/365/285 381/381/301 366/366/286
f 381/381/301 384/384/304 385/385/305
f 381/381/301 385/385/305 386/386/306
f 368/368/288 387/387/307 384/384/304
f 368/368/288 384/384/304 365/365/285
f 384/384/304 387/387/307 388/388/308
f 384/384/304 388/388/308 385/385/305
f 354/354/274 370/370/290 387/387/307
f 354/354/274 387/387/307 368/368/288
f 387/387/307 370/370/290 374/374/294
f 387/387/307 374/374/294 388/388/308
f 389/389/309 390/390/310 374/374/294
f 389/389/309 374/374/294 373/373/293
f 372/372/292 391/391/311 389/389/309
f 372/372/292 389/389/309 373/373/293
f 389/389/309 391/391/311 392/392/312
f 389/389/309 392/392/312 393/393/313
f 394/394/314 390/390/310 389/389/309
f 394/394/314 389/389/309 393/393/313
f 376/376/296 395/395/315 391/391/311
f 376/376/296 391/391/311 372/372/292
f 391/391/311 395/395/315 396/396/316
f 391/391/311 396/396/316 392/392/312
f 378/378/298 397/397/317 395/395/315
f 378/378/298 395/395/315 376/376/296
f 395/395/315 397/397/317 398/398/318
f 395/395/315 398/398/318 396/396/316
f 380/380/300 399/399/319 397/397/317
f 380/380/300 397/397/317 378/378/298
f 397/397/317 399/399/319 400/400/320
f 397/397/317 400/400/320 398/398/318
f 401/401/321 402/402/322 403/403/323
f 401/401/321 403/403/323 386/386/306
f 385/385/305 404/404/324 401/401/321
f 385/385/305 401/401/321 386/386/306
f 401/401/321 404/404/324 405/405/325
f 401/401/321 405/405/325 406/406/326
f 388/388/308 407/407/327 404/404/324
f 388/388/308 404/404/324 385/385/305
f 404/404/324 407/407/327 408/408/328
f 404/404/324 408/408/328 405/405/325
f 374/374/294 390/390/310 407/407/327
f 374/374/294 407/407/327 388/388/308
f 407/407/327 390/390/310 394/394/314
f 407/407/327 394/394/314 408/408/328
f 409/409/329 410/410/330 394/394/314
f 409/409/329 394/394/314 393/393/313
f 392/392/312 411/411/331 409/409/329
f 392/392/312 409/409/329 393/393/313
f 1/1/1 409/409/329 411/411/331
f 1/1/1 411/411/331 4/4/4
f 3/3/3 410/410/330 409/409/329
f 3/3/3 409/409/329 1/1/1
f 396/396/316 412/412/332 411/411/331
f 396/396/316 411/411/331 392/392/312
f 4/4/4 411/411/331 412/412/332
f 4/4/4 412/412/332 5/5/5
f 398/398/318 413/413/333 412/412/332
f 398/398/318 412/412/332 396/396/316
f 5/5/5 412/412/332 413/413/333
f 5/5/5 413/413/333 6/6/6
f 400/400/320 414/414/334 413/413/333
f 400/400/320 413/413/333 398/398/318
f 6/6/6 413/413/333 414/414/334
f 6/6/6 414/414/334 7/7/7
f 415/415/335 416/416/336 417/417/337
f 415/415/335 417/417/337 406/406/326
f 405/405/325 418/418/338 415/415/335
f 405/405/325 415/415/335 406/406/326
f 8/8/8 415/415/335 418/418/338
f 8/8/8 418/418/338 10/10/10
f 408/408/328 419/419/339 418/418/338
f 408/408/328 418/418/338 405/405/325
f 10/10/10 418/418/338 419/419/339
f 10/10/10 419/419/339 11/11/11
f 394/394/314 410/410/330 419/419/339
f 394/394/314 419/419/339 408/408/328
f 11/11/11 419/419/339 410/410/330
f 11/11/11 410/410/330 3/3/3
f 420/420/340 421/421/341 422/422/342
f 420/420/340 422/422/342 423/423/343
f 423/423/343 422/422/342 424/424/344
f 423/423/343 424/424/344 425/425/345
f 425/425/345 424/424/344 426/426/346
f 425/425/345 426/426/346 427/427/347
f 427/427/347 426/426/346 428/428/348
f 427/427/347 428/428/348 429/429/349
f 429/429/349 428/428/348 430/430/350
f 429/429/349 430/430/350 431/431/351
f 431/431/351 430/430/350 432/432/352
f 431/431/351 432/432/352 433/433/353
f 433/433/353 432/432/352 434/434/354
f 433/433/353 434/434/354 435/435/355
f 435/435/355 434/434/354 436/436/356
f 435/435/355 436/436/356 437/437/357
f 437/437/357 436/436/356 438/438/358
f 437/437/357 438/438/358 439/439/359
f 439/439/359 438/438/358 440/440/360
f 439/439/359 440/440/360 441/441/361
f 441/441/361 440/440/360 442/442/362
f 441/441/361 442/442/362 443/443/363
f 443/443/363 442/442/362 444/444/364
f 443/443/363 444/444/364 445/445/365
f 445/445/365 444/444/364 446/446/366
f 445/445/365 446/446/366 447/447/367
f 447/447/367 446/446/366 448/448/368
f 447/447/367 448/448/368 449/449/369
f 449/449/369 448/448/368 450/450/370
f 449/449/369 450/450/370 451/451/371
f 451/451/371 450/450/370 452/452/372
f 451/451/371 452/452/372 453/453/373
f 453/453/373 452/452/372 454/454/374
f 453/453/373 454/454/374 455/455/375
f 455/455/375 454/454/374 456/456/376
f 455/455/375 456/456/376 457/457/377
f 457/457/377 456/456/376 458/458/378
f 457/457/377 458/458/378 459/459/379
f 459/459/379 458/458/378 460/460/380
f 459/459/379 460/460/380 461/461/381
f 461/461/381 460/460/380 462/462/382
f 461/461/381 462/462/382 463/463/383
f 463/463/383 462/462/382 464/464/384
f 463/463/383 464/464/384 465/465/385
f 465/465/385 464/464/384 466/466/386
f 465/465/385 466/466/386 467/467/387
f 467/467/387 466/466/386 468/468/388
f 467/467/387 468/468/388 469/469/389
f 469/469/389 468/468/388 470/470/390
f 469/469/389 470/470/390 471/471/391
f 471/471/391 470/470/390 472/472/392
f 471/471/391 472/472/392 473/473/393
f 473/473/393 472/472/392 474/474/394
f 473/473/393 474/474/394 475/475/395
f 475/475/395 474/474/394 476/476/396
f 475/475/395 476/476/396 477/477/397
f 477/477/397 476/476/396 478/478/398
f 477/477/397 478/478/398 479/479/399
f 479/479/399 478/478/398 480/480/400
f 479/479/399 480/480/400 481/481/401
f 481/481/401 480/480/400 482/482/402
f 481/481/401 482/482/402 483/483/403
f 483/483/403 482/482/402 484/484/341
f 483/483/403 484/484/341 485/485/340
f 421/421/341 486/486/404 487/487/405
f 421/421/341 487/487/405 422/422/342
f 422/422/342 487/487/405 488/488/406
f 422/422/342 488/488/406 424/424/344
f 424/424/344 488/488/406 489/489/407
f 424/424/344 489/489/407 426/426/346
f 426/426/346 489/489/407 490/490/408
f 426/426/346 490/490/408 428/428/348
f 428/428/348 490/490/408 491/491/409
f 428/428/348 491/491/409 430/430/350
f 430/430/350 491/491/409 492/492/410
f 430/430/350 492/492/410 432/432/352
f 432/432/352 492/492/410 493/493/411
f 432/432/352 493/493/411 434/434/354
f 434/434/354 493/493/411 494/494/412
f 434/434/354 494/494/412 436/436/356
f 436/436/356 494/494/412 495/495/413
f 436/436/356 495/495/413 438/438/358
f 438/438/358 495/495/413 496/496/414
f 438/438/358 496/496/414 440/440/360
f 440/440/360 496/496/414 497/497/415
f 440/440/360 497/497/415 442/442/362
f 442/442/362 497/497/415 498/498/416
f 442/442/362 498/498/416 444/444/364
f 444/444/364 498/498/416 499/499/417
f 444/444/364 499/499/417 446/446/366
f 446/446/366 499/499/417 500/500/418
f 446/446/366 500/500/418 448/448/368
f 448/448/368 500/500/418 501/501/419
f 448/448/368 501/501/419 450/450/370
f 450/450/370 501/501/419 502/502/420
f 450/450/370 502/502/420 452/452/372
f 452/452/372 502/502/420 503/503/421
f 452/452/372 503/503/421 454/454/374
f 454/454/374 503/503/421 504/504/422
f 454/454/374 504/504/422 456/456/376
f 456/456/376 504/504/422 505/505/423
f 456/456/376 505/505/423 458/458/378
f 458/458/378 505/505/423 506/506/424
f 458/458/378 506/506/424 460/460/380
f 460/460/380 506/506/424 507/507/425
f 460/460/380 507/507/425 462/462/382
f 462/462/382 507/507/425 508/508/426
f 462/462/382 508/508/426 464/464/384
f 464/464/384 508/508/426 509/509/427
f 464/464/384 509/509/427 466/466/386
f 466/466/386 509/509/427 510/510/428
f 466/466/386 510/510/428 468/468/388
f 468/468/388 510/510/428 511/511/429
f 468/468/388 511/511/429 470/470/390
f 470/470/390 511/511/429 512/512/430
f 470/470/390 512/512/430 472/472/392
f 472/472/392 512/512/430 513/513/431
f 472/472/392 513/513/431 474/474/394
f 474/474/394 513/513/431 514/514/432
f 474/474/394 514/514/432 476/476/396
f 476/476/396 514/514/432 515/515/433
f 476/476/396 515/515/433 478/478/398
f 478/478/398 515/515/433 516/516/434
f 478/478/398 516/516/434 480/480/400
f 480/480/400 516/516/434 517/517/435
f 480/480/400 517/517/435 482/482/402
f 482/482/402 517/517/435 518/518/404
f 482/482/402 518/518/404 484/484/341
f 486/486/404 519/519/436 520/520/437
f 486/486/404 520/520/437 487/487/405
f 487/487/405 520/520/437 521/521/438
f 487/487/405 521/521/438 488/488/406
f 488/488/406 521/521/438 522/522/439
f 488/488/406 522/522/439 489/489/407
f 489/489/407 522/522/439 523/523/440
f 489/489/407 523/523/440 490/490/408
f 490/490/408 523/523/440 524/524/441
f 490/490/408 524/524/441 491/491/409
f 491/491/409 524/524/441 525/525/442
f 491/491/409 525/525/442 492/492/410
f 492/492/410 525/525/442 526/526/443
f 492/492/410 526/526/443 493/493/411
f 493/493/411 526/526/443 527/527/444
f 493/493/411 527/527/444 494/494/412
f 494/494/412 527/527/444 528/528/445
f 494/494/412 528/528/445 495/495/413
f 495/495/413 528/528/445 529/529/446
f 495/495/413 529/529/446 496/496/414
f 496/496/414 529/529/446 530/530/447
f 496/496/414 530/530/447 497/497/415
f 497/497/415 530/530/447 531/531/448
f 497/497/415 531/531/448 498/498/416
f 498/498/416 531/531/448 532/532/449
f 498/498/416 532/532/449 499/499/417
f 499/499/417 532/532/449 533/533/450
f 499/499/417 533/533/450 500/500/418
f 500/500/418 533/533/450 534/534/451
f 500/500/418 534/534/451 501/501/419
f 501/501/419 534/534/451 535/535/452
f 501/501/419 535/535/452 502/502/420
f 502/502/420 535/535/452 536/536/453
f 502/502/420 536/536/453 503/503/421
f 503/503/421 536/536/453 537/537/454
f 503/503/421 537/537/454 504/504/422
f 504/504/422 537/537/454 538/538/455
f 504/504/422 538/538/455 505/505/423
f 505/505/423 538/538/455 539/539/456
f 505/505/423 539/539/456 506/506/424
f 506/506/424 539/539/456 540/540/457
f 506/506/424 540/540/457 507/507/425
f 507/507/425 540/540/457 541/541/458
f 507/507/425 541/541/458 508/508/426
f 508/508/426 541/541/458 542/542/459
f 508/508/426 542/542/459 509/509/427
f 509/509/427 542/542/459 543/543/460
f 509/509/427 543/543/460 510/510/428
f 510/510/428 543/543/460 544/544/461
f 510/510/428 544/544/461 511/511/429
f 511/511/429 544/544/461 545/545/462
f 511/511/429 545/545/462 512/512/430
f 512/512/430 545/545/462 546/546/463
f 512/512/430 546/546/463 513/513/431
f 513/513/431 546/546/463 547/547/464
f 513/513/431 547/547/464 514/514/432
f 514/514/432 547/547/464 548/548/465
f 514/514/432 548/548/465 515/515/433
f 515/515/433 548/548/465 549/549/466
f 515/515/433 549/549/466 516/516/434
f 516/516/434 549/549/466 550/550/467
f 516/516/434 550/550/467 517/517/435
f 517/517/435 550/550/467 551/551/436
f 517/517/435 551/551/436 518/518/404
f 519/519/436 552/552/468 553/553/469
f 519/519/436 553/553/469 520/520/437
f 520/520/437 553/553/469 554/554/470
f 520/520/437 554/554/470 521/521/438
f 521/521/438 554/554/470 555/555/471
f 521/521/438 555/555/471 522/522/439
f 522/522/439 555/555/471 556/556/472
f 522/522/439 556/556/472 523/523/440
f 523/523/440 556/556/472 557/557/473
f 523/523/440 557/557/473 524/524/441
f 524/524/441 557/557/473 558/558/474
f 524/524/441 558/558/474 525/525/442
f 525/525/442 558/558/474 559/559/475
f 525/525/442 559/559/475 526/526/443
f 526/526/443 559/559/475 560/560/476
f 526/526/443 560/560/476 527/527/444
f 527/527/444 560/560/476 561/561/477
f 527/527/444 561/561/477 528/528/445
f 528/528/445 561/561/477 562/562/478
f 528/528/445 562/562/478 529/529/446
f 529/529/446 562/562/478 563/563/479
f 529/529/446 563/563/479 530/530/447
f 530/530/447 563/563/479 564/564/480
f 530/530/447 564/564/480 531/531/448
f 531/531/448 564/564/480 565/565/481
f 531/531/448 565/565/481 532/532/449
f 532/532/449 565/565/481 566/566/482
f 532/532/449 566/566/482 533/533/450
f 533/533/450 566/566/482 567/567/483
f 533/533/450 567/567/483 534/534/451
f 534/534/451 567/567/483 568/568/484
f 534/534/451 568/568/484 535/535/452
f 535/535/452 568/568/484 569/569/485
f 535/535/452 569/569/485 536/536/453
f 536/536/453 569/569/485 570/570/486
f 536/536/453 570/570/486 537/537/454
f 537/537/454 570/570/486 571/571/487
f 537/537/454 571/571/487 538/538/455
f 538/538/455 571/571/487 572/572/488
f 538/538/455 572/572/488 539/539/456
f 539/539/456 572/572/488 573/573/489
f 539/539/456 573/573/489 540/540/457
f 540/540/457 573/573/489 574/574/490
f 540/540/457 574/574/490 541/541/458
f 541/541/458 574/574/490 575/575/491
f 541/541/458 575/575/491 542/542/459
f 542/542/459 575/575/491 576/576/492
f 542/542/459 576/576/492 543/543/460
f 543/543/460 576/576/492 577/577/493
f 543/543/460 577/577/493 544/544/461
f 544/544/461 577/577/493 578/578/494
f 544/544/461 578/578/494 545/545/462
f 545/545/462 578/578/494 579/579/495
f 545/545/462 579/579/495 546/546/463
f 546/546/463 579/579/495 580/580/496
f 546/546/463 580/580/496 547/547/464
f 547/547/464 580/580/496 581/581/497
f 547/547/464 581/581/497 548/548/465
f 548/548/465 581/581/497 582/582/498
f 548/548/465 582/582/498 549/549/466
f 549/549/466 582/582/498 583/583/499
f 549/549/466 583/583/499 550/550/467
f 550/550/467 583/583/499 584/584/468
f 550/550/467 584/584/468 551/551/436
f 552/552/468 585/585/500 586/586/501
f 552/552/468 586/586/501 553/553/469
f 553/553/469 586/586/501 587/587/502
f 553/553/469 587/587/502 554/554/470
f 554/554/470 587/587/502 588/588/503
f 554/554/470 588/588/503 555/555/471
f 555/555/471 588/588/503 589/589/504
f 555/555/471 589/589/504 556/556/472
f 556/556/472 589/589/504 590/590/505
f 556/556/472 590/590/505 557/557/473
f 557/557/473 590/590/505 591/591/506
f 557/557/473 591/591/506 558/558/474
f 558/558/474 591/591/506 592/592/507
f 558/558/474 592/592/507 559/559/475
f 559/559/475 592/592/507 593/593/508
f 559/559/475 593/593/508 560/560/476
f 560/560/476 593/593/508 594/594/509
f 560/560/476 594/594/509 561/561/477
f 561/561/477 594/594/509 595/595/510
f 561/561/477 595/595/510 562/562/478
f 562/562/478 595/595/510 596/596/511
f 562/562/478 596/596/511 563/563/479
f 563/563/479 596/596/511 597/597/512
f 563/563/479 597/597/512 564/564/480
f 564/564/480 597/597/512 598/598/513
f 564/564/480 598/598/513 565/565/481
f 565/565/481 598/598/513 599/599/514
f 565/565/481 599/599/514 566/566/482
f 566/566/482 599/599/514 600/600/515
f 566/566/482 600/600/515 567/567/483
f 567/567/483 600/600/515 601/601/516
f 567/567/483 601/601/516 568/568/484
f 568/568/484 601/601/516 602/602/517
f 568/568/484 602/602/517 569/569/485
f 569/569/485 602/602/517 603/603/518
f 569/569/485 603/603/518 570/570/486
f 570/570/486 603/603/518 604/604/519
f 570/570/486 604/604/519 571/571/487
f 571/571/487 604/604/519 605/605/520
f 571/571/487 605/605/520 572/572/488
f 572/572/488 605/605/520 606/606/521
f 572/572/488 606/606/521 573/573/489
f 573/573/489 606/606/521 607/607/522
f 573/573/489 607/607/522 574/574/490
f 574/574/490 607/607/522 608/608/523
f 574/574/490 608/608/523 575/575/491
f 575/575/491 608/608/523 609/609/524
f 575/575/491 609/609/524 576/576/492
f 576/576/492 609/609/524 610/610/525
f 576/576/492 610/610/525 577/577/493
f 577/577/493 610/610/525 611/611/526
f 577/577/493 611/611/526 578/578/494
f 578/578/494 611/611/526 612/612/527
f 578/578/494 612/612/527 579/579/495
f 579/579/495 612/612/527 613/613/528
f 579/579/495 613/613/528 580/580/496
f 580/580/496 613/613/528 614/614/529
f 580/580/496 614/614/529 581/581/497
f 581/581/497 614/614/529 615/615/530
f 581/581/497 615/615/530 582/582/498
f 582/582/498 615/615/530 616/616/531
f 582/582/498 616/616/531 583/583/499
f 583/583/499 616/616/531 617/617/500
f 583/583/499 617/617/500 584/584/468
f 585/585/500 618/618/532 619/619/533
f 585/585/500 619/619/533 586/586/501
f 586/586/501 619/619/533 620/620/534
f 586/586/501 620/620/534 587/587/502
f 587/587/502 620/620/534 621/621/535
f 587/587/502 621/621/535 588/588/503
f 588/588/503 621/621/535 622/622/536
f 588/588/503 622/622/536 589/589/504
f 589/589/504 622/622/536 623/623/537
f 589/589/504 623/623/537 590/590/505
f 590/590/505 623/623/537 624/624/538
f 590/590/505 624/624/538 591/591/506
f 591/591/506 624/624/538 625/625/539
f 591/591/506 625/625/539 592/592/507
f 592/592/507 625/625/539 626/626/540
f 592/592/507 626/626/540 593/593/508
f 593/593/508 626/626/540 627/627/541
f 593/593/508 627/627/541 594/594/509
f 594/594/509 627/627/541 628/628/542
f 594/594/509 628/628/542 595/595/510
f 595/595/510 628/628/542 629/629/543
f 595/595/510 629/629/543 596/596/511
f 596/596/511 629/629/543 630/630/544
f 596/596/511 630/630/544 597/597/512
f 597/597/512 630/630/544 631/631/545
f 597/597/512 631/631/545 598/598/513
f 598/598/513 631/631/545 632/632/546
f 598/598/513 632/632/546 599/599/514
f 599/599/514 632/632/546 633/633/547
f 599/599/514 633/633/547 600/600/515
f 600/600/515 633/633/547 634/634/548
f 600/600/515 634/634/548 601/601/516
f 601/601/516 634/634/548 635/635/549
f 601/601/516 635/635/549 602/602/517
f 602/602/517 635/635/549 636/636/550
f 602/602/517 636/636/550 603/603/518
f 603/603/518 636/636/550 637/637/551
f 603/603/518 637/637/551 604/604/519
f 604/604/519 637/637/551 638/638/552
f 604/604/519 638/638/552 605/605/520
f 605/605/520 638/638/552 639/639/553
f 605/605/520 639/639/553 606/606/521
f 606/606/521 639/639/553 640/640/554
f 606/606/521 640/640/554 607/607/522
f 607/607/522 640/640/554 641/641/555
f 607/607/522 641/641/555 608/608/523
f 608/608/523 641/641/555 642/642/556
f 608/608/523 642/642/556 609/609/524
f 609/609/524 642/642/556 643/643/557
f 609/609/524 643/643/557 610/610/525
f 610/610/525 643/643/557 644/644/558
f 610/610/525 644/644/558 611/611/526
f 611/611/526 644/644/558 645/645/559
f 611/611/526 645/645/559 612/612/527
f 612/612/527 645/645/559 646/646/560
f 612/612/527 646/646/560 613/613/528
f 613/613/528 646/646/560 647/647/561
f 613/613/528 647/647/561 614/614/529
f 614/614/529 647/647/561 648/648/562
f 614/614/529 648/648/562 615/615/530
f 615/615/530 648/648/562 649/649/563
f 615/615/530 649/649/563 616/616/531
f 616/616/531 649/649/563 650/650/532
f 616/616/531 650/650/532 617/617/500
f 651/651/564 652/652/565 653/653/565
f 651/651/564 653/653/565 654/654/564
f 652/652/565 655/655/566 656/656/566
f 652/652/565 656/656/566 653/653/565
f 655/655/566 657/657/567 658/658/567
f 655/655/566 658/658/567 656/656/566
f 657/657/567 659/659/568 660/660/568
f 657/657/567 660/660/568 658/658/567
f 659/659/568 661/661/569 662/662/569
f 659/659/568 662/662/569 660/660/568
f 661/661/569 663/663/570 664/664/570
f 661/661/569 664/664/570 662/662/569
f 663/663/570 665/665/571 666/666/571
f 663/663/570 666/666/571 664/664/570
f 665/665/571 667/667/2 668/668/2
f 665/665/571 668/668/2 666/666/571
f 667/667/2 669/669/572 670/670/572
f 667/667/2 670/670/572 668/668/2
f 669/669/572 671/671/573 672/672/573
f 669/669/572 672/672/573 670/670/572
f 671/671/573 673/673/574 674/674/574
f 671/671/573 674/674/574 672/672/573
f 673/673/574 675/675/575 676/676/575
f 673/673/574 676/676/575 674/674/574
f 675/675/575 677/677/576 678/678/576
f 675/675/575 678/678/576 676/676/575
f 677/677/576 679/679/577 680/680/577
f 677/677/576 680/680/577 678/678/576
f 679/679/577 681/681/578 682/682/578
f 679/679/577 682/682/578 680/680/577
f 681/681/578 683/683/579 684/684/579
f 681/681/578 684/684/579 682/682/578
f 683/683/579 685/685/580 686/686/580
f 683/683/579 686/686/580 684/684/579
f 685/685/580 687/687/581 688/688/581
f 685/685/580 688/688/581 686/686/580
f 687/687/581 689/689/582 690/690/582
f 687/687/581 690/690/582 688/688/581
f 689/689/582 691/691/583 692/692/583
f 689/689/582 692/692/583 690/690/582
f 691/691/583 693/693/584 694/694/584
f 691/691/583 694/694/584 692/692/583
f 693/693/584 695/695/585 696/696/585
f 693/693/584 696/696/585 694/694/584
f 695/695/585 697/697/586 698/698/586
f 695/695/585 698/698/586 696/696/585
f 697/697/586 699/699/14 700/700/14
f 697/697/586 700/700/14 698/698/586
f 699/699/14 701/701/587 702/702/587
f 699/699/14 702/702/587 700/700/14
f 701/701/587 703/703/588 704/704/588
f 701/701/587 704/704/588 702/702/587
f 703/703/588 705/705/589 706/706/589
f 703/703/588 706/706/589 704/704/588
f 705/705/589 707/707/590 708/708/590
f 705/705/589 708/708/590 706/706/589
f 707/707/590 709/709/591 710/710/591
f 707/707/590 710/710/591 708/708/590
f 709/709/591 711/711/592 712/712/592
f 709/709/591 712/712/592 710/710/591
f 711/711/592 713/713/593 714/714/593
f 711/711/592 714/714/593 712/712/592
f 713/713/593 715/715/564 716/716/564
f 713/713/593 716/716/564 714/714/593
f 717/717/133 718/718/140 719/719/242
f 717/717/133 719/719/242 720/720/594
f 721/721/162 225/225/160 226/226/136
f 721/721/162 226/226/136 722/722/595
f 247/247/175 228/228/161 230/230/163
f 247/247/175 230/230/163 251/251/179
f 263/263/191 249/249/177 252/252/180
f 263/263/191 252/252/180 267/267/195
f 290/290/216 265/265/193 268/268/196
f 290/290/216 268/268/196 292/292/218
f 318/318/240 325/325/246 343/343/263
f 318/318/240 343/343/263 319/319/241
f 341/341/261 346/346/266 363/363/283
f 341/341/261 363/363/283 342/342/262
f 361/361/281 366/366/286 383/383/303
f 361/361/281 383/383/303 362/362/282
f 381/381/301 386/386/306 403/403/323
f 381/381/301 403/403/323 382/382/302
f 401/401/321 406/406/326 417/417/337
f 401/401/321 417/417/337 402/402/322
f 415/415/335 8/8/8 9/9/9
f 415/415/335 9/9/9 416/416/336
f 723/723/596 724/724/597 725/725/598
f 723/723/596 725/725/598 726/726/599
f 727/727/600 726/726/599 725/725/598
f 727/727/600 725/725/598 728/728/601
f 729/729/602 728/728/601 725/725/598
f 729/729/602 725/725/598 730/730/603
f 731/731/604 730/730/603 725/725/598
f 731/731/604 725/725/598 724/724/597
f 732/732/605 727/727/600 728/728/601
f 732/732/605 728/728/601 733/733/606
f 734/734/607 733/733/606 728/728/601
f 734/734/607 728/728/601 729/729/602
f 735/735/608 732/732/605 733/733/606
f 735/735/608 733/733/606 736/736/609
f 737/737/610 736/736/609 733/733/606
f 737/737/610 733/733/606 734/734/607
f 187/187/130 735/735/608 736/736/609
f 187/187/130 736/736/609 188/188/131
f 189/189/132 188/188/131 736/736/609
f 189/189/132 736/736/609 737/737/610
f 192/192/135 191/191/134 738/738/611
f 192/192/135 738/738/611 739/739/612
f 740/740/613 741/741/612 742/742/611
f 740/740/613 742/742/611 743/743/614
f 744/744/615 743/743/614 742/742/611
f 744/744/615 742/742/611 745/745/616
f 746/746/617 740/740/613 743/743/614
f 746/746/617 743/743/614 747/747/618
f 748/748/619 747/747/618 743/743/614
f 748/748/619 743/743/614 744/744/615
f 723/723/596 746/746/617 747/747/618
f 723/723/596 747/747/618 724/724/597
f 731/731/604 724/724/597 747/747/618
f 731/731/604 747/747/618 748/748/619
f 749/749/600 750/750/620 751/751/621
f 749/749/600 751/751/621 752/752/599
f 753/753/596 752/752/599 751/751/621
f 753/753/596 751/751/621 754/754/622
f 755/755/623 756/756/624 757/757/625
f 755/755/623 757/757/625 758/758/626
f 759/759/627 760/760/628 761/761/629
f 759/759/627 761/761/629 762/762/620
f 753/753/596 754/754/622 763/763/630
f 753/753/596 763/763/630 764/764/617
f 765/765/631 766/766/630 756/756/624
f 765/765/631 756/756/624 755/755/623
f 764/764/617 763/763/630 767/767/632
f 764/764/617 767/767/632 768/768/633
f 769/769/634 770/770/635 766/766/630
f 769/769/634 766/766/630 765/765/631
f 768/768/633 767/767/632 771/771/636
f 768/768/633 771/771/636 772/772/612
f 773/773/637 774/774/636 770/770/635
f 773/773/637 770/770/635 769/769/634
f 230/230/163 229/229/162 774/774/636
f 230/230/163 774/774/636 773/773/637
f 233/233/166 232/232/165 775/775/638
f 233/233/166 775/775/638 776/776/608
f 777/777/639 778/778/638 235/235/165
f 777/777/639 235/235/165 238/238/168
f 776/776/608 775/775/638 779/779/640
f 776/776/608 779/779/640 780/780/641
f 781/781/642 782/782/640 778/778/638
f 781/781/642 778/778/638 777/777/639
f 780/780/641 779/779/640 750/750/620
f 780/780/641 750/750/620 749/749/600
f 759/759/627 762/762/620 782/782/640
f 759/759/627 782/782/640 781/781/642
f 759/759/627 783/783/643 784/784/644
f 759/759/627 784/784/644 760/760/628
f 785/785/645 786/786/646 784/784/644
f 785/785/645 784/784/644 783/783/643
f 773/773/637 769/769/634 787/787/647
f 773/773/637 787/787/647 788/788/648
f 789/789/649 788/788/648 787/787/647
f 789/789/649 787/787/647 790/790/650
f 252/252/180 251/251/179 788/788/648
f 252/252/180 788/788/648 789/789/649
f 777/777/639 238/238/168 254/254/182
f 777/777/639 254/254/182 791/791/651
f 792/792/652 791/791/651 254/254/182
f 792/792/652 254/254/182 256/256/184
f 781/781/642 777/777/639 791/791/651
f 781/781/642 791/791/651 793/793/653
f 794/794/654 793/793/653 791/791/651
f 794/794/654 791/791/651 792/792/652
f 759/759/627 781/781/642 793/793/653
f 759/759/627 793/793/653 783/783/643
f 785/785/645 783/783/643 793/793/653
f 785/785/645 793/793/653 794/794/654
f 785/785/645 795/795/655 796/796/656
f 785/785/645 796/796/656 786/786/646
f 797/797/657 798/798/658 796/796/656
f 797/797/657 796/796/656 795/795/655
f 789/789/649 790/790/650 799/799/659
f 789/789/649 799/799/659 800/800/660
f 801/801/661 800/800/660 799/799/659
f 801/801/661 799/799/659 802/802/662
f 801/801/661 268/268/196 267/267/195
f 801/801/661 267/267/195 800/800/660
f 792/792/652 256/256/184 270/270/198
f 792/792/652 270/270/198 803/803/663
f 804/804/664 803/803/663 270/270/198
f 804/804/664 270/270/198 272/272/200
f 794/794/654 792/792/652 803/803/663
f 794/794/654 803/803/663 805/805/665
f 806/806/666 805/805/665 803/803/663
f 806/806/666 803/803/663 804/804/664
f 785/785/645 794/794/654 805/805/665
f 785/785/645 805/805/665 795/795/655
f 797/797/657 795/795/655 805/805/665
f 797/797/657 805/805/665 806/806/666
f 807/807/667 798/798/658 808/808/668
f 807/807/667 808/808/668 809/809/669
f 810/810/670 809/809/669 808/808/668
f 810/810/670 808/808/668 811/811/671
f 812/812/672 811/811/671 808/808/668
f 812/812/672 808/808/668 813/813/673
f 797/797/657 813/813/673 808/808/668
f 797/797/657 808/808/668 798/798/658
f 814/814/674 815/815/675 816/816/669
f 814/814/674 816/816/669 817/817/676
f 818/818/677 817/817/676 816/816/669
f 818/818/677 816/816/669 819/819/670
f 802/802/662 814/814/674 817/817/676
f 802/802/662 817/817/676 820/820/678
f 821/821/679 820/820/678 817/817/676
f 821/821/679 817/817/676 818/818/677
f 801/801/661 802/802/662 820/820/678
f 801/801/661 820/820/678 822/822/680
f 823/823/681 822/822/680 820/820/678
f 823/823/681 820/820/678 821/821/679
f 293/293/219 292/292/218 822/822/680
f 293/293/219 822/822/680 823/823/681
f 804/804/664 272/272/200 295/295/221
f 804/804/664 295/295/221 824/824/682
f 825/825/683 824/824/682 295/295/221
f 825/825/683 295/295/221 297/297/223
f 806/806/666 804/804/664 824/824/682
f 806/806/666 824/824/682 826/826/684
f 827/827/685 826/826/684 824/824/682
f 827/827/685 824/824/682 825/825/683
f 797/797/657 806/806/666 826/826/684
f 797/797/657 826/826/684 813/813/673
f 812/812/672 813/813/673 826/826/684
f 812/812/672 826/826/684 827/827/685
f 810/810/670 811/811/671 98/98/67
f 810/810/670 98/98/67 99/99/68
f 812/812/672 106/106/74 98/98/67
f 812/812/672 98/98/67 811/811/671
f 818/818/677 819/819/670 100/100/68
f 818/818/677 100/100/68 101/101/69
f 821/821/679 818/818/677 101/101/69
f 821/821/679 101/101/69 102/102/70
f 823/823/681 821/821/679 102/102/70
f 823/823/681 102/102/70 103/103/71
f 293/293/219 823/823/681 103/103/71
f 293/293/219 103/103/71 20/20/18
f 825/825/683 297/297/223 21/21/19
f 825/825/683 21/21/19 104/104/72
f 827/827/685 825/825/683 104/104/72
f 827/827/685 104/104/72 105/105/73
f 812/812/672 827/827/685 105/105/73
f 812/812/672 105/105/73 106/106/74
f 828/828/604 829/829/686 830/830/687
f 828/828/604 830/830/687 831/831/603
f 832/832/602 831/831/603 830/830/687
f 832/832/602 830/830/687 833/833/688
f 834/834/689 833/833/688 830/830/687
f 834/834/689 830/830/687 835/835/690
f 836/836/691 835/835/690 830/830/687
f 836/836/691 830/830/687 829/829/686
f 837/837/607 832/832/602 833/833/688
f 837/837/607 833/833/688 838/838/692
f 839/839/693 838/838/692 833/833/688
f 839/839/693 833/833/688 834/834/689
f 840/840/694 837/837/607 838/838/692
f 840/840/694 838/838/692 841/841/695
f 842/842/696 841/841/695 838/838/692
f 842/842/696 838/838/692 839/839/693
f 315/315/132 840/840/694 841/841/695
f 315/315/132 841/841/695 316/316/238
f 317/317/239 316/316/238 841/841/695
f 317/317/239 841/841/695 842/842/696
f 320/320/242 319/319/241 843/843/697
f 320/320/242 843/843/697 844/844/698
f 845/845/615 844/844/698 843/843/697
f 845/845/615 843/843/697 846/846/699
f 847/847/700 846/846/699 843/843/697
f 847/847/700 843/843/697 848/848/701
f 849/849/619 845/845/615 846/846/699
f 849/849/619 846/846/699 850/850/702
f 851/851/703 850/850/702 846/846/699
f 851/851/703 846/846/699 847/847/700
f 828/828/604 849/849/619 850/850/702
f 828/828/604 850/850/702 829/829/686
f 836/836/691 829/829/686 850/850/702
f 836/836/691 850/850/702 851/851/703
f 836/836/691 852/852/704 853/853/705
f 836/836/691 853/853/705 835/835/690
f 834/834/689 835/835/690 853/853/705
f 834/834/689 853/853/705 854/854/706
f 855/855/707 854/854/706 853/853/705
f 855/855/707 853/853/705 856/856/708
f 857/857/709 856/856/708 853/853/705
f 857/857/709 853/853/705 852/852/704
f 839/839/693 834/834/689 854/854/706
f 839/839/693 854/854/706 858/858/710
f 859/859/711 858/858/710 854/854/706
f 859/859/711 854/854/706 855/855/707
f 842/842/696 839/839/693 858/858/710
f 842/842/696 858/858/710 860/860/712
f 861/861/713 860/860/712 858/858/710
f 861/861/713 858/858/710 859/859/711
f 317/317/239 842/842/696 860/860/712
f 317/317/239 860/860/712 339/339/259
f 340/340/260 339/339/259 860/860/712
f 340/340/260 860/860/712 861/861/713
f 343/343/263 342/342/262 862/862/714
f 343/343/263 862/862/714 848/848/701
f 847/847/700 848/848/701 862/862/714
f 847/847/700 862/862/714 863/863/715
f 864/864/716 863/863/715 862/862/714
f 864/864/716 862/862/714 865/865/717
f 851/851/703 847/847/700 863/863/715
f 851/851/703 863/863/715 866/866/718
f 867/867/719 866/866/718 863/863/715
f 867/867/719 863/863/715 864/864/716
f 836/836/691 851/851/703 866/866/718
f 836/836/691 866/866/718 852/852/704
f 857/857/709 852/852/704 866/866/718
f 857/857/709 866/866/718 867/867/719
f 857/857/709 868/868/720 869/869/721
f 857/857/709 869/869/721 856/856/708
f 855/855/707 856/856/708 869/869/721
f 855/855/707 869/869/721 870/870/722
f 871/871/723 870/870/722 869/869/721
f 871/871/723 869/869/721 872/872/724
f 873/873/725 872/872/724 869/869/721
f 873/873/725 869/869/721 868/868/720
f 859/859/711 855/855/707 870/870/722
f 859/859/711 870/870/722 874/874/726
f 875/875/727 874/874/726 870/870/722
f 875/875/727 870/870/722 871/871/723
f 861/861/713 859/859/711 874/874/726
f 861/861/713 874/874/726 876/876/728
f 877/877/729 876/876/728 874/874/726
f 877/877/729 874/874/726 875/875/727
f 340/340/260 861/861/713 876/876/728
f 340/340/260 876/876/728 359/359/279
f 360/360/280 359/359/279 876/876/728
f 360/360/280 876/876/728 877/877/729
f 363/363/283 362/362/282 878/878/730
f 363/363/283 878/878/730 865/865/717
f 864/864/716 865/865/717 878/878/730
f 864/864/716 878/878/730 879/879/731
f 880/880/732 879/879/731 878/878/730
f 880/880/732 878/878/730 881/881/733
f 867/867/719 864/864/716 879/879/731
f 867/867/719 879/879/731 882/882/734
f 883/883/735 882/882/734 879/879/731
f 883/883/735 879/879/731 880/880/732
f 857/857/709 867/867/719 882/882/734
f 857/857/709 882/882/734 868/868/720
f 873/873/725 868/868/720 882/882/734
f 873/873/725 882/882/734 883/883/735
f 873/873/725 884/884/736 885/885/737
f 873/873/725 885/885/737 872/872/724
f 871/871/723 872/872/724 885/885/737
f 871/871/723 885/885/737 886/886/738
f 887/887/739 886/886/738 885/885/737
f 887/887/739 885/885/737 888/888/740
f 889/889/741 888/888/740 885/885/737
f 889/889/741 885/885/737 884/884/736
f 875/875/727 871/871/723 886/886/738
f 875/875/727 886/886/738 890/890/742
f 891/891/743 890/890/742 886/886/738
f 891/891/743 886/886/738 887/887/739
f 877/877/729 875/875/727 890/890/742
f 877/877/729 890/890/742 892/892/744
f 893/893/745 892/892/744 890/890/742
f 893/893/745 890/890/742 891/891/743
f 360/360/280 877/877/729 892/892/744
f 360/360/280 892/892/744 379/379/299
f 380/380/300 379/379/299 892/892/744
f 380/380/300 892/892/744 893/893/745
f 383/383/303 382/382/302 894/894/746
f 383/383/303 894/894/746 881/881/733
f 880/880/732 881/881/733 894/894/746
f 880/880/732 894/894/746 895/895/747
f 896/896/748 895/895/747 894/894/746
f 896/896/748 894/894/746 897/897/749
f 883/883/735 880/880/732 895/895/747
f 883/883/735 895/895/747 898/898/750
f 899/899/751 898/898/750 895/895/747
f 899/899/751 895/895/747 896/896/748
f 873/873/725 883/883/735 898/898/750
f 873/873/725 898/898/750 884/884/736
f 889/889/741 884/884/736 898/898/750
f 889/889/741 898/898/750 899/899/751
f 889/889/741 900/900/752 901/901/753
f 889/889/741 901/901/753 888/888/740
f 887/887/739 888/888/740 901/901/753
f 887/887/739 901/901/753 902/902/754
f 903/903/755 902/902/754 901/901/753
f 903/903/755 901/901/753 904/904/756
f 905/905/757 904/904/756 901/901/753
f 905/905/757 901/901/753 900/900/752
f 891/891/743 887/887/739 902/902/754
f 891/891/743 902/902/754 906/906/758
f 907/907/759 906/906/758 902/902/754
f 907/907/759 902/902/754 903/903/755
f 893/893/745 891/891/743 906/906/758
f 893/893/745 906/906/758 908/908/760
f 909/909/761 908/908/760 906/906/758
f 909/909/761 906/906/758 907/907/759
f 380/380/300 893/893/745 908/908/760
f 380/380/300 908/908/760 399/399/319
f 400/400/320 399/399/319 908/908/760
f 400/400/320 908/908/760 909/909/761
f 403/403/323 402/402/322 910/910/762
f 403/403/323 910/910/762 897/897/749
f 896/896/748 897/897/749 910/910/762
f 896/896/748 910/910/762 911/911/763
f 912/912/764 911/911/763 910/910/762
f 912/912/764 910/910/762 913/913/765
f 899/899/751 896/896/748 911/911/763
f 899/899/751 911/911/763 914/914/766
f 915/915/767 914/914/766 911/911/763
f 915/915/767 911/911/763 912/912/764
f 889/889/741 899/899/751 914/914/766
f 889/889/741 914/914/766 900/900/752
f 905/905/757 900/900/752 914/914/766
f 905/905/757 914/914/766 915/915/767
f 905/905/757 916/916/768 917/917/769
f 905/905/757 917/917/769 904/904/756
f 903/903/755 904/904/756 917/917/769
f 903/903/755 917/917/769 918/918/770
f 90/90/59 92/92/61 918/918/770
f 90/90/59 918/918/770 917/917/769
f 91/91/60 90/90/59 917/917/769
f 91/91/60 917/917/769 916/916/768
f 907/907/759 903/903/755 918/918/770
f 907/907/759 918/918/770 919/919/771
f 92/92/61 93/93/62 919/919/771
f 92/92/61 919/919/771 918/918/770
f 909/909/761 907/907/759 919/919/771
f 909/909/761 919/919/771 920/920/772
f 93/93/62 94/94/63 920/920/772
f 93/93/62 920/920/772 919/919/771
f 400/400/320 909/909/761 920/920/772
f 400/400/320 920/920/772 414/414/334
f 94/94/63 7/7/7 414/414/334
f 94/94/63 414/414/334 920/920/772
f 417/417/337 416/416/336 921/921/773
f 417/417/337 921/921/773 913/913/765
f 912/912/764 913/913/765 921/921/773
f 912/912/764 921/921/773 922/922/774
f 95/95/64 96/96/65 922/922/774
f 95/95/64 922/922/774 921/921/773
f 915/915/767 912/912/764 922/922/774
f 915/915/767 922/922/774 923/923/775
f 96/96/65 97/97/66 923/923/775
f 96/96/65 923/923/775 922/922/774
f 905/905/757 915/915/767 923/923/775
f 905/905/757 923/923/775 916/916/768
f 97/97/66 91/91/60 916/916/768
f 97/97/66 916/916/768 923/923/775
f 924/924/776 925/925/777 926/926/778
f 924/924/776 926/926/778 927/927/779
f 925/925/777 928/928/780 929/929/781
f 925/925/777 929/929/781 926/926/778
f 928/928/780 930/930/782 931/931/783
f 928/928/780 931/931/783 929/929/781
f 930/930/782 932/932/784 933/933/785
f 930/930/782 933/933/785 931/931/783
f 932/932/784 934/934/786 935/935/787
f 932/932/784 935/935/787 933/933/785
f 934/934/786 936/936/788 937/937/789
f 934/934/786 937/937/789 935/935/787
f 936/936/788 938/938/790 939/939/791
f 936/936/788 939/939/791 937/937/789
f 938/938/790 940/940/792 941/941/793
f 938/938/790 941/941/793 939/939/791
f 940/940/792 942/942/794 943/943/795
f 940/940/792 943/943/795 941/941/793
f 942/942/794 944/944/796 945/945/797
f 942/942/794 945/945/797 943/943/795
f 944/944/796 946/946/798 947/947/799
f 944/944/796 947/947/799 945/945/797
f 946/946/798 948/948/800 949/949/801
f 946/946/798 949/949/801 947/947/799
f 948/948/800 950/950/802 951/951/803
f 948/948/800 951/951/803 949/949/801
f 950/950/802 952/952/804 953/953/805
f 950/950/802 953/953/805 951/951/803
f 952/952/804 954/954/806 955/955/807
f 952/952/804 955/955/807 953/953/805
f 954/954/806 956/956/808 957/957/809
f 954/954/806 957/957/809 955/955/807
f 956/956/808 958/958/810 959/959/811
f 956/956/808 959/959/811 957/957/809
f 958/958/810 960/960/812 961/961/813
f 958/958/810 961/961/813 959/959/811
f 960/960/812 962/962/814 963/963/815
f 960/960/812 963/963/815 961/961/813
f 962/962/814 964/964/816 965/965/817
f 962/962/814 965/965/817 963/963/815
f 964/964/816 966/966/818 967/967/819
f 964/964/816 967/967/819 965/965/817
f 966/966/818 968/968/820 969/969/821
f 966/966/818 969/969/821 967/967/819
f 968/968/820 970/970/822 971/971/823
f 968/968/820 971/971/823 969/969/821
f 970/970/822 972/972/824 973/973/825
f 970/970/822 973/973/825 971/971/823
f 972/972/824 974/974/826 975/975/827
f 972/972/824 975/975/827 973/973/825
f 974/974/826 976/976/828 977/977/829
f 974/974/826 977/977/829 975/975/827
f 976/976/828 978/978/830 979/979/831
f 976/976/828 979/979/831 977/977/829
f 978/978/830 980/980/832 981/981/833
f 978/978/830 981/981/833 979/979/831
f 980/980/832 982/982/834 983/983/835
f 980/980/832 983/983/835 981/981/833
f 982/982/834 984/984/836 985/985/837
f 982/982/834 985/985/837 983/983/835
f 984/984/836 986/986/838 987/987/839
f 984/984/836 987/987/839 985/985/837
f 986/986/838 988/988/776 989/989/779
f 986/986/838 989/989/779 987/987/839
f 927/927/779 926/926/778 990/990/840
f 927/927/779 990/990/840 991/991/841
f 926/926/778 929/929/781 992/992/842
f 926/926/778 992/992/842 990/990/840
f 929/929/781 931/931/783 993/993/843
f 929/929/781 993/993/843 992/992/842
f 931/931/783 933/933/785 994/994/844
f 931/931/783 994/994/844 993/993/843
f 933/933/785 935/935/787 995/995/845
f 933/933/785 995/995/845 994/994/844
f 935/935/787 937/937/789 996/996/846
f 935/935/787 996/996/846 995/995/845
f 937/937/789 939/939/791 997/997/847
f 937/937/789 997/997/847 996/996/846
f 939/939/791 941/941/793 998/998/848
f 939/939/791 998/998/848 997/997/847
f 941/941/793 943/943/795 999/999/849
f 941/941/793 999/999/849 998/998/848
f 943/943/795 945/945/797 1000/1000/850
f 943/943/795 1000/1000/850 999/999/849
f 945/945/797 947/947/799 1001/1001/851
f 945/945/797 1001/1001/851 1000/1000/850
f 947/947/799 949/949/801 1002/1002/852
f 947/947/799 1002/1002/852 1001/1001/851
f 949/949/801 951/951/803 1003/1003/853
f 949/949/801 1003/1003/853 1002/1002/852
f 951/951/803 953/953/805 1004/1004/854
f 951/951/803 1004/1004/854 1003/1003/853
f 953/953/805 955/955/807 1005/1005/855
f 953/953/805 1005/1005/855 1004/1004/854
f 955/955/807 957/957/809 1006/1006/856
f 955/955/807 1006/1006/856 1005/1005/855
f 957/957/809 959/959/811 1007/1007/857
f 957/957/809 1007/1007/857 1006/1006/856
f 959/959/811 961/961/813 1008/1008/858
f 959/959/811 1008/1008/858 1007/1007/857
f 961/961/813 963/963/815 1009/1009/859
f 961/961/813 1009/1009/859 1008/1008/858
f 963/963/815 965/965/817 1010/1010/860
f 963/963/815 1010/1010/860 1009/1009/859
f 965/965/817 967/967/819 1011/1011/861
f 965/965/817 1011/1011/861 1010/1010/860
f 967/967/819 969/969/821 1012/1012/862
f 967/967/819 1012/1012/862 1011/1011/861
f 969/969/821 971/971/823 1013/1013/863
f 969/969/821 1013/1013/863 1012/1012/862
f 971/971/823 973/973/825 1014/1014/864
f 971/971/823 1014/1014/864 1013/1013/863
f 973/973/825 975/975/827 1015/1015/865
f 973/973/825 1015/1015/865 1014/1014/864
f 975/975/827 977/977/829 1016/1016/866
f 975/975/827 1016/1016/866 1015/1015/865
f 977/977/829 979/979/831 1017/1017/867
f 977/977/829 1017/1017/867 1016/1016/866
f 979/979/831 981/981/833 1018/1018/868
f 979/979/831 1018/1018/868 1017/1017/867
f 981/981/833 983/983/835 1019/1019/869
f 981/981/833 1019/1019/869 1018/1018/868
f 983/983/835 985/985/837 1020/1020/870
f 983/983/835 1020/1020/870 1019/1019/869
f 985/985/837 987/987/839 1021/1021/871
f 985/985/837 1021/1021/871 1020/1020/870
f 987/987/839 989/989/779 1022/1022/841
f 987/987/839 1022/1022/841 1021/1021/871
f 991/991/841 990/990/840 1023/1023/872
f 991/991/841 1023/1023/872 1024/1024/873
f 990/990/840 992/992/842 1025/1025/874
f 990/990/840 1025/1025/874 1023/1023/872
f 992/992/842 993/993/843 1026/1026/875
f 992/992/842 1026/1026/875 1025/1025/874
f 993/993/843 994/994/844 1027/1027/876
f 993/993/843 1027/1027/876 1026/1026/875
f 994/994/844 995/995/845 1028/1028/877
f 994/994/844 1028/1028/877 1027/1027/876
f 995/995/845 996/996/846 1029/1029/878
f 995/995/845 1029/1029/878 1028/1028/877
f 996/996/846 997/997/847 1030/1030/879
f 996/996/846 1030/1030/879 1029/1029/878
f 997/997/847 998/998/848 1031/1031/880
f 997/997/847 1031/1031/880 1030/1030/879
f 998/998/848 999/999/849 1032/1032/881
f 998/998/848 1032/1032/881 1031/1031/880
f 999/999/849 1000/1000/850 1033/1033/882
f 999/999/849 1033/1033/882 1032/1032/881
f 1000/1000/850 1001/1001/851 1034/1034/883
f 1000/1000/850 1034/1034/883 1033/1033/882
f 1001/1001/851 1002/1002/852 1035/1035/884
f 1001/1001/851 1035/1035/884 1034/1034/883
f 1002/1002/852 1003/1003/853 1036/1036/885
f 1002/1002/852 1036/1036/885 1035/1035/884
f 1003/1003/853 1004/1004/854 1037/1037/886
f 1003/1003/853 1037/1037/886 1036/1036/885
f 1004/1004/854 1005/1005/855 1038/1038/887
f 1004/1004/854 1038/1038/887 1037/1037/886
f 1005/1005/855 1006/1006/856 1039/1039/888
f 1005/1005/855 1039/1039/888 1038/1038/887
f 1006/1006/856 1007/1007/857 1040/1040/889
f 1006/1006/856 1040/1040/889 1039/1039/888
f 1007/1007/857 1008/1008/858 1041/1041/890
f 1007/1007/857 1041/1041/890 1040/1040/889
f 1008/1008/858 1009/1009/859 1042/1042/891
f 1008/1008/858 1042/1042/891 1041/1041/890
f 1009/1009/859 1010/1010/860 1043/1043/892
f 1009/1009/859 1043/1043/892 1042/1042/891
f 1010/1010/860 1011/1011/861 1044/1044/893
f 1010/1010/860 1044/1044/893 1043/1043/892
f 1011/1011/861 1012/1012/862 1045/1045/894
f 1011/1011/861 1045/1045/894 1044/1044/893
f 1012/1012/862 1013/1013/863 1046/1046/895
f 1012/1012/862 1046/1046/895 1045/1045/894
f 1013/1013/863 1014/1014/864 1047/1047/896
f 1013/1013/863 1047/1047/896 1046/1046/895
f 1014/1014/864 1015/1015/865 1048/1048/897
f 1014/1014/864 1048/1048/897 1047/1047/896
f 1015/1015/865 1016/1016/866 1049/1049/898
f 1015/1015/865 1049/1049/898 1048/1048/897
f 1016/1016/866 1017/1017/867 1050/1050/899
f 1016/1016/866 1050/1050/899 1049/1049/898
f 1017/1017/867 1018/1018/868 1051/1051/900
f 1017/1017/867 1051/1051/900 1050/1050/899
f 1018/1018/868 1019/1019/869 1052/1052/901
f 1018/1018/868 1052/1052/901 1051/1051/900
f 1019/1019/869 1020/1020/870 1053/1053/902
f 1019/1019/869 1053/1053/902 1052/1052/901
f 1020/1020/870 1021/1021/871 1054/1054/903
f 1020/1020/870 1054/1054/903 1053/1053/902
f 1021/1021/871 1022/1022/841 1055/1055/873
f 1021/1021/871 1055/1055/873 1054/1054/903
f 1024/1024/873 1023/1023/872 1056/1056/904
f 1024/1024/873 1056/1056/904 1057/1057/905
f 1023/1023/872 1025/1025/874 1058/1058/906
f 1023/1023/872 1058/1058/906 1056/1056/904
f 1025/1025/874 1026/1026/875 1059/1059/907
f 1025/1025/874 1059/1059/907 1058/1058/906
f 1026/1026/875 1027/1027/876 1060/1060/908
f 1026/1026/875 1060/1060/908 1059/1059/907
f 1027/1027/876 1028/1028/877 1061/1061/909
f 1027/1027/876 1061/1061/909 1060/1060/908
f 1028/1028/877 1029/1029/878 1062/1062/910
f 1028/1028/877 1062/1062/910 1061/1061/909
f 1029/1029/878 1030/1030/879 1063/1063/911
f 1029/1029/878 1063/1063/911 1062/1062/910
f 1030/1030/879 1031/1031/880 1064/1064/912
f 1030/1030/879 1064/1064/912 1063/1063/911
f 1031/1031/880 1032/1032/881 1065/1065/913
f 1031/1031/880 1065/1065/913 1064/1064/912
f 1032/1032/881 1033/1033/882 1066/1066/914
f 1032/1032/881 1066/1066/914 1065/1065/913
f 1033/1033/882 1034/1034/883 1067/1067/915
f 1033/1033/882 1067/1067/915 1066/1066/914
f 1034/1034/883 1035/1035/884 1068/1068/916
f 1034/1034/883 1068/1068/916 1067/1067/915
f 1035/1035/884 1036/1036/885 1069/1069/917
f 1035/1035/884 1069/1069/917 1068/1068/916
f 1036/1036/885 1037/1037/886 1070/1070/918
f 1036/1036/885 1070/1070/918 1069/1069/917
f 1037/1037/886 1038/1038/887 1071/1071/919
f 1037/1037/886 1071/1071/919 1070/1070/918
f 1038/1038/887 1039/1039/888 1072/1072/920
f 1038/1038/887 1072/1072/920 1071/1071/919
f 1039/1039/888 1040/1040/889 1073/1073/921
f 1039/1039/888 1073/1073/921 1072/1072/920
f 1040/1040/889 1041/1041/890 1074/1074/922
f 1040/1040/889 1074/1074/922 1073/1073/921
f 1041/1041/890 1042/1042/891 1075/1075/923
f 1041/1041/890 1075/1075/923 1074/1074/922
f 1042/1042/891 1043/1043/892 1076/1076/924
f 1042/1042/891 1076/1076/924 1075/1075/923
f 1043/1043/892 1044/1044/893 1077/1077/925
f 1043/1043/892 1077/1077/925 1076/1076/924
f 1044/1044/893 1045/1045/894 1078/1078/926
f 1044/1044/893 1078/1078/926 1077/1077/925
f 1045/1045/894 1046/1046/895 1079/1079/927
f 1045/1045/894 1079/1079/927 1078/1078/926
f 1046/1046/895 1047/1047/896 1080/1080/928
f 1046/1046/895 1080/1080/928 1079/1079/927
f 1047/1047/896 1048/1048/897 1081/1081/929
f 1047/1047/896 1081/1081/929 1080/1080/928
f 1048/1048/897 1049/1049/898 1082/1082/930
f 1048/1048/897 1082/1082/930 1081/1081/929
f 1049/1049/898 1050/1050/899 1083/1083/931
f 1049/1049/898 1083/1083/931 1082/1082/930
f 1050/1050/899 1051/1051/900 1084/1084/932
f 1050/1050/899 1084/1084/932 1083/1083/931
f 1051/1051/900 1052/1052/901 1085/1085/933
f 1051/1051/900 1085/1085/933 1084/1084/932
f 1052/1052/901 1053/1053/902 1086/1086/934
f 1052/1052/901 1086/1086/934 1085/1085/933
f 1053/1053/902 1054/1054/903 1087/1087/935
f 1053/1053/902 1087/1087/935 1086/1086/934
f 1054/1054/903 1055/1055/873 1088/1088/905
f 1054/1054/903 1088/1088/905 1087/1087/935
f 1057/1057/905 1056/1056/904 1089/1089/936
f 1057/1057/905 1089/1089/936 1090/1090/937
f 1056/1056/904 1058/1058/906 1091/1091/938
f 1056/1056/904 1091/1091/938 1089/1089/936
f 1058/1058/906 1059/1059/907 1092/1092/939
f 1058/1058/906 1092/1092/939 1091/1091/938
f 1059/1059/907 1060/1060/908 1093/1093/940
f 1059/1059/907 1093/1093/940 1092/1092/939
f 1060/1060/908 1061/1061/909 1094/1094/941
f 1060/1060/908 1094/1094/941 1093/1093/940
f 1061/1061/909 1062/1062/910 1095/1095/942
f 1061/1061/909 1095/1095/942 1094/1094/941
f 1062/1062/910 1063/1063/911 1096/1096/943
f 1062/1062/910 1096/1096/943 1095/1095/942
f 1063/1063/911 1064/1064/912 1097/1097/944
f 1063/1063/911 1097/1097/944 1096/1096/943
f 1064/1064/912 1065/1065/913 1098/1098/945
f 1064/1064/912 1098/1098/945 1097/1097/944
f 1065/1065/913 1066/1066/914 1099/1099/946
f 1065/1065/913 1099/1099/946 1098/1098/945
f 1066/1066/914 1067/1067/915 1100/1100/947
f 1066/1066/914 1100/1100/947 1099/1099/946
f 1067/1067/915 1068/1068/916 1101/1101/948
f 1067/1067/915 1101/1101/948 1100/1100/947
f 1068/1068/916 1069/1069/917 1102/1102/949
f 1068/1068/916 1102/1102/949 1101/1101/948
f 1069/1069/917 1070/1070/918 1103/1103/950
f 1069/1069/917 1103/1103/950 1102/1102/949
f 1070/1070/918 1071/1071/919 1104/1104/951
f 1070/1070/918 1104/1104/951 1103/1103/950
f 1071/1071/919 1072/1072/920 1105/1105/952
f 1071/1071/919 1105/1105/952 1104/1104/951
f 1072/1072/920 1073/1073/921 1106/1106/953
f 1072/1072/920 1106/1106/953 1105/1105/952
f 1073/1073/921 1074/1074/922 1107/1107/954
f 1073/1073/921 1107/1107/954 1106/1106/953
f 1074/1074/922 1075/1075/923 1108/1108/955
f 1074/1074/922 1108/1108/955 1107/1107/954
f 1075/1075/923 1076/1076/924 1109/1109/956
f 1075/1075/923 1109/1109/956 1108/1108/955
f 1076/1076/924 1077/1077/925 1110/1110/957
f 1076/1076/924 1110/1110/957 1109/1109/956
f 1077/1077/925 1078/1078/926 1111/1111/958
f 1077/1077/925 1111/1111/958 1110/1110/957
f 1078/1078/926 1079/1079/927 1112/1112/959
f 1078/1078/926 1112/1112/959 1111/1111/958
f 1079/1079/927 1080/1080/928 1113/1113/960
f 1079/1079/927 1113/1113/960 1112/1112/959
f 1080/1080/928 1081/1081/929 1114/1114/961
f 1080/1080/928 1114/1114/961 1113/1113/960
f 1081/1081/929 1082/1082/930 1115/1115/962
f 1081/1081/929 1115/1115/962 1114/1114/961
f 1082/1082/930 1083/1083/931 1116/1116/963
f 1082/1082/930 1116/1116/963 1115/1115/962
f 1083/1083/931 1084/1084/932 1117/1117/964
f 1083/1083/931 1117/1117/964 1116/1116/963
f 1084/1084/932 1085/1085/933 1118/1118/965
f 1084/1084/932 1118/1118/965 1117/1117/964
f 1085/1085/933 1086/1086/934 1119/1119/966
f 1085/1085/933 1119/1119/966 1118/1118/965
f 1086/1086/934 1087/1087/935 1120/1120/967
f 1086/1086/934 1120/1120/967 1119/1119/966
f 1087/1087/935 1088/1088/905 1121/1121/937
f 1087/1087/935 1121/1121/937 1120/1120/967
f 1090/1090/937 1089/1089/936 1122/1122/968
f 1090/1090/937 1122/1122/968 1123/1123/969
f 1089/1089/936 1091/1091/938 1124/1124/970
f 1089/1089/936 1124/1124/970 1122/1122/968
f 1091/1091/938 1092/1092/939 1125/1125/971
f 1091/1091/938 1125/1125/971 1124/1124/970
f 1092/1092/939 1093/1093/940 1126/1126/972
f 1092/1092/939 1126/1126/972 1125/1125/971
f 1093/1093/940 1094/1094/941 1127/1127/973
f 1093/1093/940 1127/1127/973 1126/1126/972
f 1094/1094/941 1095/1095/942 1128/1128/974
f 1094/1094/941 1128/1128/974 1127/1127/973
f 1095/1095/942 1096/1096/943 1129/1129/975
f 1095/1095/942 1129/1129/975 1128/1128/974
f 1096/1096/943 1097/1097/944 1130/1130/976
f 1096/1096/943 1130/1130/976 1129/1129/975
f 1097/1097/944 1098/1098/945 1131/1131/977
f 1097/1097/944 1131/1131/977 1130/1130/976
f 1098/1098/945 1099/1099/946 1132/1132/978
f 1098/1098/945 1132/1132/978 1131/1131/977
f 1099/1099/946 1100/1100/947 1133/1133/979
f 1099/1099/946 1133/1133/979 1132/1132/978
f 1100/1100/947 1101/1101/948 1134/1134/980
f 1100/1100/947 1134/1134/980 1133/1133/979
f 1101/1101/948 1102/1102/949 1135/1135/981
f 1101/1101/948 1135/1135/981 1134/1134/980
f 1102/1102/949 1103/1103/950 1136/1136/982
f 1102/1102/949 1136/1136/982 1135/1135/981
f 1103/1103/950 1104/1104/951 1137/1137/983
f 1103/1103/950 1137/1137/983 1136/1136/982
f 1104/1104/951 1105/1105/952 1138/1138/984
f 1104/1104/951 1138/1138/984 1137/1137/983
f 1105/1105/952 1106/1106/953 1139/1139/985
f 1105/1105/952 1139/1139/985 1138/1138/984
f 1106/1106/953 1107/1107/954 1140/1140/986
f 1106/1106/953 1140/1140/986 1139/1139/985
f 1107/1107/954 1108/1108/955 1141/1141/987
f 1107/1107/954 1141/1141/987 1140/1140/986
f 1108/1108/955 1109/1109/956 1142/1142/988
f 1108/1108/955 1142/1142/988 1141/1141/987
f 1109/1109/956 1110/1110/957 1143/1143/989
f 1109/1109/956 1143/1143/989 1142/1142/988
f 1110/1110/957 1111/1111/958 1144/1144/990
f 1110/1110/957 1144/1144/990 1143/1143/989
f 1111/1111/958 1112/1112/959 1145/1145/991
f 1111/1111/958 1145/1145/991 1144/1144/990
f 1112/1112/959 1113/1113/960 1146/1146/992
f 1112/1112/959 1146/1146/992 1145/1145/991
f 1113/1113/960 1114/1114/961 1147/1147/993
f 1113/1113/960 1147/1147/993 1146/1146/992
f 1114/1114/961 1115/1115/962 1148/1148/994
f 1114/1114/961 1148/1148/994 1147/1147/993
f 1115/1115/962 1116/1116/963 1149/1149/995
f 1115/1115/962 1149/1149/995 1148/1148/994
f 1116/1116/963 1117/1117/964 1150/1150/996
f 1116/1116/963 1150/1150/996 1149/1149/995
f 1117/1117/964 1118/1118/965 1151/1151/997
f 1117/1117/964 1151/1151/997 1150/1150/996
f 1118/1118/965 1119/1119/966 1152/1152/998
f 1118/1118/965 1152/1152/998 1151/1151/997
f 1119/1119/966 1120/1120/967 1153/1153/999
f 1119/1119/966 1153/1153/999 1152/1152/998
f 1120/1120/967 1121/1121/937 1154/1154/969
f 1120/1120/967 1154/1154/969 1153/1153/999
f 1155/1155/564 1156/1156/564 1157/1157/565
f 1155/1155/564 1157/1157/565 1158/1158/565
f 1158/1158/565 1157/1157/565 1159/1159/566
f 1158/1158/565 1159/1159/566 1160/1160/566
f 1160/1160/566 1159/1159/566 1161/1161/567
f 1160/1160/566 1161/1161/567 1162/1162/567
f 1162/1162/567 1161/1161/567 1163/1163/568
f 1162/1162/567 1163/1163/568 1164/1164/568
f 1164/1164/568 1163/1163/568 1165/1165/569
f 1164/1164/568 1165/1165/569 1166/1166/569
f 1166/1166/569 1165/1165/569 1167/1167/570
f 1166/1166/569 1167/1167/570 1168/1168/570
f 1168/1168/570 1167/1167/570 1169/1169/571
f 1168/1168/570 1169/1169/571 1170/1170/571
f 1170/1170/571 1169/1169/571 1171/1171/2
f 1170/1170/571 1171/1171/2 1172/1172/2
f 1172/1172/2 1171/1171/2 1173/1173/572
f 1172/1172/2 1173/1173/572 1174/1174/572
f 1174/1174/572 1173/1173/572 1175/1175/573
f 1174/1174/572 1175/1175/573 1176/1176/573
f 1176/1176/573 1175/1175/573 1177/1177/574
f 1176/1176/573 1177/1177/574 1178/1178/574
f 1178/1178/574 1177/1177/574 1179/1179/575
f 1178/1178/574 1179/1179/575 1180/1180/575
f 1180/1180/575 1179/1179/575 1181/1181/576
f 1180/1180/575 1181/1181/576 1182/1182/576
f 1182/1182/576 1181/1181/576 1183/1183/577
f 1182/1182/576 1183/1183/577 1184/1184/577
f 1184/1184/577 1183/1183/577 1185/1185/578
f 1184/1184/577 1185/1185/578 1186/1186/578
f 1186/1186/578 1185/1185/578 1187/1187/579
f 1186/1186/578 1187/1187/579 1188/1188/579
f 1188/1188/579 1187/1187/579 1189/1189/580
f 1188/1188/579 1189/1189/580 1190/1190/580
f 1190/1190/580 1189/1189/580 1191/1191/581
f 1190/1190/580 1191/1191/581 1192/1192/581
f 1192/1192/581 1191/1191/581 1193/1193/582
f 1192/1192/581 1193/1193/582 1194/1194/582
f 1194/1194/582 1193/1193/582 1195/1195/583
f 1194/1194/582 1195/1195/583 1196/1196/583
f 1196/1196/583 1195/1195/583 1197/1197/584
f 1196/1196/583 1197/1197/584 1198/1198/584
f 1198/1198/584 1197/1197/584 1199/1199/585
f 1198/1198/584 1199/1199/585 1200/1200/585
f 1200/1200/585 1199/1199/585 1201/1201/586
f 1200/1200/585 1201/1201/586 1202/1202/586
f 1202/1202/586 1201/1201/586 1203/1203/14
f 1202/1202/586 1203/1203/14 1204/1204/14
f 1204/1204/14 1203/1203/14 1205/1205/587
f 1204/1204/14 1205/1205/587 1206/1206/587
f 1206/1206/587 1205/1205/587 1207/1207/588
f 1206/1206/587 1207/1207/588 1208/1208/588
f 1208/1208/588 1207/1207/588 1209/1209/589
f 1208/1208/588 1209/1209/589 1210/1210/589
f 1210/1210/589 1209/1209/589 1211/1211/590
f 1210/1210/589 1211/1211/590 1212/1212/590
f 1212/1212/590 1211/1211/590 1213/1213/591
f 1212/1212/590 1213/1213/591 1214/1214/591
f 1214/1214/591 1213/1213/591 1215/1215/592
f 1214/1214/591 1215/1215/592 1216/1216/592
f 1216/1216/592 1215/1215/592 1217/1217/593
f 1216/1216/592 1217/1217/593 1218/1218/593
f 1218/1218/593 1217/1217/593 1219/1219/564
f 1218/1218/593 1219/1219/564 1220/1220/564
f 719/719/242 1221/1221/616 1222/1222/611
f 719/719/242 1222/1222/611 720/720/594
f 721/721/162 722/722/595 772/772/612
f 721/721/162 772/772/612 771/771/636
f 230/230/163 773/773/637 788/788/648
f 230/230/163 788/788/648 251/251/179
f 252/252/180 789/789/649 800/800/660
f 252/252/180 800/800/660 267/267/195
f 268/268/196 801/801/661 822/822/680
f 268/268/196 822/822/680 292/292/218
f 343/343/263 848/848/701 843/843/697
f 343/343/263 843/843/697 319/319/241
f 363/363/283 865/865/717 862/862/714
f 363/363/283 862/862/714 342/342/262
f 383/383/303 881/881/733 878/878/730
f 383/383/303 878/878/730 362/362/282
f 403/403/323 897/897/749 894/894/746
f 403/403/323 894/894/746 382/382/302
f 417/417/337 913/913/765 910/910/762
f 417/417/337 910/910/762 402/402/322
f 9/9/9 95/95/64 921/921/773
f 9/9/9 921/921/773 416/416/336
