# Blender v3.5.0 OBJ File: ''
# www.blender.org
mtllib Flappy 03.mtl
o Object_6_Object_2
v 0.454273 0.928949 0.332387
v 0.487112 0.918191 0.309688
v 0.463073 0.916388 0.353114
v 0.430278 0.924640 0.373270
v 0.432921 0.938578 0.355816
v 0.421200 0.964113 0.424837
v 0.405652 0.946708 0.443041
v 0.419479 0.964086 0.440144
v 0.477028 0.948607 0.280633
v 0.467148 0.956554 0.300878
v 0.493628 0.949807 0.264343
v 0.610010 0.933099 0.184598
v 0.565310 0.941030 0.204084
v 0.583898 0.959205 0.213334
v 0.531881 0.904393 0.290371
v 0.529315 0.897387 0.345813
v 0.461358 0.948753 0.298529
v 0.563155 0.933827 0.198625
v 0.581604 0.924466 0.186278
v 0.640391 0.886026 0.148127
v 0.618596 0.901597 0.165608
v 0.645931 0.891144 0.146939
v 0.623990 0.888534 0.168249
v 0.612330 0.891334 0.180437
v 0.485269 0.977915 0.306312
v 0.467155 0.983261 0.351980
v 0.494626 0.991736 0.331080
v 0.526657 0.942045 0.229081
v 0.527585 0.945347 0.230667
v 0.544971 0.939563 0.213689
v 0.548082 0.952461 0.220841
v 0.666798 0.922539 0.171151
v 0.649091 0.908066 0.157640
v 0.631954 0.950349 0.198418
v 0.609060 0.411189 1.074660
v 0.631567 0.392908 1.075872
v 0.631729 0.419360 1.072851
v 0.621300 0.433290 1.070465
v 0.402909 0.940580 0.421518
v 0.420925 0.956753 0.398956
v 0.408086 0.935091 0.402492
v 0.443161 0.963315 0.358156
v 0.444104 0.976432 0.384440
v 0.608666 0.969968 0.223359
v 0.449968 0.942804 0.319687
v 0.314503 0.800767 0.760871
v 0.310471 0.779329 0.799486
v 0.329084 0.782771 0.821217
v 0.363050 0.826428 0.775550
v 0.333681 0.826531 0.736377
v 0.366180 0.856971 0.709764
v 0.553802 0.903573 0.247985
v 0.592413 0.888953 0.233292
v 0.562611 0.896465 0.260650
v 0.670792 0.968293 0.261657
v 0.693481 0.949832 0.230667
v 0.657049 0.967178 0.236059
v 0.635463 0.980951 0.261112
v 0.332320 0.843454 0.689141
v 0.321941 0.821031 0.723022
v 0.337461 0.853652 0.672941
v 0.338669 0.858648 0.652143
v 0.404949 0.918517 0.601901
v 0.353949 0.885276 0.620548
v 0.359702 0.895862 0.602692
v 0.362755 0.902689 0.581656
v 0.371410 0.914341 0.552358
v 0.388740 0.925254 0.558445
v 0.545820 1.001673 0.324832
v 0.577475 1.001525 0.332841
v 0.575767 0.998587 0.298420
v 0.622745 0.978553 0.241540
v 0.592774 0.983823 0.246943
v 0.606627 0.987741 0.261782
v 0.538239 0.974249 0.245695
v 0.525299 0.977735 0.261022
v 0.551775 0.969715 0.234968
v 0.405726 0.775555 0.874605
v 0.435784 0.751900 0.903018
v 0.451423 0.792270 0.858685
v 0.424087 0.811820 0.830861
v 0.524860 0.994859 0.304912
v 0.507458 1.000792 0.360685
v 0.675692 0.880502 0.140041
v 0.666477 0.873826 0.136409
v 0.650110 0.882248 0.140430
v 0.638425 0.967111 0.223479
v 0.597212 0.428659 1.070035
v 0.610953 0.447672 1.065743
v 0.602450 0.473704 1.055336
v 0.582472 0.897730 0.210090
v 0.510607 0.921239 0.271097
v 0.496046 0.940704 0.264159
v 0.509828 0.944038 0.246166
v 0.503922 0.978861 0.281872
v 0.510376 0.985073 0.289641
v 0.999969 0.625296 0.205226
v 1.007039 0.598008 0.207592
v 0.988184 0.607407 0.208145
v 0.958982 0.648345 0.193993
v 0.977061 0.644858 0.194056
v 0.900891 0.798771 0.411652
v 0.916766 0.785101 0.335132
v 0.875985 0.826259 0.284233
v 0.862825 0.843479 0.391887
v 0.845726 0.858406 0.294107
v 0.819146 0.883938 0.381499
v 0.810859 0.890279 0.329508
v 0.326976 0.834612 0.624850
v 0.325873 0.845702 0.603309
v 0.331272 0.853713 0.591672
v 0.386557 0.932410 0.523382
v 0.388494 0.935583 0.507107
v 0.369513 0.911932 0.523450
v 0.389169 0.922808 0.441194
v 0.400509 0.921689 0.441165
v 0.372872 0.905582 0.471843
v 0.367281 0.906524 0.491258
v 0.388247 0.925022 0.453231
v 0.431931 0.912183 0.408617
v 0.434901 0.899720 0.462458
v 0.406640 0.920787 0.413853
v 0.361451 0.896414 0.496143
v 0.402211 0.903223 0.457016
v 0.393007 0.913978 0.439861
v 0.395909 0.922129 0.423472
v 0.376217 0.922118 0.532922
v 0.356512 0.893247 0.518864
v 0.364589 0.889750 0.523590
v 0.357182 0.880696 0.525214
v 0.366121 0.890780 0.500064
v 0.398383 0.871962 0.539750
v 0.371141 0.866595 0.550400
v 0.380845 0.881414 0.516945
v 0.365566 0.847170 0.594109
v 0.334765 0.842717 0.615587
v 0.340233 0.870681 0.555215
v 0.329777 0.856189 0.584900
v 1.140549 0.323618 0.455941
v 1.158372 0.279246 0.383676
v 1.162296 0.309828 0.357367
v 1.149817 0.348403 0.391566
v 0.338945 0.872772 0.563944
v 0.341299 0.874159 0.575010
v 0.356858 0.896983 0.564053
v 0.352839 0.890298 0.544333
v 0.357577 0.889323 0.508105
v 0.791148 0.657704 0.878115
v 0.805738 0.650505 0.871328
v 0.819238 0.672251 0.837252
v 0.784119 0.695334 0.851594
v 0.808507 0.728799 0.791904
v 0.776188 0.729825 0.826363
v 0.788831 0.756070 0.785934
v 0.782739 0.745278 0.805180
v 0.755044 0.816961 0.124567
v 0.773808 0.814421 0.125056
v 0.778003 0.802933 0.124158
v 0.580491 0.976190 0.233507
v 0.622622 0.805480 0.607489
v 0.597242 0.805385 0.627127
v 0.547043 0.828847 0.601333
v 0.611934 0.827929 0.556582
v 0.558638 0.847934 0.547832
v 0.511002 0.813725 0.829553
v 0.455297 0.856171 0.767347
v 0.522957 0.847926 0.784064
v 0.507275 0.876823 0.736069
v 0.572089 0.998455 0.454119
v 0.605868 0.993308 0.453562
v 0.606777 0.996752 0.397686
v 0.567685 1.002447 0.397480
v 0.457207 0.989018 0.397910
v 0.441518 0.980026 0.412908
v 0.535170 0.808687 0.646929
v 0.474742 0.818769 0.637957
v 0.479925 0.848783 0.575932
v 0.761333 0.468139 1.011197
v 0.780667 0.462250 1.001195
v 0.790576 0.489449 0.982828
v 0.774236 0.511652 0.983652
v 0.873559 0.481924 0.909368
v 0.906973 0.459980 0.881964
v 0.935285 0.467327 0.845166
v 0.958483 0.475161 0.810983
v 0.949913 0.499201 0.807096
v 0.872896 0.508052 0.897289
v 0.907008 0.517762 0.852391
v 0.727317 0.661977 0.913073
v 0.755258 0.625972 0.927399
v 0.781028 0.628407 0.908896
v 0.737565 0.705024 0.871924
v 0.744061 0.748474 0.827784
v 0.760794 0.741327 0.826209
v 0.408853 0.954873 0.476272
v 0.413604 0.910674 0.638219
v 0.442195 0.941187 0.590758
v 0.449879 0.969894 0.502719
v 0.470908 0.963276 0.554296
v 0.459281 0.969656 0.525462
v 1.128268 0.295479 0.519569
v 1.133373 0.273797 0.486582
v 1.126905 0.319083 0.521588
v 0.774108 0.914656 0.431704
v 0.756972 0.928137 0.315195
v 0.731263 0.946430 0.419631
v 0.725306 0.951627 0.342999
v 0.726294 0.952131 0.382133
v 0.481770 0.946941 0.598340
v 0.518272 0.951330 0.594289
v 0.529368 0.973754 0.544766
v 0.503754 0.980264 0.522921
v 0.305284 0.720800 0.879624
v 0.314939 0.707163 0.905361
v 0.331905 0.712826 0.914873
v 0.346044 0.734727 0.901331
v 0.315233 0.742543 0.867467
v 0.332821 0.749042 0.876595
v 0.718264 0.878149 0.144554
v 0.718062 0.901356 0.162899
v 0.731830 0.887135 0.152154
v 0.478550 0.995878 0.379827
v 0.465050 0.992963 0.414831
v 0.483654 0.998830 0.409483
v 0.745033 0.869714 0.143974
v 1.011183 0.633869 0.220448
v 0.999488 0.652565 0.215220
v 0.966881 0.662656 0.188415
v 0.986462 0.670574 0.212160
v 0.952299 0.680958 0.185375
v 0.966957 0.684122 0.198682
v 0.638344 0.355658 1.073501
v 0.650583 0.328681 1.066516
v 0.670445 0.342099 1.065045
v 0.684412 0.379109 1.065824
v 0.653239 0.390739 1.073519
v 0.670810 0.398365 1.069478
v 0.726816 0.838497 0.125050
v 0.723912 0.834755 0.132578
v 0.717198 0.840185 0.126043
v 0.703991 0.851376 0.129399
v 0.720347 0.846905 0.133335
v 0.823182 0.785161 0.136545
v 0.798556 0.795654 0.129027
v 0.797417 0.794483 0.140280
v 0.388862 0.419318 1.069564
v 0.408547 0.375432 1.085988
v 0.428294 0.389413 1.085708
v 0.434393 0.506939 1.046839
v 0.381270 0.442502 1.061085
v 0.368291 0.487107 1.043821
v 0.366011 0.515703 1.037013
v 0.400143 0.564559 1.024256
v 0.371990 0.545921 1.029877
v 0.743362 0.891268 0.161595
v 0.611647 0.779695 0.667565
v 0.599043 0.767503 0.694650
v 0.568108 0.777345 0.692353
v 0.763165 0.887734 0.175932
v 0.757125 0.878407 0.156501
v 0.332813 0.852864 0.611836
v 0.325330 0.838206 0.645369
v 0.359444 0.895712 0.602415
v 0.826894 0.762116 0.154697
v 0.854859 0.749290 0.150462
v 0.844812 0.747212 0.175500
v 0.762212 0.800354 0.373236
v 0.763996 0.793428 0.395460
v 0.750778 0.804660 0.387838
v 0.788864 0.793356 0.127907
v 0.803997 0.780801 0.139075
v 0.776977 0.799350 0.133288
v 1.155568 0.248597 0.378342
v 1.154582 0.235002 0.358860
v 1.157104 0.238209 0.344122
v 1.158424 0.251733 0.336884
v 1.163035 0.266857 0.350035
v 0.830922 0.767038 0.136183
v 0.797435 0.816216 0.137802
v 0.811208 0.830129 0.153330
v 0.826751 0.800779 0.145264
v 0.708705 0.414475 1.054573
v 0.720253 0.395863 1.052344
v 0.732464 0.423120 1.041781
v 0.718924 0.444654 1.042471
v 0.741399 0.842126 0.128586
v 0.793757 0.855758 0.161919
v 0.774023 0.856662 0.148465
v 0.966115 0.324266 0.827619
v 0.991871 0.317515 0.792479
v 1.014790 0.333256 0.763330
v 0.947521 0.355608 0.855184
v 1.017632 0.358019 0.759872
v 0.970126 0.384131 0.825636
v 0.994667 0.389222 0.789965
v 0.840337 0.766514 0.136604
v 0.848439 0.766777 0.143784
v 0.855049 0.748622 0.140811
v 0.741424 0.819783 0.138840
v 0.784481 0.792651 0.182181
v 0.779710 0.795231 0.155847
v 0.684015 0.968446 0.300164
v 0.727545 0.942028 0.274653
v 0.713078 0.945538 0.248214
v 0.917567 0.261412 0.804759
v 0.920665 0.258135 0.818430
v 0.886036 0.266019 0.854118
v 0.897671 0.273076 0.811785
v 0.864480 0.282161 0.849156
v 0.422250 0.961982 0.492190
v 0.473139 0.991744 0.444062
v 0.765295 0.800369 0.361727
v 0.768240 0.798540 0.351784
v 0.860739 0.616386 0.840177
v 0.882185 0.596136 0.828140
v 0.901919 0.608943 0.784359
v 0.866455 0.684389 0.760242
v 0.840411 0.641827 0.842375
v 0.839138 0.723391 0.757501
v 0.817919 0.753903 0.749267
v 0.579649 0.761921 0.875109
v 0.642367 0.750529 0.867725
v 0.690069 0.788224 0.811888
v 0.572920 0.801882 0.832802
v 0.684063 0.816034 0.784178
v 0.633837 0.828163 0.786449
v 0.709671 0.841245 0.153936
v 0.840468 0.385652 0.964766
v 0.859040 0.342561 0.946398
v 0.886091 0.351781 0.924563
v 0.894886 0.377467 0.916193
v 0.874063 0.404279 0.933482
v 0.836406 0.518219 0.929967
v 0.816333 0.541663 0.936276
v 0.896079 0.543878 0.851427
v 0.795561 0.555785 0.944747
v 0.887336 0.569270 0.844540
v 0.794203 0.604079 0.916381
v 0.801927 0.626282 0.894619
v 0.822900 0.838934 0.170329
v 0.853311 0.831821 0.213345
v 0.844295 0.830902 0.188521
v 0.822321 0.860212 0.211489
v 0.791959 0.885003 0.212158
v 0.804748 0.777137 0.157221
v 0.338922 0.770166 0.853834
v 0.358261 0.779974 0.854369
v 0.371391 0.808632 0.818245
v 1.071027 0.570621 0.329884
v 1.079846 0.550421 0.293197
v 1.070198 0.566023 0.278877
v 1.058566 0.586352 0.274735
v 1.044556 0.616520 0.346175
v 1.045155 0.606739 0.268053
v 1.025288 0.639929 0.275285
v 1.012554 0.665836 0.363908
v 1.000426 0.676392 0.279835
v 1.010960 0.673307 0.351323
v 1.003757 0.685451 0.342988
v 0.968002 0.725558 0.314598
v 0.993251 0.700027 0.336061
v 0.981380 0.713830 0.327021
v 1.022255 0.606177 0.219616
v 1.031022 0.576331 0.221010
v 1.024833 0.578094 0.213531
v 0.787392 0.285772 0.971339
v 0.827634 0.284876 0.944837
v 0.828832 0.312903 0.962126
v 0.755460 0.300077 1.002092
v 0.772534 0.324183 1.007547
v 0.744920 0.799751 0.424935
v 0.329708 0.602392 0.986364
v 0.325149 0.591045 0.981873
v 0.336571 0.587526 0.996528
v 0.611752 0.322247 1.063954
v 0.627554 0.310633 1.050592
v 0.644292 0.315327 1.057956
v 0.636760 0.327295 1.067389
v 0.831525 0.753446 0.230899
v 0.818251 0.761176 0.280661
v 0.804015 0.769236 0.324483
v 0.776982 0.792034 0.320358
v 0.758544 0.805359 0.279033
v 0.852176 0.274936 0.918983
v 0.867224 0.264586 0.889594
v 0.893010 0.268941 0.876701
v 0.898718 0.284286 0.889869
v 0.871991 0.293040 0.921380
v 0.885750 0.286249 0.906829
v 0.717791 0.327688 0.961372
v 0.690516 0.323508 0.983564
v 0.674653 0.340808 0.982112
v 0.713724 0.374319 0.935280
v 0.683156 0.379540 0.952400
v 0.856455 0.824944 0.527576
v 0.904934 0.783682 0.476768
v 0.839875 0.853280 0.467897
v 0.848166 0.843232 0.498152
v 0.368400 0.763132 0.879834
v 0.406617 0.952641 0.497517
v 0.512766 1.001818 0.405468
v 0.682525 0.976012 0.353049
v 0.695316 0.968100 0.330778
v 0.645659 0.986703 0.344426
v 0.673861 0.978142 0.378726
v 0.708680 0.571364 0.818756
v 0.693662 0.570291 0.830849
v 0.677481 0.573101 0.836082
v 0.699108 0.598763 0.804458
v 0.659639 0.641334 0.791593
v 0.689301 0.629856 0.783300
v 0.610251 0.935113 0.616918
v 0.675352 0.911763 0.642220
v 0.707099 0.918968 0.598721
v 0.684007 0.951940 0.532961
v 0.604330 0.963644 0.557846
v 0.630893 0.969726 0.528545
v 0.983054 0.461432 0.783839
v 1.005197 0.448540 0.756383
v 1.018224 0.455118 0.730679
v 1.027871 0.462183 0.707607
v 1.005901 0.483382 0.731400
v 0.975436 0.508306 0.762173
v 0.866716 0.269556 0.865812
v 0.851573 0.264397 0.896283
v 0.833374 0.266793 0.911148
v 0.817239 0.271648 0.929469
v 0.797178 0.276068 0.943314
v 0.779908 0.281475 0.961204
v 0.759408 0.286515 0.973025
v 0.843074 0.287906 0.865127
v 0.741549 0.293863 0.987076
v 0.822629 0.293384 0.882219
v 0.735488 0.311455 0.964022
v 0.802202 0.298488 0.900265
v 0.780433 0.305524 0.918134
v 0.765333 0.310812 0.930099
v 0.747659 0.321106 0.940778
v 0.761473 0.887878 0.587423
v 0.770461 0.905238 0.496196
v 0.709528 0.948141 0.495625
v 0.452574 0.320828 1.077197
v 0.457143 0.312662 1.092637
v 0.435825 0.322331 1.095931
v 0.425233 0.338406 1.087122
v 0.442596 0.320516 1.098119
v 0.475964 0.304273 1.084681
v 0.689691 0.959369 0.502837
v 0.433271 0.347413 1.064723
v 0.389817 0.412636 1.064895
v 0.408195 0.368511 1.083211
v 0.391833 0.404455 1.072453
v 0.393524 0.863449 0.728087
v 0.408440 0.854109 0.759161
v 0.439454 0.876557 0.729477
v 0.459358 0.914911 0.660634
v 0.488172 0.992345 0.457100
v 0.562633 0.438022 1.063577
v 0.556885 0.391526 1.075107
v 0.577056 0.415726 1.072165
v 0.567636 0.430982 1.067421
v 0.625004 0.880792 0.192822
v 0.479871 0.962438 0.289075
v 1.116797 0.396474 0.506905
v 1.134265 0.414702 0.374015
v 1.100644 0.450626 0.507257
v 1.107560 0.459398 0.454254
v 0.562426 0.980705 0.245912
v 0.643763 0.458467 1.059518
v 0.657166 0.444497 1.062744
v 0.671242 0.453895 1.057383
v 0.685375 0.461654 1.050696
v 0.649883 0.503164 1.039243
v 0.699190 0.469108 1.042101
v 0.691471 0.503618 1.028474
v 0.657970 0.514911 1.032569
v 0.675871 0.508059 1.031757
v 0.845623 0.855159 0.270933
v 1.120276 0.460895 0.333551
v 1.132591 0.428928 0.307262
v 1.123428 0.450715 0.289280
v 1.114117 0.476414 0.295668
v 0.656362 0.324527 1.005240
v 0.638113 0.334334 1.006727
v 0.627525 0.364574 0.989771
v 0.624048 0.374932 0.984267
v 0.620061 0.383894 0.980473
v 0.664172 0.426000 0.936846
v 0.618452 0.417099 0.963543
v 0.616195 0.449381 0.947645
v 0.647048 0.473509 0.918598
v 0.616457 0.454164 0.945070
v 0.615510 0.457495 0.943722
v 0.612823 0.466868 0.939754
v 0.606729 0.492484 0.927603
v 0.629968 0.518946 0.899117
v 0.600415 0.517760 0.913783
v 0.770137 0.907095 0.227878
v 0.726275 0.915105 0.188861
v 0.749439 0.925366 0.248165
v 1.121996 0.243814 0.497608
v 1.142081 0.251282 0.436085
v 0.329832 0.680273 0.854851
v 0.312541 0.661941 0.881083
v 0.307589 0.697269 0.850444
v 0.727655 0.446171 0.885192
v 0.714567 0.431201 0.901595
v 0.675695 0.509200 0.878993
v 0.734863 0.464071 0.869688
v 0.740168 0.485097 0.851508
v 0.749116 0.506957 0.826826
v 0.764745 0.526977 0.794207
v 0.734656 0.549544 0.810018
v 0.958843 0.697838 0.199995
v 0.927056 0.699347 0.169339
v 0.934891 0.732494 0.195237
v 0.897121 0.724864 0.157955
v 0.886321 0.745921 0.157825
v 0.921667 0.748472 0.191981
v 0.870131 0.764873 0.158009
v 0.906896 0.762831 0.187329
v 0.886448 0.772724 0.175122
v 1.114162 0.362547 0.292953
v 1.115341 0.349722 0.301423
v 1.101021 0.374952 0.300758
v 1.105026 0.394512 0.281449
v 1.090922 0.405429 0.291730
v 0.326010 0.644614 0.889913
v 0.319050 0.633670 0.906715
v 0.487076 0.314846 1.094436
v 0.500598 0.312104 1.090081
v 0.503970 0.320874 1.091708
v 0.326673 0.580336 0.964641
v 0.339589 0.554408 0.978247
v 0.329274 0.567617 0.980660
v 0.368888 0.474111 1.038693
v 0.380204 0.461787 1.026999
v 0.377077 0.459196 1.034832
v 0.528575 0.308655 1.072290
v 0.517109 0.306965 1.059778
v 0.545557 0.316935 1.051122
v 0.553439 0.321688 1.066976
v 0.663570 0.690223 0.743419
v 0.602470 0.670706 0.797789
v 0.595375 0.703909 0.774040
v 0.648753 0.719632 0.723885
v 0.604604 0.723913 0.748876
v 0.632220 0.743901 0.707158
v 0.612588 0.745010 0.718698
v 0.492956 0.302475 1.087837
v 0.483105 0.305777 1.091352
v 0.382359 0.432569 1.060977
v 0.473519 0.329473 1.052522
v 0.442739 0.354067 1.049922
v 0.337137 0.544910 0.996696
v 0.346757 0.528525 1.011895
v 0.343082 0.531770 1.013830
v 0.338913 0.605195 0.923812
v 0.329424 0.593797 0.945707
v 0.317233 0.618249 0.928815
v 0.735904 0.473542 1.023735
v 0.728330 0.512573 1.009030
v 0.693788 0.540389 1.005767
v 0.334684 0.565841 1.002187
v 0.342291 0.554408 1.010806
v 0.360126 0.520902 0.992385
v 0.385485 0.428752 1.061098
v 0.956981 0.551558 0.754932
v 0.983175 0.549941 0.717208
v 0.985138 0.567356 0.696330
v 0.983404 0.590091 0.671947
v 0.958212 0.620599 0.684444
v 0.930357 0.655358 0.692461
v 0.901074 0.692941 0.695455
v 0.866511 0.711378 0.729409
v 0.873090 0.728794 0.693277
v 0.319596 0.604932 0.954253
v 0.316749 0.615626 0.966052
v 0.314116 0.638747 0.949514
v 0.354732 0.559698 0.958426
v 0.333015 0.626609 0.976599
v 0.558984 0.853247 0.775012
v 0.598298 0.857903 0.760793
v 0.637061 0.860049 0.745257
v 0.672598 0.887362 0.691190
v 0.545852 0.923211 0.649478
v 0.643608 0.391083 1.076163
v 0.656035 0.417674 1.069554
v 0.640677 0.433916 1.068603
v 0.333085 0.623864 0.906422
v 0.375986 0.570980 0.938373
v 0.356599 0.537496 1.025802
v 0.367529 0.564893 1.022982
v 0.364968 0.583573 1.011551
v 0.854241 0.418647 0.952619
v 0.906451 0.428212 0.893386
v 0.836328 0.431670 0.966755
v 0.821481 0.445877 0.974622
v 0.837882 0.474414 0.948605
v 1.069280 0.275878 0.647367
v 1.099385 0.266866 0.576496
v 1.117146 0.289461 0.547823
v 1.076835 0.303098 0.646387
v 1.099102 0.299492 0.597721
v 0.416601 0.362807 1.089118
v 0.417337 0.345065 1.092190
v 0.426263 0.333663 1.095992
v 0.422321 0.361553 1.092963
v 0.707114 0.652989 0.746070
v 0.702692 0.678432 0.723697
v 0.698488 0.701774 0.700288
v 0.680751 0.700005 0.719693
v 0.532460 0.322193 1.078500
v 0.357422 0.512514 1.030261
v 0.816732 0.873544 0.239412
v 0.511656 0.993219 0.481762
v 0.334180 0.817236 0.653028
v 0.317463 0.807346 0.676016
v 0.316214 0.816582 0.663787
v 0.348012 0.830652 0.628633
v 0.440164 0.362808 1.094099
v 0.713825 0.825772 0.758964
v 0.717992 0.859708 0.711351
v 0.700047 0.882940 0.687602
v 0.972532 0.713032 0.401218
v 0.435209 0.619987 0.999728
v 0.362101 0.616839 0.993598
v 0.394295 0.639598 0.986357
v 0.342375 0.712620 0.816048
v 0.381765 0.694160 0.828652
v 0.417937 0.398339 1.035776
v 0.413011 0.393109 1.045828
v 0.387357 0.436963 1.041992
v 0.394648 0.450834 1.018913
v 0.377869 0.448449 1.047707
v 0.759447 0.430836 1.023403
v 0.788178 0.404887 1.006723
v 0.794972 0.435658 0.998311
v 0.350542 0.511023 1.022339
v 0.456805 0.325946 1.097272
v 1.011254 0.580939 0.214847
v 0.573891 0.993456 0.272839
v 0.728186 0.396233 0.912345
v 0.733101 0.362653 0.927874
v 0.955009 0.723152 0.227059
v 0.976692 0.689972 0.221433
v 0.926546 0.760196 0.233729
v 0.921783 0.748651 0.192391
v 0.888904 0.803951 0.242486
v 0.893400 0.775906 0.183815
v 0.877490 0.784842 0.176040
v 0.854344 0.817236 0.181082
v 0.561765 0.359987 1.076546
v 0.546139 0.356071 1.080118
v 0.568664 0.319320 1.052918
v 0.582272 0.327822 1.066133
v 0.510380 0.305194 1.080741
v 0.494478 0.305345 1.069745
v 0.520416 0.337393 1.085876
v 0.512662 0.375571 1.083463
v 0.452745 0.379450 1.090247
v 0.485385 0.382440 1.086606
v 1.101386 0.413209 0.559253
v 1.076737 0.450034 0.601412
v 1.057788 0.496517 0.603091
v 1.071487 0.496183 0.556136
v 0.613634 0.347712 1.074642
v 0.593329 0.362832 1.076120
v 0.598523 0.413875 1.074218
v 0.545554 0.334934 1.027658
v 0.565422 0.334588 1.026360
v 0.597790 0.313575 1.055011
v 1.021675 0.406236 0.742713
v 1.057676 0.395740 0.679996
v 1.073962 0.408571 0.642083
v 1.012980 0.428551 0.751978
v 1.068665 0.436845 0.637012
v 1.050630 0.449705 0.669891
v 0.765252 0.288297 0.981172
v 1.078556 0.244681 0.515390
v 1.094928 0.228194 0.516425
v 1.073268 0.230539 0.566523
v 1.043932 0.243775 0.607159
v 1.032391 0.274485 0.585570
v 0.294414 0.744491 0.817301
v 0.296433 0.724609 0.839472
v 0.301714 0.734516 0.854358
v 0.311027 0.757081 0.840927
v 0.299309 0.764117 0.792684
v 0.305139 0.767427 0.812878
v 0.321611 0.654556 0.951242
v 0.334992 0.651843 0.964251
v 0.337348 0.674342 0.949517
v 0.306230 0.795363 0.697964
v 0.306753 0.805903 0.679771
v 0.315384 0.822616 0.652969
v 1.121825 0.260139 0.517701
v 0.307040 0.800785 0.717609
v 0.299164 0.786281 0.721878
v 0.298964 0.779347 0.730278
v 0.560487 0.353122 1.011183
v 0.817190 0.834617 0.605319
v 0.890102 0.300034 0.908464
v 0.924850 0.290215 0.861536
v 0.911350 0.312967 0.889996
v 0.497093 0.386970 1.005698
v 0.473581 0.382333 1.016572
v 0.447993 0.449446 0.988274
v 0.498529 0.450203 0.972526
v 0.465565 0.496689 0.956815
v 0.489316 0.479937 0.959709
v 0.527053 0.391571 1.079463
v 0.541230 0.395985 1.077015
v 0.569866 0.478175 1.050350
v 0.582199 0.507888 1.040141
v 0.474767 0.567724 1.024018
v 0.596445 0.526394 1.032249
v 0.611810 0.537333 1.027465
v 0.613195 0.561414 1.015930
v 0.595249 0.589734 1.003704
v 0.515066 0.576417 1.019515
v 0.547134 0.583022 1.014126
v 0.573113 0.587913 1.008548
v 0.298853 0.694383 0.877996
v 0.304838 0.673294 0.915587
v 0.310259 0.685622 0.918456
v 0.306201 0.703963 0.899659
v 0.296839 0.713325 0.866379
v 0.599379 0.327749 1.020207
v 0.610190 0.323043 1.022098
v 0.599459 0.327442 1.020444
v 0.588123 0.334523 1.018278
v 0.697053 0.963412 0.443014
v 0.676486 0.970586 0.472865
v 0.563342 0.362272 1.004180
v 0.561136 0.362456 1.004523
v 0.553448 0.991669 0.274032
v 0.334766 0.694699 0.933313
v 0.615517 0.544231 1.024172
v 0.573446 0.702895 0.936550
v 0.610448 0.702163 0.926207
v 0.647828 0.702742 0.911057
v 0.540958 0.702817 0.942096
v 0.526031 0.733065 0.916198
v 0.605296 0.354896 1.077384
v 0.626142 0.446310 1.066498
v 0.592279 0.402425 1.074944
v 0.598366 0.390938 1.076772
v 0.707951 0.369502 1.058636
v 0.687890 0.399487 1.064477
v 0.310354 0.805974 0.688466
v 0.501299 0.319432 1.046795
v 0.514289 0.341771 1.027051
v 0.629431 0.438770 1.069114
v 0.593036 0.492755 1.048383
v 0.611879 0.516215 1.037506
v 0.586032 0.504604 1.042958
v 0.498121 0.472232 0.961569
v 0.555485 0.370022 1.078341
v 0.324127 0.840850 0.619041
v 0.299827 0.760496 0.752768
v 0.300930 0.776531 0.726992
v 0.305487 0.803472 0.691560
v 0.570054 0.358556 1.005293
v 0.615141 0.309015 1.048514
v 0.615085 0.529993 1.031213
v 0.614805 0.522243 1.035071
v 0.296498 0.773732 0.754110
v 1.058563 0.492376 0.257812
v 1.070554 0.453433 0.286620
v 1.024711 0.477839 0.369073
v 0.977246 0.508945 0.445948
v 1.028679 0.533587 0.261879
v 0.926602 0.547017 0.515966
v 0.996868 0.544862 0.331540
v 0.967679 0.560839 0.387927
v 0.898724 0.601541 0.499966
v 0.940697 0.581355 0.428441
v 0.913475 0.605539 0.457914
v 0.620336 0.563747 1.013918
v 0.937013 0.659562 0.199764
v 0.934679 0.652647 0.230835
v 0.902940 0.676463 0.278914
v 0.919058 0.681438 0.175995
v 0.872315 0.700626 0.326218
v 0.903087 0.695892 0.168696
v 0.884567 0.711544 0.164226
v 0.841559 0.723984 0.372881
v 0.867085 0.729166 0.162514
v 0.814685 0.753027 0.366675
v 0.378261 0.479258 1.010062
v 0.573529 0.718542 0.768256
v 0.546900 0.733898 0.758256
v 0.560599 0.755767 0.727388
v 0.623767 0.310335 1.041208
v 0.631940 0.317159 1.026060
v 0.407489 0.473421 0.992346
v 0.376591 0.522832 0.973860
v 0.469832 0.548436 0.927119
v 0.377775 0.544537 0.955698
v 0.437150 0.577121 0.917615
v 0.312613 0.638404 0.906668
v 0.714423 0.294702 1.005598
v 0.701143 0.300076 1.025532
v 0.725967 0.303266 1.025012
v 0.398662 0.823807 0.807847
v 0.302567 0.785082 0.758080
v 0.295320 0.758705 0.763034
v 0.294960 0.772935 0.738665
v 0.333056 0.848854 0.663743
v 0.298827 0.714907 0.828104
v 0.302708 0.734066 0.805350
v 0.477593 0.695455 0.809766
v 0.494551 0.725635 0.776074
v 0.439533 0.742267 0.762823
v 0.705661 0.894713 0.661853
v 0.735097 0.863842 0.689139
v 0.756226 0.873780 0.644995
v 0.707213 0.909934 0.630085
v 0.569486 0.978940 0.529415
v 0.586287 0.352830 1.006150
v 0.598469 0.364869 0.996290
v 0.609480 0.375576 0.987554
v 0.619656 0.992404 0.311066
v 0.604034 0.986643 0.492433
v 0.579282 0.990507 0.492114
v 0.394611 0.679689 0.959990
v 0.359701 0.690365 0.945932
v 0.311390 0.734416 0.791186
v 0.839181 0.830065 0.176206
v 0.592393 0.561201 0.888214
v 0.550763 0.588781 0.883675
v 0.527971 0.624482 0.863336
v 0.541720 0.665469 0.823466
v 0.857725 0.770501 0.649176
v 0.812556 0.797667 0.693030
v 0.484995 0.872147 0.519714
v 0.320991 0.641117 0.959630
v 1.054597 0.583284 0.416295
v 1.088982 0.529091 0.365444
v 1.082654 0.548214 0.348329
v 0.996525 0.671896 0.435744
v 0.314205 0.808696 0.736311
v 0.808681 0.509818 0.756357
v 0.796727 0.490588 0.784956
v 0.815451 0.533727 0.727276
v 0.787303 0.556081 0.743920
v 0.313512 0.815599 0.684141
v 0.922256 0.369705 0.886613
v 0.966998 0.398597 0.827666
v 0.936551 0.415396 0.862212
v 0.396832 0.831955 0.620753
v 1.029534 0.555673 0.229963
v 1.004007 0.568689 0.245841
v 0.725444 0.829187 0.148620
v 0.486451 0.651872 0.979606
v 0.466214 0.615900 1.002238
v 0.649199 0.826792 0.505081
v 0.609886 0.852343 0.471437
v 0.583730 0.853547 0.510558
v 1.054337 0.538969 0.543580
v 1.024849 0.540914 0.638003
v 1.009228 0.601857 0.579543
v 1.002544 0.587976 0.628864
v 0.901026 0.328744 0.906110
v 0.927035 0.329103 0.876551
v 0.566616 0.633468 0.981077
v 0.530031 0.666648 0.968009
v 0.724159 0.795562 0.475640
v 0.736157 0.799251 0.448276
v 0.660795 0.859739 0.262949
v 0.659902 0.853420 0.330044
v 0.599163 0.869225 0.387225
v 0.645524 0.867700 0.252799
v 0.622284 0.877389 0.241927
v 1.109295 0.227893 0.500894
v 1.128669 0.228816 0.437915
v 0.835834 0.716231 0.423991
v 0.809652 0.738795 0.440128
v 0.796144 0.763384 0.401079
v 0.667243 0.859379 0.202129
v 0.441171 0.705612 0.943277
v 0.464004 0.731458 0.923322
v 1.045255 0.535226 0.226246
v 1.055969 0.514488 0.238064
v 0.996965 0.586893 0.222632
v 1.032792 0.557474 0.218967
v 1.059502 0.514898 0.228117
v 1.145238 0.231739 0.378763
v 0.925303 0.692120 0.168156
v 0.902381 0.707928 0.157696
v 0.907415 0.699896 0.163157
v 1.077652 0.474917 0.248258
v 1.152592 0.274899 0.321362
v 1.151495 0.241302 0.347413
v 1.131738 0.229783 0.400175
v 0.986071 0.623299 0.618257
v 0.962704 0.662555 0.609054
v 0.931406 0.704404 0.604237
v 1.145514 0.397014 0.328964
v 0.755221 0.701430 0.631691
v 0.737833 0.698881 0.658707
v 0.713615 0.718799 0.659931
v 0.770823 0.704636 0.601239
v 0.785551 0.708301 0.564612
v 0.762657 0.749774 0.522486
v 0.705269 0.750037 0.622446
v 0.724288 0.756272 0.585273
v 0.743299 0.756125 0.552973
v 0.644630 0.529963 1.027347
v 0.800415 0.729624 0.488010
v 1.110236 0.225808 0.482065
v 1.107368 0.231647 0.460694
v 1.084659 0.230057 0.560787
v 1.067562 0.235209 0.602362
v 1.056094 0.235197 0.606952
v 1.161074 0.328449 0.325029
v 1.154413 0.365441 0.318858
v 1.151818 0.333269 0.300821
v 1.142844 0.344069 0.287979
v 1.142091 0.339896 0.293195
v 1.141086 0.234985 0.366645
v 1.134798 0.238279 0.371097
v 1.093836 0.459284 0.250678
v 1.081632 0.475849 0.239213
v 1.117115 0.386703 0.277154
v 1.126263 0.346150 0.293751
v 1.129312 0.358383 0.283618
v 1.087594 0.458353 0.247550
v 1.100197 0.426534 0.266657
v 1.069692 0.494165 0.235192
v 1.064042 0.519137 0.233802
v 1.074173 0.497911 0.239646
v 1.049702 0.538123 0.229224
v 1.109958 0.434887 0.258995
v 1.122426 0.409360 0.272434
v 1.092901 0.522230 0.284087
v 1.102619 0.495909 0.278700
v 1.092725 0.519513 0.277163
v 1.081674 0.543878 0.279632
v 1.048595 0.537109 0.223193
v 1.073087 0.495911 0.232613
v 1.113931 0.473460 0.281987
v 1.091857 0.484626 0.254539
v 0.541209 0.998244 0.468826
v 0.651365 0.611124 0.974132
v 0.680483 0.658119 0.933913
v 1.108357 0.239790 0.528685
v 0.382985 0.896584 0.475708
v 0.689433 0.307788 1.042680
v 0.723534 0.316712 1.041545
v 0.699308 0.321277 1.052705
v 0.710909 0.316865 1.048808
v 1.141709 0.310173 0.304425
v 1.152548 0.301899 0.306722
v 1.110956 0.361618 0.565687
v 1.105806 0.389679 0.569990
v 0.995267 0.260793 0.671123
v 0.984739 0.250190 0.713315
v 0.979082 0.260987 0.699897
v 1.146943 0.317668 0.296439
v 1.161076 0.280825 0.326830
v 1.165450 0.287393 0.345740
v 1.142744 0.369386 0.288934
v 1.137522 0.374269 0.280703
v 1.151541 0.355732 0.302034
v 1.141532 0.250324 0.346074
v 1.165983 0.307240 0.332201
v 1.013660 0.276247 0.737804
v 1.016207 0.257395 0.715291
v 1.049964 0.277781 0.684190
v 1.036726 0.297272 0.716704
v 0.987819 0.592637 0.227120
v 0.981156 0.580268 0.286535
v 0.959425 0.594505 0.325978
v 0.966688 0.624552 0.213917
v 0.938521 0.609743 0.364393
v 0.918143 0.623994 0.402040
v 0.897009 0.637179 0.438800
v 0.856119 0.682385 0.453316
v 1.079286 0.516137 0.483519
v 1.069600 0.549715 0.449677
v 1.133162 0.408080 0.285484
v 1.127862 0.423240 0.280366
v 1.104243 0.498480 0.285932
v 1.109288 0.229504 0.505349
v 1.010574 0.246999 0.667457
v 1.011647 0.242043 0.682211
v 0.997754 0.247311 0.718513
v 0.983332 0.245880 0.728410
v 0.967045 0.675966 0.558935
v 0.481089 0.604846 0.888962
v 0.956683 0.714283 0.491307
v 1.089986 0.226193 0.536971
v 1.026367 0.238186 0.659996
v 1.039322 0.238677 0.647207
v 1.023284 0.243176 0.682239
v 1.059903 0.247641 0.633639
v 1.060228 0.273917 0.666660
v 1.027289 0.240435 0.649095
v 0.968299 0.250832 0.750586
v 0.992356 0.258409 0.748984
v 0.631548 0.765216 0.677736
v 0.678432 0.767483 0.626784
v 0.643677 0.772906 0.655881
v 0.650398 0.782011 0.631449
v 0.935318 0.262288 0.819975
v 0.950674 0.253158 0.786374
v 0.974932 0.259951 0.776035
v 0.979427 0.278654 0.789601
v 0.955377 0.285240 0.823910
v 0.968298 0.279340 0.807577
v 1.034490 0.241372 0.628455
v 0.936663 0.258652 0.783347
v 0.976709 0.267841 0.692550
v 0.962424 0.271222 0.714317
v 0.745581 0.652486 0.706114
v 0.727394 0.652282 0.726854
v 0.742612 0.675647 0.682872
v 0.876809 0.731839 0.148312
v 0.886045 0.714857 0.158164
v 0.868738 0.734626 0.147046
v 1.062811 0.294512 0.670902
v 1.048871 0.318915 0.704292
v 1.036265 0.341940 0.730061
v 1.068882 0.333265 0.667942
v 1.074971 0.368939 0.652784
v 0.873215 0.580448 0.584739
v 0.842197 0.574138 0.647981
v 0.811467 0.593054 0.677395
v 0.853736 0.613187 0.584216
v 0.785776 0.598021 0.708961
v 0.764833 0.628284 0.707460
v 0.837665 0.641933 0.575996
v 0.824405 0.668731 0.558161
v 0.799110 0.835228 0.652703
v 0.982532 0.435225 0.540468
v 0.992962 0.400688 0.552820
v 0.980979 0.415296 0.565149
v 0.966948 0.424923 0.584035
v 0.950047 0.432738 0.608057
v 0.929736 0.441222 0.635740
v 0.969042 0.467979 0.532212
v 0.906214 0.451314 0.665392
v 0.877820 0.492488 0.673500
v 0.950601 0.504475 0.524877
v 0.846130 0.534648 0.682384
v 0.929982 0.677138 0.173332
v 0.525783 0.561736 0.907535
v 0.820588 0.495105 0.955781
v 1.127390 0.321567 0.308227
v 0.783929 0.811477 0.715919
v 0.756821 0.817204 0.737725
v 0.775366 0.858576 0.652236
v 1.141489 0.278209 0.324438
v 1.132315 0.284450 0.328866
v 1.134331 0.256463 0.349455
v 0.937820 0.280276 0.750364
v 1.012987 0.341476 0.564257
v 0.922165 0.336934 0.729426
v 0.912342 0.384136 0.708716
v 0.908090 0.420682 0.687435
v 1.151788 0.381165 0.322937
v 0.914178 0.693015 0.162503
v 0.562807 0.539886 0.911973
v 1.016290 0.639757 0.238946
v 0.999607 0.652694 0.215557
v 0.999925 0.667905 0.246973
v 0.852285 0.654587 0.519833
v 0.834963 0.691028 0.490648
v 1.033588 0.618442 0.250061
v 1.023254 0.626133 0.234734
v 0.509617 0.948445 0.246523
v 0.675003 0.320201 1.057233
v 0.709506 0.343193 1.055743
v 1.042184 0.559303 0.224922
v 1.070220 0.563349 0.271743
v 1.058347 0.584059 0.268308
v 1.046299 0.601277 0.258392
v 0.912228 0.266267 0.847228
v 0.460306 0.886874 0.491080
v 0.660103 0.315644 1.058611
v 0.852817 0.263089 0.900921
v 0.840111 0.269143 0.917822
v 0.716222 0.827829 0.327167
v 0.763415 0.368207 1.024403
v 0.729213 0.796049 0.784144
v 0.673818 0.314769 1.005950
v 0.679297 0.303239 1.025273
v 0.662105 0.304457 1.032288
v 0.646251 0.309730 1.039514
v 0.644174 0.315381 1.023442
v 0.802475 0.279228 0.951664
v 0.854659 0.308735 0.838453
v 0.843004 0.288281 0.864884
v 0.802157 0.298831 0.900033
v 0.845029 0.336028 0.830216
v 0.835212 0.365900 0.822574
v 0.824914 0.400621 0.812900
v 0.812615 0.442038 0.800248
v 1.094056 0.374028 0.609294
v 1.091083 0.391415 0.611919
v 0.743809 0.316403 1.027099
v 0.751779 0.528675 0.990301
v 0.752887 0.560601 0.973264
v 0.754287 0.592296 0.952665
v 0.928514 0.271221 0.772128
v 0.915193 0.275353 0.782837
v 0.695235 0.297638 1.015093
v 0.669750 0.309005 1.045751
v 0.713949 0.326531 1.050759
v 0.641814 0.983473 0.465375
v 0.732259 0.818565 0.360063
v 0.999491 0.542124 0.696392
v 1.012795 0.539909 0.670646
v 1.028225 0.314153 0.737954
v 0.724823 0.328309 1.045525
v 0.718558 0.354767 1.053706
v 0.733306 0.373914 1.046419
v 0.773945 0.788543 0.761503
v 0.974624 0.302555 0.809482
v 1.004793 0.297600 0.765621
v 0.936154 0.252974 0.796969
v 0.962789 0.258720 0.738325
v 0.924664 0.279217 0.765976
v 0.944344 0.308274 0.848782
v 0.875930 0.313074 0.926176
v 0.852174 0.299964 0.940287
v 0.702788 0.322223 0.975218
v 0.726338 0.292923 0.995818
v 0.464967 0.782703 0.700272
v 1.100087 0.391251 0.589121
v 0.352236 0.713314 0.925157
v 0.454273 0.928949 -0.332387
v 0.463073 0.916388 -0.353114
v 0.487112 0.918191 -0.309688
v 0.430278 0.924640 -0.373270
v 0.432921 0.938578 -0.355816
v 0.421200 0.964113 -0.424837
v 0.419479 0.964086 -0.440144
v 0.405652 0.946708 -0.443041
v 0.477028 0.948607 -0.280633
v 0.493628 0.949807 -0.264343
v 0.467148 0.956554 -0.300878
v 0.610010 0.933099 -0.184598
v 0.583898 0.959205 -0.213334
v 0.565310 0.941030 -0.204084
v 0.529315 0.897387 -0.345813
v 0.531881 0.904393 -0.290371
v 0.461358 0.948753 -0.298529
v 0.563155 0.933827 -0.198625
v 0.581604 0.924466 -0.186278
v 0.640391 0.886026 -0.148127
v 0.645931 0.891144 -0.146939
v 0.618596 0.901597 -0.165608
v 0.612330 0.891334 -0.180437
v 0.623990 0.888534 -0.168249
v 0.485269 0.977915 -0.306312
v 0.494626 0.991736 -0.331080
v 0.467155 0.983261 -0.351980
v 0.526657 0.942045 -0.229081
v 0.544971 0.939563 -0.213689
v 0.527585 0.945347 -0.230667
v 0.548082 0.952461 -0.220841
v 0.649091 0.908066 -0.157640
v 0.666798 0.922539 -0.171151
v 0.631954 0.950349 -0.198418
v 0.631729 0.419360 -1.072851
v 0.631567 0.392908 -1.075872
v 0.609060 0.411189 -1.074660
v 0.621300 0.433290 -1.070465
v 0.402909 0.940580 -0.421518
v 0.408086 0.935091 -0.402492
v 0.420925 0.956753 -0.398956
v 0.444104 0.976432 -0.384440
v 0.443161 0.963315 -0.358156
v 0.608666 0.969968 -0.223359
v 0.449968 0.942804 -0.319687
v 0.329084 0.782771 -0.821217
v 0.310471 0.779329 -0.799486
v 0.314503 0.800767 -0.760871
v 0.363050 0.826428 -0.775550
v 0.333681 0.826531 -0.736377
v 0.366180 0.856971 -0.709764
v 0.562611 0.896465 -0.260650
v 0.592413 0.888953 -0.233292
v 0.553802 0.903573 -0.247985
v 0.657049 0.967178 -0.236059
v 0.693481 0.949832 -0.230667
v 0.670792 0.968293 -0.261657
v 0.635463 0.980951 -0.261112
v 0.321941 0.821031 -0.723022
v 0.332320 0.843454 -0.689141
v 0.337461 0.853652 -0.672941
v 0.338669 0.858648 -0.652143
v 0.404949 0.918517 -0.601901
v 0.353949 0.885276 -0.620548
v 0.359702 0.895862 -0.602692
v 0.362755 0.902689 -0.581656
v 0.371410 0.914341 -0.552358
v 0.388740 0.925254 -0.558445
v 0.545820 1.001673 -0.324832
v 0.575767 0.998587 -0.298420
v 0.577475 1.001525 -0.332841
v 0.592774 0.983823 -0.246943
v 0.622745 0.978553 -0.241540
v 0.606627 0.987741 -0.261782
v 0.538239 0.974249 -0.245695
v 0.551775 0.969715 -0.234968
v 0.525299 0.977735 -0.261022
v 0.451423 0.792270 -0.858685
v 0.435784 0.751900 -0.903018
v 0.405726 0.775555 -0.874605
v 0.424087 0.811820 -0.830861
v 0.507458 1.000792 -0.360685
v 0.524860 0.994859 -0.304912
v 0.650110 0.882248 -0.140430
v 0.666477 0.873826 -0.136409
v 0.675692 0.880502 -0.140041
v 0.638425 0.967111 -0.223479
v 0.597212 0.428659 -1.070035
v 0.602450 0.473704 -1.055336
v 0.610953 0.447672 -1.065743
v 0.582472 0.897730 -0.210090
v 0.510607 0.921239 -0.271097
v 0.496046 0.940704 -0.264159
v 0.509828 0.944038 -0.246166
v 0.503922 0.978861 -0.281872
v 0.510376 0.985073 -0.289641
v 0.988184 0.607407 -0.208145
v 1.007039 0.598008 -0.207592
v 0.999969 0.625296 -0.205226
v 0.958982 0.648345 -0.193993
v 0.977061 0.644858 -0.194056
v 0.875985 0.826259 -0.284233
v 0.916766 0.785101 -0.335132
v 0.900891 0.798771 -0.411652
v 0.862825 0.843479 -0.391887
v 0.845726 0.858406 -0.294107
v 0.819146 0.883938 -0.381499
v 0.810859 0.890279 -0.329508
v 0.326976 0.834612 -0.624850
v 0.331272 0.853713 -0.591672
v 0.325873 0.845702 -0.603309
v 0.386557 0.932410 -0.523382
v 0.369513 0.911932 -0.523450
v 0.388494 0.935583 -0.507107
v 0.400509 0.921689 -0.441165
v 0.389169 0.922808 -0.441194
v 0.367281 0.906524 -0.491258
v 0.372872 0.905582 -0.471843
v 0.388247 0.925022 -0.453231
v 0.434901 0.899720 -0.462458
v 0.431931 0.912183 -0.408617
v 0.406640 0.920787 -0.413853
v 0.361451 0.896414 -0.496143
v 0.402211 0.903223 -0.457016
v 0.393007 0.913978 -0.439861
v 0.395909 0.922129 -0.423472
v 0.376217 0.922118 -0.532922
v 0.364589 0.889750 -0.523590
v 0.356512 0.893247 -0.518864
v 0.357182 0.880696 -0.525214
v 0.366121 0.890780 -0.500064
v 0.371141 0.866595 -0.550400
v 0.398383 0.871962 -0.539750
v 0.380845 0.881414 -0.516945
v 0.334765 0.842717 -0.615587
v 0.365566 0.847170 -0.594109
v 0.340233 0.870681 -0.555215
v 0.329777 0.856189 -0.584900
v 1.162296 0.309828 -0.357367
v 1.158372 0.279246 -0.383676
v 1.140549 0.323618 -0.455941
v 1.149817 0.348403 -0.391566
v 0.338945 0.872772 -0.563944
v 0.341299 0.874159 -0.575010
v 0.352839 0.890298 -0.544333
v 0.356858 0.896983 -0.564053
v 0.357577 0.889323 -0.508105
v 0.819238 0.672251 -0.837252
v 0.805738 0.650505 -0.871328
v 0.791148 0.657704 -0.878115
v 0.784119 0.695334 -0.851594
v 0.808507 0.728799 -0.791904
v 0.776188 0.729825 -0.826363
v 0.788831 0.756070 -0.785934
v 0.782739 0.745278 -0.805180
v 0.755044 0.816961 -0.124567
v 0.778003 0.802933 -0.124158
v 0.773808 0.814421 -0.125056
v 0.580491 0.976190 -0.233507
v 0.547043 0.828847 -0.601333
v 0.597242 0.805385 -0.627127
v 0.622622 0.805480 -0.607489
v 0.611934 0.827929 -0.556582
v 0.558638 0.847934 -0.547832
v 0.511002 0.813725 -0.829553
v 0.455297 0.856171 -0.767347
v 0.522957 0.847926 -0.784064
v 0.507275 0.876823 -0.736069
v 0.606777 0.996752 -0.397686
v 0.605868 0.993308 -0.453562
v 0.572089 0.998455 -0.454119
v 0.567685 1.002447 -0.397480
v 0.457207 0.989018 -0.397910
v 0.441518 0.980026 -0.412908
v 0.474742 0.818769 -0.637957
v 0.535170 0.808687 -0.646929
v 0.479925 0.848783 -0.575932
v 0.790576 0.489449 -0.982828
v 0.780667 0.462250 -1.001195
v 0.761333 0.468139 -1.011197
v 0.774236 0.511652 -0.983652
v 0.935285 0.467327 -0.845166
v 0.906973 0.459980 -0.881964
v 0.873559 0.481924 -0.909368
v 0.958483 0.475161 -0.810983
v 0.949913 0.499201 -0.807096
v 0.872896 0.508052 -0.897289
v 0.907008 0.517762 -0.852391
v 0.781028 0.628407 -0.908896
v 0.755258 0.625972 -0.927399
v 0.727317 0.661977 -0.913073
v 0.737565 0.705024 -0.871924
v 0.744061 0.748474 -0.827784
v 0.760794 0.741327 -0.826209
v 0.408853 0.954873 -0.476272
v 0.442195 0.941187 -0.590758
v 0.413604 0.910674 -0.638219
v 0.449879 0.969894 -0.502719
v 0.470908 0.963276 -0.554296
v 0.459281 0.969656 -0.525462
v 1.133373 0.273797 -0.486582
v 1.128268 0.295479 -0.519569
v 1.126905 0.319083 -0.521588
v 0.774108 0.914656 -0.431704
v 0.756972 0.928137 -0.315195
v 0.731263 0.946430 -0.419631
v 0.725306 0.951627 -0.342999
v 0.726294 0.952131 -0.382133
v 0.518272 0.951330 -0.594289
v 0.481770 0.946941 -0.598340
v 0.529368 0.973754 -0.544766
v 0.503754 0.980264 -0.522921
v 0.331905 0.712826 -0.914873
v 0.314939 0.707163 -0.905361
v 0.305284 0.720800 -0.879624
v 0.346044 0.734727 -0.901331
v 0.315233 0.742543 -0.867467
v 0.332821 0.749042 -0.876595
v 0.718264 0.878149 -0.144554
v 0.731830 0.887135 -0.152154
v 0.718062 0.901356 -0.162899
v 0.465050 0.992963 -0.414831
v 0.478550 0.995878 -0.379827
v 0.483654 0.998830 -0.409483
v 0.745033 0.869714 -0.143974
v 1.011183 0.633869 -0.220448
v 0.999488 0.652565 -0.215220
v 0.966881 0.662656 -0.188415
v 0.986462 0.670574 -0.212160
v 0.952299 0.680958 -0.185375
v 0.966957 0.684122 -0.198682
v 0.670445 0.342099 -1.065045
v 0.650583 0.328681 -1.066516
v 0.638344 0.355658 -1.073501
v 0.684412 0.379109 -1.065824
v 0.653239 0.390739 -1.073519
v 0.670810 0.398365 -1.069478
v 0.723912 0.834755 -0.132578
v 0.726816 0.838497 -0.125050
v 0.717198 0.840185 -0.126043
v 0.703991 0.851376 -0.129399
v 0.720347 0.846905 -0.133335
v 0.823182 0.785161 -0.136545
v 0.797417 0.794483 -0.140280
v 0.798556 0.795654 -0.129027
v 0.428294 0.389413 -1.085708
v 0.408547 0.375432 -1.085988
v 0.388862 0.419318 -1.069564
v 0.434393 0.506939 -1.046839
v 0.381270 0.442502 -1.061085
v 0.368291 0.487107 -1.043821
v 0.366011 0.515703 -1.037013
v 0.400143 0.564559 -1.024256
v 0.371990 0.545921 -1.029877
v 0.743362 0.891268 -0.161595
v 0.568108 0.777345 -0.692353
v 0.599043 0.767503 -0.694650
v 0.611647 0.779695 -0.667565
v 0.757125 0.878407 -0.156501
v 0.763165 0.887734 -0.175932
v 0.325330 0.838206 -0.645369
v 0.332813 0.852864 -0.611836
v 0.359444 0.895712 -0.602415
v 0.826894 0.762116 -0.154697
v 0.844812 0.747212 -0.175500
v 0.854859 0.749290 -0.150462
v 0.762212 0.800354 -0.373236
v 0.750778 0.804660 -0.387838
v 0.763996 0.793428 -0.395460
v 0.788864 0.793356 -0.127907
v 0.776977 0.799350 -0.133288
v 0.803997 0.780801 -0.139075
v 1.157104 0.238209 -0.344122
v 1.154582 0.235002 -0.358860
v 1.155568 0.248597 -0.378342
v 1.158424 0.251733 -0.336884
v 1.163035 0.266857 -0.350035
v 0.830922 0.767038 -0.136183
v 0.797435 0.816216 -0.137802
v 0.826751 0.800779 -0.145264
v 0.811208 0.830129 -0.153330
v 0.732464 0.423120 -1.041781
v 0.720253 0.395863 -1.052344
v 0.708705 0.414475 -1.054573
v 0.718924 0.444654 -1.042471
v 0.741399 0.842126 -0.128586
v 0.774023 0.856662 -0.148465
v 0.793757 0.855758 -0.161919
v 1.014790 0.333256 -0.763330
v 0.991871 0.317515 -0.792479
v 0.966115 0.324266 -0.827619
v 0.947521 0.355608 -0.855184
v 1.017632 0.358019 -0.759872
v 0.970126 0.384131 -0.825636
v 0.994667 0.389222 -0.789965
v 0.840337 0.766514 -0.136604
v 0.848439 0.766777 -0.143784
v 0.855049 0.748622 -0.140811
v 0.741424 0.819783 -0.138840
v 0.779710 0.795231 -0.155847
v 0.784481 0.792651 -0.182181
v 0.713078 0.945538 -0.248214
v 0.727545 0.942028 -0.274653
v 0.684015 0.968446 -0.300164
v 0.886036 0.266019 -0.854118
v 0.920665 0.258135 -0.818430
v 0.917567 0.261412 -0.804759
v 0.897671 0.273076 -0.811785
v 0.864480 0.282161 -0.849156
v 0.422250 0.961982 -0.492190
v 0.473139 0.991744 -0.444062
v 0.768240 0.798540 -0.351784
v 0.765295 0.800369 -0.361727
v 0.901919 0.608943 -0.784359
v 0.882185 0.596136 -0.828140
v 0.860739 0.616386 -0.840177
v 0.866455 0.684389 -0.760242
v 0.840411 0.641827 -0.842375
v 0.839138 0.723391 -0.757501
v 0.817919 0.753903 -0.749267
v 0.690069 0.788224 -0.811888
v 0.642367 0.750529 -0.867725
v 0.579649 0.761921 -0.875109
v 0.572920 0.801882 -0.832802
v 0.684063 0.816034 -0.784178
v 0.633837 0.828163 -0.786449
v 0.709671 0.841245 -0.153936
v 0.886091 0.351781 -0.924563
v 0.859040 0.342561 -0.946398
v 0.840468 0.385652 -0.964766
v 0.894886 0.377467 -0.916193
v 0.874063 0.404279 -0.933482
v 0.836406 0.518219 -0.929967
v 0.816333 0.541663 -0.936276
v 0.896079 0.543878 -0.851427
v 0.795561 0.555785 -0.944747
v 0.887336 0.569270 -0.844540
v 0.794203 0.604079 -0.916381
v 0.801927 0.626282 -0.894619
v 0.822900 0.838934 -0.170329
v 0.844295 0.830902 -0.188521
v 0.853311 0.831821 -0.213345
v 0.822321 0.860212 -0.211489
v 0.791959 0.885003 -0.212158
v 0.804748 0.777137 -0.157221
v 0.358261 0.779974 -0.854369
v 0.338922 0.770166 -0.853834
v 0.371391 0.808632 -0.818245
v 1.070198 0.566023 -0.278877
v 1.079846 0.550421 -0.293197
v 1.071027 0.570621 -0.329884
v 1.058566 0.586352 -0.274735
v 1.044556 0.616520 -0.346175
v 1.045155 0.606739 -0.268053
v 1.025288 0.639929 -0.275285
v 1.012554 0.665836 -0.363908
v 1.000426 0.676392 -0.279835
v 1.010960 0.673307 -0.351323
v 1.003757 0.685451 -0.342988
v 0.968002 0.725558 -0.314598
v 0.993251 0.700027 -0.336061
v 0.981380 0.713830 -0.327021
v 1.024833 0.578094 -0.213531
v 1.031022 0.576331 -0.221010
v 1.022255 0.606177 -0.219616
v 0.828832 0.312903 -0.962126
v 0.827634 0.284876 -0.944837
v 0.787392 0.285772 -0.971339
v 0.755460 0.300077 -1.002092
v 0.772534 0.324183 -1.007547
v 0.744920 0.799751 -0.424935
v 0.329708 0.602392 -0.986364
v 0.336571 0.587526 -0.996528
v 0.325149 0.591045 -0.981873
v 0.644292 0.315327 -1.057956
v 0.627554 0.310633 -1.050592
v 0.611752 0.322247 -1.063954
v 0.636760 0.327295 -1.067389
v 0.831525 0.753446 -0.230899
v 0.818251 0.761176 -0.280661
v 0.804015 0.769236 -0.324483
v 0.776982 0.792034 -0.320358
v 0.758544 0.805359 -0.279033
v 0.893010 0.268941 -0.876701
v 0.867224 0.264586 -0.889594
v 0.852176 0.274936 -0.918983
v 0.898718 0.284286 -0.889869
v 0.885750 0.286249 -0.906829
v 0.871991 0.293040 -0.921380
v 0.674653 0.340808 -0.982112
v 0.690516 0.323508 -0.983564
v 0.717791 0.327688 -0.961372
v 0.713724 0.374319 -0.935280
v 0.683156 0.379540 -0.952400
v 0.904934 0.783682 -0.476768
v 0.856455 0.824944 -0.527576
v 0.839875 0.853280 -0.467897
v 0.848166 0.843232 -0.498152
v 0.368400 0.763132 -0.879834
v 0.406617 0.952641 -0.497517
v 0.512766 1.001818 -0.405468
v 0.695316 0.968100 -0.330778
v 0.682525 0.976012 -0.353049
v 0.645659 0.986703 -0.344426
v 0.673861 0.978142 -0.378726
v 0.677481 0.573101 -0.836082
v 0.693662 0.570291 -0.830849
v 0.708680 0.571364 -0.818756
v 0.699108 0.598763 -0.804458
v 0.659639 0.641334 -0.791593
v 0.689301 0.629856 -0.783300
v 0.707099 0.918968 -0.598721
v 0.675352 0.911763 -0.642220
v 0.610251 0.935113 -0.616918
v 0.684007 0.951940 -0.532961
v 0.604330 0.963644 -0.557846
v 0.630893 0.969726 -0.528545
v 1.018224 0.455118 -0.730679
v 1.005197 0.448540 -0.756383
v 0.983054 0.461432 -0.783839
v 1.027871 0.462183 -0.707607
v 1.005901 0.483382 -0.731400
v 0.975436 0.508306 -0.762173
v 0.833374 0.266793 -0.911148
v 0.851573 0.264397 -0.896283
v 0.866716 0.269556 -0.865812
v 0.817239 0.271648 -0.929469
v 0.797178 0.276068 -0.943314
v 0.779908 0.281475 -0.961204
v 0.759408 0.286515 -0.973025
v 0.843074 0.287906 -0.865127
v 0.741549 0.293863 -0.987076
v 0.822629 0.293384 -0.882219
v 0.735488 0.311455 -0.964022
v 0.802202 0.298488 -0.900265
v 0.780433 0.305524 -0.918134
v 0.765333 0.310812 -0.930099
v 0.747659 0.321106 -0.940778
v 0.770461 0.905238 -0.496196
v 0.761473 0.887878 -0.587423
v 0.709528 0.948141 -0.495625
v 0.435825 0.322331 -1.095931
v 0.457143 0.312662 -1.092637
v 0.452574 0.320828 -1.077197
v 0.425233 0.338406 -1.087122
v 0.442596 0.320516 -1.098119
v 0.475964 0.304273 -1.084681
v 0.689691 0.959369 -0.502837
v 0.433271 0.347413 -1.064723
v 0.408195 0.368511 -1.083211
v 0.389817 0.412636 -1.064895
v 0.391833 0.404455 -1.072453
v 0.439454 0.876557 -0.729477
v 0.408440 0.854109 -0.759161
v 0.393524 0.863449 -0.728087
v 0.459358 0.914911 -0.660634
v 0.488172 0.992345 -0.457100
v 0.577056 0.415726 -1.072165
v 0.556885 0.391526 -1.075107
v 0.562633 0.438022 -1.063577
v 0.567636 0.430982 -1.067421
v 0.625004 0.880792 -0.192822
v 0.479871 0.962438 -0.289075
v 1.116797 0.396474 -0.506905
v 1.134265 0.414702 -0.374015
v 1.100644 0.450626 -0.507257
v 1.107560 0.459398 -0.454254
v 0.562426 0.980705 -0.245912
v 0.671242 0.453895 -1.057383
v 0.657166 0.444497 -1.062744
v 0.643763 0.458467 -1.059518
v 0.685375 0.461654 -1.050696
v 0.649883 0.503164 -1.039243
v 0.699190 0.469108 -1.042101
v 0.691471 0.503618 -1.028474
v 0.675871 0.508059 -1.031757
v 0.657970 0.514911 -1.032569
v 0.845623 0.855159 -0.270933
v 1.123428 0.450715 -0.289280
v 1.132591 0.428928 -0.307262
v 1.120276 0.460895 -0.333551
v 1.114117 0.476414 -0.295668
v 0.638113 0.334334 -1.006727
v 0.656362 0.324527 -1.005240
v 0.627525 0.364574 -0.989771
v 0.624048 0.374932 -0.984267
v 0.620061 0.383894 -0.980473
v 0.664172 0.426000 -0.936846
v 0.618452 0.417099 -0.963543
v 0.616195 0.449381 -0.947645
v 0.647048 0.473509 -0.918598
v 0.616457 0.454164 -0.945070
v 0.615510 0.457495 -0.943722
v 0.612823 0.466868 -0.939754
v 0.606729 0.492484 -0.927603
v 0.629968 0.518946 -0.899117
v 0.600415 0.517760 -0.913783
v 0.770137 0.907095 -0.227878
v 0.726275 0.915105 -0.188861
v 0.749439 0.925366 -0.248165
v 1.121996 0.243814 -0.497608
v 1.142081 0.251282 -0.436085
v 0.329832 0.680273 -0.854851
v 0.307589 0.697269 -0.850444
v 0.312541 0.661941 -0.881083
v 0.675695 0.509200 -0.878993
v 0.714567 0.431201 -0.901595
v 0.727655 0.446171 -0.885192
v 0.734863 0.464071 -0.869688
v 0.740168 0.485097 -0.851508
v 0.749116 0.506957 -0.826826
v 0.764745 0.526977 -0.794207
v 0.734656 0.549544 -0.810018
v 0.927056 0.699347 -0.169339
v 0.958843 0.697838 -0.199995
v 0.934891 0.732494 -0.195237
v 0.897121 0.724864 -0.157955
v 0.886321 0.745921 -0.157825
v 0.921667 0.748472 -0.191981
v 0.870131 0.764873 -0.158009
v 0.906896 0.762831 -0.187329
v 0.886448 0.772724 -0.175122
v 1.101021 0.374952 -0.300758
v 1.115341 0.349722 -0.301423
v 1.114162 0.362547 -0.292953
v 1.105026 0.394512 -0.281449
v 1.090922 0.405429 -0.291730
v 0.319050 0.633670 -0.906715
v 0.326010 0.644614 -0.889913
v 0.487076 0.314846 -1.094436
v 0.503970 0.320874 -1.091708
v 0.500598 0.312104 -1.090081
v 0.326673 0.580336 -0.964641
v 0.329274 0.567617 -0.980660
v 0.339589 0.554408 -0.978247
v 0.368888 0.474111 -1.038693
v 0.377077 0.459196 -1.034832
v 0.380204 0.461787 -1.026999
v 0.545557 0.316935 -1.051122
v 0.517109 0.306965 -1.059778
v 0.528575 0.308655 -1.072290
v 0.553439 0.321688 -1.066976
v 0.602470 0.670706 -0.797789
v 0.663570 0.690223 -0.743419
v 0.595375 0.703909 -0.774040
v 0.648753 0.719632 -0.723885
v 0.604604 0.723913 -0.748876
v 0.632220 0.743901 -0.707158
v 0.612588 0.745010 -0.718698
v 0.492956 0.302475 -1.087837
v 0.483105 0.305777 -1.091352
v 0.382359 0.432569 -1.060977
v 0.473519 0.329473 -1.052522
v 0.442739 0.354067 -1.049922
v 0.337137 0.544910 -0.996696
v 0.343082 0.531770 -1.013830
v 0.346757 0.528525 -1.011895
v 0.317233 0.618249 -0.928815
v 0.329424 0.593797 -0.945707
v 0.338913 0.605195 -0.923812
v 0.735904 0.473542 -1.023735
v 0.728330 0.512573 -1.009030
v 0.693788 0.540389 -1.005767
v 0.342291 0.554408 -1.010806
v 0.334684 0.565841 -1.002187
v 0.360126 0.520902 -0.992385
v 0.385485 0.428752 -1.061098
v 0.985138 0.567356 -0.696330
v 0.983175 0.549941 -0.717208
v 0.956981 0.551558 -0.754932
v 0.983404 0.590091 -0.671947
v 0.958212 0.620599 -0.684444
v 0.930357 0.655358 -0.692461
v 0.901074 0.692941 -0.695455
v 0.866511 0.711378 -0.729409
v 0.873090 0.728794 -0.693277
v 0.316749 0.615626 -0.966052
v 0.319596 0.604932 -0.954253
v 0.314116 0.638747 -0.949514
v 0.354732 0.559698 -0.958426
v 0.333015 0.626609 -0.976599
v 0.558984 0.853247 -0.775012
v 0.598298 0.857903 -0.760793
v 0.637061 0.860049 -0.745257
v 0.672598 0.887362 -0.691190
v 0.545852 0.923211 -0.649478
v 0.656035 0.417674 -1.069554
v 0.643608 0.391083 -1.076163
v 0.640677 0.433916 -1.068603
v 0.333085 0.623864 -0.906422
v 0.375986 0.570980 -0.938373
v 0.356599 0.537496 -1.025802
v 0.367529 0.564893 -1.022982
v 0.364968 0.583573 -1.011551
v 0.906451 0.428212 -0.893386
v 0.854241 0.418647 -0.952619
v 0.836328 0.431670 -0.966755
v 0.821481 0.445877 -0.974622
v 0.837882 0.474414 -0.948605
v 1.117146 0.289461 -0.547823
v 1.099385 0.266866 -0.576496
v 1.069280 0.275878 -0.647367
v 1.076835 0.303098 -0.646387
v 1.099102 0.299492 -0.597721
v 0.416601 0.362807 -1.089118
v 0.422321 0.361553 -1.092963
v 0.426263 0.333663 -1.095992
v 0.417337 0.345065 -1.092190
v 0.707114 0.652989 -0.746070
v 0.702692 0.678432 -0.723697
v 0.698488 0.701774 -0.700288
v 0.680751 0.700005 -0.719693
v 0.532460 0.322193 -1.078500
v 0.357422 0.512514 -1.030261
v 0.816732 0.873544 -0.239412
v 0.511656 0.993219 -0.481762
v 0.316214 0.816582 -0.663787
v 0.317463 0.807346 -0.676016
v 0.334180 0.817236 -0.653028
v 0.348012 0.830652 -0.628633
v 0.440164 0.362808 -1.094099
v 0.713825 0.825772 -0.758964
v 0.717992 0.859708 -0.711351
v 0.700047 0.882940 -0.687602
v 0.972532 0.713032 -0.401218
v 0.435209 0.619987 -0.999728
v 0.362101 0.616839 -0.993598
v 0.394295 0.639598 -0.986357
v 0.381765 0.694160 -0.828652
v 0.342375 0.712620 -0.816048
v 0.387357 0.436963 -1.041992
v 0.413011 0.393109 -1.045828
v 0.417937 0.398339 -1.035776
v 0.394648 0.450834 -1.018913
v 0.377869 0.448449 -1.047707
v 0.794972 0.435658 -0.998311
v 0.788178 0.404887 -1.006723
v 0.759447 0.430836 -1.023403
v 0.350542 0.511023 -1.022339
v 0.456805 0.325946 -1.097272
v 1.011254 0.580939 -0.214847
v 0.573891 0.993456 -0.272839
v 0.733101 0.362653 -0.927874
v 0.728186 0.396233 -0.912345
v 0.976692 0.689972 -0.221433
v 0.955009 0.723152 -0.227059
v 0.926546 0.760196 -0.233729
v 0.921783 0.748651 -0.192391
v 0.888904 0.803951 -0.242486
v 0.893400 0.775906 -0.183815
v 0.877490 0.784842 -0.176040
v 0.854344 0.817236 -0.181082
v 0.561765 0.359987 -1.076546
v 0.546139 0.356071 -1.080118
v 0.568664 0.319320 -1.052918
v 0.582272 0.327822 -1.066133
v 0.494478 0.305345 -1.069745
v 0.510380 0.305194 -1.080741
v 0.520416 0.337393 -1.085876
v 0.512662 0.375571 -1.083463
v 0.452745 0.379450 -1.090247
v 0.485385 0.382440 -1.086606
v 1.101386 0.413209 -0.559253
v 1.076737 0.450034 -0.601412
v 1.057788 0.496517 -0.603091
v 1.071487 0.496183 -0.556136
v 0.613634 0.347712 -1.074642
v 0.593329 0.362832 -1.076120
v 0.598523 0.413875 -1.074218
v 0.545554 0.334934 -1.027658
v 0.565422 0.334588 -1.026360
v 0.597790 0.313575 -1.055011
v 1.073962 0.408571 -0.642083
v 1.057676 0.395740 -0.679996
v 1.021675 0.406236 -0.742713
v 1.012980 0.428551 -0.751978
v 1.068665 0.436845 -0.637012
v 1.050630 0.449705 -0.669891
v 0.765252 0.288297 -0.981172
v 1.073268 0.230539 -0.566523
v 1.094928 0.228194 -0.516425
v 1.078556 0.244681 -0.515390
v 1.043932 0.243775 -0.607159
v 1.032391 0.274485 -0.585570
v 0.301714 0.734516 -0.854358
v 0.296433 0.724609 -0.839472
v 0.294414 0.744491 -0.817301
v 0.311027 0.757081 -0.840927
v 0.299309 0.764117 -0.792684
v 0.305139 0.767427 -0.812878
v 0.334992 0.651843 -0.964251
v 0.321611 0.654556 -0.951242
v 0.337348 0.674342 -0.949517
v 0.306753 0.805903 -0.679771
v 0.306230 0.795363 -0.697964
v 0.315384 0.822616 -0.652969
v 1.121825 0.260139 -0.517701
v 0.307040 0.800785 -0.717609
v 0.298964 0.779347 -0.730278
v 0.299164 0.786281 -0.721878
v 0.560487 0.353122 -1.011183
v 0.817190 0.834617 -0.605319
v 0.924850 0.290215 -0.861536
v 0.890102 0.300034 -0.908464
v 0.911350 0.312967 -0.889996
v 0.447993 0.449446 -0.988274
v 0.473581 0.382333 -1.016572
v 0.497093 0.386970 -1.005698
v 0.498529 0.450203 -0.972526
v 0.465565 0.496689 -0.956815
v 0.489316 0.479937 -0.959709
v 0.527053 0.391571 -1.079463
v 0.541230 0.395985 -1.077015
v 0.569866 0.478175 -1.050350
v 0.582199 0.507888 -1.040141
v 0.474767 0.567724 -1.024018
v 0.596445 0.526394 -1.032249
v 0.611810 0.537333 -1.027465
v 0.613195 0.561414 -1.015930
v 0.595249 0.589734 -1.003704
v 0.515066 0.576417 -1.019515
v 0.547134 0.583022 -1.014126
v 0.573113 0.587913 -1.008548
v 0.310259 0.685622 -0.918456
v 0.304838 0.673294 -0.915587
v 0.298853 0.694383 -0.877996
v 0.306201 0.703963 -0.899659
v 0.296839 0.713325 -0.866379
v 0.599459 0.327442 -1.020444
v 0.610190 0.323043 -1.022098
v 0.599379 0.327749 -1.020207
v 0.588123 0.334523 -1.018278
v 0.697053 0.963412 -0.443014
v 0.676486 0.970586 -0.472865
v 0.563342 0.362272 -1.004180
v 0.561136 0.362456 -1.004523
v 0.553448 0.991669 -0.274032
v 0.334766 0.694699 -0.933313
v 0.615517 0.544231 -1.024172
v 0.647828 0.702742 -0.911057
v 0.610448 0.702163 -0.926207
v 0.573446 0.702895 -0.936550
v 0.540958 0.702817 -0.942096
v 0.526031 0.733065 -0.916198
v 0.605296 0.354896 -1.077384
v 0.626142 0.446310 -1.066498
v 0.598366 0.390938 -1.076772
v 0.592279 0.402425 -1.074944
v 0.707951 0.369502 -1.058636
v 0.687890 0.399487 -1.064477
v 0.310354 0.805974 -0.688466
v 0.501299 0.319432 -1.046795
v 0.514289 0.341771 -1.027051
v 0.629431 0.438770 -1.069114
v 0.611879 0.516215 -1.037506
v 0.593036 0.492755 -1.048383
v 0.586032 0.504604 -1.042958
v 0.498121 0.472232 -0.961569
v 0.555485 0.370022 -1.078341
v 0.324127 0.840850 -0.619041
v 0.299827 0.760496 -0.752768
v 0.300930 0.776531 -0.726992
v 0.305487 0.803472 -0.691560
v 0.570054 0.358556 -1.005293
v 0.615141 0.309015 -1.048514
v 0.615085 0.529993 -1.031213
v 0.614805 0.522243 -1.035071
v 0.296498 0.773732 -0.754110
v 1.024711 0.477839 -0.369073
v 1.070554 0.453433 -0.286620
v 1.058563 0.492376 -0.257812
v 0.977246 0.508945 -0.445948
v 1.028679 0.533587 -0.261879
v 0.926602 0.547017 -0.515966
v 0.996868 0.544862 -0.331540
v 0.967679 0.560839 -0.387927
v 0.898724 0.601541 -0.499966
v 0.940697 0.581355 -0.428441
v 0.913475 0.605539 -0.457914
v 0.620336 0.563747 -1.013918
v 0.902940 0.676463 -0.278914
v 0.934679 0.652647 -0.230835
v 0.937013 0.659562 -0.199764
v 0.919058 0.681438 -0.175995
v 0.872315 0.700626 -0.326218
v 0.903087 0.695892 -0.168696
v 0.884567 0.711544 -0.164226
v 0.841559 0.723984 -0.372881
v 0.867085 0.729166 -0.162514
v 0.814685 0.753027 -0.366675
v 0.378261 0.479258 -1.010062
v 0.573529 0.718542 -0.768256
v 0.546900 0.733898 -0.758256
v 0.560599 0.755767 -0.727388
v 0.623767 0.310335 -1.041208
v 0.631940 0.317159 -1.026060
v 0.407489 0.473421 -0.992346
v 0.376591 0.522832 -0.973860
v 0.469832 0.548436 -0.927119
v 0.377775 0.544537 -0.955698
v 0.437150 0.577121 -0.917615
v 0.312613 0.638404 -0.906668
v 0.714423 0.294702 -1.005598
v 0.701143 0.300076 -1.025532
v 0.725967 0.303266 -1.025012
v 0.398662 0.823807 -0.807847
v 0.302567 0.785082 -0.758080
v 0.294960 0.772935 -0.738665
v 0.295320 0.758705 -0.763034
v 0.333056 0.848854 -0.663743
v 0.298827 0.714907 -0.828104
v 0.302708 0.734066 -0.805350
v 0.477593 0.695455 -0.809766
v 0.494551 0.725635 -0.776074
v 0.439533 0.742267 -0.762823
v 0.756226 0.873780 -0.644995
v 0.735097 0.863842 -0.689139
v 0.705661 0.894713 -0.661853
v 0.707213 0.909934 -0.630085
v 0.569486 0.978940 -0.529415
v 0.586287 0.352830 -1.006150
v 0.598469 0.364869 -0.996290
v 0.609480 0.375576 -0.987554
v 0.619656 0.992404 -0.311066
v 0.604034 0.986643 -0.492433
v 0.579282 0.990507 -0.492114
v 0.394611 0.679689 -0.959990
v 0.359701 0.690365 -0.945932
v 0.311390 0.734416 -0.791186
v 0.839181 0.830065 -0.176206
v 0.592393 0.561201 -0.888214
v 0.550763 0.588781 -0.883675
v 0.527971 0.624482 -0.863336
v 0.541720 0.665469 -0.823466
v 0.857725 0.770501 -0.649176
v 0.812556 0.797667 -0.693030
v 0.484995 0.872147 -0.519714
v 0.320991 0.641117 -0.959630
v 1.082654 0.548214 -0.348329
v 1.088982 0.529091 -0.365444
v 1.054597 0.583284 -0.416295
v 0.996525 0.671896 -0.435744
v 0.314205 0.808696 -0.736311
v 0.796727 0.490588 -0.784956
v 0.808681 0.509818 -0.756357
v 0.815451 0.533727 -0.727276
v 0.787303 0.556081 -0.743920
v 0.313512 0.815599 -0.684141
v 0.922256 0.369705 -0.886613
v 0.966998 0.398597 -0.827666
v 0.936551 0.415396 -0.862212
v 0.396832 0.831955 -0.620753
v 1.029534 0.555673 -0.229963
v 1.004007 0.568689 -0.245841
v 0.725444 0.829187 -0.148620
v 0.486451 0.651872 -0.979606
v 0.466214 0.615900 -1.002238
v 0.649199 0.826792 -0.505081
v 0.609886 0.852343 -0.471437
v 0.583730 0.853547 -0.510558
v 1.054337 0.538969 -0.543580
v 1.024849 0.540914 -0.638003
v 1.009228 0.601857 -0.579543
v 1.002544 0.587976 -0.628864
v 0.927035 0.329103 -0.876551
v 0.901026 0.328744 -0.906110
v 0.566616 0.633468 -0.981077
v 0.530031 0.666648 -0.968009
v 0.736157 0.799251 -0.448276
v 0.724159 0.795562 -0.475640
v 0.599163 0.869225 -0.387225
v 0.659902 0.853420 -0.330044
v 0.660795 0.859739 -0.262949
v 0.645524 0.867700 -0.252799
v 0.622284 0.877389 -0.241927
v 1.128669 0.228816 -0.437915
v 1.109295 0.227893 -0.500894
v 0.809652 0.738795 -0.440128
v 0.835834 0.716231 -0.423991
v 0.796144 0.763384 -0.401079
v 0.667243 0.859379 -0.202129
v 0.441171 0.705612 -0.943277
v 0.464004 0.731458 -0.923322
v 1.055969 0.514488 -0.238064
v 1.045255 0.535226 -0.226246
v 0.996965 0.586893 -0.222632
v 1.032792 0.557474 -0.218967
v 1.059502 0.514898 -0.228117
v 1.145238 0.231739 -0.378763
v 0.925303 0.692120 -0.168156
v 0.907415 0.699896 -0.163157
v 0.902381 0.707928 -0.157696
v 1.077652 0.474917 -0.248258
v 1.152592 0.274899 -0.321362
v 1.151495 0.241302 -0.347413
v 1.131738 0.229783 -0.400175
v 0.986071 0.623299 -0.618257
v 0.962704 0.662555 -0.609054
v 0.931406 0.704404 -0.604237
v 1.145514 0.397014 -0.328964
v 0.713615 0.718799 -0.659931
v 0.737833 0.698881 -0.658707
v 0.755221 0.701430 -0.631691
v 0.770823 0.704636 -0.601239
v 0.785551 0.708301 -0.564612
v 0.762657 0.749774 -0.522486
v 0.705269 0.750037 -0.622446
v 0.724288 0.756272 -0.585273
v 0.743299 0.756125 -0.552973
v 0.644630 0.529963 -1.027347
v 0.800415 0.729624 -0.488010
v 1.107368 0.231647 -0.460694
v 1.110236 0.225808 -0.482065
v 1.067562 0.235209 -0.602362
v 1.084659 0.230057 -0.560787
v 1.056094 0.235197 -0.606952
v 1.161074 0.328449 -0.325029
v 1.154413 0.365441 -0.318858
v 1.151818 0.333269 -0.300821
v 1.142091 0.339896 -0.293195
v 1.142844 0.344069 -0.287979
v 1.141086 0.234985 -0.366645
v 1.134798 0.238279 -0.371097
v 1.093836 0.459284 -0.250678
v 1.081632 0.475849 -0.239213
v 1.126263 0.346150 -0.293751
v 1.117115 0.386703 -0.277154
v 1.129312 0.358383 -0.283618
v 1.100197 0.426534 -0.266657
v 1.087594 0.458353 -0.247550
v 1.069692 0.494165 -0.235192
v 1.074173 0.497911 -0.239646
v 1.064042 0.519137 -0.233802
v 1.049702 0.538123 -0.229224
v 1.122426 0.409360 -0.272434
v 1.109958 0.434887 -0.258995
v 1.092725 0.519513 -0.277163
v 1.102619 0.495909 -0.278700
v 1.092901 0.522230 -0.284087
v 1.081674 0.543878 -0.279632
v 1.048595 0.537109 -0.223193
v 1.073087 0.495911 -0.232613
v 1.113931 0.473460 -0.281987
v 1.091857 0.484626 -0.254539
v 0.541209 0.998244 -0.468826
v 0.680483 0.658119 -0.933913
v 0.651365 0.611124 -0.974132
v 1.108357 0.239790 -0.528685
v 0.382985 0.896584 -0.475708
v 0.689433 0.307788 -1.042680
v 0.723534 0.316712 -1.041545
v 0.710909 0.316865 -1.048808
v 0.699308 0.321277 -1.052705
v 1.152548 0.301899 -0.306722
v 1.141709 0.310173 -0.304425
v 1.110956 0.361618 -0.565687
v 1.105806 0.389679 -0.569990
v 0.995267 0.260793 -0.671123
v 0.979082 0.260987 -0.699897
v 0.984739 0.250190 -0.713315
v 1.146943 0.317668 -0.296439
v 1.165450 0.287393 -0.345740
v 1.161076 0.280825 -0.326830
v 1.142744 0.369386 -0.288934
v 1.137522 0.374269 -0.280703
v 1.151541 0.355732 -0.302034
v 1.141532 0.250324 -0.346074
v 1.165983 0.307240 -0.332201
v 1.049964 0.277781 -0.684190
v 1.016207 0.257395 -0.715291
v 1.013660 0.276247 -0.737804
v 1.036726 0.297272 -0.716704
v 0.981156 0.580268 -0.286535
v 0.987819 0.592637 -0.227120
v 0.959425 0.594505 -0.325978
v 0.966688 0.624552 -0.213917
v 0.938521 0.609743 -0.364393
v 0.918143 0.623994 -0.402040
v 0.897009 0.637179 -0.438800
v 0.856119 0.682385 -0.453316
v 1.079286 0.516137 -0.483519
v 1.069600 0.549715 -0.449677
v 1.127862 0.423240 -0.280366
v 1.133162 0.408080 -0.285484
v 1.104243 0.498480 -0.285932
v 1.109288 0.229504 -0.505349
v 1.011647 0.242043 -0.682211
v 1.010574 0.246999 -0.667457
v 0.983332 0.245880 -0.728410
v 0.997754 0.247311 -0.718513
v 0.967045 0.675966 -0.558935
v 0.481089 0.604846 -0.888962
v 0.956683 0.714283 -0.491307
v 1.089986 0.226193 -0.536971
v 1.023284 0.243176 -0.682239
v 1.039322 0.238677 -0.647207
v 1.026367 0.238186 -0.659996
v 1.059903 0.247641 -0.633639
v 1.060228 0.273917 -0.666660
v 1.027289 0.240435 -0.649095
v 0.968299 0.250832 -0.750586
v 0.992356 0.258409 -0.748984
v 0.631548 0.765216 -0.677736
v 0.678432 0.767483 -0.626784
v 0.643677 0.772906 -0.655881
v 0.650398 0.782011 -0.631449
v 0.974932 0.259951 -0.776035
v 0.950674 0.253158 -0.786374
v 0.935318 0.262288 -0.819975
v 0.979427 0.278654 -0.789601
v 0.968298 0.279340 -0.807577
v 0.955377 0.285240 -0.823910
v 1.034490 0.241372 -0.628455
v 0.936663 0.258652 -0.783347
v 0.976709 0.267841 -0.692550
v 0.962424 0.271222 -0.714317
v 0.727394 0.652282 -0.726854
v 0.745581 0.652486 -0.706114
v 0.742612 0.675647 -0.682872
v 0.886045 0.714857 -0.158164
v 0.876809 0.731839 -0.148312
v 0.868738 0.734626 -0.147046
v 1.062811 0.294512 -0.670902
v 1.048871 0.318915 -0.704292
v 1.068882 0.333265 -0.667942
v 1.036265 0.341940 -0.730061
v 1.074971 0.368939 -0.652784
v 0.811467 0.593054 -0.677395
v 0.842197 0.574138 -0.647981
v 0.873215 0.580448 -0.584739
v 0.853736 0.613187 -0.584216
v 0.785776 0.598021 -0.708961
v 0.764833 0.628284 -0.707460
v 0.837665 0.641933 -0.575996
v 0.824405 0.668731 -0.558161
v 0.799110 0.835228 -0.652703
v 0.980979 0.415296 -0.565149
v 0.992962 0.400688 -0.552820
v 0.982532 0.435225 -0.540468
v 0.966948 0.424923 -0.584035
v 0.950047 0.432738 -0.608057
v 0.929736 0.441222 -0.635740
v 0.969042 0.467979 -0.532212
v 0.906214 0.451314 -0.665392
v 0.877820 0.492488 -0.673500
v 0.950601 0.504475 -0.524877
v 0.846130 0.534648 -0.682384
v 0.929982 0.677138 -0.173332
v 0.525783 0.561736 -0.907535
v 0.820588 0.495105 -0.955781
v 1.127390 0.321567 -0.308227
v 0.783929 0.811477 -0.715919
v 0.756821 0.817204 -0.737725
v 0.775366 0.858576 -0.652236
v 1.141489 0.278209 -0.324438
v 1.132315 0.284450 -0.328866
v 1.134331 0.256463 -0.349455
v 0.937820 0.280276 -0.750364
v 1.012987 0.341476 -0.564257
v 0.922165 0.336934 -0.729426
v 0.912342 0.384136 -0.708716
v 0.908090 0.420682 -0.687435
v 1.151788 0.381165 -0.322937
v 0.914178 0.693015 -0.162503
v 0.562807 0.539886 -0.911973
v 0.999607 0.652694 -0.215557
v 1.016290 0.639757 -0.238946
v 0.999925 0.667905 -0.246973
v 0.852285 0.654587 -0.519833
v 0.834963 0.691028 -0.490648
v 1.023254 0.626133 -0.234734
v 1.033588 0.618442 -0.250061
v 0.509617 0.948445 -0.246523
v 0.675003 0.320201 -1.057233
v 0.709506 0.343193 -1.055743
v 1.042184 0.559303 -0.224922
v 1.070220 0.563349 -0.271743
v 1.058347 0.584059 -0.268308
v 1.046299 0.601277 -0.258392
v 0.912228 0.266267 -0.847228
v 0.460306 0.886874 -0.491080
v 0.660103 0.315644 -1.058611
v 0.852817 0.263089 -0.900921
v 0.840111 0.269143 -0.917822
v 0.716222 0.827829 -0.327167
v 0.763415 0.368207 -1.024403
v 0.729213 0.796049 -0.784144
v 0.662105 0.304457 -1.032288
v 0.679297 0.303239 -1.025273
v 0.673818 0.314769 -1.005950
v 0.646251 0.309730 -1.039514
v 0.644174 0.315381 -1.023442
v 0.802475 0.279228 -0.951664
v 0.843004 0.288281 -0.864884
v 0.854659 0.308735 -0.838453
v 0.802157 0.298831 -0.900033
v 0.845029 0.336028 -0.830216
v 0.835212 0.365900 -0.822574
v 0.824914 0.400621 -0.812900
v 0.812615 0.442038 -0.800248
v 1.094056 0.374028 -0.609294
v 1.091083 0.391415 -0.611919
v 0.743809 0.316403 -1.027099
v 0.751779 0.528675 -0.990301
v 0.752887 0.560601 -0.973264
v 0.754287 0.592296 -0.952665
v 0.928514 0.271221 -0.772128
v 0.915193 0.275353 -0.782837
v 0.695235 0.297638 -1.015093
v 0.669750 0.309005 -1.045751
v 0.713949 0.326531 -1.050759
v 0.641814 0.983473 -0.465375
v 0.732259 0.818565 -0.360063
v 1.012795 0.539909 -0.670646
v 0.999491 0.542124 -0.696392
v 1.028225 0.314153 -0.737954
v 0.724823 0.328309 -1.045525
v 0.718558 0.354767 -1.053706
v 0.733306 0.373914 -1.046419
v 0.773945 0.788543 -0.761503
v 1.004793 0.297600 -0.765621
v 0.974624 0.302555 -0.809482
v 0.936154 0.252974 -0.796969
v 0.962789 0.258720 -0.738325
v 0.924664 0.279217 -0.765976
v 0.944344 0.308274 -0.848782
v 0.852174 0.299964 -0.940287
v 0.875930 0.313074 -0.926176
v 0.702788 0.322223 -0.975218
v 0.726338 0.292923 -0.995818
v 0.464967 0.782703 -0.700272
v 1.100087 0.391251 -0.589121
v 0.352236 0.713314 -0.925157
vn -0.5946 -0.6990 -0.3974
vn -0.4746 -0.8178 -0.3255
vn -0.3948 -0.8767 -0.2747
vn -0.6118 -0.6789 -0.4059
vn -0.8668 -0.1337 -0.4804
vn -0.7157 0.6892 -0.1129
vn -0.8090 0.5834 -0.0713
vn -0.6379 0.7701 0.0080
vn -0.7548 0.0119 -0.6559
vn -0.6872 0.6010 -0.4080
vn -0.6873 0.2328 -0.6880
vn -0.1537 0.6157 -0.7729
vn -0.2874 0.6129 -0.7361
vn -0.1619 0.7068 -0.6887
vn -0.3775 -0.9068 -0.1878
vn -0.2969 -0.9414 -0.1603
vn -0.8434 0.0333 -0.5363
vn -0.5607 0.0625 -0.8257
vn -0.5171 -0.0159 -0.8558
vn -0.6441 -0.3516 -0.6793
vn -0.5802 -0.0012 -0.8145
vn -0.2542 0.4547 -0.8536
vn -0.6229 -0.6702 -0.4036
vn -0.5611 -0.7284 -0.3932
vn -0.5359 0.7528 -0.3823
vn -0.5365 0.7974 -0.2761
vn -0.3534 0.9061 -0.2326
vn -0.6968 -0.0520 -0.7154
vn -0.5524 0.5167 -0.6541
vn -0.6379 0.1193 -0.7608
vn -0.4380 0.5375 -0.7206
vn 0.1421 0.7318 -0.6665
vn -0.0891 0.5818 -0.8084
vn 0.0740 0.7755 -0.6270
vn 0.0024 0.1355 0.9908
vn 0.0799 0.0431 0.9959
vn 0.0841 0.1585 0.9838
vn -0.0020 0.2280 0.9737
vn -0.8629 0.4842 -0.1446
vn -0.7782 0.5642 -0.2759
vn -0.8837 0.0584 -0.4644
vn -0.7500 0.5579 -0.3552
vn -0.6343 0.7366 -0.2347
vn 0.0109 0.8208 -0.5711
vn -0.8642 -0.1296 -0.4862
vn -0.6864 0.6745 0.2718
vn -0.6804 0.6689 0.2994
vn -0.5108 0.7545 0.4120
vn -0.4331 0.8090 0.3974
vn -0.5403 0.7780 0.3206
vn -0.4732 0.8196 0.3230
vn -0.5211 -0.7749 -0.3579
vn -0.3897 -0.9102 -0.1402
vn -0.3784 -0.9122 -0.1574
vn 0.3779 0.9096 -0.1725
vn 0.3759 0.8572 -0.3520
vn 0.3058 0.8819 -0.3588
vn 0.2739 0.9414 -0.1967
vn -0.6790 0.7062 0.2005
vn -0.7006 0.6875 0.1909
vn -0.6697 0.7143 0.2033
vn -0.7115 0.6819 0.1697
vn -0.4514 0.8452 0.2861
vn -0.6797 0.7075 0.1937
vn -0.5650 0.7873 0.2470
vn -0.6743 0.7154 0.1830
vn -0.6750 0.7267 0.1277
vn -0.4719 0.8403 0.2668
vn -0.0766 0.9908 -0.1115
vn 0.1042 0.9934 -0.0475
vn 0.0513 0.9850 -0.1650
vn 0.1617 0.9104 -0.3807
vn 0.0113 0.9106 -0.4131
vn 0.1413 0.9596 -0.2433
vn -0.0791 0.9528 -0.2930
vn -0.4052 0.7622 -0.5048
vn -0.3371 0.7327 -0.5911
vn -0.1189 0.7472 0.6539
vn -0.0369 0.7067 0.7066
vn 0.0050 0.7715 0.6362
vn -0.0962 0.8104 0.5780
vn -0.2373 0.9349 -0.2641
vn -0.1710 0.9805 -0.0971
vn 0.0878 0.5151 -0.8526
vn -0.3511 -0.2824 -0.8927
vn -0.4426 -0.2186 -0.8697
vn 0.1984 0.8594 -0.4712
vn -0.0826 0.2736 0.9583
vn -0.0449 0.3309 0.9426
vn -0.0175 0.3695 0.9291
vn -0.5378 -0.7571 -0.3709
vn -0.5530 -0.7199 -0.4195
vn -0.6811 -0.4458 -0.5808
vn -0.7168 -0.1020 -0.6898
vn -0.4772 0.7310 -0.4879
vn -0.3511 0.8683 -0.3505
vn 0.4373 0.0397 -0.8985
vn 0.2055 -0.1539 -0.9665
vn -0.3535 -0.5098 -0.7843
vn -0.3249 -0.5550 -0.7658
vn 0.3243 -0.0327 -0.9454
vn 0.7365 0.6717 0.0797
vn 0.7501 0.6611 -0.0186
vn 0.7210 0.6859 -0.0982
vn 0.6907 0.7207 0.0595
vn 0.6716 0.7382 -0.0643
vn 0.6563 0.7532 0.0450
vn 0.6332 0.7729 -0.0403
vn -0.2900 -0.7968 -0.5302
vn -0.6917 -0.5424 -0.4768
vn -0.8086 -0.4926 -0.3217
vn -0.6110 0.7800 0.1352
vn -0.7386 0.6737 -0.0259
vn -0.8307 0.5553 -0.0398
vn -0.8541 0.4149 -0.3138
vn -0.4838 -0.6383 -0.5988
vn -0.8387 -0.2328 -0.4923
vn -0.8441 0.5107 -0.1634
vn -0.7641 0.5851 -0.2716
vn -0.3392 -0.9150 -0.2184
vn -0.1782 -0.9338 -0.3102
vn -0.4837 -0.6382 -0.5989
vn -0.5286 -0.7459 -0.4051
vn -0.8857 -0.1715 -0.4314
vn -0.0694 -0.8202 -0.5679
vn -0.3334 -0.7350 -0.5905
vn -0.8264 -0.2593 -0.4998
vn -0.7257 0.6870 0.0383
vn -0.9191 0.3928 0.0320
vn -0.3992 -0.8936 -0.2054
vn -0.3399 -0.7512 -0.5659
vn -0.2562 -0.8754 -0.4099
vn -0.0706 -0.9015 -0.4269
vn -0.0646 -0.8670 -0.4940
vn -0.2797 -0.9362 -0.2128
vn -0.1086 -0.8902 -0.4424
vn -0.4941 -0.6354 -0.5934
vn -0.8346 -0.3382 -0.4348
vn -0.8587 -0.4250 -0.2864
vn 0.9742 0.1034 0.2004
vn 0.9782 -0.0291 0.2055
vn 0.9773 0.1426 0.1567
vn 0.9670 0.1962 0.1627
vn -0.8641 0.5020 -0.0364
vn -0.8086 -0.4926 -0.3216
vn -0.8130 0.5723 0.1068
vn -0.8028 0.5959 0.0196
vn -0.8137 0.5732 -0.0965
vn -0.7800 -0.4458 -0.4392
vn 0.5058 0.5616 0.6548
vn 0.6114 0.4880 0.6229
vn 0.6533 0.5178 0.5524
vn 0.5153 0.5744 0.6360
vn 0.6489 0.5569 0.5185
vn 0.5010 0.6010 0.6227
vn 0.5474 0.6457 0.5323
vn 0.5178 0.6261 0.5830
vn -0.2814 -0.4003 -0.8721
vn 0.2291 0.2802 -0.9322
vn -0.1592 -0.3961 -0.9043
vn -0.1092 0.8219 -0.5591
vn -0.3729 -0.8585 -0.3519
vn -0.2596 -0.8709 -0.4172
vn -0.1770 -0.8982 -0.4025
vn -0.3711 -0.8764 -0.3068
vn -0.2440 -0.9217 -0.3016
vn 0.0557 0.7769 0.6272
vn -0.0602 0.8463 0.5293
vn 0.0553 0.8193 0.5706
vn 0.0132 0.8699 0.4931
vn 0.0561 0.9884 0.1409
vn 0.2195 0.9680 0.1220
vn 0.2265 0.9735 0.0312
vn 0.0624 0.9976 0.0285
vn -0.4742 0.8742 -0.1040
vn -0.5671 0.8230 -0.0337
vn -0.1291 -0.8633 -0.4879
vn -0.0724 -0.8688 -0.4898
vn -0.0918 -0.9089 -0.4067
vn 0.4980 0.2903 0.8171
vn 0.5583 0.2619 0.7872
vn 0.5694 0.3289 0.7533
vn 0.5219 0.3827 0.7623
vn 0.7016 0.2844 0.6533
vn 0.7430 0.2578 0.6177
vn 0.7611 0.2609 0.5938
vn 0.7771 0.2820 0.5627
vn 0.7581 0.3724 0.5353
vn 0.6844 0.3648 0.6313
vn 0.7213 0.3807 0.5787
vn 0.3357 0.5912 0.7333
vn 0.4010 0.5193 0.7547
vn 0.4882 0.5246 0.6974
vn 0.3557 0.6212 0.6983
vn 0.3646 0.6518 0.6650
vn 0.4214 0.6406 0.6419
vn -0.6383 0.7697 0.0070
vn -0.3610 0.8624 0.3550
vn -0.3448 0.8781 0.3318
vn -0.3646 0.9054 0.2176
vn -0.2615 0.9107 0.3197
vn -0.3439 0.9062 0.2459
vn 0.9580 -0.0661 0.2789
vn 0.9605 -0.1365 0.2427
vn 0.9620 0.0661 0.2648
vn 0.6075 0.7893 0.0897
vn 0.5709 0.8181 -0.0691
vn 0.5386 0.8399 0.0664
vn 0.5218 0.8527 -0.0274
vn 0.5267 0.8498 0.0206
vn -0.1418 0.8971 0.4184
vn -0.0186 0.9041 0.4269
vn -0.0122 0.9293 0.3691
vn -0.1265 0.9487 0.2896
vn -0.7715 0.4586 0.4410
vn -0.5603 0.5680 0.6029
vn -0.4585 0.5902 0.6644
vn -0.3224 0.6682 0.6704
vn -0.6102 0.6271 0.4841
vn -0.4610 0.6878 0.5607
vn 0.1050 0.5089 -0.8544
vn 0.2271 0.7343 -0.6398
vn 0.1921 0.6267 -0.7552
vn -0.3315 0.9351 -0.1255
vn -0.3749 0.9254 0.0554
vn -0.2035 0.9781 0.0436
vn 0.2346 0.5080 -0.8288
vn 0.7524 0.3745 -0.5420
vn 0.7280 0.3618 -0.5823
vn 0.3081 -0.0127 -0.9513
vn 0.7468 0.4341 -0.5037
vn 0.5493 0.1353 -0.8246
vn 0.6691 0.4125 -0.6182
vn 0.1124 -0.1222 0.9861
vn 0.1409 -0.3334 0.9322
vn 0.2240 -0.1704 0.9596
vn 0.2622 -0.0567 0.9633
vn 0.1629 0.0083 0.9866
vn 0.2456 0.0793 0.9661
vn -0.2163 0.0180 -0.9762
vn -0.6533 -0.7004 -0.2874
vn -0.5078 -0.4522 -0.7333
vn -0.3024 -0.3214 -0.8973
vn -0.3624 0.3895 -0.8468
vn 0.3488 0.2866 -0.8923
vn 0.4958 0.0790 -0.8649
vn -0.2167 -0.9721 -0.0902
vn -0.4466 0.1606 0.8802
vn -0.6198 -0.0585 0.7826
vn -0.0698 0.2928 0.9536
vn -0.0298 0.3264 0.9448
vn -0.6294 0.0847 0.7725
vn -0.6288 0.0728 0.7742
vn -0.3670 0.2431 0.8979
vn -0.0607 0.3912 0.9183
vn -0.2614 0.3229 0.9096
vn 0.3687 0.7308 -0.5744
vn -0.2850 -0.8395 -0.4626
vn -0.2675 -0.8006 -0.5362
vn -0.1656 -0.8310 -0.5311
vn -0.3624 0.3895 -0.8467
vn 0.4901 0.7603 -0.4264
vn 0.4273 0.6446 -0.6340
vn -0.9334 0.3583 0.0222
vn -0.8279 0.5560 0.0735
vn -0.7433 0.6556 0.1330
vn -0.3024 -0.3214 -0.8974
vn -0.5193 -0.8329 -0.1915
vn -0.1252 -0.5485 -0.8267
vn -0.6281 -0.7643 -0.1458
vn -0.5917 -0.8007 -0.0935
vn -0.6159 -0.7633 -0.1948
vn -0.4906 -0.8585 -0.1494
vn -0.2713 -0.6564 -0.7039
vn -0.5558 -0.7367 -0.3852
vn -0.4716 -0.8661 -0.1656
vn 0.9332 -0.2973 0.2017
vn 0.4376 -0.8876 -0.1440
vn 0.3089 -0.7893 -0.5306
vn 0.5243 -0.5622 -0.6396
vn 0.9856 -0.1664 -0.0287
vn -0.1553 -0.5053 -0.8489
vn 0.4402 0.3854 -0.8110
vn 0.4958 0.4961 -0.7128
vn 0.4361 0.3725 -0.8192
vn 0.3498 0.1753 0.9203
vn 0.4420 0.0760 0.8938
vn 0.4880 0.1649 0.8571
vn 0.3863 0.2712 0.8816
vn 0.1579 0.3956 -0.9048
vn 0.5279 0.6388 -0.5598
vn 0.4180 0.5432 -0.7281
vn 0.7815 -0.1336 0.6094
vn 0.7982 -0.1538 0.5824
vn 0.8239 -0.0964 0.5584
vn 0.7721 -0.0159 0.6353
vn 0.8484 0.0139 0.5291
vn 0.7941 0.0495 0.6058
vn 0.8147 0.0927 0.5725
vn 0.4198 0.1976 -0.8859
vn 0.6538 0.3186 -0.6863
vn 0.2307 -0.5303 -0.8158
vn -0.5236 -0.8297 -0.1934
vn -0.2167 -0.9720 -0.0903
vn -0.5503 -0.8324 -0.0651
vn -0.3212 -0.9437 -0.0795
vn 0.3985 0.9094 -0.1195
vn 0.5059 0.8458 -0.1692
vn 0.4536 0.8577 -0.2421
vn -0.4672 -0.8374 -0.2837
vn -0.1329 -0.9887 0.0695
vn -0.2055 -0.9716 -0.1169
vn -0.6382 -0.6449 -0.4205
vn -0.6164 -0.6067 -0.5020
vn -0.4404 0.8817 0.1692
vn -0.2863 0.9454 0.1558
vn -0.8107 -0.5641 -0.1568
vn -0.5954 -0.8000 -0.0743
vn 0.6776 0.4743 0.5620
vn 0.7055 0.4553 0.5431
vn 0.7299 0.4798 0.4869
vn 0.7120 0.5238 0.4677
vn 0.6971 0.5622 0.4450
vn 0.6641 0.6038 0.4409
vn 0.1578 0.7161 0.6800
vn 0.2357 0.6873 0.6871
vn 0.2630 0.6881 0.6762
vn 0.1422 0.7404 0.6570
vn 0.2515 0.7382 0.6259
vn 0.1857 0.7520 0.6324
vn -0.5419 -0.8233 -0.1686
vn 0.6313 -0.0266 0.7751
vn 0.6311 -0.1095 0.7680
vn 0.6880 -0.0658 0.7227
vn 0.7263 0.0239 0.6870
vn 0.6946 0.1094 0.7111
vn 0.6427 0.3705 0.6706
vn 0.6177 0.3964 0.6792
vn 0.7059 0.4219 0.5689
vn 0.5782 0.4180 0.7006
vn 0.5832 0.4455 0.6792
vn 0.5935 0.4723 0.6517
vn 0.5753 0.6250 -0.5277
vn 0.6799 0.6827 -0.2677
vn 0.6325 0.7010 -0.3293
vn 0.6347 0.7192 -0.2827
vn 0.5769 0.7739 -0.2612
vn -0.6752 -0.7263 -0.1291
vn -0.4529 0.7358 0.5035
vn -0.3155 0.7782 0.5430
vn -0.3253 0.8052 0.4959
vn 0.8691 0.4944 0.0172
vn 0.8876 0.4577 -0.0519
vn 0.8627 0.4906 -0.1230
vn 0.8529 0.5042 -0.1359
vn 0.8515 0.5238 0.0259
vn 0.8404 0.5240 -0.1386
vn 0.8308 0.5414 -0.1295
vn 0.8305 0.5542 0.0549
vn 0.8109 0.5743 -0.1124
vn 0.8072 0.5903 -0.0002
vn 0.7822 0.6217 -0.0410
vn 0.8072 0.5903 -0.0001
vn 0.7242 0.2630 -0.6374
vn 0.8166 0.1928 -0.5441
vn 0.4068 -0.0876 -0.9093
vn 0.2849 -0.7645 0.5782
vn 0.3839 -0.6559 0.6500
vn 0.5498 -0.3112 0.7752
vn 0.3109 -0.7587 0.5724
vn 0.5728 -0.3066 0.7602
vn -0.5244 -0.8233 -0.2173
vn -0.6126 0.2880 0.7361
vn -0.9290 -0.0249 0.3693
vn -0.5661 0.2979 0.7686
vn -0.0247 -0.5628 0.8262
vn 0.0332 -0.9438 0.3289
vn 0.0147 -0.7933 0.6087
vn 0.0452 -0.4601 0.8867
vn -0.6496 -0.7566 -0.0748
vn -0.6603 -0.7453 -0.0921
vn -0.5863 -0.8081 -0.0572
vn -0.5352 -0.8439 -0.0387
vn 0.4161 -0.6972 0.5838
vn 0.1539 -0.9683 0.1966
vn 0.3969 -0.8476 0.3523
vn 0.6291 -0.5232 0.5749
vn 0.5570 -0.4816 0.6766
vn 0.5833 -0.5198 0.6242
vn -0.4984 -0.5698 -0.6534
vn -0.4549 -0.6152 -0.6439
vn -0.4394 -0.5042 -0.7435
vn -0.5111 -0.4452 -0.7352
vn -0.4473 -0.4679 -0.7622
vn 0.7018 0.6826 0.2037
vn 0.7528 0.6375 0.1637
vn 0.6729 0.7257 0.1438
vn 0.6785 0.7166 0.1614
vn -0.2171 0.7246 0.6541
vn -0.5391 0.8308 0.1383
vn -0.0765 0.9963 0.0399
vn 0.3868 0.9218 -0.0272
vn 0.4241 0.9034 -0.0629
vn 0.2801 0.9591 -0.0403
vn 0.3669 0.9300 0.0202
vn -0.5314 -0.5164 -0.6715
vn -0.4597 -0.5239 -0.7171
vn -0.4083 -0.5482 -0.7299
vn -0.5222 -0.5507 -0.6512
vn -0.4067 -0.6003 -0.6886
vn -0.5168 -0.5709 -0.6380
vn 0.1237 0.8946 0.4294
vn 0.1695 0.8939 0.4149
vn 0.3906 0.8642 0.3171
vn 0.3716 0.8822 0.2892
vn 0.1414 0.9124 0.3842
vn 0.2196 0.9247 0.3111
vn 0.7938 0.2757 0.5420
vn 0.8134 0.2609 0.5199
vn 0.8355 0.2761 0.4751
vn 0.8503 0.2955 0.4355
vn 0.8179 0.3594 0.4492
vn 0.8009 0.3755 0.4664
vn -0.3977 -0.8419 -0.3648
vn -0.3661 -0.8874 -0.2801
vn -0.2809 -0.9554 -0.0914
vn -0.1804 -0.9812 0.0689
vn -0.2986 -0.9526 -0.0580
vn -0.2720 -0.9622 -0.0130
vn -0.3710 -0.9251 -0.0812
vn -0.5895 -0.6140 -0.5249
vn -0.2499 -0.9662 -0.0632
vn -0.6175 -0.5642 -0.5481
vn -0.4961 -0.7096 -0.5003
vn -0.6051 -0.6039 -0.5189
vn -0.6167 -0.5667 -0.5464
vn -0.6041 -0.6032 -0.5208
vn -0.5966 -0.5529 -0.5818
vn 0.5732 0.7832 0.2410
vn 0.5934 0.7842 0.1813
vn 0.5341 0.8251 0.1840
vn -0.4866 -0.7256 -0.4866
vn -0.3412 -0.8370 0.4278
vn -0.6085 -0.7403 0.2858
vn -0.6823 -0.6056 -0.4095
vn -0.1913 -0.4918 0.8494
vn -0.2920 -0.9535 -0.0744
vn 0.4241 0.8770 0.2260
vn -0.6198 -0.5783 -0.5305
vn -0.8592 -0.4276 -0.2809
vn -0.8825 -0.4568 0.1119
vn -0.8678 -0.2009 0.4544
vn -0.3577 0.8553 0.3749
vn -0.2316 0.8548 0.4645
vn -0.1433 0.8821 0.4487
vn -0.1463 0.8885 0.4348
vn -0.1630 0.9716 0.1718
vn -0.0358 0.3165 0.9479
vn 0.0433 0.1539 0.9871
vn -0.0905 0.2074 0.9741
vn -0.1492 0.2825 0.9476
vn -0.4388 -0.8841 -0.1606
vn -0.6440 0.5278 -0.5538
vn 0.9525 0.2343 0.1947
vn 0.9438 0.3087 0.1180
vn 0.9235 0.3258 0.2024
vn 0.9303 0.3346 0.1504
vn -0.1784 0.8665 -0.4661
vn 0.1441 0.3782 0.9144
vn 0.2208 0.2955 0.9295
vn 0.2519 0.3162 0.9146
vn 0.1382 0.4053 0.9037
vn 0.2927 0.3591 0.8862
vn 0.2809 0.4366 0.8546
vn 0.1958 0.4609 0.8656
vn 0.2220 0.4650 0.8570
vn 0.6581 0.7391 -0.1434
vn -0.8583 -0.4254 -0.2870
vn 0.9223 0.3840 0.0437
vn 0.9451 0.3104 -0.1023
vn 0.9115 0.3024 -0.2789
vn 0.9199 0.3890 -0.0505
vn -0.3798 -0.6558 -0.6524
vn -0.2953 -0.5657 -0.7700
vn -0.2878 -0.5224 -0.8027
vn -0.5003 -0.5043 -0.7038
vn -0.2822 -0.4906 -0.8244
vn -0.4327 -0.4670 -0.7712
vn -0.2916 -0.4720 -0.8319
vn -0.2919 -0.4706 -0.8326
vn -0.4327 -0.4669 -0.7712
vn -0.3614 -0.4549 -0.8139
vn -0.3269 -0.4581 -0.8266
vn -0.2909 -0.4715 -0.8325
vn -0.2916 -0.4720 -0.8320
vn -0.3738 -0.5176 -0.7696
vn -0.2750 -0.4928 -0.8255
vn 0.5359 0.8159 -0.2170
vn 0.3807 0.8222 -0.4231
vn 0.8701 -0.4210 0.2563
vn 0.9255 -0.2961 0.2361
vn -0.2689 -0.6639 -0.6978
vn -0.7417 -0.5173 -0.4270
vn -0.6908 -0.5612 -0.4559
vn -0.5886 -0.4338 -0.6822
vn -0.5491 -0.4389 -0.7113
vn -0.4597 -0.4929 -0.7387
vn -0.6302 -0.4634 -0.6230
vn -0.5769 -0.4915 -0.6524
vn 0.6839 0.5114 -0.5204
vn 0.5228 0.1759 -0.8341
vn 0.6929 0.5181 -0.5014
vn 0.5255 0.2655 -0.8083
vn 0.3181 0.1937 -0.9281
vn 0.6764 0.4681 -0.5687
vn 0.5226 0.3327 -0.7850
vn 0.6898 0.5218 -0.5019
vn 0.5939 0.4310 -0.6793
vn -0.6292 -0.4256 -0.6504
vn -0.7462 -0.4362 -0.5029
vn -0.7925 -0.4128 -0.4489
vn -0.6364 -0.4110 -0.6528
vn -0.7902 -0.3990 -0.4651
vn -0.3035 -0.6535 -0.6934
vn -0.4810 -0.6659 -0.5703
vn 0.1266 -0.1663 0.9779
vn 0.3392 -0.3545 0.8714
vn 0.3740 -0.1465 0.9158
vn -0.8461 -0.4497 -0.2861
vn -0.6708 -0.5822 -0.4594
vn -0.9283 -0.3676 -0.0565
vn -0.9421 -0.3349 -0.0158
vn -0.7424 -0.4887 -0.4583
vn -0.8090 -0.4327 -0.3978
vn 0.3990 -0.8411 0.3653
vn 0.0360 -0.9245 -0.3795
vn 0.1360 -0.9233 -0.3591
vn 0.2959 -0.7210 0.6266
vn -0.4561 -0.6423 -0.6160
vn -0.3252 -0.6196 -0.7144
vn -0.2919 -0.6759 -0.6767
vn -0.4605 -0.6707 -0.5814
vn -0.3305 -0.7015 -0.6314
vn -0.4293 -0.7105 -0.5575
vn -0.3280 -0.7256 -0.6049
vn 0.1394 -0.8739 0.4657
vn -0.0450 -0.6655 0.7450
vn -0.7647 -0.3637 0.5320
vn -0.3799 -0.6314 -0.6760
vn -0.4888 -0.5458 -0.6806
vn -0.8947 -0.4387 -0.0834
vn -0.9355 -0.3532 -0.0052
vn -0.8497 -0.2375 0.4708
vn -0.3606 -0.6633 -0.6557
vn -0.6345 -0.5862 -0.5037
vn -0.8029 -0.5045 -0.3175
vn 0.4267 0.3497 0.8341
vn 0.3713 0.4278 0.8241
vn 0.2774 0.5065 0.8164
vn -0.8077 0.0560 0.5870
vn -0.4919 0.1914 0.8493
vn -0.9355 -0.3532 -0.0053
vn -0.6602 -0.5639 -0.4961
vn -0.8884 -0.2795 -0.3642
vn 0.7689 0.4355 0.4681
vn 0.8005 0.4303 0.4171
vn 0.7755 0.4787 0.4116
vn 0.7720 0.5083 0.3815
vn 0.7471 0.5310 0.3998
vn 0.7163 0.5478 0.4321
vn 0.7277 0.5661 0.3872
vn -0.9285 -0.3476 -0.1304
vn -0.9406 0.0164 0.3392
vn -0.9584 0.0340 0.2833
vn -0.4984 -0.5928 -0.6326
vn -0.4915 0.4102 0.7682
vn -0.7648 -0.3636 0.5318
vn 0.1083 0.8212 0.5602
vn 0.1083 0.8212 0.5603
vn 0.1564 0.8173 0.5545
vn 0.1624 0.8455 0.5087
vn 0.0301 0.8855 0.4638
vn 0.1182 0.0346 0.9924
vn 0.2069 0.1979 0.9581
vn 0.1367 0.2493 0.9587
vn -0.3239 -0.6646 -0.6733
vn -0.2983 -0.5961 -0.7454
vn -0.6236 0.1607 0.7650
vn -0.2522 0.3818 0.8892
vn -0.2575 0.4011 0.8791
vn 0.6726 0.1401 0.7266
vn 0.7472 0.1734 0.6416
vn 0.6451 0.1898 0.7401
vn 0.6691 0.2723 0.6915
vn 0.8232 -0.3764 0.4251
vn 0.8472 -0.3549 0.3953
vn 0.9193 -0.1430 0.3668
vn 0.9045 -0.1267 0.4073
vn 0.9128 -0.1239 0.3893
vn -0.9783 -0.1108 -0.1751
vn -0.9515 -0.2887 0.1062
vn -0.6544 -0.4308 0.6215
vn -0.2350 0.1989 0.9514
vn -0.6172 -0.0565 0.7848
vn -0.5619 -0.5821 -0.5878
vn -0.5291 -0.6266 -0.5723
vn -0.5311 -0.6606 -0.5306
vn -0.4926 -0.6639 -0.5627
vn 0.4006 -0.3315 0.8542
vn -0.6852 0.0640 0.7256
vn 0.6394 0.7538 -0.1516
vn -0.8884 -0.2796 -0.3641
vn -0.1032 0.9732 0.2057
vn -0.1243 -0.8473 -0.5164
vn -0.3492 -0.7803 -0.5188
vn -0.7841 -0.3981 -0.4762
vn -0.1009 -0.8469 -0.5221
vn 0.0077 0.1689 0.9856
vn 0.3350 0.7428 0.5797
vn 0.3491 0.7631 0.5439
vn 0.2933 0.8162 0.4977
vn 0.7881 0.6074 0.1000
vn -0.0300 0.4741 0.8800
vn -0.2259 0.4613 0.8580
vn -0.1065 0.5110 0.8530
vn -0.1629 -0.7854 -0.5971
vn -0.1397 -0.7029 -0.6974
vn -0.5513 -0.4988 -0.6688
vn -0.6969 -0.5014 -0.5127
vn -0.7653 -0.4821 -0.4264
vn -0.5766 -0.5150 -0.6343
vn -0.8718 -0.4281 -0.2379
vn -0.8496 -0.2375 0.4708
vn 0.5300 0.1636 0.8321
vn 0.5929 0.0239 0.8049
vn 0.5967 0.1601 0.7863
vn -0.9293 -0.3325 0.1606
vn 0.0732 -0.0579 0.9956
vn -0.4115 -0.5663 -0.7142
vn -0.0224 0.9555 -0.2941
vn -0.5934 -0.4128 -0.6910
vn -0.6008 -0.4156 -0.6829
vn 0.7467 0.6324 -0.2061
vn 0.7602 0.5897 -0.2726
vn 0.7213 0.5868 -0.3679
vn 0.7302 0.6521 -0.2039
vn 0.6757 0.5580 -0.4817
vn 0.6407 0.5418 -0.5441
vn 0.6583 0.5866 -0.4717
vn 0.1674 -0.1127 0.9794
vn 0.2567 -0.0650 0.9643
vn -0.0184 -0.9995 -0.0264
vn -0.0141 -0.5274 0.8495
vn 0.2983 -0.8321 0.4676
vn -0.1683 -0.9122 -0.3735
vn 0.2630 -0.0517 0.9634
vn 0.1143 0.1817 0.9767
vn 0.0579 0.2412 0.9688
vn 0.0945 0.2261 0.9695
vn 0.9292 0.2752 0.2465
vn 0.8953 0.3244 0.3053
vn 0.8681 0.3885 0.3090
vn 0.8975 0.3793 0.2249
vn -0.0107 -0.2265 0.9740
vn -0.0090 -0.1181 0.9930
vn -0.1334 0.2129 0.9679
vn -0.0651 -0.6706 -0.7389
vn -0.1212 -0.7627 -0.6353
vn -0.1833 -0.9538 0.2379
vn 0.8571 0.1470 0.4938
vn 0.8775 0.1378 0.4594
vn 0.8956 0.1987 0.3981
vn 0.8332 0.1973 0.5166
vn 0.8755 0.2904 0.3862
vn 0.8600 0.2819 0.4253
vn 0.0012 -0.9087 0.4174
vn -0.7868 -0.5422 -0.2948
vn -0.4491 -0.8741 -0.1849
vn -0.4031 -0.9114 -0.0821
vn -0.6178 -0.7401 -0.2656
vn -0.7947 -0.4821 -0.3689
vn -0.9982 0.0508 -0.0314
vn -0.9981 0.0398 0.0468
vn -0.8350 0.4494 0.3174
vn -0.7025 0.5966 0.3880
vn -0.9508 0.2727 0.1469
vn -0.7636 0.5682 0.3068
vn -0.6793 0.3977 0.6168
vn -0.4030 0.4926 0.7713
vn -0.4039 0.5317 0.7444
vn -0.5313 -0.6833 -0.5008
vn -0.7555 -0.4306 -0.4938
vn -0.9714 -0.2009 -0.1263
vn 0.9074 -0.2807 0.3128
vn -0.8442 0.5263 0.1020
vn -0.9977 0.0610 -0.0285
vn -0.7207 -0.4458 -0.5309
vn -0.1780 -0.5461 -0.8186
vn 0.6803 0.6920 0.2417
vn 0.6914 -0.2714 0.6696
vn 0.6807 -0.4539 0.5750
vn 0.7285 -0.2530 0.6367
vn -0.2443 -0.4747 -0.8456
vn -0.3469 -0.4919 -0.7985
vn -0.3224 -0.4823 -0.8145
vn -0.2234 -0.4588 -0.8600
vn -0.2439 -0.4810 -0.8421
vn -0.2200 -0.4580 -0.8613
vn 0.1031 0.2124 0.9717
vn 0.1030 0.2124 0.9717
vn -0.0237 0.3261 0.9451
vn 0.0075 0.3549 0.9349
vn 0.0337 0.3909 0.9198
vn 0.0282 0.3731 0.9274
vn 0.0043 0.3965 0.9180
vn 0.0738 0.3856 0.9197
vn 0.1492 0.4601 0.8752
vn 0.0668 0.4111 0.9091
vn 0.0669 0.4111 0.9091
vn -0.9939 -0.0870 0.0677
vn -0.9758 0.0143 0.2180
vn -0.7539 0.3820 0.5345
vn -0.7897 0.3983 0.4666
vn -0.9976 0.0187 0.0672
vn -0.1857 -0.5974 -0.7801
vn -0.2119 -0.7384 -0.6402
vn -0.2231 -0.7660 -0.6028
vn -0.2119 -0.7094 -0.6722
vn 0.4442 0.8920 0.0833
vn 0.3556 0.9238 0.1418
vn -0.1824 -0.5138 -0.8383
vn -0.1810 -0.5144 -0.8383
vn -0.1661 0.9286 -0.3317
vn -0.4457 0.5631 0.6959
vn 0.0371 0.4193 0.9071
vn 0.2093 0.6163 0.7592
vn 0.2092 0.6163 0.7592
vn 0.2441 0.6297 0.7375
vn 0.1384 0.6101 0.7801
vn 0.1028 0.6852 0.7211
vn -0.3036 -0.4728 0.8272
vn 0.0661 0.3528 0.9334
vn -0.0556 0.1057 0.9928
vn -0.0835 0.0232 0.9962
vn 0.3354 -0.0424 0.9411
vn 0.3131 0.1219 0.9419
vn -0.7483 0.6618 -0.0447
vn -0.2221 -0.6910 -0.6879
vn -0.1938 -0.5651 -0.8019
vn 0.0737 0.2836 0.9561
vn -0.0493 0.3733 0.9264
vn 0.0300 0.4143 0.9097
vn -0.1942 -0.4511 -0.8711
vn 0.2005 0.1023 0.9743
vn -0.8936 0.3960 -0.2113
vn -0.2883 -0.8094 -0.5116
vn -0.7206 -0.4459 -0.5309
vn -0.5804 -0.6568 -0.4815
vn -0.8971 0.4365 -0.0685
vn -0.1929 -0.5314 -0.8249
vn -0.0905 -0.9916 0.0928
vn 0.0041 0.4189 0.9080
vn -0.0516 0.4276 0.9025
vn -0.9977 0.0611 -0.0284
vn -0.9442 0.3131 0.1024
vn -0.7680 -0.5129 -0.3835
vn -0.7991 -0.4666 -0.3791
vn -0.8312 -0.4545 -0.3202
vn -0.7611 -0.5541 -0.3373
vn -0.8025 -0.4799 -0.3545
vn -0.7927 -0.5473 -0.2684
vn -0.7927 -0.5473 -0.2685
vn -0.7819 -0.5347 -0.3206
vn -0.7841 -0.5533 -0.2811
vn 0.1669 0.4771 0.8629
vn -0.6128 -0.7402 -0.2769
vn -0.7122 -0.6752 -0.1921
vn -0.7251 -0.6722 -0.1495
vn -0.5960 -0.7434 -0.3035
vn -0.7251 -0.6722 -0.1494
vn -0.5327 -0.7340 -0.4212
vn -0.5997 -0.7151 -0.3592
vn -0.7214 -0.6737 -0.1606
vn -0.6863 -0.6869 -0.2391
vn -0.6893 -0.7120 -0.1338
vn -0.6677 -0.5280 -0.5248
vn -0.2123 -0.7151 -0.6660
vn -0.1626 -0.7572 -0.6326
vn -0.1629 -0.7996 -0.5781
vn -0.0961 -0.9505 -0.2955
vn -0.2103 -0.8186 -0.5344
vn -0.4044 -0.5176 -0.7540
vn -0.4386 -0.5442 -0.7152
vn -0.2192 -0.5042 -0.8353
vn -0.3581 -0.5230 -0.7735
vn -0.2092 -0.5779 -0.7888
vn -0.7862 -0.5065 -0.3540
vn -0.1494 -0.9841 -0.0956
vn 0.0403 -0.9174 0.3959
vn 0.2550 -0.8270 0.5010
vn -0.9715 -0.2005 -0.1262
vn -0.7483 0.6619 -0.0446
vn -0.2170 0.8326 0.5096
vn -0.8650 0.4796 0.1476
vn -0.8963 -0.4164 -0.1525
vn -0.8972 -0.3290 -0.2945
vn -0.7841 -0.3981 -0.4761
vn -0.8286 0.5541 0.0803
vn -0.7167 -0.5763 -0.3927
vn -0.7207 -0.5995 -0.3480
vn -0.1512 -0.6856 -0.7121
vn -0.1237 -0.7523 -0.6471
vn -0.0839 -0.8078 -0.5834
vn 0.3463 0.8540 0.3882
vn 0.4869 0.7555 0.4383
vn 0.5581 0.7679 0.3145
vn 0.3478 0.8742 0.3389
vn 0.0650 0.9356 0.3470
vn -0.1881 -0.5457 -0.8166
vn -0.1808 -0.5132 -0.8390
vn -0.1807 -0.5132 -0.8391
vn 0.2392 0.9670 -0.0881
vn 0.1934 0.9472 0.2558
vn 0.0855 0.9598 0.2674
vn -0.1116 0.5853 0.8031
vn -0.2113 0.6065 0.7665
vn -0.3146 -0.8508 -0.4208
vn 0.6023 0.6198 -0.5031
vn -0.3128 -0.5505 -0.7740
vn -0.2790 -0.5523 -0.7856
vn -0.2415 -0.5981 -0.7641
vn -0.2338 -0.6311 -0.7396
vn 0.7299 0.6075 0.3135
vn 0.6529 0.6444 0.3981
vn -0.1659 -0.9399 -0.2983
vn -0.6516 0.3784 0.6575
vn 0.8621 0.4871 0.1400
vn 0.9016 0.4256 0.0773
vn 0.8847 0.4617 0.0646
vn 0.8315 0.5361 0.1458
vn -0.7612 0.6251 0.1730
vn -0.7073 -0.4337 -0.5582
vn -0.6910 -0.4169 -0.5905
vn -0.7168 -0.4459 -0.5361
vn -0.6732 -0.4873 -0.5563
vn -0.9075 0.4200 -0.0106
vn 0.7530 0.0204 0.6577
vn 0.7835 0.1456 0.6040
vn 0.7737 0.1492 0.6157
vn -0.0646 -0.8727 -0.4839
vn -0.4584 -0.5617 -0.6888
vn -0.6921 -0.6506 -0.3126
vn -0.5554 -0.8221 -0.1254
vn 0.0380 0.5372 0.8426
vn 0.0282 0.4747 0.8797
vn -0.4219 -0.8733 -0.2437
vn -0.3335 -0.9208 -0.2021
vn -0.3045 -0.9235 -0.2334
vn 0.8616 0.4609 0.2125
vn 0.8427 0.4223 0.3341
vn 0.8373 0.5030 0.2145
vn 0.8149 0.4989 0.2949
vn 0.7155 -0.1372 0.6850
vn 0.7492 -0.1555 0.6438
vn 0.1604 0.5121 0.8438
vn 0.1126 0.5320 0.8392
vn -0.5059 -0.8278 -0.2426
vn -0.8870 -0.3160 -0.3366
vn -0.4229 -0.9036 -0.0689
vn -0.3997 -0.9094 -0.1147
vn -0.3276 -0.9312 -0.1598
vn -0.3686 -0.9257 -0.0849
vn -0.3914 -0.8904 0.2325
vn 0.3899 -0.9177 0.0762
vn -0.7265 -0.6545 -0.2093
vn -0.6741 -0.6985 -0.2400
vn -0.6638 -0.7229 -0.1919
vn -0.4640 -0.8797 -0.1043
vn -0.0397 0.6172 0.7858
vn 0.0202 0.6648 0.7467
vn -0.6353 -0.5225 -0.5686
vn -0.5243 -0.4633 -0.7145
vn -0.5934 -0.6648 -0.4538
vn 0.3380 -0.4504 -0.8264
vn 0.2394 -0.0544 -0.9694
vn 0.3998 -0.9165 0.0114
vn 0.4577 -0.0258 -0.8888
vn 0.4111 -0.2422 -0.8788
vn -0.4170 -0.5637 -0.7130
vn -0.3383 -0.4049 -0.8495
vn 0.2333 -0.5233 -0.8196
vn -0.5121 -0.6643 -0.5446
vn -0.4383 -0.8730 -0.2140
vn 0.7867 0.5523 0.2758
vn 0.7603 0.5870 0.2784
vn 0.9598 0.2801 -0.0205
vn -0.6699 -0.6187 -0.4104
vn -0.6417 -0.6214 -0.4494
vn -0.5660 -0.6790 -0.4675
vn -0.6700 -0.6187 -0.4104
vn -0.6780 -0.6317 -0.3759
vn -0.6042 -0.7335 -0.3113
vn -0.5460 -0.7397 -0.3935
vn -0.5566 -0.7583 -0.3392
vn -0.5566 -0.7584 -0.3392
vn 0.1632 0.4675 0.8688
vn -0.6730 -0.6834 -0.2829
vn -0.0976 -0.9948 -0.0276
vn -0.6307 -0.7363 -0.2450
vn 0.4715 -0.8263 0.3081
vn 0.4952 -0.8082 0.3187
vn -0.1054 -0.9918 0.0729
vn 0.9855 0.1058 -0.1330
vn 0.9725 0.2154 -0.0887
vn 0.8782 0.0099 -0.4782
vn 0.4406 -0.2941 -0.8482
vn -0.1032 -0.1142 -0.9881
vn -0.3455 -0.8607 -0.3739
vn -0.7392 -0.5740 -0.3524
vn 0.6362 -0.0261 -0.7711
vn 0.3961 -0.2187 -0.8918
vn -0.3382 -0.4049 -0.8495
vn -0.2541 -0.3364 -0.9068
vn -0.4754 -0.4777 -0.7388
vn -0.2811 -0.3789 -0.8817
vn -0.2090 -0.5289 -0.8225
vn -0.4794 -0.4635 -0.7452
vn -0.6040 -0.5065 -0.6153
vn 0.3635 -0.0436 -0.9306
vn 0.8570 0.3790 -0.3492
vn -0.5243 -0.4633 -0.7144
vn 0.8464 0.4122 -0.3373
vn 0.3722 -0.1737 -0.9117
vn 0.4859 -0.0505 -0.8726
vn 0.9081 0.4072 -0.0981
vn 0.8559 0.3157 -0.4096
vn 0.8630 0.3626 -0.3517
vn 0.8699 0.3991 -0.2897
vn 0.5362 0.1798 -0.8247
vn 0.5786 0.0982 -0.8097
vn 0.2393 -0.0542 -0.9694
vn 0.8837 0.3247 -0.3370
vn 0.7069 0.1790 -0.6843
vn -0.0254 0.9823 0.1856
vn 0.2493 0.5274 0.8122
vn 0.2651 0.5663 0.7804
vn 0.7858 -0.5186 0.3370
vn -0.2159 -0.8732 -0.4369
vn 0.0635 -0.8426 0.5348
vn 0.3836 -0.5545 0.7385
vn 0.2179 -0.4689 0.8560
vn 0.2752 -0.5664 0.7768
vn -0.4506 -0.4771 -0.7545
vn 0.4839 -0.3541 -0.8002
vn 0.9507 0.0854 0.2981
vn 0.9447 0.1839 0.2715
vn -0.7319 -0.5562 -0.3937
vn -0.4802 -0.8423 -0.2447
vn -0.6555 -0.6721 -0.3444
vn 0.0521 -0.3337 -0.9412
vn 0.8845 -0.1871 -0.4275
vn 0.9993 -0.0232 -0.0299
vn 0.9161 0.1340 -0.3780
vn 0.4405 -0.2942 -0.8481
vn 0.5456 -0.0306 -0.8375
vn 0.8929 0.0953 -0.4401
vn -0.1033 -0.1142 -0.9881
vn -0.5517 -0.5763 -0.6029
vn 0.9890 0.0615 -0.1348
vn 0.7516 -0.4155 0.5123
vn 0.6153 -0.6494 0.4469
vn 0.7877 -0.3952 0.4726
vn 0.8126 -0.2918 0.5045
vn -0.6902 -0.6425 -0.3329
vn -0.7632 -0.6113 -0.2093
vn -0.6830 -0.6393 -0.3532
vn -0.7633 -0.6112 -0.2093
vn -0.7616 -0.6016 -0.2410
vn -0.7462 -0.6175 -0.2488
vn 0.8898 0.4259 0.1639
vn 0.8785 0.4556 0.1434
vn 0.8894 0.2051 -0.4086
vn 0.8735 0.2080 -0.4400
vn 0.9121 0.3713 -0.1740
vn -0.3911 -0.8904 0.2327
vn -0.2010 -0.9455 0.2561
vn -0.6408 -0.7030 -0.3085
vn -0.1934 -0.9810 0.0171
vn 0.1831 -0.9620 0.2027
vn -0.1576 -0.9871 0.0268
vn 0.8035 0.5557 0.2136
vn -0.1773 -0.5978 -0.7818
vn 0.7877 0.5884 0.1828
vn 0.0343 -0.9982 0.0494
vn -0.2014 -0.9454 0.2564
vn -0.1697 -0.9855 -0.0013
vn 0.2144 -0.9612 0.1735
vn 0.4760 -0.7997 0.3660
vn 0.6524 -0.6475 0.3939
vn 0.8640 -0.1529 0.4798
vn -0.5008 -0.8170 -0.2856
vn -0.1857 -0.9823 -0.0227
vn 0.5570 -0.7048 0.4394
vn -0.4080 -0.7656 -0.4974
vn -0.4965 -0.7704 -0.4000
vn -0.4232 -0.7763 -0.4672
vn -0.4423 -0.8025 -0.4005
vn 0.4214 -0.7788 0.4646
vn 0.1381 -0.9722 0.1889
vn 0.5270 -0.7449 0.4092
vn 0.6990 -0.4635 0.5446
vn 0.6691 -0.4583 0.5850
vn 0.7925 -0.1533 0.5904
vn -0.0960 -0.9837 -0.1522
vn -0.4777 -0.8086 -0.3435
vn -0.7539 -0.5080 -0.4167
vn -0.7523 -0.5271 -0.3953
vn -0.6455 -0.5676 -0.5111
vn -0.6071 -0.5721 -0.5514
vn -0.6463 -0.5927 -0.4806
vn 0.1440 -0.1000 -0.9845
vn 0.4112 -0.2421 -0.8788
vn -0.3964 -0.6451 -0.6533
vn -0.3951 -0.6310 -0.6676
vn 0.8656 -0.1972 0.4602
vn 0.8672 -0.0794 0.4915
vn 0.8635 0.0021 0.5044
vn 0.8979 -0.0028 0.4402
vn 0.9022 0.0701 0.4256
vn -0.7642 -0.5086 -0.3965
vn -0.7386 -0.5054 -0.4462
vn -0.7164 -0.5146 -0.4712
vn -0.7454 -0.5391 -0.3921
vn -0.6873 -0.5152 -0.5120
vn -0.6740 -0.5342 -0.5103
vn -0.7236 -0.5817 -0.3716
vn 0.6395 0.6954 0.3280
vn -0.8162 -0.4400 -0.3745
vn -0.8254 -0.4063 -0.3920
vn -0.7943 -0.4226 -0.4365
vn -0.7730 -0.4215 -0.4742
vn -0.7582 -0.4391 -0.4820
vn -0.7462 -0.4520 -0.4887
vn 0.2307 -0.5304 -0.8158
vn 0.3379 -0.4504 -0.8264
vn -0.4584 -0.5616 -0.6888
vn -0.0042 -0.5742 -0.8187
vn -0.2087 -0.5108 -0.8340
vn 0.6142 0.3252 0.7191
vn -0.7075 -0.4391 -0.5538
vn 0.5921 0.6714 0.4457
vn 0.5093 0.6957 0.5066
vn 0.6006 0.7292 0.3279
vn -0.4994 -0.4993 -0.7080
vn -0.7374 -0.4432 -0.5097
vn -0.7570 -0.4745 -0.4491
vn -0.7087 -0.5347 -0.4602
vn -0.8307 -0.3920 -0.3954
vn -0.7715 -0.3905 -0.5022
vn 0.9115 0.0757 0.4043
vn -0.4169 -0.5637 -0.7130
vn -0.1252 -0.5485 -0.8268
vn -0.0752 -0.5082 -0.8579
vn -0.2324 -0.4962 -0.8365
vn 0.8072 0.5296 -0.2605
vn 0.7997 0.4770 -0.3645
vn 0.7978 0.5694 -0.1983
vn -0.7517 -0.5752 -0.3225
vn -0.7202 -0.6288 -0.2932
vn 0.8229 0.4553 -0.3400
vn 0.8022 0.4164 -0.4279
vn -0.7102 -0.1925 -0.6771
vn 0.2205 -0.4782 0.8501
vn 0.3099 -0.1640 0.9365
vn 0.3494 -0.0060 -0.9369
vn 0.8504 0.3949 -0.3477
vn 0.8440 0.4117 -0.3439
vn 0.8348 0.4194 -0.3567
vn 0.3692 -0.8377 0.4024
vn -0.7020 -0.6384 0.3158
vn 0.1040 -0.6980 0.7086
vn -0.0246 -0.9837 0.1783
vn 0.2059 -0.8769 0.4344
vn -0.4647 -0.8821 -0.0775
vn 0.5872 -0.0715 0.8063
vn 0.3687 0.6931 0.6194
vn -0.3942 -0.7314 -0.5564
vn -0.2352 -0.9677 -0.0913
vn -0.1985 -0.9777 -0.0678
vn -0.1071 -0.9939 -0.0275
vn -0.3044 -0.8135 -0.4956
vn 0.1754 -0.8836 0.4342
vn -0.6964 -0.4026 -0.5941
vn -0.6369 -0.4529 -0.6239
vn -0.6512 -0.4419 -0.6169
vn 0.9264 0.0596 0.3718
vn 0.9150 0.1879 0.3571
vn 0.5342 -0.4385 0.7228
vn 0.4166 0.4509 0.7894
vn 0.4049 0.4862 0.7744
vn -0.5265 -0.7060 -0.4737
vn -0.6554 -0.5758 -0.4889
vn -0.2760 -0.9497 -0.1481
vn 0.0342 -0.8828 0.4686
vn 0.3546 -0.2458 0.9021
vn 0.2850 0.9475 0.1453
vn -0.4510 -0.8874 -0.0955
vn 0.8284 0.4135 0.3778
vn 0.8297 -0.1854 0.5265
vn 0.5180 -0.2305 0.8237
vn 0.4568 -0.1018 0.8837
vn 0.5350 -0.0278 0.8444
vn 0.5269 0.6677 0.5259
vn 0.7588 -0.2709 0.5924
vn 0.7832 -0.3107 0.5386
vn -0.2173 -0.9760 -0.0110
vn -0.6410 -0.7001 -0.3146
vn -0.6587 -0.5369 -0.5272
vn 0.7436 -0.2435 0.6227
vn 0.6390 -0.2193 0.7372
vn 0.5318 -0.3996 0.7466
vn -0.4904 -0.5751 -0.6548
vn -0.0162 -0.9988 0.0453
vn -0.0703 -0.8382 -0.5408
vn 0.9278 0.1899 0.3210
vn -0.2194 0.6439 0.7330
vn -0.8087 -0.4925 -0.3216
vn -0.5946 -0.6990 0.3974
vn -0.3948 -0.8767 0.2747
vn -0.4746 -0.8178 0.3255
vn -0.6118 -0.6789 0.4059
vn -0.8668 -0.1337 0.4804
vn -0.7157 0.6892 0.1129
vn -0.6379 0.7701 -0.0080
vn -0.8090 0.5834 0.0713
vn -0.7548 0.0119 0.6559
vn -0.6873 0.2328 0.6880
vn -0.6873 0.6010 0.4080
vn -0.1537 0.6157 0.7729
vn -0.1619 0.7068 0.6887
vn -0.2874 0.6129 0.7361
vn -0.2969 -0.9414 0.1603
vn -0.3775 -0.9068 0.1878
vn -0.8434 0.0333 0.5363
vn -0.5607 0.0625 0.8257
vn -0.5171 -0.0159 0.8558
vn -0.6441 -0.3516 0.6793
vn -0.2542 0.4547 0.8536
vn -0.5802 -0.0012 0.8145
vn -0.5611 -0.7284 0.3932
vn -0.6229 -0.6702 0.4036
vn -0.5359 0.7528 0.3823
vn -0.3534 0.9061 0.2326
vn -0.5365 0.7974 0.2761
vn -0.6968 -0.0520 0.7154
vn -0.6379 0.1193 0.7608
vn -0.5524 0.5167 0.6541
vn -0.4379 0.5375 0.7206
vn -0.0891 0.5818 0.8084
vn 0.1422 0.7318 0.6665
vn 0.0740 0.7755 0.6270
vn 0.0841 0.1584 -0.9838
vn 0.0799 0.0431 -0.9959
vn 0.0024 0.1355 -0.9908
vn -0.0020 0.2279 -0.9737
vn -0.8630 0.4841 0.1446
vn -0.8837 0.0584 0.4644
vn -0.7782 0.5642 0.2758
vn -0.6343 0.7366 0.2347
vn -0.7500 0.5579 0.3552
vn 0.0109 0.8208 0.5711
vn -0.8642 -0.1296 0.4862
vn -0.5108 0.7545 -0.4120
vn -0.6804 0.6689 -0.2994
vn -0.6864 0.6745 -0.2718
vn -0.4331 0.8090 -0.3974
vn -0.5403 0.7780 -0.3206
vn -0.4732 0.8196 -0.3230
vn -0.3784 -0.9122 0.1574
vn -0.3897 -0.9102 0.1402
vn -0.5211 -0.7749 0.3579
vn 0.3058 0.8819 0.3588
vn 0.3759 0.8572 0.3520
vn 0.3779 0.9096 0.1725
vn 0.2739 0.9414 0.1967
vn -0.7006 0.6875 -0.1909
vn -0.6790 0.7062 -0.2005
vn -0.6697 0.7143 -0.2033
vn -0.7115 0.6819 -0.1697
vn -0.4514 0.8452 -0.2861
vn -0.6797 0.7075 -0.1937
vn -0.5650 0.7873 -0.2470
vn -0.6743 0.7154 -0.1830
vn -0.6750 0.7267 -0.1277
vn -0.4719 0.8403 -0.2668
vn -0.0766 0.9908 0.1115
vn 0.0513 0.9850 0.1650
vn 0.1042 0.9934 0.0475
vn 0.0113 0.9106 0.4131
vn 0.1617 0.9104 0.3807
vn 0.1413 0.9596 0.2433
vn -0.0790 0.9528 0.2931
vn -0.3371 0.7327 0.5911
vn -0.4052 0.7622 0.5048
vn 0.0050 0.7715 -0.6362
vn -0.0369 0.7067 -0.7066
vn -0.1189 0.7472 -0.6539
vn -0.0962 0.8104 -0.5780
vn -0.1710 0.9805 0.0971
vn -0.2373 0.9349 0.2641
vn -0.4426 -0.2186 0.8697
vn -0.3511 -0.2824 0.8927
vn 0.0878 0.5151 0.8526
vn 0.1985 0.8594 0.4712
vn -0.0825 0.2736 -0.9583
vn -0.0175 0.3695 -0.9291
vn -0.0449 0.3309 -0.9426
vn -0.5378 -0.7571 0.3709
vn -0.5530 -0.7199 0.4195
vn -0.6811 -0.4458 0.5808
vn -0.7168 -0.1020 0.6898
vn -0.4771 0.7309 0.4879
vn -0.3511 0.8683 0.3505
vn -0.3535 -0.5098 0.7843
vn 0.2055 -0.1539 0.9665
vn 0.4373 0.0397 0.8985
vn -0.3249 -0.5550 0.7658
vn 0.3243 -0.0326 0.9454
vn 0.7210 0.6859 0.0982
vn 0.7501 0.6611 0.0186
vn 0.7365 0.6717 -0.0797
vn 0.6907 0.7207 -0.0595
vn 0.6716 0.7382 0.0643
vn 0.6563 0.7532 -0.0450
vn 0.6332 0.7729 0.0403
vn -0.2900 -0.7968 0.5302
vn -0.8086 -0.4926 0.3217
vn -0.6917 -0.5424 0.4768
vn -0.6110 0.7800 -0.1352
vn -0.8307 0.5552 0.0399
vn -0.7386 0.6737 0.0259
vn -0.4837 -0.6382 0.5989
vn -0.8541 0.4149 0.3138
vn -0.8441 0.5107 0.1634
vn -0.8387 -0.2328 0.4923
vn -0.7641 0.5851 0.2716
vn -0.1782 -0.9338 0.3102
vn -0.3392 -0.9150 0.2184
vn -0.5286 -0.7459 0.4051
vn -0.8857 -0.1715 0.4314
vn -0.0694 -0.8202 0.5679
vn -0.3334 -0.7350 0.5904
vn -0.8264 -0.2593 0.4998
vn -0.7257 0.6870 -0.0383
vn -0.3992 -0.8936 0.2053
vn -0.9191 0.3928 -0.0320
vn -0.3399 -0.7512 0.5659
vn -0.3992 -0.8936 0.2054
vn -0.2562 -0.8754 0.4099
vn -0.0646 -0.8670 0.4940
vn -0.0706 -0.9015 0.4269
vn -0.2797 -0.9362 0.2128
vn -0.4941 -0.6354 0.5934
vn -0.1086 -0.8902 0.4424
vn -0.8346 -0.3382 0.4347
vn -0.8587 -0.4250 0.2864
vn 0.9773 0.1425 -0.1566
vn 0.9782 -0.0291 -0.2055
vn 0.9742 0.1034 -0.2004
vn 0.9670 0.1962 -0.1627
vn -0.8641 0.5020 0.0364
vn -0.8130 0.5723 -0.1068
vn -0.8086 -0.4926 0.3216
vn -0.8137 0.5732 0.0965
vn -0.8028 0.5959 -0.0196
vn -0.7800 -0.4458 0.4392
vn 0.6533 0.5178 -0.5524
vn 0.6114 0.4880 -0.6229
vn 0.5058 0.5616 -0.6548
vn 0.5153 0.5744 -0.6360
vn 0.6489 0.5569 -0.5185
vn 0.5010 0.6010 -0.6227
vn 0.5474 0.6457 -0.5324
vn 0.5178 0.6261 -0.5830
vn -0.2814 -0.4003 0.8721
vn -0.1592 -0.3961 0.9043
vn 0.2291 0.2802 0.9322
vn -0.1092 0.8219 0.5591
vn -0.1770 -0.8982 0.4025
vn -0.2596 -0.8709 0.4172
vn -0.3729 -0.8585 0.3519
vn -0.3711 -0.8764 0.3068
vn -0.2440 -0.9217 0.3016
vn 0.0557 0.7769 -0.6271
vn -0.0602 0.8463 -0.5293
vn 0.0553 0.8193 -0.5706
vn 0.0132 0.8699 -0.4931
vn 0.2265 0.9735 -0.0312
vn 0.2195 0.9680 -0.1220
vn 0.0561 0.9884 -0.1409
vn 0.0624 0.9976 -0.0285
vn -0.4742 0.8742 0.1040
vn -0.5671 0.8230 0.0337
vn -0.0724 -0.8688 0.4898
vn -0.1291 -0.8633 0.4879
vn -0.0918 -0.9089 0.4067
vn 0.5694 0.3289 -0.7533
vn 0.5583 0.2619 -0.7872
vn 0.4980 0.2903 -0.8171
vn 0.5219 0.3827 -0.7623
vn 0.7611 0.2610 -0.5938
vn 0.7429 0.2578 -0.6177
vn 0.7016 0.2844 -0.6533
vn 0.7771 0.2820 -0.5627
vn 0.7581 0.3725 -0.5353
vn 0.6844 0.3648 -0.6313
vn 0.7213 0.3807 -0.5786
vn 0.4882 0.5246 -0.6974
vn 0.4010 0.5193 -0.7547
vn 0.3357 0.5912 -0.7333
vn 0.3557 0.6212 -0.6983
vn 0.3646 0.6518 -0.6650
vn 0.4214 0.6406 -0.6419
vn -0.6384 0.7697 -0.0070
vn -0.3448 0.8781 -0.3317
vn -0.3610 0.8624 -0.3550
vn -0.3646 0.9054 -0.2176
vn -0.2615 0.9107 -0.3197
vn -0.3439 0.9063 -0.2458
vn 0.9605 -0.1365 -0.2427
vn 0.9580 -0.0662 -0.2790
vn 0.9620 0.0661 -0.2648
vn 0.6075 0.7893 -0.0897
vn 0.5709 0.8181 0.0691
vn 0.5386 0.8400 -0.0664
vn 0.5218 0.8527 0.0274
vn 0.5267 0.8498 -0.0206
vn -0.0186 0.9041 -0.4269
vn -0.1418 0.8971 -0.4184
vn -0.0122 0.9293 -0.3691
vn -0.1265 0.9487 -0.2896
vn -0.4585 0.5902 -0.6644
vn -0.5603 0.5680 -0.6029
vn -0.7715 0.4586 -0.4410
vn -0.3224 0.6682 -0.6704
vn -0.6102 0.6271 -0.4841
vn -0.4610 0.6878 -0.5607
vn 0.1050 0.5089 0.8544
vn 0.1921 0.6267 0.7552
vn 0.2271 0.7343 0.6398
vn -0.3749 0.9254 -0.0554
vn -0.3315 0.9351 0.1255
vn -0.2036 0.9781 -0.0436
vn 0.2346 0.5080 0.8288
vn 0.7524 0.3745 0.5420
vn 0.7280 0.3617 0.5823
vn 0.3081 -0.0127 0.9513
vn 0.7468 0.4341 0.5037
vn 0.5493 0.1353 0.8246
vn 0.6691 0.4125 0.6182
vn 0.2240 -0.1704 -0.9596
vn 0.1409 -0.3334 -0.9322
vn 0.1124 -0.1222 -0.9861
vn 0.2622 -0.0567 -0.9633
vn 0.1629 0.0083 -0.9866
vn 0.2456 0.0793 -0.9661
vn -0.6533 -0.7004 0.2874
vn -0.2163 0.0180 0.9762
vn -0.5078 -0.4522 0.7333
vn -0.3024 -0.3214 0.8974
vn -0.3624 0.3895 0.8468
vn 0.3488 0.2866 0.8923
vn -0.2168 -0.9720 0.0902
vn 0.4958 0.0790 0.8649
vn -0.0698 0.2928 -0.9536
vn -0.6198 -0.0585 -0.7826
vn -0.4466 0.1606 -0.8802
vn -0.0298 0.3264 -0.9448
vn -0.6294 0.0847 -0.7725
vn -0.6288 0.0728 -0.7742
vn -0.3670 0.2431 -0.8979
vn -0.0607 0.3912 -0.9183
vn -0.2614 0.3229 -0.9096
vn 0.3687 0.7308 0.5744
vn -0.1656 -0.8310 0.5311
vn -0.2675 -0.8006 0.5361
vn -0.2850 -0.8395 0.4626
vn -0.3624 0.3895 0.8467
vn 0.4273 0.6446 0.6340
vn 0.4901 0.7603 0.4264
vn -0.8279 0.5560 -0.0735
vn -0.9334 0.3583 -0.0221
vn -0.7433 0.6556 -0.1330
vn -0.5193 -0.8329 0.1915
vn -0.6281 -0.7643 0.1458
vn -0.1252 -0.5485 0.8267
vn -0.5917 -0.8007 0.0935
vn -0.4906 -0.8585 0.1494
vn -0.6159 -0.7633 0.1948
vn -0.2713 -0.6564 0.7039
vn -0.4717 -0.8661 0.1655
vn -0.5558 -0.7367 0.3852
vn 0.3089 -0.7893 0.5306
vn 0.4376 -0.8876 0.1440
vn 0.9332 -0.2973 -0.2017
vn 0.5243 -0.5622 0.6396
vn 0.9856 -0.1664 0.0287
vn -0.1553 -0.5053 0.8489
vn 0.4402 0.3854 0.8110
vn 0.4361 0.3725 0.8192
vn 0.4958 0.4961 0.7128
vn 0.4880 0.1649 -0.8571
vn 0.4420 0.0760 -0.8938
vn 0.3498 0.1753 -0.9203
vn 0.3863 0.2712 -0.8816
vn 0.1579 0.3956 0.9048
vn 0.4180 0.5432 0.7281
vn 0.5279 0.6388 0.5598
vn 0.8239 -0.0964 -0.5584
vn 0.7982 -0.1538 -0.5824
vn 0.7815 -0.1336 -0.6094
vn 0.7721 -0.0159 -0.6353
vn 0.8484 0.0139 -0.5291
vn 0.7941 0.0495 -0.6058
vn 0.8147 0.0927 -0.5725
vn 0.4198 0.1976 0.8859
vn 0.6538 0.3186 0.6863
vn 0.2306 -0.5304 0.8158
vn -0.5236 -0.8297 0.1933
vn -0.3212 -0.9437 0.0795
vn -0.5503 -0.8324 0.0651
vn -0.2167 -0.9720 0.0903
vn 0.4536 0.8577 0.2421
vn 0.5059 0.8458 0.1692
vn 0.3985 0.9094 0.1195
vn -0.2055 -0.9716 0.1169
vn -0.1329 -0.9887 -0.0695
vn -0.4672 -0.8374 0.2837
vn -0.6382 -0.6449 0.4205
vn -0.6164 -0.6067 0.5020
vn -0.4404 0.8817 -0.1692
vn -0.2863 0.9454 -0.1558
vn -0.5954 -0.8000 0.0743
vn -0.8107 -0.5641 0.1568
vn 0.7299 0.4798 -0.4869
vn 0.7055 0.4553 -0.5431
vn 0.6776 0.4743 -0.5620
vn 0.7120 0.5238 -0.4677
vn 0.6971 0.5622 -0.4450
vn 0.6641 0.6038 -0.4409
vn 0.2630 0.6881 -0.6762
vn 0.2357 0.6873 -0.6871
vn 0.1578 0.7161 -0.6800
vn 0.1422 0.7404 -0.6570
vn 0.2515 0.7382 -0.6259
vn 0.1857 0.7520 -0.6324
vn -0.5419 -0.8233 0.1686
vn 0.6880 -0.0658 -0.7227
vn 0.6311 -0.1095 -0.7680
vn 0.6313 -0.0266 -0.7751
vn 0.7263 0.0239 -0.6870
vn 0.6946 0.1094 -0.7111
vn 0.6427 0.3705 -0.6706
vn 0.6178 0.3964 -0.6792
vn 0.7059 0.4219 -0.5689
vn 0.5782 0.4180 -0.7006
vn 0.5832 0.4455 -0.6792
vn 0.5935 0.4723 -0.6517
vn 0.5753 0.6250 0.5277
vn 0.6325 0.7010 0.3293
vn 0.6799 0.6827 0.2677
vn 0.6347 0.7192 0.2827
vn 0.5769 0.7739 0.2612
vn -0.6752 -0.7263 0.1291
vn -0.3155 0.7782 -0.5430
vn -0.4529 0.7358 -0.5034
vn -0.3253 0.8052 -0.4958
vn 0.8627 0.4906 0.1230
vn 0.8876 0.4577 0.0519
vn 0.8691 0.4944 -0.0172
vn 0.8529 0.5041 0.1359
vn 0.8515 0.5238 -0.0259
vn 0.8404 0.5240 0.1386
vn 0.8308 0.5414 0.1295
vn 0.8305 0.5542 -0.0549
vn 0.8109 0.5743 0.1124
vn 0.8072 0.5903 0.0002
vn 0.8072 0.5903 0.0001
vn 0.7822 0.6217 0.0410
vn 0.4068 -0.0876 0.9093
vn 0.8166 0.1928 0.5441
vn 0.7242 0.2630 0.6374
vn 0.5498 -0.3112 -0.7752
vn 0.3839 -0.6559 -0.6500
vn 0.2849 -0.7645 -0.5782
vn 0.3109 -0.7587 -0.5724
vn 0.5728 -0.3066 -0.7602
vn -0.5244 -0.8233 0.2173
vn -0.6126 0.2880 -0.7361
vn -0.5661 0.2979 -0.7686
vn -0.9290 -0.0249 -0.3693
vn 0.0147 -0.7933 -0.6087
vn 0.0332 -0.9438 -0.3289
vn -0.0247 -0.5628 -0.8262
vn 0.0452 -0.4601 -0.8867
vn -0.6496 -0.7566 0.0748
vn -0.6603 -0.7453 0.0921
vn -0.5863 -0.8081 0.0572
vn -0.5352 -0.8439 0.0387
vn 0.3969 -0.8476 -0.3523
vn 0.1539 -0.9683 -0.1966
vn 0.4161 -0.6972 -0.5838
vn 0.6291 -0.5232 -0.5749
vn 0.5833 -0.5198 -0.6242
vn 0.5570 -0.4817 -0.6766
vn -0.4394 -0.5042 0.7435
vn -0.4549 -0.6152 0.6439
vn -0.4984 -0.5698 0.6534
vn -0.5111 -0.4452 0.7352
vn -0.4473 -0.4679 0.7622
vn 0.7528 0.6375 -0.1637
vn 0.7018 0.6826 -0.2037
vn 0.6729 0.7257 -0.1438
vn 0.6785 0.7166 -0.1614
vn -0.2171 0.7246 -0.6541
vn -0.5391 0.8308 -0.1383
vn -0.0765 0.9963 -0.0399
vn 0.4241 0.9034 0.0629
vn 0.3868 0.9218 0.0271
vn 0.2801 0.9591 0.0400
vn 0.3669 0.9300 -0.0202
vn -0.4083 -0.5482 0.7299
vn -0.4597 -0.5239 0.7171
vn -0.5314 -0.5164 0.6715
vn -0.5222 -0.5507 0.6512
vn -0.4067 -0.6003 0.6886
vn -0.5168 -0.5709 0.6380
vn 0.3906 0.8642 -0.3171
vn 0.1695 0.8939 -0.4149
vn 0.1237 0.8946 -0.4294
vn 0.3716 0.8822 -0.2892
vn 0.1414 0.9124 -0.3842
vn 0.2196 0.9247 -0.3111
vn 0.8355 0.2761 -0.4751
vn 0.8134 0.2609 -0.5199
vn 0.7938 0.2757 -0.5420
vn 0.8503 0.2955 -0.4355
vn 0.8180 0.3594 -0.4492
vn 0.8009 0.3755 -0.4664
vn -0.2810 -0.9554 0.0914
vn -0.3661 -0.8874 0.2802
vn -0.3977 -0.8419 0.3648
vn -0.1804 -0.9812 -0.0689
vn -0.2986 -0.9526 0.0580
vn -0.2720 -0.9622 0.0130
vn -0.3710 -0.9251 0.0812
vn -0.5895 -0.6140 0.5249
vn -0.2499 -0.9662 0.0632
vn -0.6175 -0.5642 0.5481
vn -0.4961 -0.7096 0.5003
vn -0.6051 -0.6039 0.5189
vn -0.6167 -0.5667 0.5464
vn -0.6041 -0.6032 0.5208
vn -0.5966 -0.5529 0.5818
vn 0.5934 0.7842 -0.1813
vn 0.5732 0.7832 -0.2410
vn 0.5341 0.8251 -0.1840
vn -0.6085 -0.7403 -0.2858
vn -0.3412 -0.8370 -0.4278
vn -0.4866 -0.7256 0.4866
vn -0.6823 -0.6056 0.4095
vn -0.1913 -0.4918 -0.8494
vn -0.2920 -0.9535 0.0744
vn 0.4241 0.8770 -0.2260
vn -0.6197 -0.5783 0.5306
vn -0.8825 -0.4568 -0.1119
vn -0.8592 -0.4276 0.2809
vn -0.8678 -0.2009 -0.4544
vn -0.1433 0.8821 -0.4487
vn -0.2316 0.8548 -0.4645
vn -0.3577 0.8553 -0.3749
vn -0.1463 0.8885 -0.4348
vn -0.1630 0.9716 -0.1718
vn -0.0905 0.2074 -0.9741
vn 0.0433 0.1539 -0.9871
vn -0.0358 0.3165 -0.9479
vn -0.1492 0.2825 -0.9476
vn -0.4388 -0.8841 0.1606
vn -0.6440 0.5278 0.5538
vn 0.9525 0.2343 -0.1947
vn 0.9438 0.3087 -0.1180
vn 0.9235 0.3258 -0.2024
vn 0.9303 0.3346 -0.1504
vn -0.1784 0.8665 0.4661
vn 0.2519 0.3162 -0.9146
vn 0.2208 0.2955 -0.9295
vn 0.1441 0.3782 -0.9144
vn 0.1382 0.4053 -0.9037
vn 0.2927 0.3591 -0.8862
vn 0.2809 0.4366 -0.8546
vn 0.2220 0.4650 -0.8570
vn 0.1958 0.4609 -0.8656
vn 0.6581 0.7391 0.1434
vn -0.8581 -0.4256 0.2872
vn 0.9115 0.3024 0.2789
vn 0.9451 0.3104 0.1023
vn 0.9223 0.3840 -0.0437
vn 0.9198 0.3890 0.0505
vn -0.2953 -0.5657 0.7700
vn -0.3798 -0.6558 0.6524
vn -0.2878 -0.5224 0.8027
vn -0.5003 -0.5043 0.7038
vn -0.2822 -0.4906 0.8244
vn -0.4327 -0.4670 0.7712
vn -0.2916 -0.4720 0.8319
vn -0.2919 -0.4706 0.8326
vn -0.3614 -0.4549 0.8139
vn -0.3269 -0.4581 0.8266
vn -0.2909 -0.4715 0.8325
vn -0.2916 -0.4720 0.8320
vn -0.3738 -0.5176 0.7696
vn -0.2750 -0.4928 0.8255
vn 0.5359 0.8159 0.2170
vn 0.3807 0.8222 0.4231
vn 0.8701 -0.4210 -0.2563
vn 0.9255 -0.2961 -0.2361
vn -0.2689 -0.6639 0.6978
vn -0.6908 -0.5612 0.4559
vn -0.7417 -0.5173 0.4270
vn -0.4597 -0.4929 0.7387
vn -0.5491 -0.4389 0.7113
vn -0.5886 -0.4338 0.6822
vn -0.6302 -0.4634 0.6230
vn -0.5769 -0.4915 0.6524
vn 0.5228 0.1759 0.8341
vn 0.6839 0.5114 0.5204
vn 0.6929 0.5181 0.5014
vn 0.5255 0.2655 0.8083
vn 0.3181 0.1937 0.9281
vn 0.6764 0.4681 0.5687
vn 0.5226 0.3327 0.7850
vn 0.6898 0.5218 0.5019
vn 0.5939 0.4310 0.6793
vn -0.7925 -0.4128 0.4489
vn -0.7462 -0.4362 0.5029
vn -0.6292 -0.4256 0.6504
vn -0.6363 -0.4110 0.6528
vn -0.7902 -0.3990 0.4651
vn -0.4810 -0.6659 0.5702
vn -0.3035 -0.6535 0.6934
vn 0.1266 -0.1663 -0.9779
vn 0.3740 -0.1465 -0.9158
vn 0.3392 -0.3545 -0.8714
vn -0.8461 -0.4497 0.2861
vn -0.9283 -0.3676 0.0565
vn -0.6708 -0.5822 0.4594
vn -0.9421 -0.3349 0.0158
vn -0.8090 -0.4327 0.3978
vn -0.7424 -0.4887 0.4583
vn 0.1360 -0.9233 0.3591
vn 0.0360 -0.9245 0.3795
vn 0.3989 -0.8411 -0.3653
vn 0.2959 -0.7210 -0.6266
vn -0.3252 -0.6196 0.7144
vn -0.4561 -0.6423 0.6160
vn -0.2919 -0.6759 0.6767
vn -0.4605 -0.6707 0.5814
vn -0.3305 -0.7015 0.6314
vn -0.4293 -0.7105 0.5575
vn -0.3280 -0.7256 0.6049
vn 0.1394 -0.8739 -0.4657
vn -0.0450 -0.6655 -0.7450
vn -0.7646 -0.3636 -0.5321
vn -0.3799 -0.6314 0.6760
vn -0.4888 -0.5458 0.6806
vn -0.8947 -0.4387 0.0834
vn -0.8497 -0.2375 -0.4708
vn -0.9355 -0.3532 0.0052
vn -0.8029 -0.5045 0.3175
vn -0.6345 -0.5862 0.5037
vn -0.3606 -0.6633 0.6557
vn 0.4267 0.3497 -0.8341
vn 0.3713 0.4278 -0.8241
vn 0.2774 0.5065 -0.8164
vn -0.4919 0.1915 -0.8493
vn -0.8077 0.0560 -0.5870
vn -0.9355 -0.3532 0.0053
vn -0.6602 -0.5639 0.4961
vn -0.8884 -0.2795 0.3642
vn 0.7755 0.4787 -0.4116
vn 0.8005 0.4303 -0.4171
vn 0.7689 0.4355 -0.4681
vn 0.7720 0.5083 -0.3815
vn 0.7471 0.5310 -0.3998
vn 0.7163 0.5478 -0.4321
vn 0.7277 0.5661 -0.3872
vn -0.9406 0.0164 -0.3392
vn -0.9285 -0.3476 0.1304
vn -0.9584 0.0340 -0.2833
vn -0.4984 -0.5928 0.6326
vn -0.4915 0.4102 -0.7682
vn -0.7648 -0.3637 -0.5318
vn 0.1083 0.8212 -0.5602
vn 0.1082 0.8212 -0.5603
vn 0.1564 0.8173 -0.5545
vn 0.1624 0.8455 -0.5087
vn 0.0301 0.8855 -0.4638
vn 0.2069 0.1979 -0.9581
vn 0.1182 0.0346 -0.9924
vn 0.1367 0.2493 -0.9587
vn -0.3239 -0.6646 0.6733
vn -0.2983 -0.5961 0.7454
vn -0.6236 0.1607 -0.7650
vn -0.2522 0.3818 -0.8892
vn -0.2575 0.4011 -0.8791
vn 0.7472 0.1734 -0.6416
vn 0.6726 0.1401 -0.7266
vn 0.6451 0.1898 -0.7401
vn 0.6691 0.2723 -0.6915
vn 0.9193 -0.1430 -0.3668
vn 0.8472 -0.3549 -0.3953
vn 0.8232 -0.3764 -0.4251
vn 0.9045 -0.1267 -0.4073
vn 0.9127 -0.1239 -0.3893
vn -0.9783 -0.1109 0.1751
vn -0.2349 0.1989 -0.9514
vn -0.6544 -0.4308 -0.6215
vn -0.9515 -0.2887 -0.1062
vn -0.6203 -0.0589 -0.7822
vn -0.5619 -0.5821 0.5878
vn -0.5291 -0.6266 0.5723
vn -0.5311 -0.6606 0.5306
vn -0.4926 -0.6639 0.5627
vn 0.4006 -0.3315 -0.8542
vn -0.6852 0.0640 -0.7256
vn 0.6394 0.7538 0.1516
vn -0.8884 -0.2796 0.3641
vn -0.1032 0.9732 -0.2057
vn -0.9783 -0.1108 0.1751
vn -0.7841 -0.3981 0.4762
vn -0.3492 -0.7803 0.5188
vn -0.1243 -0.8473 0.5164
vn -0.1009 -0.8469 0.5221
vn 0.0078 0.1689 -0.9856
vn 0.3350 0.7428 -0.5797
vn 0.3491 0.7631 -0.5439
vn 0.2933 0.8162 -0.4977
vn 0.7881 0.6074 -0.1000
vn -0.0300 0.4741 -0.8800
vn -0.2259 0.4613 -0.8580
vn -0.1065 0.5110 -0.8530
vn -0.1397 -0.7029 0.6974
vn -0.1629 -0.7854 0.5971
vn -0.7653 -0.4821 0.4264
vn -0.6969 -0.5014 0.5127
vn -0.5513 -0.4988 0.6688
vn -0.5766 -0.5150 0.6343
vn -0.8718 -0.4282 0.2379
vn -0.8496 -0.2375 -0.4708
vn 0.5967 0.1601 -0.7863
vn 0.5930 0.0239 -0.8049
vn 0.5300 0.1637 -0.8321
vn -0.9293 -0.3325 -0.1606
vn 0.0732 -0.0579 -0.9956
vn -0.4115 -0.5663 0.7142
vn -0.0224 0.9555 0.2941
vn -0.6008 -0.4156 0.6829
vn -0.5934 -0.4128 0.6910
vn 0.7602 0.5897 0.2726
vn 0.7467 0.6324 0.2061
vn 0.7213 0.5868 0.3680
vn 0.7302 0.6521 0.2039
vn 0.6757 0.5580 0.4817
vn 0.6407 0.5418 0.5441
vn 0.6583 0.5866 0.4717
vn 0.1674 -0.1127 -0.9794
vn 0.2567 -0.0650 -0.9643
vn -0.0184 -0.9995 0.0264
vn -0.0141 -0.5274 -0.8495
vn -0.1683 -0.9122 0.3735
vn 0.2983 -0.8321 -0.4676
vn 0.2630 -0.0517 -0.9634
vn 0.1143 0.1817 -0.9767
vn 0.0579 0.2412 -0.9688
vn 0.0945 0.2261 -0.9695
vn 0.9292 0.2752 -0.2465
vn 0.8953 0.3244 -0.3053
vn 0.8681 0.3885 -0.3090
vn 0.8975 0.3793 -0.2249
vn -0.0107 -0.2265 -0.9740
vn -0.0090 -0.1181 -0.9930
vn -0.1334 0.2129 -0.9679
vn -0.0651 -0.6706 0.7389
vn -0.1212 -0.7627 0.6353
vn -0.1833 -0.9538 -0.2379
vn 0.8956 0.1986 -0.3981
vn 0.8775 0.1378 -0.4594
vn 0.8571 0.1470 -0.4938
vn 0.8332 0.1973 -0.5166
vn 0.8755 0.2904 -0.3862
vn 0.8600 0.2819 -0.4253
vn 0.0013 -0.9088 -0.4173
vn -0.4031 -0.9115 0.0821
vn -0.4491 -0.8741 0.1849
vn -0.7868 -0.5422 0.2948
vn -0.6178 -0.7401 0.2656
vn -0.7947 -0.4821 0.3690
vn -0.8350 0.4494 -0.3174
vn -0.9981 0.0398 -0.0468
vn -0.9982 0.0508 0.0314
vn -0.7025 0.5966 -0.3880
vn -0.9508 0.2727 -0.1469
vn -0.7636 0.5682 -0.3067
vn -0.4030 0.4926 -0.7713
vn -0.6792 0.3977 -0.6168
vn -0.4039 0.5317 -0.7444
vn -0.7555 -0.4306 0.4938
vn -0.5313 -0.6833 0.5008
vn -0.9714 -0.2011 0.1263
vn 0.9074 -0.2807 -0.3128
vn -0.8442 0.5263 -0.1021
vn -0.7207 -0.4458 0.5309
vn -0.9977 0.0610 0.0285
vn -0.1780 -0.5461 0.8186
vn 0.6803 0.6920 -0.2417
vn 0.6807 -0.4539 -0.5750
vn 0.6914 -0.2714 -0.6696
vn 0.7285 -0.2529 -0.6367
vn -0.3224 -0.4823 0.8145
vn -0.3469 -0.4919 0.7985
vn -0.2443 -0.4747 0.8456
vn -0.2234 -0.4588 0.8600
vn -0.2440 -0.4811 0.8421
vn -0.2200 -0.4580 0.8613
vn 0.1031 0.2124 -0.9717
vn 0.1030 0.2124 -0.9717
vn -0.0237 0.3261 -0.9451
vn 0.0075 0.3549 -0.9349
vn 0.0337 0.3909 -0.9198
vn 0.0282 0.3731 -0.9274
vn 0.0043 0.3965 -0.9180
vn 0.0738 0.3856 -0.9197
vn 0.1492 0.4601 -0.8752
vn 0.0668 0.4111 -0.9091
vn 0.0669 0.4111 -0.9091
vn -0.7539 0.3820 -0.5345
vn -0.9758 0.0143 -0.2180
vn -0.9939 -0.0870 -0.0677
vn -0.7897 0.3983 -0.4666
vn -0.9976 0.0187 -0.0672
vn -0.2231 -0.7661 0.6028
vn -0.2119 -0.7384 0.6402
vn -0.1857 -0.5975 0.7801
vn -0.2120 -0.7094 0.6722
vn 0.4442 0.8920 -0.0833
vn 0.3556 0.9238 -0.1418
vn -0.1822 -0.5139 0.8383
vn -0.1810 -0.5144 0.8383
vn -0.1661 0.9286 0.3317
vn -0.4457 0.5631 -0.6959
vn 0.0371 0.4193 -0.9071
vn 0.2441 0.6297 -0.7375
vn 0.2092 0.6163 -0.7592
vn 0.1384 0.6101 -0.7801
vn 0.1028 0.6852 -0.7211
vn -0.3036 -0.4728 -0.8272
vn 0.0661 0.3527 -0.9334
vn -0.0834 0.0231 -0.9962
vn -0.0556 0.1057 -0.9928
vn 0.3354 -0.0424 -0.9411
vn 0.3131 0.1219 -0.9419
vn -0.7483 0.6618 0.0447
vn -0.2220 -0.6909 0.6880
vn -0.1937 -0.5651 0.8019
vn 0.0737 0.2836 -0.9561
vn 0.0300 0.4143 -0.9097
vn -0.0493 0.3734 -0.9264
vn -0.0493 0.3733 -0.9264
vn -0.1942 -0.4512 0.8711
vn 0.2005 0.1023 -0.9743
vn -0.8936 0.3960 0.2113
vn -0.2883 -0.8094 0.5116
vn -0.5804 -0.6568 0.4815
vn -0.7206 -0.4459 0.5309
vn -0.8971 0.4365 0.0685
vn -0.1929 -0.5314 0.8249
vn -0.0905 -0.9916 -0.0929
vn 0.0041 0.4189 -0.9080
vn -0.0516 0.4276 -0.9025
vn -0.9442 0.3131 -0.1024
vn -0.9977 0.0611 0.0284
vn -0.8312 -0.4545 0.3202
vn -0.7991 -0.4666 0.3791
vn -0.7680 -0.5129 0.3835
vn -0.7611 -0.5541 0.3373
vn -0.8025 -0.4799 0.3545
vn -0.7927 -0.5473 0.2684
vn -0.7927 -0.5473 0.2685
vn -0.7819 -0.5347 0.3206
vn -0.7841 -0.5533 0.2811
vn 0.1669 0.4771 -0.8629
vn -0.7251 -0.6722 0.1495
vn -0.7122 -0.6752 0.1921
vn -0.6128 -0.7402 0.2770
vn -0.5960 -0.7434 0.3035
vn -0.7251 -0.6722 0.1494
vn -0.5328 -0.7340 0.4212
vn -0.5997 -0.7151 0.3592
vn -0.7214 -0.6737 0.1606
vn -0.6863 -0.6869 0.2391
vn -0.6893 -0.7120 0.1338
vn -0.6677 -0.5280 0.5248
vn -0.2123 -0.7151 0.6660
vn -0.1626 -0.7572 0.6326
vn -0.1629 -0.7996 0.5781
vn -0.0961 -0.9505 0.2955
vn -0.2103 -0.8186 0.5344
vn -0.4044 -0.5176 0.7540
vn -0.4386 -0.5442 0.7152
vn -0.2192 -0.5042 0.8353
vn -0.3581 -0.5230 0.7735
vn -0.2092 -0.5779 0.7888
vn -0.7862 -0.5065 0.3540
vn -0.1494 -0.9841 0.0956
vn 0.0403 -0.9174 -0.3959
vn 0.2550 -0.8270 -0.5010
vn -0.9715 -0.2005 0.1262
vn -0.7483 0.6619 0.0446
vn -0.2170 0.8326 -0.5096
vn -0.8650 0.4796 -0.1476
vn -0.8972 -0.3290 0.2945
vn -0.8963 -0.4164 0.1525
vn -0.7840 -0.3982 0.4762
vn -0.8286 0.5541 -0.0803
vn -0.7167 -0.5763 0.3927
vn -0.7207 -0.5995 0.3480
vn -0.1512 -0.6856 0.7121
vn -0.1237 -0.7523 0.6471
vn -0.0839 -0.8078 0.5834
vn 0.5580 0.7679 -0.3145
vn 0.4868 0.7557 -0.4382
vn 0.3463 0.8540 -0.3882
vn 0.3478 0.8742 -0.3389
vn 0.0650 0.9356 -0.3470
vn -0.1881 -0.5457 0.8166
vn -0.1808 -0.5132 0.8390
vn -0.1807 -0.5132 0.8390
vn 0.2392 0.9670 0.0881
vn 0.1934 0.9472 -0.2558
vn 0.0855 0.9598 -0.2674
vn -0.1117 0.5853 -0.8031
vn -0.2113 0.6065 -0.7665
vn -0.3146 -0.8508 0.4208
vn 0.6023 0.6198 0.5031
vn -0.3128 -0.5505 0.7740
vn -0.2789 -0.5523 0.7856
vn -0.2416 -0.5981 0.7642
vn -0.2338 -0.6311 0.7396
vn 0.7299 0.6075 -0.3135
vn 0.6529 0.6444 -0.3981
vn -0.1659 -0.9399 0.2983
vn -0.6516 0.3784 -0.6575
vn 0.8847 0.4617 -0.0646
vn 0.9016 0.4256 -0.0773
vn 0.8621 0.4871 -0.1400
vn 0.8315 0.5361 -0.1458
vn -0.7612 0.6251 -0.1730
vn -0.6910 -0.4169 0.5905
vn -0.7073 -0.4337 0.5582
vn -0.7168 -0.4459 0.5361
vn -0.6732 -0.4873 0.5563
vn -0.9075 0.4200 0.0106
vn 0.7530 0.0204 -0.6577
vn 0.7836 0.1456 -0.6040
vn 0.7738 0.1492 -0.6157
vn -0.0646 -0.8727 0.4839
vn -0.4584 -0.5617 0.6888
vn -0.6921 -0.6506 0.3126
vn -0.5554 -0.8221 0.1254
vn 0.0380 0.5372 -0.8426
vn 0.0282 0.4747 -0.8797
vn -0.4219 -0.8733 0.2437
vn -0.3335 -0.9208 0.2021
vn -0.3045 -0.9235 0.2333
vn 0.8616 0.4609 -0.2125
vn 0.8427 0.4223 -0.3341
vn 0.8373 0.5030 -0.2145
vn 0.8149 0.4989 -0.2949
vn 0.7492 -0.1555 -0.6438
vn 0.7155 -0.1373 -0.6850
vn 0.1604 0.5121 -0.8438
vn 0.1126 0.5320 -0.8392
vn -0.8870 -0.3160 0.3366
vn -0.5059 -0.8278 0.2426
vn -0.3276 -0.9312 0.1598
vn -0.3997 -0.9094 0.1147
vn -0.4229 -0.9036 0.0689
vn -0.3686 -0.9257 0.0849
vn 0.3899 -0.9177 -0.0762
vn -0.3914 -0.8904 -0.2325
vn -0.6741 -0.6985 0.2400
vn -0.7265 -0.6545 0.2093
vn -0.6638 -0.7229 0.1919
vn -0.4640 -0.8797 0.1043
vn -0.0396 0.6172 -0.7858
vn 0.0202 0.6648 -0.7467
vn -0.5243 -0.4633 0.7145
vn -0.6353 -0.5225 0.5686
vn -0.5934 -0.6648 0.4538
vn 0.3380 -0.4504 0.8264
vn 0.2394 -0.0544 0.9694
vn 0.3998 -0.9165 -0.0114
vn 0.4577 -0.0258 0.8888
vn -0.4170 -0.5637 0.7130
vn 0.4112 -0.2421 0.8788
vn -0.3383 -0.4049 0.8495
vn 0.2333 -0.5233 0.8196
vn -0.5121 -0.6642 0.5445
vn -0.4383 -0.8730 0.2140
vn 0.7867 0.5523 -0.2758
vn 0.7603 0.5870 -0.2784
vn 0.9598 0.2801 0.0205
vn -0.5660 -0.6790 0.4675
vn -0.6417 -0.6214 0.4494
vn -0.6699 -0.6187 0.4104
vn -0.6700 -0.6187 0.4104
vn -0.6780 -0.6317 0.3759
vn -0.6042 -0.7335 0.3113
vn -0.5460 -0.7397 0.3935
vn -0.5566 -0.7583 0.3392
vn -0.5566 -0.7584 0.3392
vn 0.1632 0.4675 -0.8688
vn -0.6730 -0.6834 0.2829
vn -0.6308 -0.7363 0.2450
vn -0.0976 -0.9948 0.0276
vn 0.4952 -0.8082 -0.3187
vn 0.4714 -0.8263 -0.3081
vn -0.1054 -0.9918 -0.0729
vn 0.9855 0.1058 0.1330
vn 0.9725 0.2154 0.0887
vn 0.8782 0.0100 0.4782
vn -0.1032 -0.1142 0.9881
vn 0.4406 -0.2941 0.8482
vn -0.3455 -0.8607 0.3739
vn -0.7392 -0.5740 0.3524
vn 0.6362 -0.0261 0.7711
vn -0.3382 -0.4049 0.8495
vn 0.3961 -0.2187 0.8918
vn -0.4754 -0.4777 0.7388
vn -0.2541 -0.3364 0.9068
vn -0.2811 -0.3788 0.8817
vn -0.4794 -0.4635 0.7452
vn -0.2090 -0.5289 0.8225
vn -0.6040 -0.5065 0.6153
vn -0.5243 -0.4633 0.7144
vn 0.8570 0.3789 0.3492
vn 0.3635 -0.0436 0.9306
vn 0.8464 0.4122 0.3373
vn 0.4859 -0.0505 0.8726
vn 0.3722 -0.1737 0.9117
vn 0.8630 0.3626 0.3518
vn 0.8559 0.3157 0.4096
vn 0.9081 0.4072 0.0981
vn 0.8699 0.3991 0.2897
vn 0.5362 0.1798 0.8247
vn 0.2393 -0.0542 0.9694
vn 0.5786 0.0982 0.8097
vn 0.8837 0.3247 0.3370
vn 0.7069 0.1790 0.6843
vn -0.0253 0.9823 -0.1856
vn 0.2651 0.5663 -0.7804
vn 0.2493 0.5274 -0.8122
vn 0.7858 -0.5186 -0.3370
vn -0.2159 -0.8732 0.4369
vn 0.0635 -0.8426 -0.5348
vn 0.3836 -0.5545 -0.7385
vn 0.2752 -0.5664 -0.7769
vn 0.2179 -0.4689 -0.8560
vn 0.4839 -0.3541 0.8002
vn -0.4506 -0.4771 0.7545
vn 0.9507 0.0854 -0.2981
vn 0.9447 0.1839 -0.2715
vn -0.7319 -0.5562 0.3937
vn -0.6555 -0.6721 0.3444
vn -0.4802 -0.8423 0.2447
vn 0.0521 -0.3337 0.9413
vn 0.9993 -0.0232 0.0299
vn 0.8845 -0.1871 0.4275
vn 0.4405 -0.2942 0.8481
vn 0.9161 0.1340 0.3780
vn 0.5456 -0.0306 0.8375
vn 0.8929 0.0953 0.4401
vn -0.1033 -0.1142 0.9881
vn -0.5517 -0.5763 0.6029
vn 0.9890 0.0615 0.1348
vn 0.7877 -0.3952 -0.4726
vn 0.6153 -0.6494 -0.4469
vn 0.7516 -0.4155 -0.5123
vn 0.8126 -0.2918 -0.5045
vn -0.7632 -0.6113 0.2094
vn -0.6902 -0.6425 0.3329
vn -0.6830 -0.6393 0.3532
vn -0.7632 -0.6112 0.2094
vn -0.7616 -0.6016 0.2410
vn -0.7462 -0.6175 0.2488
vn 0.8898 0.4259 -0.1639
vn 0.8785 0.4556 -0.1434
vn 0.8735 0.2080 0.4401
vn 0.8894 0.2051 0.4086
vn 0.9121 0.3713 0.1740
vn -0.3911 -0.8904 -0.2327
vn -0.2010 -0.9455 -0.2561
vn -0.1934 -0.9810 -0.0171
vn -0.6408 -0.7030 0.3085
vn -0.1576 -0.9871 -0.0268
vn 0.1831 -0.9620 -0.2027
vn 0.8035 0.5557 -0.2136
vn -0.1773 -0.5978 0.7818
vn 0.7877 0.5884 -0.1828
vn 0.0343 -0.9982 -0.0494
vn -0.2014 -0.9454 -0.2564
vn 0.4760 -0.7997 -0.3660
vn 0.2144 -0.9612 -0.1735
vn -0.1697 -0.9855 0.0013
vn 0.6524 -0.6475 -0.3939
vn 0.8640 -0.1529 -0.4798
vn -0.5009 -0.8170 0.2856
vn -0.1857 -0.9823 0.0227
vn 0.5570 -0.7048 -0.4394
vn -0.4080 -0.7656 0.4974
vn -0.4965 -0.7703 0.4001
vn -0.4232 -0.7763 0.4672
vn -0.4423 -0.8025 0.4005
vn 0.5270 -0.7449 -0.4092
vn 0.1381 -0.9722 -0.1889
vn 0.4214 -0.7788 -0.4646
vn 0.6990 -0.4635 -0.5446
vn 0.7925 -0.1533 -0.5904
vn 0.6691 -0.4583 -0.5850
vn -0.0960 -0.9837 0.1522
vn -0.4777 -0.8086 0.3435
vn -0.7539 -0.5080 0.4167
vn -0.7523 -0.5271 0.3953
vn -0.6071 -0.5721 0.5514
vn -0.6455 -0.5676 0.5111
vn -0.6463 -0.5927 0.4806
vn -0.3964 -0.6451 0.6533
vn 0.1440 -0.1000 0.9845
vn -0.3951 -0.6310 0.6676
vn 0.8656 -0.1972 -0.4602
vn 0.8672 -0.0794 -0.4915
vn 0.8979 -0.0028 -0.4402
vn 0.8635 0.0021 -0.5044
vn 0.9022 0.0701 -0.4256
vn -0.7164 -0.5146 0.4712
vn -0.7386 -0.5054 0.4462
vn -0.7642 -0.5086 0.3965
vn -0.7454 -0.5391 0.3921
vn -0.6873 -0.5152 0.5120
vn -0.6740 -0.5342 0.5103
vn -0.7236 -0.5817 0.3716
vn 0.6395 0.6954 -0.3280
vn -0.7943 -0.4226 0.4365
vn -0.8254 -0.4063 0.3920
vn -0.8162 -0.4400 0.3745
vn -0.7730 -0.4215 0.4742
vn -0.7582 -0.4391 0.4820
vn -0.7462 -0.4520 0.4887
vn 0.2307 -0.5304 0.8158
vn 0.3379 -0.4504 0.8264
vn -0.4584 -0.5616 0.6888
vn -0.0042 -0.5742 0.8187
vn -0.2087 -0.5108 0.8340
vn 0.6142 0.3252 -0.7191
vn -0.7075 -0.4391 0.5538
vn 0.5921 0.6714 -0.4457
vn 0.5093 0.6957 -0.5066
vn 0.6006 0.7292 -0.3279
vn -0.4994 -0.4993 0.7081
vn -0.7374 -0.4432 0.5097
vn -0.7570 -0.4745 0.4491
vn -0.7087 -0.5347 0.4602
vn -0.8307 -0.3920 0.3954
vn -0.7715 -0.3905 0.5022
vn 0.9115 0.0757 -0.4043
vn -0.4169 -0.5637 0.7130
vn -0.1252 -0.5485 0.8268
vn -0.0752 -0.5082 0.8579
vn -0.2324 -0.4962 0.8365
vn 0.7997 0.4770 0.3645
vn 0.8072 0.5296 0.2605
vn 0.7978 0.5694 0.1983
vn -0.7517 -0.5752 0.3225
vn -0.7202 -0.6288 0.2932
vn 0.8022 0.4164 0.4279
vn 0.8229 0.4553 0.3400
vn -0.7102 -0.1925 0.6771
vn 0.2205 -0.4782 -0.8501
vn 0.3099 -0.1640 -0.9365
vn 0.3494 -0.0060 0.9369
vn 0.8504 0.3949 0.3477
vn 0.8440 0.4117 0.3439
vn 0.8348 0.4194 0.3567
vn 0.3692 -0.8377 -0.4024
vn -0.7020 -0.6384 -0.3158
vn 0.1040 -0.6980 -0.7086
vn -0.0246 -0.9837 -0.1783
vn 0.2059 -0.8769 -0.4344
vn -0.4647 -0.8821 0.0776
vn 0.5872 -0.0715 -0.8063
vn 0.3687 0.6931 -0.6194
vn -0.1985 -0.9777 0.0678
vn -0.2352 -0.9677 0.0913
vn -0.3942 -0.7314 0.5564
vn -0.1071 -0.9939 0.0275
vn -0.3043 -0.8135 0.4956
vn 0.1754 -0.8836 -0.4342
vn -0.6369 -0.4529 0.6239
vn -0.6964 -0.4026 0.5941
vn -0.6512 -0.4420 0.6169
vn 0.9264 0.0597 -0.3719
vn 0.9150 0.1879 -0.3571
vn 0.5342 -0.4385 -0.7228
vn 0.4166 0.4509 -0.7894
vn 0.4049 0.4862 -0.7744
vn -0.5265 -0.7060 0.4737
vn -0.6554 -0.5758 0.4889
vn -0.2760 -0.9497 0.1481
vn 0.0342 -0.8828 -0.4686
vn 0.3546 -0.2458 -0.9021
vn 0.2850 0.9475 -0.1453
vn -0.4510 -0.8874 0.0954
vn 0.8284 0.4135 -0.3778
vn 0.8297 -0.1854 -0.5265
vn 0.5180 -0.2305 -0.8237
vn 0.4568 -0.1018 -0.8837
vn 0.5350 -0.0278 -0.8444
vn 0.5269 0.6677 -0.5259
vn 0.7832 -0.3107 -0.5386
vn 0.7588 -0.2709 -0.5924
vn -0.2173 -0.9760 0.0110
vn -0.6410 -0.7001 0.3146
vn -0.6587 -0.5369 0.5271
vn 0.7436 -0.2435 -0.6227
vn 0.5318 -0.3996 -0.7466
vn 0.6390 -0.2193 -0.7372
vn -0.4904 -0.5751 0.6548
vn -0.0162 -0.9988 -0.0453
vn -0.0703 -0.8382 0.5408
vn 0.9279 0.1899 -0.3210
vn -0.2194 0.6439 -0.7330
vn -0.8088 -0.4924 0.3216
usemtl Material.002
s 1
f 1//1 2//2 3//3
f 1//1 3//3 4//4
f 1//1 4//4 5//5
f 6//6 7//7 8//8
f 9//9 10//10 11//11
f 12//12 13//13 14//14
f 15//15 16//16 3//3
f 2//2 15//15 3//3
f 17//17 10//10 9//9
f 18//18 13//13 19//19
f 20//20 21//21 22//22
f 21//21 23//23 24//24
f 25//25 26//26 27//27
f 28//28 29//29 30//30
f 13//13 29//29 31//31
f 32//32 33//33 12//12
f 34//34 32//32 12//12
f 35//35 36//36 37//37
f 38//38 35//35 37//37
f 30//30 13//13 18//18
f 39//39 40//40 41//41
f 26//26 42//42 43//43
f 34//34 12//12 14//14
f 44//44 34//34 14//14
f 12//12 21//21 19//19
f 12//12 19//19 13//13
f 45//45 10//10 17//17
f 46//46 47//47 48//48
f 46//46 48//48 49//49
f 50//50 46//46 49//49
f 51//51 50//50 49//49
f 52//52 53//53 54//54
f 52//52 54//54 15//15
f 55//55 56//56 57//57
f 55//55 57//57 58//58
f 59//59 60//60 50//50
f 59//59 50//50 51//51
f 61//61 59//59 51//51
f 62//62 61//61 51//51
f 62//62 51//51 63//63
f 64//64 62//62 63//63
f 65//65 64//64 63//63
f 66//66 65//65 63//63
f 67//67 66//66 63//63
f 68//68 67//67 63//63
f 69//69 70//70 71//71
f 72//72 44//44 73//73
f 74//74 72//72 73//73
f 72//72 74//74 58//58
f 75//75 76//76 77//77
f 78//78 79//79 80//80
f 81//81 78//78 80//80
f 82//82 27//27 83//83
f 69//69 82//82 83//83
f 84//84 85//85 86//86
f 22//22 84//84 86//86
f 87//87 34//34 44//44
f 72//72 87//87 44//44
f 88//88 89//89 90//90
f 21//21 24//24 91//91
f 21//21 91//91 52//52
f 21//21 52//52 92//92
f 19//19 21//21 92//92
f 19//19 92//92 93//93
f 18//18 19//19 93//93
f 30//30 18//18 93//93
f 28//28 30//30 93//93
f 28//28 93//93 94//94
f 76//76 95//95 25//25
f 96//96 76//76 25//25
f 97//97 98//98 99//99
f 97//97 99//99 100//100
f 101//101 97//97 100//100
f 102//102 103//103 104//104
f 105//105 102//102 104//104
f 105//105 104//104 106//106
f 107//107 105//105 106//106
f 107//107 106//106 108//108
f 109//109 110//110 111//111
f 112//112 113//113 114//114
f 39//39 115//115 116//116
f 39//39 116//116 7//7
f 115//115 117//117 118//118
f 115//115 118//118 119//119
f 120//120 121//121 116//122
f 122//123 120//120 116//122
f 123//124 118//118 117//117
f 116//122 121//121 124//125
f 116//122 124//125 125//126
f 125//126 117//117 115//115
f 126//127 125//126 115//115
f 41//41 122//123 126//127
f 127//128 114//114 67//67
f 114//114 128//129 129//130
f 130//131 131//132 129//130
f 132//133 133//134 130//131
f 129//130 132//133 130//131
f 134//135 132//133 129//130
f 131//132 134//135 129//130
f 135//136 136//137 111//111
f 133//134 135//136 111//111
f 133//134 111//111 137//138
f 130//131 133//134 137//138
f 137//138 111//111 138//139
f 139//140 140//141 141//142
f 139//140 141//142 142//143
f 123//124 128//129 118//118
f 138//139 143//144 137//138
f 138//139 111//145 144//146
f 143//144 138//139 144//146
f 144//146 145//147 146//148
f 147//149 131//132 130//131
f 130//131 137//138 128//129
f 147//149 130//131 128//129
f 129//130 146//148 114//114
f 127//128 67//67 68//68
f 112//112 127//128 68//68
f 114//114 146//148 145//147
f 114//114 145//147 67//67
f 129//130 128//129 146//148
f 148//150 149//151 150//152
f 151//153 148//150 150//152
f 151//153 150//152 152//154
f 153//155 151//153 152//154
f 153//155 152//154 154//156
f 155//157 153//155 154//156
f 146//148 143//144 144//146
f 114//114 118//118 128//129
f 156//158 157//159 158//160
f 44//44 14//14 159//161
f 73//73 44//44 159//161
f 160//162 161//163 162//164
f 163//165 160//162 162//164
f 164//166 163//165 162//164
f 81//81 80//80 165//167
f 166//168 81//81 165//167
f 166//168 165//167 167//169
f 166//168 167//169 168//170
f 169//171 170//172 171//173
f 169//171 171//173 172//174
f 173//175 43//43 174//176
f 162//164 175//177 176//178
f 162//164 176//178 177//179
f 178//180 179//181 180//182
f 181//183 178//180 180//182
f 116//116 119//119 7//7
f 182//184 183//185 184//186
f 182//184 184//186 185//187
f 182//184 185//187 186//188
f 187//189 182//184 186//188
f 187//189 186//188 188//190
f 189//191 190//192 191//193
f 189//191 191//193 148//150
f 189//191 148//150 151//153
f 192//194 189//191 151//153
f 192//194 151//153 153//155
f 193//195 192//194 153//155
f 193//195 153//155 194//196
f 112//112 114//114 127//128
f 7//7 195//197 8//8
f 125//126 122//123 116//122
f 126//127 122//123 125//126
f 63//63 196//198 197//199
f 198//200 63//63 197//199
f 198//200 197//199 199//201
f 198//200 199//201 200//202
f 147//149 128//129 123//124
f 43//43 40//40 6//6
f 43//43 6//6 174//176
f 201//203 202//204 139//140
f 203//205 201//203 139//140
f 42//42 40//40 43//43
f 204//206 107//107 108//108
f 204//206 108//108 205//207
f 206//208 204//206 205//207
f 206//208 205//207 207//209
f 208//210 206//208 207//209
f 199//201 209//211 210//212
f 199//201 210//212 211//213
f 212//214 199//201 211//213
f 213//215 214//216 215//217
f 213//215 215//217 216//218
f 217//219 213//215 216//218
f 217//219 216//218 218//220
f 219//221 220//222 221//223
f 222//224 173//175 223//225
f 222//224 223//225 224//226
f 22//22 33//33 84//84
f 219//221 221//223 225//227
f 173//175 174//176 223//225
f 20//20 22//22 86//86
f 226//228 97//97 101//101
f 227//229 226//228 101//101
f 227//229 101//101 228//230
f 229//231 227//229 228//230
f 229//231 228//230 230//232
f 231//233 229//231 230//232
f 232//234 233//235 234//236
f 232//234 234//236 235//237
f 236//238 232//234 235//237
f 236//238 235//237 237//239
f 238//240 156//158 239//241
f 238//240 239//241 240//242
f 241//243 239//241 242//244
f 243//245 244//246 245//247
f 246//248 247//249 248//250
f 246//248 248//250 249//251
f 250//252 246//248 249//251
f 251//253 250//252 249//251
f 252//254 251//253 249//251
f 252//254 249//251 253//255
f 254//256 252//254 253//255
f 240//242 239//241 241//243
f 221//223 220//222 255//257
f 256//258 257//259 258//260
f 256//258 258//260 175//177
f 161//163 256//258 175//177
f 162//164 161//163 175//177
f 238//240 241//243 242//261
f 255//257 259//262 260//263
f 261//264 262//265 62//62
f 144//146 261//264 62//62
f 144//146 62//62 64//64
f 145//147 144//146 64//64
f 145//147 64//64 263//266
f 145//147 263//266 66//66
f 85//85 84//84 241//267
f 264//268 265//269 266//270
f 267//271 268//272 269//273
f 270//274 271//275 272//276
f 273//277 274//278 275//279
f 273//277 275//279 276//280
f 277//281 273//277 276//280
f 270//274 272//276 158//160
f 244//246 278//282 271//275
f 244//246 271//275 270//274
f 279//283 280//284 281//285
f 278//282 265//269 264//268
f 278//282 264//268 271//275
f 282//286 283//287 284//288
f 285//289 282//286 284//288
f 286//290 157//159 156//158
f 286//290 156//158 238//240
f 220//222 219//221 84//84
f 220//222 84//84 33//33
f 32//32 220//222 33//33
f 259//262 287//291 288//292
f 259//262 288//292 260//263
f 289//293 290//294 291//295
f 292//296 289//293 291//295
f 292//296 291//295 293//297
f 294//298 292//296 293//297
f 294//298 293//297 295//299
f 296//300 243//245 297//301
f 281//285 243//245 245//247
f 281//285 245//247 279//283
f 243//245 296//300 278//282
f 243//245 278//282 244//246
f 278//282 296//300 298//302
f 158//160 157//159 244//246
f 156//158 272//276 299//303
f 239//241 156//158 299//303
f 260//263 225//227 221//223
f 255//257 260//263 221//223
f 280//284 279//283 288//292
f 287//291 280//284 288//292
f 245//304 300//305 301//306
f 272//276 245//304 301//306
f 302//307 303//308 304//309
f 302//307 304//309 56//56
f 302//307 56//56 55//55
f 305//310 306//311 307//312
f 308//313 305//310 307//312
f 308//313 307//312 309//314
f 8//8 195//197 310//315
f 8//8 310//315 198//200
f 174//176 8//8 198//200
f 174//176 198//200 311//316
f 223//225 174//176 311//316
f 267//271 312//317 313//318
f 314//319 315//320 316//321
f 314//319 316//321 317//322
f 318//319 314//319 317//322
f 150//152 318//319 317//322
f 152//154 150//152 317//322
f 152//154 317//322 319//323
f 152//154 319//323 320//324
f 321//325 322//326 323//327
f 324//328 321//325 323//327
f 324//328 323//327 325//329
f 326//330 324//328 325//329
f 245//247 244//246 279//283
f 239//241 327//331 242//244
f 225//227 286//290 242//261
f 225//227 242//261 219//221
f 328//332 329//333 330//334
f 328//332 330//334 331//335
f 328//332 331//335 332//336
f 333//337 187//189 188//190
f 334//338 333//337 188//190
f 334//338 188//190 335//339
f 336//340 334//338 335//339
f 336//340 335//339 337//339
f 338//341 336//340 337//339
f 338//341 337//339 315//320
f 338//341 315//320 314//319
f 339//342 338//341 314//319
f 339//342 314//319 318//319
f 149//151 339//342 318//319
f 149//151 318//319 150//152
f 238//240 240//242 241//243
f 272//276 271//275 245//304
f 225//227 260//263 288//292
f 280//284 287//291 340//343
f 279//283 244//246 157//159
f 158//160 244//246 270//274
f 341//344 342//345 340//343
f 343//346 341//344 340//343
f 343//346 340//343 287//291
f 343//346 287//291 259//262
f 344//347 343//346 259//262
f 271//275 345//348 300//305
f 245//304 271//275 300//305
f 298//302 265//269 278//282
f 158//160 272//276 156//158
f 48//48 346//349 347//350
f 48//48 347//350 348//351
f 49//49 48//48 348//351
f 349//352 350//353 351//354
f 349//352 351//354 352//355
f 353//356 349//352 352//355
f 353//356 352//355 354//357
f 353//356 354//357 355//358
f 356//359 353//356 355//358
f 356//359 355//358 357//360
f 358//361 356//359 357//360
f 359//361 358//361 357//360
f 359//361 357//360 360//362
f 361//361 359//361 360//362
f 362//363 361//361 360//362
f 363//364 364//365 365//366
f 363//364 365//366 98//98
f 363//364 98//98 97//97
f 226//228 363//364 97//97
f 366//367 367//368 368//369
f 369//370 366//367 368//369
f 370//371 369//370 368//369
f 269//273 268//272 371//372
f 372//373 373//374 374//375
f 375//376 376//377 377//378
f 375//376 377//378 378//379
f 264//268 266//270 379//380
f 264//268 379//380 380//380
f 264//268 380//380 381//381
f 345//348 264//268 381//381
f 345//348 381//381 382//382
f 300//305 345//348 382//382
f 300//305 382//382 383//383
f 384//384 385//385 386//386
f 384//384 386//386 387//387
f 388//388 384//384 389//389
f 389//389 384//384 387//387
f 390//390 391//391 392//392
f 393//393 390//390 392//392
f 393//393 392//392 394//394
f 395//395 396//396 102//102
f 395//395 102//102 397//397
f 398//398 395//395 397//397
f 218//220 216//218 399//399
f 346//349 218//220 399//399
f 346//349 399//399 347//350
f 68//68 63//63 198//200
f 112//112 68//68 198//200
f 400//400 112//112 198//200
f 310//315 400//400 198//200
f 83//83 222//224 224//226
f 83//83 224//226 401//401
f 402//402 403//403 302//307
f 402//402 302//307 404//404
f 405//405 402//402 404//404
f 406//406 407//407 408//408
f 409//409 406//406 408//408
f 409//409 408//408 410//410
f 411//411 409//409 410//410
f 412//412 413//413 414//414
f 412//412 414//414 415//415
f 416//416 412//412 415//415
f 416//416 415//415 417//417
f 418//418 419//419 420//420
f 418//418 420//420 421//421
f 185//187 418//418 421//421
f 185//187 421//421 422//422
f 186//188 185//187 422//422
f 186//188 422//422 423//423
f 424//424 425//425 426//426
f 424//424 426//426 427//427
f 309//314 424//424 427//427
f 309//314 427//427 428//428
f 309//314 428//428 429//429
f 309//314 429//429 430//430
f 431//431 309//314 430//430
f 431//431 430//430 432//432
f 433//433 431//431 432//432
f 433//433 432//432 434//434
f 435//435 433//433 434//434
f 436//436 435//435 434//434
f 437//437 436//436 434//434
f 438//438 437//437 434//434
f 414//414 439//439 440//440
f 414//414 440//440 441//441
f 415//415 414//414 441//441
f 442//442 443//443 444//444
f 445//445 442//442 444//444
f 444//444 443//443 446//446
f 443//443 442//442 447//447
f 448//448 415//415 441//441
f 449//449 442//442 445//445
f 450//450 451//451 247//249
f 450//450 247//249 452//452
f 453//453 454//454 455//455
f 196//198 453//453 455//455
f 196//198 455//455 456//456
f 197//199 196//198 456//456
f 197//199 456//456 209//211
f 199//201 197//199 209//211
f 457//457 311//316 198//200
f 117//117 131//132 123//124
f 458//458 459//459 460//460
f 458//458 460//460 461//461
f 123//124 131//132 147//149
f 86//86 85//85 20//20
f 24//24 23//23 462//462
f 11//11 10//10 463//463
f 9//9 11//11 93//93
f 10//10 25//25 463//463
f 113//113 112//112 400//400
f 195//197 113//113 400//400
f 271//275 264//268 345//348
f 464//464 139//140 142//143
f 464//464 142//143 465//465
f 466//466 464//464 465//465
f 466//466 465//465 467//467
f 159//161 14//14 77//77
f 159//161 77//77 468//468
f 27//27 26//26 222//224
f 83//83 27//27 222//224
f 116//116 115//115 119//119
f 469//469 470//470 471//471
f 469//469 471//471 472//471
f 473//472 469//469 472//471
f 473//472 472//471 474//473
f 473//472 474//473 475//474
f 476//475 473//472 477//476
f 477//476 473//472 475//474
f 478//477 106//106 104//104
f 138//478 111//111 110//110
f 109//109 111//111 136//137
f 479//479 480//480 481//481
f 479//479 481//481 482//482
f 392//392 483//483 484//484
f 392//392 484//484 485//485
f 394//394 392//392 485//485
f 394//394 485//485 486//486
f 394//394 486//486 487//487
f 488//488 394//394 487//487
f 488//488 487//487 489//489
f 488//488 489//489 490//490
f 491//491 488//488 490//490
f 491//491 490//490 492//492
f 491//491 492//492 493//493
f 491//491 493//493 494//494
f 491//491 494//494 495//495
f 496//496 491//491 495//495
f 496//496 495//495 497//497
f 400//400 310//315 195//197
f 174//176 6//6 8//8
f 223//225 311//316 224//226
f 498//498 344//347 259//262
f 498//498 259//262 499//499
f 500//498 498//498 499//499
f 500//498 499//499 56//56
f 303//308 500//498 304//309
f 304//309 500//498 56//56
f 501//500 502//501 202//204
f 503//502 504//503 505//504
f 506//505 507//506 508//507
f 509//505 506//505 508//507
f 510//505 509//505 508//507
f 511//505 510//505 508//507
f 512//508 511//505 508//507
f 512//508 508//507 408//408
f 513//509 512//508 408//408
f 406//406 513//509 407//407
f 407//407 513//509 408//408
f 514//510 230//232 515//511
f 516//512 514//510 515//511
f 516//512 515//511 517//513
f 516//512 517//513 518//514
f 519//515 516//512 518//514
f 519//515 518//514 520//516
f 521//517 519//515 520//516
f 522//518 521//517 520//516
f 523//519 524//520 525//521
f 526//522 523//519 525//521
f 526//522 525//521 527//523
f 528//524 529//525 504//503
f 503//502 528//524 504//503
f 530//526 531//527 532//528
f 533//529 534//530 535//531
f 536//532 537//533 538//534
f 539//535 540//536 541//537
f 542//538 539//535 541//537
f 543//539 410//410 544//540
f 543//539 544//540 545//541
f 546//542 543//539 545//541
f 546//542 545//541 547//543
f 548//544 546//542 547//543
f 548//544 547//543 549//545
f 550//546 531//527 551//547
f 450//450 452//452 552//548
f 553//549 442//442 449//449
f 554//550 553//549 449//449
f 555//551 556//552 557//553
f 558//554 559//555 560//556
f 529//525 558//554 560//556
f 474//473 285//289 561//557
f 475//474 474//473 561//557
f 475//474 561//557 562//558
f 563//559 475//474 562//558
f 374//375 564//560 565//561
f 557//553 556//562 565//561
f 564//560 557//553 565//561
f 534//530 566//563 556//552
f 534//530 556//552 555//551
f 450//450 552//548 567//564
f 568//565 569//566 570//567
f 316//321 568//565 570//567
f 316//321 570//567 571//568
f 316//321 571//568 572//569
f 317//322 316//321 572//569
f 317//322 572//569 573//569
f 317//322 573//569 574//569
f 575//570 317//322 574//569
f 575//570 574//569 576//571
f 577//572 373//374 578//573
f 579//574 577//572 578//573
f 580//575 534//530 533//529
f 559//555 580//575 533//529
f 372//373 374//375 581//576
f 533//529 535//531 373//374
f 577//572 533//529 373//374
f 536//532 552//577 250//252
f 536//532 250//252 251//253
f 452//452 247//249 246//248
f 552//548 452//452 246//248
f 168//170 167//169 582//578
f 168//170 582//578 583//579
f 168//170 583//579 584//580
f 168//170 584//580 585//581
f 586//582 168//170 585//581
f 586//582 585//581 413//413
f 586//582 413//413 412//412
f 587//583 236//238 588//584
f 36//36 587//583 588//584
f 37//37 36//36 588//584
f 37//37 588//584 589//585
f 590//586 558//554 529//525
f 528//524 590//586 529//525
f 591//587 580//575 559//555
f 558//554 591//587 559//555
f 565//561 592//588 254//256
f 565//561 254//256 593//589
f 374//375 565//561 593//589
f 374//375 593//589 594//590
f 595//591 332//336 596//592
f 597//591 595//591 596//592
f 597//591 596//592 183//185
f 598//593 597//591 183//185
f 599//594 598//593 183//185
f 599//594 183//185 182//184
f 600//595 601//596 602//597
f 603//598 600//595 602//597
f 603//598 602//597 604//599
f 58//58 57//57 87//87
f 58//58 87//87 72//72
f 247//249 451//451 605//600
f 606//601 607//602 608//603
f 247//604 606//601 608//603
f 609//605 411//411 410//410
f 609//605 410//410 543//539
f 610//606 609//605 543//539
f 611//607 610//606 543//539
f 611//607 543//539 612//608
f 613//609 539//535 542//538
f 614//610 251//253 252//254
f 106//106 478//477 615//611
f 108//108 106//106 615//611
f 108//108 615//611 344//347
f 108//108 344//347 498//498
f 205//207 108//108 498//498
f 205//207 498//498 500//498
f 205//207 500//498 303//308
f 567//612 246//248 250//252
f 200//202 199//201 212//214
f 198//200 200//202 212//214
f 457//457 198//200 212//214
f 457//457 212//214 616//613
f 248//250 247//249 605//600
f 617//614 618//615 619//616
f 617//614 619//616 109//109
f 620//617 617//614 109//109
f 621//618 248//250 608//603
f 326//330 325//329 622//619
f 326//330 622//619 623//620
f 584//580 326//330 623//620
f 585//581 584//580 623//620
f 585//581 623//620 624//621
f 625//622 356//359 358//361
f 625//622 358//361 359//361
f 625//622 359//361 361//361
f 625//622 361//361 362//363
f 625//622 362//363 360//362
f 102//102 625//622 360//362
f 102//102 360//362 103//103
f 594//590 253//255 626//623
f 627//624 594//590 626//623
f 628//625 627//624 626//623
f 503//502 629//626 630//627
f 535//531 534//530 555//551
f 374//375 373//374 564//560
f 631//628 632//629 633//630
f 634//631 631//628 633//630
f 560//556 559//555 577//572
f 536//532 251//253 614//610
f 538//534 633//630 635//632
f 538//534 635//632 536//532
f 633//630 567//564 552//577
f 633//630 552//577 635//632
f 556//562 557//633 614//610
f 537//533 633//630 538//534
f 567//612 552//548 246//248
f 592//588 614//610 252//254
f 592//588 252//254 254//256
f 636//634 637//635 638//636
f 178//180 636//634 638//636
f 178//180 638//636 179//181
f 556//562 614//610 592//588
f 565//561 556//562 592//588
f 639//637 536//532 614//610
f 557//633 639//637 614//610
f 593//589 254//256 253//255
f 593//589 253//255 594//590
f 537//533 634//631 633//630
f 635//632 552//577 536//532
f 605//600 608//603 248//250
f 577//572 559//555 533//529
f 446//446 443//443 640//638
f 531//527 530//526 551//547
f 641//639 99//99 98//98
f 74//74 73//73 642//640
f 71//71 74//74 642//640
f 550//546 551//547 447//447
f 643//641 644//642 393//393
f 643//641 393//393 507//506
f 645//643 646//644 514//510
f 645//643 514//510 516//512
f 647//643 645//643 516//512
f 647//643 516//512 648//645
f 647//643 648//645 521//517
f 649//646 647//643 521//517
f 649//646 521//517 650//647
f 649//646 650//647 651//648
f 649//646 651//648 652//649
f 341//344 649//646 652//649
f 341//344 652//649 342//345
f 613//609 542//538 653//650
f 654//651 613//609 653//650
f 655//652 656//653 542//538
f 657//654 658//655 540//536
f 539//535 657//654 540//536
f 640//638 530//526 532//528
f 640//638 532//528 659//656
f 621//618 640//638 659//656
f 621//618 659//656 660//657
f 661//658 621//618 660//657
f 661//658 660//657 662//659
f 663//660 464//464 466//466
f 664//661 663//660 466//466
f 665//662 664//661 466//466
f 665//662 466//466 666//663
f 656//653 375//376 667//664
f 668//665 656//653 667//664
f 669//666 35//35 88//88
f 532//528 531//527 659//656
f 655//652 541//537 670//667
f 671//668 655//652 670//667
f 655//652 672//669 375//376
f 656//653 655//652 375//376
f 653//650 542//538 656//653
f 653//650 656//653 668//665
f 673//670 674//671 675//672
f 676//673 673//670 675//672
f 676//673 675//672 677//674
f 419//419 676//673 677//674
f 419//419 677//674 678//675
f 420//420 419//419 678//675
f 420//420 678//675 421//421
f 550//546 657//654 531//527
f 679//676 366//367 369//370
f 680//677 681//678 682//679
f 680//677 682//679 683//680
f 680//677 683//680 684//681
f 685//682 686//683 687//684
f 685//682 687//684 688//685
f 689//686 685//682 688//685
f 689//686 688//685 690//687
f 691//688 581//576 692//689
f 691//688 692//689 693//690
f 485//485 487//487 486//486
f 619//616 694//691 695//692
f 619//616 695//692 696//693
f 602//597 697//694 202//204
f 602//597 202//204 201//203
f 698//695 699//696 700//697
f 104//104 649//646 341//344
f 478//477 104//104 341//344
f 478//477 341//344 343//346
f 615//611 478//477 343//346
f 615//611 343//346 344//347
f 701//698 671//668 670//667
f 702//699 395//395 398//398
f 439//439 702//699 398//398
f 439//439 398//398 397//397
f 439//439 397//397 440//440
f 703//700 387//387 704//701
f 703//700 704//701 705//702
f 706//703 707//704 708//705
f 709//706 706//703 708//705
f 709//706 708//705 710//707
f 711//708 709//706 710//707
f 662//659 660//657 712//709
f 248//250 661//658 662//659
f 248//250 662//659 712//709
f 249//251 248//250 712//709
f 249//251 712//709 713//710
f 713//710 459//459 458//458
f 249//251 713//710 458//458
f 249//251 458//458 714//711
f 249//251 714//711 715//712
f 716//713 249//251 715//712
f 716//713 715//712 717//714
f 716//713 717//714 718//715
f 716//713 718//715 719//716
f 716//713 719//716 720//717
f 721//718 716//713 720//717
f 722//718 721//718 720//717
f 723//719 722//718 720//717
f 724//720 725//721 726//722
f 724//720 726//722 727//723
f 728//724 724//720 727//723
f 728//724 727//723 213//215
f 542//538 541//537 655//652
f 729//725 730//726 731//727
f 729//725 731//727 732//728
f 448//448 441//441 733//729
f 734//730 448//448 733//729
f 735//731 701//698 736//732
f 73//73 159//161 468//468
f 73//73 468//468 737//733
f 642//640 73//73 737//733
f 726//722 691//688 693//690
f 726//722 693//690 738//734
f 214//216 726//722 738//734
f 214//216 738//734 215//217
f 613//609 654//651 659//656
f 739//735 719//716 718//715
f 740//736 741//737 742//738
f 743//739 740//736 742//738
f 744//740 743//739 742//738
f 744//740 742//738 322//326
f 321//325 744//740 322//326
f 745//741 668//665 667//664
f 136//137 262//265 261//264
f 88//88 35//35 38//38
f 89//89 88//88 38//38
f 38//38 746//742 89//89
f 747//743 748//744 35//35
f 669//666 747//743 35//35
f 235//237 749//745 283//287
f 750//746 235//237 283//287
f 750//746 283//287 282//286
f 751//747 618//615 694//691
f 541//537 540//536 752//748
f 670//667 541//537 752//748
f 670//667 752//748 753//749
f 754//750 746//742 38//38
f 755//751 90//90 756//752
f 757//751 755//751 756//752
f 715//712 757//751 756//752
f 717//714 715//712 756//752
f 717//714 756//752 718//715
f 709//706 711//708 758//753
f 669//666 88//88 747//743
f 759//754 653//650 459//459
f 759//754 459//459 654//651
f 136//137 760//755 262//265
f 761//756 700//757 762//758
f 695//692 763//759 696//693
f 667//664 375//376 378//379
f 667//664 378//379 232//234
f 40//40 39//39 7//7
f 40//40 7//7 6//6
f 735//731 764//760 701//698
f 672//669 765//761 376//377
f 672//669 376//377 375//376
f 718//715 766//762 739//735
f 767//763 766//762 756//752
f 700//697 699//764 768//765
f 769//766 770//767 771//768
f 769//766 771//768 772//768
f 773//769 769//766 772//768
f 773//769 772//768 774//770
f 775//771 773//769 774//770
f 776//772 775//771 774//770
f 776//772 774//770 777//773
f 778//771 776//772 777//773
f 779//774 778//771 777//773
f 747//743 88//88 460//460
f 110//110 760//755 138//478
f 449//449 445//445 451//451
f 632//629 449//449 451//451
f 632//629 451//451 450//450
f 633//630 632//629 450//450
f 451//451 445//445 605//600
f 250//252 552//577 567//612
f 557//633 556//552 639//637
f 633//630 450//450 567//564
f 621//618 661//658 248//250
f 279//283 157//159 286//290
f 288//292 279//283 286//290
f 288//292 286//290 225//227
f 720//717 719//716 780//775
f 781//776 782//777 783//778
f 784//779 781//776 783//778
f 784//779 783//778 785//780
f 786//781 784//779 785//780
f 787//782 786//781 785//780
f 787//782 785//780 788//783
f 789//784 787//782 788//783
f 789//784 788//783 790//785
f 266//270 789//784 790//785
f 379//380 266//270 790//785
f 379//380 790//785 380//380
f 380//380 790//785 381//381
f 490//490 493//493 492//492
f 791//786 537//533 536//532
f 791//786 536//532 639//637
f 566//563 791//786 639//637
f 566//563 639//637 556//552
f 445//445 444//444 607//602
f 605//600 445//445 606//601
f 605//600 606//601 247//604
f 607//602 444//444 446//446
f 443//443 551//547 530//526
f 640//638 443//443 530//526
f 547//543 545//541 792//787
f 547//543 792//787 793//788
f 549//545 547//543 793//788
f 549//545 793//788 794//789
f 257//259 549//545 794//789
f 257//259 794//789 258//260
f 445//445 607//602 606//601
f 531//527 657//654 613//609
f 659//656 531//527 613//609
f 795//790 765//761 672//669
f 796//791 795//790 672//669
f 796//791 672//669 655//652
f 730//726 796//791 655//652
f 730//726 655//652 671//668
f 731//727 730//726 671//668
f 732//728 731//727 671//668
f 710//707 708//705 797//792
f 710//707 797//792 798//793
f 799//794 710//707 798//793
f 799//794 798//793 800//795
f 799//794 800//795 591//587
f 801//796 799//794 591//587
f 490//490 494//494 493//493
f 747//743 668//665 748//744
f 759//754 654//651 653//650
f 802//797 529//525 560//556
f 694//691 699//696 763//759
f 695//692 694//691 763//759
f 803//798 432//432 369//370
f 804//799 803//798 369//370
f 805//800 804//799 369//370
f 262//265 696//801 619//616
f 109//109 696//801 760//755
f 110//110 109//109 760//755
f 694//691 619//616 751//747
f 751//802 763//759 698//695
f 619//616 618//615 751//747
f 806//803 81//81 166//168
f 454//454 806//803 166//168
f 455//455 454//454 166//168
f 768//765 689//686 807//804
f 761//756 808//805 809//806
f 700//757 761//756 809//806
f 694//691 762//758 700//757
f 699//696 698//695 763//759
f 696//693 763//759 751//802
f 696//693 751//802 619//807
f 109//109 136//137 620//617
f 809//806 808//805 768//765
f 699//764 809//806 768//765
f 62//62 262//265 810//808
f 810//808 59//59 61//61
f 62//62 810//808 61//61
f 629//626 505//504 811//809
f 812//810 629//626 811//809
f 813//811 630//627 629//626
f 814//812 813//811 629//626
f 814//812 629//626 815//813
f 505//504 724//720 728//724
f 686//683 505//504 728//724
f 816//814 817//815 818//816
f 816//814 818//816 439//439
f 816//814 439//439 414//414
f 819//817 816//814 414//414
f 686//683 728//724 213//215
f 686//683 213//215 687//684
f 47//47 689//686 690//687
f 690//687 688//685 48//48
f 47//47 690//687 48//48
f 210//212 586//582 412//412
f 210//212 412//412 416//416
f 211//213 210//212 416//416
f 211//213 416//416 820//818
f 808//805 812//810 689//686
f 768//765 808//805 689//686
f 687//684 213//215 217//219
f 688//685 687//684 217//219
f 812//810 686//683 685//682
f 689//686 812//810 685//682
f 811//809 505//504 686//683
f 812//810 811//809 686//683
f 484//484 796//791 730//726
f 484//484 730//726 729//725
f 484//484 729//725 732//728
f 484//484 732//728 821//819
f 485//485 484//484 821//819
f 485//485 821//819 822//820
f 487//487 485//485 822//820
f 487//487 822//820 823//821
f 824//822 58//58 74//74
f 824//822 74//74 71//71
f 70//70 824//822 71//71
f 820//818 416//416 417//417
f 820//818 417//417 825//823
f 826//824 820//818 825//823
f 581//576 627//624 628//625
f 692//689 581//576 628//625
f 692//689 628//625 827//825
f 693//690 692//689 827//825
f 828//826 693//690 827//825
f 829//827 629//626 812//810
f 651//648 520//516 281//285
f 652//649 651//648 281//285
f 652//649 281//285 280//284
f 830//828 652//649 280//284
f 340//343 830//828 280//284
f 408//408 508//507 496//496
f 408//408 496//496 831//829
f 408//408 831//829 832//830
f 410//410 408//408 832//830
f 410//410 832//830 833//831
f 410//410 833//831 834//832
f 544//540 410//410 834//832
f 319//323 317//322 575//570
f 319//323 575//570 576//571
f 320//324 319//323 576//571
f 320//324 576//571 835//833
f 836//834 320//324 835//833
f 164//166 162//164 177//179
f 837//835 164//166 177//179
f 691//688 579//574 838//836
f 760//755 696//801 262//265
f 699//764 700//757 809//806
f 839//837 840//838 841//839
f 839//837 841//839 349//352
f 839//837 349//352 353//356
f 842//840 839//837 353//356
f 842//840 353//356 356//359
f 842//840 356//359 625//622
f 700//697 768//765 807//804
f 698//695 700//697 807//804
f 698//695 807//804 46//46
f 698//695 46//46 843//841
f 634//631 537//533 791//786
f 219//221 242//261 241//267
f 219//221 241//267 84//84
f 844//842 845//843 512//508
f 846//844 844//842 512//508
f 846//844 512//508 847//845
f 751//802 698//695 848//846
f 619//616 751//802 848//846
f 619//616 848//846 262//265
f 849//847 292//296 294//298
f 331//335 849//847 294//298
f 332//336 331//335 294//298
f 332//336 294//298 850//848
f 332//336 850//848 851//849
f 596//592 332//336 851//849
f 843//841 46//46 50//50
f 60//60 843//841 50//50
f 135//136 852//850 620//617
f 135//136 620//617 136//137
f 507//506 393//393 394//394
f 507//506 394//394 488//488
f 507//506 488//488 491//491
f 508//507 507//506 491//491
f 508//507 491//491 496//496
f 52//52 15//15 2//2
f 92//92 52//52 2//2
f 853//851 773//769 854//852
f 544//540 834//832 813//811
f 545//541 544//540 813//811
f 545//541 813//811 814//812
f 792//787 545//541 814//812
f 793//788 792//787 814//812
f 239//241 299//303 855//853
f 239//241 855//853 327//331
f 856//854 626//623 857//855
f 858//856 163//165 164//166
f 859//857 858//856 164//166
f 859//857 164//166 860//858
f 665//662 666//663 861//859
f 862//860 665//662 861//859
f 862//860 861//859 863//861
f 864//862 862//860 863//861
f 171//173 404//404 824//822
f 171//173 824//822 70//70
f 172//174 171//173 70//70
f 140//141 502//501 273//277
f 624//621 623//620 817//815
f 624//621 817//815 816//814
f 798//793 566//563 534//530
f 580//575 798//793 534//530
f 660//657 659//656 654//651
f 660//657 654//651 459//459
f 712//709 660//657 459//459
f 712//709 459//459 713//710
f 330//334 865//863 866//864
f 330//334 866//864 292//296
f 331//335 330//334 292//296
f 331//335 292//296 849//847
f 867//865 868//866 856//854
f 848//846 698//695 60//60
f 262//265 848//846 60//60
f 262//265 60//60 59//59
f 810//808 262//265 59//59
f 371//372 869//867 870//868
f 207//209 205//207 303//308
f 207//209 303//308 302//307
f 403//403 207//209 302//307
f 871//869 872//870 873//871
f 874//872 871//869 873//871
f 875//872 874//872 873//871
f 875//872 873//871 16//16
f 53//53 875//872 16//16
f 54//54 53//53 16//16
f 15//15 54//54 16//16
f 49//49 348//351 806//803
f 49//49 806//803 454//454
f 453//453 49//49 454//454
f 732//728 671//668 701//698
f 821//819 732//728 701//698
f 764//760 821//819 701//698
f 501//500 876//873 877//874
f 501//500 877//874 502//501
f 788//783 878//875 879//876
f 790//785 788//783 879//876
f 790//785 879//876 880//877
f 881//878 871//869 874//872
f 462//462 881//878 874//872
f 462//462 874//872 875//872
f 462//462 875//872 53//53
f 882//879 883//880 79//79
f 629//626 503//502 505//504
f 727//723 726//722 214//216
f 213//215 727//723 214//216
f 884//881 885//882 773//769
f 884//881 773//769 853//851
f 641//639 853//851 854//852
f 641//639 854//852 886//883
f 887//884 853//851 641//639
f 888//885 885//882 884//881
f 273//277 889//886 274//278
f 890//887 891//888 892//889
f 893//890 770//767 769//766
f 191//193 338//341 339//342
f 191//193 339//342 149//151
f 148//150 191//193 149//151
f 499//499 220//222 32//32
f 56//56 499//499 32//32
f 56//56 32//32 34//34
f 57//57 56//56 34//34
f 57//57 34//34 87//87
f 894//891 276//280 895//892
f 381//381 790//785 880//877
f 381//381 880//877 268//272
f 382//382 381//381 268//272
f 313//318 382//382 268//272
f 313//318 268//272 267//271
f 889//886 877//874 896//893
f 571//568 864//862 897//894
f 572//569 571//568 897//894
f 573//569 572//569 897//894
f 573//569 897//894 898//894
f 574//569 573//569 898//894
f 574//569 898//894 899//895
f 576//571 574//569 899//895
f 576//571 899//895 835//833
f 465//465 900//896 480//480
f 479//479 465//465 480//480
f 901//897 902//898 903//899
f 904//900 901//897 903//899
f 905//901 904//900 903//899
f 906//902 905//901 903//899
f 906//902 903//899 907//903
f 906//902 907//903 908//904
f 909//905 906//902 908//904
f 89//89 746//742 469//469
f 90//90 89//89 469//469
f 90//90 469//469 473//472
f 756//752 90//90 473//472
f 756//752 473//472 910//906
f 767//763 756//752 910//906
f 766//762 767//763 910//906
f 739//735 766//762 910//906
f 739//735 910//906 780//775
f 719//716 739//735 780//775
f 879//876 911//907 906//902
f 880//877 879//876 906//902
f 880//877 906//902 869//867
f 268//272 880//877 869//867
f 371//372 268//272 869//867
f 877//874 912//908 913//909
f 896//893 877//874 913//909
f 913//909 912//908 681//678
f 913//909 681//678 680//677
f 682//679 914//910 915//911
f 916//912 682//679 915//911
f 142//143 141//142 917//913
f 142//143 917//913 918//914
f 465//465 142//143 918//914
f 465//465 918//914 900//896
f 919//915 920//916 921//917
f 922//918 896//893 923//919
f 502//501 877//874 889//886
f 502//501 889//886 273//277
f 857//855 716//713 721//718
f 857//855 721//718 722//718
f 857//855 722//718 723//719
f 857//855 723//719 720//717
f 857//855 720//717 867//865
f 856//854 857//855 867//865
f 924//920 925//921 893//922
f 926//923 927//924 523//519
f 926//923 523//519 526//522
f 928//925 927//924 926//923
f 929//926 930//927 770//767
f 929//926 770//767 893//890
f 931//928 893//890 769//766
f 931//928 769//766 885//882
f 932//929 933//930 885//931
f 932//929 885//931 934//932
f 51//51 49//49 453//453
f 63//63 51//51 453//453
f 63//63 453//453 196//198
f 935//933 936//934 930//927
f 935//933 930//927 924//920
f 937//935 938//936 939//937
f 937//935 939//937 940//938
f 885//931 888//885 941//939
f 934//932 885//931 941//939
f 933//930 942//940 888//941
f 885//931 933//930 888//941
f 942//940 925//921 931//928
f 942//940 931//928 888//941
f 482//482 481//481 943//942
f 482//482 943//942 938//936
f 929//926 893//890 925//921
f 933//930 893//922 925//921
f 933//930 925//921 942//940
f 944//943 924//920 893//922
f 944//943 893//922 933//930
f 212//214 211//213 820//818
f 212//214 820//818 826//824
f 616//613 212//214 826//824
f 616//613 826//824 169//171
f 945//944 616//613 169//171
f 867//865 946//945 947//946
f 868//866 867//865 947//946
f 868//866 947//946 742//738
f 743//739 868//866 740//736
f 740//736 868//866 741//737
f 741//737 868//866 742//738
f 948//947 501//500 697//694
f 769//766 773//769 885//882
f 949//948 131//132 117//117
f 124//125 949//948 117//117
f 125//126 124//125 117//117
f 950//949 804//799 805//800
f 950//949 805//800 951//950
f 952//951 950//949 953//952
f 953//952 950//949 951//950
f 894//891 954//953 955//954
f 940//938 350//353 937//935
f 956//955 203//205 139//140
f 956//955 139//140 464//464
f 957//956 956//955 464//464
f 663//660 957//956 464//464
f 958//957 959//958 960//959
f 961//960 955//954 954//953
f 277//281 962//961 963//962
f 964//963 921//917 920//964
f 964//963 920//964 965//965
f 966//966 919//915 921//917
f 966//966 921//917 964//963
f 919//915 955//954 961//960
f 919//915 961//960 920//916
f 277//281 276//280 894//891
f 962//961 277//281 894//891
f 961//960 954//953 921//967
f 920//916 961//960 921//967
f 955//954 962//961 894//891
f 922//918 967//968 895//892
f 294//298 295//299 850//848
f 140//141 273//277 277//281
f 404//404 302//307 55//55
f 404//404 55//55 58//58
f 404//404 58//58 824//822
f 912//908 877//874 876//873
f 141//142 963//962 968//969
f 141//142 968//969 917//913
f 969//970 970//971 971//972
f 972//973 969//970 971//972
f 973//974 854//852 974//975
f 973//974 974//975 975//975
f 976//976 973//974 975//975
f 976//976 975//975 977//975
f 976//976 977//975 978//977
f 782//777 976//976 978//977
f 782//777 978//977 979//978
f 782//777 979//978 980//979
f 783//778 782//777 980//979
f 785//780 783//778 980//979
f 785//780 980//979 878//875
f 788//783 785//780 878//875
f 467//467 465//465 479//479
f 981//980 467//467 479//479
f 981//980 479//479 840//838
f 982//981 981//980 840//838
f 982//981 840//838 839//837
f 920//964 921//967 927//924
f 928//925 920//964 927//924
f 924//920 930//927 929//926
f 924//920 929//926 925//921
f 480//480 983//982 984//983
f 480//480 984//983 481//481
f 165//167 324//328 326//330
f 167//169 165//167 326//330
f 167//169 326//330 582//578
f 582//578 326//330 584//580
f 583//579 582//578 584//580
f 840//838 479//479 482//482
f 840//838 482//482 985//984
f 840//838 985//984 937//935
f 840//838 937//935 350//353
f 841//839 840//838 350//353
f 349//352 841//839 350//353
f 925//921 893//890 931//928
f 931//928 885//882 888//941
f 926//923 930//927 936//934
f 918//914 917//913 919//915
f 918//914 919//915 966//966
f 938//936 985//984 482//482
f 930//927 526//522 527//523
f 930//927 527//523 770//767
f 524//520 523//519 927//924
f 683//680 682//679 916//912
f 876//985 681//678 986//986
f 681//678 912//908 986//986
f 987//987 988//988 959//958
f 958//957 987//987 959//958
f 959//958 989//989 990//990
f 897//894 864//862 863//861
f 897//894 863//861 991//991
f 898//894 897//894 991//991
f 899//895 898//894 991//991
f 801//796 591//587 558//554
f 992//992 801//796 558//554
f 992//992 558//554 590//586
f 833//831 992//992 590//586
f 833//831 590//586 528//524
f 834//832 833//831 528//524
f 834//832 528//524 503//502
f 813//811 834//832 503//502
f 813//811 503//502 630//627
f 899//895 991//991 993//993
f 835//833 899//895 993//993
f 835//833 993//993 396//396
f 702//699 835//833 396//396
f 702//699 396//396 395//395
f 914//910 994//994 876//985
f 914//910 876//985 948//947
f 914//910 682//679 994//994
f 986//995 501//500 948//947
f 912//908 876//873 986//986
f 995//996 996//997 997//998
f 988//988 995//996 997//998
f 996//997 916//912 915//911
f 996//997 915//911 998//999
f 997//998 996//997 998//999
f 970//971 997//998 998//999
f 970//971 998//999 600//595
f 971//972 970//971 999//1000
f 999//1000 970//971 600//595
f 1000//1001 988//988 987//987
f 683//680 916//912 996//997
f 683//680 996//997 1000//1001
f 1001//1002 990//990 989//989
f 1001//1002 989//989 1002//1003
f 989//989 988//988 997//998
f 989//989 997//998 970//971
f 948//947 876//985 986//995
f 612//608 543//539 546//542
f 611//607 612//608 546//542
f 903//899 611//607 546//542
f 907//903 903//899 546//542
f 907//903 546//542 548//544
f 907//903 548//544 1003//1004
f 1004//1005 907//903 1003//1004
f 1004//1005 1003//1004 1005//1006
f 1006//1007 1004//1005 1005//1006
f 26//26 43//43 173//175
f 222//224 26//26 173//175
f 1007//1008 1008//1009 1009//1010
f 1007//1008 1009//1010 1010//1011
f 1011//1012 1007//1008 1012//1013
f 1012//1013 1007//1008 1010//1011
f 915//911 914//910 948//947
f 998//999 915//911 948//947
f 998//999 948//947 601//596
f 600//595 998//999 601//596
f 1000//1001 1013//1014 683//680
f 501//500 202//204 697//694
f 1014//1015 306//311 305//310
f 829//827 812//810 808//805
f 761//756 829//827 808//805
f 983//982 964//963 965//965
f 983//982 965//965 936//934
f 1015//1016 958//957 960//959
f 1015//1016 960//959 1016//1017
f 1017//1018 1018//1019 609//605
f 1019//1020 1017//1018 609//605
f 1019//1020 609//605 610//606
f 902//898 1019//1020 610//606
f 902//898 610//606 611//607
f 903//899 902//898 611//607
f 800//795 798//793 580//575
f 591//587 800//795 580//575
f 984//983 936//934 935//933
f 481//481 984//983 935//933
f 481//481 935//933 924//920
f 943//942 481//481 924//920
f 943//942 924//920 944//943
f 938//936 943//942 944//943
f 1020//1021 891//1022 1021//1023
f 1020//1021 1021//1023 1022//1024
f 644//642 438//438 390//390
f 644//642 390//390 393//393
f 201//203 203//205 602//597
f 601//596 948//947 697//694
f 601//596 697//694 602//597
f 753//749 752//748 553//549
f 753//749 553//549 707//704
f 706//703 753//749 707//704
f 972//973 971//972 1023//1025
f 972//973 1023//1025 1024//1026
f 1023//1025 971//972 600//595
f 1025//1027 1024//1026 1026//1028
f 1025//1027 1026//1028 1027//1029
f 293//297 1025//1027 1027//1029
f 295//299 293//297 1027//1029
f 295//299 1027//1029 674//671
f 673//670 295//299 674//671
f 347//350 399//399 78//78
f 347//350 78//78 81//81
f 348//351 347//350 81//81
f 806//803 348//351 81//81
f 1028//1030 1029//1031 1030//1032
f 1031//1033 1028//1030 1030//1032
f 1031//1033 1030//1032 1032//1034
f 1031//1033 1032//1034 1033//1035
f 1034//1033 1031//1033 1033//1035
f 1034//1033 1033//1035 1017//1018
f 1035//1036 1034//1033 1017//1018
f 1035//1036 1017//1018 1019//1020
f 905//901 1035//1036 1019//1020
f 905//901 1019//1020 904//900
f 904//900 1019//1020 901//897
f 901//897 1019//1020 902//898
f 1005//1006 1003//1004 256//258
f 1006//1007 1005//1006 256//258
f 1006//1007 256//258 161//163
f 160//162 1006//1007 161//163
f 836//834 835//833 702//699
f 1036//1037 836//834 702//699
f 459//459 653//650 668//665
f 459//459 668//665 747//743
f 460//460 459//459 747//743
f 1037//1038 1038//1039 1039//1040
f 1037//1038 1039//1040 1040//1040
f 1037//1038 1040//1040 1041//1040
f 1037//1038 1041//1040 1042//1040
f 1043//1038 1037//1038 1042//1040
f 1043//1038 1042//1040 1044//1041
f 1043//1038 1044//1041 1045//1042
f 1046//1038 1043//1038 1045//1042
f 1046//1038 1045//1042 1047//1043
f 774//770 1046//1038 1047//1043
f 774//770 1047//1043 1029//1031
f 1028//1030 774//770 1029//1031
f 752//748 540//536 658//655
f 752//748 658//655 553//549
f 1022//1024 265//269 298//1044
f 424//424 309//314 307//312
f 941//939 888//885 884//881
f 941//939 884//881 887//1045
f 298//1044 1020//1021 1022//1024
f 853//1046 934//932 941//939
f 853//1046 941//939 887//1045
f 658//655 447//447 442//442
f 553//549 658//655 442//442
f 1048//1047 100//100 781//776
f 1048//1047 781//776 784//779
f 1049//1048 799//794 801//796
f 832//830 1049//1048 801//796
f 832//830 801//796 992//992
f 833//831 832//830 992//992
f 179//181 638//636 598//593
f 179//181 598//593 599//594
f 180//182 179//181 599//594
f 180//182 599//594 1050//1049
f 926//923 526//522 930//927
f 202//204 502//501 140//141
f 139//140 202//204 140//141
f 927//924 1051//1050 524//520
f 954//953 927//924 921//967
f 725//721 579//574 691//688
f 725//721 691//688 726//722
f 1052//1051 836//834 1036//1037
f 1053//1052 1052//1051 1036//1037
f 817//815 1053//1052 1036//1037
f 817//815 1036//1037 1054//1053
f 817//815 1054//1053 818//816
f 938//936 937//935 985//984
f 954//953 894//891 1055//1054
f 140//141 277//281 963//962
f 954//953 1055//1054 1056//1055
f 954//953 1056//1055 1051//1050
f 895//892 889//886 922//918
f 894//891 895//892 967//968
f 894//891 967//968 1055//1054
f 967//968 922//918 923//919
f 967//968 923//919 1057//1056
f 927//924 954//953 1051//1050
f 963//962 141//142 140//141
f 889//886 896//893 922//918
f 274//278 895//892 275//279
f 983//982 936//934 984//983
f 959//958 988//988 989//989
f 265//269 789//784 266//270
f 1013//1014 1000//1001 987//987
f 683//680 1013//1014 987//987
f 684//681 683//680 987//987
f 684//681 987//987 958//957
f 995//996 988//988 1000//1001
f 684//681 958//957 1015//1016
f 684//681 1015//1016 1016//1017
f 684//681 1016//1017 1058//1057
f 1059//1058 684//681 1058//1057
f 1059//1058 1058//1057 1060//1059
f 1059//1058 1060//1059 1061//1059
f 1038//1039 1059//1058 1061//1059
f 1038//1039 1061//1059 1062//1059
f 1039//1040 1038//1039 1062//1059
f 1040//1040 1039//1040 1062//1059
f 1040//1040 1062//1059 1042//1040
f 1042//1040 1062//1059 1044//1041
f 1041//1040 1040//1040 1042//1040
f 986//995 876//873 501//500
f 1023//1025 600//595 603//598
f 1000//1001 996//997 995//996
f 789//784 1021//1023 787//782
f 1024//1026 1023//1025 603//598
f 1024//1026 603//598 1026//1028
f 681//678 876//985 994//994
f 1063//1060 900//896 918//914
f 1021//1023 891//1022 892//1061
f 517//513 520//516 518//514
f 1022//1024 1021//1023 789//784
f 1022//1024 789//784 265//269
f 520//516 517//513 1020//1021
f 520//516 1020//1021 265//1062
f 892//1061 784//779 786//781
f 826//824 825//823 170//172
f 169//171 826//824 170//172
f 515//511 890//887 892//889
f 517//513 515//511 892//889
f 890//887 1048//1047 1064//1063
f 891//888 890//887 1064//1063
f 701//698 670//667 753//749
f 701//698 753//749 706//703
f 822//820 821//819 764//760
f 736//732 701//698 706//703
f 822//820 764//760 735//731
f 822//820 735//731 736//732
f 822//820 736//732 706//703
f 823//821 822//820 706//703
f 487//487 823//821 706//703
f 489//489 487//487 706//703
f 489//489 706//703 709//706
f 490//490 489//489 709//706
f 494//494 490//490 709//706
f 494//494 709//706 758//753
f 495//495 494//494 758//753
f 495//495 758//753 711//708
f 495//495 711//708 710//707
f 497//497 495//495 710//707
f 497//497 710//707 799//794
f 1065//1064 497//497 799//794
f 1049//1048 1065//1064 799//794
f 297//301 520//516 265//1062
f 1064//1063 1048//1047 784//779
f 1064//1063 784//779 892//1061
f 298//1044 265//1062 1020//1021
f 891//1022 1020//1021 517//513
f 92//92 2//2 1//1
f 93//93 92//92 1//1
f 93//93 1//1 45//45
f 9//9 93//93 45//45
f 9//9 45//45 17//17
f 41//41 126//127 115//115
f 41//41 115//115 39//39
f 892//1061 786//781 787//782
f 1021//1023 892//1061 787//782
f 4//4 122//123 41//41
f 5//5 4//4 41//41
f 650//647 521//517 522//518
f 650//647 522//518 651//648
f 281//285 520//516 297//301
f 281//285 297//301 243//245
f 1047//1043 846//844 847//845
f 1029//1031 1047//1043 847//845
f 1029//1031 847//845 1032//1034
f 1030//1032 1029//1031 1032//1034
f 657//654 550//546 447//447
f 657//654 447//447 658//655
f 1066//1065 226//228 1067//1066
f 1068//1067 1066//1065 1067//1066
f 1068//1067 1067//1066 229//231
f 646//644 1068//1067 229//231
f 866//864 865//863 705//702
f 861//859 981//980 982//981
f 863//861 861//859 982//981
f 863//861 982//981 839//837
f 863//861 839//837 842//840
f 991//991 863//861 842//840
f 991//991 842//840 993//993
f 231//233 230//232 514//510
f 100//100 976//976 782//777
f 781//776 100//100 782//777
f 646//644 229//231 231//233
f 646//644 231//233 514//510
f 779//774 777//773 1069//1068
f 979//978 779//774 1069//1068
f 980//979 979//978 1069//1068
f 980//979 1069//1068 1070//1069
f 24//24 462//462 53//53
f 24//24 53//53 52//52
f 91//91 24//24 52//52
f 1066//1065 1071//1070 1072//1071
f 1066//1065 1072//1071 226//228
f 890//887 515//511 230//232
f 228//230 101//101 100//100
f 228//230 100//100 230//232
f 79//79 883//880 744//740
f 79//79 744//740 321//325
f 80//80 79//79 321//325
f 80//80 321//325 324//328
f 165//167 80//80 324//328
f 1067//1066 226//228 227//229
f 1067//1066 227//229 229//231
f 878//875 980//979 1070//1069
f 878//875 1070//1069 911//907
f 879//876 878//875 911//907
f 993//993 842//840 625//622
f 993//993 625//622 102//102
f 396//396 993//993 102//102
f 230//232 100//100 1048//1047
f 230//232 1048//1047 890//887
f 99//99 886//883 973//974
f 99//99 973//974 976//976
f 461//461 460//460 88//88
f 461//461 88//88 90//90
f 458//458 461//461 90//90
f 714//711 458//458 90//90
f 714//711 90//90 755//751
f 715//712 714//711 755//751
f 715//712 755//751 757//751
f 1064//1063 892//1061 891//888
f 892//889 891//1022 517//513
f 522//518 520//516 651//648
f 31//31 29//29 1073//1072
f 31//31 1073//1072 11//11
f 31//31 11//11 463//463
f 77//77 31//31 463//463
f 77//77 463//463 25//25
f 75//75 77//77 25//25
f 76//76 75//75 95//95
f 95//95 75//75 25//25
f 578//573 373//374 372//373
f 578//573 372//373 581//576
f 579//574 578//573 581//576
f 579//574 581//576 838//836
f 265//1062 298//302 296//300
f 297//301 265//1062 296//300
f 648//645 516//512 519//515
f 648//645 519//515 521//517
f 355//358 354//357 1071//1070
f 355//358 1071//1070 1066//1065
f 357//360 355//358 1066//1065
f 357//360 1066//1065 1068//1067
f 234//236 1074//1073 952//951
f 234//236 952//951 1075//1074
f 235//237 234//236 1075//1074
f 235//237 1075//1074 749//745
f 938//936 944//943 933//930
f 939//937 938//936 933//930
f 939//937 933//930 932//929
f 939//937 932//929 934//932
f 940//938 939//937 934//932
f 940//938 934//932 1076//1075
f 1077//1076 940//938 1076//1075
f 1077//1076 1076//1075 364//365
f 1078//1077 1077//1076 364//365
f 1078//1077 364//365 363//364
f 1079//1078 1078//1077 363//364
f 1071//1070 1079//1078 363//364
f 1071//1070 363//364 1072//1071
f 1072//1071 363//364 226//228
f 306//311 1007//1008 1080//1079
f 177//179 176//178 852//850
f 177//179 852//850 135//136
f 177//179 135//136 133//134
f 132//133 177//179 133//134
f 468//468 77//77 76//76
f 468//468 76//76 96//96
f 737//733 468//468 96//96
f 737//733 96//96 82//82
f 374//375 594//590 627//624
f 581//576 374//375 627//624
f 188//190 186//188 423//423
f 188//190 423//423 568//565
f 335//339 188//190 568//565
f 337//339 335//339 568//565
f 337//339 568//565 316//321
f 315//320 337//339 316//321
f 837//835 177//179 132//133
f 837//835 132//133 134//135
f 1081//1080 837//835 134//135
f 1081//1080 134//135 131//132
f 121//121 1081//1080 131//132
f 121//121 131//132 949//948
f 121//121 949//948 124//125
f 242//244 327//331 881//878
f 241//267 242//244 881//878
f 85//85 241//267 881//878
f 85//85 881//878 462//462
f 20//20 85//85 462//462
f 20//20 462//462 23//23
f 797//792 634//631 791//786
f 798//793 797//792 791//786
f 798//793 791//786 566//563
f 940//938 351//354 350//353
f 181//183 180//182 1050//1049
f 181//183 1050//1049 333//337
f 336//340 181//183 333//337
f 336//340 333//337 334//338
f 585//581 624//621 816//814
f 413//413 585//581 816//814
f 377//378 1082//1081 233//235
f 14//14 13//13 31//31
f 14//14 31//31 77//77
f 1083//1082 1084//1083 425//425
f 301//306 300//305 383//383
f 272//276 301//306 383//383
f 299//303 272//276 383//383
f 299//303 383//383 1085//1084
f 855//853 299//303 1085//1084
f 855//853 1085//1084 872//870
f 327//331 855//853 872//870
f 881//878 327//331 872//870
f 881//878 872//870 871//869
f 745//741 667//664 232//234
f 668//665 745//741 232//234
f 668//665 232//234 36//36
f 748//744 668//665 36//36
f 35//35 748//744 36//36
f 370//371 368//369 329//333
f 1086//1085 370//371 329//333
f 1086//1085 329//333 328//332
f 637//635 1086//1085 328//332
f 354//357 1078//1077 1079//1078
f 354//357 1079//1078 1071//1070
f 742//738 947//946 189//191
f 742//738 189//191 192//194
f 322//326 742//738 192//194
f 322//326 192//194 193//195
f 322//326 193//195 1087//1086
f 323//327 322//326 1087//1086
f 100//100 99//99 976//976
f 1088//1087 1089//1088 1090//1089
f 1088//1087 1090//1089 1091//1090
f 1088//1087 1091//1090 1092//1091
f 483//483 1088//1087 1092//1091
f 430//430 429//429 679//676
f 432//432 430//430 679//676
f 1093//1092 367//368 366//367
f 426//426 425//425 1084//1083
f 427//427 426//426 1084//1083
f 429//429 1093//1092 366//367
f 679//676 429//429 366//367
f 427//427 1084//1083 367//368
f 1093//1092 427//427 367//368
f 428//428 427//427 1093//1092
f 429//429 428//428 1093//1092
f 1094//1093 309//314 1095//1094
f 1094//1093 1095//1094 433//433
f 1094//1093 433//433 1096//1095
f 1094//1093 1096//1095 436//436
f 1094//1093 436//436 438//438
f 1097//1093 1094//1093 438//438
f 1097//1093 438//438 644//642
f 1098//1093 1097//1093 644//642
f 1098//1093 644//642 643//641
f 1099//1093 1098//1093 643//641
f 1099//1093 643//641 507//506
f 1100//1093 1099//1093 507//506
f 1100//1093 507//506 506//505
f 845//843 1100//1093 506//505
f 845//843 506//505 509//505
f 845//843 509//505 510//505
f 845//843 510//505 511//505
f 512//508 845//843 511//505
f 688//685 217//219 218//220
f 688//685 218//220 346//349
f 48//48 688//685 346//349
f 554//550 449//449 632//629
f 631//628 554//550 632//629
f 413//413 816//814 819//817
f 413//413 819//817 414//414
f 457//457 616//613 945//944
f 401//401 457//457 945//944
f 401//401 945//944 169//171
f 401//401 169//171 172//174
f 882//879 856//854 868//866
f 882//879 868//866 743//739
f 882//879 743//739 744//740
f 883//880 882//879 744//740
f 681//678 994//994 682//679
f 674//671 1027//1029 1101//1096
f 674//671 1101//1096 1102//1097
f 674//671 1102//1097 675//672
f 311//316 457//457 401//401
f 224//226 311//316 401//401
f 285//289 284//288 636//634
f 285//289 636//634 178//180
f 561//557 285//289 178//180
f 989//989 970//971 1002//1003
f 369//370 370//371 1103//1098
f 1096//1095 433//433 435//435
f 1096//1095 435//435 436//436
f 965//965 920//964 928//925
f 965//965 928//925 926//923
f 936//934 965//965 926//923
f 438//438 436//436 437//437
f 455//455 166//168 168//170
f 455//455 168//170 586//582
f 456//456 455//455 586//582
f 209//211 456//456 586//582
f 209//211 586//582 210//212
f 1104//1099 181//183 336//340
f 1105//1100 1104//1099 336//340
f 1105//1100 336//340 338//341
f 1106//1100 1105//1100 338//341
f 190//192 1106//1100 338//341
f 190//192 338//341 191//193
f 253//255 249//251 716//713
f 626//623 253//255 716//713
f 626//623 716//713 857//855
f 963//962 962//961 955//954
f 968//969 963//962 955//954
f 968//969 955//954 919//915
f 917//913 968//969 919//915
f 1091//1090 796//791 1092//1091
f 376//377 1091//1090 377//378
f 1107//1101 1014//1015 305//310
f 1107//1101 305//310 308//313
f 1108//1102 1107//1101 308//313
f 923//919 896//893 913//909
f 923//919 913//909 680//677
f 1057//1056 923//919 680//677
f 1057//1056 680//677 684//681
f 1056//1055 1057//1056 684//681
f 1056//1055 684//681 1059//1058
f 1051//1050 1056//1055 1059//1058
f 524//520 1051//1050 1059//1058
f 524//520 1059//1058 1038//1039
f 525//521 524//520 1038//1039
f 527//523 525//521 1038//1039
f 527//523 1038//1039 1037//1038
f 770//767 527//523 1037//1038
f 770//767 1037//1038 1043//1038
f 771//768 770//767 1043//1038
f 771//768 1043//1038 1046//1038
f 772//768 771//768 1046//1038
f 772//768 1046//1038 774//770
f 352//355 351//354 1078//1077
f 352//355 1078//1077 354//357
f 390//390 438//438 434//434
f 1095//1094 309//314 431//431
f 1095//1094 431//431 433//433
f 805//800 369//370 1103//1098
f 951//950 805//800 1103//1098
f 555//551 557//553 564//560
f 535//531 555//551 564//560
f 535//531 564//560 373//374
f 1091//1090 376//377 795//790
f 796//791 1091//1090 795//790
f 1109//1103 803//798 804//799
f 1089//1088 1109//1103 804//799
f 377//378 1091//1090 1110//1104
f 377//378 1110//1104 1082//1081
f 1089//1088 804//799 950//949
f 1110//1104 1089//1088 950//949
f 1090//1089 1089//1088 1110//1104
f 1091//1090 1090//1089 1110//1104
f 1070//1069 1069//1068 1035//1036
f 1070//1069 1035//1036 905//901
f 911//907 1070//1069 905//901
f 911//907 905//901 906//902
f 952//951 1111//1105 1075//1074
f 417//417 415//415 448//448
f 417//417 448//448 734//730
f 825//823 417//417 734//730
f 825//823 734//730 1112//1106
f 825//823 1112//1106 170//172
f 1110//1104 1074//1073 1082//1081
f 237//239 235//237 750//746
f 870//868 869//867 858//856
f 371//372 870//868 858//856
f 269//273 371//372 858//856
f 1113//1107 269//273 858//856
f 1085//1084 1113//1107 858//856
f 1085//1084 858//856 859//857
f 872//870 1085//1084 859//857
f 872//870 859//857 873//871
f 391//391 1088//1087 483//483
f 392//392 391//391 483//483
f 678//675 677//674 664//661
f 421//421 678//675 664//661
f 421//421 664//661 665//662
f 422//422 421//421 665//662
f 423//423 422//422 665//662
f 423//423 665//662 862//860
f 568//565 423//423 1114//1108
f 1114//1108 423//423 1115//1108
f 1115//1108 423//423 862//860
f 568//565 1114//1108 569//566
f 588//584 237//239 750//746
f 588//584 750//746 282//286
f 588//584 282//286 285//289
f 470//470 588//584 285//289
f 471//471 470//470 285//289
f 471//471 285//289 474//473
f 472//471 471//471 474//473
f 397//397 102//102 105//105
f 397//397 105//105 107//107
f 440//440 397//397 107//107
f 440//440 107//107 204//206
f 483//483 1092//1091 796//791
f 483//483 796//791 484//484
f 119//119 118//118 114//114
f 119//119 114//114 113//113
f 7//7 119//119 113//113
f 7//7 113//113 195//197
f 476//475 910//906 473//472
f 777//773 774//770 1028//1030
f 777//773 1028//1030 1031//1033
f 1069//1068 777//773 1031//1033
f 1069//1068 1031//1033 1034//1033
f 1069//1068 1034//1033 1035//1036
f 477//476 475//474 563//559
f 476//475 477//476 563//559
f 910//906 476//475 563//559
f 780//775 910//906 563//559
f 780//775 563//559 946//945
f 720//717 780//775 946//945
f 867//865 720//717 946//945
f 1116//1109 972//973 1024//1026
f 377//378 233//235 378//379
f 1117//1110 1103//1098 370//371
f 1117//1110 370//371 1086//1085
f 1118//1111 1117//1110 1086//1085
f 1119//1112 1118//1111 1086//1085
f 749//745 1075//1074 1118//1111
f 951//950 1117//1110 1111//1105
f 1075//1074 1111//1105 1117//1110
f 1075//1074 1117//1110 1118//1111
f 1119//1112 1086//1085 637//635
f 283//287 1119//1112 637//635
f 284//288 283//287 637//635
f 284//288 637//635 636//634
f 154//156 152//154 320//324
f 154//156 320//324 836//834
f 1120//1113 154//156 836//834
f 1053//1052 1120//1113 836//834
f 1053//1052 836//834 1052//1051
f 1014//1015 1001//1002 1008//1009
f 1121//1114 1010//1011 1122//1115
f 1121//1114 1122//1115 290//294
f 953//952 951//950 1111//1105
f 952//951 953//952 1111//1105
f 749//745 1118//1111 1119//1112
f 283//287 749//745 1119//1112
f 622//619 1087//1086 1053//1052
f 622//619 1053//1052 817//815
f 623//620 622//619 817//815
f 589//585 588//584 470//470
f 469//469 589//585 470//470
f 233//235 1082//1081 1074//1073
f 233//235 1074//1073 234//236
f 854//852 773//769 775//771
f 854//852 775//771 776//772
f 854//852 776//772 778//771
f 974//975 854//852 778//771
f 974//975 778//771 779//774
f 975//975 974//975 779//774
f 977//975 975//975 779//774
f 977//975 779//774 979//978
f 978//977 977//975 979//978
f 1014//1015 1008//1009 1123//1116
f 1008//1009 1001//1002 1002//1003
f 1009//1010 1008//1009 1002//1003
f 1084//1083 1083//1082 385//385
f 1084//1083 385//385 384//384
f 1124//1117 1001//1002 1014//1015
f 1124//1117 1014//1015 1058//1057
f 383//383 382//382 313//318
f 383//383 313//318 312//317
f 383//383 312//317 267//271
f 383//383 267//271 269//273
f 1085//1084 383//383 269//273
f 1085//1084 269//273 1113//1107
f 1080//1079 1007//1008 1011//1012
f 704//701 1080//1079 1011//1012
f 990//990 1001//1002 959//958
f 1050//1049 599//594 182//184
f 1050//1049 182//184 187//189
f 333//337 1050//1049 187//189
f 385//385 307//312 1080//1079
f 386//386 385//385 1080//1079
f 1058//1057 1107//1101 1108//1102
f 1058//1057 1108//1102 1125//1118
f 1010//1011 1002//1003 969//970
f 1010//1011 969//970 1122//1115
f 908//904 907//903 1004//1005
f 869//867 906//902 909//905
f 909//905 908//904 1004//1005
f 869//867 909//905 1004//1005
f 869//867 1004//1005 1006//1007
f 869//867 1006//1007 160//162
f 858//856 869//867 160//162
f 858//856 160//162 163//165
f 1126//1119 1011//1012 1121//1114
f 1126//1119 1121//1114 289//293
f 866//864 1126//1119 289//293
f 866//864 289//293 292//296
f 1009//1010 1002//1003 1010//1011
f 290//294 289//293 1121//1114
f 960//959 959//958 1124//1117
f 960//959 1124//1117 1058//1057
f 1016//1017 960//959 1058//1057
f 807//804 689//686 47//47
f 807//804 47//47 46//46
f 1081//1080 121//121 837//835
f 1121//1114 1011//1012 1010//1011
f 1122//1115 969//970 972//973
f 1122//1115 972//973 1116//1109
f 33//33 22//22 21//21
f 33//33 21//21 12//12
f 707//704 553//549 554//550
f 707//704 554//550 631//628
f 708//705 707//704 631//628
f 708//705 631//628 634//631
f 797//792 708//705 634//631
f 666//663 466//466 467//467
f 666//663 467//467 981//980
f 861//859 666//663 981//980
f 389//389 387//387 703//700
f 388//388 389//389 703//700
f 388//388 1127//1120 1128//1121
f 1127//1120 703//700 705//702
f 1127//1120 705//702 865//863
f 368//369 1128//1121 1127//1120
f 329//333 368//369 1127//1120
f 705//702 704//701 1126//1119
f 705//702 1126//1119 866//864
f 604//599 602//597 203//205
f 603//598 604//599 203//205
f 1026//1028 603//598 203//205
f 1026//1028 203//205 956//955
f 1027//1029 1026//1028 956//955
f 1027//1029 956//955 1101//1096
f 388//388 703//700 1127//1120
f 733//729 206//208 208//210
f 733//729 208//210 207//209
f 733//729 207//209 403//403
f 405//405 733//729 403//403
f 405//405 403//403 402//402
f 1055//1054 967//968 1057//1056
f 1055//1054 1057//1056 1056//1055
f 1084//1083 384//384 367//368
f 232//234 378//379 233//235
f 307//312 385//385 425//425
f 307//312 425//425 424//424
f 367//368 384//384 388//388
f 1128//1121 367//368 388//388
f 637//635 328//332 332//336
f 637//635 332//336 595//591
f 638//636 637//635 595//591
f 638//636 595//591 597//591
f 638//636 597//591 598//593
f 588//584 236//238 237//239
f 390//390 1129//1122 391//391
f 1058//1057 1014//1015 1107//1101
f 1114//1108 1115//1108 862//860
f 1114//1108 862//860 864//862
f 569//566 1114//1108 864//862
f 570//567 569//566 864//862
f 571//568 570//567 864//862
f 959//958 1001//1002 1124//1117
f 69//69 83//83 401//401
f 70//70 69//69 401//401
f 70//70 401//401 172//174
f 795//790 376//377 765//761
f 357//360 1068//1067 646//644
f 360//362 357//360 646//644
f 360//362 646//644 645//643
f 360//362 645//643 647//643
f 103//103 360//362 647//643
f 103//103 647//643 649//646
f 104//104 103//103 649//646
f 1130//1123 432//432 803//798
f 1110//1104 950//949 952//951
f 1074//1073 1110//1104 952//951
f 815//813 629//626 829//827
f 815//813 829//827 761//756
f 1131//1124 815//813 761//756
f 1131//1124 761//756 762//758
f 1131//1124 762//758 694//691
f 176//178 1131//1124 694//691
f 176//178 694//691 618//615
f 176//178 618//615 617//614
f 852//850 176//178 617//614
f 852//850 617//614 620//617
f 1123//1116 306//311 1014//1015
f 1101//1096 956//955 957//956
f 1102//1097 1101//1096 957//956
f 1102//1097 957//956 1132//1125
f 425//425 385//385 1083//1082
f 5//5 45//45 1//1
f 847//845 512//508 513//509
f 847//845 513//509 406//406
f 1032//1034 847//845 406//406
f 1032//1034 406//406 409//409
f 1033//1035 1032//1034 409//409
f 1033//1035 409//409 411//411
f 1017//1018 1033//1035 411//411
f 1017//1018 411//411 1018//1019
f 1018//1019 411//411 609//605
f 1012//1013 1010//1011 1011//1012
f 1123//1116 1008//1009 1007//1008
f 306//311 1123//1116 1007//1008
f 828//826 827//825 882//879
f 1133//1126 828//826 882//879
f 1133//1126 882//879 79//79
f 216//218 1133//1126 79//79
f 399//399 216//218 79//79
f 399//399 79//79 78//78
f 1002//1003 970//971 969//970
f 386//386 1080//1079 704//701
f 387//387 386//386 704//701
f 36//36 232//234 587//583
f 587//583 232//234 236//238
f 734//730 733//729 405//405
f 1112//1106 734//730 405//405
f 1112//1106 405//405 404//404
f 170//172 1112//1106 404//404
f 170//172 404//404 171//173
f 1132//1125 957//956 663//660
f 1102//1097 1132//1125 663//660
f 675//672 1102//1097 663//660
f 677//674 675//672 663//660
f 677//674 663//660 664//661
f 499//499 259//262 255//257
f 499//499 255//257 220//222
f 96//96 25//25 27//27
f 82//82 96//96 27//27
f 25//25 10//10 42//42
f 25//25 42//42 26//26
f 642//640 737//733 82//82
f 71//71 642//640 82//82
f 71//71 82//82 69//69
f 918//914 966//966 964//963
f 1063//1060 918//914 964//963
f 1063//1060 964//963 983//982
f 900//896 1063//1060 983//982
f 480//480 900//896 983//982
f 194//196 153//155 155//157
f 193//195 194//196 155//157
f 193//195 155//157 154//156
f 1087//1086 193//195 154//156
f 1087//1086 154//156 1120//1113
f 1087//1086 1120//1113 1053//1052
f 441//441 440//440 204//206
f 441//441 204//206 206//208
f 441//441 206//208 733//729
f 1003//1004 548//544 549//545
f 1003//1004 549//545 257//259
f 256//258 1003//1004 257//259
f 850//848 295//299 673//670
f 851//849 850//848 673//670
f 851//849 673//670 676//673
f 596//592 851//849 676//673
f 596//592 676//673 419//419
f 183//185 596//592 419//419
f 183//185 419//419 418//418
f 184//186 183//185 418//418
f 184//186 418//418 185//187
f 286//290 238//240 242//261
f 607//602 446//446 640//638
f 607//602 640//638 621//618
f 608//603 607//602 621//618
f 342//345 652//649 830//828
f 342//345 830//828 340//343
f 560//556 577//572 579//574
f 802//797 560//556 579//574
f 802//797 579//574 725//721
f 504//503 802//797 725//721
f 505//504 504//503 725//721
f 505//504 725//721 724//720
f 1036//1037 702//699 439//439
f 1054//1053 1036//1037 439//439
f 818//816 1054//1053 439//439
f 793//788 814//812 815//813
f 794//789 793//788 815//813
f 794//789 815//813 1131//1124
f 258//260 794//789 1131//1124
f 175//177 258//260 1131//1124
f 175//177 1131//1124 176//178
f 679//676 369//370 432//432
f 3//3 120//120 122//123
f 4//4 3//3 122//123
f 951//950 1103//1098 1117//1110
f 696//801 109//109 619//616
f 754//750 589//585 469//469
f 746//742 754//750 469//469
f 38//38 37//37 589//585
f 754//750 38//38 589//585
f 628//625 626//623 856//854
f 827//825 628//625 856//854
f 827//825 856//854 882//879
f 329//333 1127//1120 865//863
f 329//333 865//863 330//334
f 889//886 895//892 274//278
f 999//1000 600//595 971//972
f 563//559 562//558 1104//1099
f 563//559 1104//1099 1105//1100
f 946//945 563//559 1105//1100
f 946//945 1105//1100 1106//1100
f 946//945 1106//1100 190//192
f 947//946 946//945 190//192
f 947//946 190//192 189//191
f 860//858 164//166 837//835
f 859//857 860//858 837//835
f 873//871 859//857 837//835
f 16//16 873//871 837//835
f 16//16 837//835 121//121
f 3//3 16//16 121//121
f 3//3 121//121 120//120
f 307//312 306//311 1080//1079
f 67//67 145//147 66//66
f 111//145 136//137 261//264
f 111//145 261//264 144//146
f 60//60 698//695 843//841
f 263//266 64//64 65//65
f 66//66 263//266 65//65
f 138//478 760//755 136//137
f 138//478 136//137 111//1127
f 699//696 694//691 700//757
f 128//129 137//138 143//144
f 128//129 143//144 146//148
f 738//734 693//690 828//826
f 738//734 828//826 1133//1126
f 215//217 738//734 1133//1126
f 215//217 1133//1126 216//218
f 504//503 529//525 802//797
f 496//496 497//497 1065//1064
f 831//829 496//496 1065//1064
f 831//829 1065//1064 1049//1048
f 832//830 831//829 1049//1048
f 838//836 581//576 691//688
f 605//600 247//604 608//603
f 539//535 613//609 657//654
f 1108//1102 308//313 309//314
f 1125//1118 1108//1102 309//314
f 1058//1057 1125//1118 309//314
f 1060//1059 1058//1057 309//314
f 1060//1059 309//314 1094//1093
f 1060//1059 1094//1093 1097//1093
f 1060//1059 1097//1093 1098//1093
f 1061//1059 1060//1059 1098//1093
f 1061//1059 1098//1093 1099//1093
f 1062//1059 1061//1059 1099//1093
f 1062//1059 1099//1093 1100//1093
f 1044//1041 1062//1059 1100//1093
f 1044//1041 1100//1093 845//843
f 1045//1042 1044//1041 845//843
f 1045//1042 845//843 844//842
f 1047//1043 1045//1042 844//842
f 1047//1043 844//842 846//844
f 447//447 551//547 443//443
f 434//434 432//432 1130//1123
f 434//434 1130//1123 803//798
f 434//434 803//798 1109//1103
f 434//434 1109//1103 1089//1088
f 434//434 1089//1088 1088//1087
f 390//390 434//434 1129//1122
f 1129//1122 434//434 1088//1087
f 1129//1122 1088//1087 391//391
f 641//639 886//883 99//99
f 766//762 718//715 756//752
f 886//883 854//852 973//974
f 561//557 178//180 181//183
f 562//558 561//557 181//183
f 562//558 181//183 1104//1099
f 365//366 887//884 641//639
f 98//98 365//366 641//639
f 884//881 853//851 887//1045
f 364//365 853//1046 887//884
f 364//365 887//884 365//366
f 895//892 276//280 275//279
f 351//354 940//938 1077//1076
f 351//354 1077//1076 1078//1077
f 1128//1121 368//369 367//368
f 1126//1119 704//701 1011//1012
f 325//329 323//327 1087//1086
f 325//329 1087//1086 622//619
f 1076//1075 934//932 853//1046
f 1076//1075 853//1046 364//365
f 291//295 1116//1109 1024//1026
f 291//295 1024//1026 1025//1027
f 293//297 291//295 1025//1027
f 290//294 1122//1115 1116//1109
f 290//294 1116//1109 291//295
f 5//5 41//41 40//40
f 42//42 5//5 40//40
f 93//93 11//11 94//94
f 29//29 11//11 1073//1072
f 94//94 29//29 28//28
f 11//11 29//29 94//94
f 45//45 5//5 42//42
f 10//10 45//45 42//42
f 30//30 29//29 13//13
f 21//21 20//20 23//23
f 1134//1128 1135//1129 1136//1130
f 1137//1131 1135//1129 1134//1128
f 1138//1132 1137//1131 1134//1128
f 1139//1133 1140//1134 1141//1135
f 1142//1136 1143//1137 1144//1138
f 1145//1139 1146//1140 1147//1141
f 1135//1129 1148//1142 1149//1143
f 1135//1129 1149//1143 1136//1130
f 1150//1144 1142//1136 1144//1138
f 1151//1145 1152//1146 1147//1141
f 1153//1147 1154//1148 1155//1149
f 1155//1149 1156//1150 1157//1151
f 1158//1152 1159//1153 1160//1154
f 1161//1155 1162//1156 1163//1157
f 1147//1141 1164//1158 1163//1157
f 1145//1139 1165//1159 1166//1160
f 1145//1139 1166//1160 1167//1161
f 1168//1162 1169//1163 1170//1164
f 1168//1162 1170//1164 1171//1165
f 1162//1156 1151//1145 1147//1141
f 1172//1166 1173//1167 1174//1168
f 1160//1154 1175//1169 1176//1170
f 1146//1140 1145//1139 1167//1161
f 1146//1140 1167//1161 1177//1171
f 1152//1146 1155//1149 1145//1139
f 1147//1141 1152//1146 1145//1139
f 1178//1172 1150//1144 1144//1138
f 1179//1173 1180//1174 1181//1175
f 1182//1176 1179//1173 1181//1175
f 1182//1176 1181//1175 1183//1177
f 1182//1176 1183//1177 1184//1178
f 1185//1179 1186//1180 1187//1181
f 1149//1143 1185//1179 1187//1181
f 1188//1182 1189//1183 1190//1184
f 1191//1185 1188//1182 1190//1184
f 1183//1177 1192//1186 1193//1187
f 1184//1178 1183//1177 1193//1187
f 1184//1178 1193//1187 1194//1188
f 1184//1178 1194//1188 1195//1189
f 1196//1190 1184//1178 1195//1189
f 1196//1190 1195//1189 1197//1191
f 1196//1190 1197//1191 1198//1192
f 1196//1190 1198//1192 1199//1193
f 1196//1190 1199//1193 1200//1194
f 1196//1190 1200//1194 1201//1195
f 1202//1196 1203//1197 1204//1198
f 1205//1199 1177//1171 1206//1200
f 1205//1199 1206//1200 1207//1201
f 1206//1200 1191//1185 1207//1201
f 1208//1202 1209//1203 1210//1204
f 1211//1205 1212//1206 1213//1207
f 1211//1205 1213//1207 1214//1208
f 1215//1209 1159//1153 1216//1210
f 1215//1209 1216//1210 1202//1196
f 1217//1211 1218//1212 1219//1213
f 1217//1211 1219//1213 1154//1148
f 1177//1171 1167//1161 1220//1214
f 1177//1171 1220//1214 1206//1200
f 1221//1215 1222//1216 1223//1217
f 1224//1218 1156//1150 1155//1149
f 1187//1181 1224//1218 1155//1149
f 1225//1219 1187//1181 1155//1149
f 1225//1219 1155//1149 1152//1146
f 1226//1220 1225//1219 1152//1146
f 1226//1220 1152//1146 1151//1145
f 1226//1220 1151//1145 1162//1156
f 1226//1220 1162//1156 1161//1155
f 1227//1221 1226//1220 1161//1155
f 1158//1152 1228//1222 1210//1204
f 1158//1152 1210//1204 1229//1223
f 1230//1224 1231//1225 1232//1226
f 1233//1227 1230//1224 1232//1226
f 1233//1227 1232//1226 1234//1228
f 1235//1229 1236//1230 1237//1231
f 1235//1229 1237//1231 1238//1232
f 1239//1233 1235//1229 1238//1232
f 1239//1233 1238//1232 1240//1234
f 1241//1235 1239//1233 1240//1234
f 1242//1236 1243//1237 1244//1238
f 1245//1239 1246//1240 1247//1241
f 1248//1242 1249//1243 1172//1166
f 1141//1135 1248//1242 1172//1166
f 1250//1244 1251//1245 1249//1243
f 1252//1246 1250//1244 1249//1243
f 1248//1242 1253//1247 1254//1248
f 1248//1242 1254//1248 1255//1249
f 1256//1250 1251//1245 1250//1244
f 1257//1251 1253//1247 1248//1242
f 1258//1252 1257//1251 1248//1242
f 1249//1243 1251//1245 1258//1252
f 1249//1243 1258//1252 1259//1253
f 1173//1167 1259//1253 1255//1249
f 1260//1254 1200//1194 1246//1240
f 1246//1240 1261//1255 1262//1256
f 1263//1257 1261//1258 1264//1259
f 1263//1257 1265//1260 1266//1261
f 1263//1257 1266//1261 1261//1258
f 1261//1258 1266//1261 1267//1262
f 1261//1258 1267//1262 1264//1259
f 1243//1237 1268//1263 1269//1264
f 1243//1237 1269//1264 1265//1260
f 1270//1265 1243//1237 1265//1260
f 1270//1265 1265//1260 1263//1257
f 1270//1265 1271//1266 1243//1237
f 1272//1267 1273//1268 1274//1269
f 1275//1270 1272//1267 1274//1269
f 1256//1250 1250//1244 1262//1256
f 1271//1266 1270//1265 1276//1271
f 1277//1272 1243//1273 1271//1266
f 1277//1272 1271//1266 1276//1271
f 1277//1272 1278//1274 1279//1275
f 1280//1276 1263//1257 1264//1259
f 1262//1256 1270//1265 1263//1257
f 1262//1256 1263//1257 1280//1276
f 1261//1255 1246//1240 1278//1274
f 1201//1195 1200//1194 1260//1254
f 1201//1195 1260//1254 1245//1239
f 1279//1275 1278//1274 1246//1240
f 1200//1194 1279//1275 1246//1240
f 1261//1255 1278//1274 1262//1256
f 1281//1277 1282//1278 1283//1279
f 1281//1277 1283//1279 1284//1280
f 1285//1281 1281//1277 1284//1280
f 1285//1281 1284//1280 1286//1282
f 1287//1283 1285//1281 1286//1282
f 1287//1283 1286//1282 1288//1284
f 1278//1274 1277//1272 1276//1271
f 1246//1240 1262//1256 1250//1244
f 1289//1285 1290//1286 1291//1287
f 1292//1288 1146//1140 1177//1171
f 1292//1288 1177//1171 1205//1199
f 1293//1289 1294//1290 1295//1291
f 1293//1289 1295//1291 1296//1292
f 1293//1289 1296//1292 1297//1293
f 1298//1294 1211//1205 1214//1208
f 1298//1294 1214//1208 1299//1295
f 1300//1296 1298//1294 1299//1295
f 1301//1297 1300//1296 1299//1295
f 1302//1298 1303//1299 1304//1300
f 1305//1301 1302//1298 1304//1300
f 1306//1302 1307//1303 1175//1169
f 1308//1304 1309//1305 1293//1289
f 1310//1306 1308//1304 1293//1289
f 1311//1307 1312//1308 1313//1309
f 1311//1307 1313//1309 1314//1310
f 1248//1242 1141//1135 1252//1246
f 1315//1311 1316//1312 1317//1313
f 1318//1314 1315//1311 1317//1313
f 1319//1315 1318//1314 1317//1313
f 1319//1315 1317//1313 1320//1316
f 1321//1317 1319//1315 1320//1316
f 1322//1318 1323//1319 1324//1320
f 1283//1279 1322//1318 1324//1320
f 1284//1280 1283//1279 1324//1320
f 1284//1280 1324//1320 1325//1321
f 1286//1282 1284//1280 1325//1321
f 1286//1282 1325//1321 1326//1322
f 1327//1323 1286//1282 1326//1322
f 1245//1239 1260//1254 1246//1240
f 1141//1135 1140//1134 1328//1324
f 1258//1252 1248//1242 1255//1249
f 1259//1253 1258//1252 1255//1249
f 1329//1325 1330//1326 1196//1190
f 1329//1325 1196//1190 1331//1327
f 1332//1328 1329//1325 1331//1327
f 1333//1329 1332//1328 1331//1327
f 1280//1276 1256//1250 1262//1256
f 1139//1133 1174//1168 1175//1169
f 1307//1303 1139//1133 1175//1169
f 1274//1269 1334//1330 1335//1331
f 1274//1269 1335//1331 1336//1332
f 1176//1170 1175//1169 1174//1168
f 1241//1235 1240//1234 1337//1333
f 1338//1334 1241//1235 1337//1333
f 1338//1334 1337//1333 1339//1335
f 1340//1336 1338//1334 1339//1335
f 1340//1336 1339//1335 1341//1337
f 1342//1338 1343//1339 1332//1328
f 1344//1340 1342//1338 1332//1328
f 1344//1340 1332//1328 1345//1341
f 1346//1342 1347//1343 1348//1344
f 1349//1345 1346//1342 1348//1344
f 1349//1345 1348//1344 1350//1346
f 1351//1347 1349//1345 1350//1346
f 1352//1348 1353//1349 1354//1350
f 1355//1351 1306//1302 1356//1352
f 1357//1353 1355//1351 1356//1352
f 1154//1148 1219//1213 1165//1159
f 1352//1348 1358//1354 1353//1349
f 1306//1302 1355//1351 1307//1303
f 1153//1147 1217//1211 1154//1148
f 1234//1228 1232//1226 1359//1355
f 1234//1228 1359//1355 1360//1356
f 1361//1357 1234//1228 1360//1356
f 1361//1357 1360//1356 1362//1358
f 1363//1359 1361//1357 1362//1358
f 1363//1359 1362//1358 1364//1360
f 1365//1361 1366//1362 1367//1363
f 1368//1364 1365//1361 1367//1363
f 1368//1364 1367//1363 1369//1365
f 1370//1366 1368//1364 1369//1365
f 1371//1367 1289//1285 1372//1368
f 1373//1369 1371//1367 1372//1368
f 1374//1370 1375//1371 1371//1367
f 1376//1372 1377//1373 1378//1374
f 1379//1375 1380//1376 1381//1377
f 1382//1378 1379//1375 1381//1377
f 1382//1378 1381//1377 1383//1379
f 1382//1378 1383//1379 1384//1380
f 1382//1378 1384//1380 1385//1381
f 1386//1382 1382//1378 1385//1381
f 1386//1382 1385//1381 1387//1383
f 1373//1369 1374//1370 1371//1367
f 1353//1349 1388//1384 1354//1350
f 1389//1385 1390//1386 1391//1387
f 1309//1305 1389//1385 1391//1387
f 1309//1305 1391//1387 1294//1290
f 1309//1305 1294//1290 1293//1289
f 1372//1368 1375//1388 1374//1370
f 1388//1384 1392//1389 1393//1390
f 1195//1189 1394//1391 1395//1392
f 1195//1189 1395//1392 1277//1272
f 1197//1191 1195//1189 1277//1272
f 1197//1191 1277//1272 1279//1275
f 1396//1393 1197//1191 1279//1275
f 1199//1193 1396//1393 1279//1275
f 1218//1212 1374//1370 1219//1213
f 1397//1394 1398//1395 1399//1396
f 1400//1397 1401//1398 1402//1399
f 1403//1400 1404//1401 1405//1402
f 1406//1403 1407//1404 1408//1405
f 1409//1406 1406//1403 1408//1405
f 1409//1406 1408//1405 1410//1407
f 1403//1400 1290//1286 1404//1401
f 1405//1402 1411//1408 1378//1374
f 1403//1400 1405//1402 1378//1374
f 1412//1409 1413//1410 1414//1411
f 1397//1394 1399//1396 1411//1408
f 1405//1402 1397//1394 1411//1408
f 1415//1412 1416//1413 1417//1414
f 1415//1412 1417//1414 1418//1415
f 1289//1285 1291//1287 1419//1416
f 1372//1368 1289//1285 1419//1416
f 1219//1213 1352//1348 1354//1350
f 1165//1159 1219//1213 1354//1350
f 1165//1159 1354//1350 1166//1160
f 1420//1417 1421//1418 1393//1390
f 1392//1389 1420//1417 1393//1390
f 1422//1419 1423//1420 1424//1421
f 1422//1419 1424//1421 1425//1422
f 1426//1423 1422//1419 1425//1422
f 1426//1423 1425//1422 1427//1424
f 1428//1425 1426//1423 1427//1424
f 1429//1426 1430//1427 1376//1372
f 1377//1373 1376//1372 1413//1410
f 1412//1409 1377//1373 1413//1410
f 1411//1408 1429//1426 1376//1372
f 1378//1374 1411//1408 1376//1372
f 1411//1408 1431//1428 1429//1426
f 1290//1286 1378//1374 1291//1287
f 1432//1429 1404//1401 1289//1285
f 1432//1429 1289//1285 1371//1367
f 1353//1349 1358//1354 1392//1389
f 1353//1349 1392//1389 1388//1384
f 1420//1417 1412//1409 1414//1411
f 1420//1417 1414//1411 1421//1418
f 1433//1430 1434//1431 1377//1432
f 1433//1430 1377//1432 1404//1401
f 1435//1433 1436//1434 1437//1435
f 1189//1183 1435//1433 1437//1435
f 1190//1184 1189//1183 1437//1435
f 1438//1436 1439//1437 1440//1438
f 1438//1436 1440//1438 1441//1439
f 1442//1440 1438//1436 1441//1439
f 1443//1441 1328//1324 1140//1134
f 1331//1327 1443//1441 1140//1134
f 1331//1327 1140//1134 1307//1303
f 1444//1442 1331//1327 1307//1303
f 1444//1442 1307//1303 1355//1351
f 1400//1397 1445//1443 1446//1444
f 1447//1445 1448//1446 1449//1447
f 1450//1448 1447//1445 1449//1447
f 1450//1448 1449//1447 1451//1447
f 1450//1448 1451//1447 1281//1277
f 1450//1448 1281//1277 1285//1281
f 1452//1449 1450//1448 1285//1281
f 1453//1450 1452//1449 1285//1281
f 1454//1451 1455//1452 1456//1453
f 1454//1451 1456//1453 1457//1454
f 1458//1455 1454//1451 1457//1454
f 1458//1455 1457//1454 1459//1456
f 1377//1373 1412//1409 1378//1374
f 1371//1367 1375//1371 1460//1457
f 1375//1388 1419//1416 1358//1354
f 1352//1348 1375//1388 1358//1354
f 1461//1458 1462//1459 1463//1460
f 1464//1461 1461//1458 1463//1460
f 1465//1462 1464//1461 1463//1460
f 1321//1317 1320//1316 1466//1463
f 1321//1317 1466//1463 1467//1464
f 1468//1465 1321//1317 1467//1464
f 1468//1465 1467//1464 1469//1466
f 1470//1465 1468//1465 1469//1466
f 1470//1465 1469//1466 1471//1467
f 1448//1446 1470//1465 1471//1467
f 1449//1447 1448//1446 1471//1467
f 1449//1447 1471//1467 1472//1468
f 1451//1447 1449//1447 1472//1468
f 1451//1447 1472//1468 1282//1278
f 1281//1277 1451//1447 1282//1278
f 1372//1368 1374//1370 1373//1369
f 1404//1401 1377//1432 1405//1402
f 1358//1354 1420//1417 1392//1389
f 1414//1411 1473//1469 1421//1418
f 1412//1409 1291//1287 1378//1374
f 1290//1286 1403//1400 1378//1374
f 1473//1469 1474//1470 1475//1471
f 1473//1469 1475//1471 1476//1472
f 1421//1418 1473//1469 1476//1472
f 1393//1390 1421//1418 1476//1472
f 1393//1390 1476//1472 1477//1473
f 1434//1431 1478//1474 1405//1402
f 1434//1431 1405//1402 1377//1432
f 1431//1428 1411//1408 1399//1396
f 1290//1286 1289//1285 1404//1401
f 1479//1475 1480//1476 1179//1173
f 1481//1477 1479//1475 1179//1173
f 1481//1477 1179//1173 1182//1176
f 1482//1478 1483//1479 1484//1480
f 1485//1481 1482//1478 1484//1480
f 1485//1481 1484//1480 1486//1482
f 1487//1483 1485//1481 1486//1482
f 1488//1484 1487//1483 1486//1482
f 1488//1484 1486//1482 1489//1485
f 1490//1486 1488//1484 1489//1485
f 1490//1486 1489//1485 1491//1487
f 1490//1486 1491//1487 1492//1488
f 1493//1489 1490//1486 1492//1488
f 1493//1489 1492//1488 1494//1488
f 1493//1489 1494//1488 1495//1488
f 1496//1490 1497//1491 1498//1492
f 1231//1225 1496//1490 1498//1492
f 1232//1226 1231//1225 1498//1492
f 1232//1226 1498//1492 1359//1355
f 1499//1493 1500//1494 1501//1495
f 1499//1493 1501//1495 1502//1496
f 1499//1493 1502//1496 1503//1497
f 1401//1398 1504//1498 1402//1399
f 1505//1499 1506//1500 1507//1501
f 1508//1502 1509//1503 1510//1504
f 1511//1505 1508//1502 1510//1504
f 1512//1506 1398//1395 1397//1394
f 1513//1506 1512//1506 1397//1394
f 1514//1507 1513//1506 1397//1394
f 1514//1507 1397//1394 1478//1474
f 1515//1508 1514//1507 1478//1474
f 1515//1508 1478//1474 1434//1431
f 1516//1509 1515//1508 1434//1431
f 1517//1510 1518//1511 1519//1512
f 1520//1513 1517//1510 1519//1512
f 1520//1513 1519//1512 1521//1514
f 1521//1514 1519//1512 1522//1515
f 1523//1516 1524//1517 1525//1518
f 1523//1516 1525//1518 1526//1519
f 1527//1520 1523//1516 1526//1519
f 1237//1231 1528//1521 1529//1522
f 1530//1523 1237//1231 1529//1522
f 1530//1523 1529//1522 1531//1524
f 1532//1525 1349//1345 1351//1347
f 1532//1525 1351//1347 1480//1476
f 1479//1475 1532//1525 1480//1476
f 1331//1327 1196//1190 1201//1195
f 1331//1327 1201//1195 1245//1239
f 1331//1327 1245//1239 1533//1526
f 1331//1327 1533//1526 1443//1441
f 1357//1353 1356//1352 1215//1209
f 1534//1527 1357//1353 1215//1209
f 1437//1435 1535//1528 1536//1529
f 1537//1530 1437//1435 1536//1529
f 1537//1530 1536//1529 1538//1531
f 1539//1532 1540//1533 1541//1534
f 1539//1532 1541//1534 1542//1535
f 1543//1536 1539//1532 1542//1535
f 1543//1536 1542//1535 1544//1537
f 1545//1538 1546//1539 1547//1540
f 1548//1541 1545//1538 1547//1540
f 1548//1541 1547//1540 1549//1542
f 1550//1543 1548//1541 1549//1542
f 1551//1544 1552//1545 1553//1546
f 1554//1547 1551//1544 1553//1546
f 1554//1547 1553//1546 1318//1314
f 1555//1548 1554//1547 1318//1314
f 1555//1548 1318//1314 1319//1315
f 1556//1549 1555//1548 1319//1315
f 1557//1550 1558//1551 1559//1552
f 1560//1553 1557//1550 1559//1552
f 1560//1553 1559//1552 1442//1440
f 1561//1554 1560//1553 1442//1440
f 1562//1555 1561//1554 1442//1440
f 1563//1556 1562//1555 1442//1440
f 1563//1556 1442//1440 1564//1557
f 1565//1558 1563//1556 1564//1557
f 1565//1558 1564//1557 1566//1559
f 1567//1560 1565//1558 1566//1559
f 1567//1560 1566//1559 1568//1561
f 1567//1560 1568//1561 1569//1562
f 1567//1560 1569//1562 1570//1563
f 1567//1560 1570//1563 1571//1564
f 1572//1565 1573//1566 1545//1538
f 1574//1567 1572//1565 1545//1538
f 1574//1567 1545//1538 1548//1541
f 1575//1568 1576//1569 1577//1570
f 1575//1568 1577//1570 1578//1571
f 1575//1568 1579//1572 1576//1569
f 1576//1569 1580//1573 1577//1570
f 1581//1574 1574//1567 1548//1541
f 1582//1575 1578//1571 1577//1570
f 1380//1376 1583//1576 1584//1577
f 1585//1578 1380//1376 1584//1577
f 1586//1579 1587//1580 1588//1581
f 1586//1579 1588//1581 1330//1326
f 1589//1582 1586//1579 1330//1326
f 1589//1582 1330//1326 1329//1325
f 1343//1339 1589//1582 1329//1325
f 1343//1339 1329//1325 1332//1328
f 1590//1583 1331//1327 1444//1442
f 1251//1245 1256//1250 1264//1259
f 1591//1584 1592//1585 1593//1586
f 1594//1587 1591//1584 1593//1586
f 1256//1250 1280//1276 1264//1259
f 1217//1211 1153//1147 1218//1212
f 1156//1150 1595//1588 1157//1151
f 1143//1137 1596//1589 1144//1138
f 1142//1136 1226//1220 1143//1137
f 1144//1138 1596//1589 1158//1152
f 1533//1526 1245//1239 1247//1241
f 1533//1526 1247//1241 1328//1324
f 1405//1402 1478//1474 1397//1394
f 1275//1270 1274//1269 1597//1590
f 1598//1591 1275//1270 1597//1590
f 1598//1591 1597//1590 1599//1592
f 1600//1593 1598//1591 1599//1592
f 1209//1203 1146//1140 1292//1288
f 1601//1594 1209//1203 1292//1288
f 1356//1352 1160//1154 1159//1153
f 1356//1352 1159//1153 1215//1209
f 1248//1242 1252//1246 1249//1243
f 1602//1595 1603//1596 1604//1597
f 1605//1595 1602//1595 1604//1597
f 1605//1595 1604//1597 1606//1598
f 1607//1599 1605//1595 1606//1598
f 1608//1600 1607//1599 1606//1598
f 1608//1600 1606//1598 1609//1601
f 1609//1601 1606//1598 1610//1602
f 1611//1603 1235//1229 1239//1233
f 1271//1604 1244//1238 1243//1237
f 1242//1236 1268//1263 1243//1237
f 1612//1605 1613//1606 1614//1607
f 1615//1608 1612//1605 1614//1607
f 1616//1609 1617//1610 1523//1516
f 1618//1611 1616//1609 1523//1516
f 1618//1611 1523//1516 1527//1520
f 1619//1612 1618//1611 1527//1520
f 1620//1613 1619//1612 1527//1520
f 1620//1613 1527//1520 1621//1614
f 1622//1615 1620//1613 1621//1614
f 1623//1616 1622//1615 1621//1614
f 1623//1616 1621//1614 1624//1614
f 1625//1617 1623//1616 1624//1614
f 1626//1618 1625//1617 1624//1614
f 1627//1619 1626//1618 1624//1614
f 1628//1620 1627//1619 1624//1614
f 1628//1620 1624//1614 1629//1621
f 1630//1622 1628//1620 1629//1621
f 1533//1526 1328//1324 1443//1441
f 1307//1303 1140//1134 1139//1133
f 1355//1351 1357//1353 1444//1442
f 1393//1390 1477//1473 1631//1623
f 1632//1624 1393//1390 1631//1623
f 1632//1624 1631//1623 1633//1623
f 1189//1183 1632//1624 1633//1623
f 1189//1183 1633//1623 1435//1433
f 1435//1433 1633//1623 1436//1434
f 1634//1625 1334//1330 1635//1626
f 1636//1627 1637//1628 1638//1629
f 1639//1630 1640//1631 1641//1632
f 1639//1630 1641//1632 1642//1632
f 1639//1630 1642//1632 1643//1632
f 1639//1630 1643//1632 1644//1632
f 1639//1630 1644//1632 1645//1633
f 1539//1532 1639//1630 1645//1633
f 1539//1532 1645//1633 1646//1634
f 1539//1532 1646//1634 1540//1533
f 1540//1533 1646//1634 1541//1534
f 1647//1635 1363//1359 1648//1636
f 1647//1635 1648//1636 1649//1637
f 1650//1638 1647//1635 1649//1637
f 1651//1639 1650//1638 1649//1637
f 1651//1639 1649//1637 1652//1640
f 1653//1641 1651//1639 1652//1640
f 1653//1641 1652//1640 1654//1642
f 1653//1641 1654//1642 1655//1643
f 1656//1644 1657//1645 1658//1646
f 1656//1644 1658//1646 1659//1647
f 1660//1648 1656//1644 1659//1647
f 1638//1629 1661//1649 1662//1650
f 1638//1629 1662//1650 1636//1627
f 1663//1651 1664//1652 1665//1653
f 1666//1654 1667//1655 1668//1656
f 1669//1657 1670//1658 1671//1659
f 1672//1660 1673//1661 1674//1662
f 1672//1660 1674//1662 1675//1663
f 1676//1664 1543//1536 1677//1665
f 1678//1666 1676//1664 1677//1665
f 1678//1666 1677//1665 1679//1667
f 1680//1668 1678//1666 1679//1667
f 1680//1668 1679//1667 1681//1669
f 1682//1670 1680//1668 1681//1669
f 1683//1671 1684//1672 1665//1653
f 1584//1577 1685//1673 1585//1578
f 1582//1575 1577//1570 1686//1674
f 1582//1575 1686//1674 1687//1675
f 1688//1676 1689//1677 1690//1678
f 1691//1679 1692//1680 1693//1681
f 1691//1679 1693//1681 1661//1649
f 1694//1682 1418//1415 1607//1599
f 1694//1682 1607//1599 1608//1600
f 1695//1683 1694//1682 1608//1600
f 1695//1683 1608//1600 1696//1684
f 1506//1500 1697//1685 1698//1686
f 1697//1685 1690//1687 1689//1677
f 1697//1685 1689//1677 1698//1686
f 1690//1678 1699//1688 1668//1656
f 1688//1676 1690//1678 1668//1656
f 1584//1577 1700//1689 1685//1673
f 1701//1690 1702//1691 1703//1692
f 1701//1690 1703//1692 1447//1445
f 1704//1693 1701//1690 1447//1445
f 1705//1694 1704//1693 1447//1445
f 1705//1694 1447//1445 1450//1448
f 1706//1694 1705//1694 1450//1448
f 1707//1694 1706//1694 1450//1448
f 1707//1694 1450//1448 1708//1695
f 1709//1696 1707//1694 1708//1695
f 1710//1697 1507//1501 1711//1698
f 1710//1697 1711//1698 1712//1699
f 1666//1654 1668//1656 1713//1700
f 1666//1654 1713//1700 1692//1680
f 1505//1499 1714//1701 1506//1500
f 1507//1501 1667//1655 1666//1654
f 1507//1501 1666//1654 1711//1698
f 1383//1379 1685//1702 1669//1657
f 1384//1380 1383//1379 1669//1657
f 1381//1377 1380//1376 1585//1578
f 1381//1377 1585//1578 1685//1673
f 1715//1703 1300//1296 1301//1297
f 1716//1704 1715//1703 1301//1297
f 1717//1705 1716//1704 1301//1297
f 1718//1706 1717//1705 1301//1297
f 1718//1706 1301//1297 1719//1707
f 1546//1539 1718//1706 1719//1707
f 1547//1540 1546//1539 1719//1707
f 1720//1708 1369//1365 1721//1709
f 1720//1708 1721//1709 1169//1163
f 1720//1708 1169//1163 1168//1162
f 1722//1710 1720//1708 1168//1162
f 1661//1649 1693//1681 1723//1711
f 1661//1649 1723//1711 1662//1650
f 1692//1680 1713//1700 1724//1712
f 1692//1680 1724//1712 1693//1681
f 1387//1383 1725//1713 1697//1685
f 1726//1714 1387//1383 1697//1685
f 1726//1714 1697//1685 1506//1500
f 1727//1715 1726//1714 1506//1500
f 1728//1716 1465//1462 1729//1717
f 1728//1716 1729//1717 1730//1717
f 1316//1312 1728//1716 1730//1717
f 1316//1312 1730//1717 1731//1718
f 1316//1312 1731//1718 1732//1719
f 1317//1313 1316//1312 1732//1719
f 1733//1720 1734//1721 1735//1722
f 1733//1720 1735//1722 1736//1723
f 1737//1724 1733//1720 1736//1723
f 1220//1214 1188//1182 1191//1185
f 1206//1200 1220//1214 1191//1185
f 1380//1376 1738//1725 1583//1576
f 1739//1726 1740//1727 1741//1728
f 1739//1726 1741//1728 1380//1729
f 1543//1536 1544//1537 1742//1730
f 1677//1665 1543//1536 1742//1730
f 1677//1665 1742//1730 1743//1731
f 1677//1665 1743//1731 1744//1732
f 1745//1733 1677//1665 1744//1732
f 1746//1734 1675//1663 1674//1662
f 1747//1735 1385//1381 1384//1380
f 1748//1736 1611//1603 1239//1233
f 1748//1736 1239//1233 1241//1235
f 1477//1473 1748//1736 1241//1235
f 1631//1623 1477//1473 1241//1235
f 1631//1623 1241//1235 1338//1334
f 1633//1623 1631//1623 1338//1334
f 1436//1434 1633//1623 1338//1334
f 1700//1737 1383//1379 1381//1377
f 1345//1341 1332//1328 1333//1329
f 1345//1341 1333//1329 1331//1327
f 1345//1341 1331//1327 1590//1583
f 1749//1738 1345//1341 1590//1583
f 1379//1375 1738//1739 1380//1376
f 1750//1740 1751//1741 1752//1742
f 1242//1236 1750//1740 1752//1742
f 1242//1236 1752//1742 1753//1743
f 1754//1744 1739//1726 1379//1375
f 1755//1745 1458//1455 1459//1456
f 1756//1746 1755//1745 1459//1456
f 1756//1746 1459//1456 1717//1705
f 1756//1746 1717//1705 1718//1706
f 1757//1747 1756//1746 1718//1706
f 1491//1487 1489//1485 1758//1748
f 1492//1488 1491//1487 1758//1748
f 1494//1488 1492//1488 1758//1748
f 1495//1488 1494//1488 1758//1748
f 1493//1489 1495//1488 1758//1748
f 1493//1489 1758//1748 1237//1231
f 1236//1230 1493//1489 1237//1231
f 1759//1749 1386//1382 1727//1715
f 1759//1749 1727//1715 1760//1750
f 1759//1749 1760//1750 1761//1751
f 1636//1627 1762//1752 1763//1753
f 1667//1655 1688//1676 1668//1656
f 1506//1500 1698//1686 1507//1501
f 1764//1754 1765//1755 1766//1756
f 1764//1754 1766//1756 1767//1757
f 1691//1679 1711//1698 1692//1680
f 1669//1657 1747//1735 1384//1380
f 1768//1758 1764//1754 1670//1658
f 1669//1657 1768//1758 1670//1658
f 1685//1702 1700//1689 1764//1754
f 1768//1758 1685//1702 1764//1754
f 1690//1687 1747//1735 1689//1759
f 1671//1659 1670//1658 1764//1754
f 1700//1737 1381//1377 1685//1673
f 1385//1381 1747//1735 1725//1713
f 1387//1383 1385//1381 1725//1713
f 1769//1760 1770//1761 1771//1762
f 1769//1760 1771//1762 1313//1309
f 1312//1308 1769//1760 1313//1309
f 1725//1713 1747//1735 1690//1687
f 1725//1713 1690//1687 1697//1685
f 1747//1735 1669//1657 1772//1763
f 1747//1735 1772//1763 1689//1759
f 1386//1382 1387//1383 1726//1714
f 1727//1715 1386//1382 1726//1714
f 1671//1659 1764//1754 1767//1757
f 1768//1758 1669//1657 1685//1702
f 1738//1739 1379//1375 1739//1726
f 1711//1698 1666//1654 1692//1680
f 1579//1572 1773//1764 1576//1569
f 1665//1653 1684//1672 1663//1651
f 1774//1765 1231//1225 1230//1224
f 1775//1766 1205//1199 1207//1201
f 1775//1766 1207//1201 1203//1197
f 1683//1671 1580//1573 1684//1672
f 1526//1519 1776//1767 1777//1768
f 1640//1631 1526//1519 1777//1768
f 1648//1636 1778//1769 1779//1770
f 1649//1637 1648//1636 1779//1770
f 1649//1637 1779//1770 1780//1770
f 1781//1771 1649//1637 1780//1770
f 1654//1642 1781//1771 1780//1770
f 1654//1642 1780//1770 1782//1772
f 1783//1773 1654//1642 1782//1772
f 1784//1774 1783//1773 1782//1772
f 1785//1775 1784//1774 1782//1772
f 1785//1775 1782//1772 1475//1471
f 1474//1470 1785//1775 1475//1471
f 1786//1776 1675//1663 1746//1734
f 1786//1776 1746//1734 1787//1777
f 1788//1778 1675//1663 1789//1779
f 1673//1661 1790//1780 1791//1781
f 1673//1661 1791//1781 1674//1662
f 1664//1652 1663//1651 1773//1764
f 1792//1782 1664//1652 1773//1764
f 1792//1782 1773//1764 1754//1744
f 1793//1783 1792//1782 1754//1744
f 1793//1783 1754//1744 1794//1784
f 1795//1785 1793//1783 1794//1784
f 1599//1592 1597//1590 1796//1786
f 1599//1592 1796//1786 1797//1787
f 1599//1592 1797//1787 1798//1788
f 1799//1789 1599//1592 1798//1788
f 1800//1790 1510//1504 1789//1779
f 1800//1790 1789//1779 1801//1791
f 1802//1792 1221//1215 1170//1164
f 1664//1652 1792//1782 1665//1653
f 1803//1793 1672//1660 1788//1778
f 1803//1793 1788//1778 1804//1794
f 1510//1504 1805//1795 1788//1778
f 1510//1504 1788//1778 1789//1779
f 1789//1779 1675//1663 1786//1776
f 1801//1791 1789//1779 1786//1776
f 1806//1796 1807//1797 1808//1798
f 1806//1796 1808//1798 1809//1799
f 1810//1800 1806//1796 1809//1799
f 1810//1800 1809//1799 1552//1545
f 1811//1801 1810//1800 1552//1545
f 1811//1801 1552//1545 1551//1544
f 1554//1547 1811//1801 1551//1544
f 1683//1671 1665//1653 1791//1781
f 1812//1802 1502//1496 1501//1495
f 1813//1803 1814//1804 1815//1805
f 1816//1806 1813//1803 1815//1805
f 1817//1807 1816//1806 1815//1805
f 1818//1808 1819//1809 1820//1810
f 1821//1811 1818//1808 1820//1810
f 1821//1811 1820//1810 1822//1812
f 1823//1813 1821//1811 1822//1812
f 1824//1814 1714//1701 1825//1815
f 1826//1816 1824//1814 1825//1815
f 1618//1611 1619//1612 1620//1613
f 1827//1817 1828//1818 1750//1740
f 1829//1819 1827//1817 1750//1740
f 1334//1330 1830//1820 1733//1720
f 1335//1331 1334//1330 1733//1720
f 1831//1821 1832//1822 1833//1823
f 1475//1471 1782//1772 1235//1229
f 1475//1471 1235//1229 1611//1603
f 1476//1472 1475//1471 1611//1603
f 1476//1472 1611//1603 1748//1736
f 1477//1473 1476//1472 1748//1736
f 1834//1824 1803//1793 1804//1794
f 1531//1524 1529//1522 1835//1825
f 1531//1524 1835//1825 1573//1566
f 1530//1523 1531//1524 1573//1566
f 1572//1565 1530//1523 1573//1566
f 1836//1826 1520//1513 1837//1827
f 1838//1828 1836//1826 1837//1827
f 1839//1829 1840//1830 1841//1831
f 1839//1829 1841//1831 1842//1832
f 1843//1833 1839//1829 1842//1832
f 1843//1833 1842//1832 1844//1834
f 1845//1835 1793//1783 1795//1785
f 1795//1785 1794//1784 1379//1375
f 1845//1835 1795//1785 1379//1375
f 1845//1835 1379//1375 1382//1378
f 1846//1836 1845//1835 1382//1378
f 1593//1586 1592//1585 1846//1836
f 1593//1586 1846//1836 1382//1378
f 1847//1837 1593//1586 1382//1378
f 1848//1838 1847//1837 1382//1378
f 1848//1838 1382//1378 1849//1839
f 1850//1840 1848//1838 1849//1839
f 1851//1841 1850//1840 1849//1839
f 1852//1842 1851//1841 1849//1839
f 1853//1843 1852//1842 1849//1839
f 1853//1843 1849//1839 1854//1844
f 1853//1843 1854//1844 1855//1844
f 1853//1843 1855//1844 1856//1845
f 1857//1846 1858//1847 1859//1848
f 1860//1849 1857//1846 1859//1848
f 1860//1849 1859//1848 1861//1850
f 1348//1344 1860//1849 1861//1850
f 1675//1663 1788//1778 1672//1660
f 1862//1851 1863//1852 1864//1853
f 1865//1854 1862//1851 1864//1853
f 1866//1855 1574//1567 1581//1574
f 1866//1855 1581//1574 1867//1856
f 1868//1857 1869//1858 1834//1824
f 1601//1594 1292//1288 1205//1199
f 1870//1859 1601//1594 1205//1199
f 1870//1859 1205//1199 1775//1766
f 1826//1816 1825//1815 1857//1846
f 1871//1860 1826//1816 1857//1846
f 1871//1860 1857//1846 1347//1343
f 1346//1342 1871//1860 1347//1343
f 1746//1734 1792//1782 1787//1777
f 1872//1861 1851//1841 1852//1842
f 1873//1862 1874//1863 1875//1863
f 1873//1862 1875//1863 1876//1864
f 1873//1862 1876//1864 1877//1865
f 1455//1452 1873//1862 1877//1865
f 1455//1452 1877//1865 1456//1453
f 1878//1866 1800//1790 1801//1791
f 1268//1263 1395//1392 1394//1391
f 1171//1165 1170//1164 1221//1215
f 1171//1165 1221//1215 1223//1217
f 1171//1165 1223//1217 1879//1867
f 1170//1164 1880//1868 1881//1869
f 1170//1164 1881//1869 1802//1792
f 1416//1413 1882//1870 1368//1364
f 1416//1413 1368//1364 1883//1871
f 1417//1414 1416//1413 1883//1871
f 1884//1872 1828//1818 1751//1741
f 1885//1873 1673//1661 1672//1660
f 1885//1873 1672//1660 1803//1793
f 1886//1874 1885//1873 1803//1793
f 1887//1875 1171//1165 1879//1867
f 1888//1876 1222//1216 1889//1877
f 1888//1876 1889//1877 1890//1878
f 1888//1876 1890//1878 1848//1838
f 1888//1876 1848//1838 1850//1840
f 1851//1841 1888//1876 1850//1840
f 1842//1832 1891//1879 1844//1834
f 1802//1792 1881//1869 1221//1215
f 1892//1880 1592//1585 1786//1776
f 1892//1880 1787//1777 1592//1585
f 1268//1263 1394//1391 1893//1881
f 1894//1882 1895//1883 1832//1884
f 1827//1817 1829//1819 1896//1885
f 1511//1505 1510//1504 1800//1790
f 1367//1363 1511//1505 1800//1790
f 1141//1135 1172//1166 1174//1168
f 1139//1133 1141//1135 1174//1168
f 1868//1857 1834//1824 1897//1886
f 1509//1503 1898//1887 1805//1795
f 1510//1504 1509//1503 1805//1795
f 1851//1841 1872//1861 1899//1888
f 1900//1889 1888//1876 1899//1888
f 1832//1822 1901//1890 1833//1891
f 1902//1892 1903//1893 1904//1894
f 1905//1892 1902//1892 1904//1894
f 1905//1892 1904//1894 1906//1895
f 1907//1896 1905//1892 1906//1895
f 1907//1896 1906//1895 1908//1897
f 1907//1896 1908//1897 1909//1898
f 1910//1899 1907//1896 1909//1898
f 1910//1899 1909//1898 1911//1897
f 1910//1899 1911//1897 1912//1900
f 1881//1869 1591//1584 1221//1215
f 1244//1238 1271//1604 1893//1881
f 1583//1576 1578//1571 1582//1575
f 1583//1576 1582//1575 1765//1755
f 1584//1577 1583//1576 1765//1755
f 1584//1577 1765//1755 1764//1754
f 1583//1576 1738//1725 1578//1571
f 1383//1379 1700//1737 1685//1702
f 1689//1759 1772//1763 1690//1678
f 1764//1754 1700//1689 1584//1577
f 1754//1744 1379//1375 1794//1784
f 1419//1416 1291//1287 1412//1409
f 1419//1416 1412//1409 1420//1417
f 1358//1354 1419//1416 1420//1417
f 1853//1843 1913//1901 1852//1842
f 1914//1902 1915//1903 1916//1904
f 1914//1902 1916//1904 1917//1905
f 1918//1906 1914//1902 1917//1905
f 1918//1906 1917//1905 1919//1907
f 1918//1906 1919//1907 1920//1908
f 1921//1909 1918//1906 1920//1908
f 1921//1909 1920//1908 1922//1910
f 1923//1911 1921//1909 1922//1910
f 1923//1911 1922//1910 1398//1395
f 1923//1911 1398//1395 1512//1506
f 1514//1507 1923//1911 1513//1506
f 1513//1506 1923//1911 1512//1506
f 1623//1616 1625//1617 1626//1618
f 1669//1657 1671//1659 1924//1912
f 1772//1763 1669//1657 1924//1912
f 1772//1763 1924//1912 1699//1688
f 1690//1678 1772//1763 1699//1688
f 1578//1571 1740//1727 1575//1568
f 1741//1728 1578//1571 1738//1725
f 1380//1729 1741//1728 1738//1725
f 1740//1727 1579//1572 1575//1568
f 1663//1651 1684//1672 1576//1569
f 1663//1651 1576//1569 1773//1764
f 1925//1913 1678//1666 1680//1668
f 1926//1914 1925//1913 1680//1668
f 1926//1914 1680//1668 1682//1670
f 1927//1915 1926//1914 1682//1670
f 1927//1915 1682//1670 1390//1386
f 1389//1385 1927//1915 1390//1386
f 1578//1571 1741//1728 1740//1727
f 1746//1734 1791//1781 1665//1653
f 1746//1734 1665//1653 1792//1782
f 1805//1795 1898//1887 1928//1916
f 1805//1795 1928//1916 1929//1917
f 1788//1778 1805//1795 1929//1917
f 1788//1778 1929//1917 1863//1852
f 1804//1794 1788//1778 1863//1852
f 1804//1794 1863//1852 1862//1851
f 1804//1794 1862//1851 1865//1854
f 1930//1918 1839//1829 1843//1833
f 1931//1919 1930//1918 1843//1833
f 1931//1919 1843//1833 1932//1920
f 1933//1921 1931//1919 1932//1920
f 1724//1712 1933//1921 1932//1920
f 1724//1712 1932//1920 1934//1922
f 1623//1616 1626//1618 1627//1619
f 1881//1869 1880//1868 1801//1791
f 1892//1880 1786//1776 1787//1777
f 1935//1923 1691//1679 1661//1649
f 1896//1885 1833//1823 1828//1818
f 1896//1885 1828//1818 1827//1817
f 1502//1496 1565//1558 1936//1924
f 1502//1496 1936//1924 1937//1925
f 1502//1496 1937//1925 1938//1926
f 1394//1391 1750//1740 1829//1927
f 1893//1881 1829//1927 1242//1236
f 1893//1881 1242//1236 1244//1238
f 1828//1818 1884//1872 1750//1740
f 1884//1928 1831//1821 1896//1885
f 1750//1740 1884//1872 1751//1741
f 1299//1295 1214//1208 1939//1929
f 1299//1295 1939//1929 1587//1580
f 1299//1295 1587//1580 1586//1579
f 1901//1890 1940//1930 1822//1812
f 1941//1931 1942//1932 1894//1882
f 1941//1931 1894//1882 1832//1884
f 1828//1818 1832//1884 1895//1883
f 1833//1823 1896//1885 1831//1821
f 1884//1928 1896//1885 1829//1819
f 1750//1933 1884//1928 1829//1819
f 1242//1236 1753//1743 1268//1263
f 1901//1890 1942//1932 1941//1931
f 1901//1890 1941//1931 1833//1891
f 1195//1189 1943//1934 1394//1391
f 1194//1188 1193//1187 1943//1934
f 1194//1188 1943//1934 1195//1189
f 1944//1935 1637//1628 1763//1753
f 1944//1935 1763//1753 1945//1936
f 1763//1753 1762//1752 1946//1937
f 1763//1753 1946//1937 1947//1938
f 1948//1939 1763//1753 1947//1938
f 1861//1850 1859//1848 1637//1628
f 1861//1850 1637//1628 1819//1809
f 1949//1940 1950//1941 1951//1942
f 1573//1566 1949//1940 1951//1942
f 1545//1538 1573//1566 1951//1942
f 1545//1538 1951//1942 1952//1943
f 1348//1344 1861//1850 1819//1809
f 1818//1808 1348//1344 1819//1809
f 1180//1174 1823//1813 1822//1812
f 1179//1173 1821//1811 1823//1813
f 1179//1173 1823//1813 1180//1174
f 1547//1540 1719//1707 1342//1338
f 1549//1542 1547//1540 1342//1338
f 1549//1542 1342//1338 1344//1340
f 1953//1944 1549//1542 1344//1340
f 1822//1812 1945//1936 1942//1932
f 1822//1812 1942//1932 1901//1890
f 1350//1346 1348//1344 1818//1808
f 1350//1346 1818//1808 1821//1811
f 1820//1810 1819//1809 1945//1936
f 1820//1810 1945//1936 1822//1812
f 1819//1809 1637//1628 1944//1935
f 1819//1809 1944//1935 1945//1936
f 1863//1852 1929//1917 1616//1609
f 1864//1853 1863//1852 1616//1609
f 1865//1854 1864//1853 1616//1609
f 1954//1945 1865//1854 1616//1609
f 1954//1945 1616//1609 1618//1611
f 1955//1946 1954//1945 1618//1611
f 1955//1946 1618//1611 1620//1613
f 1956//1947 1955//1946 1620//1613
f 1207//1201 1191//1185 1957//1948
f 1203//1197 1207//1201 1957//1948
f 1203//1197 1957//1948 1204//1198
f 1550//1543 1549//1542 1953//1944
f 1958//1949 1550//1543 1953//1944
f 1958//1949 1953//1944 1959//1950
f 1761//1751 1760//1750 1714//1701
f 1761//1751 1714//1701 1824//1814
f 1960//1951 1761//1751 1824//1814
f 1960//1951 1824//1814 1826//1816
f 1960//1951 1826//1816 1961//1952
f 1962//1953 1945//1936 1763//1753
f 1413//1410 1653//1641 1784//1774
f 1413//1410 1784//1774 1785//1775
f 1414//1411 1413//1410 1785//1775
f 1414//1411 1785//1775 1963//1954
f 1414//1411 1963//1954 1473//1469
f 1629//1621 1639//1630 1539//1532
f 1964//1955 1629//1621 1539//1532
f 1965//1956 1964//1955 1539//1532
f 1965//1956 1539//1532 1543//1536
f 1966//1957 1965//1956 1543//1536
f 1967//1958 1966//1957 1543//1536
f 1967//1958 1543//1536 1676//1664
f 1708//1695 1450//1448 1452//1449
f 1709//1696 1708//1695 1452//1449
f 1709//1696 1452//1449 1453//1450
f 1968//1959 1709//1696 1453//1450
f 1968//1959 1453//1450 1969//1960
f 1310//1306 1293//1289 1297//1293
f 1310//1306 1297//1293 1970//1961
f 1825//1815 1971//1962 1712//1699
f 1893//1881 1394//1391 1829//1927
f 1833//1891 1941//1931 1832//1884
f 1972//1963 1973//1964 1974//1965
f 1484//1480 1972//1963 1974//1965
f 1486//1482 1484//1480 1974//1965
f 1486//1482 1974//1965 1975//1966
f 1489//1485 1486//1482 1975//1966
f 1758//1748 1489//1485 1975//1966
f 1940//1930 1901//1890 1832//1822
f 1940//1930 1832//1822 1831//1821
f 1181//1175 1940//1930 1831//1821
f 1976//1967 1181//1175 1831//1821
f 1767//1757 1924//1912 1671//1659
f 1374//1370 1375//1388 1352//1348
f 1219//1213 1374//1370 1352//1348
f 1645//1633 1977//1968 1978//1969
f 1645//1633 1978//1969 1979//1970
f 1980//1971 1645//1633 1979//1970
f 1884//1928 1981//1972 1831//1821
f 1981//1972 1884//1928 1750//1740
f 1394//1391 1981//1972 1750//1740
f 1427//1424 1425//1422 1982//1973
f 1427//1424 1982//1973 1464//1461
f 1427//1424 1464//1461 1465//1462
f 1983//1974 1427//1424 1465//1462
f 1984//1975 1983//1974 1465//1462
f 1984//1975 1465//1462 1728//1716
f 1183//1177 1181//1175 1976//1967
f 1183//1177 1976//1967 1192//1186
f 1753//1743 1985//1976 1269//1264
f 1268//1263 1753//1743 1269//1264
f 1527//1520 1526//1519 1640//1631
f 1621//1614 1527//1520 1640//1631
f 1624//1614 1621//1614 1640//1631
f 1624//1614 1640//1631 1639//1630
f 1629//1621 1624//1614 1639//1630
f 1136//1130 1149//1143 1187//1181
f 1136//1130 1187//1181 1225//1219
f 1986//1977 1987//1978 1906//1895
f 1946//1937 1967//1958 1676//1664
f 1946//1937 1676//1664 1678//1666
f 1947//1938 1946//1937 1678//1666
f 1947//1938 1678//1666 1925//1913
f 1947//1938 1925//1913 1926//1914
f 1988//1979 1432//1429 1371//1367
f 1460//1457 1988//1979 1371//1367
f 1989//1980 1990//1981 1759//1749
f 1297//1293 1296//1292 1991//1982
f 1297//1293 1991//1982 1992//1983
f 1993//1984 1297//1293 1992//1983
f 1994//1985 1799//1789 1798//1788
f 1994//1985 1798//1788 1995//1986
f 1996//1987 1994//1985 1995//1986
f 1996//1987 1995//1986 1997//1988
f 1957//1948 1537//1530 1302//1298
f 1204//1198 1957//1948 1302//1298
f 1204//1198 1302//1298 1305//1301
f 1273//1268 1408//1405 1635//1626
f 1950//1941 1756//1746 1757//1747
f 1951//1942 1950//1941 1757//1747
f 1668//1656 1699//1688 1931//1919
f 1668//1656 1931//1919 1713//1700
f 1787//1777 1792//1782 1793//1783
f 1592//1585 1787//1777 1793//1783
f 1592//1585 1793//1783 1845//1835
f 1846//1836 1592//1585 1845//1835
f 1998//1989 1999//1990 1461//1458
f 1425//1422 1998//1989 1461//1458
f 1425//1422 1461//1458 1464//1461
f 1982//1973 1425//1422 1464//1461
f 2000//1991 1989//1980 2001//1992
f 1192//1186 1831//1821 1981//1972
f 1192//1186 1981//1972 1394//1391
f 1193//1187 1192//1186 1394//1391
f 1193//1187 1394//1391 1943//1934
f 1504//1498 2002//1993 2003//1994
f 1436//1434 1338//1334 1340//1336
f 1437//1435 1436//1434 1340//1336
f 1437//1435 1340//1336 1535//1528
f 2004//1995 2005//1996 2006//1997
f 2004//1995 2006//1997 2007//1998
f 2004//1995 2007//1998 2008//1998
f 1148//1142 2004//1995 2008//1998
f 1148//1142 2008//1998 1186//1180
f 1148//1142 1186//1180 1185//1179
f 1148//1142 1185//1179 1149//1143
f 1939//1929 1481//1477 1182//1176
f 1587//1580 1939//1929 1182//1176
f 1587//1580 1182//1176 1588//1581
f 1834//1824 1804//1794 1865//1854
f 1834//1824 1865//1854 1954//1945
f 1834//1824 1954//1945 1897//1886
f 2009//1999 2010//2000 1634//1625
f 1635//1626 2009//1999 1634//1625
f 2011//2001 2012//2002 1921//1909
f 2011//2001 1921//1909 1923//1911
f 2013//2003 2011//2001 1923//1911
f 2007//1998 2006//1997 2014//2004
f 2007//1998 2014//2004 1595//1588
f 2008//1998 2007//1998 1595//1588
f 1186//1180 2008//1998 1595//1588
f 2015//2005 1212//1206 2016//2006
f 1763//1753 1637//1628 1636//1627
f 1347//1343 1857//1846 1860//1849
f 1347//1343 1860//1849 1348//1344
f 1906//1895 2017//2007 2018//2008
f 1986//1977 1906//1895 2018//2008
f 1987//1978 1986//1977 1774//1765
f 2019//2009 1987//1978 1774//1765
f 2020//2010 1774//1765 1986//1977
f 2021//2011 2018//2008 2017//2007
f 1408//1405 1407//1404 2022//2012
f 2023//2013 2024//2014 2025//2015
f 2026//2016 1904//1894 1903//1893
f 1472//1468 1471//1467 1322//1318
f 1282//1278 1472//1468 1322//1318
f 1282//1278 1322//1318 1283//1279
f 1166//1160 1354//1350 1632//1624
f 1166//1160 1632//1624 1189//1183
f 1167//1161 1166//1160 1189//1183
f 1167//1161 1189//1183 1188//1182
f 1220//1214 1167//1161 1188//1182
f 2027//2017 2028//2018 1409//1406
f 2013//2003 1923//1911 1514//1507
f 1402//1399 2013//2003 1514//1507
f 1402//1399 1514//1507 1515//1508
f 1402//1399 1515//1508 1445//1443
f 1400//1397 1402//1399 1445//1443
f 2022//2012 2029//2019 2009//1999
f 2030//2020 1997//1988 1704//1693
f 2030//2020 1704//1693 1705//1694
f 2030//2020 1705//1694 1706//1694
f 2031//2020 2030//2020 1706//1694
f 2031//2020 1706//1694 1707//1694
f 2032//2021 2031//2020 1707//1694
f 2032//2021 1707//1694 1709//1696
f 1968//1959 2032//2021 1709//1696
f 1613//1606 2033//2022 1598//1591
f 1613//1606 1598//1591 1614//1607
f 2034//2023 2035//2024 2036//2025
f 2034//2023 2036//2025 2037//2026
f 2034//2023 2037//2026 2038//2027
f 2034//2023 2038//2027 2039//2028
f 2040//2029 2034//2023 2039//2028
f 2041//2030 2040//2029 2039//2028
f 2041//2030 2039//2028 2042//2031
f 1604//1597 1879//1867 1223//1217
f 1604//1597 1223//1217 1222//1216
f 1606//1598 1604//1597 1222//1216
f 1606//1598 1222//1216 1888//1876
f 2043//2032 1606//1598 1888//1876
f 2043//2032 1888//1876 1900//1889
f 2043//2032 1900//1889 1899//1888
f 2043//2032 1899//1888 1872//1861
f 1913//1901 2043//2032 1872//1861
f 1913//1901 1872//1861 1852//1842
f 2039//2028 2044//2033 2011//2001
f 2039//2028 2011//2001 2013//2003
f 2003//1994 2039//2028 2013//2003
f 2003//1994 2013//2003 1402//1399
f 2003//1994 1402//1399 1504//1498
f 2045//2034 2046//2035 2009//1999
f 2045//2034 2009//1999 2029//2019
f 1814//1804 2046//2035 2045//2034
f 1815//1805 1814//1804 2045//2034
f 2047//2036 2048//2037 1813//1803
f 2047//2036 1813//1803 2049//2038
f 2050//2039 1272//1267 1275//1270
f 2051//2040 2050//2039 1275//1270
f 2051//2040 1275//1270 1598//1591
f 2033//2022 2051//2040 1598//1591
f 2052//2041 2053//2042 2054//2043
f 2055//2044 2056//2045 2029//2019
f 2022//2012 2009//1999 1635//1626
f 1408//1405 2022//2012 1635//1626
f 1854//1844 1849//1839 1990//1981
f 1855//1844 1854//1844 1990//1981
f 1856//1845 1855//1844 1990//1981
f 1853//1843 1856//1845 1990//1981
f 2000//1991 1853//1843 1990//1981
f 2000//1991 1990//1981 1989//1980
f 2057//2046 2026//2047 2058//2048
f 1658//1646 2059//2049 2060//2050
f 1659//1647 1658//1646 2060//2050
f 2061//2051 2060//2050 2059//2049
f 1903//1893 2062//2052 2063//2053
f 2026//2016 1903//1893 2063//2053
f 1904//1894 2026//2016 2064//2054
f 2017//2007 1904//1894 2064//2054
f 2017//2055 2065//2056 2066//2057
f 2067//2058 2017//2055 2066//2057
f 1588//1581 1182//1176 1184//1178
f 1588//1581 1184//1178 1196//1190
f 1330//1326 1588//1581 1196//1190
f 2062//2052 2068//2059 2069//2060
f 2057//2046 2062//2052 2069//2060
f 2070//2061 2071//2062 2072//2063
f 2073//2064 2070//2061 2072//2063
f 2074//2065 2021//2011 2017//2055
f 2074//2065 2017//2055 2067//2058
f 2021//2066 2075//2067 2065//2056
f 2021//2066 2065//2056 2017//2055
f 2064//2054 2058//2048 2075//2067
f 2021//2066 2064//2054 2075//2067
f 2076//2068 1612//1605 1615//1608
f 2071//2062 2076//2068 1615//1608
f 2063//2053 2058//2048 2026//2016
f 2058//2048 2026//2047 2065//2056
f 2075//2067 2058//2048 2065//2056
f 2026//2047 2057//2046 2077//2069
f 2065//2056 2026//2047 2077//2069
f 1953//1944 1344//1340 1345//1341
f 1959//1950 1953//1944 1345//1341
f 1959//1950 1345//1341 1749//1738
f 1304//1300 1959//1950 1749//1738
f 1304//1300 1749//1738 2078//2070
f 2079//2071 2080//2072 2000//1991
f 2079//2071 2000//1991 2001//1992
f 1873//1862 2079//2071 2001//1992
f 1873//1862 2001//1992 1874//1863
f 1874//1863 2001//1992 1875//1863
f 1875//1863 2001//1992 1876//1864
f 2081//2073 1830//1820 1634//1625
f 1904//1894 2017//2007 1906//1895
f 1251//1245 1264//1259 2082//2074
f 1251//1245 2082//2074 1257//1251
f 1251//1245 1257//1251 1258//1252
f 1938//1926 1937//1925 2083//2075
f 2084//2076 1938//1926 2083//2075
f 2084//2076 2083//2075 2085//2077
f 2085//2077 2083//2075 2086//2078
f 2027//2017 2087//2079 2088//2080
f 2073//2064 2072//2063 1483//1479
f 1274//1269 1336//1332 2089//2081
f 1597//1590 1274//1269 2089//2081
f 1597//1590 2089//2081 2090//2082
f 1597//1590 2090//2082 1796//1786
f 2091//2083 2092//2084 2093//2085
f 2094//2086 2088//2080 2087//2079
f 1410//1407 2095//2087 2096//2088
f 2054//2089 2053//2042 2097//2090
f 2098//2091 2054//2089 2097//2090
f 2053//2042 2052//2041 2099//2092
f 2097//2090 2053//2042 2099//2092
f 2094//2086 2087//2079 2052//2041
f 2054//2043 2094//2086 2052//2041
f 2027//2017 1409//1406 1410//1407
f 2027//2017 1410//1407 2096//2088
f 2053//2093 2088//2080 2094//2086
f 2053//2093 2094//2086 2054//2043
f 2087//2079 2027//2017 2096//2088
f 2055//2044 2028//2018 2100//2094
f 1427//1424 1983//1974 1428//1425
f 1273//1268 1410//1407 1408//1405
f 1190//1184 1437//1435 1537//1530
f 1191//1185 1190//1184 1537//1530
f 1957//1948 1191//1185 1537//1530
f 2046//2035 2010//2000 2009//1999
f 2101//2095 2095//2087 1272//1267
f 2050//2039 2101//2095 1272//1267
f 2102//2096 2103//2097 2104//2098
f 2102//2096 2104//2098 2105//2099
f 2106//2100 1987//1978 2107//2101
f 2108//2100 2106//2100 2107//2101
f 2108//2100 2107//2101 2109//2102
f 2110//2100 2108//2100 2109//2102
f 2111//2103 2110//2100 2109//2102
f 2111//2103 2109//2102 1915//1903
f 2112//2104 2111//2103 1915//1903
f 2113//2105 2112//2104 1915//1903
f 2113//2105 1915//1903 1914//1902
f 2113//2105 1914//1902 1918//1906
f 2012//2002 2113//2105 1918//1906
f 2012//2002 1918//1906 1921//1909
f 1614//1607 1598//1591 1600//1593
f 1614//1607 1600//1593 2114//2106
f 1973//1964 1614//1607 2114//2106
f 1973//1964 2114//2106 2115//2107
f 1974//1965 1973//1964 2115//2107
f 2059//2049 2053//2093 2054//2089
f 2059//2049 2054//2089 2061//2051
f 2063//2053 2062//2052 2057//2046
f 2058//2048 2063//2053 2057//2046
f 2116//2108 2117//2109 1613//1606
f 1612//1605 2116//2108 1613//1606
f 1459//1456 1457//1454 1298//1294
f 1459//1456 1298//1294 1300//1296
f 1717//1705 1459//1456 1715//1703
f 1715//1703 1459//1456 1300//1296
f 1717//1705 1715//1703 1716//1704
f 1615//1608 1614//1607 1973//1964
f 2118//2110 1615//1608 1973//1964
f 2072//2063 2118//2110 1973//1964
f 1483//1479 2072//2063 1973//1964
f 1483//1479 1973//1964 1972//1963
f 1483//1479 1972//1963 1484//1480
f 2058//2048 2064//2054 2026//2016
f 2064//2054 2021//2066 2017//2007
f 2060//2050 2068//2059 2062//2052
f 2052//2041 2050//2039 2051//2040
f 2099//2092 2052//2041 2051//2040
f 2071//2062 1615//1608 2118//2110
f 1660//1648 1659//1647 2062//2052
f 1903//1893 1660//1648 2062//2052
f 1657//1645 2059//2049 1658//1646
f 1816//1806 2049//2038 1813//1803
f 2010//2111 2119//2112 1814//1804
f 1814//1804 2119//2112 2046//2035
f 2093//2085 2120//2113 2121//2114
f 2093//2085 2121//2114 2091//2083
f 2093//2085 2122//2115 2123//2116
f 1996//1987 1997//1988 2030//2020
f 2124//2117 1996//1987 2030//2020
f 2124//2117 2030//2020 2031//2020
f 2124//2117 2031//2020 2032//2021
f 1693//1681 1724//1712 1934//1922
f 1693//1681 1934//1922 2125//2118
f 1723//1711 1693//1681 2125//2118
f 1723//1711 2125//2118 1966//1957
f 1662//1650 1723//1711 1966//1957
f 1662//1650 1966//1957 1967//1958
f 1636//1627 1662//1650 1967//1958
f 1636//1627 1967//1958 1946//1937
f 1762//1752 1636//1627 1946//1937
f 2126//2119 2124//2117 2032//2021
f 2126//2119 2032//2021 1968//1959
f 1528//1521 2126//2119 1968//1959
f 1528//1521 1968//1959 1835//1825
f 1529//1522 1528//1521 1835//1825
f 2010//2111 2127//2120 2048//2037
f 2081//2073 2010//2111 2048//2037
f 2048//2037 2127//2120 1813//1803
f 2119//2121 2081//2073 1634//1625
f 2046//2035 2119//2112 2010//2000
f 2128//2122 2129//2123 2130//2124
f 2128//2122 2130//2124 2120//2113
f 2047//2036 2049//2038 2129//2123
f 2131//2125 2047//2036 2129//2123
f 2131//2125 2129//2123 2128//2122
f 2131//2125 2128//2122 2103//2097
f 1735//1722 2131//2125 2103//2097
f 1735//1722 2103//2097 2132//2126
f 2132//2126 2103//2097 2102//2096
f 2133//2127 2121//2114 2120//2113
f 2129//2123 2049//2038 1816//1806
f 2133//2127 2129//2123 1816//1806
f 2123//2116 2122//2115 2134//2128
f 2135//2129 2123//2116 2134//2128
f 2128//2122 2120//2113 2123//2116
f 2103//2097 2128//2122 2123//2116
f 2081//2073 2119//2121 2010//2111
f 1679//1667 1677//1665 1745//1733
f 1679//1667 1745//1733 1744//1732
f 1679//1667 1744//1732 2034//2023
f 1679//1667 2034//2023 2040//2029
f 1681//1669 1679//1667 2040//2029
f 2136//2130 1681//1669 2040//2029
f 2136//2130 2040//2029 2137//2131
f 2138//2132 2136//2130 2137//2131
f 2138//2132 2137//2131 2139//2133
f 1306//1302 1175//1169 1160//1154
f 1306//1302 1160//1154 1356//1352
f 2140//2134 2141//2135 2142//2136
f 2143//2137 2140//2134 2142//2136
f 2143//2137 2142//2136 2144//2138
f 2144//2138 2142//2136 2145//2139
f 2081//2073 2048//2037 2047//2036
f 2081//2073 2047//2036 2131//2125
f 1734//1721 2081//2073 2131//2125
f 1734//1721 2131//2125 1735//1722
f 2133//2127 1816//1806 2146//2140
f 1634//1625 1830//1820 1334//1330
f 2147//2141 1440//1438 1439//1437
f 1942//1932 1945//1936 1962//1953
f 1942//1932 1962//1953 1894//1882
f 2098//2091 2097//2090 2117//2109
f 2068//2059 2098//2091 2117//2109
f 2092//2084 2091//2083 2148//2142
f 2149//2143 2092//2084 2148//2142
f 1742//1730 2150//2144 2151//2145
f 1742//1730 2151//2145 2152//2146
f 1743//1731 1742//1730 2152//2146
f 1743//1731 2152//2146 2035//2024
f 1744//1732 1743//1731 2035//2024
f 1744//1732 2035//2024 2034//2023
f 1713//1700 1931//1919 1933//1921
f 1713//1700 1933//1921 1724//1712
f 2069//2060 2068//2059 2116//2108
f 2069//2060 2116//2108 1612//1605
f 2057//2046 2069//2060 1612//1605
f 2057//2046 1612//1605 2076//2068
f 2077//2069 2057//2046 2076//2068
f 2077//2069 2076//2068 2071//2062
f 2153//2147 2025//2015 2154//2148
f 2155//2149 2153//2147 2154//2148
f 1525//1518 1571//1564 1776//1767
f 1526//1519 1525//1518 1776//1767
f 1335//1331 1733//1720 1336//1332
f 1830//1820 2081//2073 1734//1721
f 1733//1720 1830//1820 1734//1721
f 1686//1674 1885//1873 1886//1874
f 1840//1830 1686//1674 1886//1874
f 1840//1830 1886//1874 1841//1831
f 2156//2150 2102//2096 2105//2099
f 2157//2151 2156//2150 2105//2099
f 2156//2150 1735//1722 2102//2096
f 2158//2152 2157//2151 2159//2153
f 2160//2154 2158//2152 2159//2153
f 2160//2154 2159//2153 1426//1423
f 2160//2154 1426//1423 1428//1425
f 1807//1797 2160//2154 1428//1425
f 1807//1797 1428//1425 1808//1798
f 1213//1207 1532//1525 1479//1475
f 1214//1208 1213//1207 1479//1475
f 1214//1208 1479//1475 1481//1477
f 1214//1208 1481//1477 1939//1929
f 2161//2155 2162//2156 2163//2157
f 2161//2155 2163//2157 2164//2158
f 2165//2159 2161//2155 2164//2158
f 2166//2160 2165//2159 2164//2158
f 2166//2160 2164//2158 2167//2158
f 2151//2145 2166//2160 2167//2158
f 2151//2145 2167//2158 2168//2161
f 2152//2146 2151//2145 2168//2161
f 2152//2146 2168//2161 2038//2027
f 2035//2024 2152//2146 2036//2025
f 2036//2025 2152//2146 2037//2026
f 2037//2026 2152//2146 2038//2027
f 1391//1387 2136//2130 2138//2132
f 1391//1387 2138//2132 2139//2133
f 1294//1290 1391//1387 2139//2133
f 1294//1290 2139//2133 1295//1291
f 1835//1825 1968//1959 1969//1960
f 1835//1825 1969//1960 2169//2162
f 1801//1791 1786//1776 1592//1585
f 1881//1869 1801//1791 1592//1585
f 1881//1869 1592//1585 1591//1584
f 2170//2163 2171//2164 2172//2165
f 2173//2163 2170//2163 2172//2165
f 2174//2163 2173//2163 2172//2165
f 2175//2163 2174//2163 2172//2165
f 2175//2163 2172//2165 2176//2165
f 2177//2166 2175//2163 2176//2165
f 2178//2167 2177//2166 2176//2165
f 2178//2167 2176//2165 2179//2165
f 2180//2168 2178//2167 2179//2165
f 2180//2168 2179//2165 1907//1896
f 2162//2156 2180//2168 1907//1896
f 2162//2156 1907//1896 2163//2157
f 1790//1780 1673//1661 1885//1873
f 1686//1674 1790//1780 1885//1873
f 2155//2149 1431//2169 1399//1396
f 1559//1552 1438//1436 1442//1440
f 2018//2008 2021//2011 2074//2065
f 2020//2170 2018//2008 2074//2065
f 1431//2169 2155//2149 2154//2148
f 2074//2065 2067//2058 1986//2171
f 2020//2170 2074//2065 1986//2171
f 1577//1570 1580//1573 1790//1780
f 1577//1570 1790//1780 1686//1674
f 1916//1904 1233//1227 2181//2172
f 1917//1905 1916//1904 2181//2172
f 1934//1922 1932//1920 2182//2173
f 1934//1922 2182//2173 1965//1956
f 2125//2118 1934//1922 1965//1956
f 2125//2118 1965//1956 1966//1957
f 1731//1718 1769//1760 1312//1308
f 1732//1719 1731//1718 1312//1308
f 1732//1719 1312//1308 1311//1307
f 2183//2174 1732//1719 1311//1307
f 2060//2050 2062//2052 1659//1647
f 1273//1268 1635//1626 1334//1330
f 1273//1268 1334//1330 1274//1269
f 2059//2049 1657//1645 2184//2175
f 2088//2080 2053//2093 2059//2049
f 1825//1815 1712//1699 1858//1847
f 1857//1846 1825//1815 1858//1847
f 2169//2162 1969//1960 2185//2176
f 2169//2162 2185//2176 2186//2177
f 2169//2162 2186//2177 1950//1941
f 2187//2178 2169//2162 1950//1941
f 1949//1940 2187//2178 1950//1941
f 2071//2062 2118//2110 2072//2063
f 2088//2080 2188//2179 2027//2017
f 1273//1268 2095//2087 1410//1407
f 2189//2180 2188//2179 2088//2080
f 2184//2175 2189//2180 2088//2080
f 2028//2018 2055//2044 2022//2012
f 2100//2094 2028//2018 2027//2017
f 2188//2179 2100//2094 2027//2017
f 2056//2045 2055//2044 2100//2094
f 2190//2181 2056//2045 2100//2094
f 2059//2049 2184//2175 2088//2080
f 2095//2087 1273//1268 1272//1267
f 2022//2012 2055//2044 2029//2019
f 1407//1404 1406//1403 2028//2018
f 2117//2109 2116//2108 2068//2059
f 2093//2085 2123//2116 2120//2113
f 1399//1396 1398//1395 1922//1910
f 2121//2114 2133//2127 2146//2140
f 2121//2114 2146//2140 1816//1806
f 2121//2114 1816//1806 1817//1807
f 2091//2083 2121//2114 1817//1807
f 2130//2124 2133//2127 2120//2113
f 2148//2142 2091//2083 1817//1807
f 2149//2143 2148//2142 1817//1807
f 2191//2182 2149//2143 1817//1807
f 2191//2182 1817//1807 2192//2183
f 2193//2184 2191//2182 2192//2183
f 2194//2184 2193//2184 2192//2183
f 2194//2184 2192//2183 2171//2164
f 2195//2184 2194//2184 2171//2164
f 2195//2184 2171//2164 2170//2163
f 2195//2184 2170//2163 2173//2163
f 2177//2166 2195//2184 2175//2163
f 2175//2163 2195//2184 2173//2163
f 2175//2163 2173//2163 2174//2163
f 2119//2121 1634//1625 2010//2000
f 2156//2150 1736//1723 1735//1722
f 2133//2127 2130//2124 2129//2123
f 1922//1910 1920//1908 2153//2147
f 1736//1723 2156//2150 2157//2151
f 2158//2152 1736//1723 2157//2151
f 1814//1804 2127//2120 2010//2111
f 2196//2185 2051//2040 2033//2022
f 2153//2147 2024//2186 2025//2015
f 1650//1638 1651//1639 1653//1641
f 1922//1910 2153//2147 2155//2149
f 1399//1396 1922//1910 2155//2149
f 2154//2148 1650//1638 1653//1641
f 1399//2187 2154//2148 1653//1641
f 2024//2186 1919//1907 1917//1905
f 1303//1299 1958//1949 1959//1950
f 1303//1299 1959//1950 1304//1300
f 2024//2014 2023//2013 1647//1635
f 2024//2014 1647//1635 1650//1638
f 2197//2188 2181//2172 2023//2013
f 2197//2188 2023//2013 2025//2015
f 1886//1874 1803//1793 1834//1824
f 1841//1831 1886//1874 1834//1824
f 1897//1886 1954//1945 1955//1946
f 1841//1831 1834//1824 1869//1858
f 1868//1857 1897//1886 1955//1946
f 1869//1858 1868//1857 1955//1946
f 1841//1831 1869//1858 1955//1946
f 1841//1831 1955//1946 1956//1947
f 1841//1831 1956//1947 1620//1613
f 1841//1831 1620//1613 1622//1615
f 1842//1832 1841//1831 1622//1615
f 1842//1832 1622//1615 1623//1616
f 1842//1832 1623//1616 1627//1619
f 1891//1879 1842//1832 1627//1619
f 1891//1879 1627//1619 1628//1620
f 1844//1834 1891//1879 1628//1620
f 1843//1833 1844//1834 1628//1620
f 1843//1833 1628//1620 1630//1622
f 1932//1920 1843//1833 1630//1622
f 1932//1920 1630//1622 2198//2189
f 1932//1920 2198//2189 2182//2173
f 1430//1427 1399//2187 1653//1641
f 1917//1905 2181//2172 2197//2188
f 2024//2186 1917//1905 2197//2188
f 1431//2169 2154//2148 1399//2187
f 2025//2015 1650//1638 2154//2148
f 1134//1128 1136//1130 1225//1219
f 1134//1128 1225//1219 1226//1220
f 1178//1172 1134//1128 1226//1220
f 1178//1172 1226//1220 1142//1136
f 1150//1144 1178//1172 1142//1136
f 1249//1243 1259//1253 1173//1167
f 1172//1166 1249//1243 1173//1167
f 1920//1908 1919//1907 2024//2186
f 1920//1908 2024//2186 2153//2147
f 1173//1167 1255//1249 1137//1131
f 1173//1167 1137//1131 1138//1132
f 1655//1643 1654//1642 1783//1773
f 1784//1774 1655//1643 1783//1773
f 1430//1427 1653//1641 1413//1410
f 1376//1372 1430//1427 1413//1410
f 1980//1971 1979//1970 2180//2168
f 1980//1971 2180//2168 2162//2156
f 2165//2159 1980//1971 2162//2156
f 2165//2159 2162//2156 2161//2155
f 1580//1573 1683//1671 1791//1781
f 1790//1780 1580//1573 1791//1781
f 2199//2190 1359//1355 2200//2191
f 2199//2190 2200//2191 2201//2192
f 1362//1358 2199//2190 2201//2192
f 1362//1358 2201//2192 1778//1769
f 1998//1989 1838//1828 1999//1990
f 2115//2107 2114//2106 1994//1985
f 2115//2107 1994//1985 1996//1987
f 1974//1965 2115//2107 1996//1987
f 1975//1966 1974//1965 1996//1987
f 1975//1966 1996//1987 2124//2117
f 2126//2119 1975//1966 2124//2117
f 1364//1360 1648//1636 1363//1359
f 1915//1903 2109//2102 1233//1227
f 1915//1903 1233//1227 1916//1904
f 1364//1360 1362//1358 1778//1769
f 1648//1636 1364//1360 1778//1769
f 2202//2193 1910//1899 1912//1900
f 2202//2193 1912//1900 2112//2104
f 2202//2193 2112//2104 2113//2105
f 2203//2194 2202//2193 2113//2105
f 1186//1180 1595//1588 1156//1150
f 1187//1181 1186//1180 1156//1150
f 1187//1181 1156//1150 1224//1218
f 2204//2195 2205//2196 2200//2191
f 1359//1355 2204//2195 2200//2191
f 2023//2013 1363//1359 1647//1635
f 1233//1227 1234//1228 1361//1357
f 1363//1359 1233//1227 1361//1357
f 1877//1865 2016//2006 1212//1206
f 1456//1453 1877//1865 1212//1206
f 1456//1453 1212//1206 1211//1205
f 1457//1454 1456//1453 1211//1205
f 1457//1454 1211//1205 1298//1294
f 1360//1356 1359//1355 2199//2190
f 1362//1358 1360//1356 2199//2190
f 2203//2194 2113//2105 2012//2002
f 2044//2033 2203//2194 2012//2002
f 2044//2033 2012//2002 2011//2001
f 1758//1748 1975//1966 2126//2119
f 1237//1231 1758//1748 2126//2119
f 1237//1231 2126//2119 1528//1521
f 2181//2172 1233//1227 1363//1359
f 2023//2013 2181//2172 1363//1359
f 2107//2101 2019//2009 1230//1224
f 2109//2102 2107//2101 1230//1224
f 1221//1215 1591//1584 1594//1587
f 1222//1216 1221//1215 1594//1587
f 1222//1216 1594//1587 1593//1586
f 1222//1216 1593//1586 1847//1837
f 1889//1877 1222//1216 1847//1837
f 1889//1877 1847//1837 1848//1838
f 1890//1878 1889//1877 1848//1838
f 2197//2188 2025//2015 2024//2186
f 2024//2014 1650//1638 2025//2015
f 1655//1643 1784//1774 1653//1641
f 2206//2197 1163//1157 1164//1158
f 1143//1137 2206//2197 1164//1158
f 1596//1589 1143//1137 1164//1158
f 1596//1589 1164//1158 1209//1203
f 1158//1152 1596//1589 1209//1203
f 1158//1152 1209//1203 1208//1202
f 1158//1152 1208//1202 1228//1222
f 1228//1222 1208//1202 1210//1204
f 1505//1499 1507//1501 1710//1697
f 1714//1701 1505//1499 1710//1697
f 1714//1701 1710//1697 1712//1699
f 1971//1962 1714//1701 1712//1699
f 1429//1426 1431//1428 1399//2187
f 1429//1426 1399//2187 1430//1427
f 1652//1640 1649//1637 1781//1771
f 1654//1642 1652//1640 1781//1771
f 2205//2196 1487//1483 1488//1484
f 2200//2191 2205//2196 1488//1484
f 2200//2191 1488//1484 1490//1486
f 2201//2192 2200//2191 1490//1486
f 2086//2078 2207//2198 1365//1361
f 2208//2199 2086//2078 1365//1361
f 2208//2199 1365//1361 1368//1364
f 1882//1870 2208//2199 1368//1364
f 2065//2056 2077//2069 2071//2062
f 2065//2056 2071//2062 2070//2061
f 2066//2057 2065//2056 2070//2061
f 2067//2058 2066//2057 2070//2061
f 2067//2058 2070//2061 2073//2064
f 2209//2200 2067//2058 2073//2064
f 2209//2200 2073//2064 2210//2201
f 1497//1491 2209//2200 2210//2201
f 1497//1491 2210//2201 2211//2202
f 1498//1492 1497//1491 2211//2202
f 1498//1492 2211//2202 2212//2203
f 1498//1492 2212//2203 2205//2196
f 1359//1355 1498//1492 2204//2195
f 2204//2195 1498//1492 2205//2196
f 1439//1437 2213//2204 2142//2136
f 1985//1976 1308//1304 1310//1306
f 1269//1264 1985//1976 1310//1306
f 1265//1260 1269//1264 1310//1306
f 1265//1260 1310//1306 1266//1261
f 1210//1204 1209//1203 1601//1594
f 1229//1223 1210//1204 1601//1594
f 1229//1223 1601//1594 1870//1859
f 1216//1210 1229//1223 1870//1859
f 1760//1750 1727//1715 1506//1500
f 1760//1750 1506//1500 1714//1701
f 1556//1549 1319//1315 1321//1317
f 1703//1692 1556//1549 1321//1317
f 1703//1692 1321//1317 1468//1465
f 1703//1692 1468//1465 1470//1465
f 1447//1445 1703//1692 1470//1465
f 1447//1445 1470//1465 1448//1446
f 1266//1261 1310//1306 1970//1961
f 1267//1262 1266//1261 1970//1961
f 1267//1262 1970//1961 2214//2205
f 1264//1259 1267//1262 2214//2205
f 1264//1259 2214//2205 1253//1247
f 2082//2074 1264//1259 1253//1247
f 1257//1251 2082//2074 1253//1247
f 2014//2004 1460//1457 1375//1371
f 2014//2004 1375//1371 1374//1370
f 2014//2004 1374//1370 1218//1212
f 1595//1588 2014//2004 1218//1212
f 1595//1588 1218//1212 1153//1147
f 1157//1151 1595//1588 1153//1147
f 1924//1912 1767//1757 1930//1918
f 1924//1912 1930//1918 1931//1919
f 1699//1688 1924//1912 1931//1919
f 2073//2064 1483//1479 1482//1478
f 2183//2174 1311//1307 1314//1310
f 1466//1463 2183//2174 1314//1310
f 1466//1463 1314//1310 1469//1466
f 1467//1464 1466//1463 1469//1466
f 1951//1942 1757//1747 1718//1706
f 1951//1942 1718//1706 1546//1539
f 1508//1502 1366//1362 2215//2206
f 1164//1158 1147//1141 1146//1140
f 1209//1203 1164//1158 1146//1140
f 2216//2207 1558//1551 2217//2208
f 1516//1509 1434//1431 1433//1430
f 1516//1509 1433//1430 1404//1401
f 1516//1509 1404//1401 1432//1429
f 2218//2209 1516//1509 1432//1429
f 2218//2209 1432//1429 1988//1979
f 2005//1996 2218//2209 1988//1979
f 2005//1996 1988//1979 1460//1457
f 2005//1996 1460//1457 2014//2004
f 2006//1997 2005//1996 2014//2004
f 1367//1363 1800//1790 1878//1866
f 1367//1363 1878//1866 1801//1791
f 1169//1163 1367//1363 1801//1791
f 1169//1163 1801//1791 1880//1868
f 1169//1163 1880//1868 1170//1164
f 1462//1459 1499//1493 1503//1497
f 1462//1459 1503//1497 2219//2210
f 1463//1460 1462//1459 2219//2210
f 1463//1460 2219//2210 1770//1761
f 2212//2203 2211//2202 1487//1483
f 2205//2196 2212//2203 1487//1483
f 1324//1320 2079//2071 1873//1862
f 1325//1321 1324//1320 1873//1862
f 1325//1321 1873//1862 1455//1452
f 1326//1322 1325//1321 1455//1452
f 2220//2211 1326//1322 1455//1452
f 2220//2211 1455//1452 1454//1451
f 1233//1227 2109//2102 1230//1224
f 2221//2212 2222//2213 2223//2214
f 2224//2215 2221//2212 2223//2214
f 2225//2216 2224//2215 2223//2214
f 2225//2216 2223//2214 1617//1610
f 1812//1802 1562//1555 1563//1556
f 1812//1802 1563//1556 1565//1558
f 2226//2217 1501//1495 1500//1494
f 2217//2208 1558//1551 1557//1550
f 2217//2208 1557//1550 1560//1553
f 1501//1495 2226//2217 1562//1555
f 1501//1495 1562//1555 1812//1802
f 1500//1494 2217//2208 1560//1553
f 1500//1494 1560//1553 2226//2217
f 2226//2217 1560//1553 1561//1554
f 2226//2217 1561//1554 1562//1555
f 2227//2218 1442//1440 2228//2219
f 1566//1559 2227//2218 2228//2219
f 2229//2220 1566//1559 2228//2219
f 1569//1562 2229//2220 2228//2219
f 1571//1564 1569//1562 2228//2219
f 1571//1564 2228//2219 2230//2219
f 1776//1767 1571//1564 2230//2219
f 1776//1767 2230//2219 2231//2219
f 1777//1768 1776//1767 2231//2219
f 1777//1768 2231//2219 2232//2219
f 1640//1631 1777//1768 2232//2219
f 1640//1631 2232//2219 2233//2219
f 1641//1632 1640//1631 2233//2219
f 1641//1632 2233//2219 1977//1968
f 1642//1632 1641//1632 1977//1968
f 1643//1632 1642//1632 1977//1968
f 1644//1632 1643//1632 1977//1968
f 1644//1632 1977//1968 1645//1633
f 1351//1347 1350//1346 1821//1811
f 1480//1476 1351//1347 1821//1811
f 1480//1476 1821//1811 1179//1173
f 1765//1755 1582//1575 1687//1675
f 1765//1755 1687//1675 1766//1756
f 1952//1943 1951//1942 1546//1539
f 1545//1538 1952//1943 1546//1539
f 2078//2070 1749//1738 1590//1583
f 2078//2070 1590//1583 1534//1527
f 1304//1300 2078//2070 1534//1527
f 1305//1301 1304//1300 1534//1527
f 2001//1992 1989//1980 2015//2005
f 1876//1864 2001//1992 2015//2005
f 1877//1865 1876//1864 2015//2005
f 1877//1865 2015//2005 2016//2006
f 1814//1804 1813//1803 2127//2120
f 2234//2221 2160//2154 1807//1797
f 2235//2222 2234//2221 1807//1797
f 1806//1796 2235//2222 1807//1797
f 1534//1527 1590//1583 1444//1442
f 1534//1527 1444//1442 1357//1353
f 1771//1762 1415//1412 1418//1415
f 1313//1309 1771//1762 1418//1415
f 1313//1309 1418//1415 1694//1682
f 2123//2116 2135//2129 2103//2097
f 1502//1496 2236//2223 1503//1497
f 1568//1561 1566//1559 2229//2220
f 1569//1562 1568//1561 2229//2220
f 2061//2051 2054//2089 2098//2091
f 2060//2050 2061//2051 2098//2091
f 2060//2050 2098//2091 2068//2059
f 1571//1564 1570//1563 1569//1562
f 1301//1297 1299//1295 1586//1579
f 1719//1707 1301//1297 1586//1579
f 1719//1707 1586//1579 1589//1582
f 1719//1707 1589//1582 1343//1339
f 1342//1338 1719//1707 1343//1339
f 1469//1466 1314//1310 2237//2224
f 1469//1466 2237//2224 2238//2225
f 1471//1467 1469//1466 2238//2225
f 1471//1467 2238//2225 2239//2225
f 1471//1467 2239//2225 1323//1319
f 1322//1318 1471//1467 1323//1319
f 1849//1839 1382//1378 1386//1382
f 1849//1839 1386//1382 1759//1749
f 1990//1981 1849//1839 1759//1749
f 2087//2079 2096//2088 2095//2087
f 2087//2079 2095//2087 2101//2095
f 2052//2041 2087//2079 2101//2095
f 2052//2041 2101//2095 2050//2039
f 2224//2215 2225//2216 1929//1917
f 1509//1503 1508//1502 2224//2215
f 1440//1438 2147//2141 2240//2226
f 1441//1439 1440//1438 2240//2226
f 1441//1439 2240//2226 2241//2227
f 2045//2034 2029//2019 2056//2045
f 1815//1805 2045//2034 2056//2045
f 1815//1805 2056//2045 2190//2181
f 1817//1807 1815//1805 2190//2181
f 1817//1807 2190//2181 2189//2180
f 2192//2183 1817//1807 2189//2180
f 2192//2183 2189//2180 2184//2175
f 2192//2183 2184//2175 1657//1645
f 2171//2164 2192//2183 1657//1645
f 2171//2164 1657//1645 1656//1644
f 2171//2164 1656//1644 1660//1648
f 2172//2165 2171//2164 1660//1648
f 2172//2165 1660//1648 1903//1893
f 2176//2165 2172//2165 1903//1893
f 2176//2165 1903//1893 1902//1892
f 2179//2165 2176//2165 1902//1892
f 2179//2165 1902//1892 1905//1892
f 1907//1896 2179//2165 1905//1892
f 2211//2202 1482//1478 1485//1481
f 1487//1483 2211//2202 1485//1481
f 1525//1518 1567//1560 1571//1564
f 1564//1557 1442//1440 2227//2218
f 1566//1559 1564//1557 2227//2218
f 2236//2223 1502//1496 1938//1926
f 2236//2223 1938//1926 2084//2076
f 1698//1686 1689//1677 1688//1676
f 1698//1686 1688//1676 1667//1655
f 1507//1501 1698//1686 1667//1655
f 1928//1916 1509//1503 2224//2215
f 1928//1916 2224//2215 1929//1917
f 1937//1925 1936//1924 2242//2228
f 1937//1925 2242//2228 2222//2213
f 2243//2229 2224//2215 1508//1502
f 2215//2206 2243//2229 1508//1502
f 2083//2075 1937//1925 2222//2213
f 2083//2075 2222//2213 2243//2229
f 2243//2229 2222//2213 2221//2212
f 2243//2229 2221//2212 2224//2215
f 2168//2161 2202//2193 2203//2194
f 2038//2027 2168//2161 2203//2194
f 2038//2027 2203//2194 2044//2033
f 2039//2028 2038//2027 2044//2033
f 2086//2078 2208//2199 2244//2230
f 1581//1574 1548//1541 1550//1543
f 1867//1856 1581//1574 1550//1543
f 1867//1856 1550//1543 1958//1949
f 2245//2231 1867//1856 1958//1949
f 1303//1299 2245//2231 1958//1949
f 2243//2229 2215//2206 2207//2198
f 1370//1366 1883//1871 1368//1364
f 1991//1982 2003//1994 2002//1993
f 1991//1982 2002//1993 1504//1498
f 1991//1982 1504//1498 1401//1398
f 1991//1982 1401//1398 2246//2232
f 1991//1982 2246//2232 2218//2209
f 1992//1983 1991//1982 2218//2209
f 1992//1983 2218//2209 2005//1996
f 2004//1995 1992//1983 2005//1996
f 1617//1610 2223//2214 1524//1517
f 1617//1610 1524//1517 1523//1516
f 1797//1787 1810//1800 1811//1801
f 1797//1787 1811//1801 1554//1547
f 1798//1788 1797//1787 1554//1547
f 1798//1788 1554//1547 1555//1548
f 1798//1788 1555//1548 1556//1549
f 1995//1986 1798//1788 1556//1549
f 1995//1986 1556//1549 2247//2233
f 2247//2233 1556//1549 2248//2233
f 2248//2233 1556//1549 1703//1692
f 1702//1691 2248//2233 1703//1692
f 1883//1871 1370//1366 1720//1708
f 1417//1414 1883//1871 1720//1708
f 1418//1415 1417//1414 1720//1708
f 1418//1415 1720//1708 1603//1596
f 1418//1415 1603//1596 1602//1595
f 1607//1599 1418//1415 1602//1595
f 1607//1599 1602//1595 1605//1595
f 1238//1232 1237//1231 1530//1523
f 1240//1234 1238//1232 1530//1523
f 1240//1234 1530//1523 1572//1565
f 1337//1333 1240//1234 1572//1565
f 1929//1917 2225//2216 1617//1610
f 1616//1609 1929//1917 1617//1610
f 1246//1240 1250//1244 1252//1246
f 1247//1241 1246//1240 1252//1246
f 1247//1241 1252//1246 1141//1135
f 1328//1324 1247//1241 1141//1135
f 1610//1602 1606//1598 2043//2032
f 2163//2157 1907//1896 1910//1899
f 2164//2158 2163//2157 1910//1899
f 2164//2158 1910//1899 2202//2193
f 2167//2158 2164//2158 2202//2193
f 2168//2161 2167//2158 2202//2193
f 1696//1684 1608//1600 1609//1601
f 1696//1684 1609//1601 1610//1602
f 1696//1684 1610//1602 2043//2032
f 1696//1684 2043//2032 1913//1901
f 2080//2072 1696//1684 1913//1901
f 2080//2072 1913//1901 1853//1843
f 2080//2072 1853//1843 2000//1991
f 2249//2234 2157//2151 2105//2099
f 1508//1502 1511//1505 1366//1362
f 1503//1497 2236//2223 2250//2235
f 2219//2210 1503//1497 2250//2235
f 2219//2210 2250//2235 2251//2236
f 2219//2210 2251//2236 2252//2237
f 1882//1870 2251//2236 2208//2199
f 2084//2076 2244//2230 2250//2235
f 2250//2235 2244//2230 2208//2199
f 2251//2236 2250//2235 2208//2199
f 1770//1761 2219//2210 2252//2237
f 1770//1761 2252//2237 1416//1413
f 1770//1761 1416//1413 1415//1412
f 1771//1762 1770//1761 1415//1412
f 1453//1450 1285//1281 1287//1283
f 1969//1960 1453//1450 1287//1283
f 1969//1960 1287//1283 2253//2238
f 1969//1960 2253//2238 2186//2177
f 2185//2176 1969//1960 2186//2177
f 2147//2141 2141//2135 2134//2128
f 2254//2239 2143//2137 2255//2240
f 1423//1420 2254//2239 2255//2240
f 2244//2230 2084//2076 2085//2077
f 2244//2230 2085//2077 2086//2078
f 2252//2237 2251//2236 1882//1870
f 2252//2237 1882//1870 1416//1413
f 2186//2177 2220//2211 1755//1745
f 1950//1941 2186//2177 1755//1745
f 1950//1941 1755//1745 1756//1746
f 1603//1596 1720//1708 1722//1710
f 1603//1596 1722//1710 1604//1597
f 2207//2198 2215//2206 1366//1362
f 1365//1361 2207//2198 1366//1362
f 1908//1897 1906//1895 1987//1978
f 1909//1898 1908//1897 1987//1978
f 1911//1897 1909//1898 1987//1978
f 1911//1897 1987//1978 2106//2100
f 1912//1900 1911//1897 2106//2100
f 1912//1900 2106//2100 2108//2100
f 1912//1900 2108//2100 2110//2100
f 2112//2104 1912//1900 2110//2100
f 2112//2104 2110//2100 2111//2103
f 2147//2141 2256//2241 2141//2135
f 2135//2129 2134//2128 2141//2135
f 2135//2129 2141//2135 2140//2134
f 1518//1511 2216//2207 2217//2208
f 1519//1512 1518//1511 2217//2208
f 2147//2141 2134//2128 2257//2242
f 2191//2182 2147//2141 2257//2242
f 1445//1443 1515//1508 1516//1509
f 1446//1444 1445//1443 1516//1509
f 1400//1397 1446//1444 1516//1509
f 1401//1398 1400//1397 1516//1509
f 1401//1398 1516//1509 2218//2209
f 2246//2232 1401//1398 2218//2209
f 2145//2139 2142//2136 2213//2204
f 2145//2139 2213//2204 1836//1826
f 2122//2115 2093//2085 2134//2128
f 1317//1313 1732//1719 2183//2174
f 1320//1316 1317//1313 2183//2174
f 1320//1316 2183//2174 1466//1463
f 2213//2204 1438//1436 1518//1511
f 2213//2204 1518//1511 1517//1510
f 2241//2227 2240//2226 2191//2182
f 2258//2243 2241//2227 2191//2182
f 2104//2098 2135//2129 2143//2137
f 2254//2239 2104//2098 2143//2137
f 2137//2131 2040//2029 2041//2030
f 2042//2031 2039//2028 2003//1994
f 2137//2131 2041//2030 2042//2031
f 2137//2131 2042//2031 2003//1994
f 2139//2133 2137//2131 2003//1994
f 1295//1291 2139//2133 2003//1994
f 1295//1291 2003//1994 1991//1982
f 1296//1292 1295//1291 1991//1982
f 2255//2240 2145//2139 2259//2244
f 1424//1421 2255//2240 2259//2244
f 1424//1421 2259//2244 1998//1989
f 1425//1422 1424//1421 1998//1989
f 2140//2134 2143//2137 2135//2129
f 1423//1420 2255//2240 1424//1421
f 2257//2242 2093//2085 2092//2084
f 2191//2182 2257//2242 2092//2084
f 2191//2182 2092//2084 2149//2143
f 1180//1174 1822//1812 1940//1930
f 1181//1175 1180//1174 1940//1930
f 2214//2205 1970//1961 1253//1247
f 2255//2240 2143//2137 2145//2139
f 2105//2099 2104//2098 2254//2239
f 2249//2234 2105//2099 2254//2239
f 1155//1149 1154//1148 1165//1159
f 1145//1139 1155//1149 1165//1159
f 1687//1675 1686//1674 1840//1830
f 1766//1756 1687//1675 1840//1830
f 1766//1756 1840//1830 1839//1829
f 1767//1757 1766//1756 1839//1829
f 1767//1757 1839//1829 1930//1918
f 1600//1593 1599//1592 1799//1789
f 2114//2106 1600//1593 1799//1789
f 2114//2106 1799//1789 1994//1985
f 1837//1827 1520//1513 1521//1514
f 1837//1827 1521//1514 1522//1515
f 1522//1515 2260//2245 2261//2246
f 1838//1828 1837//1827 2261//2246
f 1999//1990 1838//1828 2261//2246
f 2261//2246 2260//2245 1499//1493
f 2261//2246 1499//1493 1462//1459
f 2259//2244 1836//1826 1838//1828
f 1998//1989 2259//2244 1838//1828
f 1336//1332 1733//1720 1737//1724
f 1336//1332 1737//1724 1736//1723
f 1336//1332 1736//1723 2158//2152
f 2089//2081 1336//1332 2158//2152
f 2089//2081 2158//2152 2160//2154
f 2234//2221 2089//2081 2160//2154
f 1522//1515 2261//2246 1837//1827
f 1341//1337 1339//1335 1866//1855
f 1340//1336 1341//1337 1866//1855
f 1535//1528 1340//1336 1866//1855
f 1535//1528 1866//1855 1538//1531
f 1536//1529 1535//1528 1538//1531
f 2190//2181 2100//2094 2188//2179
f 2189//2180 2190//2181 2188//2179
f 2217//2208 1500//1494 1519//1512
f 1367//1363 1366//1362 1511//1505
f 1558//1551 1518//1511 1438//1436
f 1559//1552 1558//1551 1438//1436
f 1522//1515 1519//1512 1500//1494
f 1522//1515 1500//1494 2260//2245
f 1465//1462 1463//1460 1770//1761
f 1729//1717 1465//1462 1770//1761
f 1729//1717 1770//1761 1769//1760
f 1730//1717 1729//1717 1769//1760
f 1731//1718 1730//1717 1769//1760
f 1720//1708 1370//1366 1369//1365
f 1525//1518 1524//1517 2262//2247
f 2191//2182 2240//2226 2147//2141
f 1995//1986 2247//2233 2248//2233
f 1997//1988 1995//1986 2248//2233
f 1997//1988 2248//2233 1702//1691
f 1997//1988 1702//1691 1701//1690
f 1997//1988 1701//1690 1704//1693
f 2093//2085 2257//2242 2134//2128
f 1534//1527 1215//1209 1202//1196
f 1534//1527 1202//1196 1204//1198
f 1305//1301 1534//1527 1204//1198
f 1928//1916 1898//1887 1509//1503
f 1778//1769 2201//2192 1490//1486
f 1778//1769 1490//1486 1493//1489
f 1779//1770 1778//1769 1493//1489
f 1780//1770 1779//1770 1493//1489
f 1780//1770 1493//1489 1236//1230
f 1782//1772 1780//1770 1236//1230
f 1782//1772 1236//1230 1235//1229
f 2263//2248 1936//1924 1565//1558
f 2086//2078 2083//2075 2243//2229
f 2086//2078 2243//2229 2207//2198
f 1962//1953 1763//1753 1948//1939
f 1894//1882 1962//1953 1948//1939
f 1894//1882 1948//1939 2264//2249
f 1895//1883 1894//1882 2264//2249
f 1828//1818 1895//1883 2264//2249
f 1828//1818 2264//2249 1308//1304
f 1751//1741 1828//1818 1308//1304
f 1752//1742 1751//1741 1308//1304
f 1752//1742 1308//1304 1985//1976
f 1753//1743 1752//1742 1985//1976
f 2256//2241 2147//2141 1439//1437
f 2090//2082 2089//2081 2234//2221
f 2090//2082 2234//2221 2235//2222
f 2265//2250 2090//2082 2235//2222
f 1558//1551 2216//2207 1518//1511
f 1138//1132 1134//1128 1178//1172
f 1646//1634 1645//1633 1980//1971
f 1541//1534 1646//1634 1980//1971
f 1541//1534 1980//1971 2165//2159
f 1542//1535 1541//1534 2165//2159
f 1542//1535 2165//2159 2166//2160
f 1544//1537 1542//1535 2166//2160
f 1544//1537 2166//2160 2151//2145
f 1742//1730 1544//1537 2150//2144
f 2150//2144 1544//1537 2151//2145
f 2144//2138 2145//2139 2143//2137
f 2142//2136 2141//2135 2256//2241
f 2142//2136 2256//2241 1439//1437
f 2015//2005 1960//1951 1961//1952
f 2015//2005 1961//1952 2266//2251
f 1212//1206 2015//2005 2266//2251
f 1212//1206 2266//2251 1349//1345
f 1212//1206 1349//1345 1532//1525
f 1213//1207 1212//1206 1532//1525
f 2135//2129 2104//2098 2103//2097
f 1836//1826 2213//2204 1517//1510
f 1836//1826 1517//1510 1520//1513
f 1369//1365 1367//1363 1721//1709
f 1721//1709 1367//1363 1169//1163
f 1538//1531 1866//1855 1867//1856
f 1538//1531 1867//1856 2245//2231
f 1537//1530 1538//1531 2245//2231
f 1537//1530 2245//2231 1303//1299
f 1302//1298 1537//1530 1303//1299
f 1796//1786 2090//2082 2265//2250
f 1796//1786 2265//2250 2235//2222
f 1796//1786 2235//2222 1806//1796
f 1796//1786 1806//1796 1810//1800
f 1797//1787 1796//1786 1810//1800
f 1388//1384 1393//1390 1632//1624
f 1354//1350 1388//1384 1632//1624
f 1159//1153 1158//1152 1229//1223
f 1159//1153 1229//1223 1216//1210
f 1176//1170 1144//1138 1158//1152
f 1160//1154 1176//1170 1158//1152
f 1216//1210 1870//1859 1775//1766
f 1216//1210 1775//1766 1203//1197
f 1202//1196 1216//1210 1203//1197
f 2097//2090 2099//2092 2051//2040
f 2097//2090 2051//2040 2196//2185
f 2117//2109 2097//2090 2196//2185
f 2117//2109 2196//2185 2033//2022
f 2117//2109 2033//2022 1613//1606
f 1288//1284 1286//1282 1327//1323
f 1288//1284 1327//1323 1326//1322
f 1287//1283 1288//1284 1326//1322
f 1287//1283 1326//1322 2220//2211
f 2253//2238 1287//1283 2220//2211
f 2186//2177 2253//2238 2220//2211
f 1337//1333 1572//1565 1574//1567
f 1339//1335 1337//1333 1574//1567
f 1866//1855 1339//1335 1574//1567
f 1682//1670 1681//1669 2136//2130
f 1390//1386 1682//1670 2136//2130
f 1390//1386 2136//2130 1391//1387
f 1808//1798 1428//1425 1983//1974
f 1808//1798 1983//1974 1984//1975
f 1809//1799 1808//1798 1984//1975
f 1809//1799 1984//1975 1728//1716
f 1552//1545 1809//1799 1728//1716
f 1552//1545 1728//1716 1316//1312
f 1553//1546 1552//1545 1316//1312
f 1553//1546 1316//1312 1315//1311
f 1318//1314 1553//1546 1315//1311
f 1419//1416 1375//1388 1372//1368
f 1773//1764 1579//1572 1740//1727
f 1754//1744 1773//1764 1740//1727
f 1754//1744 1740//1727 1739//1726
f 1963//1954 1785//1775 1474//1470
f 1473//1469 1963//1954 1474//1470
f 1712//1699 1711//1698 1691//1679
f 1712//1699 1691//1679 1935//1923
f 1858//1847 1712//1699 1935//1923
f 1858//1847 1935//1923 1638//1629
f 1858//1847 1638//1629 1637//1628
f 1859//1848 1858//1847 1637//1628
f 1573//1566 1835//1825 2169//2162
f 1573//1566 2169//2162 2187//2178
f 1573//1566 2187//2178 1949//1940
f 1948//1939 1947//1938 1926//1914
f 1948//1939 1926//1914 1927//1915
f 2264//2249 1948//1939 1927//1915
f 2264//2249 1927//1915 1389//1385
f 2264//2249 1389//1385 1309//1305
f 1308//1304 2264//2249 1309//1305
f 1812//1802 1565//1558 1502//1496
f 1255//1249 1254//1248 1135//1129
f 1255//1249 1135//1129 1137//1131
f 2084//2076 2250//2235 2236//2223
f 1829//1927 1750//1740 1242//1236
f 1604//1597 1722//1710 1887//1875
f 1604//1597 1887//1875 1879//1867
f 1722//1710 1168//1162 1171//1165
f 1722//1710 1171//1165 1887//1875
f 1989//1980 1759//1749 1761//1751
f 1989//1980 1761//1751 1960//1951
f 2015//2005 1989//1980 1960//1951
f 1999//1990 2261//2246 1462//1459
f 1461//1458 1999//1990 1462//1459
f 2022//2012 1407//1404 2028//2018
f 2132//2126 2102//2096 1735//1722
f 2237//2224 1695//1683 1696//1684
f 2238//2225 2237//2224 1696//1684
f 2238//2225 1696//1684 2080//2072
f 2239//2225 2238//2225 2080//2072
f 1323//1319 2239//2225 2080//2072
f 1323//1319 2080//2072 2079//2071
f 1324//1320 1323//1319 2079//2071
f 1970//1961 1297//1293 1993//1984
f 1970//1961 1993//1984 1992//1983
f 1970//1961 1992//1983 2004//1995
f 1970//1961 2004//1995 1148//1142
f 1253//1247 1970//1961 1148//1142
f 1253//1247 1148//1142 1135//1129
f 1254//1248 1253//1247 1135//1129
f 1438//1436 2213//2204 1439//1437
f 1200//1194 1199//1193 1279//1275
f 1395//1392 1268//1263 1243//1273
f 1277//1272 1395//1392 1243//1273
f 1192//1186 1976//1967 1831//1821
f 1198//1192 1197//1191 1396//1393
f 1198//1192 1396//1393 1199//1193
f 1268//1263 1893//1881 1271//1604
f 1243//2252 1268//1263 1271//1604
f 1833//1823 1832//1884 1828//1818
f 1276//1271 1270//1265 1262//1256
f 1278//1274 1276//1271 1262//1256
f 1961//1952 1826//1816 1871//1860
f 2266//2251 1961//1952 1871//1860
f 2266//2251 1871//1860 1346//1342
f 1349//1345 2266//2251 1346//1342
f 1638//1629 1935//1923 1661//1649
f 2198//2189 1630//1622 1629//1621
f 2198//2189 1629//1621 1964//1955
f 2182//2173 2198//2189 1964//1955
f 2182//2173 1964//1955 1965//1956
f 1971//1962 1825//1815 1714//1701
f 1738//1739 1739//1726 1380//1729
f 1674//1662 1791//1781 1746//1734
f 1442//1440 1441//1439 2241//2227
f 1442//1440 2241//2227 2258//2243
f 1442//1440 2258//2243 2191//2182
f 1442//1440 2191//2182 2193//2184
f 2228//2219 1442//1440 2193//2184
f 2230//2219 2228//2219 2193//2184
f 2231//2219 2230//2219 2193//2184
f 2231//2219 2193//2184 2194//2184
f 2232//2219 2231//2219 2194//2184
f 2232//2219 2194//2184 2195//2184
f 2233//2219 2232//2219 2195//2184
f 2233//2219 2195//2184 2177//2166
f 1977//1968 2233//2219 2177//2166
f 1977//1968 2177//2166 2178//2167
f 1978//1969 1977//1968 2178//2167
f 1978//1969 2178//2167 2180//2168
f 1979//1970 1978//1969 2180//2168
f 1580//1573 1576//1569 1684//1672
f 2263//2248 1565//1558 1567//1560
f 1936//1924 2263//2248 1567//1560
f 2242//2228 1936//1924 1567//1560
f 2222//2213 2242//2228 1567//1560
f 2223//2214 2222//2213 1567//1560
f 2223//2214 1567//1560 2262//2247
f 2262//2247 1567//1560 1525//1518
f 1524//1517 2223//2214 2262//2247
f 1774//1765 1230//1224 2019//2009
f 1899//1888 1888//1876 1851//1841
f 2019//2009 2107//2101 1987//1978
f 1314//1310 1313//1309 1694//1682
f 1314//1310 1694//1682 1695//1683
f 2237//2224 1314//1310 1695//1683
f 1774//1765 2020//2010 1496//1490
f 1774//1765 1496//1490 1231//1225
f 2018//2008 2020//2170 1986//1977
f 2020//2010 1986//2171 1497//1491
f 1496//1490 2020//2010 1497//1491
f 2028//2018 1406//1403 1409//1406
f 2210//2201 2073//2064 1482//1478
f 2211//2202 2210//2201 1482//1478
f 2260//2245 1500//1494 1499//1493
f 2259//2244 2145//2139 1836//1826
f 2220//2211 1454//1451 1458//1455
f 1755//1745 2220//2211 1458//1455
f 1986//2171 2067//2058 2209//2200
f 1497//1491 1986//2171 2209//2200
f 2157//2151 2249//2234 1422//1419
f 2159//2153 2157//2151 1422//1419
f 2159//2153 1422//1419 1426//1423
f 2249//2234 2254//2239 1423//1420
f 1422//1419 2249//2234 1423//1420
f 1174//1168 1173//1167 1138//1132
f 1174//1168 1138//1132 1176//1170
f 1226//1220 1227//1221 1143//1137
f 1163//1157 2206//2197 1143//1137
f 1227//1221 1161//1155 1163//1157
f 1143//1137 1227//1221 1163//1157
f 1176//1170 1138//1132 1178//1172
f 1176//1170 1178//1172 1144//1138
f 1162//1156 1147//1141 1163//1157
f 1155//1149 1157//1151 1153//1147
