# Blender 4.1.1
# www.blender.org
mtllib Basket.mtl
o basketBigMain_bon_room_wicker
v 0.055141 0.048536 -0.061052
v 0.054748 0.049760 -0.061258
v 0.032330 0.048536 -0.058347
v 0.032183 0.049760 -0.058592
v 0.053235 0.050624 -0.062684
v 0.031470 0.050624 -0.060198
v 0.008813 0.049760 -0.057081
v 0.008812 0.050624 -0.058779
v -0.017321 0.050624 -0.059598
v 0.054266 0.047779 -0.062498
v 0.051883 0.049760 -0.064238
v -0.018047 0.049760 -0.057953
v 0.008813 0.048536 -0.056822
v 0.054838 0.050624 -0.063720
v -0.038682 0.050624 -0.062654
v 0.056204 0.049760 -0.062262
v -0.018196 0.048537 -0.057702
v -0.037313 0.049760 -0.064211
v 0.056504 0.048536 -0.062079
v -0.040181 0.049760 -0.061229
v -0.016544 0.049760 -0.061356
v 0.008813 0.047779 -0.058248
v -0.040518 0.048537 -0.061017
v -0.038768 0.049760 -0.065217
v -0.016544 0.048606 -0.061356
v -0.039119 0.047779 -0.062453
v -0.040256 0.050624 -0.063720
v -0.018303 0.047779 -0.059134
v 0.032434 0.047779 -0.059783
v 0.008812 0.049760 -0.060594
v 0.032446 0.047538 -0.059358
v -0.018315 0.047538 -0.058709
v 0.008812 0.048606 -0.060594
v -0.039431 0.047538 -0.062018
v 0.008881 0.048606 -0.071445
v 0.054478 0.047538 -0.062067
v -0.018353 0.047590 -0.057439
v 0.030707 0.048606 -0.061914
v 0.032484 0.047590 -0.058090
v -0.040682 0.047590 -0.060767
v 0.030707 0.049760 -0.061914
v 0.055321 0.047590 -0.060807
v 0.008813 0.047538 -0.057822
v 0.056829 0.047590 -0.061908
v 0.051992 0.048606 -0.064250
v 0.056009 0.047538 -0.063140
v 0.008813 0.047590 -0.056550
v 0.053338 0.048606 -0.065191
v 0.056009 0.047538 -0.063140
v 0.057467 0.048606 -0.073525
v 0.053350 0.049760 -0.065217
v 0.055722 0.047779 -0.063524
v 0.033039 0.048606 -0.072176
v 0.053350 0.049760 -0.065217
v 0.053338 0.048606 -0.065191
v 0.056504 0.048536 -0.062079
v 0.057467 0.049760 -0.073525
v 0.059095 0.048606 -0.084140
v 0.059101 0.050624 -0.072679
v 0.033875 0.048606 -0.084051
v 0.060783 0.050624 -0.084091
v 0.057027 0.048606 -0.095063
v 0.008932 0.048606 -0.084002
v 0.054838 0.050624 -0.063720
v 0.059095 0.049760 -0.084140
v 0.032813 0.048606 -0.096271
v 0.053235 0.050624 -0.062684
v 0.062362 0.049760 -0.084045
v 0.030707 0.048606 -0.107653
v 0.060631 0.049760 -0.071888
v 0.051883 0.049760 -0.064238
v 0.057027 0.049760 -0.095063
v 0.056204 0.049760 -0.062262
v 0.058647 0.050624 -0.095834
v 0.053289 0.049760 -0.104329
v 0.053272 0.048606 -0.104369
v 0.060163 0.049760 -0.096555
v 0.051992 0.048606 -0.105338
v 0.054781 0.050624 -0.105810
v 0.056144 0.049760 -0.107286
v 0.051882 0.049760 -0.105350
v 0.053289 0.049760 -0.104329
v 0.030707 0.049760 -0.107653
v 0.053272 0.048606 -0.104369
v 0.008737 0.048606 -0.108960
v 0.031470 0.050624 -0.109369
v 0.053234 0.050624 -0.106904
v 0.008867 0.048606 -0.096925
v 0.008737 0.049760 -0.108960
v 0.054781 0.050624 -0.105810
v 0.032183 0.049760 -0.110975
v -0.016544 0.048606 -0.108205
v 0.054748 0.049760 -0.108330
v 0.032330 0.048536 -0.111220
v 0.056144 0.049760 -0.107286
v -0.018688 0.048606 -0.096547
v 0.008837 0.048536 -0.112732
v 0.055133 0.048536 -0.108537
v -0.019769 0.048606 -0.084030
v 0.008828 0.049760 -0.112473
v 0.054238 0.047779 -0.107591
v -0.018918 0.048606 -0.071867
v -0.018047 0.049760 -0.111608
v 0.056421 0.048536 -0.107525
v -0.042445 0.048606 -0.095063
v -0.018196 0.048537 -0.111859
v 0.055607 0.047779 -0.106561
v -0.044513 0.048606 -0.084140
v -0.017321 0.050624 -0.109963
v 0.056421 0.048536 -0.107525
v -0.042445 0.049760 -0.095063
v 0.008784 0.050624 -0.110775
v -0.040180 0.049760 -0.108359
v -0.038707 0.049760 -0.104329
v -0.040493 0.048537 -0.108574
v -0.038690 0.048606 -0.104369
v -0.016544 0.049760 -0.108205
v -0.039052 0.047779 -0.107642
v -0.040512 0.047779 -0.106590
v -0.018303 0.047779 -0.110925
v -0.037313 0.049760 -0.105377
v -0.041833 0.048537 -0.107540
v 0.008844 0.047779 -0.111804
v -0.037413 0.048606 -0.105363
v -0.038681 0.050624 -0.106934
v -0.018315 0.047538 -0.111225
v -0.037413 0.048606 -0.105363
v 0.008844 0.047538 -0.112105
v -0.039253 0.047538 -0.107970
v -0.037313 0.049760 -0.105377
v 0.032434 0.047779 -0.110281
v -0.018353 0.047590 -0.112122
v -0.038681 0.050624 -0.106934
v -0.040486 0.047590 -0.108850
v -0.040199 0.050624 -0.105810
v 0.032446 0.047538 -0.110581
v 0.008847 0.047590 -0.113004
v -0.044065 0.050624 -0.095834
v 0.054361 0.047538 -0.107908
v 0.032484 0.047590 -0.111477
v -0.045581 0.049760 -0.096555
v -0.046201 0.050624 -0.084090
v 0.055179 0.047590 -0.108798
v 0.055903 0.047538 -0.106816
v -0.047780 0.049760 -0.084044
v -0.044513 0.049760 -0.084140
v -0.041562 0.049760 -0.107286
v -0.044519 0.050624 -0.072679
v -0.040180 0.049760 -0.108359
v -0.046049 0.049760 -0.071888
v -0.042885 0.049760 -0.073525
v -0.040256 0.050624 -0.063720
v -0.042885 0.048606 -0.073525
v -0.041622 0.049760 -0.062262
v -0.038768 0.049760 -0.065217
v -0.040181 0.049760 -0.061229
v -0.038756 0.048606 -0.065191
v -0.038682 0.050624 -0.062654
v -0.037413 0.048606 -0.064225
v -0.037313 0.049760 -0.064211
v -0.041622 0.049760 -0.062262
v -0.040518 0.048537 -0.061017
v -0.037413 0.048606 -0.064225
v -0.041907 0.048537 -0.062046
v -0.046363 0.048537 -0.071767
v -0.040612 0.047779 -0.063474
v -0.046049 0.049760 -0.071888
v -0.045031 0.047779 -0.071681
v -0.040518 0.048537 -0.061017
v -0.048104 0.048537 -0.084037
v -0.041017 0.047538 -0.063071
v -0.039119 0.047779 -0.062453
v -0.046779 0.047779 -0.084032
v -0.047780 0.049760 -0.084044
v -0.039431 0.047538 -0.062018
v -0.045448 0.047538 -0.071671
v -0.045892 0.048537 -0.096665
v -0.046692 0.047590 -0.071641
v -0.045581 0.049760 -0.096555
v -0.047197 0.047538 -0.084032
v -0.042223 0.047590 -0.061854
v -0.041562 0.049760 -0.107286
v -0.044975 0.047538 -0.096752
v -0.040682 0.047590 -0.060767
v -0.041833 0.048537 -0.107540
v -0.046218 0.047590 -0.096780
v -0.044558 0.047779 -0.096743
v -0.039431 0.047538 -0.062018
v -0.048444 0.047590 -0.084030
v -0.040924 0.047538 -0.106871
v -0.042141 0.047590 -0.107745
v -0.040512 0.047779 -0.106590
v -0.040493 0.048537 -0.108574
v -0.040180 0.049760 -0.108359
v -0.039253 0.047538 -0.107970
v -0.039052 0.047779 -0.107642
v 0.056504 0.048536 -0.062079
v 0.060945 0.048536 -0.071767
v 0.056204 0.049760 -0.062262
v 0.055722 0.047779 -0.063524
v 0.060631 0.049760 -0.071888
v 0.060114 0.047779 -0.071682
v 0.062686 0.048536 -0.084038
v 0.060405 0.047538 -0.071671
v 0.061862 0.047779 -0.084033
v 0.062362 0.049760 -0.084045
v 0.056009 0.047538 -0.063140
v 0.062154 0.047538 -0.084032
v 0.060474 0.048536 -0.096665
v 0.061274 0.047590 -0.071641
v 0.060163 0.049760 -0.096555
v 0.059932 0.047538 -0.096752
v 0.056829 0.047590 -0.061908
v 0.056144 0.049760 -0.107286
v 0.063026 0.047590 -0.084030
v 0.059641 0.047779 -0.096743
v 0.056421 0.048536 -0.107525
v 0.060800 0.047590 -0.096780
v 0.055607 0.047779 -0.106561
v 0.055903 0.047538 -0.106816
v 0.056738 0.047590 -0.107705
v 0.055179 0.047590 -0.108798
v 0.054361 0.047538 -0.107908
v 0.032973 0.036455 -0.113023
v 0.057179 0.036538 -0.110209
v 0.033184 0.035881 -0.112977
v 0.008890 0.035881 -0.114576
v 0.057108 0.035923 -0.110093
v 0.008877 0.036456 -0.114603
v 0.057175 0.035211 -0.110226
v 0.057138 0.038284 -0.110161
v -0.018863 0.035881 -0.113653
v 0.032978 0.035226 -0.113041
v 0.032965 0.038303 -0.112954
v -0.018851 0.036455 -0.113691
v 0.033171 0.038806 -0.112897
v -0.042512 0.036502 -0.110277
v 0.008876 0.038301 -0.114532
v 0.057074 0.038827 -0.110042
v -0.042507 0.035881 -0.110165
v 0.057029 0.039305 -0.110059
v 0.008889 0.038806 -0.114492
v -0.043787 0.036540 -0.109284
v 0.032960 0.039242 -0.112847
v -0.042491 0.035188 -0.110283
v -0.043767 0.035881 -0.109135
v 0.056960 0.041050 -0.109995
v 0.008876 0.039243 -0.114423
v -0.043753 0.035167 -0.109278
v 0.032952 0.041089 -0.112759
v -0.018849 0.038806 -0.113572
v -0.018857 0.035226 -0.113709
v 0.033157 0.041729 -0.112583
v -0.018843 0.038303 -0.113621
v 0.056759 0.041729 -0.109756
v -0.018838 0.039242 -0.113513
v -0.042503 0.038256 -0.110217
v 0.008877 0.035225 -0.114622
v 0.056756 0.042528 -0.110029
v 0.008878 0.033364 -0.114507
v 0.032876 0.042488 -0.112781
v 0.056534 0.044170 -0.109899
v 0.032987 0.033363 -0.112924
v 0.008888 0.041729 -0.114174
v 0.008891 0.032866 -0.114465
v 0.008871 0.042488 -0.114347
v 0.033198 0.032866 -0.112862
v 0.032712 0.044207 -0.112612
v -0.018857 0.032866 -0.113540
v -0.043770 0.038232 -0.109218
v -0.018865 0.033363 -0.113593
v 0.056133 0.045059 -0.109273
v -0.042517 0.038806 -0.110092
v -0.042367 0.033417 -0.110182
v 0.032836 0.045059 -0.112043
v -0.042344 0.032866 -0.110044
v 0.056157 0.045782 -0.109339
v -0.042403 0.039285 -0.110104
v -0.043646 0.033455 -0.109194
v 0.032564 0.045782 -0.112069
v -0.043667 0.039309 -0.109102
v -0.043604 0.032866 -0.109013
v 0.056029 0.047259 -0.109277
v -0.043777 0.038806 -0.109062
v -0.047741 0.033342 -0.097252
v 0.032520 0.047259 -0.111994
v -0.047988 0.038806 -0.097320
v 0.055179 0.047590 -0.108798
v -0.047786 0.039214 -0.097166
v 0.032484 0.047590 -0.111477
v -0.050274 0.038806 -0.084025
v 0.008847 0.047590 -0.113004
v -0.047872 0.038339 -0.097179
v 0.008836 0.047259 -0.113527
v -0.050059 0.039223 -0.084030
v -0.018353 0.047590 -0.112122
v -0.047680 0.041108 -0.097139
v -0.048270 0.039215 -0.071266
v -0.018418 0.047259 -0.112642
v -0.047903 0.036444 -0.097207
v -0.048475 0.038806 -0.071106
v -0.040486 0.047590 -0.108850
v -0.050145 0.038331 -0.084038
v -0.050178 0.036453 -0.084055
v -0.043845 0.038806 -0.060500
v -0.041514 0.047259 -0.109306
v -0.048352 0.038342 -0.071269
v -0.042141 0.047590 -0.107745
v -0.050268 0.035881 -0.084051
v -0.048387 0.036445 -0.071276
v -0.042816 0.047254 -0.108275
v -0.047981 0.035881 -0.097363
v -0.046909 0.047187 -0.096818
v -0.048467 0.035881 -0.071116
v -0.047003 0.045710 -0.096851
v -0.043840 0.035881 -0.060494
v -0.042900 0.045777 -0.108347
v -0.043823 0.035167 -0.060383
v -0.046966 0.045059 -0.097034
v -0.041646 0.045782 -0.109366
v -0.043864 0.036550 -0.060335
v -0.042517 0.035881 -0.059490
v -0.049237 0.045710 -0.084026
v -0.042817 0.045059 -0.108273
v -0.049139 0.047187 -0.084028
v -0.049223 0.045059 -0.084014
v -0.048444 0.047590 -0.084030
v -0.018463 0.045782 -0.112718
v -0.047384 0.047187 -0.071599
v -0.046218 0.047590 -0.096780
v -0.018593 0.045059 -0.112702
v -0.047479 0.045710 -0.071563
v -0.041555 0.045059 -0.109300
v -0.047447 0.045059 -0.071361
v 0.008838 0.045782 -0.113605
v -0.042880 0.045059 -0.061290
v -0.042146 0.044151 -0.109945
v -0.047962 0.044193 -0.071452
v -0.043466 0.044089 -0.108994
v -0.049739 0.044184 -0.084019
v -0.047484 0.044193 -0.096952
v -0.018585 0.044206 -0.113269
v -0.043312 0.044082 -0.060595
v -0.018753 0.042486 -0.113442
v -0.049962 0.042475 -0.084011
v -0.041555 0.045059 -0.060287
v -0.043676 0.042583 -0.060511
v -0.042944 0.045710 -0.060947
v -0.048172 0.042460 -0.071315
v -0.042276 0.047187 -0.061023
v 0.008868 0.045059 -0.113603
v -0.049935 0.041729 -0.083998
v -0.047693 0.042463 -0.097077
v -0.042223 0.047590 -0.061854
v -0.047650 0.041729 -0.097277
v -0.040682 0.047590 -0.060767
v -0.048136 0.041729 -0.071095
v -0.046692 0.047590 -0.071641
v -0.043504 0.041729 -0.060807
v -0.048160 0.041111 -0.071259
v -0.049953 0.041100 -0.084013
v -0.043657 0.040992 -0.060524
v -0.042181 0.041729 -0.059803
v -0.043441 0.041729 -0.108755
v -0.042522 0.038806 -0.059496
v -0.043737 0.039315 -0.060467
v -0.018854 0.038806 -0.055997
v -0.043610 0.042579 -0.109076
v -0.018801 0.041729 -0.056305
v -0.042181 0.041729 -0.109784
v 0.008813 0.038806 -0.055071
v -0.018873 0.035881 -0.055990
v -0.043841 0.038227 -0.060365
v -0.042338 0.042546 -0.110069
v 0.008813 0.041729 -0.055379
v -0.018593 0.045059 -0.056858
v -0.018801 0.041729 -0.113255
v -0.018404 0.047187 -0.056635
v -0.018353 0.047590 -0.057439
v -0.042347 0.032866 -0.059698
v 0.008813 0.044996 -0.055682
v 0.008876 0.041087 -0.114334
v -0.018860 0.032866 -0.056199
v 0.008813 0.032866 -0.055273
v -0.042074 0.029877 -0.059899
v 0.008813 0.047187 -0.055743
v 0.008813 0.035881 -0.055065
v -0.018735 0.029879 -0.056379
v 0.032534 0.047187 -0.057288
v 0.032708 0.044996 -0.057244
v 0.008813 0.047590 -0.056550
v 0.055321 0.047590 -0.060807
v 0.033166 0.038806 -0.056675
v 0.033174 0.035881 -0.056668
v 0.032995 0.041767 -0.056876
v 0.032484 0.047590 -0.058090
v 0.056132 0.045059 -0.060315
v 0.057070 0.038827 -0.059501
v 0.056913 0.047190 -0.061025
v 0.033195 0.032866 -0.056877
v 0.056759 0.041729 -0.059831
v 0.056829 0.047590 -0.061908
v 0.056926 0.032879 -0.059713
v 0.061922 0.047187 -0.071599
v 0.056644 0.029877 -0.059928
v 0.057098 0.035923 -0.059473
v 0.057482 0.045710 -0.060948
v 0.058198 0.030568 -0.060646
v 0.061274 0.047590 -0.071641
v 0.062017 0.045710 -0.071563
v 0.057462 0.045059 -0.061290
v 0.058304 0.032175 -0.060568
v 0.063026 0.047590 -0.084030
v 0.058252 0.032879 -0.060689
v 0.057973 0.029877 -0.060906
v 0.063677 0.047187 -0.084028
v 0.058432 0.033538 -0.060444
v 0.062589 0.029877 -0.071214
v 0.061447 0.047187 -0.096818
v 0.058521 0.035153 -0.060320
v 0.062686 0.030464 -0.071355
v 0.063775 0.045710 -0.084026
v 0.062841 0.032273 -0.071295
v 0.061542 0.045710 -0.096851
v 0.058424 0.035923 -0.060450
v 0.057328 0.047254 -0.108274
v 0.058552 0.036624 -0.060271
v 0.062896 0.032879 -0.071113
v 0.057412 0.045777 -0.108347
v 0.064697 0.032879 -0.084065
v 0.061548 0.045059 -0.097035
v 0.056738 0.047590 -0.107705
v 0.062938 0.033425 -0.071268
v 0.063805 0.045059 -0.084014
v 0.060800 0.047590 -0.096780
v 0.064734 0.033436 -0.084063
v 0.062452 0.033422 -0.097232
v 0.064867 0.035228 -0.084030
v 0.062409 0.032879 -0.097394
v 0.062029 0.045059 -0.071361
v 0.063073 0.035239 -0.071243
v 0.062360 0.032270 -0.097231
v 0.064872 0.035923 -0.084007
v 0.058363 0.033525 -0.109215
v 0.058242 0.032178 -0.109138
v 0.062310 0.044267 -0.071458
v 0.058468 0.035151 -0.109273
v 0.058193 0.032879 -0.109000
v 0.057879 0.044139 -0.060652
v 0.057175 0.035211 -0.110226
v 0.057029 0.033436 -0.110136
v 0.056929 0.032879 -0.110002
v 0.064084 0.044260 -0.084020
v 0.056948 0.032239 -0.110092
v 0.062585 0.042386 -0.071309
v 0.057108 0.035923 -0.110093
v 0.061832 0.044268 -0.096947
v 0.064370 0.042398 -0.084011
v 0.058065 0.042512 -0.060560
v 0.058371 0.035923 -0.109091
v 0.057179 0.036538 -0.110209
v 0.062594 0.035234 -0.097188
v 0.058086 0.041729 -0.060808
v 0.062585 0.035923 -0.097319
v 0.057398 0.045059 -0.108273
v 0.058354 0.040959 -0.060489
v 0.058493 0.036617 -0.109272
v 0.062718 0.041729 -0.071095
v 0.058460 0.038206 -0.109231
v 0.056133 0.045059 -0.109273
v 0.064516 0.041729 -0.083998
v 0.057138 0.038284 -0.110161
v 0.057809 0.044148 -0.108933
v 0.057074 0.038827 -0.110042
v 0.056534 0.044170 -0.109899
v 0.062104 0.042389 -0.097082
v 0.058338 0.038827 -0.109040
v 0.062231 0.041729 -0.097277
v 0.062551 0.038306 -0.097154
v 0.058339 0.039380 -0.109119
v 0.058023 0.041729 -0.108755
v 0.056756 0.042528 -0.110029
v 0.062549 0.038827 -0.097298
v 0.057999 0.042505 -0.109024
v 0.057029 0.039305 -0.110059
v 0.064835 0.038827 -0.084003
v 0.062446 0.039287 -0.097147
v 0.058286 0.040967 -0.109069
v 0.064828 0.038296 -0.084013
v 0.056759 0.041729 -0.109756
v 0.064876 0.036534 -0.084016
v 0.056960 0.041050 -0.109995
v 0.064721 0.039297 -0.084011
v 0.063032 0.038308 -0.071244
v 0.062371 0.041069 -0.097134
v 0.062600 0.036523 -0.097167
v 0.063036 0.038827 -0.071083
v 0.064647 0.041059 -0.084009
v 0.058519 0.038202 -0.060301
v 0.062928 0.039286 -0.071247
v 0.058399 0.039383 -0.060418
v 0.062852 0.041071 -0.071255
v 0.058396 0.038827 -0.060478
v 0.063082 0.036522 -0.071236
v 0.063072 0.035923 -0.071072
v -0.040197 0.018026 -0.061898
v -0.041756 0.018732 -0.062399
v -0.041549 0.018026 -0.062895
v -0.041373 0.017508 -0.063024
v -0.046023 0.018604 -0.072361
v -0.041890 0.020435 -0.061931
v -0.045945 0.018026 -0.072345
v -0.040669 0.021017 -0.060820
v -0.046279 0.020508 -0.071928
v -0.045696 0.017569 -0.072597
v -0.018253 0.021017 -0.057469
v -0.041167 0.015816 -0.063542
v -0.047667 0.018026 -0.084072
v -0.017922 0.018026 -0.058724
v -0.047727 0.018595 -0.084074
v -0.045341 0.015683 -0.073026
v 0.008813 0.021017 -0.056581
v -0.045557 0.018601 -0.096126
v -0.040885 0.015106 -0.064115
v 0.008813 0.018026 -0.057882
v -0.045479 0.018026 -0.096140
v -0.039520 0.015106 -0.063134
v 0.008813 0.024049 -0.056085
v -0.041485 0.018026 -0.106826
v 0.032060 0.018026 -0.059340
v -0.045236 0.017566 -0.095910
v -0.041676 0.018712 -0.107276
v -0.017598 0.015106 -0.060133
v -0.047410 0.017546 -0.084087
v -0.045814 0.020504 -0.096522
v -0.038834 0.012137 -0.064514
v -0.041831 0.020427 -0.107676
v -0.017264 0.012137 -0.061695
v -0.046010 0.021017 -0.096770
v 0.008812 0.015106 -0.059336
v -0.037719 0.008898 -0.066242
v -0.047024 0.015675 -0.084111
v -0.041946 0.021017 -0.107730
v -0.016705 0.008898 -0.063652
v -0.046905 0.015106 -0.084110
v -0.040669 0.021017 -0.108773
v 0.008812 0.012137 -0.060946
v -0.045205 0.015106 -0.073018
v -0.040535 0.020486 -0.108682
v 0.008812 0.008898 -0.062965
v -0.018253 0.021017 -0.112097
v 0.030865 0.008898 -0.064156
v -0.040704 0.014642 -0.064250
v -0.040872 0.021728 -0.109093
v 0.031414 0.012137 -0.062243
v -0.044951 0.014704 -0.073253
v -0.018100 0.021682 -0.112350
v -0.046645 0.014678 -0.084124
v 0.008840 0.021017 -0.112978
v 0.031742 0.015106 -0.060716
v -0.044497 0.014700 -0.095310
v 0.008831 0.021683 -0.113224
v 0.053449 0.012137 -0.064538
v -0.044193 0.012801 -0.094900
v 0.032235 0.021681 -0.111710
v 0.054168 0.015106 -0.063160
v -0.044745 0.015106 -0.095524
v 0.008840 0.023550 -0.113453
v -0.044881 0.015680 -0.095518
v 0.032385 0.021017 -0.111452
v 0.032131 0.020531 -0.111290
v 0.055246 0.021017 -0.108745
v -0.040819 0.015106 -0.105682
v 0.055532 0.021727 -0.109065
v 0.055163 0.020485 -0.108655
v -0.040637 0.014646 -0.105534
v 0.032379 0.023551 -0.111926
v -0.041087 0.015800 -0.106229
v 0.008825 0.020536 -0.112784
v 0.055714 0.023507 -0.109241
v -0.039520 0.015106 -0.106694
v 0.055009 0.018709 -0.108266
v 0.032622 0.024049 -0.111990
v -0.039793 0.015792 -0.107224
v -0.039312 0.014722 -0.106516
v 0.031931 0.018680 -0.110798
v -0.017470 0.015765 -0.110171
v -0.017598 0.015106 -0.109668
v 0.054701 0.018026 -0.107827
v 0.008813 0.018688 -0.112253
v -0.017358 0.014752 -0.109428
v 0.032060 0.018026 -0.110390
v 0.008820 0.018026 -0.111835
v 0.008801 0.015106 -0.110458
v 0.054595 0.017553 -0.107691
v 0.008793 0.015769 -0.110966
v 0.008786 0.014753 -0.110202
v 0.031814 0.017593 -0.110192
v 0.031616 0.015761 -0.109588
v -0.017155 0.012925 -0.108709
v 0.054496 0.015789 -0.107195
v 0.008805 0.017597 -0.111608
v -0.039184 0.012945 -0.105926
v -0.017671 0.017596 -0.110790
v -0.038834 0.012137 -0.105199
v -0.017922 0.018026 -0.111001
v -0.040473 0.012936 -0.104926
v -0.017264 0.012137 -0.107991
v 0.054168 0.015106 -0.106669
v -0.040009 0.017558 -0.107716
v -0.040145 0.012137 -0.104203
v 0.008780 0.012137 -0.108732
v -0.040197 0.018026 -0.107854
v 0.008774 0.012929 -0.109459
v -0.040398 0.018709 -0.108291
v 0.031306 0.012921 -0.108158
v -0.044000 0.012137 -0.094875
v -0.039990 0.011501 -0.104052
v 0.031414 0.012137 -0.107449
v 0.031158 0.011572 -0.107220
v 0.053449 0.012137 -0.105175
v -0.043788 0.011538 -0.094627
v 0.053908 0.012945 -0.105902
v -0.017994 0.020535 -0.111921
v -0.046131 0.012137 -0.084151
v 0.031506 0.014751 -0.108861
v -0.045902 0.011519 -0.084168
v 0.054005 0.014721 -0.106492
v -0.043409 0.009603 -0.094209
v 0.031742 0.015106 -0.109091
v -0.039765 0.009743 -0.103368
v -0.017791 0.018684 -0.111414
v -0.038458 0.009746 -0.104343
v -0.038667 0.011558 -0.105026
v -0.039033 0.008898 -0.102379
v -0.037719 0.008898 -0.103346
v -0.016798 0.009728 -0.106934
v -0.042781 0.008898 -0.094056
v -0.017004 0.011573 -0.107750
v -0.044863 0.008898 -0.084204
v -0.016705 0.008898 -0.105909
v -0.045492 0.009596 -0.084194
v 0.008752 0.009731 -0.107633
v -0.043856 0.009606 -0.074462
v 0.008765 0.011573 -0.108473
v -0.043224 0.008898 -0.074630
v 0.008747 0.008898 -0.106590
v -0.039101 0.008898 -0.067175
v -0.044235 0.011541 -0.074003
v 0.030955 0.009723 -0.106421
v -0.039839 0.009749 -0.066226
v 0.030865 0.008898 -0.105411
v 0.053149 0.009746 -0.104320
v 0.053340 0.011557 -0.105003
v 0.052299 0.008898 -0.103324
v -0.040059 0.011499 -0.065612
v -0.044454 0.012137 -0.073731
v -0.044647 0.012804 -0.073703
v -0.040212 0.012137 -0.065477
v -0.046307 0.012795 -0.084150
v -0.040546 0.012944 -0.064789
v 0.056422 0.018779 -0.062349
v 0.054701 0.018026 -0.061925
v 0.056057 0.018026 -0.062895
v 0.060684 0.018665 -0.072347
v 0.056007 0.017444 -0.063008
v 0.055246 0.021017 -0.060848
v 0.060453 0.018026 -0.072346
v 0.056547 0.020399 -0.061920
v 0.032385 0.021017 -0.058120
v 0.062175 0.018026 -0.084072
v 0.060315 0.017511 -0.072610
v 0.060928 0.020474 -0.071936
v 0.062390 0.018659 -0.084073
v 0.061063 0.021017 -0.071656
v 0.060218 0.018663 -0.096139
v 0.062808 0.021017 -0.084033
v 0.056590 0.021017 -0.061833
v 0.032622 0.024049 -0.057643
v 0.059987 0.018026 -0.096140
v 0.056947 0.021815 -0.061455
v 0.008813 0.026874 -0.055754
v 0.055993 0.018026 -0.106826
v 0.061299 0.021713 -0.071778
v 0.032842 0.026874 -0.057329
v 0.056342 0.018762 -0.107328
v 0.063043 0.021723 -0.084046
v -0.018491 0.026874 -0.056663
v 0.054701 0.018026 -0.107827
v 0.060831 0.021714 -0.096672
v -0.018493 0.024049 -0.056984
v 0.055009 0.018709 -0.108266
v 0.063258 0.023518 -0.084056
v 0.056490 0.020389 -0.107690
v 0.061507 0.023529 -0.071688
v 0.055163 0.020485 -0.108655
v 0.063398 0.024049 -0.084050
v -0.041210 0.024049 -0.060378
v 0.056528 0.021017 -0.107730
v 0.061636 0.024049 -0.071505
v -0.042238 0.021776 -0.061487
v 0.060592 0.021017 -0.096771
v 0.061792 0.024608 -0.071635
v 0.063554 0.024619 -0.084062
v 0.057402 0.024708 -0.061101
v -0.041714 0.026874 -0.060097
v 0.057573 0.026272 -0.061031
v -0.042705 0.024666 -0.061137
v 0.056881 0.021811 -0.108134
v 0.057115 0.024049 -0.061389
v 0.055532 0.021727 -0.109065
v 0.057087 0.023434 -0.061339
v 0.008813 0.029879 -0.055470
v 0.061035 0.023529 -0.096785
v 0.055776 0.024049 -0.060406
v 0.057021 0.023441 -0.108275
v 0.056269 0.026874 -0.060125
v 0.061160 0.024049 -0.096960
v 0.057603 0.026874 -0.061105
v 0.061321 0.024609 -0.096851
v 0.057860 0.027575 -0.060840
v 0.062170 0.026874 -0.071364
v 0.057052 0.024049 -0.108230
v 0.062310 0.027479 -0.071493
v 0.057337 0.024704 -0.108538
v 0.063947 0.026874 -0.084065
v 0.055968 0.024605 -0.109448
v 0.061554 0.026378 -0.096961
v 0.062503 0.029288 -0.071404
v 0.062030 0.026378 -0.071547
v 0.063797 0.026366 -0.084072
v 0.058000 0.029184 -0.060784
v 0.061690 0.026874 -0.097137
v 0.064382 0.029877 -0.084082
v 0.061834 0.027481 -0.097029
v 0.064286 0.029276 -0.084087
v 0.064085 0.027489 -0.084078
v 0.032858 0.029879 -0.057045
v 0.064476 0.030475 -0.084087
v 0.062205 0.030464 -0.097190
v 0.064634 0.032261 -0.084077
v 0.062023 0.029288 -0.097141
v 0.062104 0.029877 -0.097325
v 0.057911 0.029877 -0.108817
v 0.057932 0.029192 -0.108931
v 0.058130 0.030561 -0.109075
v 0.057795 0.027572 -0.108848
v 0.057540 0.026874 -0.108559
v 0.056644 0.029877 -0.109822
v 0.056448 0.027479 -0.109768
v 0.056790 0.030470 -0.109995
v 0.056639 0.029250 -0.109891
v 0.056269 0.026874 -0.109567
v 0.057506 0.026280 -0.108629
v 0.056210 0.026334 -0.109594
v 0.055776 0.024049 -0.109242
v 0.055714 0.023507 -0.109241
v 0.055246 0.021017 -0.108745
v -0.043494 0.030517 -0.060687
v -0.043399 0.029877 -0.060905
v -0.043324 0.029228 -0.060810
v -0.047987 0.030403 -0.071359
v -0.047840 0.029333 -0.071401
v -0.048015 0.029877 -0.071214
v -0.047623 0.027424 -0.071496
v -0.043169 0.027529 -0.060875
v -0.043615 0.032212 -0.060605
v -0.049808 0.029877 -0.084082
v -0.043670 0.032866 -0.060703
v -0.049774 0.030413 -0.084090
v -0.043044 0.026874 -0.061105
v -0.043722 0.033468 -0.060505
v -0.047506 0.030404 -0.097191
v -0.047611 0.026874 -0.071364
v -0.048225 0.033343 -0.071287
v -0.047675 0.032310 -0.097243
v -0.049388 0.026874 -0.084065
v -0.048307 0.032866 -0.071127
v -0.047530 0.029877 -0.097325
v -0.047381 0.026429 -0.071545
v -0.048157 0.032311 -0.071305
v -0.043337 0.029877 -0.108817
v -0.049395 0.027432 -0.084077
v -0.050108 0.032866 -0.084079
v -0.043425 0.030509 -0.109038
v -0.049620 0.029324 -0.084088
v -0.050019 0.033353 -0.084083
v -0.042074 0.029877 -0.109850
v -0.047147 0.027425 -0.097025
v -0.048367 0.035254 -0.071280
v -0.042140 0.030467 -0.110025
v -0.047360 0.029333 -0.097143
v -0.050158 0.035246 -0.084066
v -0.018767 0.030418 -0.113421
v -0.042287 0.032235 -0.110127
v -0.047886 0.035251 -0.097224
v -0.043547 0.032217 -0.109119
v -0.047820 0.032866 -0.097407
v -0.049947 0.032302 -0.084088
v -0.018843 0.032278 -0.113551
v 0.008876 0.032276 -0.114465
v 0.032965 0.032278 -0.112883
v 0.008872 0.030418 -0.114331
v -0.018753 0.029877 -0.113322
v 0.056948 0.032239 -0.110092
v 0.056929 0.032879 -0.110002
v 0.056790 0.030470 -0.109995
v 0.008883 0.029877 -0.114241
v -0.041996 0.029252 -0.109917
v 0.057029 0.033436 -0.110136
v 0.032890 0.030417 -0.112755
v -0.043257 0.029238 -0.108904
v -0.018699 0.029297 -0.113313
v -0.043103 0.027525 -0.108809
v 0.008868 0.029295 -0.114220
v -0.041811 0.027479 -0.109795
v 0.032823 0.029296 -0.112650
v -0.018552 0.027434 -0.113149
v 0.033076 0.029877 -0.112649
v -0.041714 0.026874 -0.109595
v -0.042981 0.026874 -0.108559
v -0.018491 0.026874 -0.113017
v -0.047131 0.026874 -0.097137
v 0.008859 0.027434 -0.114047
v 0.056644 0.029877 -0.109822
v 0.056639 0.029250 -0.109891
v -0.046906 0.026429 -0.096964
v 0.008869 0.026874 -0.113923
v -0.049146 0.026420 -0.084072
v -0.018469 0.026381 -0.112968
v 0.032679 0.027433 -0.112491
v -0.041583 0.026337 -0.109620
v -0.046626 0.024556 -0.096848
v 0.008854 0.026379 -0.113862
v -0.042638 0.024660 -0.108499
v -0.018326 0.024555 -0.112775
v 0.032842 0.026874 -0.112353
v -0.042844 0.026333 -0.108598
v -0.041328 0.024606 -0.109477
v 0.056448 0.027479 -0.109768
v -0.018493 0.024049 -0.112644
v 0.056269 0.026874 -0.109567
v 0.008855 0.024049 -0.113538
v 0.056210 0.026334 -0.109594
v -0.041210 0.024049 -0.109269
v 0.008845 0.024556 -0.113661
v 0.032598 0.026380 -0.112314
v -0.041078 0.023510 -0.109267
v 0.032457 0.024554 -0.112125
v -0.018247 0.023552 -0.112571
v -0.042349 0.023493 -0.108248
v 0.055968 0.024605 -0.109448
v -0.042482 0.024049 -0.108230
v -0.046590 0.024049 -0.096960
v 0.055776 0.024049 -0.109242
v -0.046375 0.023579 -0.096788
v -0.048828 0.024049 -0.084050
v -0.042171 0.021770 -0.108099
v -0.048857 0.024565 -0.084062
v -0.047098 0.024555 -0.071637
v -0.046126 0.021666 -0.096669
v -0.047066 0.024049 -0.071505
v -0.048596 0.023570 -0.084056
v -0.042910 0.026323 -0.061061
v -0.042544 0.024049 -0.061389
v -0.046847 0.023579 -0.071685
v -0.048335 0.021673 -0.084046
v -0.046593 0.021664 -0.071780
v -0.042415 0.023484 -0.061366
v -0.048226 0.021017 -0.084033
v -0.046482 0.021017 -0.071656
v -0.042008 0.021017 -0.061833
v -0.048018 0.020482 -0.084049
v 0.055179 0.047590 -0.108798
v 0.056029 0.047259 -0.109277
v 0.056157 0.045782 -0.109339
v -0.042141 0.047590 -0.107745
v -0.040924 0.047538 -0.106871
v -0.042309 0.041038 -0.110032
v -0.043587 0.041000 -0.109045
v -0.018830 0.041089 -0.113425
v 0.054830 0.012137 -0.065477
v 0.055313 0.012982 -0.064746
v 0.054754 0.011466 -0.065607
v 0.059411 0.012856 -0.073691
v 0.059072 0.012137 -0.073731
v 0.054571 0.009786 -0.066185
v 0.055432 0.014599 -0.064240
v 0.060749 0.012137 -0.084151
v 0.052299 0.008898 -0.066265
v 0.055536 0.015106 -0.064115
v 0.061073 0.012850 -0.084149
v 0.053683 0.008898 -0.067175
v 0.055904 0.015840 -0.063514
v 0.058957 0.012854 -0.094911
v 0.060076 0.015715 -0.073019
v 0.061369 0.014633 -0.084125
v 0.059857 0.015106 -0.073018
v 0.059669 0.014665 -0.073262
v 0.058618 0.012137 -0.094875
v 0.061557 0.015106 -0.084110
v 0.058477 0.011509 -0.094621
v 0.059217 0.014660 -0.095302
v 0.054686 0.011468 -0.104056
v 0.061761 0.015709 -0.084111
v 0.054763 0.012137 -0.104203
v 0.060595 0.011484 -0.084168
v 0.062037 0.017480 -0.084088
v 0.055241 0.012976 -0.104974
v 0.058924 0.011513 -0.074010
v 0.053449 0.012137 -0.105175
v 0.053340 0.011557 -0.105003
v 0.059857 0.017506 -0.095898
v 0.053908 0.012945 -0.105902
v 0.053149 0.009746 -0.104320
v 0.055365 0.014602 -0.105544
v 0.055947 0.017437 -0.106738
v 0.054498 0.009781 -0.103413
v 0.053615 0.008898 -0.102379
v 0.059397 0.015106 -0.095524
v 0.054595 0.017553 -0.107691
v 0.058136 0.009654 -0.094220
v 0.055471 0.015106 -0.105682
v 0.059616 0.015713 -0.095524
v 0.054005 0.014721 -0.106492
v 0.057363 0.008898 -0.094057
v 0.055824 0.015826 -0.106259
v 0.059445 0.008898 -0.084204
v 0.060222 0.009650 -0.084194
v 0.054168 0.015106 -0.106669
v 0.054496 0.015789 -0.107195
v 0.058584 0.009657 -0.074450
v 0.057806 0.008898 -0.074630
v 0.052299 0.008898 -0.103324
v 0.008861 0.044205 -0.114164
v 0.060463 0.020469 -0.096515
v 0.062670 0.020445 -0.084050
v -0.041311 0.017503 -0.106719
v -0.016705 0.008898 -0.105909
v 0.008747 0.008898 -0.106590
v -0.037719 0.008898 -0.103346
v 0.052299 0.008898 -0.103324
v 0.030865 0.008898 -0.105411
v -0.039033 0.008898 -0.102379
v 0.053615 0.008898 -0.102379
v -0.039101 0.008898 -0.067175
v -0.043224 0.008898 -0.074630
v 0.053683 0.008898 -0.067175
v -0.044863 0.008898 -0.084204
v -0.042781 0.008898 -0.094056
v 0.057806 0.008898 -0.074630
v -0.037719 0.008898 -0.066242
v 0.059445 0.008898 -0.084204
v 0.057363 0.008898 -0.094057
v 0.052299 0.008898 -0.066265
v -0.016705 0.008898 -0.063652
v 0.030865 0.008898 -0.064156
v 0.008812 0.008898 -0.062965
v 0.008813 0.029879 -0.055470
vn 0.3231 -0.4342 0.8409
vn 0.2674 0.6445 0.7164
vn 0.0827 -0.4274 0.9003
vn 0.0723 0.6035 0.7941
vn 0.0033 1.0000 0.0080
vn 0.0019 0.9999 0.0130
vn 0.0128 0.6063 0.7951
vn 0.0003 0.9999 0.0132
vn -0.0019 0.9999 0.0128
vn 0.3535 -0.0173 0.9353
vn -0.2849 0.5454 -0.7883
vn -0.0708 0.6082 0.7906
vn 0.0146 -0.4242 0.9055
vn 0.0087 1.0000 0.0030
vn -0.0039 1.0000 0.0080
vn 0.5754 0.6653 0.4756
vn -0.0814 -0.4286 0.8998
vn 0.3020 0.5482 -0.7799
vn 0.7214 -0.3783 0.5800
vn -0.2815 0.6464 0.7091
vn 0.0709 0.5325 -0.8434
vn 0.0160 -0.0134 0.9998
vn -0.3305 -0.4473 0.8310
vn 0.6325 0.5552 -0.5402
vn 0.0588 0.7076 -0.7042
vn -0.3511 -0.0178 0.9362
vn -0.0090 1.0000 0.0032
vn -0.0922 -0.0136 0.9957
vn 0.0929 -0.0139 0.9956
vn -0.0129 0.5321 -0.8466
vn 0.0217 0.9727 0.2311
vn -0.0214 0.9734 0.2281
vn -0.0107 0.7075 -0.7067
vn -0.0711 0.9792 0.1899
vn -0.0000 1.0000 -0.0000
vn 0.0761 0.9764 0.2020
vn -0.0190 0.9777 0.2093
vn -0.0599 0.7072 -0.7045
vn 0.0193 0.9776 0.2095
vn -0.1531 0.8244 0.5449
vn -0.0723 0.5293 -0.8453
vn 0.1394 0.8317 0.5375
vn 0.0038 0.9721 0.2347
vn 0.1993 0.9679 0.1528
vn -0.3099 0.4478 -0.8387
vn 0.1825 0.9713 0.1528
vn 0.0034 0.9778 0.2095
vn -0.6742 0.4488 -0.5866
vn -0.6702 0.7113 -0.2118
vn -0.6280 0.5551 -0.5454
vn 0.7805 0.0006 0.6252
vn -0.6742 0.4488 -0.5865
vn 0.7214 -0.3782 0.5801
vn -0.8049 0.5377 -0.2510
vn -0.7019 0.7122 0.0123
vn 0.0136 0.9999 0.0017
vn 0.0139 0.9999 -0.0001
vn -0.6769 0.7088 0.1985
vn -0.8489 0.5284 0.0149
vn 0.7825 0.6225 -0.0130
vn -0.0592 0.7072 0.7045
vn 0.7418 0.6344 0.2173
vn -0.2849 0.5454 -0.7882
vn -0.8133 0.5318 0.2361
vn 0.5754 0.6654 0.4756
vn 0.0138 0.9999 -0.0014
vn -0.6599 0.5538 0.5078
vn -0.7070 0.4486 0.5467
vn 0.7511 0.6276 -0.2047
vn -0.3258 0.4477 0.8327
vn 0.0085 1.0000 -0.0022
vn 0.5991 0.6676 -0.4420
vn -0.2993 0.5465 0.7821
vn -0.6598 0.5538 0.5078
vn -0.0716 0.5293 0.8454
vn -0.7070 0.4487 0.5467
vn -0.0105 0.7075 0.7067
vn 0.0020 0.9999 -0.0130
vn 0.0030 1.0000 -0.0075
vn -0.0126 0.5321 0.8466
vn 0.0717 0.6035 -0.7942
vn 0.0583 0.7076 0.7042
vn 0.2762 0.6493 -0.7086
vn 0.0854 -0.3400 -0.9365
vn 0.5990 0.6676 -0.4421
vn 0.0151 -0.3336 -0.9426
vn 0.3411 -0.3642 -0.8666
vn 0.0127 0.6063 -0.7951
vn 0.3563 -0.0143 -0.9342
vn -0.0703 0.6080 -0.7908
vn 0.7603 -0.3425 -0.5520
vn 0.6769 0.7088 0.1985
vn -0.0839 -0.3434 -0.9354
vn 0.8055 -0.0034 -0.5926
vn 0.7019 0.7122 0.0123
vn -0.0019 0.9999 -0.0128
vn 0.7602 -0.3425 -0.5521
vn 0.8133 0.5318 0.2361
vn 0.0003 0.9999 -0.0132
vn -0.2907 0.6497 -0.7023
vn 0.6640 0.5539 0.5024
vn -0.3458 -0.3881 -0.8543
vn 0.7110 0.4489 0.5413
vn 0.0703 0.5324 0.8436
vn -0.3495 -0.0149 -0.9368
vn -0.7898 -0.0190 -0.6130
vn -0.0911 0.0028 -0.9958
vn 0.3162 0.5492 0.7735
vn -0.7336 -0.4114 -0.5409
vn 0.0161 0.0045 -0.9999
vn 0.3432 0.4480 0.8255
vn -0.0036 1.0000 -0.0076
vn -0.0273 0.9556 -0.2934
vn 0.0049 0.9528 -0.3035
vn -0.0902 0.9667 -0.2393
vn 0.3163 0.5492 0.7735
vn 0.0921 0.0028 -0.9957
vn -0.0212 0.9699 -0.2424
vn -0.0035 1.0000 -0.0075
vn -0.0644 0.9815 -0.1806
vn -0.0089 1.0000 -0.0024
vn 0.0278 0.9541 -0.2980
vn 0.0040 0.9681 -0.2507
vn -0.0138 0.9999 -0.0014
vn 0.0993 0.9613 -0.2571
vn 0.0221 0.9691 -0.2455
vn -0.7511 0.6276 -0.2047
vn -0.0138 0.9999 -0.0001
vn 0.0636 0.9805 -0.1858
vn 0.2153 0.9624 -0.1659
vn -0.7825 0.6225 -0.0130
vn 0.8489 0.5284 0.0149
vn -0.6027 0.6652 -0.4408
vn -0.0136 0.9999 0.0017
vn -0.2908 0.6498 -0.7023
vn -0.7418 0.6344 0.2174
vn 0.8049 0.5377 -0.2510
vn 0.6702 0.7113 -0.2118
vn -0.5783 0.6644 0.4735
vn -0.2815 0.6465 0.7091
vn 0.6785 0.4490 -0.5813
vn -0.0039 1.0000 0.0081
vn 0.3276 0.4481 -0.8318
vn 0.3021 0.5482 -0.7799
vn -0.5783 0.6643 0.4735
vn -0.3305 -0.4474 0.8310
vn -0.2816 0.6465 0.7091
vn -0.6996 -0.4319 0.5692
vn -0.8808 -0.3952 0.2609
vn -0.7675 -0.0124 0.6410
vn -0.9555 -0.0026 0.2948
vn -0.3305 -0.4473 0.8311
vn -0.9218 -0.3873 -0.0151
vn -0.1507 0.9798 0.1311
vn -0.3512 -0.0178 0.9361
vn -0.9999 -0.0013 -0.0164
vn -0.7826 0.6224 -0.0130
vn -0.2164 0.9739 0.0687
vn -0.8886 -0.3889 -0.2433
vn -0.2572 0.9630 0.0812
vn -0.7512 0.6276 -0.2047
vn -0.2379 0.9713 -0.0039
vn -0.2070 0.9645 0.1638
vn -0.6028 0.6651 -0.4408
vn -0.2250 0.9722 -0.0641
vn -0.1532 0.8244 0.5449
vn -0.7337 -0.4114 -0.5408
vn -0.2182 0.9743 -0.0561
vn -0.9628 -0.0019 -0.2701
vn -0.2385 0.9711 -0.0039
vn -0.1739 0.9746 -0.1413
vn -0.1459 0.9843 -0.0993
vn -0.7899 -0.0190 -0.6130
vn -0.3457 -0.3881 -0.8543
vn -0.0903 0.9667 -0.2393
vn -0.3496 -0.0149 -0.9368
vn 0.9139 -0.3033 0.2697
vn 0.7806 0.0006 0.6251
vn 0.7418 0.6344 0.2174
vn 0.9564 0.0225 0.2913
vn 0.9599 -0.2800 -0.0157
vn 0.2755 0.9574 0.0866
vn 0.9995 0.0282 -0.0163
vn 0.7826 0.6224 -0.0130
vn 0.1825 0.9713 0.1527
vn 0.3087 0.9511 -0.0051
vn 0.9227 -0.2915 -0.2524
vn 0.2561 0.9634 0.0792
vn 0.7512 0.6276 -0.2047
vn 0.2884 0.9540 -0.0819
vn 0.5991 0.6676 -0.4421
vn 0.2436 0.9699 -0.0040
vn 0.9629 0.0245 -0.2688
vn 0.2245 0.9728 -0.0580
vn 0.2153 0.9624 -0.1658
vn 0.1517 0.9830 -0.1030
vn 0.0636 0.9805 -0.1857
vn 0.0993 0.9613 -0.2570
vn 0.0909 -0.0249 -0.9955
vn 0.3635 -0.0814 -0.9280
vn 0.0916 0.0078 -0.9958
vn 0.0163 0.0111 -0.9998
vn 0.3737 -0.0058 -0.9275
vn 0.0163 -0.0077 -0.9998
vn 0.3668 0.0575 -0.9285
vn 0.3602 0.1332 -0.9233
vn -0.0888 0.0062 -0.9960
vn 0.0910 0.0199 -0.9957
vn 0.0904 0.0758 -0.9930
vn -0.0883 -0.0260 -0.9958
vn 0.0905 0.1131 -0.9895
vn -0.3948 -0.0573 -0.9170
vn 0.0162 0.0616 -0.9980
vn 0.3685 0.1214 -0.9216
vn -0.3994 -0.0096 -0.9167
vn 0.3650 0.0297 -0.9305
vn 0.0161 0.0974 -0.9951
vn -0.8164 -0.0175 -0.5772
vn 0.0903 0.0784 -0.9928
vn -0.3971 0.0279 -0.9174
vn -0.8176 -0.0179 -0.5755
vn 0.3531 0.2199 -0.9094
vn 0.0324 0.0890 -0.9955
vn -0.8163 -0.0261 -0.5771
vn 0.0893 0.1595 -0.9832
vn -0.0881 0.0965 -0.9914
vn -0.0886 0.0192 -0.9959
vn 0.0909 0.0122 -0.9958
vn -0.0879 0.0807 -0.9929
vn 0.3758 0.0621 -0.9246
vn -0.1067 0.0618 -0.9924
vn -0.3939 0.1060 -0.9130
vn 0.0163 0.0066 -0.9998
vn 0.3816 -0.0763 -0.9212
vn 0.0163 -0.0772 -0.9969
vn 0.0899 -0.0732 -0.9933
vn 0.3467 0.3882 -0.8539
vn 0.0906 -0.0953 -0.9913
vn 0.0163 0.0098 -0.9998
vn 0.0163 -0.0430 -0.9989
vn 0.0162 -0.0624 -0.9979
vn 0.0915 -0.0467 -0.9947
vn 0.0844 0.3426 -0.9357
vn -0.0893 -0.0505 -0.9947
vn -0.8163 0.0335 -0.5767
vn -0.0883 -0.1012 -0.9909
vn 0.3601 0.2998 -0.8834
vn -0.3956 0.1327 -0.9088
vn -0.3909 -0.1491 -0.9083
vn 0.0868 0.2821 -0.9554
vn -0.3983 -0.0790 -0.9139
vn 0.3806 -0.0007 -0.9247
vn -0.3949 0.0728 -0.9158
vn -0.8126 -0.0979 -0.5746
vn 0.0902 0.0141 -0.9958
vn -0.8042 0.1473 -0.5758
vn -0.8134 -0.0876 -0.5750
vn 0.2981 0.5689 -0.7665
vn -0.8073 0.1365 -0.5741
vn -0.9679 0.0198 -0.2505
vn 0.0773 0.5091 -0.8573
vn -0.9612 0.1145 -0.2511
vn 0.0636 0.9805 -0.1859
vn -0.9406 0.2360 -0.2441
vn 0.0221 0.9691 -0.2456
vn -0.9942 0.1059 -0.0160
vn 0.0040 0.9680 -0.2507
vn -0.9649 -0.0849 -0.2487
vn 0.0138 0.5050 -0.8630
vn -0.9622 0.2718 -0.0154
vn -0.0212 0.9699 -0.2425
vn -0.9653 0.0740 -0.2503
vn -0.9358 0.2375 0.2605
vn -0.0751 0.5129 -0.8551
vn -0.9665 0.0635 -0.2487
vn -0.9569 0.1103 0.2686
vn -0.0644 0.9814 -0.1807
vn -0.9912 -0.1313 -0.0159
vn -0.9955 0.0934 -0.0159
vn -0.7806 0.1261 0.6122
vn -0.3104 0.5746 -0.7572
vn -0.9599 -0.0931 0.2646
vn -0.1460 0.9843 -0.0993
vn -0.9999 -0.0059 -0.0160
vn -0.9624 0.0614 0.2646
vn -0.6572 0.5946 -0.4633
vn -0.9679 -0.0094 -0.2513
vn -0.8135 0.5412 -0.2130
vn -0.9633 -0.0173 0.2678
vn -0.9666 0.0158 -0.2559
vn -0.7893 -0.0392 0.6127
vn -0.8152 -0.0146 -0.5791
vn -0.7759 -0.0396 0.6297
vn -0.9323 0.2658 -0.2452
vn -0.3996 -0.0175 -0.9165
vn -0.7789 -0.0362 0.6261
vn -0.4388 -0.0424 0.8976
vn -0.9995 0.0262 -0.0161
vn -0.7812 0.3033 -0.5457
vn -0.8477 0.5304 -0.0138
vn -0.9668 0.2552 -0.0156
vn -0.2386 0.9711 -0.0039
vn -0.0884 0.0112 -0.9960
vn -0.8056 0.5416 0.2402
vn -0.2183 0.9743 -0.0561
vn -0.0846 0.2843 -0.9550
vn -0.9602 0.0476 0.2752
vn -0.3739 0.3059 -0.8755
vn -0.9345 0.2363 0.2660
vn 0.0161 0.0224 -0.9996
vn -0.7798 0.1777 0.6003
vn -0.3494 0.4062 -0.8444
vn -0.9047 0.3422 0.2536
vn -0.7444 0.4120 -0.5255
vn -0.9457 0.3246 -0.0152
vn -0.9099 0.3430 -0.2332
vn -0.0817 0.3482 -0.9338
vn -0.6669 0.4126 0.6205
vn -0.0873 -0.0803 -0.9929
vn -0.9984 0.0536 -0.0160
vn -0.3387 0.1572 0.9277
vn -0.7362 -0.0411 0.6755
vn -0.7275 -0.0185 0.6859
vn -0.9626 0.0399 0.2679
vn -0.5618 0.6041 0.5652
vn 0.0155 0.2835 -0.9588
vn -0.9999 -0.0027 -0.0159
vn -0.9683 0.0191 -0.2492
vn -0.2071 0.9645 0.1639
vn -0.9675 0.0011 -0.2528
vn -0.1531 0.8244 0.5448
vn -0.9627 0.0020 0.2704
vn -0.2572 0.9629 0.0812
vn -0.7920 0.0112 0.6104
vn -0.9611 0.0699 0.2673
vn -0.9992 0.0376 -0.0159
vn -0.7650 0.1885 0.6158
vn -0.3939 0.1048 0.9132
vn -0.8208 0.0045 -0.5712
vn -0.4392 0.0847 0.8944
vn -0.7654 0.1551 0.6245
vn -0.0901 0.0560 0.9944
vn -0.8134 -0.0765 -0.5766
vn -0.0909 0.1298 0.9874
vn -0.3960 0.0074 -0.9182
vn 0.0156 0.0495 0.9986
vn -0.0901 -0.0344 0.9953
vn -0.7787 0.0219 0.6270
vn -0.3864 -0.1192 -0.9146
vn 0.0139 0.1072 0.9941
vn -0.0966 0.0892 0.9913
vn -0.0886 0.0099 -0.9960
vn -0.0823 0.5385 0.8386
vn -0.4354 -0.0967 0.8950
vn 0.0132 0.0567 0.9983
vn 0.0161 0.1528 -0.9881
vn -0.0904 -0.0697 0.9935
vn 0.0161 -0.0666 0.9977
vn -0.4338 -0.1133 0.8938
vn 0.0123 0.5243 0.8514
vn 0.0161 -0.0333 0.9993
vn -0.0905 -0.0816 0.9925
vn 0.0820 0.5610 0.8237
vn 0.0981 0.1044 0.9897
vn 0.0034 0.9778 0.2096
vn 0.1394 0.8317 0.5374
vn 0.0916 0.0491 0.9946
vn 0.0914 -0.0340 0.9952
vn 0.0930 0.1094 0.9896
vn 0.3307 0.1616 0.9298
vn 0.4040 0.0817 0.9111
vn 0.5622 0.6049 0.5640
vn 0.0919 -0.0712 0.9932
vn 0.3752 0.1334 0.9173
vn 0.1994 0.9679 0.1528
vn 0.3983 -0.1009 0.9117
vn 0.8131 0.5305 0.2397
vn 0.3977 -0.1110 0.9108
vn 0.4026 -0.0412 0.9144
vn 0.7232 -0.0049 0.6906
vn 0.7426 -0.2339 0.6275
vn 0.2562 0.9634 0.0792
vn 0.9589 0.0725 0.2744
vn 0.7775 0.1798 0.6026
vn 0.7621 -0.0059 0.6474
vn 0.2437 0.9698 -0.0040
vn 0.7805 -0.1210 0.6134
vn 0.7750 -0.1604 0.6112
vn 0.8552 0.5181 -0.0140
vn 0.7482 -0.2080 0.6300
vn 0.9501 -0.1607 0.2673
vn 0.8210 0.5286 -0.2158
vn 0.7634 0.0225 0.6455
vn 0.9533 -0.1454 0.2648
vn 0.9981 0.0596 -0.0161
vn 0.9603 -0.0787 0.2676
vn 0.9652 0.0518 -0.2564
vn 0.7861 -0.0376 0.6170
vn 0.6611 0.5845 -0.4704
vn 0.7635 -0.0938 0.6389
vn 0.9583 -0.0971 0.2686
vn 0.8104 0.0205 -0.5855
vn 0.9965 -0.0824 -0.0159
vn 0.9446 0.2140 -0.2487
vn 0.1518 0.9830 -0.1031
vn 0.9590 -0.1008 0.2649
vn 0.9815 0.1907 -0.0159
vn 0.2245 0.9727 -0.0580
vn 0.9979 -0.0620 -0.0160
vn 0.9642 -0.0925 -0.2485
vn 0.9988 -0.0453 -0.0159
vn 0.9640 -0.0866 -0.2514
vn 0.9433 0.1994 0.2653
vn 0.9635 -0.0312 0.2658
vn 0.9655 -0.0720 -0.2503
vn 0.9999 -0.0051 -0.0159
vn 0.7940 -0.1773 -0.5815
vn 0.8059 -0.0027 -0.5920
vn 0.9279 0.2715 0.2556
vn 0.8069 0.0428 -0.5891
vn 0.8071 -0.0979 -0.5823
vn 0.6856 0.3790 0.6216
vn 0.3669 0.0575 -0.9285
vn 0.3581 -0.1698 -0.9181
vn 0.3707 -0.0745 -0.9258
vn 0.9706 0.2403 -0.0157
vn 0.3674 0.0206 -0.9298
vn 0.9518 0.1548 0.2649
vn 0.3738 -0.0058 -0.9275
vn 0.9329 0.2685 -0.2400
vn 0.9816 0.1900 -0.0158
vn 0.7389 0.0443 0.6723
vn 0.8124 -0.0153 -0.5828
vn 0.3636 -0.0814 -0.9280
vn 0.9683 -0.0178 -0.2491
vn 0.7752 0.1667 0.6093
vn 0.9681 -0.0082 -0.2505
vn 0.7849 0.2784 -0.5535
vn 0.7428 0.2451 0.6230
vn 0.8043 -0.0802 -0.5887
vn 0.9435 0.1979 0.2657
vn 0.8007 0.1243 -0.5860
vn 0.3602 0.2998 -0.8834
vn 0.9789 0.2038 -0.0156
vn 0.3603 0.1332 -0.9233
vn 0.7641 0.3630 -0.5333
vn 0.3686 0.1214 -0.9216
vn 0.9571 0.1500 -0.2478
vn 0.8033 0.1261 -0.5820
vn 0.9487 0.1955 -0.2483
vn 0.9680 0.0361 -0.2483
vn 0.8033 0.0422 -0.5940
vn 0.8055 0.1546 -0.5720
vn 0.3817 -0.0763 -0.9211
vn 0.9616 0.1142 -0.2497
vn 0.8161 0.0277 -0.5773
vn 0.3651 0.0297 -0.9305
vn 0.9935 0.1127 -0.0159
vn 0.9620 0.1132 -0.2486
vn 0.7871 0.2208 -0.5760
vn 0.9999 -0.0010 -0.0160
vn 0.3759 0.0621 -0.9246
vn 0.9997 0.0171 -0.0159
vn 0.3532 0.2199 -0.9093
vn 0.9888 0.1487 -0.0158
vn 0.9639 0.0311 0.2646
vn 0.9585 0.1409 -0.2478
vn 0.9686 -0.0115 -0.2484
vn 0.9569 0.1154 0.2665
vn 0.9936 0.1122 -0.0158
vn 0.7613 0.1246 0.6363
vn 0.9566 0.1193 0.2658
vn 0.7632 0.0529 0.6440
vn 0.9542 0.1399 0.2644
vn 0.7800 0.1231 0.6135
vn 0.9643 -0.0098 0.2647
vn 0.9634 -0.0162 0.2674
vn -0.3806 -0.4251 0.8212
vn -0.7145 -0.3815 0.5865
vn -0.6926 -0.4629 0.5533
vn -0.6998 -0.3896 0.5988
vn -0.9415 -0.2033 0.2687
vn -0.7325 -0.2992 0.6115
vn -0.8927 -0.3677 0.2605
vn -0.4100 -0.3051 0.8595
vn -0.9216 -0.2850 0.2635
vn -0.8924 -0.3669 0.2627
vn -0.0861 -0.2768 0.9571
vn -0.6824 -0.4543 0.5726
vn -0.9486 -0.3159 -0.0161
vn -0.0792 -0.4101 0.9086
vn -0.9902 -0.1385 -0.0165
vn -0.9215 -0.2782 0.2711
vn 0.0154 -0.2789 0.9602
vn -0.9490 -0.1896 -0.2521
vn -0.6559 -0.5295 0.5380
vn 0.0142 -0.4164 0.9091
vn -0.9050 -0.3478 -0.2448
vn -0.3587 -0.4721 0.8053
vn 0.0160 -0.1383 0.9903
vn -0.7286 -0.4450 -0.5207
vn 0.0807 -0.4044 0.9110
vn -0.9035 -0.3512 -0.2458
vn -0.7711 -0.3335 -0.5424
vn -0.0743 -0.4500 0.8899
vn -0.9326 -0.3604 -0.0160
vn -0.9315 -0.2667 -0.2475
vn -0.3288 -0.4834 0.8113
vn -0.7840 -0.2524 -0.5671
vn -0.0690 -0.4923 0.8677
vn -0.9242 -0.2924 -0.2456
vn 0.0134 -0.4555 0.8902
vn -0.2024 -0.7749 0.5988
vn -0.9768 -0.2134 -0.0169
vn -0.7641 -0.3466 -0.5440
vn -0.0496 -0.7662 0.6407
vn -0.9204 -0.3907 -0.0163
vn -0.3684 -0.3630 -0.8559
vn 0.0124 -0.4972 0.8675
vn -0.8587 -0.4420 0.2596
vn -0.3807 -0.2604 -0.8873
vn 0.0089 -0.7684 0.6399
vn -0.0830 -0.3506 -0.9328
vn 0.0506 -0.7631 0.6443
vn -0.6802 -0.4157 0.6038
vn -0.3753 -0.2946 -0.8788
vn 0.0703 -0.4869 0.8706
vn -0.8825 -0.3844 0.2709
vn -0.0852 -0.2459 -0.9656
vn -0.9262 -0.3766 -0.0166
vn 0.0150 -0.3554 -0.9346
vn 0.0756 -0.4441 0.8928
vn -0.8928 -0.3729 -0.2529
vn 0.0156 -0.2361 -0.9716
vn 0.3037 -0.4765 0.8250
vn -0.9217 -0.2846 -0.2637
vn 0.0867 -0.2468 -0.9652
vn 0.3340 -0.4543 0.8258
vn -0.8709 -0.4270 -0.2434
vn 0.0160 -0.1423 -0.9897
vn -0.9299 -0.2662 -0.2538
vn 0.0845 -0.3440 -0.9352
vn 0.0851 -0.2871 -0.9541
vn 0.3456 -0.3545 -0.8689
vn -0.6806 -0.5397 -0.4955
vn 0.3435 -0.3098 -0.8866
vn 0.3561 -0.2311 -0.9054
vn -0.7300 -0.4061 -0.5497
vn 0.0892 -0.1237 -0.9883
vn -0.7408 -0.4146 -0.5285
vn 0.0151 -0.3171 -0.9483
vn 0.3658 -0.0928 -0.9261
vn -0.3064 -0.5916 -0.7457
vn 0.3241 -0.4301 -0.8426
vn 0.0885 -0.2011 -0.9756
vn -0.3341 -0.4859 -0.8076
vn -0.3390 -0.4401 -0.8315
vn 0.0798 -0.4004 -0.9129
vn -0.0723 -0.4698 -0.8798
vn -0.0663 -0.5858 -0.8077
vn 0.3217 -0.4679 -0.8232
vn 0.0144 -0.4041 -0.9146
vn -0.0713 -0.4643 -0.8828
vn 0.0761 -0.4773 -0.8754
vn 0.0135 -0.4944 -0.8691
vn 0.0120 -0.5918 -0.8060
vn 0.3411 -0.3068 -0.8885
vn 0.0133 -0.4712 -0.8819
vn 0.0129 -0.4787 -0.8779
vn 0.0792 -0.3654 -0.9275
vn 0.0737 -0.4664 -0.8815
vn -0.0668 -0.5274 -0.8470
vn 0.3085 -0.4865 -0.8174
vn 0.0141 -0.3933 -0.9193
vn -0.3189 -0.5325 -0.7841
vn -0.0775 -0.3777 -0.9227
vn -0.3137 -0.5473 -0.7759
vn -0.0744 -0.4863 -0.8706
vn -0.7237 -0.4443 -0.5281
vn -0.0654 -0.5422 -0.8377
vn 0.2925 -0.5739 -0.7649
vn -0.3597 -0.3595 -0.8610
vn -0.6987 -0.4892 -0.5221
vn 0.0118 -0.5476 -0.8366
vn -0.3401 -0.4899 -0.8027
vn 0.0122 -0.5309 -0.8473
vn -0.3567 -0.4119 -0.8385
vn 0.0678 -0.5248 -0.8485
vn -0.8917 -0.3681 -0.2635
vn -0.7424 -0.3436 -0.5751
vn 0.0667 -0.5359 -0.8417
vn 0.0714 -0.3880 -0.9189
vn 0.2969 -0.5385 -0.7886
vn -0.9126 -0.3029 -0.2745
vn 0.2922 -0.5399 -0.7894
vn -0.0835 -0.2977 -0.9510
vn -0.9460 -0.3238 -0.0175
vn 0.0726 -0.4544 -0.8878
vn -0.9544 -0.2981 -0.0179
vn 0.3209 -0.4081 -0.8547
vn -0.8341 -0.4893 -0.2547
vn 0.0677 -0.5779 -0.8133
vn -0.6449 -0.5839 -0.4931
vn -0.0783 -0.4022 -0.9122
vn -0.2851 -0.6239 -0.7277
vn -0.3440 -0.3774 -0.8598
vn -0.3371 -0.9063 -0.2551
vn -0.1442 -0.9151 -0.3765
vn -0.0591 -0.6084 -0.7914
vn -0.4825 -0.8629 -0.1506
vn -0.0702 -0.3966 -0.9153
vn -0.5292 -0.8484 -0.0104
vn -0.0322 -0.8990 -0.4367
vn -0.8855 -0.4644 -0.0170
vn 0.0108 -0.6113 -0.7913
vn -0.8251 -0.4970 0.2687
vn 0.0127 -0.4089 -0.9125
vn -0.4741 -0.8664 0.1570
vn 0.0059 -0.8980 -0.4399
vn -0.3231 -0.9040 0.2801
vn -0.9034 -0.3140 0.2919
vn 0.0601 -0.6051 -0.7939
vn -0.5596 -0.6178 0.5524
vn 0.0329 -0.8981 -0.4386
vn 0.2644 -0.6255 -0.7341
vn 0.3256 -0.3526 -0.8773
vn 0.1328 -0.9181 -0.3735
vn -0.6664 -0.3724 0.6460
vn -0.8818 -0.3796 0.2800
vn -0.9140 -0.2926 0.2811
vn -0.6705 -0.4775 0.5677
vn -0.9732 -0.2294 -0.0176
vn -0.6648 -0.4715 0.5795
vn 0.6813 -0.4423 0.5833
vn 0.3536 -0.4065 0.8424
vn 0.7029 -0.4279 0.5681
vn 0.9189 -0.2956 0.2611
vn 0.7204 -0.2794 0.6347
vn 0.3777 -0.2992 0.8763
vn 0.8996 -0.3496 0.2617
vn 0.7333 -0.2469 0.6335
vn 0.0875 -0.2730 0.9580
vn 0.9514 -0.3074 -0.0161
vn 0.9328 -0.2341 0.2739
vn 0.9375 -0.2226 0.2676
vn 0.9688 -0.2473 -0.0161
vn 0.9140 -0.3109 0.2607
vn 0.9267 -0.2845 -0.2453
vn 0.9572 -0.2890 -0.0155
vn 0.7313 -0.3532 0.5835
vn 0.0910 -0.1397 0.9860
vn 0.9116 -0.3294 -0.2460
vn 0.7195 -0.3259 0.6133
vn 0.0159 -0.1052 0.9943
vn 0.7333 -0.4165 -0.5374
vn 0.9354 -0.2375 0.2620
vn 0.0917 -0.1038 0.9904
vn 0.7417 -0.3958 -0.5414
vn 0.9764 -0.2155 -0.0156
vn -0.0899 -0.1055 0.9904
vn 0.3218 -0.4679 -0.8231
vn 0.9393 -0.2402 -0.2452
vn -0.0894 -0.1406 0.9860
vn 0.3243 -0.4301 -0.8425
vn 0.9805 -0.1959 -0.0158
vn 0.7853 -0.2000 -0.5859
vn 0.9486 -0.1704 0.2668
vn 0.9649 -0.2622 -0.0155
vn -0.4267 -0.1983 0.8824
vn 0.7590 -0.3444 -0.5526
vn 0.9281 -0.2652 0.2615
vn -0.7436 -0.2791 0.6075
vn 0.9224 -0.2988 -0.2447
vn 0.9396 -0.2218 0.2606
vn 0.9803 -0.1968 -0.0157
vn 0.7292 -0.3056 0.6123
vn -0.4322 -0.1571 0.8880
vn 0.7588 -0.1000 0.6436
vn -0.7562 -0.2422 0.6079
vn 0.7659 -0.3163 -0.5597
vn 0.7556 -0.2685 0.5976
vn 0.3436 -0.3098 -0.8865
vn 0.7541 -0.1103 0.6474
vn 0.0161 -0.0795 0.9967
vn 0.9536 -0.1682 -0.2495
vn 0.3923 -0.1865 0.9007
vn 0.7988 -0.1131 -0.5909
vn 0.3974 -0.1453 0.9061
vn 0.9324 -0.2660 -0.2445
vn 0.7631 -0.2311 0.6035
vn 0.9432 -0.2256 -0.2441
vn 0.7375 -0.2579 0.6242
vn 0.9322 -0.2493 0.2623
vn 0.7772 -0.2798 -0.5636
vn 0.9472 -0.1837 0.2628
vn 0.7690 -0.2997 -0.5647
vn 0.9667 -0.2553 -0.0155
vn 0.3445 -0.2725 -0.8984
vn 0.9508 -0.1866 -0.2474
vn 0.9569 -0.1138 0.2673
vn 0.9458 -0.1883 0.2646
vn 0.9752 -0.2206 -0.0157
vn 0.7610 -0.0284 0.6481
vn 0.9365 -0.2510 -0.2450
vn 0.9873 -0.1581 -0.0157
vn 0.9509 -0.1879 -0.2459
vn 0.9897 -0.1425 -0.0158
vn 0.9868 -0.1613 -0.0157
vn 0.0922 -0.0803 0.9925
vn 0.9931 -0.1165 -0.0159
vn 0.9580 -0.1442 -0.2479
vn 0.9947 -0.1019 -0.0159
vn 0.9616 -0.1132 -0.2499
vn 0.9551 -0.1595 -0.2499
vn 0.8000 -0.1619 -0.5777
vn 0.8048 -0.0415 -0.5921
vn 0.7867 -0.2195 -0.5770
vn 0.7794 -0.2581 -0.5709
vn 0.7857 -0.2438 -0.5685
vn 0.3683 -0.1292 -0.9207
vn 0.3510 -0.2398 -0.9052
vn 0.3547 -0.2062 -0.9120
vn 0.3677 -0.0112 -0.9299
vn 0.3634 -0.1985 -0.9103
vn 0.7991 -0.1101 -0.5910
vn 0.3656 -0.0678 -0.9283
vn 0.3573 -0.2426 -0.9019
vn 0.3659 -0.0928 -0.9260
vn 0.3456 -0.3545 -0.8688
vn -0.7671 -0.1573 0.6220
vn -0.7784 -0.1534 0.6087
vn -0.7687 -0.1012 0.6315
vn -0.9622 -0.0453 0.2684
vn -0.9439 -0.1971 0.2648
vn -0.9527 -0.1402 0.2697
vn -0.9593 -0.0918 0.2672
vn -0.7625 -0.1881 0.6190
vn -0.7717 -0.0771 0.6312
vn -0.9911 -0.1318 -0.0159
vn -0.7842 -0.1046 0.6117
vn -0.9998 -0.0078 -0.0160
vn -0.7622 -0.2465 0.5985
vn -0.7720 -0.1191 0.6243
vn -0.9669 -0.0457 -0.2511
vn -0.9312 -0.2517 0.2636
vn -0.9635 0.0147 0.2674
vn -0.9555 -0.1589 -0.2485
vn -0.9677 -0.2517 -0.0156
vn -0.9603 -0.0663 0.2709
vn -0.9576 -0.1404 -0.2515
vn -0.9210 -0.2911 0.2590
vn -0.9501 -0.1633 0.2657
vn -0.8065 -0.1560 -0.5703
vn -0.9980 -0.0611 -0.0160
vn -0.9988 -0.0462 -0.0160
vn -0.8074 -0.1486 -0.5710
vn -0.9735 -0.2281 -0.0156
vn -0.9979 0.0628 -0.0159
vn -0.3957 -0.1335 -0.9086
vn -0.9634 -0.0964 -0.2500
vn -0.9583 -0.1076 0.2646
vn -0.3880 -0.1867 -0.9025
vn -0.9487 -0.1970 -0.2474
vn -0.9918 -0.1268 -0.0159
vn -0.0880 -0.1401 -0.9862
vn -0.3978 -0.0090 -0.9174
vn -0.9636 -0.0983 -0.2486
vn -0.8125 -0.0757 -0.5781
vn -0.9656 -0.0594 -0.2530
vn -0.9815 -0.1906 -0.0157
vn -0.0891 -0.0166 -0.9959
vn 0.0163 -0.0325 -0.9993
vn 0.0910 -0.0171 -0.9957
vn 0.0162 -0.1205 -0.9926
vn -0.0889 -0.1035 -0.9907
vn 0.3674 0.0206 -0.9299
vn 0.3706 -0.0745 -0.9258
vn 0.3546 -0.2062 -0.9120
vn 0.0163 -0.1001 -0.9948
vn -0.3975 -0.0392 -0.9168
vn 0.3580 -0.1698 -0.9181
vn 0.0899 -0.1353 -0.9867
vn -0.8092 -0.1114 -0.5768
vn -0.0888 -0.0445 -0.9951
vn -0.8019 -0.1909 -0.5661
vn 0.0162 -0.0608 -0.9980
vn -0.3843 -0.2213 -0.8963
vn 0.0905 -0.0448 -0.9949
vn -0.0870 -0.1748 -0.9808
vn 0.0908 -0.1004 -0.9908
vn -0.3894 -0.2104 -0.8967
vn -0.7885 -0.2567 -0.5589
vn -0.0874 -0.1685 -0.9818
vn -0.9355 -0.2540 -0.2457
vn 0.0160 -0.1567 -0.9875
vn 0.3682 -0.1292 -0.9207
vn 0.3676 -0.0112 -0.9299
vn -0.9259 -0.2902 -0.2419
vn 0.0160 -0.1684 -0.9856
vn -0.9456 -0.3250 -0.0152
vn -0.0880 -0.0935 -0.9917
vn 0.0889 -0.1693 -0.9815
vn -0.3947 -0.1041 -0.9129
vn -0.9585 -0.1387 -0.2489
vn 0.0161 -0.1117 -0.9936
vn -0.7932 -0.2387 -0.5602
vn -0.0865 -0.1881 -0.9783
vn 0.0895 -0.1656 -0.9821
vn -0.7966 -0.1987 -0.5709
vn -0.3786 -0.2508 -0.8909
vn 0.3509 -0.2398 -0.9052
vn -0.0869 -0.2058 -0.9747
vn 0.3633 -0.1985 -0.9103
vn 0.0159 -0.2007 -0.9795
vn -0.3826 -0.2555 -0.8879
vn 0.0159 -0.1734 -0.9847
vn 0.0897 -0.0944 -0.9915
vn -0.3932 -0.1353 -0.9095
vn 0.0881 -0.1903 -0.9778
vn -0.0876 -0.1324 -0.9873
vn -0.7964 -0.1981 -0.5714
vn 0.3445 -0.2724 -0.8984
vn -0.7805 -0.2904 -0.5535
vn -0.9328 -0.2640 -0.2454
vn 0.3572 -0.2426 -0.9020
vn -0.9318 -0.2683 -0.2446
vn -0.9677 -0.2516 -0.0156
vn -0.7865 -0.2720 -0.5545
vn -0.9949 -0.0995 -0.0160
vn -0.9546 -0.1345 0.2659
vn -0.9519 -0.1781 -0.2492
vn -0.9284 -0.2623 0.2630
vn -0.9547 -0.2972 -0.0154
vn -0.7588 -0.1933 0.6220
vn -0.7552 -0.2817 0.5919
vn -0.9266 -0.2698 0.2618
vn -0.9891 -0.1466 -0.0159
vn -0.9478 -0.1752 0.2663
vn -0.7539 -0.1990 0.6261
vn -0.9607 -0.2772 -0.0156
vn -0.9162 -0.3034 0.2618
vn -0.7339 -0.3569 0.5780
vn -0.9601 -0.2791 -0.0158
vn 0.3807 -0.0007 -0.9247
vn -0.1459 0.9843 -0.0992
vn -0.1739 0.9746 -0.1412
vn -0.3855 0.2102 -0.8984
vn -0.8050 0.1732 -0.5675
vn -0.0871 0.1702 -0.9815
vn 0.6688 -0.4725 0.5740
vn 0.6385 -0.5075 0.5786
vn 0.6722 -0.3237 0.6658
vn 0.8956 -0.3501 0.2746
vn 0.8776 -0.3903 0.2785
vn 0.5430 -0.6315 0.5536
vn 0.6920 -0.3488 0.6320
vn 0.9389 -0.3439 -0.0173
vn 0.1822 -0.7771 0.6024
vn 0.6680 -0.4964 0.5545
vn 0.9536 -0.3006 -0.0172
vn 0.3042 -0.9141 0.2680
vn 0.6649 -0.4701 0.5804
vn 0.9033 -0.3431 -0.2576
vn 0.9147 -0.3023 0.2683
vn 0.9559 -0.2931 -0.0171
vn 0.8704 -0.4163 0.2628
vn 0.9110 -0.3039 0.2790
vn 0.8876 -0.3788 -0.2621
vn 0.9289 -0.3699 -0.0164
vn 0.9293 -0.2417 -0.2791
vn 0.9208 -0.2905 -0.2603
vn 0.7484 -0.2956 -0.5938
vn 0.9691 -0.2462 -0.0168
vn 0.6945 -0.4865 -0.5300
vn 0.9717 -0.2355 -0.0181
vn 0.9748 -0.2224 -0.0166
vn 0.7010 -0.4784 -0.5289
vn 0.9205 -0.2537 0.2971
vn 0.2969 -0.5384 -0.7886
vn 0.3257 -0.3526 -0.8773
vn 0.9424 -0.2157 -0.2558
vn 0.2923 -0.5399 -0.7894
vn 0.2645 -0.6255 -0.7340
vn 0.7429 -0.3419 -0.5755
vn 0.7726 -0.2450 -0.5858
vn 0.6310 -0.5968 -0.4957
vn 0.3166 -0.9167 -0.2437
vn 0.8825 -0.4006 -0.2465
vn 0.3412 -0.3068 -0.8885
vn 0.8230 -0.5097 -0.2508
vn 0.6888 -0.5130 -0.5122
vn 0.9229 -0.2915 -0.2516
vn 0.3210 -0.4081 -0.8546
vn 0.4488 -0.8826 -0.1400
vn 0.7273 -0.4282 -0.5364
vn 0.4895 -0.8719 -0.0096
vn 0.8718 -0.4896 -0.0167
vn 0.3086 -0.4865 -0.8174
vn 0.8142 -0.5167 0.2647
vn 0.4414 -0.8853 0.1462
vn 0.1329 -0.9181 -0.3734
vn 0.0152 0.3372 -0.9413
vn 0.9464 -0.2034 -0.2510
vn 0.9764 -0.2154 -0.0160
vn -0.7530 -0.3551 -0.5540
vn -0.0322 -0.8991 -0.4366
vn 0.0059 -0.8981 -0.4398
vn 0.1328 -0.9181 -0.3734
vn 0.0330 -0.8981 -0.4385
vn -0.3370 -0.9063 -0.2550
vn -0.3231 -0.9040 0.2800
vn -0.4741 -0.8664 0.1569
vn 0.3042 -0.9142 0.2679
vn -0.5291 -0.8485 -0.0104
vn 0.4413 -0.8853 0.1462
vn -0.2025 -0.7748 0.5989
vn 0.4895 -0.8720 -0.0096
vn 0.1822 -0.7771 0.6025
vt 4.476448 -0.294346
vt 4.466393 -0.246114
vt 2.461247 -0.294346
vt 2.461247 -0.246114
vt 4.452474 -0.246114
vt 0.385854 -0.246114
vt -2.002343 -0.246114
vt 4.470776 -0.328642
vt 4.461611 -0.246114
vt -2.002344 -0.246114
vt 0.385854 -0.294346
vt 4.559808 -0.246114
vt -3.956565 -0.246114
vt -2.002349 -0.294346
vt -3.964260 -0.246114
vt 4.559808 -0.293453
vt -3.969142 -0.246114
vt 0.385854 -0.328642
vt -3.974305 -0.294346
vt -4.061277 -0.246114
vt -3.963986 -0.328642
vt -2.002344 -0.328642
vt 2.461247 -0.328642
vt 2.461247 -0.332732
vt -2.002343 -0.332733
vt -3.956306 -0.332733
vt 0.385854 0.047116
vt 4.464941 -0.332733
vt -2.002343 -0.344954
vt 2.461247 -0.344954
vt -3.962921 -0.344954
vt 4.466438 -0.344953
vt 0.385854 -0.332733
vt 4.559808 -0.337132
vt 4.471927 -0.246114
vt 4.559808 -0.332733
vt 0.385854 -0.344954
vt 4.559808 -0.219306
vt 4.559808 -0.330286
vt 4.559808 0.047116
vt 4.559808 -0.328642
vt 2.461247 0.047116
vt 4.559808 -0.218477
vt 4.559806 -0.246114
vt 4.559811 -0.300921
vt 4.559808 0.386428
vt 4.559811 0.047116
vt 2.461247 0.386428
vt 4.559808 0.735619
vt 0.385854 0.386428
vt 4.559808 -0.219293
vt 2.461247 0.735619
vt 2.461247 1.060840
vt 4.559808 0.735620
vt 4.559808 -0.221569
vt 4.559808 1.031804
vt 4.559808 1.033095
vt 4.559808 0.735619
vt 4.471915 1.060840
vt 4.559808 1.032272
vt 4.559808 1.035148
vt 4.461583 1.060840
vt 4.559808 1.060840
vt 4.559801 1.060840
vt 0.385854 1.060840
vt 4.452365 1.060840
vt 0.385854 0.735619
vt -2.002343 1.060840
vt 4.466336 1.060840
vt 2.461247 1.109072
vt -2.002343 0.735619
vt 0.385854 1.109072
vt 4.475690 1.109072
vt -2.002343 0.386428
vt 4.468088 1.143368
vt -2.002343 0.047116
vt -2.002342 1.060840
vt 4.559808 1.108182
vt -4.061277 0.735619
vt -2.002343 1.109071
vt 4.559808 1.143368
vt -4.061277 0.386428
vt -2.002351 1.060840
vt 4.559808 1.114583
vt -3.969102 1.060840
vt -4.061277 1.031804
vt -3.972025 1.109072
vt -4.061277 1.033095
vt -3.957664 1.143368
vt -4.061277 1.143368
vt -2.002510 1.143368
vt -3.964207 1.060840
vt -4.061277 1.114646
vt 0.385854 1.143368
vt -3.973677 1.060840
vt -3.956460 1.060840
vt -2.002395 1.147458
vt -4.061277 1.060839
vt 0.385854 1.147458
vt -3.939811 1.147458
vt -4.061277 1.060840
vt 2.461247 1.143368
vt -2.002343 1.159679
vt -3.945672 1.159679
vt -4.061277 1.032271
vt 2.461247 1.147458
vt 0.385854 1.159679
vt 4.454187 1.147458
vt 2.461247 1.159679
vt 4.453906 1.159679
vt 4.559808 1.145308
vt -4.061277 1.035148
vt -4.061277 0.047116
vt -4.061277 -0.219294
vt -4.061277 -0.221569
vt -4.061277 -0.218477
vt -4.061277 -0.219306
vt -4.061277 -0.246113
vt -4.223197 -0.246114
vt -4.061277 -0.293193
vt -3.973691 -0.246114
vt -4.222201 -0.294345
vt -5.995517 -0.294346
vt -4.243948 -0.328642
vt -5.995517 -0.246114
vt -5.995517 -0.328642
vt -4.061277 -0.300693
vt -8.233728 -0.294346
vt -4.240085 -0.332733
vt -4.061277 -0.328642
vt -8.233728 -0.328642
vt -8.233728 -0.246114
vt -4.061277 -0.329881
vt -5.995517 -0.332733
vt -10.537102 -0.294346
vt -5.995517 -0.344954
vt -10.537102 -0.246114
vt -8.233728 -0.332733
vt -4.227416 -0.344954
vt -12.512878 -0.246114
vt -10.537102 -0.332733
vt -4.061277 -0.338509
vt -12.520938 -0.294346
vt -10.537102 -0.344954
vt -10.537125 -0.328642
vt -4.061277 -0.332733
vt -8.233728 -0.344954
vt -12.508072 -0.332733
vt -12.517989 -0.344954
vt -12.506752 -0.328642
vt -12.682364 -0.293125
vt -12.682364 -0.246114
vt -12.682364 -0.329366
vt -12.682364 -0.328642
vt 4.726816 -0.294346
vt 6.494051 -0.294346
vt 4.721727 -0.246114
vt 4.753241 -0.328642
vt 6.494051 -0.246114
vt 6.494046 -0.328642
vt 8.732260 -0.294346
vt 6.494046 -0.332733
vt 8.732260 -0.328642
vt 8.732260 -0.246114
vt 4.752614 -0.332733
vt 8.732260 -0.332733
vt 11.035633 -0.294345
vt 6.494051 -0.344954
vt 11.035633 -0.246114
vt 11.035633 -0.332733
vt 4.735709 -0.344954
vt 13.011411 -0.246114
vt 8.732260 -0.344954
vt 11.035673 -0.328642
vt 13.016716 -0.294346
vt 11.035633 -0.344954
vt 12.999406 -0.328642
vt 12.995779 -0.332733
vt 13.009200 -0.344954
vt 13.180894 -0.334235
vt 13.180894 -0.332733
vt -6.429854 1.056801
vt -7.794449 1.053979
vt -6.441236 1.030586
vt -5.073948 1.031380
vt -7.794449 1.023251
vt -5.077649 1.057590
vt -7.794449 0.989918
vt -7.794449 1.114991
vt -3.503109 1.031162
vt -6.429705 1.001416
vt -6.430457 1.127302
vt -3.524132 1.057328
vt -6.441634 1.151543
vt -2.185444 1.039457
vt -5.077387 1.127939
vt -7.794449 1.143874
vt -2.172254 1.009540
vt -7.794449 1.167382
vt -5.074152 1.152257
vt -2.094950 1.046726
vt -6.432763 1.171318
vt -2.183941 0.977970
vt -2.080994 1.014999
vt -7.794449 1.228416
vt -5.076354 1.172036
vt -2.093556 0.982456
vt -6.433814 1.241810
vt -3.503078 1.151948
vt -3.521884 1.002011
vt -6.447995 1.272865
vt -3.522873 1.127716
vt -7.794449 1.265092
vt -3.518002 1.171686
vt -2.183018 1.101344
vt -5.076520 1.002155
vt -7.794449 1.301981
vt -5.076996 0.931132
vt -6.438889 1.308169
vt -7.794449 1.360037
vt -6.434539 0.930236
vt -5.070310 1.273508
vt -5.072814 0.907006
vt -5.082273 1.308563
vt -6.446533 0.906120
vt -6.436669 1.374337
vt -3.494593 0.906876
vt -2.092577 1.106435
vt -3.517360 0.930947
vt -7.794449 1.412497
vt -2.170102 1.129389
vt -2.183055 0.915230
vt -6.445730 1.421422
vt -2.168012 0.886334
vt -7.794449 1.444172
vt -2.179915 1.151907
vt -2.092220 0.921885
vt -6.434352 1.452106
vt -2.089250 1.159340
vt -2.076359 0.891003
vt -7.794449 1.496010
vt -2.078794 1.135702
vt -1.382840 0.913784
vt -6.436294 1.508534
vt -1.380103 1.137836
vt -7.794449 1.532000
vt -1.379651 1.156248
vt -6.460108 1.532000
vt -0.624773 1.135751
vt -5.077086 1.532000
vt -1.379649 1.115676
vt -5.074202 1.508436
vt -0.630452 1.154650
vt -3.488096 1.532000
vt -1.379134 1.229882
vt 0.093899 1.156658
vt -3.509264 1.508412
vt -1.380432 1.042103
vt 0.105528 1.138222
vt -2.181729 1.532000
vt -0.632152 1.113112
vt -0.633053 1.039879
vt 0.753785 1.128314
vt -2.170018 1.490636
vt 0.090590 1.116221
vt -2.065556 1.532000
vt -0.625395 1.013237
vt 0.089542 1.042669
vt -2.074724 1.499506
vt -1.381144 1.016028
vt -1.376493 1.500946
vt 0.105317 1.016579
vt -1.375450 1.443481
vt 0.753941 1.008241
vt -2.074471 1.447256
vt 0.753317 0.976330
vt -1.371014 1.412202
vt -2.167001 1.438272
vt 0.752505 1.040377
vt 0.845355 1.007311
vt -0.629886 1.442955
vt -2.057481 1.414262
vt -0.631376 1.500684
vt -0.614074 1.411668
vt -0.626753 1.532000
vt -3.508431 1.452061
vt 0.088979 1.500943
vt -1.382477 1.532000
vt -3.478533 1.421523
vt 0.090908 1.443540
vt -2.150868 1.405126
vt 0.117725 1.412310
vt -5.072773 1.452073
vt 0.751455 1.404857
vt -2.180520 1.347556
vt 0.092836 1.362256
vt -2.088359 1.352734
vt -0.625946 1.360724
vt -1.369428 1.362167
vt -3.528009 1.374325
vt 0.765818 1.350083
vt -3.523658 1.308236
vt -0.626445 1.293537
vt 0.850104 1.399854
vt 0.756563 1.290805
vt 0.751989 1.440482
vt 0.096612 1.294395
vt 0.772142 1.501268
vt -5.064941 1.421592
vt -0.619361 1.258780
vt -1.374278 1.294364
vt 0.732079 1.532000
vt -1.379796 1.260150
vt 0.849668 1.526283
vt 0.115869 1.260369
vt 0.103848 1.532000
vt 0.752950 1.249169
vt 0.096006 1.230281
vt -0.629145 1.227942
vt 0.751498 1.210980
vt 0.847844 1.246535
vt -2.069987 1.257148
vt 0.844130 1.125945
vt 0.752113 1.151974
vt 2.180124 1.140840
vt -2.089062 1.299164
vt 2.178978 1.259706
vt -2.162011 1.249973
vt 3.746381 1.140796
vt 2.178038 1.021080
vt 0.752054 1.099336
vt -2.180120 1.290349
vt 3.751070 1.260706
vt 2.180542 1.405863
vt -3.487505 1.273103
vt 2.186502 1.497833
vt 2.160330 1.532000
vt 0.844617 0.884606
vt 3.755894 1.403553
vt -5.075351 1.242378
vt 2.173711 0.897635
vt 3.746757 0.898239
vt 0.844737 0.762289
vt 3.751451 1.497772
vt 3.743908 1.021516
vt 2.178641 0.776729
vt 5.113587 1.497856
vt 5.121223 1.403489
vt 3.749333 1.532000
vt 6.468441 1.526989
vt 5.113546 1.140159
vt 5.110355 1.020621
vt 5.113678 1.261955
vt 5.132400 1.532000
vt 6.483253 1.404862
vt 6.466116 1.137632
vt 6.547988 1.503916
vt 5.119643 0.897299
vt 6.472062 1.258104
vt 6.584259 1.532000
vt 6.467216 0.893789
vt 7.228703 1.502971
vt 6.469463 0.769679
vt 6.462794 1.018737
vt 6.568564 1.442334
vt 6.552303 0.807189
vt 7.209033 1.532000
vt 7.229567 1.446694
vt 6.585564 1.408156
vt 6.552597 0.862631
vt 7.939634 1.532000
vt 6.566185 0.894793
vt 6.570457 0.769994
vt 7.949058 1.502753
vt 6.548715 0.930253
vt 7.209352 0.775613
vt 8.694175 1.502979
vt 6.547045 0.986044
vt 7.208179 0.806006
vt 7.950363 1.446198
vt 7.208496 0.875001
vt 8.695927 1.446646
vt 6.561263 1.020835
vt 9.392851 1.501382
vt 6.546404 1.055209
vt 7.207691 0.902465
vt 9.395448 1.450204
vt 7.942372 0.898663
vt 8.708018 1.416927
vt 9.375906 1.532000
vt 7.207494 0.930308
vt 7.951081 1.416492
vt 8.695358 1.532000
vt 7.933489 0.927196
vt 8.684417 0.929556
vt 7.933440 0.995833
vt 8.702222 0.901818
vt 7.219279 1.417019
vt 7.210073 0.999432
vt 8.687028 0.874207
vt 7.941032 1.027634
vt 9.395849 0.936810
vt 9.396474 0.869752
vt 7.218903 1.376244
vt 9.396978 0.993098
vt 9.396242 0.902183
vt 6.557491 1.355360
vt 9.487082 0.989918
vt 9.487086 0.927622
vt 9.487082 0.897475
vt 7.937346 1.375088
vt 9.487082 0.867524
vt 7.213361 1.303804
vt 9.487086 1.023251
vt 8.680473 1.376189
vt 7.936691 1.303119
vt 6.555732 1.298949
vt 9.396631 1.028877
vt 9.487082 1.053979
vt 8.681549 0.998700
vt 6.572934 1.263781
vt 8.696781 1.030085
vt 9.394488 1.419072
vt 6.553507 1.222906
vt 9.396599 1.063134
vt 7.210016 1.276066
vt 9.396430 1.118047
vt 9.487082 1.412497
vt 7.945247 1.274905
vt 9.487082 1.114991
vt 9.396507 1.365917
vt 9.487086 1.143874
vt 9.487082 1.360037
vt 8.684808 1.303780
vt 9.396583 1.150758
vt 8.705682 1.275910
vt 8.681682 1.126707
vt 9.396373 1.177679
vt 9.395872 1.273242
vt 9.487086 1.301981
vt 8.697894 1.152806
vt 9.396925 1.308695
vt 9.487082 1.167382
vt 7.942561 1.151074
vt 8.685070 1.174598
vt 9.395922 1.232567
vt 7.934133 1.124348
vt 9.487082 1.265092
vt 7.933388 1.057018
vt 9.487082 1.228416
vt 7.935869 1.173439
vt 7.211356 1.127118
vt 8.685663 1.242457
vt 8.680764 1.058857
vt 7.212261 1.153119
vt 7.935628 1.240769
vt 6.547890 1.109478
vt 7.211503 1.174851
vt 6.551776 1.168619
vt 7.210455 1.242722
vt 6.563787 1.141958
vt 7.210777 1.059258
vt 7.210320 1.030555
vt 0.844543 0.270693
vt 0.744111 0.309253
vt 0.746483 0.267257
vt 0.743991 0.247010
vt 0.102246 0.295024
vt 0.747368 0.371490
vt 0.124807 0.264812
vt 0.845299 0.397746
vt 0.106201 0.371330
vt 0.113699 0.245376
vt 2.175093 0.409491
vt 0.743578 0.184433
vt -0.581688 0.259052
vt 2.192975 0.278514
vt -0.598692 0.288638
vt 0.115319 0.169125
vt 3.756873 0.411964
vt -1.323948 0.293652
vt 0.743869 0.139674
vt 3.786602 0.281781
vt -1.312792 0.263653
vt 0.845101 0.143379
vt 3.752431 0.536099
vt -1.993084 0.271280
vt 5.179512 0.279749
vt -1.304800 0.244090
vt -2.023176 0.311727
vt 2.204070 0.148065
vt -0.583425 0.239009
vt -1.356707 0.369697
vt 0.846190 0.012622
vt -2.052203 0.374039
vt 2.222124 0.013642
vt -1.366729 0.391984
vt 3.819465 0.151075
vt 0.860356 -0.124621
vt -0.564368 0.164526
vt -2.049483 0.398342
vt 2.243011 -0.132617
vt -0.547140 0.133516
vt -2.145939 0.396897
vt 3.863363 0.016938
vt 0.138660 0.137597
vt -2.148637 0.375070
vt 3.919766 -0.129056
vt -3.473939 0.414096
vt 5.375413 -0.129247
vt 0.741145 0.121416
vt -2.165416 0.435776
vt 5.296010 0.017031
vt 0.128141 0.120337
vt -3.502445 0.447623
vt -0.549392 0.115476
vt -5.062611 0.414753
vt 5.228127 0.150806
vt -1.250811 0.119358
vt -5.068544 0.448326
vt 6.695282 0.013720
vt -1.210547 0.043051
vt -6.431643 0.446254
vt 6.611423 0.145416
vt -1.257171 0.136767
vt -5.070852 0.519992
vt -1.267970 0.168093
vt -6.445354 0.412800
vt -6.433095 0.393280
vt -7.794449 0.401767
vt -1.922979 0.143820
vt -7.794449 0.441851
vt -7.794449 0.379350
vt -1.923784 0.125738
vt -6.435522 0.518219
vt -1.956918 0.187600
vt -5.061662 0.395684
vt -7.794449 0.504616
vt -2.023876 0.143382
vt -7.794449 0.315651
vt -6.446291 0.539664
vt -2.055855 0.186772
vt -2.025410 0.128327
vt -6.419508 0.319835
vt -3.420850 0.193185
vt -3.380882 0.153730
vt -7.794449 0.273640
vt -5.047673 0.322422
vt -3.389156 0.140048
vt -6.431249 0.282947
vt -5.038166 0.284712
vt -5.001020 0.154295
vt -7.794449 0.253948
vt -5.013733 0.194198
vt -4.999826 0.140759
vt -6.419188 0.265882
vt -6.399843 0.191965
vt -3.360315 0.064885
vt -7.794449 0.189833
vt -5.035901 0.268005
vt -1.977942 0.062145
vt -3.446355 0.267137
vt -1.938062 0.010907
vt -3.437415 0.284040
vt -1.876378 0.061463
vt -3.313130 0.016582
vt -7.794449 0.145961
vt -2.093323 0.251888
vt -1.834100 0.011013
vt -4.960549 0.016879
vt -2.091518 0.270367
vt -4.975204 0.065705
vt -2.119838 0.310710
vt -6.380292 0.064001
vt -1.198003 0.007744
vt -1.831182 -0.012966
vt -6.393903 0.016153
vt -6.379895 -0.005585
vt -7.794449 0.012180
vt -1.186383 -0.017306
vt -7.794449 0.064893
vt -3.485920 0.394788
vt -0.509213 0.006024
vt -6.401342 0.139119
vt -0.509278 -0.019343
vt -7.794449 0.130319
vt -1.144593 -0.095504
vt -6.410806 0.152912
vt -1.778610 -0.079996
vt -3.471380 0.321327
vt -1.883497 -0.079607
vt -1.935498 -0.010907
vt -1.731345 -0.132617
vt -1.838878 -0.132617
vt -3.286561 -0.082281
vt -1.129436 -0.132617
vt -3.320966 -0.005087
vt -0.465380 -0.132617
vt -3.234838 -0.132617
vt -0.486698 -0.095968
vt -4.930471 -0.081744
vt 0.148024 -0.095250
vt -4.956725 -0.004639
vt 0.175127 -0.132617
vt -4.913790 -0.132617
vt 0.736862 -0.132617
vt 0.144323 -0.016789
vt -6.360625 -0.082745
vt 0.737436 -0.080851
vt -6.374384 -0.132617
vt -7.794449 -0.078130
vt -7.794449 -0.010196
vt -7.794449 -0.132617
vt 0.739085 -0.015250
vt 0.155673 0.008180
vt 0.130052 0.043731
vt 0.740633 0.008822
vt -0.528478 0.040887
vt 0.741012 0.058574
vt 6.617712 0.315358
vt 6.543195 0.273264
vt 6.649856 0.269389
vt 7.261436 0.302998
vt 6.647405 0.245656
vt 6.489094 0.401615
vt 7.271533 0.267684
vt 6.589989 0.373149
vt 5.139584 0.409651
vt 7.978029 0.262242
vt 7.278936 0.244773
vt 7.231939 0.374082
vt 7.963153 0.297076
vt 7.223942 0.398081
vt 8.689221 0.301718
vt 7.953753 0.390962
vt 6.593333 0.398432
vt 5.127561 0.534373
vt 8.709133 0.266605
vt 6.570613 0.442278
vt 3.751279 0.652352
vt 9.389423 0.273764
vt 7.221758 0.434733
vt 5.124136 0.650968
vt 9.390532 0.318412
vt 7.942025 0.428425
vt 2.176958 0.651602
vt 9.487082 0.273640
vt 8.687052 0.433461
vt 2.174934 0.534922
vt 9.487082 0.315651
vt 7.941305 0.497462
vt 9.390516 0.376201
vt 7.218624 0.504300
vt 9.487082 0.379350
vt 7.946937 0.520984
vt 0.844889 0.522533
vt 9.391416 0.402419
vt 7.217169 0.527268
vt 0.747292 0.435763
vt 8.708663 0.396692
vt 7.214937 0.558240
vt 7.936427 0.552795
vt 6.558953 0.563540
vt 0.844596 0.639455
vt 6.561969 0.617718
vt 0.747765 0.555371
vt 9.391684 0.446746
vt 6.578462 0.525465
vt 9.487086 0.441851
vt 6.567596 0.498302
vt 3.741071 0.777587
vt 8.688830 0.503052
vt 6.475924 0.527493
vt 9.393009 0.503466
vt 6.473505 0.645585
vt 8.701775 0.526087
vt 6.574288 0.644963
vt 8.682694 0.557177
vt 6.555540 0.683056
vt 7.214631 0.648246
vt 9.393055 0.530428
vt 7.212423 0.680146
vt 9.392416 0.568872
vt 7.945553 0.642795
vt 9.487082 0.561945
vt 8.687857 0.625146
vt 7.211104 0.749364
vt 7.215553 0.626193
vt 7.939281 0.620177
vt 6.557153 0.738619
vt 8.701555 0.647267
vt 7.943878 0.770970
vt 8.683458 0.679278
vt 7.937197 0.744146
vt 7.935537 0.675463
vt 5.102206 0.775185
vt 7.934394 0.802094
vt 8.685513 0.805241
vt 7.935319 0.870567
vt 8.688197 0.748520
vt 8.703573 0.774847
vt 9.395477 0.776637
vt 9.395702 0.745540
vt 9.395153 0.813700
vt 9.394086 0.689302
vt 9.394388 0.650743
vt 9.487082 0.772913
vt 9.487082 0.681792
vt 9.487082 0.805398
vt 9.487082 0.744129
vt 9.487082 0.647963
vt 9.394581 0.623724
vt 9.487082 0.623131
vt 9.487082 0.528940
vt 9.487082 0.504616
vt 9.487082 0.401767
vt 0.750391 0.795585
vt 0.752781 0.762006
vt 0.751704 0.733149
vt 0.096314 0.792557
vt 0.098954 0.742974
vt 0.113887 0.766534
vt 0.094362 0.668401
vt 0.749630 0.673153
vt 0.752593 0.855348
vt -0.620636 0.761457
vt 0.753560 0.884772
vt -0.629791 0.788131
vt 0.751657 0.638522
vt 0.750627 0.916376
vt -1.380789 0.791738
vt 0.111315 0.640741
vt 0.094072 0.914515
vt -1.380616 0.866025
vt -0.619606 0.634852
vt 0.112192 0.891243
vt -1.380334 0.765671
vt 0.098220 0.621636
vt 0.098034 0.866834
vt -2.072236 0.767627
vt -0.628557 0.663170
vt -0.622490 0.887021
vt -2.088552 0.801053
vt -0.627261 0.737421
vt -0.631934 0.910935
vt -2.164650 0.763758
vt -1.376277 0.667425
vt 0.091807 0.988783
vt -2.180074 0.794972
vt -1.378381 0.742047
vt -0.631513 0.984905
vt -3.514092 0.809732
vt -2.179457 0.857663
vt -1.379603 0.988086
vt -2.088585 0.861528
vt -1.382339 0.890526
vt -0.628841 0.862098
vt -3.513625 0.880787
vt -5.075410 0.880875
vt -6.434823 0.879960
vt -5.076020 0.809906
vt -3.491129 0.783299
vt -7.794449 0.867524
vt -7.794449 0.897475
vt -7.794449 0.805398
vt -5.071738 0.783416
vt -2.176203 0.735882
vt -7.794449 0.927622
vt -6.435548 0.808797
vt -2.084527 0.739146
vt -3.510860 0.757886
vt -2.085115 0.678385
vt -5.074419 0.758015
vt -2.177665 0.672878
vt -6.435358 0.756853
vt -3.514664 0.686468
vt -6.447526 0.782381
vt -2.161936 0.640334
vt -2.068441 0.643421
vt -3.491796 0.658689
vt -1.375608 0.639662
vt -5.075078 0.686819
vt -7.794449 0.772913
vt -7.794449 0.744129
vt -1.374362 0.620504
vt -5.070681 0.659004
vt -0.625643 0.615303
vt -3.508688 0.637007
vt -6.433272 0.685340
vt -2.172324 0.616465
vt -1.373888 0.546902
vt -5.072925 0.637321
vt -2.081744 0.559829
vt -3.511510 0.566905
vt -6.444945 0.657632
vt -2.079495 0.619353
vt -2.175773 0.554535
vt -7.794449 0.681792
vt -3.486972 0.540842
vt -7.794449 0.647963
vt -5.069166 0.541330
vt -7.794449 0.623131
vt -2.159134 0.522702
vt -5.074146 0.567436
vt -6.434435 0.635845
vt -2.168330 0.499320
vt -6.434252 0.565653
vt -3.502957 0.519497
vt -2.074113 0.500790
vt -7.794449 0.561945
vt -2.064309 0.524904
vt -1.373029 0.520050
vt -7.794449 0.528940
vt -1.371345 0.499885
vt -0.618191 0.514614
vt -2.070276 0.439504
vt -0.627815 0.542095
vt 0.093486 0.548072
vt -1.367297 0.424891
vt 0.111576 0.521329
vt -0.623683 0.494066
vt 0.750414 0.614127
vt 0.750283 0.520680
vt 0.099132 0.501218
vt -0.622448 0.419427
vt 0.097641 0.426271
vt 0.748920 0.496269
vt -0.611818 0.385910
vt 0.117991 0.393474
vt 0.748598 0.394955
vt -0.612905 0.363084
vt 9.487082 1.532000
vt 9.487082 1.496010
vt 9.487086 1.444172
vt -4.061277 1.150568
vt -4.061277 1.147458
vt -2.178998 1.213859
vt -2.088012 1.219061
vt -3.514636 1.242065
vt 6.809137 0.009378
vt 6.763421 0.062474
vt 6.812023 -0.016214
vt 7.376036 0.049456
vt 7.394099 0.009312
vt 6.861493 -0.077631
vt 6.719101 0.120881
vt 8.058987 0.007263
vt 6.790582 -0.129140
vt 6.720097 0.141267
vt 8.035300 0.046869
vt 6.912086 -0.132617
vt 6.684859 0.187724
vt 8.718133 0.048813
vt 7.314190 0.174220
vt 8.009987 0.115902
vt 7.325306 0.140168
vt 7.332927 0.120775
vt 8.747776 0.008898
vt 8.011108 0.136327
vt 8.737242 -0.017660
vt 8.710896 0.119795
vt 9.382500 -0.013917
vt 7.994307 0.169941
vt 9.383872 0.011649
vt 8.060503 -0.019824
vt 7.975389 0.238371
vt 9.385998 0.065619
vt 7.407229 -0.017115
vt 9.487082 0.012180
vt 9.487082 -0.010196
vt 8.696045 0.243497
vt 9.487082 0.064893
vt 9.487082 -0.078130
vt 9.384718 0.125291
vt 9.387574 0.249421
vt 9.382558 -0.076611
vt 9.380297 -0.132617
vt 8.721136 0.139387
vt 9.487082 0.253948
vt 8.746606 -0.090993
vt 9.386944 0.145578
vt 8.698358 0.173245
vt 9.487082 0.130319
vt 8.778389 -0.132617
vt 9.388545 0.191212
vt 8.114332 -0.132617
vt 8.087939 -0.091315
vt 9.487082 0.145961
vt 9.487082 0.189833
vt 7.452476 -0.090753
vt 7.473823 -0.132617
vt 9.487086 -0.132617
vt -5.083117 1.374329
vt 8.694056 0.372516
vt 7.950663 0.366115
vt -1.994849 0.250583
vt 0.004856 0.492916
vt 0.264092 0.495352
vt -0.209177 0.483744
vt 0.707684 0.483663
vt 0.489375 0.491133
vt -0.222554 0.480284
vt 0.721086 0.480284
vt -0.223253 0.354283
vt -0.265243 0.380964
vt 0.721785 0.354283
vt -0.281939 0.415231
vt -0.260728 0.450495
vt 0.763775 0.380964
vt -0.209274 0.350942
vt 0.780471 0.415231
vt 0.759260 0.450495
vt 0.707685 0.351024
vt 0.004856 0.341674
vt 0.489375 0.343476
vt 0.264092 0.339213
vt 3.741225 0.774540
s 1
g basketBigMain_bon_room_wicker_bon_room_wicker
usemtl bon_room_wicker
f 1/1/1 2/2/2 3/3/3
f 3/3/3 2/2/2 4/4/4
f 2/2/2 5/5/5 4/4/4
f 4/4/4 5/5/5 6/4/6
f 4/4/4 6/4/6 7/6/7
f 7/6/7 6/4/6 8/6/8
f 9/7/9 7/6/7 8/6/8
f 3/3/3 10/8/10 1/1/1
f 5/5/5 11/9/11 6/4/6
f 12/10/12 7/6/7 9/7/9
f 3/3/3 4/4/4 13/11/13
f 2/2/2 14/12/14 5/5/5
f 12/10/12 13/11/13 7/6/7
f 15/13/15 12/10/12 9/7/9
f 13/11/13 4/4/4 7/6/7
f 1/1/1 16/12/16 2/2/2
f 16/12/16 14/12/14 2/2/2
f 17/14/17 13/11/13 12/10/12
f 15/13/15 9/7/9 18/15/18
f 19/16/19 16/12/16 1/1/1
f 20/17/20 17/14/17 12/10/12
f 20/17/20 12/10/12 15/13/15
f 18/15/18 9/7/9 21/7/21
f 17/14/17 22/18/22 13/11/13
f 23/19/23 17/14/17 20/17/20
f 24/20/24 15/13/15 18/15/18
f 25/7/25 18/15/18 21/7/21
f 22/18/22 3/3/3 13/11/13
f 23/19/23 26/21/26 17/14/17
f 27/20/27 15/13/15 24/20/24
f 28/22/28 22/18/22 17/14/17
f 29/23/29 3/3/3 22/18/22
f 17/14/17 26/21/26 28/22/28
f 21/7/21 30/6/30 25/7/25
f 22/18/22 31/24/31 29/23/29
f 29/23/29 10/8/10 3/3/3
f 32/25/32 22/18/22 28/22/28
f 26/21/26 32/25/32 28/22/28
f 25/7/25 30/6/30 33/6/33
f 31/24/31 10/8/10 29/23/29
f 34/26/34 32/25/32 26/21/26
f 33/6/33 35/27/35 25/7/25
f 36/28/36 10/8/10 31/24/31
f 34/26/34 37/29/37 32/25/32
f 33/6/33 38/4/38 35/27/35
f 39/30/39 36/28/36 31/24/31
f 40/31/40 37/29/37 34/26/34
f 30/6/30 41/4/41 33/6/33
f 33/6/33 41/4/41 38/4/38
f 42/32/42 36/28/36 39/30/39
f 37/29/37 43/33/43 32/25/32
f 43/33/43 39/30/39 31/24/31
f 41/4/41 11/9/11 38/4/38
f 42/32/42 44/34/44 36/28/36
f 43/33/43 22/18/22 32/25/32
f 43/33/43 31/24/31 22/18/22
f 38/4/38 11/9/11 45/35/45
f 36/28/36 44/34/44 46/36/46
f 47/37/47 43/33/43 37/29/37
f 47/37/47 39/30/39 43/33/43
f 6/4/6 11/9/11 41/4/41
f 38/4/38 45/35/45 48/38/48
f 36/28/36 49/39/46 10/8/10
f 6/4/6 41/4/41 8/6/8
f 50/40/49 38/4/38 48/38/48
f 11/9/11 51/12/50 45/35/45
f 10/8/10 49/39/46 52/41/51
f 53/42/35 38/4/38 50/40/49
f 48/38/48 54/43/50 50/40/49
f 45/35/45 51/12/50 55/44/52
f 52/41/51 56/45/53 10/8/10
f 35/27/35 38/4/38 53/42/35
f 50/40/49 54/43/50 57/40/54
f 8/6/8 41/4/41 30/6/30
f 10/8/10 56/45/53 1/1/1
f 50/40/49 57/40/54 58/46/55
f 21/7/21 8/6/8 30/6/30
f 54/43/50 59/47/56 57/40/54
f 53/42/35 50/40/49 60/48/35
f 60/48/35 50/40/49 58/46/55
f 9/7/9 8/6/8 21/7/21
f 59/47/56 61/46/57 57/40/54
f 62/49/58 60/48/35 58/46/55
f 63/50/35 53/42/35 60/48/35
f 64/51/14 59/47/56 54/43/50
f 58/46/55 57/40/54 65/46/59
f 58/46/55 65/46/59 62/49/58
f 57/40/54 61/46/57 65/46/59
f 66/52/35 60/48/35 62/49/58
f 66/52/35 63/50/35 60/48/35
f 64/51/14 54/43/50 67/12/5
f 59/47/56 68/46/60 61/46/57
f 66/52/35 62/49/58 69/53/61
f 64/51/14 70/40/62 59/47/56
f 67/12/5 54/43/50 71/12/63
f 70/40/62 68/46/60 59/47/56
f 62/49/58 65/46/59 72/54/64
f 61/46/57 72/54/64 65/46/59
f 73/55/65 70/40/62 64/51/14
f 68/46/60 74/49/66 61/46/57
f 72/54/64 75/56/67 62/49/58
f 62/49/58 76/57/68 69/53/61
f 72/54/64 74/49/66 75/56/67
f 74/49/66 72/54/64 61/46/57
f 62/49/58 75/56/67 76/57/68
f 77/58/69 74/49/66 68/46/60
f 69/53/61 76/57/68 78/59/70
f 75/56/67 74/49/66 79/60/71
f 74/49/66 77/58/69 79/60/71
f 79/60/71 77/58/69 80/61/72
f 78/59/70 81/62/73 69/53/61
f 81/62/73 78/59/70 82/63/74
f 69/53/61 81/62/73 83/53/75
f 82/63/74 78/59/70 84/64/76
f 69/53/61 83/53/75 85/65/77
f 81/62/73 86/53/78 83/53/75
f 82/63/74 87/66/79 81/62/73
f 87/66/79 86/53/78 81/62/73
f 88/67/35 69/53/61 85/65/77
f 85/65/77 83/53/75 89/65/80
f 90/63/71 87/66/79 82/63/74
f 87/66/79 91/53/81 86/53/78
f 66/52/35 69/53/61 88/67/35
f 85/65/77 89/65/80 92/68/82
f 93/69/83 91/53/81 87/66/79
f 90/63/71 93/69/83 87/66/79
f 88/67/35 63/50/35 66/52/35
f 92/68/82 88/67/35 85/65/77
f 91/53/81 93/69/83 94/70/84
f 95/63/85 93/69/83 90/63/71
f 96/71/35 63/50/35 88/67/35
f 96/71/35 88/67/35 92/68/82
f 97/72/86 91/53/81 94/70/84
f 94/70/84 93/69/83 98/73/87
f 93/69/83 95/63/85 98/73/87
f 99/74/35 63/50/35 96/71/35
f 100/65/88 91/53/81 97/72/86
f 98/73/87 101/75/89 94/70/84
f 99/74/35 102/76/35 63/50/35
f 100/65/88 97/72/86 103/77/90
f 98/73/87 95/63/85 104/78/91
f 105/79/92 99/74/35 96/71/35
f 96/71/35 92/68/82 105/79/92
f 103/77/90 97/72/86 106/80/93
f 98/73/87 107/81/94 101/75/89
f 108/82/95 99/74/35 105/79/92
f 109/83/96 100/65/88 103/77/90
f 110/84/97 107/81/94 98/73/87
f 105/79/92 111/79/98 108/82/95
f 112/65/99 100/65/88 109/83/96
f 106/80/93 113/85/100 103/77/90
f 105/79/92 114/86/101 111/79/98
f 112/65/99 86/53/78 100/65/88
f 115/87/102 113/85/100 106/80/93
f 116/88/103 114/86/101 105/79/92
f 117/68/104 112/65/99 109/83/96
f 115/87/102 106/80/93 118/89/105
f 105/79/92 92/68/82 116/88/103
f 92/68/82 89/65/80 117/68/104
f 89/65/80 112/65/99 117/68/104
f 119/90/106 115/87/102 118/89/105
f 118/89/105 106/80/93 120/91/107
f 117/68/104 121/92/108 92/68/82
f 117/68/104 109/83/96 121/92/108
f 122/93/109 115/87/102 119/90/106
f 106/80/93 123/94/110 120/91/107
f 92/68/82 121/92/108 124/95/111
f 92/68/82 124/95/111 116/88/103
f 121/92/108 109/83/96 125/96/112
f 97/72/86 123/94/110 106/80/93
f 120/91/107 123/94/110 126/97/113
f 126/97/113 118/89/105 120/91/107
f 127/98/111 114/86/101 116/88/103
f 97/72/86 94/70/84 123/94/110
f 126/97/113 123/94/110 128/99/114
f 129/100/115 118/89/105 126/97/113
f 130/101/116 114/86/101 127/98/111
f 123/94/110 94/70/84 131/102/117
f 132/103/118 129/100/115 126/97/113
f 126/97/113 128/99/114 132/103/118
f 133/101/119 114/86/101 130/101/116
f 94/70/84 101/75/89 131/102/117
f 134/104/120 129/100/115 132/103/118
f 135/105/121 114/86/101 133/101/119
f 123/94/110 136/106/122 128/99/114
f 131/102/117 101/75/89 136/106/122
f 132/103/118 128/99/114 137/107/123
f 135/105/121 138/79/124 114/86/101
f 131/102/117 136/106/122 123/94/110
f 136/106/122 101/75/89 139/108/125
f 128/99/114 140/109/126 137/107/123
f 114/86/101 138/79/124 111/79/98
f 136/106/122 139/108/125 140/109/126
f 101/75/89 107/81/94 139/108/125
f 136/106/122 140/109/126 128/99/114
f 135/105/121 141/79/127 138/79/124
f 138/79/124 142/82/128 111/79/98
f 140/109/126 139/108/125 143/110/129
f 139/108/125 107/81/94 144/111/130
f 141/79/127 145/82/131 138/79/124
f 138/79/124 145/82/131 142/82/128
f 111/79/98 142/82/128 146/82/132
f 147/112/133 141/79/127 135/105/121
f 145/82/131 148/113/134 142/82/128
f 108/82/95 111/79/98 146/82/132
f 147/112/133 135/105/121 149/101/135
f 150/113/136 148/113/134 145/82/131
f 146/82/132 151/113/137 108/82/95
f 148/113/134 151/113/137 142/82/128
f 149/101/135 135/105/121 133/101/119
f 150/113/136 152/114/27 148/113/134
f 142/82/128 151/113/137 146/82/132
f 108/82/95 151/113/137 153/113/138
f 154/115/139 152/114/27 150/113/136
f 152/114/27 155/116/24 148/113/134
f 151/113/137 155/116/24 153/113/138
f 148/113/134 155/116/24 151/113/137
f 153/113/138 99/74/35 108/82/95
f 154/115/139 156/20/140 152/114/27
f 153/113/138 155/116/24 157/117/141
f 102/76/35 99/74/35 153/113/138
f 152/114/27 156/20/140 158/20/142
f 155/116/24 159/118/143 157/117/141
f 102/76/35 153/113/138 25/7/25
f 153/113/138 157/117/141 25/7/25
f 160/20/144 159/118/143 155/116/24
f 161/119/145 162/120/146 156/20/147
f 25/7/25 35/27/35 102/76/35
f 157/117/141 163/121/143 25/7/25
f 163/121/143 18/15/18 25/7/25
f 164/122/148 162/120/146 161/119/145
f 63/50/35 102/76/35 35/27/35
f 35/27/35 53/42/35 63/50/35
f 164/122/148 161/119/145 165/123/149
f 165/123/149 166/124/150 164/122/148
f 165/123/149 161/119/145 167/125/136
f 168/126/151 166/124/150 165/123/149
f 166/124/150 169/127/152 164/122/148
f 165/123/149 167/125/136 170/128/153
f 168/126/151 171/129/154 166/124/150
f 172/130/155 169/127/152 166/124/150
f 168/126/151 165/123/149 173/131/156
f 170/128/153 167/125/136 174/132/157
f 166/124/150 175/133/34 172/130/155
f 171/129/154 175/133/34 166/124/150
f 173/131/156 165/123/149 170/128/153
f 176/134/158 171/129/154 168/126/151
f 170/128/153 174/132/157 177/135/159
f 173/131/156 176/134/158 168/126/151
f 177/135/159 173/131/156 170/128/153
f 178/136/160 171/129/154 176/134/158
f 177/135/159 174/132/157 179/137/161
f 180/138/162 176/134/158 173/131/156
f 180/138/162 178/136/160 176/134/158
f 181/139/163 171/129/154 178/136/160
f 182/140/164 177/135/159 179/137/161
f 180/138/162 173/131/156 183/141/165
f 181/139/163 184/142/166 171/129/154
f 185/143/167 177/135/159 182/140/164
f 186/144/168 180/138/162 183/141/165
f 183/141/165 173/131/156 187/145/169
f 171/129/154 184/142/166 188/146/34
f 185/143/167 187/145/169 177/135/159
f 189/147/170 180/138/162 186/144/168
f 189/147/170 178/136/160 180/138/162
f 187/145/169 173/131/156 177/135/159
f 187/145/169 190/148/171 183/141/165
f 183/141/165 191/149/172 186/144/168
f 192/150/173 187/145/169 185/143/167
f 182/140/164 193/151/174 185/143/167
f 192/150/173 190/148/171 187/145/169
f 190/148/171 191/149/172 183/141/165
f 194/152/135 193/151/174 182/140/164
f 192/150/173 195/153/175 190/148/171
f 196/154/176 195/153/175 192/150/173
f 197/155/19 198/156/177 199/157/65
f 197/155/19 200/158/178 198/156/177
f 199/157/65 198/156/177 201/159/179
f 198/156/177 200/158/178 202/160/180
f 198/156/177 203/161/181 201/159/179
f 200/158/178 204/162/182 202/160/180
f 203/161/181 198/156/177 205/163/183
f 202/160/180 204/162/182 205/163/183
f 205/163/183 198/156/177 202/160/180
f 201/159/179 203/161/181 206/164/184
f 207/165/185 204/162/182 200/158/178
f 205/163/183 204/162/182 208/166/186
f 203/161/181 209/167/187 206/164/184
f 203/161/181 205/163/183 209/167/187
f 207/165/185 210/168/188 204/162/182
f 204/162/182 210/168/188 208/166/186
f 206/164/184 209/167/187 211/169/189
f 208/166/186 212/170/190 205/163/183
f 213/171/44 210/168/188 207/165/185
f 211/169/189 209/167/187 214/172/191
f 208/166/186 210/168/188 215/173/192
f 205/163/183 212/170/190 216/174/193
f 209/167/187 205/163/183 216/174/193
f 214/172/191 209/167/187 217/175/91
f 212/170/190 208/166/186 218/176/194
f 218/176/194 208/166/186 215/173/192
f 216/174/193 212/170/190 219/177/94
f 217/175/91 209/167/187 219/177/94
f 219/177/94 209/167/187 216/174/193
f 218/176/194 220/178/195 212/170/190
f 219/177/94 212/170/190 220/178/195
f 221/179/196 220/178/195 218/176/194
f 221/179/196 222/180/197 220/178/195
f 220/178/195 222/180/197 223/181/198
f 224/182/199 225/183/200 226/184/201
f 227/185/202 224/182/199 226/184/201
f 226/184/201 225/183/200 228/186/203
f 229/187/204 224/182/199 227/185/202
f 228/186/203 230/188/205 226/184/201
f 224/182/199 231/189/206 225/183/200
f 232/190/207 229/187/204 227/185/202
f 226/184/201 230/188/205 233/191/208
f 234/192/209 231/189/206 224/182/199
f 235/193/210 229/187/204 232/190/207
f 226/184/201 233/191/208 227/185/202
f 236/194/211 231/189/206 234/192/209
f 232/190/207 237/195/212 235/193/210
f 238/196/213 224/182/199 229/187/204
f 239/197/214 231/189/206 236/194/211
f 234/192/209 224/182/199 238/196/213
f 240/198/215 237/195/212 232/190/207
f 236/194/211 241/199/216 239/197/214
f 236/194/211 234/192/209 242/200/217
f 242/200/217 234/192/209 238/196/213
f 240/198/215 243/201/218 237/195/212
f 244/202/219 241/199/216 236/194/211
f 242/200/217 244/202/219 236/194/211
f 232/190/207 245/203/220 240/198/215
f 246/204/221 243/201/218 240/198/215
f 244/202/219 247/205/222 241/199/216
f 248/206/223 244/202/219 242/200/217
f 245/203/220 249/207/224 240/198/215
f 240/198/215 249/207/224 246/204/221
f 250/208/225 247/205/222 244/202/219
f 242/200/217 251/209/226 248/206/223
f 252/210/227 245/203/220 232/190/207
f 253/211/228 247/205/222 250/208/225
f 251/209/226 242/200/217 254/212/229
f 232/190/207 227/185/202 252/210/227
f 255/213/230 247/205/222 253/211/228
f 251/209/226 256/214/231 248/206/223
f 254/212/229 257/215/232 251/209/226
f 252/210/227 227/185/202 258/216/233
f 253/211/228 259/217/234 255/213/230
f 254/212/229 242/200/217 238/196/213
f 258/216/233 260/218/235 252/210/227
f 261/219/236 259/217/234 253/211/228
f 229/187/204 254/212/229 238/196/213
f 227/185/202 233/191/208 258/216/233
f 233/191/208 260/218/235 258/216/233
f 261/219/236 262/220/237 259/217/234
f 235/193/210 254/212/229 229/187/204
f 263/221/238 260/218/235 233/191/208
f 264/222/239 261/219/236 253/211/228
f 254/212/229 235/193/210 257/215/232
f 260/218/235 263/221/238 265/223/240
f 266/224/241 261/219/236 264/222/239
f 253/211/228 250/208/225 264/222/239
f 257/215/232 235/193/210 237/195/212
f 265/223/240 263/221/238 267/225/242
f 261/219/236 266/224/241 268/226/243
f 243/201/218 257/215/232 237/195/212
f 269/227/244 260/218/235 265/223/240
f 268/226/243 262/220/237 261/219/236
f 270/228/245 257/215/232 243/201/218
f 271/229/246 260/218/235 269/227/244
f 268/226/243 272/230/247 262/220/237
f 257/215/232 270/228/245 273/231/248
f 269/227/244 274/232/249 271/229/246
f 275/233/250 272/230/247 268/226/243
f 251/209/226 257/215/232 273/231/248
f 276/234/251 274/232/249 269/227/244
f 275/233/250 277/235/252 272/230/247
f 273/231/248 278/236/253 251/209/226
f 276/234/251 279/237/254 274/232/249
f 280/238/255 277/235/252 275/233/250
f 273/231/248 281/239/256 278/236/253
f 282/240/257 279/237/254 276/234/251
f 280/238/255 283/241/258 277/235/252
f 284/242/259 281/239/256 273/231/248
f 279/237/254 282/240/257 285/243/260
f 286/244/261 283/241/258 280/238/255
f 287/245/262 281/239/256 284/242/259
f 274/232/249 279/237/254 245/203/220
f 286/244/261 288/246/263 283/241/258
f 289/247/264 281/239/256 287/245/262
f 252/210/227 274/232/249 245/203/220
f 290/248/265 288/246/263 286/244/261
f 287/245/262 291/249/266 289/247/264
f 271/229/246 274/232/249 252/210/227
f 290/248/265 286/244/261 292/250/267
f 293/251/268 291/249/266 287/245/262
f 284/242/259 293/251/268 287/245/262
f 252/210/227 260/218/235 271/229/246
f 292/250/267 286/244/261 294/252/269
f 270/228/245 293/251/268 284/242/259
f 289/247/264 291/249/266 295/253/270
f 292/250/267 294/252/269 296/254/271
f 273/231/248 270/228/245 284/242/259
f 295/253/270 297/255/272 289/247/264
f 291/249/266 298/256/273 295/253/270
f 296/254/271 294/252/269 299/257/274
f 293/251/268 270/228/245 300/258/275
f 301/259/276 298/256/273 291/249/266
f 299/257/274 302/260/277 296/254/271
f 303/261/278 291/249/266 293/251/268
f 304/262/279 293/251/268 300/258/275
f 301/259/276 305/263/280 298/256/273
f 306/264/281 302/260/277 299/257/274
f 303/261/278 293/251/268 304/262/279
f 307/265/282 305/263/280 301/259/276
f 303/261/278 307/265/282 291/249/266
f 302/260/277 306/264/281 308/266/283
f 300/258/275 309/267/284 304/262/279
f 291/249/266 307/265/282 301/259/276
f 307/265/282 303/261/278 310/268/285
f 308/266/283 306/264/281 311/269/286
f 309/267/284 310/268/285 304/262/279
f 312/270/287 309/267/284 300/258/275
f 310/268/285 303/261/278 304/262/279
f 311/269/286 313/271/288 308/266/283
f 300/258/275 246/204/221 312/270/287
f 314/272/289 310/268/285 309/267/284
f 311/269/286 315/273/290 313/271/288
f 243/201/218 246/204/221 300/258/275
f 314/272/289 316/274/291 310/268/285
f 317/275/292 315/273/290 311/269/286
f 300/258/275 270/228/245 243/201/218
f 314/272/289 318/276/293 316/274/291
f 317/275/292 319/277/294 315/273/290
f 311/269/286 320/278/295 317/275/292
f 310/268/285 316/274/291 321/279/296
f 318/276/293 322/280/297 316/274/291
f 315/273/290 323/281/298 313/271/288
f 324/282/299 319/277/294 317/275/292
f 316/274/291 322/280/297 321/279/296
f 320/278/295 324/282/299 317/275/292
f 313/271/288 323/281/298 325/283/300
f 319/277/294 326/284/301 315/273/290
f 306/264/281 320/278/295 311/269/286
f 325/283/300 327/285/302 313/271/288
f 315/273/290 326/284/301 323/281/298
f 320/278/295 306/264/281 328/286/303
f 325/283/300 329/287/304 327/285/302
f 313/271/288 327/285/302 330/288/305
f 323/281/298 329/287/304 325/283/300
f 331/289/306 320/278/295 328/286/303
f 308/266/283 313/271/288 330/288/305
f 332/290/307 329/287/304 323/281/298
f 326/284/301 332/290/307 323/281/298
f 333/291/308 320/278/295 331/289/306
f 328/286/303 306/264/281 299/257/274
f 334/292/309 332/290/307 326/284/301
f 333/291/308 324/282/299 320/278/295
f 299/257/274 335/293/310 328/286/303
f 334/292/309 336/294/311 332/290/307
f 337/295/312 324/282/299 333/291/308
f 294/252/269 335/293/310 299/257/274
f 338/296/313 336/294/311 334/292/309
f 326/284/301 338/296/313 334/292/309
f 339/297/314 324/282/299 337/295/312
f 294/252/269 286/244/261 335/293/310
f 340/298/315 338/296/313 326/284/301
f 339/297/314 341/299/316 324/282/299
f 337/295/312 333/291/308 342/300/317
f 340/298/315 326/284/301 341/299/316
f 343/301/318 336/294/311 338/296/313
f 342/300/317 344/302/319 337/295/312
f 341/299/316 345/303/320 340/298/315
f 343/301/318 346/304/321 336/294/311
f 340/298/315 345/303/320 338/296/313
f 342/300/317 266/224/241 344/302/319
f 338/296/313 347/305/322 343/301/318
f 336/294/311 346/304/321 348/306/323
f 342/300/317 333/291/308 331/289/306
f 338/296/313 345/303/320 349/307/324
f 349/307/324 347/305/322 338/296/313
f 348/306/323 346/304/321 350/308/325
f 331/289/306 351/309/326 342/300/317
f 352/310/327 349/307/324 345/303/320
f 329/287/304 348/306/323 350/308/325
f 328/286/303 351/309/326 331/289/306
f 353/311/328 352/310/327 345/303/320
f 350/308/325 354/312/329 329/287/304
f 335/293/310 351/309/326 328/286/303
f 355/313/330 352/310/327 353/311/328
f 356/314/331 354/312/329 350/308/325
f 350/308/325 346/304/321 356/314/331
f 335/293/310 280/238/255 351/309/326
f 357/315/332 349/307/324 352/310/327
f 329/287/304 354/312/329 358/316/333
f 335/293/310 286/244/261 280/238/255
f 357/315/332 359/317/334 349/307/324
f 327/285/302 329/287/304 358/316/333
f 352/310/327 360/318/335 357/315/332
f 351/309/326 280/238/255 275/233/250
f 360/318/335 359/317/334 357/315/332
f 349/307/324 359/317/334 347/305/322
f 361/319/336 360/318/335 352/310/327
f 275/233/250 268/226/243 351/309/326
f 332/290/307 348/306/323 329/287/304
f 361/319/336 352/310/327 297/255/272
f 362/320/337 359/317/334 360/318/335
f 332/290/307 336/294/311 348/306/323
f 360/318/335 361/319/336 298/256/273
f 297/255/272 352/310/327 355/313/330
f 359/317/334 363/321/338 347/305/322
f 362/320/337 363/321/338 359/317/334
f 298/256/273 361/319/336 295/253/270
f 361/319/336 297/255/272 295/253/270
f 364/322/339 297/255/272 355/313/330
f 363/321/338 362/320/337 365/323/340
f 366/324/341 360/318/335 298/256/273
f 353/311/328 364/322/339 355/313/330
f 365/323/340 367/325/342 363/321/338
f 365/323/340 362/320/337 366/324/341
f 362/320/337 360/318/335 366/324/341
f 368/326/343 364/322/339 353/311/328
f 363/321/338 367/325/342 369/327/344
f 305/263/280 365/323/340 366/324/341
f 298/256/273 305/263/280 366/324/341
f 364/322/339 368/326/343 370/328/345
f 367/325/342 371/329/346 369/327/344
f 367/325/342 365/323/340 372/330/347
f 373/331/348 365/323/340 305/263/280
f 370/328/345 368/326/343 374/332/349
f 369/327/344 371/329/346 375/333/350
f 373/331/348 305/263/280 307/265/282
f 374/332/349 344/302/319 370/328/345
f 369/327/344 375/333/350 376/334/351
f 310/268/285 373/331/348 307/265/282
f 337/295/312 344/302/319 374/332/349
f 376/334/351 346/304/321 369/327/344
f 321/279/296 373/331/348 310/268/285
f 373/331/348 321/279/296 365/323/340
f 370/328/345 344/302/319 377/335/352
f 346/304/321 376/334/351 356/314/331
f 369/327/344 346/304/321 363/321/338
f 365/323/340 321/279/296 322/280/297
f 344/302/319 264/222/239 377/335/352
f 356/314/331 376/334/351 378/336/353
f 372/330/347 365/323/340 322/280/297
f 266/224/241 264/222/239 344/302/319
f 356/314/331 378/336/353 379/337/37
f 380/338/354 372/330/347 322/280/297
f 376/334/351 381/339/355 378/336/353
f 264/222/239 382/340/356 377/335/352
f 383/341/357 372/330/347 380/338/354
f 376/334/351 375/333/350 381/339/355
f 264/222/239 250/208/225 382/340/356
f 383/341/357 384/342/358 372/330/347
f 380/338/354 385/343/359 383/341/357
f 378/336/353 381/339/355 386/344/360
f 378/336/353 386/344/360 379/337/37
f 372/330/347 384/342/358 387/345/361
f 383/341/357 385/343/359 388/346/362
f 381/339/355 389/347/363 386/344/360
f 387/345/361 367/325/342 372/330/347
f 383/341/357 388/346/362 384/342/358
f 390/348/364 389/347/363 381/339/355
f 371/329/346 367/325/342 387/345/361
f 379/337/37 386/344/360 391/349/365
f 390/348/364 392/350/366 389/347/363
f 387/345/361 393/351/367 371/329/346
f 381/339/355 375/333/350 390/348/364
f 386/344/360 389/347/363 391/349/365
f 394/352/368 393/351/367 387/345/361
f 387/345/361 384/342/358 394/352/368
f 390/348/364 375/333/350 395/353/369
f 393/351/367 395/353/369 371/329/346
f 391/349/365 389/347/363 396/354/39
f 389/347/363 392/350/366 396/354/39
f 397/355/370 392/350/366 390/348/364
f 371/329/346 395/353/369 375/333/350
f 394/352/368 398/356/371 393/351/367
f 390/348/364 395/353/369 397/355/370
f 397/355/370 399/357/372 392/350/366
f 394/352/368 384/342/358 400/358/373
f 398/356/371 401/359/374 393/351/367
f 397/355/370 395/353/369 401/359/374
f 402/360/375 392/350/366 399/357/372
f 400/358/373 403/361/376 394/352/368
f 393/351/367 401/359/374 395/353/369
f 399/357/372 404/362/377 402/360/375
f 403/361/376 400/358/373 405/363/378
f 406/364/379 398/356/371 394/352/368
f 399/357/372 407/365/380 404/362/377
f 394/352/368 403/361/376 406/364/379
f 407/365/380 399/357/372 397/355/370
f 408/366/381 403/361/376 405/363/378
f 402/360/375 404/362/377 409/367/382
f 404/362/377 407/365/380 410/368/383
f 397/355/370 411/369/384 407/365/380
f 412/370/385 403/361/376 408/366/381
f 409/367/382 404/362/377 413/371/386
f 407/365/380 411/369/384 410/368/383
f 403/361/376 412/370/385 414/372/387
f 408/366/381 405/363/378 415/373/388
f 413/371/386 404/362/377 416/374/389
f 403/361/376 414/372/387 417/375/390
f 418/376/391 408/366/381 415/373/388
f 416/374/389 419/377/392 413/371/386
f 420/378/393 403/361/376 417/375/390
f 421/379/394 408/366/381 418/376/391
f 416/374/389 404/362/377 422/380/395
f 422/380/395 404/362/377 410/368/383
f 406/364/379 403/361/376 420/378/393
f 423/381/396 408/366/381 421/379/394
f 424/382/397 416/374/389 422/380/395
f 419/377/392 416/374/389 424/382/397
f 406/364/379 420/378/393 425/383/398
f 412/370/385 408/366/381 423/381/396
f 424/382/397 426/384/399 419/377/392
f 406/364/379 425/383/398 427/385/400
f 428/386/401 412/370/385 423/381/396
f 429/387/402 426/384/399 424/382/397
f 406/364/379 427/385/400 398/356/371
f 428/386/401 423/381/396 430/388/403
f 431/389/404 429/387/402 424/382/397
f 432/390/405 419/377/392 426/384/399
f 430/388/403 433/391/406 428/386/401
f 424/382/397 434/392/407 431/389/404
f 435/393/408 419/377/392 432/390/405
f 436/394/409 433/391/406 430/388/403
f 422/380/395 434/392/407 424/382/397
f 413/371/386 419/377/392 435/393/408
f 436/394/409 430/388/403 437/395/410
f 422/380/395 410/368/383 434/392/407
f 433/391/406 417/375/390 428/386/401
f 438/396/411 433/391/406 436/394/409
f 437/395/410 430/388/403 439/397/412
f 434/392/407 410/368/383 440/398/413
f 441/399/414 433/391/406 438/396/411
f 441/399/414 417/375/390 433/391/406
f 439/397/412 430/388/403 442/400/415
f 410/368/383 411/369/384 440/398/413
f 443/401/416 441/399/414 438/396/411
f 437/395/410 439/397/412 444/402/417
f 445/403/418 439/397/412 442/400/415
f 440/398/413 446/404/419 434/392/407
f 411/369/384 446/404/419 440/398/413
f 447/405/420 437/395/410 444/402/417
f 444/402/417 439/397/412 448/406/421
f 448/406/421 439/397/412 445/403/418
f 449/407/422 446/404/419 411/369/384
f 444/402/417 450/408/423 447/405/420
f 448/406/421 451/409/424 444/402/417
f 448/406/421 445/403/418 452/410/425
f 434/392/407 446/404/419 453/411/426
f 451/409/424 450/408/423 444/402/417
f 452/410/425 451/409/424 448/406/421
f 452/410/425 445/403/418 454/412/427
f 446/404/419 449/407/422 455/413/428
f 450/408/423 456/414/429 447/405/420
f 457/415/430 434/392/407 453/411/426
f 455/413/428 458/416/431 446/404/419
f 455/413/428 449/407/422 459/417/432
f 447/405/420 456/414/429 460/418/433
f 446/404/419 458/416/431 453/411/426
f 453/411/426 458/416/431 457/415/430
f 449/407/422 401/359/374 459/417/432
f 456/414/429 461/419/434 460/418/433
f 460/418/433 462/420/435 447/405/420
f 431/389/404 434/392/407 457/415/430
f 459/417/432 463/421/436 455/413/428
f 401/359/374 463/421/436 459/417/432
f 464/422/437 462/420/435 460/418/433
f 457/415/430 465/423/438 431/389/404
f 401/359/374 466/424/439 463/421/436
f 467/425/440 464/422/437 460/418/433
f 460/418/433 461/419/434 467/425/440
f 465/423/438 429/387/402 431/389/404
f 463/421/436 466/424/439 468/426/441
f 455/413/428 463/421/436 468/426/441
f 461/419/434 469/427/442 467/425/440
f 465/423/438 470/428/443 429/387/402
f 471/429/444 455/413/428 468/426/441
f 472/430/445 469/427/442 461/419/434
f 473/431/446 470/428/443 465/423/438
f 458/416/431 455/413/428 471/429/444
f 472/430/445 474/432/447 469/427/442
f 475/433/237 470/428/443 473/431/446
f 458/416/431 471/429/444 476/434/448
f 473/431/446 465/423/438 457/415/430
f 469/427/442 474/432/447 477/435/449
f 457/415/430 458/416/431 476/434/448
f 476/434/448 471/429/444 478/436/450
f 457/415/430 476/434/448 473/431/446
f 477/435/449 479/437/451 469/427/442
f 477/435/449 474/432/447 480/438/452
f 481/439/453 476/434/448 478/436/450
f 475/433/237 473/431/446 482/440/454
f 480/438/452 483/441/455 477/435/449
f 483/441/455 479/437/451 477/435/449
f 484/442/456 476/434/448 481/439/453
f 482/440/454 473/431/446 484/442/456
f 480/438/452 474/432/447 485/443/457
f 486/444/458 479/437/451 483/441/455
f 473/431/446 476/434/448 484/442/456
f 487/445/459 483/441/455 480/438/452
f 485/443/457 488/446/460 480/438/452
f 487/445/459 486/444/458 483/441/455
f 489/447/461 479/437/451 486/444/458
f 481/439/453 490/448/462 484/442/456
f 480/438/452 488/446/460 487/445/459
f 484/442/456 490/448/462 482/440/454
f 491/449/463 479/437/451 489/447/461
f 488/446/460 492/450/464 481/439/453
f 492/450/464 488/446/460 485/443/457
f 481/439/453 492/450/464 490/448/462
f 493/451/465 486/444/458 487/445/459
f 486/444/458 494/452/466 489/447/461
f 481/439/453 495/453/467 488/446/460
f 496/454/468 479/437/451 491/449/463
f 487/445/459 488/446/460 495/453/467
f 497/455/469 494/452/466 486/444/458
f 491/449/463 443/401/416 496/454/468
f 495/453/467 498/456/470 487/445/459
f 487/445/459 498/456/470 493/451/465
f 497/455/469 499/457/471 494/452/466
f 496/454/468 443/401/416 464/422/437
f 478/436/450 495/453/467 481/439/453
f 486/444/458 500/458/472 497/455/469
f 493/451/465 500/458/472 486/444/458
f 493/451/465 498/456/470 500/458/472
f 496/454/468 464/422/437 467/425/440
f 498/456/470 495/453/467 471/429/444
f 471/429/444 495/453/467 478/436/450
f 500/458/472 501/459/473 497/455/469
f 464/422/437 443/401/416 462/420/435
f 471/429/444 502/460/474 498/456/470
f 500/458/472 498/456/470 502/460/474
f 497/455/469 501/459/473 503/461/475
f 462/420/435 443/401/416 438/396/411
f 502/460/474 466/424/439 500/458/472
f 503/461/475 499/457/471 497/455/469
f 500/458/472 466/424/439 501/459/473
f 438/396/411 436/394/409 462/420/435
f 398/356/371 503/461/475 501/459/473
f 398/356/371 499/457/471 503/461/475
f 468/426/441 502/460/474 471/429/444
f 468/426/441 466/424/439 502/460/474
f 462/420/435 436/394/409 437/395/410
f 501/459/473 466/424/439 398/356/371
f 398/356/371 427/385/400 499/457/471
f 491/449/463 504/462/476 443/401/416
f 462/420/435 437/395/410 447/405/420
f 398/356/371 466/424/439 401/359/374
f 489/447/461 504/462/476 491/449/463
f 443/401/416 504/462/476 505/463/477
f 504/462/476 427/385/400 505/463/477
f 427/385/400 494/452/466 499/457/471
f 397/355/370 401/359/374 449/407/422
f 494/452/466 504/462/476 489/447/461
f 505/463/477 427/385/400 425/383/398
f 397/355/370 449/407/422 411/369/384
f 504/462/476 494/452/466 427/385/400
f 505/463/477 441/399/414 443/401/416
f 425/383/398 420/378/393 505/463/477
f 505/463/477 420/378/393 441/399/414
f 420/378/393 417/375/390 441/399/414
f 428/386/401 417/375/390 414/372/387
f 414/372/387 412/370/385 428/386/401
f 100/65/88 86/53/78 91/53/81
f 86/53/78 112/65/99 83/53/75
f 83/53/75 112/65/99 89/65/80
f 109/83/96 103/77/90 125/96/112
f 125/96/112 103/77/90 113/85/100
f 506/464/478 507/465/479 508/466/480
f 506/464/478 508/466/480 509/467/481
f 507/465/479 510/468/482 508/466/480
f 506/464/478 511/469/483 507/465/479
f 508/466/480 512/470/484 509/467/481
f 508/466/480 510/468/482 512/470/484
f 513/471/485 511/469/483 506/464/478
f 511/469/483 514/472/486 507/465/479
f 509/467/481 512/470/484 515/473/487
f 507/465/479 514/472/486 510/468/482
f 506/464/478 516/474/488 513/471/485
f 515/473/487 517/475/489 509/467/481
f 512/470/484 510/468/482 518/476/490
f 509/467/481 517/475/489 506/464/478
f 519/477/491 516/474/488 506/464/478
f 518/476/490 515/473/487 512/470/484
f 518/476/490 510/468/482 520/478/492
f 521/479/493 517/475/489 515/473/487
f 519/477/491 522/480/494 516/474/488
f 523/481/495 518/476/490 520/478/492
f 517/475/489 521/479/493 524/482/496
f 525/483/497 522/480/494 519/477/491
f 526/484/498 518/476/490 523/481/495
f 527/485/499 517/475/489 524/482/496
f 527/485/499 519/477/491 506/464/478
f 522/480/494 528/486/500 516/474/488
f 526/484/498 523/481/495 529/487/501
f 506/464/478 517/475/489 527/485/499
f 525/483/497 530/488/502 522/480/494
f 531/489/503 518/476/490 526/484/498
f 529/487/501 523/481/495 532/490/504
f 533/491/505 525/483/497 519/477/491
f 533/491/505 519/477/491 527/485/499
f 534/492/506 518/476/490 531/489/503
f 535/493/507 532/490/504 523/481/495
f 536/494/508 533/491/505 527/485/499
f 534/492/506 515/473/487 518/476/490
f 537/495/509 532/490/504 535/493/507
f 538/496/510 533/491/505 536/494/508
f 515/473/487 534/492/506 521/479/493
f 535/493/507 539/497/511 537/495/509
f 538/496/510 540/498/512 533/491/505
f 541/499/513 538/496/510 536/494/508
f 521/479/493 534/492/506 542/500/514
f 537/495/509 539/497/511 543/501/515
f 544/502/516 538/496/510 541/499/513
f 545/503/517 521/479/493 542/500/514
f 546/504/518 537/495/509 543/501/515
f 544/502/516 547/505/519 538/496/510
f 547/505/519 540/498/512 538/496/510
f 548/506/520 521/479/493 545/503/517
f 549/507/521 537/495/509 546/504/518
f 550/508/522 547/505/519 544/502/516
f 524/482/496 521/479/493 548/506/520
f 546/504/518 551/509/523 549/507/521
f 552/510/524 547/505/519 550/508/522
f 548/506/520 553/511/525 524/482/496
f 546/504/518 554/512/526 551/509/523
f 555/513/527 547/505/519 552/510/524
f 556/514/528 553/511/525 548/506/520
f 545/503/517 556/514/528 548/506/520
f 551/509/523 554/512/526 557/515/529
f 555/513/527 540/498/512 547/505/519
f 558/516/530 556/514/528 545/503/517
f 557/515/529 559/517/531 551/509/523
f 560/518/532 540/498/512 555/513/527
f 558/516/530 545/503/517 561/519/533
f 562/520/534 559/517/531 557/515/529
f 563/521/535 560/518/532 555/513/527
f 561/519/533 564/522/536 558/516/530
f 562/520/534 565/523/537 559/517/531
f 566/524/538 560/518/532 563/521/535
f 561/519/533 545/503/517 567/525/539
f 568/526/540 565/523/537 562/520/534
f 562/520/534 557/515/529 568/526/540
f 540/498/512 560/518/532 525/483/497
f 545/503/517 569/527/541 567/525/539
f 559/517/531 565/523/537 570/528/542
f 540/498/512 525/483/497 533/491/505
f 542/500/514 569/527/541 545/503/517
f 570/528/542 571/529/543 559/517/531
f 565/523/537 572/530/544 570/528/542
f 525/483/497 560/518/532 530/488/502
f 567/525/539 569/527/541 573/531/545
f 574/532/546 572/530/544 565/523/537
f 572/530/544 575/533/547 570/528/542
f 570/528/542 575/533/547 571/529/543
f 573/531/545 576/534/548 567/525/539
f 577/535/549 574/532/546 565/523/537
f 573/531/545 569/527/541 578/536/550
f 559/517/531 571/529/543 579/537/551
f 580/538/552 574/532/546 577/535/549
f 578/536/550 581/539/553 573/531/545
f 581/539/553 576/534/548 573/531/545
f 575/533/547 582/540/554 571/529/543
f 583/541/555 580/538/552 577/535/549
f 584/542/556 581/539/553 578/536/550
f 585/543/557 576/534/548 581/539/553
f 571/529/543 582/540/554 586/544/558
f 571/529/543 586/544/558 579/537/551
f 584/542/556 587/545/559 581/539/553
f 588/546/560 585/543/557 581/539/553
f 582/540/554 589/547/561 586/544/558
f 579/537/551 586/544/558 590/548/562
f 581/539/553 587/545/559 588/546/560
f 591/549/563 585/543/557 588/546/560
f 586/544/558 589/547/561 592/550/564
f 590/548/562 586/544/558 593/551/565
f 587/545/559 594/552/566 588/546/560
f 588/546/560 594/552/566 591/549/563
f 589/547/561 595/553/567 592/550/564
f 593/551/565 586/544/558 592/550/564
f 596/554/568 594/552/566 587/545/559
f 591/549/563 594/552/566 597/555/569
f 592/550/564 595/553/567 598/556/570
f 592/550/564 598/556/570 593/551/565
f 596/554/568 599/557/571 594/552/566
f 597/555/569 600/558/572 591/549/563
f 595/553/567 601/559/573 598/556/570
f 602/560/574 599/557/571 596/554/568
f 593/551/565 598/556/570 602/560/574
f 596/554/568 587/545/559 602/560/574
f 600/558/572 603/561/575 591/549/563
f 598/556/570 601/559/573 599/557/571
f 604/562/576 593/551/565 602/560/574
f 602/560/574 587/545/559 604/562/576
f 603/561/575 600/558/572 605/563/577
f 598/556/570 599/557/571 602/560/574
f 606/564/578 593/551/565 604/562/576
f 605/563/577 607/565/579 603/561/575
f 605/563/577 600/558/572 608/566/580
f 601/559/573 609/567/581 599/557/571
f 610/568/582 606/564/578 604/562/576
f 611/569/583 607/565/579 605/563/577
f 600/558/572 612/570/584 608/566/580
f 613/571/585 606/564/578 610/568/582
f 607/565/579 611/569/583 564/522/536
f 614/572/586 612/570/584 600/558/572
f 615/573/587 606/564/578 613/571/585
f 564/522/536 561/519/533 607/565/579
f 614/572/586 616/574/588 612/570/584
f 615/573/587 613/571/585 532/490/504
f 564/522/536 611/569/583 617/575/589
f 597/555/569 616/574/588 614/572/586
f 614/572/586 600/558/572 597/555/569
f 532/490/504 613/571/585 529/487/501
f 611/569/583 618/576/590 617/575/589
f 612/570/584 616/574/588 619/577/591
f 532/490/504 537/495/509 615/573/587
f 605/563/577 618/576/590 611/569/583
f 619/577/591 620/578/592 612/570/584
f 616/574/588 621/579/593 619/577/591
f 615/573/587 537/495/509 549/507/521
f 617/575/589 618/576/590 622/580/594
f 623/581/595 621/579/593 616/574/588
f 549/507/521 624/582/596 615/573/587
f 622/580/594 625/583/597 617/575/589
f 626/584/598 623/581/595 616/574/588
f 549/507/521 551/509/523 624/582/596
f 627/585/599 625/583/597 622/580/594
f 628/586/600 623/581/595 626/584/598
f 626/584/598 616/574/588 597/555/569
f 551/509/523 559/517/531 624/582/596
f 629/587/601 627/585/599 622/580/594
f 630/588/602 628/586/600 626/584/598
f 594/552/566 626/584/598 597/555/569
f 624/582/596 559/517/531 579/537/551
f 622/580/594 631/589/603 629/587/601
f 630/588/602 626/584/598 594/552/566
f 579/537/551 632/590/604 624/582/596
f 618/576/590 631/589/603 622/580/594
f 594/552/566 599/557/571 630/588/602
f 590/548/562 632/590/604 579/537/551
f 618/576/590 633/591/605 631/589/603
f 615/573/587 624/582/596 632/590/604
f 599/557/571 609/567/581 630/588/602
f 634/592/606 633/591/605 618/576/590
f 632/590/604 606/564/578 615/573/587
f 633/591/605 635/593/607 631/589/603
f 609/567/581 628/586/600 630/588/602
f 590/548/562 593/551/565 632/590/604
f 632/590/604 593/551/565 606/564/578
f 636/594/608 635/593/607 633/591/605
f 631/589/603 635/593/607 629/587/601
f 634/592/606 618/576/590 605/563/577
f 633/591/605 637/595/609 636/594/608
f 629/587/601 635/593/607 638/596/610
f 608/566/580 634/592/606 605/563/577
f 637/595/609 633/591/605 639/597/611
f 638/596/610 640/598/612 629/587/601
f 639/597/611 634/592/606 608/566/580
f 636/594/608 637/595/609 641/599/613
f 639/597/611 633/591/605 634/592/606
f 629/587/601 640/598/612 642/600/614
f 608/566/580 612/570/584 639/597/611
f 637/595/609 643/601/615 641/599/613
f 642/600/614 627/585/599 629/587/601
f 640/598/612 644/602/616 642/600/614
f 639/597/611 612/570/584 645/603/617
f 643/601/615 637/595/609 645/603/617
f 644/602/616 627/585/599 642/600/614
f 646/604/618 644/602/616 640/598/612
f 645/603/617 637/595/609 639/597/611
f 641/599/613 643/601/615 647/605/619
f 646/604/618 648/606/620 644/602/616
f 612/570/584 620/578/592 645/603/617
f 649/607/621 627/585/599 644/602/616
f 643/601/615 650/608/622 647/605/619
f 644/602/616 648/606/620 651/609/623
f 620/578/592 650/608/622 645/603/617
f 644/602/616 651/609/623 649/607/621
f 645/603/617 650/608/622 643/601/615
f 647/605/619 650/608/622 652/610/624
f 620/578/592 653/611/625 650/608/622
f 648/606/620 541/499/513 651/609/623
f 627/585/599 649/607/621 625/583/597
f 654/612/626 653/611/625 620/578/592
f 653/611/625 655/613/627 650/608/622
f 650/608/622 655/613/627 652/610/624
f 649/607/621 651/609/623 656/614/628
f 619/577/591 654/612/626 620/578/592
f 625/583/597 649/607/621 657/615/629
f 536/494/508 651/609/623 541/499/513
f 649/607/621 656/614/628 657/615/629
f 621/579/593 654/612/626 619/577/591
f 656/614/628 651/609/623 536/494/508
f 657/615/629 658/616/630 625/583/597
f 656/614/628 536/494/508 659/617/631
f 657/615/629 659/617/631 658/616/630
f 657/615/629 656/614/628 659/617/631
f 625/583/597 658/616/630 660/618/632
f 659/617/631 536/494/508 661/619/633
f 658/616/630 659/617/631 661/619/633
f 564/522/536 625/583/597 660/618/632
f 527/485/499 661/619/633 536/494/508
f 660/618/632 658/616/630 558/516/530
f 558/516/530 564/522/536 660/618/632
f 617/575/589 625/583/597 564/522/536
f 553/511/525 661/619/633 527/485/499
f 558/516/530 658/616/630 556/514/528
f 556/514/528 661/619/633 553/511/525
f 658/616/630 661/619/633 556/514/528
f 553/511/525 527/485/499 524/482/496
f 662/620/634 663/621/635 664/622/636
f 662/620/634 664/622/636 665/623/637
f 664/622/636 663/621/635 666/624/638
f 662/620/634 667/625/639 663/621/635
f 665/623/637 664/622/636 668/626/640
f 664/622/636 666/624/638 668/626/640
f 669/627/641 667/625/639 662/620/634
f 667/625/639 670/628/642 663/621/635
f 671/629/643 665/623/637 668/626/640
f 668/626/640 666/624/638 672/630/644
f 669/627/641 662/620/634 673/631/645
f 663/621/635 670/628/642 530/488/502
f 668/626/640 672/630/644 671/629/643
f 673/631/645 662/620/634 665/623/637
f 530/488/502 566/524/538 663/621/635
f 522/480/494 530/488/502 670/628/642
f 674/632/646 665/623/637 671/629/643
f 675/633/647 669/627/641 673/631/645
f 522/480/494 670/628/642 528/486/500
f 674/632/646 671/629/643 676/634/648
f 675/633/647 673/631/645 677/635/649
f 678/636/650 669/627/641 675/633/647
f 528/486/500 670/628/642 679/637/651
f 676/634/648 671/629/643 680/638/652
f 675/633/647 681/639/653 678/636/650
f 528/486/500 679/637/651 682/640/654
f 683/641/655 676/634/648 680/638/652
f 684/642/656 681/639/653 675/633/647
f 677/635/649 684/642/656 675/633/647
f 682/640/654 679/637/651 685/643/657
f 686/644/658 676/634/648 683/641/655
f 687/645/659 684/642/656 677/635/649
f 688/646/660 528/486/500 682/640/654
f 689/647/661 686/644/658 683/641/655
f 687/645/659 677/635/649 690/648/662
f 691/649/663 528/486/500 688/646/660
f 692/650/664 686/644/658 689/647/661
f 693/651/665 684/642/656 687/645/659
f 687/645/659 690/648/662 693/651/665
f 516/474/488 528/486/500 691/649/663
f 692/650/664 694/652/666 686/644/658
f 695/653/667 684/642/656 693/651/665
f 516/474/488 691/649/663 513/471/485
f 696/654/547 694/652/666 692/650/664
f 697/655/668 695/653/667 693/651/665
f 695/653/667 681/639/653 684/642/656
f 513/471/485 691/649/663 698/656/669
f 694/652/666 696/654/547 699/657/670
f 700/658/671 695/653/667 697/655/668
f 698/656/669 701/659/672 513/471/485
f 699/657/670 702/660/673 694/652/666
f 697/655/668 703/661/674 700/658/671
f 691/649/663 688/646/660 698/656/669
f 699/657/670 690/648/662 702/660/673
f 704/662/675 703/661/674 697/655/668
f 703/661/674 705/663/676 700/658/671
f 698/656/669 688/646/660 706/664/677
f 690/648/662 677/635/649 702/660/673
f 705/663/676 703/661/674 707/665/678
f 706/664/677 708/666/679 698/656/669
f 709/667/680 690/648/662 699/657/670
f 700/658/671 705/663/676 710/668/681
f 688/646/660 388/346/362 706/664/677
f 709/667/680 699/657/670 711/669/682
f 710/668/681 712/670/683 700/658/671
f 688/646/660 713/671/684 388/346/362
f 690/648/662 709/667/680 714/672/685
f 715/673/686 710/668/681 705/663/676
f 715/673/686 712/670/683 710/668/681
f 682/640/654 713/671/684 688/646/660
f 714/672/685 709/667/680 716/674/687
f 715/673/686 705/663/676 717/675/688
f 700/658/671 712/670/683 695/653/667
f 716/674/687 718/676/689 714/672/685
f 685/643/657 715/673/686 717/675/688
f 717/675/688 705/663/676 707/665/678
f 712/670/683 681/639/653 695/653/667
f 718/676/689 697/655/668 714/672/685
f 715/673/686 681/639/653 712/670/683
f 717/675/688 707/665/678 719/677/690
f 720/678/691 697/655/668 718/676/689
f 679/637/651 715/673/686 685/643/657
f 717/675/688 719/677/690 721/679/692
f 704/662/675 697/655/668 720/678/691
f 679/637/651 667/625/639 715/673/686
f 667/625/639 681/639/653 715/673/686
f 722/680/693 721/679/692 719/677/690
f 719/677/690 707/665/678 722/680/693
f 723/681/694 720/678/691 718/676/689
f 667/625/639 678/636/650 681/639/653
f 724/682/695 721/679/692 722/680/693
f 725/683/696 720/678/691 723/681/694
f 667/625/639 669/627/641 678/636/650
f 670/628/642 667/625/639 679/637/651
f 726/684/697 724/682/695 722/680/693
f 725/683/696 723/681/694 727/685/698
f 720/678/691 725/683/696 728/686/699
f 729/687/700 721/679/692 724/682/695
f 722/680/693 730/688/701 726/684/697
f 731/689/702 720/678/691 728/686/699
f 732/690/703 721/679/692 729/687/700
f 722/680/693 707/665/678 730/688/701
f 728/686/699 726/684/697 731/689/702
f 418/376/391 732/690/703 729/687/700
f 405/363/378 721/679/692 732/690/703
f 726/684/697 730/688/701 731/689/702
f 733/691/704 726/684/697 728/686/699
f 418/376/391 729/687/700 734/692/705
f 415/373/388 732/690/703 418/376/391
f 405/363/378 732/690/703 415/373/388
f 735/693/706 726/684/697 733/691/704
f 734/692/705 729/687/700 736/694/707
f 717/675/688 721/679/692 405/363/378
f 737/695/708 726/684/697 735/693/706
f 734/692/705 421/379/394 418/376/391
f 737/695/708 735/693/706 736/694/707
f 738/696/709 717/675/688 405/363/378
f 739/697/710 421/379/394 734/692/705
f 737/695/708 724/682/695 726/684/697
f 729/687/700 724/682/695 736/694/707
f 405/363/378 400/358/373 738/696/709
f 739/697/710 734/692/705 740/698/711
f 736/694/707 724/682/695 737/695/708
f 741/699/712 421/379/394 739/697/710
f 384/342/358 738/696/709 400/358/373
f 742/700/713 734/692/705 736/694/707
f 423/381/396 421/379/394 741/699/712
f 713/671/684 738/696/709 384/342/358
f 743/701/714 734/692/705 742/700/713
f 740/698/711 734/692/705 743/701/714
f 430/388/403 423/381/396 741/699/712
f 384/342/358 388/346/362 713/671/684
f 744/702/715 740/698/711 743/701/714
f 442/400/415 430/388/403 741/699/712
f 745/703/716 743/701/714 742/700/713
f 736/694/707 735/693/706 742/700/713
f 744/702/715 743/701/714 745/703/716
f 746/704/717 442/400/415 740/698/711
f 741/699/712 739/697/710 442/400/415
f 735/693/706 747/705/718 742/700/713
f 742/700/713 747/705/718 745/703/716
f 746/704/717 740/698/711 744/702/715
f 442/400/415 739/697/710 740/698/711
f 747/705/718 735/693/706 748/706/719
f 744/702/715 745/703/716 749/707/720
f 445/403/418 442/400/415 746/704/717
f 747/705/718 748/706/719 750/708/721
f 746/704/717 744/702/715 751/709/722
f 751/709/722 744/702/715 749/707/720
f 746/704/717 454/412/427 445/403/418
f 745/703/716 747/705/718 752/710/723
f 751/709/722 454/412/427 746/704/717
f 752/710/723 747/705/718 750/708/721
f 749/707/720 745/703/716 752/710/723
f 748/706/719 735/693/706 733/691/704
f 750/708/721 748/706/719 753/711/724
f 748/706/719 733/691/704 754/712/725
f 748/706/719 754/712/725 753/711/724
f 754/712/725 733/691/704 728/686/699
f 753/711/724 754/712/725 755/713/726
f 728/686/699 725/683/696 754/712/725
f 725/683/696 755/713/726 754/712/725
f 727/685/698 755/713/726 725/683/696
f 727/685/698 723/681/694 756/714/727
f 723/681/694 716/674/687 756/714/727
f 723/681/694 718/676/689 716/674/687
f 756/714/727 716/674/687 757/715/728
f 716/674/687 709/667/680 757/715/728
f 757/715/728 709/667/680 711/669/682
f 711/669/682 699/657/670 758/716/729
f 699/657/670 696/654/547 758/716/729
f 385/343/359 759/717/730 760/718/731
f 761/719/732 385/343/359 760/718/731
f 759/717/730 762/720/733 760/718/731
f 761/719/732 760/718/731 763/721/734
f 385/343/359 380/338/354 759/717/730
f 760/718/731 762/720/733 764/722/735
f 763/721/734 760/718/731 764/722/735
f 763/721/734 765/723/736 761/719/732
f 761/719/732 766/724/737 385/343/359
f 759/717/730 380/338/354 767/725/738
f 764/722/735 762/720/733 768/726/739
f 761/719/732 765/723/736 766/724/737
f 768/726/739 763/721/734 764/722/735
f 769/727/740 767/725/738 380/338/354
f 768/726/739 762/720/733 770/728/741
f 765/723/736 771/729/742 766/724/737
f 769/727/740 380/338/354 772/730/743
f 770/728/741 773/731/744 768/726/739
f 774/732/745 771/729/742 765/723/736
f 775/733/746 769/727/740 772/730/743
f 773/731/744 770/728/741 776/734/747
f 774/732/745 765/723/736 777/735/748
f 778/736/749 769/727/740 775/733/746
f 768/726/739 773/731/744 779/737/750
f 780/738/751 771/729/742 774/732/745
f 777/735/748 780/738/751 774/732/745
f 778/736/749 781/739/752 769/727/740
f 779/737/750 773/731/744 782/740/753
f 777/735/748 765/723/736 783/741/754
f 778/736/749 775/733/746 784/742/755
f 784/742/755 781/739/752 778/736/749
f 782/740/753 773/731/744 785/743/756
f 783/741/754 765/723/736 786/744/757
f 784/742/755 775/733/746 787/745/758
f 785/743/756 788/746/759 782/740/753
f 789/747/760 777/735/748 783/741/754
f 786/744/757 789/747/760 783/741/754
f 790/748/761 787/745/758 775/733/746
f 791/749/762 788/746/759 785/743/756
f 792/750/763 789/747/760 786/744/757
f 793/751/764 787/745/758 790/748/761
f 791/749/762 794/752/765 788/746/759
f 786/744/757 768/726/739 792/750/763
f 793/751/764 790/748/761 309/267/284
f 785/743/756 795/753/766 791/749/762
f 786/744/757 763/721/734 768/726/739
f 793/751/764 309/267/284 796/754/767
f 796/754/767 787/745/758 793/751/764
f 797/755/768 795/753/766 785/743/756
f 786/744/757 765/723/736 763/721/734
f 796/754/767 309/267/284 312/270/287
f 795/753/766 797/755/768 276/234/251
f 797/755/768 785/743/756 776/734/747
f 285/243/260 787/745/758 796/754/767
f 312/270/287 246/204/221 796/754/767
f 276/234/251 797/755/768 282/240/257
f 797/755/768 776/734/747 282/240/257
f 285/243/260 282/240/257 798/756/769
f 285/243/260 784/742/755 787/745/758
f 796/754/767 246/204/221 249/207/224
f 776/734/747 784/742/755 798/756/769
f 282/240/257 776/734/747 798/756/769
f 798/756/769 784/742/755 285/243/260
f 276/234/251 269/227/244 795/753/766
f 249/207/224 285/243/260 796/754/767
f 799/757/770 784/742/755 776/734/747
f 776/734/747 785/743/756 773/731/744
f 795/753/766 269/227/244 800/758/771
f 279/237/254 285/243/260 249/207/224
f 776/734/747 770/728/741 799/757/770
f 795/753/766 800/758/771 791/749/762
f 245/203/220 279/237/254 249/207/224
f 269/227/244 265/223/240 800/758/771
f 799/757/770 781/739/752 784/742/755
f 791/749/762 800/758/771 794/752/765
f 770/728/741 762/720/733 799/757/770
f 800/758/771 265/223/240 801/759/772
f 799/757/770 762/720/733 781/739/752
f 801/759/772 794/752/765 800/758/771
f 265/223/240 802/760/773 801/759/772
f 759/717/730 781/739/752 762/720/733
f 803/761/774 794/752/765 801/759/772
f 267/225/242 802/760/773 265/223/240
f 767/725/738 781/739/752 759/717/730
f 794/752/765 803/761/774 804/762/775
f 267/225/242 805/763/776 802/760/773
f 769/727/740 781/739/752 767/725/738
f 788/746/759 794/752/765 804/762/775
f 806/764/777 805/763/776 267/225/242
f 805/763/776 807/765/778 802/760/773
f 804/762/775 803/761/774 808/766/779
f 804/762/775 809/767/780 788/746/759
f 267/225/242 810/768/781 806/764/777
f 802/760/773 807/765/778 811/769/782
f 803/761/774 811/769/782 808/766/779
f 812/770/783 788/746/759 809/767/780
f 263/221/238 810/768/781 267/225/242
f 801/759/772 811/769/782 803/761/774
f 802/760/773 811/769/782 801/759/772
f 782/740/753 788/746/759 812/770/783
f 263/221/238 233/191/208 810/768/781
f 813/771/784 809/767/780 804/762/775
f 804/762/775 808/766/779 813/771/784
f 782/740/753 812/770/783 779/737/750
f 810/768/781 233/191/208 230/188/205
f 812/770/783 809/767/780 814/772/785
f 813/771/784 808/766/779 815/773/786
f 779/737/750 812/770/783 792/750/763
f 814/772/785 792/750/763 812/770/783
f 814/772/785 809/767/780 816/774/787
f 813/771/784 816/774/787 809/767/780
f 808/766/779 817/775/788 815/773/786
f 792/750/763 768/726/739 779/737/750
f 815/773/786 818/776/789 813/771/784
f 818/776/789 816/774/787 813/771/784
f 819/777/790 817/775/788 808/766/779
f 789/747/760 792/750/763 814/772/785
f 816/774/787 818/776/789 820/778/791
f 808/766/779 811/769/782 819/777/790
f 814/772/785 821/779/792 789/747/760
f 816/774/787 820/778/791 814/772/785
f 820/778/791 818/776/789 822/780/793
f 811/769/782 807/765/778 819/777/790
f 814/772/785 820/778/791 821/779/792
f 789/747/760 821/779/792 823/781/794
f 818/776/789 824/782/795 822/780/793
f 819/777/790 807/765/778 825/783/796
f 823/781/794 777/735/748 789/747/760
f 824/782/795 818/776/789 815/773/786
f 825/783/796 826/784/797 819/777/790
f 827/785/798 777/735/748 823/781/794
f 823/781/794 821/779/792 827/785/798
f 822/780/793 824/782/795 828/786/799
f 819/777/790 826/784/797 817/775/788
f 829/787/800 777/735/748 827/785/798
f 822/780/793 828/786/799 830/788/801
f 824/782/795 831/789/802 828/786/799
f 817/775/788 831/789/802 815/773/786
f 829/787/800 780/738/751 777/735/748
f 830/788/801 832/790/803 822/780/793
f 815/773/786 831/789/802 824/782/795
f 827/785/798 833/791/804 829/787/800
f 830/788/801 828/786/799 834/792/805
f 822/780/793 832/790/803 820/778/791
f 827/785/798 835/793/806 833/791/804
f 834/792/805 836/794/807 830/788/801
f 828/786/799 831/789/802 837/795/808
f 838/796/809 835/793/806 827/785/798
f 838/796/809 820/778/791 832/790/803
f 836/794/807 839/797/810 830/788/801
f 831/789/802 840/798/811 837/795/808
f 832/790/803 835/793/806 838/796/809
f 841/799/812 839/797/810 836/794/807
f 830/788/801 839/797/810 832/790/803
f 837/795/808 840/798/811 842/800/813
f 839/797/810 835/793/806 832/790/803
f 836/794/807 843/801/814 841/799/812
f 842/800/813 844/802/726 837/795/808
f 845/803/815 839/797/810 841/799/812
f 839/797/810 845/803/815 835/793/806
f 846/804/816 843/801/814 836/794/807
f 837/795/808 844/802/726 847/805/817
f 841/799/812 848/806/818 845/803/815
f 846/804/816 849/807/819 843/801/814
f 837/795/808 847/805/817 828/786/799
f 850/808/820 848/806/818 841/799/812
f 834/792/805 849/807/819 846/804/816
f 841/799/812 843/801/814 850/808/820
f 828/786/799 847/805/817 834/792/805
f 846/804/816 836/794/807 834/792/805
f 847/805/817 849/807/819 834/792/805
f 851/809/821 845/803/815 848/806/818
f 850/808/820 843/801/814 568/526/540
f 849/807/819 847/805/817 852/810/822
f 852/810/822 847/805/817 844/802/726
f 853/811/823 845/803/815 851/809/821
f 843/801/814 849/807/819 583/541/555
f 849/807/819 852/810/822 583/541/555
f 843/801/814 577/535/549 568/526/540
f 835/793/806 845/803/815 853/811/823
f 853/811/823 851/809/821 854/812/824
f 583/541/555 577/535/549 843/801/814
f 577/535/549 565/523/537 568/526/540
f 835/793/806 853/811/823 833/791/804
f 833/791/804 853/811/823 854/812/824
f 583/541/555 852/810/822 855/813/825
f 854/812/824 851/809/821 856/814/826
f 568/526/540 557/515/529 850/808/820
f 855/813/825 580/538/552 583/541/555
f 854/812/824 857/815/827 833/791/804
f 856/814/826 857/815/827 854/812/824
f 557/515/529 554/512/526 850/808/820
f 858/816/828 856/814/826 851/809/821
f 833/791/804 857/815/827 859/817/829
f 554/512/526 546/504/518 858/816/828
f 850/808/820 554/512/526 848/806/818
f 848/806/818 858/816/828 851/809/821
f 829/787/800 833/791/804 859/817/829
f 858/816/828 546/504/518 543/501/515
f 554/512/526 858/816/828 848/806/818
f 857/815/827 860/818/830 859/817/829
f 829/787/800 859/817/829 780/738/751
f 858/816/828 543/501/515 861/819/831
f 861/819/831 856/814/826 858/816/828
f 862/820/832 860/818/830 857/815/827
f 780/738/751 859/817/829 860/818/830
f 861/819/831 543/501/515 539/497/511
f 863/821/833 857/815/827 856/814/826
f 780/738/751 860/818/830 864/822/834
f 861/819/831 863/821/833 856/814/826
f 862/820/832 865/823/835 860/818/830
f 863/821/833 866/824/836 857/815/827
f 864/822/834 771/729/742 780/738/751
f 857/815/827 866/824/836 862/820/832
f 860/818/830 865/823/835 708/666/679
f 864/822/834 860/818/830 708/666/679
f 864/822/834 706/664/677 771/729/742
f 867/825/837 863/821/833 861/819/831
f 865/823/835 698/656/669 708/666/679
f 864/822/834 708/666/679 706/664/677
f 771/729/742 706/664/677 766/724/737
f 867/825/837 868/826/838 863/821/833
f 863/821/833 868/826/838 866/824/836
f 869/827/839 698/656/669 865/823/835
f 866/824/836 869/827/839 862/820/832
f 385/343/359 766/724/737 706/664/677
f 870/828/840 868/826/838 867/825/837
f 862/820/832 869/827/839 865/823/835
f 861/819/831 870/828/840 867/825/837
f 706/664/677 388/346/362 385/343/359
f 871/829/841 868/826/838 870/828/840
f 866/824/836 701/659/672 869/827/839
f 869/827/839 701/659/672 698/656/669
f 539/497/511 870/828/840 861/819/831
f 871/829/841 872/830/842 868/826/838
f 868/826/838 701/659/672 866/824/836
f 868/826/838 872/830/842 701/659/672
f 535/493/507 870/828/840 539/497/511
f 872/830/842 871/829/841 511/469/483
f 872/830/842 513/471/485 701/659/672
f 872/830/842 511/469/483 513/471/485
f 873/831/843 870/828/840 535/493/507
f 511/469/483 871/829/841 514/472/486
f 873/831/843 514/472/486 870/828/840
f 870/828/840 514/472/486 871/829/841
f 535/493/507 523/481/495 873/831/843
f 873/831/843 510/468/482 514/472/486
f 873/831/843 523/481/495 520/478/492
f 520/478/492 510/468/482 873/831/843
f 874/832/129 432/390/405 875/833/258
f 875/833/258 432/390/405 426/384/399
f 875/833/258 426/384/399 876/834/844
f 876/834/844 426/384/399 429/387/402
f 429/387/402 470/428/443 876/834/844
f 877/835/845 878/836/846 134/104/120
f 134/104/120 878/836/846 129/100/115
f 251/209/226 278/236/253 256/214/231
f 278/236/253 879/837/847 256/214/231
f 278/236/253 880/838/848 879/837/847
f 256/214/231 879/837/847 881/839/849
f 281/239/256 880/838/848 278/236/253
f 256/214/231 881/839/849 382/340/356
f 879/837/847 880/838/848 370/328/345
f 879/837/847 370/328/345 881/839/849
f 289/247/264 880/838/848 281/239/256
f 248/206/223 256/214/231 382/340/356
f 370/328/345 880/838/848 364/322/339
f 881/839/849 370/328/345 377/335/352
f 297/255/272 880/838/848 289/247/264
f 382/340/356 244/202/219 248/206/223
f 880/838/848 297/255/272 364/322/339
f 377/335/352 382/340/356 881/839/849
f 250/208/225 244/202/219 382/340/356
f 563/521/535 882/840/850 883/841/851
f 563/521/535 884/842/852 882/840/850
f 883/841/851 882/840/850 885/843/853
f 563/521/535 883/841/851 566/524/538
f 882/840/850 884/842/852 886/844/854
f 885/843/853 882/840/850 886/844/854
f 563/521/535 887/845/855 884/842/852
f 566/524/538 883/841/851 888/846/856
f 889/847/857 885/843/853 886/844/854
f 890/848/858 887/845/855 563/521/535
f 566/524/538 888/846/856 891/849/859
f 892/850/860 885/843/853 889/847/857
f 890/848/858 893/851/861 887/845/855
f 894/852/862 566/524/538 891/849/859
f 892/850/860 889/847/857 895/853/863
f 563/521/535 555/513/527 890/848/858
f 894/852/862 891/849/859 896/854/864
f 897/855/865 885/843/853 892/850/860
f 892/850/860 895/853/863 897/855/865
f 890/848/858 555/513/527 552/510/524
f 896/854/864 891/849/859 898/856/866
f 899/857/867 885/843/853 897/855/865
f 895/853/863 889/847/857 900/858/868
f 901/859/869 896/854/864 898/856/866
f 898/856/866 899/857/867 901/859/869
f 899/857/867 883/841/851 885/843/853
f 901/859/869 899/857/867 897/855/865
f 900/858/868 889/847/857 902/860/870
f 891/849/859 888/846/856 898/856/866
f 888/846/856 883/841/851 899/857/867
f 903/861/871 901/859/869 897/855/865
f 897/855/865 895/853/863 903/861/871
f 904/862/872 900/858/868 902/860/870
f 898/856/866 888/846/856 899/857/867
f 905/863/873 896/854/864 901/859/869
f 906/864/874 900/858/868 904/862/872
f 906/864/874 895/853/863 900/858/868
f 902/860/870 889/847/857 907/865/875
f 908/866/876 896/854/864 905/863/873
f 909/867/877 895/853/863 906/864/874
f 895/853/863 909/867/877 903/861/871
f 889/847/857 910/868/878 907/865/875
f 672/630/644 896/854/864 908/866/876
f 906/864/874 911/869/879 909/867/877
f 886/844/854 910/868/878 889/847/857
f 671/629/643 672/630/644 908/866/876
f 906/864/874 912/870/880 911/869/879
f 886/844/854 884/842/852 910/868/878
f 913/871/881 671/629/643 908/866/876
f 904/862/872 912/870/880 906/864/874
f 909/867/877 911/869/879 914/872/882
f 680/638/652 671/629/643 913/871/881
f 904/862/872 915/873/883 912/870/880
f 909/867/877 914/872/882 916/874/884
f 917/875/885 680/638/652 913/871/881
f 918/876/886 915/873/883 904/862/872
f 903/861/871 909/867/877 916/874/884
f 683/641/655 680/638/652 917/875/885
f 919/877/887 915/873/883 918/876/886
f 916/874/884 920/878/888 903/861/871
f 921/879/889 683/641/655 917/875/885
f 918/876/886 922/880/890 919/877/887
f 923/881/891 920/878/888 916/874/884
f 689/647/661 683/641/655 921/879/889
f 922/880/890 918/876/886 902/860/870
f 902/860/870 918/876/886 904/862/872
f 923/881/891 924/882/892 920/878/888
f 916/874/884 925/883/893 923/881/891
f 919/877/887 922/880/890 926/884/894
f 907/865/875 922/880/890 902/860/870
f 924/882/892 901/859/869 920/878/888
f 927/885/895 924/882/892 923/881/891
f 922/880/890 928/886/896 926/884/894
f 929/887/897 922/880/890 907/865/875
f 920/878/888 901/859/869 903/861/871
f 930/888/581 927/885/895 923/881/891
f 929/887/897 928/886/896 922/880/890
f 923/881/891 925/883/893 930/888/581
f 916/874/884 914/872/882 925/883/893
f 931/889/898 927/885/895 930/888/581
f 929/887/897 932/890/899 928/886/896
f 907/865/875 932/890/899 929/887/897
f 905/863/873 901/859/869 924/882/892
f 924/882/892 927/885/895 913/871/881
f 928/886/896 932/890/899 933/891/900
f 910/868/878 932/890/899 907/865/875
f 905/863/873 924/882/892 908/866/876
f 908/866/876 924/882/892 913/871/881
f 913/871/881 927/885/895 917/875/885
f 927/885/895 931/889/898 917/875/885
f 932/890/899 893/851/861 933/891/900
f 910/868/878 887/845/855 932/890/899
f 887/845/855 893/851/861 932/890/899
f 917/875/885 931/889/898 921/879/889
f 884/842/852 887/845/855 910/868/878
f 934/892/901 915/873/883 919/877/887
f 342/300/317 351/309/326 935/893/902
f 935/893/902 266/224/241 342/300/317
f 351/309/326 268/226/243 935/893/902
f 268/226/243 266/224/241 935/893/902
f 341/299/316 326/284/301 319/277/294
f 324/282/299 341/299/316 319/277/294
f 341/299/316 339/297/314 353/311/328
f 353/311/328 345/303/320 341/299/316
f 353/311/328 339/297/314 368/326/343
f 339/297/314 374/332/349 368/326/343
f 337/295/312 374/332/349 339/297/314
f 790/748/761 318/276/293 314/272/289
f 309/267/284 790/748/761 314/272/289
f 790/748/761 772/730/743 318/276/293
f 775/733/746 772/730/743 790/748/761
f 772/730/743 380/338/354 318/276/293
f 318/276/293 380/338/354 322/280/297
f 827/785/798 821/779/792 838/796/809
f 821/779/792 820/778/791 838/796/809
f 714/672/685 697/655/668 693/651/665
f 693/651/665 690/648/662 714/672/685
f 694/652/666 702/660/673 936/894/903
f 694/652/666 936/894/903 686/644/658
f 702/660/673 677/635/649 936/894/903
f 686/644/658 936/894/903 676/634/648
f 936/894/903 677/635/649 937/895/904
f 937/895/904 676/634/648 936/894/903
f 677/635/649 673/631/645 937/895/904
f 674/632/646 676/634/648 937/895/904
f 673/631/645 665/623/637 937/895/904
f 937/895/904 665/623/637 674/632/646
f 531/489/503 526/484/498 938/896/905
f 938/896/905 578/536/550 531/489/503
f 938/896/905 526/484/498 529/487/501
f 938/896/905 584/542/556 578/536/550
f 531/489/503 578/536/550 569/527/541
f 529/487/501 613/571/585 938/896/905
f 610/568/582 584/542/556 938/896/905
f 938/896/905 613/571/585 610/568/582
f 569/527/541 534/492/506 531/489/503
f 542/500/514 534/492/506 569/527/541
f 604/562/576 584/542/556 610/568/582
f 587/545/559 584/542/556 604/562/576
f 567/525/539 576/534/548 561/519/533
f 607/565/579 561/519/533 576/534/548
f 607/565/579 576/534/548 603/561/575
f 603/561/575 576/534/548 585/543/557
f 591/549/563 603/561/575 585/543/557
f 939/897/906 940/898/907 941/899/608
f 940/898/907 942/900/908 941/899/608
f 943/901/909 942/900/908 940/898/907
f 941/899/608 942/900/908 944/902/910
f 942/900/908 945/903/887 944/902/910
f 944/902/910 945/903/887 946/904/911
f 947/905/912 944/902/910 946/904/911
f 948/906/913 946/904/911 945/903/887
f 949/907/914 944/902/910 947/905/912
f 950/908/610 944/902/910 949/907/914
f 951/909/915 948/906/913 945/903/887
f 952/910/916 946/904/911 948/906/913
f 953/911/917 951/909/915 945/903/887
f 954/912/894 953/911/917 945/903/887
f 955/913/918 952/910/916 948/906/913
f 956/914/516 952/910/916 955/913/918
f 957/915/524 956/914/516 955/913/918
f 958/916/522 956/914/516 957/915/524
f 479/437/451 496/454/468 469/427/442
f 469/427/442 496/454/468 467/425/440
f 347/305/322 363/321/338 343/301/318
f 343/301/318 363/321/338 346/304/321
f 707/665/678 703/661/674 730/688/701
f 730/688/701 703/661/674 731/689/702
f 731/689/702 703/661/674 704/662/675
f 704/662/675 720/678/691 731/689/702
f 560/518/532 566/524/538 530/488/502
f 566/524/538 894/852/862 663/621/635
f 663/621/635 894/852/862 666/624/638
f 666/624/638 894/852/862 672/630/644
f 672/630/644 894/852/862 896/854/864
f 959/917/684 682/640/654 738/696/709
f 738/696/709 682/640/654 685/643/657
f 685/643/657 717/675/688 738/696/709
f 826/784/797 840/798/811 817/775/788
f 817/775/788 840/798/811 831/789/802
