# Blender 4.1.1
# www.blender.org
mtllib BedFrames.mtl
o Bed_room:GUI_wood_SwitchTable
v -0.031020 0.029869 -0.199949
v -0.037363 0.029869 -0.199949
v -0.031020 0.029869 -0.202204
v -0.037363 0.029869 -0.202204
v -0.041624 0.029869 -0.199949
v -0.041624 0.029869 -0.202204
v -0.020009 0.029869 -0.202204
v -0.020009 0.029869 -0.199949
v -0.007373 0.029869 -0.202204
v -0.007373 0.029869 -0.199949
v 0.004234 0.029869 -0.202204
v 0.004234 0.029869 -0.199949
v 0.016928 0.029869 -0.202204
v 0.016928 0.029869 -0.199949
v 0.029217 0.029869 -0.202204
v 0.029217 0.029869 -0.199949
v 0.040782 0.029869 -0.202204
v 0.040782 0.029869 -0.199949
v 0.046559 0.029869 -0.202204
v 0.046559 0.029869 -0.199949
v 0.050985 0.029869 -0.202204
v 0.050985 0.029869 -0.199949
v -0.031020 0.030062 -0.202330
v -0.031020 0.029869 -0.202204
v -0.037363 0.030062 -0.202330
v -0.020009 0.029869 -0.202204
v -0.037363 0.029869 -0.202204
v -0.020009 0.030062 -0.202330
v -0.041624 0.030062 -0.202330
v -0.007373 0.029869 -0.202204
v -0.020009 0.035871 -0.202330
v -0.031020 0.035871 -0.202330
v -0.041624 0.029869 -0.202204
v -0.007373 0.030062 -0.202330
v -0.037363 0.035871 -0.202330
v 0.004234 0.029869 -0.202204
v -0.007373 0.035871 -0.202330
v -0.041624 0.035871 -0.202330
v 0.004234 0.030062 -0.202330
v 0.004234 0.035871 -0.202330
v 0.016928 0.029869 -0.202204
v 0.016928 0.035871 -0.202330
v 0.016928 0.030062 -0.202330
v 0.029217 0.029869 -0.202204
v 0.029217 0.035871 -0.202330
v 0.029217 0.030062 -0.202330
v 0.040782 0.029869 -0.202204
v 0.040782 0.035871 -0.202330
v 0.040782 0.030062 -0.202330
v 0.046559 0.029869 -0.202204
v 0.046559 0.035871 -0.202330
v 0.046559 0.030062 -0.202330
v 0.050985 0.029869 -0.202204
v 0.050985 0.030062 -0.202330
v 0.050985 0.035871 -0.202330
v -0.031020 0.030062 -0.199824
v -0.031020 0.029869 -0.199949
v -0.020009 0.030062 -0.199824
v -0.037363 0.029869 -0.199949
v -0.020009 0.029869 -0.199949
v -0.037363 0.030062 -0.199824
v -0.007373 0.030062 -0.199824
v -0.041624 0.029869 -0.199949
v -0.037363 0.035819 -0.199824
v -0.031020 0.035818 -0.199824
v -0.007373 0.029869 -0.199949
v -0.041624 0.030062 -0.199824
v 0.004234 0.030062 -0.199824
v -0.020009 0.035816 -0.199824
v -0.041624 0.035820 -0.199824
v 0.004234 0.029869 -0.199949
v -0.007373 0.035815 -0.199824
v 0.016928 0.030062 -0.199824
v 0.004234 0.035815 -0.199824
v 0.016928 0.029869 -0.199949
v 0.016928 0.035815 -0.199824
v 0.029217 0.030062 -0.199824
v 0.029217 0.029869 -0.199949
v 0.029217 0.035816 -0.199824
v 0.040782 0.030062 -0.199824
v 0.040782 0.029869 -0.199949
v 0.040782 0.035818 -0.199824
v 0.046559 0.030062 -0.199824
v 0.046559 0.029869 -0.199949
v 0.046559 0.035819 -0.199824
v 0.050985 0.030062 -0.199824
v 0.050985 0.029869 -0.199949
v 0.050985 0.035820 -0.199824
v -0.031020 0.029869 -0.169534
v -0.037363 0.029869 -0.169534
v -0.031020 0.029869 -0.171789
v -0.020009 0.029869 -0.171789
v -0.037363 0.029869 -0.171789
v -0.020009 0.029869 -0.169534
v -0.041624 0.029869 -0.169534
v -0.041624 0.029869 -0.171789
v -0.007373 0.029869 -0.171789
v -0.007373 0.029869 -0.169534
v 0.004234 0.029869 -0.171789
v 0.004234 0.029869 -0.169534
v 0.016928 0.029869 -0.171789
v 0.016928 0.029869 -0.169534
v 0.029217 0.029869 -0.171789
v 0.029217 0.029869 -0.169534
v 0.040782 0.029869 -0.171789
v 0.040782 0.029869 -0.169534
v 0.046559 0.029869 -0.171789
v 0.046559 0.029869 -0.169534
v 0.050985 0.029869 -0.171789
v 0.050985 0.029869 -0.169534
v -0.031020 0.030062 -0.171914
v -0.031020 0.029869 -0.171789
v -0.037363 0.030062 -0.171914
v -0.020009 0.029869 -0.171789
v -0.037363 0.029869 -0.171789
v -0.020009 0.030062 -0.171914
v -0.041624 0.030062 -0.171914
v -0.007373 0.029869 -0.171789
v -0.020009 0.035871 -0.171914
v -0.031020 0.035871 -0.171914
v -0.041624 0.029869 -0.171789
v -0.007373 0.030062 -0.171914
v -0.037363 0.035871 -0.171914
v 0.004234 0.029869 -0.171789
v -0.007373 0.035871 -0.171914
v -0.041624 0.035871 -0.171914
v 0.004234 0.030062 -0.171914
v 0.004234 0.035871 -0.171914
v 0.016928 0.029869 -0.171789
v 0.016928 0.035871 -0.171914
v 0.016928 0.030062 -0.171914
v 0.029217 0.029869 -0.171789
v 0.029217 0.035871 -0.171914
v 0.029217 0.030062 -0.171914
v 0.040782 0.029869 -0.171789
v 0.040782 0.035871 -0.171914
v 0.040782 0.030062 -0.171914
v 0.046559 0.029869 -0.171789
v 0.046559 0.035871 -0.171914
v 0.046559 0.030062 -0.171914
v 0.050985 0.029869 -0.171789
v 0.050985 0.030062 -0.171914
v 0.050985 0.035871 -0.171914
v -0.031020 0.030062 -0.169409
v -0.031020 0.029869 -0.169534
v -0.020009 0.030062 -0.169409
v -0.037363 0.029869 -0.169534
v -0.020009 0.029869 -0.169534
v -0.037363 0.030062 -0.169409
v -0.007373 0.030062 -0.169409
v -0.041624 0.029869 -0.169534
v -0.037363 0.035819 -0.169409
v -0.031020 0.035818 -0.169409
v -0.007373 0.029869 -0.169534
v -0.041624 0.030062 -0.169409
v 0.004234 0.030062 -0.169409
v -0.020009 0.035816 -0.169409
v -0.041624 0.035820 -0.169409
v 0.004234 0.029869 -0.169534
v -0.007373 0.035815 -0.169409
v 0.016928 0.030062 -0.169409
v 0.004234 0.035815 -0.169409
v 0.016928 0.029869 -0.169534
v 0.016928 0.035815 -0.169409
v 0.029217 0.030062 -0.169409
v 0.029217 0.029869 -0.169534
v 0.029217 0.035816 -0.169409
v 0.040782 0.030062 -0.169409
v 0.040782 0.029869 -0.169534
v 0.040782 0.035818 -0.169409
v 0.046559 0.030062 -0.169409
v 0.046559 0.029869 -0.169534
v 0.046559 0.035819 -0.169409
v 0.050985 0.030062 -0.169409
v 0.050985 0.029869 -0.169534
v 0.050985 0.035820 -0.169409
v -0.031020 0.029869 -0.138496
v -0.037363 0.029869 -0.138496
v -0.031020 0.029869 -0.140751
v -0.020009 0.029869 -0.140751
v -0.037363 0.029869 -0.140751
v -0.020009 0.029869 -0.138496
v -0.041624 0.029869 -0.138496
v -0.041624 0.029869 -0.140751
v -0.007373 0.029869 -0.140751
v -0.007373 0.029869 -0.138496
v 0.004234 0.029869 -0.140751
v 0.004234 0.029869 -0.138496
v 0.016928 0.029869 -0.140751
v 0.016928 0.029869 -0.138496
v 0.029217 0.029869 -0.140751
v 0.029217 0.029869 -0.138496
v 0.040782 0.029869 -0.140751
v 0.040782 0.029869 -0.138496
v 0.046559 0.029869 -0.140751
v 0.046559 0.029869 -0.138496
v 0.050985 0.029869 -0.140751
v 0.050985 0.029869 -0.138496
v -0.031020 0.030062 -0.140877
v -0.031020 0.029869 -0.140751
v -0.037363 0.030062 -0.140877
v -0.020009 0.029869 -0.140751
v -0.037363 0.029869 -0.140751
v -0.020009 0.030062 -0.140877
v -0.041624 0.030062 -0.140877
v -0.007373 0.029869 -0.140751
v -0.020009 0.035871 -0.140877
v -0.031020 0.035871 -0.140877
v -0.041624 0.029869 -0.140751
v -0.007373 0.030062 -0.140877
v -0.037363 0.035871 -0.140877
v 0.004234 0.029869 -0.140751
v -0.007373 0.035871 -0.140877
v -0.041624 0.035871 -0.140877
v 0.004234 0.030062 -0.140877
v 0.004234 0.035871 -0.140877
v 0.016928 0.029869 -0.140751
v 0.016928 0.035871 -0.140877
v 0.016928 0.030062 -0.140877
v 0.029217 0.029869 -0.140751
v 0.029217 0.035871 -0.140877
v 0.029217 0.030062 -0.140877
v 0.040782 0.029869 -0.140751
v 0.040782 0.035871 -0.140877
v 0.040782 0.030062 -0.140877
v 0.046559 0.029869 -0.140751
v 0.046559 0.035871 -0.140877
v 0.046559 0.030062 -0.140877
v 0.050985 0.029869 -0.140751
v 0.050985 0.030062 -0.140877
v 0.050985 0.035871 -0.140877
v -0.031020 0.030062 -0.138371
v -0.031020 0.029869 -0.138496
v -0.020009 0.030062 -0.138371
v -0.037363 0.029869 -0.138496
v -0.020009 0.029869 -0.138496
v -0.037363 0.030062 -0.138371
v -0.007373 0.030062 -0.138371
v -0.041624 0.029869 -0.138496
v -0.037363 0.035819 -0.138371
v -0.031020 0.035818 -0.138371
v -0.007373 0.029869 -0.138496
v -0.041624 0.030062 -0.138371
v 0.004234 0.030062 -0.138371
v -0.020009 0.035816 -0.138371
v -0.041624 0.035820 -0.138371
v 0.004234 0.029869 -0.138496
v -0.007373 0.035815 -0.138371
v 0.016928 0.030062 -0.138371
v 0.004234 0.035815 -0.138371
v 0.016928 0.029869 -0.138496
v 0.016928 0.035815 -0.138371
v 0.029217 0.030062 -0.138371
v 0.029217 0.029869 -0.138496
v 0.029217 0.035816 -0.138371
v 0.040782 0.030062 -0.138371
v 0.040782 0.029869 -0.138496
v 0.040782 0.035818 -0.138371
v 0.046559 0.030062 -0.138371
v 0.046559 0.029869 -0.138496
v 0.046559 0.035819 -0.138371
v 0.050985 0.030062 -0.138371
v 0.050985 0.029869 -0.138496
v 0.050985 0.035820 -0.138371
v 0.053159 0.026991 -0.118284
v 0.049926 0.026991 -0.118284
v 0.053159 0.026991 -0.252643
v 0.053563 0.027395 -0.252643
v 0.049926 0.026991 -0.252643
v 0.053563 0.027395 -0.118284
v 0.049926 0.027395 -0.253047
v 0.049522 0.027395 -0.118284
v 0.053159 0.027395 -0.117880
v 0.053159 0.027395 -0.253047
v 0.049522 0.027395 -0.252643
v 0.049926 0.027395 -0.117880
v 0.049926 0.027395 -0.253047
v 0.049926 0.042863 -0.253047
v 0.053159 0.027395 -0.253047
v 0.049522 0.027395 -0.252643
v 0.053159 0.042863 -0.253047
v 0.049522 0.042863 -0.252643
v 0.053563 0.042863 -0.252643
v 0.049926 0.043267 -0.252643
v 0.053563 0.027395 -0.252643
v 0.053159 0.043267 -0.252643
v 0.053563 0.042863 -0.252643
v 0.053563 0.042863 -0.118284
v 0.053563 0.027395 -0.252643
v 0.053159 0.043267 -0.252643
v 0.053563 0.027395 -0.118284
v 0.053159 0.043267 -0.118284
v 0.053159 0.042863 -0.117880
v 0.053159 0.027395 -0.117880
v 0.049522 0.027395 -0.118284
v 0.049522 0.042863 -0.118284
v 0.049522 0.027395 -0.252643
v 0.049926 0.027395 -0.117880
v 0.049522 0.042863 -0.252643
v 0.049926 0.042863 -0.117880
v 0.049926 0.043267 -0.118284
v 0.049926 0.043267 -0.252643
v 0.049926 0.043267 -0.252643
v 0.049926 0.043267 -0.118284
v 0.053159 0.043267 -0.252643
v 0.053159 0.043267 -0.118284
v 0.049926 0.042863 -0.117880
v 0.053159 0.042863 -0.117880
v 0.049926 0.042863 -0.117880
v 0.049926 0.027395 -0.117880
v 0.053159 0.042863 -0.117880
v 0.053159 0.027395 -0.117880
v -0.040585 0.026991 -0.118284
v -0.043818 0.026991 -0.118284
v -0.040585 0.026991 -0.252643
v -0.040181 0.027395 -0.252643
v -0.043818 0.026991 -0.252643
v -0.040181 0.027395 -0.118284
v -0.043818 0.027395 -0.253047
v -0.044222 0.027395 -0.118284
v -0.040585 0.027395 -0.117880
v -0.040585 0.027395 -0.253047
v -0.044222 0.027395 -0.252643
v -0.043818 0.027395 -0.117880
v -0.043818 0.027395 -0.253047
v -0.043818 0.042863 -0.253047
v -0.040585 0.027395 -0.253047
v -0.044222 0.027395 -0.252643
v -0.040585 0.042863 -0.253047
v -0.044222 0.042863 -0.252643
v -0.040181 0.042863 -0.252643
v -0.043818 0.043267 -0.252643
v -0.040181 0.027395 -0.252643
v -0.040585 0.043267 -0.252643
v -0.040181 0.042863 -0.252643
v -0.040181 0.042863 -0.118284
v -0.040181 0.027395 -0.252643
v -0.040585 0.043267 -0.252643
v -0.040181 0.027395 -0.118284
v -0.040585 0.043267 -0.118284
v -0.040585 0.042863 -0.117880
v -0.040585 0.027395 -0.117880
v -0.044222 0.027395 -0.118284
v -0.044222 0.042863 -0.118284
v -0.044222 0.027395 -0.252643
v -0.043818 0.027395 -0.117880
v -0.044222 0.042863 -0.252643
v -0.043818 0.042863 -0.117880
v -0.043818 0.043267 -0.118284
v -0.043818 0.043267 -0.252643
v -0.043818 0.043267 -0.252643
v -0.043818 0.043267 -0.118284
v -0.040585 0.043267 -0.252643
v -0.040585 0.043267 -0.118284
v -0.043818 0.042863 -0.117880
v -0.040585 0.042863 -0.117880
v -0.043818 0.042863 -0.117880
v -0.043818 0.027395 -0.117880
v -0.040585 0.042863 -0.117880
v -0.040585 0.027395 -0.117880
v -0.031020 0.029869 -0.227995
v -0.037363 0.029869 -0.227995
v -0.031020 0.029869 -0.230250
v -0.020009 0.029869 -0.230250
v -0.037363 0.029869 -0.230250
v -0.020009 0.029869 -0.227995
v -0.041624 0.029869 -0.227995
v -0.041624 0.029869 -0.230250
v -0.007373 0.029869 -0.230250
v -0.007373 0.029869 -0.227995
v 0.004234 0.029869 -0.230250
v 0.004234 0.029869 -0.227995
v 0.016928 0.029869 -0.230250
v 0.016928 0.029869 -0.227995
v 0.029217 0.029869 -0.230250
v 0.029217 0.029869 -0.227995
v 0.040782 0.029869 -0.230250
v 0.040782 0.029869 -0.227995
v 0.046559 0.029869 -0.230250
v 0.046559 0.029869 -0.227995
v 0.050985 0.029869 -0.230250
v 0.050985 0.029869 -0.227995
v -0.031020 0.030062 -0.230376
v -0.031020 0.029869 -0.230250
v -0.037363 0.030062 -0.230376
v -0.020009 0.029869 -0.230250
v -0.037363 0.029869 -0.230250
v -0.020009 0.030062 -0.230376
v -0.041624 0.030062 -0.230376
v -0.007373 0.029869 -0.230250
v -0.020009 0.035871 -0.230376
v -0.031020 0.035871 -0.230376
v -0.041624 0.029869 -0.230250
v -0.007373 0.030062 -0.230376
v -0.037363 0.035871 -0.230376
v 0.004234 0.029869 -0.230250
v -0.007373 0.035871 -0.230376
v -0.041624 0.035871 -0.230376
v 0.004234 0.030062 -0.230376
v 0.004234 0.035871 -0.230376
v 0.016928 0.029869 -0.230250
v 0.016928 0.035871 -0.230376
v 0.016928 0.030062 -0.230376
v 0.029217 0.029869 -0.230250
v 0.029217 0.035871 -0.230376
v 0.029217 0.030062 -0.230376
v 0.040782 0.029869 -0.230250
v 0.040782 0.035871 -0.230376
v 0.040782 0.030062 -0.230376
v 0.046559 0.029869 -0.230250
v 0.046559 0.035871 -0.230376
v 0.046559 0.030062 -0.230376
v 0.050985 0.029869 -0.230250
v 0.050985 0.030062 -0.230376
v 0.050985 0.035871 -0.230376
v -0.031020 0.030062 -0.227870
v -0.031020 0.029869 -0.227995
v -0.020009 0.030062 -0.227870
v -0.037363 0.029869 -0.227995
v -0.020009 0.029869 -0.227995
v -0.037363 0.030062 -0.227870
v -0.007373 0.030062 -0.227870
v -0.041624 0.029869 -0.227995
v -0.037363 0.035819 -0.227870
v -0.031020 0.035818 -0.227870
v -0.007373 0.029869 -0.227995
v -0.041624 0.030062 -0.227870
v 0.004234 0.030062 -0.227870
v -0.020009 0.035816 -0.227870
v -0.041624 0.035820 -0.227870
v 0.004234 0.029869 -0.227995
v -0.007373 0.035815 -0.227870
v 0.016928 0.030062 -0.227870
v 0.004234 0.035815 -0.227870
v 0.016928 0.029869 -0.227995
v 0.016928 0.035815 -0.227870
v 0.029217 0.030062 -0.227870
v 0.029217 0.029869 -0.227995
v 0.029217 0.035816 -0.227870
v 0.040782 0.030062 -0.227870
v 0.040782 0.029869 -0.227995
v 0.040782 0.035818 -0.227870
v 0.046559 0.030062 -0.227870
v 0.046559 0.029869 -0.227995
v 0.046559 0.035819 -0.227870
v 0.050985 0.030062 -0.227870
v 0.050985 0.029869 -0.227995
v 0.050985 0.035820 -0.227870
v -0.039495 0.072732 -0.117688
v -0.041829 0.072845 -0.115416
v -0.039495 0.072732 -0.113144
v -0.037845 0.072226 -0.119293
v -0.044163 0.072732 -0.117688
v -0.037845 0.072226 -0.111539
v -0.045812 0.072226 -0.119293
v -0.044163 0.072732 -0.113144
v -0.046522 0.071685 -0.119983
v -0.045812 0.072226 -0.111539
v -0.037136 0.071685 -0.119983
v -0.046522 0.071685 -0.110849
v -0.037136 0.071685 -0.110849
v -0.047026 0.071126 -0.120474
v -0.047026 0.071126 -0.110358
v -0.036632 0.071126 -0.110358
v -0.036632 0.071126 -0.120474
v -0.036745 0.001876 -0.110475
v -0.046913 0.001876 -0.110475
v -0.036745 0.001876 -0.120357
v -0.036497 0.002207 -0.120357
v -0.046913 0.001876 -0.120357
v -0.036497 0.002207 -0.110475
v -0.046913 0.002206 -0.120605
v -0.047161 0.002207 -0.110475
v -0.036745 0.002207 -0.110227
v -0.036745 0.002207 -0.120605
v -0.047161 0.002206 -0.120357
v -0.046913 0.002207 -0.110227
v -0.046913 0.070584 -0.120605
v -0.036745 0.070584 -0.120605
v -0.046913 0.065988 -0.120605
v -0.047161 0.065988 -0.120357
v -0.036745 0.065988 -0.120605
v -0.047161 0.070584 -0.120357
v -0.046913 0.061656 -0.120605
v -0.036497 0.065988 -0.120357
v -0.047026 0.071126 -0.120474
v -0.047161 0.061656 -0.120357
v -0.036497 0.070584 -0.120357
v -0.036497 0.061656 -0.120357
v -0.047161 0.053950 -0.120357
v -0.036632 0.071126 -0.120474
v -0.036745 0.061656 -0.120605
v -0.046913 0.053950 -0.120605
v -0.036497 0.053950 -0.120357
v -0.047161 0.043248 -0.120357
v -0.036745 0.053950 -0.120605
v -0.046913 0.043248 -0.120605
v -0.036497 0.043248 -0.120357
v -0.047161 0.027054 -0.120357
v -0.036745 0.043248 -0.120605
v -0.046913 0.027054 -0.120605
v -0.036745 0.027054 -0.120605
v -0.047161 0.002206 -0.120357
v -0.036497 0.027054 -0.120357
v -0.036745 0.002207 -0.120605
v -0.046913 0.002206 -0.120605
v -0.036497 0.002207 -0.120357
v -0.036497 0.070584 -0.120357
v -0.036497 0.070584 -0.110475
v -0.036497 0.065988 -0.120357
v -0.036632 0.071126 -0.120474
v -0.036497 0.065988 -0.110475
v -0.036632 0.071126 -0.110358
v -0.036497 0.061656 -0.120357
v -0.036745 0.070584 -0.110227
v -0.036497 0.061656 -0.110475
v -0.036745 0.065988 -0.110227
v -0.036497 0.053950 -0.120357
v -0.036745 0.061656 -0.110227
v -0.036497 0.053950 -0.110475
v -0.036497 0.043248 -0.120357
v -0.036745 0.053950 -0.110227
v -0.036497 0.043248 -0.110475
v -0.036497 0.027054 -0.120357
v -0.036745 0.043248 -0.110227
v -0.036497 0.027054 -0.110475
v -0.036497 0.002207 -0.120357
v -0.036745 0.027054 -0.110227
v -0.036497 0.002207 -0.110475
v -0.036745 0.002207 -0.110227
v -0.047161 0.070584 -0.110475
v -0.047161 0.070584 -0.120357
v -0.047161 0.065988 -0.110475
v -0.047026 0.071126 -0.110358
v -0.047161 0.065988 -0.120357
v -0.047026 0.071126 -0.120474
v -0.046913 0.065988 -0.110227
v -0.047161 0.061656 -0.110475
v -0.046913 0.070584 -0.110227
v -0.046913 0.061656 -0.110227
v -0.047161 0.061656 -0.120357
v -0.046913 0.053950 -0.110227
v -0.047161 0.053950 -0.110475
v -0.047161 0.053950 -0.120357
v -0.046913 0.043248 -0.110227
v -0.047161 0.043248 -0.110475
v -0.047161 0.043248 -0.120357
v -0.046913 0.027054 -0.110227
v -0.047161 0.027054 -0.110475
v -0.047161 0.027054 -0.120357
v -0.046913 0.002207 -0.110227
v -0.047161 0.002206 -0.120357
v -0.047161 0.002207 -0.110475
v -0.036745 0.070584 -0.110227
v -0.046913 0.070584 -0.110227
v -0.036745 0.065988 -0.110227
v -0.036632 0.071126 -0.110358
v -0.046913 0.065988 -0.110227
v -0.047026 0.071126 -0.110358
v -0.036745 0.061656 -0.110227
v -0.046913 0.061656 -0.110227
v -0.036745 0.053950 -0.110227
v -0.046913 0.053950 -0.110227
v -0.036745 0.043248 -0.110227
v -0.046913 0.043248 -0.110227
v -0.036745 0.027054 -0.110227
v -0.046913 0.027054 -0.110227
v -0.036745 0.002207 -0.110227
v -0.046913 0.002207 -0.110227
v -0.039465 0.086246 -0.259217
v -0.041798 0.086360 -0.256945
v -0.039465 0.086246 -0.254673
v -0.037815 0.085741 -0.260822
v -0.044132 0.086246 -0.259217
v -0.037815 0.085741 -0.253068
v -0.045782 0.085741 -0.260822
v -0.044132 0.086246 -0.254673
v -0.046491 0.085200 -0.261512
v -0.045782 0.085741 -0.253068
v -0.037106 0.085200 -0.261512
v -0.046491 0.085200 -0.252378
v -0.037106 0.085200 -0.252378
v -0.046996 0.084641 -0.262003
v -0.046996 0.084641 -0.251887
v -0.036601 0.084641 -0.251887
v -0.036601 0.084641 -0.262003
v -0.036714 0.001748 -0.252004
v -0.046882 0.001748 -0.252004
v -0.036714 0.001748 -0.261886
v -0.036466 0.002079 -0.261886
v -0.046882 0.001748 -0.261886
v -0.036466 0.002079 -0.252004
v -0.046882 0.002079 -0.262134
v -0.036714 0.002079 -0.262134
v -0.047130 0.002079 -0.252004
v -0.036714 0.002079 -0.251756
v -0.047130 0.002079 -0.261886
v -0.046882 0.002079 -0.251756
v -0.046882 0.084098 -0.262134
v -0.036714 0.084098 -0.262134
v -0.046882 0.079502 -0.262134
v -0.047130 0.079502 -0.261886
v -0.036714 0.079502 -0.262134
v -0.047130 0.084098 -0.261886
v -0.046882 0.075170 -0.262134
v -0.036466 0.079502 -0.261886
v -0.046996 0.084641 -0.262003
v -0.047130 0.075170 -0.261886
v -0.036466 0.084098 -0.261886
v -0.036466 0.075170 -0.261886
v -0.047130 0.067464 -0.261886
v -0.036601 0.084641 -0.262003
v -0.036714 0.075170 -0.262134
v -0.046882 0.067464 -0.262134
v -0.036466 0.067464 -0.261886
v -0.047130 0.059605 -0.261886
v -0.036714 0.067464 -0.262134
v -0.046882 0.059605 -0.262134
v -0.036466 0.059605 -0.261886
v -0.047130 0.043351 -0.261886
v -0.036714 0.059605 -0.262134
v -0.046882 0.043351 -0.262134
v -0.036714 0.043351 -0.262134
v -0.047130 0.026861 -0.261886
v -0.036466 0.043351 -0.261886
v -0.036714 0.026861 -0.262134
v -0.046882 0.026861 -0.262134
v -0.036466 0.026861 -0.261886
v -0.047130 0.002079 -0.261886
v -0.036714 0.002079 -0.262134
v -0.046882 0.002079 -0.262134
v -0.046882 0.001748 -0.261886
v -0.036466 0.002079 -0.261886
v -0.036714 0.001748 -0.261886
v -0.036466 0.084098 -0.261886
v -0.036466 0.084098 -0.252004
v -0.036466 0.079502 -0.261886
v -0.036601 0.084641 -0.262003
v -0.036466 0.079502 -0.252004
v -0.036601 0.084641 -0.251887
v -0.036466 0.075170 -0.261886
v -0.036714 0.084098 -0.251756
v -0.036466 0.075170 -0.252004
v -0.036714 0.079502 -0.251756
v -0.036466 0.067464 -0.261886
v -0.036714 0.075170 -0.251756
v -0.036466 0.067464 -0.252004
v -0.036466 0.059605 -0.261886
v -0.036714 0.067464 -0.251756
v -0.036466 0.059605 -0.252004
v -0.036466 0.043351 -0.261886
v -0.036714 0.059605 -0.251756
v -0.036466 0.043351 -0.252004
v -0.036466 0.026861 -0.261886
v -0.036714 0.043351 -0.251756
v -0.036466 0.026861 -0.252004
v -0.036466 0.002079 -0.261886
v -0.036714 0.026861 -0.251756
v -0.036466 0.002079 -0.252004
v -0.036714 0.002079 -0.251756
v -0.036714 0.001748 -0.252004
v -0.047130 0.084098 -0.252004
v -0.047130 0.084098 -0.261886
v -0.047130 0.079502 -0.252004
v -0.046996 0.084641 -0.251887
v -0.047130 0.079502 -0.261886
v -0.046996 0.084641 -0.262003
v -0.046882 0.079502 -0.251756
v -0.047130 0.075170 -0.252004
v -0.046882 0.084098 -0.251756
v -0.046882 0.075170 -0.251756
v -0.047130 0.075170 -0.261886
v -0.046882 0.067464 -0.251756
v -0.047130 0.067464 -0.252004
v -0.047130 0.067464 -0.261886
v -0.046882 0.059605 -0.251756
v -0.047130 0.059605 -0.252004
v -0.047130 0.059605 -0.261886
v -0.046882 0.043351 -0.251756
v -0.047130 0.043351 -0.252004
v -0.047130 0.043351 -0.261886
v -0.046882 0.026861 -0.251756
v -0.047130 0.026861 -0.261886
v -0.047130 0.026861 -0.252004
v -0.046882 0.002079 -0.251756
v -0.047130 0.002079 -0.261886
v -0.047130 0.002079 -0.252004
v -0.046882 0.001748 -0.252004
v -0.036714 0.084098 -0.251756
v -0.046882 0.084098 -0.251756
v -0.036714 0.079502 -0.251756
v -0.036601 0.084641 -0.251887
v -0.046882 0.079502 -0.251756
v -0.046996 0.084641 -0.251887
v -0.036714 0.075170 -0.251756
v -0.046882 0.075170 -0.251756
v -0.036714 0.067464 -0.251756
v -0.046882 0.067464 -0.251756
v -0.036714 0.059605 -0.251756
v -0.046882 0.059605 -0.251756
v -0.036714 0.043351 -0.251756
v -0.046882 0.043351 -0.251756
v -0.036714 0.026861 -0.251756
v -0.046882 0.026861 -0.251756
v -0.036714 0.002079 -0.251756
v -0.046882 0.002079 -0.251756
v 0.053602 0.086246 -0.259217
v 0.051268 0.086360 -0.256945
v 0.053602 0.086246 -0.254673
v 0.055252 0.085741 -0.260822
v 0.048934 0.086246 -0.259217
v 0.055252 0.085741 -0.253068
v 0.047285 0.085741 -0.260822
v 0.048934 0.086246 -0.254673
v 0.046575 0.085200 -0.261512
v 0.047285 0.085741 -0.253068
v 0.055961 0.085200 -0.261512
v 0.046575 0.085200 -0.252378
v 0.055961 0.085200 -0.252378
v 0.046071 0.084641 -0.262003
v 0.046071 0.084641 -0.251887
v 0.056465 0.084641 -0.251887
v 0.056465 0.084641 -0.262003
v 0.056352 0.001748 -0.252004
v 0.046184 0.001748 -0.252004
v 0.056352 0.001748 -0.261886
v 0.056600 0.002079 -0.261886
v 0.046184 0.001748 -0.261886
v 0.056600 0.002079 -0.252004
v 0.046184 0.002079 -0.262134
v 0.056352 0.002079 -0.262134
v 0.045936 0.002079 -0.252004
v 0.056352 0.002079 -0.251756
v 0.045936 0.002079 -0.261886
v 0.046184 0.002079 -0.251756
v 0.046184 0.084098 -0.262134
v 0.056352 0.084098 -0.262134
v 0.046184 0.079502 -0.262134
v 0.045936 0.079502 -0.261886
v 0.056352 0.079502 -0.262134
v 0.045936 0.084098 -0.261886
v 0.046184 0.075170 -0.262134
v 0.056600 0.079502 -0.261886
v 0.046071 0.084641 -0.262003
v 0.045936 0.075170 -0.261886
v 0.056600 0.084098 -0.261886
v 0.056600 0.075170 -0.261886
v 0.045936 0.067464 -0.261886
v 0.056465 0.084641 -0.262003
v 0.056352 0.075170 -0.262134
v 0.046184 0.067464 -0.262134
v 0.056600 0.067464 -0.261886
v 0.045936 0.059605 -0.261886
v 0.056352 0.067464 -0.262134
v 0.046184 0.059605 -0.262134
v 0.056600 0.059605 -0.261886
v 0.045936 0.043351 -0.261886
v 0.056352 0.059605 -0.262134
v 0.046184 0.043351 -0.262134
v 0.056352 0.043351 -0.262134
v 0.045936 0.026861 -0.261886
v 0.056600 0.043351 -0.261886
v 0.056352 0.026861 -0.262134
v 0.046184 0.026861 -0.262134
v 0.056600 0.026861 -0.261886
v 0.045936 0.002079 -0.261886
v 0.056352 0.002079 -0.262134
v 0.046184 0.002079 -0.262134
v 0.046184 0.001748 -0.261886
v 0.056600 0.002079 -0.261886
v 0.056352 0.001748 -0.261886
v 0.056600 0.084098 -0.261886
v 0.056600 0.084098 -0.252004
v 0.056600 0.079502 -0.261886
v 0.056465 0.084641 -0.262003
v 0.056600 0.079502 -0.252004
v 0.056465 0.084641 -0.251887
v 0.056600 0.075170 -0.261886
v 0.056352 0.084098 -0.251756
v 0.056600 0.075170 -0.252004
v 0.056352 0.079502 -0.251756
v 0.056600 0.067464 -0.261886
v 0.056352 0.075170 -0.251756
v 0.056600 0.067464 -0.252004
v 0.056600 0.059605 -0.261886
v 0.056352 0.067464 -0.251756
v 0.056600 0.059605 -0.252004
v 0.056600 0.043351 -0.261886
v 0.056352 0.059605 -0.251756
v 0.056600 0.043351 -0.252004
v 0.056600 0.026861 -0.261886
v 0.056352 0.043351 -0.251756
v 0.056600 0.026861 -0.252004
v 0.056600 0.002079 -0.261886
v 0.056352 0.026861 -0.251756
v 0.056600 0.002079 -0.252004
v 0.056352 0.002079 -0.251756
v 0.056352 0.001748 -0.252004
v 0.045936 0.084098 -0.252004
v 0.045936 0.084098 -0.261886
v 0.045936 0.079502 -0.252004
v 0.046071 0.084641 -0.251887
v 0.045936 0.079502 -0.261886
v 0.046071 0.084641 -0.262003
v 0.046184 0.079502 -0.251756
v 0.045936 0.075170 -0.252004
v 0.046184 0.084098 -0.251756
v 0.046184 0.075170 -0.251756
v 0.045936 0.075170 -0.261886
v 0.046184 0.067464 -0.251756
v 0.045936 0.067464 -0.252004
v 0.045936 0.067464 -0.261886
v 0.046184 0.059605 -0.251756
v 0.045936 0.059605 -0.252004
v 0.045936 0.059605 -0.261886
v 0.046184 0.043351 -0.251756
v 0.045936 0.043351 -0.252004
v 0.045936 0.043351 -0.261886
v 0.046184 0.026861 -0.251756
v 0.045936 0.026861 -0.261886
v 0.045936 0.026861 -0.252004
v 0.046184 0.002079 -0.251756
v 0.045936 0.002079 -0.261886
v 0.045936 0.002079 -0.252004
v 0.046184 0.001748 -0.252004
v 0.056352 0.084098 -0.251756
v 0.046184 0.084098 -0.251756
v 0.056352 0.079502 -0.251756
v 0.056465 0.084641 -0.251887
v 0.046184 0.079502 -0.251756
v 0.046071 0.084641 -0.251887
v 0.056352 0.075170 -0.251756
v 0.046184 0.075170 -0.251756
v 0.056352 0.067464 -0.251756
v 0.046184 0.067464 -0.251756
v 0.056352 0.059605 -0.251756
v 0.046184 0.059605 -0.251756
v 0.056352 0.043351 -0.251756
v 0.046184 0.043351 -0.251756
v 0.056352 0.026861 -0.251756
v 0.046184 0.026861 -0.251756
v 0.056352 0.002079 -0.251756
v 0.046184 0.002079 -0.251756
v 0.046596 0.074501 -0.260638
v 0.042590 0.077213 -0.260638
v 0.046596 0.078551 -0.260638
v 0.042590 0.077108 -0.260538
v 0.042590 0.081262 -0.260638
v 0.046596 0.074400 -0.260538
v 0.046596 0.078741 -0.260459
v 0.037360 0.079512 -0.260638
v 0.037360 0.079402 -0.260538
v 0.042590 0.081475 -0.260459
v 0.026891 0.082625 -0.260538
v 0.037360 0.083614 -0.260638
v 0.026891 0.082727 -0.260638
v 0.037360 0.083803 -0.260459
v 0.015767 0.084053 -0.260538
v 0.026891 0.086476 -0.260638
v 0.015767 0.084153 -0.260638
v 0.026891 0.086658 -0.260459
v 0.004276 0.084660 -0.260538
v 0.015767 0.087939 -0.260638
v 0.004276 0.084760 -0.260638
v 0.015767 0.088119 -0.260459
v -0.006230 0.084153 -0.260638
v 0.004276 0.088560 -0.260638
v -0.006230 0.084053 -0.260538
v -0.006230 0.087939 -0.260638
v 0.004276 0.088739 -0.260459
v -0.017669 0.082727 -0.260638
v -0.017669 0.086476 -0.260638
v -0.006230 0.088119 -0.260459
v -0.017669 0.082625 -0.260538
v -0.027636 0.083613 -0.260638
v -0.017669 0.086658 -0.260459
v -0.027636 0.079512 -0.260638
v -0.027636 0.083803 -0.260459
v -0.027636 0.079402 -0.260538
v -0.033378 0.081149 -0.260638
v -0.033378 0.081358 -0.260459
v -0.033378 0.077097 -0.260638
v -0.037235 0.078865 -0.260459
v -0.033378 0.076992 -0.260538
v -0.037235 0.078674 -0.260638
v -0.037235 0.074624 -0.260638
v -0.037235 0.074522 -0.260538
v 0.015767 0.076429 -0.259786
v 0.004276 0.077032 -0.259786
v 0.015767 0.083954 -0.259786
v 0.026891 0.082524 -0.259786
v 0.004276 0.084561 -0.259786
v 0.026891 0.075012 -0.259786
v 0.015767 0.084053 -0.259885
v -0.006230 0.083954 -0.259786
v 0.037360 0.079292 -0.259786
v 0.004276 0.076932 -0.259686
v 0.026891 0.082625 -0.259885
v 0.037360 0.071814 -0.259786
v 0.015767 0.076329 -0.259686
v 0.026891 0.074910 -0.259686
v 0.037360 0.079402 -0.259885
v 0.037360 0.071704 -0.259686
v 0.042590 0.077108 -0.259885
v -0.006230 0.076429 -0.259786
v 0.042590 0.069534 -0.259786
v -0.006230 0.076329 -0.259686
v 0.042590 0.077003 -0.259786
v -0.017669 0.082524 -0.259786
v -0.017669 0.075012 -0.259786
v 0.046596 0.074299 -0.259786
v -0.017669 0.074910 -0.259686
v -0.017669 0.082625 -0.259885
v 0.046596 0.066838 -0.259786
v -0.027636 0.079293 -0.259786
v -0.027636 0.071814 -0.259786
v -0.006230 0.084053 -0.259885
v 0.046596 0.074400 -0.259885
v -0.033378 0.076887 -0.259786
v -0.027636 0.079402 -0.259885
v 0.004276 0.084660 -0.259885
v -0.033378 0.069419 -0.259786
v -0.033378 0.076992 -0.259885
v -0.027636 0.071704 -0.259686
v -0.037235 0.074522 -0.259885
v -0.033378 0.069314 -0.259686
v -0.037235 0.074421 -0.259786
v -0.037235 0.066959 -0.259786
v -0.037235 0.066858 -0.259686
v 0.015767 0.084053 -0.260538
v 0.015767 0.084053 -0.259885
v 0.004276 0.084660 -0.260538
v 0.026891 0.082625 -0.259885
v 0.004276 0.084660 -0.259885
v 0.026891 0.082625 -0.260538
v -0.006230 0.084053 -0.260538
v 0.037360 0.079402 -0.259885
v -0.006230 0.084053 -0.259885
v 0.037360 0.079402 -0.260538
v -0.017669 0.082625 -0.260538
v 0.042590 0.077108 -0.260538
v -0.017669 0.082625 -0.259885
v 0.042590 0.077108 -0.259885
v -0.027636 0.079402 -0.260538
v 0.046596 0.074400 -0.259885
v 0.046596 0.074400 -0.260538
v -0.027636 0.079402 -0.259885
v -0.033378 0.076992 -0.260538
v -0.033378 0.076992 -0.259885
v -0.037235 0.074522 -0.259885
v -0.037235 0.074522 -0.260538
v -0.027636 0.071595 -0.258990
v -0.027636 0.059647 -0.258990
v -0.033378 0.069210 -0.258990
v -0.017669 0.059647 -0.258990
v -0.033378 0.059647 -0.258990
v -0.017669 0.074809 -0.258990
v -0.033378 0.069314 -0.259089
v -0.027636 0.043216 -0.258990
v -0.037235 0.066756 -0.258990
v -0.006230 0.059647 -0.258990
v -0.027636 0.071704 -0.259089
v -0.037235 0.059647 -0.258990
v -0.006230 0.076229 -0.258990
v -0.037235 0.066858 -0.259089
v -0.017669 0.074910 -0.259089
v 0.004276 0.059647 -0.258990
v -0.033378 0.043216 -0.258990
v -0.037235 0.043216 -0.258990
v -0.006230 0.076329 -0.259089
v -0.006230 0.043216 -0.258990
v 0.004276 0.076833 -0.258990
v -0.017669 0.043216 -0.258990
v -0.037235 0.026842 -0.258990
v 0.015767 0.076229 -0.258990
v -0.033378 0.026842 -0.258990
v 0.015767 0.059647 -0.258990
v 0.004276 0.076932 -0.259089
v 0.004276 0.043216 -0.258990
v 0.026891 0.074809 -0.258990
v -0.033378 0.026649 -0.258797
v 0.015767 0.076329 -0.259089
v 0.026891 0.059647 -0.258990
v -0.027636 0.026649 -0.258797
v -0.037235 0.026649 -0.258797
v 0.026891 0.074910 -0.259089
v -0.027636 0.026842 -0.258990
v 0.037360 0.071595 -0.258990
v 0.015767 0.043216 -0.258990
v 0.037360 0.071704 -0.259089
v -0.017669 0.026649 -0.258797
v 0.037360 0.059647 -0.258990
v 0.026891 0.043216 -0.258990
v -0.017669 0.026842 -0.258990
v 0.042590 0.069429 -0.259089
v -0.006230 0.026649 -0.258797
v 0.042590 0.069324 -0.258990
v 0.037360 0.043216 -0.258990
v 0.046596 0.066736 -0.259089
v 0.026891 0.026842 -0.258990
v 0.015767 0.026842 -0.258990
v 0.042590 0.059647 -0.258990
v -0.006230 0.026842 -0.258990
v 0.042590 0.043216 -0.258990
v 0.004276 0.026842 -0.258990
v 0.046596 0.043216 -0.258990
v 0.004276 0.026649 -0.258797
v 0.046596 0.059647 -0.258990
v 0.015767 0.026649 -0.258797
v 0.046596 0.066635 -0.258990
v 0.046596 0.026842 -0.258990
v 0.026891 0.026649 -0.258797
v 0.042590 0.026842 -0.258990
v 0.037360 0.026842 -0.258990
v 0.046596 0.026649 -0.258797
v 0.037360 0.026649 -0.258797
v 0.042590 0.026649 -0.258797
v -0.027636 0.071704 -0.259686
v -0.027636 0.071704 -0.259089
v -0.033378 0.069314 -0.259686
v -0.017669 0.074910 -0.259089
v -0.033378 0.069314 -0.259089
v -0.017669 0.074910 -0.259686
v -0.037235 0.066858 -0.259089
v -0.037235 0.066858 -0.259686
v -0.006230 0.076329 -0.259089
v -0.006230 0.076329 -0.259686
v 0.004276 0.076932 -0.259089
v 0.004276 0.076932 -0.259686
v 0.015767 0.076329 -0.259089
v 0.015767 0.076329 -0.259686
v 0.026891 0.074910 -0.259089
v 0.026891 0.074910 -0.259686
v 0.037360 0.071704 -0.259089
v 0.037360 0.071704 -0.259686
v 0.042590 0.069429 -0.259686
v 0.042590 0.069429 -0.259089
v 0.046596 0.066736 -0.259089
v 0.046596 0.066736 -0.259686
v -0.033378 0.081358 -0.260459
v -0.033378 0.081358 -0.257061
v -0.027636 0.083803 -0.260459
v -0.037235 0.078865 -0.257061
v -0.027636 0.083803 -0.257061
v -0.037235 0.078865 -0.260459
v -0.017669 0.086658 -0.260459
v -0.027636 0.083803 -0.253664
v -0.033378 0.081358 -0.253664
v -0.017669 0.086658 -0.257061
v -0.037235 0.078865 -0.253664
v -0.017669 0.086658 -0.253664
v -0.006230 0.088119 -0.260459
v -0.033378 0.081149 -0.253485
v -0.017669 0.086476 -0.253485
v -0.006230 0.088119 -0.257061
v -0.027636 0.083613 -0.253485
v -0.037235 0.078674 -0.253485
v -0.006230 0.088119 -0.253664
v 0.004276 0.088739 -0.260459
v -0.006230 0.087939 -0.253485
v 0.004276 0.088739 -0.257061
v 0.004276 0.088739 -0.253664
v 0.004276 0.088560 -0.253485
v 0.015767 0.088119 -0.260459
v 0.015767 0.088119 -0.253664
v 0.015767 0.088119 -0.257061
v 0.015767 0.087939 -0.253485
v 0.026891 0.086658 -0.260459
v 0.026891 0.086658 -0.253664
v 0.026891 0.086658 -0.257061
v 0.026891 0.086476 -0.253485
v 0.037360 0.083803 -0.260459
v 0.037360 0.083803 -0.253664
v 0.037360 0.083803 -0.257061
v 0.037360 0.083614 -0.253485
v 0.042590 0.081475 -0.260459
v 0.042590 0.081475 -0.253664
v 0.042590 0.081475 -0.257061
v 0.042590 0.081262 -0.253485
v 0.046596 0.078741 -0.260459
v 0.046596 0.078741 -0.253664
v 0.046596 0.078741 -0.257061
v 0.046596 0.078551 -0.253485
v 0.042590 0.069429 -0.259686
v 0.046596 0.066736 -0.259686
v 0.042590 0.081262 -0.253485
v 0.042590 0.077213 -0.253485
v 0.046596 0.078551 -0.253485
v 0.037360 0.079512 -0.253485
v 0.046596 0.074501 -0.253485
v 0.037360 0.083614 -0.253485
v 0.042590 0.077108 -0.253585
v 0.026891 0.082727 -0.253485
v 0.037360 0.079402 -0.253585
v 0.046596 0.074400 -0.253585
v 0.026891 0.086476 -0.253485
v 0.026891 0.082625 -0.253585
v 0.015767 0.084153 -0.253485
v 0.015767 0.084053 -0.253585
v 0.015767 0.087939 -0.253485
v 0.004276 0.084660 -0.253585
v 0.004276 0.084760 -0.253485
v 0.004276 0.088560 -0.253485
v -0.006230 0.084153 -0.253485
v -0.006230 0.087939 -0.253485
v -0.006230 0.084053 -0.253585
v -0.017669 0.086476 -0.253485
v -0.017669 0.082727 -0.253485
v -0.017669 0.082625 -0.253585
v -0.027636 0.083613 -0.253485
v -0.027636 0.079512 -0.253485
v -0.027636 0.079402 -0.253585
v -0.033378 0.081149 -0.253485
v -0.033378 0.077097 -0.253485
v -0.033378 0.076992 -0.253585
v -0.037235 0.078674 -0.253485
v -0.037235 0.074624 -0.253485
v -0.037235 0.074522 -0.253585
v 0.004276 0.084561 -0.254337
v 0.004276 0.077032 -0.254337
v 0.015767 0.083954 -0.254337
v -0.006230 0.083954 -0.254337
v 0.015767 0.076429 -0.254337
v -0.006230 0.084053 -0.254238
v 0.026891 0.082524 -0.254337
v -0.006230 0.076429 -0.254337
v 0.004276 0.084660 -0.254238
v 0.015767 0.084053 -0.254238
v 0.026891 0.075012 -0.254337
v -0.017669 0.082524 -0.254337
v 0.037360 0.079292 -0.254337
v -0.017669 0.082625 -0.254238
v -0.017669 0.075012 -0.254337
v 0.026891 0.082625 -0.254238
v -0.027636 0.079402 -0.254238
v -0.006230 0.076329 -0.254437
v 0.037360 0.079402 -0.254238
v -0.027636 0.079293 -0.254337
v 0.004276 0.076932 -0.254437
v 0.042590 0.077108 -0.254238
v -0.027636 0.071814 -0.254337
v -0.017669 0.074910 -0.254437
v 0.042590 0.077003 -0.254337
v -0.033378 0.076887 -0.254337
v 0.046596 0.074400 -0.254238
v -0.033378 0.076992 -0.254238
v -0.033378 0.069419 -0.254337
v 0.015767 0.076329 -0.254437
v 0.046596 0.074299 -0.254337
v -0.027636 0.071704 -0.254437
v 0.042590 0.069534 -0.254337
v -0.033378 0.069314 -0.254437
v -0.037235 0.074421 -0.254337
v 0.026891 0.074910 -0.254437
v 0.046596 0.066838 -0.254337
v -0.037235 0.074522 -0.254238
v 0.037360 0.071814 -0.254337
v 0.042590 0.069429 -0.254437
v 0.037360 0.071704 -0.254437
v 0.046596 0.066736 -0.254437
v -0.037235 0.066959 -0.254337
v -0.037235 0.066858 -0.254437
v 0.015767 0.084053 -0.253585
v 0.004276 0.084660 -0.253585
v 0.015767 0.084053 -0.254238
v 0.026891 0.082625 -0.254238
v 0.004276 0.084660 -0.254238
v 0.026891 0.082625 -0.253585
v -0.006230 0.084053 -0.253585
v 0.037360 0.079402 -0.254238
v -0.006230 0.084053 -0.254238
v 0.037360 0.079402 -0.253585
v -0.017669 0.082625 -0.253585
v 0.042590 0.077108 -0.253585
v -0.017669 0.082625 -0.254238
v 0.042590 0.077108 -0.254238
v -0.027636 0.079402 -0.253585
v 0.046596 0.074400 -0.254238
v 0.046596 0.074400 -0.253585
v -0.027636 0.079402 -0.254238
v -0.033378 0.076992 -0.253585
v -0.033378 0.076992 -0.254238
v -0.037235 0.074522 -0.254238
v -0.037235 0.074522 -0.253585
v -0.027636 0.071595 -0.255133
v -0.033378 0.069210 -0.255133
v -0.027636 0.059578 -0.255133
v -0.017669 0.059568 -0.255133
v -0.033378 0.059585 -0.255133
v -0.017669 0.074809 -0.255133
v -0.033378 0.043116 -0.255133
v -0.033378 0.069314 -0.255034
v -0.006230 0.059564 -0.255133
v -0.037235 0.066756 -0.255133
v -0.027636 0.043112 -0.255133
v -0.006230 0.076229 -0.255133
v -0.037235 0.059593 -0.255133
v 0.004276 0.059562 -0.255133
v -0.027636 0.071704 -0.255034
v -0.037235 0.043119 -0.255133
v -0.006230 0.043105 -0.255133
v -0.017669 0.074910 -0.255034
v -0.037235 0.026842 -0.255133
v -0.017669 0.043107 -0.255133
v 0.004276 0.043104 -0.255133
v -0.006230 0.076329 -0.255034
v 0.004276 0.076833 -0.255133
v 0.015767 0.043105 -0.255133
v -0.006230 0.026842 -0.255133
v -0.027636 0.026842 -0.255133
v 0.015767 0.059564 -0.255133
v 0.004276 0.026842 -0.255133
v -0.033378 0.026842 -0.255133
v 0.015767 0.076229 -0.255133
v -0.006230 0.026649 -0.255326
v 0.026891 0.074809 -0.255133
v -0.017669 0.026649 -0.255326
v 0.004276 0.026649 -0.255326
v -0.033378 0.026649 -0.255326
v 0.026891 0.059568 -0.255133
v 0.015767 0.026842 -0.255133
v -0.027636 0.026649 -0.255326
v 0.037360 0.071595 -0.255133
v -0.017669 0.026842 -0.255133
v 0.037360 0.059578 -0.255133
v 0.037360 0.071704 -0.255034
v 0.026891 0.026842 -0.255133
v 0.026891 0.074910 -0.255034
v 0.026891 0.043107 -0.255133
v 0.015767 0.026649 -0.255326
v 0.042590 0.069429 -0.255034
v 0.026891 0.026649 -0.255326
v 0.042590 0.069324 -0.255133
v 0.015767 0.076329 -0.255034
v 0.037360 0.026842 -0.255133
v 0.037360 0.026649 -0.255326
v 0.042590 0.059585 -0.255133
v 0.004276 0.076932 -0.255034
v 0.042590 0.026842 -0.255133
v 0.046596 0.066635 -0.255133
v 0.037360 0.043112 -0.255133
v 0.046596 0.059593 -0.255133
v 0.046596 0.066736 -0.255034
v 0.042590 0.043115 -0.255133
v 0.046596 0.026842 -0.255133
v 0.046596 0.043119 -0.255133
v 0.042590 0.026649 -0.255326
v 0.046596 0.026649 -0.255326
v -0.027636 0.071704 -0.254437
v -0.033378 0.069314 -0.254437
v -0.027636 0.071704 -0.255034
v -0.017669 0.074910 -0.255034
v -0.033378 0.069314 -0.255034
v -0.017669 0.074910 -0.254437
v -0.037235 0.066858 -0.255034
v -0.037235 0.066858 -0.254437
v -0.006230 0.076329 -0.255034
v -0.006230 0.076329 -0.254437
v 0.004276 0.076932 -0.255034
v 0.004276 0.076932 -0.254437
v 0.015767 0.076329 -0.255034
v 0.015767 0.076329 -0.254437
v 0.026891 0.074910 -0.255034
v 0.026891 0.074910 -0.254437
v 0.037360 0.071704 -0.255034
v 0.037360 0.071704 -0.254437
v 0.042590 0.069429 -0.254437
v 0.042590 0.069429 -0.255034
v 0.046596 0.066736 -0.255034
v 0.046596 0.066736 -0.254437
v -0.027636 0.026649 -0.255326
v -0.033378 0.026649 -0.255326
v -0.027636 0.026649 -0.258797
v -0.017669 0.026649 -0.258797
v -0.033378 0.026649 -0.258797
v -0.017669 0.026649 -0.255326
v -0.037235 0.026649 -0.255326
v -0.037235 0.026649 -0.258797
v -0.006230 0.026649 -0.258797
v -0.006230 0.026649 -0.255326
v 0.004276 0.026649 -0.258797
v 0.004276 0.026649 -0.255326
v 0.015767 0.026649 -0.258797
v 0.015767 0.026649 -0.255326
v 0.026891 0.026649 -0.258797
v 0.026891 0.026649 -0.255326
v 0.037360 0.026649 -0.258797
v 0.037360 0.026649 -0.255326
v 0.042590 0.026649 -0.258797
v 0.042590 0.026649 -0.255326
v 0.046596 0.026649 -0.258797
v 0.046596 0.026649 -0.255326
v -0.037235 0.026649 -0.255326
v -0.037235 0.066858 -0.255034
v 0.078207 0.014021 -0.177169
v 0.078207 0.001141 -0.177169
v 0.075540 0.014021 -0.176821
v 0.075578 0.015094 -0.176536
v 0.075540 0.001141 -0.176821
v 0.078244 0.015094 -0.176884
v 0.075315 0.000873 -0.176521
v 0.078244 0.000068 -0.176884
v 0.075680 0.015880 -0.175757
v 0.078502 0.014289 -0.176938
v 0.075315 0.014289 -0.176521
v 0.078346 0.015880 -0.176105
v 0.078502 0.000873 -0.176938
v 0.075315 0.014289 -0.176521
v 0.078624 0.015644 -0.176005
v 0.075348 0.014958 -0.176268
v 0.078502 0.000873 -0.176938
v 0.075348 0.014958 -0.176268
v 0.078535 0.014958 -0.176685
v 0.075437 0.015644 -0.175588
v 0.078535 0.000204 -0.176685
v 0.078502 0.014289 -0.176938
v 0.078535 0.014958 -0.176685
v 0.075578 0.000068 -0.176536
v 0.075315 0.000873 -0.176521
v 0.078346 -0.000718 -0.176105
v 0.075348 0.000204 -0.176268
v 0.078535 0.000204 -0.176685
v 0.075680 -0.000718 -0.175757
v 0.078624 -0.000482 -0.176005
v 0.075437 -0.000482 -0.175588
v 0.075348 0.000204 -0.176268
v 0.083149 0.016168 -0.139381
v 0.078486 0.016168 -0.175041
v 0.080482 0.016168 -0.139032
v 0.080622 0.015880 -0.137968
v 0.075819 0.016168 -0.174692
v 0.083288 0.015880 -0.138317
v 0.075524 0.015903 -0.174921
v 0.078346 0.015880 -0.176105
v 0.080723 0.015094 -0.137189
v 0.083444 0.015903 -0.139153
v 0.080256 0.015903 -0.138736
v 0.083390 0.015094 -0.137538
v 0.078712 0.015903 -0.175338
v 0.080256 0.015903 -0.138736
v 0.083620 0.014958 -0.137806
v 0.080343 0.015644 -0.138069
v 0.078712 0.015903 -0.175338
v 0.083531 0.015644 -0.138486
v 0.080432 0.014958 -0.137389
v 0.078624 0.015644 -0.176005
v 0.083444 0.015903 -0.139153
v 0.075680 0.015880 -0.175757
v 0.075524 0.015903 -0.174921
v 0.075437 0.015644 -0.175588
v 0.083428 0.001141 -0.137253
v 0.083428 0.014021 -0.137253
v 0.080761 0.001141 -0.136904
v 0.080723 0.000068 -0.137189
v 0.080761 0.014021 -0.136904
v 0.083390 0.000068 -0.137538
v 0.080465 0.014289 -0.137136
v 0.083390 0.015094 -0.137538
v 0.080622 -0.000718 -0.137968
v 0.083653 0.000873 -0.137553
v 0.080465 0.000873 -0.137136
v 0.083288 -0.000718 -0.138317
v 0.083653 0.014289 -0.137553
v 0.080465 0.000873 -0.137136
v 0.083531 -0.000482 -0.138486
v 0.080432 0.000204 -0.137389
v 0.083653 0.014289 -0.137553
v 0.080432 0.000204 -0.137389
v 0.083620 0.000204 -0.137806
v 0.080343 -0.000482 -0.138069
v 0.083620 0.014958 -0.137806
v 0.083653 0.000873 -0.137553
v 0.083620 0.000204 -0.137806
v 0.080723 0.015094 -0.137189
v 0.080465 0.014289 -0.137136
v 0.080432 0.014958 -0.137389
v 0.078486 -0.001005 -0.175041
v 0.083149 -0.001005 -0.139381
v 0.075819 -0.001005 -0.174692
v 0.075680 -0.000718 -0.175757
v 0.080482 -0.001005 -0.139032
v 0.078346 -0.000718 -0.176105
v 0.075524 -0.000741 -0.174921
v 0.075437 -0.000482 -0.175588
v 0.083288 -0.000718 -0.138317
v 0.078712 -0.000741 -0.175338
v 0.080256 -0.000741 -0.138736
v 0.078624 -0.000482 -0.176005
v 0.078712 -0.000741 -0.175338
v 0.075524 -0.000741 -0.174921
v 0.080622 -0.000718 -0.137968
v 0.083444 -0.000741 -0.139153
v 0.080256 -0.000741 -0.138736
v 0.080343 -0.000482 -0.138069
v 0.083444 -0.000741 -0.139153
v 0.083531 -0.000482 -0.138486
v 0.080465 0.000873 -0.137136
v 0.080465 0.014289 -0.137136
v 0.080432 0.000204 -0.137389
v 0.080256 -0.000741 -0.138736
v 0.080343 -0.000482 -0.138069
v 0.075524 0.015903 -0.174921
v 0.080343 0.015644 -0.138069
v 0.075315 0.000873 -0.176521
v 0.080256 0.015903 -0.138736
v 0.080432 0.014958 -0.137389
v 0.075348 0.014958 -0.176268
v 0.075437 -0.000482 -0.175588
v 0.075315 0.014289 -0.176521
v 0.075437 0.015644 -0.175588
v 0.075524 -0.000741 -0.174921
v 0.075348 0.000204 -0.176268
v 0.078502 0.000873 -0.176938
v 0.078502 0.014289 -0.176938
v 0.078535 0.000204 -0.176685
v 0.078712 -0.000741 -0.175338
v 0.078624 -0.000482 -0.176005
v 0.083620 0.000204 -0.137806
v 0.083531 -0.000482 -0.138486
v 0.083444 -0.000741 -0.139153
v 0.083444 0.015903 -0.139153
v 0.078624 0.015644 -0.176005
v 0.083620 0.014958 -0.137806
v 0.078712 0.015903 -0.175338
v 0.078535 0.014958 -0.176685
v 0.083531 0.015644 -0.138486
v 0.083653 0.014289 -0.137553
v 0.083653 0.000873 -0.137553
v 0.076166 0.013115 -0.171861
v 0.075882 0.013115 -0.174031
v 0.038474 0.013115 -0.166881
v 0.038622 0.012922 -0.166757
v 0.076191 0.012922 -0.171670
v 0.036088 0.013115 -0.168878
v 0.040610 0.013115 -0.134300
v 0.042384 0.013115 -0.136853
v 0.036132 0.012922 -0.169027
v 0.075857 0.012922 -0.174223
v 0.035965 0.012922 -0.168811
v 0.038622 0.001630 -0.166757
v 0.076191 0.001630 -0.171670
v 0.038622 0.012922 -0.166757
v 0.076191 0.012922 -0.171670
v 0.042503 0.001630 -0.137016
v 0.038622 0.001630 -0.166757
v 0.042495 0.012922 -0.137012
v 0.038622 0.012922 -0.166757
v 0.038474 0.013115 -0.166881
v 0.042384 0.013115 -0.136853
v 0.040610 0.013115 -0.134300
v 0.080391 0.013115 -0.139553
v 0.042384 0.013115 -0.136853
v 0.040691 0.012922 -0.134166
v 0.080107 0.013115 -0.141723
v 0.040475 0.012922 -0.134332
v 0.080416 0.012922 -0.139361
v 0.042495 0.012922 -0.137012
v 0.080082 0.012922 -0.141914
v 0.080391 -0.000314 -0.139553
v 0.040666 -0.000314 -0.134358
v 0.080081 -0.000314 -0.141924
v 0.080416 -0.000121 -0.139361
v 0.036157 -0.000314 -0.168836
v 0.040691 -0.000121 -0.134166
v 0.076191 -0.000314 -0.171670
v 0.075882 -0.000314 -0.174031
v 0.080081 0.001630 -0.141924
v 0.042503 0.001630 -0.137016
v 0.080082 0.012922 -0.141914
v 0.042495 0.012922 -0.137012
v 0.076191 0.001630 -0.171670
v 0.038622 0.001630 -0.166757
v 0.080081 0.001630 -0.141924
v 0.042503 0.001630 -0.137016
v 0.075857 -0.000121 -0.174223
v 0.036132 -0.000121 -0.169027
v 0.075857 0.012922 -0.174223
v 0.075882 -0.000314 -0.174031
v 0.036132 0.012922 -0.169027
v 0.036157 -0.000314 -0.168836
v 0.035965 -0.000121 -0.168811
v 0.035965 0.012922 -0.168811
v 0.035965 -0.000121 -0.168811
v 0.040475 -0.000121 -0.134332
v 0.035965 0.012922 -0.168811
v 0.036157 -0.000314 -0.168836
v 0.040475 0.012922 -0.134332
v 0.040666 -0.000314 -0.134358
v 0.040610 0.013115 -0.134300
v 0.036088 0.013115 -0.168878
v 0.040691 -0.000121 -0.134166
v 0.040691 0.012922 -0.134166
v 0.080416 0.012922 -0.139361
v 0.040691 0.012922 -0.134166
v 0.080416 -0.000121 -0.139361
v 0.040691 -0.000121 -0.134166
v 0.085251 0.006987 -0.145717
v 0.085283 0.007579 -0.145474
v 0.085063 0.006486 -0.145187
v 0.085263 0.007579 -0.146316
v 0.085122 0.007579 -0.144738
v 0.084728 0.006151 -0.144805
v 0.085251 0.008171 -0.145717
v 0.084805 0.007579 -0.144219
v 0.085263 0.007579 -0.146316
v 0.084297 0.006033 -0.144630
v 0.085063 0.008672 -0.145187
v 0.084380 0.007579 -0.143995
v 0.085174 0.008416 -0.146304
v 0.083835 0.006151 -0.144689
v 0.084728 0.009007 -0.144805
v 0.085263 0.007579 -0.146316
v 0.083912 0.007579 -0.144102
v 0.084921 0.009125 -0.146271
v 0.083414 0.006486 -0.144971
v 0.084297 0.009125 -0.144630
v 0.085098 0.008171 -0.146891
v 0.083472 0.007579 -0.144522
v 0.084543 0.009599 -0.146221
v 0.084780 0.008672 -0.147355
v 0.083075 0.007091 -0.145537
v 0.085066 0.007579 -0.147133
v 0.084097 0.009765 -0.146163
v 0.083835 0.009007 -0.144689
v 0.085263 0.007579 -0.146316
v 0.084358 0.009007 -0.147638
v 0.085263 0.007579 -0.146316
v 0.084721 0.007579 -0.147804
v 0.083414 0.008672 -0.144971
v 0.083896 0.009125 -0.147696
v 0.085098 0.006987 -0.146891
v 0.083101 0.007579 -0.145337
v 0.083650 0.009599 -0.146105
v 0.084780 0.006486 -0.147355
v 0.084281 0.007579 -0.148224
v 0.083272 0.009125 -0.146055
v 0.083075 0.008067 -0.145537
v 0.085174 0.006742 -0.146304
v 0.083813 0.007579 -0.148331
v 0.085263 0.007579 -0.146316
v 0.083465 0.009007 -0.147521
v 0.083011 0.008269 -0.146021
v 0.084921 0.006033 -0.146271
v 0.084358 0.006151 -0.147638
v 0.083388 0.007579 -0.148107
v 0.083130 0.008672 -0.147139
v 0.082948 0.008067 -0.146505
v 0.085251 0.006987 -0.145717
v 0.084543 0.005559 -0.146221
v 0.083896 0.006033 -0.147696
v 0.083071 0.007579 -0.147588
v 0.085063 0.006486 -0.145187
v 0.085263 0.007579 -0.146316
v 0.083465 0.006151 -0.147521
v 0.084728 0.006151 -0.144805
v 0.082922 0.007579 -0.146705
v 0.084097 0.005393 -0.146163
v 0.083130 0.006486 -0.147139
v 0.084297 0.006033 -0.144630
v 0.083650 0.005559 -0.146105
v 0.082948 0.007091 -0.146505
v 0.083835 0.006151 -0.144689
v 0.083272 0.006033 -0.146055
v 0.083011 0.006889 -0.146021
v 0.083414 0.006486 -0.144971
v 0.083075 0.007091 -0.145537
v 0.085263 0.007579 -0.146316
v 0.083075 0.007091 -0.145537
v 0.083101 0.007579 -0.145337
v 0.082060 0.007088 -0.145402
v 0.082087 0.007579 -0.145200
v 0.083075 0.008067 -0.145537
v 0.082060 0.008070 -0.145402
v 0.083011 0.008269 -0.146021
v 0.081997 0.008273 -0.145888
v 0.082948 0.008067 -0.146505
v 0.081933 0.008070 -0.146375
v 0.082922 0.007579 -0.146705
v 0.081907 0.007579 -0.146576
v 0.082948 0.007091 -0.146505
v 0.081933 0.007088 -0.146375
v 0.083011 0.006889 -0.146021
v 0.081997 0.006885 -0.145888
v 0.083075 0.007091 -0.145537
v 0.082060 0.007088 -0.145402
v 0.082380 0.006987 -0.167670
v 0.082412 0.007579 -0.167427
v 0.082192 0.006486 -0.167140
v 0.082392 0.007579 -0.168268
v 0.082251 0.007579 -0.166691
v 0.081857 0.006151 -0.166758
v 0.082380 0.008171 -0.167670
v 0.081934 0.007579 -0.166172
v 0.082392 0.007579 -0.168268
v 0.081426 0.006033 -0.166583
v 0.082192 0.008672 -0.167140
v 0.081509 0.007579 -0.165948
v 0.082303 0.008416 -0.168257
v 0.080964 0.006151 -0.166641
v 0.081857 0.009007 -0.166758
v 0.082392 0.007579 -0.168268
v 0.081041 0.007579 -0.166055
v 0.082050 0.009125 -0.168224
v 0.080543 0.006486 -0.166924
v 0.081426 0.009125 -0.166583
v 0.082226 0.008171 -0.168843
v 0.080601 0.007579 -0.166475
v 0.081672 0.009599 -0.168174
v 0.081909 0.008672 -0.169308
v 0.080203 0.007091 -0.167490
v 0.082195 0.007579 -0.169086
v 0.081226 0.009765 -0.168116
v 0.080964 0.009007 -0.166641
v 0.082392 0.007579 -0.168268
v 0.081487 0.009007 -0.169590
v 0.082392 0.007579 -0.168268
v 0.081850 0.007579 -0.169757
v 0.080543 0.008672 -0.166924
v 0.081025 0.009125 -0.169649
v 0.082226 0.006987 -0.168843
v 0.080230 0.007579 -0.167290
v 0.080779 0.009599 -0.168058
v 0.081909 0.006486 -0.169308
v 0.081410 0.007579 -0.170177
v 0.080401 0.009125 -0.168008
v 0.080203 0.008067 -0.167490
v 0.082303 0.006742 -0.168257
v 0.080942 0.007579 -0.170284
v 0.082392 0.007579 -0.168268
v 0.080594 0.009007 -0.169474
v 0.080140 0.008269 -0.167974
v 0.082050 0.006033 -0.168224
v 0.081487 0.006151 -0.169590
v 0.080517 0.007579 -0.170060
v 0.080259 0.008672 -0.169092
v 0.080077 0.008067 -0.168458
v 0.082380 0.006987 -0.167670
v 0.081672 0.005559 -0.168174
v 0.081025 0.006033 -0.169649
v 0.080200 0.007579 -0.169541
v 0.082192 0.006486 -0.167140
v 0.082392 0.007579 -0.168268
v 0.080594 0.006151 -0.169474
v 0.081857 0.006151 -0.166758
v 0.080051 0.007579 -0.168658
v 0.081226 0.005393 -0.168116
v 0.080259 0.006486 -0.169092
v 0.081426 0.006033 -0.166583
v 0.080779 0.005559 -0.168058
v 0.080077 0.007091 -0.168458
v 0.080964 0.006151 -0.166641
v 0.080401 0.006033 -0.168008
v 0.080140 0.006889 -0.167974
v 0.080543 0.006486 -0.166924
v 0.080203 0.007091 -0.167490
v 0.082392 0.007579 -0.168268
v 0.080203 0.007091 -0.167490
v 0.080230 0.007579 -0.167290
v 0.079189 0.007088 -0.167355
v 0.079216 0.007579 -0.167153
v 0.080203 0.008067 -0.167490
v 0.079189 0.008070 -0.167355
v 0.080140 0.008269 -0.167974
v 0.079126 0.008273 -0.167841
v 0.080077 0.008067 -0.168458
v 0.079062 0.008070 -0.168328
v 0.080051 0.007579 -0.168658
v 0.079036 0.007579 -0.168529
v 0.080077 0.007091 -0.168458
v 0.079062 0.007088 -0.168328
v 0.080140 0.006889 -0.167974
v 0.079126 0.006885 -0.167841
v 0.080203 0.007091 -0.167490
v 0.079189 0.007088 -0.167355
v 0.067053 0.014265 -0.218215
v 0.067053 0.001385 -0.218215
v 0.064574 0.014265 -0.219258
v 0.064463 0.015338 -0.218993
v 0.064574 0.001385 -0.219258
v 0.066942 0.015338 -0.217950
v 0.064228 0.001116 -0.219113
v 0.066942 0.000311 -0.217950
v 0.064158 0.016123 -0.218269
v 0.067191 0.014533 -0.217866
v 0.064228 0.014533 -0.219113
v 0.066637 0.016123 -0.217226
v 0.067191 0.001116 -0.217866
v 0.064228 0.014533 -0.219113
v 0.066827 0.015888 -0.216999
v 0.064129 0.015202 -0.218878
v 0.067191 0.001116 -0.217866
v 0.064129 0.015202 -0.218878
v 0.067093 0.015202 -0.217631
v 0.063863 0.015888 -0.218245
v 0.067093 0.000447 -0.217631
v 0.067191 0.014533 -0.217866
v 0.067093 0.015202 -0.217631
v 0.064463 0.000311 -0.218993
v 0.064228 0.001116 -0.219113
v 0.066637 -0.000474 -0.217226
v 0.064129 0.000447 -0.218878
v 0.067093 0.000447 -0.217631
v 0.064158 -0.000474 -0.218269
v 0.066827 -0.000239 -0.216999
v 0.063863 -0.000239 -0.218245
v 0.064129 0.000447 -0.218878
v 0.052278 0.016411 -0.183086
v 0.066221 0.016411 -0.216237
v 0.049798 0.016411 -0.184129
v 0.049382 0.016123 -0.183140
v 0.063742 0.016411 -0.217279
v 0.051861 0.016123 -0.182097
v 0.063602 0.016146 -0.217625
v 0.066637 0.016123 -0.217226
v 0.049078 0.015338 -0.182415
v 0.052417 0.016146 -0.182740
v 0.049454 0.016146 -0.183987
v 0.051557 0.015338 -0.181373
v 0.066566 0.016146 -0.216379
v 0.049454 0.016146 -0.183987
v 0.051890 0.015202 -0.181488
v 0.049193 0.015888 -0.183367
v 0.066566 0.016146 -0.216379
v 0.052156 0.015888 -0.182120
v 0.048927 0.015202 -0.182734
v 0.066827 0.015888 -0.216999
v 0.052417 0.016146 -0.182740
v 0.064158 0.016123 -0.218269
v 0.063602 0.016146 -0.217625
v 0.063863 0.015888 -0.218245
v 0.051445 0.001385 -0.181108
v 0.051445 0.014265 -0.181108
v 0.048966 0.001385 -0.182150
v 0.049078 0.000311 -0.182415
v 0.048966 0.014265 -0.182150
v 0.051557 0.000311 -0.181373
v 0.048828 0.014533 -0.182499
v 0.051557 0.015338 -0.181373
v 0.049382 -0.000474 -0.183140
v 0.051791 0.001116 -0.181253
v 0.048828 0.001116 -0.182499
v 0.051861 -0.000474 -0.182097
v 0.051791 0.014533 -0.181253
v 0.048828 0.001116 -0.182499
v 0.052156 -0.000239 -0.182120
v 0.048927 0.000447 -0.182734
v 0.051791 0.014533 -0.181253
v 0.048927 0.000447 -0.182734
v 0.051890 0.000447 -0.181488
v 0.049193 -0.000239 -0.183367
v 0.051890 0.015202 -0.181488
v 0.051791 0.001116 -0.181253
v 0.051890 0.000447 -0.181488
v 0.049078 0.015338 -0.182415
v 0.048828 0.014533 -0.182499
v 0.048927 0.015202 -0.182734
v 0.066221 -0.000762 -0.216237
v 0.052278 -0.000762 -0.183086
v 0.063742 -0.000762 -0.217279
v 0.064158 -0.000474 -0.218269
v 0.049798 -0.000762 -0.184129
v 0.066637 -0.000474 -0.217226
v 0.063602 -0.000497 -0.217625
v 0.063863 -0.000239 -0.218245
v 0.051861 -0.000474 -0.182097
v 0.066566 -0.000497 -0.216379
v 0.049454 -0.000497 -0.183987
v 0.066827 -0.000239 -0.216999
v 0.066566 -0.000497 -0.216379
v 0.063602 -0.000497 -0.217625
v 0.049382 -0.000474 -0.183140
v 0.052417 -0.000497 -0.182740
v 0.049454 -0.000497 -0.183987
v 0.049193 -0.000239 -0.183367
v 0.052417 -0.000497 -0.182740
v 0.052156 -0.000239 -0.182120
v 0.048828 0.014533 -0.182499
v 0.048927 0.015202 -0.182734
v 0.048828 0.001116 -0.182499
v 0.048927 0.000447 -0.182734
v 0.049454 -0.000497 -0.183987
v 0.049193 -0.000239 -0.183367
v 0.064129 0.000447 -0.218878
v 0.063602 0.016146 -0.217625
v 0.063863 -0.000239 -0.218245
v 0.063602 -0.000497 -0.217625
v 0.049193 0.015888 -0.183367
v 0.064129 0.015202 -0.218878
v 0.049454 0.016146 -0.183987
v 0.063863 0.015888 -0.218245
v 0.064228 0.014533 -0.219113
v 0.064228 0.001116 -0.219113
v 0.067191 0.014533 -0.217866
v 0.067093 0.015202 -0.217631
v 0.067191 0.001116 -0.217866
v 0.067093 0.000447 -0.217631
v 0.066566 -0.000497 -0.216379
v 0.066827 -0.000239 -0.216999
v 0.051890 0.000447 -0.181488
v 0.052156 -0.000239 -0.182120
v 0.052417 -0.000497 -0.182740
v 0.052417 0.016146 -0.182740
v 0.051890 0.015202 -0.181488
v 0.066827 0.015888 -0.216999
v 0.052156 0.015888 -0.182120
v 0.066566 0.016146 -0.216379
v 0.051791 0.014533 -0.181253
v 0.051791 0.001116 -0.181253
v 0.062615 0.013359 -0.214659
v 0.063464 0.013359 -0.216676
v 0.027550 0.013359 -0.229354
v 0.027615 0.013166 -0.229171
v 0.062540 0.013166 -0.214481
v 0.026496 0.013359 -0.232281
v 0.012974 0.013359 -0.200136
v 0.015794 0.013359 -0.201447
v 0.026609 0.013166 -0.232388
v 0.063538 0.013166 -0.216854
v 0.026356 0.013166 -0.232284
v 0.027615 0.001874 -0.229171
v 0.062540 0.001874 -0.214481
v 0.027615 0.013166 -0.229171
v 0.062540 0.013166 -0.214481
v 0.015979 0.001874 -0.201528
v 0.027615 0.001874 -0.229171
v 0.015970 0.013166 -0.201529
v 0.027615 0.013166 -0.229171
v 0.027550 0.013359 -0.229354
v 0.015794 0.013359 -0.201447
v 0.012974 0.013359 -0.200136
v 0.049982 0.013359 -0.184624
v 0.015794 0.013359 -0.201447
v 0.012977 0.013166 -0.199979
v 0.050830 0.013359 -0.186641
v 0.012874 0.013166 -0.200232
v 0.049907 0.013166 -0.184446
v 0.015970 0.013166 -0.201529
v 0.050905 0.013166 -0.186819
v 0.049982 -0.000071 -0.184624
v 0.013052 -0.000071 -0.200157
v 0.050909 -0.000071 -0.186829
v 0.049907 0.000122 -0.184446
v 0.026534 -0.000071 -0.232210
v 0.012977 0.000122 -0.199979
v 0.062540 -0.000071 -0.214481
v 0.063464 -0.000071 -0.216676
v 0.050909 0.001874 -0.186829
v 0.015979 0.001874 -0.201528
v 0.050905 0.013166 -0.186819
v 0.015970 0.013166 -0.201529
v 0.062540 0.001874 -0.214481
v 0.027615 0.001874 -0.229171
v 0.050909 0.001874 -0.186829
v 0.015979 0.001874 -0.201528
v 0.063538 0.000122 -0.216854
v 0.026609 0.000122 -0.232388
v 0.063538 0.013166 -0.216854
v 0.063464 -0.000071 -0.216676
v 0.026609 0.013166 -0.232388
v 0.026534 -0.000071 -0.232210
v 0.026356 0.000122 -0.232284
v 0.026356 0.013166 -0.232284
v 0.026356 0.000122 -0.232284
v 0.012874 0.000122 -0.200232
v 0.026356 0.013166 -0.232284
v 0.026534 -0.000071 -0.232210
v 0.012874 0.013166 -0.200232
v 0.013052 -0.000071 -0.200157
v 0.012974 0.013359 -0.200136
v 0.026496 0.013359 -0.232281
v 0.012977 0.000122 -0.199979
v 0.012977 0.013166 -0.199979
v 0.049907 0.013166 -0.184446
v 0.012977 0.013166 -0.199979
v 0.049907 0.000122 -0.184446
v 0.012977 0.000122 -0.199979
v 0.057286 0.007231 -0.187500
v 0.057191 0.007823 -0.187274
v 0.056857 0.006730 -0.187136
v 0.057598 0.007823 -0.188010
v 0.056681 0.007823 -0.186719
v 0.056375 0.006394 -0.186975
v 0.057286 0.008414 -0.187500
v 0.056146 0.007823 -0.186430
v 0.057598 0.007823 -0.188010
v 0.055914 0.006277 -0.187041
v 0.056857 0.008916 -0.187136
v 0.055666 0.007823 -0.186451
v 0.057516 0.008659 -0.188045
v 0.055545 0.006394 -0.187324
v 0.056375 0.009251 -0.186975
v 0.057598 0.007823 -0.188010
v 0.055316 0.007823 -0.186779
v 0.057280 0.009368 -0.188144
v 0.055323 0.006730 -0.187781
v 0.055914 0.009368 -0.187041
v 0.057745 0.008414 -0.188590
v 0.055148 0.007823 -0.187364
v 0.056929 0.009842 -0.188292
v 0.057704 0.008916 -0.189151
v 0.055316 0.007335 -0.188441
v 0.057840 0.007823 -0.188816
v 0.056514 0.010009 -0.188466
v 0.055545 0.009251 -0.187324
v 0.057598 0.007823 -0.188010
v 0.057482 0.009251 -0.189608
v 0.057598 0.007823 -0.188010
v 0.057880 0.007823 -0.189569
v 0.055323 0.008916 -0.187781
v 0.057113 0.009368 -0.189891
v 0.057745 0.007231 -0.188590
v 0.055237 0.007823 -0.188254
v 0.056099 0.009842 -0.188641
v 0.057704 0.006730 -0.189151
v 0.057712 0.007823 -0.190153
v 0.055747 0.009368 -0.188789
v 0.055316 0.008311 -0.188441
v 0.057516 0.006986 -0.188045
v 0.057361 0.007823 -0.190481
v 0.057598 0.007823 -0.188010
v 0.056653 0.009251 -0.189957
v 0.055505 0.008513 -0.188891
v 0.057280 0.006277 -0.188144
v 0.057482 0.006394 -0.189608
v 0.056882 0.007823 -0.190503
v 0.056171 0.008916 -0.189796
v 0.055694 0.008311 -0.189341
v 0.057286 0.007231 -0.187500
v 0.056929 0.005803 -0.188292
v 0.057113 0.006277 -0.189891
v 0.056346 0.007823 -0.190214
v 0.056857 0.006730 -0.187136
v 0.057598 0.007823 -0.188010
v 0.056653 0.006394 -0.189957
v 0.056375 0.006394 -0.186975
v 0.055772 0.007823 -0.189527
v 0.056514 0.005636 -0.188466
v 0.056171 0.006730 -0.189796
v 0.055914 0.006277 -0.187041
v 0.056099 0.005803 -0.188641
v 0.055694 0.007335 -0.189341
v 0.055545 0.006394 -0.187324
v 0.055747 0.006277 -0.188789
v 0.055505 0.007132 -0.188891
v 0.055323 0.006730 -0.187781
v 0.055316 0.007335 -0.188441
v 0.057598 0.007823 -0.188010
v 0.055316 0.007335 -0.188441
v 0.055237 0.007823 -0.188254
v 0.054371 0.007332 -0.188835
v 0.054293 0.007823 -0.188648
v 0.055316 0.008311 -0.188441
v 0.054371 0.008313 -0.188835
v 0.055505 0.008513 -0.188891
v 0.054562 0.008516 -0.189287
v 0.055694 0.008311 -0.189341
v 0.054752 0.008313 -0.189740
v 0.055772 0.007823 -0.189527
v 0.054831 0.007823 -0.189927
v 0.055694 0.007335 -0.189341
v 0.054752 0.007332 -0.189740
v 0.055505 0.007132 -0.188891
v 0.054562 0.007129 -0.189287
v 0.055316 0.007335 -0.188441
v 0.054371 0.007332 -0.188835
v 0.065870 0.007231 -0.207908
v 0.065775 0.007823 -0.207682
v 0.065441 0.006730 -0.207544
v 0.066182 0.007823 -0.208418
v 0.065265 0.007823 -0.207127
v 0.064959 0.006394 -0.207383
v 0.065870 0.008414 -0.207908
v 0.064730 0.007823 -0.206838
v 0.066182 0.007823 -0.208418
v 0.064498 0.006277 -0.207449
v 0.065441 0.008916 -0.207544
v 0.064250 0.007823 -0.206859
v 0.066099 0.008659 -0.208453
v 0.064129 0.006394 -0.207732
v 0.064959 0.009251 -0.207383
v 0.066182 0.007823 -0.208418
v 0.063900 0.007823 -0.207187
v 0.065864 0.009368 -0.208552
v 0.063907 0.006730 -0.208189
v 0.064498 0.009368 -0.207449
v 0.066329 0.008414 -0.208998
v 0.063732 0.007823 -0.207772
v 0.065513 0.009842 -0.208700
v 0.066288 0.008916 -0.209559
v 0.063899 0.007335 -0.208849
v 0.066424 0.007823 -0.209224
v 0.065098 0.010009 -0.208874
v 0.064129 0.009251 -0.207732
v 0.066182 0.007823 -0.208418
v 0.066066 0.009251 -0.210016
v 0.066182 0.007823 -0.208418
v 0.066464 0.007823 -0.209977
v 0.063907 0.008916 -0.208189
v 0.065697 0.009368 -0.210299
v 0.066329 0.007231 -0.208998
v 0.063821 0.007823 -0.208663
v 0.064683 0.009842 -0.209049
v 0.066288 0.006730 -0.209559
v 0.066296 0.007823 -0.210561
v 0.064331 0.009368 -0.209197
v 0.063899 0.008311 -0.208849
v 0.066099 0.006986 -0.208453
v 0.065945 0.007823 -0.210889
v 0.066182 0.007823 -0.208418
v 0.065236 0.009251 -0.210365
v 0.064089 0.008513 -0.209299
v 0.065864 0.006277 -0.208552
v 0.066066 0.006394 -0.210016
v 0.065466 0.007823 -0.210911
v 0.064755 0.008916 -0.210204
v 0.064278 0.008311 -0.209749
v 0.065870 0.007231 -0.207908
v 0.065513 0.005803 -0.208700
v 0.065697 0.006277 -0.210299
v 0.064930 0.007823 -0.210622
v 0.065441 0.006730 -0.207544
v 0.066182 0.007823 -0.208418
v 0.065236 0.006394 -0.210365
v 0.064959 0.006394 -0.207383
v 0.064356 0.007823 -0.209935
v 0.065098 0.005636 -0.208874
v 0.064755 0.006730 -0.210204
v 0.064498 0.006277 -0.207449
v 0.064683 0.005803 -0.209049
v 0.064278 0.007335 -0.209749
v 0.064129 0.006394 -0.207732
v 0.064331 0.006277 -0.209197
v 0.064089 0.007132 -0.209299
v 0.063907 0.006730 -0.208189
v 0.063899 0.007335 -0.208849
v 0.066182 0.007823 -0.208418
v 0.063899 0.007335 -0.208849
v 0.063821 0.007823 -0.208663
v 0.062955 0.007332 -0.209243
v 0.062877 0.007823 -0.209056
v 0.063899 0.008311 -0.208849
v 0.062955 0.008313 -0.209243
v 0.064089 0.008513 -0.209299
v 0.063146 0.008516 -0.209695
v 0.064278 0.008311 -0.209749
v 0.063336 0.008313 -0.210148
v 0.064356 0.007823 -0.209935
v 0.063415 0.007823 -0.210335
v 0.064278 0.007335 -0.209749
v 0.063336 0.007332 -0.210148
v 0.064089 0.007132 -0.209299
v 0.063146 0.007129 -0.209695
v 0.063899 0.007335 -0.208849
v 0.062955 0.007332 -0.209243
v 0.047546 0.060588 -0.119229
v 0.043449 0.063299 -0.119229
v 0.047546 0.064637 -0.119229
v 0.043449 0.063194 -0.119129
v 0.043449 0.067348 -0.119229
v 0.047546 0.060486 -0.119129
v 0.047546 0.064828 -0.119050
v 0.038101 0.065599 -0.119229
v 0.038101 0.065489 -0.119129
v 0.043449 0.067561 -0.119050
v 0.027395 0.068712 -0.119129
v 0.038101 0.069700 -0.119229
v 0.027395 0.068813 -0.119229
v 0.038101 0.069890 -0.119050
v 0.016018 0.070140 -0.119129
v 0.027395 0.072562 -0.119229
v 0.016018 0.070240 -0.119229
v 0.027395 0.072744 -0.119050
v 0.004267 0.070747 -0.119129
v 0.016018 0.074025 -0.119229
v 0.004267 0.070846 -0.119229
v 0.016018 0.074205 -0.119050
v -0.006478 0.070240 -0.119229
v 0.004267 0.074647 -0.119229
v -0.006478 0.070140 -0.119129
v -0.006478 0.074025 -0.119229
v 0.004267 0.074826 -0.119050
v -0.018176 0.068814 -0.119229
v -0.018176 0.072562 -0.119229
v -0.006478 0.074205 -0.119050
v -0.018176 0.068712 -0.119129
v -0.028368 0.069700 -0.119229
v -0.018176 0.072744 -0.119050
v -0.028368 0.065599 -0.119229
v -0.028368 0.069890 -0.119050
v -0.028368 0.065489 -0.119129
v -0.034240 0.067235 -0.119229
v -0.034240 0.067445 -0.119050
v -0.034240 0.063183 -0.119229
v -0.038185 0.064951 -0.119050
v -0.034240 0.063079 -0.119129
v -0.038185 0.064760 -0.119229
v -0.038185 0.060710 -0.119229
v -0.038185 0.060609 -0.119129
v 0.016018 0.062516 -0.118377
v 0.004267 0.063118 -0.118377
v 0.016018 0.070040 -0.118377
v 0.027395 0.068610 -0.118377
v 0.004267 0.070647 -0.118377
v 0.027395 0.061098 -0.118377
v 0.016018 0.070140 -0.118476
v -0.006478 0.070040 -0.118377
v 0.038101 0.065379 -0.118377
v 0.004267 0.063019 -0.118277
v 0.027395 0.068712 -0.118476
v 0.038101 0.057901 -0.118377
v 0.016018 0.062416 -0.118277
v 0.027395 0.060997 -0.118277
v 0.038101 0.065489 -0.118476
v 0.038101 0.057791 -0.118277
v 0.043449 0.063194 -0.118476
v -0.006478 0.062516 -0.118377
v 0.043449 0.055620 -0.118377
v -0.006478 0.062416 -0.118277
v 0.043449 0.063089 -0.118377
v -0.018176 0.068610 -0.118377
v -0.018176 0.061098 -0.118377
v 0.047546 0.060385 -0.118377
v -0.018176 0.060997 -0.118277
v -0.018176 0.068712 -0.118476
v 0.047546 0.052924 -0.118377
v -0.028368 0.065379 -0.118377
v -0.028368 0.057900 -0.118377
v -0.006478 0.070140 -0.118476
v 0.047546 0.060486 -0.118476
v -0.034240 0.062974 -0.118377
v -0.028368 0.065489 -0.118476
v 0.004267 0.070747 -0.118476
v -0.034240 0.055506 -0.118377
v -0.034240 0.063079 -0.118476
v -0.028368 0.057791 -0.118277
v -0.038185 0.060609 -0.118476
v -0.034240 0.055401 -0.118277
v -0.038185 0.060507 -0.118377
v -0.038185 0.053046 -0.118377
v -0.038185 0.052944 -0.118277
v 0.016018 0.070140 -0.119129
v 0.016018 0.070140 -0.118476
v 0.004267 0.070747 -0.119129
v 0.027395 0.068712 -0.118476
v 0.004267 0.070747 -0.118476
v 0.027395 0.068712 -0.119129
v -0.006478 0.070140 -0.119129
v 0.038101 0.065489 -0.118476
v -0.006478 0.070140 -0.118476
v 0.038101 0.065489 -0.119129
v -0.018176 0.068712 -0.119129
v 0.043449 0.063194 -0.119129
v -0.018176 0.068712 -0.118476
v 0.043449 0.063194 -0.118476
v -0.028368 0.065489 -0.119129
v 0.047546 0.060486 -0.118476
v 0.047546 0.060486 -0.119129
v -0.028368 0.065489 -0.118476
v -0.034240 0.063079 -0.119129
v -0.034240 0.063079 -0.118476
v -0.038185 0.060609 -0.118476
v -0.038185 0.060609 -0.119129
v -0.028368 0.057681 -0.117581
v -0.028368 0.043216 -0.117581
v -0.034240 0.055296 -0.117581
v -0.018176 0.043216 -0.117581
v -0.034240 0.043216 -0.117581
v -0.018176 0.060895 -0.117581
v -0.034240 0.055401 -0.117680
v -0.028368 0.026842 -0.117581
v -0.038185 0.052843 -0.117581
v -0.006478 0.043216 -0.117581
v -0.028368 0.057791 -0.117680
v -0.038185 0.043216 -0.117581
v -0.006478 0.062316 -0.117581
v -0.038185 0.052944 -0.117680
v -0.018176 0.060997 -0.117680
v 0.004267 0.043216 -0.117581
v -0.034240 0.026842 -0.117581
v -0.038185 0.026842 -0.117581
v -0.006478 0.062416 -0.117680
v -0.006478 0.026842 -0.117581
v 0.004267 0.062919 -0.117581
v -0.018176 0.026842 -0.117581
v -0.034240 0.026649 -0.117388
v -0.006478 0.026649 -0.117388
v 0.016018 0.062316 -0.117581
v -0.028368 0.026649 -0.117388
v -0.038185 0.026649 -0.117388
v 0.004267 0.026649 -0.117388
v 0.016018 0.043216 -0.117581
v -0.018176 0.026649 -0.117388
v 0.004267 0.026842 -0.117581
v 0.027395 0.060895 -0.117581
v 0.016018 0.026649 -0.117388
v 0.027395 0.043216 -0.117581
v 0.016018 0.026842 -0.117581
v 0.038101 0.057681 -0.117581
v 0.027395 0.026649 -0.117388
v 0.027395 0.060997 -0.117680
v 0.038101 0.043216 -0.117581
v 0.027395 0.026842 -0.117581
v 0.016018 0.062416 -0.117680
v 0.038101 0.057791 -0.117680
v 0.043449 0.055515 -0.117680
v 0.038101 0.026649 -0.117388
v 0.004267 0.063019 -0.117680
v 0.043449 0.055410 -0.117581
v 0.038101 0.026842 -0.117581
v 0.047546 0.052823 -0.117680
v 0.043449 0.026649 -0.117388
v 0.043449 0.043216 -0.117581
v 0.047546 0.052721 -0.117581
v 0.043449 0.026842 -0.117581
v 0.047546 0.043216 -0.117581
v 0.047546 0.026649 -0.117388
v 0.047546 0.026842 -0.117581
v -0.028368 0.057791 -0.118277
v -0.028368 0.057791 -0.117680
v -0.034240 0.055401 -0.118277
v -0.018176 0.060997 -0.117680
v -0.034240 0.055401 -0.117680
v -0.018176 0.060997 -0.118277
v -0.038185 0.052944 -0.117680
v -0.038185 0.052944 -0.118277
v -0.006478 0.062416 -0.117680
v -0.006478 0.062416 -0.118277
v 0.004267 0.063019 -0.117680
v 0.004267 0.063019 -0.118277
v 0.016018 0.062416 -0.117680
v 0.016018 0.062416 -0.118277
v 0.027395 0.060997 -0.117680
v 0.027395 0.060997 -0.118277
v 0.038101 0.057791 -0.117680
v 0.038101 0.057791 -0.118277
v 0.043449 0.055515 -0.118277
v 0.043449 0.055515 -0.117680
v 0.047546 0.052823 -0.117680
v 0.047546 0.052823 -0.118277
v -0.034240 0.067445 -0.119050
v -0.034240 0.067445 -0.115653
v -0.028368 0.069890 -0.119050
v -0.038185 0.064951 -0.115653
v -0.028368 0.069890 -0.115653
v -0.038185 0.064951 -0.119050
v -0.018176 0.072744 -0.119050
v -0.028368 0.069890 -0.112255
v -0.034240 0.067445 -0.112255
v -0.018176 0.072744 -0.115653
v -0.038185 0.064951 -0.112255
v -0.018176 0.072744 -0.112255
v -0.006478 0.074205 -0.119050
v -0.034240 0.067235 -0.112077
v -0.018176 0.072562 -0.112076
v -0.006478 0.074205 -0.115653
v -0.028368 0.069700 -0.112077
v -0.038185 0.064760 -0.112077
v -0.006478 0.074205 -0.112255
v 0.004267 0.074826 -0.119050
v -0.006478 0.074025 -0.112076
v 0.004267 0.074826 -0.115653
v 0.004267 0.074826 -0.112255
v 0.004267 0.074647 -0.112076
v 0.016018 0.074205 -0.119050
v 0.016018 0.074205 -0.112255
v 0.016018 0.074205 -0.115653
v 0.016018 0.074025 -0.112076
v 0.027395 0.072744 -0.119050
v 0.027395 0.072744 -0.112255
v 0.027395 0.072744 -0.115653
v 0.027395 0.072562 -0.112076
v 0.038101 0.069890 -0.119050
v 0.038101 0.069890 -0.112255
v 0.038101 0.069890 -0.115653
v 0.038101 0.069700 -0.112076
v 0.043449 0.067561 -0.119050
v 0.043449 0.067561 -0.112255
v 0.043449 0.067561 -0.115653
v 0.043449 0.067348 -0.112076
v 0.047546 0.064828 -0.119050
v 0.047546 0.064828 -0.112255
v 0.047546 0.064828 -0.115653
v 0.047546 0.064637 -0.112076
v 0.043449 0.055515 -0.118277
v 0.047546 0.052823 -0.118277
v 0.043449 0.067348 -0.112076
v 0.043449 0.063299 -0.112076
v 0.047546 0.064637 -0.112076
v 0.038101 0.065599 -0.112076
v 0.047546 0.060588 -0.112076
v 0.038101 0.069700 -0.112076
v 0.043449 0.063194 -0.112176
v 0.027395 0.068813 -0.112076
v 0.038101 0.065489 -0.112176
v 0.047546 0.060486 -0.112176
v 0.027395 0.072562 -0.112076
v 0.027395 0.068712 -0.112176
v 0.016018 0.070240 -0.112076
v 0.016018 0.070140 -0.112176
v 0.016018 0.074025 -0.112076
v 0.004267 0.070747 -0.112176
v 0.004267 0.070846 -0.112076
v 0.004267 0.074647 -0.112076
v -0.006478 0.070240 -0.112076
v -0.006478 0.074025 -0.112076
v -0.006478 0.070140 -0.112176
v -0.018176 0.072562 -0.112076
v -0.018176 0.068814 -0.112076
v -0.018176 0.068712 -0.112176
v -0.028368 0.069700 -0.112077
v -0.028368 0.065599 -0.112077
v -0.028368 0.065489 -0.112176
v -0.034240 0.067235 -0.112077
v -0.034240 0.063183 -0.112077
v -0.034240 0.063079 -0.112176
v -0.038185 0.064760 -0.112077
v -0.038185 0.060710 -0.112077
v -0.038185 0.060609 -0.112176
v 0.004267 0.070647 -0.112928
v 0.004267 0.063118 -0.112928
v 0.016018 0.070040 -0.112928
v -0.006478 0.070040 -0.112928
v 0.016018 0.062516 -0.112928
v -0.006478 0.070140 -0.112829
v 0.027395 0.068610 -0.112928
v -0.006478 0.062516 -0.112928
v 0.004267 0.070747 -0.112829
v 0.016018 0.070140 -0.112829
v 0.027395 0.061098 -0.112928
v -0.018176 0.068610 -0.112928
v 0.038101 0.065379 -0.112928
v -0.018176 0.068712 -0.112829
v -0.018176 0.061098 -0.112928
v 0.027395 0.068712 -0.112829
v -0.028368 0.065489 -0.112829
v -0.006478 0.062416 -0.113028
v 0.038101 0.065489 -0.112829
v -0.028368 0.065379 -0.112928
v 0.004267 0.063019 -0.113028
v 0.043449 0.063194 -0.112829
v -0.028368 0.057900 -0.112928
v -0.018176 0.060997 -0.113028
v 0.043449 0.063089 -0.112928
v -0.034240 0.062974 -0.112928
v 0.047546 0.060486 -0.112829
v -0.034240 0.063079 -0.112829
v -0.034240 0.055506 -0.112928
v 0.016018 0.062416 -0.113028
v 0.047546 0.060385 -0.112928
v -0.028368 0.057791 -0.113028
v 0.043449 0.055620 -0.112928
v -0.034240 0.055401 -0.113028
v -0.038185 0.060507 -0.112928
v 0.027395 0.060997 -0.113028
v 0.047546 0.052924 -0.112928
v -0.038185 0.060609 -0.112829
v 0.038101 0.057901 -0.112928
v 0.043449 0.055515 -0.113028
v 0.038101 0.057791 -0.113028
v 0.047546 0.052823 -0.113028
v -0.038185 0.053046 -0.112928
v -0.038185 0.052944 -0.113028
v 0.016018 0.070140 -0.112176
v 0.004267 0.070747 -0.112176
v 0.016018 0.070140 -0.112829
v 0.027395 0.068712 -0.112829
v 0.004267 0.070747 -0.112829
v 0.027395 0.068712 -0.112176
v -0.006478 0.070140 -0.112176
v 0.038101 0.065489 -0.112829
v -0.006478 0.070140 -0.112829
v 0.038101 0.065489 -0.112176
v -0.018176 0.068712 -0.112176
v 0.043449 0.063194 -0.112176
v -0.018176 0.068712 -0.112829
v 0.043449 0.063194 -0.112829
v -0.028368 0.065489 -0.112176
v 0.047546 0.060486 -0.112829
v 0.047546 0.060486 -0.112176
v -0.028368 0.065489 -0.112829
v -0.034240 0.063079 -0.112176
v -0.034240 0.063079 -0.112829
v -0.038185 0.060609 -0.112829
v -0.038185 0.060609 -0.112176
v -0.028368 0.057681 -0.113724
v -0.034240 0.055296 -0.113724
v -0.028368 0.043112 -0.113724
v -0.018176 0.043107 -0.113724
v -0.034240 0.043116 -0.113724
v -0.018176 0.060895 -0.113724
v -0.028368 0.026842 -0.113724
v -0.034240 0.055401 -0.113625
v -0.006478 0.043105 -0.113724
v -0.018176 0.026842 -0.113724
v -0.038185 0.052843 -0.113724
v -0.006478 0.062316 -0.113724
v -0.028368 0.026649 -0.113917
v -0.038185 0.052944 -0.113625
v -0.028368 0.057791 -0.113625
v -0.018176 0.026649 -0.113917
v -0.038185 0.043119 -0.113724
v -0.006478 0.026842 -0.113724
v -0.038185 0.026842 -0.113724
v -0.034240 0.026649 -0.113917
v -0.006478 0.026649 -0.113917
v -0.034240 0.026842 -0.113724
v 0.004267 0.026842 -0.113724
v -0.038185 0.026649 -0.113917
v 0.004267 0.026649 -0.113917
v 0.004267 0.043104 -0.113724
v 0.016018 0.026842 -0.113724
v 0.016018 0.026649 -0.113917
v 0.004267 0.062919 -0.113724
v 0.027395 0.026842 -0.113724
v 0.016018 0.062316 -0.113724
v -0.006478 0.062416 -0.113625
v 0.016018 0.043105 -0.113724
v 0.027395 0.026649 -0.113917
v 0.004267 0.063019 -0.113625
v 0.038101 0.026842 -0.113724
v 0.027395 0.060895 -0.113724
v 0.016018 0.062416 -0.113625
v 0.027395 0.043107 -0.113724
v 0.038101 0.026649 -0.113917
v 0.027395 0.060997 -0.113625
v -0.018176 0.060997 -0.113625
v 0.043449 0.026842 -0.113724
v 0.038101 0.057791 -0.113625
v 0.038101 0.043112 -0.113724
v 0.038101 0.057681 -0.113724
v 0.043449 0.026649 -0.113917
v 0.043449 0.055515 -0.113625
v 0.047546 0.026842 -0.113724
v 0.043449 0.055410 -0.113724
v 0.047546 0.026649 -0.113917
v 0.043449 0.043115 -0.113724
v 0.047546 0.052823 -0.113625
v 0.047546 0.052721 -0.113724
v 0.047546 0.043119 -0.113724
v -0.028368 0.057791 -0.113028
v -0.034240 0.055401 -0.113028
v -0.028368 0.057791 -0.113625
v -0.018176 0.060997 -0.113625
v -0.034240 0.055401 -0.113625
v -0.018176 0.060997 -0.113028
v -0.038185 0.052944 -0.113625
v -0.038185 0.052944 -0.113028
v -0.006478 0.062416 -0.113625
v -0.006478 0.062416 -0.113028
v 0.004267 0.063019 -0.113625
v 0.004267 0.063019 -0.113028
v 0.016018 0.062416 -0.113625
v 0.016018 0.062416 -0.113028
v 0.027395 0.060997 -0.113625
v 0.027395 0.060997 -0.113028
v 0.038101 0.057791 -0.113625
v 0.038101 0.057791 -0.113028
v 0.043449 0.055515 -0.113028
v 0.043449 0.055515 -0.113625
v 0.047546 0.052823 -0.113625
v 0.047546 0.052823 -0.113028
v -0.028368 0.026649 -0.113917
v -0.034240 0.026649 -0.113917
v -0.028368 0.026649 -0.117388
v -0.018176 0.026649 -0.117388
v -0.034240 0.026649 -0.117388
v -0.018176 0.026649 -0.113917
v -0.038185 0.026649 -0.113917
v -0.038185 0.026649 -0.117388
v -0.006478 0.026649 -0.117388
v -0.006478 0.026649 -0.113917
v 0.004267 0.026649 -0.117388
v 0.004267 0.026649 -0.113917
v 0.016018 0.026649 -0.117388
v 0.016018 0.026649 -0.113917
v 0.027395 0.026649 -0.117388
v 0.027395 0.026649 -0.113917
v 0.038101 0.026649 -0.117388
v 0.038101 0.026649 -0.113917
v 0.043449 0.026649 -0.117388
v 0.043449 0.026649 -0.113917
v 0.047546 0.026649 -0.117388
v 0.047546 0.026649 -0.113917
v 0.053681 0.072732 -0.117688
v 0.051347 0.072845 -0.115416
v 0.053681 0.072732 -0.113144
v 0.055330 0.072226 -0.119293
v 0.049013 0.072732 -0.117688
v 0.055330 0.072226 -0.111539
v 0.047363 0.072226 -0.119293
v 0.049013 0.072732 -0.113144
v 0.046654 0.071685 -0.119983
v 0.047363 0.072226 -0.111539
v 0.056039 0.071685 -0.119983
v 0.046654 0.071685 -0.110849
v 0.056039 0.071685 -0.110849
v 0.046150 0.071126 -0.120474
v 0.046150 0.071126 -0.110358
v 0.056544 0.071126 -0.110358
v 0.056544 0.071126 -0.120474
v 0.056431 0.001876 -0.110475
v 0.046263 0.001876 -0.110475
v 0.056431 0.001876 -0.120357
v 0.056679 0.002207 -0.120357
v 0.046263 0.001876 -0.120357
v 0.056679 0.002207 -0.110475
v 0.046263 0.002207 -0.120605
v 0.056431 0.002207 -0.120605
v 0.046015 0.002207 -0.110475
v 0.056431 0.002207 -0.110227
v 0.046015 0.002207 -0.120357
v 0.046263 0.002207 -0.110227
v 0.046263 0.070584 -0.120605
v 0.056431 0.070584 -0.120605
v 0.046263 0.065988 -0.120605
v 0.046015 0.065988 -0.120357
v 0.056431 0.065988 -0.120605
v 0.046015 0.070584 -0.120357
v 0.046263 0.061656 -0.120605
v 0.056679 0.065988 -0.120357
v 0.046150 0.071126 -0.120474
v 0.046015 0.061656 -0.120357
v 0.056679 0.070584 -0.120357
v 0.056679 0.061656 -0.120357
v 0.046015 0.053950 -0.120357
v 0.056544 0.071126 -0.120474
v 0.056431 0.061656 -0.120605
v 0.046263 0.053950 -0.120605
v 0.056679 0.053950 -0.120357
v 0.046015 0.043248 -0.120357
v 0.056431 0.053950 -0.120605
v 0.046263 0.043248 -0.120605
v 0.056679 0.043248 -0.120357
v 0.046015 0.027054 -0.120357
v 0.056431 0.043248 -0.120605
v 0.046263 0.027054 -0.120605
v 0.056431 0.027054 -0.120605
v 0.046015 0.002207 -0.120357
v 0.056679 0.027054 -0.120357
v 0.056431 0.002207 -0.120605
v 0.046263 0.002207 -0.120605
v 0.046263 0.001876 -0.120357
v 0.056679 0.002207 -0.120357
v 0.056431 0.001876 -0.120357
v 0.056679 0.070584 -0.120357
v 0.056679 0.070584 -0.110475
v 0.056679 0.065988 -0.120357
v 0.056544 0.071126 -0.120474
v 0.056679 0.065988 -0.110475
v 0.056544 0.071126 -0.110358
v 0.056679 0.061656 -0.120357
v 0.056431 0.070584 -0.110227
v 0.056679 0.061656 -0.110475
v 0.056431 0.065988 -0.110227
v 0.056679 0.053950 -0.120357
v 0.056431 0.061656 -0.110227
v 0.056679 0.053950 -0.110475
v 0.056679 0.043248 -0.120357
v 0.056431 0.053950 -0.110227
v 0.056679 0.043248 -0.110475
v 0.056679 0.027054 -0.120357
v 0.056431 0.043248 -0.110227
v 0.056679 0.027054 -0.110475
v 0.056679 0.002207 -0.120357
v 0.056431 0.027054 -0.110227
v 0.056679 0.002207 -0.110475
v 0.056431 0.002207 -0.110227
v 0.056431 0.001876 -0.110475
v 0.046015 0.070584 -0.110475
v 0.046015 0.070584 -0.120357
v 0.046015 0.065988 -0.110475
v 0.046150 0.071126 -0.110358
v 0.046015 0.065988 -0.120357
v 0.046150 0.071126 -0.120474
v 0.046263 0.065988 -0.110227
v 0.046015 0.061656 -0.110475
v 0.046263 0.070584 -0.110227
v 0.046263 0.061656 -0.110227
v 0.046015 0.061656 -0.120357
v 0.046263 0.053950 -0.110227
v 0.046015 0.053950 -0.110475
v 0.046015 0.053950 -0.120357
v 0.046263 0.043248 -0.110227
v 0.046015 0.043248 -0.110475
v 0.046015 0.043248 -0.120357
v 0.046263 0.027054 -0.110227
v 0.046015 0.027054 -0.110475
v 0.046015 0.027054 -0.120357
v 0.046263 0.002207 -0.110227
v 0.046015 0.002207 -0.120357
v 0.046015 0.002207 -0.110475
v 0.046263 0.001876 -0.110475
v 0.056431 0.070584 -0.110227
v 0.046263 0.070584 -0.110227
v 0.056431 0.065988 -0.110227
v 0.056544 0.071126 -0.110358
v 0.046263 0.065988 -0.110227
v 0.046150 0.071126 -0.110358
v 0.056431 0.061656 -0.110227
v 0.046263 0.061656 -0.110227
v 0.056431 0.053950 -0.110227
v 0.046263 0.053950 -0.110227
v 0.056431 0.043248 -0.110227
v 0.046263 0.043248 -0.110227
v 0.056431 0.027054 -0.110227
v 0.046263 0.027054 -0.110227
v 0.056431 0.002207 -0.110227
v 0.046263 0.002207 -0.110227
vn -0.0000 -0.8789 0.4771
vn -0.0000 -0.8789 -0.4771
vn -0.0000 -0.2841 -0.9588
vn -0.0000 -0.0000 -1.0000
vn -0.0002 -0.8789 -0.4771
vn -0.0000 -0.2841 0.9588
vn -0.0000 -0.0000 1.0000
vn -0.0000 -0.2842 0.9588
vn 0.0002 -0.8789 -0.4771
vn -0.0000 -0.8789 0.4770
vn 0.3670 -0.8548 0.3670
vn -0.3670 -0.8548 0.3670
vn 0.3670 -0.8548 -0.3670
vn 0.8547 -0.3670 -0.3670
vn -0.3670 -0.8548 -0.3670
vn 0.8547 -0.3670 0.3670
vn -0.3670 -0.3671 -0.8547
vn -0.8547 -0.3670 0.3670
vn 0.3670 -0.3670 0.8548
vn 0.3670 -0.3670 -0.8547
vn -0.8547 -0.3670 -0.3670
vn -0.3670 -0.3670 0.8548
vn -0.3670 -0.3670 -0.8548
vn -0.3670 0.3670 -0.8548
vn 0.3670 -0.3670 -0.8548
vn -0.8548 -0.3670 -0.3670
vn 0.3670 0.3670 -0.8548
vn -0.8548 0.3670 -0.3670
vn 0.8547 0.3670 -0.3671
vn -0.3670 0.8547 -0.3670
vn 0.8548 -0.3670 -0.3670
vn 0.3670 0.8547 -0.3670
vn 0.8548 0.3670 -0.3670
vn 0.8548 0.3670 0.3670
vn 0.3670 0.8548 -0.3670
vn 0.8548 -0.3670 0.3670
vn 0.3670 0.8547 0.3670
vn 0.3670 0.3670 0.8547
vn 0.3670 -0.3670 0.8547
vn -0.8548 -0.3670 0.3670
vn -0.8548 0.3670 0.3670
vn -0.8548 0.3670 -0.3669
vn -0.3670 0.3670 0.8548
vn -0.3670 0.8548 0.3670
vn -0.3670 0.8548 -0.3670
vn 0.3670 0.8548 0.3670
vn 0.3670 -0.3671 -0.8547
vn -0.3670 -0.3670 0.8547
vn -0.3670 0.3670 0.8547
vn -0.3670 0.8547 0.3670
vn -0.0000 -0.8789 -0.4770
vn -0.0000 -0.2842 -0.9588
vn 0.0867 0.9923 -0.0889
vn -0.0000 1.0000 -0.0000
vn 0.0867 0.9923 0.0889
vn 0.2417 0.9385 -0.2465
vn -0.0867 0.9923 -0.0889
vn 0.2418 0.9385 0.2465
vn -0.2418 0.9385 -0.2465
vn -0.0867 0.9923 0.0889
vn -0.3865 0.8346 -0.3926
vn -0.2417 0.9385 0.2465
vn 0.3868 0.8346 -0.3923
vn -0.3868 0.8346 0.3923
vn 0.3868 0.8346 0.3923
vn -0.6226 0.4705 -0.6253
vn -0.6226 0.4705 0.6253
vn 0.6226 0.4705 0.6253
vn 0.6226 0.4705 -0.6253
vn 0.4261 -0.7981 0.4261
vn -0.4261 -0.7981 0.4261
vn 0.4261 -0.7981 -0.4261
vn 0.8780 -0.2996 -0.3734
vn -0.4261 -0.7981 -0.4261
vn 0.8780 -0.2996 0.3734
vn -0.3734 -0.2996 -0.8780
vn -0.8780 -0.2996 0.3734
vn 0.3734 -0.2996 0.8780
vn 0.3734 -0.2996 -0.8780
vn -0.8780 -0.2996 -0.3734
vn -0.3734 -0.2996 0.8780
vn -0.3844 0.0703 -0.9205
vn 0.3844 0.0703 -0.9205
vn -0.3827 -0.0000 -0.9239
vn -0.9239 -0.0000 -0.3827
vn 0.3827 -0.0000 -0.9239
vn -0.9203 0.0720 -0.3845
vn 0.9239 -0.0000 -0.3827
vn 0.9203 0.0720 -0.3845
vn -0.8780 -0.2995 -0.3733
vn 0.3734 -0.2995 -0.8780
vn -0.3733 -0.2995 -0.8780
vn 0.9203 0.0720 0.3845
vn 0.9239 -0.0000 0.3827
vn 0.6226 0.4706 0.6253
vn 0.3844 0.0703 0.9205
vn 0.3827 -0.0000 0.9239
vn 0.8780 -0.2996 -0.3733
vn 0.8780 -0.2995 0.3734
vn -0.9203 0.0720 0.3845
vn -0.9239 -0.0000 0.3827
vn -0.3827 -0.0000 0.9239
vn -0.3845 0.0703 0.9205
vn -0.3734 -0.2995 0.8780
vn -0.8780 -0.2995 0.3734
vn -0.3844 0.0703 0.9205
vn 0.3733 -0.2996 0.8780
vn -0.3733 -0.2996 0.8780
vn 0.2417 0.9385 0.2465
vn -0.6226 0.4706 -0.6253
vn 0.4260 -0.7981 0.4261
vn -0.4260 -0.7981 0.4261
vn -0.4260 -0.7981 -0.4261
vn -0.3733 -0.2996 -0.8780
vn 0.3845 0.0703 -0.9205
vn -0.9203 0.0720 -0.3846
vn 0.6226 0.4705 -0.6252
vn -0.9239 -0.0000 -0.3828
vn 0.9203 0.0720 -0.3844
vn 0.4261 -0.7980 0.4261
vn -0.6225 0.4705 -0.6253
vn -0.4261 -0.7980 0.4261
vn -0.3826 -0.0000 0.9239
vn -0.3733 -0.2995 0.8780
vn -0.9238 -0.0000 -0.3828
vn 0.3826 -0.0000 0.9239
vn -0.2337 -0.3455 -0.9088
vn -0.1941 -0.3493 -0.9167
vn 0.2240 0.3297 -0.9171
vn -0.4506 -0.8146 -0.3653
vn 0.1889 0.3369 -0.9224
vn -0.5251 -0.7768 -0.3477
vn 0.5237 0.7689 -0.3667
vn -0.1331 -0.3575 -0.9244
vn -0.3220 -0.8654 -0.3839
vn 0.4515 0.8078 -0.3791
vn -0.1950 -0.9015 -0.3864
vn 0.1273 0.3563 -0.9257
vn -0.0800 -0.3705 -0.9254
vn 0.3099 0.8684 -0.3871
vn -0.0832 -0.9197 -0.3837
vn 0.0752 0.3738 -0.9244
vn -0.0344 -0.3802 -0.9243
vn 0.1821 0.9052 -0.3841
vn 0.0023 -0.9235 -0.3835
vn 0.0352 0.3804 -0.9242
vn 0.0009 -0.3819 -0.9242
vn 0.0851 0.9196 -0.3834
vn 0.0346 -0.3801 -0.9243
vn -0.0010 0.3819 -0.9242
vn 0.0838 -0.9196 -0.3837
vn -0.0355 0.3803 -0.9242
vn -0.0023 0.9236 -0.3834
vn 0.0821 -0.3703 -0.9253
vn -0.0770 0.3734 -0.9245
vn -0.0858 0.9196 -0.3834
vn 0.1998 -0.9005 -0.3862
vn -0.1268 0.3571 -0.9254
vn -0.1862 0.9043 -0.3841
vn 0.1328 -0.3579 -0.9243
vn -0.3084 0.8692 -0.3865
vn 0.3211 -0.8658 -0.3837
vn -0.1814 0.3401 -0.9227
vn -0.4345 0.8167 -0.3799
vn 0.1858 -0.3514 -0.9176
vn -0.5041 0.7811 -0.3686
vn 0.4334 -0.8229 -0.3676
vn -0.2148 0.3336 -0.9179
vn 0.2232 -0.3483 -0.9104
vn 0.5050 -0.7884 -0.3514
vn -0.0341 -0.3803 -0.9242
vn 0.0009 -0.3820 -0.9242
vn -0.0344 -0.3803 -0.9242
vn -0.0802 -0.3705 -0.9254
vn -0.0796 -0.3707 -0.9253
vn -0.0832 -0.9198 -0.3836
vn 0.0347 -0.3802 -0.9242
vn 0.0023 -0.9236 -0.3834
vn -0.1951 -0.9015 -0.3863
vn -0.1323 -0.3578 -0.9244
vn -0.0827 -0.9198 -0.3836
vn -0.1939 -0.9018 -0.3863
vn -0.3200 -0.8661 -0.3839
vn -0.4504 -0.8147 -0.3653
vn 0.0344 -0.3802 -0.9243
vn -0.1930 -0.3498 -0.9167
vn 0.0833 -0.9197 -0.3836
vn -0.1939 -0.3495 -0.9167
vn 0.0823 -0.3703 -0.9253
vn 0.0817 -0.3704 -0.9253
vn -0.2334 -0.3456 -0.9089
vn 0.1988 -0.9008 -0.3861
vn 0.2000 -0.9005 -0.3861
vn -0.2327 -0.3459 -0.9089
vn 0.1320 -0.3582 -0.9243
vn 0.0839 -0.9197 -0.3836
vn -0.5249 -0.7769 -0.3478
vn 0.1856 -0.3515 -0.9176
vn 0.1848 -0.3517 -0.9177
vn 0.4331 -0.8230 -0.3676
vn 0.3192 -0.8666 -0.3836
vn 0.5048 -0.7885 -0.3514
vn 0.4311 -0.8240 -0.3677
vn 0.2229 -0.3483 -0.9105
vn 0.2222 -0.3486 -0.9105
vn 0.5030 -0.7895 -0.3516
vn -0.0832 -0.9197 -0.3836
vn -0.0832 -0.9198 -0.3835
vn -0.1951 -0.9015 -0.3862
vn 0.0023 -0.9236 -0.3833
vn -0.1950 -0.9015 -0.3863
vn 0.0838 -0.9197 -0.3836
vn 0.1998 -0.9006 -0.3861
vn -0.4506 -0.8146 -0.3652
vn 0.2000 -0.9006 -0.3860
vn -0.4504 -0.8147 -0.3652
vn 0.3211 -0.8659 -0.3836
vn -0.5249 -0.7769 -0.3477
vn 0.4334 -0.8229 -0.3675
vn 0.4332 -0.8230 -0.3675
vn 0.5049 -0.7885 -0.3513
vn 0.5050 -0.7884 -0.3513
vn 0.1845 -0.3518 -0.9177
vn 0.0818 -0.3704 -0.9252
vn 0.4308 -0.8241 -0.3678
vn 0.2219 -0.3487 -0.9106
vn 0.3191 -0.8666 -0.3836
vn 0.0345 -0.3802 -0.9242
vn 0.5028 -0.7897 -0.3516
vn 0.1989 -0.9008 -0.3860
vn 0.0834 -0.9197 -0.3836
vn -0.0000 -0.3827 -0.9239
vn -0.0342 -0.3803 -0.9242
vn -0.0798 -0.3706 -0.9253
vn -0.0000 -0.9239 -0.3827
vn -0.1941 -0.9017 -0.3863
vn -0.4480 -0.8159 -0.3655
vn -0.1927 -0.3498 -0.9168
vn -0.5228 -0.7781 -0.3481
vn -0.2323 -0.3460 -0.9090
vn 0.4311 -0.8240 -0.3676
vn 0.4308 -0.8241 -0.3677
vn 0.1988 -0.9008 -0.3860
vn 0.5029 -0.7896 -0.3516
vn 0.5030 -0.7895 -0.3515
vn 0.0022 -0.9236 -0.3833
vn -0.0827 -0.9198 -0.3835
vn -0.1941 -0.9018 -0.3862
vn -0.1939 -0.9018 -0.3862
vn -0.3200 -0.8662 -0.3839
vn -0.3200 -0.8662 -0.3838
vn -0.4483 -0.8158 -0.3653
vn -0.5228 -0.7782 -0.3480
vn -0.5231 -0.7780 -0.3479
vn -0.4345 0.8167 -0.3798
vn -0.4691 0.8832 -0.0000
vn -0.3084 0.8692 -0.3864
vn -0.5429 0.8398 -0.0000
vn -0.3342 0.9425 -0.0000
vn -0.5042 0.7811 -0.3685
vn -0.1863 0.9043 -0.3841
vn -0.3084 0.8692 0.3864
vn -0.4345 0.8167 0.3798
vn -0.2016 0.9795 -0.0000
vn -0.5041 0.7811 0.3685
vn -0.1862 0.9043 0.3841
vn -0.1814 0.3401 0.9227
vn -0.0770 0.3735 0.9244
vn -0.0929 0.9957 -0.0000
vn -0.1268 0.3571 0.9254
vn -0.2149 0.3336 0.9179
vn -0.0858 0.9196 0.3834
vn -0.0355 0.3803 0.9242
vn -0.0025 1.0000 -0.0000
vn -0.0023 0.9236 0.3834
vn -0.0010 0.3820 0.9242
vn 0.0851 0.9197 -0.3833
vn 0.0851 0.9197 0.3833
vn 0.0921 0.9957 -0.0000
vn 0.0352 0.3804 0.9242
vn 0.1821 0.9052 -0.3840
vn 0.1821 0.9052 0.3841
vn 0.1971 0.9804 -0.0000
vn 0.0752 0.3739 0.9244
vn 0.3100 0.8684 -0.3870
vn 0.3099 0.8684 0.3870
vn 0.3359 0.9419 -0.0000
vn 0.1273 0.3563 0.9257
vn 0.4515 0.8078 -0.3790
vn 0.4515 0.8078 0.3790
vn 0.4871 0.8733 -0.0000
vn 0.1888 0.3370 0.9224
vn 0.5237 0.7689 -0.3666
vn 0.5237 0.7690 0.3667
vn 0.5636 0.8260 -0.0000
vn 0.2240 0.3297 0.9171
vn -0.4483 -0.8158 -0.3654
vn -0.5231 -0.7780 -0.3480
vn 0.1888 0.3369 0.9224
vn -0.1942 -0.3494 0.9167
vn 0.2240 0.3297 0.9172
vn -0.1331 -0.3575 0.9244
vn -0.2337 -0.3455 0.9088
vn 0.1273 0.3562 0.9257
vn -0.4507 -0.8146 0.3652
vn -0.0800 -0.3705 0.9254
vn -0.3221 -0.8654 0.3839
vn -0.5251 -0.7767 0.3477
vn 0.0752 0.3738 0.9245
vn -0.1950 -0.9015 0.3863
vn -0.0344 -0.3802 0.9243
vn -0.0832 -0.9197 0.3836
vn 0.0023 -0.9236 0.3834
vn 0.0009 -0.3820 0.9242
vn -0.0010 0.3819 0.9242
vn 0.0346 -0.3802 0.9243
vn 0.0838 -0.9197 0.3836
vn -0.0770 0.3734 0.9245
vn 0.0821 -0.3703 0.9253
vn 0.1998 -0.9006 0.3861
vn -0.1268 0.3570 0.9254
vn 0.1328 -0.3579 0.9243
vn 0.3211 -0.8659 0.3836
vn 0.1858 -0.3514 0.9176
vn 0.4334 -0.8229 0.3675
vn -0.2148 0.3336 0.9179
vn 0.2232 -0.3483 0.9104
vn 0.5050 -0.7884 0.3513
vn -0.0344 -0.3803 0.9242
vn 0.0347 -0.3802 0.9242
vn -0.0342 -0.3803 0.9242
vn 0.0839 -0.9197 0.3836
vn -0.0802 -0.3705 0.9254
vn 0.0344 -0.3802 0.9243
vn -0.0832 -0.9198 0.3836
vn -0.0796 -0.3706 0.9254
vn 0.0822 -0.3703 0.9253
vn 0.2000 -0.9005 0.3861
vn 0.0817 -0.3704 0.9253
vn -0.1951 -0.9015 0.3863
vn 0.3211 -0.8658 0.3837
vn 0.0833 -0.9197 0.3836
vn -0.3220 -0.8654 0.3839
vn 0.0022 -0.9236 0.3834
vn -0.4504 -0.8147 0.3653
vn 0.1320 -0.3582 0.9243
vn 0.1988 -0.9008 0.3861
vn -0.1939 -0.3495 0.9167
vn 0.1856 -0.3515 0.9176
vn -0.5249 -0.7769 0.3478
vn 0.4331 -0.8230 0.3676
vn 0.1848 -0.3518 0.9177
vn -0.0827 -0.9198 0.3836
vn -0.2334 -0.3456 0.9089
vn 0.3191 -0.8666 0.3837
vn -0.1931 -0.3498 0.9167
vn 0.4311 -0.8240 0.3677
vn 0.2229 -0.3483 0.9105
vn -0.1939 -0.9018 0.3863
vn -0.2327 -0.3460 0.9089
vn 0.5048 -0.7885 0.3514
vn -0.1323 -0.3578 0.9244
vn -0.4483 -0.8158 0.3654
vn -0.3200 -0.8661 0.3839
vn -0.5231 -0.7780 0.3480
vn 0.2222 -0.3486 0.9106
vn 0.5030 -0.7896 0.3516
vn -0.0831 -0.9198 0.3836
vn -0.0832 -0.9198 0.3835
vn -0.1951 -0.9015 0.3862
vn 0.0023 -0.9236 0.3833
vn -0.3220 -0.8654 0.3838
vn 0.1998 -0.9006 0.3860
vn 0.2000 -0.9005 0.3860
vn -0.4504 -0.8147 0.3652
vn -0.5250 -0.7768 0.3477
vn -0.5252 -0.7767 0.3477
vn 0.4334 -0.8229 0.3674
vn 0.4332 -0.8230 0.3675
vn 0.5048 -0.7885 0.3513
vn 0.5050 -0.7884 0.3512
vn 0.1845 -0.3518 0.9177
vn 0.0818 -0.3705 0.9252
vn 0.4309 -0.8241 0.3678
vn 0.2219 -0.3486 0.9106
vn 0.0345 -0.3802 0.9242
vn 0.3192 -0.8666 0.3836
vn 0.1990 -0.9008 0.3860
vn -0.0000 -0.3827 0.9239
vn 0.0834 -0.9197 0.3836
vn -0.0000 -0.9239 0.3827
vn -0.0798 -0.3706 0.9253
vn -0.1941 -0.9017 0.3863
vn -0.4480 -0.8159 0.3655
vn -0.1928 -0.3498 0.9168
vn -0.2324 -0.3460 0.9090
vn -0.5229 -0.7781 0.3480
vn 0.4311 -0.8240 0.3676
vn 0.1989 -0.9008 0.3860
vn 0.4309 -0.8241 0.3677
vn 0.1988 -0.9008 0.3860
vn 0.5028 -0.7897 0.3516
vn 0.5030 -0.7896 0.3515
vn -0.0827 -0.9198 0.3835
vn -0.1941 -0.9017 0.3862
vn -0.1939 -0.9018 0.3862
vn -0.3200 -0.8662 0.3839
vn -0.3200 -0.8662 0.3838
vn -0.4483 -0.8158 0.3653
vn -0.4480 -0.8159 0.3654
vn -0.5230 -0.7781 0.3480
vn -0.5231 -0.7781 0.3479
vn 0.5028 -0.7897 0.3517
vn 0.2456 0.1318 -0.9604
vn 0.2456 -0.1318 -0.9604
vn -0.4843 0.1318 -0.8649
vn -0.4736 0.4675 -0.7465
vn -0.4843 -0.1318 -0.8649
vn 0.2657 0.4675 -0.8431
vn -0.9119 -0.0822 -0.4021
vn 0.2657 -0.4675 -0.8431
vn -0.4296 0.8017 -0.4156
vn 0.7779 0.0822 -0.6230
vn -0.9119 0.0822 -0.4021
vn 0.3083 0.8017 -0.5121
vn 0.7778 -0.0822 -0.6231
vn 0.8122 0.4481 -0.3736
vn -0.9052 0.2645 -0.3328
vn 0.7778 -0.0822 -0.6230
vn -0.9051 0.2644 -0.3329
vn 0.7891 0.2644 -0.5544
vn -0.8809 0.4481 -0.1521
vn 0.7891 -0.2644 -0.5544
vn 0.7778 0.0823 -0.6231
vn -0.4736 -0.4675 -0.7464
vn 0.3083 -0.8017 -0.5121
vn -0.9052 -0.2644 -0.3328
vn -0.4296 -0.8017 -0.4156
vn 0.8122 -0.4481 -0.3736
vn -0.8809 -0.4481 -0.1521
vn -0.9052 -0.2645 -0.3328
vn 0.3799 0.9213 0.0835
vn 0.3456 0.9213 -0.1784
vn -0.3456 0.9213 0.1784
vn -0.3083 0.8017 0.5120
vn -0.3799 0.9213 -0.0835
vn 0.4296 0.8017 0.4155
vn -0.8539 0.5197 0.0282
vn 0.3083 0.8018 -0.5120
vn -0.2657 0.4675 0.8431
vn 0.8539 0.5197 -0.0282
vn -0.8324 0.5197 0.1924
vn 0.4736 0.4675 0.7464
vn 0.8324 0.5197 -0.1924
vn 0.9051 0.2645 0.3328
vn -0.8122 0.4481 0.3736
vn 0.8324 0.5196 -0.1924
vn 0.8810 0.4481 0.1521
vn -0.7891 0.2645 0.5544
vn 0.8122 0.4481 -0.3735
vn 0.8539 0.5197 -0.0281
vn -0.4296 0.8018 -0.4155
vn -0.8539 0.5197 0.0281
vn 0.4843 -0.1318 0.8649
vn 0.4843 0.1318 0.8649
vn -0.2455 -0.1318 0.9604
vn -0.2657 -0.4675 0.8431
vn -0.2456 0.1318 0.9604
vn 0.4736 -0.4675 0.7465
vn -0.7778 0.0822 0.6231
vn 0.4736 0.4674 0.7465
vn -0.3083 -0.8017 0.5121
vn 0.9119 -0.0822 0.4021
vn -0.7778 -0.0822 0.6231
vn 0.4296 -0.8017 0.4156
vn 0.9119 0.0822 0.4021
vn 0.8809 -0.4481 0.1522
vn -0.7891 -0.2645 0.5544
vn -0.7891 -0.2644 0.5544
vn 0.9051 -0.2645 0.3328
vn -0.8122 -0.4481 0.3736
vn 0.9051 0.2644 0.3329
vn 0.9051 -0.2644 0.3328
vn -0.2657 0.4674 0.8432
vn -0.7891 0.2644 0.5544
vn 0.3456 -0.9213 -0.1784
vn 0.3798 -0.9213 0.0835
vn -0.3798 -0.9213 -0.0835
vn -0.4296 -0.8018 -0.4155
vn -0.3456 -0.9213 0.1784
vn 0.3083 -0.8018 -0.5120
vn -0.8539 -0.5196 0.0281
vn -0.8810 -0.4481 -0.1521
vn 0.4296 -0.8018 0.4155
vn 0.8324 -0.5196 -0.1924
vn -0.8324 -0.5197 0.1924
vn 0.8122 -0.4481 -0.3735
vn 0.8324 -0.5197 -0.1924
vn -0.8539 -0.5197 0.0281
vn -0.3083 -0.8018 0.5120
vn 0.8539 -0.5197 -0.0281
vn -0.8122 -0.4481 0.3735
vn 0.8809 -0.4481 0.1521
vn -0.7778 -0.0822 0.6230
vn -0.7778 0.0822 0.6230
vn -0.8324 -0.5196 0.1924
vn -0.8539 0.5196 0.0281
vn -0.8122 0.4481 0.3735
vn -0.8324 0.5196 0.1924
vn -0.9051 0.2644 -0.3328
vn -0.9119 0.0822 -0.4020
vn -0.8810 0.4481 -0.1521
vn -0.8539 -0.5196 0.0282
vn 0.7779 -0.0822 -0.6230
vn 0.7892 -0.2644 -0.5544
vn 0.8810 -0.4481 0.1521
vn 0.8539 -0.5196 -0.0282
vn 0.8539 0.5196 -0.0281
vn 0.9052 0.2644 0.3328
vn 0.0540 0.9100 0.4111
vn -0.0538 0.9098 -0.4115
vn 0.2699 0.9443 0.1883
vn 0.7258 0.4327 0.5347
vn 0.1217 0.3502 0.9287
vn -0.4131 0.8593 -0.3015
vn -0.3217 0.8594 0.3974
vn 0.2126 0.9444 -0.2507
vn -0.5005 0.2632 -0.8248
vn -0.1212 0.3500 -0.9289
vn -0.9353 0.2333 -0.2659
vn 0.1297 -0.0000 0.9916
vn 0.7258 0.4328 0.5347
vn 0.9916 0.0003 -0.1292
vn 0.9916 0.0002 -0.1292
vn 0.5643 0.4335 -0.7026
vn 0.7258 0.4327 0.5348
vn 0.2125 0.9444 -0.2508
vn 0.0540 0.9101 0.4109
vn -0.2716 0.2633 0.9257
vn -0.0535 0.9103 -0.4105
vn -0.8355 0.2333 0.4975
vn 0.1217 0.3505 0.9286
vn 0.5644 0.4334 -0.7026
vn -0.1208 0.3512 -0.9285
vn 0.0496 -0.9239 0.3795
vn -0.3163 -0.8548 0.4115
vn -0.0000 -1.0000 -0.0000
vn 0.1198 -0.3827 0.9161
vn -0.4115 -0.8547 -0.3164
vn -0.2531 -0.3670 0.8951
vn -0.0496 -0.9239 -0.3794
vn -0.1295 0.0009 -0.9916
vn -0.1293 0.0004 -0.9916
vn -0.1209 0.3511 -0.9285
vn -0.1198 -0.3827 -0.9161
vn -0.4747 -0.3670 -0.8000
vn -0.1212 0.3499 -0.9289
vn -0.0497 -0.9239 -0.3795
vn -0.5005 0.2631 -0.8248
vn -0.4115 -0.8547 -0.3163
vn -0.8951 -0.3670 -0.2531
vn -0.8951 -0.3670 -0.2530
vn -0.8000 -0.3670 0.4747
vn -0.4115 -0.8548 -0.3163
vn -0.8355 0.2332 0.4975
vn -0.3164 -0.8547 0.4115
vn -0.4131 0.8594 -0.3014
vn -0.2717 0.2633 0.9257
vn 0.9870 -0.1580 0.0303
vn 0.9955 -0.0000 0.0952
vn 0.9103 -0.3449 0.2289
vn 0.9916 -0.0000 -0.1296
vn 0.9288 -0.0000 0.3705
vn 0.6572 -0.5719 0.4909
vn 0.9870 0.1580 0.0303
vn 0.6880 -0.0000 0.7257
vn 0.0917 -0.7071 0.7011
vn 0.9103 0.3450 0.2289
vn 0.9665 0.2235 -0.1264
vn -0.5089 -0.5719 0.6434
vn 0.6573 0.5719 0.4908
vn 0.9916 -0.0000 -0.1297
vn -0.4782 -0.0000 0.8783
vn 0.8656 0.4879 -0.1132
vn -0.8341 -0.3300 0.4420
vn 0.0917 0.7071 0.7011
vn 0.9460 0.1580 -0.2831
vn -0.8164 -0.0000 0.5775
vn 0.5831 0.8088 -0.0763
vn 0.8208 0.3450 -0.4552
vn -0.9209 -0.2076 0.3299
vn 0.9375 -0.0000 -0.3480
vn -0.5089 0.5719 0.6434
vn 0.5089 0.5719 -0.6434
vn 0.8023 -0.0000 -0.5969
vn -0.8341 0.3300 0.4419
vn -0.0917 0.7071 -0.7011
vn 0.9460 -0.1580 -0.2831
vn -0.9098 -0.0000 0.4151
vn -0.5831 0.8088 0.0763
vn 0.8208 -0.3450 -0.4552
vn 0.4782 -0.0000 -0.8783
vn -0.8769 0.4667 0.1147
vn -0.9209 0.2076 0.3298
vn 0.9665 -0.2235 -0.1264
vn -0.1297 -0.0000 -0.9916
vn -0.6572 0.5719 -0.4908
vn -0.9478 0.2937 0.1240
vn 0.8656 -0.4879 -0.1132
vn 0.5089 -0.5719 -0.6434
vn -0.6880 -0.0000 -0.7258
vn -0.9197 0.3300 -0.2126
vn -0.9748 0.2076 -0.0819
vn 0.9870 -0.1581 0.0302
vn 0.5831 -0.8088 -0.0763
vn -0.0917 -0.7071 -0.7011
vn -0.9375 -0.0000 -0.3481
vn 0.9103 -0.3450 0.2289
vn -0.6572 -0.5719 -0.4908
vn 0.6572 -0.5720 0.4908
vn -0.9859 -0.0000 -0.1672
vn -0.9197 -0.3300 -0.2126
vn -0.5831 -0.8088 0.0763
vn -0.9748 -0.2076 -0.0819
vn -0.5089 -0.5720 0.6433
vn -0.8769 -0.4667 0.1147
vn -0.9478 -0.2936 0.1240
vn -0.8341 -0.3300 0.4419
vn -0.9209 -0.2077 0.3298
vn 0.0952 -0.7071 0.7007
vn 0.1332 -0.0000 0.9911
vn 0.0952 0.7071 0.7007
vn 0.0035 1.0000 -0.0005
vn 0.0035 1.0000 -0.0004
vn -0.0882 0.7071 -0.7016
vn -0.1262 -0.0000 -0.9920
vn -0.0882 -0.7071 -0.7016
vn 0.0035 -1.0000 -0.0005
vn 0.0952 -0.7071 0.7006
vn 0.8655 0.4879 -0.1132
vn 0.8208 0.3450 -0.4553
vn 0.8023 -0.0000 -0.5970
vn 0.8208 -0.3450 -0.4553
vn -0.1297 -0.0000 -0.9915
vn -0.6573 0.5719 -0.4908
vn 0.8655 -0.4879 -0.1132
vn -0.6880 -0.0000 -0.7257
vn -0.9197 0.3300 -0.2125
vn -0.9748 0.2077 -0.0819
vn 0.5830 -0.8089 -0.0763
vn 0.9103 -0.3450 0.2288
vn -0.6572 -0.5719 -0.4909
vn -0.9197 -0.3300 -0.2125
vn -0.5089 -0.5719 0.6433
vn -0.9478 -0.2937 0.1240
vn 0.6961 0.1318 -0.7057
vn 0.6961 -0.1318 -0.7058
vn 0.0176 0.1318 -0.9911
vn -0.0329 0.4675 -0.8834
vn 0.0176 -0.1318 -0.9911
vn 0.6544 0.4675 -0.5943
vn -0.5850 -0.0822 -0.8069
vn 0.6544 -0.4675 -0.5943
vn -0.1616 0.8017 -0.5754
vn 0.9858 0.0822 -0.1462
vn -0.5850 0.0822 -0.8068
vn 0.5243 0.8017 -0.2869
vn 0.9858 -0.0822 -0.1461
vn 0.8898 0.4481 0.0867
vn -0.6141 0.2645 -0.7436
vn -0.6141 0.2644 -0.7436
vn 0.9610 0.2645 -0.0811
vn -0.6842 0.4481 -0.5754
vn 0.9610 -0.2644 -0.0812
vn 0.9858 0.0822 -0.1461
vn 0.9610 0.2644 -0.0812
vn -0.0329 -0.4674 -0.8834
vn -0.5850 -0.0823 -0.8069
vn 0.5243 -0.8017 -0.2869
vn -0.6141 -0.2644 -0.7436
vn 0.9610 -0.2645 -0.0811
vn -0.1616 -0.8017 -0.5754
vn 0.8898 -0.4481 0.0867
vn -0.6842 -0.4481 -0.5754
vn 0.2860 0.9213 0.2636
vn 0.3884 0.9213 0.0201
vn -0.3884 0.9213 -0.0201
vn -0.5243 0.8017 0.2869
vn -0.2860 0.9213 -0.2636
vn 0.1616 0.8017 0.5754
vn -0.7517 0.5197 -0.4060
vn 0.5243 0.8018 -0.2869
vn -0.6544 0.4675 0.5943
vn 0.7517 0.5197 0.4060
vn -0.8159 0.5197 -0.2533
vn 0.0329 0.4675 0.8834
vn 0.8160 0.5197 0.2533
vn -0.8160 0.5197 -0.2533
vn 0.6141 0.2645 0.7436
vn -0.8898 0.4481 -0.0867
vn 0.6842 0.4481 0.5754
vn -0.9610 0.2645 0.0811
vn 0.7517 0.5197 0.4061
vn -0.1616 0.8018 -0.5754
vn -0.7517 0.5197 -0.4061
vn -0.0176 -0.1318 0.9911
vn -0.0176 0.1318 0.9911
vn -0.6961 -0.1318 0.7058
vn -0.6544 -0.4674 0.5943
vn -0.6961 0.1318 0.7057
vn 0.0329 -0.4675 0.8834
vn -0.9858 0.0822 0.1461
vn 0.0328 0.4674 0.8834
vn -0.5243 -0.8017 0.2869
vn 0.5850 -0.0822 0.8069
vn -0.9858 -0.0822 0.1461
vn 0.1616 -0.8017 0.5755
vn 0.5850 0.0822 0.8069
vn 0.6842 -0.4481 0.5754
vn -0.9610 -0.2644 0.0811
vn -0.9610 -0.2644 0.0812
vn 0.6140 -0.2645 0.7436
vn -0.8898 -0.4481 -0.0867
vn 0.6140 0.2644 0.7437
vn 0.6140 -0.2644 0.7437
vn -0.6544 0.4674 0.5943
vn -0.9610 0.2644 0.0812
vn 0.3884 -0.9213 0.0201
vn 0.2860 -0.9213 0.2636
vn -0.2860 -0.9213 -0.2636
vn -0.1616 -0.8018 -0.5754
vn -0.3884 -0.9213 -0.0201
vn 0.5243 -0.8018 -0.2869
vn -0.7517 -0.5197 -0.4061
vn 0.1616 -0.8018 0.5754
vn 0.8160 -0.5197 0.2533
vn -0.8159 -0.5197 -0.2533
vn 0.8159 -0.5197 0.2533
vn -0.7517 -0.5197 -0.4060
vn -0.5243 -0.8018 0.2869
vn 0.7517 -0.5197 0.4060
vn -0.8160 -0.5197 -0.2533
vn 0.6842 -0.4481 0.5753
vn -0.9610 0.2644 0.0811
vn -0.8160 -0.5196 -0.2533
vn -0.6141 -0.2645 -0.7436
vn -0.7517 0.5196 -0.4061
vn -0.6843 -0.4481 -0.5754
vn -0.7517 -0.5196 -0.4060
vn -0.8898 0.4480 -0.0867
vn -0.8160 0.5196 -0.2534
vn -0.6843 0.4481 -0.5754
vn -0.5851 0.0822 -0.8068
vn 0.9610 0.2644 -0.0811
vn 0.9610 -0.2644 -0.0811
vn 0.8160 -0.5196 0.2533
vn 0.6141 -0.2645 0.7436
vn 0.6843 -0.4481 0.5754
vn 0.7517 -0.5196 0.4060
vn 0.7517 0.5196 0.4061
vn 0.6141 0.2644 0.7436
vn 0.8160 0.5196 0.2534
vn 0.5850 0.0822 0.8068
vn -0.1605 0.9100 0.3824
vn 0.1609 0.9098 -0.3825
vn 0.1382 0.9443 0.2987
vn 0.3574 0.4328 0.8276
vn -0.3629 0.3502 0.8635
vn -0.2048 0.8593 -0.4686
vn -0.4781 0.8594 0.1811
vn 0.3100 0.9444 -0.1094
vn -0.0166 0.2631 -0.9646
vn 0.3635 0.3499 -0.8634
vn -0.6738 0.2333 -0.7011
vn -0.3877 -0.0000 0.9218
vn 0.9217 0.0008 0.3880
vn 0.9216 0.0002 0.3882
vn 0.8415 0.4335 -0.3225
vn 0.3573 0.4328 0.8277
vn 0.3099 0.9444 -0.1095
vn -0.1604 0.9101 0.3821
vn 0.3100 0.9444 -0.1095
vn -0.7011 0.2633 0.6626
vn 0.1607 0.9103 -0.3816
vn -0.9724 0.2332 0.0086
vn -0.3629 0.3505 0.8634
vn 0.8415 0.4334 -0.3224
vn 0.3636 0.3512 -0.8628
vn -0.1484 -0.9239 0.3528
vn -0.4806 -0.8548 0.1960
vn -0.3582 -0.3827 0.8516
vn -0.1960 -0.8548 -0.4806
vn -0.6697 -0.3670 0.6456
vn 0.1483 -0.9239 -0.3527
vn 0.3879 0.0009 -0.9217
vn 0.3880 0.0004 -0.9217
vn 0.3635 0.3512 -0.8629
vn 0.8415 0.4335 -0.3224
vn 0.3582 -0.3827 -0.8516
vn -0.0068 -0.3670 -0.9302
vn 0.3634 0.3499 -0.8634
vn 0.1484 -0.9239 -0.3528
vn -0.6455 -0.3670 -0.6698
vn -0.6456 -0.3670 -0.6697
vn -0.9302 -0.3670 0.0069
vn -0.6739 0.2334 -0.7010
vn -0.1959 -0.8548 -0.4806
vn -0.4806 -0.8547 0.1960
vn -0.7012 0.2633 0.6626
vn 0.8372 -0.1580 0.5236
vn 0.8118 -0.0000 0.5839
vn 0.6709 -0.3450 0.6565
vn 0.9218 -0.0000 0.3878
vn 0.6155 -0.0000 0.7881
vn 0.3203 -0.5719 0.7552
vn 0.8372 0.1580 0.5236
vn 0.2285 -0.0000 0.9736
vn 0.9218 -0.0000 0.3877
vn -0.2741 -0.7071 0.6518
vn 0.6709 0.3450 0.6564
vn 0.8985 0.2235 0.3779
vn -0.7638 -0.5719 0.2992
vn 0.3203 0.5719 0.7552
vn -0.8556 -0.0000 0.5176
vn 0.8046 0.4879 0.3384
vn -0.9432 -0.3300 -0.0386
vn -0.2742 0.7071 0.6518
vn 0.9597 0.1580 0.2322
vn -0.9962 -0.0000 0.0873
vn 0.5420 0.8089 0.2280
vn 0.9384 0.3450 0.0205
vn -0.9617 -0.2076 -0.1792
vn 0.9851 -0.0000 0.1719
vn -0.7638 0.5719 0.2992
vn 0.7638 0.5719 -0.2992
vn 0.9938 -0.0000 -0.1113
vn -0.9432 0.3300 -0.0387
vn 0.2742 0.7071 -0.6518
vn 0.9597 -0.1580 0.2322
vn -0.9950 -0.0000 -0.0999
vn -0.5421 0.8088 -0.2280
vn 0.9384 -0.3450 0.0205
vn 0.8556 -0.0000 -0.5176
vn -0.8152 0.4667 -0.3429
vn -0.9616 0.2076 -0.1792
vn 0.8985 -0.2235 0.3779
vn 0.3877 -0.0000 -0.9218
vn -0.3203 0.5719 -0.7552
vn -0.8811 0.2936 -0.3706
vn 0.8046 -0.4879 0.3384
vn 0.7638 -0.5719 -0.2992
vn -0.2285 -0.0000 -0.9736
vn -0.6873 0.3300 -0.6471
vn -0.8006 0.2076 -0.5620
vn 0.8372 -0.1580 0.5235
vn 0.5420 -0.8088 0.2280
vn 0.2742 -0.7071 -0.6518
vn -0.6343 -0.0000 -0.7731
vn 0.6709 -0.3450 0.6564
vn -0.3203 -0.5719 -0.7552
vn 0.3203 -0.5720 0.7552
vn -0.7673 -0.0000 -0.6413
vn -0.6873 -0.3300 -0.6471
vn -0.2742 -0.7071 0.6518
vn -0.5421 -0.8088 -0.2280
vn -0.8006 -0.2076 -0.5620
vn -0.8152 -0.4667 -0.3429
vn -0.8811 -0.2936 -0.3706
vn -0.9432 -0.3301 -0.0387
vn -0.9616 -0.2077 -0.1792
vn -0.2709 -0.7071 0.6532
vn -0.3845 -0.0000 0.9231
vn -0.2709 0.7071 0.6532
vn -0.2709 0.7071 0.6531
vn 0.0032 1.0000 0.0014
vn 0.2774 0.7071 -0.6504
vn 0.3910 -0.0000 -0.9204
vn 0.3909 -0.0000 -0.9204
vn 0.2774 -0.7071 -0.6504
vn 0.0033 -1.0000 0.0014
vn -0.2709 -0.7071 0.6531
vn 0.6709 -0.3449 0.6565
vn 0.6155 -0.0000 0.7882
vn -0.9432 -0.3300 -0.0387
vn 0.5420 0.8088 0.2280
vn -0.9950 -0.0000 -0.1000
vn -0.5420 0.8088 -0.2280
vn 0.8372 -0.1581 0.5235
vn 0.5421 -0.8088 0.2280
vn 0.2741 -0.7071 -0.6518
vn -0.5420 -0.8088 -0.2280
vn 0.0033 1.0000 0.0014
vn 0.0032 -1.0000 0.0014
vn -0.2293 -0.3467 -0.9095
vn -0.1903 -0.3502 -0.9171
vn 0.2197 0.3306 -0.9178
vn -0.4428 -0.8184 -0.3664
vn 0.1851 0.3376 -0.9229
vn -0.5167 -0.7817 -0.3493
vn 0.5153 0.7738 -0.3683
vn -0.1303 -0.3579 -0.9246
vn -0.3157 -0.8675 -0.3845
vn 0.4437 0.8115 -0.3803
vn -0.1909 -0.9023 -0.3865
vn 0.1246 0.3566 -0.9259
vn -0.0783 -0.3706 -0.9255
vn 0.3038 0.8703 -0.3876
vn -0.0813 -0.9199 -0.3836
vn 0.0736 0.3740 -0.9245
vn -0.0336 -0.3802 -0.9243
vn 0.1782 0.9059 -0.3843
vn 0.0344 0.3804 -0.9242
vn 0.0833 0.9198 -0.3835
vn 0.0339 -0.3802 -0.9243
vn -0.0009 0.3819 -0.9242
vn 0.0820 -0.9198 -0.3837
vn -0.0347 0.3803 -0.9242
vn 0.0803 -0.3705 -0.9254
vn -0.0753 0.3736 -0.9245
vn -0.0839 0.9197 -0.3834
vn 0.1957 -0.9014 -0.3863
vn -0.1241 0.3574 -0.9256
vn -0.1823 0.9050 -0.3843
vn 0.1300 -0.3583 -0.9245
vn -0.3023 0.8711 -0.3870
vn 0.3148 -0.8679 -0.3843
vn -0.1777 0.3408 -0.9232
vn -0.4268 0.8202 -0.3810
vn 0.1821 -0.3521 -0.9181
vn -0.4958 0.7856 -0.3700
vn 0.4257 -0.8264 -0.3686
vn -0.2106 0.3345 -0.9186
vn 0.2189 -0.3493 -0.9111
vn 0.4967 -0.7930 -0.3528
vn -0.0334 -0.3803 -0.9243
vn -0.0336 -0.3803 -0.9242
vn -0.0785 -0.3707 -0.9254
vn 0.0009 -0.3821 -0.9241
vn -0.0779 -0.3708 -0.9254
vn -0.0814 -0.9199 -0.3836
vn 0.0339 -0.3803 -0.9242
vn 0.0022 -0.9236 -0.3834
vn -0.1910 -0.9023 -0.3865
vn -0.1295 -0.3582 -0.9246
vn -0.0808 -0.9199 -0.3837
vn -0.1898 -0.9025 -0.3865
vn -0.3137 -0.8682 -0.3845
vn -0.4425 -0.8184 -0.3665
vn 0.0337 -0.3802 -0.9243
vn -0.1892 -0.3505 -0.9172
vn 0.0815 -0.9199 -0.3837
vn -0.1900 -0.3503 -0.9172
vn 0.0805 -0.3705 -0.9253
vn 0.0799 -0.3706 -0.9253
vn -0.2290 -0.3468 -0.9096
vn 0.1946 -0.9016 -0.3863
vn 0.1958 -0.9014 -0.3863
vn -0.2282 -0.3470 -0.9097
vn 0.1292 -0.3586 -0.9245
vn 0.0820 -0.9198 -0.3836
vn -0.5165 -0.7818 -0.3494
vn 0.1819 -0.3522 -0.9181
vn 0.1811 -0.3525 -0.9181
vn 0.4254 -0.8265 -0.3687
vn 0.3129 -0.8686 -0.3842
vn 0.4965 -0.7931 -0.3529
vn 0.4234 -0.8275 -0.3688
vn 0.2186 -0.3493 -0.9112
vn 0.2179 -0.3496 -0.9112
vn 0.4947 -0.7941 -0.3531
vn -0.0814 -0.9199 -0.3835
vn -0.1910 -0.9023 -0.3864
vn -0.1908 -0.9023 -0.3865
vn -0.3157 -0.8675 -0.3844
vn 0.0820 -0.9199 -0.3836
vn 0.1956 -0.9014 -0.3863
vn -0.4428 -0.8184 -0.3663
vn -0.4425 -0.8185 -0.3664
vn 0.3148 -0.8679 -0.3842
vn -0.5165 -0.7818 -0.3493
vn -0.5167 -0.7817 -0.3492
vn 0.4255 -0.8265 -0.3686
vn 0.4966 -0.7930 -0.3528
vn 0.1808 -0.3525 -0.9182
vn 0.0801 -0.3706 -0.9253
vn 0.4232 -0.8276 -0.3688
vn 0.2176 -0.3496 -0.9113
vn 0.3128 -0.8686 -0.3843
vn 0.0337 -0.3803 -0.9243
vn 0.4945 -0.7942 -0.3532
vn 0.1948 -0.9016 -0.3863
vn 0.0815 -0.9199 -0.3836
vn 0.0009 -0.3820 -0.9241
vn -0.0334 -0.3803 -0.9242
vn -0.0781 -0.3708 -0.9254
vn -0.1900 -0.9025 -0.3865
vn -0.0809 -0.9199 -0.3836
vn -0.4402 -0.8196 -0.3666
vn -0.1890 -0.3507 -0.9172
vn -0.5144 -0.7830 -0.3497
vn -0.2280 -0.3471 -0.9097
vn 0.3128 -0.8686 -0.3842
vn 0.4234 -0.8275 -0.3687
vn 0.1948 -0.9016 -0.3862
vn 0.1946 -0.9016 -0.3862
vn 0.4946 -0.7942 -0.3531
vn 0.4947 -0.7941 -0.3530
vn -0.0809 -0.9200 -0.3836
vn -0.1900 -0.9025 -0.3864
vn -0.1898 -0.9026 -0.3865
vn -0.3137 -0.8682 -0.3844
vn -0.4405 -0.8195 -0.3666
vn -0.5145 -0.7830 -0.3496
vn -0.5147 -0.7829 -0.3495
vn -0.4268 0.8202 -0.3809
vn -0.4610 0.8874 -0.0000
vn -0.5343 0.8453 -0.0000
vn -0.3277 0.9448 -0.0000
vn -0.4959 0.7856 -0.3700
vn -0.1823 0.9051 -0.3842
vn -0.3023 0.8711 0.3870
vn -0.4268 0.8202 0.3810
vn -0.1974 0.9803 -0.0000
vn -0.4958 0.7856 0.3700
vn -0.1823 0.9050 0.3843
vn -0.0839 0.9198 -0.3834
vn -0.1778 0.3408 0.9232
vn -0.0753 0.3736 0.9245
vn -0.0908 0.9959 -0.0000
vn -0.1241 0.3574 0.9256
vn -0.2107 0.3345 0.9185
vn -0.0839 0.9198 0.3834
vn -0.0347 0.3804 0.9242
vn 0.0832 0.9198 -0.3834
vn 0.0832 0.9198 0.3834
vn 0.0901 0.9959 -0.0000
vn 0.0344 0.3804 0.9242
vn 0.1782 0.9059 -0.3842
vn 0.1782 0.9059 0.3842
vn 0.1929 0.9812 -0.0000
vn 0.0736 0.3740 0.9245
vn 0.3038 0.8704 0.3876
vn 0.3293 0.9442 -0.0000
vn 0.1246 0.3567 0.9259
vn 0.4437 0.8115 -0.3802
vn 0.4436 0.8115 0.3803
vn 0.4790 0.8778 -0.0000
vn 0.1851 0.3377 0.9229
vn 0.5154 0.7738 -0.3683
vn 0.5154 0.7738 0.3683
vn 0.5550 0.8319 -0.0000
vn 0.2197 0.3307 0.9178
vn -0.5147 -0.7829 -0.3496
vn 0.1850 0.3376 0.9229
vn -0.1903 -0.3502 0.9172
vn 0.2197 0.3306 0.9178
vn -0.1303 -0.3579 0.9246
vn -0.2293 -0.3467 0.9095
vn 0.1246 0.3566 0.9259
vn -0.4428 -0.8183 0.3664
vn -0.0783 -0.3706 0.9255
vn -0.3157 -0.8675 0.3845
vn -0.5167 -0.7817 0.3493
vn 0.0736 0.3739 0.9245
vn -0.1909 -0.9023 0.3866
vn -0.0336 -0.3802 0.9243
vn -0.0813 -0.9199 0.3837
vn 0.0009 -0.3819 0.9242
vn 0.0339 -0.3802 0.9243
vn -0.0347 0.3803 0.9242
vn 0.0820 -0.9198 0.3837
vn -0.0753 0.3735 0.9246
vn 0.0803 -0.3704 0.9254
vn 0.1956 -0.9014 0.3863
vn -0.1241 0.3574 0.9257
vn 0.1300 -0.3582 0.9245
vn 0.3148 -0.8679 0.3843
vn -0.1777 0.3408 0.9232
vn 0.1821 -0.3521 0.9181
vn 0.4257 -0.8264 0.3686
vn -0.2106 0.3344 0.9186
vn 0.2189 -0.3493 0.9111
vn 0.4967 -0.7930 0.3529
vn -0.0336 -0.3803 0.9242
vn 0.0339 -0.3803 0.9243
vn -0.0334 -0.3803 0.9243
vn 0.0820 -0.9198 0.3836
vn -0.0785 -0.3707 0.9254
vn 0.0337 -0.3803 0.9243
vn -0.0814 -0.9199 0.3836
vn -0.0779 -0.3708 0.9254
vn 0.0805 -0.3705 0.9254
vn 0.1958 -0.9014 0.3863
vn 0.0799 -0.3706 0.9253
vn -0.1910 -0.9023 0.3865
vn 0.0815 -0.9199 0.3837
vn 0.1300 -0.3583 0.9245
vn -0.4426 -0.8184 0.3665
vn 0.1292 -0.3586 0.9245
vn 0.1946 -0.9016 0.3863
vn -0.1901 -0.3503 0.9172
vn 0.1819 -0.3522 0.9181
vn -0.5165 -0.7818 0.3494
vn 0.4254 -0.8265 0.3687
vn 0.1811 -0.3525 0.9181
vn -0.0809 -0.9199 0.3836
vn -0.2290 -0.3467 0.9096
vn 0.3128 -0.8686 0.3843
vn -0.1892 -0.3505 0.9172
vn 0.4234 -0.8275 0.3688
vn 0.2186 -0.3493 0.9112
vn -0.1899 -0.9025 0.3865
vn -0.2282 -0.3470 0.9097
vn 0.4965 -0.7931 0.3529
vn -0.1295 -0.3582 0.9246
vn -0.4405 -0.8195 0.3666
vn -0.3137 -0.8682 0.3845
vn -0.5147 -0.7829 0.3496
vn 0.2179 -0.3496 0.9112
vn 0.4947 -0.7941 0.3531
vn -0.0813 -0.9199 0.3836
vn -0.1910 -0.9023 0.3864
vn 0.0022 -0.9236 0.3833
vn -0.1908 -0.9023 0.3865
vn -0.3157 -0.8675 0.3844
vn 0.0820 -0.9199 0.3836
vn -0.4428 -0.8184 0.3663
vn -0.4426 -0.8185 0.3664
vn 0.3148 -0.8679 0.3842
vn -0.5166 -0.7817 0.3493
vn -0.5167 -0.7817 0.3492
vn 0.4255 -0.8265 0.3686
vn 0.4965 -0.7931 0.3528
vn 0.4967 -0.7930 0.3528
vn 0.1808 -0.3525 0.9182
vn 0.0801 -0.3706 0.9253
vn 0.4232 -0.8276 0.3689
vn 0.2176 -0.3496 0.9113
vn 0.0337 -0.3803 0.9242
vn 0.4945 -0.7942 0.3531
vn 0.0009 -0.3820 0.9241
vn -0.0334 -0.3803 0.9242
vn 0.0815 -0.9199 0.3836
vn -0.0781 -0.3708 0.9254
vn -0.1900 -0.9025 0.3865
vn 0.1948 -0.9016 0.3863
vn -0.4402 -0.8196 0.3667
vn -0.1890 -0.3506 0.9173
vn -0.5144 -0.7830 0.3497
vn -0.2279 -0.3471 0.9097
vn 0.3128 -0.8686 0.3842
vn 0.4234 -0.8275 0.3687
vn 0.1948 -0.9016 0.3862
vn 0.4232 -0.8276 0.3688
vn 0.1946 -0.9017 0.3862
vn 0.4947 -0.7941 0.3530
vn -0.0809 -0.9200 0.3836
vn -0.1900 -0.9025 0.3864
vn -0.1899 -0.9026 0.3864
vn -0.3137 -0.8682 0.3844
vn -0.4405 -0.8195 0.3665
vn -0.4402 -0.8196 0.3666
vn -0.5146 -0.7829 0.3496
vn -0.5147 -0.7829 0.3495
vn -0.2417 0.9385 -0.2465
vn 0.8780 -0.2995 -0.3734
vn 0.3733 -0.2996 -0.8780
vn -0.8780 -0.2996 -0.3733
vn -0.3734 -0.2995 -0.8780
vn -0.6226 0.4705 0.6252
vt -1.738299 -0.399583
vt -1.942585 -0.399583
vt -1.738299 -0.520333
vt -1.942585 -0.520334
vt -2.079819 -0.399583
vt -2.079818 -0.520334
vt -1.383694 -0.520333
vt -1.383694 -0.399583
vt -0.976730 -0.520333
vt -0.976730 -0.399582
vt -0.602928 -0.520332
vt -0.602928 -0.399582
vt -0.194101 -0.520332
vt -0.194101 -0.399582
vt 0.201693 -0.520332
vt 0.201693 -0.399581
vt 0.574161 -0.520332
vt 0.574161 -0.399581
vt 0.760228 -0.520332
vt 0.760228 -0.399581
vt 0.902763 -0.520332
vt 0.902763 -0.399581
vt -1.738299 2.435426
vt -1.738299 2.442134
vt -1.942585 2.435426
vt -1.383694 2.442134
vt -1.942585 2.442134
vt -1.383693 2.435426
vt -2.079818 2.435426
vt -0.976729 2.442134
vt -1.383693 2.233347
vt -1.738299 2.233347
vt -2.079818 2.442134
vt -0.976730 2.435427
vt -1.942585 2.233347
vt -0.602928 2.442134
vt -0.976730 2.233348
vt -2.079818 2.233347
vt -0.602928 2.435427
vt -0.602928 2.233348
vt -0.194100 2.442135
vt -0.194100 2.233348
vt -0.194101 2.435427
vt 0.201693 2.442135
vt 0.201693 2.233348
vt 0.201693 2.435427
vt 0.574161 2.442135
vt 0.574162 2.233348
vt 0.574162 2.435427
vt 0.760229 2.442135
vt 0.760229 2.233348
vt 0.760229 2.435427
vt 0.902763 2.442135
vt 0.902763 2.435427
vt 0.902763 2.233348
vt 1.266161 -2.411473
vt 1.266161 -2.418180
vt 1.620767 -2.411473
vt 1.061875 -2.418180
vt 1.620767 -2.418180
vt 1.061875 -2.411472
vt 2.027730 -2.411473
vt 0.924642 -2.418180
vt 1.061875 -2.211197
vt 1.266161 -2.211242
vt 2.027730 -2.418180
vt 0.924642 -2.411472
vt 2.401532 -2.411473
vt 1.620767 -2.211302
vt 0.924641 -2.211151
vt 2.401532 -2.418180
vt 2.027730 -2.211329
vt 2.810359 -2.411474
vt 2.401532 -2.211341
vt 2.810359 -2.418181
vt 2.810359 -2.211330
vt 3.206153 -2.411474
vt 3.206153 -2.418181
vt 3.206153 -2.211304
vt 3.578621 -2.411474
vt 3.578621 -2.418181
vt 3.578621 -2.211243
vt 3.764688 -2.411474
vt 3.764688 -2.418181
vt 3.764688 -2.211200
vt 3.907223 -2.411474
vt 3.907222 -2.418181
vt 3.907223 -2.211150
vt -3.232241 2.703392
vt -3.279887 2.538646
vt 3.614254 0.723271
vt 3.620209 0.743861
vt 3.566608 0.558525
vt -3.226286 2.723983
vt 3.587198 0.552570
vt -3.285842 2.518056
vt -3.252831 2.709348
vt 3.634846 0.717315
vt 3.560652 0.537934
vt -3.300478 2.544602
vt -3.300478 -0.497515
vt -2.512311 -0.725463
vt -3.252832 -0.332769
vt -3.306433 -0.518106
vt -2.464664 -0.560718
vt -2.518266 -0.746054
vt -2.458709 -0.540127
vt -2.491720 -0.731419
vt -3.246876 -0.312178
vt -2.444074 -0.566673
vt -3.276657 0.694586
vt 3.569839 0.694586
vt -3.276654 1.482754
vt -3.276657 0.673995
vt 3.569842 1.482754
vt 3.569839 0.673995
vt 3.590429 0.694586
vt 3.590431 1.482754
vt -3.256064 0.633028
vt -3.256067 -0.155140
vt 3.590431 0.633029
vt -3.276654 0.633028
vt 3.590429 -0.155139
vt -3.276657 -0.155140
vt -3.256067 -0.175730
vt 3.590428 -0.175730
vt -3.300478 0.611595
vt 3.546018 -1.368526
vt -3.252831 0.776342
vt 3.593664 -1.203781
vt 3.566607 -1.374481
vt 3.614254 -1.209736
vt -3.300478 -0.729820
vt -2.512311 -0.957770
vt -3.252832 -0.565075
vt -2.464664 -0.793024
vt -3.232240 2.703392
vt -3.279887 2.538646
vt 3.614255 0.723271
vt 3.620210 0.743861
vt 3.566608 0.558525
vt -3.226285 2.723983
vt 3.587199 0.552570
vt -3.285842 2.518056
vt 3.634846 0.717316
vt 3.560653 0.537934
vt -3.300478 -0.497515
vt -2.512310 -0.725464
vt -3.306433 -0.518106
vt -2.464664 -0.560718
vt -2.518265 -0.746055
vt -2.458709 -0.540127
vt -3.246877 -0.312178
vt -2.444073 -0.566673
vt -3.276657 0.694586
vt 3.569839 0.694586
vt -3.276657 0.673995
vt 3.569841 1.482754
vt 3.569839 0.673995
vt 3.590429 0.694586
vt 3.590432 1.482754
vt -3.256063 0.633028
vt -3.256066 -0.155140
vt 3.590432 0.633028
vt -3.276654 0.633028
vt 3.590429 -0.155140
vt -3.256066 -0.175730
vt 3.590429 -0.175730
vt -3.300478 0.611595
vt 3.546016 -1.368526
vt -3.252831 0.776341
vt 3.593663 -1.203781
vt 3.566608 -1.374482
vt 3.614254 -1.209736
vt -3.300478 -0.729821
vt -2.512311 -0.957770
vt -3.252831 -0.565075
vt -2.464664 -0.793024
vt 1.418835 1.636253
vt 1.473374 1.820697
vt 1.287522 1.870224
vt 1.380283 1.505881
vt 1.659227 1.771171
vt 1.156155 1.905231
vt 1.790594 1.736164
vt 1.527914 2.005142
vt 1.847070 1.721114
vt 1.566465 2.135514
vt 1.363710 1.449833
vt 1.583039 2.191563
vt 1.099678 1.920281
vt 1.887228 1.710413
vt 1.594823 2.231417
vt 1.059520 1.930983
vt 1.351925 1.409979
vt 1.347435 0.866386
vt 1.871081 1.160278
vt 1.061780 1.375362
vt 1.049009 1.368194
vt 1.585427 1.669254
vt 1.334664 0.859218
vt 1.578259 1.682026
vt 1.883853 1.167446
vt 1.354603 0.853615
vt 1.054612 1.388134
vt 1.598199 1.676422
vt 1.878249 1.147507
vt -1.927341 -1.682559
vt -1.633449 -2.206206
vt -1.690653 -1.549721
vt -1.697821 -1.536949
vt -1.396760 -2.073367
vt -1.934509 -1.669788
vt -1.467545 -1.424504
vt -1.389593 -2.086139
vt -1.958545 -1.692408
vt -1.474713 -1.411733
vt -1.626281 -2.218977
vt -1.166485 -1.960922
vt -1.077869 -1.189009
vt -1.658111 -2.227711
vt -1.173653 -1.948151
vt -1.070701 -1.201781
vt -0.769641 -1.738199
vt -0.526720 -0.879683
vt -0.776809 -1.725427
vt -0.519552 -0.892455
vt -0.218492 -1.428874
vt 0.307285 -0.411609
vt -0.225660 -1.416102
vt 0.314453 -0.424380
vt 0.608345 -0.948027
vt 1.586914 0.306568
vt 0.615513 -0.960799
vt 1.887974 -0.229851
vt 1.594082 0.293796
vt 1.895142 -0.242623
vt -2.092639 0.969256
vt -2.092637 0.460281
vt -1.855950 0.969256
vt -2.120572 0.975270
vt -1.855948 0.460281
vt -2.120570 0.454267
vt -1.632843 0.969256
vt -2.092637 0.447509
vt -1.632841 0.460280
vt -1.855948 0.447509
vt -1.235999 0.969256
vt -1.632841 0.447509
vt -1.235997 0.460281
vt -0.684850 0.969256
vt -1.235997 0.447509
vt -0.684848 0.460280
vt 0.149155 0.969256
vt -0.684848 0.447509
vt 0.149157 0.460281
vt 1.428784 0.969256
vt 0.149157 0.447509
vt 1.428786 0.460281
vt 1.428786 0.447509
vt -1.625201 -0.150187
vt -1.625199 -0.659163
vt -1.388513 -0.150187
vt -1.653134 -0.144173
vt -1.388511 -0.659163
vt -1.653133 -0.665177
vt -1.388513 -0.137416
vt -1.165405 -0.150187
vt -1.625201 -0.137416
vt -1.165405 -0.137416
vt -1.165403 -0.659163
vt -0.768561 -0.137416
vt -0.768562 -0.150187
vt -0.768560 -0.659163
vt -0.217413 -0.137416
vt -0.217413 -0.150187
vt -0.217411 -0.659163
vt 0.616592 -0.137416
vt 0.616592 -0.150187
vt 0.616594 -0.659163
vt 1.896221 -0.137416
vt 1.896223 -0.659163
vt 1.896221 -0.150187
vt 2.015237 0.874041
vt 1.721345 1.397687
vt 1.778549 0.741202
vt 2.046441 0.883890
vt 1.484657 1.264849
vt 1.746007 1.419193
vt 1.555441 0.615986
vt 1.261549 1.139633
vt 1.158597 0.393263
vt 0.864705 0.916909
vt 0.607449 0.083937
vt 0.313557 0.607584
vt -0.226556 -0.384138
vt -0.520449 0.139509
vt -1.506186 -1.102314
vt -1.800078 -0.578667
vt 2.661591 1.694661
vt 2.788718 1.927619
vt 2.552409 2.048403
vt 2.571731 1.529998
vt 3.025027 1.806836
vt 2.385376 2.133776
vt 3.192060 1.721464
vt 2.915846 2.160579
vt 3.263869 1.684759
vt 3.005705 2.325242
vt 2.533101 1.459206
vt 3.044337 2.396030
vt 2.313568 2.170478
vt 3.314930 1.658661
vt 3.071805 2.446369
vt 2.262506 2.196578
vt 2.505630 1.408870
vt 2.501140 0.578380
vt 3.292814 0.822731
vt 2.263629 1.347901
vt 2.244321 1.341942
vt 3.055303 1.592254
vt 2.481831 0.572421
vt 3.049343 1.611563
vt 2.257668 1.367212
vt 3.312123 0.828691
vt 2.507100 0.559071
vt 3.074612 1.598214
vt 3.298774 0.803422
vt -3.340613 -2.901990
vt -3.096262 -3.693666
vt -2.982778 -2.791545
vt -2.988737 -2.772236
vt -2.738426 -3.583220
vt -3.346573 -2.882682
vt -2.645472 -2.687436
vt -2.732466 -3.602529
vt -3.385564 -2.906213
vt -2.651432 -2.668127
vt -3.090302 -3.712974
vt -2.395161 -3.498419
vt -2.051466 -2.482948
vt -3.135773 -3.715512
vt -2.401121 -3.479111
vt -2.045507 -2.502257
vt -1.795195 -3.313241
vt -1.439524 -2.294073
vt -1.801155 -3.293932
vt -1.433564 -2.313382
vt -1.183253 -3.124365
vt -0.174005 -1.903472
vt -1.189213 -3.105057
vt -0.168045 -1.922781
vt 0.076306 -2.714456
vt 1.109936 -1.507185
vt 0.082266 -2.733764
vt 1.360248 -2.318169
vt 1.115896 -1.526494
vt 1.366207 -2.337477
vt 3.039489 -0.911630
vt 3.289800 -1.722615
vt 3.045449 -0.930940
vt 3.071193 -0.922993
vt 3.295759 -1.741923
vt 3.315544 -1.714668
vt -3.348202 -0.223281
vt -3.348201 -0.992802
vt -2.990366 -0.223281
vt -3.390432 -0.214188
vt -2.990365 -0.992802
vt -3.390431 -1.001895
vt -2.653061 -0.223281
vt -3.348201 -1.012111
vt -2.653060 -0.992802
vt -2.990365 -1.012111
vt -2.053095 -0.223281
vt -2.653060 -1.012110
vt -2.053094 -0.992802
vt -1.441153 -0.223281
vt -2.053094 -1.012111
vt -1.441152 -0.992802
vt -0.175634 -0.223281
vt -1.441152 -1.012111
vt -0.175632 -0.992802
vt 1.108308 -0.223281
vt -0.175633 -1.012111
vt 1.108309 -0.992802
vt 3.037860 -0.223281
vt 1.108309 -1.012111
vt 3.037861 -0.992802
vt 3.037861 -1.012111
vt 3.063606 -0.992802
vt -3.088677 -1.074336
vt -3.088676 -1.843859
vt -2.730841 -1.074336
vt -3.130908 -1.065243
vt -2.730840 -1.843857
vt -3.130908 -1.852951
vt -2.730841 -1.055027
vt -2.393536 -1.074336
vt -3.088677 -1.055027
vt -2.393536 -1.055028
vt -2.393535 -1.843857
vt -1.793570 -1.055028
vt -1.793571 -1.074336
vt -1.793569 -1.843857
vt -1.181628 -1.055028
vt -1.181628 -1.074336
vt -1.181627 -1.843859
vt 0.083891 -1.055027
vt 0.083891 -1.074336
vt 0.083892 -1.843859
vt 1.367833 -1.055028
vt 1.367833 -1.843859
vt 1.367832 -1.074336
vt 3.297385 -1.055027
vt 3.297386 -1.843859
vt 3.297385 -1.074336
vt 3.323129 -1.074336
vt 3.273314 0.816549
vt 3.028963 1.608223
vt 2.915478 0.706103
vt 3.318265 0.820772
vt 2.671127 1.497778
vt 3.068473 1.630070
vt 2.578173 0.601994
vt 2.333822 1.393669
vt 1.978207 0.416815
vt 1.733856 1.208490
vt 1.366265 0.227940
vt 1.121914 1.019615
vt 0.100746 -0.162661
vt -0.143606 0.629014
vt -1.183196 -0.558948
vt -1.427547 0.232726
vt -3.112748 -1.154503
vt -3.357099 -0.362828
vt 2.661589 1.694634
vt 2.788718 1.927583
vt 2.552412 2.048358
vt 2.571730 1.529978
vt 3.025023 1.806808
vt 2.385384 2.133725
vt 3.192055 1.721441
vt 2.915847 2.160532
vt 3.263862 1.684740
vt 3.005709 2.325188
vt 2.533098 1.459190
vt 3.044340 2.395976
vt 2.313575 2.170426
vt 3.314923 1.658643
vt 3.071809 2.446311
vt 2.262515 2.196523
vt 2.505627 1.408856
vt 2.501137 0.578368
vt 3.292809 0.822716
vt 2.263637 1.347850
vt 2.244329 1.341891
vt 3.055308 1.592200
vt 2.481829 0.572408
vt 3.049349 1.611508
vt 2.257678 1.367160
vt 3.312116 0.828675
vt 2.507097 0.559060
vt 3.074616 1.598159
vt 3.298768 0.803408
vt -3.340613 -2.901996
vt -3.096265 -3.693666
vt -2.982777 -2.791550
vt -2.988737 -2.772241
vt -2.738429 -3.583220
vt -3.346573 -2.882687
vt -2.645473 -2.687442
vt -2.732470 -3.602530
vt -3.385564 -2.906219
vt -2.651432 -2.668133
vt -3.090305 -3.712975
vt -2.395165 -3.498420
vt -2.051466 -2.482954
vt -3.135777 -3.715512
vt -2.401124 -3.479112
vt -2.045506 -2.502262
vt -1.795198 -3.313241
vt -1.439524 -2.294078
vt -1.801158 -3.293933
vt -1.433564 -2.313387
vt -1.183256 -3.124366
vt -0.174005 -1.903477
vt -1.189216 -3.105058
vt -0.168045 -1.922786
vt 0.076303 -2.714457
vt 1.109937 -1.507190
vt 0.082262 -2.733765
vt 1.360245 -2.318170
vt 1.115897 -1.526499
vt 1.366204 -2.337478
vt 3.039489 -0.911636
vt 3.289797 -1.722615
vt 3.045449 -0.930945
vt 3.071193 -0.922999
vt 3.295757 -1.741924
vt 3.315542 -1.714669
vt -3.218439 -1.064162
vt -3.218440 -1.833645
vt -2.860603 -1.064162
vt -3.260670 -1.055070
vt -2.860604 -1.833645
vt -3.260670 -1.842736
vt -2.523299 -1.064162
vt -3.218439 -1.852952
vt -2.523299 -1.833644
vt -2.860604 -1.852952
vt -1.923332 -1.064162
vt -2.523299 -1.852952
vt -1.923333 -1.833645
vt -1.311390 -1.064162
vt -1.923332 -1.852952
vt -1.311390 -1.833644
vt -0.045871 -1.064162
vt -1.311390 -1.852952
vt -0.045871 -1.833644
vt 1.238070 -1.064162
vt -0.045871 -1.852952
vt 1.238070 -1.833645
vt 3.167623 -1.064162
vt 1.238070 -1.852952
vt 3.167623 -1.833644
vt 3.167623 -1.852952
vt 3.193367 -1.833644
vt -3.218439 -0.233540
vt -3.218439 -1.003024
vt -2.860603 -0.233540
vt -3.260670 -0.224447
vt -2.860603 -1.003022
vt -3.260671 -1.012116
vt -2.860603 -0.214232
vt -2.523299 -0.233539
vt -3.218439 -0.214232
vt -2.523299 -0.214232
vt -2.523299 -1.003022
vt -1.923332 -0.214231
vt -1.923332 -0.233540
vt -1.923332 -1.003022
vt -1.311390 -0.214231
vt -1.311390 -0.233540
vt -1.311390 -1.003024
vt -0.045871 -0.214231
vt -0.045871 -0.233540
vt -0.045871 -1.003024
vt 1.238071 -0.214232
vt 1.238071 -1.003024
vt 1.238071 -0.233540
vt 3.167623 -0.214231
vt 3.167623 -1.003024
vt 3.167623 -0.233539
vt 3.193367 -0.233540
vt 3.273311 0.816540
vt 3.028963 1.608210
vt 2.915475 0.706094
vt 3.318262 0.820762
vt 2.671127 1.497764
vt 3.068474 1.630056
vt 2.578170 0.601985
vt 2.333822 1.393655
vt 1.978204 0.416806
vt 1.733856 1.208477
vt 1.366262 0.227931
vt 1.121914 1.019601
vt 0.100743 -0.162670
vt -0.143606 0.629000
vt -1.183199 -0.558958
vt -1.427547 0.232713
vt -3.112751 -1.154512
vt -3.357100 -0.362842
vt 0.966095 -0.801079
vt 0.758121 -0.872687
vt 0.918161 -0.978857
vt 0.759365 -0.868072
vt 0.710190 -1.050452
vt 0.967295 -0.796627
vt 0.915906 -0.987219
vt 0.501304 -0.911736
vt 0.502605 -0.906910
vt 0.707670 -1.059800
vt 0.004845 -0.924490
vt 0.452752 -1.091803
vt 0.003642 -0.928952
vt 0.450510 -1.100121
vt -0.500448 -0.855501
vt -0.040735 -1.093537
vt -0.501631 -0.859888
vt -0.042890 -1.101531
vt -1.012100 -0.746113
vt -0.546443 -1.026088
vt -1.013278 -0.750481
vt -0.548569 -1.033974
vt -1.467355 -0.599501
vt -1.058269 -0.917346
vt -1.466172 -0.595113
vt -1.512166 -0.765698
vt -1.060386 -0.925195
vt -1.952642 -0.401482
vt -1.997018 -0.566063
vt -1.514293 -0.773587
vt -1.951439 -0.397018
vt -2.400697 -0.322407
vt -1.999174 -0.574058
vt -2.352149 -0.142354
vt -2.402945 -0.330746
vt -2.350850 -0.137535
vt -2.623600 -0.146232
vt -2.626080 -0.155430
vt -2.575641 0.031642
vt -2.765901 -0.000296
vt -2.574400 0.036244
vt -2.763646 0.008068
vt -2.715701 0.185888
vt -2.714499 0.190345
vt 0.142998 3.081049
vt -0.368606 3.190621
vt 0.053931 2.750718
vt 0.559244 2.681803
vt -0.457727 2.860086
vt 0.648167 3.011601
vt 0.052749 2.746330
vt -0.911792 3.011106
vt 1.057102 2.699747
vt -0.367428 3.194988
vt 0.558041 2.677341
vt 1.145624 3.028060
vt 0.144181 3.085437
vt 0.649370 3.016062
vt 1.055801 2.694921
vt 1.146924 3.032881
vt 1.312561 2.733759
vt -0.822727 3.341435
vt 1.402212 3.066257
vt -0.821543 3.345823
vt 1.313805 2.738373
vt -1.397039 3.209277
vt -1.308118 3.539071
vt 1.521692 2.809656
vt -1.306915 3.543533
vt -1.398243 3.204813
vt 1.610010 3.137211
vt -1.796355 3.469116
vt -1.707829 3.797442
vt -0.912975 3.006718
vt 1.520492 2.805204
vt -2.019963 3.642678
vt -1.797655 3.464297
vt -0.458904 2.855718
vt -1.931558 3.970553
vt -2.021204 3.638076
vt -1.706531 3.802257
vt -2.161304 3.792176
vt -1.930318 3.975154
vt -2.160101 3.796634
vt -2.071779 4.124206
vt -2.070577 4.128662
vt -0.258570 -0.641129
vt -0.250841 -0.612466
vt -0.763041 -0.505108
vt 0.237548 -0.744150
vt -0.755313 -0.476445
vt 0.229819 -0.772813
vt -1.224293 -0.380742
vt 0.697154 -0.868073
vt -1.216564 -0.352078
vt 0.689425 -0.896737
vt -1.726465 -0.245341
vt 0.919022 -0.958642
vt -1.718736 -0.216678
vt 0.926751 -0.929981
vt -2.164029 -0.127361
vt 1.102630 -0.977403
vt 1.094902 -1.006065
vt -2.156301 -0.098697
vt -2.416109 -0.059393
vt -2.408380 -0.030729
vt -2.577718 0.014929
vt -2.585447 -0.013734
vt -2.497765 1.205027
vt -2.356337 1.729558
vt -2.721610 1.377711
vt -1.918772 1.611579
vt -2.608417 1.797525
vt -2.098243 0.945952
vt -2.722850 1.373110
vt -2.161841 2.450906
vt -2.861908 1.531075
vt -1.416601 1.476179
vt -2.499063 1.200213
vt -2.777755 1.843183
vt -1.612892 0.748169
vt -2.863110 1.526618
vt -2.099447 0.941490
vt -0.955348 1.351812
vt -2.413921 2.518874
vt -2.583259 2.564532
vt -1.614075 0.743781
vt -1.222106 2.197527
vt -1.158782 0.597312
vt -1.724277 2.332926
vt -2.389428 3.283420
vt -0.647169 0.487781
vt -2.220089 3.237761
vt -0.450877 1.215791
vt -1.159960 0.592945
vt -0.760853 2.073159
vt -0.141960 0.418479
vt -2.217807 3.246227
vt -0.648352 0.483393
vt 0.037512 1.084106
vt -1.965727 3.178258
vt -2.387146 3.291886
vt -0.143163 0.414018
vt -1.968010 3.169794
vt 0.355692 0.435658
vt -0.256382 1.937139
vt 0.354392 0.430838
vt -1.528163 3.060278
vt 0.497118 0.960182
vt 0.232007 1.805454
vt -1.530445 3.051814
vt 0.610923 0.468825
vt -1.025991 2.924878
vt 0.612166 0.473436
vt 0.691613 1.681530
vt 0.818677 0.539619
vt 0.425839 2.524342
vt -0.062550 2.656025
vt 0.726715 0.898275
vt -1.028274 2.916413
vt 0.921210 1.619624
vt -0.567021 2.792046
vt 1.097090 1.572201
vt -0.564739 2.800511
vt 0.902595 0.850852
vt -0.060267 2.664491
vt 0.819877 0.544070
vt 1.290922 2.291089
vt 0.428121 2.532806
vt 1.115042 2.338512
vt 0.885445 2.400418
vt 1.293204 2.299555
vt 0.887728 2.408883
vt 1.117325 2.346977
vt 1.580221 -0.287733
vt 1.587288 -0.261523
vt 1.328142 -0.219765
vt 2.024852 -0.379504
vt 1.335209 -0.193556
vt 2.017785 -0.405713
vt 1.165870 -0.147897
vt 1.158803 -0.174106
vt 2.527024 -0.514904
vt 2.519957 -0.541114
vt 2.988276 -0.639271
vt 2.981208 -0.665480
vt 3.492747 -0.775292
vt 3.485680 -0.801502
vt 3.981137 -0.906976
vt 3.974069 -0.933185
vt 4.440742 -1.030900
vt 4.433675 -1.057109
vt 4.663272 -1.119015
vt 4.670340 -1.092805
vt 4.846219 -1.140228
vt 4.839151 -1.166437
vt -2.484754 -0.610654
vt -2.524971 -0.759804
vt -2.232675 -0.678622
vt -2.694309 -0.714146
vt -2.272892 -0.827773
vt -2.654093 -0.564995
vt -1.795111 -0.796602
vt -2.313108 -0.976923
vt -2.565187 -0.908955
vt -1.835328 -0.945753
vt -2.734526 -0.863297
vt -1.875544 -1.094904
vt -1.292939 -0.932003
vt -2.567304 -0.916805
vt -1.877661 -1.102753
vt -1.333156 -1.081154
vt -2.315225 -0.984773
vt -2.736643 -0.871146
vt -1.373372 -1.230304
vt -0.831687 -1.056370
vt -1.375489 -1.238154
vt -0.871904 -1.205521
vt -0.912120 -1.354671
vt -0.914237 -1.362521
vt -0.327215 -1.192390
vt -0.407649 -1.490692
vt -0.367432 -1.341541
vt -0.409765 -1.498541
vt 0.161173 -1.324074
vt 0.080740 -1.622376
vt 0.120957 -1.473225
vt 0.078624 -1.630225
vt 0.620780 -1.447998
vt 0.540347 -1.746299
vt 0.580563 -1.597149
vt 0.538230 -1.754149
vt 0.850377 -1.509904
vt 0.769943 -1.808206
vt 0.810160 -1.659055
vt 0.767827 -1.816055
vt 1.026256 -1.557326
vt 0.945823 -1.855629
vt 0.986040 -1.706477
vt 0.943707 -1.863477
vt 1.403455 3.070868
vt 1.611210 3.141662
vt 0.806514 -2.190664
vt 0.758584 -2.368429
vt 0.950304 -2.357104
vt 0.556207 -2.205568
vt 0.902370 -2.534882
vt 0.604758 -2.025501
vt 0.757340 -2.373043
vt 0.134656 -1.940504
vt 0.554906 -2.210393
vt 0.901170 -2.539334
vt 0.179033 -1.775919
vt 0.133453 -1.944967
vt -0.336849 -1.746200
vt -0.338032 -1.750588
vt -0.292037 -1.580001
vt -0.835322 -1.587934
vt -0.834144 -1.583566
vt -0.789153 -1.416701
vt -1.302572 -1.485811
vt -1.257761 -1.319615
vt -1.303755 -1.490200
vt -1.777252 -1.248449
vt -1.821628 -1.413030
vt -1.822832 -1.417495
vt -2.248702 -1.256145
vt -2.297249 -1.436198
vt -2.298548 -1.441016
vt -2.529957 -1.296384
vt -2.577916 -1.474257
vt -2.579157 -1.478860
vt -2.728588 -1.359366
vt -2.776533 -1.537184
vt -2.777735 -1.541642
vt -0.413617 0.540736
vt -0.502738 0.210201
vt 0.083669 0.378062
vt -0.882056 0.638449
vt -0.005398 0.047731
vt -0.880872 0.642837
vt 0.555133 0.183609
vt -0.971121 0.308121
vt -0.412439 0.545103
vt 0.084852 0.382450
vt 0.466210 -0.146188
vt -1.401151 0.711080
vt 0.976488 -0.082182
vt -1.399948 0.715543
vt -1.490073 0.381286
vt 0.556336 0.188071
vt -1.875665 0.692021
vt -0.972304 0.303732
vt 0.977790 -0.077356
vt -1.876965 0.687201
vt -0.503916 0.205833
vt 1.180223 -0.240006
vt -1.965491 0.358874
vt -1.491276 0.376823
vt 1.178978 -0.244620
vt -2.157515 0.649574
vt 1.324053 -0.406296
vt -2.156274 0.654178
vt -2.245919 0.321700
vt -0.006581 0.043344
vt 1.322852 -0.410749
vt -1.966789 0.354060
vt 1.090572 -0.572504
vt -2.247159 0.317099
vt -2.356054 0.586937
vt 0.465008 -0.150649
vt 1.234535 -0.738303
vt -2.354852 0.591395
vt 0.887966 -0.410496
vt 1.089329 -0.577115
vt 0.886666 -0.415316
vt 1.233334 -0.742754
vt -2.444376 0.259366
vt -2.445577 0.254909
vt -0.418899 -1.720151
vt -0.923371 -1.584131
vt -0.426628 -1.748815
vt 0.061760 -1.880499
vt -0.931100 -1.612794
vt 0.069489 -1.851835
vt -1.384623 -1.459764
vt 0.521367 -2.004422
vt -1.392352 -1.488427
vt 0.529096 -1.975759
vt -1.886795 -1.324363
vt 0.758693 -2.037665
vt -1.894524 -1.353026
vt 0.750964 -2.066328
vt -2.324359 -1.206383
vt 0.926844 -2.113751
vt 0.934572 -2.085087
vt -2.332088 -1.235046
vt -2.576438 -1.138415
vt -2.584167 -1.167078
vt -2.753506 -1.121419
vt -2.745777 -1.092756
vt 1.792303 -0.826701
vt 1.511989 -0.863448
vt 1.650055 -1.354274
vt 2.087502 -1.472686
vt 1.398062 -1.285985
vt 2.267910 -0.803587
vt 1.203105 -2.009044
vt 1.513230 -0.858849
vt 2.589622 -1.608278
vt 1.313610 -0.925496
vt 1.455141 -2.077172
vt 2.786902 -0.876605
vt 1.228813 -1.239995
vt 3.050853 -1.732726
vt 1.793601 -0.821887
vt 1.033811 -1.963221
vt 2.394794 -2.330863
vt 2.269113 -0.799125
vt 0.841130 -2.677840
vt 1.892648 -2.195367
vt 2.856035 -2.455271
vt 2.788085 -0.872216
vt 3.255296 -0.974482
vt 3.360517 -2.591251
vt 2.202283 -3.044849
vt 1.262548 -2.791467
vt 3.555346 -1.868666
vt 2.663535 -3.169216
vt 1.010468 -2.723499
vt 3.752625 -1.136992
vt 2.200001 -3.053313
vt 4.224195 -1.331059
vt 1.697829 -2.917912
vt 2.661253 -3.177680
vt 1.008186 -2.731964
vt 4.043787 -2.000158
vt 3.168006 -3.305236
vt 1.260265 -2.799932
vt 4.645755 -1.596085
vt 1.700111 -2.909449
vt 4.503509 -2.123649
vt 4.647055 -1.591264
vt 3.656396 -3.436921
vt 4.225397 -1.326597
vt 3.848932 -2.722839
vt 3.165724 -3.313701
vt 4.849719 -1.753063
vt 3.654113 -3.445384
vt 4.848475 -1.757674
vt 3.753808 -1.132604
vt 4.116002 -3.560844
vt 4.113720 -3.569310
vt 4.733189 -2.185249
vt 3.256474 -0.970115
vt 4.345600 -3.622750
vt 4.992522 -1.923153
vt 4.308595 -2.846548
vt 4.909165 -2.232310
vt 4.993723 -1.918702
vt 4.538234 -2.908302
vt 4.521478 -3.670173
vt 4.714162 -2.955544
vt 4.343317 -3.631215
vt 4.519196 -3.678638
vt 1.533156 -0.524145
vt 1.281077 -0.456177
vt 1.526089 -0.550354
vt 1.963653 -0.668335
vt 1.274010 -0.482387
vt 1.970721 -0.642125
vt 1.104672 -0.436728
vt 1.111738 -0.410518
vt 2.465826 -0.803735
vt 2.472893 -0.777526
vt 2.927077 -0.928102
vt 2.934144 -0.901892
vt 3.431549 -1.064122
vt 3.438616 -1.037913
vt 3.919937 -1.195807
vt 3.927005 -1.169597
vt 4.379544 -1.319730
vt 4.386611 -1.293520
vt 4.616209 -1.355426
vt 4.609141 -1.381636
vt 4.785020 -1.429058
vt 4.792087 -1.402849
vt 1.550167 -0.329746
vt 1.298088 -0.261779
vt 1.509078 -0.482132
vt 1.946642 -0.600112
vt 1.256999 -0.414164
vt 1.987731 -0.447727
vt 1.128749 -0.216120
vt 1.087660 -0.368505
vt 2.448814 -0.735513
vt 2.489903 -0.583127
vt 2.910066 -0.859880
vt 2.951155 -0.707494
vt 3.414537 -0.995900
vt 3.455626 -0.843514
vt 3.902926 -1.127584
vt 3.944015 -0.975198
vt 4.362532 -1.251508
vt 4.403621 -1.099121
vt 4.592130 -1.313414
vt 4.633218 -1.161027
vt 4.768010 -1.360836
vt 4.809099 -1.208450
vt 0.838847 -2.686306
vt 1.314812 -0.921039
vt 0.390538 0.218753
vt 0.390538 0.031247
vt 0.609461 0.218753
vt 0.609462 0.234377
vt 0.609462 0.031247
vt 0.390538 0.234377
vt 0.625000 0.031247
vt 0.390538 0.015624
vt 0.609461 0.245814
vt 0.375000 0.218753
vt 0.625000 0.218753
vt 0.390538 0.245814
vt 0.375000 0.031247
vt 0.625000 0.223373
vt 0.375000 0.245089
vt 0.625000 0.235101
vt 0.375000 0.026627
vt 0.625000 0.233387
vt 0.375000 0.235101
vt 0.625000 0.245089
vt 0.375000 0.016614
vt 0.375000 0.223373
vt 0.375000 0.233387
vt 0.609462 0.015623
vt 0.625000 0.026627
vt 0.390539 0.004186
vt 0.625000 0.016613
vt 0.375000 0.014899
vt 0.609462 0.004186
vt 0.375000 0.004911
vt 0.625000 0.004911
vt 0.625000 0.014899
vt 0.390538 0.486670
vt 0.390538 0.263331
vt 0.609462 0.486670
vt 0.609462 0.493335
vt 0.609461 0.263330
vt 0.390538 0.493335
vt 0.625000 0.263330
vt 0.390538 0.256666
vt 0.609462 0.498214
vt 0.375000 0.486670
vt 0.625000 0.486670
vt 0.390538 0.498214
vt 0.375000 0.263331
vt 0.625000 0.488616
vt 0.375000 0.497905
vt 0.625000 0.492913
vt 0.375000 0.261386
vt 0.375000 0.492913
vt 0.625000 0.497905
vt 0.375000 0.257088
vt 0.375000 0.488616
vt 0.609462 0.256665
vt 0.625000 0.261384
vt 0.625000 0.257087
vt 0.390538 0.718753
vt 0.390538 0.531247
vt 0.609462 0.718753
vt 0.609462 0.734377
vt 0.609461 0.531247
vt 0.390538 0.734377
vt 0.625000 0.531247
vt 0.390538 0.515624
vt 0.609462 0.745814
vt 0.375000 0.718753
vt 0.625000 0.718753
vt 0.390538 0.745814
vt 0.375000 0.531247
vt 0.625000 0.723373
vt 0.375000 0.745089
vt 0.625000 0.735101
vt 0.375000 0.526627
vt 0.625000 0.733387
vt 0.375000 0.735101
vt 0.625000 0.745089
vt 0.375000 0.516614
vt 0.375000 0.723373
vt 0.375000 0.733387
vt 0.609462 0.515623
vt 0.625000 0.526627
vt 0.625000 0.516613
vt 0.390539 0.986670
vt 0.390538 0.763331
vt 0.609462 0.986670
vt 0.609462 0.993335
vt 0.609461 0.763330
vt 0.390538 0.993335
vt 0.625000 0.988616
vt 0.625000 0.992913
vt 0.390539 0.756666
vt 0.375000 0.988616
vt 0.625000 0.763330
vt 0.375000 0.992913
vt 0.375000 0.986670
vt 0.625000 0.986670
vt 0.609462 0.756665
vt 0.375000 0.763331
vt 0.625000 0.761384
vt 0.625000 0.757087
vt 0.375000 0.761386
vt 0.375000 0.757088
vt 0.873330 0.027346
vt 0.873334 0.222659
vt 0.871752 0.017603
vt 0.863315 0.003854
vt 0.867491 0.007615
vt 0.636685 0.246146
vt 0.867491 0.242385
vt 0.626666 0.027341
vt 0.863315 0.246146
vt 0.871752 0.232397
vt 0.628248 0.232397
vt 0.632509 0.007615
vt 0.626666 0.222659
vt 0.632509 0.242385
vt 0.636685 0.003854
vt 0.628249 0.017603
vt 0.373334 0.027341
vt 0.373334 0.222659
vt 0.371751 0.017603
vt 0.363315 0.003854
vt 0.367491 0.007615
vt 0.128248 0.017603
vt 0.132509 0.007615
vt 0.136685 0.003854
vt 0.136685 0.246146
vt 0.367491 0.242385
vt 0.128248 0.232397
vt 0.363315 0.246146
vt 0.371752 0.232397
vt 0.132509 0.242385
vt 0.126666 0.222659
vt 0.126666 0.027341
vt 0.393742 0.250000
vt 0.606258 0.250000
vt 0.388837 0.486109
vt 0.375000 0.485296
vt 0.375000 0.250000
vt 0.611197 0.499188
vt 0.354290 0.527613
vt 0.020754 0.972327
vt 0.625000 0.498801
vt 0.625000 0.250000
vt 0.606334 0.498902
vt 0.139704 0.036197
vt 0.375000 0.036197
vt 0.139704 0.246406
vt 0.375000 0.246406
vt 0.144790 1.000000
vt 0.144790 0.000000
vt 0.985625 1.000000
vt 0.985625 0.000000
vt 1.000000 0.000000
vt 1.000000 1.000000
vt 0.388807 0.499200
vt 0.393748 0.250000
vt 0.611164 0.486313
vt 0.375000 0.498801
vt 0.606252 0.250000
vt 0.393566 0.498924
vt 0.625000 0.485505
vt 0.393675 1.000000
vt 0.377483 0.751199
vt 0.625000 1.000000
vt 0.375000 1.000000
vt 0.624738 0.751199
vt 0.375000 0.751199
vt 0.653115 0.925027
vt 0.625000 0.036197
vt 0.860511 0.036197
vt 0.625000 0.246406
vt 0.860511 0.246406
vt 0.000000 0.000000
vt 0.000000 1.000000
vt 0.625000 0.003594
vt 0.873801 0.003594
vt 0.625000 0.246406
vt 0.625000 0.000000
vt 0.873801 0.246406
vt 0.873801 0.000000
vt 0.875000 0.003594
vt 0.875000 0.246406
vt 0.623627 0.746406
vt 0.376373 0.746406
vt 0.623627 0.503594
vt 0.623627 0.750000
vt 0.376373 0.503594
vt 0.376373 0.750000
vt 0.376016 0.500000
vt 0.623989 0.500000
vt 0.375000 0.746406
vt 0.375000 0.503594
vt 0.375000 0.246406
vt 0.126199 0.246406
vt 0.375000 0.003594
vt 0.126199 0.003594
vt 0.000000 0.125000
vt 0.125000 0.125000
vt 0.000000 0.250000
vt 0.062500 0.000000
vt 0.125000 0.250000
vt 0.000000 0.375000
vt 0.250000 0.125000
vt 0.125000 0.375000
vt 0.187500 0.000000
vt 0.000000 0.500000
vt 0.250000 0.250000
vt 0.125000 0.500000
vt 0.375000 0.125000
vt 0.000000 0.625000
vt 0.250000 0.375000
vt 0.312500 0.000000
vt 0.125000 0.625000
vt 0.000000 0.750000
vt 0.250000 0.500000
vt 0.500000 0.125000
vt 0.125000 0.750000
vt 0.375000 0.375000
vt 0.500000 0.250000
vt 0.000000 0.875000
vt 0.625000 0.125000
vt 0.375000 0.500000
vt 0.250000 0.625000
vt 0.437500 0.000000
vt 0.500000 0.375000
vt 0.562500 0.000000
vt 0.250000 0.750000
vt 0.500000 0.500000
vt 0.750000 0.125000
vt 0.125000 0.875000
vt 0.375000 0.625000
vt 0.750000 0.250000
vt 0.625000 0.375000
vt 0.375000 0.750000
vt 0.250000 0.875000
vt 0.875000 0.125000
vt 0.625000 0.500000
vt 0.812500 0.000000
vt 0.500000 0.625000
vt 0.375000 0.875000
vt 0.875000 0.250000
vt 0.750000 0.375000
vt 0.625000 0.625000
vt 0.500000 0.750000
vt 0.500000 0.875000
vt 1.000000 0.125000
vt 0.875000 0.375000
vt 0.750000 0.500000
vt 0.625000 0.750000
vt 1.000000 0.250000
vt 0.937500 0.000000
vt 0.750000 0.625000
vt 1.000000 0.375000
vt 0.625000 0.875000
vt 0.875000 0.500000
vt 0.750000 0.750000
vt 1.000000 0.500000
vt 0.875000 0.625000
vt 0.750000 0.875000
vt 1.000000 0.625000
vt 0.875000 0.750000
vt 0.875000 0.875000
vt 1.000000 0.750000
vt 1.000000 0.875000
vt 0.687500 0.000000
vt 1.605026 2.541744
vt 1.431108 2.494848
vt 1.558154 2.400872
vt 1.432325 2.498504
vt 1.384239 2.353987
vt 1.606200 2.545271
vt 1.555949 2.394246
vt 1.218423 2.476760
vt 1.219696 2.480584
vt 1.381774 2.346580
vt 0.809919 2.492385
vt 1.170947 2.334075
vt 0.808743 2.488850
vt 1.168754 2.327483
vt 0.397596 2.574396
vt 0.765348 2.358432
vt 0.396439 2.570920
vt 0.763241 2.352099
vt -0.018254 2.689319
vt 0.352619 2.439223
vt -0.019405 2.685858
vt 0.350539 2.432973
vt -0.386191 2.831317
vt -0.063401 2.553634
vt -0.385033 2.834795
vt -0.430010 2.699624
vt -0.065471 2.547414
vt -0.776645 3.016344
vt -0.820038 2.885930
vt -0.432090 2.693373
vt -0.775468 3.019881
vt -1.141508 3.103501
vt -0.822146 2.879595
vt -1.094036 3.246175
vt -1.143706 3.096893
vt -1.092765 3.249994
vt -1.317264 3.257215
vt -1.319690 3.249927
vt -1.270367 3.398162
vt -1.428059 3.382335
vt -1.269153 3.401809
vt -1.425853 3.388964
vt -1.378970 3.529867
vt -1.377795 3.533399
vt -0.801678 -1.028269
vt -1.217479 -0.913201
vt -0.888772 -1.290023
vt -0.476429 -1.371975
vt -1.304627 -1.175117
vt -0.389475 -1.110643
vt -0.889929 -1.293500
vt -1.671401 -1.029623
vt -0.066556 -1.383488
vt -1.216327 -0.909740
vt -0.477605 -1.375511
vt 0.020007 -1.123333
vt -0.800521 -1.024793
vt -0.388299 -1.107109
vt -0.067828 -1.387312
vt 0.021278 -1.119513
vt 0.144800 -1.369392
vt -1.584307 -0.767871
vt 0.232466 -1.105920
vt -1.583150 -0.764394
vt 0.146017 -1.365736
vt -2.061816 -0.844478
vt -1.974862 -0.583149
vt 0.319849 -1.319098
vt -1.973686 -0.579613
vt -2.062993 -0.848015
vt 0.406212 -1.059543
vt -2.379019 -0.614084
vt -2.292452 -0.353917
vt -1.672558 -1.033101
vt 0.318675 -1.322626
vt -2.555464 -0.462440
vt -2.380289 -0.617903
vt -1.305778 -1.178577
vt -2.469017 -0.202632
vt -2.556678 -0.466087
vt -2.291183 -0.350103
vt -2.665319 -0.334497
vt -2.467804 -0.198986
vt -2.664144 -0.330965
vt -2.577777 -0.071398
vt -2.576602 -0.067866
vt -0.176552 2.352285
vt -0.168995 2.374998
vt -0.585379 2.488312
vt 0.226800 2.243308
vt -0.577822 2.511025
vt 0.219243 2.220596
vt -0.959180 2.612684
vt 0.599268 2.119379
vt -0.951623 2.635396
vt 0.591711 2.096667
vt -1.366145 2.748091
vt 0.777778 2.034758
vt -1.358588 2.770803
vt 0.785335 2.057470
vt -1.720750 2.866076
vt 0.927869 2.010045
vt 0.920312 1.987334
vt -1.713193 2.888788
vt -1.925037 2.934047
vt -1.917480 2.956759
vt -2.054713 3.002420
vt -2.062270 2.979708
vt -1.865676 1.745132
vt -1.698243 2.248336
vt -2.042354 1.896080
vt -1.343638 2.130351
vt -1.902530 2.316307
vt -1.548272 1.515343
vt -2.043567 1.892434
vt -1.508703 2.817982
vt -2.151189 2.027086
vt -0.936674 1.994944
vt -1.866945 1.741318
vt -2.039763 2.361967
vt -1.157755 1.330505
vt -2.152364 2.023555
vt -1.549448 1.511807
vt -0.562872 1.870572
vt -1.712989 2.885953
vt -1.850222 2.931614
vt -1.158912 1.327027
vt -0.747133 2.564591
vt -0.790938 1.185142
vt -1.154097 2.699997
vt -1.710757 2.892661
vt -0.744901 2.571298
vt -0.375126 1.070105
vt -1.506471 2.824690
vt -1.847990 2.938322
vt -0.371099 2.446925
vt -0.154044 1.734545
vt -1.151865 2.706705
vt -0.373331 2.440218
vt 0.037115 0.987847
vt 0.037728 2.310899
vt 0.241750 1.602855
vt 0.035496 2.304192
vt 0.446787 0.975728
vt 0.433522 2.179209
vt 0.035939 0.984312
vt 0.614218 1.478926
vt 0.431290 2.172502
vt -0.376283 1.066628
vt 0.445516 0.971908
vt 0.657920 0.989155
vt 0.805990 2.055280
vt -0.792089 1.181681
vt 0.659136 0.992809
vt 0.803758 2.048572
vt 0.831623 1.035405
vt 0.992057 1.993371
vt 0.800284 1.417017
vt 0.832797 1.038932
vt 0.989825 1.986664
vt 0.942819 1.369592
vt 1.134591 1.945947
vt 1.132360 1.939239
vt -1.741754 -0.860397
vt -1.734843 -0.839628
vt -1.946040 -0.792426
vt -1.380238 -0.957613
vt -1.939130 -0.771657
vt -1.387148 -0.978382
vt -2.076363 -0.725996
vt -2.083273 -0.746765
vt -0.973274 -1.093020
vt -0.980185 -1.113789
vt -0.599472 -1.217392
vt -0.606382 -1.238161
vt -0.190645 -1.353419
vt -0.197555 -1.374187
vt 0.205149 -1.485108
vt 0.198238 -1.505877
vt 0.577617 -1.609038
vt 0.570707 -1.629807
vt 0.756773 -1.691715
vt 0.763684 -1.670947
vt 0.906219 -1.718371
vt 0.899308 -1.739140
vt -1.880898 1.589319
vt -1.920222 1.471132
vt -1.676611 1.521348
vt -2.057456 1.516793
vt -1.715936 1.403160
vt -2.018131 1.634980
vt -1.322006 1.403362
vt -1.755260 1.284973
vt -1.959546 1.352945
vt -1.361330 1.285175
vt -2.096780 1.398606
vt -1.400655 1.166988
vt -0.915042 1.267955
vt -1.961616 1.346725
vt -1.402724 1.160768
vt -0.954367 1.149768
vt -1.757330 1.278754
vt -2.098849 1.392386
vt -0.993691 1.031581
vt -0.541240 1.143582
vt -0.995761 1.025361
vt -0.580565 1.025395
vt -0.619889 0.907208
vt -0.621959 0.900988
vt -0.132413 1.007555
vt -0.211062 0.771181
vt -0.171738 0.889367
vt -0.213131 0.764961
vt 0.263380 0.875865
vt 0.184732 0.639490
vt 0.224056 0.757677
vt 0.182662 0.633271
vt 0.635849 0.751935
vt 0.557200 0.515561
vt 0.596524 0.633748
vt 0.555130 0.509341
vt 0.821915 0.690026
vt 0.743266 0.453652
vt 0.782591 0.571839
vt 0.741197 0.447432
vt 0.964450 0.642602
vt 0.885801 0.406227
vt 0.925125 0.524414
vt 0.883731 0.400008
vt 0.233682 -1.102266
vt 0.407385 -1.056016
vt 0.779030 0.158358
vt 0.732160 0.017497
vt 0.890184 0.016624
vt 0.572711 0.159403
vt 0.843311 -0.124247
vt 0.620187 0.302088
vt 0.730944 0.013841
vt 0.237456 0.395172
vt 0.571439 0.155579
vt 0.842138 -0.127775
vt 0.280850 0.525589
vt 0.236279 0.391636
vt -0.141828 0.576482
vt -0.142985 0.573005
vt -0.098008 0.708178
vt -0.544790 0.730136
vt -0.543638 0.733597
vt -0.499643 0.865821
vt -0.924456 0.836883
vt -0.880637 0.968577
vt -0.925614 0.833405
vt -1.304537 1.053084
vt -1.347930 0.922670
vt -1.349107 0.919133
vt -1.692278 1.071484
vt -1.739751 0.928810
vt -1.741021 0.924991
vt -1.925094 1.053712
vt -1.971992 0.912765
vt -1.973206 0.909118
vt -2.090972 1.013285
vt -2.137855 0.872382
vt -2.139030 0.868849
vt -0.468348 0.328204
vt -0.555497 0.066288
vt -0.066548 0.171057
vt -0.849178 0.431455
vt -0.153643 -0.090698
vt -0.848021 0.434933
vt 0.312696 -0.010372
vt -0.936272 0.169703
vt -0.467197 0.331664
vt -0.065392 0.174533
vt 0.225742 -0.271703
vt -1.272691 0.517124
vt 0.647759 -0.246717
vt -1.271514 0.520661
vt -1.359644 0.255795
vt 0.313872 -0.006836
vt -1.663428 0.526520
vt -0.937429 0.166226
vt 0.649032 -0.242893
vt -1.664699 0.522700
vt -0.556648 0.062827
vt 0.808537 -0.384631
vt -1.751265 0.262534
vt -1.360821 0.252259
vt 0.807320 -0.388287
vt -1.896826 0.506999
vt 0.919730 -0.526247
vt -1.895613 0.510646
vt -1.983274 0.247190
vt -0.154800 -0.094174
vt 0.918557 -0.529774
vt -1.752534 0.258720
vt 0.720871 -0.648102
vt -1.984486 0.243545
vt -2.062613 0.466845
vt 0.224566 -0.275238
vt 0.832194 -0.789329
vt -2.061437 0.470378
vt 0.561197 -0.506872
vt 0.719655 -0.651757
vt 0.559926 -0.510692
vt 0.831020 -0.792856
vt -2.148980 0.207278
vt -2.150155 0.203746
vt -0.279185 -0.466718
vt -0.688012 -0.330692
vt -0.286742 -0.489431
vt 0.109052 -0.621121
vt -0.695569 -0.353405
vt 0.116609 -0.598408
vt -1.061814 -0.206319
vt 0.481520 -0.745050
vt -1.069371 -0.229032
vt 0.489077 -0.722337
vt -1.468778 -0.070913
vt 0.675144 -0.784245
vt -1.476335 -0.093625
vt 0.667587 -0.806958
vt -1.823384 0.047072
vt 0.810122 -0.854383
vt 0.817679 -0.831670
vt -1.830941 0.024360
vt -2.027670 0.115043
vt -2.035227 0.092331
vt -2.172461 0.137991
vt -2.164903 0.160704
vt 1.414866 -0.956066
vt 1.182971 -0.971072
vt 1.246222 -1.462908
vt 1.600771 -1.581064
vt 1.041978 -1.394811
vt 1.806672 -0.962249
vt 1.057892 -2.028916
vt 1.184184 -0.967426
vt 2.007709 -1.716547
vt 1.412498 -2.146902
vt 1.017340 -1.010757
vt 2.230084 -1.048223
vt 1.055661 -2.035624
vt 1.018515 -1.007225
vt 1.416135 -0.952252
vt 1.410266 -2.153610
vt 0.904788 -1.349019
vt 1.819461 -2.282309
vt 0.716373 -1.915284
vt 0.851374 -1.967653
vt 1.817229 -2.289016
vt 0.853606 -1.960945
vt 2.193263 -2.406682
vt 0.714141 -1.921993
vt 2.191031 -2.413389
vt 2.381500 -1.840951
vt 2.602090 -2.542709
vt 2.599858 -2.549416
vt 2.610869 -1.151606
vt 2.997884 -2.674399
vt 3.012713 -1.308623
vt 2.231241 -1.044746
vt 2.790339 -1.976946
vt 2.995652 -2.681107
vt 2.612021 -1.148145
vt 3.370352 -2.798328
vt 3.392059 -1.489745
vt 3.013870 -1.305146
vt 3.186158 -2.108562
vt 3.368120 -2.805036
vt 3.393235 -1.486210
vt 1.807849 -0.958713
vt 3.556419 -2.860237
vt 3.728595 -1.721664
vt 3.558682 -2.232320
vt 3.727324 -1.725483
vt 3.554187 -2.866945
vt 3.888324 -1.862728
vt 3.698953 -2.907662
vt 3.887108 -1.866382
vt 3.696721 -2.914369
vt 3.744789 -2.294108
vt 3.999690 -2.003828
vt 3.998517 -2.007354
vt 3.887371 -2.341391
vt 1.269604 -0.715981
vt 1.065317 -0.648010
vt 1.262694 -0.736749
vt 1.617299 -0.854734
vt 1.058407 -0.668778
vt 1.624209 -0.833966
vt 0.921174 -0.623118
vt 0.928084 -0.602349
vt 2.024263 -0.990141
vt 2.031173 -0.969373
vt 2.398064 -1.114513
vt 2.404975 -1.093745
vt 2.806892 -1.250539
vt 2.813803 -1.229771
vt 3.202686 -1.382229
vt 3.209596 -1.361461
vt 3.575154 -1.506158
vt 3.582064 -1.485390
vt 3.768132 -1.547298
vt 3.761221 -1.568067
vt 3.903755 -1.615490
vt 3.910666 -1.594723
vt -1.696883 -0.017026
vt -1.901169 0.050945
vt -1.737060 -0.137777
vt -1.382455 -0.255762
vt -1.941347 -0.069806
vt -1.342278 -0.135012
vt -2.038403 0.096605
vt -2.078580 -0.024146
vt -0.975491 -0.391169
vt -0.935314 -0.270418
vt -0.601689 -0.515541
vt -0.561512 -0.394791
vt -0.192861 -0.651568
vt -0.152684 -0.530817
vt 0.202932 -0.783257
vt 0.243110 -0.662507
vt 0.575401 -0.907186
vt 0.615578 -0.786436
vt 0.761468 -0.969095
vt 0.801645 -0.848345
vt 0.904002 -1.016520
vt 0.944179 -0.895769
vt 2.556825 2.525882
vt 2.709000 2.804722
vt 2.426142 2.949289
vt 2.449261 2.328786
vt 2.991858 2.660154
vt 2.226207 3.051476
vt 3.191793 2.557968
vt 2.861175 3.083561
vt 3.277747 2.514037
vt 2.968739 3.280658
vt 2.403019 2.244053
vt 3.014982 3.365390
vt 2.140253 3.095406
vt 3.338866 2.482800
vt 3.047862 3.425641
vt 2.079134 3.126644
vt 2.370138 2.183803
vt 2.364761 1.193348
vt 3.312395 1.485834
vt 2.080477 2.114423
vt 2.057364 2.107289
vt 3.028109 2.406909
vt 2.341650 1.186213
vt 3.020976 2.430021
vt 2.073343 2.137536
vt 3.335507 1.492967
vt 2.371895 1.170236
vt 3.051222 2.414042
vt 3.319528 1.462722
vt -3.356364 -2.737756
vt -3.063878 -3.685390
vt -2.928031 -2.605552
vt -2.935165 -2.582440
vt -2.635545 -3.553185
vt -3.363497 -2.714644
vt -2.524276 -2.480933
vt -2.628412 -3.576297
vt -3.410168 -2.742810
vt -2.531410 -2.457821
vt -3.056744 -3.708501
vt -2.224656 -3.451678
vt -1.813247 -2.236161
vt -3.111171 -3.711539
vt -2.231790 -3.428566
vt -1.806113 -2.259273
vt -1.506494 -3.230019
vt -0.815841 -1.928313
vt -1.513628 -3.206906
vt -0.808707 -1.951425
vt -0.509088 -2.922170
vt 0.693446 -1.462473
vt -0.516221 -2.899058
vt 0.700580 -1.485585
vt 0.993066 -2.433218
vt 3.009175 -0.747726
vt 1.000199 -2.456330
vt 3.308794 -1.718471
vt 3.016308 -0.770838
vt 3.047124 -0.761327
vt 3.315927 -1.741583
vt 3.339610 -1.708959
vt -3.363353 0.250943
vt -3.363349 -0.670132
vt -2.935021 0.250943
vt -3.413903 0.261826
vt -2.935017 -0.670132
vt -3.413899 -0.681015
vt -2.531265 0.250943
vt -3.363349 -0.693244
vt -2.531262 -0.670132
vt -2.935017 -0.693244
vt -1.813103 0.250943
vt -2.531262 -0.693244
vt -1.813100 -0.670132
vt -0.815697 0.250943
vt -1.813100 -0.693244
vt -0.815693 -0.670132
vt 0.693591 0.250943
vt -0.815693 -0.693244
vt 0.693594 -0.670132
vt 3.009319 0.250943
vt 0.693594 -0.693244
vt 3.009322 -0.670132
vt 3.009322 -0.693244
vt 3.040138 -0.670132
vt -3.056897 -0.754184
vt -3.056893 -1.675259
vt -2.628564 -0.754185
vt -3.107446 -0.743302
vt -2.628560 -1.675260
vt -3.107442 -1.686142
vt -2.628564 -0.731073
vt -2.224809 -0.754185
vt -3.056897 -0.731073
vt -2.224809 -0.731073
vt -2.224805 -1.675260
vt -1.506647 -0.731073
vt -1.506647 -0.754185
vt -1.506643 -1.675260
vt -0.509240 -0.731073
vt -0.509240 -0.754185
vt -0.509237 -1.675260
vt 1.000047 -0.731073
vt 1.000047 -0.754185
vt 1.000051 -1.675260
vt 3.315775 -0.731073
vt 3.315779 -1.675260
vt 3.315775 -0.754185
vt 3.346592 -0.754185
vt 3.289060 1.285860
vt 2.996574 2.233493
vt 2.860728 1.153656
vt 3.342865 1.290915
vt 2.568243 2.101289
vt 3.043868 2.259643
vt 2.456973 1.029037
vt 2.164487 1.976671
vt 1.738811 0.807377
vt 1.446325 1.755010
vt 0.741404 0.499529
vt 0.448919 1.447162
vt -0.767883 0.033689
vt -1.060369 0.981322
vt -3.083611 -0.681058
vt -3.376097 0.266575
s 1
g Bed_room:GUI_wood_SwitchTable_room:GUI_wood_SwitchTable
usemtl room:GUI_wood_SwitchTable
f 1/1/1 2/2/1 3/3/2
f 3/3/2 2/2/1 4/4/2
f 2/2/1 5/5/1 4/4/2
f 4/4/2 5/5/1 6/6/2
f 7/7/2 1/1/1 3/3/2
f 8/8/1 1/1/1 7/7/2
f 9/9/2 8/8/1 7/7/2
f 10/10/1 8/8/1 9/9/2
f 11/11/2 10/10/1 9/9/2
f 12/12/1 10/10/1 11/11/2
f 13/13/2 12/12/1 11/11/2
f 14/14/1 12/12/1 13/13/2
f 15/15/2 14/14/1 13/13/2
f 16/16/1 14/14/1 15/15/2
f 17/17/2 16/16/1 15/15/2
f 18/18/1 16/16/1 17/17/2
f 19/19/2 18/18/1 17/17/2
f 20/20/1 18/18/1 19/19/2
f 21/21/2 20/20/1 19/19/2
f 22/22/1 20/20/1 21/21/2
f 23/23/3 24/24/2 25/25/3
f 24/24/2 23/23/3 26/26/2
f 25/25/3 24/24/2 27/27/2
f 26/26/2 23/23/3 28/28/3
f 25/25/3 27/27/2 29/29/3
f 26/26/2 28/28/3 30/30/2
f 23/23/3 31/31/4 28/28/3
f 25/25/3 32/32/4 23/23/3
f 29/29/3 27/27/2 33/33/5
f 30/30/2 28/28/3 34/34/3
f 32/32/4 31/31/4 23/23/3
f 25/25/3 29/29/3 35/35/4
f 30/30/2 34/34/3 36/36/2
f 35/35/4 32/32/4 25/25/3
f 31/31/4 37/37/4 28/28/3
f 35/35/4 29/29/3 38/38/4
f 28/28/3 37/37/4 34/34/3
f 36/36/2 34/34/3 39/39/3
f 37/37/4 40/40/4 34/34/3
f 34/34/3 40/40/4 39/39/3
f 36/36/2 39/39/3 41/41/2
f 40/40/4 42/42/4 39/39/3
f 41/41/2 39/39/3 43/43/3
f 39/39/3 42/42/4 43/43/3
f 41/41/2 43/43/3 44/44/2
f 42/42/4 45/45/4 43/43/3
f 44/44/2 43/43/3 46/46/3
f 43/43/3 45/45/4 46/46/3
f 44/44/2 46/46/3 47/47/2
f 45/45/4 48/48/4 46/46/3
f 47/47/2 46/46/3 49/49/3
f 46/46/3 48/48/4 49/49/3
f 47/47/2 49/49/3 50/50/2
f 51/51/4 49/49/3 48/48/4
f 50/50/2 49/49/3 52/52/3
f 52/52/3 49/49/3 51/51/4
f 52/52/3 53/53/2 50/50/2
f 51/51/4 54/54/3 52/52/3
f 54/54/3 53/53/2 52/52/3
f 55/55/4 54/54/3 51/51/4
f 56/56/6 57/57/1 58/58/6
f 57/57/1 56/56/6 59/59/1
f 58/58/6 57/57/1 60/60/1
f 59/59/1 56/56/6 61/61/6
f 58/58/6 60/60/1 62/62/6
f 59/59/1 61/61/6 63/63/1
f 56/56/6 64/64/7 61/61/6
f 58/58/6 65/65/7 56/56/6
f 62/62/6 60/60/1 66/66/1
f 63/63/1 61/61/6 67/67/6
f 64/64/7 67/67/6 61/61/6
f 65/65/7 64/64/7 56/56/6
f 62/62/6 66/66/1 68/68/6
f 69/69/7 65/65/7 58/58/6
f 70/70/7 67/67/6 64/64/7
f 62/62/6 69/69/7 58/58/6
f 68/68/6 66/66/1 71/71/1
f 72/72/7 69/69/7 62/62/6
f 68/68/6 72/72/7 62/62/6
f 68/68/6 71/71/1 73/73/8
f 74/74/7 72/72/7 68/68/6
f 73/73/8 74/74/7 68/68/6
f 73/73/8 71/71/1 75/75/1
f 76/76/7 74/74/7 73/73/8
f 73/73/8 75/75/1 77/77/6
f 77/77/6 76/76/7 73/73/8
f 77/77/6 75/75/1 78/78/1
f 79/79/7 76/76/7 77/77/6
f 77/77/6 78/78/1 80/80/6
f 80/80/6 79/79/7 77/77/6
f 80/80/6 78/78/1 81/81/1
f 82/82/7 79/79/7 80/80/6
f 80/80/6 81/81/1 83/83/6
f 80/80/6 83/83/6 82/82/7
f 83/83/6 81/81/1 84/84/1
f 82/82/7 83/83/6 85/85/7
f 84/84/1 86/86/6 83/83/6
f 86/86/6 85/85/7 83/83/6
f 87/87/1 86/86/6 84/84/1
f 88/88/7 85/85/7 86/86/6
f 89/1/1 90/2/1 91/3/2
f 92/7/2 89/1/1 91/3/2
f 91/3/2 90/2/1 93/4/2
f 94/8/1 89/1/1 92/7/2
f 90/2/1 95/5/1 93/4/2
f 93/4/2 95/5/1 96/6/2
f 97/9/2 94/8/1 92/7/2
f 98/10/1 94/8/1 97/9/2
f 99/11/2 98/10/1 97/9/2
f 100/12/1 98/10/1 99/11/2
f 101/13/2 100/12/1 99/11/2
f 102/14/1 100/12/1 101/13/2
f 103/15/2 102/14/1 101/13/2
f 104/16/1 102/14/1 103/15/2
f 105/17/2 104/16/1 103/15/2
f 106/18/1 104/16/1 105/17/2
f 107/19/2 106/18/1 105/17/2
f 108/20/1 106/18/1 107/19/2
f 109/21/2 108/20/1 107/19/2
f 110/22/1 108/20/1 109/21/2
f 111/23/3 112/24/2 113/25/3
f 112/24/2 111/23/3 114/26/2
f 113/25/3 112/24/2 115/27/2
f 114/26/2 111/23/3 116/28/3
f 113/25/3 115/27/2 117/29/3
f 114/26/2 116/28/3 118/30/2
f 111/23/3 119/31/4 116/28/3
f 113/25/3 120/32/4 111/23/3
f 117/29/3 115/27/2 121/33/9
f 118/30/2 116/28/3 122/34/3
f 120/32/4 119/31/4 111/23/3
f 113/25/3 117/29/3 123/35/4
f 118/30/2 122/34/3 124/36/2
f 123/35/4 120/32/4 113/25/3
f 119/31/4 125/37/4 116/28/3
f 123/35/4 117/29/3 126/38/4
f 116/28/3 125/37/4 122/34/3
f 124/36/2 122/34/3 127/39/3
f 125/37/4 128/40/4 122/34/3
f 122/34/3 128/40/4 127/39/3
f 124/36/2 127/39/3 129/41/2
f 128/40/4 130/42/4 127/39/3
f 129/41/2 127/39/3 131/43/3
f 127/39/3 130/42/4 131/43/3
f 129/41/2 131/43/3 132/44/2
f 130/42/4 133/45/4 131/43/3
f 132/44/2 131/43/3 134/46/3
f 131/43/3 133/45/4 134/46/3
f 132/44/2 134/46/3 135/47/2
f 133/45/4 136/48/4 134/46/3
f 135/47/2 134/46/3 137/49/3
f 134/46/3 136/48/4 137/49/3
f 135/47/2 137/49/3 138/50/2
f 139/51/4 137/49/3 136/48/4
f 138/50/2 137/49/3 140/52/3
f 140/52/3 137/49/3 139/51/4
f 140/52/3 141/53/2 138/50/2
f 139/51/4 142/54/3 140/52/3
f 142/54/3 141/53/2 140/52/3
f 143/55/4 142/54/3 139/51/4
f 144/56/6 145/57/1 146/58/6
f 145/57/1 144/56/6 147/59/1
f 146/58/6 145/57/1 148/60/1
f 147/59/1 144/56/6 149/61/6
f 146/58/6 148/60/1 150/62/6
f 147/59/1 149/61/6 151/63/1
f 144/56/6 152/64/7 149/61/6
f 146/58/6 153/65/7 144/56/6
f 150/62/6 148/60/1 154/66/10
f 151/63/1 149/61/6 155/67/6
f 152/64/7 155/67/6 149/61/6
f 153/65/7 152/64/7 144/56/6
f 150/62/6 154/66/10 156/68/6
f 157/69/7 153/65/7 146/58/6
f 158/70/7 155/67/6 152/64/7
f 150/62/6 157/69/7 146/58/6
f 156/68/6 154/66/10 159/71/1
f 160/72/7 157/69/7 150/62/6
f 156/68/6 160/72/7 150/62/6
f 156/68/6 159/71/1 161/73/6
f 162/74/7 160/72/7 156/68/6
f 161/73/6 162/74/7 156/68/6
f 161/73/6 159/71/1 163/75/1
f 164/76/7 162/74/7 161/73/6
f 161/73/6 163/75/1 165/77/6
f 165/77/6 164/76/7 161/73/6
f 165/77/6 163/75/1 166/78/1
f 167/79/7 164/76/7 165/77/6
f 165/77/6 166/78/1 168/80/6
f 168/80/6 167/79/7 165/77/6
f 168/80/6 166/78/1 169/81/1
f 170/82/7 167/79/7 168/80/6
f 168/80/6 169/81/1 171/83/6
f 168/80/6 171/83/6 170/82/7
f 171/83/6 169/81/1 172/84/1
f 170/82/7 171/83/6 173/85/7
f 172/84/1 174/86/6 171/83/6
f 174/86/6 173/85/7 171/83/6
f 175/87/1 174/86/6 172/84/1
f 176/88/7 173/85/7 174/86/6
f 177/1/1 178/2/1 179/3/2
f 180/7/2 177/1/1 179/3/2
f 179/3/2 178/2/1 181/4/2
f 182/8/1 177/1/1 180/7/2
f 178/2/1 183/5/1 181/4/2
f 181/4/2 183/5/1 184/6/2
f 185/9/2 182/8/1 180/7/2
f 186/10/1 182/8/1 185/9/2
f 187/11/2 186/10/1 185/9/2
f 188/12/1 186/10/1 187/11/2
f 189/13/2 188/12/1 187/11/2
f 190/14/1 188/12/1 189/13/2
f 191/15/2 190/14/1 189/13/2
f 192/16/1 190/14/1 191/15/2
f 193/17/2 192/16/1 191/15/2
f 194/18/1 192/16/1 193/17/2
f 195/19/2 194/18/1 193/17/2
f 196/20/1 194/18/1 195/19/2
f 197/21/2 196/20/1 195/19/2
f 198/22/1 196/20/1 197/21/2
f 199/23/3 200/24/2 201/25/3
f 200/24/2 199/23/3 202/26/2
f 201/25/3 200/24/2 203/27/2
f 202/26/2 199/23/3 204/28/3
f 201/25/3 203/27/2 205/29/3
f 202/26/2 204/28/3 206/30/2
f 199/23/3 207/31/4 204/28/3
f 201/25/3 208/32/4 199/23/3
f 205/29/3 203/27/2 209/33/5
f 206/30/2 204/28/3 210/34/3
f 208/32/4 207/31/4 199/23/3
f 201/25/3 205/29/3 211/35/4
f 206/30/2 210/34/3 212/36/2
f 211/35/4 208/32/4 201/25/3
f 207/31/4 213/37/4 204/28/3
f 211/35/4 205/29/3 214/38/4
f 204/28/3 213/37/4 210/34/3
f 212/36/2 210/34/3 215/39/3
f 213/37/4 216/40/4 210/34/3
f 210/34/3 216/40/4 215/39/3
f 212/36/2 215/39/3 217/41/2
f 216/40/4 218/42/4 215/39/3
f 217/41/2 215/39/3 219/43/3
f 215/39/3 218/42/4 219/43/3
f 217/41/2 219/43/3 220/44/2
f 218/42/4 221/45/4 219/43/3
f 220/44/2 219/43/3 222/46/3
f 219/43/3 221/45/4 222/46/3
f 220/44/2 222/46/3 223/47/2
f 221/45/4 224/48/4 222/46/3
f 223/47/2 222/46/3 225/49/3
f 222/46/3 224/48/4 225/49/3
f 223/47/2 225/49/3 226/50/2
f 227/51/4 225/49/3 224/48/4
f 226/50/2 225/49/3 228/52/3
f 228/52/3 225/49/3 227/51/4
f 228/52/3 229/53/2 226/50/2
f 227/51/4 230/54/3 228/52/3
f 230/54/3 229/53/2 228/52/3
f 231/55/4 230/54/3 227/51/4
f 232/56/6 233/57/1 234/58/6
f 233/57/1 232/56/6 235/59/1
f 234/58/6 233/57/1 236/60/1
f 235/59/1 232/56/6 237/61/6
f 234/58/6 236/60/1 238/62/6
f 235/59/1 237/61/6 239/63/1
f 232/56/6 240/64/7 237/61/6
f 234/58/6 241/65/7 232/56/6
f 238/62/6 236/60/1 242/66/1
f 239/63/1 237/61/6 243/67/6
f 240/64/7 243/67/6 237/61/6
f 241/65/7 240/64/7 232/56/6
f 238/62/6 242/66/1 244/68/6
f 245/69/7 241/65/7 234/58/6
f 246/70/7 243/67/6 240/64/7
f 238/62/6 245/69/7 234/58/6
f 244/68/6 242/66/1 247/71/1
f 248/72/7 245/69/7 238/62/6
f 244/68/6 248/72/7 238/62/6
f 244/68/6 247/71/1 249/73/6
f 250/74/7 248/72/7 244/68/6
f 249/73/6 250/74/7 244/68/6
f 249/73/6 247/71/1 251/75/1
f 252/76/7 250/74/7 249/73/6
f 249/73/6 251/75/1 253/77/6
f 253/77/6 252/76/7 249/73/6
f 253/77/6 251/75/1 254/78/1
f 255/79/7 252/76/7 253/77/6
f 253/77/6 254/78/1 256/80/6
f 256/80/6 255/79/7 253/77/6
f 256/80/6 254/78/1 257/81/1
f 258/82/7 255/79/7 256/80/6
f 256/80/6 257/81/1 259/83/6
f 256/80/6 259/83/6 258/82/7
f 259/83/6 257/81/1 260/84/1
f 258/82/7 259/83/6 261/85/7
f 260/84/1 262/86/6 259/83/6
f 262/86/6 261/85/7 259/83/6
f 263/87/1 262/86/6 260/84/1
f 264/88/7 261/85/7 262/86/6
f 265/89/11 266/90/12 267/91/13
f 267/91/13 268/92/14 265/89/11
f 267/91/13 266/90/12 269/93/15
f 265/89/11 268/92/14 270/94/16
f 271/95/17 267/91/13 269/93/15
f 272/96/18 269/93/15 266/90/12
f 265/89/11 273/97/19 266/90/12
f 268/92/14 267/91/13 274/98/20
f 274/98/20 267/91/13 271/95/17
f 265/89/11 270/94/16 273/97/19
f 275/99/21 269/93/15 272/96/18
f 266/90/12 273/97/19 276/100/22
f 269/93/15 275/99/21 271/95/17
f 272/96/18 266/90/12 276/100/22
f 277/101/23 278/102/24 279/103/25
f 277/101/23 280/104/26 278/102/24
f 279/103/25 278/102/24 281/105/27
f 278/102/24 280/104/26 282/106/28
f 283/107/29 279/103/25 281/105/27
f 284/108/30 281/105/27 278/102/24
f 282/106/28 284/108/30 278/102/24
f 285/109/31 279/103/25 283/107/29
f 286/110/32 281/105/27 284/108/30
f 286/110/32 283/107/29 281/105/27
f 287/111/33 288/112/34 289/113/31
f 287/111/33 290/114/35 288/112/34
f 289/113/31 288/112/34 291/115/36
f 288/112/34 290/114/35 292/116/37
f 288/112/34 293/117/38 291/115/36
f 293/117/38 288/112/34 292/116/37
f 291/115/36 293/117/38 294/118/39
f 295/119/40 296/120/41 297/121/26
f 298/122/22 296/120/41 295/119/40
f 297/121/26 296/120/41 299/123/42
f 300/124/43 296/120/41 298/122/22
f 301/125/44 299/123/42 296/120/41
f 296/120/41 300/124/43 301/125/44
f 302/126/45 299/123/42 301/125/44
f 303/127/45 304/128/44 305/129/35
f 305/129/35 304/128/44 306/130/46
f 307/131/43 306/130/46 304/128/44
f 308/132/38 306/130/46 307/131/43
f 309/133/43 310/134/22 311/135/38
f 311/135/38 310/134/22 312/136/39
f 313/137/11 314/138/12 315/139/13
f 315/139/13 316/140/14 313/137/11
f 315/139/13 314/138/12 317/141/15
f 313/137/11 316/140/14 318/142/16
f 319/143/23 315/139/13 317/141/15
f 320/144/18 317/141/15 314/138/12
f 313/137/11 321/97/39 314/138/12
f 316/140/14 315/139/13 322/145/47
f 322/145/47 315/139/13 319/143/23
f 313/137/11 318/142/16 321/97/39
f 323/146/21 317/141/15 320/144/18
f 314/138/12 321/97/39 324/100/48
f 317/141/15 323/146/21 319/143/23
f 320/144/18 314/138/12 324/100/48
f 325/147/23 326/148/24 327/103/25
f 325/147/23 328/149/26 326/148/24
f 327/103/25 326/148/24 329/150/27
f 326/148/24 328/149/26 330/151/28
f 331/152/29 327/103/25 329/150/27
f 332/108/45 329/150/27 326/148/24
f 330/151/28 332/108/45 326/148/24
f 333/153/14 327/103/25 331/152/29
f 334/154/32 329/150/27 332/108/45
f 334/154/32 331/152/29 329/150/27
f 335/155/33 336/156/34 337/113/14
f 335/155/33 338/157/35 336/156/34
f 337/113/14 336/156/34 339/158/36
f 336/156/34 338/157/35 340/159/46
f 336/156/34 341/160/38 339/158/36
f 341/160/38 336/156/34 340/159/46
f 339/158/36 341/160/38 342/161/39
f 343/162/40 344/163/41 345/164/21
f 346/165/22 344/163/41 343/162/40
f 345/164/21 344/163/41 347/166/28
f 348/124/49 344/163/41 346/165/22
f 349/167/50 347/166/28 344/163/41
f 344/163/41 348/124/49 349/167/50
f 350/168/30 347/166/28 349/167/50
f 351/169/30 352/170/44 353/171/32
f 353/171/32 352/170/44 354/172/46
f 355/173/43 354/172/46 352/170/44
f 356/174/38 354/172/46 355/173/43
f 357/175/49 358/176/48 359/177/38
f 359/177/38 358/176/48 360/178/39
f 361/1/1 362/2/1 363/3/2
f 364/7/2 361/1/1 363/3/2
f 363/3/2 362/2/1 365/4/51
f 366/8/1 361/1/1 364/7/2
f 362/2/1 367/5/1 365/4/51
f 365/4/51 367/5/1 368/6/2
f 369/9/2 366/8/1 364/7/2
f 370/10/1 366/8/1 369/9/2
f 371/11/2 370/10/1 369/9/2
f 372/12/1 370/10/1 371/11/2
f 373/13/2 372/12/1 371/11/2
f 374/14/1 372/12/1 373/13/2
f 375/15/51 374/14/1 373/13/2
f 376/16/10 374/14/1 375/15/51
f 377/17/2 376/16/10 375/15/51
f 378/18/10 376/16/10 377/17/2
f 379/19/51 378/18/10 377/17/2
f 380/20/1 378/18/10 379/19/51
f 381/21/51 380/20/1 379/19/51
f 382/22/1 380/20/1 381/21/51
f 383/23/3 384/24/2 385/25/3
f 384/24/2 383/23/3 386/26/2
f 385/25/3 384/24/2 387/27/51
f 386/26/2 383/23/3 388/28/3
f 385/25/3 387/27/51 389/29/3
f 386/26/2 388/28/3 390/30/2
f 383/23/3 391/31/4 388/28/3
f 385/25/3 392/32/4 383/23/3
f 389/29/3 387/27/51 393/33/2
f 390/30/2 388/28/3 394/34/3
f 392/32/4 391/31/4 383/23/3
f 385/25/3 389/29/3 395/35/4
f 390/30/2 394/34/3 396/36/2
f 395/35/4 392/32/4 385/25/3
f 391/31/4 397/37/4 388/28/3
f 395/35/4 389/29/3 398/38/4
f 388/28/3 397/37/4 394/34/3
f 396/36/2 394/34/3 399/39/3
f 397/37/4 400/40/4 394/34/3
f 394/34/3 400/40/4 399/39/3
f 396/36/2 399/39/3 401/41/51
f 400/40/4 402/42/4 399/39/3
f 401/41/51 399/39/3 403/43/3
f 399/39/3 402/42/4 403/43/3
f 401/41/51 403/43/3 404/44/2
f 402/42/4 405/45/4 403/43/3
f 404/44/2 403/43/3 406/46/52
f 403/43/3 405/45/4 406/46/52
f 404/44/2 406/46/52 407/47/2
f 405/45/4 408/48/4 406/46/52
f 407/47/2 406/46/52 409/49/3
f 406/46/52 408/48/4 409/49/3
f 407/47/2 409/49/3 410/50/51
f 411/51/4 409/49/3 408/48/4
f 410/50/51 409/49/3 412/52/52
f 412/52/52 409/49/3 411/51/4
f 412/52/52 413/53/51 410/50/51
f 411/51/4 414/54/52 412/52/52
f 414/54/52 413/53/51 412/52/52
f 415/55/4 414/54/52 411/51/4
f 416/56/6 417/57/1 418/58/6
f 417/57/1 416/56/6 419/59/1
f 418/58/6 417/57/1 420/60/1
f 419/59/1 416/56/6 421/61/6
f 418/58/6 420/60/1 422/62/6
f 419/59/1 421/61/6 423/63/1
f 416/56/6 424/64/7 421/61/6
f 418/58/6 425/65/7 416/56/6
f 422/62/6 420/60/1 426/66/1
f 423/63/1 421/61/6 427/67/6
f 424/64/7 427/67/6 421/61/6
f 425/65/7 424/64/7 416/56/6
f 422/62/6 426/66/1 428/68/6
f 429/69/7 425/65/7 418/58/6
f 430/70/7 427/67/6 424/64/7
f 422/62/6 429/69/7 418/58/6
f 428/68/6 426/66/1 431/71/1
f 432/72/7 429/69/7 422/62/6
f 428/68/6 432/72/7 422/62/6
f 428/68/6 431/71/1 433/73/6
f 434/74/7 432/72/7 428/68/6
f 433/73/6 434/74/7 428/68/6
f 433/73/6 431/71/1 435/75/10
f 436/76/7 434/74/7 433/73/6
f 433/73/6 435/75/10 437/77/8
f 437/77/8 436/76/7 433/73/6
f 437/77/8 435/75/10 438/78/10
f 439/79/7 436/76/7 437/77/8
f 437/77/8 438/78/10 440/80/8
f 440/80/8 439/79/7 437/77/8
f 440/80/8 438/78/10 441/81/10
f 442/82/7 439/79/7 440/80/8
f 440/80/8 441/81/10 443/83/6
f 440/80/8 443/83/6 442/82/7
f 443/83/6 441/81/10 444/84/1
f 442/82/7 443/83/6 445/85/7
f 444/84/1 446/86/6 443/83/6
f 446/86/6 445/85/7 443/83/6
f 447/87/1 446/86/6 444/84/1
f 448/88/7 445/85/7 446/86/6
f 449/179/53 450/180/54 451/181/55
f 451/181/55 452/182/56 449/179/53
f 449/179/53 453/183/57 450/180/54
f 454/184/58 452/182/56 451/181/55
f 452/182/56 455/185/59 449/179/53
f 449/179/53 455/185/59 453/183/57
f 450/180/54 453/183/57 456/186/60
f 456/186/60 454/184/58 451/181/55
f 451/181/55 450/180/54 456/186/60
f 452/182/56 457/187/61 455/185/59
f 455/185/59 458/188/62 453/183/57
f 458/188/62 454/184/58 456/186/60
f 453/183/57 458/188/62 456/186/60
f 459/189/63 457/187/61 452/182/56
f 454/184/58 459/189/63 452/182/56
f 457/187/61 460/190/64 455/185/59
f 455/185/59 460/190/64 458/188/62
f 461/191/65 459/189/63 454/184/58
f 460/190/64 461/191/65 458/188/62
f 458/188/62 461/191/65 454/184/58
f 459/189/63 462/192/66 457/187/61
f 457/187/61 463/193/67 460/190/64
f 462/192/66 463/193/67 457/187/61
f 460/190/64 464/194/68 461/191/65
f 463/193/67 464/194/68 460/190/64
f 465/195/69 462/192/66 459/189/63
f 464/194/68 465/195/69 461/191/65
f 461/191/65 465/195/69 459/189/63
f 466/196/70 467/197/71 468/198/72
f 468/198/72 469/199/73 466/196/70
f 468/198/72 467/197/71 470/200/74
f 466/196/70 469/199/73 471/201/75
f 472/202/76 468/198/72 470/200/74
f 473/203/77 470/200/74 467/197/71
f 466/196/70 474/204/78 467/197/71
f 469/199/73 468/198/72 475/205/79
f 475/205/79 468/198/72 472/202/76
f 466/196/70 471/201/75 474/204/78
f 476/206/80 470/200/74 473/203/77
f 467/197/71 474/204/78 477/207/81
f 470/200/74 476/206/80 472/202/76
f 473/203/77 467/197/71 477/207/81
f 478/208/82 479/209/83 480/210/84
f 481/211/85 478/208/82 480/210/84
f 480/210/84 479/209/83 482/212/86
f 483/213/87 478/208/82 481/211/85
f 480/210/84 482/212/86 484/214/84
f 482/212/86 479/209/83 485/215/88
f 486/216/66 478/208/82 483/213/87
f 481/211/85 480/210/84 487/217/85
f 487/217/85 480/210/84 484/214/84
f 486/216/66 479/209/83 478/208/82
f 485/215/88 479/209/83 488/218/89
f 489/219/88 482/212/86 485/215/88
f 487/217/85 484/214/84 490/220/85
f 491/221/69 479/209/83 486/216/66
f 491/221/69 488/218/89 479/209/83
f 492/222/86 482/212/86 489/219/88
f 484/214/84 482/212/86 492/222/86
f 490/220/85 484/214/84 493/223/84
f 484/214/84 492/222/86 493/223/84
f 494/224/88 492/222/86 489/219/88
f 490/220/85 493/223/84 495/225/85
f 496/226/86 492/222/86 494/224/88
f 493/223/84 492/222/86 496/226/86
f 495/225/85 493/223/84 497/227/84
f 493/223/84 496/226/86 497/227/84
f 498/228/88 496/226/86 494/224/88
f 497/227/84 499/229/85 495/225/85
f 500/230/86 496/226/86 498/228/88
f 497/227/84 496/226/86 500/230/86
f 501/231/84 499/229/85 497/227/84
f 498/228/88 502/232/86 500/230/86
f 501/231/84 497/227/84 502/232/86
f 502/232/86 497/227/84 500/230/86
f 501/231/84 503/233/90 499/229/85
f 504/234/88 502/232/86 498/228/88
f 505/235/91 501/231/84 502/232/86
f 504/234/88 505/235/91 502/232/86
f 506/236/92 503/233/90 501/231/84
f 506/236/92 501/231/84 505/235/91
f 507/237/73 505/235/91 504/234/88
f 508/238/89 509/239/93 510/240/88
f 508/238/89 511/241/69 509/239/93
f 510/240/88 509/239/93 512/242/94
f 509/239/93 511/241/69 513/243/95
f 510/240/88 512/242/94 514/244/88
f 509/239/93 515/245/96 512/242/94
f 513/243/95 515/245/96 509/239/93
f 514/244/88 512/242/94 516/246/94
f 512/242/94 515/245/96 517/247/97
f 512/242/94 517/247/97 516/246/94
f 514/244/88 516/246/94 518/248/88
f 516/246/94 517/247/97 519/249/97
f 518/248/88 516/246/94 520/250/94
f 516/246/94 519/249/97 520/250/94
f 518/248/88 520/250/94 521/251/88
f 520/250/94 519/249/97 522/252/97
f 521/251/88 520/250/94 523/253/94
f 520/250/94 522/252/97 523/253/94
f 521/251/88 523/253/94 524/254/88
f 523/253/94 522/252/97 525/255/97
f 524/254/88 523/253/94 526/256/94
f 523/253/94 525/255/97 526/256/94
f 524/254/88 526/256/94 527/257/98
f 526/256/94 525/255/97 528/258/97
f 527/257/98 526/256/94 529/259/99
f 526/256/94 528/258/97 529/259/99
f 529/259/99 528/258/97 530/260/78
f 531/261/100 532/262/87 533/263/101
f 534/264/67 532/262/87 531/261/100
f 533/263/101 532/262/87 535/265/85
f 536/266/66 532/262/87 534/264/67
f 537/267/102 531/261/100 533/263/101
f 533/263/101 535/265/85 538/268/101
f 534/264/67 531/261/100 539/269/103
f 539/269/103 531/261/100 537/267/102
f 537/267/102 533/263/101 540/270/102
f 540/270/102 533/263/101 538/268/101
f 538/268/101 535/265/85 541/271/85
f 540/270/102 538/268/101 542/272/102
f 538/268/101 541/271/85 543/273/101
f 542/272/102 538/268/101 543/273/101
f 543/273/101 541/271/85 544/274/85
f 542/272/102 543/273/101 545/275/102
f 543/273/101 544/274/85 546/276/101
f 545/275/102 543/273/101 546/276/101
f 546/276/101 544/274/85 547/277/85
f 545/275/102 546/276/101 548/278/102
f 547/277/85 549/279/101 546/276/101
f 548/278/102 546/276/101 549/279/101
f 550/280/85 549/279/101 547/277/85
f 548/278/102 549/279/101 551/281/104
f 552/282/80 549/279/101 550/280/85
f 551/281/104 549/279/101 553/283/105
f 553/283/105 549/279/101 552/282/80
f 554/284/96 555/285/106 556/286/97
f 554/284/96 557/287/68 555/285/106
f 556/286/97 555/285/106 558/288/102
f 555/285/106 557/287/68 559/289/67
f 556/286/97 558/288/102 560/290/97
f 560/290/97 558/288/102 561/291/102
f 560/290/97 561/291/102 562/292/97
f 562/292/97 561/291/102 563/293/102
f 562/292/97 563/293/102 564/294/97
f 564/294/97 563/293/102 565/295/102
f 564/294/97 565/295/102 566/296/97
f 566/296/97 565/295/102 567/297/102
f 566/296/97 567/297/102 568/298/107
f 568/298/107 567/297/102 569/299/108
f 570/300/53 571/301/54 572/302/55
f 572/302/55 573/303/56 570/300/53
f 570/300/53 574/304/57 571/301/54
f 575/305/109 573/303/56 572/302/55
f 573/303/56 576/306/59 570/300/53
f 570/300/53 576/306/59 574/304/57
f 571/301/54 574/304/57 577/307/60
f 577/307/60 575/305/109 572/302/55
f 572/302/55 571/301/54 577/307/60
f 573/303/56 578/308/61 576/306/59
f 576/306/59 579/309/62 574/304/57
f 579/309/62 575/305/109 577/307/60
f 574/304/57 579/309/62 577/307/60
f 580/310/63 578/308/61 573/303/56
f 575/305/109 580/310/63 573/303/56
f 578/308/61 581/311/64 576/306/59
f 576/306/59 581/311/64 579/309/62
f 582/312/65 580/310/63 575/305/109
f 581/311/64 582/312/65 579/309/62
f 579/309/62 582/312/65 575/305/109
f 580/310/63 583/313/110 578/308/61
f 578/308/61 584/314/67 581/311/64
f 583/313/110 584/314/67 578/308/61
f 581/311/64 585/315/68 582/312/65
f 584/314/67 585/315/68 581/311/64
f 586/316/69 583/313/110 580/310/63
f 585/315/68 586/316/69 582/312/65
f 582/312/65 586/316/69 580/310/63
f 587/317/111 588/318/112 589/319/72
f 589/319/72 590/320/98 587/317/111
f 589/319/72 588/318/112 591/321/113
f 587/317/111 590/320/98 592/322/99
f 593/323/114 589/319/72 591/321/113
f 594/324/79 589/319/72 593/323/114
f 595/325/105 591/321/113 588/318/112
f 587/317/111 596/326/107 588/318/112
f 597/327/80 591/321/113 595/325/105
f 588/318/112 596/326/107 598/328/108
f 599/329/82 600/330/115 601/331/84
f 602/332/85 599/329/82 601/331/84
f 601/331/84 600/330/115 603/333/86
f 604/334/116 599/329/82 602/332/85
f 601/331/84 603/333/86 605/335/84
f 603/333/86 600/330/115 606/336/88
f 607/337/66 599/329/82 604/334/116
f 602/332/85 601/331/84 608/338/85
f 608/338/85 601/331/84 605/335/84
f 607/337/66 600/330/115 599/329/82
f 606/336/88 600/330/115 609/339/89
f 610/340/88 603/333/86 606/336/88
f 608/338/85 605/335/84 611/341/85
f 612/342/117 600/330/115 607/337/66
f 612/342/117 609/339/89 600/330/115
f 613/343/86 603/333/86 610/340/88
f 605/335/84 603/333/86 613/343/86
f 611/341/85 605/335/84 614/344/84
f 605/335/84 613/343/86 614/344/84
f 615/345/88 613/343/86 610/340/88
f 611/341/85 614/344/84 616/346/85
f 617/347/86 613/343/86 615/345/88
f 614/344/84 613/343/86 617/347/86
f 616/346/85 614/344/84 618/348/84
f 614/344/84 617/347/86 618/348/84
f 619/349/88 617/347/86 615/345/88
f 618/348/84 620/350/85 616/346/85
f 621/351/86 617/347/86 619/349/88
f 618/348/84 617/347/86 621/351/86
f 622/352/84 620/350/85 618/348/84
f 619/349/88 623/353/86 621/351/86
f 622/352/84 618/348/84 623/353/86
f 623/353/86 618/348/84 621/351/86
f 622/352/84 624/354/118 620/350/85
f 625/355/88 623/353/86 619/349/88
f 626/356/86 622/352/84 623/353/86
f 625/355/88 626/356/86 623/353/86
f 627/357/84 624/354/118 622/352/84
f 627/357/84 622/352/84 626/356/86
f 628/358/88 626/356/86 625/355/88
f 627/357/84 629/359/80 624/354/118
f 628/358/88 630/360/91 626/356/86
f 630/360/91 627/357/84 626/356/86
f 631/361/92 629/359/80 627/357/84
f 631/361/92 627/357/84 630/360/91
f 632/362/113 629/359/80 631/361/92
f 633/363/73 630/360/91 628/358/88
f 633/363/73 634/364/72 630/360/91
f 635/365/119 636/366/93 637/367/88
f 635/365/119 638/368/69 636/366/93
f 637/367/88 636/366/93 639/369/94
f 636/366/93 638/368/69 640/370/95
f 637/367/88 639/369/94 641/371/88
f 636/366/93 642/372/96 639/369/94
f 640/370/95 642/372/96 636/366/93
f 641/371/88 639/369/94 643/373/94
f 639/369/94 642/372/96 644/374/97
f 639/369/94 644/374/97 643/373/94
f 641/371/88 643/373/94 645/375/88
f 643/373/94 644/374/97 646/376/97
f 645/375/88 643/373/94 647/377/94
f 643/373/94 646/376/97 647/377/94
f 645/375/88 647/377/94 648/378/88
f 647/377/94 646/376/97 649/379/97
f 648/378/88 647/377/94 650/380/94
f 647/377/94 649/379/97 650/380/94
f 648/378/88 650/380/94 651/381/88
f 650/380/94 649/379/97 652/382/97
f 651/381/88 650/380/94 653/383/94
f 650/380/94 652/382/97 653/383/94
f 651/381/88 653/383/94 654/384/88
f 653/383/94 652/382/97 655/385/97
f 654/384/88 653/383/94 656/386/94
f 653/383/94 655/385/97 656/386/94
f 654/384/88 656/386/94 657/387/73
f 656/386/94 655/385/97 658/388/97
f 657/387/73 656/386/94 659/389/99
f 656/386/94 658/388/97 659/389/99
f 659/389/99 658/388/97 660/390/78
f 661/391/120 659/389/99 660/390/78
f 662/392/100 663/393/87 664/394/101
f 665/395/67 663/393/87 662/392/100
f 664/394/101 663/393/87 666/396/85
f 667/397/121 663/393/87 665/395/67
f 668/398/102 662/392/100 664/394/101
f 664/394/101 666/396/85 669/399/101
f 665/395/67 662/392/100 670/400/106
f 670/400/106 662/392/100 668/398/102
f 668/398/102 664/394/101 671/401/102
f 671/401/102 664/394/101 669/399/101
f 669/399/101 666/396/85 672/402/85
f 671/401/102 669/399/101 673/403/102
f 669/399/101 672/402/85 674/404/101
f 673/403/102 669/399/101 674/404/101
f 674/404/101 672/402/85 675/405/85
f 673/403/102 674/404/101 676/406/102
f 674/404/101 675/405/85 677/407/101
f 676/406/102 674/404/101 677/407/101
f 677/407/101 675/405/85 678/408/85
f 676/406/102 677/407/101 679/409/102
f 678/408/85 680/410/101 677/407/101
f 679/409/102 677/407/101 680/410/101
f 681/411/85 680/410/101 678/408/85
f 679/409/102 680/410/101 682/412/102
f 683/413/85 680/410/101 681/411/85
f 682/412/102 680/410/101 684/414/101
f 684/414/101 680/410/101 683/413/85
f 682/412/102 684/414/101 685/415/81
f 686/416/80 684/414/101 683/413/85
f 685/415/81 684/414/101 687/417/105
f 687/417/105 684/414/101 686/416/80
f 687/417/105 688/418/122 685/415/81
f 689/419/96 690/420/106 691/421/97
f 689/419/96 692/422/68 690/420/106
f 691/421/97 690/420/106 693/423/102
f 690/420/106 692/422/68 694/424/67
f 691/421/97 693/423/102 695/425/97
f 695/425/97 693/423/102 696/426/102
f 695/425/97 696/426/102 697/427/97
f 697/427/97 696/426/102 698/428/102
f 697/427/97 698/428/102 699/429/97
f 699/429/97 698/428/102 700/430/123
f 699/429/97 700/430/123 701/431/97
f 701/431/97 700/430/123 702/432/102
f 701/431/97 702/432/102 703/433/97
f 703/433/97 702/432/102 704/434/123
f 703/433/97 704/434/123 705/435/107
f 705/435/107 704/434/123 706/436/124
f 707/437/53 708/438/54 709/439/55
f 709/439/55 710/440/56 707/437/53
f 707/437/53 711/441/57 708/438/54
f 712/442/58 710/440/56 709/439/55
f 710/440/56 713/443/59 707/437/53
f 707/437/53 713/443/59 711/441/57
f 708/438/54 711/441/57 714/444/60
f 714/444/60 712/442/58 709/439/55
f 709/439/55 708/438/54 714/444/60
f 710/440/56 715/445/61 713/443/59
f 713/443/59 716/446/62 711/441/57
f 716/446/62 712/442/58 714/444/60
f 711/441/57 716/446/62 714/444/60
f 717/447/63 715/445/61 710/440/56
f 712/442/58 717/447/63 710/440/56
f 715/445/61 718/448/64 713/443/59
f 713/443/59 718/448/64 716/446/62
f 719/449/65 717/447/63 712/442/58
f 718/448/64 719/449/65 716/446/62
f 716/446/62 719/449/65 712/442/58
f 717/447/63 720/450/66 715/445/61
f 715/445/61 721/451/67 718/448/64
f 720/450/66 721/451/67 715/445/61
f 718/448/64 722/452/95 719/449/65
f 721/451/67 722/452/95 718/448/64
f 723/453/69 720/450/66 717/447/63
f 722/452/95 723/453/69 719/449/65
f 719/449/65 723/453/69 717/447/63
f 724/454/111 725/455/112 726/456/72
f 726/456/72 727/457/73 724/454/111
f 726/456/72 725/455/112 728/458/113
f 724/454/111 727/457/73 729/459/75
f 730/460/114 726/456/72 728/458/113
f 731/461/79 726/456/72 730/460/114
f 732/462/77 728/458/113 725/455/112
f 724/454/111 733/463/107 725/455/112
f 734/464/80 728/458/113 732/462/77
f 725/455/112 733/463/107 735/465/108
f 736/466/82 737/467/83 738/468/84
f 739/469/85 736/466/82 738/468/84
f 738/468/84 737/467/83 740/470/86
f 741/471/116 736/466/82 739/469/85
f 738/468/84 740/470/86 742/472/84
f 740/470/86 737/467/83 743/473/88
f 744/474/66 736/466/82 741/471/116
f 739/469/85 738/468/84 745/475/85
f 745/475/85 738/468/84 742/472/84
f 744/474/66 737/467/83 736/466/82
f 743/473/88 737/467/83 746/476/89
f 747/477/88 740/470/86 743/473/88
f 745/475/85 742/472/84 748/478/125
f 749/479/117 737/467/83 744/474/66
f 749/479/117 746/476/89 737/467/83
f 750/480/86 740/470/86 747/477/88
f 742/472/84 740/470/86 750/480/86
f 748/478/125 742/472/84 751/481/84
f 742/472/84 750/480/86 751/481/84
f 752/482/88 750/480/86 747/477/88
f 748/478/125 751/481/84 753/483/85
f 754/484/86 750/480/86 752/482/88
f 751/481/84 750/480/86 754/484/86
f 753/483/85 751/481/84 755/485/84
f 751/481/84 754/484/86 755/485/84
f 756/486/88 754/484/86 752/482/88
f 755/485/84 757/487/85 753/483/85
f 758/488/86 754/484/86 756/486/88
f 755/485/84 754/484/86 758/488/86
f 759/489/84 757/487/85 755/485/84
f 756/486/88 760/490/86 758/488/86
f 759/489/84 755/485/84 760/490/86
f 760/490/86 755/485/84 758/488/86
f 759/489/84 761/491/118 757/487/85
f 762/492/88 760/490/86 756/486/88
f 763/493/86 759/489/84 760/490/86
f 762/492/88 763/493/86 760/490/86
f 764/494/84 761/491/118 759/489/84
f 764/494/84 759/489/84 763/493/86
f 765/495/88 763/493/86 762/492/88
f 764/494/84 766/496/80 761/491/118
f 765/495/88 767/497/91 763/493/86
f 767/497/91 764/494/84 763/493/86
f 768/498/92 766/496/80 764/494/84
f 768/498/92 764/494/84 767/497/91
f 769/499/113 766/496/80 768/498/92
f 770/500/73 767/497/91 765/495/88
f 770/500/73 771/501/72 767/497/91
f 772/502/119 773/503/93 774/504/88
f 772/502/119 775/505/69 773/503/93
f 774/504/88 773/503/93 776/506/94
f 773/503/93 775/505/69 777/507/95
f 774/504/88 776/506/94 778/508/88
f 773/503/93 779/509/96 776/506/94
f 777/507/95 779/509/96 773/503/93
f 778/508/88 776/506/94 780/510/94
f 776/506/94 779/509/96 781/511/97
f 776/506/94 781/511/97 780/510/94
f 778/508/88 780/510/94 782/512/88
f 780/510/94 781/511/97 783/513/97
f 782/512/88 780/510/94 784/514/94
f 780/510/94 783/513/97 784/514/94
f 782/512/88 784/514/94 785/515/88
f 784/514/94 783/513/97 786/516/97
f 785/515/88 784/514/94 787/517/94
f 784/514/94 786/516/97 787/517/94
f 785/515/88 787/517/94 788/518/88
f 787/517/94 786/516/97 789/519/97
f 788/518/88 787/517/94 790/520/94
f 787/517/94 789/519/97 790/520/94
f 788/518/88 790/520/94 791/521/88
f 790/520/94 789/519/97 792/522/97
f 791/521/88 790/520/94 793/523/94
f 790/520/94 792/522/97 793/523/94
f 791/521/88 793/523/94 794/524/73
f 793/523/94 792/522/97 795/525/97
f 794/524/73 793/523/94 796/526/99
f 793/523/94 795/525/97 796/526/99
f 796/526/99 795/525/97 797/527/78
f 798/528/120 796/526/99 797/527/78
f 799/529/100 800/530/87 801/531/101
f 802/532/67 800/530/87 799/529/100
f 801/531/101 800/530/87 803/533/85
f 804/534/121 800/530/87 802/532/67
f 805/535/102 799/529/100 801/531/101
f 801/531/101 803/533/85 806/536/101
f 802/532/67 799/529/100 807/537/106
f 807/537/106 799/529/100 805/535/102
f 805/535/102 801/531/101 808/538/102
f 808/538/102 801/531/101 806/536/101
f 806/536/101 803/533/85 809/539/85
f 808/538/102 806/536/101 810/540/102
f 806/536/101 809/539/85 811/541/101
f 810/540/102 806/536/101 811/541/101
f 811/541/101 809/539/85 812/542/85
f 810/540/102 811/541/101 813/543/102
f 811/541/101 812/542/85 814/544/101
f 813/543/102 811/541/101 814/544/101
f 814/544/101 812/542/85 815/545/85
f 813/543/102 814/544/101 816/546/102
f 815/545/85 817/547/101 814/544/101
f 816/546/102 814/544/101 817/547/101
f 818/548/85 817/547/101 815/545/85
f 816/546/102 817/547/101 819/549/102
f 820/550/85 817/547/101 818/548/85
f 819/549/102 817/547/101 821/551/101
f 821/551/101 817/547/101 820/550/85
f 819/549/102 821/551/101 822/552/81
f 823/553/80 821/551/101 820/550/85
f 822/552/81 821/551/101 824/554/105
f 824/554/105 821/551/101 823/553/80
f 824/554/105 825/555/122 822/552/81
f 826/556/96 827/557/106 828/558/97
f 826/556/96 829/559/68 827/557/106
f 828/558/97 827/557/106 830/560/102
f 827/557/106 829/559/68 831/561/67
f 828/558/97 830/560/102 832/562/97
f 832/562/97 830/560/102 833/563/102
f 832/562/97 833/563/102 834/564/97
f 834/564/97 833/563/102 835/565/102
f 834/564/97 835/565/102 836/566/126
f 836/566/126 835/565/102 837/567/123
f 836/566/126 837/567/123 838/568/97
f 838/568/97 837/567/123 839/569/123
f 838/568/97 839/569/123 840/570/97
f 840/570/97 839/569/123 841/571/123
f 840/570/97 841/571/123 842/572/107
f 842/572/107 841/571/123 843/573/124
f 844/574/127 845/575/128 846/576/129
f 845/575/128 844/574/127 847/577/130
f 846/576/129 845/575/128 848/578/131
f 847/577/130 844/574/127 849/579/132
f 846/576/129 848/578/131 850/580/133
f 845/575/128 851/581/134 848/578/131
f 852/582/135 845/575/128 847/577/130
f 851/581/134 845/575/128 852/582/135
f 850/580/133 848/578/131 853/583/136
f 854/584/137 851/581/134 852/582/135
f 848/578/131 851/581/134 855/585/138
f 848/578/131 855/585/138 853/583/136
f 856/586/139 851/581/134 854/584/137
f 851/581/134 856/586/139 855/585/138
f 853/583/136 855/585/138 857/587/140
f 858/588/141 856/586/139 854/584/137
f 855/585/138 856/586/139 859/589/142
f 859/589/142 857/587/140 855/585/138
f 860/590/143 856/586/139 858/588/141
f 856/586/139 860/590/143 859/589/142
f 861/591/144 857/587/140 859/589/142
f 862/592/145 860/590/143 858/588/141
f 859/589/142 863/593/146 861/591/144
f 859/589/142 860/590/143 863/593/146
f 864/594/147 860/590/143 862/592/145
f 860/590/143 864/594/147 863/593/146
f 861/591/144 863/593/146 865/595/148
f 862/592/145 866/596/149 864/594/147
f 863/593/146 864/594/147 867/597/150
f 867/597/150 865/595/148 863/593/146
f 868/598/151 866/596/149 862/592/145
f 867/597/150 864/594/147 869/599/152
f 869/599/152 864/594/147 866/596/149
f 870/600/153 865/595/148 867/597/150
f 866/596/149 868/598/151 871/601/154
f 869/599/152 866/596/149 872/602/155
f 872/602/155 866/596/149 871/601/154
f 867/597/150 873/603/156 870/600/153
f 869/599/152 873/603/156 867/597/150
f 871/601/154 868/598/151 874/604/157
f 872/602/155 871/601/154 875/605/158
f 872/602/155 876/606/159 869/599/152
f 869/599/152 876/606/159 873/603/156
f 871/601/154 874/604/157 877/607/160
f 875/605/158 871/601/154 877/607/160
f 875/605/158 878/608/161 872/602/155
f 872/602/155 878/608/161 876/606/159
f 877/607/160 874/604/157 879/609/162
f 875/605/158 877/607/160 880/610/163
f 875/605/158 881/611/164 878/608/161
f 880/610/163 881/611/164 875/605/158
f 877/607/160 879/609/162 882/612/165
f 880/610/163 877/607/160 882/612/165
f 880/610/163 883/613/166 881/611/164
f 882/612/165 879/609/162 884/614/167
f 885/615/168 883/613/166 880/610/163
f 882/612/165 885/615/168 880/610/163
f 884/614/167 886/616/169 882/612/165
f 886/616/169 885/615/168 882/612/165
f 887/617/170 886/616/169 884/614/167
f 888/618/171 889/619/172 890/620/173
f 891/621/174 888/618/171 890/620/173
f 890/620/173 889/619/172 892/622/172
f 893/623/175 888/618/171 891/621/174
f 892/622/172 894/624/176 890/620/173
f 892/622/172 889/619/172 895/625/177
f 896/626/134 893/623/175 891/621/174
f 889/619/172 888/618/171 897/627/178
f 894/624/176 898/628/179 890/620/173
f 899/629/180 893/623/175 896/626/134
f 890/620/173 898/628/179 891/621/174
f 897/627/178 888/618/171 900/630/181
f 893/623/175 899/629/180 901/631/182
f 891/621/174 902/632/135 896/626/134
f 898/628/179 902/632/135 891/621/174
f 888/618/171 893/623/175 900/630/181
f 901/631/182 899/629/180 903/633/183
f 902/632/135 904/634/184 896/626/134
f 889/619/172 897/627/178 905/635/185
f 900/630/181 893/623/175 901/631/182
f 899/629/180 906/636/186 903/633/183
f 895/625/177 889/619/172 905/635/185
f 905/635/185 897/627/178 907/637/187
f 896/626/134 904/634/184 908/638/188
f 906/636/186 899/629/180 908/638/188
f 895/625/177 905/635/185 909/639/189
f 905/635/185 907/637/187 910/640/190
f 908/638/188 899/629/180 896/626/134
f 911/641/191 906/636/186 908/638/188
f 909/639/189 905/635/185 910/640/190
f 910/640/190 907/637/187 912/642/192
f 913/643/193 895/625/177 909/639/189
f 914/644/194 906/636/186 911/641/191
f 909/639/189 910/640/190 915/645/160
f 910/640/190 912/642/192 916/646/195
f 917/647/196 895/625/177 913/643/193
f 908/638/188 918/648/197 911/641/191
f 915/645/160 910/640/190 916/646/195
f 895/625/177 917/647/196 892/622/172
f 904/634/184 918/648/197 908/638/188
f 915/645/160 916/646/195 919/649/198
f 913/643/193 909/639/189 920/650/162
f 892/622/172 917/647/196 921/651/178
f 920/650/162 909/639/189 915/645/160
f 919/649/198 916/646/195 922/652/199
f 921/651/178 894/624/176 892/622/172
f 920/650/162 915/645/160 923/653/200
f 923/653/200 915/645/160 919/649/198
f 916/646/195 924/654/201 922/652/199
f 919/649/198 925/655/202 923/653/200
f 916/646/195 912/642/192 924/654/201
f 922/652/199 924/654/201 926/656/203
f 927/657/204 925/655/202 919/649/198
f 922/652/199 927/657/204 919/649/198
f 926/656/203 928/658/205 922/652/199
f 928/658/205 927/657/204 922/652/199
f 929/659/206 928/658/205 926/656/203
f 930/660/207 931/661/208 932/662/178
f 930/660/207 933/663/209 931/661/208
f 932/662/178 931/661/208 934/664/210
f 935/665/211 933/663/209 930/660/207
f 932/662/178 934/664/210 936/666/212
f 935/665/211 937/667/135 933/663/209
f 936/666/212 934/664/210 938/668/196
f 939/669/135 937/667/135 935/665/211
f 936/666/212 938/668/196 940/670/213
f 941/671/214 937/667/135 939/669/135
f 940/670/213 938/668/196 942/672/215
f 943/673/216 937/667/135 941/671/214
f 940/670/213 942/672/215 944/674/217
f 941/671/214 945/675/218 943/673/216
f 946/676/132 945/675/218 941/671/214
f 944/674/217 942/672/215 947/677/217
f 944/674/217 947/677/217 948/678/219
f 948/678/219 947/677/217 949/679/220
f 949/679/220 950/680/221 948/678/219
f 948/678/219 950/680/221 951/681/222
f 952/682/195 953/683/4 954/684/223
f 952/682/195 955/685/4 953/683/4
f 954/684/223 953/683/4 956/686/4
f 957/687/224 955/685/4 952/682/195
f 958/688/225 952/682/195 954/684/223
f 953/683/4 955/685/4 959/689/4
f 956/686/4 960/690/226 954/684/223
f 957/687/224 961/691/4 955/685/4
f 962/692/227 952/682/195 958/688/225
f 963/693/4 960/690/226 956/686/4
f 962/692/227 957/687/224 952/682/195
f 964/694/228 961/691/4 957/687/224
f 954/684/223 965/695/229 958/688/225
f 960/690/226 965/695/229 954/684/223
f 966/696/230 957/687/224 962/692/227
f 966/696/230 964/694/228 957/687/224
f 964/694/228 967/697/4 961/691/4
f 956/686/4 953/683/4 968/698/4
f 956/686/4 969/699/4 963/693/4
f 970/700/231 964/694/228 966/696/230
f 961/691/4 967/697/4 971/701/4
f 968/698/4 969/699/4 956/686/4
f 970/700/231 972/702/172 964/694/228
f 973/703/4 961/691/4 971/701/4
f 972/702/172 967/697/4 964/694/228
f 968/698/4 974/704/232 969/699/4
f 955/685/4 961/691/4 973/703/4
f 972/702/172 975/705/233 967/697/4
f 968/698/4 953/683/4 959/689/4
f 959/689/4 955/685/4 973/703/4
f 976/706/232 974/704/232 968/698/4
f 967/697/4 975/705/233 977/707/4
f 968/698/4 959/689/4 976/706/232
f 978/708/178 972/702/172 970/700/231
f 967/697/4 977/707/4 979/709/4
f 975/705/233 980/710/234 977/707/4
f 976/706/232 981/711/235 974/704/232
f 978/708/178 982/712/181 972/702/172
f 972/702/172 982/712/181 975/705/233
f 977/707/4 980/710/234 983/713/4
f 976/706/232 984/714/235 981/711/235
f 974/704/232 981/711/235 985/715/235
f 982/712/181 986/716/236 975/705/233
f 975/705/233 986/716/236 980/710/234
f 987/717/232 984/714/235 976/706/232
f 980/710/234 988/718/180 983/713/4
f 977/707/4 983/713/4 989/719/4
f 986/716/236 990/720/183 980/710/234
f 984/714/235 987/717/232 991/721/235
f 980/710/234 990/720/183 988/718/180
f 983/713/4 988/718/180 992/722/4
f 989/719/4 983/713/4 993/723/4
f 991/721/235 987/717/232 994/724/232
f 990/720/183 995/725/237 988/718/180
f 983/713/4 992/722/4 993/723/4
f 991/721/235 994/724/232 996/726/235
f 987/717/232 973/703/4 994/724/232
f 988/718/180 995/725/237 997/727/238
f 988/718/180 997/727/238 992/722/4
f 993/723/4 992/722/4 998/728/4
f 959/689/4 973/703/4 987/717/232
f 995/725/237 999/729/239 997/727/238
f 993/723/4 998/728/4 1000/730/232
f 976/706/232 959/689/4 987/717/232
f 973/703/4 971/701/4 994/724/232
f 1001/731/232 993/723/4 1000/730/232
f 1002/732/4 998/728/4 992/722/4
f 992/722/4 997/727/238 1002/732/4
f 994/724/232 971/701/4 1003/733/232
f 989/719/4 993/723/4 1001/731/232
f 1004/734/4 998/728/4 1002/732/4
f 996/726/235 994/724/232 1003/733/232
f 1005/735/232 989/719/4 1001/731/232
f 1002/732/4 1006/736/4 1004/734/4
f 996/726/235 1003/733/232 1007/737/235
f 1007/737/235 1003/733/232 1005/735/232
f 979/709/4 989/719/4 1005/735/232
f 971/701/4 979/709/4 1003/733/232
f 1008/738/4 1006/736/4 1002/732/4
f 1007/737/235 1005/735/232 1009/739/235
f 1009/739/235 1005/735/232 1001/731/232
f 1003/733/232 979/709/4 1005/735/232
f 1002/732/4 1010/740/240 1008/738/4
f 1006/736/4 1011/741/232 1004/734/4
f 1009/739/235 1001/731/232 1012/742/235
f 997/727/238 1010/740/240 1002/732/4
f 979/709/4 977/707/4 989/719/4
f 1004/734/4 1011/741/232 1013/743/232
f 997/727/238 999/729/239 1010/740/240
f 1012/742/235 1001/731/232 1000/730/232
f 1013/743/232 1014/744/232 1004/734/4
f 1011/741/232 1015/745/235 1013/743/232
f 971/701/4 967/697/4 979/709/4
f 1012/742/235 1000/730/232 1016/746/235
f 1016/746/235 1000/730/232 1014/744/232
f 1013/743/232 1015/745/235 1017/747/235
f 1004/734/4 1014/744/232 998/728/4
f 1016/746/235 1014/744/232 1017/747/235
f 1000/730/232 998/728/4 1014/744/232
f 1017/747/235 1014/744/232 1013/743/232
f 1018/748/201 1019/749/227 1020/750/241
f 1018/748/201 1021/751/230 1019/749/227
f 1020/750/241 1019/749/227 1022/752/242
f 1023/753/243 1021/751/230 1018/748/201
f 1022/752/242 1024/754/244 1020/750/241
f 1020/750/241 1024/754/244 1025/755/245
f 1023/753/243 1026/756/231 1021/751/230
f 1027/757/187 1026/756/231 1023/753/243
f 1027/757/187 1028/758/210 1026/756/231
f 1029/759/246 1028/758/210 1027/757/187
f 1029/759/246 1030/760/247 1028/758/210
f 1031/761/247 1030/760/247 1029/759/246
f 1031/761/247 1032/762/248 1030/760/247
f 1033/763/249 1032/762/248 1031/761/247
f 1033/763/249 1034/764/250 1032/762/248
f 1035/765/251 1034/764/250 1033/763/249
f 1036/766/252 1034/764/250 1035/765/251
f 1037/767/237 1034/764/250 1036/766/252
f 1036/766/252 1038/768/253 1037/767/237
f 1039/769/254 1038/768/253 1036/766/252
f 1040/770/255 1041/771/256 1042/772/257
f 1040/770/255 1043/773/258 1041/771/256
f 1042/772/257 1041/771/256 1044/774/259
f 1045/775/260 1043/773/258 1040/770/255
f 1042/772/257 1044/774/259 1046/776/261
f 1041/771/256 1047/777/262 1044/774/259
f 1043/773/258 1048/778/263 1041/771/256
f 1048/778/263 1047/777/262 1041/771/256
f 1046/776/261 1044/774/259 1049/779/264
f 1050/780/265 1048/778/263 1043/773/258
f 1047/777/262 1051/781/266 1044/774/259
f 1044/774/259 1051/781/266 1049/779/264
f 1046/776/261 1049/779/264 1052/782/156
f 1048/778/263 1050/780/265 1053/783/267
f 1051/781/266 1047/777/262 1054/784/268
f 1052/782/156 1049/779/264 1055/785/269
f 1047/777/262 1048/778/263 1056/786/270
f 1056/786/270 1048/778/263 1053/783/267
f 1053/783/267 1050/780/265 1057/787/271
f 1054/784/268 1047/777/262 1056/786/270
f 1051/781/266 1058/788/272 1049/779/264
f 1049/779/264 1058/788/272 1055/785/269
f 1052/782/156 1055/785/269 1059/789/153
f 1060/790/273 1051/781/266 1054/784/268
f 1058/788/272 1051/781/266 1060/790/273
f 1059/789/153 1055/785/269 1061/791/274
f 1058/788/272 1062/792/275 1055/785/269
f 1055/785/269 1062/792/275 1061/791/274
f 1063/793/276 1058/788/272 1060/790/273
f 1062/792/275 1058/788/272 1063/793/276
f 1059/789/153 1061/791/274 1064/794/277
f 1062/792/275 1065/795/278 1061/791/274
f 1062/792/275 1063/793/276 1065/795/278
f 1064/794/277 1061/791/274 1066/796/279
f 1061/791/274 1065/795/278 1066/796/279
f 1065/795/278 1063/793/276 1067/797/280
f 1064/794/277 1066/796/279 1068/798/281
f 1065/795/278 1069/799/282 1066/796/279
f 1067/797/280 1069/799/282 1065/795/278
f 1068/798/281 1066/796/279 1070/800/283
f 1066/796/279 1069/799/282 1070/800/283
f 1071/801/284 1069/799/282 1067/797/280
f 1068/798/281 1070/800/283 1072/802/285
f 1069/799/282 1071/801/284 1073/803/286
f 1069/799/282 1073/803/286 1070/800/283
f 1072/802/285 1070/800/283 1074/804/287
f 1070/800/283 1073/803/286 1074/804/287
f 1073/803/286 1071/801/284 1075/805/288
f 1074/804/287 1076/806/289 1072/802/285
f 1077/807/290 1074/804/287 1073/803/286
f 1075/805/288 1077/807/290 1073/803/286
f 1078/808/291 1076/806/289 1074/804/287
f 1078/808/291 1074/804/287 1077/807/290
f 1079/809/292 1077/807/290 1075/805/288
f 1078/808/291 1080/810/293 1076/806/289
f 1079/809/292 1081/811/294 1077/807/290
f 1081/811/294 1078/808/291 1077/807/290
f 1082/812/295 1080/810/293 1078/808/291
f 1082/812/295 1078/808/291 1081/811/294
f 1083/813/296 1081/811/294 1079/809/292
f 906/636/186 914/644/194 1084/814/297
f 903/633/183 906/636/186 1084/814/297
f 1084/814/297 914/644/194 1085/815/298
f 1086/816/299 1087/817/300 1088/818/301
f 1087/817/300 1086/816/299 1089/819/302
f 1088/818/301 1087/817/300 1090/820/303
f 1089/819/302 1086/816/299 1091/821/304
f 1087/817/300 1092/822/305 1090/820/303
f 1091/821/304 1093/823/306 1089/819/302
f 1089/819/302 1094/824/307 1087/817/300
f 1087/817/300 1094/824/307 1092/822/305
f 1090/820/303 1092/822/305 1095/825/308
f 1096/826/309 1093/823/306 1091/821/304
f 1093/823/306 1097/827/310 1089/819/302
f 1089/819/302 1097/827/310 1094/824/307
f 1096/826/309 1098/828/311 1093/823/306
f 1093/823/306 1099/829/312 1097/827/310
f 1098/828/311 1099/829/312 1093/823/306
f 1100/830/280 1098/828/311 1096/826/309
f 1098/828/311 1101/831/313 1099/829/312
f 1100/830/280 1102/832/314 1098/828/311
f 1102/832/314 1101/831/313 1098/828/311
f 1103/833/315 1102/832/314 1100/830/280
f 1102/832/314 1104/834/316 1101/831/313
f 1103/833/315 1105/835/273 1102/832/314
f 1102/832/314 1105/835/273 1104/834/316
f 1101/831/313 1104/834/316 1106/836/317
f 1105/835/273 1107/837/318 1104/834/316
f 1108/838/319 1106/836/317 1104/834/316
f 1104/834/316 1107/837/318 1108/838/319
f 1109/839/320 1106/836/317 1108/838/319
f 1107/837/318 1110/840/321 1108/838/319
f 1111/841/322 1109/839/320 1108/838/319
f 1108/838/319 1110/840/321 1111/841/322
f 1112/842/323 1109/839/320 1111/841/322
f 1110/840/321 1113/843/267 1111/841/322
f 1114/844/324 1112/842/323 1111/841/322
f 1111/841/322 1113/843/267 1114/844/324
f 1115/845/325 1112/842/323 1114/844/324
f 1113/843/267 1116/846/326 1114/844/324
f 1117/847/327 1115/845/325 1114/844/324
f 1114/844/324 1116/846/326 1117/847/327
f 1118/848/328 1115/845/325 1117/847/327
f 1119/849/314 1120/850/314 1121/851/329
f 1119/849/314 1122/852/330 1120/850/314
f 1121/851/329 1120/850/314 1123/853/331
f 1119/849/314 1124/854/332 1122/852/330
f 1121/851/329 1123/853/331 1125/855/333
f 1120/850/314 1122/852/330 1126/856/334
f 1127/857/313 1124/854/332 1119/849/314
f 1128/858/335 1119/849/314 1121/851/329
f 1125/855/333 1123/853/331 1129/859/336
f 1122/852/330 1130/860/337 1126/856/334
f 1127/857/313 1119/849/314 1128/858/335
f 1125/855/333 1129/859/336 1131/861/302
f 1130/860/337 1122/852/330 1132/862/338
f 1132/862/338 1122/852/330 1124/854/332
f 1126/856/334 1130/860/337 1133/863/339
f 1134/864/340 1121/851/329 1125/855/333
f 1128/858/335 1121/851/329 1134/864/340
f 1135/865/341 1130/860/337 1132/862/338
f 1133/863/339 1136/866/342 1126/856/334
f 1134/864/340 1125/855/333 1137/867/343
f 1137/867/343 1125/855/333 1131/861/302
f 1130/860/337 1138/868/322 1133/863/339
f 1138/868/322 1130/860/337 1135/865/341
f 1136/866/342 1139/869/344 1126/856/334
f 1137/867/343 1131/861/302 1140/870/345
f 1133/863/339 1138/868/322 1141/871/346
f 1142/872/347 1136/866/342 1133/863/339
f 1126/856/334 1139/869/344 1120/850/314
f 1140/870/345 1131/861/302 1143/873/348
f 1141/871/346 1142/872/347 1133/863/339
f 1138/868/322 1144/874/349 1141/871/346
f 1120/850/314 1139/869/344 1123/853/331
f 1140/870/345 1143/873/348 1145/875/350
f 1144/874/349 1138/868/322 1146/876/351
f 1141/871/346 1144/874/349 1147/877/352
f 1123/853/331 1139/869/344 1148/878/353
f 1145/875/350 1143/873/348 1149/879/354
f 1147/877/352 1150/880/355 1141/871/346
f 1150/880/355 1142/872/347 1141/871/346
f 1123/853/331 1148/878/353 1129/859/336
f 1143/873/348 1151/881/356 1149/879/354
f 1152/882/357 1150/880/355 1147/877/352
f 1144/874/349 1153/883/358 1147/877/352
f 1129/859/336 1148/878/353 1154/884/359
f 1149/879/354 1151/881/356 1155/885/360
f 1153/883/358 1144/874/349 1156/886/361
f 1129/859/336 1154/884/359 1157/887/362
f 1151/881/356 1143/873/348 1157/887/362
f 1151/881/356 1158/888/363 1155/885/360
f 1156/886/361 1144/874/349 1146/876/351
f 1157/887/362 1154/884/359 1159/889/364
f 1157/887/362 1159/889/364 1151/881/356
f 1151/881/356 1159/889/364 1158/888/363
f 1155/885/360 1158/888/363 1160/890/365
f 1157/887/362 1143/873/348 1131/861/302
f 1131/861/302 1129/859/336 1157/887/362
f 1146/876/351 1138/868/322 1135/865/341
f 1147/877/352 1153/883/358 1161/891/366
f 1161/891/366 1152/882/357 1147/877/352
f 1162/892/367 1152/882/357 1161/891/366
f 1163/893/368 1164/894/313 1165/895/369
f 1166/896/370 1163/893/368 1165/895/369
f 1165/895/369 1164/894/313 1167/897/371
f 1168/898/310 1163/893/368 1166/896/370
f 1164/894/313 1169/899/317 1167/897/371
f 1170/900/343 1168/898/310 1166/896/370
f 1167/897/371 1169/899/317 1171/901/332
f 1172/902/372 1168/898/310 1170/900/343
f 1169/899/317 1173/903/373 1171/901/332
f 1170/900/343 1174/904/305 1172/902/372
f 1171/901/332 1173/903/373 1175/905/374
f 1176/906/375 1174/904/305 1170/900/343
f 1173/903/373 1177/907/323 1175/905/374
f 1178/908/376 1174/904/305 1176/906/375
f 1179/909/377 1174/904/305 1178/908/376
f 1175/905/374 1177/907/323 1180/910/323
f 1177/907/323 1181/911/378 1180/910/323
f 1180/910/323 1181/911/378 1182/912/379
f 1182/912/379 1181/911/378 1183/913/380
f 1183/913/380 1181/911/378 1184/914/381
f 1185/915/346 1186/916/382 1187/917/7
f 1188/918/7 1185/915/346 1187/917/7
f 1187/917/7 1186/916/382 1189/919/7
f 1190/920/383 1185/915/346 1188/918/7
f 1189/919/7 1191/921/7 1187/917/7
f 1186/916/382 1185/915/346 1192/922/384
f 1193/923/7 1190/920/383 1188/918/7
f 1194/924/385 1189/919/7 1186/916/382
f 1187/917/7 1191/921/7 1195/925/7
f 1196/926/386 1190/920/383 1193/923/7
f 1187/917/7 1195/925/7 1188/918/7
f 1197/927/7 1189/919/7 1194/924/385
f 1198/928/7 1196/926/386 1193/923/7
f 1185/915/346 1190/920/383 1199/929/387
f 1192/922/384 1185/915/346 1199/929/387
f 1197/927/7 1200/930/7 1189/919/7
f 1189/919/7 1200/930/7 1191/921/7
f 1193/923/7 1188/918/7 1201/931/7
f 1199/929/387 1190/920/383 1202/932/388
f 1190/920/383 1196/926/386 1202/932/388
f 1200/930/7 1203/933/389 1191/921/7
f 1201/931/7 1188/918/7 1204/934/7
f 1198/928/7 1193/923/7 1205/935/7
f 1202/932/388 1196/926/386 1206/936/390
f 1205/935/7 1193/923/7 1201/931/7
f 1188/918/7 1195/925/7 1204/934/7
f 1207/937/314 1196/926/386 1198/928/7
f 1196/926/386 1207/937/314 1206/936/390
f 1208/938/7 1198/928/7 1205/935/7
f 1201/931/7 1204/934/7 1209/939/389
f 1195/925/7 1191/921/7 1210/940/389
f 1211/941/7 1198/928/7 1208/938/7
f 1205/935/7 1201/931/7 1212/942/389
f 1212/942/389 1201/931/7 1209/939/389
f 1210/940/389 1191/921/7 1213/943/389
f 1207/937/314 1198/928/7 1214/944/331
f 1214/944/331 1198/928/7 1211/941/7
f 1209/939/389 1215/945/391 1212/942/389
f 1191/921/7 1203/933/389 1213/943/389
f 1214/944/331 1211/941/7 1216/946/392
f 1209/939/389 1217/947/391 1215/945/391
f 1212/942/389 1215/945/391 1218/948/391
f 1219/949/391 1210/940/389 1213/943/389
f 1216/946/392 1211/941/7 1220/950/7
f 1212/942/389 1218/948/391 1221/951/389
f 1222/952/391 1210/940/389 1219/949/391
f 1216/946/392 1220/950/7 1223/953/362
f 1221/951/389 1205/935/7 1212/942/389
f 1210/940/389 1222/952/391 1224/954/389
f 1224/954/389 1222/952/391 1217/947/391
f 1224/954/389 1217/947/391 1209/939/389
f 1223/953/362 1220/950/7 1225/955/7
f 1208/938/7 1205/935/7 1221/951/389
f 1224/954/389 1195/925/7 1210/940/389
f 1226/956/364 1216/946/392 1223/953/362
f 1227/957/389 1208/938/7 1221/951/389
f 1204/934/7 1195/925/7 1224/954/389
f 1209/939/389 1204/934/7 1224/954/389
f 1228/958/393 1216/946/392 1226/956/364
f 1229/959/7 1208/938/7 1227/957/389
f 1221/951/389 1230/960/391 1227/957/389
f 1226/956/364 1223/953/362 1231/961/394
f 1228/958/393 1214/944/331 1216/946/392
f 1221/951/389 1218/948/391 1230/960/391
f 1227/957/389 1230/960/391 1232/962/391
f 1231/961/394 1223/953/362 1233/963/395
f 1234/964/353 1214/944/331 1228/958/393
f 1227/957/389 1232/962/391 1235/965/389
f 1235/965/389 1229/959/7 1227/957/389
f 1225/955/7 1233/963/395 1223/953/362
f 1234/964/353 1207/937/314 1214/944/331
f 1235/965/389 1232/962/391 1236/966/391
f 1237/967/7 1233/963/395 1225/955/7
f 1238/968/313 1207/937/314 1234/964/353
f 1235/965/389 1236/966/391 1239/969/389
f 1233/963/395 1237/967/7 1240/970/396
f 1206/936/390 1207/937/314 1238/968/313
f 1241/971/7 1229/959/7 1235/965/389
f 1235/965/389 1239/969/389 1241/971/7
f 1240/970/396 1237/967/7 1242/972/7
f 1243/973/397 1233/963/395 1240/970/396
f 1241/971/7 1220/950/7 1229/959/7
f 1225/955/7 1220/950/7 1241/971/7
f 1225/955/7 1244/974/7 1237/967/7
f 1241/971/7 1239/969/389 1244/974/7
f 1231/961/394 1233/963/395 1243/973/397
f 1220/950/7 1211/941/7 1229/959/7
f 1241/971/7 1244/974/7 1225/955/7
f 1245/975/389 1244/974/7 1239/969/389
f 1242/972/7 1237/967/7 1246/976/7
f 1229/959/7 1211/941/7 1208/938/7
f 1246/976/7 1244/974/7 1245/975/389
f 1247/977/391 1245/975/389 1239/969/389
f 1246/976/7 1237/967/7 1244/974/7
f 1239/969/389 1236/966/391 1247/977/391
f 1248/978/391 1245/975/389 1247/977/391
f 1249/979/387 1250/980/398 1251/981/387
f 1252/982/399 1249/979/387 1251/981/387
f 1251/981/387 1250/980/398 1253/983/400
f 1254/984/401 1249/979/387 1252/982/399
f 1253/983/400 1250/980/398 1255/985/402
f 1255/985/402 1250/980/398 1256/986/403
f 1257/987/342 1254/984/401 1252/982/399
f 1258/988/342 1254/984/401 1257/987/342
f 1259/989/371 1258/988/342 1257/987/342
f 1260/990/371 1258/988/342 1259/989/371
f 1261/991/404 1260/990/371 1259/989/371
f 1262/992/404 1260/990/371 1261/991/404
f 1263/993/405 1262/992/404 1261/991/404
f 1264/994/406 1262/992/404 1263/993/405
f 1265/995/407 1264/994/406 1263/993/405
f 1266/996/408 1264/994/406 1265/995/407
f 1265/995/407 1267/997/409 1266/996/408
f 1268/998/410 1267/997/409 1265/995/407
f 1269/999/411 1267/997/409 1268/998/410
f 1270/1000/412 1267/997/409 1269/999/411
f 1271/1001/391 1272/1002/391 1273/1003/235
f 1274/1004/235 1271/1001/391 1273/1003/235
f 1273/1003/235 1272/1002/391 1275/1005/235
f 1276/1006/391 1271/1001/391 1274/1004/235
f 1272/1002/391 1277/1007/391 1275/1005/235
f 1275/1005/235 1277/1007/391 1278/1008/235
f 1279/1009/235 1276/1006/391 1274/1004/235
f 1280/1010/391 1276/1006/391 1279/1009/235
f 1281/1011/235 1280/1010/391 1279/1009/235
f 1282/1012/391 1280/1010/391 1281/1011/235
f 1283/1013/235 1282/1012/391 1281/1011/235
f 1284/1014/391 1282/1012/391 1283/1013/235
f 1285/1015/235 1284/1014/391 1283/1013/235
f 1286/1016/391 1284/1014/391 1285/1015/235
f 1287/1017/235 1286/1016/391 1285/1015/235
f 1288/1018/391 1286/1016/391 1287/1017/235
f 1289/1019/235 1288/1018/391 1287/1017/235
f 1290/1020/391 1288/1018/391 1289/1019/235
f 1291/1021/235 1290/1020/391 1289/1019/235
f 1292/1022/391 1290/1020/391 1291/1021/235
f 1219/949/391 1213/943/389 1293/1023/391
f 1293/1023/391 1213/943/389 1203/933/389
f 1194/924/385 1186/916/382 1294/1024/413
f 1294/1024/413 1186/916/382 1192/922/384
f 1295/1025/414 1296/1026/415 1297/1027/416
f 1298/1028/417 1295/1025/414 1297/1027/416
f 1297/1027/416 1296/1026/415 1299/1029/418
f 1300/1030/419 1295/1025/414 1298/1028/417
f 1299/1029/418 1301/1031/420 1297/1027/416
f 1296/1026/415 1302/1032/421 1299/1029/418
f 1303/1033/422 1300/1030/419 1298/1028/417
f 1304/1034/423 1296/1026/415 1295/1025/414
f 1297/1027/416 1301/1031/420 1305/1035/424
f 1306/1036/425 1300/1030/419 1303/1033/422
f 1307/1037/426 1296/1026/415 1304/1034/423
f 1297/1027/416 1308/1038/424 1298/1028/417
f 1306/1036/425 1309/1039/427 1300/1030/419
f 1310/1040/428 1303/1033/422 1298/1028/417
f 1296/1026/415 1311/1041/429 1302/1032/421
f 1298/1028/417 1308/1038/424 1312/1042/430
f 1300/1030/419 1309/1039/427 1313/1043/431
f 1314/1044/432 1303/1033/422 1310/1040/428
f 1302/1032/421 1311/1041/429 1315/1045/433
f 1295/1025/414 1300/1030/419 1316/1046/434
f 1316/1046/434 1300/1030/419 1317/1047/431
f 1299/1029/418 1302/1032/421 1318/1048/435
f 1299/1029/418 1318/1048/435 1319/1049/420
f 1302/1032/421 1320/1050/436 1318/1048/435
f 1319/1049/420 1318/1048/435 1321/1051/437
f 1302/1032/421 1322/1052/433 1320/1050/436
f 1318/1048/435 1320/1050/436 1323/1053/438
f 1320/1050/436 1322/1052/433 1324/1054/439
f 1325/1055/440 1318/1048/435 1323/1053/438
f 1326/1056/441 1318/1048/435 1325/1055/440
f 1327/1057/442 1328/1058/443 1329/1059/444
f 1330/1060/445 1327/1057/442 1329/1059/444
f 1329/1059/444 1328/1058/443 1331/1061/446
f 1332/1062/447 1327/1057/442 1330/1060/445
f 1331/1061/446 1333/1063/448 1329/1059/444
f 1328/1058/443 1334/1064/449 1331/1061/446
f 1335/1065/450 1332/1062/447 1330/1060/445
f 1336/1066/451 1328/1058/443 1327/1057/442
f 1329/1059/444 1333/1063/448 1337/1067/452
f 1338/1068/453 1332/1062/447 1335/1065/450
f 1339/1069/454 1328/1058/443 1336/1066/451
f 1329/1059/444 1340/1070/452 1330/1060/445
f 1338/1068/453 1341/1071/455 1332/1062/447
f 1342/1072/456 1335/1065/450 1330/1060/445
f 1328/1058/443 1343/1073/457 1334/1064/449
f 1330/1060/445 1340/1070/452 1342/1072/456
f 1332/1062/447 1341/1071/455 1344/1074/458
f 1345/1075/459 1335/1065/450 1342/1072/456
f 1334/1064/449 1343/1073/457 1346/1076/460
f 1347/1077/461 1332/1062/447 1344/1074/458
f 1327/1057/442 1332/1062/447 1347/1077/461
f 1331/1061/446 1334/1064/449 1348/1078/462
f 1331/1061/446 1348/1078/462 1349/1079/463
f 1349/1079/463 1348/1078/462 1350/1080/432
f 1351/1081/464 1352/1082/465 1353/1083/466
f 1354/1084/467 1351/1081/464 1353/1083/466
f 1353/1083/466 1352/1082/465 1355/1085/468
f 1356/1086/469 1351/1081/464 1354/1084/467
f 1355/1085/468 1357/1087/470 1353/1083/466
f 1352/1082/465 1358/1088/471 1355/1085/468
f 1359/1089/472 1356/1086/469 1354/1084/467
f 1360/1090/473 1352/1082/465 1351/1081/464
f 1353/1083/466 1357/1087/470 1361/1091/474
f 1362/1092/475 1356/1086/469 1359/1089/472
f 1363/1093/476 1352/1082/465 1360/1090/473
f 1353/1083/466 1364/1094/474 1354/1084/467
f 1362/1092/475 1365/1095/477 1356/1086/469
f 1366/1096/478 1359/1089/472 1354/1084/467
f 1352/1082/465 1367/1097/476 1358/1088/471
f 1354/1084/467 1364/1094/474 1368/1098/479
f 1356/1086/469 1365/1095/477 1369/1099/480
f 1370/1100/481 1359/1089/472 1366/1096/478
f 1358/1088/471 1367/1097/476 1371/1101/482
f 1351/1081/464 1356/1086/469 1372/1102/473
f 1372/1102/473 1356/1086/469 1373/1103/483
f 1355/1085/468 1358/1088/471 1374/1104/484
f 1355/1085/468 1374/1104/484 1375/1105/470
f 1375/1105/470 1374/1104/484 1376/1106/485
f 1377/1107/486 1378/1108/487 1379/1109/488
f 1380/1110/489 1377/1107/486 1379/1109/488
f 1379/1109/488 1378/1108/487 1381/1111/490
f 1382/1112/491 1377/1107/486 1380/1110/489
f 1379/1109/488 1383/1113/492 1380/1110/489
f 1380/1110/489 1383/1113/492 1384/1114/493
f 1378/1108/487 1385/1115/494 1381/1111/490
f 1377/1107/486 1382/1112/491 1386/1116/495
f 1387/1117/496 1379/1109/488 1381/1111/490
f 1386/1116/495 1382/1112/491 1388/1118/497
f 1377/1107/486 1389/1119/498 1378/1108/487
f 1390/1120/499 1379/1109/488 1387/1117/496
f 1381/1111/490 1385/1115/494 1391/1121/500
f 1378/1108/487 1389/1119/498 1392/1122/501
f 1381/1111/490 1391/1121/500 1393/1123/496
f 1393/1123/496 1391/1121/500 1394/1124/502
f 1378/1108/487 1395/1125/501 1385/1115/494
f 1385/1115/494 1395/1125/501 1396/1126/503
f 1397/1127/504 1398/1128/505 1399/1129/479
f 1399/1129/479 1398/1128/505 1400/1130/506
f 1401/1131/502 1399/1129/479 1400/1130/506
f 1398/1128/505 1402/1132/507 1400/1130/506
f 1403/1133/508 1402/1132/507 1398/1128/505
f 1402/1132/507 1404/1134/420 1400/1130/506
f 1405/1135/509 1402/1132/507 1403/1133/508
f 1406/1136/485 1403/1133/508 1398/1128/505
f 1407/1137/510 1404/1134/420 1402/1132/507
f 1408/1138/493 1400/1130/506 1404/1134/420
f 1409/1139/511 1404/1134/420 1407/1137/510
f 1410/1140/512 1407/1137/510 1402/1132/507
f 1411/1141/513 1400/1130/506 1408/1138/493
f 1412/1142/437 1408/1138/493 1404/1134/420
f 1413/1143/514 1414/1144/423 1415/1145/515
f 1415/1145/515 1414/1144/423 1416/1146/495
f 1417/1147/497 1415/1145/515 1416/1146/495
f 1418/1148/480 1416/1146/495 1414/1144/423
f 1419/1149/516 1416/1146/495 1418/1148/480
f 1420/1150/517 1416/1146/495 1419/1149/516
f 1421/1151/518 1418/1148/480 1414/1144/423
f 1422/1152/460 1421/1151/518 1414/1144/423
f 1423/1153/519 1418/1148/480 1421/1151/518
f 1424/1154/457 1421/1151/518 1422/1152/460
f 1425/1155/431 1422/1152/460 1414/1144/423
f 1426/1156/458 1423/1153/519 1421/1151/518
f 1427/1157/476 1418/1148/480 1423/1153/519
f 1428/1158/473 1418/1148/480 1427/1157/476
f 1429/1159/520 1430/1160/521 1431/1161/522
f 1432/1162/523 1429/1159/520 1431/1161/522
f 1433/1163/524 1429/1159/520 1432/1162/523
f 1431/1161/522 1430/1160/521 1434/1164/525
f 1434/1164/525 1435/1165/526 1431/1161/522
f 1431/1161/522 1435/1165/526 1436/1166/527
f 1430/1160/521 1437/1167/528 1434/1164/525
f 1438/1168/529 1437/1167/528 1430/1160/521
f 1434/1164/525 1437/1167/528 1439/1169/530
f 1440/1170/531 1441/1171/531 1442/1172/532
f 1442/1172/532 1441/1171/531 1443/1173/524
f 1444/1174/533 1445/1175/534 1446/1176/535
f 1446/1176/535 1445/1175/534 1447/1177/536
f 1447/1177/536 1448/1178/522 1446/1176/535
f 1446/1176/535 1448/1178/522 1449/1179/537
f 1450/1180/526 1451/1181/538 1452/1182/537
f 1450/1180/526 1453/1183/539 1451/1181/538
f 1452/1182/537 1451/1181/538 1454/1184/540
f 1450/1180/526 1455/1185/541 1453/1183/539
f 1451/1181/538 1453/1183/539 1456/1163/542
f 1452/1182/537 1454/1184/540 1457/1186/543
f 1457/1186/543 1454/1184/540 1458/1168/544
f 1459/1187/545 1460/1188/546 1461/1189/547
f 1462/1190/548 1460/1188/546 1459/1187/545
f 1460/1188/546 1463/1191/549 1461/1189/547
f 1464/1192/550 1460/1188/546 1462/1190/548
f 1461/1189/547 1463/1191/549 1465/1178/547
f 1466/1193/551 1465/1178/547 1463/1191/549
f 1467/1194/552 1468/1195/553 1469/1196/554
f 1469/1196/554 1468/1195/553 1470/1197/535
f 1471/1198/54 1472/1178/54 1473/1199/54
f 1473/1199/54 1472/1178/54 1474/1179/54
f 1475/1200/555 1476/1201/556 1477/1202/557
f 1475/1200/555 1478/1203/558 1476/1201/556
f 1477/1202/557 1476/1201/556 1479/1204/559
f 1476/1201/556 1478/1203/558 1480/1205/560
f 1481/1206/561 1479/1204/559 1476/1201/556
f 1481/1206/561 1476/1201/556 1480/1205/560
f 1482/1207/530 1479/1204/559 1481/1206/561
f 1483/1208/562 1484/1209/563 1485/1210/530
f 1483/1208/562 1486/1211/564 1484/1209/563
f 1485/1210/530 1484/1209/563 1487/1212/565
f 1484/1209/563 1486/1211/564 1488/1213/566
f 1489/1214/526 1485/1210/530 1487/1212/565
f 1490/1215/567 1485/1210/530 1489/1214/526
f 1491/1216/550 1487/1212/565 1484/1209/563
f 1491/1216/550 1484/1209/563 1488/1213/566
f 1492/1217/568 1487/1212/565 1491/1216/550
f 1493/1218/542 1494/1219/568 1495/1220/548
f 1495/1220/548 1494/1219/568 1496/1221/550
f 1497/1222/569 1498/1223/570 1499/1224/571
f 1498/1223/570 1497/1222/569 1500/1225/572
f 1499/1224/571 1498/1223/570 1501/1226/573
f 1499/1224/571 1501/1226/573 1502/1227/574
f 1498/1223/570 1503/1228/575 1501/1226/573
f 1502/1227/574 1501/1226/573 1504/1229/576
f 1503/1228/575 1498/1223/570 1505/1230/572
f 1502/1227/574 1504/1229/576 1506/1231/577
f 1501/1226/573 1503/1228/575 1507/1232/578
f 1501/1226/573 1507/1232/578 1504/1229/576
f 1506/1231/577 1504/1229/576 1508/1233/531
f 1503/1228/575 1509/1234/579 1507/1232/578
f 1506/1231/577 1508/1233/531 1510/1235/580
f 1504/1229/576 1507/1232/578 1511/1236/581
f 1504/1229/576 1511/1236/581 1508/1233/531
f 1509/1234/579 1503/1228/575 1512/1237/582
f 1510/1235/580 1508/1233/531 1513/1238/583
f 1507/1232/578 1509/1234/579 1514/1163/584
f 1507/1232/578 1514/1163/584 1511/1236/581
f 1510/1235/580 1513/1238/583 1515/1239/585
f 1508/1233/531 1511/1236/581 1516/1240/586
f 1509/1234/579 1517/1241/587 1514/1163/584
f 1508/1233/531 1516/1240/586 1513/1238/583
f 1515/1239/585 1513/1238/583 1518/1242/588
f 1511/1236/581 1514/1163/584 1519/1243/589
f 1514/1163/584 1517/1241/587 1520/1244/590
f 1511/1236/581 1519/1243/589 1516/1240/586
f 1515/1239/585 1518/1242/588 1521/1245/591
f 1514/1163/584 1520/1244/590 1519/1243/589
f 1517/1241/587 1522/1246/592 1520/1244/590
f 1516/1240/586 1519/1243/589 1523/1247/54
f 1513/1238/583 1524/1248/593 1518/1242/588
f 1517/1241/587 1509/1234/579 1525/1249/582
f 1513/1238/583 1516/1240/586 1524/1248/593
f 1519/1243/589 1520/1244/590 1526/1250/594
f 1519/1243/589 1526/1250/594 1523/1247/54
f 1522/1246/592 1517/1241/587 1527/1251/582
f 1516/1240/586 1523/1247/54 1524/1248/593
f 1520/1244/590 1522/1246/592 1528/1168/595
f 1520/1244/590 1528/1168/595 1526/1250/594
f 1518/1242/588 1524/1248/593 1529/1252/596
f 1523/1247/54 1526/1250/594 1530/1253/597
f 1522/1246/592 1531/1254/598 1528/1168/595
f 1518/1242/588 1529/1252/596 1532/1255/599
f 1524/1248/593 1523/1247/54 1533/1256/600
f 1523/1247/54 1530/1253/597 1533/1256/600
f 1528/1168/595 1531/1254/598 1534/1257/601
f 1524/1248/593 1533/1256/600 1529/1252/596
f 1521/1245/591 1518/1242/588 1532/1255/599
f 1526/1250/594 1528/1168/595 1535/1258/602
f 1528/1168/595 1534/1257/601 1535/1258/602
f 1526/1250/594 1535/1258/602 1530/1253/597
f 1529/1252/596 1533/1256/600 1536/1259/603
f 1532/1255/599 1529/1252/596 1537/1260/604
f 1531/1254/598 1538/1261/605 1534/1257/601
f 1530/1253/597 1535/1258/602 1539/1262/606
f 1529/1252/596 1536/1259/603 1537/1260/604
f 1538/1261/605 1531/1254/598 1540/1263/582
f 1533/1256/600 1530/1253/597 1541/1264/607
f 1530/1253/597 1539/1262/606 1541/1264/607
f 1533/1256/600 1541/1264/607 1536/1259/603
f 1537/1260/604 1536/1259/603 1542/1265/608
f 1534/1257/601 1538/1261/605 1543/1266/609
f 1535/1258/602 1544/1267/610 1539/1262/606
f 1541/1264/607 1539/1262/606 1545/1268/611
f 1536/1259/603 1546/1269/612 1542/1265/608
f 1534/1257/601 1543/1266/609 1544/1267/610
f 1536/1259/603 1541/1264/607 1546/1269/612
f 1535/1258/602 1534/1257/601 1544/1267/610
f 1541/1264/607 1545/1268/611 1546/1269/612
f 1542/1265/608 1546/1269/612 1547/1270/613
f 1538/1261/605 1548/1271/614 1543/1266/609
f 1544/1267/610 1543/1266/609 1549/1272/615
f 1539/1262/606 1550/1273/616 1545/1268/611
f 1546/1269/612 1551/1274/617 1547/1270/613
f 1539/1262/606 1544/1267/610 1550/1273/616
f 1543/1266/609 1548/1271/614 1552/1275/618
f 1546/1269/612 1545/1268/611 1551/1274/617
f 1543/1266/609 1552/1275/618 1549/1272/615
f 1544/1267/610 1549/1272/615 1550/1273/616
f 1548/1271/614 1538/1261/605 1553/1276/582
f 1545/1268/611 1554/1277/619 1551/1274/617
f 1549/1272/615 1552/1275/618 1555/1278/620
f 1545/1268/611 1550/1273/616 1554/1277/619
f 1547/1270/613 1551/1274/617 1556/1279/621
f 1550/1273/616 1549/1272/615 1557/1280/547
f 1549/1272/615 1555/1278/620 1557/1280/547
f 1550/1273/616 1557/1280/547 1554/1277/619
f 1551/1274/617 1554/1277/619 1558/1281/622
f 1551/1274/617 1558/1281/622 1556/1279/621
f 1557/1280/547 1555/1278/620 1559/1282/577
f 1554/1277/619 1557/1280/547 1560/1283/623
f 1554/1277/619 1560/1283/623 1558/1281/622
f 1557/1280/547 1559/1282/577 1560/1283/623
f 1556/1279/621 1558/1281/622 1561/1284/624
f 1560/1283/623 1559/1282/577 1562/1285/625
f 1558/1281/622 1560/1283/623 1563/1286/626
f 1558/1281/622 1563/1286/626 1561/1284/624
f 1560/1283/623 1562/1285/625 1563/1286/626
f 1561/1284/624 1563/1286/626 1564/1287/627
f 1563/1286/626 1562/1285/625 1565/1288/628
f 1563/1286/626 1565/1288/628 1564/1287/627
f 1564/1287/627 1565/1288/628 1566/1289/629
f 1531/1254/598 1522/1246/592 1567/1290/582
f 1568/1245/630 1569/1255/631 1570/1245/630
f 1570/1245/630 1569/1255/631 1571/1255/631
f 1569/1255/631 1572/1260/632 1571/1255/631
f 1571/1255/631 1572/1260/632 1573/1260/632
f 1572/1260/632 1574/1265/633 1573/1260/632
f 1573/1260/632 1574/1265/633 1575/1265/634
f 1574/1265/633 1576/1270/635 1575/1265/634
f 1575/1265/634 1576/1270/635 1577/1270/635
f 1576/1270/635 1578/1279/636 1577/1270/635
f 1577/1270/635 1578/1279/636 1579/1279/636
f 1578/1279/636 1580/1284/637 1579/1279/636
f 1579/1279/636 1580/1284/637 1581/1284/637
f 1580/1284/637 1582/1287/638 1581/1284/637
f 1581/1284/637 1582/1287/638 1583/1287/638
f 1582/1287/638 1584/1289/630 1583/1287/638
f 1583/1287/638 1584/1289/630 1585/1289/639
f 1586/1222/569 1587/1223/570 1588/1224/618
f 1587/1223/570 1586/1222/569 1589/1225/572
f 1588/1224/618 1587/1223/570 1590/1226/573
f 1588/1224/618 1590/1226/573 1591/1227/574
f 1587/1223/570 1592/1228/575 1590/1226/573
f 1591/1227/574 1590/1226/573 1593/1229/576
f 1592/1228/575 1587/1223/570 1594/1230/572
f 1591/1227/574 1593/1229/576 1595/1231/577
f 1590/1226/573 1592/1228/575 1596/1232/578
f 1590/1226/573 1596/1232/578 1593/1229/576
f 1595/1231/577 1593/1229/576 1597/1233/531
f 1592/1228/575 1598/1234/579 1596/1232/578
f 1595/1231/577 1597/1233/531 1599/1235/580
f 1593/1229/576 1596/1232/578 1600/1236/581
f 1593/1229/576 1600/1236/581 1597/1233/531
f 1598/1234/579 1592/1228/575 1601/1237/582
f 1599/1235/580 1597/1233/531 1602/1238/583
f 1596/1232/578 1598/1234/579 1603/1163/640
f 1596/1232/578 1603/1163/640 1600/1236/581
f 1599/1235/580 1602/1238/583 1604/1239/585
f 1597/1233/531 1600/1236/581 1605/1240/586
f 1598/1234/579 1606/1241/587 1603/1163/640
f 1597/1233/531 1605/1240/586 1602/1238/583
f 1604/1239/585 1602/1238/583 1607/1242/588
f 1600/1236/581 1603/1163/640 1608/1243/589
f 1603/1163/640 1606/1241/587 1609/1244/641
f 1600/1236/581 1608/1243/589 1605/1240/586
f 1604/1239/585 1607/1242/588 1610/1245/591
f 1603/1163/640 1609/1244/641 1608/1243/589
f 1606/1241/587 1611/1246/592 1609/1244/641
f 1605/1240/586 1608/1243/589 1612/1247/54
f 1602/1238/583 1613/1248/593 1607/1242/588
f 1606/1241/587 1598/1234/579 1614/1249/582
f 1602/1238/583 1605/1240/586 1613/1248/593
f 1608/1243/589 1609/1244/641 1615/1250/594
f 1608/1243/589 1615/1250/594 1612/1247/54
f 1611/1246/592 1606/1241/587 1616/1251/582
f 1605/1240/586 1612/1247/54 1613/1248/593
f 1609/1244/641 1611/1246/592 1617/1168/642
f 1609/1244/641 1617/1168/642 1615/1250/594
f 1607/1242/588 1613/1248/593 1618/1252/596
f 1612/1247/54 1615/1250/594 1619/1253/597
f 1611/1246/592 1620/1254/598 1617/1168/642
f 1607/1242/588 1618/1252/596 1621/1255/599
f 1613/1248/593 1612/1247/54 1622/1256/600
f 1612/1247/54 1619/1253/597 1622/1256/600
f 1617/1168/642 1620/1254/598 1623/1257/643
f 1613/1248/593 1622/1256/600 1618/1252/596
f 1610/1245/591 1607/1242/588 1621/1255/599
f 1615/1250/594 1617/1168/642 1624/1258/602
f 1617/1168/642 1623/1257/643 1624/1258/602
f 1615/1250/594 1624/1258/602 1619/1253/597
f 1618/1252/596 1622/1256/600 1625/1259/603
f 1621/1255/599 1618/1252/596 1626/1260/604
f 1620/1254/598 1627/1261/605 1623/1257/643
f 1619/1253/597 1624/1258/602 1628/1262/644
f 1618/1252/596 1625/1259/603 1626/1260/604
f 1627/1261/605 1620/1254/598 1629/1263/582
f 1622/1256/600 1619/1253/597 1630/1264/645
f 1619/1253/597 1628/1262/644 1630/1264/645
f 1622/1256/600 1630/1264/645 1625/1259/603
f 1626/1260/604 1625/1259/603 1631/1265/608
f 1623/1257/643 1627/1261/605 1632/1266/646
f 1624/1258/602 1633/1267/610 1628/1262/644
f 1630/1264/645 1628/1262/644 1634/1268/647
f 1625/1259/603 1635/1269/648 1631/1265/608
f 1623/1257/643 1632/1266/646 1633/1267/610
f 1625/1259/603 1630/1264/645 1635/1269/648
f 1624/1258/602 1623/1257/643 1633/1267/610
f 1630/1264/645 1634/1268/647 1635/1269/648
f 1631/1265/608 1635/1269/648 1636/1270/649
f 1627/1261/605 1637/1271/569 1632/1266/646
f 1633/1267/610 1632/1266/646 1638/1272/650
f 1628/1262/644 1639/1273/616 1634/1268/647
f 1635/1269/648 1640/1274/617 1636/1270/649
f 1628/1262/644 1633/1267/610 1639/1273/616
f 1632/1266/646 1637/1271/569 1641/1275/651
f 1635/1269/648 1634/1268/647 1640/1274/617
f 1632/1266/646 1641/1275/651 1638/1272/650
f 1633/1267/610 1638/1272/650 1639/1273/616
f 1637/1271/569 1627/1261/605 1642/1276/582
f 1634/1268/647 1643/1277/652 1640/1274/617
f 1638/1272/650 1641/1275/651 1644/1278/620
f 1634/1268/647 1639/1273/616 1643/1277/652
f 1636/1270/649 1640/1274/617 1645/1279/621
f 1639/1273/616 1638/1272/650 1646/1280/547
f 1638/1272/650 1644/1278/620 1646/1280/547
f 1639/1273/616 1646/1280/547 1643/1277/652
f 1640/1274/617 1643/1277/652 1647/1281/653
f 1640/1274/617 1647/1281/653 1645/1279/621
f 1646/1280/547 1644/1278/620 1648/1282/577
f 1643/1277/652 1646/1280/547 1649/1283/623
f 1643/1277/652 1649/1283/623 1647/1281/653
f 1646/1280/547 1648/1282/577 1649/1283/623
f 1645/1279/621 1647/1281/653 1650/1284/624
f 1649/1283/623 1648/1282/577 1651/1285/654
f 1647/1281/653 1649/1283/623 1652/1286/626
f 1647/1281/653 1652/1286/626 1650/1284/624
f 1649/1283/623 1651/1285/654 1652/1286/626
f 1650/1284/624 1652/1286/626 1653/1287/655
f 1652/1286/626 1651/1285/654 1654/1288/628
f 1652/1286/626 1654/1288/628 1653/1287/655
f 1653/1287/655 1654/1288/628 1655/1289/629
f 1620/1254/598 1611/1246/592 1656/1290/582
f 1657/1245/630 1658/1255/631 1659/1245/630
f 1659/1245/630 1658/1255/631 1660/1255/631
f 1658/1255/631 1661/1260/632 1660/1255/631
f 1660/1255/631 1661/1260/632 1662/1260/632
f 1661/1260/632 1663/1265/633 1662/1260/632
f 1662/1260/632 1663/1265/633 1664/1265/634
f 1663/1265/633 1665/1270/635 1664/1265/634
f 1664/1265/634 1665/1270/635 1666/1270/635
f 1665/1270/635 1667/1279/636 1666/1270/635
f 1666/1270/635 1667/1279/636 1668/1279/636
f 1667/1279/636 1669/1284/637 1668/1279/636
f 1668/1279/636 1669/1284/637 1670/1284/637
f 1669/1284/637 1671/1287/638 1670/1284/637
f 1670/1284/637 1671/1287/638 1672/1287/638
f 1671/1287/638 1673/1289/630 1672/1287/638
f 1672/1287/638 1673/1289/630 1674/1289/639
f 1675/1025/656 1676/1026/657 1677/1027/658
f 1678/1028/659 1675/1025/656 1677/1027/658
f 1677/1027/658 1676/1026/657 1679/1029/660
f 1680/1030/661 1675/1025/656 1678/1028/659
f 1679/1029/660 1681/1031/662 1677/1027/658
f 1676/1026/657 1682/1032/663 1679/1029/660
f 1683/1033/664 1680/1030/661 1678/1028/659
f 1684/1034/665 1676/1026/657 1675/1025/656
f 1677/1027/658 1681/1031/662 1685/1035/666
f 1686/1036/667 1680/1030/661 1683/1033/664
f 1687/1037/668 1676/1026/657 1684/1034/665
f 1677/1027/658 1688/1038/666 1678/1028/659
f 1686/1036/667 1689/1039/669 1680/1030/661
f 1690/1040/670 1683/1033/664 1678/1028/659
f 1676/1026/657 1691/1041/668 1682/1032/663
f 1678/1028/659 1688/1038/666 1692/1042/671
f 1680/1030/661 1689/1039/669 1693/1043/672
f 1694/1044/673 1683/1033/664 1690/1040/670
f 1682/1032/663 1691/1041/668 1695/1045/674
f 1675/1025/656 1680/1030/661 1696/1046/675
f 1696/1046/675 1680/1030/661 1697/1047/676
f 1679/1029/660 1682/1032/663 1698/1048/677
f 1679/1029/660 1698/1048/677 1699/1049/678
f 1682/1032/663 1700/1050/679 1698/1048/677
f 1699/1049/678 1698/1048/677 1701/1051/680
f 1682/1032/663 1702/1052/681 1700/1050/679
f 1698/1048/677 1700/1050/679 1703/1053/682
f 1700/1050/679 1702/1052/681 1704/1054/683
f 1705/1055/684 1698/1048/677 1703/1053/682
f 1706/1056/680 1698/1048/677 1705/1055/684
f 1707/1057/685 1708/1058/686 1709/1059/687
f 1710/1060/688 1707/1057/685 1709/1059/687
f 1709/1059/687 1708/1058/686 1711/1061/689
f 1712/1062/690 1707/1057/685 1710/1060/688
f 1711/1061/689 1713/1063/691 1709/1059/687
f 1708/1058/686 1714/1064/692 1711/1061/689
f 1715/1065/693 1712/1062/690 1710/1060/688
f 1716/1066/694 1708/1058/686 1707/1057/685
f 1709/1059/687 1713/1063/691 1717/1067/695
f 1718/1068/696 1712/1062/690 1715/1065/693
f 1719/1069/697 1708/1058/686 1716/1066/694
f 1709/1059/687 1720/1070/698 1710/1060/688
f 1718/1068/696 1721/1071/699 1712/1062/690
f 1722/1072/700 1715/1065/693 1710/1060/688
f 1708/1058/686 1723/1073/697 1714/1064/692
f 1710/1060/688 1720/1070/698 1722/1072/700
f 1712/1062/690 1721/1071/699 1724/1074/701
f 1725/1075/702 1715/1065/693 1722/1072/700
f 1714/1064/692 1723/1073/697 1726/1076/669
f 1727/1077/703 1712/1062/690 1724/1074/701
f 1707/1057/685 1712/1062/690 1727/1077/703
f 1711/1061/689 1714/1064/692 1728/1078/704
f 1711/1061/689 1728/1078/704 1729/1079/705
f 1729/1079/705 1728/1078/704 1730/1080/673
f 1731/1081/706 1732/1082/707 1733/1083/708
f 1734/1084/709 1731/1081/706 1733/1083/708
f 1733/1083/708 1732/1082/707 1735/1085/710
f 1736/1086/711 1731/1081/706 1734/1084/709
f 1735/1085/710 1737/1087/712 1733/1083/708
f 1732/1082/707 1738/1088/713 1735/1085/710
f 1739/1089/714 1736/1086/711 1734/1084/709
f 1740/1090/715 1732/1082/707 1731/1081/706
f 1733/1083/708 1737/1087/712 1741/1091/716
f 1742/1092/717 1736/1086/711 1739/1089/714
f 1743/1093/718 1732/1082/707 1740/1090/715
f 1733/1083/708 1744/1094/716 1734/1084/709
f 1742/1092/717 1745/1095/719 1736/1086/711
f 1746/1096/720 1739/1089/714 1734/1084/709
f 1732/1082/707 1747/1097/718 1738/1088/713
f 1734/1084/709 1744/1094/716 1748/1098/721
f 1736/1086/711 1745/1095/719 1749/1099/722
f 1750/1100/723 1739/1089/714 1746/1096/720
f 1738/1088/713 1747/1097/718 1751/1101/724
f 1731/1081/706 1736/1086/711 1752/1102/715
f 1752/1102/715 1736/1086/711 1753/1103/725
f 1735/1085/710 1738/1088/713 1754/1104/726
f 1735/1085/710 1754/1104/726 1755/1105/712
f 1755/1105/712 1754/1104/726 1756/1106/727
f 1757/1107/728 1758/1108/729 1759/1109/730
f 1760/1110/731 1757/1107/728 1759/1109/730
f 1759/1109/730 1758/1108/729 1761/1111/732
f 1762/1112/733 1757/1107/728 1760/1110/731
f 1759/1109/730 1763/1113/734 1760/1110/731
f 1760/1110/731 1763/1113/734 1764/1114/684
f 1758/1108/729 1765/1115/735 1761/1111/732
f 1757/1107/728 1762/1112/733 1766/1116/736
f 1767/1117/737 1759/1109/730 1761/1111/732
f 1766/1116/736 1762/1112/733 1768/1118/683
f 1757/1107/728 1769/1119/738 1758/1108/729
f 1770/1120/739 1759/1109/730 1767/1117/737
f 1761/1111/732 1765/1115/735 1771/1121/740
f 1758/1108/729 1769/1119/738 1772/1122/741
f 1761/1111/732 1771/1121/740 1773/1123/742
f 1773/1123/742 1771/1121/740 1774/1124/723
f 1758/1108/729 1775/1125/741 1765/1115/735
f 1765/1115/735 1775/1125/741 1776/1126/743
f 1777/1128/712 1778/1136/744 1779/1127/716
f 1779/1127/716 1778/1136/744 1780/1129/720
f 1780/1129/720 1778/1136/744 1781/1130/745
f 1782/1131/723 1780/1129/720 1781/1130/745
f 1778/1136/744 1783/1142/746 1781/1130/745
f 1784/1132/747 1783/1142/746 1778/1136/744
f 1785/1138/748 1781/1130/745 1783/1142/746
f 1786/1141/749 1781/1130/745 1785/1138/748
f 1787/1133/750 1784/1132/747 1778/1136/744
f 1788/1137/671 1783/1142/746 1784/1132/747
f 1789/1135/751 1784/1132/747 1787/1133/750
f 1790/1140/752 1788/1137/671 1784/1132/747
f 1791/1139/753 1783/1142/746 1788/1137/671
f 1792/1134/662 1783/1142/746 1791/1139/753
f 1793/1144/675 1794/1155/754 1795/1143/668
f 1795/1143/668 1794/1155/754 1796/1145/755
f 1796/1145/755 1794/1155/754 1797/1146/756
f 1798/1147/683 1796/1145/755 1797/1146/756
f 1797/1146/756 1794/1155/754 1799/1148/757
f 1800/1149/758 1797/1146/756 1799/1148/757
f 1801/1150/759 1797/1146/756 1800/1149/758
f 1799/1148/757 1794/1155/754 1802/1151/760
f 1803/1153/761 1799/1148/757 1802/1151/760
f 1804/1152/669 1802/1151/760 1794/1155/754
f 1805/1156/701 1803/1153/761 1802/1151/760
f 1806/1154/762 1802/1151/760 1804/1152/669
f 1807/1157/763 1799/1148/757 1803/1153/761
f 1808/1158/715 1799/1148/757 1807/1157/763
f 1809/1159/764 1810/1160/765 1811/1161/766
f 1812/1162/767 1809/1159/764 1811/1161/766
f 1813/1163/768 1809/1159/764 1812/1162/767
f 1811/1161/766 1810/1160/765 1814/1164/769
f 1814/1164/769 1815/1165/770 1811/1161/766
f 1811/1161/766 1815/1165/770 1816/1166/771
f 1810/1160/765 1817/1167/772 1814/1164/769
f 1818/1168/773 1817/1167/772 1810/1160/765
f 1814/1164/769 1817/1167/772 1819/1169/774
f 1820/1170/775 1821/1171/775 1822/1172/767
f 1822/1172/767 1821/1171/775 1823/1173/768
f 1824/1174/776 1825/1175/777 1826/1176/778
f 1826/1176/778 1825/1175/777 1827/1177/779
f 1827/1177/779 1828/1178/766 1826/1176/778
f 1826/1176/778 1828/1178/766 1829/1179/780
f 1830/1180/770 1831/1181/781 1832/1182/782
f 1830/1180/770 1833/1183/783 1831/1181/781
f 1832/1182/782 1831/1181/781 1834/1184/784
f 1830/1180/770 1835/1185/785 1833/1183/783
f 1831/1181/781 1833/1183/783 1836/1163/786
f 1832/1182/782 1834/1184/784 1837/1186/787
f 1837/1186/787 1834/1184/784 1838/1168/788
f 1839/1187/789 1840/1188/790 1841/1189/547
f 1842/1190/791 1840/1188/790 1839/1187/789
f 1840/1188/790 1843/1191/792 1841/1189/547
f 1844/1192/793 1840/1188/790 1842/1190/791
f 1841/1189/547 1843/1191/792 1845/1178/547
f 1846/1193/794 1845/1178/547 1843/1191/792
f 1847/1194/795 1848/1195/796 1849/1196/797
f 1849/1196/797 1848/1195/796 1850/1197/798
f 1851/1198/54 1852/1178/54 1853/1199/54
f 1853/1199/54 1852/1178/54 1854/1179/54
f 1855/1200/799 1856/1201/800 1857/1202/801
f 1855/1200/799 1858/1203/802 1856/1201/800
f 1857/1202/801 1856/1201/800 1859/1204/772
f 1856/1201/800 1858/1203/802 1860/1205/792
f 1861/1206/803 1859/1204/772 1856/1201/800
f 1861/1206/803 1856/1201/800 1860/1205/792
f 1862/1207/774 1859/1204/772 1861/1206/803
f 1863/1208/804 1864/1209/805 1865/1210/806
f 1863/1208/804 1866/1211/807 1864/1209/805
f 1865/1210/806 1864/1209/805 1867/1212/785
f 1864/1209/805 1866/1211/807 1868/1213/808
f 1869/1214/770 1865/1210/806 1867/1212/785
f 1870/1215/769 1865/1210/806 1869/1214/770
f 1871/1216/793 1867/1212/785 1864/1209/805
f 1871/1216/793 1864/1209/805 1868/1213/808
f 1872/1217/809 1867/1212/785 1871/1216/793
f 1873/1218/786 1874/1219/809 1875/1220/791
f 1875/1220/791 1874/1219/809 1876/1221/793
f 1877/1222/810 1878/1223/811 1879/1224/812
f 1878/1223/811 1877/1222/810 1880/1225/813
f 1879/1224/812 1878/1223/811 1881/1226/814
f 1879/1224/812 1881/1226/814 1882/1227/815
f 1878/1223/811 1883/1228/816 1881/1226/814
f 1882/1227/815 1881/1226/814 1884/1229/817
f 1883/1228/816 1878/1223/811 1885/1230/818
f 1882/1227/815 1884/1229/817 1886/1231/819
f 1881/1226/814 1883/1228/816 1887/1232/820
f 1881/1226/814 1887/1232/820 1884/1229/817
f 1886/1231/819 1884/1229/817 1888/1233/775
f 1883/1228/816 1889/1234/821 1887/1232/820
f 1886/1231/819 1888/1233/775 1890/1235/822
f 1884/1229/817 1887/1232/820 1891/1236/823
f 1884/1229/817 1891/1236/823 1888/1233/775
f 1889/1234/821 1883/1228/816 1892/1237/818
f 1890/1235/822 1888/1233/775 1893/1238/824
f 1887/1232/820 1889/1234/821 1894/1163/825
f 1887/1232/820 1894/1163/825 1891/1236/823
f 1890/1235/822 1893/1238/824 1895/1239/826
f 1888/1233/775 1891/1236/823 1896/1240/827
f 1889/1234/821 1897/1241/828 1894/1163/825
f 1888/1233/775 1896/1240/827 1893/1238/824
f 1895/1239/826 1893/1238/824 1898/1242/829
f 1891/1236/823 1894/1163/825 1899/1243/830
f 1894/1163/825 1897/1241/828 1900/1244/831
f 1891/1236/823 1899/1243/830 1896/1240/827
f 1895/1239/826 1898/1242/829 1901/1245/832
f 1894/1163/825 1900/1244/831 1899/1243/830
f 1897/1241/828 1902/1246/833 1900/1244/831
f 1896/1240/827 1899/1243/830 1903/1247/54
f 1893/1238/824 1904/1248/834 1898/1242/829
f 1897/1241/828 1889/1234/821 1905/1249/818
f 1893/1238/824 1896/1240/827 1904/1248/834
f 1899/1243/830 1900/1244/831 1906/1250/835
f 1899/1243/830 1906/1250/835 1903/1247/54
f 1902/1246/833 1897/1241/828 1907/1251/818
f 1896/1240/827 1903/1247/54 1904/1248/834
f 1900/1244/831 1902/1246/833 1908/1168/836
f 1900/1244/831 1908/1168/836 1906/1250/835
f 1898/1242/829 1904/1248/834 1909/1252/837
f 1903/1247/54 1906/1250/835 1910/1253/838
f 1902/1246/833 1911/1254/839 1908/1168/836
f 1898/1242/829 1909/1252/837 1912/1255/840
f 1904/1248/834 1903/1247/54 1913/1256/841
f 1903/1247/54 1910/1253/838 1913/1256/841
f 1908/1168/836 1911/1254/839 1914/1257/842
f 1904/1248/834 1913/1256/841 1909/1252/837
f 1901/1245/832 1898/1242/829 1912/1255/840
f 1906/1250/835 1908/1168/836 1915/1258/843
f 1908/1168/836 1914/1257/842 1915/1258/843
f 1906/1250/835 1915/1258/843 1910/1253/838
f 1909/1252/837 1913/1256/841 1916/1259/844
f 1912/1255/840 1909/1252/837 1917/1260/845
f 1911/1254/839 1918/1261/846 1914/1257/842
f 1910/1253/838 1915/1258/843 1919/1262/847
f 1909/1252/837 1916/1259/844 1917/1260/845
f 1918/1261/846 1911/1254/839 1920/1263/818
f 1913/1256/841 1910/1253/838 1921/1264/848
f 1910/1253/838 1919/1262/847 1921/1264/848
f 1913/1256/841 1921/1264/848 1916/1259/844
f 1917/1260/845 1916/1259/844 1922/1265/849
f 1914/1257/842 1918/1261/846 1923/1266/850
f 1915/1258/843 1924/1267/851 1919/1262/847
f 1921/1264/848 1919/1262/847 1925/1268/852
f 1916/1259/844 1926/1269/853 1922/1265/849
f 1914/1257/842 1923/1266/850 1924/1267/851
f 1916/1259/844 1921/1264/848 1926/1269/853
f 1915/1258/843 1914/1257/842 1924/1267/851
f 1921/1264/848 1925/1268/852 1926/1269/853
f 1922/1265/849 1926/1269/853 1927/1270/854
f 1918/1261/846 1928/1271/855 1923/1266/850
f 1924/1267/851 1923/1266/850 1929/1272/856
f 1919/1262/847 1930/1273/857 1925/1268/852
f 1926/1269/853 1931/1274/858 1927/1270/854
f 1919/1262/847 1924/1267/851 1930/1273/857
f 1923/1266/850 1928/1271/855 1932/1275/859
f 1926/1269/853 1925/1268/852 1931/1274/858
f 1923/1266/850 1932/1275/859 1929/1272/856
f 1924/1267/851 1929/1272/856 1930/1273/857
f 1928/1271/855 1918/1261/846 1933/1276/818
f 1925/1268/852 1934/1277/860 1931/1274/858
f 1929/1272/856 1932/1275/859 1935/1278/861
f 1925/1268/852 1930/1273/857 1934/1277/860
f 1927/1270/854 1931/1274/858 1936/1279/862
f 1930/1273/857 1929/1272/856 1937/1280/547
f 1929/1272/856 1935/1278/861 1937/1280/547
f 1930/1273/857 1937/1280/547 1934/1277/860
f 1931/1274/858 1934/1277/860 1938/1281/863
f 1931/1274/858 1938/1281/863 1936/1279/862
f 1937/1280/547 1935/1278/861 1939/1282/864
f 1934/1277/860 1937/1280/547 1940/1283/865
f 1934/1277/860 1940/1283/865 1938/1281/863
f 1937/1280/547 1939/1282/864 1940/1283/865
f 1936/1279/862 1938/1281/863 1941/1284/866
f 1940/1283/865 1939/1282/864 1942/1285/822
f 1938/1281/863 1940/1283/865 1943/1286/867
f 1938/1281/863 1943/1286/867 1941/1284/866
f 1940/1283/865 1942/1285/822 1943/1286/867
f 1941/1284/866 1943/1286/867 1944/1287/868
f 1943/1286/867 1942/1285/822 1945/1288/869
f 1943/1286/867 1945/1288/869 1944/1287/868
f 1944/1287/868 1945/1288/869 1946/1289/870
f 1911/1254/839 1902/1246/833 1947/1290/818
f 1948/1245/871 1949/1255/872 1950/1245/871
f 1950/1245/871 1949/1255/872 1951/1255/872
f 1949/1255/872 1952/1260/873 1951/1255/872
f 1951/1255/872 1952/1260/873 1953/1260/874
f 1952/1260/873 1954/1265/875 1953/1260/874
f 1953/1260/874 1954/1265/875 1955/1265/875
f 1954/1265/875 1956/1270/876 1955/1265/875
f 1955/1265/875 1956/1270/876 1957/1270/876
f 1956/1270/876 1958/1279/877 1957/1270/876
f 1957/1270/876 1958/1279/877 1959/1279/878
f 1958/1279/877 1960/1284/879 1959/1279/878
f 1959/1279/878 1960/1284/879 1961/1284/879
f 1960/1284/879 1962/1287/880 1961/1284/879
f 1961/1284/879 1962/1287/880 1963/1287/880
f 1962/1287/880 1964/1289/881 1963/1287/880
f 1963/1287/880 1964/1289/881 1965/1289/881
f 1966/1222/810 1967/1223/811 1968/1224/882
f 1967/1223/811 1966/1222/810 1969/1225/818
f 1968/1224/882 1967/1223/811 1970/1226/883
f 1968/1224/882 1970/1226/883 1971/1227/815
f 1967/1223/811 1972/1228/816 1970/1226/883
f 1971/1227/815 1970/1226/883 1973/1229/817
f 1972/1228/816 1967/1223/811 1974/1230/818
f 1971/1227/815 1973/1229/817 1975/1231/819
f 1970/1226/883 1972/1228/816 1976/1232/820
f 1970/1226/883 1976/1232/820 1973/1229/817
f 1975/1231/819 1973/1229/817 1977/1233/775
f 1972/1228/816 1978/1234/821 1976/1232/820
f 1975/1231/819 1977/1233/775 1979/1235/822
f 1973/1229/817 1976/1232/820 1980/1236/823
f 1973/1229/817 1980/1236/823 1977/1233/775
f 1978/1234/821 1972/1228/816 1981/1237/818
f 1979/1235/822 1977/1233/775 1982/1238/824
f 1976/1232/820 1978/1234/821 1983/1163/825
f 1976/1232/820 1983/1163/825 1980/1236/823
f 1979/1235/822 1982/1238/824 1984/1239/884
f 1977/1233/775 1980/1236/823 1985/1240/827
f 1978/1234/821 1986/1241/828 1983/1163/825
f 1977/1233/775 1985/1240/827 1982/1238/824
f 1984/1239/884 1982/1238/824 1987/1242/829
f 1980/1236/823 1983/1163/825 1988/1243/885
f 1983/1163/825 1986/1241/828 1989/1244/831
f 1980/1236/823 1988/1243/885 1985/1240/827
f 1984/1239/884 1987/1242/829 1990/1245/832
f 1983/1163/825 1989/1244/831 1988/1243/885
f 1986/1241/828 1991/1246/833 1989/1244/831
f 1985/1240/827 1988/1243/885 1992/1247/54
f 1982/1238/824 1993/1248/834 1987/1242/829
f 1986/1241/828 1978/1234/821 1994/1249/818
f 1982/1238/824 1985/1240/827 1993/1248/834
f 1988/1243/885 1989/1244/831 1995/1250/835
f 1988/1243/885 1995/1250/835 1992/1247/54
f 1991/1246/833 1986/1241/828 1996/1251/818
f 1985/1240/827 1992/1247/54 1993/1248/834
f 1989/1244/831 1991/1246/833 1997/1168/836
f 1989/1244/831 1997/1168/836 1995/1250/835
f 1987/1242/829 1993/1248/834 1998/1252/837
f 1992/1247/54 1995/1250/835 1999/1253/838
f 1991/1246/833 2000/1254/839 1997/1168/836
f 1987/1242/829 1998/1252/837 2001/1255/886
f 1993/1248/834 1992/1247/54 2002/1256/887
f 1992/1247/54 1999/1253/838 2002/1256/887
f 1997/1168/836 2000/1254/839 2003/1257/842
f 1993/1248/834 2002/1256/887 1998/1252/837
f 1990/1245/832 1987/1242/829 2001/1255/886
f 1995/1250/835 1997/1168/836 2004/1258/843
f 1997/1168/836 2003/1257/842 2004/1258/843
f 1995/1250/835 2004/1258/843 1999/1253/838
f 1998/1252/837 2002/1256/887 2005/1259/844
f 2001/1255/886 1998/1252/837 2006/1260/845
f 2000/1254/839 2007/1261/846 2003/1257/842
f 1999/1253/838 2004/1258/843 2008/1262/847
f 1998/1252/837 2005/1259/844 2006/1260/845
f 2007/1261/846 2000/1254/839 2009/1263/818
f 2002/1256/887 1999/1253/838 2010/1264/848
f 1999/1253/838 2008/1262/847 2010/1264/848
f 2002/1256/887 2010/1264/848 2005/1259/844
f 2006/1260/845 2005/1259/844 2011/1265/849
f 2003/1257/842 2007/1261/846 2012/1266/850
f 2004/1258/843 2013/1267/851 2008/1262/847
f 2010/1264/848 2008/1262/847 2014/1268/852
f 2005/1259/844 2015/1269/853 2011/1265/849
f 2003/1257/842 2012/1266/850 2013/1267/851
f 2005/1259/844 2010/1264/848 2015/1269/853
f 2004/1258/843 2003/1257/842 2013/1267/851
f 2010/1264/848 2014/1268/852 2015/1269/853
f 2011/1265/849 2015/1269/853 2016/1270/854
f 2007/1261/846 2017/1271/888 2012/1266/850
f 2013/1267/851 2012/1266/850 2018/1272/889
f 2008/1262/847 2019/1273/890 2014/1268/852
f 2015/1269/853 2020/1274/858 2016/1270/854
f 2008/1262/847 2013/1267/851 2019/1273/890
f 2012/1266/850 2017/1271/888 2021/1275/859
f 2015/1269/853 2014/1268/852 2020/1274/858
f 2012/1266/850 2021/1275/859 2018/1272/889
f 2013/1267/851 2018/1272/889 2019/1273/890
f 2017/1271/888 2007/1261/846 2022/1276/818
f 2014/1268/852 2023/1277/860 2020/1274/858
f 2018/1272/889 2021/1275/859 2024/1278/815
f 2014/1268/852 2019/1273/890 2023/1277/860
f 2016/1270/854 2020/1274/858 2025/1279/862
f 2019/1273/890 2018/1272/889 2026/1280/547
f 2018/1272/889 2024/1278/815 2026/1280/547
f 2019/1273/890 2026/1280/547 2023/1277/860
f 2020/1274/858 2023/1277/860 2027/1281/863
f 2020/1274/858 2027/1281/863 2025/1279/862
f 2026/1280/547 2024/1278/815 2028/1282/864
f 2023/1277/860 2026/1280/547 2029/1283/891
f 2023/1277/860 2029/1283/891 2027/1281/863
f 2026/1280/547 2028/1282/864 2029/1283/891
f 2025/1279/862 2027/1281/863 2030/1284/866
f 2029/1283/891 2028/1282/864 2031/1285/822
f 2027/1281/863 2029/1283/891 2032/1286/867
f 2027/1281/863 2032/1286/867 2030/1284/866
f 2029/1283/891 2031/1285/822 2032/1286/867
f 2030/1284/866 2032/1286/867 2033/1287/868
f 2032/1286/867 2031/1285/822 2034/1288/869
f 2032/1286/867 2034/1288/869 2033/1287/868
f 2033/1287/868 2034/1288/869 2035/1289/870
f 2000/1254/839 1991/1246/833 2036/1290/818
f 2037/1245/871 2038/1255/872 2039/1245/871
f 2039/1245/871 2038/1255/872 2040/1255/872
f 2038/1255/872 2041/1260/874 2040/1255/872
f 2040/1255/872 2041/1260/874 2042/1260/873
f 2041/1260/874 2043/1265/892 2042/1260/873
f 2042/1260/873 2043/1265/892 2044/1265/875
f 2043/1265/892 2045/1270/876 2044/1265/875
f 2044/1265/875 2045/1270/876 2046/1270/876
f 2045/1270/876 2047/1279/878 2046/1270/876
f 2046/1270/876 2047/1279/878 2048/1279/878
f 2047/1279/878 2049/1284/879 2048/1279/878
f 2048/1279/878 2049/1284/879 2050/1284/879
f 2049/1284/879 2051/1287/893 2050/1284/879
f 2050/1284/879 2051/1287/893 2052/1287/893
f 2051/1287/893 2053/1289/881 2052/1287/893
f 2052/1287/893 2053/1289/881 2054/1289/881
f 2055/1291/894 2056/1292/895 2057/1293/896
f 2056/1292/895 2055/1291/894 2058/1294/897
f 2057/1293/896 2056/1292/895 2059/1295/898
f 2058/1294/897 2055/1291/894 2060/1296/899
f 2057/1293/896 2059/1295/898 2061/1297/900
f 2056/1292/895 2062/1298/901 2059/1295/898
f 2063/1299/902 2056/1292/895 2058/1294/897
f 2062/1298/901 2056/1292/895 2063/1299/902
f 2061/1297/900 2059/1295/898 2064/1300/903
f 2065/1301/904 2062/1298/901 2063/1299/902
f 2059/1295/898 2062/1298/901 2066/1302/905
f 2059/1295/898 2066/1302/905 2064/1300/903
f 2067/1303/906 2062/1298/901 2065/1301/904
f 2062/1298/901 2067/1303/906 2066/1302/905
f 2064/1300/903 2066/1302/905 2068/1304/907
f 2069/1305/908 2067/1303/906 2065/1301/904
f 2066/1302/905 2067/1303/906 2070/1306/909
f 2070/1306/909 2068/1304/907 2066/1302/905
f 2071/1307/910 2067/1303/906 2069/1305/908
f 2067/1303/906 2071/1307/910 2070/1306/909
f 2072/1308/911 2068/1304/907 2070/1306/909
f 2073/1309/178 2071/1307/910 2069/1305/908
f 2070/1306/909 2074/1310/912 2072/1308/911
f 2070/1306/909 2071/1307/910 2074/1310/912
f 2075/1311/172 2071/1307/910 2073/1309/178
f 2071/1307/910 2075/1311/172 2074/1310/912
f 2072/1308/911 2074/1310/912 2076/1312/913
f 2073/1309/178 2077/1313/914 2075/1311/172
f 2074/1310/912 2075/1311/172 2078/1314/915
f 2078/1314/915 2076/1312/913 2074/1310/912
f 2079/1315/916 2077/1313/914 2073/1309/178
f 2078/1314/915 2075/1311/172 2080/1316/917
f 2080/1316/917 2075/1311/172 2077/1313/914
f 2081/1317/153 2076/1312/913 2078/1314/915
f 2077/1313/914 2079/1315/916 2082/1318/918
f 2080/1316/917 2077/1313/914 2083/1319/919
f 2083/1319/919 2077/1313/914 2082/1318/918
f 2078/1314/915 2084/1320/920 2081/1317/153
f 2080/1316/917 2084/1320/920 2078/1314/915
f 2082/1318/918 2079/1315/916 2085/1321/921
f 2083/1319/919 2082/1318/918 2086/1322/922
f 2083/1319/919 2087/1323/923 2080/1316/917
f 2080/1316/917 2087/1323/923 2084/1320/920
f 2082/1318/918 2085/1321/921 2088/1324/924
f 2086/1322/922 2082/1318/918 2088/1324/924
f 2086/1322/922 2089/1325/925 2083/1319/919
f 2083/1319/919 2089/1325/925 2087/1323/923
f 2088/1324/924 2085/1321/921 2090/1326/926
f 2086/1322/922 2088/1324/924 2091/1327/927
f 2086/1322/922 2092/1328/928 2089/1325/925
f 2091/1327/927 2092/1328/928 2086/1322/922
f 2088/1324/924 2090/1326/926 2093/1329/929
f 2091/1327/927 2088/1324/924 2093/1329/929
f 2091/1327/927 2094/1330/930 2092/1328/928
f 2093/1329/929 2090/1326/926 2095/1331/931
f 2096/1332/932 2094/1330/930 2091/1327/927
f 2093/1329/929 2096/1332/932 2091/1327/927
f 2095/1331/931 2097/1333/933 2093/1329/929
f 2097/1333/933 2096/1332/932 2093/1329/929
f 2098/1334/934 2097/1333/933 2095/1331/931
f 2099/1335/935 2100/1336/172 2101/1337/936
f 2102/1338/937 2099/1335/935 2101/1337/936
f 2101/1337/936 2100/1336/172 2103/1339/938
f 2104/1340/939 2099/1335/935 2102/1338/937
f 2103/1339/938 2105/1341/940 2101/1337/936
f 2103/1339/938 2100/1336/172 2106/1342/941
f 2107/1343/901 2104/1340/939 2102/1338/937
f 2100/1336/172 2099/1335/935 2108/1344/942
f 2105/1341/940 2109/1345/943 2101/1337/936
f 2110/1346/944 2104/1340/939 2107/1343/901
f 2101/1337/936 2109/1345/943 2102/1338/937
f 2108/1344/942 2099/1335/935 2111/1347/945
f 2104/1340/939 2110/1346/944 2112/1348/946
f 2102/1338/937 2113/1349/902 2107/1343/901
f 2109/1345/943 2113/1349/902 2102/1338/937
f 2099/1335/935 2104/1340/939 2111/1347/945
f 2112/1348/946 2110/1346/944 2114/1350/947
f 2113/1349/902 2115/1351/948 2107/1343/901
f 2100/1336/172 2108/1344/942 2116/1352/949
f 2111/1347/945 2104/1340/939 2112/1348/946
f 2110/1346/944 2117/1353/950 2114/1350/947
f 2106/1342/941 2100/1336/172 2116/1352/949
f 2116/1352/949 2108/1344/942 2118/1354/951
f 2107/1343/901 2115/1351/948 2119/1355/952
f 2117/1353/950 2110/1346/944 2119/1355/952
f 2106/1342/941 2116/1352/949 2120/1356/953
f 2116/1352/949 2118/1354/951 2121/1357/954
f 2119/1355/952 2110/1346/944 2107/1343/901
f 2122/1358/955 2117/1353/950 2119/1355/952
f 2120/1356/953 2116/1352/949 2121/1357/954
f 2121/1357/954 2118/1354/951 2123/1359/956
f 2124/1360/957 2106/1342/941 2120/1356/953
f 2125/1361/958 2117/1353/950 2122/1358/955
f 2120/1356/953 2121/1357/954 2126/1362/924
f 2121/1357/954 2123/1359/956 2127/1363/959
f 2128/1364/960 2106/1342/941 2124/1360/957
f 2119/1355/952 2129/1365/961 2122/1358/955
f 2126/1362/924 2121/1357/954 2127/1363/959
f 2106/1342/941 2128/1364/960 2103/1339/938
f 2115/1351/948 2129/1365/961 2119/1355/952
f 2126/1362/924 2127/1363/959 2130/1366/962
f 2124/1360/957 2120/1356/953 2131/1367/926
f 2103/1339/938 2128/1364/960 2132/1368/246
f 2131/1367/926 2120/1356/953 2126/1362/924
f 2130/1366/962 2127/1363/959 2133/1369/963
f 2132/1368/246 2105/1341/940 2103/1339/938
f 2131/1367/926 2126/1362/924 2134/1370/964
f 2134/1370/964 2126/1362/924 2130/1366/962
f 2127/1363/959 2135/1371/965 2133/1369/963
f 2130/1366/962 2136/1372/966 2134/1370/964
f 2127/1363/959 2123/1359/956 2135/1371/965
f 2133/1369/963 2135/1371/965 2137/1373/967
f 2138/1374/968 2136/1372/966 2130/1366/962
f 2133/1369/963 2138/1374/968 2130/1366/962
f 2137/1373/967 2139/1375/969 2133/1369/963
f 2139/1375/969 2138/1374/968 2133/1369/963
f 2140/1376/970 2139/1375/969 2137/1373/967
f 2141/1377/908 2142/1378/971 2143/1379/942
f 2141/1377/908 2144/1380/972 2142/1378/971
f 2143/1379/942 2142/1378/971 2145/1381/246
f 2146/1382/973 2144/1380/972 2141/1377/908
f 2143/1379/942 2145/1381/246 2147/1383/916
f 2146/1382/973 2148/1384/974 2144/1380/972
f 2147/1383/916 2145/1381/246 2149/1385/975
f 2150/1386/974 2148/1384/974 2146/1382/973
f 2147/1383/916 2149/1385/975 2151/1387/976
f 2152/1388/977 2148/1384/974 2150/1386/974
f 2151/1387/976 2149/1385/975 2153/1389/957
f 2154/1390/978 2148/1384/974 2152/1388/977
f 2151/1387/976 2153/1389/957 2155/1391/979
f 2152/1388/977 2156/1392/980 2154/1390/978
f 2157/1393/981 2156/1392/980 2152/1388/977
f 2155/1391/979 2153/1389/957 2158/1394/979
f 2155/1391/979 2158/1394/979 2159/1395/931
f 2159/1395/931 2158/1394/979 2160/1396/982
f 2160/1396/982 2161/1397/983 2159/1395/931
f 2159/1395/931 2161/1397/983 2162/1398/934
f 2163/1399/959 2164/1400/4 2165/1401/984
f 2163/1399/959 2166/1402/4 2164/1400/4
f 2165/1401/984 2164/1400/4 2167/1403/4
f 2168/1404/985 2166/1402/4 2163/1399/959
f 2169/1405/986 2163/1399/959 2165/1401/984
f 2164/1400/4 2166/1402/4 2170/1406/232
f 2167/1403/4 2171/1407/987 2165/1401/984
f 2168/1404/985 2172/1408/4 2166/1402/4
f 2173/1409/988 2163/1399/959 2169/1405/986
f 2174/1410/4 2171/1407/987 2167/1403/4
f 2173/1409/988 2168/1404/985 2163/1399/959
f 2175/1411/989 2172/1408/4 2168/1404/985
f 2165/1401/984 2176/1412/990 2169/1405/986
f 2171/1407/987 2176/1412/990 2165/1401/984
f 2177/1413/991 2168/1404/985 2173/1409/988
f 2177/1413/991 2175/1411/989 2168/1404/985
f 2175/1411/989 2178/1414/4 2172/1408/4
f 2167/1403/4 2164/1400/4 2179/1415/232
f 2167/1403/4 2180/1416/232 2174/1410/4
f 2181/1417/992 2175/1411/989 2177/1413/991
f 2172/1408/4 2178/1414/4 2182/1418/232
f 2179/1415/232 2180/1416/232 2167/1403/4
f 2181/1417/992 2183/1419/993 2175/1411/989
f 2184/1420/232 2172/1408/4 2182/1418/232
f 2183/1419/993 2178/1414/4 2175/1411/989
f 2179/1415/232 2185/1421/235 2180/1416/232
f 2186/1422/235 2184/1420/232 2182/1418/232
f 2183/1419/993 2187/1423/994 2178/1414/4
f 2179/1415/232 2188/1424/235 2185/1421/235
f 2180/1416/232 2185/1421/235 2189/1425/235
f 2186/1422/235 2182/1418/232 2190/1426/235
f 2178/1414/4 2187/1423/994 2191/1427/4
f 2170/1406/232 2188/1424/235 2179/1415/232
f 2192/1428/235 2184/1420/232 2186/1422/235
f 2178/1414/4 2191/1427/4 2193/1429/232
f 2188/1424/235 2170/1406/232 2192/1428/235
f 2190/1426/235 2182/1418/232 2193/1429/232
f 2192/1428/235 2170/1406/232 2184/1420/232
f 2182/1418/232 2178/1414/4 2193/1429/232
f 2187/1423/994 2194/1430/995 2191/1427/4
f 2190/1426/235 2193/1429/232 2195/1431/235
f 2170/1406/232 2166/1402/4 2184/1420/232
f 2179/1415/232 2164/1400/4 2170/1406/232
f 2191/1427/4 2194/1430/995 2196/1432/4
f 2195/1431/235 2193/1429/232 2197/1433/232
f 2166/1402/4 2172/1408/4 2184/1420/232
f 2191/1427/4 2196/1432/4 2197/1433/232
f 2194/1430/995 2198/1434/944 2196/1432/4
f 2193/1429/232 2191/1427/4 2197/1433/232
f 2195/1431/235 2197/1433/232 2199/1435/235
f 2187/1423/994 2200/1436/996 2194/1430/995
f 2196/1432/4 2198/1434/944 2201/1437/4
f 2199/1435/235 2197/1433/232 2202/1438/232
f 2203/1439/997 2200/1436/996 2187/1423/994
f 2196/1432/4 2201/1437/4 2202/1438/232
f 2194/1430/995 2204/1440/947 2198/1434/944
f 2197/1433/232 2196/1432/4 2202/1438/232
f 2200/1436/996 2204/1440/947 2194/1430/995
f 2183/1419/993 2203/1439/997 2187/1423/994
f 2204/1440/947 2205/1441/998 2198/1434/944
f 2199/1435/235 2202/1438/232 2206/1442/235
f 2207/1443/942 2203/1439/997 2183/1419/993
f 2198/1434/944 2208/1444/999 2201/1437/4
f 2198/1434/944 2205/1441/998 2208/1444/999
f 2206/1442/235 2202/1438/232 2209/1445/232
f 2207/1443/942 2183/1419/993 2181/1417/992
f 2202/1438/232 2201/1437/4 2209/1445/232
f 2205/1441/998 2210/1446/1000 2208/1444/999
f 2206/1442/235 2209/1445/232 2211/1447/235
f 2201/1437/4 2208/1444/999 2212/1448/4
f 2212/1448/4 2209/1445/232 2201/1437/4
f 2208/1444/999 2210/1446/1000 2213/1449/1001
f 2208/1444/999 2213/1449/1001 2212/1448/4
f 2211/1447/235 2209/1445/232 2214/1450/232
f 2214/1450/232 2209/1445/232 2212/1448/4
f 2212/1448/4 2213/1449/1001 2215/1451/4
f 2214/1450/232 2216/1452/235 2211/1447/235
f 2215/1451/4 2217/1453/232 2212/1448/4
f 2217/1453/232 2216/1452/235 2214/1450/232
f 2212/1448/4 2217/1453/232 2214/1450/232
f 2218/1454/965 2219/1455/1002 2220/1456/1003
f 2218/1454/965 2221/1457/1004 2219/1455/1002
f 2220/1456/1003 2219/1455/1002 2222/1458/986
f 2223/1459/1005 2221/1457/1004 2218/1454/965
f 2222/1458/986 2224/1460/1006 2220/1456/1003
f 2220/1456/1003 2224/1460/1006 2225/1461/1007
f 2223/1459/1005 2226/1462/992 2221/1457/1004
f 2227/1463/992 2226/1462/992 2223/1459/1005
f 2227/1463/992 2228/1464/246 2226/1462/992
f 2229/1465/246 2228/1464/246 2227/1463/992
f 2229/1465/246 2230/1466/1008 2228/1464/246
f 2231/1467/1008 2230/1466/1008 2229/1465/246
f 2231/1467/1008 2232/1468/1009 2230/1466/1008
f 2233/1469/1010 2232/1468/1009 2231/1467/1008
f 2233/1469/1010 2234/1470/1011 2232/1468/1009
f 2235/1471/947 2234/1470/1011 2233/1469/1010
f 2236/1472/1012 2234/1470/1011 2235/1471/947
f 2237/1473/998 2234/1470/1011 2236/1472/1012
f 2236/1472/1012 2238/1474/1013 2237/1473/998
f 2239/1475/1014 2238/1474/1013 2236/1472/1012
f 2240/1476/1015 2241/1477/1016 2242/1478/925
f 2240/1476/1015 2243/1479/1017 2241/1477/1016
f 2242/1478/925 2241/1477/1016 2244/1480/1018
f 2245/1481/1019 2243/1479/1017 2240/1476/1015
f 2242/1478/925 2244/1480/1018 2246/1482/1020
f 2241/1477/1016 2247/1483/1021 2244/1480/1018
f 2243/1479/1017 2248/1484/1022 2241/1477/1016
f 2248/1484/1022 2247/1483/1021 2241/1477/1016
f 2246/1482/1020 2244/1480/1018 2249/1485/1023
f 2250/1486/1024 2248/1484/1022 2243/1479/1017
f 2247/1483/1021 2251/1487/1025 2244/1480/1018
f 2244/1480/1018 2251/1487/1025 2249/1485/1023
f 2246/1482/1020 2249/1485/1023 2252/1488/1026
f 2248/1484/1022 2250/1486/1024 2253/1489/1027
f 2251/1487/1025 2247/1483/1021 2254/1490/1028
f 2252/1488/1026 2249/1485/1023 2255/1491/1029
f 2247/1483/1021 2248/1484/1022 2256/1492/1030
f 2256/1492/1030 2248/1484/1022 2253/1489/1027
f 2253/1489/1027 2250/1486/1024 2257/1493/1031
f 2254/1490/1028 2247/1483/1021 2256/1492/1030
f 2251/1487/1025 2258/1494/1032 2249/1485/1023
f 2249/1485/1023 2258/1494/1032 2255/1491/1029
f 2252/1488/1026 2255/1491/1029 2259/1495/153
f 2260/1496/1033 2251/1487/1025 2254/1490/1028
f 2258/1494/1032 2251/1487/1025 2260/1496/1033
f 2259/1495/153 2255/1491/1029 2261/1497/274
f 2258/1494/1032 2262/1498/275 2255/1491/1029
f 2255/1491/1029 2262/1498/275 2261/1497/274
f 2263/1499/276 2258/1494/1032 2260/1496/1033
f 2262/1498/275 2258/1494/1032 2263/1499/276
f 2259/1495/153 2261/1497/274 2264/1500/1034
f 2262/1498/275 2265/1501/1035 2261/1497/274
f 2262/1498/275 2263/1499/276 2265/1501/1035
f 2264/1500/1034 2261/1497/274 2266/1502/1036
f 2261/1497/274 2265/1501/1035 2266/1502/1036
f 2265/1501/1035 2263/1499/276 2267/1503/1037
f 2264/1500/1034 2266/1502/1036 2268/1504/1038
f 2265/1501/1035 2269/1505/1039 2266/1502/1036
f 2267/1503/1037 2269/1505/1039 2265/1501/1035
f 2268/1504/1038 2266/1502/1036 2270/1506/1040
f 2266/1502/1036 2269/1505/1039 2270/1506/1040
f 2271/1507/1041 2269/1505/1039 2267/1503/1037
f 2268/1504/1038 2270/1506/1040 2272/1508/907
f 2269/1505/1039 2271/1507/1041 2273/1509/1042
f 2269/1505/1039 2273/1509/1042 2270/1506/1040
f 2272/1508/907 2270/1506/1040 2274/1510/1043
f 2270/1506/1040 2273/1509/1042 2274/1510/1043
f 2273/1509/1042 2271/1507/1041 2275/1511/1044
f 2274/1510/1043 2276/1512/1045 2272/1508/907
f 2277/1513/1046 2274/1510/1043 2273/1509/1042
f 2275/1511/1044 2277/1513/1046 2273/1509/1042
f 2278/1514/1047 2276/1512/1045 2274/1510/1043
f 2278/1514/1047 2274/1510/1043 2277/1513/1046
f 2279/1515/1048 2277/1513/1046 2275/1511/1044
f 2278/1514/1047 2280/1516/1049 2276/1512/1045
f 2279/1515/1048 2281/1517/1050 2277/1513/1046
f 2281/1517/1050 2278/1514/1047 2277/1513/1046
f 2282/1518/1051 2280/1516/1049 2278/1514/1047
f 2282/1518/1051 2278/1514/1047 2281/1517/1050
f 2283/1519/1052 2281/1517/1050 2279/1515/1048
f 2117/1353/950 2125/1361/958 2284/1520/1012
f 2114/1350/947 2117/1353/950 2284/1520/1012
f 2284/1520/1012 2125/1361/958 2285/1521/1053
f 2286/1522/1054 2287/1523/1055 2288/1524/1056
f 2287/1523/1055 2286/1522/1054 2289/1525/1057
f 2288/1524/1056 2287/1523/1055 2290/1526/1058
f 2289/1525/1057 2286/1522/1054 2291/1527/1059
f 2287/1523/1055 2292/1528/1060 2290/1526/1058
f 2291/1527/1059 2293/1529/1061 2289/1525/1057
f 2289/1525/1057 2294/1530/1062 2287/1523/1055
f 2287/1523/1055 2294/1530/1062 2292/1528/1060
f 2290/1526/1058 2292/1528/1060 2295/1531/1063
f 2296/1532/1064 2293/1529/1061 2291/1527/1059
f 2293/1529/1061 2297/1533/1065 2289/1525/1057
f 2289/1525/1057 2297/1533/1065 2294/1530/1062
f 2296/1532/1064 2298/1534/1066 2293/1529/1061
f 2293/1529/1061 2299/1535/1067 2297/1533/1065
f 2298/1534/1066 2299/1535/1067 2293/1529/1061
f 2300/1536/1037 2298/1534/1066 2296/1532/1064
f 2298/1534/1066 2301/1537/344 2299/1535/1067
f 2300/1536/1037 2302/1538/1068 2298/1534/1066
f 2302/1538/1068 2301/1537/344 2298/1534/1066
f 2303/1539/315 2302/1538/1068 2300/1536/1037
f 2302/1538/1068 2304/1540/1069 2301/1537/344
f 2303/1539/315 2305/1541/1070 2302/1538/1068
f 2302/1538/1068 2305/1541/1070 2304/1540/1069
f 2301/1537/344 2304/1540/1069 2306/1542/1071
f 2305/1541/1070 2307/1543/1072 2304/1540/1069
f 2308/1544/1073 2306/1542/1071 2304/1540/1069
f 2304/1540/1069 2307/1543/1072 2308/1544/1073
f 2309/1545/1074 2306/1542/1071 2308/1544/1073
f 2307/1543/1072 2310/1546/1075 2308/1544/1073
f 2311/1547/1076 2309/1545/1074 2308/1544/1073
f 2308/1544/1073 2310/1546/1075 2311/1547/1076
f 2312/1548/1077 2309/1545/1074 2311/1547/1076
f 2310/1546/1075 2313/1549/1078 2311/1547/1076
f 2314/1550/1079 2312/1548/1077 2311/1547/1076
f 2311/1547/1076 2313/1549/1078 2314/1550/1079
f 2315/1551/1080 2312/1548/1077 2314/1550/1079
f 2313/1549/1078 2316/1552/1081 2314/1550/1079
f 2317/1553/1082 2315/1551/1080 2314/1550/1079
f 2314/1550/1079 2316/1552/1081 2317/1553/1082
f 2318/1554/1083 2315/1551/1080 2317/1553/1082
f 2319/1555/314 2320/1556/314 2321/1557/1084
f 2319/1555/314 2322/1558/1085 2320/1556/314
f 2321/1557/1084 2320/1556/314 2323/1559/1086
f 2319/1555/314 2324/1560/1087 2322/1558/1085
f 2321/1557/1084 2323/1559/1086 2325/1561/1088
f 2320/1556/314 2322/1558/1085 2326/1562/1089
f 2327/1563/344 2324/1560/1087 2319/1555/314
f 2328/1564/1090 2319/1555/314 2321/1557/1084
f 2325/1561/1088 2323/1559/1086 2329/1565/1091
f 2322/1558/1085 2330/1566/1092 2326/1562/1089
f 2327/1563/344 2319/1555/314 2328/1564/1090
f 2325/1561/1088 2329/1565/1091 2331/1567/1057
f 2330/1566/1092 2322/1558/1085 2332/1568/1093
f 2332/1568/1093 2322/1558/1085 2324/1560/1087
f 2326/1562/1089 2330/1566/1092 2333/1569/1094
f 2334/1570/1095 2321/1557/1084 2325/1561/1088
f 2328/1564/1090 2321/1557/1084 2334/1570/1095
f 2335/1571/1077 2330/1566/1092 2332/1568/1093
f 2333/1569/1094 2336/1572/1096 2326/1562/1089
f 2334/1570/1095 2325/1561/1088 2337/1573/1062
f 2337/1573/1062 2325/1561/1088 2331/1567/1057
f 2330/1566/1092 2338/1574/1097 2333/1569/1094
f 2338/1574/1097 2330/1566/1092 2335/1571/1077
f 2336/1572/1096 2339/1575/344 2326/1562/1089
f 2337/1573/1062 2331/1567/1057 2340/1576/1098
f 2333/1569/1094 2338/1574/1097 2341/1577/1099
f 2342/1578/1100 2336/1572/1096 2333/1569/1094
f 2326/1562/1089 2339/1575/344 2320/1556/314
f 2340/1576/1098 2331/1567/1057 2343/1579/1101
f 2341/1577/1099 2342/1578/1100 2333/1569/1094
f 2338/1574/1097 2344/1580/1102 2341/1577/1099
f 2320/1556/314 2339/1575/344 2323/1559/1086
f 2340/1576/1098 2343/1579/1101 2345/1581/1103
f 2344/1580/1102 2338/1574/1097 2346/1582/1104
f 2341/1577/1099 2344/1580/1102 2347/1583/1105
f 2323/1559/1086 2339/1575/344 2348/1584/1106
f 2345/1581/1103 2343/1579/1101 2349/1585/1107
f 2347/1583/1105 2350/1586/1108 2341/1577/1099
f 2350/1586/1108 2342/1578/1100 2341/1577/1099
f 2323/1559/1086 2348/1584/1106 2329/1565/1091
f 2343/1579/1101 2351/1587/1109 2349/1585/1107
f 2352/1588/1110 2350/1586/1108 2347/1583/1105
f 2344/1580/1102 2353/1589/1111 2347/1583/1105
f 2329/1565/1091 2348/1584/1106 2354/1590/1112
f 2349/1585/1107 2351/1587/1109 2355/1591/1113
f 2353/1589/1111 2344/1580/1102 2356/1592/1114
f 2329/1565/1091 2354/1590/1112 2357/1593/1115
f 2351/1587/1109 2343/1579/1101 2357/1593/1115
f 2351/1587/1109 2358/1594/1116 2355/1591/1113
f 2356/1592/1114 2344/1580/1102 2346/1582/1104
f 2357/1593/1115 2354/1590/1112 2359/1595/1117
f 2357/1593/1115 2359/1595/1117 2351/1587/1109
f 2351/1587/1109 2359/1595/1117 2358/1594/1116
f 2355/1591/1113 2358/1594/1116 2360/1596/1118
f 2357/1593/1115 2343/1579/1101 2331/1567/1057
f 2331/1567/1057 2329/1565/1091 2357/1593/1115
f 2346/1582/1104 2338/1574/1097 2335/1571/1077
f 2347/1583/1105 2353/1589/1111 2361/1597/1119
f 2361/1597/1119 2352/1588/1110 2347/1583/1105
f 2362/1598/1120 2352/1588/1110 2361/1597/1119
f 2363/1599/1121 2364/1600/344 2365/1601/1090
f 2366/1602/1122 2363/1599/1121 2365/1601/1090
f 2365/1601/1090 2364/1600/344 2367/1603/1123
f 2368/1604/1124 2363/1599/1121 2366/1602/1122
f 2364/1600/344 2369/1605/1071 2367/1603/1123
f 2370/1606/1125 2368/1604/1124 2366/1602/1122
f 2367/1603/1123 2369/1605/1071 2371/1607/1126
f 2372/1608/1062 2368/1604/1124 2370/1606/1125
f 2369/1605/1071 2373/1609/1074 2371/1607/1126
f 2370/1606/1125 2374/1610/1127 2372/1608/1062
f 2371/1607/1126 2373/1609/1074 2375/1611/1093
f 2376/1612/1128 2374/1610/1127 2370/1606/1125
f 2373/1609/1074 2377/1613/1129 2375/1611/1093
f 2378/1614/1130 2374/1610/1127 2376/1612/1128
f 2379/1615/1131 2374/1610/1127 2378/1614/1130
f 2375/1611/1093 2377/1613/1129 2380/1616/1129
f 2377/1613/1129 2381/1617/1080 2380/1616/1129
f 2380/1616/1129 2381/1617/1080 2382/1618/1132
f 2382/1618/1132 2381/1617/1080 2383/1619/1133
f 2383/1619/1133 2381/1617/1080 2384/1620/1134
f 2385/1621/1099 2386/1622/1135 2387/1623/7
f 2388/1624/7 2385/1621/1099 2387/1623/7
f 2387/1623/7 2386/1622/1135 2389/1625/7
f 2390/1626/1136 2385/1621/1099 2388/1624/7
f 2387/1623/7 2389/1625/7 2391/1627/389
f 2386/1622/1135 2385/1621/1099 2392/1628/1137
f 2393/1629/7 2390/1626/1136 2388/1624/7
f 2388/1624/7 2387/1623/7 2394/1630/389
f 2394/1630/389 2387/1623/7 2391/1627/389
f 2386/1622/1135 2395/1631/1138 2389/1625/7
f 2396/1632/1139 2390/1626/1136 2393/1629/7
f 2391/1627/389 2397/1633/391 2394/1630/389
f 2395/1631/1138 2386/1622/1135 2398/1634/1140
f 2398/1634/1140 2386/1622/1135 2392/1628/1137
f 2385/1621/1099 2390/1626/1136 2399/1635/1108
f 2394/1630/389 2397/1633/391 2400/1636/391
f 2389/1625/7 2395/1631/1138 2401/1637/7
f 2392/1628/1137 2385/1621/1099 2399/1635/1108
f 2394/1630/389 2400/1636/391 2402/1638/389
f 2401/1637/7 2403/1639/389 2389/1625/7
f 2397/1633/391 2391/1627/389 2404/1640/391
f 2402/1638/389 2388/1624/7 2394/1630/389
f 2402/1638/389 2400/1636/391 2405/1641/391
f 2389/1625/7 2403/1639/389 2406/1642/389
f 2404/1640/391 2391/1627/389 2406/1642/389
f 2393/1629/7 2388/1624/7 2402/1638/389
f 2402/1638/389 2405/1641/391 2407/1643/389
f 2391/1627/389 2389/1625/7 2406/1642/389
f 2404/1640/391 2406/1642/389 2408/1644/391
f 2408/1644/391 2406/1642/389 2403/1639/389
f 2407/1643/389 2393/1629/7 2402/1638/389
f 2407/1643/389 2405/1641/391 2409/1645/391
f 2410/1646/7 2393/1629/7 2407/1643/389
f 2407/1643/389 2409/1645/391 2411/1647/389
f 2411/1647/389 2410/1646/7 2407/1643/389
f 2410/1646/7 2396/1632/1139 2393/1629/7
f 2411/1647/389 2409/1645/391 2412/1648/391
f 2413/1649/1141 2396/1632/1139 2410/1646/7
f 2411/1647/389 2412/1648/391 2414/1650/389
f 2413/1649/1141 2410/1646/7 2415/1651/1142
f 2396/1632/1139 2413/1649/1141 2416/1652/1143
f 2417/1653/7 2410/1646/7 2411/1647/389
f 2414/1650/389 2412/1648/391 2418/1654/391
f 2415/1651/1142 2410/1646/7 2417/1653/7
f 2416/1652/1143 2413/1649/1141 2419/1655/344
f 2414/1650/389 2417/1653/7 2411/1647/389
f 2414/1650/389 2418/1654/391 2420/1656/389
f 2415/1651/1142 2417/1653/7 2421/1657/1144
f 2419/1655/344 2413/1649/1141 2422/1658/1106
f 2423/1659/7 2417/1653/7 2414/1650/389
f 2420/1656/389 2423/1659/7 2414/1650/389
f 2422/1658/1106 2413/1649/1141 2415/1651/1142
f 2421/1657/1144 2417/1653/7 2423/1659/7
f 2420/1656/389 2418/1654/391 2424/1660/391
f 2422/1658/1106 2415/1651/1142 2425/1661/1145
f 2425/1661/1145 2415/1651/1142 2421/1657/1144
f 2426/1662/1146 2396/1632/1139 2416/1652/1143
f 2420/1656/389 2424/1660/391 2427/1663/389
f 2425/1661/1145 2421/1657/1144 2428/1664/1117
f 2390/1626/1136 2396/1632/1139 2426/1662/1146
f 2429/1665/7 2423/1659/7 2420/1656/389
f 2420/1656/389 2427/1663/389 2429/1665/7
f 2421/1657/1144 2423/1659/7 2430/1666/1115
f 2428/1664/1117 2421/1657/1144 2430/1666/1115
f 2399/1635/1108 2390/1626/1136 2426/1662/1146
f 2427/1663/389 2424/1660/391 2431/1667/391
f 2430/1666/1115 2423/1659/7 2429/1665/7
f 2428/1664/1117 2430/1666/1115 2432/1668/1147
f 2431/1667/391 2433/1669/389 2427/1663/389
f 2430/1666/1115 2429/1665/7 2434/1670/1148
f 2432/1668/1147 2430/1666/1115 2434/1670/1148
f 2435/1671/391 2433/1669/389 2431/1667/391
f 2429/1665/7 2427/1663/389 2436/1672/7
f 2432/1668/1147 2434/1670/1148 2437/1673/1149
f 2433/1669/389 2436/1672/7 2427/1663/389
f 2434/1670/1148 2429/1665/7 2436/1672/7
f 2437/1673/1149 2434/1670/1148 2438/1674/1150
f 2436/1672/7 2438/1674/1150 2434/1670/1148
f 2439/1675/7 2436/1672/7 2433/1669/389
f 2439/1675/7 2438/1674/1150 2436/1672/7
f 2440/1676/1151 2441/1677/1152 2442/1678/1151
f 2443/1679/1153 2440/1676/1151 2442/1678/1151
f 2442/1678/1151 2441/1677/1152 2444/1680/1154
f 2445/1681/1155 2440/1676/1151 2443/1679/1153
f 2444/1680/1154 2441/1677/1152 2446/1682/1140
f 2446/1682/1140 2441/1677/1152 2447/1683/1156
f 2448/1684/1143 2445/1681/1155 2443/1679/1153
f 2449/1685/1143 2445/1681/1155 2448/1684/1143
f 2450/1686/1123 2449/1685/1143 2448/1684/1143
f 2451/1687/1123 2449/1685/1143 2450/1686/1123
f 2452/1688/1157 2451/1687/1123 2450/1686/1123
f 2453/1689/1157 2451/1687/1123 2452/1688/1157
f 2454/1690/1158 2453/1689/1157 2452/1688/1157
f 2455/1691/1159 2453/1689/1157 2454/1690/1158
f 2456/1692/1160 2455/1691/1159 2454/1690/1158
f 2457/1693/1160 2455/1691/1159 2456/1692/1160
f 2456/1692/1160 2458/1694/1161 2457/1693/1160
f 2459/1695/1162 2458/1694/1161 2456/1692/1160
f 2460/1696/1163 2458/1694/1161 2459/1695/1162
f 2461/1697/1164 2458/1694/1161 2460/1696/1163
f 2462/1698/391 2463/1699/391 2464/1700/235
f 2465/1701/235 2462/1698/391 2464/1700/235
f 2464/1700/235 2463/1699/391 2466/1702/235
f 2467/1703/391 2462/1698/391 2465/1701/235
f 2463/1699/391 2468/1704/391 2466/1702/235
f 2466/1702/235 2468/1704/391 2469/1705/235
f 2470/1706/235 2467/1703/391 2465/1701/235
f 2471/1707/391 2467/1703/391 2470/1706/235
f 2472/1708/235 2471/1707/391 2470/1706/235
f 2473/1709/391 2471/1707/391 2472/1708/235
f 2474/1710/235 2473/1709/391 2472/1708/235
f 2475/1711/391 2473/1709/391 2474/1710/235
f 2476/1712/235 2475/1711/391 2474/1710/235
f 2477/1713/391 2475/1711/391 2476/1712/235
f 2478/1714/235 2477/1713/391 2476/1712/235
f 2479/1715/391 2477/1713/391 2478/1714/235
f 2480/1716/235 2479/1715/391 2478/1714/235
f 2481/1717/391 2479/1715/391 2480/1716/235
f 2482/1718/235 2481/1717/391 2480/1716/235
f 2483/1719/391 2481/1717/391 2482/1718/235
f 2484/1720/53 2485/1721/54 2486/1722/55
f 2486/1722/55 2487/1723/56 2484/1720/53
f 2484/1720/53 2488/1724/57 2485/1721/54
f 2489/1725/58 2487/1723/56 2486/1722/55
f 2487/1723/56 2490/1726/1165 2484/1720/53
f 2484/1720/53 2490/1726/1165 2488/1724/57
f 2485/1721/54 2488/1724/57 2491/1727/60
f 2491/1727/60 2489/1725/58 2486/1722/55
f 2486/1722/55 2485/1721/54 2491/1727/60
f 2487/1723/56 2492/1728/61 2490/1726/1165
f 2490/1726/1165 2493/1729/62 2488/1724/57
f 2493/1729/62 2489/1725/58 2491/1727/60
f 2488/1724/57 2493/1729/62 2491/1727/60
f 2494/1730/63 2492/1728/61 2487/1723/56
f 2489/1725/58 2494/1730/63 2487/1723/56
f 2492/1728/61 2495/1731/64 2490/1726/1165
f 2490/1726/1165 2495/1731/64 2493/1729/62
f 2496/1732/65 2494/1730/63 2489/1725/58
f 2495/1731/64 2496/1732/65 2493/1729/62
f 2493/1729/62 2496/1732/65 2489/1725/58
f 2494/1730/63 2497/1733/66 2492/1728/61
f 2492/1728/61 2498/1734/67 2495/1731/64
f 2497/1733/66 2498/1734/67 2492/1728/61
f 2495/1731/64 2499/1735/68 2496/1732/65
f 2498/1734/67 2499/1735/68 2495/1731/64
f 2500/1736/69 2497/1733/66 2494/1730/63
f 2499/1735/68 2500/1736/69 2496/1732/65
f 2496/1732/65 2500/1736/69 2494/1730/63
f 2501/1737/111 2502/1738/71 2503/1739/72
f 2503/1739/72 2504/1740/1166 2501/1737/111
f 2503/1739/72 2502/1738/71 2505/1741/113
f 2501/1737/111 2504/1740/1166 2506/1742/99
f 2507/1743/114 2503/1739/72 2505/1741/113
f 2508/1744/1167 2503/1739/72 2507/1743/114
f 2509/1745/77 2505/1741/113 2502/1738/71
f 2501/1737/111 2510/1746/107 2502/1738/71
f 2511/1747/1168 2505/1741/113 2509/1745/77
f 2502/1738/71 2510/1746/107 2512/1748/104
f 2513/1749/82 2514/1750/83 2515/1751/84
f 2516/1752/85 2513/1749/82 2515/1751/84
f 2515/1751/84 2514/1750/83 2517/1753/86
f 2518/1754/87 2513/1749/82 2516/1752/85
f 2515/1751/84 2517/1753/86 2519/1755/84
f 2517/1753/86 2514/1750/83 2520/1756/88
f 2521/1757/66 2513/1749/82 2518/1754/87
f 2516/1752/85 2515/1751/84 2522/1758/85
f 2522/1758/85 2515/1751/84 2519/1755/84
f 2521/1757/66 2514/1750/83 2513/1749/82
f 2520/1756/88 2514/1750/83 2523/1759/89
f 2524/1760/88 2517/1753/86 2520/1756/88
f 2522/1758/85 2519/1755/84 2525/1761/85
f 2526/1762/69 2514/1750/83 2521/1757/66
f 2526/1762/69 2523/1759/89 2514/1750/83
f 2527/1763/86 2517/1753/86 2524/1760/88
f 2519/1755/84 2517/1753/86 2527/1763/86
f 2525/1761/85 2519/1755/84 2528/1764/84
f 2519/1755/84 2527/1763/86 2528/1764/84
f 2529/1765/88 2527/1763/86 2524/1760/88
f 2525/1761/85 2528/1764/84 2530/1766/85
f 2531/1767/86 2527/1763/86 2529/1765/88
f 2528/1764/84 2527/1763/86 2531/1767/86
f 2530/1766/85 2528/1764/84 2532/1768/84
f 2528/1764/84 2531/1767/86 2532/1768/84
f 2533/1769/88 2531/1767/86 2529/1765/88
f 2532/1768/84 2534/1770/85 2530/1766/85
f 2535/1771/86 2531/1767/86 2533/1769/88
f 2532/1768/84 2531/1767/86 2535/1771/86
f 2536/1772/84 2534/1770/85 2532/1768/84
f 2533/1769/88 2537/1773/86 2535/1771/86
f 2536/1772/84 2532/1768/84 2537/1773/86
f 2537/1773/86 2532/1768/84 2535/1771/86
f 2536/1772/84 2538/1774/80 2534/1770/85
f 2539/1775/88 2537/1773/86 2533/1769/88
f 2540/1776/91 2536/1772/84 2537/1773/86
f 2539/1775/88 2540/1776/91 2537/1773/86
f 2541/1777/1169 2538/1774/80 2536/1772/84
f 2541/1777/1169 2536/1772/84 2540/1776/91
f 2542/1778/74 2538/1774/80 2541/1777/1169
f 2543/1779/73 2540/1776/91 2539/1775/88
f 2543/1779/73 2544/1780/72 2540/1776/91
f 2545/1781/89 2546/1782/93 2547/1783/88
f 2545/1781/89 2548/1784/69 2546/1782/93
f 2547/1783/88 2546/1782/93 2549/1785/94
f 2546/1782/93 2548/1784/69 2550/1786/68
f 2547/1783/88 2549/1785/94 2551/1787/88
f 2546/1782/93 2552/1788/96 2549/1785/94
f 2550/1786/68 2552/1788/96 2546/1782/93
f 2551/1787/88 2549/1785/94 2553/1789/94
f 2549/1785/94 2552/1788/96 2554/1790/97
f 2549/1785/94 2554/1790/97 2553/1789/94
f 2551/1787/88 2553/1789/94 2555/1791/88
f 2553/1789/94 2554/1790/97 2556/1792/97
f 2555/1791/88 2553/1789/94 2557/1793/94
f 2553/1789/94 2556/1792/97 2557/1793/94
f 2555/1791/88 2557/1793/94 2558/1794/88
f 2557/1793/94 2556/1792/97 2559/1795/97
f 2558/1794/88 2557/1793/94 2560/1796/94
f 2557/1793/94 2559/1795/97 2560/1796/94
f 2558/1794/88 2560/1796/94 2561/1797/88
f 2560/1796/94 2559/1795/97 2562/1798/97
f 2561/1797/88 2560/1796/94 2563/1799/94
f 2560/1796/94 2562/1798/97 2563/1799/94
f 2561/1797/88 2563/1799/94 2564/1800/73
f 2563/1799/94 2562/1798/97 2565/1801/97
f 2564/1800/73 2563/1799/94 2566/1802/99
f 2563/1799/94 2565/1801/97 2566/1802/99
f 2566/1802/99 2565/1801/97 2567/1803/78
f 2568/1804/70 2566/1802/99 2567/1803/78
f 2569/1805/100 2570/1806/87 2571/1807/101
f 2572/1808/67 2570/1806/87 2569/1805/100
f 2571/1807/101 2570/1806/87 2573/1809/85
f 2574/1810/66 2570/1806/87 2572/1808/67
f 2575/1811/102 2569/1805/100 2571/1807/101
f 2571/1807/101 2573/1809/85 2576/1812/101
f 2572/1808/67 2569/1805/100 2577/1813/106
f 2577/1813/106 2569/1805/100 2575/1811/102
f 2575/1811/102 2571/1807/101 2578/1814/102
f 2578/1814/102 2571/1807/101 2576/1812/101
f 2576/1812/101 2573/1809/85 2579/1815/85
f 2578/1814/102 2576/1812/101 2580/1816/102
f 2576/1812/101 2579/1815/85 2581/1817/101
f 2580/1816/102 2576/1812/101 2581/1817/101
f 2581/1817/101 2579/1815/85 2582/1818/85
f 2580/1816/102 2581/1817/101 2583/1819/102
f 2581/1817/101 2582/1818/85 2584/1820/101
f 2583/1819/102 2581/1817/101 2584/1820/101
f 2584/1820/101 2582/1818/85 2585/1821/85
f 2583/1819/102 2584/1820/101 2586/1822/102
f 2585/1821/85 2587/1823/101 2584/1820/101
f 2586/1822/102 2584/1820/101 2587/1823/101
f 2588/1824/85 2587/1823/101 2585/1821/85
f 2586/1822/102 2587/1823/101 2589/1825/104
f 2590/1826/80 2587/1823/101 2588/1824/85
f 2589/1825/104 2587/1823/101 2591/1827/105
f 2591/1827/105 2587/1823/101 2590/1826/80
f 2591/1827/105 2592/1828/71 2589/1825/104
f 2593/1829/96 2594/1830/106 2595/1831/97
f 2593/1829/96 2596/1832/68 2594/1830/106
f 2595/1831/97 2594/1830/106 2597/1833/102
f 2594/1830/106 2596/1832/68 2598/1834/1170
f 2595/1831/97 2597/1833/102 2599/1835/97
f 2599/1835/97 2597/1833/102 2600/1836/102
f 2599/1835/97 2600/1836/102 2601/1837/97
f 2601/1837/97 2600/1836/102 2602/1838/102
f 2601/1837/97 2602/1838/102 2603/1839/97
f 2603/1839/97 2602/1838/102 2604/1840/102
f 2603/1839/97 2604/1840/102 2605/1841/97
f 2605/1841/97 2604/1840/102 2606/1842/102
f 2605/1841/97 2606/1842/102 2607/1843/107
f 2607/1843/107 2606/1842/102 2608/1844/108
