# Blender 4.1.1
# www.blender.org
mtllib Cactus2.mtl
o GUI_Map_Cactus2_GUI_Map_Cactus:GUI_Map_Cactus1
v 0.046921 0.000205 -0.020157
v 0.046507 0.000205 -0.019835
v 0.046963 0.000044 -0.020022
v 0.046559 0.000044 -0.019691
v 0.046255 0.000205 -0.019755
v 0.046473 0.000259 -0.019920
v 0.046256 0.000259 -0.019841
v 0.046270 0.000044 -0.019603
v 0.046884 0.000259 -0.020233
v 0.047483 0.000205 -0.020052
v 0.047430 0.000259 -0.020117
v 0.047567 0.000044 -0.019948
v 0.047943 0.000259 -0.020442
v 0.048007 0.000205 -0.020389
v 0.048121 0.000044 -0.020313
v 0.048556 0.000259 -0.021193
v 0.048646 0.000205 -0.021171
v 0.048792 0.000044 -0.021138
v 0.048650 0.000205 -0.021489
v 0.048796 0.000044 -0.021475
v 0.048564 0.000259 -0.021486
v 0.047723 0.000259 -0.020636
v 0.048124 0.000259 -0.021409
v 0.047130 0.000259 -0.021343
v 0.046728 0.000259 -0.020459
v 0.047921 0.000259 -0.022020
v 0.046362 0.000259 -0.020682
v 0.047430 0.000259 -0.020117
v 0.047943 0.000259 -0.020442
v 0.046907 0.000259 -0.022904
v 0.046269 0.000259 -0.020090
v 0.048556 0.000259 -0.021193
v 0.046263 0.000259 -0.022350
v 0.046473 0.000259 -0.019920
v 0.048564 0.000259 -0.021486
v 0.046363 0.000259 -0.023452
v 0.046256 0.000259 -0.019841
v 0.048467 0.000259 -0.021744
v 0.045738 0.000259 -0.022973
v 0.045920 0.000259 -0.020300
v 0.048546 0.000205 -0.021769
v 0.045061 0.000259 -0.022207
v 0.045997 0.000259 -0.019848
v 0.048650 0.000205 -0.021489
v 0.045500 0.000259 -0.021694
v 0.045634 0.000259 -0.019971
v 0.048300 0.000205 -0.022221
v 0.044849 0.000259 -0.021724
v 0.045963 0.000205 -0.019770
v 0.045037 0.000259 -0.021295
v 0.048227 0.000259 -0.022189
v 0.045594 0.000205 -0.019906
v 0.044639 0.000205 -0.020930
v 0.047099 0.000259 -0.023031
v 0.044532 0.000259 -0.021402
v 0.047144 0.000205 -0.023085
v 0.044471 0.000259 -0.021968
v 0.044703 0.000259 -0.020970
v 0.044451 0.000205 -0.021389
v 0.046411 0.000259 -0.023789
v 0.044387 0.000205 -0.021989
v 0.046433 0.000205 -0.023868
v 0.044861 0.000259 -0.022852
v 0.046247 0.000259 -0.023870
v 0.046255 0.000205 -0.023953
v 0.046076 0.000259 -0.023864
v 0.045605 0.000259 -0.023597
v 0.045169 0.000259 -0.023239
v 0.046069 0.000205 -0.023949
v 0.044801 0.000205 -0.022910
v 0.045119 0.000205 -0.023306
v 0.045565 0.000205 -0.023669
v 0.044387 0.000205 -0.021989
v 0.044801 0.000205 -0.022910
v 0.044252 0.000044 -0.022026
v 0.044321 0.000044 -0.021382
v 0.044691 0.000044 -0.022992
v 0.044451 0.000205 -0.021389
v 0.044861 0.000259 -0.022852
v 0.044471 0.000259 -0.021968
v 0.045119 0.000205 -0.023306
v 0.045040 0.000044 -0.023413
v 0.045565 0.000205 -0.023669
v 0.045516 0.000044 -0.023792
v 0.046069 0.000205 -0.023949
v 0.046059 0.000044 -0.024084
v 0.046256 0.000044 -0.024088
v 0.046255 0.000205 -0.023953
v 0.046445 0.000044 -0.023999
v 0.046433 0.000205 -0.023868
v 0.047197 0.000044 -0.023169
v 0.046255 0.000205 -0.023953
v 0.046256 0.000044 -0.024088
v 0.047144 0.000205 -0.023085
v 0.048300 0.000205 -0.022221
v 0.048420 0.000044 -0.022255
v 0.048546 0.000205 -0.021769
v 0.048687 0.000044 -0.021771
v 0.048650 0.000205 -0.021489
v 0.048796 0.000044 -0.021475
v 0.044639 0.000205 -0.020930
v 0.044451 0.000205 -0.021389
v 0.044533 0.000044 -0.020878
v 0.045594 0.000205 -0.019906
v 0.044321 0.000044 -0.021382
v 0.045547 0.000044 -0.019797
v 0.045963 0.000205 -0.019770
v 0.045940 0.000044 -0.019623
v 0.046255 0.000205 -0.019755
v 0.046270 0.000044 -0.019603
v 0.045997 0.000259 -0.019848
v 0.046256 0.000259 -0.019841
v 0.046884 0.000259 -0.020233
v 0.047594 0.000493 -0.020914
v 0.047361 0.000493 -0.020946
v 0.047553 0.000340 -0.020974
v 0.047586 0.000536 -0.020933
v 0.047364 0.000340 -0.021007
v 0.047361 0.000536 -0.020987
v 0.047309 0.000340 -0.020992
v 0.047550 0.000641 -0.020974
v 0.047306 0.000493 -0.020931
v 0.047365 0.000641 -0.021006
v 0.047306 0.000536 -0.020972
v 0.047308 0.000641 -0.020993
v 0.047452 0.000745 -0.021078
v 0.047359 0.000754 -0.021041
v 0.047306 0.000783 -0.021042
v 0.047411 0.000900 -0.021121
v 0.047166 0.000764 -0.021037
v 0.047360 0.000910 -0.021142
v 0.047148 0.000641 -0.020874
v 0.047159 0.000999 -0.021176
v 0.047095 0.000758 -0.021046
v 0.047094 0.000956 -0.021168
v 0.047077 0.000642 -0.020861
v 0.047094 0.001001 -0.021196
v 0.047117 0.000539 -0.020772
v 0.046867 0.000820 -0.021167
v 0.047169 0.001033 -0.021226
v 0.047047 0.000539 -0.020754
v 0.046594 0.000643 -0.021031
v 0.047104 0.001029 -0.021243
v 0.047104 0.000497 -0.020743
v 0.046816 0.000844 -0.021200
v 0.047045 0.000498 -0.020736
v 0.046543 0.000643 -0.021048
v 0.046761 0.000855 -0.021321
v 0.047058 0.000340 -0.020791
v 0.046501 0.000566 -0.020960
v 0.046496 0.000340 -0.020939
v 0.047119 0.000340 -0.020803
v 0.046460 0.000568 -0.020975
v 0.046480 0.000539 -0.020938
v 0.046379 0.000558 -0.021231
v 0.046476 0.000674 -0.021288
v 0.046421 0.000514 -0.020926
v 0.046423 0.000551 -0.020980
v 0.046438 0.000340 -0.020927
v 0.046309 0.000508 -0.020992
v 0.046321 0.000472 -0.020951
v 0.046313 0.000340 -0.020958
v 0.046133 0.000475 -0.021133
v 0.046135 0.000499 -0.021205
v 0.046099 0.000340 -0.021132
v 0.046092 0.000475 -0.021197
v 0.046058 0.000340 -0.021189
v 0.047743 0.000340 -0.021415
v 0.047802 0.000493 -0.021410
v 0.047595 0.000340 -0.021001
v 0.047798 0.000493 -0.021473
v 0.047636 0.000493 -0.020941
v 0.047739 0.000340 -0.021477
v 0.047594 0.000493 -0.020914
v 0.047630 0.000536 -0.020958
v 0.047682 0.000493 -0.021796
v 0.047553 0.000340 -0.020974
v 0.047782 0.000537 -0.021426
v 0.047656 0.000340 -0.021786
v 0.047586 0.000536 -0.020933
v 0.047774 0.000537 -0.021479
v 0.047597 0.000641 -0.021001
v 0.047667 0.000537 -0.021787
v 0.047550 0.000641 -0.020974
v 0.047732 0.000643 -0.021451
v 0.047729 0.000647 -0.021497
v 0.047505 0.000731 -0.021107
v 0.047638 0.000685 -0.021746
v 0.047452 0.000745 -0.021078
v 0.047618 0.000740 -0.021475
v 0.047628 0.000737 -0.021523
v 0.047473 0.000763 -0.021144
v 0.047594 0.000770 -0.021516
v 0.047411 0.000900 -0.021121
v 0.047428 0.000910 -0.021173
v 0.047548 0.000917 -0.021589
v 0.047360 0.000910 -0.021142
v 0.047600 0.000718 -0.021732
v 0.047384 0.000950 -0.021188
v 0.047520 0.000930 -0.021640
v 0.047159 0.000999 -0.021176
v 0.047512 0.000952 -0.021596
v 0.047602 0.000700 -0.021806
v 0.047169 0.001033 -0.021226
v 0.047682 0.000493 -0.021796
v 0.047656 0.000340 -0.021786
v 0.047643 0.000493 -0.021851
v 0.047667 0.000537 -0.021787
v 0.047625 0.000340 -0.021833
v 0.047625 0.000537 -0.021845
v 0.047472 0.000340 -0.022068
v 0.047476 0.000537 -0.022080
v 0.047602 0.000700 -0.021806
v 0.047485 0.000493 -0.022098
v 0.047456 0.000700 -0.022014
v 0.047638 0.000685 -0.021746
v 0.047415 0.000340 -0.022102
v 0.047418 0.000537 -0.022117
v 0.047397 0.000700 -0.022051
v 0.047367 0.000970 -0.021764
v 0.047428 0.000494 -0.022133
v 0.046975 0.000701 -0.022118
v 0.047306 0.000967 -0.021798
v 0.046937 0.000499 -0.022194
v 0.046939 0.000545 -0.022182
v 0.046921 0.000340 -0.022128
v 0.047285 0.001005 -0.021754
v 0.046903 0.000701 -0.022100
v 0.046860 0.000499 -0.022173
v 0.047347 0.001008 -0.021724
v 0.046862 0.000545 -0.022161
v 0.046907 0.000340 -0.022123
v 0.047520 0.000930 -0.021640
v 0.046949 0.000893 -0.021904
v 0.047512 0.000952 -0.021596
v 0.047347 0.001008 -0.021724
v 0.047169 0.001033 -0.021226
v 0.047512 0.000952 -0.021596
v 0.047104 0.001029 -0.021243
v 0.047384 0.000950 -0.021188
v 0.047285 0.001005 -0.021754
v 0.046917 0.000889 -0.021853
v 0.046771 0.000872 -0.021376
v 0.046949 0.000893 -0.021904
v 0.046706 0.000841 -0.021388
v 0.047094 0.001001 -0.021196
v 0.047306 0.000967 -0.021798
v 0.046880 0.000860 -0.021895
v 0.046761 0.000855 -0.021321
v 0.046720 0.000681 -0.021900
v 0.046476 0.000674 -0.021288
v 0.046903 0.000701 -0.022100
v 0.046975 0.000701 -0.022118
v 0.046462 0.000681 -0.021339
v 0.046816 0.000844 -0.021200
v 0.046467 0.000544 -0.021709
v 0.046384 0.000554 -0.021296
v 0.046543 0.000643 -0.021048
v 0.046643 0.000545 -0.021958
v 0.046379 0.000558 -0.021231
v 0.046461 0.000527 -0.021753
v 0.046330 0.000530 -0.021262
v 0.046419 0.000537 -0.021695
v 0.046632 0.000499 -0.021967
v 0.046423 0.000551 -0.020980
v 0.046415 0.000521 -0.021733
v 0.046460 0.000568 -0.020975
v 0.046164 0.000500 -0.021616
v 0.046309 0.000508 -0.020992
v 0.046138 0.000475 -0.021659
v 0.046135 0.000499 -0.021205
v 0.046110 0.000499 -0.021406
v 0.046105 0.000475 -0.021604
v 0.046092 0.000475 -0.021197
v 0.046072 0.000475 -0.021428
v 0.046133 0.000475 -0.021133
v 0.046903 0.000701 -0.022100
v 0.046862 0.000545 -0.022161
v 0.046720 0.000681 -0.021900
v 0.046643 0.000545 -0.021958
v 0.046632 0.000499 -0.021967
v 0.046860 0.000499 -0.022173
v 0.046693 0.000340 -0.021940
v 0.046479 0.000340 -0.021738
v 0.046907 0.000340 -0.022123
v 0.046461 0.000527 -0.021753
v 0.046415 0.000521 -0.021733
v 0.046425 0.000340 -0.021720
v 0.046158 0.000340 -0.021668
v 0.046138 0.000475 -0.021659
v 0.046123 0.000340 -0.021631
v 0.046105 0.000475 -0.021604
v 0.046051 0.000340 -0.021421
v 0.046072 0.000475 -0.021428
v 0.046092 0.000475 -0.021197
v 0.046058 0.000340 -0.021189
v 0.047309 0.000340 -0.020992
v 0.047306 0.000493 -0.020931
v 0.047119 0.000340 -0.020803
v 0.047104 0.000497 -0.020743
v 0.047117 0.000539 -0.020772
v 0.047306 0.000536 -0.020972
v 0.047148 0.000641 -0.020874
v 0.047308 0.000641 -0.020993
v 0.047638 0.000685 -0.021746
v 0.047602 0.000700 -0.021806
v 0.047600 0.000718 -0.021732
v 0.047628 0.000737 -0.021523
v 0.047594 0.000770 -0.021516
v 0.045751 0.000379 -0.020520
v 0.045642 0.000378 -0.020702
v 0.045766 0.000288 -0.020544
v 0.045649 0.000403 -0.020700
v 0.045670 0.000288 -0.020705
v 0.045761 0.000403 -0.020525
v 0.045787 0.000288 -0.020531
v 0.045643 0.000378 -0.020726
v 0.045670 0.000463 -0.020704
v 0.045772 0.000379 -0.020507
v 0.045671 0.000288 -0.020729
v 0.045780 0.000464 -0.020540
v 0.045900 0.000379 -0.020483
v 0.045651 0.000403 -0.020725
v 0.045779 0.000404 -0.020516
v 0.045902 0.000288 -0.020496
v 0.045672 0.000463 -0.020730
v 0.045900 0.000404 -0.020491
v 0.045724 0.000514 -0.020717
v 0.045795 0.000466 -0.020531
v 0.045728 0.000521 -0.020746
v 0.045894 0.000488 -0.020513
v 0.045814 0.000519 -0.020583
v 0.045744 0.000532 -0.020722
v 0.045827 0.000517 -0.020568
v 0.045827 0.000666 -0.020844
v 0.045832 0.000536 -0.020584
v 0.045840 0.000685 -0.020828
v 0.045955 0.000670 -0.020640
v 0.045840 0.000685 -0.020828
v 0.045980 0.000669 -0.020658
v 0.045861 0.000683 -0.020851
v 0.046115 0.000603 -0.020781
v 0.045964 0.000593 -0.020962
v 0.046126 0.000605 -0.020756
v 0.045955 0.000670 -0.020640
v 0.045963 0.000649 -0.020622
v 0.046141 0.000587 -0.020785
v 0.045848 0.000667 -0.020866
v 0.045990 0.000648 -0.020639
v 0.045973 0.000576 -0.020989
v 0.045946 0.000584 -0.020980
v 0.045990 0.000648 -0.020639
v 0.046024 0.000496 -0.020528
v 0.046214 0.000496 -0.020725
v 0.045921 0.000496 -0.020514
v 0.045969 0.000481 -0.021115
v 0.046179 0.000485 -0.020849
v 0.046203 0.000497 -0.020692
v 0.045928 0.000404 -0.020496
v 0.045896 0.000577 -0.020986
v 0.046037 0.000403 -0.020506
v 0.045988 0.000485 -0.021109
v 0.045899 0.000506 -0.020532
v 0.046064 0.000404 -0.020522
v 0.045983 0.000414 -0.021159
v 0.045877 0.000464 -0.021145
v 0.046053 0.000496 -0.020543
v 0.046040 0.000379 -0.020499
v 0.046133 0.000407 -0.021011
v 0.046067 0.000379 -0.020514
v 0.046053 0.000377 -0.021138
v 0.046126 0.000605 -0.020756
v 0.045926 0.000379 -0.020487
v 0.046071 0.000362 -0.021141
v 0.046203 0.000497 -0.020692
v 0.045900 0.000404 -0.020491
v 0.046153 0.000398 -0.021002
v 0.046231 0.000408 -0.020692
v 0.045894 0.000488 -0.020513
v 0.046064 0.000362 -0.021160
v 0.046214 0.000496 -0.020725
v 0.045900 0.000379 -0.020483
v 0.046009 0.000376 -0.021185
v 0.045902 0.000288 -0.020496
v 0.046242 0.000408 -0.020729
v 0.045995 0.000400 -0.021179
v 0.046024 0.000362 -0.021195
v 0.045924 0.000288 -0.020498
v 0.046246 0.000382 -0.020727
v 0.045935 0.000376 -0.021237
v 0.046033 0.000288 -0.020511
v 0.045944 0.000362 -0.021253
v 0.046235 0.000382 -0.020690
v 0.046220 0.000288 -0.020718
v 0.045874 0.000421 -0.021195
v 0.045916 0.000362 -0.021248
v 0.046060 0.000288 -0.020526
v 0.046218 0.000288 -0.020711
v 0.045980 0.000669 -0.020658
v 0.045728 0.000521 -0.020746
v 0.045827 0.000666 -0.020844
v 0.045781 0.000532 -0.020875
v 0.045733 0.000463 -0.020922
v 0.045839 0.000641 -0.020873
v 0.045672 0.000463 -0.020730
v 0.045848 0.000667 -0.020866
v 0.045798 0.000529 -0.020903
v 0.045861 0.000683 -0.020851
v 0.045840 0.000685 -0.020828
v 0.045733 0.000463 -0.020922
v 0.045651 0.000403 -0.020725
v 0.045741 0.000463 -0.020955
v 0.045896 0.000577 -0.020986
v 0.045708 0.000404 -0.020959
v 0.045708 0.000404 -0.020959
v 0.045946 0.000584 -0.020980
v 0.045643 0.000378 -0.020726
v 0.045715 0.000405 -0.020993
v 0.045874 0.000564 -0.020973
v 0.045702 0.000381 -0.020971
v 0.045702 0.000381 -0.020971
v 0.045718 0.000288 -0.020950
v 0.045711 0.000381 -0.020998
v 0.045860 0.000463 -0.021129
v 0.045671 0.000288 -0.020729
v 0.045728 0.000288 -0.020978
v 0.045877 0.000464 -0.021145
v 0.045860 0.000420 -0.021182
v 0.045718 0.000288 -0.020950
v 0.045854 0.000288 -0.021189
v 0.045874 0.000421 -0.021195
v 0.045858 0.000405 -0.021196
v 0.045983 0.000414 -0.021159
v 0.045969 0.000481 -0.021115
v 0.045916 0.000362 -0.021248
v 0.045924 0.000288 -0.021260
v 0.045935 0.000376 -0.021237
v 0.045944 0.000362 -0.021253
v 0.045951 0.000288 -0.021266
v 0.046214 0.000496 -0.020725
v 0.046242 0.000408 -0.020729
v 0.046179 0.000485 -0.020849
v 0.046215 0.000408 -0.020868
v 0.046224 0.000382 -0.020869
v 0.046246 0.000382 -0.020727
v 0.046212 0.000288 -0.020846
v 0.046150 0.000288 -0.020995
v 0.046220 0.000288 -0.020718
v 0.046153 0.000398 -0.021002
v 0.046071 0.000362 -0.021141
v 0.046067 0.000288 -0.021137
v 0.046064 0.000288 -0.021156
v 0.046064 0.000362 -0.021160
v 0.046024 0.000362 -0.021195
v 0.046028 0.000288 -0.021203
v 0.045944 0.000362 -0.021253
v 0.045951 0.000288 -0.021266
v 0.046215 0.000408 -0.020868
v 0.046224 0.000382 -0.020869
v 0.045894 0.000488 -0.020513
v 0.045921 0.000496 -0.020514
v 0.045899 0.000506 -0.020532
v 0.045827 0.000517 -0.020568
v 0.045832 0.000536 -0.020584
v 0.045676 0.000327 -0.021780
v 0.045540 0.000327 -0.021806
v 0.045706 0.000376 -0.021847
v 0.045537 0.000376 -0.021879
v 0.045534 0.000619 -0.021948
v 0.045405 0.000327 -0.021770
v 0.045338 0.000619 -0.021896
v 0.045733 0.000619 -0.021910
v 0.045371 0.000376 -0.021835
v 0.045533 0.000881 -0.021980
v 0.045299 0.000327 -0.021679
v 0.045185 0.000619 -0.021764
v 0.045324 0.000881 -0.021924
v 0.045746 0.000881 -0.021940
v 0.045240 0.000376 -0.021723
v 0.045535 0.001152 -0.021937
v 0.045104 0.000619 -0.021578
v 0.045159 0.000881 -0.021782
v 0.045344 0.001152 -0.021886
v 0.045244 0.000327 -0.021551
v 0.045073 0.000881 -0.021584
v 0.045172 0.000376 -0.021565
v 0.045194 0.001152 -0.021757
v 0.045115 0.001152 -0.021576
v 0.045374 0.001350 -0.021828
v 0.045537 0.001350 -0.021872
v 0.045247 0.001350 -0.021718
v 0.045179 0.001350 -0.021564
v 0.045703 0.001350 -0.021840
v 0.045729 0.001152 -0.021900
v 0.045244 0.000327 -0.021551
v 0.045249 0.000327 -0.021412
v 0.045172 0.000376 -0.021565
v 0.045178 0.000376 -0.021393
v 0.045111 0.000619 -0.021375
v 0.045314 0.000327 -0.021289
v 0.045206 0.000619 -0.021196
v 0.045104 0.000619 -0.021578
v 0.045258 0.000376 -0.021241
v 0.045081 0.000881 -0.021367
v 0.045426 0.000327 -0.021206
v 0.045397 0.000376 -0.021139
v 0.045182 0.000881 -0.021175
v 0.045073 0.000881 -0.021584
v 0.045369 0.000619 -0.021076
v 0.045122 0.001152 -0.021378
v 0.045356 0.000881 -0.021047
v 0.045214 0.001152 -0.021203
v 0.045115 0.001152 -0.021576
v 0.045373 0.001152 -0.021086
v 0.045179 0.001350 -0.021564
v 0.045264 0.001350 -0.021246
v 0.045185 0.001350 -0.021395
v 0.045400 0.001350 -0.021146
v 0.045426 0.000327 -0.021206
v 0.045563 0.000327 -0.021180
v 0.045397 0.000376 -0.021139
v 0.045566 0.000376 -0.021107
v 0.045568 0.000619 -0.021038
v 0.045697 0.000327 -0.021216
v 0.045764 0.000619 -0.021090
v 0.045369 0.000619 -0.021076
v 0.045732 0.000376 -0.021151
v 0.045569 0.000881 -0.021006
v 0.045803 0.000327 -0.021307
v 0.045918 0.000619 -0.021223
v 0.045779 0.000881 -0.021062
v 0.045356 0.000881 -0.021047
v 0.045862 0.000376 -0.021264
v 0.045568 0.001152 -0.021049
v 0.045999 0.000619 -0.021408
v 0.045943 0.000881 -0.021204
v 0.045759 0.001152 -0.021100
v 0.045859 0.000327 -0.021435
v 0.045931 0.000376 -0.021421
v 0.046030 0.000881 -0.021402
v 0.045909 0.001152 -0.021229
v 0.045373 0.001152 -0.021086
v 0.045991 0.000619 -0.021611
v 0.045400 0.001350 -0.021146
v 0.046022 0.000881 -0.021619
v 0.045988 0.001152 -0.021410
v 0.045565 0.001350 -0.021115
v 0.045980 0.001152 -0.021608
v 0.045728 0.001350 -0.021158
v 0.045924 0.000376 -0.021593
v 0.045923 0.001350 -0.021423
v 0.045856 0.001350 -0.021268
v 0.045917 0.001350 -0.021591
v 0.045854 0.000327 -0.021574
v 0.045854 0.000327 -0.021574
v 0.045789 0.000327 -0.021697
v 0.045924 0.000376 -0.021593
v 0.045844 0.000376 -0.021745
v 0.045896 0.000619 -0.021790
v 0.045676 0.000327 -0.021780
v 0.045733 0.000619 -0.021910
v 0.045991 0.000619 -0.021611
v 0.045706 0.000376 -0.021847
v 0.045920 0.000881 -0.021811
v 0.045746 0.000881 -0.021940
v 0.046022 0.000881 -0.021619
v 0.045729 0.001152 -0.021900
v 0.045888 0.001152 -0.021783
v 0.045980 0.001152 -0.021608
v 0.045838 0.001350 -0.021740
v 0.045917 0.001350 -0.021591
v 0.045703 0.001350 -0.021840
v 0.045610 0.001285 -0.021629
v 0.045546 0.001285 -0.021641
v 0.045551 0.001290 -0.021493
v 0.045663 0.001285 -0.021590
v 0.045482 0.001285 -0.021624
v 0.045694 0.001285 -0.021531
v 0.045637 0.001346 -0.021689
v 0.045432 0.001285 -0.021581
v 0.045697 0.001285 -0.021466
v 0.045714 0.001346 -0.021633
v 0.045543 0.001346 -0.021707
v 0.045762 0.001346 -0.021453
v 0.045758 0.001346 -0.021548
v 0.045670 0.001285 -0.021405
v 0.045451 0.001346 -0.021682
v 0.045724 0.001346 -0.021366
v 0.045406 0.001285 -0.021521
v 0.045379 0.001346 -0.021620
v 0.045620 0.001285 -0.021362
v 0.045651 0.001346 -0.021304
v 0.045408 0.001285 -0.021455
v 0.045341 0.001346 -0.021533
v 0.045557 0.001285 -0.021345
v 0.045559 0.001346 -0.021279
v 0.045344 0.001346 -0.021438
v 0.045439 0.001285 -0.021397
v 0.045492 0.001285 -0.021357
v 0.045466 0.001346 -0.021297
v 0.045389 0.001346 -0.021353
v 0.045676 0.001407 -0.021778
v 0.045540 0.001407 -0.021804
v 0.045660 0.001423 -0.021742
v 0.045757 0.001423 -0.021670
v 0.045541 0.001423 -0.021764
v 0.045787 0.001407 -0.021696
v 0.045543 0.001368 -0.021709
v 0.045406 0.001407 -0.021768
v 0.045813 0.001423 -0.021563
v 0.045703 0.001350 -0.021840
v 0.045638 0.001368 -0.021691
v 0.045851 0.001407 -0.021574
v 0.045537 0.001350 -0.021872
v 0.045838 0.001350 -0.021740
v 0.045715 0.001368 -0.021634
v 0.045424 0.001423 -0.021733
v 0.045917 0.001350 -0.021591
v 0.045818 0.001423 -0.021443
v 0.045450 0.001368 -0.021684
v 0.045301 0.001407 -0.021678
v 0.045923 0.001350 -0.021423
v 0.045760 0.001368 -0.021549
v 0.045333 0.001423 -0.021654
v 0.045857 0.001407 -0.021435
v 0.045764 0.001368 -0.021453
v 0.045377 0.001368 -0.021622
v 0.045770 0.001423 -0.021332
v 0.045339 0.001368 -0.021533
v 0.045856 0.001350 -0.021268
v 0.045725 0.001368 -0.021365
v 0.045284 0.001423 -0.021544
v 0.045801 0.001407 -0.021308
v 0.045678 0.001423 -0.021253
v 0.045342 0.001368 -0.021437
v 0.045728 0.001350 -0.021158
v 0.045652 0.001368 -0.021302
v 0.045246 0.001407 -0.021551
v 0.045696 0.001407 -0.021218
v 0.045561 0.001423 -0.021222
v 0.045565 0.001350 -0.021115
v 0.045559 0.001368 -0.021277
v 0.045251 0.001407 -0.021413
v 0.045563 0.001407 -0.021182
v 0.045443 0.001423 -0.021244
v 0.045247 0.001350 -0.021718
v 0.045400 0.001350 -0.021146
v 0.045465 0.001368 -0.021295
v 0.045374 0.001350 -0.021828
v 0.045427 0.001407 -0.021208
v 0.045345 0.001423 -0.021316
v 0.045264 0.001350 -0.021246
v 0.045387 0.001368 -0.021352
v 0.045316 0.001407 -0.021290
v 0.045289 0.001423 -0.021423
v 0.045179 0.001350 -0.021564
v 0.045185 0.001350 -0.021395
v 0.045638 0.001368 -0.021691
v 0.045543 0.001368 -0.021709
v 0.045637 0.001346 -0.021689
v 0.045543 0.001346 -0.021707
v 0.045450 0.001368 -0.021684
v 0.045451 0.001346 -0.021682
v 0.045377 0.001368 -0.021622
v 0.045379 0.001346 -0.021620
v 0.045339 0.001368 -0.021533
v 0.045341 0.001346 -0.021533
v 0.045342 0.001368 -0.021437
v 0.045344 0.001346 -0.021438
v 0.045342 0.001368 -0.021437
v 0.045387 0.001368 -0.021352
v 0.045344 0.001346 -0.021438
v 0.045389 0.001346 -0.021353
v 0.045465 0.001368 -0.021295
v 0.045466 0.001346 -0.021297
v 0.045559 0.001368 -0.021277
v 0.045559 0.001346 -0.021279
v 0.045559 0.001368 -0.021277
v 0.045652 0.001368 -0.021302
v 0.045559 0.001346 -0.021279
v 0.045651 0.001346 -0.021304
v 0.045725 0.001368 -0.021365
v 0.045724 0.001346 -0.021366
v 0.045764 0.001368 -0.021453
v 0.045762 0.001346 -0.021453
v 0.045760 0.001368 -0.021549
v 0.045758 0.001346 -0.021548
v 0.045760 0.001368 -0.021549
v 0.045715 0.001368 -0.021634
v 0.045758 0.001346 -0.021548
v 0.045714 0.001346 -0.021633
v 0.045638 0.001368 -0.021691
v 0.045637 0.001346 -0.021689
v 0.046403 0.000261 -0.022893
v 0.046131 0.000261 -0.022914
v 0.046380 0.000336 -0.022827
v 0.046575 0.000336 -0.022694
v 0.046628 0.000261 -0.022740
v 0.046144 0.000336 -0.022845
v 0.045886 0.000261 -0.022795
v 0.045932 0.000336 -0.022742
v 0.045732 0.000261 -0.022570
v 0.045799 0.000336 -0.022547
v 0.045732 0.000261 -0.022570
v 0.045712 0.000261 -0.022299
v 0.045799 0.000336 -0.022547
v 0.045781 0.000336 -0.022312
v 0.045830 0.000261 -0.022053
v 0.045883 0.000336 -0.022099
v 0.046055 0.000261 -0.021900
v 0.046078 0.000336 -0.021966
v 0.046327 0.000261 -0.021879
v 0.046314 0.000336 -0.021948
v 0.046327 0.000261 -0.021879
v 0.046572 0.000261 -0.021997
v 0.046314 0.000336 -0.021948
v 0.046527 0.000336 -0.022051
v 0.046726 0.000261 -0.022222
v 0.046660 0.000336 -0.022246
v 0.046746 0.000261 -0.022494
v 0.046677 0.000336 -0.022481
v 0.046628 0.000261 -0.022740
v 0.046575 0.000336 -0.022694
v 0.046282 0.004944 -0.022547
v 0.046200 0.004944 -0.022553
v 0.046229 0.004969 -0.022396
v 0.046168 0.004844 -0.022720
v 0.046125 0.004944 -0.022517
v 0.046338 0.004844 -0.022708
v 0.046014 0.004844 -0.022646
v 0.046152 0.004690 -0.022807
v 0.046350 0.004944 -0.022500
v 0.046073 0.004944 -0.022367
v 0.046108 0.004944 -0.022292
v 0.045918 0.004844 -0.022505
v 0.046229 0.004969 -0.022396
v 0.046079 0.004944 -0.022449
v 0.046177 0.004944 -0.022246
v 0.046079 0.004944 -0.022449
v 0.045905 0.004844 -0.022335
v 0.046120 0.004844 -0.022085
v 0.046229 0.004969 -0.022396
v 0.045918 0.004844 -0.022505
v 0.045979 0.004844 -0.022181
v 0.046259 0.004944 -0.022240
v 0.045819 0.004690 -0.022319
v 0.046290 0.004844 -0.022072
v 0.045912 0.004690 -0.022124
v 0.045835 0.004690 -0.022534
v 0.046307 0.004690 -0.021986
v 0.046386 0.004944 -0.022426
v 0.046350 0.004944 -0.022500
v 0.045763 0.004460 -0.022308
v 0.046091 0.004690 -0.022002
v 0.046479 0.004844 -0.022611
v 0.045869 0.004460 -0.022087
v 0.046553 0.004844 -0.022458
v 0.045781 0.004460 -0.022553
v 0.046072 0.004460 -0.021948
v 0.046546 0.004690 -0.022669
v 0.045855 0.002848 -0.022074
v 0.045744 0.002848 -0.022305
v 0.046317 0.004460 -0.021930
v 0.046640 0.004690 -0.022474
v 0.046321 0.002848 -0.021911
v 0.046540 0.004844 -0.022287
v 0.045841 0.001237 -0.022062
v 0.046066 0.002848 -0.021931
v 0.046589 0.004460 -0.022706
v 0.045726 0.001237 -0.022301
v 0.046696 0.004460 -0.022485
v 0.045858 0.000706 -0.022077
v 0.045763 0.002848 -0.022560
v 0.046324 0.001237 -0.021893
v 0.046624 0.004690 -0.022258
v 0.045746 0.001237 -0.022566
v 0.046060 0.001237 -0.021913
v 0.045748 0.000706 -0.022305
v 0.046320 0.000706 -0.021915
v 0.046677 0.004460 -0.022239
v 0.045767 0.000706 -0.022558
v 0.046067 0.000706 -0.021934
v 0.046502 0.004690 -0.022080
v 0.045772 0.000440 -0.022310
v 0.046539 0.004460 -0.022036
v 0.045876 0.000440 -0.022093
v 0.046316 0.000440 -0.021939
v 0.046714 0.002848 -0.022488
v 0.045883 0.000336 -0.022099
v 0.046075 0.000440 -0.021957
v 0.046603 0.002848 -0.022718
v 0.046078 0.000336 -0.021966
v 0.046618 0.001237 -0.022731
v 0.045781 0.000336 -0.022312
v 0.046733 0.001237 -0.022492
v 0.046314 0.000336 -0.021948
v 0.045790 0.000440 -0.022550
v 0.046601 0.000706 -0.022716
v 0.046695 0.002848 -0.022233
v 0.045799 0.000336 -0.022547
v 0.046711 0.000706 -0.022487
v 0.046713 0.001237 -0.022227
v 0.046582 0.000440 -0.022700
v 0.046692 0.000706 -0.022235
v 0.046687 0.000440 -0.022483
v 0.046551 0.002848 -0.022022
v 0.046575 0.000336 -0.022694
v 0.046563 0.001237 -0.022008
v 0.046317 0.004460 -0.021930
v 0.046677 0.000336 -0.022481
v 0.046549 0.000706 -0.022025
v 0.046307 0.004690 -0.021986
v 0.046669 0.000440 -0.022243
v 0.046324 0.001237 -0.021893
v 0.046320 0.000706 -0.021915
v 0.046290 0.004844 -0.022072
v 0.046660 0.000336 -0.022246
v 0.046533 0.000440 -0.022043
v 0.046321 0.002848 -0.021911
v 0.046444 0.004844 -0.022147
v 0.046259 0.004944 -0.022240
v 0.046527 0.000336 -0.022051
v 0.046316 0.000440 -0.021939
v 0.046333 0.004944 -0.022276
v 0.046314 0.000336 -0.021948
v 0.046380 0.004944 -0.022344
v 0.045920 0.004460 -0.022756
v 0.045781 0.004460 -0.022553
v 0.045957 0.004690 -0.022713
v 0.045835 0.004690 -0.022534
v 0.046141 0.004460 -0.022863
v 0.045763 0.002848 -0.022560
v 0.046367 0.004690 -0.022791
v 0.045907 0.002848 -0.022771
v 0.045746 0.001237 -0.022566
v 0.046386 0.004460 -0.022845
v 0.046479 0.004844 -0.022611
v 0.045895 0.001237 -0.022785
v 0.046546 0.004690 -0.022669
v 0.046138 0.002848 -0.022881
v 0.046589 0.004460 -0.022706
v 0.045767 0.000706 -0.022558
v 0.046134 0.001237 -0.022900
v 0.046392 0.002848 -0.022862
v 0.045910 0.000706 -0.022768
v 0.046603 0.002848 -0.022718
v 0.045790 0.000440 -0.022550
v 0.046138 0.000706 -0.022878
v 0.046399 0.001237 -0.022880
v 0.045926 0.000440 -0.022749
v 0.046618 0.001237 -0.022731
v 0.045799 0.000336 -0.022547
v 0.046391 0.000706 -0.022859
v 0.045932 0.000336 -0.022742
v 0.046143 0.000440 -0.022854
v 0.046601 0.000706 -0.022716
v 0.046144 0.000336 -0.022845
v 0.046383 0.000440 -0.022836
v 0.046582 0.000440 -0.022700
v 0.046380 0.000336 -0.022827
v 0.046575 0.000336 -0.022694
v 0.046072 0.001786 -0.022866
v 0.045998 0.001716 -0.022831
v 0.045998 0.001803 -0.022941
v 0.046099 0.001880 -0.022878
v 0.045936 0.001741 -0.022896
v 0.046025 0.001889 -0.022952
v 0.045896 0.001691 -0.022783
v 0.046073 0.001975 -0.022865
v 0.045987 0.001895 -0.023037
v 0.045856 0.001718 -0.022830
v 0.046009 0.001974 -0.022928
v 0.045939 0.001805 -0.023044
v 0.045857 0.001739 -0.023009
v 0.045988 0.001985 -0.022988
v 0.045761 0.001715 -0.022940
v 0.045852 0.001853 -0.023190
v 0.045927 0.001936 -0.023158
v 0.045947 0.002018 -0.023080
v 0.045743 0.001793 -0.023166
v 0.045629 0.001771 -0.023094
v 0.045771 0.001951 -0.023302
v 0.045905 0.002074 -0.023146
v 0.045644 0.001906 -0.023292
v 0.045867 0.002013 -0.023249
v 0.045519 0.001889 -0.023222
v 0.045869 0.002157 -0.023177
v 0.045699 0.002093 -0.023375
v 0.045561 0.002070 -0.023382
v 0.045811 0.002125 -0.023300
v 0.045435 0.002061 -0.023320
v 0.045834 0.002363 -0.023202
v 0.045664 0.002363 -0.023399
v 0.045530 0.002363 -0.023409
v 0.045775 0.002363 -0.023323
v 0.045408 0.002363 -0.023350
v 0.045802 0.002813 -0.023214
v 0.045644 0.002813 -0.023397
v 0.045519 0.002813 -0.023407
v 0.045748 0.002813 -0.023327
v 0.045407 0.002813 -0.023352
v 0.045733 0.003275 -0.023313
v 0.045638 0.003275 -0.023378
v 0.045524 0.003275 -0.023387
v 0.045782 0.003275 -0.023210
v 0.045420 0.003275 -0.023337
v 0.045628 0.003398 -0.023351
v 0.045711 0.003398 -0.023295
v 0.045754 0.003398 -0.023205
v 0.045529 0.003398 -0.023358
v 0.045716 0.003479 -0.023197
v 0.045439 0.003398 -0.023315
v 0.045616 0.003479 -0.023314
v 0.045681 0.003479 -0.023269
v 0.045536 0.003479 -0.023320
v 0.045638 0.003533 -0.023183
v 0.045464 0.003479 -0.023285
v 0.045589 0.003533 -0.023239
v 0.045621 0.003533 -0.023217
v 0.045551 0.003533 -0.023242
v 0.045565 0.003546 -0.023169
v 0.045516 0.003533 -0.023225
v 0.045565 0.003546 -0.023169
v 0.045565 0.003546 -0.023169
v 0.045516 0.003533 -0.023225
v 0.045495 0.003533 -0.023193
v 0.045492 0.003533 -0.023155
v 0.045420 0.003479 -0.023220
v 0.045508 0.003533 -0.023120
v 0.045540 0.003533 -0.023099
v 0.045540 0.003533 -0.023099
v 0.045579 0.003533 -0.023096
v 0.045414 0.003479 -0.023140
v 0.045514 0.003479 -0.023024
v 0.045613 0.003533 -0.023112
v 0.045375 0.003398 -0.023133
v 0.045448 0.003479 -0.023068
v 0.045635 0.003533 -0.023144
v 0.045419 0.003398 -0.023043
v 0.045710 0.003479 -0.023118
v 0.045397 0.003275 -0.023024
v 0.045501 0.003398 -0.022987
v 0.045716 0.003479 -0.023197
v 0.045492 0.003275 -0.022960
v 0.045347 0.003275 -0.023128
v 0.045754 0.003398 -0.023205
v 0.045383 0.003398 -0.023233
v 0.045747 0.003398 -0.023105
v 0.045638 0.003533 -0.023183
v 0.045356 0.003275 -0.023242
v 0.045782 0.003275 -0.023210
v 0.045439 0.003398 -0.023315
v 0.045774 0.003275 -0.023096
v 0.045327 0.002813 -0.023124
v 0.045665 0.003479 -0.023052
v 0.045464 0.003479 -0.023285
v 0.045420 0.003275 -0.023337
v 0.045381 0.002813 -0.023012
v 0.045336 0.002813 -0.023249
v 0.045322 0.002363 -0.023105
v 0.045690 0.003398 -0.023023
v 0.045407 0.002813 -0.023352
v 0.045381 0.002363 -0.022984
v 0.045408 0.002363 -0.023350
v 0.045341 0.002093 -0.023067
v 0.045709 0.003275 -0.023001
v 0.045333 0.002363 -0.023239
v 0.045399 0.002125 -0.022944
v 0.045601 0.003398 -0.022979
v 0.045492 0.002363 -0.022908
v 0.045606 0.003275 -0.022951
v 0.045355 0.002070 -0.023204
v 0.045511 0.002157 -0.022869
v 0.045792 0.002813 -0.023089
v 0.045402 0.001951 -0.022985
v 0.045435 0.002061 -0.023320
v 0.045722 0.002813 -0.022986
v 0.045441 0.002013 -0.022882
v 0.045824 0.002363 -0.023067
v 0.045501 0.001853 -0.022888
v 0.045519 0.001889 -0.023222
v 0.045748 0.002363 -0.022956
v 0.045521 0.001936 -0.022809
v 0.045431 0.001906 -0.023109
v 0.045855 0.002180 -0.023040
v 0.045632 0.001805 -0.022780
v 0.045541 0.001793 -0.022992
v 0.045775 0.002189 -0.022924
v 0.045632 0.001895 -0.022731
v 0.045649 0.002180 -0.022862
v 0.045596 0.002018 -0.022777
v 0.045679 0.001739 -0.022856
v 0.045626 0.002363 -0.022898
v 0.045680 0.001985 -0.022724
v 0.045761 0.001715 -0.022940
v 0.045511 0.002157 -0.022869
v 0.045710 0.001889 -0.022682
v 0.045856 0.001718 -0.022830
v 0.045788 0.002136 -0.022909
v 0.045737 0.001974 -0.022693
v 0.045779 0.001741 -0.022761
v 0.045664 0.002120 -0.022838
v 0.045791 0.001975 -0.022620
v 0.045896 0.001691 -0.022783
v 0.045705 0.002078 -0.022801
v 0.045774 0.001880 -0.022595
v 0.045835 0.001716 -0.022691
v 0.045819 0.002100 -0.022873
v 0.045789 0.001786 -0.022622
v 0.045725 0.001803 -0.022707
v 0.045763 0.002051 -0.022759
v 0.045908 0.002078 -0.022975
v 0.045680 0.001985 -0.022724
v 0.045877 0.002120 -0.023022
v 0.045940 0.002051 -0.022912
v 0.045596 0.002018 -0.022777
v 0.045947 0.002018 -0.023080
v 0.045988 0.001985 -0.022988
v 0.045905 0.002074 -0.023146
v 0.045858 0.002075 -0.022828
v 0.045537 0.002074 -0.022828
v 0.045956 0.002037 -0.022873
v 0.045869 0.002157 -0.023177
v 0.046009 0.001974 -0.022928
v 0.046001 0.002045 -0.022827
v 0.045798 0.002037 -0.022738
v 0.045492 0.002363 -0.022908
v 0.045900 0.002070 -0.022779
v 0.046073 0.001975 -0.022865
v 0.045737 0.001974 -0.022693
v 0.045609 0.002813 -0.022932
v 0.045835 0.002045 -0.022690
v 0.045879 0.002060 -0.022804
v 0.045791 0.001975 -0.022620
v 0.045485 0.002813 -0.022941
v 0.045492 0.003275 -0.022960
v 0.045501 0.003398 -0.022987
v 0.045514 0.003479 -0.023024
v 0.045593 0.003479 -0.023018
v 0.045629 0.001771 -0.023094
v 0.045834 0.002363 -0.023202
v 0.045802 0.002813 -0.023214
v 0.045485 0.002813 -0.022941
v 0.045537 0.002074 -0.022828
v 0.046663 0.002455 -0.022179
v 0.046726 0.002475 -0.022094
v 0.046617 0.002378 -0.022111
v 0.046679 0.002561 -0.022204
v 0.046673 0.002405 -0.022040
v 0.046742 0.002571 -0.022119
v 0.046555 0.002349 -0.022017
v 0.046662 0.002668 -0.022180
v 0.046819 0.002578 -0.022069
v 0.046596 0.002380 -0.021970
v 0.046715 0.002666 -0.022107
v 0.046772 0.002679 -0.022077
v 0.046820 0.002477 -0.022021
v 0.046773 0.002403 -0.021944
v 0.046930 0.002623 -0.021992
v 0.046690 0.002376 -0.021860
v 0.046856 0.002715 -0.022023
v 0.046951 0.002531 -0.021913
v 0.046911 0.002464 -0.021809
v 0.046915 0.002778 -0.021972
v 0.046822 0.002439 -0.021707
v 0.047050 0.002640 -0.021816
v 0.047011 0.002709 -0.021919
v 0.047021 0.002590 -0.021692
v 0.046940 0.002870 -0.021931
v 0.046932 0.002571 -0.021579
v 0.047110 0.002799 -0.021734
v 0.047053 0.002835 -0.021856
v 0.047097 0.002773 -0.021596
v 0.046959 0.003101 -0.021893
v 0.047017 0.002764 -0.021481
v 0.047129 0.003101 -0.021696
v 0.047071 0.003101 -0.021817
v 0.047119 0.003101 -0.021561
v 0.046967 0.003604 -0.021860
v 0.047043 0.003101 -0.021450
v 0.047125 0.003604 -0.021676
v 0.047070 0.003604 -0.021789
v 0.047115 0.003604 -0.021552
v 0.046960 0.004122 -0.021841
v 0.047045 0.003604 -0.021448
v 0.047105 0.004122 -0.021673
v 0.047055 0.004122 -0.021776
v 0.047096 0.004122 -0.021559
v 0.046951 0.004259 -0.021814
v 0.047031 0.004122 -0.021464
v 0.047076 0.004259 -0.021668
v 0.047033 0.004259 -0.021758
v 0.047069 0.004259 -0.021568
v 0.046938 0.004350 -0.021777
v 0.047013 0.004259 -0.021486
v 0.047038 0.004350 -0.021660
v 0.047003 0.004350 -0.021732
v 0.047032 0.004350 -0.021581
v 0.046911 0.004409 -0.021702
v 0.046987 0.004350 -0.021515
v 0.046960 0.004409 -0.021646
v 0.046943 0.004409 -0.021680
v 0.046957 0.004409 -0.021607
v 0.046887 0.004424 -0.021632
v 0.046935 0.004409 -0.021576
v 0.046887 0.004424 -0.021632
v 0.046887 0.004424 -0.021632
v 0.046935 0.004409 -0.021576
v 0.046901 0.004409 -0.021559
v 0.046862 0.004409 -0.021562
v 0.046915 0.004350 -0.021481
v 0.046830 0.004409 -0.021583
v 0.046814 0.004409 -0.021618
v 0.046814 0.004409 -0.021618
v 0.046817 0.004409 -0.021656
v 0.046836 0.004350 -0.021487
v 0.046736 0.004350 -0.021603
v 0.046742 0.004350 -0.021683
v 0.046823 0.004259 -0.021450
v 0.046770 0.004350 -0.021532
v 0.046736 0.004350 -0.021603
v 0.046923 0.004259 -0.021442
v 0.046705 0.004259 -0.021696
v 0.046814 0.004122 -0.021423
v 0.046697 0.004259 -0.021596
v 0.046761 0.004259 -0.021778
v 0.046719 0.004122 -0.021487
v 0.046741 0.004259 -0.021506
v 0.046742 0.004122 -0.021800
v 0.046928 0.004122 -0.021414
v 0.046846 0.004122 -0.021850
v 0.047013 0.004259 -0.021486
v 0.046669 0.004122 -0.021591
v 0.046851 0.004259 -0.021821
v 0.047031 0.004122 -0.021464
v 0.046650 0.003604 -0.021587
v 0.046960 0.004122 -0.021841
v 0.046932 0.003604 -0.021394
v 0.046704 0.003604 -0.021474
v 0.046967 0.003604 -0.021860
v 0.046807 0.003604 -0.021403
v 0.046787 0.003101 -0.021402
v 0.046676 0.003101 -0.021478
v 0.046842 0.003604 -0.021869
v 0.046753 0.002799 -0.021426
v 0.046959 0.003101 -0.021893
v 0.046922 0.003101 -0.021392
v 0.046640 0.002835 -0.021501
v 0.046825 0.003101 -0.021903
v 0.046891 0.002773 -0.021419
v 0.046618 0.003101 -0.021599
v 0.046730 0.003604 -0.021815
v 0.047017 0.002764 -0.021481
v 0.046940 0.002870 -0.021931
v 0.047043 0.003101 -0.021450
v 0.046808 0.002590 -0.021508
v 0.046803 0.002896 -0.021939
v 0.046932 0.002571 -0.021579
v 0.046704 0.003101 -0.021845
v 0.047045 0.003604 -0.021448
v 0.046822 0.002439 -0.021707
v 0.046677 0.002906 -0.021876
v 0.046708 0.002464 -0.021635
v 0.046663 0.002847 -0.021892
v 0.046596 0.002896 -0.021761
v 0.046628 0.003101 -0.021733
v 0.046681 0.002640 -0.021498
v 0.046659 0.003604 -0.021711
v 0.046599 0.002531 -0.021611
v 0.046788 0.002829 -0.021962
v 0.046618 0.003101 -0.021599
v 0.046595 0.002403 -0.021792
v 0.046747 0.002783 -0.022000
v 0.046583 0.002870 -0.021624
v 0.046512 0.002477 -0.021756
v 0.046633 0.002807 -0.021927
v 0.046575 0.002829 -0.021779
v 0.046690 0.002376 -0.021860
v 0.046689 0.002753 -0.022042
v 0.046772 0.002679 -0.022077
v 0.046544 0.002783 -0.021825
v 0.046596 0.002380 -0.021970
v 0.046856 0.002715 -0.022023
v 0.046511 0.002753 -0.021889
v 0.046516 0.002405 -0.021904
v 0.046715 0.002666 -0.022107
v 0.046464 0.002679 -0.021812
v 0.046555 0.002349 -0.022017
v 0.046653 0.002736 -0.022063
v 0.046505 0.002715 -0.021721
v 0.046594 0.002780 -0.021973
v 0.046614 0.002745 -0.022114
v 0.046551 0.002774 -0.022022
v 0.046662 0.002668 -0.022180
v 0.046546 0.002778 -0.021655
v 0.046496 0.002736 -0.021927
v 0.046573 0.002762 -0.021997
v 0.046442 0.002666 -0.021873
v 0.046453 0.002745 -0.021971
v 0.046378 0.002668 -0.021937
v 0.046455 0.002378 -0.021971
v 0.046454 0.002475 -0.021860
v 0.046380 0.002455 -0.021935
v 0.046351 0.002561 -0.021924
v 0.046464 0.002578 -0.021764
v 0.046427 0.002571 -0.021848
v 0.046525 0.002623 -0.021643
v 0.046378 0.002668 -0.021937
v 0.046505 0.002715 -0.021721
v 0.046442 0.002666 -0.021873
v 0.046585 0.002709 -0.021552
v 0.046464 0.002679 -0.021812
v 0.046546 0.002778 -0.021655
v 0.046583 0.002870 -0.021624
v 0.046838 0.004409 -0.021688
v 0.046787 0.004350 -0.021749
v 0.046873 0.004409 -0.021705
v 0.046858 0.004350 -0.021783
v 0.046938 0.004350 -0.021777
v 0.046951 0.004259 -0.021814
v 0.046911 0.004409 -0.021702
v 0.046678 0.004122 -0.021705
v 0.046697 0.004259 -0.021596
v 0.046669 0.004122 -0.021591
v 0.046650 0.003604 -0.021587
v 0.046987 0.004350 -0.021515
v 0.046915 0.002778 -0.021972
v 0.046693 0.000340 -0.021940
v 0.046907 0.000340 -0.022123
v 0.046671 0.000264 -0.021984
v 0.046904 0.000264 -0.022183
v 0.046479 0.000340 -0.021738
v 0.046693 0.000340 -0.021940
v 0.046440 0.000264 -0.021766
v 0.046671 0.000264 -0.021984
v 0.046313 0.000340 -0.020958
v 0.046099 0.000340 -0.021132
v 0.046259 0.000264 -0.020921
v 0.046028 0.000264 -0.021109
v 0.046479 0.000340 -0.021738
v 0.046440 0.000264 -0.021766
v 0.046425 0.000340 -0.021720
v 0.046381 0.000264 -0.021747
v 0.046051 0.000340 -0.021421
v 0.045976 0.000264 -0.021422
v 0.046058 0.000340 -0.021189
v 0.045984 0.000264 -0.021171
v 0.046123 0.000340 -0.021631
v 0.046054 0.000264 -0.021650
v 0.046051 0.000340 -0.021421
v 0.045976 0.000264 -0.021422
v 0.047625 0.000340 -0.021833
v 0.047681 0.000264 -0.021868
v 0.047472 0.000340 -0.022068
v 0.047515 0.000264 -0.022123
v 0.047309 0.000340 -0.020992
v 0.047119 0.000340 -0.020803
v 0.047338 0.000264 -0.020958
v 0.047132 0.000264 -0.020753
v 0.047415 0.000340 -0.022102
v 0.047472 0.000340 -0.022068
v 0.047453 0.000264 -0.022160
v 0.047515 0.000264 -0.022123
v 0.047058 0.000340 -0.020791
v 0.047066 0.000264 -0.020741
v 0.047119 0.000340 -0.020803
v 0.047132 0.000264 -0.020753
v 0.047595 0.000340 -0.021001
v 0.047648 0.000264 -0.020967
v 0.047743 0.000340 -0.021415
v 0.047809 0.000264 -0.021416
v 0.047553 0.000340 -0.020974
v 0.047603 0.000264 -0.020939
v 0.047595 0.000340 -0.021001
v 0.047648 0.000264 -0.020967
v 0.046099 0.000340 -0.021132
v 0.046058 0.000340 -0.021189
v 0.046028 0.000264 -0.021109
v 0.045984 0.000264 -0.021171
v 0.047058 0.000340 -0.020791
v 0.046496 0.000340 -0.020939
v 0.047066 0.000264 -0.020741
v 0.046458 0.000264 -0.020901
v 0.046438 0.000340 -0.020927
v 0.046313 0.000340 -0.020958
v 0.046395 0.000264 -0.020887
v 0.046259 0.000264 -0.020921
v 0.046496 0.000340 -0.020939
v 0.046438 0.000340 -0.020927
v 0.046458 0.000264 -0.020901
v 0.046395 0.000264 -0.020887
v 0.047739 0.000340 -0.021477
v 0.047804 0.000264 -0.021484
v 0.047656 0.000340 -0.021786
v 0.047714 0.000264 -0.021817
v 0.047739 0.000340 -0.021477
v 0.047743 0.000340 -0.021415
v 0.047804 0.000264 -0.021484
v 0.047809 0.000264 -0.021416
v 0.047364 0.000340 -0.021007
v 0.047398 0.000264 -0.020974
v 0.047553 0.000340 -0.020974
v 0.047603 0.000264 -0.020939
v 0.047309 0.000340 -0.020992
v 0.047338 0.000264 -0.020958
v 0.047364 0.000340 -0.021007
v 0.047398 0.000264 -0.020974
v 0.046921 0.000340 -0.022128
v 0.047415 0.000340 -0.022102
v 0.046919 0.000264 -0.022188
v 0.047453 0.000264 -0.022160
v 0.046907 0.000340 -0.022123
v 0.046921 0.000340 -0.022128
v 0.046904 0.000264 -0.022183
v 0.046919 0.000264 -0.022188
v 0.047625 0.000340 -0.021833
v 0.047656 0.000340 -0.021786
v 0.047681 0.000264 -0.021868
v 0.047714 0.000264 -0.021817
v 0.046158 0.000340 -0.021668
v 0.046092 0.000264 -0.021690
v 0.046123 0.000340 -0.021631
v 0.046054 0.000264 -0.021650
v 0.046425 0.000340 -0.021720
v 0.046381 0.000264 -0.021747
v 0.046158 0.000340 -0.021668
v 0.046092 0.000264 -0.021690
v 0.046212 0.000288 -0.020846
v 0.046220 0.000288 -0.020718
v 0.046261 0.000259 -0.020847
v 0.046270 0.000259 -0.020698
v 0.046150 0.000288 -0.020995
v 0.046212 0.000288 -0.020846
v 0.046188 0.000259 -0.021022
v 0.046261 0.000259 -0.020847
v 0.046028 0.000288 -0.021203
v 0.046045 0.000259 -0.021266
v 0.045951 0.000288 -0.021266
v 0.045955 0.000259 -0.021339
v 0.046064 0.000288 -0.021156
v 0.046088 0.000259 -0.021211
v 0.046028 0.000288 -0.021203
v 0.046045 0.000259 -0.021266
v 0.045924 0.000288 -0.020498
v 0.045923 0.000259 -0.020440
v 0.046033 0.000288 -0.020511
v 0.046051 0.000259 -0.020455
v 0.046060 0.000288 -0.020526
v 0.046033 0.000288 -0.020511
v 0.046082 0.000259 -0.020473
v 0.046051 0.000259 -0.020455
v 0.045718 0.000288 -0.020950
v 0.045728 0.000288 -0.020978
v 0.045683 0.000259 -0.020970
v 0.045694 0.000259 -0.021002
v 0.045670 0.000288 -0.020705
v 0.045626 0.000259 -0.020682
v 0.045766 0.000288 -0.020544
v 0.045738 0.000259 -0.020493
v 0.045671 0.000288 -0.020729
v 0.045628 0.000259 -0.020710
v 0.045670 0.000288 -0.020705
v 0.045626 0.000259 -0.020682
v 0.045924 0.000288 -0.021260
v 0.045951 0.000288 -0.021266
v 0.045924 0.000259 -0.021333
v 0.045955 0.000259 -0.021339
v 0.045728 0.000288 -0.020978
v 0.045854 0.000288 -0.021189
v 0.045694 0.000259 -0.021002
v 0.045842 0.000259 -0.021249
v 0.045854 0.000288 -0.021189
v 0.045924 0.000288 -0.021260
v 0.045842 0.000259 -0.021249
v 0.045924 0.000259 -0.021333
v 0.045787 0.000288 -0.020531
v 0.045762 0.000259 -0.020478
v 0.045902 0.000288 -0.020496
v 0.045898 0.000259 -0.020438
v 0.045766 0.000288 -0.020544
v 0.045738 0.000259 -0.020493
v 0.045787 0.000288 -0.020531
v 0.045762 0.000259 -0.020478
v 0.045718 0.000288 -0.020950
v 0.045683 0.000259 -0.020970
v 0.045671 0.000288 -0.020729
v 0.045628 0.000259 -0.020710
v 0.046218 0.000288 -0.020711
v 0.046060 0.000288 -0.020526
v 0.046268 0.000259 -0.020690
v 0.046082 0.000259 -0.020473
v 0.046220 0.000288 -0.020718
v 0.046218 0.000288 -0.020711
v 0.046270 0.000259 -0.020698
v 0.046268 0.000259 -0.020690
v 0.045924 0.000288 -0.020498
v 0.045902 0.000288 -0.020496
v 0.045923 0.000259 -0.020440
v 0.045898 0.000259 -0.020438
v 0.046067 0.000288 -0.021137
v 0.046091 0.000259 -0.021188
v 0.046064 0.000288 -0.021156
v 0.046088 0.000259 -0.021211
v 0.046150 0.000288 -0.020995
v 0.046188 0.000259 -0.021022
v 0.046067 0.000288 -0.021137
v 0.046091 0.000259 -0.021188
v 0.045540 0.000327 -0.021806
v 0.045676 0.000327 -0.021780
v 0.045536 0.000261 -0.021906
v 0.045716 0.000261 -0.021871
v 0.045405 0.000327 -0.021770
v 0.045540 0.000327 -0.021806
v 0.045358 0.000261 -0.021858
v 0.045536 0.000261 -0.021906
v 0.045299 0.000327 -0.021679
v 0.045405 0.000327 -0.021770
v 0.045219 0.000261 -0.021738
v 0.045358 0.000261 -0.021858
v 0.045244 0.000327 -0.021551
v 0.045299 0.000327 -0.021679
v 0.045146 0.000261 -0.021570
v 0.045219 0.000261 -0.021738
v 0.045249 0.000327 -0.021412
v 0.045244 0.000327 -0.021551
v 0.045152 0.000261 -0.021386
v 0.045146 0.000261 -0.021570
v 0.045314 0.000327 -0.021289
v 0.045249 0.000327 -0.021412
v 0.045238 0.000261 -0.021224
v 0.045152 0.000261 -0.021386
v 0.045426 0.000327 -0.021206
v 0.045314 0.000327 -0.021289
v 0.045386 0.000261 -0.021115
v 0.045238 0.000261 -0.021224
v 0.045563 0.000327 -0.021180
v 0.045426 0.000327 -0.021206
v 0.045567 0.000261 -0.021081
v 0.045386 0.000261 -0.021115
v 0.045697 0.000327 -0.021216
v 0.045563 0.000327 -0.021180
v 0.045744 0.000261 -0.021128
v 0.045567 0.000261 -0.021081
v 0.045803 0.000327 -0.021307
v 0.045697 0.000327 -0.021216
v 0.045883 0.000261 -0.021248
v 0.045744 0.000261 -0.021128
v 0.045859 0.000327 -0.021435
v 0.045803 0.000327 -0.021307
v 0.045957 0.000261 -0.021416
v 0.045883 0.000261 -0.021248
v 0.045854 0.000327 -0.021574
v 0.045859 0.000327 -0.021435
v 0.045950 0.000261 -0.021600
v 0.045957 0.000261 -0.021416
v 0.045789 0.000327 -0.021697
v 0.045854 0.000327 -0.021574
v 0.045864 0.000261 -0.021762
v 0.045950 0.000261 -0.021600
v 0.045676 0.000327 -0.021780
v 0.045789 0.000327 -0.021697
v 0.045716 0.000261 -0.021871
v 0.045864 0.000261 -0.021762
vn 0.5904 -0.0000 0.8071
vn -0.0863 -0.0000 0.9963
vn 0.5903 -0.0000 0.8072
vn -0.0000 1.0000 -0.0000
vn 0.7869 -0.0001 0.6171
vn 0.9999 -0.0000 0.0126
vn 0.9999 -0.0001 0.0126
vn 0.0001 1.0000 -0.0000
vn 0.8554 -0.0000 -0.5179
vn 0.8554 -0.0000 -0.5180
vn -0.3987 -0.0000 0.9171
vn -0.8539 -0.0000 0.5204
vn -0.6977 -0.0000 0.7164
vn -0.0000 1.0000 -0.0001
vn -0.0001 1.0000 -0.0000
vn 0.5986 -0.0000 -0.8011
vn -0.9960 -0.0000 0.0892
vn -0.9960 -0.0000 0.0893
vn 0.4299 -0.0000 -0.9029
vn -0.0206 -0.0000 -0.9998
vn -0.6285 -0.0000 -0.7778
vn -0.6284 -0.0000 -0.7779
vn -0.2942 -0.0000 -0.9558
vn -0.9960 -0.0001 0.0892
vn -0.9960 -0.0001 0.0893
vn -0.6285 -0.0001 -0.7778
vn -0.0000 1.0000 0.0001
vn -0.2941 -0.0000 -0.9558
vn -0.2942 -0.0000 -0.9557
vn 0.4299 -0.0001 -0.9029
vn 0.4298 -0.0000 -0.9029
vn 0.5986 -0.0000 -0.8010
vn 0.8554 -0.0001 -0.5180
vn -0.6976 -0.0000 0.7165
vn -0.8540 -0.0000 0.5203
vn -0.0862 -0.0001 0.9963
vn -0.0863 -0.0001 0.9963
vn -0.0864 -0.3298 0.9401
vn -0.0864 -0.3299 0.9401
vn -0.1425 0.2260 0.9636
vn 0.6815 -0.2112 0.7007
vn 0.0419 0.5055 0.8618
vn 0.0420 0.5054 0.8618
vn 0.6533 0.2830 0.7023
vn 0.3092 0.5548 0.7724
vn 0.0420 0.5055 0.8618
vn 0.3092 0.5549 0.7724
vn 0.4204 0.5595 0.7143
vn 0.0825 0.5134 0.8542
vn 0.3092 0.5549 0.7723
vn -0.2669 0.4778 0.8370
vn -0.2669 0.4777 0.8370
vn -0.1532 0.7767 0.6109
vn -0.4877 0.8175 0.3065
vn 0.6533 0.2829 0.7022
vn 0.3276 0.9407 0.0883
vn -0.1949 0.7373 0.6468
vn -0.3509 0.9280 -0.1251
vn -0.4877 0.8174 0.3065
vn -0.2742 -0.1629 0.9478
vn -0.5042 0.8186 0.2752
vn -0.2742 -0.1630 0.9478
vn -0.1949 0.7374 0.6468
vn -0.6555 0.7206 0.2260
vn -0.2742 -0.1630 0.9477
vn -0.5042 0.8186 0.2751
vn -0.2239 -0.0292 0.9742
vn -0.3844 0.9218 0.0513
vn -0.3843 0.9218 0.0513
vn -0.3139 0.0310 0.9490
vn -0.1162 0.9927 0.0337
vn -0.3139 0.0311 0.9490
vn -0.9760 0.1742 -0.1305
vn 0.8849 -0.3283 0.3305
vn 0.8848 -0.3283 0.3306
vn 0.9157 -0.2527 -0.3125
vn 0.8849 -0.3283 0.3306
vn 0.9157 -0.2527 -0.3124
vn 0.8699 0.3997 0.2888
vn -0.0865 -0.3299 0.9401
vn 0.8700 0.3997 0.2888
vn -0.1426 0.2259 0.9636
vn 0.9018 0.2831 -0.3266
vn 0.6139 0.7617 0.2072
vn 0.6867 0.7114 -0.1491
vn 0.6867 0.7115 -0.1491
vn 0.6139 0.7617 0.2071
vn 0.8912 0.3472 0.2919
vn 0.8912 0.3472 0.2920
vn 0.9616 0.2710 -0.0444
vn 0.3275 0.9407 0.0883
vn 0.5990 0.6001 -0.5301
vn 0.5989 0.6002 -0.5302
vn 0.7955 -0.1572 -0.5853
vn 0.9017 0.2831 -0.3267
vn 0.7954 -0.1573 -0.5853
vn 0.7675 0.2679 -0.5823
vn 0.5990 0.6001 -0.5302
vn 0.0268 -0.2716 -0.9620
vn 0.0822 0.3322 -0.9396
vn 0.0468 0.6838 -0.7282
vn 0.0267 -0.2716 -0.9620
vn 0.0467 0.6837 -0.7282
vn 0.0467 0.6838 -0.7282
vn 0.0267 -0.2715 -0.9621
vn 0.0821 0.3322 -0.9396
vn -0.3510 0.9280 -0.1251
vn -0.6500 0.5368 -0.5379
vn -0.6234 -0.3411 -0.7036
vn -0.6405 0.4603 -0.6147
vn -0.3509 0.9280 -0.1250
vn -0.6678 0.6985 -0.2570
vn -0.4877 0.8175 0.3064
vn -0.6679 0.6985 -0.2571
vn -0.6499 0.5368 -0.5380
vn -0.6679 0.6985 -0.2570
vn -0.6876 0.5426 -0.4824
vn -0.7311 0.6289 -0.2647
vn -0.6876 0.5426 -0.4825
vn -0.7238 -0.2208 -0.6537
vn -0.1511 0.9883 -0.0215
vn -0.7238 -0.2209 -0.6537
vn -0.3844 0.9217 0.0513
vn -0.2358 -0.0311 -0.9713
vn -0.1511 0.9883 -0.0214
vn -0.1162 0.9926 0.0337
vn -0.9655 0.0259 -0.2593
vn -0.9654 0.0259 -0.2594
vn -0.3139 0.0311 0.9489
vn -0.6405 0.4602 -0.6147
vn -0.7238 -0.2208 -0.6538
vn -0.6211 -0.3410 -0.7056
vn -0.6234 -0.3412 -0.7036
vn -0.2358 -0.0312 -0.9713
vn -0.9654 0.0258 -0.2594
vn -0.9760 0.1743 -0.1304
vn -0.9760 0.1742 -0.1304
vn 0.6815 -0.2111 0.7007
vn 0.6533 0.2829 0.7023
vn 0.9616 0.2709 -0.0443
vn -0.8101 -0.3273 0.4864
vn -0.7663 0.4007 0.5022
vn -0.7662 0.4007 0.5023
vn -0.2294 -0.2647 0.9366
vn -0.7675 -0.2997 -0.5667
vn -0.5431 0.7624 0.3519
vn -0.2293 -0.2651 0.9366
vn -0.7675 -0.2996 -0.5667
vn -0.7586 0.2052 -0.6184
vn -0.2067 0.2965 0.9324
vn -0.2293 -0.2651 0.9365
vn -0.7711 0.4625 -0.4376
vn -0.5431 0.7624 0.3518
vn -0.2514 0.7302 0.6353
vn -0.7818 0.3483 0.5172
vn -0.2514 0.7303 0.6352
vn -0.7848 0.4695 -0.4045
vn -0.2687 0.9420 0.2011
vn -0.2687 0.9420 0.2010
vn 0.3165 0.9279 -0.1970
vn 0.3164 0.9279 -0.1970
vn 0.6265 0.6434 0.4400
vn -0.2688 0.9420 0.2010
vn 0.1674 0.6027 0.7802
vn 0.6188 0.6968 -0.3628
vn -0.0169 0.8256 -0.5640
vn 0.6187 0.6968 -0.3628
vn 0.8397 0.5138 -0.1756
vn 0.1674 0.6026 0.7803
vn 0.0227 0.8286 -0.5594
vn 0.6188 0.6967 -0.3628
vn 0.1234 0.2725 0.9542
vn 0.1235 0.2725 0.9542
vn -0.5221 0.2834 0.8044
vn 0.7691 0.3017 0.5634
vn 0.1580 0.7381 -0.6559
vn 0.1106 -0.1604 0.9808
vn 0.8176 0.5246 -0.2373
vn 0.8104 -0.2447 0.5323
vn 0.1055 0.9890 -0.1041
vn 0.9367 -0.0276 0.3490
vn 0.6254 0.6434 0.4415
vn -0.2066 0.2965 0.9324
vn 0.9650 -0.2071 -0.1611
vn 0.7999 0.0262 -0.5996
vn 0.1054 0.9890 -0.1041
vn 0.8922 0.4346 -0.1233
vn 0.1690 0.9288 -0.3299
vn 0.1106 -0.1605 0.9808
vn 0.9466 -0.3166 -0.0600
vn 0.0335 0.9934 -0.1098
vn 0.1107 -0.1605 0.9808
vn 0.6940 0.1795 -0.6972
vn 0.8104 -0.2446 0.5323
vn 0.9466 -0.3167 -0.0600
vn -0.6692 0.0286 -0.7426
vn -0.7848 0.4695 -0.4046
vn -0.8359 0.5107 -0.2014
vn -0.6050 0.4479 -0.6583
vn -0.7711 0.4625 -0.4375
vn -0.7587 0.2051 -0.6184
vn -0.4761 0.7479 -0.4626
vn -0.9614 0.2627 0.0822
vn -0.9614 0.2628 0.0822
vn -0.4851 0.7083 -0.5128
vn -0.9751 -0.1961 0.1034
vn -0.9751 -0.1962 0.1033
vn -0.6866 -0.1499 -0.7114
vn 0.0226 0.8286 -0.5594
vn -0.9751 -0.1962 0.1034
vn 0.1580 0.7381 -0.6560
vn -0.6691 0.0287 -0.7426
vn 0.6940 0.1796 -0.6973
vn 0.6940 0.1795 -0.6973
vn 0.8922 0.4345 -0.1233
vn 0.8177 0.5246 -0.2372
vn 0.9466 -0.3166 -0.0601
vn 0.9650 -0.2071 -0.1612
vn 0.9367 -0.0277 0.3490
vn 0.7999 0.0262 -0.5995
vn 0.9650 -0.2072 -0.1611
vn -0.5221 0.2833 0.8044
vn -0.2513 0.7303 0.6352
vn -0.0000 -1.0000 -0.0000
vn 0.5725 -0.2664 -0.7754
vn 0.1794 -0.2664 -0.9470
vn 0.1848 -0.1173 -0.9758
vn -0.2569 -0.1173 -0.9593
vn 0.5899 -0.1173 -0.7989
vn -0.2493 -0.2664 -0.9311
vn 0.1839 0.1529 -0.9710
vn -0.6477 -0.1173 -0.7529
vn -0.2556 0.1529 -0.9546
vn 0.5870 0.1529 -0.7950
vn -0.6286 -0.2664 -0.7307
vn 0.1771 0.3062 -0.9354
vn -0.9102 -0.1173 -0.3973
vn -0.6445 0.1529 -0.7492
vn -0.2462 0.3061 -0.9196
vn -0.9057 0.1529 -0.3954
vn -0.9632 -0.2665 0.0358
vn -0.6208 0.3061 -0.7217
vn -0.8725 0.3061 -0.3809
vn -0.2463 0.3062 -0.9196
vn 0.1771 0.3062 -0.9353
vn -0.6208 0.3062 -0.7217
vn -0.8725 0.3062 -0.3808
vn 0.5654 0.3062 -0.7659
vn -0.9632 -0.2664 0.0359
vn -0.9924 -0.1173 0.0370
vn -0.5899 -0.1173 0.7989
vn -0.5725 -0.2665 0.7754
vn -0.9876 0.1529 0.0368
vn -0.8738 0.1529 0.4616
vn -0.9513 0.3062 0.0354
vn -0.5870 0.1529 0.7950
vn -0.8417 0.3062 0.4447
vn -0.8725 0.3062 -0.3809
vn -0.5655 0.3061 0.7659
vn -0.9513 0.3062 0.0355
vn -0.5654 0.3062 0.7659
vn -0.5725 -0.2664 0.7754
vn -0.1793 -0.2665 0.9470
vn -0.1848 -0.1173 0.9758
vn 0.2569 -0.1173 0.9593
vn 0.2493 -0.2664 0.9311
vn -0.1838 0.1529 0.9710
vn 0.6477 -0.1173 0.7528
vn 0.2557 0.1529 0.9546
vn 0.6286 -0.2665 0.7307
vn -0.1771 0.3062 0.9354
vn 0.9102 -0.1173 0.3973
vn 0.9057 0.1529 0.3954
vn 0.2462 0.3062 0.9196
vn 0.8834 -0.2664 0.3856
vn 0.9057 0.1529 0.3953
vn 0.8725 0.3062 0.3809
vn 0.9924 -0.1173 -0.0369
vn 0.9876 0.1529 -0.0368
vn 0.8725 0.3061 0.3808
vn 0.9513 0.3061 -0.0354
vn 0.9632 -0.2665 -0.0359
vn 0.8725 0.3062 0.3808
vn 0.9513 0.3062 -0.0354
vn 0.9632 -0.2665 -0.0358
vn 0.8522 -0.2665 -0.4502
vn 0.8781 -0.1173 -0.4639
vn 0.9924 -0.1173 -0.0370
vn 0.5725 -0.2665 -0.7754
vn 0.8738 0.1529 -0.4616
vn 0.5870 0.1528 -0.7950
vn 0.5655 0.3061 -0.7659
vn 0.8417 0.3062 -0.4447
vn 0.0200 0.9994 -0.0270
vn -0.0087 0.9994 -0.0324
vn 0.0199 0.9994 -0.0270
vn -0.0219 0.9994 -0.0254
vn 0.0297 0.9994 -0.0156
vn -0.5935 0.0407 0.8038
vn -0.0307 0.9994 -0.0134
vn 0.0335 0.9994 -0.0012
vn 0.2584 0.0407 0.9652
vn -0.9985 0.0407 0.0372
vn -0.8835 0.0407 0.4667
vn 0.0307 0.9994 0.0134
vn 0.6516 0.0407 0.7575
vn -0.9157 0.0407 -0.3998
vn -0.0335 0.9994 0.0013
vn 0.9157 0.0407 0.3997
vn 0.0218 0.9994 0.0254
vn -0.6516 0.0407 -0.7575
vn -0.0297 0.9994 0.0157
vn 0.9985 0.0407 -0.0372
vn 0.0087 0.9994 0.0324
vn -0.2584 0.0407 -0.9652
vn 0.8835 0.0407 -0.4667
vn -0.0199 0.9994 0.0270
vn -0.0063 0.9994 0.0329
vn 0.1860 0.0407 -0.9817
vn 0.5935 0.0407 -0.8038
vn 0.0057 1.0000 -0.0078
vn -0.0025 1.0000 -0.0093
vn 0.0057 1.0000 -0.0077
vn -0.0063 1.0000 -0.0073
vn 0.0085 1.0000 -0.0045
vn 0.5655 0.3062 -0.7658
vn 0.1772 0.3062 -0.9353
vn 0.0096 1.0000 -0.0004
vn -0.0088 1.0000 -0.0039
vn 0.8725 0.3061 0.3809
vn -0.0088 1.0000 -0.0038
vn 0.0088 1.0000 0.0038
vn -0.9157 0.0407 -0.3997
vn -0.0096 1.0000 0.0004
vn 0.0088 1.0000 0.0039
vn 0.0063 1.0000 0.0073
vn -0.0092 1.0000 -0.0017
vn 0.0062 1.0000 0.0073
vn 0.0025 1.0000 0.0093
vn -0.1772 0.3061 0.9353
vn -0.0085 1.0000 0.0045
vn -0.0018 1.0000 0.0094
vn -0.5655 0.3062 0.7658
vn 0.1859 0.0407 -0.9817
vn -0.0018 1.0000 0.0095
vn -0.0057 1.0000 0.0077
vn 0.2584 0.0408 0.9652
vn -0.5935 0.0408 0.8038
vn 0.6516 0.0408 0.7575
vn 0.9157 0.0408 0.3998
vn 0.9985 0.0407 -0.0371
vn 0.9985 0.0408 -0.0371
vn 0.8835 0.0408 -0.4667
vn 0.5935 0.0408 -0.8038
vn 0.1860 0.0408 -0.9817
vn -0.2584 0.0408 -0.9652
vn -0.6516 0.0408 -0.7575
vn -0.9157 0.0408 -0.3998
vn -0.9985 0.0408 0.0371
vn -0.9985 0.0407 0.0371
vn -0.8835 0.0408 0.4667
vn -0.0225 0.9994 -0.0261
vn 0.3120 0.3297 -0.8911
vn 0.7157 0.3297 -0.6157
vn -0.1754 0.3296 -0.9277
vn -0.0225 0.9994 -0.0262
vn -0.6157 0.3297 -0.7157
vn -0.8911 0.3296 -0.3120
vn -0.9277 0.3297 0.1753
vn -0.7157 0.3297 0.6157
vn -0.3120 0.3297 0.8911
vn 0.1753 0.3297 0.9277
vn 0.1754 0.3296 0.9277
vn 0.6157 0.3297 0.7157
vn 0.8911 0.3297 0.3120
vn -0.0226 0.9994 -0.0261
vn 0.9277 0.3296 -0.1754
vn 0.1113 0.9415 -0.3180
vn -0.0626 0.9415 -0.3310
vn -0.1316 0.7057 -0.6961
vn -0.2197 0.9416 -0.2554
vn 0.2341 0.7057 -0.6687
vn -0.4620 0.7057 -0.5371
vn -0.1723 0.3735 -0.9115
vn 0.2554 0.9416 -0.2197
vn -0.3310 0.9415 0.0626
vn -0.2554 0.9415 0.2197
vn -0.6687 0.7057 -0.2342
vn -0.3180 0.9415 -0.1113
vn -0.1113 0.9416 0.3179
vn -0.3179 0.9415 -0.1114
vn -0.6961 0.7057 0.1316
vn -0.2341 0.7057 0.6687
vn -0.6687 0.7057 -0.2341
vn -0.5371 0.7058 0.4620
vn 0.0625 0.9416 0.3310
vn -0.9115 0.3735 0.1723
vn 0.1315 0.7057 0.6962
vn -0.7032 0.3735 0.6050
vn -0.8755 0.3735 -0.3065
vn 0.1722 0.3735 0.9115
vn 0.3310 0.9415 -0.0626
vn 0.2554 0.9415 -0.2197
vn -0.9747 0.1266 0.1842
vn -0.3065 0.3735 0.8755
vn 0.5371 0.7057 -0.4620
vn -0.7520 0.1267 0.6469
vn 0.6961 0.7057 -0.1316
vn -0.9362 0.1266 -0.3278
vn -0.3278 0.1267 0.9362
vn 0.7033 0.3735 -0.6049
vn -0.7580 0.0117 0.6521
vn -0.9825 0.0117 0.1857
vn 0.1842 0.1266 0.9747
vn 0.9115 0.3735 -0.1723
vn 0.1857 0.0117 0.9825
vn 0.6687 0.7057 0.2341
vn -0.7580 -0.0153 0.6521
vn -0.3304 0.0117 0.9438
vn 0.7520 0.1266 -0.6469
vn -0.9825 -0.0153 0.1857
vn 0.9747 0.1267 -0.1842
vn -0.7564 -0.0668 0.6507
vn -0.9438 0.0117 -0.3304
vn 0.1857 -0.0154 0.9825
vn 0.8755 0.3735 0.3065
vn -0.9437 -0.0154 -0.3304
vn -0.3304 -0.0154 0.9437
vn -0.9804 -0.0663 0.1853
vn 0.1853 -0.0666 0.9804
vn 0.9362 0.1265 0.3278
vn -0.9417 -0.0666 -0.3297
vn -0.3297 -0.0667 0.9417
vn 0.6050 0.3735 0.7032
vn -0.9786 -0.0906 0.1849
vn 0.6469 0.1266 0.7520
vn -0.7550 -0.0906 0.6495
vn 0.1849 -0.0906 0.9786
vn 0.9825 0.0117 -0.1857
vn -0.7157 0.3296 0.6157
vn -0.3291 -0.0906 0.9399
vn 0.7581 0.0117 -0.6521
vn -0.3120 0.3296 0.8911
vn 0.7580 -0.0154 -0.6520
vn -0.9277 0.3296 0.1754
vn 0.9825 -0.0153 -0.1857
vn -0.9400 -0.0906 -0.3291
vn 0.7564 -0.0666 -0.6507
vn 0.9438 0.0117 0.3304
vn 0.9804 -0.0663 -0.1853
vn 0.9437 -0.0154 0.3304
vn 0.7550 -0.0906 -0.6494
vn 0.9417 -0.0663 0.3297
vn 0.9786 -0.0906 -0.1850
vn 0.6521 0.0117 0.7580
vn 0.7157 0.3296 -0.6157
vn 0.6521 -0.0154 0.7580
vn 0.1843 0.1266 0.9747
vn 0.9277 0.3296 -0.1753
vn 0.6507 -0.0667 0.7564
vn 0.1723 0.3735 0.9115
vn 0.9399 -0.0906 0.3291
vn 0.1858 -0.0154 0.9825
vn 0.1854 -0.0666 0.9804
vn 0.1316 0.7057 0.6961
vn 0.8911 0.3296 0.3120
vn 0.6495 -0.0906 0.7550
vn 0.1858 0.0117 0.9825
vn 0.4620 0.7057 0.5371
vn 0.0626 0.9416 0.3310
vn 0.6157 0.3296 0.7157
vn 0.1850 -0.0906 0.9786
vn 0.2197 0.9416 0.2554
vn 0.1753 0.3296 0.9277
vn 0.3180 0.9415 0.1113
vn -0.6469 0.1266 -0.7520
vn -0.6049 0.3735 -0.7032
vn -0.8755 0.3735 -0.3066
vn -0.1842 0.1266 -0.9747
vn -0.9437 0.0117 -0.3305
vn 0.3065 0.3735 -0.8755
vn -0.6521 0.0117 -0.7580
vn -0.9437 -0.0154 -0.3305
vn 0.3278 0.1266 -0.9362
vn -0.6521 -0.0154 -0.7580
vn 0.7032 0.3735 -0.6050
vn -0.1857 0.0117 -0.9825
vn -0.9417 -0.0666 -0.3298
vn -0.1857 -0.0154 -0.9825
vn 0.3304 0.0117 -0.9438
vn -0.6507 -0.0668 -0.7564
vn 0.7580 0.0117 -0.6521
vn -0.9399 -0.0906 -0.3291
vn -0.1853 -0.0667 -0.9804
vn 0.3304 -0.0154 -0.9437
vn -0.6495 -0.0906 -0.7550
vn 0.7580 -0.0154 -0.6521
vn 0.3297 -0.0667 -0.9417
vn -0.6157 0.3296 -0.7157
vn -0.1849 -0.0906 -0.9786
vn -0.1753 0.3296 -0.9277
vn 0.3291 -0.0906 -0.9399
vn 0.7549 -0.0906 -0.6495
vn 0.3120 0.3296 -0.8911
vn -0.6388 0.2011 -0.7426
vn -0.6388 0.2010 -0.7426
vn 0.6223 -0.5696 -0.5370
vn -0.6389 0.2009 -0.7426
vn 0.2733 -0.8868 -0.3727
vn 0.8189 -0.0343 -0.5729
vn -0.6389 0.2011 -0.7426
vn 0.8898 -0.0979 -0.4457
vn -0.0997 -0.9883 -0.1156
vn 0.7372 0.5214 -0.4296
vn 0.6373 -0.6088 -0.4725
vn 0.2700 -0.9046 -0.3298
vn 0.8609 0.4487 -0.2399
vn -0.0766 -0.9931 -0.0891
vn 0.5034 -0.5677 -0.6514
vn 0.8344 -0.0998 -0.5420
vn 0.8784 0.4122 -0.2420
vn 0.0877 -0.8303 -0.5504
vn -0.2747 -0.9069 -0.3195
vn 0.3886 -0.3996 -0.8303
vn 0.9082 0.3532 -0.2244
vn -0.0648 -0.6428 -0.7633
vn 0.7720 -0.0124 -0.6355
vn -0.4538 -0.7181 -0.5276
vn 0.9522 0.2285 -0.2027
vn 0.3375 -0.1632 -0.9271
vn -0.1575 -0.3216 -0.9337
vn 0.7480 0.0503 -0.6618
vn -0.6039 -0.3774 -0.7020
vn 0.9767 0.1032 -0.1881
vn 0.3284 -0.0124 -0.9445
vn -0.1864 -0.0544 -0.9810
vn 0.7552 0.0454 -0.6539
vn -0.6505 -0.0696 -0.7563
vn 0.9812 0.0536 -0.1856
vn 0.3303 0.0309 -0.9434
vn -0.1857 0.0225 -0.9823
vn 0.7574 0.0422 -0.6516
vn -0.6520 0.0195 -0.7580
vn 0.7510 0.1366 -0.6460
vn 0.3273 0.1369 -0.9349
vn -0.1840 0.1371 -0.9733
vn 0.9734 0.1363 -0.1840
vn -0.6459 0.1372 -0.7509
vn 0.3117 0.3322 -0.8902
vn 0.7150 0.3322 -0.6151
vn 0.9268 0.3322 -0.1752
vn -0.1752 0.3322 -0.9268
vn 0.7412 0.6565 -0.1402
vn -0.6151 0.3322 -0.7151
vn 0.2493 0.6565 -0.7119
vn 0.5719 0.6565 -0.4919
vn -0.1401 0.6565 -0.7412
vn 0.3676 0.9274 -0.0695
vn -0.4919 0.6565 -0.5719
vn 0.1236 0.9274 -0.3531
vn 0.2836 0.9274 -0.2440
vn -0.0695 0.9274 -0.3676
vn -0.2439 0.9274 -0.2836
vn -0.2440 0.9274 -0.2836
vn -0.3531 0.9274 -0.1236
vn -0.3676 0.9274 0.0695
vn -0.7120 0.6565 -0.2493
vn -0.2836 0.9274 0.2440
vn -0.1236 0.9274 0.3531
vn 0.0695 0.9274 0.3676
vn -0.7412 0.6565 0.1401
vn -0.2493 0.6565 0.7119
vn 0.2440 0.9274 0.2836
vn -0.9268 0.3322 0.1752
vn -0.5719 0.6565 0.4919
vn 0.3531 0.9274 0.1236
vn -0.7150 0.3322 0.6151
vn 0.7120 0.6565 0.2493
vn -0.7510 0.1366 0.6460
vn -0.3117 0.3322 0.8902
vn 0.7412 0.6565 -0.1401
vn -0.3274 0.1363 0.9350
vn -0.9734 0.1369 0.1840
vn 0.9268 0.3322 -0.1751
vn -0.8902 0.3322 -0.3117
vn 0.8902 0.3322 0.3117
vn 0.3676 0.9274 -0.0694
vn -0.9349 0.1371 -0.3273
vn -0.6151 0.3322 -0.7150
vn 0.9350 0.1361 0.3274
vn -0.9821 0.0309 0.1857
vn 0.4919 0.6565 0.5718
vn -0.4920 0.6565 -0.5718
vn -0.6460 0.1372 -0.7509
vn -0.7575 0.0422 0.6515
vn -0.9436 0.0225 -0.3304
vn -0.9829 -0.0124 0.1836
vn 0.6151 0.3322 0.7150
vn -0.6521 0.0195 -0.7579
vn -0.7594 0.0454 0.6490
vn -0.6506 -0.0696 -0.7562
vn -0.9671 -0.1632 0.1952
vn 0.6461 0.1360 0.7511
vn -0.9421 -0.0544 -0.3309
vn -0.7661 0.0504 0.6407
vn 0.1752 0.3322 0.9268
vn -0.3319 0.1032 0.9376
vn 0.1840 0.1361 0.9735
vn -0.8997 -0.3216 -0.2952
vn -0.3427 0.2285 0.9112
vn 0.9420 0.0618 0.3298
vn -0.8790 -0.3995 0.2602
vn -0.6040 -0.3774 -0.7020
vn 0.6508 0.0651 0.7565
vn -0.7437 -0.0124 0.6684
vn 0.9346 0.1451 0.3248
vn -0.7193 -0.5677 0.4004
vn -0.4539 -0.7181 -0.5275
vn 0.6437 0.1603 0.7483
vn -0.6606 -0.0998 0.7441
vn -0.7450 -0.6429 -0.1781
vn 0.9009 0.3061 0.3077
vn -0.5624 -0.6088 0.5595
vn -0.5573 -0.8303 0.0045
vn 0.6186 0.3165 0.7191
vn -0.5737 -0.0979 0.8132
vn 0.1696 0.3061 0.9368
vn -0.3705 0.4121 0.8324
vn -0.3664 -0.9046 0.2177
vn 0.1815 0.1451 0.9726
vn -0.3658 0.4488 0.8154
vn -0.0766 -0.9931 -0.0890
vn -0.3426 0.2285 0.9113
vn -0.6884 -0.0340 0.7245
vn -0.0998 -0.9883 -0.1155
vn 0.5149 0.6136 0.5986
vn -0.5354 0.5208 0.6649
vn -0.4080 -0.8873 0.2152
vn 0.1038 0.5571 0.8239
vn -0.6388 0.2010 -0.7427
vn -0.0088 0.7519 0.6593
vn 0.3311 0.8616 0.3848
vn -0.6228 -0.5703 0.5356
vn -0.0557 0.8015 0.5954
vn 0.6532 0.7519 0.0898
vn -0.3657 0.4488 0.8153
vn 0.7992 0.5571 0.2257
vn 0.5971 0.8015 0.0339
vn -0.3705 0.4122 0.8324
vn 0.8608 0.4488 -0.2398
vn 0.9082 0.3532 -0.2243
vn 0.2673 0.9122 0.3107
vn -0.3575 0.3533 0.8645
vn 0.4434 0.8753 -0.1930
vn 0.7372 0.5215 -0.4296
vn -0.2590 0.8756 0.4077
vn -0.3319 0.1032 0.9377
vn -0.5354 0.5209 0.6648
vn 0.1853 0.0618 0.9807
vn 0.0780 0.9929 0.0894
vn -0.3300 0.0535 0.9425
vn -0.3273 0.1363 0.9350
vn -0.2492 0.6565 0.7120
vn 0.1401 0.6565 0.7412
vn -0.2748 -0.9069 -0.3194
vn 0.9812 0.0536 -0.1855
vn -0.3301 0.0535 0.9424
vn -0.3576 0.3532 0.8645
vn 0.6517 0.0377 0.7576
vn 0.6431 -0.5325 -0.5504
vn 0.6516 0.0377 0.7576
vn 0.4428 -0.8663 -0.2312
vn 0.6889 -0.0311 -0.7242
vn 0.6516 0.0376 0.7576
vn 0.5746 -0.0891 -0.8136
vn 0.1098 -0.9857 0.1281
vn 0.5483 0.4853 -0.6811
vn 0.3703 0.4146 -0.8312
vn 0.5833 -0.5713 -0.5774
vn 0.3982 -0.8867 -0.2351
vn 0.6617 -0.0907 -0.7443
vn 0.0852 -0.9914 0.0989
vn 0.3738 0.3791 -0.8465
vn 0.7427 -0.5292 -0.4103
vn 0.5974 -0.8020 -0.0035
vn 0.3599 0.3217 -0.8758
vn 0.2991 -0.8886 0.3477
vn 0.8929 -0.3662 -0.2619
vn 0.7438 -0.0115 -0.6683
vn 0.7757 -0.6028 0.1870
vn 0.3437 0.2059 -0.9162
vn 0.4781 -0.6802 0.5557
vn 0.9697 -0.1475 -0.1947
vn 0.7661 0.0452 -0.6411
vn 0.9081 -0.2934 0.2988
vn 0.3322 0.0924 -0.9387
vn 0.6119 -0.3461 0.7112
vn 0.9829 -0.0111 -0.1836
vn 0.7595 0.0406 -0.6492
vn 0.9424 -0.0487 0.3310
vn 0.3302 0.0479 -0.9427
vn 0.6509 -0.0623 0.7566
vn 0.9822 0.0276 -0.1856
vn 0.7576 0.0377 -0.6517
vn 0.9436 0.0201 0.3304
vn 0.3280 0.1223 -0.9367
vn 0.6521 0.0174 0.7580
vn 0.9752 0.1228 -0.1843
vn 0.7524 0.1225 -0.6472
vn 0.9367 0.1230 0.3279
vn 0.3152 0.3010 -0.9000
vn 0.6472 0.1231 0.7523
vn 0.9370 0.3010 -0.1771
vn 0.7229 0.3010 -0.6219
vn 0.9001 0.3010 0.3151
vn 0.2593 0.6199 -0.7406
vn 0.6219 0.3010 0.7229
vn 0.7710 0.6199 -0.1457
vn 0.5949 0.6199 -0.5117
vn 0.7406 0.6199 0.2593
vn 0.1347 0.9131 -0.3848
vn 0.5118 0.6199 0.5948
vn 0.4006 0.9131 -0.0757
vn 0.3091 0.9131 -0.2659
vn 0.3848 0.9131 0.1347
vn 0.2659 0.9131 0.3090
vn 0.2659 0.9131 0.3091
vn 0.0757 0.9131 0.4006
vn -0.1347 0.9131 0.3848
vn 0.1457 0.6199 0.7710
vn -0.3091 0.9131 0.2659
vn -0.4006 0.9131 0.0757
vn -0.3848 0.9131 -0.1347
vn -0.2593 0.6199 0.7406
vn -0.7710 0.6199 0.1458
vn -0.7406 0.6199 -0.2593
vn -0.3151 0.3010 0.9001
vn -0.5949 0.6199 0.5117
vn -0.7711 0.6199 0.1457
vn 0.1771 0.3010 0.9370
vn -0.9001 0.3010 -0.3151
vn -0.3280 0.1228 0.9367
vn -0.9370 0.3010 0.1772
vn -0.6219 0.3010 -0.7229
vn -0.7524 0.1225 0.6472
vn -0.7229 0.3010 0.6219
vn -0.6473 0.1221 -0.7524
vn 0.1843 0.1230 0.9751
vn -0.1843 0.1222 -0.9752
vn 0.6219 0.3010 0.7230
vn -0.9752 0.1223 0.1844
vn -0.1771 0.3010 -0.9370
vn 0.6472 0.1231 0.7524
vn -0.9815 0.0479 0.1856
vn 0.3279 0.1223 -0.9368
vn 0.1857 0.0201 0.9824
vn -0.7575 0.0377 0.6517
vn 0.3301 0.0479 -0.9427
vn -0.3303 0.0276 0.9435
vn -0.3283 -0.0111 0.9445
vn -0.7554 0.0406 0.6540
vn -0.1854 0.0553 -0.9811
vn -0.3374 -0.1475 0.9297
vn 0.3321 0.0924 -0.9387
vn 0.1866 -0.0487 0.9812
vn -0.7484 0.0452 0.6618
vn -0.1821 0.1301 -0.9746
vn 0.1598 -0.2934 0.9426
vn -0.9778 0.0924 0.1882
vn -0.6510 0.0582 -0.7568
vn 0.6118 -0.3460 0.7113
vn 0.0690 -0.6028 0.7949
vn -0.1713 0.2768 -0.9456
vn 0.4780 -0.6802 0.5558
vn -0.6454 0.1438 -0.7502
vn 0.6520 0.0174 0.7580
vn -0.6249 0.2862 -0.7264
vn -0.0927 -0.8020 0.5901
vn -0.5333 0.5755 -0.6200
vn -0.9094 0.2767 -0.3106
vn -0.9365 0.1301 -0.3257
vn -0.3924 -0.3662 0.8437
vn -0.9424 0.0553 -0.3298
vn -0.5167 -0.5292 0.6731
vn -0.1077 0.5176 -0.8488
vn -0.9778 0.0924 0.1881
vn -0.2920 -0.8867 0.3586
vn 0.0065 0.7167 -0.6974
vn -0.9573 0.2059 0.2029
vn -0.6581 -0.5712 0.4905
vn -0.3579 0.8359 -0.4161
vn -0.8232 0.5176 -0.2333
vn 0.0851 -0.9914 0.0990
vn 0.0563 0.7703 -0.6351
vn 0.3703 0.4147 -0.8312
vn -0.6905 0.7167 -0.0977
vn 0.1097 -0.9857 0.1282
vn 0.3737 0.3792 -0.8465
vn -0.6365 0.7703 -0.0393
vn -0.2952 -0.8668 0.4018
vn 0.5482 0.4854 -0.6811
vn -0.8772 0.4147 0.2420
vn 0.6517 0.0376 0.7576
vn 0.2781 0.8536 -0.4405
vn -0.8928 0.3792 0.2431
vn -0.2930 0.8934 -0.3406
vn 0.6517 0.0378 0.7576
vn -0.9197 0.3218 0.2249
vn -0.4754 0.8540 0.2115
vn -0.0839 0.9915 -0.0990
vn -0.7555 0.4847 0.4408
vn 0.6517 0.0377 0.7575
vn 0.6518 0.0377 0.7575
vn -0.6407 -0.5332 0.5525
vn -0.8903 -0.0891 0.4466
vn -0.8193 -0.0310 0.5726
vn -0.8348 -0.0907 0.5431
vn 0.6517 0.0376 0.7575
vn -0.8928 0.3791 0.2431
vn -0.7555 0.4846 0.4408
vn -0.7720 -0.0115 0.6355
vn -0.8772 0.4146 0.2420
vn -0.9197 0.3217 0.2250
vn -0.9573 0.2059 0.2030
vn -0.2659 0.9131 -0.3091
vn -0.5117 0.6199 -0.5949
vn -0.0757 0.9131 -0.4006
vn -0.1457 0.6199 -0.7710
vn 0.3151 0.3010 -0.9001
vn -0.9368 0.1220 -0.3280
vn -0.9370 0.3010 0.1771
vn -0.9752 0.1223 0.1843
vn -0.9815 0.0479 0.1855
vn 0.5117 0.6199 0.5949
vn 0.3598 0.3218 -0.8758
vn -0.5650 0.5336 -0.6293
vn -0.4059 0.5799 -0.7064
vn -0.0326 0.9991 0.0280
vn -0.0325 0.9991 0.0280
vn -0.4393 0.5037 -0.7439
vn -0.5651 0.5336 -0.6293
vn -0.3503 0.5981 0.7208
vn -0.5438 0.6634 0.5140
vn -0.4393 0.5036 -0.7439
vn -0.0325 0.9991 0.0279
vn -0.2287 0.4366 -0.8701
vn -0.7048 0.7011 -0.1084
vn -0.6672 0.7096 0.2263
vn -0.6319 0.6731 -0.3842
vn -0.7048 0.7011 -0.1085
vn 0.6319 0.6579 -0.4098
vn 0.5118 0.6766 -0.5294
vn -0.0325 0.9991 0.0281
vn 0.4322 0.5040 0.7478
vn 0.3901 0.5536 0.7358
vn 0.2133 0.6602 -0.7202
vn 0.5117 0.6766 -0.5295
vn -0.0397 0.9989 0.0236
vn -0.0349 0.5533 0.8323
vn 0.3900 0.5536 0.7358
vn -0.0351 0.9990 0.0285
vn 0.5994 0.6351 0.4872
vn 0.7529 0.6491 0.1083
vn 0.1411 0.4947 0.8575
vn 0.5993 0.6351 0.4873
vn -0.5438 0.6635 0.5139
vn -0.6672 0.7097 0.2264
vn -0.0350 0.5533 0.8323
vn -0.0099 0.4563 0.8898
vn -0.0022 0.4632 0.8863
vn -0.3502 0.5981 0.7208
vn -0.0022 0.4631 0.8863
vn 0.7474 0.6528 -0.1237
vn 0.6885 0.6576 -0.3058
vn 0.7530 0.6491 0.1082
vn -0.0333 0.9993 0.0189
vn 0.0385 0.4117 0.9105
vn 0.1410 0.4947 0.8575
vn 0.4321 0.5040 0.7478
vn 0.0386 0.4117 0.9105
vn -0.1068 0.6216 -0.7760
vn 0.2132 0.6602 -0.7202
vn -0.1069 0.6216 -0.7760
vn 0.6318 0.6579 -0.4098
vn -0.0362 0.9991 0.0224
vn -0.3843 0.5518 -0.7402
vn -0.3842 0.5518 -0.7402
vn 0.5017 0.8570 -0.1176
vn 0.4826 0.8746 0.0463
vn -0.0162 0.9998 -0.0143
vn -0.0164 0.9997 -0.0190
vn 0.4727 0.8492 -0.2354
vn 0.5017 0.8570 -0.1177
vn 0.3292 0.8892 -0.3177
vn -0.0163 0.9997 -0.0191
vn 0.1004 0.9283 -0.3581
vn 0.5485 0.8136 -0.1928
vn 0.3293 0.8892 -0.3177
vn 0.0485 0.8954 0.4426
vn -0.0164 0.9997 -0.0191
vn 0.1396 0.8989 0.4154
vn 0.2989 0.8875 0.3508
vn 0.1397 0.8989 0.4153
vn -0.5655 0.8099 -0.1557
vn -0.5197 0.8199 -0.2403
vn -0.5000 0.8586 0.1133
vn -0.3361 0.8857 0.3203
vn -0.5690 0.8186 -0.0784
vn -0.5001 0.8586 0.1132
vn -0.2156 0.9082 -0.3587
vn 0.1003 0.9283 -0.3581
vn -0.4193 0.8502 -0.3184
vn -0.2157 0.9082 -0.3587
vn -0.1839 0.8958 0.4047
vn -0.0413 0.8983 0.4374
vn 0.4138 0.8833 0.2203
vn 0.2989 0.8875 0.3507
vn 0.4138 0.8833 0.2202
vn 0.0486 0.8954 0.4426
vn 0.5798 0.7955 -0.1763
vn 0.5485 0.8136 -0.1927
vn 0.5797 0.7955 -0.1764
vn -0.0206 0.8326 -0.5535
vn 0.2216 0.8326 -0.5076
vn -0.0426 0.9984 0.0367
vn -0.2587 0.8326 -0.4898
vn -0.0207 0.8326 -0.5535
vn -0.0425 0.9984 0.0367
vn -0.4456 0.8326 -0.3290
vn -0.2587 0.8326 -0.4897
vn -0.0425 0.9984 0.0366
vn -0.0426 0.9984 0.0366
vn -0.5442 0.8326 -0.1031
vn -0.5351 0.8326 0.1432
vn -0.4199 0.8326 0.3612
vn -0.5350 0.8326 0.1433
vn -0.2216 0.8326 0.5076
vn 0.0206 0.8326 0.5535
vn 0.2587 0.8326 0.4898
vn 0.4456 0.8326 0.3290
vn 0.2587 0.8326 0.4897
vn 0.5442 0.8326 0.1031
vn 0.5350 0.8326 -0.1432
vn 0.4199 0.8326 -0.3612
vn 0.5350 0.8326 -0.1433
vt 0.851720 0.785966
vt 0.851720 0.822220
vt 0.843913 0.785966
vt 0.843913 0.822220
vt 0.851720 0.828490
vt 0.854322 0.821270
vt 0.854322 0.827215
vt 0.843913 0.828490
vt 0.854322 0.785966
vt 0.851720 0.744212
vt 0.854322 0.744212
vt 0.843913 0.744212
vt 0.854322 0.710287
vt 0.851720 0.710287
vt 0.843913 0.710287
vt 0.854322 0.668969
vt 0.851720 0.668013
vt 0.843913 0.668013
vt 0.851720 0.658045
vt 0.843913 0.658045
vt 0.854322 0.659395
vt 0.773260 0.674401
vt 0.812353 0.690082
vt 0.773803 0.725883
vt 0.724277 0.674191
vt 0.824186 0.725766
vt 0.724797 0.725883
vt 0.746125 0.658045
vt 0.780050 0.660334
vt 0.814869 0.790143
vt 0.678540 0.687331
vt 0.821368 0.668565
vt 0.773803 0.790143
vt 0.669068 0.673638
vt 0.830942 0.679045
vt 0.812221 0.827397
vt 0.663123 0.679347
vt 0.835503 0.691539
vt 0.774171 0.844152
vt 0.682706 0.725804
vt 0.837202 0.691646
vt 0.725180 0.846432
vt 0.659383 0.687054
vt 0.832293 0.678430
vt 0.725102 0.790143
vt 0.665235 0.722757
vt 0.842309 0.722148
vt 0.689254 0.830728
vt 0.657820 0.687036
vt 0.681876 0.790143
vt 0.840728 0.722283
vt 0.663675 0.722598
vt 0.657820 0.788765
vt 0.825934 0.788765
vt 0.667500 0.828896
vt 0.827509 0.788765
vt 0.687768 0.857224
vt 0.659381 0.788765
vt 0.666037 0.829532
vt 0.824633 0.838253
vt 0.686773 0.858514
vt 0.826179 0.838790
vt 0.725321 0.871707
vt 0.821156 0.846396
vt 0.822407 0.847328
vt 0.814673 0.851590
vt 0.785039 0.864682
vt 0.757769 0.870700
vt 0.815627 0.852921
vt 0.725495 0.873289
vt 0.757854 0.872291
vt 0.785039 0.866281
vt 0.868018 0.793679
vt 0.868018 0.754957
vt 0.875825 0.793679
vt 0.875825 0.814415
vt 0.875825 0.754957
vt 0.868018 0.814415
vt 0.865416 0.755131
vt 0.865416 0.792684
vt 0.868018 0.722599
vt 0.875825 0.722599
vt 0.868018 0.695413
vt 0.875825 0.695413
vt 0.868018 0.664825
vt 0.875825 0.664825
vt 0.875825 0.658045
vt 0.868018 0.658045
vt 0.856067 0.666583
vt 0.863874 0.666583
vt 0.856067 0.716607
vt 0.863874 0.658045
vt 0.856067 0.658045
vt 0.863874 0.716607
vt 0.863874 0.783225
vt 0.856067 0.783225
vt 0.863874 0.813727
vt 0.856067 0.813727
vt 0.863874 0.826943
vt 0.856067 0.826943
vt 0.885377 0.768105
vt 0.885377 0.808872
vt 0.877570 0.768105
vt 0.885377 0.701938
vt 0.877570 0.808872
vt 0.877570 0.701938
vt 0.885377 0.666375
vt 0.877570 0.666375
vt 0.885377 0.658045
vt 0.877570 0.658045
vt 0.887979 0.666393
vt 0.887979 0.658687
vt 0.704372 0.661353
vt 0.682524 0.170153
vt 0.682519 0.188668
vt 0.668474 0.175545
vt 0.686502 0.171490
vt 0.668474 0.190858
vt 0.686499 0.190277
vt 0.668474 0.194343
vt 0.696123 0.175754
vt 0.682536 0.192173
vt 0.696123 0.190789
vt 0.686509 0.193781
vt 0.696123 0.194424
vt 0.705574 0.187126
vt 0.706460 0.192577
vt 0.709104 0.196518
vt 0.719826 0.191848
vt 0.707336 0.206679
vt 0.720784 0.196414
vt 0.696098 0.201652
vt 0.728904 0.212611
vt 0.706848 0.212269
vt 0.724924 0.217130
vt 0.696167 0.206388
vt 0.729118 0.218258
vt 0.686704 0.199977
vt 0.712483 0.233859
vt 0.731978 0.213869
vt 0.686787 0.204367
vt 0.696256 0.248565
vt 0.731653 0.219340
vt 0.682882 0.199805
vt 0.714660 0.238882
vt 0.683012 0.203809
vt 0.696266 0.252985
vt 0.715663 0.247715
vt 0.668474 0.205045
vt 0.689219 0.252598
vt 0.668474 0.252148
vt 0.668474 0.200988
vt 0.689400 0.256188
vt 0.686732 0.253258
vt 0.688500 0.272201
vt 0.699128 0.267357
vt 0.684440 0.257136
vt 0.687806 0.259063
vt 0.668474 0.255926
vt 0.683857 0.267909
vt 0.680568 0.265451
vt 0.668474 0.266311
vt 0.680870 0.286764
vt 0.683043 0.289433
vt 0.668474 0.289225
vt 0.680868 0.292303
vt 0.668474 0.294452
vt 0.715196 0.320288
vt 0.729293 0.317900
vt 0.715196 0.358240
vt 0.729294 0.313403
vt 0.729249 0.360859
vt 0.715196 0.315863
vt 0.729246 0.364866
vt 0.733228 0.359820
vt 0.729294 0.295282
vt 0.715196 0.362184
vt 0.733287 0.317627
vt 0.715196 0.297310
vt 0.733224 0.363753
vt 0.733290 0.314073
vt 0.742845 0.358085
vt 0.733290 0.296670
vt 0.742845 0.362344
vt 0.743036 0.318196
vt 0.743403 0.314903
vt 0.751089 0.354408
vt 0.746883 0.301054
vt 0.752297 0.359028
vt 0.751882 0.321746
vt 0.751582 0.317740
vt 0.753978 0.353119
vt 0.754635 0.319854
vt 0.766548 0.357672
vt 0.767500 0.353047
vt 0.768131 0.316698
vt 0.767506 0.358471
vt 0.749828 0.303799
vt 0.771150 0.353932
vt 0.769324 0.314307
vt 0.775626 0.365025
vt 0.771330 0.317926
vt 0.748202 0.298369
vt 0.778700 0.360828
vt 0.794073 0.362906
vt 0.779975 0.361403
vt 0.794073 0.357841
vt 0.798069 0.362171
vt 0.779975 0.357257
vt 0.798069 0.356693
vt 0.779975 0.336538
vt 0.798052 0.336336
vt 0.812981 0.356606
vt 0.794061 0.336238
vt 0.812978 0.337439
vt 0.811662 0.361632
vt 0.779975 0.330914
vt 0.798098 0.330562
vt 0.813025 0.331585
vt 0.837710 0.340811
vt 0.794093 0.330637
vt 0.813124 0.297639
vt 0.837484 0.334941
vt 0.794600 0.291859
vt 0.798795 0.292460
vt 0.779975 0.293342
vt 0.840962 0.335119
vt 0.813072 0.293116
vt 0.794607 0.287030
vt 0.841181 0.340879
vt 0.798805 0.287648
vt 0.779975 0.292501
vt 0.834102 0.357047
vt 0.830647 0.304288
vt 0.836109 0.358201
vt 0.757308 0.181554
vt 0.750764 0.226155
vt 0.739985 0.183253
vt 0.756235 0.227788
vt 0.733347 0.219260
vt 0.763068 0.182155
vt 0.794159 0.191612
vt 0.786039 0.232635
vt 0.793899 0.186519
vt 0.791266 0.234554
vt 0.755153 0.231720
vt 0.763246 0.178045
vt 0.798648 0.190222
vt 0.784610 0.237063
vt 0.810604 0.196834
vt 0.804252 0.251613
vt 0.805070 0.174651
vt 0.800548 0.170153
vt 0.807240 0.248503
vt 0.775777 0.243663
vt 0.821615 0.221383
vt 0.811322 0.254943
vt 0.789881 0.266573
vt 0.818616 0.196098
vt 0.809097 0.259920
vt 0.823795 0.218524
vt 0.813902 0.259636
vt 0.824578 0.224478
vt 0.819741 0.195952
vt 0.795958 0.276696
vt 0.826385 0.221851
vt 0.793084 0.275547
vt 0.840099 0.240690
vt 0.804805 0.280498
vt 0.843741 0.238704
vt 0.826328 0.280827
vt 0.835738 0.258087
vt 0.843961 0.244022
vt 0.829198 0.283164
vt 0.839347 0.258046
vt 0.823659 0.286201
vt 0.842456 0.290296
vt 0.856723 0.287814
vt 0.844271 0.312479
vt 0.856723 0.311743
vt 0.860921 0.311597
vt 0.860921 0.287030
vt 0.875553 0.310873
vt 0.875553 0.334424
vt 0.875553 0.288452
vt 0.858397 0.334169
vt 0.858908 0.337496
vt 0.875553 0.338009
vt 0.875553 0.352892
vt 0.863189 0.354349
vt 0.875553 0.356962
vt 0.863187 0.359667
vt 0.875553 0.375081
vt 0.863181 0.373691
vt 0.863159 0.398809
vt 0.875553 0.400798
vt 0.686272 0.295316
vt 0.700333 0.300067
vt 0.686272 0.318151
vt 0.700680 0.323322
vt 0.704502 0.320535
vt 0.704307 0.296916
vt 0.713896 0.311462
vt 0.713921 0.295282
vt 0.679970 0.297966
vt 0.684997 0.295282
vt 0.682251 0.300712
vt 0.671873 0.314652
vt 0.674132 0.316766
vt 0.810209 0.257432
vt 0.243192 0.323574
vt 0.230925 0.323574
vt 0.245289 0.320798
vt 0.232376 0.320798
vt 0.236206 0.288201
vt 0.213198 0.323574
vt 0.215083 0.288201
vt 0.250824 0.288201
vt 0.213716 0.320798
vt 0.236925 0.257914
vt 0.193522 0.323574
vt 0.191637 0.288201
vt 0.215339 0.257914
vt 0.251863 0.257914
vt 0.193004 0.320798
vt 0.233881 0.223675
vt 0.170514 0.288201
vt 0.191381 0.257914
vt 0.214253 0.223675
vt 0.175795 0.323574
vt 0.169795 0.257914
vt 0.174344 0.320798
vt 0.192467 0.223675
vt 0.172839 0.223675
vt 0.213308 0.197971
vt 0.231234 0.197971
vt 0.193412 0.197971
vt 0.175486 0.197971
vt 0.244232 0.198524
vt 0.247464 0.223675
vt 0.268946 0.190885
vt 0.284329 0.190885
vt 0.267126 0.193662
vt 0.283319 0.193662
vt 0.280654 0.226258
vt 0.303511 0.190885
vt 0.303511 0.226258
vt 0.262323 0.226258
vt 0.303511 0.193662
vt 0.280153 0.256546
vt 0.322693 0.190885
vt 0.323703 0.193662
vt 0.303511 0.256546
vt 0.261422 0.256546
vt 0.326369 0.226258
vt 0.282272 0.290784
vt 0.326869 0.256546
vt 0.303511 0.290784
vt 0.265240 0.290784
vt 0.324750 0.290784
vt 0.268558 0.316488
vt 0.303511 0.316488
vt 0.284114 0.316488
vt 0.322909 0.316488
vt 0.352913 0.190885
vt 0.365181 0.190885
vt 0.350816 0.193662
vt 0.363730 0.193662
vt 0.359900 0.226258
vt 0.382908 0.190885
vt 0.381023 0.226258
vt 0.345282 0.226258
vt 0.382390 0.193662
vt 0.359180 0.256546
vt 0.402584 0.190885
vt 0.404468 0.226258
vt 0.380766 0.256546
vt 0.344242 0.256546
vt 0.403101 0.193662
vt 0.362225 0.290784
vt 0.425592 0.226258
vt 0.404725 0.256546
vt 0.381853 0.290784
vt 0.420311 0.190885
vt 0.421762 0.193662
vt 0.426311 0.256546
vt 0.403638 0.290784
vt 0.348642 0.290784
vt 0.440210 0.226258
vt 0.351874 0.315935
vt 0.441249 0.256546
vt 0.423266 0.290784
vt 0.364871 0.316488
vt 0.436849 0.290784
vt 0.382797 0.316488
vt 0.434675 0.193662
vt 0.420620 0.316488
vt 0.402694 0.316488
vt 0.433617 0.315935
vt 0.432578 0.190885
vt 0.405011 0.324744
vt 0.424193 0.324744
vt 0.404001 0.327521
vt 0.424193 0.327521
vt 0.424193 0.360117
vt 0.443375 0.324744
vt 0.447050 0.360117
vt 0.401335 0.360117
vt 0.444385 0.327521
vt 0.424193 0.390405
vt 0.447551 0.390405
vt 0.400835 0.390405
vt 0.445432 0.424643
vt 0.424193 0.424643
vt 0.402954 0.424643
vt 0.424193 0.450347
vt 0.404795 0.450347
vt 0.443591 0.450347
vt 0.315274 0.034512
vt 0.324164 0.041602
vt 0.304187 0.057534
vt 0.304187 0.031982
vt 0.329098 0.051848
vt 0.293101 0.034512
vt 0.320033 0.024629
vt 0.329098 0.063219
vt 0.284210 0.041602
vt 0.304187 0.021012
vt 0.332741 0.034763
vt 0.275634 0.034763
vt 0.288341 0.024629
vt 0.279277 0.051848
vt 0.339793 0.049407
vt 0.268582 0.049407
vt 0.324164 0.073465
vt 0.339793 0.065660
vt 0.279277 0.063219
vt 0.268582 0.065660
vt 0.315274 0.080555
vt 0.332741 0.080304
vt 0.284210 0.073465
vt 0.275634 0.080304
vt 0.320033 0.090438
vt 0.304187 0.083085
vt 0.293101 0.080555
vt 0.288341 0.090438
vt 0.304187 0.094055
vt 0.362700 0.332623
vt 0.376198 0.343387
vt 0.362590 0.332852
vt 0.345869 0.329036
vt 0.376000 0.343546
vt 0.345869 0.328781
vt 0.375687 0.343795
vt 0.383689 0.358942
vt 0.329147 0.332852
vt 0.364538 0.329054
vt 0.362417 0.333213
vt 0.329037 0.332623
vt 0.379247 0.340817
vt 0.345976 0.324769
vt 0.345869 0.329436
vt 0.383441 0.358999
vt 0.327210 0.329079
vt 0.315738 0.343546
vt 0.383051 0.359088
vt 0.383689 0.376207
vt 0.312355 0.340987
vt 0.329321 0.333213
vt 0.383442 0.376150
vt 0.315539 0.343387
vt 0.316051 0.343795
vt 0.383051 0.376061
vt 0.308296 0.358999
vt 0.375687 0.391354
vt 0.304138 0.358161
vt 0.308686 0.359088
vt 0.376000 0.391603
vt 0.308048 0.358942
vt 0.308296 0.376150
vt 0.362417 0.401937
vt 0.304186 0.377200
vt 0.308686 0.376061
vt 0.376198 0.391762
vt 0.308048 0.376207
vt 0.315738 0.391603
vt 0.312490 0.394332
vt 0.316051 0.391354
vt 0.362700 0.402526
vt 0.315539 0.391762
vt 0.329147 0.402297
vt 0.387600 0.376988
vt 0.327405 0.406165
vt 0.329321 0.401937
vt 0.387551 0.357949
vt 0.329037 0.402526
vt 0.345869 0.406114
vt 0.345977 0.410354
vt 0.345869 0.405713
vt 0.345869 0.406368
vt 0.362590 0.402297
vt 0.379383 0.394162
vt 0.364528 0.406071
vt 0.227378 0.325047
vt 0.227378 0.335355
vt 0.227140 0.325117
vt 0.227140 0.335403
vt 0.227378 0.350250
vt 0.227140 0.350268
vt 0.227378 0.366783
vt 0.227140 0.366766
vt 0.227378 0.381678
vt 0.227140 0.381630
vt 0.227378 0.391986
vt 0.227140 0.391916
vt 0.220676 0.324890
vt 0.220676 0.341008
vt 0.220438 0.324924
vt 0.220438 0.341008
vt 0.220676 0.357126
vt 0.220438 0.357093
vt 0.220676 0.370052
vt 0.220438 0.369991
vt 0.224540 0.381678
vt 0.224540 0.366783
vt 0.224778 0.381630
vt 0.224778 0.366766
vt 0.224540 0.350250
vt 0.224778 0.350268
vt 0.224540 0.335355
vt 0.224778 0.335403
vt 0.224540 0.325047
vt 0.224778 0.325117
vt 0.217325 0.324890
vt 0.217325 0.341008
vt 0.217087 0.324924
vt 0.217087 0.341008
vt 0.217325 0.357126
vt 0.217087 0.357093
vt 0.801469 0.630503
vt 0.824078 0.630503
vt 0.801469 0.639804
vt 0.777650 0.639804
vt 0.777650 0.630502
vt 0.824078 0.639804
vt 0.847417 0.630503
vt 0.847417 0.639804
vt 0.870459 0.630503
vt 0.870459 0.639804
vt 0.801469 0.630503
vt 0.824078 0.639804
vt 0.133592 0.946723
vt 0.147116 0.946723
vt 0.147086 0.957057
vt 0.147120 0.933647
vt 0.161076 0.946723
vt 0.129544 0.933647
vt 0.165264 0.933647
vt 0.147123 0.919711
vt 0.119345 0.946723
vt 0.183176 0.933647
vt 0.129107 0.957057
vt 0.174859 0.946723
vt 0.164973 0.957057
vt 0.111028 0.933647
vt 0.126949 0.919711
vt 0.105696 0.919711
vt 0.188509 0.919711
vt 0.124516 0.902121
vt 0.167948 0.919711
vt 0.147125 0.902121
vt 0.100698 0.902121
vt 0.170465 0.902121
vt 0.147125 0.769332
vt 0.124516 0.769332
vt 0.193507 0.902121
vt 0.193507 0.769332
vt 0.147125 0.633281
vt 0.170465 0.769332
vt 0.124516 0.633281
vt 0.147125 0.586598
vt 0.100698 0.769332
vt 0.193507 0.633281
vt 0.100698 0.633281
vt 0.170465 0.633281
vt 0.124516 0.586598
vt 0.193507 0.586598
vt 0.100698 0.586599
vt 0.170465 0.586598
vt 0.124516 0.561802
vt 0.147125 0.561802
vt 0.193507 0.561802
vt 0.147125 0.552051
vt 0.170465 0.561802
vt 0.170465 0.552051
vt 0.124516 0.552051
vt 0.193507 0.552051
vt 0.100698 0.561802
vt 0.100698 0.552051
vt 0.124516 0.586599
vt 0.147125 0.561802
vt 0.147125 0.552051
vt 0.124516 0.561802
vt 0.100698 0.561802
vt 0.124516 0.586598
vt 0.357315 0.599468
vt 0.333213 0.599468
vt 0.357315 0.622646
vt 0.382880 0.599468
vt 0.333213 0.622646
vt 0.382880 0.622646
vt 0.308586 0.599468
vt 0.403762 0.599468
vt 0.382880 0.635692
vt 0.308586 0.622646
vt 0.403762 0.622646
vt 0.357238 0.635692
vt 0.333213 0.635692
vt 0.403762 0.635692
vt 0.308509 0.635692
vt 0.357238 0.652594
vt 0.382880 0.652594
vt 0.403762 0.652594
vt 0.333213 0.652594
vt 0.308509 0.652594
vt 0.357238 0.666768
vt 0.403762 0.666768
vt 0.333213 0.666768
vt 0.382880 0.666768
vt 0.308509 0.666768
vt 0.403762 0.675741
vt 0.357238 0.675741
vt 0.333213 0.675741
vt 0.382880 0.675741
vt 0.308509 0.675741
vt 0.403762 0.698943
vt 0.357238 0.698943
vt 0.333213 0.698943
vt 0.382880 0.698943
vt 0.308509 0.698943
vt 0.403762 0.766545
vt 0.357238 0.766545
vt 0.333213 0.766545
vt 0.382880 0.766545
vt 0.308509 0.766545
vt 0.382880 0.831266
vt 0.357238 0.831266
vt 0.333213 0.831266
vt 0.403762 0.831266
vt 0.308509 0.831266
vt 0.357194 0.847464
vt 0.381782 0.847464
vt 0.401806 0.847464
vt 0.334157 0.847464
vt 0.399430 0.858622
vt 0.310469 0.847464
vt 0.357141 0.858622
vt 0.380448 0.858622
vt 0.335303 0.858622
vt 0.392538 0.870610
vt 0.312849 0.858622
vt 0.356987 0.870610
vt 0.376581 0.870610
vt 0.338629 0.870610
vt 0.386478 0.884184
vt 0.319752 0.870610
vt 0.357302 0.884184
vt 0.328698 0.884184
vt 0.392596 0.870610
vt 0.376639 0.870610
vt 0.357046 0.870610
vt 0.380518 0.858622
vt 0.338687 0.870610
vt 0.319810 0.870610
vt 0.357211 0.858622
vt 0.312918 0.858622
vt 0.357268 0.847464
vt 0.335373 0.858622
vt 0.334230 0.847464
vt 0.333289 0.831266
vt 0.310542 0.847464
vt 0.308586 0.831266
vt 0.357315 0.831266
vt 0.381855 0.847464
vt 0.382956 0.831266
vt 0.401879 0.847464
vt 0.357315 0.766545
vt 0.399499 0.858622
vt 0.403839 0.831266
vt 0.333289 0.766545
vt 0.382956 0.766545
vt 0.357315 0.698943
vt 0.403839 0.766545
vt 0.333289 0.698943
vt 0.403839 0.698943
vt 0.357315 0.675741
vt 0.382956 0.698943
vt 0.333289 0.675741
vt 0.308586 0.698943
vt 0.382956 0.675741
vt 0.308586 0.675741
vt 0.357315 0.666822
vt 0.403839 0.675741
vt 0.333289 0.666822
vt 0.357315 0.652594
vt 0.403839 0.666822
vt 0.333289 0.652594
vt 0.382956 0.666822
vt 0.382956 0.652594
vt 0.333289 0.622646
vt 0.308586 0.652594
vt 0.308586 0.599468
vt 0.308586 0.579521
vt 0.403762 0.579521
vt 0.333291 0.579521
vt 0.382880 0.579521
vt 0.357315 0.579521
vt 0.403839 0.652594
vt 0.308509 0.766545
vt 0.308586 0.766545
vt 0.308586 0.666822
vt 0.595574 0.548087
vt 0.679349 0.548087
vt 0.595574 0.631862
vt 0.679349 0.631862
vt 0.597458 0.550295
vt 0.681233 0.550295
vt 0.597458 0.634070
vt 0.681233 0.634070
vt 0.598008 0.554859
vt 0.670472 0.554859
vt 0.598008 0.627323
vt 0.670472 0.627323
s 1
g GUI_Map_Cactus2_GUI_Map_Cactus:GUI_Map_Cactus1_GUI_Map_Cactus:GUI_Map_Cactus1
usemtl GUI_Map_Cactus:GUI_Map_Cactus1
f 1/1/1 2/2/2 3/3/3
f 3/3/3 2/2/2 4/4/2
f 5/5/2 4/4/2 2/2/2
f 1/1/1 6/6/4 2/2/2
f 5/5/2 2/2/2 7/7/4
f 7/7/4 2/2/2 6/6/4
f 8/8/2 4/4/2 5/5/2
f 9/9/4 6/6/4 1/1/1
f 3/3/3 10/10/3 1/1/1
f 9/9/4 1/1/1 11/11/4
f 11/11/4 1/1/1 10/10/3
f 12/12/1 10/10/3 3/3/3
f 11/11/4 10/10/3 13/13/4
f 12/12/1 14/14/5 10/10/3
f 13/13/4 10/10/3 14/14/5
f 15/15/5 14/14/5 12/12/1
f 13/13/4 14/14/5 16/16/4
f 14/14/5 15/15/5 17/17/6
f 16/16/4 14/14/5 17/17/6
f 17/17/6 15/15/5 18/18/7
f 17/17/6 19/19/7 16/16/4
f 20/20/6 17/17/6 18/18/7
f 19/19/7 17/17/6 20/20/6
f 16/16/4 19/19/7 21/21/4
f 22/22/4 23/23/4 24/24/4
f 24/24/4 25/25/4 22/22/4
f 24/24/4 23/23/4 26/26/4
f 27/27/4 25/25/4 24/24/4
f 22/22/4 25/25/4 28/28/4
f 29/29/4 23/23/4 22/22/4
f 29/29/4 22/22/4 28/28/4
f 30/30/4 24/24/4 26/26/4
f 25/25/4 27/27/4 31/31/4
f 32/32/4 23/23/4 29/29/4
f 33/33/4 24/24/4 30/30/4
f 34/34/4 25/25/4 31/31/4
f 35/35/4 23/23/4 32/32/4
f 36/36/4 33/33/4 30/30/4
f 34/34/4 31/31/4 37/37/4
f 38/38/8 23/23/4 35/35/4
f 23/23/4 38/38/8 26/26/4
f 39/39/4 33/33/4 36/36/4
f 31/31/4 27/27/4 40/40/4
f 35/35/4 41/41/9 38/38/8
f 42/42/4 33/33/4 39/39/4
f 40/40/4 43/43/4 31/31/4
f 37/37/4 31/31/4 43/43/4
f 44/44/6 41/41/9 35/35/4
f 45/45/4 33/33/4 42/42/4
f 45/45/4 40/40/4 27/27/4
f 46/46/4 43/43/4 40/40/4
f 41/41/9 47/47/10 38/38/8
f 42/42/4 48/48/4 45/45/4
f 46/46/4 49/49/11 43/43/4
f 50/50/4 40/40/4 45/45/4
f 38/38/8 47/47/10 51/51/4
f 45/45/4 48/48/4 50/50/4
f 52/52/12 49/49/11 46/46/4
f 26/26/4 38/38/8 51/51/4
f 27/27/4 24/24/4 45/45/4
f 52/52/12 46/46/4 53/53/13
f 54/54/14 26/26/4 51/51/4
f 48/48/4 55/55/15 50/50/4
f 45/45/4 24/24/4 33/33/4
f 51/51/4 56/56/16 54/54/14
f 48/48/4 57/57/4 55/55/15
f 50/50/4 55/55/15 58/58/4
f 53/53/13 46/46/4 58/58/4
f 47/47/10 56/56/16 51/51/4
f 55/55/15 57/57/4 59/59/17
f 58/58/4 55/55/15 53/53/13
f 46/46/4 40/40/4 58/58/4
f 58/58/4 40/40/4 50/50/4
f 54/54/14 56/56/16 60/60/14
f 53/53/13 55/55/15 59/59/17
f 59/59/17 57/57/4 61/61/18
f 48/48/4 42/42/4 57/57/4
f 60/60/14 56/56/16 62/62/19
f 60/60/14 36/36/4 54/54/14
f 57/57/4 42/42/4 63/63/4
f 62/62/19 64/64/14 60/60/14
f 36/36/4 60/60/14 64/64/14
f 54/54/14 36/36/4 30/30/4
f 30/30/4 26/26/4 54/54/14
f 42/42/4 39/39/4 63/63/4
f 65/65/19 64/64/14 62/62/19
f 66/66/4 36/36/4 64/64/14
f 39/39/4 36/36/4 67/67/4
f 67/67/4 36/36/4 66/66/4
f 63/63/4 39/39/4 68/68/4
f 69/69/20 64/64/14 65/65/19
f 39/39/4 67/67/4 68/68/4
f 66/66/4 64/64/14 69/69/20
f 63/63/4 68/68/4 70/70/21
f 68/68/4 67/67/4 71/71/22
f 70/70/21 68/68/4 71/71/22
f 67/67/4 66/66/4 72/72/23
f 72/72/23 66/66/4 69/69/20
f 71/71/22 67/67/4 72/72/23
f 73/73/24 74/74/22 75/75/24
f 76/76/25 73/73/24 75/75/24
f 75/75/24 74/74/22 77/77/26
f 78/78/18 73/73/24 76/76/25
f 74/74/22 73/73/24 79/79/27
f 79/79/27 73/73/24 80/80/4
f 74/74/22 81/81/21 77/77/26
f 77/77/26 81/81/21 82/82/22
f 81/81/21 83/83/28 82/82/22
f 82/82/22 83/83/28 84/84/29
f 83/83/28 85/85/20 84/84/29
f 84/84/29 85/85/20 86/86/20
f 85/85/20 87/87/19 86/86/20
f 88/88/30 87/87/19 85/85/20
f 89/89/30 90/90/31 91/91/16
f 89/89/30 92/92/19 90/90/31
f 93/93/19 92/92/19 89/89/30
f 91/91/16 90/90/31 94/94/32
f 95/95/10 91/91/16 94/94/32
f 96/96/10 91/91/16 95/95/10
f 95/95/10 97/97/10 96/96/10
f 96/96/10 97/97/10 98/98/33
f 97/97/10 99/99/7 98/98/33
f 98/98/33 99/99/7 100/100/7
f 101/101/13 102/102/17 103/103/34
f 103/103/34 104/104/35 101/101/13
f 103/103/34 102/102/17 105/105/17
f 106/106/35 104/104/35 103/103/34
f 106/106/35 107/107/11 104/104/35
f 108/108/11 107/107/11 106/106/35
f 108/108/11 109/109/36 107/107/11
f 110/110/37 109/109/36 108/108/11
f 107/107/11 109/109/36 111/111/4
f 111/111/4 109/109/36 112/112/4
f 113/113/4 25/25/4 34/34/4
f 28/28/4 25/25/4 113/113/4
f 114/114/38 115/115/39 116/116/39
f 114/114/38 117/117/40 115/115/39
f 116/116/39 115/115/39 118/118/39
f 115/115/39 117/117/40 119/119/40
f 118/118/39 115/115/39 120/120/41
f 121/121/42 119/119/40 117/117/40
f 120/120/41 115/115/39 122/122/41
f 123/123/43 119/119/40 121/121/42
f 122/122/41 115/115/39 124/124/44
f 124/124/44 115/115/39 119/119/40
f 125/125/45 119/119/40 123/123/43
f 124/124/44 119/119/40 125/125/45
f 126/126/46 123/123/43 121/121/42
f 127/127/43 125/125/45 123/123/43
f 127/127/43 123/123/43 126/126/46
f 128/128/47 125/125/45 127/127/43
f 129/129/48 127/127/43 126/126/46
f 127/127/43 129/129/48 128/128/47
f 130/130/47 125/125/45 128/128/47
f 128/128/47 129/129/48 131/131/49
f 128/128/47 131/131/49 130/130/47
f 132/132/50 125/125/45 130/130/47
f 130/130/47 131/131/49 133/133/49
f 130/130/47 134/134/51 132/132/50
f 135/135/52 130/130/47 133/133/49
f 134/134/51 130/130/47 135/135/52
f 132/132/50 134/134/51 136/136/53
f 135/135/52 133/133/49 137/137/54
f 136/136/53 138/138/55 132/132/50
f 134/134/51 139/139/51 136/136/53
f 135/135/52 137/137/54 139/139/51
f 134/134/51 135/135/52 139/139/51
f 133/133/49 140/140/56 137/137/54
f 141/141/57 138/138/55 136/136/53
f 136/136/53 139/139/51 142/142/53
f 142/142/53 141/141/57 136/136/53
f 137/137/54 140/140/56 143/143/58
f 141/141/57 144/144/41 138/138/55
f 139/139/51 145/145/59 142/142/53
f 139/139/51 137/137/54 145/145/59
f 146/146/60 144/144/41 141/141/57
f 142/142/53 145/145/59 147/147/61
f 148/148/54 145/145/59 137/137/54
f 149/149/62 144/144/41 146/146/60
f 141/141/57 150/150/63 146/146/60
f 147/147/61 150/150/63 142/142/53
f 150/150/63 141/141/57 142/142/53
f 149/149/62 146/146/60 151/151/62
f 152/152/41 144/144/41 149/149/62
f 153/153/64 150/150/63 147/147/61
f 151/151/62 146/146/60 154/154/65
f 154/154/65 150/150/63 153/153/64
f 146/146/60 150/150/63 154/154/65
f 153/153/64 147/147/61 155/155/64
f 155/155/64 147/147/61 156/156/66
f 157/157/67 151/151/62 154/154/65
f 158/158/68 154/154/65 153/153/64
f 157/157/67 154/154/65 158/158/68
f 159/159/67 151/151/62 157/157/67
f 160/160/69 157/157/67 158/158/68
f 157/157/67 161/161/67 159/159/67
f 161/161/67 157/157/67 160/160/69
f 159/159/67 161/161/67 162/162/67
f 161/161/67 160/160/69 163/163/70
f 161/161/67 163/163/70 162/162/67
f 163/163/70 160/160/69 164/164/71
f 162/162/67 163/163/70 165/165/72
f 163/163/70 166/166/73 165/165/72
f 165/165/72 166/166/73 167/167/73
f 168/168/74 169/169/74 170/170/75
f 168/168/74 171/171/76 169/169/74
f 170/170/75 169/169/74 172/172/77
f 173/173/78 171/171/76 168/168/74
f 174/174/39 170/170/75 172/172/77
f 169/169/74 175/175/79 172/172/77
f 173/173/78 176/176/76 171/171/76
f 177/177/80 170/170/75 174/174/39
f 178/178/81 175/175/79 169/169/74
f 179/179/76 176/176/76 173/173/78
f 171/171/76 178/178/81 169/169/74
f 174/174/39 172/172/77 180/180/82
f 180/180/82 172/172/77 175/175/79
f 176/176/76 181/181/83 171/171/76
f 181/181/83 178/178/81 171/171/76
f 175/175/79 182/182/84 180/180/82
f 178/178/81 182/182/84 175/175/79
f 183/183/83 181/181/83 176/176/76
f 180/180/82 182/182/84 184/184/46
f 185/185/84 182/182/84 178/178/81
f 181/181/83 185/185/84 178/178/81
f 181/181/83 183/183/83 186/186/85
f 186/186/85 185/185/84 181/181/83
f 182/182/84 187/187/84 184/184/46
f 185/185/84 187/187/84 182/182/84
f 186/186/85 183/183/83 188/188/86
f 184/184/46 187/187/84 189/189/42
f 190/190/87 187/187/84 185/185/84
f 186/186/85 190/190/87 185/185/84
f 191/191/86 186/186/85 188/188/86
f 191/191/86 190/190/87 186/186/85
f 189/189/42 187/187/84 192/192/88
f 187/187/84 190/190/87 192/192/88
f 193/193/88 190/190/87 191/191/86
f 192/192/88 190/190/87 193/193/88
f 189/189/42 192/192/88 194/194/48
f 193/193/88 195/195/89 192/192/88
f 194/194/48 192/192/88 195/195/89
f 196/196/88 195/195/89 193/193/88
f 194/194/48 195/195/89 197/197/49
f 193/193/88 198/198/90 196/196/88
f 197/197/49 195/195/89 199/199/91
f 196/196/88 198/198/90 200/200/92
f 197/197/49 199/199/91 201/201/49
f 196/196/88 202/202/56 195/195/89
f 202/202/56 196/196/88 200/200/92
f 195/195/89 202/202/56 199/199/91
f 200/200/92 198/198/90 203/203/93
f 201/201/49 199/199/91 204/204/91
f 205/205/76 206/206/76 207/207/94
f 207/207/94 208/208/95 205/205/76
f 207/207/94 206/206/76 209/209/96
f 210/210/97 208/208/95 207/207/94
f 211/211/96 207/207/94 209/209/96
f 207/207/94 212/212/97 210/210/97
f 213/213/98 208/208/95 210/210/97
f 214/214/96 207/207/94 211/211/96
f 214/214/96 212/212/97 207/207/94
f 210/210/97 215/215/98 213/213/98
f 212/212/97 215/215/98 210/210/97
f 216/216/86 208/208/95 213/213/98
f 211/211/96 217/217/99 214/214/96
f 214/214/96 218/218/100 212/212/97
f 212/212/97 219/219/101 215/215/98
f 218/218/100 219/219/101 212/212/97
f 215/215/98 220/220/93 213/213/98
f 214/214/96 217/217/99 221/221/102
f 221/221/102 218/218/100 214/214/96
f 219/219/101 218/218/100 222/222/103
f 220/220/93 215/215/98 223/223/104
f 217/217/99 224/224/105 221/221/102
f 223/223/104 215/215/98 219/219/101
f 224/224/105 218/218/100 221/221/102
f 222/222/103 218/218/100 225/225/106
f 226/226/102 224/224/105 217/217/99
f 227/227/107 220/220/93 223/223/104
f 222/222/103 225/225/106 228/228/108
f 225/225/106 218/218/100 224/224/105
f 224/224/105 226/226/102 229/229/109
f 230/230/56 220/220/93 227/227/107
f 228/228/108 225/225/106 231/231/110
f 229/229/109 225/225/106 224/224/105
f 229/229/109 226/226/102 232/232/109
f 230/230/56 233/233/98 220/220/93
f 231/231/110 225/225/106 229/229/109
f 222/222/103 234/234/104 219/219/101
f 219/219/101 234/234/104 223/223/104
f 235/235/56 233/233/98 230/230/56
f 213/213/98 220/220/93 233/233/98
f 236/236/91 237/237/91 238/238/91
f 237/237/91 236/236/91 239/239/111
f 238/238/91 237/237/91 240/240/56
f 239/239/111 236/236/91 241/241/58
f 242/242/58 239/239/111 241/241/58
f 243/243/111 239/239/111 242/242/58
f 242/242/58 241/241/58 244/244/101
f 243/243/111 242/242/58 245/245/112
f 243/243/111 246/246/59 239/239/111
f 244/244/101 241/241/58 247/247/104
f 245/245/112 242/242/58 248/248/112
f 249/249/113 243/243/111 245/245/112
f 249/249/113 246/246/59 243/243/111
f 242/242/58 244/244/101 248/248/112
f 250/250/114 245/245/112 248/248/112
f 245/245/112 251/251/66 249/249/113
f 248/248/112 244/244/101 252/252/115
f 248/248/112 252/252/115 250/250/114
f 252/252/115 244/244/101 253/253/104
f 254/254/116 245/245/112 250/250/114
f 254/254/116 251/251/66 245/245/112
f 249/249/113 251/251/66 255/255/113
f 250/250/114 256/256/117 254/254/116
f 257/257/118 251/251/66 254/254/116
f 254/254/116 256/256/117 257/257/118
f 255/255/113 251/251/66 258/258/66
f 259/259/119 256/256/117 250/250/114
f 260/260/64 251/251/66 257/257/118
f 256/256/117 259/259/119 261/261/120
f 262/262/69 260/260/64 257/257/118
f 256/256/117 263/263/121 257/257/118
f 257/257/118 263/263/121 262/262/69
f 261/261/120 259/259/119 264/264/122
f 265/265/123 260/260/64 262/262/69
f 261/261/120 266/266/124 256/256/117
f 256/256/117 266/266/124 263/263/121
f 267/267/64 260/260/64 265/265/123
f 263/263/121 268/268/125 262/262/69
f 263/263/121 266/266/124 268/268/125
f 262/262/69 269/269/69 265/265/123
f 268/268/125 266/266/124 270/270/124
f 269/269/69 262/262/69 271/271/126
f 262/262/69 268/268/125 272/272/125
f 271/271/126 262/262/69 272/272/125
f 268/268/125 270/270/124 273/273/127
f 268/268/125 273/273/127 272/272/125
f 271/271/126 272/272/125 274/274/73
f 272/272/125 273/273/127 275/275/128
f 274/274/73 272/272/125 275/275/128
f 276/276/129 271/271/126 274/274/73
f 277/277/108 278/278/130 279/279/112
f 279/279/112 278/278/130 280/280/119
f 280/280/119 278/278/130 281/281/131
f 281/281/131 278/278/130 282/282/132
f 281/281/131 282/282/132 283/283/122
f 284/284/131 281/281/131 283/283/122
f 283/283/122 282/282/132 285/285/133
f 286/286/131 281/281/131 284/284/131
f 284/284/131 287/287/134 286/286/131
f 288/288/134 287/287/134 284/284/131
f 289/289/134 287/287/134 288/288/134
f 290/290/124 287/287/134 289/289/134
f 291/291/135 290/290/124 289/289/134
f 292/292/135 290/290/124 291/291/135
f 293/293/127 292/292/135 291/291/135
f 294/294/127 292/292/135 293/293/127
f 293/293/127 295/295/136 294/294/127
f 296/296/137 295/295/136 293/293/127
f 297/297/41 298/298/138 299/299/41
f 299/299/41 298/298/138 300/300/138
f 298/298/138 301/301/44 300/300/138
f 302/302/139 301/301/44 298/298/138
f 301/301/44 302/302/139 303/303/50
f 303/303/50 302/302/139 304/304/45
f 305/305/86 306/306/98 307/307/140
f 305/305/86 307/307/140 308/308/86
f 308/308/86 307/307/140 309/309/89
f 310/169/141 311/172/141 312/168/141
f 310/169/141 313/175/142 311/172/141
f 312/168/141 311/172/141 314/170/141
f 315/178/143 313/175/142 310/169/141
f 312/168/141 316/173/144 310/169/141
f 317/174/145 314/170/141 311/172/141
f 315/178/143 318/182/146 313/175/142
f 310/169/141 316/173/144 319/171/147
f 320/177/148 314/170/141 317/174/145
f 319/171/147 315/178/143 310/169/141
f 321/185/146 318/182/146 315/178/143
f 316/173/144 322/176/147 319/171/147
f 323/180/149 311/172/141 313/175/142
f 317/174/145 311/172/141 323/180/149
f 313/175/142 318/182/146 323/180/149
f 324/181/150 315/178/143 319/171/147
f 322/176/147 324/181/150 319/171/147
f 324/181/150 321/185/146 315/178/143
f 325/179/151 322/176/147 316/173/144
f 323/180/149 318/182/146 326/184/152
f 327/183/150 324/181/150 322/176/147
f 321/185/146 328/187/153 318/182/146
f 318/182/146 328/187/153 326/184/152
f 324/181/150 327/183/150 329/186/154
f 329/186/154 321/185/146 324/181/150
f 326/184/152 328/187/153 330/189/152
f 329/186/154 327/183/150 331/188/154
f 332/190/146 328/187/153 321/185/146
f 330/189/152 328/187/153 333/192/155
f 328/187/153 332/190/146 333/192/155
f 334/191/156 329/186/154 331/188/154
f 332/190/146 321/185/146 334/191/156
f 334/191/156 321/185/146 329/186/154
f 333/192/155 335/201/157 330/189/152
f 333/192/155 332/190/146 336/193/155
f 336/193/155 332/190/146 334/191/156
f 337/204/158 335/201/157 333/192/155
f 338/236/159 333/192/155 336/193/155
f 339/237/159 333/192/155 338/236/159
f 340/241/160 339/237/159 338/236/159
f 341/239/161 339/237/159 340/241/160
f 342/242/160 341/239/161 340/241/160
f 343/243/160 341/239/161 342/242/160
f 342/242/160 340/241/160 344/244/162
f 345/230/163 336/193/155 346/220/164
f 347/248/165 343/243/160 342/242/160
f 343/243/160 348/246/166 341/239/161
f 342/242/160 344/244/162 347/248/165
f 349/223/162 345/230/163 346/220/164
f 350/245/167 343/243/160 347/248/165
f 351/249/166 348/246/166 343/243/160
f 344/244/162 340/241/160 352/247/162
f 346/220/164 353/215/164 349/223/162
f 351/249/166 343/243/160 350/245/167
f 347/248/165 344/244/162 354/252/168
f 346/220/164 355/213/169 353/215/164
f 350/245/167 356/251/170 351/249/166
f 347/248/165 354/252/168 357/250/171
f 354/252/168 344/244/162 358/253/162
f 359/210/172 353/215/164 355/213/169
f 357/250/171 350/245/167 347/248/165
f 351/249/166 356/251/170 360/255/166
f 361/212/173 353/215/164 359/210/172
f 362/254/165 350/245/167 357/250/171
f 363/198/174 355/213/169 346/220/164
f 362/254/165 356/251/170 350/245/167
f 361/212/173 364/218/175 353/215/164
f 346/220/164 336/193/155 363/198/174
f 365/310/176 356/251/170 362/254/165
f 360/255/166 356/251/170 366/258/170
f 353/215/164 364/218/175 367/219/162
f 361/212/173 359/210/172 368/214/177
f 362/254/165 369/256/178 365/310/176
f 349/223/162 353/215/164 367/219/162
f 368/214/177 370/221/179 361/212/173
f 361/212/173 370/221/179 364/218/175
f 369/256/178 371/268/180 365/310/176
f 367/219/162 372/234/162 349/223/162
f 368/214/177 359/210/172 373/207/177
f 371/268/180 369/256/178 374/270/181
f 367/219/162 364/218/175 375/222/182
f 375/222/182 372/234/162 367/219/162
f 359/210/172 376/208/183 373/207/177
f 374/270/181 369/256/178 377/261/184
f 375/222/182 364/218/175 378/225/175
f 376/208/183 359/210/172 379/216/156
f 371/268/180 374/270/181 380/273/185
f 375/222/182 378/225/175 381/228/168
f 373/207/177 376/208/183 382/205/151
f 379/216/156 359/210/172 355/213/169
f 371/268/180 380/273/185 383/272/186
f 382/205/151 384/206/147 373/207/177
f 381/228/168 378/225/175 385/231/187
f 383/272/186 386/262/188 371/268/180
f 383/272/186 380/273/185 387/275/185
f 373/207/177 384/206/147 388/209/189
f 385/231/187 378/225/175 389/229/190
f 383/272/186 390/271/191 386/262/188
f 391/211/192 373/207/177 388/209/189
f 392/274/193 383/272/186 387/275/185
f 389/229/190 378/225/175 393/224/194
f 390/271/191 383/272/186 392/274/193
f 368/214/177 373/207/177 391/211/192
f 389/229/190 393/224/194 394/232/195
f 390/271/191 395/267/176 386/262/188
f 396/276/196 390/271/191 392/274/193
f 391/211/192 397/217/179 368/214/177
f 394/232/195 393/224/194 398/226/179
f 386/262/188 395/267/176 365/310/176
f 378/225/175 364/218/175 393/224/194
f 398/226/179 393/224/194 397/217/179
f 368/214/177 397/217/179 370/221/179
f 371/268/180 386/262/188 365/310/176
f 393/224/194 364/218/175 370/221/179
f 397/217/179 393/224/194 370/221/179
f 399/227/161 345/230/163 349/223/162
f 400/126/152 401/133/197 402/130/198
f 402/130/198 403/132/198 400/126/152
f 404/135/199 402/130/198 401/133/197
f 400/126/152 403/132/198 405/121/200
f 404/135/199 401/133/197 406/137/166
f 402/130/198 407/134/199 403/132/198
f 407/134/199 402/130/198 404/135/199
f 401/133/197 408/143/160 406/137/166
f 409/140/158 408/143/160 401/133/197
f 410/303/198 411/117/201 405/121/152
f 403/132/198 407/134/199 412/136/202
f 406/137/166 413/145/166 404/135/199
f 414/301/203 411/117/201 410/303/198
f 412/136/202 415/138/204 403/132/198
f 416/148/166 413/145/166 406/137/166
f 414/301/203 417/114/148 411/117/201
f 418/141/205 415/138/204 412/136/202
f 404/135/199 413/145/166 419/139/199
f 407/134/199 419/139/199 412/136/202
f 420/300/206 417/114/148 414/301/203
f 418/141/205 421/144/206 415/138/204
f 407/134/199 404/135/199 419/139/199
f 420/300/206 422/299/207 417/114/148
f 423/146/208 421/144/206 418/141/205
f 424/142/202 418/141/205 412/136/202
f 419/139/199 413/145/166 424/142/202
f 417/114/148 422/299/207 425/116/145
f 426/149/208 421/144/206 423/146/208
f 412/136/202 419/139/199 424/142/202
f 424/142/202 413/145/166 427/147/209
f 418/141/205 428/150/205 423/146/208
f 429/152/210 421/144/206 426/149/208
f 427/147/209 428/150/205 424/142/202
f 428/150/205 418/141/205 424/142/202
f 426/149/208 423/146/208 430/151/208
f 431/153/211 428/150/205 427/147/209
f 430/151/208 423/146/208 432/154/208
f 432/154/208 428/150/205 431/153/211
f 423/146/208 428/150/205 432/154/208
f 431/153/211 427/147/209 433/155/176
f 433/155/176 427/147/209 434/156/170
f 435/163/212 430/151/208 432/154/208
f 431/153/211 435/163/212 432/154/208
f 436/165/212 430/151/208 435/163/212
f 437/164/191 435/163/212 431/153/211
f 435/163/212 438/166/213 436/165/212
f 436/165/212 438/166/213 439/167/214
f 440/277/168 441/278/215 442/279/165
f 442/279/165 441/278/215 443/280/216
f 443/280/216 441/278/215 444/281/184
f 444/281/184 441/278/215 445/282/217
f 444/281/184 445/282/217 446/283/184
f 447/284/218 444/281/184 446/283/184
f 446/283/184 445/282/217 448/285/195
f 449/286/218 444/281/184 447/284/218
f 447/284/218 450/290/181 449/286/218
f 451/289/219 450/290/181 447/284/218
f 452/291/220 450/290/181 451/289/219
f 453/292/185 450/290/181 452/291/220
f 453/292/185 452/291/220 454/294/185
f 454/294/185 452/291/220 455/293/185
f 455/293/185 456/295/214 454/294/185
f 457/296/214 456/295/214 455/293/185
f 369/256/178 458/259/178 377/261/184
f 458/259/178 369/256/178 357/250/171
f 377/261/184 458/259/178 459/264/221
f 357/250/171 369/256/178 362/254/165
f 460/305/156 461/306/169 462/307/222
f 460/305/156 462/307/222 463/308/223
f 463/308/223 462/307/222 464/309/155
f 465/311/224 466/312/224 467/313/225
f 467/313/225 466/312/224 468/314/226
f 469/315/227 467/313/225 468/314/226
f 466/312/224 470/316/224 468/314/226
f 469/315/227 468/314/226 471/317/228
f 472/318/229 467/313/225 469/315/227
f 468/314/226 470/316/224 473/319/230
f 471/317/228 468/314/226 473/319/230
f 474/320/231 472/318/229 469/315/227
f 470/316/224 475/321/224 473/319/230
f 471/317/228 473/319/230 476/322/232
f 474/320/231 469/315/227 477/323/233
f 478/324/234 472/318/229 474/320/231
f 473/319/230 475/321/224 479/325/235
f 476/322/232 473/319/230 479/325/235
f 477/323/233 469/315/227 471/317/228
f 480/326/236 478/324/234 474/320/231
f 476/322/232 479/325/235 481/327/237
f 477/323/233 471/317/228 482/328/238
f 480/326/236 474/320/231 483/329/239
f 482/328/238 471/317/228 476/322/232
f 475/321/224 484/330/224 479/325/235
f 483/329/239 474/320/231 477/323/233
f 482/328/238 476/322/232 485/331/240
f 485/331/240 476/322/232 481/327/237
f 479/325/235 484/330/224 486/332/241
f 483/329/239 477/323/233 487/333/242
f 487/333/242 477/323/233 482/328/238
f 488/334/243 482/328/238 485/331/240
f 481/327/237 479/325/235 486/332/241
f 487/333/242 489/335/244 483/329/239
f 487/333/242 482/328/238 488/334/243
f 483/329/239 490/336/245 480/326/236
f 489/335/244 490/336/245 483/329/239
f 488/334/243 491/337/246 487/333/242
f 491/337/246 489/335/244 487/333/242
f 492/338/247 491/337/246 488/334/243
f 490/336/245 493/339/248 480/326/236
f 480/326/236 493/339/248 494/340/248
f 494/340/248 478/324/234 480/326/236
f 495/341/224 496/342/224 497/343/241
f 497/343/241 496/342/224 498/344/249
f 499/345/250 497/343/241 498/344/249
f 496/342/224 500/346/224 498/344/249
f 499/345/250 498/344/249 501/347/251
f 502/348/237 497/343/241 499/345/250
f 498/344/249 500/346/224 503/349/252
f 501/347/251 498/344/249 503/349/252
f 504/350/253 502/348/237 499/345/250
f 500/346/224 505/351/224 503/349/252
f 506/352/252 501/347/251 503/349/252
f 503/349/252 505/351/224 506/352/252
f 504/350/253 499/345/250 507/353/254
f 508/354/240 502/348/237 504/350/253
f 507/353/254 499/345/250 501/347/251
f 509/355/251 501/347/251 506/352/252
f 510/356/255 508/354/240 504/350/253
f 507/353/254 501/347/251 511/357/256
f 511/357/256 501/347/251 509/355/251
f 510/356/255 504/350/253 512/358/257
f 512/358/257 504/350/253 507/353/254
f 513/359/258 508/354/240 510/356/255
f 514/360/259 507/353/254 511/357/256
f 512/358/257 507/353/254 514/360/259
f 510/356/255 515/361/247 513/359/258
f 514/360/259 516/362/257 512/358/257
f 512/358/257 517/363/260 510/356/255
f 517/363/260 515/361/247 510/356/255
f 516/362/257 517/363/260 512/358/257
f 518/364/261 516/362/257 514/360/259
f 519/365/224 520/366/224 521/367/262
f 521/367/262 520/366/224 522/368/263
f 523/369/264 521/367/262 522/368/263
f 520/366/224 524/370/224 522/368/263
f 523/369/264 522/368/263 525/371/265
f 526/372/251 521/367/262 523/369/264
f 522/368/263 524/370/224 527/373/266
f 525/371/265 522/368/263 527/373/266
f 528/374/267 526/372/251 523/369/264
f 524/370/224 529/375/224 527/373/266
f 525/371/265 527/373/266 530/376/268
f 528/374/267 523/369/264 531/377/269
f 532/378/256 526/372/251 528/374/267
f 527/373/266 529/375/224 533/379/270
f 530/376/268 527/373/266 533/379/270
f 531/377/269 523/369/264 525/371/265
f 534/380/271 532/378/256 528/374/267
f 530/376/268 533/379/270 535/381/272
f 531/377/269 525/371/265 536/382/273
f 534/380/271 528/374/267 537/383/274
f 535/381/272 536/382/273 530/376/268
f 529/375/224 538/384/224 533/379/270
f 536/382/273 525/371/265 530/376/268
f 537/383/274 528/374/267 531/377/269
f 535/381/272 533/379/270 539/385/275
f 533/379/270 538/384/224 539/385/275
f 540/386/276 536/382/273 535/381/272
f 537/383/274 531/377/269 541/387/277
f 542/388/261 532/378/256 534/380/271
f 540/386/276 541/387/277 536/382/273
f 535/381/272 539/385/275 543/389/278
f 541/387/277 531/377/269 536/382/273
f 534/380/271 544/390/261 542/388/261
f 540/386/276 535/381/272 545/391/279
f 545/391/279 535/381/272 543/389/278
f 546/392/280 541/387/277 540/386/276
f 537/383/274 547/393/271 534/380/271
f 547/393/271 544/390/261 534/380/271
f 548/394/281 540/386/276 545/391/279
f 546/392/280 540/386/276 548/394/281
f 541/387/277 549/395/274 537/383/274
f 549/395/274 547/393/271 537/383/274
f 543/389/278 539/385/275 550/396/282
f 548/394/281 551/397/283 546/392/280
f 552/398/277 549/395/274 541/387/277
f 551/397/283 552/398/277 546/392/280
f 546/392/280 552/398/277 541/387/277
f 553/399/284 551/397/283 548/394/281
f 539/385/275 554/400/224 550/396/282
f 538/384/224 554/400/224 539/385/275
f 555/401/224 556/402/224 557/403/285
f 557/403/285 556/402/224 558/404/286
f 559/405/287 557/403/285 558/404/286
f 556/402/224 560/406/224 558/404/286
f 559/405/287 558/404/286 561/407/229
f 562/408/288 557/403/285 559/405/287
f 558/404/286 560/406/224 563/409/289
f 561/407/229 558/404/286 563/409/289
f 564/410/290 562/408/288 559/405/287
f 565/411/291 559/405/287 561/407/229
f 564/410/290 559/405/287 565/411/291
f 566/412/279 562/408/288 564/410/290
f 567/413/292 564/410/290 565/411/291
f 568/414/293 566/412/279 564/410/290
f 568/414/293 564/410/290 567/413/292
f 569/415/284 566/412/279 568/414/293
f 567/413/292 570/416/293 568/414/293
f 568/414/293 571/417/284 569/415/284
f 570/416/293 571/417/284 568/414/293
f 572/418/248 570/416/293 567/413/292
f 573/419/294 574/420/295 575/421/296
f 576/422/296 573/419/294 575/421/296
f 574/420/295 577/423/297 575/421/296
f 578/424/298 576/422/296 575/421/296
f 573/419/294 579/425/299 574/420/295
f 577/423/297 580/426/300 575/421/296
f 581/427/301 578/424/298 575/421/296
f 582/428/299 573/419/294 576/422/296
f 579/425/299 573/419/294 582/428/299
f 574/420/295 583/429/302 577/423/297
f 581/427/301 584/430/303 578/424/298
f 574/420/295 579/425/299 583/429/302
f 578/424/298 585/431/304 576/422/296
f 576/422/296 585/431/304 582/428/299
f 586/432/305 581/427/301 575/421/296
f 578/424/298 584/430/303 585/431/304
f 577/423/297 583/429/302 587/433/306
f 577/423/297 587/433/306 580/426/300
f 586/432/305 588/434/307 581/427/301
f 581/427/301 588/434/307 584/430/303
f 580/426/300 589/435/308 575/421/296
f 580/426/300 587/433/306 590/436/309
f 591/437/310 586/432/305 575/421/296
f 586/432/305 592/438/311 588/434/307
f 580/426/300 590/436/309 589/435/308
f 591/437/310 592/438/311 586/432/305
f 589/435/308 593/439/312 575/421/296
f 589/435/308 590/436/309 594/440/313
f 589/435/308 594/440/313 593/439/312
f 595/441/314 591/437/310 575/421/296
f 591/437/310 596/442/315 592/438/311
f 595/441/314 596/442/315 591/437/310
f 593/439/312 594/440/313 597/443/316
f 593/439/312 598/444/317 575/421/296
f 593/439/312 597/443/316 598/444/317
f 599/445/318 595/441/314 575/421/296
f 595/441/314 600/446/319 596/442/315
f 598/444/317 599/445/318 575/421/296
f 599/445/318 600/446/319 595/441/314
f 598/444/317 597/443/316 601/447/320
f 598/444/317 601/447/320 599/445/318
f 599/445/318 601/447/320 600/446/319
f 602/448/321 603/449/322 604/450/323
f 605/451/323 602/448/321 604/450/323
f 604/450/323 603/449/322 606/452/322
f 607/453/323 602/448/321 605/451/323
f 608/454/302 604/450/323 606/452/322
f 603/449/322 609/455/324 606/452/322
f 610/456/325 607/453/323 605/451/323
f 602/448/321 611/457/326 603/449/322
f 612/458/299 604/450/323 608/454/302
f 613/459/325 607/453/323 610/456/325
f 604/450/323 612/458/299 605/451/323
f 603/449/322 611/457/326 614/460/327
f 603/449/322 614/460/327 609/455/324
f 615/461/293 602/448/321 607/453/323
f 605/451/323 612/458/299 616/462/299
f 611/457/326 602/448/321 615/461/293
f 616/462/299 610/456/325 605/451/323
f 606/452/322 609/455/324 617/463/324
f 613/459/325 618/464/284 607/453/323
f 607/453/323 618/464/284 615/461/293
f 619/465/328 613/459/325 610/456/325
f 620/466/306 606/452/322 617/463/324
f 609/455/324 621/467/329 617/463/324
f 613/459/325 622/468/330 618/464/284
f 623/469/304 619/465/328 610/456/325
f 623/469/304 610/456/325 616/462/299
f 617/463/324 621/467/329 624/470/331
f 625/471/328 622/468/330 613/459/325
f 625/471/328 613/459/325 619/465/328
f 626/472/303 619/465/328 623/469/304
f 620/466/306 617/463/324 627/473/309
f 627/473/309 617/463/324 624/470/331
f 608/454/302 606/452/322 620/466/306
f 626/472/303 628/474/332 619/465/328
f 628/474/332 625/471/328 619/465/328
f 627/473/309 624/470/331 629/475/313
f 625/471/328 630/476/330 622/468/330
f 631/477/333 628/474/332 626/472/303
f 629/475/313 624/470/331 632/478/334
f 633/479/335 625/471/328 628/474/332
f 633/479/335 630/476/330 625/471/328
f 631/477/333 634/480/336 628/474/332
f 629/475/313 632/478/334 635/481/316
f 634/480/336 633/479/335 628/474/332
f 633/479/335 636/482/274 630/476/330
f 637/483/311 634/480/336 631/477/333
f 624/470/331 638/484/337 632/478/334
f 639/485/338 633/479/335 634/480/336
f 639/485/338 636/482/274 633/479/335
f 637/483/311 640/486/339 634/480/336
f 621/467/329 638/484/337 624/470/331
f 640/486/339 639/485/338 634/480/336
f 639/485/338 641/487/340 636/482/274
f 642/488/315 640/486/339 637/483/311
f 638/484/337 643/489/341 632/478/334
f 644/490/339 639/485/338 640/486/339
f 644/490/339 641/487/340 639/485/338
f 642/488/315 645/491/342 640/486/339
f 621/467/329 646/492/242 638/484/337
f 645/491/342 644/490/339 640/486/339
f 644/490/339 647/493/343 641/487/340
f 648/494/344 645/491/342 642/488/315
f 621/467/329 649/495/239 646/492/242
f 650/496/345 644/490/339 645/491/342
f 650/496/345 647/493/343 644/490/339
f 648/494/344 651/497/346 645/491/342
f 609/455/324 649/495/239 621/467/329
f 651/497/346 650/496/345 645/491/342
f 650/496/345 652/498/257 647/493/343
f 653/499/320 651/497/346 648/494/344
f 609/455/324 614/460/327 649/495/239
f 654/500/346 650/496/345 651/497/346
f 654/500/346 652/498/257 650/496/345
f 653/499/320 655/501/341 651/497/346
f 638/484/337 646/492/242 656/502/247
f 655/501/341 654/500/346 651/497/346
f 654/500/346 657/503/255 652/498/257
f 635/481/316 655/501/341 653/499/320
f 638/484/337 656/502/247 643/489/341
f 643/489/341 654/500/346 655/501/341
f 643/489/341 656/502/247 657/503/255
f 643/489/341 657/503/255 654/500/346
f 635/481/316 632/478/334 655/501/341
f 632/478/334 643/489/341 655/501/341
f 658/504/299 659/505/347 660/506/348
f 660/506/348 659/505/347 661/507/347
f 659/505/347 662/508/349 661/507/347
f 661/507/347 662/508/349 663/509/349
f 662/508/349 664/510/350 663/509/349
f 663/509/349 664/510/350 665/511/350
f 664/510/350 666/512/351 665/511/350
f 665/511/350 666/512/351 667/513/352
f 666/512/351 668/514/353 667/513/352
f 667/513/352 668/514/353 669/515/316
f 670/516/353 671/517/354 672/518/316
f 672/518/316 671/517/354 673/519/354
f 671/517/354 674/520/355 673/519/354
f 673/519/354 674/520/355 675/521/355
f 674/520/355 676/522/356 675/521/355
f 675/521/355 676/522/356 677/523/356
f 678/524/315 679/525/357 680/526/356
f 680/526/356 679/525/357 681/527/357
f 679/525/357 682/528/358 681/527/357
f 681/527/357 682/528/358 683/529/307
f 682/528/358 684/530/359 683/529/307
f 683/529/307 684/530/359 685/531/360
f 684/530/359 686/532/361 685/531/360
f 685/531/360 686/532/361 687/533/361
f 688/534/304 689/535/348 690/536/361
f 690/536/361 689/535/348 691/537/299
f 689/535/348 692/538/299 691/537/299
f 691/537/299 692/538/299 693/539/299
f 694/540/362 695/541/362 696/542/363
f 697/543/364 694/540/362 696/542/363
f 698/544/362 694/540/362 697/543/364
f 696/542/363 695/541/362 699/545/365
f 695/541/362 700/546/366 699/545/365
f 699/545/365 700/546/366 701/547/367
f 700/546/366 702/548/362 701/547/367
f 701/547/367 702/548/362 703/549/368
f 704/544/362 705/550/366 706/543/368
f 706/543/368 705/550/366 707/542/369
f 705/550/366 708/541/366 707/542/369
f 707/542/369 708/541/366 709/545/370
f 708/541/366 710/546/366 709/545/370
f 709/545/370 710/546/366 711/547/371
f 710/546/366 712/548/366 711/547/371
f 711/547/371 712/548/366 713/549/372
f 714/544/366 715/540/362 716/543/373
f 716/543/373 715/540/362 717/542/374
f 715/540/362 718/541/362 717/542/374
f 717/542/374 718/541/362 719/551/375
f 718/541/362 720/546/376 719/551/375
f 719/551/375 720/546/376 721/547/377
f 720/546/376 722/548/362 721/547/377
f 721/547/377 722/548/362 723/549/364
f 724/552/378 725/553/379 726/554/4
f 724/552/378 727/555/380 725/553/379
f 725/553/379 728/556/381 726/554/4
f 729/557/382 727/555/380 724/552/378
f 727/555/380 730/558/383 725/553/379
f 725/553/379 730/558/383 728/556/381
f 729/557/382 731/559/384 727/555/380
f 732/560/385 729/557/382 724/552/378
f 733/552/386 734/553/387 726/554/15
f 730/558/383 735/561/388 728/556/381
f 732/560/385 724/552/378 736/562/4
f 737/560/389 733/552/386 736/562/4
f 734/553/387 738/556/390 726/554/15
f 728/556/381 735/561/388 739/563/391
f 737/560/389 740/557/392 733/552/386
f 734/553/387 741/558/393 738/556/390
f 728/556/381 739/563/391 742/564/4
f 743/565/394 740/557/392 737/560/389
f 744/555/395 741/558/393 734/553/387
f 740/557/392 744/555/395 733/552/386
f 738/556/390 745/563/396 742/564/27
f 743/565/394 746/566/397 740/557/392
f 733/552/386 744/555/395 734/553/387
f 741/558/393 747/561/398 738/556/390
f 738/556/390 747/561/398 745/563/396
f 746/566/397 748/559/399 740/557/392
f 740/557/392 748/559/399 744/555/395
f 749/567/400 746/566/397 743/565/394
f 741/558/393 750/568/401 747/561/398
f 751/556/402 752/563/403 742/564/4
f 749/567/400 753/569/404 746/566/397
f 754/570/405 750/568/401 741/558/393
f 748/559/399 754/570/405 744/555/395
f 751/556/402 755/561/406 752/563/403
f 753/569/404 756/571/407 746/566/397
f 746/566/397 756/571/407 748/559/399
f 744/555/395 754/570/405 741/558/393
f 757/558/408 755/561/406 751/556/402
f 758/572/409 753/569/404 749/567/400
f 756/571/407 759/573/410 748/559/399
f 748/559/399 759/573/410 754/570/405
f 757/558/408 760/568/411 755/561/406
f 753/569/404 761/574/412 756/571/407
f 758/572/409 762/575/413 753/569/404
f 759/573/410 763/576/414 754/570/405
f 764/570/415 760/568/411 757/558/408
f 762/575/413 761/574/412 753/569/404
f 759/573/410 765/577/416 763/576/414
f 754/570/405 763/576/414 750/568/401
f 766/555/417 764/570/415 757/558/408
f 762/575/413 767/578/418 761/574/412
f 768/579/419 765/577/416 759/573/410
f 761/574/412 768/579/419 756/571/407
f 764/570/415 769/576/420 760/568/411
f 770/580/421 767/578/418 762/575/413
f 756/571/407 768/579/419 759/573/410
f 771/573/422 769/576/420 764/570/415
f 770/580/421 772/581/423 767/578/418
f 773/582/424 770/580/421 762/575/413
f 768/579/419 774/583/425 765/577/416
f 775/559/426 771/573/422 764/570/415
f 776/584/427 770/580/421 773/582/424
f 773/582/424 762/575/413 758/572/409
f 777/585/428 774/583/425 768/579/419
f 775/559/426 764/570/415 766/555/417
f 778/586/429 772/581/423 770/580/421
f 776/584/427 778/586/429 770/580/421
f 777/585/428 779/587/430 774/583/425
f 780/571/431 771/573/422 775/559/426
f 781/588/432 778/586/429 776/584/427
f 782/589/433 779/587/430 777/585/428
f 783/566/434 780/571/431 775/559/426
f 781/588/432 784/590/435 778/586/429
f 772/581/423 782/589/433 767/578/418
f 767/578/418 782/589/433 777/585/428
f 785/569/436 780/571/431 783/566/434
f 784/590/435 786/591/437 778/586/429
f 778/586/429 786/591/437 772/581/423
f 782/589/433 787/592/438 779/587/430
f 780/571/431 788/579/439 771/573/422
f 784/590/435 789/593/440 786/591/437
f 790/594/441 787/592/438 782/589/433
f 786/591/437 790/594/441 772/581/423
f 788/579/439 791/577/442 771/573/422
f 789/593/440 792/595/443 786/591/437
f 772/581/423 790/594/441 782/589/433
f 788/579/439 793/583/444 791/577/442
f 771/573/422 791/577/442 769/576/420
f 786/591/437 792/595/443 790/594/441
f 794/596/445 789/593/440 784/590/435
f 795/585/446 793/583/444 788/579/439
f 790/594/441 796/597/373 787/592/438
f 792/595/443 796/597/373 790/594/441
f 797/598/447 794/596/445 784/590/435
f 795/585/446 798/587/448 793/583/444
f 799/574/449 795/585/446 788/579/439
f 800/599/368 794/596/445 797/598/447
f 797/598/447 784/590/435 781/588/432
f 801/589/450 798/587/448 795/585/446
f 799/574/449 788/579/439 780/571/431
f 802/578/451 801/589/450 795/585/446
f 802/578/451 795/585/446 799/574/449
f 801/589/450 803/592/452 798/587/448
f 785/569/436 799/574/449 780/571/431
f 804/581/453 801/589/450 802/578/451
f 805/594/454 803/592/452 801/589/450
f 804/581/453 805/594/454 801/589/450
f 806/575/455 799/574/449 785/569/436
f 806/575/455 802/578/451 799/574/449
f 805/594/454 807/597/456 803/592/452
f 808/580/457 804/581/453 802/578/451
f 809/572/458 806/575/455 785/569/436
f 810/595/459 807/597/456 805/594/454
f 808/580/457 802/578/451 806/575/455
f 811/600/460 804/581/453 808/580/457
f 809/572/458 785/569/436 812/567/461
f 813/601/462 810/595/459 805/594/454
f 811/600/460 813/601/462 804/581/453
f 814/584/463 811/600/460 808/580/457
f 812/567/461 785/569/436 783/566/434
f 813/601/462 805/594/454 804/581/453
f 815/588/464 811/600/460 814/584/463
f 812/567/461 783/566/434 816/565/465
f 817/602/466 810/595/459 813/601/462
f 815/588/464 818/603/467 811/600/460
f 814/584/463 808/580/457 819/582/468
f 818/603/467 817/602/466 813/601/462
f 816/565/465 783/566/434 820/557/469
f 818/603/467 813/601/462 811/600/460
f 819/582/468 808/580/457 806/575/455
f 816/565/465 820/557/469 821/560/470
f 822/596/471 817/602/466 818/603/467
f 819/582/468 806/575/455 809/572/458
f 783/566/434 775/559/426 820/557/469
f 823/604/472 822/596/471 818/603/467
f 821/560/470 820/557/469 824/552/473
f 820/557/469 775/559/426 766/555/417
f 820/557/469 766/555/417 824/552/473
f 825/599/474 822/596/471 823/604/472
f 823/604/472 818/603/467 815/588/464
f 821/560/470 824/552/473 736/562/4
f 824/552/473 766/555/417 826/553/475
f 824/552/473 826/553/475 726/554/4
f 766/555/417 757/558/408 826/553/475
f 826/553/475 751/556/402 726/554/4
f 826/553/475 757/558/408 751/556/402
f 827/573/476 828/576/409 829/570/477
f 731/559/384 827/573/476 829/570/477
f 829/570/477 828/576/409 830/568/478
f 831/571/479 827/573/476 731/559/384
f 829/570/477 830/568/478 730/558/383
f 827/573/476 832/577/480 828/576/409
f 833/566/481 831/571/479 731/559/384
f 731/559/384 829/570/477 727/555/380
f 727/555/380 829/570/477 730/558/383
f 730/558/383 830/568/478 735/561/388
f 834/579/482 832/577/480 827/573/476
f 831/571/479 834/579/482 827/573/476
f 833/566/481 731/559/384 729/557/382
f 834/579/482 835/583/483 832/577/480
f 836/569/484 831/571/479 833/566/481
f 837/565/406 833/566/481 729/557/382
f 838/585/485 835/583/483 834/579/482
f 839/567/486 836/569/484 833/566/481
f 840/574/487 834/579/482 831/571/479
f 839/567/486 833/566/481 837/565/406
f 840/574/487 838/585/485 834/579/482
f 837/565/406 729/557/382 732/560/385
f 836/569/484 840/574/487 831/571/479
f 841/572/420 836/569/484 839/567/486
f 838/585/485 842/587/488 835/583/483
f 843/578/489 838/585/485 840/574/487
f 841/572/420 844/575/490 836/569/484
f 844/575/490 843/578/489 840/574/487
f 844/575/490 840/574/487 836/569/484
f 845/589/491 842/587/488 838/585/485
f 843/578/489 845/589/491 838/585/485
f 846/582/492 844/575/490 841/572/420
f 845/589/491 847/592/493 842/587/488
f 848/581/494 845/589/491 843/578/489
f 846/582/492 849/580/495 844/575/490
f 849/580/495 848/581/494 843/578/489
f 849/580/495 843/578/489 844/575/490
f 850/594/496 847/592/493 845/589/491
f 848/581/494 850/594/496 845/589/491
f 851/584/497 849/580/495 846/582/492
f 850/594/496 852/597/368 847/592/493
f 853/605/498 848/581/494 849/580/495
f 851/584/497 853/605/498 849/580/495
f 854/595/499 852/597/368 850/594/496
f 853/605/498 855/601/500 848/581/494
f 855/601/500 854/595/499 850/594/496
f 855/601/500 850/594/496 848/581/494
f 856/588/448 853/605/498 851/584/497
f 857/593/501 854/595/499 855/601/500
f 856/588/448 858/590/502 853/605/498
f 858/590/502 857/593/501 855/601/500
f 858/590/502 855/601/500 853/605/498
f 859/604/503 858/590/502 856/588/448
f 860/596/504 857/593/501 858/590/502
f 859/604/503 860/596/504 858/590/502
f 861/599/364 860/596/504 859/604/503
f 767/578/418 777/585/428 761/574/412
f 761/574/412 777/585/428 768/579/419
f 862/606/505 863/607/506 864/608/507
f 862/606/505 864/608/507 865/609/508
f 864/608/507 863/607/506 866/610/509
f 865/609/508 864/608/507 867/611/510
f 863/607/506 868/612/506 866/610/509
f 865/609/508 867/611/510 869/613/511
f 864/608/507 870/614/512 867/611/510
f 866/610/509 868/612/506 871/615/513
f 869/613/511 867/611/510 872/616/514
f 873/617/515 870/614/512 864/608/507
f 866/610/509 873/617/515 864/608/507
f 871/615/513 874/618/516 866/610/509
f 874/618/516 873/617/515 866/610/509
f 870/614/512 875/619/517 867/611/510
f 867/611/510 875/619/517 872/616/514
f 876/620/518 874/618/516 871/615/513
f 873/617/515 874/618/516 877/621/519
f 870/614/512 873/617/515 878/622/520
f 875/619/517 870/614/512 879/623/521
f 874/618/516 876/620/518 880/624/522
f 877/621/519 874/618/516 880/624/522
f 878/622/520 873/617/515 877/621/519
f 879/623/521 870/614/512 878/622/520
f 880/624/522 876/620/518 881/625/523
f 877/621/519 880/624/522 882/626/524
f 879/623/521 878/622/520 883/627/525
f 880/624/522 881/625/523 884/628/526
f 882/626/524 880/624/522 884/628/526
f 878/622/520 877/621/519 885/629/527
f 883/627/525 878/622/520 885/629/527
f 885/629/527 877/621/519 882/626/524
f 884/628/526 881/625/523 886/630/528
f 883/627/525 885/629/527 887/631/529
f 882/626/524 884/628/526 888/632/530
f 884/628/526 886/630/528 889/633/531
f 888/632/530 884/628/526 889/633/531
f 885/629/527 882/626/524 890/634/532
f 887/631/529 885/629/527 890/634/532
f 890/634/532 882/626/524 888/632/530
f 889/633/531 886/630/528 891/635/533
f 887/631/529 890/634/532 892/636/534
f 888/632/530 889/633/531 893/637/535
f 889/633/531 891/635/533 894/638/536
f 893/637/535 889/633/531 894/638/536
f 890/634/532 888/632/530 895/639/537
f 892/636/534 890/634/532 895/639/537
f 895/639/537 888/632/530 893/637/535
f 894/638/536 891/635/533 896/640/538
f 892/636/534 895/639/537 897/641/539
f 893/637/535 894/638/536 898/642/540
f 894/638/536 896/640/538 899/643/541
f 898/642/540 894/638/536 899/643/541
f 895/639/537 893/637/535 900/644/542
f 897/641/539 895/639/537 900/644/542
f 900/644/542 893/637/535 898/642/540
f 899/643/541 896/640/538 901/645/543
f 900/644/542 902/646/544 897/641/539
f 898/642/540 899/643/541 903/647/545
f 898/642/540 903/647/545 900/644/542
f 900/644/542 903/647/545 902/646/544
f 899/643/541 901/645/543 904/648/546
f 903/647/545 899/643/541 904/648/546
f 897/641/539 902/646/544 905/649/547
f 904/648/546 901/645/543 906/650/548
f 903/647/545 904/648/546 907/651/549
f 902/646/544 903/647/545 908/652/550
f 908/652/550 903/647/545 907/651/549
f 905/649/547 902/646/544 909/653/551
f 909/653/551 902/646/544 908/652/550
f 904/648/546 906/650/548 910/654/552
f 907/651/549 904/648/546 910/654/552
f 909/653/551 908/652/550 911/655/553
f 910/654/552 906/650/548 912/656/554
f 907/651/549 910/654/552 913/657/555
f 908/652/550 907/651/549 914/658/556
f 911/655/553 908/652/550 914/658/556
f 914/658/556 907/651/549 913/657/555
f 910/654/552 912/656/554 915/659/557
f 913/657/555 910/654/552 915/659/557
f 911/655/553 914/658/556 916/660/558
f 915/659/557 912/656/554 917/661/559
f 913/657/555 915/659/557 918/662/560
f 914/658/556 913/657/555 919/663/561
f 916/660/558 914/658/556 919/663/561
f 919/663/561 913/657/555 918/662/560
f 915/659/557 917/661/559 920/664/562
f 918/662/560 915/659/557 920/664/562
f 916/660/558 919/663/561 921/665/4
f 920/664/562 917/661/559 922/666/563
f 918/662/560 920/664/562 923/667/4
f 919/663/561 918/662/560 923/667/4
f 920/664/562 922/666/563 924/668/14
f 925/669/564 926/670/565 921/665/4
f 926/670/565 927/671/566 923/667/4
f 925/669/564 928/672/567 926/670/565
f 927/671/566 929/673/568 923/667/4
f 929/673/568 930/674/569 924/668/4
f 931/660/569 932/663/570 921/665/27
f 928/672/567 933/675/571 926/670/565
f 926/670/565 933/675/571 927/671/566
f 929/673/568 934/676/572 930/674/569
f 932/663/570 935/662/573 923/667/4
f 928/672/567 936/677/574 933/675/571
f 937/678/575 934/676/572 929/673/568
f 933/675/571 937/678/575 927/671/566
f 935/662/573 938/664/576 923/667/4
f 936/677/574 939/679/577 933/675/571
f 927/671/566 937/678/575 929/673/568
f 935/662/573 940/659/578 938/664/576
f 936/677/574 941/680/579 939/679/577
f 933/675/571 939/679/577 937/678/575
f 937/678/575 942/681/580 934/676/572
f 940/659/578 943/661/581 938/664/576
f 941/680/579 944/682/582 939/679/577
f 939/679/577 942/681/580 937/678/575
f 945/683/583 941/680/579 936/677/574
f 940/659/578 946/656/584 943/661/581
f 939/679/577 944/682/582 942/681/580
f 947/684/585 945/683/583 936/677/574
f 948/654/586 946/656/584 940/659/578
f 938/664/576 943/661/581 949/666/587
f 950/685/588 945/683/583 947/684/585
f 948/654/586 951/650/547 946/656/584
f 938/664/576 949/666/587 924/668/4
f 952/686/589 950/685/588 947/684/585
f 953/648/590 951/650/547 948/654/586
f 950/685/588 954/687/591 945/683/583
f 955/657/592 948/654/586 940/659/578
f 952/686/589 947/684/585 956/688/593
f 957/689/594 950/685/588 952/686/589
f 954/687/591 958/690/595 945/683/583
f 955/657/592 940/659/578 935/662/573
f 957/689/594 959/691/596 950/685/588
f 959/691/596 954/687/591 950/685/588
f 960/692/597 958/690/595 954/687/591
f 961/651/598 948/654/586 955/657/592
f 962/693/599 959/691/596 957/689/594
f 963/694/600 958/690/595 960/692/597
f 961/651/598 953/648/590 948/654/586
f 964/695/601 959/691/596 962/693/599
f 965/696/602 963/694/600 960/692/597
f 966/647/603 953/648/590 961/651/598
f 967/697/604 959/691/596 964/695/601
f 960/692/597 954/687/591 967/697/604
f 968/698/605 963/694/600 965/696/602
f 969/652/606 966/647/603 961/651/598
f 967/697/604 954/687/591 959/691/596
f 968/698/605 970/699/607 963/694/600
f 971/646/608 966/647/603 969/652/606
f 972/700/609 960/692/597 967/697/604
f 965/696/602 960/692/597 972/700/609
f 973/701/610 970/699/607 968/698/605
f 966/647/603 974/643/611 953/648/590
f 975/702/612 968/698/605 965/696/602
f 972/700/609 967/697/604 976/703/613
f 977/642/614 974/643/611 966/647/603
f 971/646/608 977/642/614 966/647/603
f 978/704/615 968/698/605 975/702/612
f 978/704/615 973/701/610 968/698/605
f 976/703/613 967/697/604 964/695/601
f 977/642/614 979/638/616 974/643/611
f 980/705/617 978/704/615 975/702/612
f 981/706/618 972/700/609 976/703/613
f 982/637/619 979/638/616 977/642/614
f 983/707/620 978/704/615 980/705/617
f 984/708/621 972/700/609 981/706/618
f 982/637/619 985/633/622 979/638/616
f 986/608/623 983/707/620 980/705/617
f 987/709/624 975/702/612 984/708/621
f 988/632/625 985/633/622 982/637/619
f 989/710/626 983/707/620 986/608/623
f 980/705/617 975/702/612 987/709/624
f 988/632/625 982/637/619 990/634/627
f 989/710/626 991/711/628 983/707/620
f 986/608/623 980/705/617 992/611/629
f 992/611/629 980/705/617 987/709/624
f 990/634/627 982/637/619 993/639/630
f 994/615/631 991/711/628 989/710/626
f 992/611/629 987/709/624 995/616/632
f 990/634/627 993/639/630 996/631/633
f 997/607/634 994/615/631 989/710/626
f 998/613/635 992/611/629 995/616/632
f 990/634/627 999/626/636 988/632/625
f 1000/712/637 994/615/631 997/607/634
f 1001/609/638 992/611/629 998/613/635
f 1002/629/639 999/626/636 990/634/627
f 997/607/634 1003/713/640 1000/712/637
f 1004/714/506 1001/609/638 998/613/635
f 1005/622/641 999/626/636 1002/629/639
f 1006/715/640 1003/713/640 997/607/634
f 1007/716/506 1001/609/638 1004/714/506
f 1008/621/642 999/626/636 1005/622/641
f 1006/715/640 997/607/634 1009/717/640
f 1009/717/640 1010/606/643 1007/716/506
f 1007/716/506 1010/606/643 1001/609/638
f 1011/614/644 1008/621/642 1005/622/641
f 1008/621/642 1012/624/645 999/626/636
f 1009/717/640 997/607/634 1010/606/643
f 1010/606/643 986/608/623 1001/609/638
f 1011/614/644 1005/622/641 1013/619/646
f 999/626/636 1012/624/645 1014/628/647
f 997/607/634 989/710/626 1010/606/643
f 1010/606/643 989/710/626 986/608/623
f 1001/609/638 986/608/623 992/611/629
f 1014/628/647 985/633/622 999/626/636
f 1008/621/642 1015/618/648 1012/624/645
f 1013/619/646 1005/622/641 1016/623/649
f 1012/624/645 1017/625/521 1014/628/647
f 999/626/636 985/633/622 988/632/625
f 1015/618/648 1018/620/650 1012/624/645
f 1005/622/641 1002/629/639 1016/623/649
f 1012/624/645 1018/620/650 1017/625/521
f 1014/628/647 1019/630/651 985/633/622
f 1020/617/652 1015/618/648 1008/621/642
f 1016/623/649 1002/629/639 1021/627/653
f 1014/628/647 1017/625/521 1019/630/651
f 1020/617/652 1008/621/642 1011/614/644
f 1015/618/648 1020/617/652 1022/610/654
f 1002/629/639 990/634/627 1021/627/653
f 985/633/622 1019/630/651 1023/635/529
f 1018/620/650 1015/618/648 1024/615/655
f 1024/615/655 1015/618/648 1022/610/654
f 1021/627/653 990/634/627 996/631/633
f 985/633/622 1023/635/529 979/638/616
f 1025/607/506 1024/615/655 1022/610/654
f 1026/611/656 1020/617/652 1011/614/644
f 996/631/633 993/639/630 1027/636/657
f 1025/607/506 1022/610/654 1028/606/506
f 1029/612/506 1024/615/655 1025/607/506
f 1026/611/656 1011/614/644 1030/616/658
f 993/639/630 1031/644/659 1027/636/657
f 1032/609/505 1028/606/506 1026/611/656
f 1028/606/506 1022/610/654 1033/608/660
f 1030/616/658 1032/609/505 1026/611/656
f 1033/608/660 1020/617/652 1026/611/656
f 993/639/630 977/642/614 1031/644/659
f 1022/610/654 1020/617/652 1033/608/660
f 1026/611/656 1028/606/506 1033/608/660
f 1034/613/505 1032/609/505 1030/616/658
f 1030/616/658 1011/614/644 1013/619/646
f 1027/636/657 1031/644/659 1035/641/661
f 982/637/619 977/642/614 993/639/630
f 1031/644/659 977/642/614 971/646/608
f 1035/641/661 1031/644/659 1036/649/662
f 1036/649/662 1031/644/659 971/646/608
f 1036/649/662 971/646/608 1037/653/580
f 1037/653/580 971/646/608 969/652/606
f 1037/653/580 969/652/606 1038/655/663
f 1038/655/663 969/652/606 1039/658/664
f 1038/655/663 1039/658/664 931/660/569
f 969/652/606 961/651/598 1039/658/664
f 931/660/569 1039/658/664 932/663/570
f 1039/658/664 961/651/598 955/657/592
f 1039/658/664 955/657/592 932/663/570
f 932/663/570 955/657/592 935/662/573
f 956/688/593 947/684/585 928/672/567
f 956/688/593 928/672/567 925/669/564
f 947/684/585 936/677/574 928/672/567
f 995/616/632 987/709/624 1040/718/665
f 987/709/624 984/708/621 1040/718/665
f 1040/718/665 984/708/621 981/706/618
f 975/702/612 965/696/602 984/708/621
f 984/708/621 965/696/602 972/700/609
f 979/638/616 1023/635/529 1041/640/534
f 979/638/616 1041/640/534 974/643/611
f 974/643/611 1041/640/534 1042/719/666
f 974/643/611 1042/719/666 953/648/590
f 953/648/590 1042/719/666 951/650/547
f 970/699/607 1043/720/667 963/694/600
f 963/694/600 1043/720/667 958/690/595
f 958/690/595 1043/720/667 941/680/579
f 945/683/583 958/690/595 941/680/579
f 941/680/579 1043/720/667 944/682/582
f 991/711/628 1044/721/668 983/707/620
f 983/707/620 1044/721/668 978/704/615
f 1044/721/668 973/701/610 978/704/615
f 1045/606/669 1046/608/670 1047/607/669
f 1048/609/671 1046/608/670 1045/606/669
f 1047/607/669 1046/608/670 1049/610/672
f 1050/611/673 1046/608/670 1048/609/671
f 1047/607/669 1049/610/672 1051/612/674
f 1052/613/671 1050/611/673 1048/609/671
f 1050/611/673 1053/614/675 1046/608/670
f 1051/612/674 1049/610/672 1054/615/676
f 1055/616/677 1050/611/673 1052/613/671
f 1050/611/673 1056/619/678 1053/614/675
f 1046/608/670 1053/614/675 1057/617/679
f 1046/608/670 1057/617/679 1049/610/672
f 1049/610/672 1058/618/680 1054/615/676
f 1055/616/677 1056/619/678 1050/611/673
f 1053/614/675 1059/622/681 1057/617/679
f 1049/610/672 1057/617/679 1058/618/680
f 1054/615/676 1058/618/680 1060/620/682
f 1056/619/678 1061/623/683 1053/614/675
f 1053/614/675 1061/623/683 1059/622/681
f 1057/617/679 1062/621/684 1058/618/680
f 1057/617/679 1059/622/681 1062/621/684
f 1058/618/680 1063/624/685 1060/620/682
f 1058/618/680 1062/621/684 1063/624/685
f 1061/623/683 1064/627/686 1059/622/681
f 1060/620/682 1063/624/685 1065/625/687
f 1062/621/684 1066/626/688 1063/624/685
f 1059/622/681 1064/627/686 1067/629/689
f 1059/622/681 1067/629/689 1062/621/684
f 1062/621/684 1067/629/689 1066/626/688
f 1063/624/685 1068/628/690 1065/625/687
f 1063/624/685 1066/626/688 1068/628/690
f 1064/627/686 1069/631/691 1067/629/689
f 1065/625/687 1068/628/690 1070/630/692
f 1066/626/688 1071/632/693 1068/628/690
f 1067/629/689 1069/631/691 1072/634/694
f 1067/629/689 1072/634/694 1066/626/688
f 1066/626/688 1072/634/694 1071/632/693
f 1068/628/690 1073/633/695 1070/630/692
f 1068/628/690 1071/632/693 1073/633/695
f 1069/631/691 1074/636/696 1072/634/694
f 1070/630/692 1073/633/695 1075/635/697
f 1071/632/693 1076/637/698 1073/633/695
f 1072/634/694 1074/636/696 1077/639/699
f 1072/634/694 1077/639/699 1071/632/693
f 1071/632/693 1077/639/699 1076/637/698
f 1073/633/695 1078/638/700 1075/635/697
f 1073/633/695 1076/637/698 1078/638/700
f 1074/636/696 1079/641/701 1077/639/699
f 1075/635/697 1078/638/700 1080/640/702
f 1076/637/698 1081/642/703 1078/638/700
f 1077/639/699 1079/641/701 1082/644/704
f 1077/639/699 1082/644/704 1076/637/698
f 1076/637/698 1082/644/704 1081/642/703
f 1078/638/700 1083/643/705 1080/640/702
f 1078/638/700 1081/642/703 1083/643/705
f 1079/641/701 1084/649/706 1082/644/704
f 1080/640/702 1083/643/705 1085/645/707
f 1081/642/703 1086/647/708 1083/643/705
f 1082/644/704 1084/649/706 1087/646/709
f 1082/644/704 1087/646/709 1081/642/703
f 1081/642/703 1087/646/709 1086/647/708
f 1083/643/705 1088/648/710 1085/645/707
f 1083/643/705 1086/647/708 1088/648/710
f 1084/649/706 1089/653/711 1087/646/709
f 1085/645/707 1088/648/710 1090/650/712
f 1086/647/708 1091/651/713 1088/648/710
f 1087/646/709 1089/653/711 1092/652/714
f 1087/646/709 1092/652/714 1086/647/708
f 1086/647/708 1092/652/714 1091/651/713
f 1088/648/710 1093/654/715 1090/650/712
f 1088/648/710 1091/651/713 1093/654/715
f 1089/653/711 1094/655/716 1092/652/714
f 1090/650/712 1093/654/715 1095/656/717
f 1091/651/713 1096/657/718 1093/654/715
f 1092/652/714 1094/655/716 1097/658/719
f 1092/652/714 1097/658/719 1091/651/713
f 1091/651/713 1097/658/719 1096/657/718
f 1093/654/715 1098/659/720 1095/656/717
f 1093/654/715 1096/657/718 1098/659/720
f 1094/655/716 1099/660/721 1097/658/719
f 1095/656/717 1098/659/720 1100/661/722
f 1096/657/718 1101/662/723 1098/659/720
f 1097/658/719 1099/660/721 1102/663/724
f 1097/658/719 1102/663/724 1096/657/718
f 1096/657/718 1102/663/724 1101/662/723
f 1098/659/720 1103/664/725 1100/661/722
f 1098/659/720 1101/662/723 1103/664/725
f 1099/660/721 1104/665/4 1102/663/724
f 1100/661/722 1103/664/725 1105/666/726
f 1101/662/723 1106/667/4 1103/664/725
f 1102/663/724 1106/667/4 1101/662/723
f 1103/664/725 1107/668/4 1105/666/726
f 1108/669/727 1104/665/27 1109/670/728
f 1109/670/728 1106/667/4 1110/671/729
f 1111/672/730 1108/669/727 1109/670/728
f 1110/671/729 1106/667/4 1112/673/731
f 1112/673/731 1107/668/4 1113/674/732
f 1114/660/732 1104/665/4 1115/663/733
f 1111/672/730 1109/670/728 1116/675/734
f 1116/675/734 1109/670/728 1110/671/729
f 1117/676/735 1112/673/731 1113/674/732
f 1118/658/736 1114/660/732 1115/663/733
f 1119/677/737 1111/672/730 1116/675/734
f 1120/678/738 1112/673/731 1117/676/735
f 1116/675/734 1110/671/729 1120/678/738
f 1121/655/739 1114/660/732 1118/658/736
f 1122/684/740 1111/672/730 1119/677/737
f 1120/678/738 1110/671/729 1112/673/731
f 1123/652/741 1121/655/739 1118/658/736
f 1124/683/742 1122/684/740 1119/677/737
f 1125/681/743 1120/678/738 1117/676/735
f 1123/652/741 1118/658/736 1126/651/744
f 1124/683/742 1119/677/737 1127/680/745
f 1128/679/746 1120/678/738 1125/681/743
f 1129/647/747 1123/652/741 1126/651/744
f 1130/685/748 1122/684/740 1124/683/742
f 1127/680/745 1119/677/737 1128/679/746
f 1129/647/747 1126/651/744 1131/648/749
f 1130/685/748 1132/686/750 1122/684/740
f 1127/680/745 1128/679/746 1133/682/751
f 1133/682/751 1128/679/746 1125/681/743
f 1131/648/749 1126/651/744 1134/654/752
f 1135/689/753 1132/686/750 1130/685/748
f 1136/720/754 1127/680/745 1133/682/751
f 1131/648/749 1134/654/752 1137/650/755
f 1138/691/756 1135/689/753 1130/685/748
f 1139/690/757 1127/680/745 1136/720/754
f 1140/719/758 1131/648/749 1137/650/755
f 1138/691/756 1130/685/748 1141/687/759
f 1141/687/759 1139/690/757 1142/692/760
f 1139/690/757 1136/720/754 1143/694/761
f 1144/643/762 1131/648/749 1140/719/758
f 1141/687/759 1130/685/748 1124/683/742
f 1142/692/760 1139/690/757 1143/694/761
f 1139/690/757 1124/683/742 1127/680/745
f 1144/643/762 1129/647/747 1131/648/749
f 1141/687/759 1124/683/742 1139/690/757
f 1142/692/760 1143/694/761 1145/696/763
f 1146/640/764 1144/643/762 1140/719/758
f 1138/691/756 1141/687/759 1147/697/765
f 1147/697/765 1141/687/759 1142/692/760
f 1145/696/763 1143/694/761 1148/698/766
f 1149/638/767 1144/643/762 1146/640/764
f 1147/697/765 1142/692/760 1150/700/768
f 1150/700/768 1142/692/760 1145/696/763
f 1143/694/761 1151/699/769 1148/698/766
f 1149/638/767 1152/642/770 1144/643/762
f 1153/703/771 1147/697/765 1150/700/768
f 1143/694/761 1136/720/754 1151/699/769
f 1154/635/691 1149/638/767 1146/640/764
f 1155/695/702 1147/697/765 1153/703/771
f 1150/700/768 1145/696/763 1156/708/772
f 1157/633/773 1149/638/767 1154/635/691
f 1155/695/702 1138/691/756 1147/697/765
f 1153/703/771 1150/700/768 1158/706/774
f 1158/706/774 1150/700/768 1156/708/772
f 1157/633/773 1159/637/775 1149/638/767
f 1160/693/776 1138/691/756 1155/695/702
f 1158/706/774 1156/708/772 1161/718/687
f 1162/632/777 1159/637/775 1157/633/773
f 1160/693/776 1135/689/753 1138/691/756
f 1159/637/775 1152/642/770 1149/638/767
f 1161/718/687 1156/708/772 1163/709/778
f 1162/632/777 1157/633/773 1164/626/779
f 1165/634/780 1159/637/775 1162/632/777
f 1166/639/781 1152/642/770 1159/637/775
f 1156/708/772 1167/702/782 1163/709/778
f 1164/626/779 1165/634/780 1162/632/777
f 1166/639/781 1159/637/775 1165/634/780
f 1168/644/783 1152/642/770 1166/639/781
f 1163/709/778 1167/702/782 1169/705/784
f 1164/626/779 1157/633/773 1170/628/785
f 1171/636/786 1168/644/783 1166/639/781
f 1163/709/778 1169/705/784 1172/611/787
f 1173/624/788 1164/626/779 1170/628/785
f 1171/636/786 1166/639/781 1174/631/789
f 1174/631/789 1166/639/781 1165/634/780
f 1172/611/787 1169/705/784 1175/608/790
f 1176/621/791 1164/626/779 1173/624/788
f 1177/629/792 1174/631/789 1165/634/780
f 1178/616/793 1163/709/778 1172/611/787
f 1179/618/794 1176/621/791 1173/624/788
f 1177/629/792 1165/634/780 1164/626/779
f 1161/718/687 1163/709/778 1178/616/793
f 1179/618/794 1173/624/788 1180/620/795
f 1177/629/792 1164/626/779 1181/622/796
f 1181/622/796 1164/626/779 1176/621/791
f 1172/611/787 1182/613/797 1178/616/793
f 1180/620/795 1173/624/788 1183/625/798
f 1181/622/796 1176/621/791 1184/614/799
f 1185/609/800 1182/613/797 1172/611/787
f 1186/615/801 1179/618/794 1180/620/795
f 1187/619/802 1181/622/796 1184/614/799
f 1182/613/797 1185/609/800 1188/714/803
f 1189/610/804 1179/618/794 1186/615/801
f 1190/623/805 1181/622/796 1187/619/802
f 1184/614/799 1176/621/791 1191/617/806
f 1189/610/804 1191/617/806 1179/618/794
f 1189/610/804 1186/615/801 1192/607/669
f 1190/623/805 1177/629/792 1181/622/796
f 1191/617/806 1176/621/791 1179/618/794
f 1193/606/807 1189/610/804 1192/607/669
f 1192/607/669 1186/615/801 1194/612/669
f 1195/627/808 1177/629/792 1190/623/805
f 1191/617/806 1196/611/809 1184/614/799
f 1197/608/810 1189/610/804 1193/606/807
f 1195/627/808 1174/631/789 1177/629/792
f 1197/608/810 1196/611/809 1191/617/806
f 1196/611/809 1198/616/811 1184/614/799
f 1193/606/807 1196/611/809 1197/608/810
f 1197/608/810 1191/617/806 1189/610/804
f 1199/609/812 1198/616/811 1196/611/809
f 1199/609/812 1196/611/809 1193/606/807
f 1184/614/799 1198/616/811 1187/619/802
f 1200/613/813 1198/616/811 1199/609/812
f 1188/714/803 1185/609/800 1201/716/812
f 1185/609/800 1202/606/814 1201/716/812
f 1202/606/814 1185/609/800 1175/608/790
f 1201/716/812 1202/606/814 1203/717/812
f 1175/608/790 1185/609/800 1172/611/787
f 1203/717/812 1202/606/814 1204/715/812
f 1205/710/815 1202/606/814 1175/608/790
f 1204/715/812 1202/606/814 1206/607/816
f 1206/607/816 1202/606/814 1205/710/815
f 1175/608/790 1207/707/817 1205/710/815
f 1204/715/812 1206/607/816 1208/713/818
f 1169/705/784 1207/707/817 1175/608/790
f 1207/707/817 1209/711/819 1205/710/815
f 1208/713/818 1206/607/816 1210/712/820
f 1169/705/784 1211/704/821 1207/707/817
f 1205/710/815 1209/711/819 1212/615/822
f 1205/710/815 1212/615/822 1206/607/816
f 1206/607/816 1212/615/822 1210/712/820
f 1167/702/782 1211/704/821 1169/705/784
f 1211/704/821 1213/721/823 1207/707/817
f 1207/707/817 1213/721/823 1209/711/819
f 1167/702/782 1148/698/766 1211/704/821
f 1211/704/821 1214/701/824 1213/721/823
f 1148/698/766 1214/701/824 1211/704/821
f 1145/696/763 1148/698/766 1167/702/782
f 1148/698/766 1151/699/769 1214/701/824
f 1156/708/772 1145/696/763 1167/702/782
f 1115/663/733 1106/667/4 1215/662/825
f 1216/657/826 1115/663/733 1215/662/825
f 1215/662/825 1106/667/4 1217/664/827
f 1216/657/826 1215/662/825 1218/659/828
f 1218/659/828 1215/662/825 1217/664/827
f 1118/658/736 1115/663/733 1216/657/826
f 1134/654/752 1216/657/826 1218/659/828
f 1218/659/828 1217/664/827 1219/661/716
f 1126/651/744 1118/658/736 1216/657/826
f 1126/651/744 1216/657/826 1134/654/752
f 1134/654/752 1218/659/828 1220/656/829
f 1220/656/829 1218/659/828 1219/661/716
f 1137/650/755 1134/654/752 1220/656/829
f 1219/661/716 1217/664/827 1221/666/721
f 1217/664/827 1107/668/14 1221/666/721
f 1222/646/830 1123/652/741 1129/647/747
f 1222/646/830 1223/653/831 1123/652/741
f 1152/642/770 1222/646/830 1129/647/747
f 1224/649/832 1223/653/831 1222/646/830
f 1223/653/831 1121/655/739 1123/652/741
f 1152/642/770 1129/647/747 1144/643/762
f 1168/644/783 1224/649/832 1222/646/830
f 1168/644/783 1222/646/830 1152/642/770
f 1225/641/833 1224/649/832 1168/644/783
f 1225/641/833 1168/644/783 1171/636/786
f 1132/686/750 1226/688/834 1122/684/740
f 1122/684/740 1226/688/834 1111/672/730
f 1226/688/834 1108/669/727 1111/672/730
f 1119/677/737 1116/675/734 1128/679/746
f 1128/679/746 1116/675/734 1120/678/738
f 1173/624/788 1170/628/785 1183/625/798
f 1183/625/798 1170/628/785 1227/630/835
f 1170/628/785 1154/635/691 1227/630/835
f 1157/633/773 1154/635/691 1170/628/785
f 1228/722/836 1229/723/837 1230/724/838
f 1230/724/838 1229/723/837 1231/725/839
f 1232/722/840 1233/723/841 1234/724/838
f 1234/724/838 1233/723/841 1235/725/839
f 1236/722/842 1237/723/843 1238/724/839
f 1238/724/839 1237/723/843 1239/725/839
f 1240/723/844 1241/725/845 1242/722/846
f 1242/722/846 1241/725/845 1243/724/845
f 1244/723/847 1245/725/839 1246/722/848
f 1246/722/848 1245/725/839 1247/724/839
f 1248/723/849 1249/725/839 1250/722/850
f 1250/722/850 1249/725/839 1251/724/839
f 1252/723/851 1253/725/838 1254/722/852
f 1254/722/852 1253/725/838 1255/724/853
f 1256/722/854 1257/723/855 1258/724/839
f 1258/724/839 1257/723/855 1259/725/845
f 1260/722/856 1261/723/857 1262/724/858
f 1262/724/858 1261/723/857 1263/725/853
f 1264/723/859 1265/725/838 1266/722/860
f 1266/722/860 1265/725/838 1267/724/861
f 1268/723/862 1269/725/838 1270/722/863
f 1270/722/863 1269/725/838 1271/724/838
f 1272/723/864 1273/725/839 1274/722/865
f 1274/722/865 1273/725/839 1275/724/838
f 1276/722/866 1277/723/867 1278/724/839
f 1278/724/839 1277/723/867 1279/725/839
f 1280/722/868 1281/723/869 1282/724/838
f 1282/724/838 1281/723/869 1283/725/839
f 1284/722/870 1285/723/871 1286/724/839
f 1286/724/839 1285/723/871 1287/725/839
f 1288/722/869 1289/723/872 1290/724/839
f 1290/724/839 1289/723/872 1291/725/839
f 1292/723/873 1293/725/838 1294/722/874
f 1294/722/874 1293/725/838 1295/724/838
f 1296/722/873 1297/723/875 1298/724/876
f 1298/724/876 1297/723/875 1299/725/838
f 1300/723/877 1301/725/839 1302/722/878
f 1302/722/878 1301/725/839 1303/724/839
f 1304/723/879 1305/725/839 1306/722/880
f 1306/722/880 1305/725/839 1307/724/839
f 1308/722/881 1309/723/882 1310/724/839
f 1310/724/839 1309/723/882 1311/725/838
f 1312/722/837 1313/723/883 1314/724/838
f 1314/724/838 1313/723/883 1315/725/839
f 1316/722/884 1317/723/874 1318/724/885
f 1318/724/885 1317/723/874 1319/725/838
f 1320/723/886 1321/725/839 1322/722/849
f 1322/722/849 1321/725/839 1323/724/839
f 1324/723/846 1325/725/839 1326/722/887
f 1326/722/887 1325/725/839 1327/724/845
f 1328/726/888 1329/727/889 1330/728/890
f 1330/728/890 1329/727/889 1331/729/891
f 1332/726/892 1333/727/893 1334/728/891
f 1334/728/891 1333/727/893 1335/729/891
f 1336/727/894 1337/729/895 1338/726/896
f 1338/726/896 1337/729/895 1339/728/891
f 1340/727/897 1341/729/891 1342/726/898
f 1342/726/898 1341/729/891 1343/728/891
f 1344/727/899 1345/729/900 1346/726/901
f 1346/726/901 1345/729/900 1347/728/891
f 1348/726/902 1349/727/903 1350/728/891
f 1350/728/891 1349/727/903 1351/729/900
f 1352/726/904 1353/727/905 1354/728/891
f 1354/728/891 1353/727/905 1355/729/900
f 1356/727/906 1357/729/891 1358/726/907
f 1358/726/907 1357/729/891 1359/728/891
f 1360/727/908 1361/729/891 1362/726/909
f 1362/726/909 1361/729/891 1363/728/900
f 1364/726/910 1365/727/911 1366/728/900
f 1366/728/900 1365/727/911 1367/729/900
f 1368/726/905 1369/727/912 1370/728/891
f 1370/728/891 1369/727/912 1371/729/900
f 1372/726/912 1373/727/913 1374/728/900
f 1374/728/900 1373/727/913 1375/729/891
f 1376/727/914 1377/729/891 1378/726/915
f 1378/726/915 1377/729/891 1379/728/891
f 1380/727/907 1381/729/891 1382/726/914
f 1382/726/914 1381/729/891 1383/728/900
f 1384/727/904 1385/729/891 1386/726/908
f 1386/726/908 1385/729/891 1387/728/900
f 1388/726/916 1389/727/917 1390/728/891
f 1390/728/891 1389/727/917 1391/729/891
f 1392/726/889 1393/727/918 1394/728/891
f 1394/728/891 1393/727/918 1395/729/891
f 1396/726/919 1397/727/915 1398/728/900
f 1398/728/900 1397/727/915 1399/729/900
f 1400/727/920 1401/729/891 1402/726/921
f 1402/726/921 1401/729/891 1403/728/900
f 1404/727/892 1405/729/891 1406/726/922
f 1406/726/922 1405/729/891 1407/728/900
f 1408/730/923 1409/731/924 1410/732/925
f 1410/732/925 1409/731/924 1411/733/925
f 1412/730/926 1413/731/927 1414/732/928
f 1414/732/928 1413/731/927 1415/733/925
f 1416/730/929 1417/731/930 1418/732/931
f 1418/732/931 1417/731/930 1419/733/932
f 1420/730/933 1421/731/929 1422/732/932
f 1422/732/932 1421/731/929 1423/733/931
f 1424/730/934 1425/731/933 1426/732/932
f 1426/732/932 1425/731/933 1427/733/932
f 1428/730/935 1429/731/936 1430/732/932
f 1430/732/932 1429/731/936 1431/733/932
f 1432/730/937 1433/731/935 1434/732/932
f 1434/732/932 1433/731/935 1435/733/932
f 1436/730/938 1437/731/937 1438/732/932
f 1438/732/932 1437/731/937 1439/733/931
f 1440/730/939 1441/731/938 1442/732/932
f 1442/732/932 1441/731/938 1443/733/932
f 1444/730/940 1445/731/941 1446/732/932
f 1446/732/932 1445/731/941 1447/733/931
f 1448/730/942 1449/731/940 1450/732/932
f 1450/732/932 1449/731/940 1451/733/932
f 1452/730/943 1453/731/942 1454/732/932
f 1454/732/932 1453/731/942 1455/733/932
f 1456/730/944 1457/731/945 1458/732/932
f 1458/732/932 1457/731/945 1459/733/925
f 1460/730/924 1461/731/944 1462/732/925
f 1462/732/925 1461/731/944 1463/733/932
