# Blender 4.1.1
# www.blender.org
mtllib FishingRod.mtl
o GUI_Map_FishingPole_GUI_Map_FishingPole1
v 0.005921 0.000885 0.011103
v 0.005902 0.000889 0.011197
v 0.005883 0.000535 0.011111
v 0.005863 0.000538 0.011208
v 0.005822 0.000900 0.011250
v 0.005780 0.000545 0.011263
v 0.005729 0.000911 0.011231
v 0.005683 0.000553 0.011243
v 0.005676 0.000916 0.011150
v 0.005868 0.000889 0.011023
v 0.005838 0.000185 0.011210
v 0.005628 0.000556 0.011160
v 0.005829 0.000538 0.011027
v 0.005758 0.000188 0.011263
v 0.005648 0.000553 0.011062
v 0.005775 0.000900 0.011004
v 0.005857 0.000183 0.011116
v 0.005664 0.000191 0.011243
v 0.005731 0.000545 0.011007
v 0.005804 0.000185 0.011036
v 0.005611 0.000193 0.011163
v 0.005695 0.000911 0.011057
v 0.005630 0.000191 0.011069
v 0.005710 0.000188 0.011016
v 0.005898 0.000893 0.011108
v 0.005883 0.000897 0.011184
v 0.005921 0.000885 0.011103
v 0.005856 0.000897 0.011043
v 0.005902 0.000889 0.011197
v 0.005868 0.000889 0.011023
v 0.005818 0.000906 0.011227
v 0.005780 0.000906 0.011027
v 0.005822 0.000900 0.011250
v 0.005775 0.000900 0.011004
v 0.005743 0.000915 0.011211
v 0.005716 0.000915 0.011070
v 0.005729 0.000911 0.011231
v 0.005695 0.000911 0.011057
v 0.005700 0.000918 0.011146
v 0.005676 0.000916 0.011150
v 0.005883 0.000897 0.011184
v 0.005898 0.000893 0.011108
v 0.005965 0.001363 0.011168
v 0.005901 0.001375 0.011211
v 0.005980 0.001358 0.011092
v 0.005818 0.000906 0.011227
v 0.006069 0.001827 0.011148
v 0.005938 0.001363 0.011027
v 0.005826 0.001387 0.011195
v 0.006006 0.001842 0.011191
v 0.006081 0.001821 0.011073
v 0.005856 0.000897 0.011043
v 0.005931 0.001857 0.011175
v 0.006042 0.001827 0.011007
v 0.005863 0.001375 0.011011
v 0.005889 0.001863 0.011110
v 0.005743 0.000915 0.011211
v 0.005967 0.001842 0.010991
v 0.005784 0.001392 0.011130
v 0.005780 0.000906 0.011027
v 0.005904 0.001857 0.011034
v 0.005799 0.001387 0.011054
v 0.005700 0.000918 0.011146
v 0.005716 0.000915 0.011070
v 0.006071 0.001828 0.011074
v 0.006058 0.001833 0.011140
v 0.006081 0.001821 0.011073
v 0.006035 0.001833 0.011018
v 0.006069 0.001827 0.011148
v 0.006042 0.001827 0.011007
v 0.006006 0.001842 0.011191
v 0.005967 0.001842 0.010991
v 0.006003 0.001846 0.011177
v 0.005970 0.001846 0.011004
v 0.005931 0.001857 0.011175
v 0.005904 0.001857 0.011034
v 0.005939 0.001859 0.011163
v 0.005915 0.001859 0.011041
v 0.005889 0.001863 0.011110
v 0.005902 0.001865 0.011107
v 0.006058 0.001833 0.011140
v 0.006071 0.001828 0.011074
v 0.006186 0.002239 0.011115
v 0.006131 0.002255 0.011152
v 0.006198 0.002233 0.011050
v 0.006003 0.001846 0.011177
v 0.006339 0.002639 0.011087
v 0.006162 0.002239 0.010994
v 0.006068 0.002271 0.011138
v 0.006285 0.002657 0.011123
v 0.006350 0.002630 0.011021
v 0.006035 0.001833 0.011018
v 0.006222 0.002676 0.011109
v 0.006315 0.002639 0.010964
v 0.006098 0.002255 0.010980
v 0.006186 0.002683 0.011052
v 0.005939 0.001859 0.011163
v 0.006252 0.002657 0.010950
v 0.006031 0.002277 0.011082
v 0.005970 0.001846 0.011004
v 0.006198 0.002676 0.010987
v 0.006044 0.002271 0.011017
v 0.005902 0.001865 0.011107
v 0.005915 0.001859 0.011041
v 0.006329 0.002645 0.011079
v 0.006339 0.002639 0.011087
v 0.006339 0.002639 0.011023
v 0.006285 0.002657 0.011123
v 0.006350 0.002630 0.011021
v 0.006283 0.002661 0.011110
v 0.006315 0.002639 0.010964
v 0.006222 0.002676 0.011109
v 0.006309 0.002645 0.010975
v 0.006229 0.002676 0.011098
v 0.006252 0.002657 0.010950
v 0.006186 0.002683 0.011052
v 0.006255 0.002661 0.010963
v 0.006198 0.002683 0.011050
v 0.006198 0.002676 0.010987
v 0.006209 0.002676 0.010994
v 0.006329 0.002645 0.011079
v 0.006339 0.002639 0.011023
v 0.006514 0.003019 0.011043
v 0.006470 0.003039 0.011074
v 0.006524 0.003011 0.010987
v 0.006283 0.002661 0.011110
v 0.006726 0.003386 0.011003
v 0.006494 0.003019 0.010939
v 0.006418 0.003059 0.011062
v 0.006684 0.003410 0.011033
v 0.006736 0.003375 0.010947
v 0.006309 0.002645 0.010975
v 0.006633 0.003434 0.011021
v 0.006706 0.003386 0.010898
v 0.006442 0.003039 0.010927
v 0.006604 0.003444 0.010972
v 0.006229 0.002676 0.011098
v 0.006655 0.003410 0.010885
v 0.006388 0.003067 0.011013
v 0.006255 0.002661 0.010963
v 0.006613 0.003434 0.010916
v 0.006398 0.003059 0.010958
v 0.006198 0.002683 0.011050
v 0.006209 0.002676 0.010994
v 0.006718 0.003394 0.010996
v 0.006726 0.003386 0.011003
v 0.006725 0.003385 0.010949
v 0.006684 0.003410 0.011033
v 0.006736 0.003375 0.010947
v 0.006682 0.003414 0.011022
v 0.006706 0.003386 0.010898
v 0.006633 0.003434 0.011021
v 0.006701 0.003394 0.010907
v 0.006639 0.003435 0.011011
v 0.006655 0.003410 0.010885
v 0.006604 0.003444 0.010972
v 0.006658 0.003414 0.010897
v 0.006615 0.003443 0.010970
v 0.006613 0.003434 0.010916
v 0.006622 0.003435 0.010922
v 0.006718 0.003394 0.010996
v 0.006725 0.003385 0.010949
v 0.006957 0.003722 0.010949
v 0.006925 0.003748 0.010975
v 0.006963 0.003712 0.010903
v 0.006682 0.003414 0.011022
v 0.007235 0.004042 0.010896
v 0.006940 0.003722 0.010862
v 0.006885 0.003773 0.010963
v 0.007206 0.004072 0.010920
v 0.007242 0.004029 0.010849
v 0.006701 0.003394 0.010907
v 0.007170 0.004102 0.010908
v 0.007219 0.004042 0.010808
v 0.006901 0.003748 0.010851
v 0.007148 0.004115 0.010867
v 0.006639 0.003435 0.011011
v 0.007182 0.004072 0.010796
v 0.006862 0.003783 0.010922
v 0.006658 0.003414 0.010897
v 0.007153 0.004102 0.010821
v 0.006868 0.003773 0.010876
v 0.006615 0.003443 0.010970
v 0.006622 0.003435 0.010922
v 0.007229 0.004051 0.010890
v 0.007235 0.004042 0.010896
v 0.007233 0.004040 0.010851
v 0.007206 0.004072 0.010920
v 0.007242 0.004029 0.010849
v 0.007205 0.004076 0.010910
v 0.007219 0.004042 0.010808
v 0.007170 0.004102 0.010908
v 0.007215 0.004051 0.010816
v 0.007175 0.004101 0.010900
v 0.007182 0.004072 0.010796
v 0.007148 0.004115 0.010867
v 0.007185 0.004076 0.010806
v 0.007156 0.004112 0.010866
v 0.007153 0.004102 0.010821
v 0.007160 0.004101 0.010827
v 0.007460 0.004292 0.010845
v 0.007229 0.004051 0.010890
v 0.007463 0.004280 0.010807
v 0.007205 0.004076 0.010910
v 0.007233 0.004040 0.010851
v 0.007439 0.004320 0.010865
v 0.007729 0.004514 0.010755
v 0.007215 0.004051 0.010816
v 0.007175 0.004101 0.010900
v 0.007727 0.004528 0.010794
v 0.007446 0.004292 0.010772
v 0.007413 0.004348 0.010855
v 0.007185 0.004076 0.010806
v 0.007710 0.004559 0.010813
v 0.007713 0.004528 0.010721
v 0.007419 0.004320 0.010761
v 0.007156 0.004112 0.010866
v 0.007687 0.004591 0.010802
v 0.007160 0.004101 0.010827
v 0.007396 0.004360 0.010820
v 0.007690 0.004559 0.010709
v 0.007398 0.004348 0.010781
v 0.007672 0.004604 0.010767
v 0.007673 0.004591 0.010728
v 0.007725 0.004525 0.010756
v 0.007724 0.004535 0.010786
v 0.007729 0.004514 0.010755
v 0.007713 0.004535 0.010729
v 0.007727 0.004528 0.010794
v 0.007713 0.004528 0.010721
v 0.007711 0.004559 0.010800
v 0.007695 0.004559 0.010721
v 0.007710 0.004559 0.010813
v 0.007690 0.004559 0.010709
v 0.007693 0.004583 0.010792
v 0.007682 0.004583 0.010735
v 0.007687 0.004591 0.010802
v 0.007673 0.004591 0.010728
v 0.007681 0.004593 0.010765
v 0.007672 0.004604 0.010767
v 0.007954 0.004702 0.010741
v 0.007724 0.004535 0.010786
v 0.007955 0.004692 0.010712
v 0.007711 0.004559 0.010800
v 0.007725 0.004525 0.010756
v 0.007941 0.004726 0.010756
v 0.008214 0.004857 0.010691
v 0.007713 0.004535 0.010729
v 0.007693 0.004583 0.010792
v 0.008201 0.004881 0.010706
v 0.007943 0.004702 0.010685
v 0.007924 0.004750 0.010747
v 0.008183 0.004905 0.010697
v 0.008214 0.004846 0.010662
v 0.007695 0.004559 0.010721
v 0.008218 0.004865 0.010661
v 0.007926 0.004726 0.010676
v 0.007681 0.004593 0.010765
v 0.008217 0.004872 0.010681
v 0.007682 0.004583 0.010735
v 0.007912 0.004760 0.010720
v 0.008209 0.004888 0.010690
v 0.007913 0.004750 0.010691
v 0.008171 0.004915 0.010670
v 0.008197 0.004904 0.010685
v 0.008172 0.004905 0.010641
v 0.008210 0.004872 0.010644
v 0.008203 0.004857 0.010635
v 0.008189 0.004910 0.010667
v 0.008199 0.004888 0.010638
v 0.008185 0.004881 0.010626
v 0.008190 0.004904 0.010648
v 0.005811 0.000178 0.011192
v 0.005825 0.000177 0.011122
v 0.005838 0.000185 0.011210
v 0.005758 0.000188 0.011263
v 0.005857 0.000183 0.011116
v 0.005751 0.000181 0.011231
v 0.005804 0.000185 0.011036
v 0.005664 0.000191 0.011243
v 0.005786 0.000178 0.011062
v 0.005681 0.000183 0.011217
v 0.005710 0.000188 0.011016
v 0.005611 0.000193 0.011163
v 0.005715 0.000181 0.011048
v 0.005641 0.000184 0.011157
v 0.005630 0.000191 0.011069
v 0.005656 0.000183 0.011087
v 0.005813 0.000022 0.011124
v 0.005825 0.000177 0.011122
v 0.005799 0.000023 0.011189
v 0.005792 -0.000002 0.011128
v 0.005811 0.000178 0.011192
v 0.005782 -0.000002 0.011177
v 0.005776 0.000023 0.011069
v 0.005744 0.000025 0.011225
v 0.005786 0.000178 0.011062
v 0.005764 -0.000002 0.011086
v 0.005751 0.000181 0.011231
v 0.005740 0.000000 0.011205
v 0.005712 0.000025 0.011056
v 0.005680 0.000027 0.011212
v 0.005715 0.000181 0.011048
v 0.005715 0.000000 0.011076
v 0.005681 0.000183 0.011217
v 0.005690 0.000002 0.011195
v 0.005657 0.000027 0.011092
v 0.005644 0.000028 0.011157
v 0.005656 0.000183 0.011087
v 0.005673 0.000002 0.011104
v 0.005641 0.000184 0.011157
v 0.005663 0.000003 0.011153
v 0.005792 -0.000002 0.011128
v 0.005782 -0.000002 0.011177
v 0.005663 0.000003 0.011153
v 0.005764 -0.000002 0.011086
v 0.005690 0.000002 0.011195
v 0.005740 0.000000 0.011205
v 0.005673 0.000002 0.011104
v 0.005715 0.000000 0.011076
v 0.008218 0.004865 0.010661
v 0.008189 0.004910 0.010667
v 0.008217 0.004872 0.010681
v 0.008210 0.004872 0.010644
v 0.008197 0.004904 0.010685
v 0.008209 0.004888 0.010690
v 0.008190 0.004904 0.010648
v 0.008199 0.004888 0.010638
v 0.005899 0.000796 0.011082
v 0.006184 0.001815 0.011031
v 0.005927 0.000796 0.011102
v 0.006167 0.001820 0.011055
v 0.006208 0.001811 0.011048
v 0.005879 0.000797 0.011111
v 0.006192 0.001815 0.011072
v 0.006437 0.002594 0.010983
v 0.005908 0.000796 0.011130
v 0.005908 0.000796 0.011130
v 0.006461 0.002587 0.010999
v 0.006192 0.001815 0.011072
v 0.006421 0.002600 0.011006
v 0.006444 0.002594 0.011023
v 0.006806 0.003345 0.010913
v 0.006444 0.002594 0.011023
v 0.006813 0.003345 0.010951
v 0.006793 0.003354 0.010935
v 0.006826 0.003336 0.010929
v 0.006813 0.003345 0.010951
v 0.007292 0.003997 0.010820
v 0.007299 0.003997 0.010856
v 0.007282 0.004009 0.010841
v 0.007309 0.003984 0.010836
v 0.007299 0.003997 0.010856
v 0.007775 0.004458 0.010746
v 0.007765 0.004470 0.010734
v 0.007770 0.004470 0.010761
v 0.007770 0.004470 0.010761
v 0.007760 0.004482 0.010749
v 0.008253 0.004795 0.010654
v 0.008249 0.004809 0.010637
v 0.008255 0.004809 0.010671
v 0.008255 0.004809 0.010671
v 0.008250 0.004820 0.010655
v 0.008265 0.004805 0.010667
v 0.008259 0.004805 0.010638
v 0.008265 0.004805 0.010667
v 0.008257 0.004787 0.010654
v 0.008270 0.004814 0.010651
v 0.008275 0.004788 0.010662
v 0.008275 0.004788 0.010662
v 0.008271 0.004788 0.010638
v 0.008192 0.003233 0.010663
v 0.008285 0.004789 0.010648
v 0.008202 0.003233 0.010651
v 0.008205 0.003228 0.010676
v 0.008215 0.003230 0.010659
v 0.008189 0.003166 0.010634
v 0.008205 0.003228 0.010676
v 0.008174 0.003166 0.010620
v 0.008189 0.003166 0.010634
v 0.008202 0.003233 0.010651
v 0.008185 0.003119 0.010642
v 0.008199 0.003163 0.010615
v 0.008182 0.003165 0.010600
v 0.008169 0.003111 0.010635
v 0.008185 0.003119 0.010642
v 0.008181 0.003111 0.010696
v 0.008176 0.003097 0.010619
v 0.008194 0.003107 0.010629
v 0.008194 0.003097 0.010708
v 0.008193 0.003119 0.010683
v 0.008206 0.003107 0.010692
v 0.008201 0.003161 0.010700
v 0.008193 0.003119 0.010683
v 0.008193 0.003171 0.010718
v 0.008201 0.003161 0.010700
v 0.008210 0.003181 0.010738
v 0.008195 0.003221 0.010674
v 0.008218 0.003169 0.010713
v 0.008208 0.003235 0.010684
v 0.008202 0.003209 0.010664
v 0.008202 0.003209 0.010664
v 0.008256 0.003310 0.010602
v 0.008214 0.003219 0.010670
v 0.008249 0.003321 0.010611
v 0.008268 0.003320 0.010608
v 0.008256 0.003310 0.010602
v 0.008262 0.003335 0.010621
v 0.008268 0.003320 0.010608
v 0.008256 0.003310 0.010602
v 0.006657 0.000786 0.011047
v 0.006586 0.000608 0.011061
v 0.006626 0.000786 0.010885
v 0.006600 0.000978 0.010890
v 0.006554 0.000608 0.010898
v 0.006631 0.000978 0.011052
v 0.006436 0.000489 0.011089
v 0.006405 0.000489 0.010927
v 0.006483 0.001130 0.010912
v 0.006515 0.001130 0.011074
v 0.006308 0.001202 0.010946
v 0.006339 0.001202 0.011108
v 0.006120 0.001176 0.010982
v 0.006152 0.001176 0.011144
v 0.005971 0.001058 0.011011
v 0.006002 0.001058 0.011173
v 0.005900 0.000879 0.011024
v 0.005931 0.000879 0.011187
v 0.005926 0.000688 0.011020
v 0.005957 0.000688 0.011182
v 0.006042 0.000536 0.010997
v 0.006073 0.000536 0.011159
v 0.006217 0.000463 0.010963
v 0.006248 0.000463 0.011126
v 0.006405 0.000489 0.010927
v 0.006436 0.000489 0.011089
v 0.006682 0.000779 0.010865
v 0.006599 0.000572 0.010881
v 0.006672 0.000779 0.010815
v 0.006642 0.001000 0.010820
v 0.006589 0.000572 0.010831
v 0.006652 0.001000 0.010871
v 0.006426 0.000435 0.010915
v 0.006416 0.000435 0.010864
v 0.006507 0.001177 0.010846
v 0.006517 0.001177 0.010897
v 0.006304 0.001261 0.010886
v 0.006314 0.001261 0.010936
v 0.006087 0.001230 0.010927
v 0.006096 0.001230 0.010978
v 0.005913 0.001093 0.010961
v 0.005923 0.001093 0.011011
v 0.005831 0.000886 0.010977
v 0.005841 0.000886 0.011027
v 0.005861 0.000665 0.010971
v 0.005871 0.000665 0.011021
v 0.005995 0.000489 0.010945
v 0.006005 0.000489 0.010996
v 0.006199 0.000404 0.010906
v 0.006208 0.000404 0.010956
v 0.006416 0.000435 0.010864
v 0.006426 0.000435 0.010915
v 0.006633 0.000572 0.011060
v 0.006716 0.000779 0.011044
v 0.006643 0.000572 0.011109
v 0.006470 0.000435 0.011142
v 0.006725 0.000779 0.011093
v 0.006460 0.000435 0.011093
v 0.006686 0.001000 0.011050
v 0.006252 0.000404 0.011184
v 0.006695 0.001000 0.011098
v 0.006243 0.000404 0.011135
v 0.006551 0.001177 0.011076
v 0.006049 0.000489 0.011223
v 0.006561 0.001177 0.011124
v 0.006040 0.000489 0.011174
v 0.006348 0.001261 0.011115
v 0.005914 0.000665 0.011249
v 0.005905 0.000665 0.011200
v 0.006357 0.001261 0.011163
v 0.006131 0.001230 0.011157
v 0.006140 0.001230 0.011205
v 0.005958 0.001093 0.011190
v 0.005967 0.001093 0.011239
v 0.005875 0.000886 0.011206
v 0.005884 0.000886 0.011255
v 0.005905 0.000665 0.011200
v 0.005914 0.000665 0.011249
v 0.006626 0.000786 0.010885
v 0.006554 0.000608 0.010898
v 0.006682 0.000779 0.010865
v 0.006652 0.001000 0.010871
v 0.006599 0.000572 0.010881
v 0.006600 0.000978 0.010890
v 0.006405 0.000489 0.010927
v 0.006426 0.000435 0.010915
v 0.006517 0.001177 0.010897
v 0.006483 0.001130 0.010912
v 0.006314 0.001261 0.010936
v 0.006308 0.001202 0.010946
v 0.006120 0.001176 0.010982
v 0.006096 0.001230 0.010978
v 0.005923 0.001093 0.011011
v 0.005971 0.001058 0.011011
v 0.005841 0.000886 0.011027
v 0.005900 0.000879 0.011024
v 0.005871 0.000665 0.011021
v 0.005926 0.000688 0.011020
v 0.006005 0.000489 0.010996
v 0.006042 0.000536 0.010997
v 0.006208 0.000404 0.010956
v 0.006217 0.000463 0.010963
v 0.006405 0.000489 0.010927
v 0.006426 0.000435 0.010915
v 0.006586 0.000608 0.011061
v 0.006657 0.000786 0.011047
v 0.006633 0.000572 0.011060
v 0.006460 0.000435 0.011093
v 0.006716 0.000779 0.011044
v 0.006436 0.000489 0.011089
v 0.006631 0.000978 0.011052
v 0.006243 0.000404 0.011135
v 0.006686 0.001000 0.011050
v 0.006248 0.000463 0.011126
v 0.006515 0.001130 0.011074
v 0.006073 0.000536 0.011159
v 0.006551 0.001177 0.011076
v 0.006040 0.000489 0.011174
v 0.006348 0.001261 0.011115
v 0.005905 0.000665 0.011200
v 0.005957 0.000688 0.011182
v 0.006339 0.001202 0.011108
v 0.006152 0.001176 0.011144
v 0.006131 0.001230 0.011157
v 0.006002 0.001058 0.011173
v 0.005958 0.001093 0.011190
v 0.005931 0.000879 0.011187
v 0.005875 0.000886 0.011206
v 0.005957 0.000688 0.011182
v 0.005905 0.000665 0.011200
v 0.006643 0.000572 0.011109
v 0.006725 0.000779 0.011093
v 0.005914 0.000665 0.011249
v 0.006470 0.000435 0.011142
v 0.005884 0.000886 0.011255
v 0.006049 0.000489 0.011223
v 0.006252 0.000404 0.011184
v 0.005967 0.001093 0.011239
v 0.006695 0.001000 0.011098
v 0.006140 0.001230 0.011205
v 0.006561 0.001177 0.011124
v 0.006357 0.001261 0.011163
v 0.006672 0.000779 0.010815
v 0.006589 0.000572 0.010831
v 0.005831 0.000886 0.010977
v 0.006642 0.001000 0.010820
v 0.005861 0.000665 0.010971
v 0.005913 0.001093 0.010961
v 0.005995 0.000489 0.010945
v 0.006507 0.001177 0.010846
v 0.006416 0.000435 0.010864
v 0.006199 0.000404 0.010906
v 0.006087 0.001230 0.010927
v 0.006304 0.001261 0.010886
v 0.008283 0.002728 0.010673
v 0.008301 0.002725 0.010645
v 0.008284 0.002827 0.010672
v 0.008243 0.002818 0.010656
v 0.008302 0.002832 0.010645
v 0.008241 0.002733 0.010657
v 0.008263 0.002924 0.010676
v 0.008266 0.002633 0.010676
v 0.008226 0.002651 0.010660
v 0.008224 0.002909 0.010660
v 0.008280 0.002622 0.010649
v 0.008280 0.002933 0.010649
v 0.008218 0.003020 0.010685
v 0.008188 0.002586 0.010667
v 0.008216 0.002556 0.010686
v 0.008237 0.003026 0.010658
v 0.008181 0.003011 0.010668
v 0.008226 0.002537 0.010660
v 0.008136 0.002556 0.010677
v 0.008149 0.002516 0.010698
v 0.008150 0.002495 0.010674
v 0.008072 0.002555 0.010689
v 0.008062 0.002519 0.010715
v 0.008049 0.002497 0.010694
v 0.008020 0.002577 0.010699
v 0.007995 0.002554 0.010728
v 0.007972 0.002539 0.010708
v 0.007992 0.002618 0.010705
v 0.007959 0.002609 0.010735
v 0.007934 0.002604 0.010716
v 0.007947 0.002658 0.010737
v 0.007986 0.002671 0.010706
v 0.007920 0.002661 0.010719
v 0.007964 0.002723 0.010730
v 0.007994 0.002705 0.010704
v 0.007903 0.002670 0.010742
v 0.008001 0.002748 0.010711
v 0.008014 0.002741 0.010700
v 0.007991 0.002753 0.010705
v 0.008026 0.002759 0.010698
v 0.007940 0.002734 0.010715
v 0.007903 0.002670 0.010742
v 0.007876 0.002673 0.010727
v 0.007876 0.002673 0.010727
v 0.007920 0.002661 0.010719
v 0.007903 0.002670 0.010742
v 0.007895 0.002670 0.010703
v 0.007947 0.002658 0.010737
v 0.007939 0.002658 0.010691
v 0.008274 0.002728 0.010627
v 0.008276 0.002827 0.010626
v 0.008301 0.002725 0.010645
v 0.008243 0.002818 0.010656
v 0.008302 0.002832 0.010645
v 0.008241 0.002733 0.010657
v 0.008257 0.002633 0.010630
v 0.008254 0.002924 0.010630
v 0.008226 0.002651 0.010660
v 0.008224 0.002909 0.010660
v 0.008280 0.002933 0.010649
v 0.008280 0.002622 0.010649
v 0.008188 0.002586 0.010667
v 0.008209 0.003020 0.010639
v 0.008237 0.003026 0.010658
v 0.008207 0.002556 0.010639
v 0.008181 0.003011 0.010668
v 0.008226 0.002537 0.010660
v 0.008136 0.002556 0.010677
v 0.008140 0.002516 0.010652
v 0.008150 0.002495 0.010674
v 0.008072 0.002555 0.010689
v 0.008053 0.002519 0.010669
v 0.008049 0.002497 0.010694
v 0.008020 0.002577 0.010699
v 0.007986 0.002554 0.010682
v 0.007972 0.002539 0.010708
v 0.007992 0.002618 0.010705
v 0.007950 0.002609 0.010689
v 0.007934 0.002604 0.010716
v 0.007939 0.002658 0.010691
v 0.007986 0.002671 0.010706
v 0.007920 0.002661 0.010719
v 0.007957 0.002723 0.010692
v 0.007994 0.002705 0.010704
v 0.007895 0.002670 0.010703
v 0.007998 0.002748 0.010695
v 0.008014 0.002741 0.010700
v 0.007991 0.002753 0.010705
v 0.008026 0.002759 0.010698
v 0.007940 0.002734 0.010715
v 0.007895 0.002670 0.010703
v 0.007876 0.002673 0.010727
v 0.008248 0.003141 0.010686
v 0.008259 0.003154 0.010653
v 0.008202 0.003167 0.010695
v 0.008195 0.003132 0.010684
v 0.008199 0.003189 0.010664
v 0.008218 0.003119 0.010680
v 0.008150 0.003153 0.010705
v 0.008236 0.003141 0.010626
v 0.008262 0.003088 0.010683
v 0.008170 0.003125 0.010689
v 0.008189 0.003166 0.010634
v 0.008278 0.003086 0.010649
v 0.008157 0.003102 0.010692
v 0.008211 0.003119 0.010643
v 0.008225 0.003093 0.010679
v 0.008250 0.003088 0.010623
v 0.008188 0.003132 0.010647
v 0.008243 0.003024 0.010656
v 0.008236 0.003041 0.010688
v 0.008218 0.003093 0.010642
v 0.008224 0.003041 0.010628
v 0.008212 0.003070 0.010681
v 0.008218 0.003119 0.010680
v 0.008225 0.003093 0.010679
v 0.008205 0.003070 0.010644
v 0.008163 0.003125 0.010652
v 0.008195 0.003132 0.010684
v 0.008139 0.003153 0.010645
v 0.008212 0.003070 0.010681
v 0.008170 0.003125 0.010689
v 0.008150 0.003102 0.010655
v 0.008113 0.003106 0.010650
v 0.008131 0.003170 0.010677
v 0.008157 0.003102 0.010692
v 0.008127 0.003054 0.010647
v 0.008097 0.003109 0.010684
v 0.008157 0.003076 0.010653
v 0.008124 0.003106 0.010710
v 0.008173 0.003027 0.010638
v 0.008164 0.003076 0.010690
v 0.008180 0.003063 0.010649
v 0.008138 0.003054 0.010707
v 0.008164 0.003076 0.010690
v 0.008224 0.003041 0.010628
v 0.008115 0.003040 0.010680
v 0.008205 0.003070 0.010644
v 0.008187 0.003063 0.010686
v 0.008243 0.003024 0.010656
v 0.008187 0.003063 0.010686
v 0.008184 0.003027 0.010698
v 0.008176 0.003005 0.010669
v 0.008212 0.003070 0.010681
v 0.008236 0.003041 0.010688
v 0.008212 0.003070 0.010681
v 0.008228 0.003242 0.010650
v 0.008237 0.003228 0.010644
v 0.008202 0.003245 0.010638
v 0.008202 0.003233 0.010651
v 0.008198 0.003232 0.010625
v 0.008215 0.003230 0.010659
v 0.008182 0.003248 0.010659
v 0.008224 0.003217 0.010650
v 0.008168 0.003237 0.010657
v 0.008192 0.003233 0.010663
v 0.008199 0.003220 0.010638
v 0.008196 0.003247 0.010684
v 0.008202 0.003233 0.010651
v 0.008189 0.003235 0.010696
v 0.008200 0.003233 0.010673
v 0.008215 0.003230 0.010659
v 0.008179 0.003222 0.010659
v 0.008224 0.003243 0.010678
v 0.008213 0.003231 0.010670
v 0.008192 0.003233 0.010663
v 0.008232 0.003230 0.010687
v 0.008193 0.003221 0.010684
v 0.008215 0.003230 0.010659
v 0.008200 0.003233 0.010673
v 0.008228 0.003242 0.010650
v 0.008221 0.003218 0.010679
v 0.008237 0.003228 0.010644
v 0.008213 0.003231 0.010670
v 0.008224 0.003217 0.010650
v 0.008215 0.003230 0.010659
v 0.006410 0.000793 0.011210
v 0.006269 0.000746 0.011237
v 0.006402 0.000809 0.011195
v 0.006557 0.000330 0.011182
v 0.006261 0.000763 0.011222
v 0.006416 0.000283 0.011209
v 0.006451 0.000250 0.011203
v 0.006548 0.000281 0.011184
v 0.006504 0.000251 0.011192
v 0.006372 0.000904 0.011201
v 0.006384 0.000904 0.011263
v 0.006402 0.000809 0.011195
v 0.006410 0.000793 0.011210
v 0.006403 0.000866 0.011296
v 0.006572 0.000330 0.011263
v 0.006557 0.000330 0.011182
v 0.006563 0.000281 0.011264
v 0.006548 0.000281 0.011184
v 0.006504 0.000251 0.011192
v 0.006520 0.000251 0.011273
v 0.006451 0.000250 0.011203
v 0.006466 0.000250 0.011283
v 0.006416 0.000283 0.011209
v 0.006431 0.000283 0.011290
v 0.006269 0.000746 0.011237
v 0.006261 0.000819 0.011323
v 0.006243 0.000858 0.011290
v 0.006261 0.000763 0.011222
v 0.006231 0.000858 0.011228
v 0.006372 0.000904 0.011201
v 0.006231 0.000858 0.011228
v 0.006384 0.000904 0.011263
v 0.006243 0.000858 0.011290
v 0.006261 0.000819 0.011323
v 0.006403 0.000866 0.011296
v 0.006431 0.000283 0.011290
v 0.006572 0.000330 0.011263
v 0.006563 0.000281 0.011264
v 0.006466 0.000250 0.011283
v 0.006520 0.000251 0.011273
v 0.006433 0.000928 0.011182
v 0.006464 0.000813 0.011176
v 0.006367 0.000928 0.010840
v 0.006398 0.000813 0.010834
v 0.006406 0.000710 0.011187
v 0.006340 0.000710 0.010845
v 0.006294 0.000678 0.011209
v 0.006228 0.000678 0.010867
v 0.006192 0.000737 0.011228
v 0.006126 0.000737 0.010886
v 0.006161 0.000852 0.011234
v 0.006095 0.000852 0.010892
v 0.006219 0.000955 0.011223
v 0.006153 0.000955 0.010881
v 0.006331 0.000987 0.011201
v 0.006266 0.000987 0.010859
v 0.006433 0.000928 0.011182
v 0.006367 0.000928 0.010840
v 0.006398 0.000813 0.010834
v 0.006340 0.000710 0.010845
v 0.006095 0.000852 0.010892
v 0.006367 0.000928 0.010840
v 0.006126 0.000737 0.010886
v 0.006228 0.000678 0.010867
v 0.006153 0.000955 0.010881
v 0.006266 0.000987 0.010859
v 0.006406 0.000710 0.011187
v 0.006464 0.000813 0.011176
v 0.006192 0.000737 0.011228
v 0.006294 0.000678 0.011209
v 0.006161 0.000852 0.011234
v 0.006219 0.000955 0.011223
v 0.006433 0.000928 0.011182
v 0.006331 0.000987 0.011201
v 0.006640 0.000307 0.011542
v 0.006550 0.000327 0.011285
v 0.006647 0.000393 0.011541
v 0.006511 0.000293 0.011292
v 0.006555 0.000380 0.011284
v 0.006575 0.000251 0.011554
v 0.006637 0.000387 0.011591
v 0.006538 0.000375 0.011268
v 0.006460 0.000297 0.011302
v 0.006631 0.000316 0.011592
v 0.006521 0.000420 0.011290
v 0.006491 0.000258 0.011571
v 0.006583 0.000367 0.011633
v 0.006592 0.000459 0.011551
v 0.006426 0.000338 0.011308
v 0.006581 0.000345 0.011633
v 0.006470 0.000424 0.011300
v 0.006436 0.000324 0.011581
v 0.006578 0.000271 0.011602
v 0.006508 0.000466 0.011567
v 0.006463 0.000310 0.011283
v 0.006431 0.000390 0.011308
v 0.006509 0.000276 0.011616
v 0.006443 0.000410 0.011580
v 0.006503 0.000307 0.011275
v 0.006464 0.000330 0.011624
v 0.006544 0.000333 0.011640
v 0.006437 0.000342 0.011288
v 0.006534 0.000334 0.011269
v 0.006530 0.000350 0.011643
v 0.006440 0.000383 0.011287
v 0.006470 0.000401 0.011623
v 0.006565 0.000332 0.011636
v 0.006471 0.000410 0.011281
v 0.006511 0.000407 0.011273
v 0.006523 0.000446 0.011613
v 0.006532 0.000372 0.011643
v 0.006548 0.000386 0.011640
v 0.006569 0.000384 0.011636
v 0.006592 0.000441 0.011600
v 0.006207 0.001803 0.010987
v 0.006214 0.001778 0.010973
v 0.006144 0.001811 0.010974
v 0.006148 0.001802 0.011002
v 0.006138 0.001787 0.010957
v 0.006190 0.001797 0.011011
v 0.006090 0.001818 0.011010
v 0.006201 0.001755 0.010988
v 0.006145 0.001772 0.011003
v 0.006257 0.001774 0.011039
v 0.006073 0.001796 0.011000
v 0.006187 0.001767 0.011012
v 0.006243 0.001800 0.011041
v 0.006113 0.001807 0.011026
v 0.006109 0.001777 0.011027
v 0.006237 0.001752 0.011043
v 0.006214 0.001795 0.011047
v 0.006241 0.001778 0.011116
v 0.006210 0.001765 0.011048
v 0.006210 0.001765 0.011048
v 0.006230 0.001803 0.011105
v 0.006202 0.001767 0.011090
v 0.006205 0.001797 0.011089
v 0.006224 0.001755 0.011106
v 0.006202 0.001767 0.011090
v 0.006166 0.001772 0.011114
v 0.006176 0.001787 0.011159
v 0.006176 0.001811 0.011141
v 0.006170 0.001802 0.011113
v 0.006170 0.001763 0.011142
v 0.006124 0.001777 0.011105
v 0.006100 0.001796 0.011143
v 0.006166 0.001772 0.011114
v 0.006107 0.001770 0.011129
v 0.006113 0.001818 0.011128
v 0.006128 0.001807 0.011104
v 0.006081 0.001821 0.011073
v 0.006124 0.001777 0.011105
v 0.006100 0.001779 0.011069
v 0.006104 0.001809 0.011068
v 0.006057 0.001800 0.011077
v 0.006071 0.001773 0.011074
v 0.006100 0.001779 0.011069
v 0.006113 0.001807 0.011026
v 0.006073 0.001796 0.011000
v 0.006109 0.001777 0.011027
v 0.006109 0.001777 0.011027
v 0.006084 0.001770 0.011011
v 0.006090 0.001818 0.011010
v 0.006187 0.001767 0.011012
v 0.006138 0.001763 0.010975
v 0.006145 0.001772 0.011003
v 0.006084 0.001770 0.011011
v 0.006109 0.001777 0.011027
v 0.006458 0.002592 0.010947
v 0.006460 0.002569 0.010935
v 0.006405 0.002607 0.010935
v 0.006407 0.002600 0.010960
v 0.006396 0.002587 0.010921
v 0.006443 0.002590 0.010968
v 0.006360 0.002622 0.010966
v 0.006446 0.002552 0.010949
v 0.006400 0.002574 0.010961
v 0.006497 0.002561 0.010993
v 0.006342 0.002605 0.010958
v 0.006435 0.002564 0.010969
v 0.006489 0.002586 0.010994
v 0.006377 0.002610 0.010980
v 0.006461 0.002587 0.010999
v 0.006476 0.002545 0.010997
v 0.006484 0.002569 0.011059
v 0.006455 0.002560 0.011001
v 0.006370 0.002585 0.010982
v 0.006478 0.002592 0.011050
v 0.006456 0.002590 0.011036
v 0.006466 0.002552 0.011052
v 0.006448 0.002564 0.011037
v 0.006430 0.002587 0.011097
v 0.006448 0.002564 0.011037
v 0.006426 0.002600 0.011056
v 0.006433 0.002607 0.011080
v 0.006418 0.002574 0.011058
v 0.006418 0.002574 0.011058
v 0.006421 0.002567 0.011083
v 0.006380 0.002622 0.011068
v 0.006391 0.002610 0.011048
v 0.006365 0.002605 0.011082
v 0.006383 0.002585 0.011050
v 0.006383 0.002585 0.011050
v 0.006368 0.002582 0.011071
v 0.006371 0.002614 0.011017
v 0.006329 0.002613 0.011025
v 0.006350 0.002630 0.011021
v 0.006337 0.002588 0.011023
v 0.006363 0.002589 0.011018
v 0.006360 0.002622 0.010966
v 0.006363 0.002589 0.011018
v 0.006342 0.002605 0.010958
v 0.006370 0.002585 0.010982
v 0.006377 0.002610 0.010980
v 0.006348 0.002582 0.010968
v 0.006370 0.002585 0.010982
v 0.006435 0.002564 0.010969
v 0.006393 0.002567 0.010937
v 0.006400 0.002574 0.010961
v 0.006455 0.002560 0.011001
v 0.006348 0.002582 0.010968
v 0.006370 0.002585 0.010982
v 0.006826 0.003330 0.010883
v 0.006825 0.003309 0.010874
v 0.006782 0.003348 0.010873
v 0.006783 0.003342 0.010894
v 0.006772 0.003332 0.010861
v 0.006813 0.003329 0.010901
v 0.006745 0.003367 0.010899
v 0.006811 0.003296 0.010886
v 0.006774 0.003321 0.010896
v 0.006856 0.003300 0.010924
v 0.006728 0.003354 0.010893
v 0.006803 0.003309 0.010903
v 0.006851 0.003322 0.010924
v 0.006759 0.003354 0.010912
v 0.006750 0.003334 0.010913
v 0.006837 0.003288 0.010927
v 0.006829 0.003324 0.010929
v 0.006846 0.003309 0.010981
v 0.006820 0.003304 0.010930
v 0.006820 0.003304 0.010930
v 0.006843 0.003330 0.010972
v 0.006815 0.003309 0.010962
v 0.006824 0.003329 0.010960
v 0.006828 0.003296 0.010975
v 0.006815 0.003309 0.010962
v 0.006790 0.003321 0.010979
v 0.006801 0.003332 0.011013
v 0.006806 0.003348 0.010998
v 0.006799 0.003342 0.010978
v 0.006791 0.003315 0.011001
v 0.006761 0.003334 0.010972
v 0.006748 0.003354 0.011000
v 0.006790 0.003321 0.010979
v 0.006747 0.003334 0.010990
v 0.006762 0.003367 0.010988
v 0.006770 0.003354 0.010971
v 0.006718 0.003364 0.010950
v 0.006761 0.003334 0.010972
v 0.006744 0.003339 0.010945
v 0.006722 0.003341 0.010949
v 0.006754 0.003359 0.010943
v 0.006736 0.003375 0.010947
v 0.006744 0.003339 0.010945
v 0.006745 0.003367 0.010899
v 0.006750 0.003334 0.010913
v 0.006759 0.003354 0.010912
v 0.006728 0.003354 0.010893
v 0.006730 0.003334 0.010902
v 0.006750 0.003334 0.010913
v 0.006803 0.003309 0.010903
v 0.006767 0.003315 0.010875
v 0.006774 0.003321 0.010896
v 0.006730 0.003334 0.010902
v 0.006750 0.003334 0.010913
v 0.007306 0.003968 0.010797
v 0.007301 0.003951 0.010790
v 0.007274 0.003993 0.010787
v 0.007273 0.003989 0.010806
v 0.007262 0.003981 0.010777
v 0.007295 0.003972 0.010813
v 0.007247 0.004019 0.010808
v 0.007286 0.003944 0.010801
v 0.007261 0.003974 0.010808
v 0.007324 0.003938 0.010833
v 0.007230 0.004012 0.010803
v 0.007283 0.003957 0.010815
v 0.007326 0.003958 0.010833
v 0.007256 0.004006 0.010820
v 0.007244 0.003991 0.010823
v 0.007306 0.003934 0.010837
v 0.007308 0.003965 0.010837
v 0.007319 0.003951 0.010883
v 0.007296 0.003950 0.010839
v 0.007296 0.003950 0.010839
v 0.007321 0.003968 0.010874
v 0.007292 0.003957 0.010866
v 0.007305 0.003972 0.010864
v 0.007301 0.003944 0.010878
v 0.007292 0.003957 0.010866
v 0.007275 0.003974 0.010880
v 0.007287 0.003981 0.010909
v 0.007295 0.003993 0.010895
v 0.007287 0.003989 0.010878
v 0.007275 0.003969 0.010899
v 0.007253 0.003991 0.010873
v 0.007248 0.004012 0.010896
v 0.007275 0.003974 0.010880
v 0.007242 0.003994 0.010889
v 0.007262 0.004019 0.010885
v 0.007266 0.004006 0.010871
v 0.007224 0.004024 0.010853
v 0.007253 0.003991 0.010873
v 0.007240 0.003998 0.010850
v 0.007223 0.004005 0.010853
v 0.007253 0.004012 0.010847
v 0.007242 0.004029 0.010849
v 0.007240 0.003998 0.010850
v 0.007230 0.004012 0.010803
v 0.007244 0.003991 0.010823
v 0.007256 0.004006 0.010820
v 0.007247 0.004019 0.010808
v 0.007227 0.003994 0.010812
v 0.007244 0.003991 0.010823
v 0.007283 0.003957 0.010815
v 0.007254 0.003969 0.010791
v 0.007261 0.003974 0.010808
v 0.007227 0.003994 0.010812
v 0.007244 0.003991 0.010823
v 0.007771 0.004451 0.010714
v 0.007763 0.004438 0.010709
v 0.007749 0.004477 0.010705
v 0.007748 0.004474 0.010721
v 0.007737 0.004469 0.010697
v 0.007763 0.004457 0.010727
v 0.007732 0.004503 0.010722
v 0.007750 0.004435 0.010718
v 0.007735 0.004464 0.010723
v 0.007781 0.004425 0.010746
v 0.007717 0.004500 0.010718
v 0.007750 0.004447 0.010730
v 0.007785 0.004441 0.010745
v 0.007737 0.004491 0.010732
v 0.007724 0.004481 0.010734
v 0.007765 0.004425 0.010749
v 0.007772 0.004450 0.010747
v 0.007778 0.004438 0.010786
v 0.007759 0.004440 0.010750
v 0.007759 0.004440 0.010750
v 0.007783 0.004451 0.010778
v 0.007758 0.004447 0.010772
v 0.007771 0.004457 0.010769
v 0.007763 0.004435 0.010782
v 0.007758 0.004447 0.010772
v 0.007747 0.004464 0.010783
v 0.007758 0.004469 0.010806
v 0.007766 0.004477 0.010795
v 0.007760 0.004474 0.010781
v 0.007746 0.004461 0.010799
v 0.007732 0.004481 0.010777
v 0.007731 0.004500 0.010795
v 0.007747 0.004464 0.010783
v 0.007724 0.004487 0.010790
v 0.007744 0.004503 0.010786
v 0.007745 0.004491 0.010774
v 0.007714 0.004513 0.010758
v 0.007732 0.004481 0.010777
v 0.007723 0.004488 0.010757
v 0.007710 0.004498 0.010759
v 0.007735 0.004498 0.010754
v 0.007729 0.004514 0.010755
v 0.007723 0.004488 0.010757
v 0.007732 0.004503 0.010722
v 0.007724 0.004481 0.010734
v 0.007737 0.004491 0.010732
v 0.007717 0.004500 0.010718
v 0.007712 0.004487 0.010726
v 0.007724 0.004481 0.010734
v 0.007750 0.004447 0.010730
v 0.007728 0.004461 0.010709
v 0.007735 0.004464 0.010723
v 0.007712 0.004487 0.010726
v 0.007724 0.004481 0.010734
v 0.008245 0.004797 0.010631
v 0.008239 0.004786 0.010626
v 0.008228 0.004817 0.010623
v 0.008227 0.004814 0.010636
v 0.008219 0.004810 0.010618
v 0.008239 0.004801 0.010640
v 0.008215 0.004836 0.010636
v 0.008229 0.004784 0.010634
v 0.008218 0.004806 0.010637
v 0.008257 0.004787 0.010654
v 0.008203 0.004834 0.010633
v 0.008229 0.004793 0.010642
v 0.008253 0.004776 0.010655
v 0.008219 0.004827 0.010644
v 0.008246 0.004795 0.010656
v 0.008240 0.004776 0.010657
v 0.008236 0.004788 0.010658
v 0.008255 0.004797 0.010680
v 0.008209 0.004820 0.010646
v 0.008245 0.004801 0.010673
v 0.008251 0.004786 0.010686
v 0.008235 0.004793 0.010675
v 0.008239 0.004784 0.010683
v 0.008235 0.004810 0.010702
v 0.008236 0.004814 0.010682
v 0.008235 0.004793 0.010675
v 0.008242 0.004817 0.010693
v 0.008227 0.004806 0.010684
v 0.008236 0.004788 0.010658
v 0.008225 0.004827 0.010677
v 0.008227 0.004806 0.010684
v 0.008215 0.004820 0.010679
v 0.008225 0.004836 0.010686
v 0.008226 0.004804 0.010696
v 0.008218 0.004833 0.010661
v 0.008229 0.004793 0.010642
v 0.008215 0.004820 0.010679
v 0.008212 0.004804 0.010626
v 0.008214 0.004846 0.010662
v 0.008201 0.004844 0.010665
v 0.008215 0.004836 0.010636
v 0.008209 0.004824 0.010689
v 0.008199 0.004824 0.010639
v 0.008203 0.004834 0.010633
v 0.008215 0.004834 0.010693
v 0.008218 0.004806 0.010637
v 0.008219 0.004827 0.010644
v 0.008209 0.004820 0.010646
v 0.008208 0.004825 0.010663
v 0.008198 0.004832 0.010665
v 0.008209 0.004820 0.010646
v 0.008199 0.004824 0.010639
v 0.008208 0.004825 0.010663
v 0.008209 0.004820 0.010646
vn 0.9762 -0.1086 -0.1878
vn 0.8244 -0.0727 0.5614
vn 0.9778 -0.0920 -0.1882
vn 0.8251 -0.0649 0.5612
vn 0.1900 0.0135 0.9817
vn 0.1892 -0.0000 0.9819
vn -0.5543 0.0992 0.8264
vn -0.5576 0.0648 0.8276
vn -0.9731 0.1345 0.1872
vn 0.5568 -0.0727 -0.8275
vn 0.8258 -0.0572 0.5611
vn -0.9779 0.0915 0.1882
vn 0.5579 -0.0650 -0.8274
vn 0.1881 -0.0135 0.9821
vn -0.8249 0.0648 -0.5616
vn -0.1879 0.0135 -0.9821
vn 0.9792 -0.0753 -0.1884
vn -0.5602 0.0305 0.8278
vn -0.1887 -0.0000 -0.9820
vn 0.5586 -0.0573 -0.8274
vn -0.9808 0.0488 0.1888
vn -0.8214 0.0992 -0.5617
vn -0.8274 0.0305 -0.5608
vn -0.1898 -0.0135 -0.9817
vn 0.3362 0.9396 -0.0647
vn 0.3023 0.9477 0.1026
vn 0.2426 0.9477 -0.2074
vn 0.3023 0.9477 0.1025
vn 0.1609 0.9673 0.1963
vn 0.0766 0.9673 -0.2420
vn -0.0051 0.9868 0.1617
vn -0.0648 0.9868 -0.1483
vn -0.0052 0.9868 0.1617
vn -0.0648 0.9868 -0.1482
vn -0.0987 0.9949 0.0190
vn 0.8171 -0.1255 0.5627
vn 0.9664 -0.1775 -0.1860
vn 0.8169 -0.1410 0.5593
vn 0.1889 -0.0000 0.9820
vn 0.9625 -0.1981 -0.1852
vn 0.1890 -0.0000 0.9820
vn 0.8166 -0.1565 0.5556
vn 0.5511 -0.1410 -0.8225
vn -0.5469 0.1408 0.8253
vn 0.1889 -0.0001 0.9820
vn 0.9583 -0.2182 -0.1844
vn 0.5499 -0.1255 -0.8258
vn -0.5437 0.1562 0.8246
vn 0.5521 -0.1565 -0.8189
vn -0.1890 -0.0000 -0.9820
vn -0.9577 0.2209 0.1843
vn -0.5499 0.1254 0.8257
vn -0.1890 -0.0001 -0.9820
vn -0.9624 0.1989 0.1852
vn -0.8109 0.1562 -0.5639
vn -0.8141 0.1408 -0.5633
vn -0.9664 0.1773 0.1860
vn -0.8171 0.1254 -0.5627
vn 0.5105 0.8543 -0.0982
vn 0.4493 0.8851 0.1214
vn 0.5104 0.8543 -0.0982
vn 0.3722 0.8851 -0.2795
vn 0.2505 0.9374 0.2419
vn 0.1428 0.9374 -0.3176
vn 0.2504 0.9374 0.2419
vn 0.0389 0.9789 0.2007
vn -0.0384 0.9789 -0.2007
vn 0.0387 0.9789 0.2006
vn -0.0384 0.9789 -0.2008
vn -0.0828 0.9964 0.0159
vn 0.7954 -0.2148 0.5667
vn 0.9354 -0.3043 -0.1800
vn 0.7887 -0.2363 0.5675
vn 0.1889 -0.0004 0.9820
vn 0.9257 -0.3337 -0.1781
vn 0.1892 0.0007 0.9819
vn 0.7816 -0.2578 0.5680
vn 0.5218 -0.2363 -0.8197
vn -0.5218 0.2353 0.8200
vn 0.1886 -0.0014 0.9821
vn 0.9152 -0.3625 -0.1761
vn 0.5283 -0.2148 -0.8214
vn -0.5150 0.2552 0.8183
vn 0.5150 -0.2578 -0.8175
vn -0.1891 -0.0003 -0.9820
vn -0.9158 0.3610 0.1762
vn -0.5282 0.2153 0.8214
vn -0.1894 -0.0014 -0.9819
vn -0.9260 0.3327 0.1782
vn -0.1888 0.0007 -0.9820
vn -0.7819 0.2552 -0.5687
vn -0.7888 0.2353 -0.5678
vn -0.9357 0.3035 0.1801
vn -0.7953 0.2153 -0.5667
vn 0.5009 0.8612 0.0864
vn 0.5561 0.8242 -0.1070
vn 0.3258 0.9252 0.1946
vn 0.4331 0.8612 -0.2661
vn 0.1399 0.9772 0.1596
vn 0.1398 0.9772 0.1596
vn 0.2303 0.9252 -0.3016
vn 0.0312 0.9995 -0.0060
vn 0.2302 0.9252 -0.3016
vn 0.0707 0.9772 -0.2001
vn 0.0707 0.9772 -0.2002
vn 0.7554 -0.3196 0.5720
vn 0.8766 -0.4506 -0.1687
vn 0.7433 -0.3396 0.5764
vn 0.1887 -0.0005 0.9820
vn 0.8614 -0.4802 -0.1657
vn 0.1891 0.0004 0.9820
vn 0.7308 -0.3593 0.5804
vn 0.4763 -0.3396 -0.8111
vn -0.4791 0.3383 0.8100
vn 0.1883 -0.0013 0.9821
vn 0.8453 -0.5089 -0.1626
vn 0.4892 -0.3196 -0.8115
vn -0.4685 0.3572 0.8080
vn 0.4632 -0.3593 -0.8101
vn -0.1892 -0.0005 -0.9819
vn -0.8481 0.5041 0.1632
vn -0.4894 0.3191 0.8116
vn -0.1896 -0.0013 -0.9819
vn -0.8632 0.4768 0.1661
vn -0.1888 0.0004 -0.9820
vn -0.7349 0.3572 -0.5765
vn -0.7455 0.3383 -0.5743
vn -0.8775 0.4489 0.1688
vn -0.7557 0.3191 -0.5720
vn 0.6552 0.7483 0.1041
vn 0.6834 0.7181 -0.1315
vn 0.4795 0.8385 0.2588
vn 0.4794 0.8386 0.2588
vn 0.5698 0.7483 -0.3398
vn 0.2286 0.9479 0.2218
vn 0.3492 0.8385 -0.4182
vn 0.0720 0.9973 -0.0138
vn 0.0721 0.9973 -0.0139
vn 0.1300 0.9479 -0.2908
vn 0.1299 0.9479 -0.2908
vn 0.6936 -0.4223 0.5835
vn 0.7890 -0.5953 -0.1518
vn 0.6729 -0.4457 0.5904
vn 0.1891 0.0003 0.9820
vn 0.7620 -0.6308 -0.1466
vn 0.1896 0.0011 0.9819
vn 0.6515 -0.4686 0.5966
vn 0.4057 -0.4457 -0.7979
vn -0.4080 0.4460 0.7966
vn 0.1886 -0.0004 0.9820
vn 0.7334 -0.6649 -0.1411
vn 0.4275 -0.4223 -0.7993
vn -0.3883 0.4686 0.7935
vn 0.3836 -0.4686 -0.7958
vn -0.1888 0.0003 -0.9820
vn -0.7367 0.6612 0.1418
vn -0.4271 0.4232 0.7991
vn -0.1893 -0.0004 -0.9819
vn -0.7638 0.6285 0.1470
vn -0.1883 0.0011 -0.9821
vn -0.6551 0.4686 -0.5927
vn -0.6745 0.4460 -0.5883
vn -0.7894 0.5948 0.1519
vn -0.6931 0.4232 -0.5835
vn 0.7954 0.6047 0.0403
vn 0.8031 0.5755 -0.1545
vn 0.6773 0.7133 0.1799
vn 0.7237 0.6047 -0.3326
vn 0.4748 0.8660 0.1568
vn 0.4747 0.8660 0.1568
vn 0.5622 0.7133 -0.4184
vn 0.3346 0.9402 -0.0644
vn 0.3345 0.9402 -0.0644
vn 0.3827 0.8660 -0.3218
vn 0.6096 -0.5138 0.6037
vn 0.6314 -0.4948 0.5971
vn 0.6738 -0.7274 -0.1296
vn 0.7033 -0.6979 -0.1353
vn 0.1891 0.0001 0.9820
vn 0.6429 -0.7559 -0.1237
vn 0.3647 -0.4948 -0.7887
vn -0.3638 0.4959 0.7885
vn 0.5874 -0.5322 0.6097
vn 0.3421 -0.5138 -0.7868
vn -0.3436 0.5160 0.7847
vn 0.1893 0.0002 0.9819
vn 0.3192 -0.5323 -0.7841
vn -0.1889 0.0001 -0.9820
vn -0.7014 0.6999 0.1350
vn -0.3232 0.5357 0.7801
vn -0.6304 0.4958 -0.5973
vn -0.6731 0.7281 0.1295
vn -0.1886 0.0002 -0.9820
vn -0.6103 0.5160 -0.6011
vn -0.6437 0.7551 0.1239
vn -0.5896 0.5357 -0.6045
vn 0.9167 0.3586 -0.1764
vn 0.9140 0.4055 -0.0147
vn 0.8542 0.4054 -0.3255
vn 0.8491 0.5262 0.0459
vn 0.7714 0.5263 -0.3577
vn 0.8491 0.5263 0.0459
vn 0.7680 0.6403 -0.0133
vn 0.7181 0.6403 -0.2726
vn 0.7680 0.6404 -0.0134
vn 0.7181 0.6404 -0.2726
vn 0.7187 0.6814 -0.1383
vn 0.5099 -0.5923 0.6239
vn 0.5356 -0.5766 0.6170
vn 0.5332 -0.8397 -0.1026
vn 0.1886 -0.0002 0.9821
vn 0.5688 -0.8152 -0.1095
vn 0.7921 -0.3348 0.5104
vn 0.2683 -0.5765 -0.7718
vn -0.2687 0.5762 0.7719
vn 0.5108 0.2221 0.8305
vn 0.2420 -0.5923 -0.7685
vn -0.2431 0.5934 0.7673
vn 0.1316 0.7677 0.6271
vn 0.8071 -0.5697 -0.1553
vn -0.1893 -0.0002 -0.9819
vn 0.9641 -0.1900 -0.1855
vn -0.1889 -0.0000 -0.9820
vn -0.5689 0.8151 0.1095
vn 0.9516 -0.0143 0.3069
vn -0.5359 0.5763 -0.6170
vn -0.5332 0.8397 0.1026
vn 0.7350 0.3984 0.5487
vn -0.5105 0.5934 -0.6223
vn -0.1240 0.9920 0.0239
vn 0.4458 0.8003 0.4009
vn -0.1106 0.7677 -0.6312
vn 0.7698 -0.0144 -0.6381
vn 0.5461 -0.3349 -0.7679
vn 0.2519 0.9665 -0.0485
vn 0.4789 0.3984 -0.7823
vn 0.1661 0.2221 -0.9608
vn 0.2652 0.8003 -0.5377
vn 0.1481 -0.9801 0.1322
vn 0.1815 -0.9828 -0.0349
vn 0.1482 -0.9801 0.1320
vn 0.0065 -0.9736 0.2283
vn 0.0062 -0.9736 0.2283
vn 0.0887 -0.9801 -0.1776
vn -0.1638 -0.9669 0.1958
vn -0.1639 -0.9669 0.1957
vn -0.0788 -0.9736 -0.2144
vn -0.2609 -0.9641 0.0502
vn -0.0789 -0.9736 -0.2144
vn -0.2609 -0.9640 0.0502
vn -0.2248 -0.9669 -0.1209
vn -0.2249 -0.9669 -0.1209
vn 0.9025 -0.3941 -0.1737
vn 0.9788 -0.0810 -0.1883
vn 0.7587 -0.3844 0.5259
vn 0.7388 -0.6587 -0.1422
vn 0.8247 -0.0713 0.5611
vn 0.6193 -0.6502 0.4401
vn 0.5093 -0.3844 -0.7700
vn 0.1630 -0.3613 0.9181
vn 0.5578 -0.0713 -0.8269
vn 0.4117 -0.6502 -0.6385
vn 0.1870 -0.0481 0.9812
vn 0.1238 -0.6298 0.7668
vn -0.1893 -0.3613 -0.9130
vn -0.5351 -0.3381 0.7742
vn -0.1905 -0.0481 -0.9805
vn -0.1697 -0.6299 -0.7580
vn -0.5612 -0.0248 0.8273
vn -0.4577 -0.6095 0.6473
vn -0.7842 -0.3381 -0.5203
vn -0.9274 -0.3287 0.1785
vn -0.8283 -0.0248 -0.5598
vn -0.6653 -0.6095 -0.4312
vn -0.9819 -0.0152 0.1889
vn -0.7848 -0.6011 0.1510
vn -0.0364 -0.9993 0.0070
vn 0.8247 0.5428 -0.1587
vn 0.8248 0.5428 -0.1587
vn 0.8247 0.5429 -0.1587
vn -0.1884 0.0028 -0.9821
vn -0.1927 0.0029 -0.9813
vn 0.9452 -0.2710 -0.1819
vn -0.9382 0.2951 0.1805
vn 0.9394 -0.2924 -0.1789
vn -0.9438 0.2761 0.1816
vn 0.1833 0.0034 0.9830
vn -0.1968 0.0044 -0.9804
vn 0.1895 0.0028 0.9819
vn 0.9088 -0.3807 -0.1708
vn 0.1834 0.0033 0.9830
vn -0.9073 0.3826 0.1746
vn 0.1775 0.0059 0.9841
vn -0.1926 0.0033 -0.9813
vn 0.1776 0.0059 0.9841
vn 0.1835 0.0042 0.9830
vn -0.8332 0.5293 0.1603
vn 0.8343 -0.5281 -0.1586
vn 0.1836 0.0042 0.9830
vn -0.1862 0.0027 -0.9825
vn 0.1916 0.0027 0.9815
vn -0.7347 0.6635 0.1413
vn 0.7400 -0.6574 -0.1424
vn 0.1917 0.0027 0.9814
vn 0.6244 -0.7718 -0.1201
vn -0.1907 0.0090 -0.9816
vn 0.1872 0.0090 0.9823
vn -0.6185 0.7767 0.1190
vn -0.1359 -0.9903 0.0289
vn -0.1327 0.0102 -0.9911
vn 0.2445 0.0101 0.9696
vn 0.2446 0.0102 0.9696
vn -0.1141 0.9932 0.0219
vn 0.2827 -0.0100 0.9592
vn -0.0930 -0.0169 -0.9955
vn 0.2827 -0.0101 0.9592
vn -0.9403 -0.3034 0.1545
vn 0.6159 0.7788 -0.1185
vn 0.2275 -0.0129 0.9737
vn 0.2274 -0.0129 0.9737
vn -0.1354 -0.0182 -0.9906
vn -0.9834 0.1098 0.1442
vn 0.9488 0.2471 -0.1968
vn -0.1497 -0.0014 -0.9887
vn 0.1311 -0.2878 0.9487
vn 0.9748 -0.0727 -0.2108
vn 0.1386 -0.1972 0.9705
vn 0.1311 -0.2877 0.9487
vn -0.9684 0.1465 0.2016
vn 0.1385 -0.1973 0.9705
vn -0.0941 0.5892 -0.8025
vn 0.2121 0.8127 0.5426
vn 0.9755 -0.1195 -0.1847
vn -0.1830 0.2402 -0.9533
vn -0.9614 0.1704 0.2160
vn 0.2120 0.8127 0.5427
vn -0.9719 0.1955 0.1310
vn -0.2712 -0.8051 -0.5274
vn 0.9772 -0.1168 -0.1774
vn -0.0746 -0.8393 0.5386
vn 0.0101 0.8386 -0.5446
vn 0.9721 -0.0953 -0.2142
vn -0.1918 -0.0717 -0.9788
vn 0.0100 0.8387 -0.5446
vn -0.9874 0.1379 0.0781
vn -0.1918 -0.0716 -0.9788
vn 0.1455 0.1388 0.9796
vn -0.9693 0.2331 -0.0788
vn 0.9640 -0.1164 -0.2392
vn 0.1144 0.6184 0.7775
vn -0.1579 -0.5405 -0.8264
vn -0.1580 -0.5406 -0.8263
vn -0.1107 0.0204 -0.9936
vn 0.9532 -0.2904 -0.0844
vn -0.7041 0.5087 -0.4954
vn 0.9052 -0.0788 -0.4176
vn -0.1108 0.0203 -0.9936
vn -0.0476 0.9983 -0.0348
vn 0.9053 -0.0788 -0.4175
vn 0.9744 -0.1240 -0.1875
vn 0.7830 -0.6036 -0.1507
vn 0.9048 0.3887 -0.1741
vn 0.7829 -0.6036 -0.1507
vn 0.3818 -0.9213 -0.0735
vn 0.3818 -0.9213 -0.0734
vn 0.5927 0.7973 -0.1141
vn 0.1218 0.9923 -0.0234
vn -0.3817 0.9214 0.0735
vn -0.7829 0.6036 0.1507
vn -0.7830 0.6036 0.1507
vn -0.9744 0.1240 0.1875
vn -0.9048 -0.3887 0.1741
vn -0.5927 -0.7973 0.1141
vn -0.1218 -0.9923 0.0234
vn 0.3817 -0.9214 -0.0734
vn 0.3817 -0.9214 -0.0735
vn 0.5927 0.7973 -0.1140
vn -0.5927 -0.7973 0.1140
vn 0.9744 -0.1241 -0.1875
vn -0.9047 -0.3888 0.1741
vn -0.9047 -0.3887 0.1741
vn -0.3817 0.9214 0.0734
vn 0.3249 -0.0175 0.9456
vn 0.2978 -0.0854 0.9508
vn 0.3150 0.0550 0.9475
vn 0.2978 -0.0853 0.9508
vn 0.2411 -0.1303 0.9617
vn 0.2709 0.1128 0.9560
vn 0.2043 0.1403 0.9688
vn 0.1331 0.1303 0.9825
vn 0.0763 0.0854 0.9934
vn 0.0492 0.0175 0.9986
vn 0.0493 0.0175 0.9986
vn 0.0591 -0.0550 0.9967
vn 0.1032 -0.1128 0.9882
vn 0.1698 -0.1403 0.9754
vn 0.1699 -0.1403 0.9754
vn 0.2410 -0.1303 0.9617
vn -0.0763 -0.0854 -0.9934
vn -0.0493 -0.0175 -0.9986
vn -0.1331 -0.1303 -0.9825
vn -0.0591 0.0550 -0.9967
vn -0.2043 -0.1403 -0.9688
vn -0.1032 0.1128 -0.9882
vn -0.2709 -0.1128 -0.9560
vn -0.1699 0.1403 -0.9754
vn -0.3150 -0.0550 -0.9475
vn -0.2410 0.1303 -0.9617
vn -0.2978 0.0854 -0.9508
vn -0.3248 0.0175 -0.9456
vn 0.3087 -0.0140 0.9510
vn 0.8332 -0.0745 0.5479
vn 0.3037 0.0151 0.9527
vn -0.3475 -0.0511 0.9363
vn 0.8253 0.0748 0.5597
vn -0.3509 0.0526 0.9349
vn 0.2925 0.0401 0.9554
vn 0.3022 -0.0533 0.9518
vn -0.3126 0.1887 0.9310
vn -0.3320 -0.1675 0.9283
vn 0.7868 -0.2730 0.5535
vn 0.7907 0.2306 0.5671
vn 0.2819 0.0523 0.9580
vn -0.1878 0.3713 0.9093
vn 0.2689 -0.0956 0.9584
vn 0.7639 0.3025 0.5701
vn -0.3256 -0.2211 0.9193
vn 0.6120 -0.5243 0.5920
vn 0.0358 0.4990 0.8659
vn 0.2136 -0.1237 0.9691
vn 0.2998 -0.6982 0.6501
vn 0.2786 0.5176 0.8090
vn 0.1517 -0.1132 0.9819
vn -0.0443 -0.6977 0.7150
vn 0.4950 0.4016 0.7705
vn 0.1003 -0.0754 0.9921
vn -0.3413 -0.5230 0.7810
vn 0.6187 0.1924 0.7617
vn 0.0604 -0.0569 0.9966
vn -0.5244 -0.2820 0.8034
vn 0.2396 -0.0278 0.9705
vn 0.6372 -0.0024 0.7707
vn -0.5681 -0.1717 0.8049
vn 0.2025 0.2332 0.9511
vn 0.5963 -0.1560 0.7874
vn 0.1205 0.0810 0.9894
vn 0.2929 0.3132 0.9034
vn 0.5437 -0.2466 0.8023
vn -0.0726 0.7532 0.6538
vn 0.3228 0.3342 0.8855
vn -0.2257 0.6176 0.7534
vn -0.3217 0.5212 0.7905
vn -0.2462 -0.9681 0.0474
vn -0.2462 -0.9680 0.0474
vn -0.2173 -0.9585 0.1847
vn -0.2703 -0.9585 -0.0909
vn -0.2703 -0.9585 -0.0908
vn -0.0663 -0.0140 -0.9977
vn -0.0716 0.0151 -0.9973
vn 0.5703 -0.0745 -0.8180
vn -0.6702 -0.0510 -0.7404
vn 0.5586 0.0749 -0.8260
vn -0.6728 0.0526 -0.7379
vn -0.0726 -0.0533 -0.9959
vn -0.0830 0.0401 -0.9957
vn -0.6358 0.1887 -0.7485
vn -0.6528 -0.1675 -0.7388
vn 0.5238 0.2306 -0.8201
vn 0.5252 -0.2730 -0.8060
vn -0.5119 0.3714 -0.7747
vn -0.0938 0.0523 -0.9942
vn 0.4978 0.3025 -0.8128
vn -0.1060 -0.0956 -0.9898
vn -0.6436 -0.2211 -0.7328
vn 0.3486 -0.5243 -0.7769
vn -0.2880 0.4990 -0.8173
vn -0.1613 -0.1237 -0.9791
vn 0.0371 -0.6982 -0.7149
vn -0.0415 0.5176 -0.8546
vn -0.2235 -0.1132 -0.9681
vn -0.3065 -0.6977 -0.6475
vn 0.1737 0.4017 -0.8992
vn -0.2750 -0.0754 -0.9585
vn -0.6068 -0.5230 -0.5985
vn 0.2919 0.1924 -0.9369
vn -0.3138 -0.0569 -0.9478
vn -0.7851 -0.2820 -0.5514
vn -0.1377 -0.0278 -0.9901
vn 0.3057 -0.0024 -0.9521
vn -0.8262 -0.1716 -0.5366
vn -0.1650 0.2332 -0.9583
vn 0.2615 -0.1560 -0.9525
vn -0.2553 0.0810 -0.9635
vn -0.0633 0.3132 -0.9476
vn 0.2071 -0.2466 -0.9467
vn -0.3100 0.7532 -0.5802
vn -0.0289 0.3342 -0.9421
vn -0.4892 0.6176 -0.6158
vn -0.5921 0.5212 -0.6146
vn 0.4081 0.1802 0.8950
vn 0.7747 0.6143 -0.1502
vn 0.2164 0.2912 0.9319
vn 0.0183 -0.7875 0.6161
vn 0.1207 0.9924 -0.0243
vn -0.5002 -0.4872 0.7158
vn 0.0037 0.2316 0.9728
vn 0.0490 0.1694 -0.9843
vn 0.4666 -0.0364 0.8837
vn 0.5934 -0.6264 0.5054
vn -0.1489 0.2732 -0.9504
vn 0.8883 -0.0984 0.4487
vn -0.7255 -0.4975 -0.4756
vn -0.6583 0.0984 0.7463
vn 0.1053 -0.0364 -0.9938
vn -0.2100 -0.7980 -0.5649
vn 0.6029 -0.7894 -0.1160
vn 0.3576 -0.2316 0.9047
vn -0.8882 0.0984 -0.4487
vn -0.0037 -0.2316 -0.9728
vn -0.3635 0.6264 0.6895
vn -0.5001 -0.4872 0.7159
vn -0.6583 0.0985 0.7463
vn -0.5934 0.6264 -0.5054
vn 0.3584 -0.6349 -0.6844
vn 0.0183 -0.7874 0.6161
vn -0.3634 0.2230 -0.9045
vn -0.3634 0.6264 0.6896
vn 0.5934 -0.6264 0.5055
vn 0.6583 -0.0984 -0.7463
vn -0.4665 0.0364 -0.8837
vn -0.6029 0.7893 0.1160
vn 0.8882 -0.0984 0.4487
vn -0.4081 -0.1801 -0.8950
vn 0.5001 0.4872 -0.7159
vn -0.1053 0.0364 0.9938
vn -0.2164 -0.2912 -0.9319
vn 0.7301 0.4872 0.4791
vn -0.0183 0.7874 -0.6161
vn -0.0468 -0.1801 0.9825
vn -0.0038 -0.2316 -0.9728
vn -0.7751 -0.6139 0.1491
vn -0.5934 0.6265 -0.5054
vn 0.2116 0.7875 0.5789
vn 0.2116 0.7874 0.5789
vn 0.1449 -0.2912 0.9456
vn -0.3635 0.6264 0.6896
vn 0.3575 -0.2317 0.9047
vn 0.1239 0.9910 -0.0512
vn 0.8683 -0.1179 -0.4818
vn 0.1271 0.9910 -0.0420
vn 0.2297 0.7309 0.6426
vn -0.8927 0.1125 0.4364
vn 0.1210 0.9912 -0.0545
vn -0.1329 -0.9911 -0.0008
vn -0.9851 0.1180 -0.1251
vn 0.9905 -0.1228 0.0621
vn -0.1205 -0.9926 -0.0127
vn 0.1257 0.9908 -0.0503
vn 0.0466 -0.7414 0.6694
vn -0.4199 0.0729 0.9046
vn 0.4081 -0.0796 -0.9094
vn -0.8927 0.1126 0.4364
vn -0.1079 -0.9941 -0.0089
vn 0.1139 0.9928 -0.0368
vn -0.7234 0.0626 -0.6876
vn 0.9905 -0.1227 0.0621
vn 0.7256 -0.0729 0.6842
vn -0.1190 -0.9929 0.0061
vn 0.4081 -0.0795 -0.9094
vn 0.1239 0.9910 -0.0511
vn -0.1234 -0.9921 0.0207
vn 0.8683 -0.1180 -0.4818
vn -0.7234 0.0627 -0.6876
vn -0.0656 -0.3481 -0.9352
vn -0.0656 -0.3481 -0.9351
vn 0.0664 -0.6472 -0.7594
vn -0.1888 -0.0005 -0.9820
vn 0.0665 -0.6472 -0.7594
vn -0.7137 -0.3714 -0.5939
vn -0.3788 -0.6336 -0.6746
vn 0.1799 -0.8439 -0.5055
vn 0.9346 0.3070 -0.1798
vn 0.9346 0.3069 -0.1798
vn 0.9347 0.3067 -0.1795
vn 0.9348 0.3066 -0.1795
vn 0.9347 0.3067 -0.1796
vn 0.9801 0.0615 -0.1885
vn 0.9801 0.0614 -0.1885
vn 0.8223 -0.5467 -0.1579
vn 0.8223 -0.5468 -0.1579
vn 0.3015 -0.9517 -0.0576
vn -0.3789 -0.6335 -0.6746
vn -0.3537 -0.9329 0.0684
vn -0.7137 -0.3714 -0.5940
vn -0.8307 -0.5332 0.1600
vn -0.9346 -0.3071 0.1798
vn -0.9345 -0.3072 0.1800
vn -0.9345 -0.3070 0.1799
vn -0.9345 -0.3071 0.1802
vn -0.9346 -0.3069 0.1798
vn -0.3004 0.9517 0.0630
vn -0.1970 0.8675 0.4567
vn 0.0693 0.3387 0.9383
vn 0.1891 -0.0004 0.9820
vn 0.7752 0.6139 -0.1492
vn 0.7752 0.6139 -0.1491
vn -0.7751 -0.6139 0.1492
vn -0.9744 0.1241 0.1875
vn -0.6029 0.7894 0.1160
vn 0.7751 0.6140 -0.1492
vn 0.7751 0.6140 -0.1491
vn 0.8894 -0.4549 -0.0454
vn 0.7181 -0.4181 -0.5564
vn 0.9516 0.3019 -0.0573
vn 0.1951 -0.8684 -0.4559
vn 0.7755 0.2769 -0.5674
vn 0.3202 -0.9452 0.0643
vn 0.8019 0.2177 0.5564
vn 0.6105 0.2362 -0.7560
vn -0.4886 -0.8100 -0.3245
vn 0.7569 -0.3284 0.5650
vn 0.3318 0.8107 -0.4823
vn -0.4236 -0.8818 0.2074
vn 0.3920 0.0673 0.9175
vn 0.4688 0.8826 0.0357
vn -0.9307 -0.2769 -0.2391
vn 0.3780 -0.1019 0.9202
vn -0.3524 0.8677 -0.3505
vn -0.9049 -0.3019 0.3000
vn 0.3461 -0.6821 0.6442
vn -0.2757 0.9444 0.1789
vn -0.4699 -0.6918 -0.5483
vn -0.8740 0.4167 -0.2500
vn -0.1907 -0.6361 0.7476
vn -0.8435 0.4533 0.2881
vn 0.1145 -0.7419 -0.6606
vn -0.5382 -0.2177 0.8143
vn 0.0842 -0.1971 0.9768
vn -0.8475 -0.2362 -0.4754
vn 0.5611 -0.3575 -0.7466
vn -0.0235 -0.0673 0.9975
vn -0.7987 0.3564 -0.4849
vn -0.4938 0.3273 0.8056
vn 0.2690 -0.2819 0.9210
vn -0.3533 0.7413 -0.5706
vn 0.2317 0.6924 -0.6833
vn -0.0839 0.6815 0.7269
vn -0.0097 0.1015 0.9948
vn 0.0913 0.2816 0.9552
vn 0.2839 0.1972 0.9383
vn 0.4534 0.6367 0.6237
vn 0.2794 0.9229 -0.2651
vn 0.5554 -0.0877 -0.8269
vn 0.0610 0.9486 -0.3106
vn 0.2241 0.6038 0.7650
vn -0.3666 0.6734 0.6420
vn -0.1102 0.9771 -0.1819
vn 0.0465 -0.9743 -0.2202
vn 0.0758 -0.6038 0.7935
vn -0.8224 0.0991 -0.5602
vn -0.5149 -0.5342 0.6705
vn 0.4024 0.9122 -0.0774
vn 0.7319 0.5298 0.4286
vn 0.5787 -0.6734 0.4600
vn 0.1695 -0.9850 -0.0326
vn -0.6992 0.7022 0.1345
vn 0.8226 -0.0877 0.5618
vn -0.8474 -0.5053 0.1630
vn -0.8474 -0.5053 0.1631
vn 0.3578 0.9229 0.1425
vn -0.7269 -0.5341 -0.4316
vn -0.5787 0.6734 -0.4601
vn 0.1249 -0.9743 0.1873
vn -0.7269 -0.5342 -0.4316
vn -0.2240 -0.6037 -0.7651
vn 0.1719 0.9486 0.2658
vn -0.0758 0.6038 -0.7936
vn -0.0610 -0.9486 0.3106
vn 0.3667 -0.6734 -0.6420
vn -0.5557 0.0991 0.8254
vn -0.2241 -0.6038 -0.7650
vn -0.2794 -0.9228 0.2651
vn -0.0348 0.9771 0.2097
vn 0.5206 0.5298 -0.6696
vn -0.1422 0.9895 0.0274
vn 0.3666 -0.6734 -0.6420
vn 0.6992 -0.7022 -0.1345
vn 0.8534 0.4946 -0.1642
vn -0.9714 0.1465 0.1869
vn -0.4024 -0.9122 0.0774
vn 0.6991 -0.7022 -0.1345
vn 0.7320 0.5298 0.4285
vn 0.5787 -0.6733 0.4601
vn 0.5787 -0.6734 0.4601
vn -0.3579 -0.9229 -0.1424
vn -0.1102 0.9771 -0.1818
vn -0.5149 -0.5341 0.6705
vn -0.1719 -0.9486 -0.2658
vn 0.0758 -0.6038 0.7936
vn -0.3578 -0.9229 -0.1424
vn 0.4298 0.8518 -0.2995
vn 0.5310 -0.2047 -0.8223
vn 0.2162 0.9151 -0.3404
vn 0.3229 0.5824 0.7460
vn -0.2532 0.7471 0.6146
vn 0.0442 0.9735 -0.2245
vn -0.1159 -0.9751 -0.1890
vn -0.0230 -0.5824 0.8125
vn 0.9400 -0.2894 -0.1809
vn -0.7987 0.2019 -0.5668
vn -0.5981 -0.4267 0.6784
vn 0.5547 0.8252 -0.1064
vn 0.8125 0.4123 0.4121
vn -0.5793 0.8073 0.1128
vn 0.0041 -1.0000 -0.0008
vn 0.7983 -0.2046 0.5665
vn -0.9142 -0.3645 0.1769
vn 0.4606 -0.7448 0.4828
vn 0.5106 0.8516 0.1189
vn -0.4641 0.7470 -0.4761
vn -0.0374 -0.9751 0.2185
vn -0.8072 -0.4277 -0.4067
vn -0.8073 -0.4277 -0.4067
vn 0.0230 0.5824 -0.8125
vn 0.3272 0.9150 0.2359
vn -0.3229 -0.5824 -0.7460
vn -0.2163 -0.9151 0.3405
vn 0.1244 0.9735 0.1920
vn 0.6016 0.4123 -0.6842
vn -0.5314 0.2020 0.8227
vn 0.2485 -0.7448 -0.6193
vn -0.4275 -0.8550 0.2936
vn 0.9250 0.3357 -0.1780
vn -0.9415 0.2841 0.1812
vn 0.0101 0.9999 -0.0020
vn -0.5475 -0.8301 0.1054
vn 0.5730 -0.8121 -0.1102
vn 0.0442 0.9735 -0.2244
vn -0.7988 0.2020 -0.5667
vn 0.4606 -0.7448 0.4829
vn 0.8126 0.4123 0.4120
vn -0.5059 -0.8550 -0.1139
vn 0.4605 -0.7448 0.4829
vn -0.5981 -0.4266 0.6784
vn -0.3271 -0.9151 -0.2358
vn -0.0230 -0.5824 0.8126
vn -0.9143 -0.3645 0.1769
vn -0.5059 -0.8550 -0.1140
vn 0.5352 0.7841 -0.3143
vn 0.4983 -0.2930 -0.8160
vn 0.3335 0.8700 -0.3630
vn 0.3975 0.5538 0.7316
vn -0.1479 0.7863 0.5999
vn 0.1576 0.9565 -0.2456
vn -0.2427 -0.9560 -0.1646
vn -0.0976 -0.5538 0.8269
vn 0.8937 -0.4143 -0.1720
vn -0.7672 0.2877 -0.5732
vn -0.6430 -0.3213 0.6952
vn 0.6512 0.7485 -0.1253
vn 0.8536 0.3237 0.4081
vn 0.3600 -0.7863 0.5022
vn -0.1267 -0.9916 0.0244
vn -0.4617 0.8826 0.0889
vn 0.7656 -0.2930 0.5728
vn -0.9568 -0.2249 0.1841
vn -0.9568 -0.2250 0.1841
vn 0.6136 0.7841 0.0932
vn -0.8551 -0.3213 -0.4069
vn -0.3600 0.7863 -0.5022
vn -0.1643 -0.9560 0.2429
vn -0.3975 -0.5538 -0.7317
vn 0.4444 0.8701 0.2133
vn 0.0976 0.5538 -0.8269
vn -0.3335 -0.8700 0.3630
vn 0.1479 -0.7863 -0.5999
vn -0.4997 0.2878 0.8170
vn -0.3975 -0.5538 -0.7316
vn -0.5352 -0.7841 0.3143
vn 0.2375 0.9565 0.1696
vn 0.6412 0.3237 -0.6957
vn -0.8981 0.4044 0.1728
vn 0.4617 -0.8826 -0.0888
vn -0.6512 -0.7484 0.1253
vn 0.9556 0.2301 -0.1839
vn 0.1143 0.9932 -0.0220
vn 0.1575 0.9565 -0.2456
vn 0.3600 -0.7862 0.5022
vn 0.8537 0.3237 0.4080
vn -0.7673 0.2877 -0.5732
vn -0.6136 -0.7841 -0.0932
vn 0.3599 -0.7863 0.5022
vn -0.6431 -0.3212 0.6952
vn -0.4444 -0.8701 -0.2133
vn -0.0976 -0.5537 0.8269
vn 0.7213 0.5977 -0.3501
vn 0.3976 -0.4554 -0.7966
vn 0.5491 0.7313 -0.4045
vn 0.5348 0.4655 0.7052
vn 0.0693 0.8269 0.5581
vn 0.4013 0.8688 -0.2901
vn -0.4879 -0.8650 -0.1174
vn -0.2348 -0.4655 0.8533
vn 0.7512 -0.6440 -0.1446
vn -0.6668 0.4522 -0.5923
vn -0.7003 -0.1041 0.7062
vn 0.8250 0.5424 -0.1587
vn 0.9105 0.1108 0.3984
vn 0.1428 -0.8269 0.5440
vn -0.3841 -0.9203 0.0739
vn -0.2114 0.9766 0.0407
vn 0.6648 -0.4554 0.5921
vn -0.9810 0.0457 0.1887
vn -0.9810 0.0456 0.1888
vn 0.7997 0.5977 0.0574
vn -0.9124 -0.1040 -0.3959
vn -0.1428 0.8269 -0.5440
vn -0.4095 -0.8650 0.2901
vn -0.9124 -0.1041 -0.3958
vn -0.5347 -0.4655 -0.7053
vn 0.6600 0.7313 0.1718
vn 0.2349 0.4655 -0.8533
vn -0.5491 -0.7313 0.4045
vn -0.0692 -0.8269 -0.5581
vn -0.3994 0.4523 0.7974
vn -0.5348 -0.4655 -0.7052
vn -0.7212 -0.5977 0.3501
vn 0.4804 0.8688 0.1204
vn 0.6977 0.1107 -0.7078
vn -0.7558 0.6384 0.1454
vn -0.0693 -0.8269 -0.5581
vn 0.2114 -0.9766 -0.0406
vn -0.8250 -0.5423 0.1588
vn 0.9814 -0.0331 -0.1889
vn 0.3682 0.9270 -0.0709
vn 0.2114 -0.9766 -0.0407
vn -0.6668 0.4523 -0.5923
vn 0.9105 0.1107 0.3983
vn -0.7997 -0.5977 -0.0574
vn 0.1427 -0.8269 0.5440
vn -0.6600 -0.7313 -0.1718
vn -0.2349 -0.4654 0.8534
vn 0.1428 -0.8268 0.5440
vn 0.8292 0.4183 -0.3708
vn 0.2896 -0.5605 -0.7758
vn 0.6887 0.5828 -0.4313
vn 0.6236 0.3709 0.6881
vn 0.2438 0.8157 0.5245
vn 0.5715 0.7539 -0.3242
vn -0.6592 -0.7472 -0.0844
vn -0.3237 -0.3710 0.8704
vn 0.5986 -0.7927 -0.1152
vn -0.5609 0.5565 -0.6130
vn -0.7035 0.0739 0.7068
vn 0.9198 0.3502 -0.1770
vn 0.9151 -0.0657 0.3979
vn -0.0317 -0.8158 0.5775
vn -0.5685 -0.8154 0.1094
vn -0.0014 1.0000 0.0003
vn 0.5569 -0.5605 0.6129
vn -0.9487 0.2582 0.1825
vn -0.9487 0.2581 0.1826
vn 0.9076 0.4183 0.0367
vn -0.9156 0.0739 -0.3953
vn 0.0317 0.8158 -0.5775
vn -0.5808 -0.7472 0.3231
vn -0.9156 0.0739 -0.3952
vn -0.6236 -0.3710 -0.6881
vn 0.7996 0.5827 0.1450
vn 0.3237 0.3709 -0.8704
vn -0.6887 -0.5828 0.4314
vn -0.2437 -0.8158 -0.5245
vn -0.2933 0.5566 0.7773
vn -0.6236 -0.3709 -0.6881
vn -0.8292 -0.4183 0.3709
vn 0.6510 0.7539 0.0889
vn 0.7021 -0.0658 -0.7090
vn -0.6072 0.7859 0.1168
vn -0.2438 -0.8157 -0.5245
vn 0.0015 -1.0000 -0.0003
vn -0.9198 -0.3502 0.1770
vn 0.9523 -0.2441 -0.1832
vn 0.5506 0.8280 -0.1060
vn 0.0014 -1.0000 -0.0003
vn -0.0316 -0.8157 0.5775
vn 0.9151 -0.0658 0.3978
vn -0.5609 0.5565 -0.6129
vn -0.9076 -0.4183 -0.0366
vn -0.0318 -0.8158 0.5775
vn -0.7996 -0.5828 -0.1450
vn -0.3237 -0.3709 0.8704
vn -0.9076 -0.4183 -0.0367
vn -0.0317 -0.8157 0.5776
vn 0.8329 0.4041 -0.3781
vn 0.2806 -0.5655 -0.7755
vn 0.2529 0.8122 0.5256
vn 0.5811 0.7421 -0.3341
vn -0.6592 -0.7472 -0.0845
vn 0.9288 0.3237 -0.1803
vn -0.5639 0.5534 -0.6130
vn 0.5843 -0.8034 -0.1142
vn 0.9161 -0.0857 0.3917
vn 0.0141 0.9999 -0.0026
vn 0.9128 0.4065 0.0404
vn 0.0388 0.8127 -0.5814
vn 0.5505 -0.5643 0.6152
vn -0.5808 -0.7472 0.3230
vn 0.7996 0.5828 0.1449
vn 0.7053 -0.0857 -0.7037
vn -0.6236 -0.3709 -0.6882
vn 0.6636 0.7421 0.0946
vn -0.6887 -0.5828 0.4313
vn 0.9432 -0.2783 -0.1815
vn 0.5748 0.8108 -0.1106
vn -0.6136 0.7807 0.1180
vn -0.8292 -0.4183 0.3708
vn -0.5639 0.5535 -0.6129
vn -0.2961 0.5535 0.7784
vn 0.9161 -0.0857 0.3916
vn -0.0316 -0.8157 0.5776
vn -0.9198 -0.3501 0.1770
vn -0.0317 -0.8157 0.5775
vt 0.423305 0.005498
vt 0.423305 0.045221
vt 0.225559 0.005498
vt 0.225559 0.045221
vt 0.423305 0.088410
vt 0.225559 0.088410
vt 0.423305 0.132183
vt 0.225559 0.132183
vt 0.423305 0.174465
vt 0.024014 0.045221
vt 0.225559 0.174465
vt 0.024014 0.088410
vt 0.024014 0.005498
vt 0.024014 0.132183
vt 0.024014 0.174465
vt 0.445340 0.005498
vt 0.445341 0.045221
vt 0.445341 0.088410
vt 0.445341 0.132184
vt 0.445341 0.174465
vt 0.006340 0.045221
vt 0.006340 0.005498
vt 0.006340 0.088410
vt 0.006340 0.132183
vt 0.006340 0.174465
vt 0.445341 0.045220
vt 0.445341 0.005498
vt 0.445341 0.132183
vt 0.445340 0.174465
vt 0.445340 0.088410
vt 0.225559 0.045220
vt 0.006340 0.132184
vt 0.225559 0.132184
vt 0.423305 0.132184
vt 0.445340 0.045221
vt 0.681356 0.487638
vt 0.695859 0.586610
vt 0.645412 0.491584
vt 0.659828 0.457947
vt 0.652694 0.591262
vt 0.638487 0.477920
vt 0.609260 0.491437
vt 0.609303 0.591464
vt 0.609419 0.482648
vt 0.573104 0.491807
vt 0.565979 0.591215
vt 0.580528 0.477571
vt 0.537555 0.484986
vt 0.523316 0.583148
vt 0.559920 0.456613
vt 0.445065 0.867061
vt 0.335153 0.868473
vt 0.428470 0.828408
vt 0.350751 0.829406
vt 0.389404 0.812811
vt 0.955203 2.276339
vt 0.955203 1.763923
vt 0.971260 2.276339
vt 0.938790 1.763923
vt 0.971260 1.763923
vt 0.938790 2.276339
vt 0.987837 1.763923
vt 0.955203 1.372747
vt 0.922421 2.276339
vt 0.987837 2.276339
vt 0.971260 1.372747
vt 0.922421 1.763923
vt 0.938790 1.372747
vt 0.987837 1.372747
vt 0.955203 0.978335
vt 0.922421 1.372747
vt 0.987837 0.978335
vt 0.938790 0.978335
vt 0.971260 0.978335
vt 0.922421 0.978335
vt 0.955203 0.603886
vt 0.987837 0.603886
vt 0.938790 0.603886
vt 0.971260 0.603886
vt 0.922421 0.603886
vt 0.971260 0.303605
vt 0.955203 0.303605
vt 0.922421 0.303605
vt 0.987837 0.303605
vt 0.938790 0.302058
vt 0.971260 0.053034
vt 0.955203 0.053034
vt 0.922421 0.053034
vt 0.987837 0.053034
vt 0.938790 0.053034
vt 0.987837 0.049272
vt 0.955203 0.049272
vt 0.922421 0.049272
vt 0.971260 0.044833
vt 0.938790 0.049272
vt 0.987837 0.044833
vt 0.922421 0.044833
vt 0.955203 0.044833
vt 0.971260 -0.476639
vt 0.938790 0.044833
vt 0.955203 -0.476639
vt 0.987837 -0.476639
vt 0.938790 -0.476639
vt 0.987837 -0.488077
vt 0.922421 -0.476639
vt 0.971260 -0.488077
vt 0.922421 -0.488077
vt 0.987837 -0.501543
vt 0.938790 -0.488077
vt 0.955203 -0.488077
vt 0.971260 -0.501543
vt 0.922421 -0.501543
vt 0.971260 -0.511462
vt 0.955203 -0.501543
vt 0.938790 -0.501543
vt 0.955203 -0.511462
vt 0.987837 -0.511462
vt 0.938790 -0.511462
vt 0.987837 -0.522483
vt 0.922421 -0.511462
vt 0.971260 -0.522483
vt 0.922421 -0.522483
vt 0.955203 -0.522483
vt 0.971260 -0.531369
vt 0.938790 -0.522483
vt 0.955203 -0.531369
vt 0.987837 -0.531369
vt 0.922421 -0.531369
vt 0.987837 -0.572484
vt 0.938790 -0.531369
vt 0.971399 -0.572484
vt 0.938790 -0.572484
vt 0.922421 -0.572484
vt 0.955063 -0.572484
vt 0.964893 -0.585987
vt 0.977906 -0.583438
vt 0.720385 0.028745
vt 0.720385 -0.089352
vt 0.821530 0.028745
vt 0.821526 0.146838
vt 0.821530 -0.089352
vt 0.720389 0.146838
vt 0.720385 -0.207449
vt 0.821530 -0.207449
vt 0.821522 0.264921
vt 0.720392 0.264921
vt 0.821519 0.382998
vt 0.720394 0.382998
vt 0.821517 0.501069
vt 0.720397 0.501069
vt 0.821516 0.619135
vt 0.720398 0.619135
vt 0.821514 0.737198
vt 0.720399 0.737198
vt 0.821514 0.855258
vt 0.720400 0.855258
vt 0.821513 0.973317
vt 0.720401 0.973317
vt 0.821513 1.091375
vt 0.720401 1.091375
vt 0.821513 1.209433
vt 0.720402 1.209433
vt 0.877612 1.094307
vt 0.877612 1.247010
vt 0.836277 1.094307
vt 0.836277 0.984701
vt 0.836277 1.247010
vt 0.877612 0.984701
vt 0.877612 1.393718
vt 0.836277 1.393718
vt 0.836277 0.833804
vt 0.877612 0.833804
vt 0.836277 0.688469
vt 0.877612 0.688469
vt 0.836277 0.569178
vt 0.877612 0.569178
vt 0.836277 0.431609
vt 0.877612 0.431608
vt 0.836277 0.289957
vt 0.877612 0.289958
vt 0.836277 0.153561
vt 0.877612 0.153561
vt 0.836277 0.014575
vt 0.877612 0.014575
vt 0.836277 -0.127201
vt 0.877612 -0.127201
vt 0.836277 -0.257552
vt 0.877612 -0.257553
vt 0.877650 0.289958
vt 0.877650 0.431609
vt 0.836314 0.289958
vt 0.836314 0.153561
vt 0.836314 0.431609
vt 0.877650 0.153561
vt 0.877650 0.569178
vt 0.836314 0.014575
vt 0.836314 0.569178
vt 0.877650 0.014575
vt 0.877650 0.688469
vt 0.836314 -0.127201
vt 0.836314 0.688469
vt 0.877650 -0.127201
vt 0.877650 0.833805
vt 0.836314 -0.257553
vt 0.877650 -0.257553
vt 0.836314 0.833805
vt 0.877650 0.984701
vt 0.836314 0.984701
vt 0.877650 1.094307
vt 0.836314 1.094307
vt 0.877650 1.247010
vt 0.836314 1.247010
vt 0.877650 1.393718
vt 0.836314 1.393718
vt 0.908015 1.094307
vt 0.908014 1.247010
vt 0.908014 0.984701
vt 0.908015 1.393718
vt 0.908014 0.833805
vt 0.908014 0.688469
vt 0.908014 0.569178
vt 0.908014 0.431608
vt 0.908014 0.289958
vt 0.908015 0.153561
vt 0.908015 0.014575
vt 0.908015 -0.127202
vt 0.908014 -0.257552
vt 0.908052 0.289957
vt 0.908052 0.431609
vt 0.908052 0.153561
vt 0.908052 0.569178
vt 0.908052 0.014576
vt 0.908052 0.688469
vt 0.908052 -0.127201
vt 0.908052 -0.257552
vt 0.908052 0.833805
vt 0.908052 0.984701
vt 0.908052 1.094307
vt 0.908052 1.247010
vt 0.908052 1.393718
vt 0.124234 0.401911
vt 0.239950 0.370905
vt 0.124234 0.802764
vt 0.039524 0.486621
vt 0.239950 0.833771
vt 0.039524 0.718054
vt 0.008517 0.602338
vt 0.355667 0.802764
vt 0.355667 0.401911
vt 0.440377 0.718054
vt 0.440377 0.486621
vt 0.471383 0.602338
vt 0.239886 0.370905
vt 0.355602 0.401911
vt 0.239886 0.833771
vt 0.124170 0.401911
vt 0.355602 0.802764
vt 0.124170 0.802764
vt 0.440313 0.718054
vt 0.039459 0.486621
vt 0.440313 0.486621
vt 0.471319 0.602338
vt 0.039459 0.718054
vt 0.008453 0.602338
vt 0.512601 0.961350
vt 0.516817 0.980591
vt 0.430743 0.970266
vt 0.435114 0.938360
vt 0.428235 0.989458
vt 0.505778 0.930217
vt 0.348549 0.959387
vt 0.590322 0.939769
vt 0.572618 0.911621
vt 0.358305 0.928830
vt 0.600725 0.954702
vt 0.342663 0.977966
vt 0.265086 0.929104
vt 0.623454 0.874494
vt 0.650295 0.891684
vt 0.262467 0.948628
vt 0.269974 0.900483
vt 0.666883 0.902308
vt 0.644502 0.828069
vt 0.677767 0.832315
vt 0.695681 0.835518
vt 0.640413 0.773615
vt 0.668636 0.759167
vt 0.686223 0.749931
vt 0.617661 0.731856
vt 0.634852 0.705017
vt 0.645477 0.688429
vt 0.581511 0.710916
vt 0.586016 0.678828
vt 0.589220 0.660914
vt 0.544455 0.672842
vt 0.537538 0.710237
vt 0.540238 0.653601
vt 0.492304 0.692405
vt 0.509364 0.719326
vt 0.531918 0.637790
vt 0.474224 0.727764
vt 0.481283 0.738905
vt 0.469861 0.720880
vt 0.466781 0.750985
vt 0.481761 0.675766
vt 0.527078 0.615702
vt 0.553873 0.623936
vt 0.557262 0.651514
vt 0.687330 0.378799
vt 0.669003 0.378799
vt 0.687328 0.349753
vt 0.706427 0.349753
vt 0.669003 0.349753
vt 0.706428 0.378799
vt 0.687330 0.320305
vt 0.649272 0.378799
vt 0.687331 0.407842
vt 0.706427 0.320305
vt 0.649272 0.349753
vt 0.669003 0.407842
vt 0.706427 0.290422
vt 0.630015 0.378799
vt 0.706428 0.407842
vt 0.649272 0.407842
vt 0.630015 0.349753
vt 0.669003 0.437174
vt 0.687331 0.437174
vt 0.630015 0.407842
vt 0.649272 0.437174
vt 0.706428 0.437174
vt 0.608100 0.378799
vt 0.608100 0.407842
vt 0.630015 0.437174
vt 0.630015 0.320305
vt 0.608099 0.349753
vt 0.649272 0.320305
vt 0.608100 0.437174
vt 0.608099 0.320305
vt 0.630015 0.290422
vt 0.649272 0.290422
vt 0.669003 0.320305
vt 0.608099 0.290422
vt 0.649272 0.260453
vt 0.669003 0.290422
vt 0.630015 0.260453
vt 0.687331 0.290422
vt 0.649272 0.232131
vt 0.608099 0.260453
vt 0.630015 0.232131
vt 0.687329 0.260453
vt 0.706427 0.260453
vt 0.649272 0.203800
vt 0.669003 0.260453
vt 0.630015 0.203800
vt 0.706427 0.232131
vt 0.669003 0.203800
vt 0.608099 0.232131
vt 0.687328 0.232131
vt 0.669003 0.232131
vt 0.608099 0.203800
vt 0.687328 0.203800
vt 0.706427 0.203800
vt 0.637739 0.013058
vt 0.657292 0.013058
vt 0.637739 0.043251
vt 0.619886 0.043251
vt 0.657292 0.043251
vt 0.619886 0.013058
vt 0.637739 0.075775
vt 0.676566 0.013058
vt 0.657292 0.075775
vt 0.619886 0.075775
vt 0.676566 0.043251
vt 0.637739 0.105763
vt 0.695633 0.043251
vt 0.657292 0.105764
vt 0.619886 0.105764
vt 0.695633 0.013058
vt 0.676566 0.075775
vt 0.637739 0.135656
vt 0.619886 0.135656
vt 0.695633 0.075775
vt 0.657292 0.135656
vt 0.676566 0.105763
vt 0.619886 0.165269
vt 0.695633 0.105764
vt 0.637739 0.165270
vt 0.676566 0.135656
vt 0.657292 0.165269
vt 0.695633 0.135656
vt 0.676566 0.165269
vt 0.695633 0.165269
vt 0.588337 0.091811
vt 0.518811 0.091811
vt 0.588338 0.091811
vt 0.588337 0.318610
vt 0.518812 0.318610
vt 0.529948 0.339216
vt 0.578770 0.339175
vt 0.555429 0.346708
vt 0.517439 0.476061
vt 0.478745 0.475509
vt 0.517439 0.419503
vt 0.501933 0.404240
vt 0.454062 0.447360
vt 0.454062 0.078515
vt 0.501933 0.078445
vt 0.454062 0.046875
vt 0.501933 0.046805
vt 0.501933 0.003583
vt 0.454062 0.003583
vt 0.501933 0.046657
vt 0.454062 0.046605
vt 0.501933 0.078300
vt 0.454062 0.078248
vt 0.454062 0.447129
vt 0.517439 0.419432
vt 0.517439 0.475995
vt 0.518811 0.008574
vt 0.588337 0.008574
vt 0.518812 0.036436
vt 0.588337 0.036436
vt 0.588337 0.060630
vt 0.518812 0.060630
vt 0.518811 0.318610
vt 0.437486 0.357594
vt 0.385311 0.357594
vt 0.437486 0.187376
vt 0.385311 0.187376
vt 0.333136 0.357594
vt 0.333136 0.187376
vt 0.280962 0.357594
vt 0.280962 0.187376
vt 0.228787 0.357594
vt 0.228787 0.187376
vt 0.176613 0.357594
vt 0.176613 0.187376
vt 0.124438 0.357594
vt 0.124438 0.187376
vt 0.072264 0.357594
vt 0.072264 0.187376
vt 0.020090 0.357594
vt 0.020090 0.187376
vt 0.533011 0.752764
vt 0.581365 0.772793
vt 0.533011 0.889530
vt 0.484657 0.772793
vt 0.581365 0.869501
vt 0.601394 0.821147
vt 0.484657 0.869501
vt 0.464628 0.821147
vt 0.484734 0.772793
vt 0.533088 0.752764
vt 0.484734 0.869501
vt 0.464705 0.821147
vt 0.533088 0.889530
vt 0.581442 0.869501
vt 0.581442 0.772793
vt 0.601471 0.821147
vt 0.109554 0.862625
vt 0.100483 0.973213
vt 0.146290 0.861069
vt 0.078284 0.972251
vt 0.122843 0.976747
vt 0.077809 0.863701
vt 0.135654 0.830993
vt 0.118336 0.986887
vt 0.056076 0.973511
vt 0.104923 0.843704
vt 0.045879 0.862874
vt 0.097784 0.805024
vt 0.033707 0.977349
vt 0.089466 0.814574
vt 0.008668 0.861687
vt 0.077824 0.846725
vt 0.057551 0.983769
vt 0.050529 0.843690
vt 0.078353 0.982727
vt 0.019277 0.830830
vt 0.066020 0.814500
vt 0.038364 0.987451
vt 0.099147 0.983474
vt 0.057694 0.804862
vt 0.077751 0.817724
vt 0.649312 0.378802
vt 0.669043 0.378802
vt 0.649312 0.407845
vt 0.630055 0.407845
vt 0.669043 0.407845
vt 0.630055 0.378802
vt 0.649312 0.437177
vt 0.687209 0.378802
vt 0.608140 0.407845
vt 0.669043 0.349756
vt 0.669043 0.437177
vt 0.608140 0.378802
vt 0.649312 0.349756
vt 0.630055 0.437177
vt 0.608140 0.437177
vt 0.687209 0.349756
vt 0.630055 0.349756
vt 0.669043 0.320308
vt 0.706467 0.349756
vt 0.608140 0.349756
vt 0.649312 0.320308
vt 0.706467 0.320308
vt 0.630055 0.320308
vt 0.687209 0.320308
vt 0.608140 0.320308
vt 0.706467 0.290425
vt 0.669043 0.290425
vt 0.649312 0.290425
vt 0.630055 0.290425
vt 0.687209 0.290425
vt 0.706467 0.260456
vt 0.669043 0.260456
vt 0.608140 0.290425
vt 0.687209 0.260456
vt 0.649312 0.260456
vt 0.630055 0.260456
vt 0.649312 0.232134
vt 0.608140 0.260456
vt 0.706467 0.232134
vt 0.630055 0.232134
vt 0.669042 0.232134
vt 0.687209 0.232134
vt 0.608140 0.232134
vt 0.630055 0.203803
vt 0.669043 0.203803
vt 0.706467 0.203803
vt 0.608140 0.203803
vt 0.687209 0.203803
vt 0.649312 0.203803
vt 0.706467 0.378802
vt 0.687209 0.407845
vt 0.706467 0.407845
vt 0.687208 0.437177
vt 0.706467 0.437177
s 1
g GUI_Map_FishingPole_GUI_Map_FishingPole1_GUI_Map_FishingPole1
usemtl GUI_Map_FishingPole1
f 1/1/1 2/2/2 3/3/3
f 3/3/3 2/2/2 4/4/4
f 2/2/2 5/5/5 4/4/4
f 4/4/4 5/5/5 6/6/6
f 5/5/5 7/7/7 6/6/6
f 6/6/6 7/7/7 8/8/8
f 7/7/7 9/9/9 8/8/8
f 3/3/3 10/2/10 1/1/1
f 11/10/11 3/3/3 4/4/4
f 4/4/4 6/6/6 11/10/11
f 8/8/8 9/9/9 12/11/12
f 13/4/13 10/2/10 3/3/3
f 11/10/11 6/6/6 14/12/14
f 6/6/6 8/8/8 14/12/14
f 12/11/12 9/9/9 15/8/15
f 13/4/13 16/5/16 10/2/10
f 17/13/17 3/3/3 11/10/11
f 8/8/8 12/11/12 18/14/18
f 14/12/14 8/8/8 18/14/18
f 19/6/19 16/5/16 13/4/13
f 17/13/17 20/10/20 3/3/3
f 18/14/18 12/11/12 21/15/21
f 20/10/20 19/6/19 13/4/13
f 19/6/19 22/7/22 16/5/16
f 3/3/3 20/10/20 13/4/13
f 15/8/15 22/7/22 19/6/19
f 15/8/15 9/9/9 22/7/22
f 21/15/21 12/11/12 23/14/23
f 24/12/24 19/6/19 20/10/20
f 23/14/23 15/8/15 24/12/24
f 23/14/23 12/11/12 15/8/15
f 24/12/24 15/8/15 19/6/19
f 25/16/25 26/17/26 27/1/25
f 25/16/25 27/1/25 28/17/27
f 27/1/25 26/17/26 29/2/28
f 28/17/27 27/1/25 30/2/27
f 26/17/26 31/18/29 29/2/28
f 28/17/27 30/2/27 32/18/30
f 29/2/28 31/18/29 33/5/29
f 32/18/30 30/2/27 34/5/30
f 31/18/29 35/19/31 33/5/29
f 32/18/30 34/5/30 36/19/32
f 33/5/29 35/19/31 37/7/33
f 36/19/32 34/5/30 38/7/34
f 35/19/31 39/20/35 37/7/33
f 36/19/32 38/7/34 39/20/35
f 37/7/33 39/20/35 40/9/35
f 39/20/35 38/7/34 40/9/35
f 41/21/36 42/22/37 43/4/38
f 44/6/39 41/21/36 43/4/38
f 43/4/38 42/22/37 45/3/40
f 46/23/41 41/21/36 44/6/39
f 43/4/38 45/3/40 47/2/42
f 45/3/40 42/22/37 48/4/43
f 49/8/44 46/23/41 44/6/39
f 44/6/39 43/4/38 50/5/45
f 50/5/45 43/4/38 47/2/42
f 47/2/42 45/3/40 51/1/46
f 48/4/43 42/22/37 52/21/47
f 49/8/44 44/6/39 53/7/48
f 53/7/48 44/6/39 50/5/45
f 48/4/43 54/2/49 45/3/40
f 45/3/40 54/2/49 51/1/46
f 48/4/43 52/21/47 55/6/50
f 56/9/51 49/8/44 53/7/48
f 57/24/52 46/23/41 49/8/44
f 48/4/43 58/5/53 54/2/49
f 55/6/50 58/5/53 48/4/43
f 59/11/54 49/8/44 56/9/51
f 59/11/54 57/24/52 49/8/44
f 55/6/50 52/21/47 60/23/50
f 55/6/50 61/7/55 58/5/53
f 59/11/54 56/9/51 62/8/56
f 63/25/57 57/24/52 59/11/54
f 55/6/50 60/23/50 62/8/56
f 62/8/56 61/7/55 55/6/50
f 62/8/56 56/9/51 61/7/55
f 59/11/54 64/24/58 63/25/57
f 62/8/56 60/23/50 64/24/58
f 62/8/56 64/24/58 59/11/54
f 65/16/59 66/17/60 67/1/61
f 65/16/59 67/1/61 68/17/62
f 67/1/61 66/17/60 69/2/60
f 68/17/62 67/1/61 70/2/62
f 66/17/60 71/5/63 69/2/60
f 70/2/62 72/5/64 68/17/62
f 73/18/65 71/5/63 66/17/60
f 68/17/62 72/5/64 74/18/64
f 73/18/65 75/7/66 71/5/63
f 72/5/64 76/7/67 74/18/64
f 77/19/68 75/7/66 73/18/65
f 74/18/64 76/7/67 78/19/69
f 77/19/68 79/9/70 75/7/66
f 76/7/67 79/9/70 78/19/69
f 80/20/70 79/9/70 77/19/68
f 78/19/69 79/9/70 80/20/70
f 81/21/71 82/22/72 83/4/73
f 84/6/74 81/21/71 83/4/73
f 83/4/73 82/22/72 85/3/75
f 86/23/76 81/21/71 84/6/74
f 83/4/73 85/3/75 87/2/77
f 85/3/75 82/22/72 88/4/78
f 89/8/79 86/23/76 84/6/74
f 84/6/74 83/4/73 90/5/80
f 90/5/80 83/4/73 87/2/77
f 87/2/77 85/3/75 91/1/81
f 88/4/78 82/22/72 92/21/82
f 89/8/79 84/6/74 93/7/83
f 93/7/83 84/6/74 90/5/80
f 91/1/81 85/3/75 94/2/84
f 94/2/84 85/3/75 88/4/78
f 88/4/78 92/21/82 95/6/85
f 96/9/86 89/8/79 93/7/83
f 97/24/87 86/23/76 89/8/79
f 94/2/84 88/4/78 98/5/88
f 98/5/88 88/4/78 95/6/85
f 99/11/89 89/8/79 96/9/86
f 99/11/89 97/24/87 89/8/79
f 95/6/85 92/21/82 100/23/90
f 98/5/88 95/6/85 101/7/91
f 101/7/91 102/8/92 96/9/86
f 96/9/86 102/8/92 99/11/89
f 103/25/93 97/24/87 99/11/89
f 95/6/85 100/23/90 102/8/92
f 101/7/91 95/6/85 102/8/92
f 99/11/89 104/24/94 103/25/93
f 102/8/92 100/23/90 104/24/94
f 102/8/92 104/24/94 99/11/89
f 105/17/95 106/2/95 107/16/96
f 105/17/95 108/5/97 106/2/95
f 107/16/96 106/2/95 109/1/96
f 110/18/97 108/5/97 105/17/95
f 109/1/96 111/2/98 107/16/96
f 110/18/97 112/7/99 108/5/97
f 107/16/96 111/2/98 113/17/98
f 114/19/100 112/7/99 110/18/97
f 111/2/98 115/5/101 113/17/98
f 114/19/100 116/9/102 112/7/99
f 113/17/98 115/5/101 117/18/103
f 118/20/102 116/9/102 114/19/100
f 115/5/101 119/7/104 117/18/103
f 120/19/105 116/9/102 118/20/102
f 117/18/103 119/7/104 120/19/105
f 119/7/104 116/9/102 120/19/105
f 121/21/106 122/22/107 123/4/108
f 124/6/109 121/21/106 123/4/108
f 123/4/108 122/22/107 125/3/110
f 126/23/111 121/21/106 124/6/109
f 123/4/108 125/3/110 127/2/112
f 125/3/110 122/22/107 128/4/113
f 129/8/114 126/23/111 124/6/109
f 124/6/109 123/4/108 130/5/115
f 130/5/115 123/4/108 127/2/112
f 127/2/112 125/3/110 131/1/116
f 128/4/113 122/22/107 132/21/117
f 129/8/114 124/6/109 133/7/118
f 133/7/118 124/6/109 130/5/115
f 131/1/116 125/3/110 134/2/119
f 134/2/119 125/3/110 128/4/113
f 128/4/113 132/21/117 135/6/120
f 136/9/121 129/8/114 133/7/118
f 137/24/122 126/23/111 129/8/114
f 134/2/119 128/4/113 138/5/123
f 138/5/123 128/4/113 135/6/120
f 139/11/124 129/8/114 136/9/121
f 139/11/124 137/24/122 129/8/114
f 135/6/120 132/21/117 140/23/125
f 138/5/123 135/6/120 141/7/126
f 141/7/126 142/8/127 136/9/121
f 136/9/121 142/8/127 139/11/124
f 143/25/128 137/24/122 139/11/124
f 135/6/120 140/23/125 142/8/127
f 141/7/126 135/6/120 142/8/127
f 139/11/124 144/24/129 143/25/128
f 142/8/127 140/23/125 144/24/129
f 142/8/127 144/24/129 139/11/124
f 145/17/130 146/2/130 147/16/131
f 145/17/130 148/5/132 146/2/130
f 147/16/131 146/2/130 149/1/131
f 150/18/133 148/5/132 145/17/130
f 149/1/131 151/2/134 147/16/131
f 150/18/133 152/7/135 148/5/132
f 147/16/131 151/2/134 153/17/134
f 154/19/135 152/7/135 150/18/133
f 151/2/134 155/5/136 153/17/134
f 154/19/135 156/9/137 152/7/135
f 153/17/134 155/5/136 157/18/136
f 158/20/138 156/9/137 154/19/135
f 155/5/136 159/7/139 157/18/136
f 160/19/140 156/9/137 158/20/138
f 157/18/136 159/7/139 160/19/140
f 159/7/139 156/9/137 160/19/140
f 161/21/141 162/22/142 163/4/143
f 164/6/144 161/21/141 163/4/143
f 163/4/143 162/22/142 165/3/145
f 166/23/146 161/21/141 164/6/144
f 163/4/143 165/3/145 167/2/147
f 165/3/145 162/22/142 168/4/148
f 169/8/149 166/23/146 164/6/144
f 164/6/144 163/4/143 170/5/150
f 170/5/150 163/4/143 167/2/147
f 167/2/147 165/3/145 171/1/151
f 168/4/148 162/22/142 172/21/152
f 169/8/149 164/6/144 173/7/153
f 173/7/153 164/6/144 170/5/150
f 168/4/148 174/2/154 165/3/145
f 165/3/145 174/2/154 171/1/151
f 168/4/148 172/21/152 175/6/155
f 176/9/156 169/8/149 173/7/153
f 177/24/157 166/23/146 169/8/149
f 168/4/148 178/5/158 174/2/154
f 175/6/155 178/5/158 168/4/148
f 179/11/159 169/8/149 176/9/156
f 179/11/159 177/24/157 169/8/149
f 175/6/155 172/21/152 180/23/160
f 175/6/155 181/7/161 178/5/158
f 179/11/159 176/9/156 182/8/162
f 183/25/163 177/24/157 179/11/159
f 175/6/155 180/23/160 182/8/162
f 182/8/162 181/7/161 175/6/155
f 182/8/162 176/9/156 181/7/161
f 179/11/159 184/24/164 183/25/163
f 182/8/162 180/23/160 184/24/164
f 182/8/162 184/24/164 179/11/159
f 185/26/165 186/2/165 187/27/166
f 185/26/165 188/5/167 186/2/165
f 187/27/166 186/2/165 189/1/166
f 190/18/167 188/5/167 185/26/165
f 189/1/166 191/2/168 187/27/166
f 190/18/167 192/7/169 188/5/167
f 187/27/166 191/2/168 193/26/168
f 194/28/170 192/7/169 190/18/167
f 191/2/168 195/5/171 193/26/168
f 194/28/170 196/9/172 192/7/169
f 193/26/168 195/5/171 197/18/171
f 198/29/173 196/9/172 194/28/170
f 195/5/171 199/7/174 197/18/171
f 200/28/174 196/9/172 198/29/173
f 197/18/171 199/7/174 200/28/174
f 199/7/174 196/9/172 200/28/174
f 201/4/175 202/21/176 203/3/177
f 201/4/175 204/23/45 202/21/176
f 203/3/177 202/21/176 205/22/178
f 206/6/179 204/23/45 201/4/175
f 203/3/177 207/1/180 201/4/175
f 208/21/181 203/3/177 205/22/178
f 206/6/179 209/24/182 204/23/45
f 201/4/175 207/1/180 210/2/183
f 211/4/184 203/3/177 208/21/181
f 201/4/175 210/2/183 206/6/179
f 212/8/185 209/24/182 206/6/179
f 211/4/184 207/1/180 203/3/177
f 213/23/53 211/4/184 208/21/181
f 206/6/179 210/2/183 214/5/186
f 206/6/179 214/5/186 212/8/185
f 215/2/187 207/1/180 211/4/184
f 216/6/188 211/4/184 213/23/53
f 212/8/185 217/25/189 209/24/182
f 212/8/185 214/5/186 218/7/190
f 216/6/188 215/2/187 211/4/184
f 219/24/191 216/6/188 213/23/53
f 220/11/192 217/25/189 212/8/185
f 212/8/185 218/7/190 220/11/192
f 221/5/193 215/2/187 216/6/188
f 222/8/194 216/6/188 219/24/191
f 220/11/192 222/8/194 217/25/189
f 222/8/194 221/5/193 216/6/188
f 217/25/189 222/8/194 219/24/191
f 220/11/192 218/7/190 223/9/195
f 224/7/196 221/5/193 222/8/194
f 223/9/195 224/7/196 220/11/192
f 220/11/192 224/7/196 222/8/194
f 225/16/197 226/26/198 227/1/197
f 225/16/197 227/1/197 228/26/199
f 227/1/197 226/26/198 229/2/198
f 228/26/199 227/1/197 230/2/199
f 226/26/198 231/30/200 229/2/198
f 228/26/199 230/2/199 232/30/201
f 229/2/198 231/30/200 233/5/202
f 232/30/201 230/2/199 234/5/201
f 231/30/200 235/19/203 233/5/202
f 232/30/201 234/5/201 236/19/204
f 233/5/202 235/19/203 237/7/205
f 236/19/204 234/5/201 238/7/206
f 235/19/203 239/20/207 237/7/205
f 236/19/204 238/7/206 239/20/207
f 237/7/205 239/20/207 240/9/207
f 239/20/207 238/7/206 240/9/207
f 241/31/208 242/21/209 243/3/210
f 241/31/208 244/23/211 242/21/209
f 243/3/210 242/21/209 245/22/212
f 246/6/41 244/23/211 241/31/208
f 241/31/208 243/3/210 247/2/213
f 248/21/214 243/3/210 245/22/212
f 246/6/41 249/32/215 244/23/211
f 246/6/41 241/31/208 250/5/216
f 250/5/216 241/31/208 247/2/213
f 251/31/217 243/3/210 248/21/214
f 252/33/218 249/32/215 246/6/41
f 253/34/219 246/6/41 250/5/216
f 247/2/213 243/3/210 254/1/220
f 255/23/221 251/31/217 248/21/214
f 252/33/218 246/6/41 253/34/219
f 256/27/222 247/2/213 254/1/220
f 257/6/223 251/31/217 255/23/221
f 252/33/218 258/25/224 249/32/215
f 259/35/225 247/2/213 256/27/222
f 260/32/226 257/6/223 255/23/221
f 261/11/227 258/25/224 252/33/218
f 262/30/228 247/2/213 259/35/225
f 263/33/229 257/6/223 260/32/226
f 261/11/227 263/33/229 258/25/224
f 261/11/227 252/33/218 264/9/230
f 264/9/230 252/33/218 253/34/219
f 250/5/216 247/2/213 262/30/228
f 258/25/224 263/33/229 260/32/226
f 261/11/227 264/9/230 263/33/229
f 253/34/219 250/5/216 265/19/231
f 265/19/231 250/5/216 262/30/228
f 263/33/229 266/34/232 257/6/223
f 267/35/233 256/27/222 268/2/234
f 263/33/229 264/9/230 266/34/232
f 269/29/235 253/34/219 265/19/231
f 267/35/233 268/2/234 270/30/236
f 268/2/234 256/27/222 254/1/220
f 269/29/235 266/34/232 264/9/230
f 264/9/230 253/34/219 269/29/235
f 257/6/223 266/34/232 271/5/237
f 270/30/236 268/2/234 271/5/237
f 243/3/210 268/2/234 254/1/220
f 272/19/238 266/34/232 269/29/235
f 257/6/223 271/5/237 251/31/217
f 251/31/217 268/2/234 243/3/210
f 270/30/236 271/5/237 272/19/238
f 272/19/238 271/5/237 266/34/232
f 251/31/217 271/5/237 268/2/234
f 273/21/239 274/22/240 275/10/241
f 276/12/242 273/21/239 275/10/241
f 275/10/241 274/22/240 277/13/240
f 278/23/243 273/21/239 276/12/242
f 274/22/240 279/10/244 277/13/240
f 280/14/245 278/23/243 276/12/242
f 281/21/244 279/10/244 274/22/240
f 282/24/246 278/23/243 280/14/245
f 281/21/244 283/12/247 279/10/244
f 284/15/248 282/24/246 280/14/245
f 285/23/249 283/12/247 281/21/244
f 286/25/250 282/24/246 284/15/248
f 285/23/249 287/14/251 283/12/247
f 286/25/250 284/15/248 288/24/252
f 288/24/252 287/14/251 285/23/249
f 288/24/252 284/15/248 287/14/251
f 289/36/253 290/37/254 291/38/255
f 291/38/255 292/39/256 289/36/253
f 291/38/255 290/37/254 293/40/257
f 294/41/258 292/39/256 291/38/255
f 295/38/259 290/37/254 289/36/253
f 292/39/256 295/38/259 289/36/253
f 291/38/255 293/40/257 296/42/260
f 296/42/260 294/41/258 291/38/255
f 297/40/261 290/37/254 295/38/259
f 298/41/262 295/38/259 292/39/256
f 296/42/260 293/40/257 299/43/263
f 300/44/264 294/41/258 296/42/260
f 301/42/265 297/40/261 295/38/259
f 298/41/262 301/42/265 295/38/259
f 296/42/260 299/43/263 302/45/266
f 302/45/266 300/44/264 296/42/260
f 303/43/267 297/40/261 301/42/265
f 304/44/268 301/42/265 298/41/262
f 302/45/266 299/43/263 305/46/269
f 306/47/270 300/44/264 302/45/266
f 307/45/271 303/43/267 301/42/265
f 304/44/268 307/45/271 301/42/265
f 302/45/266 305/46/269 308/48/272
f 308/48/272 306/47/270 302/45/266
f 309/46/273 303/43/267 307/45/271
f 310/47/274 307/45/271 304/44/268
f 308/48/272 305/46/269 311/49/275
f 312/50/276 306/47/270 308/48/272
f 311/49/275 309/46/273 308/48/272
f 312/50/276 308/48/272 310/47/274
f 308/48/272 309/46/273 307/45/271
f 310/47/274 308/48/272 307/45/271
f 313/39/277 314/41/277 315/50/277
f 313/39/277 315/50/277 316/41/277
f 315/50/277 314/41/277 317/47/277
f 314/41/277 318/44/277 317/47/277
f 316/41/277 315/50/277 319/47/277
f 316/41/277 319/47/277 320/44/277
f 321/51/278 322/52/278 323/53/278
f 321/51/278 324/53/278 322/52/278
f 323/53/278 322/52/278 325/54/279
f 323/53/278 325/54/279 326/55/278
f 322/52/278 324/53/278 327/54/278
f 327/54/278 324/53/278 328/55/280
f 329/56/281 330/57/282 331/58/283
f 329/56/281 332/59/284 330/57/282
f 331/58/283 330/57/282 333/60/285
f 334/61/286 332/59/284 329/56/281
f 333/60/285 335/62/287 331/58/283
f 336/63/288 333/60/285 330/57/282
f 337/64/289 332/59/284 334/61/286
f 331/58/283 335/62/287 338/65/289
f 339/66/290 333/60/285 336/63/288
f 340/67/291 332/59/284 337/64/289
f 336/63/288 330/57/282 341/68/292
f 335/62/287 333/60/285 342/69/293
f 332/59/284 340/67/291 341/68/292
f 342/69/293 333/60/285 339/66/290
f 343/70/294 339/66/290 336/63/288
f 341/68/292 330/57/282 332/59/284
f 341/68/292 340/67/291 344/71/295
f 342/69/293 339/66/290 345/72/296
f 343/70/294 336/63/288 346/73/297
f 346/73/297 336/63/288 341/68/292
f 341/68/292 344/71/295 346/73/297
f 347/74/298 339/66/290 343/70/294
f 345/72/296 339/66/290 347/74/298
f 346/73/297 344/71/295 348/75/299
f 349/76/300 347/74/298 343/70/294
f 345/72/296 347/74/298 350/77/301
f 351/78/302 343/70/294 346/73/297
f 346/73/297 348/75/299 351/78/302
f 349/76/300 343/70/294 351/78/302
f 352/79/303 347/74/298 349/76/300
f 350/77/301 347/74/298 352/79/303
f 351/78/302 348/75/299 353/80/304
f 352/79/303 349/76/300 354/81/305
f 354/81/305 350/77/301 352/79/303
f 349/76/300 351/78/302 355/82/306
f 354/81/305 349/76/300 355/82/306
f 356/83/307 351/78/302 353/80/304
f 357/84/307 350/77/301 354/81/305
f 355/82/306 351/78/302 358/85/308
f 358/85/308 351/78/302 356/83/307
f 359/86/309 357/84/307 354/81/305
f 354/81/305 355/82/306 359/86/309
f 355/82/306 358/85/308 360/87/310
f 359/86/309 355/82/306 360/87/310
f 361/88/311 358/85/308 356/83/307
f 362/89/312 357/84/307 359/86/309
f 360/87/310 358/85/308 363/90/313
f 363/90/313 358/85/308 361/88/311
f 362/89/312 359/86/309 364/91/314
f 363/90/313 365/92/315 360/87/310
f 359/86/309 360/87/310 365/92/315
f 366/93/316 363/90/313 361/88/311
f 359/86/309 367/94/317 364/91/314
f 359/86/309 365/92/315 367/94/317
f 368/95/318 363/90/313 366/93/316
f 368/95/318 365/92/315 363/90/313
f 364/91/314 367/94/317 369/96/319
f 366/93/316 370/97/320 368/95/318
f 367/94/317 365/92/315 371/98/321
f 365/92/315 368/95/318 371/98/321
f 372/99/322 369/96/319 367/94/317
f 368/95/318 370/97/320 373/100/323
f 371/98/321 368/95/318 373/100/323
f 372/99/322 367/94/317 374/101/324
f 374/101/324 367/94/317 371/98/321
f 373/100/323 374/101/324 371/98/321
f 375/102/325 369/96/319 372/99/322
f 370/97/320 376/103/326 373/100/323
f 376/103/326 374/101/324 373/100/323
f 372/99/322 377/104/327 375/102/325
f 378/105/328 376/103/326 370/97/320
f 379/106/329 377/104/327 372/99/322
f 380/107/330 376/103/326 378/105/328
f 381/101/331 379/106/329 372/99/322
f 379/106/329 382/108/332 377/104/327
f 383/109/333 376/103/326 380/107/330
f 383/109/333 381/101/331 376/103/326
f 384/110/334 379/106/329 381/101/331
f 384/110/334 381/101/331 383/109/333
f 385/111/335 382/108/332 379/106/329
f 384/110/334 385/111/335 379/106/329
f 386/112/336 383/109/333 380/107/330
f 387/113/337 382/108/332 385/111/335
f 388/114/338 385/111/335 384/110/334
f 389/115/339 383/109/333 386/112/336
f 388/114/338 384/110/334 389/115/339
f 389/115/339 384/110/334 383/109/333
f 387/113/337 385/111/335 390/116/340
f 391/117/341 382/108/332 387/113/337
f 390/116/340 385/111/335 388/114/338
f 389/115/339 390/116/340 388/114/338
f 386/112/336 392/118/342 389/115/339
f 387/113/337 393/119/343 391/117/341
f 392/118/342 390/116/340 389/115/339
f 394/120/344 392/118/342 386/112/336
f 390/116/340 395/121/345 387/113/337
f 395/121/345 393/119/343 387/113/337
f 396/122/346 392/118/342 394/120/344
f 397/123/347 395/121/345 390/116/340
f 398/124/348 393/119/343 395/121/345
f 399/125/349 392/118/342 396/122/346
f 397/123/347 390/116/340 399/125/349
f 399/125/349 390/116/340 392/118/342
f 398/124/348 395/121/345 400/126/350
f 401/127/351 393/119/343 398/124/348
f 400/126/350 395/121/345 397/123/347
f 399/125/349 400/126/350 397/123/347
f 402/128/352 399/125/349 396/122/346
f 398/124/348 403/129/353 401/127/351
f 404/130/354 400/126/350 399/125/349
f 404/130/354 399/125/349 402/128/352
f 400/126/350 405/131/355 398/124/348
f 405/131/355 403/129/353 398/124/348
f 406/132/356 400/126/350 404/130/354
f 407/133/357 404/130/354 402/128/352
f 406/132/356 404/130/354 407/133/357
f 408/134/358 405/131/355 400/126/350
f 408/134/358 400/126/350 406/132/356
f 408/134/358 409/135/359 405/131/355
f 405/131/355 409/135/359 410/136/357
f 411/137/360 412/138/361 413/139/360
f 414/140/362 411/137/360 413/139/360
f 413/139/360 412/138/361 415/141/363
f 416/142/362 411/137/360 414/140/362
f 412/138/361 417/143/364 415/141/363
f 415/141/363 417/143/364 418/144/365
f 419/145/366 416/142/362 414/140/362
f 420/146/366 416/142/362 419/145/366
f 421/147/367 420/146/366 419/145/366
f 422/148/367 420/146/366 421/147/367
f 423/149/368 422/148/367 421/147/367
f 424/150/368 422/148/367 423/149/368
f 425/151/369 424/150/368 423/149/368
f 426/152/370 424/150/368 425/151/369
f 427/153/371 426/152/370 425/151/369
f 428/154/371 426/152/370 427/153/371
f 429/155/372 428/154/371 427/153/371
f 430/156/372 428/154/371 429/155/372
f 431/157/373 430/156/372 429/155/372
f 432/158/373 430/156/372 431/157/373
f 433/159/374 432/158/373 431/157/373
f 434/160/374 432/158/373 433/159/374
f 435/161/375 434/160/374 433/159/374
f 436/162/376 434/160/374 435/161/375
f 437/163/360 438/164/361 439/165/360
f 440/166/362 437/163/360 439/165/360
f 439/165/360 438/164/361 441/167/361
f 442/168/362 437/163/360 440/166/362
f 438/164/361 443/169/364 441/167/361
f 441/167/361 443/169/364 444/170/364
f 445/171/377 442/168/362 440/166/362
f 446/172/366 442/168/362 445/171/377
f 447/173/367 446/172/366 445/171/377
f 448/174/367 446/172/366 447/173/367
f 449/175/368 448/174/367 447/173/367
f 450/176/368 448/174/367 449/175/368
f 451/177/370 450/176/368 449/175/368
f 452/178/369 450/176/368 451/177/370
f 453/179/371 452/178/369 451/177/370
f 454/180/371 452/178/369 453/179/371
f 455/181/372 454/180/371 453/179/371
f 456/182/372 454/180/371 455/181/372
f 457/183/378 456/182/372 455/181/372
f 458/184/373 456/182/372 457/183/378
f 459/185/374 458/184/373 457/183/378
f 460/186/374 458/184/373 459/185/374
f 461/187/375 460/186/374 459/185/374
f 462/188/376 460/186/374 461/187/375
f 463/189/361 464/190/360 465/191/363
f 466/192/375 463/189/361 465/191/363
f 465/191/363 464/190/360 467/193/379
f 468/194/376 463/189/361 466/192/375
f 464/190/360 469/195/362 467/193/379
f 470/196/374 468/194/376 466/192/375
f 467/193/379 469/195/362 471/197/362
f 472/198/374 468/194/376 470/196/374
f 469/195/362 473/199/377 471/197/362
f 474/200/373 472/198/374 470/196/374
f 471/197/362 473/199/377 475/201/377
f 476/202/373 472/198/374 474/200/373
f 473/199/377 477/203/367 475/201/377
f 478/204/380 476/202/373 474/200/373
f 479/205/381 476/202/373 478/204/380
f 475/201/377 477/203/367 480/206/367
f 477/203/367 481/207/368 480/206/367
f 480/206/367 481/207/368 482/208/382
f 481/207/368 483/209/370 482/208/382
f 482/208/382 483/209/370 484/210/369
f 483/209/370 485/211/371 484/210/369
f 484/210/369 485/211/371 486/212/371
f 485/211/371 487/213/372 486/212/371
f 486/212/371 487/213/372 488/214/372
f 489/215/383 490/216/384 491/163/383
f 492/168/385 489/215/383 491/163/383
f 491/163/383 490/216/384 493/164/386
f 494/217/385 489/215/383 492/168/385
f 490/216/384 495/218/387 493/164/386
f 493/164/386 495/218/387 496/169/387
f 497/172/388 494/217/385 492/168/385
f 498/219/388 494/217/385 497/172/388
f 499/174/389 498/219/388 497/172/388
f 500/220/389 498/219/388 499/174/389
f 500/220/389 499/174/389 501/221/390
f 501/221/390 499/174/389 502/176/390
f 503/178/391 501/221/390 502/176/390
f 504/222/391 501/221/390 503/178/391
f 505/180/392 504/222/391 503/178/391
f 506/223/393 504/222/391 505/180/392
f 507/182/394 506/223/393 505/180/392
f 508/224/394 506/223/393 507/182/394
f 509/184/395 508/224/394 507/182/394
f 510/225/395 508/224/394 509/184/395
f 511/186/396 510/225/395 509/184/395
f 512/226/397 510/225/395 511/186/396
f 512/226/397 511/186/396 513/227/398
f 513/227/398 511/186/396 514/188/398
f 515/228/399 516/229/400 517/189/399
f 518/194/401 515/228/399 517/189/399
f 517/189/399 516/229/400 519/190/400
f 520/230/401 515/228/399 518/194/401
f 516/229/400 521/231/402 519/190/400
f 522/198/403 520/230/401 518/194/401
f 519/190/400 521/231/402 523/195/402
f 524/232/403 520/230/401 522/198/403
f 521/231/402 525/233/404 523/195/402
f 524/232/403 522/198/403 526/234/405
f 523/195/402 525/233/404 527/199/404
f 526/234/405 522/198/403 528/202/405
f 525/233/404 529/203/406 527/199/404
f 530/205/407 526/234/405 528/202/405
f 531/235/407 526/234/405 530/205/407
f 532/236/406 529/203/406 525/233/404
f 532/236/406 533/237/408 529/203/406
f 529/203/406 533/237/408 534/207/408
f 533/237/408 535/238/409 534/207/408
f 534/207/408 535/238/409 536/209/409
f 535/238/409 537/239/410 536/209/409
f 536/209/409 537/239/410 538/211/410
f 537/239/410 539/240/407 538/211/410
f 538/211/410 539/240/407 540/213/407
f 541/241/41 542/242/41 543/243/41
f 541/241/41 543/243/41 544/244/41
f 543/243/41 542/242/41 545/245/41
f 544/244/41 543/243/41 546/246/41
f 546/246/41 547/247/41 544/244/41
f 545/245/41 542/242/41 548/248/41
f 548/248/41 542/242/41 549/249/41
f 548/248/41 549/249/41 550/250/41
f 550/250/41 549/249/41 551/251/41
f 551/251/41 552/252/41 550/250/41
f 553/253/50 554/254/50 555/255/50
f 553/253/50 555/255/50 556/256/50
f 555/255/50 554/254/50 557/257/50
f 556/256/50 555/255/50 558/258/50
f 557/257/50 554/254/50 559/259/50
f 556/256/50 558/258/50 560/260/50
f 559/259/50 554/254/50 561/261/50
f 561/261/50 562/262/50 559/259/50
f 560/260/50 558/258/50 563/263/50
f 563/263/50 564/264/50 560/260/50
f 565/265/411 566/266/412 567/267/413
f 568/268/414 565/265/411 567/267/413
f 567/267/413 566/266/412 569/269/415
f 570/270/416 565/265/411 568/268/414
f 569/269/415 571/271/417 567/267/413
f 572/272/418 566/266/412 565/265/411
f 573/273/419 565/265/411 570/270/416
f 567/267/413 574/274/420 568/268/414
f 571/271/417 574/274/420 567/267/413
f 572/272/418 565/265/411 573/273/419
f 575/275/421 566/266/412 572/272/418
f 576/276/422 571/271/417 569/269/415
f 577/277/423 574/274/420 571/271/417
f 573/273/419 578/278/424 572/272/418
f 572/272/418 579/279/425 575/275/421
f 580/280/426 571/271/417 576/276/422
f 577/277/423 571/271/417 580/280/426
f 581/281/427 574/274/420 577/277/423
f 572/272/418 578/278/424 579/279/425
f 575/275/421 579/279/425 582/282/428
f 583/283/429 579/279/425 578/278/424
f 584/284/430 582/282/428 579/279/425
f 584/284/430 579/279/425 583/283/429
f 585/285/431 582/282/428 584/284/430
f 583/283/429 586/286/432 584/284/430
f 584/284/430 587/287/433 585/285/431
f 584/284/430 586/286/432 587/287/433
f 585/285/431 587/287/433 588/288/434
f 589/289/435 587/287/433 586/286/432
f 590/290/436 588/288/434 587/287/433
f 590/290/436 587/287/433 589/289/435
f 591/291/437 588/288/434 590/290/436
f 592/292/438 590/290/436 589/289/435
f 593/293/439 591/291/437 590/290/436
f 593/293/439 590/290/436 592/292/438
f 594/294/440 591/291/437 593/293/439
f 593/293/439 592/292/438 595/295/441
f 593/293/439 595/295/441 594/294/440
f 595/295/441 592/292/438 596/296/442
f 594/294/440 595/295/441 597/297/443
f 596/296/442 598/298/444 595/295/441
f 599/299/445 598/298/444 596/296/442
f 595/295/441 598/298/444 600/300/446
f 599/299/445 601/301/447 598/298/444
f 602/302/448 601/301/447 599/299/445
f 601/301/447 603/303/449 598/298/444
f 604/304/450 601/301/447 602/302/448
f 604/304/450 603/303/449 601/301/447
f 598/298/444 603/303/449 605/305/451
f 598/298/444 605/305/451 606/300/452
f 606/300/452 605/305/451 607/306/452
f 608/306/453 609/307/454 610/300/455
f 611/300/456 609/307/454 608/306/453
f 610/300/455 609/307/454 612/308/455
f 613/308/457 609/307/454 611/300/456
f 614/265/458 615/267/459 616/266/460
f 614/265/458 617/268/461 615/267/459
f 616/266/460 615/267/459 618/269/462
f 619/270/463 617/268/461 614/265/458
f 616/266/460 620/272/464 614/265/458
f 621/271/465 618/269/462 615/267/459
f 614/265/458 622/273/466 619/270/463
f 623/274/467 615/267/459 617/268/461
f 620/272/464 622/273/466 614/265/458
f 621/271/465 615/267/459 623/274/467
f 624/276/468 618/269/462 621/271/465
f 625/275/469 620/272/464 616/266/460
f 620/272/464 626/278/470 622/273/466
f 621/271/465 623/274/467 627/277/471
f 624/276/468 621/271/465 628/280/472
f 625/275/469 629/279/473 620/272/464
f 629/279/473 626/278/470 620/272/464
f 627/277/471 623/274/467 630/281/474
f 628/280/472 621/271/465 627/277/471
f 631/282/475 629/279/473 625/275/469
f 629/279/473 632/283/476 626/278/470
f 631/282/475 633/284/477 629/279/473
f 633/284/477 632/283/476 629/279/473
f 634/285/478 633/284/477 631/282/475
f 633/284/477 635/286/479 632/283/476
f 634/285/478 636/287/480 633/284/477
f 636/287/480 635/286/479 633/284/477
f 637/288/481 636/287/480 634/285/478
f 635/286/479 636/287/480 638/289/482
f 636/287/480 637/288/481 639/290/483
f 638/289/482 636/287/480 639/290/483
f 639/290/483 637/288/481 640/291/484
f 639/290/483 641/292/485 638/289/482
f 640/291/484 642/293/486 639/290/483
f 642/293/486 641/292/485 639/290/483
f 643/294/487 642/293/486 640/291/484
f 642/293/486 644/295/488 641/292/485
f 643/294/487 644/295/488 642/293/486
f 641/292/485 644/295/488 645/296/489
f 646/297/490 644/295/488 643/294/487
f 647/298/491 645/296/489 644/295/488
f 648/299/492 645/296/489 647/298/491
f 644/295/488 649/300/493 647/298/491
f 650/301/494 648/299/492 647/298/491
f 651/302/495 648/299/492 650/301/494
f 650/301/494 647/298/491 652/303/496
f 653/304/497 651/302/495 650/301/494
f 653/304/497 650/301/494 652/303/496
f 652/303/496 647/298/491 654/305/498
f 647/298/491 655/300/499 654/305/498
f 654/305/498 655/300/499 656/306/499
f 657/309/500 658/310/501 659/311/502
f 660/312/503 657/309/500 659/311/502
f 659/311/502 658/310/501 661/313/504
f 662/314/505 657/309/500 660/312/503
f 659/311/502 661/313/504 663/315/506
f 658/310/501 664/316/507 661/313/504
f 662/314/505 665/317/508 657/309/500
f 660/312/503 659/311/502 666/318/509
f 666/318/509 659/311/502 663/315/506
f 661/313/504 664/316/507 667/319/510
f 665/317/508 668/320/360 657/309/500
f 657/309/500 668/320/360 658/310/501
f 666/318/509 663/315/506 669/321/511
f 664/316/507 670/322/512 667/319/510
f 671/323/513 665/317/508 662/314/505
f 668/320/360 672/324/514 658/310/501
f 658/310/501 672/324/514 664/316/507
f 667/319/510 670/322/512 673/325/515
f 665/317/508 674/326/516 668/320/360
f 671/323/513 675/327/517 665/317/508
f 672/324/514 676/328/518 664/316/507
f 664/316/507 676/328/518 670/322/512
f 675/327/517 674/326/516 665/317/508
f 674/326/516 677/329/519 668/320/360
f 668/320/360 677/329/519 672/324/514
f 678/330/520 675/327/517 671/323/513
f 670/322/512 679/331/521 673/325/515
f 676/328/518 680/332/522 670/322/512
f 677/329/519 681/333/523 672/324/514
f 673/325/515 682/334/524 667/319/510
f 672/324/514 681/333/523 676/328/518
f 670/322/512 680/332/522 679/331/521
f 673/325/515 679/331/521 683/335/525
f 673/325/515 683/335/525 682/334/524
f 667/319/510 682/334/524 684/336/526
f 681/333/523 685/337/527 676/328/518
f 676/328/518 685/337/527 680/332/522
f 682/334/524 683/335/525 686/338/528
f 667/319/510 684/336/526 661/313/504
f 682/334/524 686/338/528 687/339/529
f 684/336/526 682/334/524 688/340/530
f 688/340/530 682/334/524 687/339/529
f 661/313/504 684/336/526 689/341/531
f 687/339/529 686/338/528 690/342/532
f 688/340/530 687/339/529 691/343/533
f 663/315/506 661/313/504 689/341/531
f 689/341/531 684/336/526 692/344/371
f 687/339/529 690/342/532 693/345/534
f 691/343/533 687/339/529 693/345/534
f 692/344/371 684/336/526 688/340/530
f 663/315/506 689/341/531 694/346/535
f 691/343/533 693/345/534 695/347/536
f 694/346/535 689/341/531 692/344/371
f 693/345/534 690/342/532 696/348/537
f 669/321/511 663/315/506 694/346/535
f 695/347/536 693/345/534 697/349/538
f 694/346/535 692/344/371 698/350/539
f 693/345/534 696/348/537 697/349/538
f 669/321/511 694/346/535 699/351/537
f 695/347/536 697/349/538 700/352/540
f 699/351/537 694/346/535 698/350/539
f 698/350/539 692/344/371 701/353/541
f 701/353/541 688/340/530 691/343/533
f 700/352/540 697/349/538 702/354/542
f 699/351/537 698/350/539 703/355/543
f 692/344/371 688/340/530 701/353/541
f 704/356/516 695/347/536 700/352/540
f 697/349/538 705/357/544 702/354/542
f 697/349/538 696/348/537 705/357/544
f 703/355/543 698/350/539 706/358/545
f 698/350/539 701/353/541 706/358/545
f 707/359/374 695/347/536 704/356/516
f 701/353/541 691/343/533 707/359/374
f 702/354/542 705/357/544 708/360/546
f 706/358/545 701/353/541 707/359/374
f 707/359/374 691/343/533 695/347/536
f 709/361/547 707/359/374 704/356/516
f 703/355/543 706/358/545 710/362/546
f 706/358/545 707/359/374 709/361/547
f 710/362/546 706/358/545 709/361/547
f 711/363/548 712/364/549 713/365/550
f 714/366/551 711/363/548 713/365/550
f 713/365/550 712/364/549 715/367/50
f 716/368/552 711/363/548 714/366/551
f 713/365/550 715/367/50 717/369/553
f 713/365/550 717/369/553 714/366/551
f 712/364/549 718/370/554 715/367/50
f 717/369/553 715/367/50 719/371/555
f 714/366/551 717/369/553 720/372/556
f 715/367/50 718/370/554 721/373/557
f 715/367/50 721/373/557 719/371/555
f 717/369/553 719/371/555 722/374/558
f 717/369/553 722/374/558 720/372/556
f 718/370/554 723/375/559 721/373/557
f 722/374/558 719/371/555 724/376/560
f 720/372/556 722/374/558 725/377/561
f 726/378/562 723/375/559 718/370/554
f 721/373/557 723/375/559 727/379/563
f 719/371/555 727/379/563 724/376/560
f 722/374/558 724/376/560 728/380/564
f 725/377/561 722/374/558 729/381/565
f 719/371/555 721/373/557 727/379/563
f 727/379/563 723/375/559 730/382/566
f 729/381/565 722/374/558 728/380/564
f 728/380/564 724/376/560 731/383/567
f 727/379/563 730/382/566 732/384/568
f 724/376/560 732/384/568 731/383/567
f 724/376/560 727/379/563 732/384/568
f 729/381/565 728/380/564 733/385/552
f 732/384/568 730/382/566 734/386/569
f 728/380/564 731/383/567 735/387/570
f 733/385/552 728/380/564 735/387/570
f 732/384/568 734/386/569 736/388/571
f 731/383/567 732/384/568 736/388/571
f 735/387/570 731/383/567 737/389/572
f 731/383/567 736/388/571 737/389/572
f 736/388/571 734/386/569 738/390/573
f 737/389/572 736/388/571 739/391/554
f 738/390/573 740/392/562 736/388/571
f 736/388/571 740/392/562 739/391/554
f 741/393/574 742/394/575 743/395/576
f 744/396/577 742/394/575 741/393/574
f 743/395/576 742/394/575 745/394/578
f 746/397/579 742/394/575 744/396/577
f 746/397/579 744/396/577 747/398/580
f 747/398/580 744/396/577 748/399/223
f 748/399/223 749/400/581 747/398/580
f 750/401/582 751/402/583 752/403/584
f 752/403/584 751/402/583 753/404/585
f 751/402/583 754/405/586 753/404/585
f 755/406/587 753/404/585 754/405/586
f 756/407/588 753/404/585 755/406/587
f 757/408/589 756/407/588 755/406/587
f 758/409/590 756/407/588 757/408/589
f 758/409/590 757/408/589 759/410/581
f 759/410/581 757/408/589 760/411/591
f 759/410/581 760/411/591 761/412/592
f 761/412/592 760/411/591 762/413/593
f 761/412/592 762/413/593 763/414/594
f 763/414/594 762/413/593 764/415/595
f 763/414/594 764/415/595 765/404/596
f 765/404/596 764/415/595 766/416/597
f 765/404/596 766/416/597 767/402/598
f 767/402/598 768/417/599 765/404/596
f 769/418/600 768/417/599 767/402/598
f 770/419/601 771/420/601 772/421/602
f 772/421/602 771/420/601 773/422/602
f 774/423/603 772/421/602 773/422/602
f 775/424/603 772/421/602 774/423/603
f 776/396/604 775/424/603 774/423/603
f 777/425/604 775/424/603 776/396/604
f 777/425/604 776/396/604 778/398/41
f 778/398/41 776/396/604 779/399/41
f 779/399/41 780/400/41 778/398/41
f 781/426/605 782/427/379 783/428/606
f 783/428/606 782/427/379 784/429/360
f 782/427/379 785/430/516 784/429/360
f 784/429/360 785/430/516 786/431/516
f 785/430/516 787/432/374 786/431/516
f 786/431/516 787/432/374 788/433/374
f 787/432/374 789/434/607 788/433/374
f 788/433/374 789/434/607 790/435/607
f 789/434/607 791/436/608 790/435/607
f 790/435/607 791/436/608 792/437/371
f 791/436/608 793/438/609 792/437/371
f 792/437/371 793/438/609 794/439/609
f 793/438/609 795/440/367 794/439/609
f 794/439/609 795/440/367 796/441/367
f 795/440/367 797/442/610 796/441/367
f 796/441/367 797/442/610 798/443/611
f 799/444/50 800/445/50 801/446/50
f 799/444/50 801/446/50 802/447/50
f 801/446/50 800/445/50 803/448/50
f 800/445/50 804/449/50 803/448/50
f 802/447/50 801/446/50 805/450/50
f 805/450/50 806/451/50 802/447/50
f 807/452/41 808/453/41 809/454/41
f 809/454/41 810/455/41 807/452/41
f 809/454/41 808/453/41 811/456/41
f 811/456/41 808/453/41 812/457/41
f 812/457/41 808/453/41 813/458/41
f 813/458/41 814/459/41 812/457/41
f 815/460/612 816/461/613 817/462/614
f 815/460/612 818/463/615 816/461/613
f 817/462/614 816/461/613 819/464/616
f 820/465/617 818/463/615 815/460/612
f 821/466/618 815/460/612 817/462/614
f 819/464/616 816/461/613 822/467/619
f 820/465/617 823/468/620 818/463/615
f 824/469/621 815/460/612 821/466/618
f 825/461/622 817/462/614 819/464/616
f 824/469/621 820/465/617 815/460/612
f 826/470/623 823/468/620 820/465/617
f 827/471/624 824/469/621 821/466/618
f 828/460/625 817/462/614 825/461/622
f 826/470/623 829/472/626 823/468/620
f 830/473/627 824/469/621 827/471/624
f 831/463/628 828/460/625 825/461/622
f 832/474/629 829/472/626 826/470/623
f 830/473/627 833/475/630 824/469/621
f 833/475/630 820/465/617 824/469/621
f 834/465/631 828/460/625 831/463/628
f 823/468/620 829/472/626 835/476/632
f 833/475/630 826/470/623 820/465/617
f 836/468/633 834/465/631 831/463/628
f 835/476/632 818/463/615 823/468/620
f 837/477/634 826/470/623 833/475/630
f 837/477/634 832/474/629 826/470/623
f 838/470/635 834/465/631 836/468/633
f 832/474/629 838/470/635 829/472/626
f 839/478/636 818/463/615 835/476/632
f 840/479/637 832/474/629 837/477/634
f 829/472/626 838/470/635 836/468/633
f 839/478/636 816/461/613 818/463/615
f 841/480/638 840/479/637 837/477/634
f 835/476/632 829/472/626 842/481/639
f 836/468/633 842/481/639 829/472/626
f 843/482/640 816/461/613 839/478/636
f 844/483/641 840/479/637 841/480/638
f 845/476/642 842/481/639 836/468/633
f 822/467/619 816/461/613 843/482/640
f 830/473/627 844/483/641 841/480/638
f 831/463/628 845/476/642 836/468/633
f 844/483/641 846/477/643 840/479/637
f 841/480/638 837/477/634 847/484/644
f 830/473/627 841/480/638 847/484/644
f 848/478/645 845/476/642 831/463/628
f 840/479/637 846/477/643 832/474/629
f 847/484/644 833/475/630 830/473/627
f 847/484/644 837/477/634 833/475/630
f 825/461/622 848/478/645 831/463/628
f 832/474/629 846/477/643 838/470/635
f 827/471/624 844/483/641 830/473/627
f 849/482/646 848/478/645 825/461/622
f 846/477/643 850/475/647 838/470/635
f 827/471/624 851/480/648 844/483/641
f 819/464/616 849/482/646 825/461/622
f 851/480/648 846/477/643 844/483/641
f 838/470/635 850/475/647 834/465/631
f 822/467/619 849/482/646 819/464/616
f 851/480/648 852/484/649 846/477/643
f 853/473/650 851/480/648 827/471/624
f 852/484/649 853/473/650 850/475/647
f 850/475/647 854/469/651 834/465/631
f 846/477/643 852/484/649 850/475/647
f 853/473/650 852/484/649 851/480/648
f 850/475/647 853/473/650 854/469/651
f 827/471/624 821/466/618 853/473/650
f 834/465/631 854/469/651 828/460/625
f 853/473/650 821/466/618 854/469/651
f 854/469/651 817/462/614 828/460/625
f 821/466/618 817/462/614 854/469/651
f 855/485/652 856/486/653 857/487/654
f 858/488/655 855/485/652 857/487/654
f 857/487/654 856/486/653 859/489/50
f 860/490/656 855/485/652 858/488/655
f 857/487/654 859/489/50 861/491/657
f 856/486/653 862/492/658 859/489/50
f 863/493/659 860/490/656 858/488/655
f 855/485/652 864/494/360 856/486/653
f 861/491/657 859/489/50 865/495/660
f 866/496/661 860/490/656 863/493/659
f 867/497/662 864/494/360 855/485/652
f 868/498/663 857/487/654 861/491/657
f 858/488/655 857/487/654 868/498/663
f 860/490/656 867/497/662 855/485/652
f 863/493/659 858/488/655 869/499/664
f 864/494/360 870/500/665 856/486/653
f 869/499/664 858/488/655 868/498/663
f 856/486/653 870/500/665 862/492/658
f 871/501/666 867/497/662 860/490/656
f 866/496/661 871/501/666 860/490/656
f 867/497/662 872/502/667 864/494/360
f 870/500/665 873/503/668 862/492/658
f 874/504/669 871/501/666 866/496/661
f 875/505/670 872/502/667 867/497/662
f 870/500/665 876/506/671 873/503/668
f 874/504/669 877/507/672 871/501/666
f 877/507/672 875/505/670 871/501/666
f 872/502/667 878/508/673 864/494/360
f 878/508/673 876/506/671 870/500/665
f 871/501/666 875/505/670 867/497/662
f 879/509/674 877/507/672 874/504/669
f 864/494/360 878/508/673 870/500/665
f 878/508/673 880/510/675 876/506/671
f 875/505/670 881/511/41 872/502/667
f 877/507/672 882/512/676 875/505/670
f 879/509/674 883/513/677 877/507/672
f 884/514/678 880/510/675 878/508/673
f 881/511/41 884/514/678 872/502/667
f 882/512/676 881/511/41 875/505/670
f 883/513/677 882/512/676 877/507/672
f 884/514/678 885/515/679 880/510/675
f 872/502/667 884/514/678 878/508/673
f 882/512/676 886/516/680 881/511/41
f 887/517/681 883/513/677 879/509/674
f 888/518/682 885/515/679 884/514/678
f 889/519/683 886/516/680 882/512/676
f 886/516/680 888/518/682 881/511/41
f 883/513/677 889/519/683 882/512/676
f 887/517/681 890/520/684 883/513/677
f 881/511/41 888/518/682 884/514/678
f 891/521/685 886/516/680 889/519/683
f 892/522/686 890/520/684 887/517/681
f 890/520/684 889/519/683 883/513/677
f 888/518/682 893/523/687 885/515/679
f 890/520/684 891/521/685 889/519/683
f 892/522/686 894/524/688 890/520/684
f 895/525/689 886/516/680 891/521/685
f 896/526/690 893/523/687 888/518/682
f 897/527/691 894/524/688 892/522/686
f 895/525/689 896/526/690 886/516/680
f 894/524/688 891/521/685 890/520/684
f 886/516/680 896/526/690 888/518/682
f 897/527/691 898/528/692 894/524/688
f 891/521/685 899/529/660 895/525/689
f 896/526/690 900/530/693 893/523/687
f 901/531/694 898/528/692 897/527/691
f 898/528/692 891/521/685 894/524/688
f 899/529/660 902/532/695 895/525/689
f 902/532/695 900/530/693 896/526/690
f 895/525/689 902/532/695 896/526/690
f 903/533/696 891/521/685 898/528/692
f 903/533/696 899/529/660 891/521/685
f 862/492/658 904/534/697 905/535/698
f 859/489/50 862/492/658 905/535/698
f 905/535/698 904/534/697 906/536/699
f 862/492/658 873/503/668 904/534/697
f 859/489/50 905/535/698 865/495/660
f 905/535/698 906/536/699 907/537/700
f 865/495/660 905/535/698 907/537/700
f 907/537/700 906/536/699 908/538/693
f 909/485/701 910/486/702 911/487/703
f 912/488/704 909/485/701 911/487/703
f 911/487/703 910/486/702 913/489/223
f 914/490/705 909/485/701 912/488/704
f 911/487/703 913/489/223 915/491/706
f 910/486/702 916/492/707 913/489/223
f 917/493/708 914/490/705 912/488/704
f 909/485/701 918/494/709 910/486/702
f 915/491/706 913/489/223 919/495/710
f 920/496/711 914/490/705 917/493/708
f 921/497/712 918/494/709 909/485/701
f 922/498/713 911/487/703 915/491/706
f 912/488/704 911/487/703 922/498/713
f 923/501/714 909/485/701 914/490/705
f 921/497/712 909/485/701 923/501/714
f 920/496/711 923/501/714 914/490/705
f 918/494/709 924/500/715 910/486/702
f 910/486/702 924/500/715 916/492/707
f 921/497/712 925/502/716 918/494/709
f 926/504/717 923/501/714 920/496/711
f 927/499/718 912/488/704 922/498/713
f 928/505/719 925/502/716 921/497/712
f 926/504/717 929/507/720 923/501/714
f 917/493/708 912/488/704 927/499/718
f 928/505/719 921/497/712 929/507/720
f 925/502/716 930/508/721 918/494/709
f 929/507/720 921/497/712 923/501/714
f 918/494/709 930/508/721 924/500/715
f 931/509/722 929/507/720 926/504/717
f 928/505/719 932/511/41 925/502/716
f 930/508/721 933/506/723 924/500/715
f 931/509/722 934/513/724 929/507/720
f 935/512/725 932/511/41 928/505/719
f 930/508/721 936/510/726 933/506/723
f 937/517/726 934/513/724 931/509/722
f 934/513/724 935/512/725 929/507/720
f 929/507/720 935/512/725 928/505/719
f 938/514/727 936/510/726 930/508/721
f 932/511/41 938/514/727 925/502/716
f 934/513/724 939/519/728 935/512/725
f 937/517/726 940/520/729 934/513/724
f 925/502/716 938/514/727 930/508/721
f 935/512/725 941/516/730 932/511/41
f 939/519/728 941/516/730 935/512/725
f 940/520/729 939/519/728 934/513/724
f 942/522/731 940/520/729 937/517/726
f 938/514/727 943/515/731 936/510/726
f 941/516/730 944/518/732 932/511/41
f 942/522/731 945/524/733 940/520/729
f 944/518/732 943/515/731 938/514/727
f 939/519/728 946/525/734 941/516/730
f 932/511/41 944/518/732 938/514/727
f 945/524/733 947/521/735 940/520/729
f 947/521/735 946/525/734 939/519/728
f 946/525/734 948/526/736 941/516/730
f 941/516/730 948/526/736 944/518/732
f 944/518/732 949/523/737 943/515/731
f 940/520/729 947/521/735 939/519/728
f 950/533/738 946/525/734 947/521/735
f 948/526/736 949/523/737 944/518/732
f 951/527/737 945/524/733 942/522/731
f 952/529/739 946/525/734 950/533/738
f 948/526/736 953/530/740 949/523/737
f 951/527/737 954/528/741 945/524/733
f 950/533/738 947/521/735 954/528/741
f 952/529/739 955/532/742 946/525/734
f 955/532/742 953/530/740 948/526/736
f 954/528/741 947/521/735 945/524/733
f 956/531/743 954/528/741 951/527/737
f 946/525/734 955/532/742 948/526/736
f 916/492/707 957/534/744 958/535/745
f 913/489/223 916/492/707 958/535/745
f 958/535/745 957/534/744 959/536/746
f 913/489/223 958/535/745 919/495/710
f 916/492/707 960/503/747 957/534/744
f 958/535/745 959/536/746 961/537/748
f 919/495/710 958/535/745 961/537/748
f 961/537/748 959/536/746 962/538/718
f 924/500/715 960/503/747 916/492/707
f 924/500/715 933/506/723 960/503/747
f 963/485/749 964/486/750 965/487/751
f 966/488/752 963/485/749 965/487/751
f 965/487/751 964/486/750 967/489/50
f 968/490/753 963/485/749 966/488/752
f 965/487/751 967/489/50 969/491/754
f 964/486/750 970/492/755 967/489/50
f 971/493/756 968/490/753 966/488/752
f 963/485/749 972/494/757 964/486/750
f 969/491/754 967/489/50 973/495/758
f 974/496/759 968/490/753 971/493/756
f 975/497/760 972/494/757 963/485/749
f 976/498/761 965/487/751 969/491/754
f 966/488/752 965/487/751 976/498/761
f 968/490/753 975/497/760 963/485/749
f 971/493/756 966/488/752 977/499/762
f 972/494/757 978/500/763 964/486/750
f 977/499/762 966/488/752 976/498/761
f 964/486/750 978/500/763 970/492/755
f 979/501/764 975/497/760 968/490/753
f 974/496/759 979/501/764 968/490/753
f 975/497/760 980/502/765 972/494/757
f 978/500/763 981/503/766 970/492/755
f 982/504/767 979/501/764 974/496/759
f 983/505/768 980/502/765 975/497/760
f 978/500/763 984/506/769 981/503/766
f 982/504/767 985/507/770 979/501/764
f 985/507/770 983/505/768 979/501/764
f 980/502/765 986/508/771 972/494/757
f 986/508/771 984/506/769 978/500/763
f 979/501/764 983/505/768 975/497/760
f 987/509/769 985/507/770 982/504/767
f 972/494/757 986/508/771 978/500/763
f 986/508/771 988/510/772 984/506/769
f 983/505/768 989/511/39 980/502/765
f 985/507/770 990/512/773 983/505/768
f 987/509/769 991/513/774 985/507/770
f 992/514/775 988/510/772 986/508/771
f 989/511/39 992/514/775 980/502/765
f 990/512/773 989/511/39 983/505/768
f 991/513/774 990/512/773 985/507/770
f 992/514/775 993/515/776 988/510/772
f 980/502/765 992/514/775 986/508/771
f 990/512/773 994/516/777 989/511/39
f 995/517/778 991/513/774 987/509/769
f 996/518/779 993/515/776 992/514/775
f 997/519/780 994/516/777 990/512/773
f 994/516/777 996/518/779 989/511/39
f 991/513/774 997/519/780 990/512/773
f 995/517/778 998/520/781 991/513/774
f 989/511/39 996/518/779 992/514/775
f 997/519/780 999/525/782 994/516/777
f 1000/522/776 998/520/781 995/517/778
f 998/520/781 997/519/780 991/513/774
f 996/518/779 1001/523/783 993/515/776
f 999/525/782 1002/526/784 994/516/777
f 1003/524/785 997/519/780 998/520/781
f 1002/526/784 1001/523/783 996/518/779
f 1000/522/776 1003/524/785 998/520/781
f 1004/521/786 999/525/782 997/519/780
f 994/516/777 1002/526/784 996/518/779
f 1005/527/783 1003/524/785 1000/522/776
f 1004/521/786 997/519/780 1003/524/785
f 1006/533/787 999/525/782 1004/521/786
f 1002/526/784 1007/530/788 1001/523/783
f 1005/527/783 1008/528/789 1003/524/785
f 1008/528/789 1006/533/787 1003/524/785
f 1009/529/790 999/525/782 1006/533/787
f 1003/524/785 1006/533/787 1004/521/786
f 1010/532/791 1007/530/788 1002/526/784
f 1011/531/792 1008/528/789 1005/527/783
f 1009/529/790 1010/532/791 999/525/782
f 999/525/782 1010/532/791 1002/526/784
f 970/492/755 1012/534/793 1013/535/794
f 967/489/50 970/492/755 1013/535/794
f 1013/535/794 1012/534/793 1014/536/795
f 970/492/755 981/503/766 1012/534/793
f 967/489/50 1013/535/794 973/495/758
f 1013/535/794 1014/536/795 1015/537/791
f 973/495/758 1013/535/794 1015/537/791
f 1015/537/791 1014/536/795 1016/538/762
f 1017/485/796 1018/486/797 1019/487/798
f 1020/488/799 1017/485/796 1019/487/798
f 1019/487/798 1018/486/797 1021/489/50
f 1022/490/800 1017/485/796 1020/488/799
f 1019/487/798 1021/489/50 1023/491/801
f 1018/486/797 1024/492/802 1021/489/50
f 1025/493/803 1022/490/800 1020/488/799
f 1017/485/796 1026/494/804 1018/486/797
f 1023/491/801 1021/489/50 1027/495/805
f 1028/496/806 1022/490/800 1025/493/803
f 1029/497/807 1026/494/804 1017/485/796
f 1030/498/808 1019/487/798 1023/491/801
f 1020/488/799 1019/487/798 1030/498/808
f 1022/490/800 1029/497/807 1017/485/796
f 1025/493/803 1020/488/799 1031/499/809
f 1026/494/804 1032/500/810 1018/486/797
f 1031/499/809 1020/488/799 1030/498/808
f 1018/486/797 1032/500/810 1024/492/802
f 1033/501/811 1029/497/807 1022/490/800
f 1028/496/806 1033/501/811 1022/490/800
f 1029/497/807 1034/502/812 1026/494/804
f 1032/500/810 1035/503/813 1024/492/802
f 1036/504/814 1033/501/811 1028/496/806
f 1037/505/815 1034/502/812 1029/497/807
f 1032/500/810 1038/506/816 1035/503/813
f 1036/504/814 1039/507/817 1033/501/811
f 1039/507/817 1037/505/815 1033/501/811
f 1034/502/812 1040/508/818 1026/494/804
f 1040/508/818 1038/506/816 1032/500/810
f 1033/501/811 1037/505/815 1029/497/807
f 1041/509/819 1039/507/817 1036/504/814
f 1026/494/804 1040/508/818 1032/500/810
f 1040/508/818 1042/510/820 1038/506/816
f 1037/505/815 1043/511/41 1034/502/812
f 1039/507/817 1044/512/821 1037/505/815
f 1041/509/819 1045/513/822 1039/507/817
f 1046/514/823 1042/510/820 1040/508/818
f 1043/511/41 1046/514/823 1034/502/812
f 1044/512/821 1043/511/41 1037/505/815
f 1045/513/822 1044/512/821 1039/507/817
f 1046/514/823 1047/515/824 1042/510/820
f 1034/502/812 1046/514/823 1040/508/818
f 1044/512/821 1048/516/825 1043/511/41
f 1049/517/826 1045/513/822 1041/509/819
f 1050/518/827 1047/515/824 1046/514/823
f 1051/519/828 1048/516/825 1044/512/821
f 1048/516/825 1050/518/827 1043/511/41
f 1045/513/822 1051/519/828 1044/512/821
f 1049/517/826 1052/520/829 1045/513/822
f 1043/511/41 1050/518/827 1046/514/823
f 1051/519/828 1053/525/830 1048/516/825
f 1054/522/831 1052/520/829 1049/517/826
f 1052/520/829 1051/519/828 1045/513/822
f 1050/518/827 1055/523/832 1047/515/824
f 1053/525/830 1056/526/833 1048/516/825
f 1057/524/834 1051/519/828 1052/520/829
f 1056/526/833 1055/523/832 1050/518/827
f 1054/522/831 1057/524/834 1052/520/829
f 1058/521/835 1053/525/830 1051/519/828
f 1048/516/825 1056/526/833 1050/518/827
f 1059/527/836 1057/524/834 1054/522/831
f 1058/521/835 1051/519/828 1057/524/834
f 1058/521/835 1060/529/837 1053/525/830
f 1056/526/833 1061/530/809 1055/523/832
f 1059/527/836 1062/528/838 1057/524/834
f 1063/533/801 1060/529/837 1058/521/835
f 1064/532/839 1061/530/809 1056/526/833
f 1060/529/837 1064/532/839 1053/525/830
f 1062/528/838 1063/533/801 1057/524/834
f 1057/524/834 1063/533/801 1058/521/835
f 1065/531/840 1062/528/838 1059/527/836
f 1053/525/830 1064/532/839 1056/526/833
f 1024/492/802 1066/534/806 1067/535/841
f 1021/489/50 1024/492/802 1067/535/841
f 1067/535/841 1066/534/806 1068/536/842
f 1024/492/802 1035/503/813 1066/534/806
f 1021/489/50 1067/535/841 1027/495/805
f 1067/535/841 1068/536/842 1069/537/839
f 1027/495/805 1067/535/841 1069/537/839
f 1069/537/839 1068/536/842 1070/538/843
f 1071/485/844 1072/486/845 1073/487/846
f 1074/488/847 1071/485/844 1073/487/846
f 1073/487/846 1072/486/845 1075/489/50
f 1076/490/848 1071/485/844 1074/488/847
f 1073/487/846 1075/489/50 1077/491/849
f 1072/486/845 1078/492/850 1075/489/50
f 1079/493/851 1076/490/848 1074/488/847
f 1071/485/844 1080/494/852 1072/486/845
f 1077/491/849 1075/489/50 1081/495/853
f 1082/496/854 1076/490/848 1079/493/851
f 1083/497/855 1080/494/852 1071/485/844
f 1084/498/856 1073/487/846 1077/491/849
f 1074/488/847 1073/487/846 1084/498/856
f 1076/490/848 1083/497/855 1071/485/844
f 1079/493/851 1074/488/847 1085/499/857
f 1080/494/852 1086/500/858 1072/486/845
f 1085/499/857 1074/488/847 1084/498/856
f 1072/486/845 1086/500/858 1078/492/850
f 1087/501/859 1083/497/855 1076/490/848
f 1082/496/854 1087/501/859 1076/490/848
f 1083/497/855 1088/502/860 1080/494/852
f 1086/500/858 1089/503/861 1078/492/850
f 1090/504/862 1087/501/859 1082/496/854
f 1091/505/863 1088/502/860 1083/497/855
f 1086/500/858 1092/506/864 1089/503/861
f 1090/504/862 1093/507/865 1087/501/859
f 1093/507/865 1091/505/863 1087/501/859
f 1088/502/860 1094/508/866 1080/494/852
f 1094/508/866 1092/506/864 1086/500/858
f 1087/501/859 1091/505/863 1083/497/855
f 1095/509/867 1093/507/865 1090/504/862
f 1080/494/852 1094/508/866 1086/500/858
f 1094/508/866 1096/510/868 1092/506/864
f 1091/505/863 1097/511/41 1088/502/860
f 1093/507/865 1098/512/869 1091/505/863
f 1095/509/867 1099/513/870 1093/507/865
f 1100/514/871 1096/510/868 1094/508/866
f 1097/511/41 1100/514/871 1088/502/860
f 1098/512/869 1097/511/41 1091/505/863
f 1099/513/870 1098/512/869 1093/507/865
f 1100/514/871 1101/515/872 1096/510/868
f 1088/502/860 1100/514/871 1094/508/866
f 1098/512/869 1102/516/873 1097/511/41
f 1103/517/874 1099/513/870 1095/509/867
f 1104/518/875 1101/515/872 1100/514/871
f 1105/519/876 1102/516/873 1098/512/869
f 1102/516/873 1104/518/875 1097/511/41
f 1099/513/870 1105/519/876 1098/512/869
f 1103/517/874 1106/520/877 1099/513/870
f 1097/511/41 1104/518/875 1100/514/871
f 1105/519/876 1107/525/878 1102/516/873
f 1108/522/879 1106/520/877 1103/517/874
f 1106/520/877 1105/519/876 1099/513/870
f 1104/518/875 1109/523/880 1101/515/872
f 1107/525/878 1110/526/881 1102/516/873
f 1111/524/882 1105/519/876 1106/520/877
f 1110/526/881 1109/523/880 1104/518/875
f 1108/522/879 1111/524/882 1106/520/877
f 1112/521/883 1107/525/878 1105/519/876
f 1102/516/873 1110/526/881 1104/518/875
f 1113/527/884 1111/524/882 1108/522/879
f 1112/521/883 1105/519/876 1111/524/882
f 1114/533/849 1107/525/878 1112/521/883
f 1110/526/881 1115/530/885 1109/523/880
f 1113/527/884 1116/528/886 1111/524/882
f 1116/528/886 1114/533/849 1111/524/882
f 1117/529/887 1107/525/878 1114/533/849
f 1111/524/882 1114/533/849 1112/521/883
f 1118/532/888 1115/530/885 1110/526/881
f 1119/531/889 1116/528/886 1113/527/884
f 1117/529/887 1118/532/888 1107/525/878
f 1107/525/878 1118/532/888 1110/526/881
f 1078/492/850 1120/534/854 1121/535/890
f 1075/489/50 1078/492/850 1121/535/890
f 1121/535/890 1120/534/854 1122/536/891
f 1078/492/850 1089/503/861 1120/534/854
f 1075/489/50 1121/535/890 1081/495/853
f 1121/535/890 1122/536/891 1123/537/892
f 1081/495/853 1121/535/890 1123/537/892
f 1123/537/892 1122/536/891 1124/538/893
f 1125/485/894 1126/486/895 1127/487/846
f 1128/488/847 1125/485/894 1127/487/846
f 1127/487/846 1126/486/895 1129/489/50
f 1130/490/896 1125/485/894 1128/488/847
f 1127/487/846 1129/489/50 1131/491/897
f 1126/486/895 1132/492/898 1129/489/50
f 1133/493/891 1130/490/896 1128/488/847
f 1134/497/899 1126/486/895 1125/485/894
f 1131/491/897 1129/489/50 1135/495/900
f 1136/496/854 1130/490/896 1133/493/891
f 1137/494/901 1126/486/895 1134/497/899
f 1138/498/902 1127/487/846 1131/491/897
f 1128/488/847 1127/487/846 1138/498/902
f 1139/501/903 1125/485/894 1130/490/896
f 1136/496/854 1139/501/903 1130/490/896
f 1134/497/899 1125/485/894 1139/501/903
f 1137/494/901 1140/500/858 1126/486/895
f 1126/486/895 1140/500/858 1132/492/898
f 1141/504/862 1139/501/903 1136/496/854
f 1142/505/904 1137/494/901 1134/497/899
f 1143/499/857 1128/488/847 1138/498/902
f 1141/504/862 1144/507/905 1139/501/903
f 1144/507/905 1142/505/904 1139/501/903
f 1145/502/906 1137/494/901 1142/505/904
f 1139/501/903 1142/505/904 1134/497/899
f 1133/493/891 1128/488/847 1143/499/857
f 1146/509/867 1144/507/905 1141/504/862
f 1145/502/906 1147/508/907 1137/494/901
f 1137/494/901 1147/508/907 1140/500/858
f 1142/505/904 1148/511/41 1145/502/906
f 1146/509/867 1149/513/870 1144/507/905
f 1147/508/907 1150/506/864 1140/500/858
f 1151/512/908 1148/511/41 1142/505/904
f 1152/517/868 1149/513/870 1146/509/867
f 1149/513/870 1151/512/908 1144/507/905
f 1140/500/858 1150/506/864 1153/503/861
f 1144/507/905 1151/512/908 1142/505/904
f 1152/517/868 1154/520/909 1149/513/870
f 1140/500/858 1153/503/861 1132/492/898
f 1147/508/907 1155/510/910 1150/506/864
f 1156/522/879 1154/520/909 1152/517/868
f 1154/520/909 1157/519/911 1149/513/870
f 1149/513/870 1157/519/911 1151/512/908
f 1158/514/912 1155/510/910 1147/508/907
f 1156/522/879 1159/524/913 1154/520/909
f 1132/492/898 1153/503/861 1160/534/854
f 1159/524/913 1157/519/911 1154/520/909
f 1158/514/912 1161/515/872 1155/510/910
f 1132/492/898 1160/534/854 1162/535/890
f 1163/521/914 1157/519/911 1159/524/913
f 1145/502/906 1158/514/912 1147/508/907
f 1129/489/50 1132/492/898 1162/535/890
f 1163/521/914 1164/525/915 1157/519/911
f 1148/511/41 1158/514/912 1145/502/906
f 1129/489/50 1162/535/890 1135/495/900
f 1165/533/897 1164/525/915 1163/521/914
f 1159/524/913 1165/533/897 1163/521/914
f 1166/518/916 1161/515/872 1158/514/912
f 1148/511/41 1166/518/916 1158/514/912
f 1135/495/900 1162/535/890 1167/537/892
f 1168/529/917 1164/525/915 1165/533/897
f 1169/516/918 1166/518/916 1148/511/41
f 1157/519/911 1164/525/915 1169/516/918
f 1162/535/890 1170/536/891 1167/537/892
f 1171/528/919 1165/533/897 1159/524/913
f 1157/519/911 1169/516/918 1151/512/908
f 1151/512/908 1169/516/918 1148/511/41
f 1162/535/890 1160/534/854 1170/536/891
f 1167/537/892 1170/536/891 1172/538/920
f 1173/527/884 1171/528/919 1159/524/913
f 1164/525/915 1174/526/921 1169/516/918
f 1169/516/918 1174/526/921 1166/518/916
f 1173/527/884 1159/524/913 1156/522/879
f 1175/531/857 1171/528/919 1173/527/884
f 1164/525/915 1176/532/888 1174/526/921
f 1174/526/921 1177/523/884 1166/518/916
f 1168/529/917 1176/532/888 1164/525/915
f 1176/532/888 1178/530/922 1174/526/921
f 1174/526/921 1178/530/922 1177/523/884
f 1166/518/916 1177/523/884 1161/515/872
