# Blender 4.1.1
# www.blender.org
mtllib Prision Break.mtl
o GUI_Map_DayCareBack1_GUI_Map_DayCareBack3:GUI_Map_DayCareBack1
v -0.000141 0.001432 -0.004203
v -0.000182 0.001358 -0.004263
v -0.000240 0.001371 -0.004192
v 0.000903 0.001431 -0.003348
v 0.000849 0.001306 -0.003410
v 0.000806 0.001370 -0.003341
v -0.000182 0.001196 -0.004263
v -0.000240 0.001371 -0.004192
v -0.000182 0.001358 -0.004263
v 0.001114 0.001361 -0.003168
v 0.001060 0.001432 -0.003212
v 0.001069 0.001371 -0.003113
v 0.001123 0.001196 -0.003179
v 0.001114 0.001361 -0.003168
v 0.001069 0.001371 -0.003113
v 0.000138 0.001306 -0.003999
v 0.000054 0.001431 -0.004049
v 0.000065 0.001370 -0.003952
v -0.001217 0.004609 -0.002519
v -0.001118 0.004609 -0.002529
v -0.001158 0.004609 -0.002425
v -0.000377 0.004609 -0.001826
v -0.000480 0.004609 -0.001866
v -0.000386 0.004609 -0.001924
v -0.001002 0.003614 -0.001179
v -0.000903 0.003614 -0.001188
v -0.000962 0.003614 -0.001282
v -0.001641 0.000711 -0.002924
v -0.001651 0.000730 -0.003023
v -0.001650 0.000641 -0.003023
v -0.005079 0.001714 0.001528
v -0.005088 0.001714 0.001429
v -0.005145 0.001532 0.001465
v -0.005079 0.001276 0.001527
v -0.005160 0.001217 0.001456
v -0.005089 0.001269 0.001429
v -0.003848 0.001276 0.000036
v -0.003947 0.001269 0.000045
v -0.003933 0.001217 -0.000031
v -0.004088 0.003639 0.000326
v -0.004220 0.003638 0.000217
v -0.004097 0.003598 0.000228
v -0.002664 0.003947 0.001013
v -0.002817 0.004017 0.000978
v -0.002763 0.004087 0.001023
v -0.005079 0.001714 0.001528
v -0.005145 0.001532 0.001465
v -0.005160 0.001217 0.001456
v -0.004895 0.002015 0.001194
v -0.004895 0.001714 0.001194
v -0.005088 0.001714 0.001429
v -0.003947 0.001714 0.000045
v -0.003848 0.001714 0.000036
v -0.003936 0.001493 -0.000030
v -0.003848 0.001714 0.000036
v -0.003933 0.001217 -0.000031
v -0.003936 0.001493 -0.000030
v -0.001559 0.000006 -0.006208
v -0.002343 0.000006 -0.005258
v -0.001558 0.000222 -0.006205
v -0.000836 0.000222 -0.007080
v -0.002342 0.000222 -0.005255
v -0.000836 0.000006 -0.007084
v -0.003128 0.000006 -0.004307
v -0.000658 0.000006 -0.007063
v -0.000658 0.000222 -0.007059
v -0.003126 0.000222 -0.004305
v -0.003912 0.000006 -0.003356
v -0.003910 0.000222 -0.003355
v -0.004694 0.000222 -0.002405
v -0.004697 0.000006 -0.002406
v -0.005478 0.000222 -0.001454
v -0.005481 0.000006 -0.001455
v -0.006262 0.000222 -0.000504
v -0.006266 0.000006 -0.000504
v -0.006943 0.000222 0.000320
v -0.006946 0.000006 0.000321
v 0.001629 0.000222 -0.001979
v 0.001631 0.000006 -0.001978
v 0.002105 0.000222 -0.003182
v 0.000989 0.000006 -0.000910
v 0.002109 0.000006 -0.003182
v 0.000986 0.000222 -0.000912
v 0.002353 0.000223 -0.004424
v 0.000272 0.000006 0.000096
v 0.000924 0.000294 -0.000959
v 0.002264 0.000292 -0.004397
v 0.002357 0.000006 -0.004424
v 0.000270 0.000222 0.000094
v 0.000210 0.000294 0.000045
v 0.002037 0.000295 -0.003229
v 0.002290 0.000006 -0.004630
v 0.001564 0.000294 -0.002025
v 0.002287 0.000222 -0.004630
v -0.000580 0.000006 0.000991
v 0.002264 0.000292 -0.004397
v -0.000658 0.000006 -0.007063
v -0.000582 0.000222 0.000989
v 0.002192 0.000292 -0.004607
v -0.000658 0.000222 -0.007059
v -0.001508 0.000222 0.001822
v -0.001506 0.000006 0.001825
v -0.006910 0.000006 0.000562
v -0.004050 0.000006 0.002921
v -0.006906 0.000222 0.000562
v -0.004051 0.000222 0.002918
v -0.003765 0.000223 0.002991
v -0.003764 0.000006 0.002994
v -0.002598 0.000006 0.002522
v -0.002599 0.000222 0.002519
v -0.001506 0.000006 0.001825
v -0.001508 0.000222 0.001822
v 0.001403 0.000302 -0.002153
v 0.001877 0.000302 -0.003353
v -0.002194 0.000302 -0.005121
v -0.002975 0.000302 -0.004174
v -0.001413 0.000302 -0.006068
v 0.000763 0.000302 -0.001090
v -0.002286 0.000295 -0.005201
v 0.002192 0.000292 -0.004607
v -0.003756 0.000302 -0.003228
v 0.001564 0.000294 -0.002025
v -0.003068 0.000295 -0.004253
v -0.000701 0.000292 -0.006994
v 0.000050 0.000302 -0.000087
v -0.000826 0.000292 -0.006971
v 0.002264 0.000292 -0.004397
v 0.000924 0.000294 -0.000959
v -0.001504 0.000295 -0.006149
v 0.002037 0.000295 -0.003229
v 0.000210 0.000294 0.000045
v -0.000799 0.000302 0.000804
v -0.000640 0.000294 0.000937
v -0.004537 0.000302 -0.002281
v -0.001565 0.000294 0.001768
v -0.001722 0.000302 0.001633
v -0.003850 0.000295 -0.003305
v -0.005318 0.000302 -0.001334
v -0.002657 0.000295 0.002460
v -0.004633 0.000295 -0.002357
v -0.002810 0.000302 0.002327
v -0.005415 0.000295 -0.001409
v -0.006100 0.000302 -0.000388
v -0.003755 0.000292 0.002898
v -0.003982 0.000292 0.002874
v -0.006197 0.000295 -0.000461
v -0.006850 0.000292 0.000507
v -0.006856 0.000292 0.000338
v -0.006943 0.000222 0.000320
v -0.006906 0.000222 0.000562
v -0.006856 0.000292 0.000338
v -0.006262 0.000222 -0.000504
v -0.006197 0.000295 -0.000461
v -0.005478 0.000222 -0.001454
v -0.005415 0.000295 -0.001409
v -0.004694 0.000222 -0.002405
v -0.004633 0.000295 -0.002357
v -0.004051 0.000222 0.002918
v -0.006850 0.000292 0.000507
v -0.003910 0.000222 -0.003355
v -0.003982 0.000292 0.002874
v -0.003850 0.000295 -0.003305
v -0.003068 0.000295 -0.004253
v -0.003126 0.000222 -0.004305
v -0.002286 0.000295 -0.005201
v -0.002342 0.000222 -0.005255
v -0.001504 0.000295 -0.006149
v -0.003765 0.000223 0.002991
v -0.003982 0.000292 0.002874
v -0.001558 0.000222 -0.006205
v -0.003755 0.000292 0.002898
v -0.000826 0.000292 -0.006971
v -0.000836 0.000222 -0.007080
v -0.002599 0.000222 0.002519
v -0.003755 0.000292 0.002898
v -0.002657 0.000295 0.002460
v -0.001565 0.000294 0.001768
v -0.001508 0.000222 0.001822
v -0.000640 0.000294 0.000937
v -0.000582 0.000222 0.000989
v -0.000826 0.000292 -0.006971
v -0.000701 0.000292 -0.006994
v 0.000210 0.000294 0.000045
v 0.000270 0.000222 0.000094
v -0.000658 0.000222 -0.007059
v 0.002192 0.000292 -0.004607
v 0.002287 0.000222 -0.004630
v -0.006946 0.000006 0.000321
v -0.006910 0.000006 0.000562
v -0.006943 0.000222 0.000320
v -0.006906 0.000222 0.000562
v -0.002831 0.003355 0.000876
v -0.002624 0.003141 0.001047
v -0.002806 0.003288 0.000794
v -0.002618 0.003094 0.000949
v -0.003090 0.003432 0.000662
v -0.003039 0.003357 0.000601
v -0.002806 0.003288 0.000794
v -0.002509 0.002831 0.001142
v -0.002618 0.003094 0.000949
v -0.002514 0.002814 0.001035
v -0.002509 0.002487 0.001142
v -0.002514 0.002814 0.001035
v -0.002514 0.002504 0.001035
v -0.002509 0.002487 0.001142
v -0.002624 0.002177 0.001047
v -0.002514 0.002504 0.001035
v -0.002618 0.002224 0.000949
v -0.002831 0.001963 0.000876
v -0.002618 0.002224 0.000949
v -0.002806 0.002030 0.000794
v -0.003090 0.001886 0.000662
v -0.002806 0.002030 0.000794
v -0.003039 0.001961 0.000601
v -0.003090 0.001886 0.000662
v -0.003348 0.001963 0.000449
v -0.003039 0.001961 0.000601
v -0.003273 0.002030 0.000409
v -0.003556 0.002177 0.000278
v -0.003273 0.002030 0.000409
v -0.003461 0.002224 0.000254
v -0.003671 0.002487 0.000183
v -0.003461 0.002224 0.000254
v -0.003565 0.002504 0.000168
v -0.003671 0.002831 0.000183
v -0.003565 0.002504 0.000168
v -0.003565 0.002814 0.000168
v -0.003556 0.003141 0.000278
v -0.003565 0.002814 0.000168
v -0.003461 0.003094 0.000254
v -0.003348 0.003355 0.000449
v -0.003461 0.003094 0.000254
v -0.003273 0.003288 0.000409
v -0.003090 0.003432 0.000662
v -0.003273 0.003288 0.000409
v -0.003039 0.003357 0.000601
v -0.002165 0.002504 -0.001528
v -0.002165 0.002814 -0.001528
v -0.002168 0.002486 -0.001645
v -0.002052 0.002175 -0.001549
v -0.002168 0.002832 -0.001645
v -0.002061 0.002224 -0.001442
v -0.002061 0.003094 -0.001442
v -0.001844 0.001959 -0.001377
v -0.002052 0.003143 -0.001549
v -0.001874 0.002031 -0.001287
v -0.001874 0.003288 -0.001287
v -0.001584 0.001883 -0.001163
v -0.001640 0.001962 -0.001094
v -0.001844 0.003359 -0.001377
v -0.001584 0.003436 -0.001163
v -0.001640 0.003357 -0.001094
v -0.001406 0.002031 -0.000902
v -0.001640 0.001962 -0.001094
v -0.001324 0.001959 -0.000948
v -0.001115 0.002175 -0.000776
v -0.001584 0.001883 -0.001163
v -0.001219 0.002224 -0.000747
v -0.001023 0.002486 -0.000700
v -0.001115 0.002504 -0.000661
v -0.001115 0.002800 -0.000661
v -0.001023 0.002816 -0.000700
v -0.001219 0.003094 -0.000747
v -0.001115 0.002504 -0.000661
v -0.001115 0.003143 -0.000776
v -0.001023 0.002486 -0.000700
v -0.001324 0.003359 -0.000948
v -0.001406 0.003288 -0.000902
v -0.001584 0.003436 -0.001163
v -0.001640 0.003357 -0.001094
v -0.002725 0.002790 -0.000679
v -0.002817 0.002790 -0.000568
v -0.002638 0.003025 -0.000607
v -0.002725 0.002528 -0.000679
v -0.002730 0.003025 -0.000496
v -0.002817 0.002528 -0.000568
v -0.002638 0.002293 -0.000607
v -0.002730 0.002293 -0.000496
v -0.002572 0.002130 -0.000366
v -0.002730 0.002293 -0.000496
v -0.002480 0.002130 -0.000477
v -0.002284 0.002072 -0.000314
v -0.002638 0.002293 -0.000607
v -0.002375 0.002072 -0.000203
v -0.002179 0.002130 -0.000041
v -0.002087 0.002130 -0.000152
v -0.002021 0.002293 0.000089
v -0.001929 0.002293 -0.000022
v -0.002021 0.002293 0.000089
v -0.001929 0.002293 -0.000022
v -0.001933 0.002528 0.000161
v -0.001842 0.002528 0.000050
v -0.001933 0.002790 0.000161
v -0.001933 0.002528 0.000161
v -0.001842 0.002790 0.000050
v -0.001929 0.003025 -0.000022
v -0.001842 0.002528 0.000050
v -0.002021 0.003025 0.000089
v -0.002179 0.003188 -0.000041
v -0.002021 0.003025 0.000089
v -0.002087 0.003188 -0.000152
v -0.002284 0.003246 -0.000314
v -0.001929 0.003025 -0.000022
v -0.002375 0.003247 -0.000203
v -0.002572 0.003188 -0.000366
v -0.002480 0.003188 -0.000477
v -0.002730 0.003025 -0.000496
v -0.002638 0.003025 -0.000607
v -0.002725 0.002790 -0.000679
v -0.002638 0.003025 -0.000607
v -0.002741 0.002801 -0.000736
v -0.002741 0.002518 -0.000736
v -0.002646 0.003056 -0.000657
v -0.002725 0.002528 -0.000679
v -0.002763 0.002814 -0.000800
v -0.002480 0.003188 -0.000477
v -0.002646 0.002263 -0.000657
v -0.002763 0.002504 -0.000800
v -0.002475 0.003232 -0.000516
v -0.002638 0.002293 -0.000607
v -0.002706 0.002504 -0.000873
v -0.002659 0.003093 -0.000715
v -0.002475 0.002086 -0.000516
v -0.002602 0.002224 -0.000787
v -0.002706 0.002814 -0.000873
v -0.002480 0.002130 -0.000477
v -0.002659 0.002226 -0.000715
v -0.002262 0.002023 -0.000341
v -0.002134 0.002224 -0.001354
v -0.002284 0.002072 -0.000314
v -0.002472 0.002033 -0.000561
v -0.002238 0.002504 -0.001440
v -0.002239 0.001964 -0.000368
v -0.002061 0.002224 -0.001442
v -0.002238 0.002814 -0.001440
v -0.002006 0.002033 -0.000176
v -0.002049 0.002086 -0.000165
v -0.002165 0.002504 -0.001528
v -0.002602 0.003094 -0.000787
v -0.002165 0.002814 -0.001528
v -0.002134 0.003094 -0.001354
v -0.002061 0.003094 -0.001442
v -0.002472 0.003286 -0.000561
v -0.002262 0.003295 -0.000341
v -0.002284 0.003246 -0.000314
v -0.002239 0.003354 -0.000368
v -0.002049 0.003232 -0.000165
v -0.002006 0.003286 -0.000176
v -0.002784 0.003059 -0.000497
v -0.002879 0.002802 -0.000576
v -0.002842 0.003095 -0.000497
v -0.002654 0.003289 -0.000343
v -0.002946 0.002815 -0.000583
v -0.002611 0.003237 -0.000355
v -0.002891 0.003094 -0.000437
v -0.002879 0.002516 -0.000576
v -0.002420 0.003358 -0.000149
v -0.002817 0.002790 -0.000568
v -0.002995 0.002814 -0.000523
v -0.002397 0.003301 -0.000177
v -0.002730 0.003025 -0.000496
v -0.002946 0.002504 -0.000583
v -0.002572 0.003188 -0.000366
v -0.002995 0.002504 -0.000523
v -0.002784 0.002259 -0.000497
v -0.002375 0.003247 -0.000203
v -0.003392 0.003094 0.000171
v -0.002842 0.002223 -0.000497
v -0.002730 0.002293 -0.000496
v -0.003496 0.002814 0.000085
v -0.002611 0.002081 -0.000355
v -0.002817 0.002528 -0.000568
v -0.002572 0.002130 -0.000366
v -0.002891 0.002224 -0.000437
v -0.003461 0.003094 0.000254
v -0.003496 0.002504 0.000085
v -0.003565 0.002814 0.000168
v -0.003392 0.002224 0.000171
v -0.002654 0.002029 -0.000343
v -0.002375 0.002072 -0.000203
v -0.003565 0.002504 0.000168
v -0.002397 0.002018 -0.000177
v -0.003461 0.002224 0.000254
v -0.002420 0.001960 -0.000149
v -0.002397 0.002018 -0.000177
v -0.002182 0.002081 -0.000000
v -0.002420 0.001960 -0.000149
v -0.002179 0.002130 -0.000041
v -0.002186 0.002029 0.000044
v -0.002375 0.002072 -0.000203
v -0.002010 0.002259 0.000142
v -0.002021 0.002293 0.000089
v -0.001998 0.002223 0.000198
v -0.001933 0.002528 0.000161
v -0.001914 0.002516 0.000220
v -0.001894 0.002504 0.000284
v -0.002048 0.002224 0.000258
v -0.001944 0.002504 0.000344
v -0.002550 0.002224 0.000866
v -0.002446 0.002504 0.000952
v -0.002618 0.002224 0.000949
v -0.002514 0.002504 0.001035
v -0.002087 0.002130 -0.000152
v -0.002284 0.002072 -0.000314
v -0.002049 0.002086 -0.000165
v -0.001878 0.002263 -0.000024
v -0.002262 0.002023 -0.000341
v -0.001929 0.002293 -0.000022
v -0.001819 0.002226 -0.000022
v -0.001784 0.002518 0.000054
v -0.002006 0.002033 -0.000176
v -0.001842 0.002528 0.000050
v -0.001716 0.002504 0.000063
v -0.001656 0.002504 -0.000006
v -0.001760 0.002224 -0.000092
v -0.001188 0.002504 -0.000573
v -0.001292 0.002224 -0.000659
v -0.001115 0.002504 -0.000661
v -0.001219 0.002224 -0.000747
v -0.001914 0.002516 0.000220
v -0.001914 0.002802 0.000220
v -0.001894 0.002504 0.000284
v -0.001933 0.002790 0.000161
v -0.001894 0.002815 0.000284
v -0.001933 0.002528 0.000161
v -0.001944 0.002504 0.000344
v -0.002010 0.003059 0.000142
v -0.002021 0.003025 0.000089
v -0.001944 0.002814 0.000344
v -0.002179 0.003188 -0.000041
v -0.001998 0.003095 0.000198
v -0.002446 0.002504 0.000952
v -0.002182 0.003237 -0.000000
v -0.002048 0.003094 0.000258
v -0.002446 0.002814 0.000952
v -0.002375 0.003247 -0.000203
v -0.002186 0.003289 0.000044
v -0.002514 0.002504 0.001035
v -0.002550 0.003094 0.000866
v -0.002397 0.003301 -0.000177
v -0.002514 0.002814 0.001035
v -0.002420 0.003358 -0.000149
v -0.002618 0.003094 0.000949
v -0.001842 0.002790 0.000050
v -0.001842 0.002528 0.000050
v -0.001784 0.002801 0.000054
v -0.001878 0.003056 -0.000024
v -0.001784 0.002518 0.000054
v -0.001929 0.003025 -0.000022
v -0.001716 0.002814 0.000063
v -0.002049 0.003232 -0.000165
v -0.001819 0.003093 -0.000022
v -0.001716 0.002504 0.000063
v -0.002087 0.003188 -0.000152
v -0.002006 0.003286 -0.000176
v -0.001760 0.003094 -0.000092
v -0.001656 0.002801 -0.000006
v -0.002262 0.003295 -0.000341
v -0.002284 0.003246 -0.000314
v -0.001656 0.002504 -0.000006
v -0.001188 0.002800 -0.000573
v -0.001188 0.002504 -0.000573
v -0.001292 0.003094 -0.000659
v -0.001115 0.002504 -0.000661
v -0.001115 0.002800 -0.000661
v -0.001219 0.003094 -0.000747
v -0.002659 0.003093 -0.000715
v -0.002472 0.003286 -0.000561
v -0.002602 0.003094 -0.000787
v -0.002414 0.003288 -0.000632
v -0.002134 0.003094 -0.001354
v -0.002239 0.003354 -0.000368
v -0.001946 0.003288 -0.001199
v -0.002181 0.003357 -0.000439
v -0.002061 0.003094 -0.001442
v -0.001713 0.003357 -0.001006
v -0.002006 0.003286 -0.000176
v -0.001874 0.003288 -0.001287
v -0.001947 0.003288 -0.000247
v -0.001640 0.003357 -0.001094
v -0.001819 0.003093 -0.000022
v -0.001479 0.003288 -0.000814
v -0.001760 0.003094 -0.000092
v -0.001406 0.003288 -0.000902
v -0.001292 0.003094 -0.000659
v -0.001219 0.003094 -0.000747
v -0.002472 0.002033 -0.000561
v -0.002659 0.002226 -0.000715
v -0.002414 0.002031 -0.000632
v -0.002181 0.001961 -0.000439
v -0.002602 0.002224 -0.000787
v -0.002239 0.001964 -0.000368
v -0.001713 0.001962 -0.001006
v -0.001946 0.002031 -0.001199
v -0.001947 0.002031 -0.000247
v -0.002134 0.002224 -0.001354
v -0.001640 0.001962 -0.001094
v -0.002006 0.002033 -0.000176
v -0.001479 0.002031 -0.000814
v -0.001874 0.002031 -0.001287
v -0.001760 0.002224 -0.000092
v -0.002061 0.002224 -0.001442
v -0.001406 0.002031 -0.000902
v -0.001819 0.002226 -0.000022
v -0.001292 0.002224 -0.000659
v -0.001219 0.002224 -0.000747
v -0.002891 0.003094 -0.000437
v -0.002703 0.003288 -0.000282
v -0.002842 0.003095 -0.000497
v -0.003205 0.003288 0.000326
v -0.002654 0.003289 -0.000343
v -0.003392 0.003094 0.000171
v -0.002469 0.003357 -0.000089
v -0.003273 0.003288 0.000409
v -0.002971 0.003357 0.000518
v -0.002420 0.003358 -0.000149
v -0.003461 0.003094 0.000254
v -0.003039 0.003357 0.000601
v -0.002236 0.003288 0.000103
v -0.002806 0.003288 0.000794
v -0.002737 0.003288 0.000711
v -0.002186 0.003289 0.000044
v -0.002618 0.003094 0.000949
v -0.002048 0.003094 0.000258
v -0.002550 0.003094 0.000866
v -0.001998 0.003095 0.000198
v -0.002703 0.002030 -0.000282
v -0.002891 0.002224 -0.000437
v -0.002654 0.002029 -0.000343
v -0.002420 0.001960 -0.000149
v -0.002842 0.002223 -0.000497
v -0.002469 0.001961 -0.000089
v -0.003392 0.002224 0.000171
v -0.002186 0.002029 0.000044
v -0.003205 0.002030 0.000326
v -0.002236 0.002030 0.000103
v -0.003461 0.002224 0.000254
v -0.001998 0.002223 0.000198
v -0.002971 0.001961 0.000518
v -0.003273 0.002030 0.000409
v -0.002048 0.002224 0.000258
v -0.003039 0.001961 0.000601
v -0.002737 0.002030 0.000711
v -0.002550 0.002224 0.000866
v -0.002806 0.002030 0.000794
v -0.002618 0.002224 0.000949
v -0.001117 0.004679 -0.003202
v -0.001117 0.004867 -0.003202
v 0.000254 0.004679 -0.002070
v -0.001217 0.004867 -0.003192
v 0.000254 0.004867 -0.002070
v -0.001217 0.004679 -0.003192
v -0.001217 0.004867 -0.003192
v -0.001217 0.004679 -0.003192
v -0.002389 0.004867 -0.001772
v -0.002389 0.004679 -0.001772
v -0.002380 0.004867 -0.001672
v -0.002379 0.004679 -0.001672
v -0.001008 0.004679 -0.000541
v -0.001008 0.004867 -0.000541
v -0.002379 0.004679 -0.001672
v -0.000908 0.004679 -0.000551
v -0.002380 0.004867 -0.001672
v -0.000909 0.004867 -0.000550
v -0.002031 0.004609 -0.001533
v -0.002293 0.004609 -0.001664
v -0.002217 0.004609 -0.001686
v -0.001026 0.004609 -0.000622
v -0.002226 0.004609 -0.001785
v -0.002306 0.004609 -0.001794
v -0.001190 0.004609 -0.000840
v -0.001200 0.004609 -0.000938
v -0.001016 0.004609 -0.000696
v -0.001932 0.004609 -0.001542
v -0.000897 0.004609 -0.000638
v -0.000918 0.004609 -0.000705
v -0.001000 0.004609 -0.001180
v -0.001733 0.004609 -0.001784
v -0.000961 0.004609 -0.001283
v -0.000902 0.004609 -0.001189
v -0.001639 0.004609 -0.001843
v -0.001742 0.004609 -0.001882
v -0.001413 0.004609 -0.002772
v -0.001238 0.004609 -0.003097
v -0.001219 0.004609 -0.003006
v -0.002306 0.004609 -0.001794
v -0.001120 0.004609 -0.003015
v -0.001106 0.004609 -0.003121
v -0.002027 0.004609 -0.002027
v -0.001928 0.004609 -0.002036
v -0.002226 0.004609 -0.001785
v -0.001403 0.004609 -0.002673
v -0.001742 0.004609 -0.001882
v -0.001217 0.004609 -0.002519
v -0.001639 0.004609 -0.001843
v -0.001158 0.004609 -0.002425
v -0.000961 0.004609 -0.001283
v -0.000480 0.004609 -0.001866
v -0.000386 0.004609 -0.001924
v -0.001118 0.004609 -0.002529
v -0.000925 0.004609 -0.002763
v -0.000192 0.004609 -0.002159
v -0.000094 0.004609 -0.002169
v -0.000934 0.004609 -0.002862
v -0.000718 0.004609 -0.000947
v -0.000897 0.004609 -0.000638
v -0.000918 0.004609 -0.000705
v -0.000104 0.004609 -0.001692
v -0.000202 0.004609 -0.001682
v 0.000172 0.004609 -0.001925
v -0.000728 0.004609 -0.001046
v -0.000908 0.004679 -0.000551
v 0.000090 0.004609 -0.001926
v -0.000377 0.004609 -0.001826
v 0.000263 0.004679 -0.001970
v -0.001026 0.004609 -0.000622
v 0.000080 0.004609 -0.002025
v -0.000902 0.004609 -0.001189
v -0.001008 0.004679 -0.000541
v 0.000175 0.004609 -0.002061
v 0.000175 0.004609 -0.002061
v -0.000480 0.004609 -0.001866
v 0.000254 0.004679 -0.002070
v -0.000961 0.004609 -0.001283
v -0.000909 0.004867 -0.000550
v -0.000908 0.004679 -0.000551
v 0.000264 0.004867 -0.001971
v 0.000263 0.004679 -0.001970
v -0.001016 0.002145 -0.000696
v -0.002217 0.002148 -0.001687
v -0.001016 0.002079 -0.000696
v -0.002031 0.003544 -0.001533
v -0.002270 0.002081 -0.001731
v -0.001191 0.003544 -0.000840
v -0.002258 0.000391 -0.001721
v -0.002226 0.002221 -0.001785
v -0.001016 0.003544 -0.000696
v -0.002217 0.003544 -0.001687
v -0.001016 0.000390 -0.000696
v -0.001016 0.003668 -0.000696
v -0.002217 0.003544 -0.001687
v -0.002303 0.000296 -0.001660
v -0.001191 0.003668 -0.000840
v -0.002217 0.003687 -0.001687
v -0.001019 0.000296 -0.000600
v -0.001200 0.003614 -0.000938
v -0.001190 0.004541 -0.000840
v -0.002031 0.003687 -0.001533
v -0.002226 0.003544 -0.001785
v -0.001200 0.003730 -0.000938
v -0.002217 0.004523 -0.001686
v -0.002217 0.003687 -0.001687
v -0.001016 0.004541 -0.000696
v -0.001200 0.004545 -0.000938
v -0.002031 0.004523 -0.001533
v -0.002226 0.003687 -0.001785
v -0.001190 0.004609 -0.000840
v -0.002217 0.004609 -0.001686
v -0.001016 0.004609 -0.000696
v -0.002217 0.004523 -0.001686
v -0.002031 0.004609 -0.001533
v -0.001200 0.004609 -0.000938
v -0.002226 0.004523 -0.001785
v -0.002217 0.004609 -0.001686
v -0.002226 0.004609 -0.001785
v -0.001000 0.004609 -0.001180
v -0.001001 0.004545 -0.001180
v -0.001200 0.004545 -0.000938
v -0.001001 0.003730 -0.001179
v -0.001200 0.003730 -0.000938
v -0.001002 0.003614 -0.001179
v -0.001200 0.003614 -0.000938
v -0.002027 0.004609 -0.002027
v -0.002027 0.004523 -0.002027
v -0.002226 0.004523 -0.001785
v -0.002028 0.003687 -0.002026
v -0.002226 0.003687 -0.001785
v -0.002028 0.003544 -0.002026
v -0.002226 0.003544 -0.001785
v -0.002226 0.002221 -0.001785
v -0.001720 0.002221 -0.002399
v -0.001717 0.003544 -0.002403
v -0.001411 0.003544 -0.002773
v -0.001219 0.002221 -0.003006
v -0.001219 0.003544 -0.003006
v -0.001219 0.003625 -0.003006
v -0.001412 0.003625 -0.002773
v -0.001219 0.004508 -0.003006
v -0.001402 0.003614 -0.002674
v -0.001412 0.004508 -0.002772
v -0.001402 0.003690 -0.002674
v -0.001219 0.004609 -0.003006
v -0.001403 0.004515 -0.002673
v -0.001413 0.004609 -0.002772
v -0.001403 0.004609 -0.002673
v -0.002280 0.002152 -0.001830
v -0.000709 0.003614 -0.001571
v -0.000479 0.003614 -0.001867
v -0.001390 0.003614 -0.002133
v -0.000962 0.003614 -0.001282
v -0.001157 0.003614 -0.002427
v -0.001640 0.003614 -0.001841
v -0.000376 0.003614 -0.001827
v -0.000385 0.003614 -0.001926
v -0.000462 0.003614 -0.001367
v -0.000201 0.003614 -0.001684
v -0.000636 0.003614 -0.001511
v -0.000408 0.003544 -0.001323
v -0.000376 0.003614 -0.001827
v -0.000103 0.003544 -0.001693
v -0.000903 0.003614 -0.001188
v -0.000479 0.003614 -0.001867
v -0.000729 0.003614 -0.001044
v -0.000719 0.003544 -0.000946
v -0.000709 0.003614 -0.001571
v -0.000962 0.003614 -0.001282
v 0.000090 0.004512 -0.001926
v 0.000090 0.004609 -0.001926
v -0.000104 0.004512 -0.001692
v 0.000080 0.004512 -0.002025
v -0.000104 0.004609 -0.001692
v -0.000103 0.003661 -0.001693
v 0.000080 0.004609 -0.002025
v 0.000090 0.003661 -0.001926
v -0.000094 0.004512 -0.002169
v -0.000103 0.003544 -0.001693
v 0.000080 0.003661 -0.002025
v -0.000094 0.004609 -0.002169
v 0.000090 0.003544 -0.001926
v 0.000080 0.003544 -0.002025
v -0.000094 0.003661 -0.002169
v 0.000090 0.002145 -0.001926
v 0.000080 0.003661 -0.002025
v 0.000080 0.002217 -0.002025
v -0.000411 0.002145 -0.001319
v -0.000094 0.003544 -0.002169
v 0.000125 0.002147 -0.002079
v -0.000408 0.003544 -0.001323
v 0.000080 0.003544 -0.002025
v -0.000405 0.002077 -0.001326
v 0.000133 0.002077 -0.001979
v -0.000719 0.003544 -0.000946
v -0.000081 0.002217 -0.002158
v 0.000133 0.002077 -0.001979
v 0.000080 0.002217 -0.002025
v -0.000918 0.002145 -0.000705
v -0.000081 0.002217 -0.002158
v -0.000929 0.002218 -0.002858
v 0.000111 0.000387 -0.001952
v -0.000918 0.002076 -0.000705
v -0.000820 0.002077 -0.002767
v -0.000934 0.003544 -0.002862
v -0.000416 0.000387 -0.001313
v -0.000189 0.002077 -0.002247
v -0.001120 0.002221 -0.003016
v 0.000182 0.000296 -0.001893
v -0.000918 0.000388 -0.000705
v -0.000918 0.003544 -0.000705
v -0.001120 0.003544 -0.003016
v -0.000346 0.000296 -0.001254
v -0.000918 0.003668 -0.000705
v -0.000934 0.003625 -0.002862
v -0.000893 0.000296 -0.000591
v -0.000719 0.003668 -0.000946
v -0.001120 0.003625 -0.003016
v -0.000918 0.004541 -0.000705
v -0.000729 0.003614 -0.001044
v -0.000934 0.004508 -0.002862
v -0.000718 0.004541 -0.000947
v -0.000729 0.003730 -0.001045
v -0.001120 0.004508 -0.003016
v -0.000918 0.004609 -0.000705
v -0.000728 0.004545 -0.001046
v -0.000934 0.004609 -0.002862
v -0.001120 0.004609 -0.003015
v -0.000718 0.004609 -0.000947
v -0.000728 0.004609 -0.001046
v -0.003447 0.002097 -0.002619
v -0.003114 0.002106 -0.002362
v -0.003294 0.002408 -0.002807
v -0.002966 0.002412 -0.002542
v -0.003071 0.002599 -0.003076
v -0.003115 0.002531 -0.003136
v -0.003325 0.002348 -0.002882
v -0.002748 0.002598 -0.002806
v -0.002531 0.002645 -0.003069
v -0.002856 0.002645 -0.003337
v -0.002912 0.002575 -0.003383
v -0.003115 0.002531 -0.003136
v -0.002641 0.002599 -0.003597
v -0.002314 0.002598 -0.003332
v -0.002912 0.002575 -0.003383
v -0.002096 0.002412 -0.003596
v -0.002708 0.002531 -0.003630
v -0.002419 0.002408 -0.003867
v -0.001948 0.002104 -0.003775
v -0.002708 0.002531 -0.003630
v -0.002263 0.002096 -0.004054
v -0.002498 0.002348 -0.003884
v -0.002155 0.000388 -0.003870
v -0.002155 0.001891 -0.003869
v -0.002005 0.000388 -0.003745
v -0.002256 0.001828 -0.003862
v -0.001987 0.001891 -0.003730
v -0.002258 0.000388 -0.003859
v -0.001231 0.000389 -0.003107
v -0.002140 0.000296 -0.003949
v -0.001961 0.000296 -0.003801
v -0.002312 0.000296 -0.003908
v -0.001236 0.000296 -0.003203
v -0.001986 0.002095 -0.003730
v -0.001944 0.002094 -0.003695
v -0.001231 0.000389 -0.003107
v -0.001228 0.002082 -0.003105
v 0.000138 0.001306 -0.003999
v 0.000065 0.001370 -0.003952
v -0.000818 0.001267 -0.002857
v -0.000829 0.002077 -0.002866
v 0.000015 0.002077 -0.003891
v -0.000820 0.002077 -0.002767
v -0.000808 0.001267 -0.002758
v 0.000060 0.002007 -0.003946
v 0.000054 0.001431 -0.004049
v 0.000050 0.002076 -0.004044
v 0.000015 0.002077 -0.003891
v 0.000004 0.002147 -0.003988
v -0.000123 0.001197 -0.004208
v -0.000123 0.000388 -0.004208
v -0.000182 0.001196 -0.004263
v -0.000188 0.000387 -0.004256
v 0.001065 0.001197 -0.003227
v 0.001123 0.001196 -0.003179
v 0.001066 0.000387 -0.003227
v 0.001123 0.000385 -0.003179
v 0.000903 0.001431 -0.003348
v 0.000898 0.002075 -0.003344
v 0.001060 0.001432 -0.003212
v 0.001059 0.002075 -0.003211
v 0.001068 0.002007 -0.003112
v 0.001069 0.001371 -0.003113
v 0.001013 0.002147 -0.003155
v 0.001024 0.002077 -0.003058
v -0.000091 0.002077 -0.002257
v 0.000755 0.002077 -0.003280
v 0.000806 0.001370 -0.003341
v -0.000102 0.001267 -0.002266
v 0.000800 0.002007 -0.003335
v -0.000189 0.002077 -0.002247
v 0.000849 0.001306 -0.003410
v -0.000201 0.001267 -0.002257
v -0.000142 0.002076 -0.004201
v 0.000050 0.002076 -0.004044
v -0.000141 0.001432 -0.004203
v -0.000240 0.002008 -0.004192
v 0.000054 0.001431 -0.004049
v -0.000240 0.001371 -0.004192
v -0.000188 0.002148 -0.004146
v -0.000285 0.002078 -0.004138
v -0.002220 0.000711 -0.002222
v -0.002214 0.001740 -0.002229
v -0.001931 0.000711 -0.002573
v -0.002319 0.000724 -0.002213
v -0.001931 0.001738 -0.002573
v -0.002319 0.000641 -0.002212
v -0.001647 0.001740 -0.002917
v -0.002109 0.001932 -0.002357
v -0.002313 0.001740 -0.002219
v -0.001641 0.000711 -0.002924
v -0.001930 0.001930 -0.002573
v -0.002225 0.001933 -0.002326
v -0.001752 0.001932 -0.002789
v -0.002041 0.001992 -0.002439
v -0.001820 0.001992 -0.002707
v -0.001930 0.002013 -0.002573
v -0.002386 0.001740 -0.003618
v -0.002541 0.001740 -0.003746
v -0.002392 0.001701 -0.003714
v -0.002474 0.001933 -0.003511
v -0.002256 0.001828 -0.003862
v -0.001744 0.001933 -0.002909
v -0.002275 0.002002 -0.004043
v -0.002155 0.001891 -0.003869
v -0.001656 0.001740 -0.003016
v -0.001857 0.002059 -0.002771
v -0.002629 0.001933 -0.003639
v -0.002587 0.002059 -0.003373
v -0.001984 0.002083 -0.002618
v -0.002742 0.002059 -0.003502
v -0.002714 0.002083 -0.003220
v -0.002656 0.001992 -0.003713
v -0.002275 0.002002 -0.004043
v -0.002394 0.002018 -0.004012
v -0.002111 0.002059 -0.002464
v -0.002869 0.002083 -0.003348
v -0.002784 0.002127 -0.003558
v -0.002582 0.001835 -0.003803
v -0.002841 0.002059 -0.003066
v -0.002922 0.002153 -0.003391
v -0.002225 0.001933 -0.002326
v -0.002996 0.002059 -0.003194
v -0.002784 0.002127 -0.003558
v -0.002955 0.001933 -0.002928
v -0.003060 0.002127 -0.003224
v -0.003110 0.001933 -0.003056
v -0.003187 0.001992 -0.003069
v -0.003198 0.001740 -0.002950
v -0.003043 0.001740 -0.002821
v -0.003138 0.001701 -0.002810
v -0.002955 0.001933 -0.002928
v -0.002313 0.001740 -0.002219
v -0.002225 0.001933 -0.002326
v -0.003439 0.002002 -0.002632
v -0.003431 0.002018 -0.002755
v -0.003261 0.001835 -0.002979
v -0.003048 0.000720 -0.002815
v -0.003043 0.001740 -0.002821
v -0.002319 0.000724 -0.002213
v -0.003138 0.001701 -0.002810
v -0.002313 0.001740 -0.002219
v -0.003148 0.000571 -0.002804
v -0.002319 0.000641 -0.002212
v -0.003049 0.000641 -0.002814
v -0.002714 0.000641 -0.003220
v -0.003049 0.000641 -0.002814
v -0.001985 0.000641 -0.002618
v -0.001650 0.000641 -0.003023
v -0.002319 0.000641 -0.002212
v -0.002379 0.000641 -0.003625
v -0.002768 0.000571 -0.003264
v -0.003148 0.000571 -0.002804
v -0.002388 0.000571 -0.003724
v -0.002380 0.000726 -0.003624
v -0.001651 0.000730 -0.003023
v -0.002386 0.001740 -0.003618
v -0.002392 0.001701 -0.003714
v -0.001656 0.001740 -0.003016
v -0.002388 0.000571 -0.003724
v -0.001650 0.000641 -0.003023
v -0.002379 0.000641 -0.003625
v -0.003083 0.001891 -0.002401
v -0.003040 0.002087 -0.002366
v -0.003082 0.002088 -0.002401
v -0.002270 0.002081 -0.001731
v -0.002258 0.000391 -0.001721
v -0.003246 0.001891 -0.002547
v -0.003101 0.000392 -0.002416
v -0.003145 0.000296 -0.002365
v -0.002258 0.000391 -0.001721
v -0.003247 0.000388 -0.002547
v -0.002303 0.000296 -0.001660
v -0.003320 0.000296 -0.002519
v -0.002489 0.002151 -0.003034
v -0.002331 0.002151 -0.003317
v -0.002534 0.002151 -0.003071
v -0.002737 0.002151 -0.002825
v -0.001988 0.002162 -0.003641
v -0.002995 0.002156 -0.002420
v -0.001774 0.002152 -0.002444
v -0.002032 0.002163 -0.003677
v -0.003040 0.002157 -0.002456
v -0.002280 0.002152 -0.001830
v -0.001273 0.002152 -0.003051
v -0.003082 0.002088 -0.002401
v -0.003040 0.002087 -0.002366
v -0.002270 0.002081 -0.001731
v -0.002746 0.002503 -0.002810
v -0.002532 0.002551 -0.003069
v -0.002748 0.002598 -0.002806
v -0.002966 0.002412 -0.002542
v -0.002531 0.002645 -0.003069
v -0.002919 0.002358 -0.002600
v -0.002314 0.002598 -0.003332
v -0.002737 0.002151 -0.002825
v -0.003040 0.002157 -0.002456
v -0.002318 0.002507 -0.003329
v -0.002534 0.002151 -0.003071
v -0.003114 0.002106 -0.002362
v -0.002149 0.002354 -0.003534
v -0.003082 0.002088 -0.002401
v -0.002096 0.002412 -0.003596
v -0.002331 0.002151 -0.003317
v -0.003109 0.002014 -0.002369
v -0.003082 0.002088 -0.002401
v -0.003083 0.001891 -0.002401
v -0.002912 0.002575 -0.003383
v -0.002922 0.002153 -0.003391
v -0.003115 0.002531 -0.003136
v -0.002708 0.002531 -0.003630
v -0.003060 0.002127 -0.003224
v -0.002784 0.002127 -0.003558
v -0.003325 0.002348 -0.002882
v -0.002498 0.002348 -0.003884
v -0.003187 0.001992 -0.003069
v -0.002656 0.001992 -0.003713
v -0.003431 0.002018 -0.002755
v -0.002394 0.002018 -0.004012
v -0.003261 0.001835 -0.002979
v -0.003440 0.002111 -0.002742
v -0.002383 0.002112 -0.004023
v -0.002582 0.001835 -0.003803
v -0.002629 0.001933 -0.003639
v -0.002541 0.001740 -0.003746
v -0.001076 0.002150 -0.003070
v -0.000884 0.002148 -0.002911
v -0.000188 0.002148 -0.004146
v -0.000929 0.002218 -0.002858
v 0.000004 0.002147 -0.003988
v -0.001120 0.002221 -0.003016
v -0.000285 0.002078 -0.004138
v -0.001130 0.002081 -0.003114
v -0.001273 0.002152 -0.003051
v -0.001120 0.002221 -0.003016
v -0.001219 0.002221 -0.003006
v -0.001228 0.002082 -0.003105
v -0.001130 0.002081 -0.003114
v -0.000036 0.002147 -0.002212
v 0.000125 0.002147 -0.002079
v 0.000852 0.002147 -0.003288
v 0.000080 0.002217 -0.002025
v 0.001013 0.002147 -0.003155
v -0.000081 0.002217 -0.002158
v 0.000755 0.002077 -0.003280
v -0.000091 0.002077 -0.002257
v -0.000081 0.002217 -0.002158
v -0.000189 0.002077 -0.002247
v -0.001742 0.004609 -0.001882
v -0.001742 0.004528 -0.001882
v -0.001928 0.004609 -0.002036
v -0.001929 0.004528 -0.002036
v -0.002027 0.004609 -0.002027
v -0.001929 0.003747 -0.002035
v -0.002027 0.004523 -0.002027
v -0.001743 0.003747 -0.001881
v -0.002028 0.003687 -0.002026
v -0.001929 0.003614 -0.002035
v -0.001743 0.003614 -0.001881
v -0.002028 0.003544 -0.002026
v -0.001932 0.004609 -0.001542
v -0.001932 0.004528 -0.001542
v -0.001733 0.004609 -0.001784
v -0.002031 0.004609 -0.001533
v -0.001733 0.004528 -0.001784
v -0.002031 0.004523 -0.001533
v -0.001734 0.003747 -0.001783
v -0.001932 0.003747 -0.001542
v -0.002031 0.003687 -0.001533
v -0.001734 0.003614 -0.001783
v -0.001932 0.003614 -0.001542
v -0.002031 0.003544 -0.001533
v -0.000729 0.003730 -0.001045
v -0.000729 0.003614 -0.001044
v -0.000903 0.003730 -0.001188
v -0.000728 0.004545 -0.001046
v -0.000903 0.003614 -0.001188
v -0.000902 0.004545 -0.001189
v -0.000902 0.004609 -0.001189
v -0.000728 0.004609 -0.001046
v -0.001402 0.003690 -0.002674
v -0.001402 0.003614 -0.002674
v -0.001216 0.003690 -0.002520
v -0.001217 0.004515 -0.002519
v -0.001216 0.003614 -0.002520
v -0.001403 0.004515 -0.002673
v -0.001217 0.004609 -0.002519
v -0.001403 0.004609 -0.002673
v -0.001117 0.003690 -0.002530
v -0.001117 0.003614 -0.002530
v -0.000925 0.003690 -0.002763
v -0.000925 0.004515 -0.002763
v -0.000925 0.003614 -0.002763
v -0.001118 0.004515 -0.002529
v -0.000934 0.003625 -0.002862
v -0.000925 0.004609 -0.002763
v -0.000934 0.003544 -0.002862
v -0.000934 0.004508 -0.002862
v -0.001118 0.004609 -0.002529
v -0.000934 0.004609 -0.002862
v -0.000192 0.004609 -0.002159
v -0.000192 0.004518 -0.002159
v -0.000386 0.004609 -0.001924
v -0.000094 0.004609 -0.002169
v -0.000386 0.004518 -0.001925
v -0.000094 0.004512 -0.002169
v -0.000385 0.003723 -0.001926
v -0.000192 0.003723 -0.002159
v -0.000094 0.003661 -0.002169
v -0.000385 0.003614 -0.001926
v -0.000192 0.003614 -0.002159
v -0.000094 0.003544 -0.002169
v -0.000377 0.004609 -0.001826
v -0.000376 0.004518 -0.001826
v -0.000202 0.004609 -0.001682
v -0.000202 0.004518 -0.001682
v -0.000202 0.003723 -0.001683
v -0.000376 0.003723 -0.001827
v -0.000201 0.003614 -0.001684
v -0.000376 0.003614 -0.001827
v 0.001276 0.001248 -0.003799
v 0.001121 0.001353 -0.003612
v 0.001435 0.001248 -0.003667
v 0.001541 0.001064 -0.003795
v 0.001281 0.001353 -0.003480
v 0.001381 0.001064 -0.003927
v 0.001335 0.001278 -0.003435
v 0.001486 0.001161 -0.003619
v 0.000965 0.001402 -0.003422
v 0.001627 0.000864 -0.003899
v 0.001061 0.001235 -0.003662
v 0.001211 0.001132 -0.003844
v 0.001124 0.001402 -0.003290
v 0.001467 0.000864 -0.004031
v 0.000904 0.001287 -0.003472
v 0.001061 0.001235 -0.003662
v 0.001178 0.001331 -0.003246
v 0.001745 0.000836 -0.004042
v 0.000903 0.001431 -0.003348
v 0.001335 0.001278 -0.003435
v 0.001585 0.000836 -0.004174
v 0.001677 0.000783 -0.003850
v 0.001060 0.001432 -0.003212
v 0.001882 0.000742 -0.004208
v 0.001401 0.000760 -0.004075
v 0.001797 0.000764 -0.003995
v 0.001114 0.001361 -0.003168
v 0.001722 0.000742 -0.004340
v 0.001522 0.000730 -0.004220
v 0.001797 0.000764 -0.003995
v 0.001178 0.001331 -0.003246
v 0.001991 0.000566 -0.004341
v 0.001522 0.000730 -0.004220
v 0.001922 0.000672 -0.004147
v 0.001832 0.000566 -0.004473
v 0.001643 0.000647 -0.004368
v 0.001277 0.001117 -0.003483
v 0.001424 0.001016 -0.003661
v 0.001335 0.001117 -0.003435
v 0.001178 0.001172 -0.003246
v 0.001482 0.001016 -0.003613
v 0.001120 0.001172 -0.003294
v 0.001520 0.000846 -0.003778
v 0.001123 0.001196 -0.003179
v 0.001065 0.001197 -0.003227
v 0.001578 0.000846 -0.003731
v 0.001613 0.000657 -0.003890
v 0.001671 0.000657 -0.003842
v 0.001735 0.000625 -0.004038
v 0.001793 0.000625 -0.003991
v 0.001841 0.000552 -0.004167
v 0.001899 0.000552 -0.004119
v 0.001913 0.000435 -0.004254
v 0.001971 0.000435 -0.004207
v 0.001832 0.000566 -0.004473
v 0.001991 0.000566 -0.004341
v 0.001865 0.000388 -0.004513
v 0.002025 0.000387 -0.004381
v 0.002014 0.000511 -0.004259
v 0.002035 0.000387 -0.004284
v 0.001882 0.000742 -0.004208
v 0.001922 0.000672 -0.004147
v 0.002014 0.000511 -0.004259
v 0.000235 0.001016 -0.004642
v 0.000088 0.001117 -0.004464
v 0.000173 0.001016 -0.004693
v 0.000270 0.000846 -0.004810
v 0.000026 0.001117 -0.004515
v 0.000332 0.000846 -0.004759
v -0.000068 0.001172 -0.004274
v 0.000362 0.000657 -0.004922
v -0.000130 0.001172 -0.004325
v 0.000424 0.000657 -0.004871
v -0.000182 0.001196 -0.004263
v -0.000123 0.001197 -0.004208
v 0.000484 0.000625 -0.005070
v 0.000546 0.000625 -0.005019
v 0.000591 0.000552 -0.005199
v 0.000653 0.000552 -0.005148
v 0.000663 0.000435 -0.005286
v 0.000725 0.000435 -0.005235
v 0.000115 0.001402 -0.004123
v 0.000272 0.001353 -0.004313
v -0.000076 0.001402 -0.004281
v 0.000054 0.001431 -0.004049
v 0.000080 0.001353 -0.004471
v 0.000176 0.001287 -0.004073
v -0.000141 0.001432 -0.004203
v 0.000426 0.001248 -0.004500
v 0.000332 0.001235 -0.004263
v -0.000130 0.001331 -0.004325
v 0.000235 0.001248 -0.004658
v 0.000026 0.001278 -0.004515
v 0.000532 0.001064 -0.004628
v 0.000026 0.001278 -0.004515
v 0.000340 0.001064 -0.004786
v 0.000178 0.001161 -0.004699
v 0.000618 0.000864 -0.004732
v 0.000426 0.000864 -0.004890
v 0.000736 0.000836 -0.004875
v 0.000544 0.000836 -0.005033
v 0.000873 0.000742 -0.005041
v 0.000793 0.000730 -0.004821
v 0.000681 0.000742 -0.005199
v 0.000915 0.000647 -0.004968
v 0.000982 0.000566 -0.005174
v 0.000791 0.000566 -0.005332
v 0.000734 0.000387 -0.005246
v 0.000725 0.000435 -0.005235
v 0.000672 0.000387 -0.005297
v 0.000656 0.000296 -0.005251
v 0.000663 0.000435 -0.005286
v 0.000686 0.000387 -0.005189
v 0.000602 0.000296 -0.005295
v 0.000639 0.000296 -0.005230
v 0.000226 0.000387 -0.004631
v 0.000088 0.000387 -0.004464
v 0.000235 0.001016 -0.004642
v 0.000332 0.000846 -0.004759
v 0.000088 0.001117 -0.004464
v 0.000323 0.000387 -0.004749
v -0.000068 0.000388 -0.004274
v 0.000424 0.000657 -0.004871
v -0.000068 0.001172 -0.004274
v 0.000424 0.000387 -0.004870
v -0.000123 0.000388 -0.004208
v -0.000123 0.001197 -0.004208
v 0.000546 0.000625 -0.005019
v 0.000544 0.000387 -0.005016
v 0.000653 0.000552 -0.005148
v 0.000623 0.000387 -0.005112
v 0.000725 0.000435 -0.005235
v 0.000686 0.000387 -0.005189
v 0.000734 0.000387 -0.005246
v 0.000573 0.000296 -0.005151
v 0.000639 0.000296 -0.005230
v 0.001414 0.000388 -0.003650
v 0.001424 0.001016 -0.003661
v 0.001277 0.000388 -0.003483
v 0.001520 0.000846 -0.003778
v 0.001277 0.001117 -0.003483
v 0.001512 0.000388 -0.003768
v 0.001120 0.000387 -0.003293
v 0.001613 0.000657 -0.003890
v 0.001120 0.001172 -0.003294
v 0.001612 0.000388 -0.003890
v 0.001066 0.000387 -0.003227
v 0.001065 0.001197 -0.003227
v 0.001735 0.000625 -0.004038
v 0.001733 0.000388 -0.004036
v 0.001841 0.000552 -0.004167
v 0.001820 0.000388 -0.004142
v 0.001913 0.000435 -0.004254
v 0.001892 0.000388 -0.004228
v 0.001922 0.000388 -0.004265
v 0.001947 0.000296 -0.004154
v 0.001964 0.000296 -0.004174
v 0.001886 0.000296 -0.004079
v 0.001335 0.001278 -0.003435
v 0.001335 0.001117 -0.003435
v 0.001486 0.001161 -0.003619
v 0.001178 0.001172 -0.003246
v 0.001482 0.001016 -0.003613
v 0.001178 0.001331 -0.003246
v 0.001588 0.000966 -0.003742
v 0.001123 0.001196 -0.003179
v 0.001114 0.001361 -0.003168
v 0.001578 0.000846 -0.003731
v 0.001677 0.000783 -0.003850
v 0.001671 0.000657 -0.003842
v 0.001797 0.000764 -0.003995
v 0.001793 0.000625 -0.003991
v 0.001922 0.000672 -0.004147
v 0.001899 0.000552 -0.004119
v 0.002014 0.000511 -0.004259
v 0.001971 0.000435 -0.004207
v 0.002035 0.000387 -0.004284
v 0.001980 0.000388 -0.004217
v 0.002111 0.000296 -0.004252
v 0.002012 0.000296 -0.004132
v 0.000445 0.001117 -0.004170
v 0.000591 0.001016 -0.004349
v 0.000393 0.001117 -0.004213
v 0.000288 0.001171 -0.003980
v 0.000540 0.001016 -0.004391
v 0.000236 0.001171 -0.004023
v 0.000780 0.001171 -0.003574
v 0.000637 0.000845 -0.004508
v 0.000182 0.001197 -0.003956
v 0.000483 0.001132 -0.004445
v 0.000689 0.000845 -0.004464
v 0.000332 0.001235 -0.004263
v 0.000332 0.001235 -0.004263
v 0.000788 0.001197 -0.003456
v 0.000940 0.001117 -0.003761
v 0.000176 0.001287 -0.004073
v 0.000844 0.001171 -0.003522
v 0.001089 0.001016 -0.003937
v 0.000729 0.000657 -0.004620
v 0.001000 0.001117 -0.003712
v 0.001183 0.000845 -0.004057
v 0.000782 0.000657 -0.004575
v 0.001147 0.001016 -0.003890
v 0.001244 0.000845 -0.004007
v 0.000903 0.000625 -0.004725
v 0.001271 0.000657 -0.004172
v 0.001336 0.000657 -0.004119
v 0.000851 0.000625 -0.004768
v 0.001391 0.000625 -0.004322
v 0.001458 0.000625 -0.004267
v 0.001006 0.000552 -0.004856
v 0.001500 0.000552 -0.004449
v 0.000957 0.000552 -0.004896
v 0.001564 0.000552 -0.004396
v 0.001029 0.000436 -0.004984
v 0.000915 0.000647 -0.004968
v 0.000793 0.000730 -0.004821
v 0.001576 0.000436 -0.004532
v 0.001090 0.000436 -0.004934
v 0.001636 0.000436 -0.004483
v 0.001053 0.000386 -0.005013
v 0.001660 0.000387 -0.004512
v 0.001118 0.000386 -0.004959
v 0.001600 0.000387 -0.004562
v 0.001116 0.000296 -0.005042
v 0.001665 0.000296 -0.004589
v 0.000026 0.001278 -0.004515
v 0.000178 0.001161 -0.004699
v 0.000026 0.001117 -0.004515
v -0.000130 0.001172 -0.004325
v 0.000173 0.001016 -0.004693
v -0.000130 0.001331 -0.004325
v 0.000279 0.000966 -0.004821
v -0.000182 0.001196 -0.004263
v -0.000182 0.001358 -0.004263
v 0.000340 0.001064 -0.004786
v 0.000235 0.001248 -0.004658
v 0.000270 0.000846 -0.004810
v 0.000368 0.000783 -0.004930
v 0.000362 0.000657 -0.004922
v 0.000488 0.000764 -0.005075
v 0.000484 0.000625 -0.005070
v 0.000614 0.000672 -0.005227
v 0.000591 0.000552 -0.005199
v 0.000705 0.000511 -0.005338
v 0.000663 0.000435 -0.005286
v 0.000727 0.000386 -0.005364
v 0.000824 0.000387 -0.005372
v 0.000672 0.000387 -0.005297
v 0.000791 0.000566 -0.005332
v 0.000819 0.000296 -0.005449
v 0.000712 0.000296 -0.005429
v 0.000602 0.000296 -0.005295
v -0.001130 0.002081 -0.003114
v -0.000285 0.002078 -0.004138
v -0.000240 0.001371 -0.004192
v -0.001130 0.000386 -0.003114
v -0.000240 0.002008 -0.004192
v -0.000182 0.001196 -0.004263
v -0.001130 0.000386 -0.003114
v -0.001231 0.000389 -0.003107
v -0.001142 0.000296 -0.003200
v -0.000188 0.000387 -0.004256
v -0.001130 0.000386 -0.003114
v -0.001228 0.002082 -0.003105
v -0.000194 0.000296 -0.004349
v -0.001236 0.000296 -0.003203
v -0.000128 0.000296 -0.004300
v -0.000123 0.000388 -0.004208
v 0.000982 0.000566 -0.005174
v 0.001015 0.000388 -0.005214
v 0.000791 0.000566 -0.005332
v 0.000824 0.000387 -0.005372
v 0.001070 0.000296 -0.005242
v 0.000819 0.000296 -0.005449
v 0.000681 0.000742 -0.005199
v 0.000614 0.000672 -0.005227
v 0.000705 0.000511 -0.005338
v -0.000909 0.004867 -0.000550
v 0.000264 0.004867 -0.001971
v -0.000902 0.004975 -0.000622
v 0.000196 0.004976 -0.001954
v -0.001008 0.004867 -0.000541
v -0.001023 0.004975 -0.000608
v -0.002380 0.004867 -0.001672
v -0.002310 0.004975 -0.001671
v -0.002389 0.004867 -0.001772
v -0.002320 0.004975 -0.001792
v -0.001217 0.004867 -0.003192
v -0.001221 0.004976 -0.003123
v -0.001117 0.004867 -0.003202
v -0.001101 0.004976 -0.003135
v 0.000254 0.004867 -0.002070
v 0.000185 0.004976 -0.002074
v 0.000175 0.004609 -0.002061
v -0.001106 0.004609 -0.003121
v 0.000254 0.004679 -0.002070
v -0.001117 0.004679 -0.003202
v -0.001217 0.004679 -0.003192
v -0.001238 0.004609 -0.003097
v -0.001217 0.004679 -0.003192
v -0.001238 0.004609 -0.003097
v -0.002389 0.004679 -0.001772
v -0.002306 0.004609 -0.001794
v -0.002379 0.004679 -0.001672
v -0.002293 0.004609 -0.001664
v -0.002379 0.004679 -0.001672
v -0.002293 0.004609 -0.001664
v -0.001008 0.004679 -0.000541
v -0.001026 0.004609 -0.000622
v -0.001101 0.004976 -0.003135
v -0.000992 0.005760 -0.001958
v 0.000185 0.004976 -0.002074
v -0.001221 0.004976 -0.003123
v -0.001114 0.005762 -0.001944
v -0.002320 0.004975 -0.001792
v -0.001114 0.005762 -0.001944
v -0.001221 0.004976 -0.003123
v -0.001101 0.004976 -0.003135
v -0.001217 0.004867 -0.003192
v -0.001117 0.004867 -0.003202
v -0.001023 0.004975 -0.000608
v -0.001106 0.005761 -0.001821
v -0.002310 0.004975 -0.001671
v -0.002320 0.004975 -0.001792
v -0.001114 0.005762 -0.001944
v -0.002320 0.004975 -0.001792
v -0.002389 0.004867 -0.001772
v -0.002380 0.004867 -0.001672
v 0.000196 0.004976 -0.001954
v -0.000983 0.005762 -0.001836
v -0.000902 0.004975 -0.000622
v -0.000992 0.005760 -0.001958
v -0.001106 0.005761 -0.001821
v 0.000185 0.004976 -0.002074
v -0.001114 0.005762 -0.001944
v -0.001023 0.004975 -0.000608
v 0.000264 0.004867 -0.001971
v 0.000185 0.004976 -0.002074
v 0.000254 0.004867 -0.002070
v -0.001023 0.004975 -0.000608
v -0.000909 0.004867 -0.000550
v -0.001008 0.004867 -0.000541
v 0.001677 0.000783 -0.003850
v 0.001627 0.000864 -0.003899
v 0.001588 0.000966 -0.003742
v 0.001541 0.001064 -0.003795
v 0.001588 0.000966 -0.003742
v 0.001486 0.001161 -0.003619
v 0.001435 0.001248 -0.003667
v 0.000368 0.000783 -0.004930
v 0.000279 0.000966 -0.004821
v 0.000426 0.000864 -0.004890
v 0.000340 0.001064 -0.004786
v 0.000426 0.000864 -0.004890
v 0.000544 0.000836 -0.005033
v 0.000368 0.000783 -0.004930
v 0.000488 0.000764 -0.005075
v 0.000681 0.000742 -0.005199
v 0.000614 0.000672 -0.005227
v 0.000133 0.002077 -0.001979
v 0.001024 0.002077 -0.003058
v 0.000125 0.002147 -0.002079
v 0.001013 0.002147 -0.003155
v -0.000918 0.002076 -0.000705
v -0.000918 0.002145 -0.000705
v -0.001016 0.002079 -0.000696
v -0.001016 0.000390 -0.000696
v -0.001016 0.002145 -0.000696
v -0.000918 0.000388 -0.000705
v -0.001016 0.003544 -0.000696
v -0.001019 0.000296 -0.000600
v -0.000893 0.000296 -0.000591
v -0.000918 0.003544 -0.000705
v -0.000918 0.003668 -0.000705
v -0.001016 0.003668 -0.000696
v -0.000918 0.004541 -0.000705
v -0.001016 0.004541 -0.000696
v -0.000918 0.004609 -0.000705
v -0.001016 0.004609 -0.000696
v 0.000254 0.004867 -0.002070
v 0.000264 0.004867 -0.001971
v 0.000254 0.004679 -0.002070
v 0.000263 0.004679 -0.001970
v -0.002032 0.002163 -0.003677
v -0.002096 0.002412 -0.003596
v -0.002149 0.002354 -0.003534
v -0.001948 0.002104 -0.003775
v -0.002331 0.002151 -0.003317
v -0.001986 0.002095 -0.003730
v 0.001276 0.001248 -0.003799
v 0.001381 0.001064 -0.003927
v 0.001211 0.001132 -0.003844
v 0.001312 0.000953 -0.003967
v 0.001467 0.000864 -0.004031
v 0.001312 0.000953 -0.003967
v 0.001401 0.000760 -0.004075
v 0.001722 0.000742 -0.004340
v 0.001832 0.000566 -0.004473
v 0.001643 0.000647 -0.004368
v 0.001734 0.000500 -0.004478
v 0.001865 0.000388 -0.004513
v 0.001734 0.000500 -0.004478
v 0.001755 0.000388 -0.004503
v 0.000793 0.000730 -0.004821
v 0.000736 0.000836 -0.004875
v 0.000673 0.000760 -0.004676
v 0.000729 0.000657 -0.004620
v 0.000618 0.000864 -0.004732
v 0.000851 0.000625 -0.004768
v 0.000873 0.000742 -0.005041
v 0.000915 0.000647 -0.004968
v 0.000982 0.000566 -0.005174
v 0.001006 0.000501 -0.005079
v 0.000673 0.000760 -0.004676
v 0.000618 0.000864 -0.004732
v 0.000584 0.000953 -0.004568
v 0.000532 0.001064 -0.004628
v 0.000584 0.000953 -0.004568
v 0.000532 0.001064 -0.004628
v 0.000483 0.001132 -0.004445
v 0.000540 0.001016 -0.004391
v 0.000426 0.001248 -0.004500
v 0.000637 0.000845 -0.004508
v 0.000483 0.001132 -0.004445
v 0.000426 0.001248 -0.004500
v 0.000332 0.001235 -0.004263
v 0.000272 0.001353 -0.004313
v 0.000982 0.000566 -0.005174
v 0.001006 0.000501 -0.005079
v 0.001015 0.000388 -0.005214
v 0.001027 0.000387 -0.005104
v 0.001066 0.000296 -0.005105
v 0.001029 0.000436 -0.004984
v 0.001053 0.000386 -0.005013
v 0.001070 0.000296 -0.005242
v 0.001116 0.000296 -0.005042
v 0.000806 0.001370 -0.003341
v 0.000800 0.002007 -0.003335
v 0.000903 0.001431 -0.003348
v 0.000898 0.002075 -0.003344
v 0.000755 0.002077 -0.003280
v 0.000852 0.002147 -0.003288
v 0.000176 0.001287 -0.004073
v 0.000115 0.001402 -0.004123
v 0.000138 0.001306 -0.003999
v 0.000054 0.001431 -0.004049
v -0.002226 0.002221 -0.001785
v -0.001720 0.002221 -0.002399
v -0.002280 0.002152 -0.001830
v -0.001774 0.002152 -0.002444
v -0.001273 0.002152 -0.003051
v -0.001219 0.002221 -0.003006
v -0.000094 0.004609 -0.002169
v 0.000175 0.004609 -0.002061
v 0.000080 0.004609 -0.002025
v -0.000934 0.004609 -0.002862
v -0.001106 0.004609 -0.003121
v -0.001120 0.004609 -0.003015
v -0.000808 0.001267 -0.002758
v -0.000820 0.002077 -0.002767
v -0.000201 0.001267 -0.002257
v -0.000189 0.002077 -0.002247
v -0.001120 0.003544 -0.003016
v -0.001219 0.003544 -0.003006
v -0.001120 0.003625 -0.003016
v -0.001219 0.002221 -0.003006
v -0.001120 0.002221 -0.003016
v -0.001219 0.003625 -0.003006
v -0.001120 0.004508 -0.003016
v -0.001219 0.004508 -0.003006
v -0.001120 0.004609 -0.003015
v -0.001219 0.004609 -0.003006
v -0.001411 0.003544 -0.002773
v -0.001717 0.003544 -0.002403
v -0.001402 0.003614 -0.002674
v -0.001663 0.003614 -0.002358
v -0.001216 0.003614 -0.002520
v -0.001929 0.003614 -0.002035
v -0.001476 0.003614 -0.002204
v -0.002028 0.003544 -0.002026
v -0.001157 0.003614 -0.002427
v -0.001743 0.003614 -0.001881
v -0.001390 0.003614 -0.002133
v -0.001640 0.003614 -0.001841
v -0.001191 0.003544 -0.000840
v -0.001200 0.003614 -0.000938
v -0.002031 0.003544 -0.001533
v -0.001932 0.003614 -0.001542
v -0.000104 0.004512 -0.001692
v -0.000104 0.004609 -0.001692
v -0.000202 0.004518 -0.001682
v -0.000202 0.003723 -0.001683
v -0.000202 0.004609 -0.001682
v -0.000103 0.003661 -0.001693
v -0.000201 0.003614 -0.001684
v -0.000103 0.003544 -0.001693
v -0.000934 0.003544 -0.002862
v -0.000925 0.003614 -0.002763
v -0.000094 0.003544 -0.002169
v -0.000192 0.003614 -0.002159
v -0.000385 0.003614 -0.001926
v -0.001117 0.003614 -0.002530
v -0.001157 0.003614 -0.002427
v -0.001216 0.003614 -0.002520
v -0.000479 0.003614 -0.001867
v 0.000182 0.001197 -0.003956
v -0.000763 0.001197 -0.002811
v 0.000788 0.001197 -0.003456
v -0.000157 0.001197 -0.002312
v -0.000808 0.001267 -0.002758
v -0.000201 0.001267 -0.002257
v 0.000138 0.001306 -0.003999
v 0.000182 0.001197 -0.003956
v 0.000176 0.001287 -0.004073
v 0.000236 0.001171 -0.004023
v -0.000157 0.001197 -0.002312
v -0.000102 0.001267 -0.002266
v 0.000788 0.001197 -0.003456
v 0.000849 0.001306 -0.003410
v -0.000157 0.001197 -0.002312
v -0.000201 0.001267 -0.002257
v 0.000849 0.001306 -0.003410
v 0.000904 0.001287 -0.003472
v 0.000788 0.001197 -0.003456
v 0.000844 0.001171 -0.003522
v 0.001211 0.001132 -0.003844
v 0.001312 0.000953 -0.003967
v 0.001147 0.001016 -0.003890
v 0.001244 0.000845 -0.004007
v 0.001401 0.000760 -0.004075
v 0.001336 0.000657 -0.004119
v 0.001147 0.001016 -0.003890
v 0.001000 0.001117 -0.003712
v 0.001211 0.001132 -0.003844
v 0.001061 0.001235 -0.003662
v 0.000844 0.001171 -0.003522
v 0.000904 0.001287 -0.003472
v 0.000849 0.001306 -0.003410
v 0.000965 0.001402 -0.003422
v 0.000903 0.001431 -0.003348
v 0.001643 0.000647 -0.004368
v 0.001734 0.000500 -0.004478
v 0.001564 0.000552 -0.004396
v 0.001636 0.000436 -0.004483
v 0.001755 0.000388 -0.004503
v 0.001660 0.000387 -0.004512
v 0.001564 0.000552 -0.004396
v 0.001458 0.000625 -0.004267
v 0.001643 0.000647 -0.004368
v 0.001522 0.000730 -0.004220
v 0.001336 0.000657 -0.004119
v 0.001401 0.000760 -0.004075
v 0.000915 0.000647 -0.004968
v 0.000957 0.000552 -0.004896
v 0.001006 0.000501 -0.005079
v 0.001029 0.000436 -0.004984
v 0.000729 0.000657 -0.004620
v 0.000673 0.000760 -0.004676
v 0.000637 0.000845 -0.004508
v 0.000584 0.000953 -0.004568
v -0.000829 0.002077 -0.002866
v 0.000015 0.002077 -0.003891
v -0.000884 0.002148 -0.002911
v -0.000929 0.002218 -0.002858
v 0.000004 0.002147 -0.003988
v -0.000820 0.002077 -0.002767
v -0.000763 0.001197 -0.002811
v 0.000182 0.001197 -0.003956
v -0.000818 0.001267 -0.002857
v 0.000138 0.001306 -0.003999
v -0.000763 0.001197 -0.002811
v -0.000808 0.001267 -0.002758
v -0.001944 0.002094 -0.003695
v -0.001986 0.002095 -0.003730
v -0.001988 0.002162 -0.003641
v -0.001273 0.002152 -0.003051
v -0.002032 0.002163 -0.003677
v -0.001228 0.002082 -0.003105
v -0.003325 0.002348 -0.002882
v -0.003440 0.002111 -0.002742
v -0.003294 0.002408 -0.002807
v -0.003447 0.002097 -0.002619
v -0.003439 0.002002 -0.002632
v -0.003431 0.002018 -0.002755
v -0.003114 0.002106 -0.002362
v -0.003109 0.002014 -0.002369
v -0.003439 0.002002 -0.002632
v -0.002498 0.002348 -0.003884
v -0.002419 0.002408 -0.003867
v -0.002383 0.002112 -0.004023
v -0.002263 0.002096 -0.004054
v -0.002275 0.002002 -0.004043
v -0.002394 0.002018 -0.004012
v -0.003198 0.001740 -0.002950
v -0.003261 0.001835 -0.002979
v -0.003110 0.001933 -0.003056
v -0.003187 0.001992 -0.003069
v -0.003249 0.000388 -0.002659
v -0.003257 0.001827 -0.002650
v -0.003148 0.000571 -0.002804
v -0.003247 0.000388 -0.002547
v -0.003138 0.001701 -0.002810
v -0.002759 0.000388 -0.003257
v -0.003246 0.001891 -0.002547
v -0.002813 0.000296 -0.003301
v -0.002768 0.000571 -0.003264
v -0.003320 0.000296 -0.002519
v -0.002258 0.000388 -0.003859
v -0.002388 0.000571 -0.003724
v -0.003312 0.000296 -0.002695
v -0.002256 0.001828 -0.003862
v -0.002312 0.000296 -0.003908
v -0.002392 0.001701 -0.003714
v -0.003439 0.002002 -0.002632
v -0.003246 0.001891 -0.002547
v -0.003109 0.002014 -0.002369
v -0.003083 0.001891 -0.002401
v -0.003439 0.002002 -0.002632
v -0.003198 0.001740 -0.002950
v -0.003257 0.001827 -0.002650
v -0.003246 0.001891 -0.002547
v -0.003138 0.001701 -0.002810
v -0.002275 0.002002 -0.004043
v -0.001955 0.002015 -0.003767
v -0.002155 0.001891 -0.003869
v -0.001987 0.001891 -0.003730
v -0.001948 0.002104 -0.003775
v -0.002263 0.002096 -0.004054
v -0.002275 0.002002 -0.004043
v -0.001948 0.002104 -0.003775
v -0.001986 0.002095 -0.003730
v -0.001955 0.002015 -0.003767
v -0.001987 0.001891 -0.003730
v 0.001123 0.001196 -0.003179
v 0.000111 0.000387 -0.001952
v 0.001123 0.000385 -0.003179
v 0.001069 0.001371 -0.003113
v 0.000111 0.000387 -0.001952
v 0.000182 0.000296 -0.001893
v 0.000133 0.002077 -0.001979
v 0.001224 0.000296 -0.003156
v 0.001024 0.002077 -0.003058
v 0.001068 0.002007 -0.003112
v 0.001165 0.000296 -0.003205
v 0.001123 0.000385 -0.003179
v 0.001066 0.000387 -0.003227
v -0.000130 0.001331 -0.004325
v -0.000182 0.001358 -0.004263
v -0.000076 0.001402 -0.004281
v -0.000141 0.001432 -0.004203
v -0.001931 0.000711 -0.002573
v -0.001985 0.000641 -0.002618
v -0.002220 0.000711 -0.002222
v -0.001641 0.000711 -0.002924
v -0.002319 0.000641 -0.002212
v -0.001650 0.000641 -0.003023
v -0.001656 0.001740 -0.003016
v -0.001651 0.000730 -0.003023
v -0.001647 0.001740 -0.002917
v -0.001744 0.001933 -0.002909
v -0.001641 0.000711 -0.002924
v -0.001752 0.001932 -0.002789
v -0.002225 0.001933 -0.002326
v -0.002111 0.002059 -0.002464
v -0.002109 0.001932 -0.002357
v -0.002041 0.001992 -0.002439
v -0.001984 0.002083 -0.002618
v -0.001930 0.002013 -0.002573
v -0.001820 0.001992 -0.002707
v -0.001857 0.002059 -0.002771
v -0.001752 0.001932 -0.002789
v -0.001744 0.001933 -0.002909
v -0.001640 0.003614 -0.001841
v -0.001734 0.003614 -0.001783
v -0.000962 0.003614 -0.001282
v -0.001743 0.003614 -0.001881
v -0.001002 0.003614 -0.001179
v -0.001200 0.003614 -0.000938
v -0.001932 0.003614 -0.001542
v -0.001742 0.004609 -0.001882
v -0.001733 0.004609 -0.001784
v -0.001742 0.004528 -0.001882
v -0.001733 0.004528 -0.001784
v -0.001743 0.003747 -0.001881
v -0.001734 0.003747 -0.001783
v -0.001743 0.003614 -0.001881
v -0.001734 0.003614 -0.001783
v -0.001117 0.003614 -0.002530
v -0.001117 0.003690 -0.002530
v -0.001216 0.003614 -0.002520
v -0.001216 0.003690 -0.002520
v -0.001217 0.004515 -0.002519
v -0.001118 0.004515 -0.002529
v -0.001118 0.004609 -0.002529
v -0.001217 0.004609 -0.002519
v -0.000386 0.004518 -0.001925
v -0.000376 0.004518 -0.001826
v -0.000386 0.004609 -0.001924
v -0.000376 0.003723 -0.001827
v -0.000377 0.004609 -0.001826
v -0.000385 0.003723 -0.001926
v -0.000376 0.003614 -0.001827
v -0.000385 0.003614 -0.001926
v -0.000903 0.003730 -0.001188
v -0.000903 0.003614 -0.001188
v -0.001001 0.003730 -0.001179
v -0.001001 0.004545 -0.001180
v -0.001002 0.003614 -0.001179
v -0.000902 0.004545 -0.001189
v -0.001000 0.004609 -0.001180
v -0.000902 0.004609 -0.001189
v -0.000188 0.002148 -0.004146
v 0.000004 0.002147 -0.003988
v -0.000142 0.002076 -0.004201
v 0.000050 0.002076 -0.004044
v 0.001013 0.002147 -0.003155
v 0.001059 0.002075 -0.003211
v 0.000852 0.002147 -0.003288
v 0.000898 0.002075 -0.003344
v 0.001190 0.000296 -0.003236
v 0.001120 0.000387 -0.003293
v 0.001165 0.000296 -0.003205
v 0.001347 0.000296 -0.003426
v 0.001066 0.000387 -0.003227
v 0.001277 0.000388 -0.003483
v 0.001483 0.000296 -0.003591
v 0.001414 0.000388 -0.003650
v 0.001580 0.000296 -0.003708
v 0.001512 0.000388 -0.003768
v 0.001682 0.000296 -0.003832
v 0.001612 0.000388 -0.003890
v 0.001802 0.000296 -0.003977
v 0.001733 0.000388 -0.004036
v 0.001886 0.000296 -0.004079
v 0.001820 0.000388 -0.004142
v 0.002025 0.000387 -0.004381
v 0.002035 0.000387 -0.004284
v 0.002065 0.000296 -0.004431
v 0.001865 0.000388 -0.004513
v 0.002111 0.000296 -0.004252
v 0.001871 0.000296 -0.004591
v 0.001737 0.000296 -0.004551
v 0.001755 0.000388 -0.004503
v 0.001755 0.000388 -0.004503
v 0.001737 0.000296 -0.004551
v 0.001660 0.000387 -0.004512
v 0.001665 0.000296 -0.004589
v 0.000495 0.000296 -0.005056
v 0.000544 0.000387 -0.005016
v 0.000573 0.000296 -0.005151
v 0.000424 0.000387 -0.004870
v 0.000623 0.000387 -0.005112
v 0.000375 0.000296 -0.004910
v 0.000323 0.000387 -0.004749
v 0.000273 0.000296 -0.004787
v 0.000226 0.000387 -0.004631
v 0.000176 0.000296 -0.004669
v 0.000088 0.000387 -0.004464
v 0.000040 0.000296 -0.004504
v -0.000117 0.000296 -0.004314
v -0.000068 0.000388 -0.004274
v -0.000128 0.000296 -0.004300
v -0.000123 0.000388 -0.004208
v 0.001922 0.000388 -0.004265
v 0.001980 0.000388 -0.004217
v 0.001913 0.000435 -0.004254
v 0.001964 0.000296 -0.004174
v 0.001971 0.000435 -0.004207
v 0.002012 0.000296 -0.004132
v -0.001419 0.001186 -0.004977
v -0.001492 0.001186 -0.005037
v -0.001473 0.001352 -0.004912
v -0.001474 0.001003 -0.005060
v -0.001546 0.001352 -0.004972
v -0.001401 0.001003 -0.005000
v -0.000494 0.001354 -0.004109
v -0.001492 0.000820 -0.005037
v -0.000440 0.001188 -0.004175
v -0.001419 0.000820 -0.004977
v -0.000407 0.001354 -0.004038
v -0.001546 0.000654 -0.004972
v -0.000422 0.001003 -0.004197
v -0.000353 0.001188 -0.004103
v -0.001473 0.000654 -0.004912
v -0.000335 0.001003 -0.004126
v -0.000440 0.000819 -0.004175
v -0.000494 0.000652 -0.004109
v -0.000353 0.000818 -0.004103
v -0.000407 0.000652 -0.004038
v -0.001473 0.001352 -0.004912
v -0.001546 0.001352 -0.004972
v -0.001556 0.001483 -0.004811
v -0.000578 0.001486 -0.004007
v -0.001629 0.001483 -0.004871
v -0.000494 0.001354 -0.004109
v -0.001735 0.001567 -0.004744
v -0.000491 0.001486 -0.003936
v -0.001662 0.001567 -0.004683
v -0.000407 0.001354 -0.004038
v -0.000684 0.001571 -0.003879
v -0.000597 0.001571 -0.003807
v -0.001662 0.001567 -0.004683
v -0.001735 0.001567 -0.004744
v -0.001778 0.001596 -0.004542
v -0.000802 0.001600 -0.003736
v -0.001851 0.001596 -0.004602
v -0.001895 0.001567 -0.004400
v -0.000684 0.001571 -0.003879
v -0.001968 0.001567 -0.004461
v -0.000715 0.001600 -0.003665
v -0.002073 0.001483 -0.004333
v -0.000919 0.001571 -0.003594
v -0.000597 0.001571 -0.003807
v -0.002000 0.001483 -0.004273
v -0.000833 0.001571 -0.003522
v -0.002157 0.001352 -0.004232
v -0.001026 0.001486 -0.003465
v -0.002084 0.001352 -0.004172
v -0.000939 0.001486 -0.003393
v -0.001110 0.001354 -0.003363
v -0.001023 0.001354 -0.003291
v -0.001778 0.000410 -0.004542
v -0.001851 0.000410 -0.004602
v -0.001662 0.000439 -0.004683
v -0.001895 0.000439 -0.004400
v -0.001735 0.000439 -0.004744
v -0.000685 0.000435 -0.003879
v -0.001968 0.000439 -0.004461
v -0.001556 0.000523 -0.004811
v -0.000579 0.000520 -0.004007
v -0.000802 0.000406 -0.003736
v -0.002000 0.000523 -0.004273
v -0.000598 0.000435 -0.003807
v -0.000920 0.000435 -0.003594
v -0.000492 0.000520 -0.003936
v -0.001629 0.000523 -0.004871
v -0.001473 0.000654 -0.004912
v -0.000715 0.000406 -0.003665
v -0.000833 0.000435 -0.003522
v -0.000407 0.000652 -0.004038
v -0.001546 0.000654 -0.004972
v -0.000939 0.000520 -0.003394
v -0.000494 0.000652 -0.004109
v -0.001026 0.000520 -0.003465
v -0.001023 0.000652 -0.003292
v -0.001110 0.000652 -0.003363
v -0.002084 0.000654 -0.004172
v -0.002073 0.000523 -0.004333
v -0.002157 0.000654 -0.004232
v -0.001082 0.001000 -0.004263
v -0.001125 0.001000 -0.004211
v -0.001087 0.001059 -0.004258
v -0.001088 0.001003 -0.004366
v -0.001125 0.001158 -0.004211
v -0.001087 0.000947 -0.004258
v -0.001097 0.001097 -0.004355
v -0.001174 0.001000 -0.004152
v -0.001097 0.000909 -0.004355
v -0.001125 0.001182 -0.004321
v -0.001125 0.000848 -0.004211
v -0.001125 0.000824 -0.004321
v -0.001174 0.001213 -0.004152
v -0.001125 0.001182 -0.004321
v -0.001125 0.000824 -0.004321
v -0.001167 0.001249 -0.004269
v -0.001227 0.001000 -0.004087
v -0.001168 0.000757 -0.004270
v -0.001174 0.000793 -0.004152
v -0.001227 0.001231 -0.004087
v -0.001227 0.000775 -0.004087
v -0.001589 0.001165 -0.005030
v -0.001573 0.001003 -0.005050
v -0.001637 0.001140 -0.004972
v -0.001677 0.001264 -0.004923
v -0.001623 0.001003 -0.004989
v -0.001636 0.001310 -0.004973
v -0.001589 0.000841 -0.005030
v -0.001740 0.001362 -0.004848
v -0.001637 0.000866 -0.004972
v -0.001710 0.001426 -0.004884
v -0.001636 0.000696 -0.004973
v -0.001818 0.001425 -0.004752
v -0.001677 0.000743 -0.004923
v -0.001803 0.001500 -0.004771
v -0.001710 0.000580 -0.004884
v -0.001905 0.001446 -0.004647
v -0.001740 0.000644 -0.004848
v -0.001905 0.001526 -0.004647
v -0.001803 0.000506 -0.004771
v -0.001993 0.001425 -0.004541
v -0.001818 0.000581 -0.004752
v -0.002008 0.001500 -0.004522
v -0.001905 0.000480 -0.004647
v -0.002071 0.001362 -0.004446
v -0.001905 0.000560 -0.004647
v -0.002101 0.001426 -0.004410
v -0.002008 0.000506 -0.004522
v -0.002134 0.001264 -0.004370
v -0.001993 0.000581 -0.004541
v -0.002175 0.001310 -0.004320
v -0.001989 0.001300 -0.004436
v -0.002101 0.000580 -0.004410
v -0.002174 0.001140 -0.004322
v -0.002041 0.001219 -0.004373
v -0.002071 0.000644 -0.004446
v -0.002222 0.001165 -0.004263
v -0.002074 0.001117 -0.004333
v -0.002175 0.000696 -0.004320
v -0.002187 0.001003 -0.004305
v -0.002134 0.000743 -0.004370
v -0.002238 0.001003 -0.004243
v -0.002085 0.001003 -0.004319
v -0.002041 0.000787 -0.004373
v -0.002222 0.000841 -0.004263
v -0.002174 0.000866 -0.004322
v -0.002074 0.000890 -0.004333
v -0.001989 0.000706 -0.004436
v -0.001629 0.001117 -0.004872
v -0.001618 0.001003 -0.004886
v -0.001097 0.001097 -0.004355
v -0.001125 0.001182 -0.004321
v -0.001662 0.001219 -0.004832
v -0.001088 0.001003 -0.004366
v -0.001629 0.000890 -0.004872
v -0.001097 0.000909 -0.004355
v -0.001662 0.000787 -0.004832
v -0.001125 0.000824 -0.004321
v -0.001714 0.001300 -0.004769
v -0.001662 0.001219 -0.004832
v -0.001167 0.001249 -0.004269
v -0.001221 0.001292 -0.004204
v -0.001125 0.001182 -0.004321
v -0.001779 0.001352 -0.004690
v -0.001662 0.000787 -0.004832
v -0.001714 0.000706 -0.004769
v -0.001125 0.000824 -0.004321
v -0.001168 0.000757 -0.004270
v -0.001779 0.000654 -0.004690
v -0.001222 0.000714 -0.004204
v -0.001852 0.000636 -0.004602
v -0.001281 0.000699 -0.004132
v -0.001924 0.000654 -0.004515
v -0.001341 0.000714 -0.004059
v -0.001989 0.000706 -0.004436
v -0.001395 0.000757 -0.003994
v -0.002041 0.000787 -0.004373
v -0.001438 0.000824 -0.003942
v -0.001852 0.001370 -0.004602
v -0.001779 0.001352 -0.004690
v -0.001281 0.001307 -0.004132
v -0.001341 0.001292 -0.004059
v -0.001221 0.001292 -0.004204
v -0.001924 0.001352 -0.004515
v -0.001395 0.001249 -0.003994
v -0.001989 0.001300 -0.004436
v -0.001438 0.001182 -0.003942
v -0.002041 0.001219 -0.004373
v -0.002138 0.001186 -0.004107
v -0.002084 0.001352 -0.004172
v -0.002210 0.001186 -0.004167
v -0.002229 0.001003 -0.004145
v -0.002157 0.001352 -0.004232
v -0.002156 0.001003 -0.004084
v -0.001110 0.001354 -0.003363
v -0.002210 0.000820 -0.004167
v -0.001164 0.001188 -0.003298
v -0.002138 0.000820 -0.004107
v -0.001023 0.001354 -0.003291
v -0.002157 0.000654 -0.004232
v -0.001182 0.001003 -0.003275
v -0.001077 0.001188 -0.003226
v -0.002084 0.000654 -0.004172
v -0.001096 0.001003 -0.003203
v -0.001164 0.000819 -0.003298
v -0.001110 0.000652 -0.003363
v -0.001077 0.000818 -0.003226
v -0.001023 0.000652 -0.003292
v -0.001372 0.001000 -0.003912
v -0.001368 0.001059 -0.003917
v -0.001330 0.001000 -0.003964
v -0.001368 0.000947 -0.003917
v -0.001330 0.001158 -0.003964
v -0.001330 0.000848 -0.003964
v -0.001281 0.001000 -0.004022
v -0.001281 0.001213 -0.004022
v -0.001281 0.000793 -0.004022
v -0.001281 0.001000 -0.004022
v -0.001281 0.001213 -0.004022
v -0.001227 0.001000 -0.004087
v -0.001281 0.000793 -0.004022
v -0.001227 0.001231 -0.004087
v -0.001227 0.000775 -0.004087
v -0.002085 0.001003 -0.004319
v -0.002074 0.001117 -0.004333
v -0.001475 0.001003 -0.003897
v -0.001465 0.000909 -0.003909
v -0.001465 0.001097 -0.003909
v -0.002074 0.000890 -0.004333
v -0.002041 0.001219 -0.004373
v -0.001438 0.001182 -0.003942
v -0.001438 0.000824 -0.003942
v -0.002041 0.000787 -0.004373
v -0.001492 0.001186 -0.005037
v -0.001589 0.001165 -0.005030
v -0.001546 0.001352 -0.004972
v -0.001636 0.001310 -0.004973
v -0.001589 0.001165 -0.005030
v -0.001573 0.001003 -0.005050
v -0.001474 0.001003 -0.005060
v -0.001573 0.001003 -0.005050
v -0.001589 0.000841 -0.005030
v -0.001492 0.000820 -0.005037
v -0.001589 0.000841 -0.005030
v -0.001636 0.000696 -0.004973
v -0.001546 0.000654 -0.004972
v -0.001546 0.001352 -0.004972
v -0.001636 0.001310 -0.004973
v -0.001629 0.001483 -0.004871
v -0.001710 0.001426 -0.004884
v -0.001710 0.001426 -0.004884
v -0.001735 0.001567 -0.004744
v -0.001803 0.001500 -0.004771
v -0.001636 0.000696 -0.004973
v -0.001546 0.000654 -0.004972
v -0.001710 0.000580 -0.004884
v -0.001629 0.000523 -0.004871
v -0.001710 0.000580 -0.004884
v -0.001803 0.000506 -0.004771
v -0.001735 0.000439 -0.004744
v -0.001803 0.000506 -0.004771
v -0.001905 0.000480 -0.004647
v -0.001851 0.000410 -0.004602
v -0.001905 0.000480 -0.004647
v -0.002008 0.000506 -0.004522
v -0.001968 0.000439 -0.004461
v -0.002008 0.000506 -0.004522
v -0.002101 0.000580 -0.004410
v -0.002073 0.000523 -0.004333
v -0.002101 0.000580 -0.004410
v -0.002175 0.000696 -0.004320
v -0.002157 0.000654 -0.004232
v -0.001735 0.001567 -0.004744
v -0.001803 0.001500 -0.004771
v -0.001851 0.001596 -0.004602
v -0.001905 0.001526 -0.004647
v -0.001851 0.001596 -0.004602
v -0.001905 0.001526 -0.004647
v -0.001968 0.001567 -0.004461
v -0.002008 0.001500 -0.004522
v -0.002008 0.001500 -0.004522
v -0.002073 0.001483 -0.004333
v -0.002101 0.001426 -0.004410
v -0.002101 0.001426 -0.004410
v -0.002157 0.001352 -0.004232
v -0.002175 0.001310 -0.004320
v -0.002157 0.001352 -0.004232
v -0.002175 0.001310 -0.004320
v -0.002210 0.001186 -0.004167
v -0.002222 0.001165 -0.004263
v -0.002222 0.001165 -0.004263
v -0.002229 0.001003 -0.004145
v -0.002238 0.001003 -0.004243
v -0.002238 0.001003 -0.004243
v -0.002210 0.000820 -0.004167
v -0.002222 0.000841 -0.004263
v -0.002222 0.000841 -0.004263
v -0.002157 0.000654 -0.004232
v -0.002175 0.000696 -0.004320
v -0.001618 0.001003 -0.004886
v -0.001623 0.001003 -0.004989
v -0.001629 0.000890 -0.004872
v -0.001637 0.001140 -0.004972
v -0.001637 0.000866 -0.004972
v -0.001629 0.001117 -0.004872
v -0.001662 0.000787 -0.004832
v -0.001677 0.001264 -0.004923
v -0.001677 0.000743 -0.004923
v -0.001662 0.001219 -0.004832
v -0.001714 0.000706 -0.004769
v -0.001740 0.000644 -0.004848
v -0.001740 0.001362 -0.004848
v -0.001714 0.001300 -0.004769
v -0.001740 0.001362 -0.004848
v -0.001714 0.001300 -0.004769
v -0.001818 0.001425 -0.004752
v -0.001779 0.001352 -0.004690
v -0.001905 0.001446 -0.004647
v -0.001852 0.001370 -0.004602
v -0.001993 0.001425 -0.004541
v -0.001924 0.001352 -0.004515
v -0.002071 0.001362 -0.004446
v -0.001989 0.001300 -0.004436
v -0.001714 0.000706 -0.004769
v -0.001740 0.000644 -0.004848
v -0.001779 0.000654 -0.004690
v -0.001818 0.000581 -0.004752
v -0.001852 0.000636 -0.004602
v -0.001905 0.000560 -0.004647
v -0.001924 0.000654 -0.004515
v -0.001993 0.000581 -0.004541
v -0.001989 0.000706 -0.004436
v -0.002071 0.000644 -0.004446
v -0.001125 0.000848 -0.004211
v -0.001168 0.000757 -0.004270
v -0.001174 0.000793 -0.004152
v -0.001222 0.000714 -0.004204
v -0.001227 0.000775 -0.004087
v -0.001281 0.000699 -0.004132
v -0.001125 0.001158 -0.004211
v -0.001174 0.001213 -0.004152
v -0.001167 0.001249 -0.004269
v -0.001221 0.001292 -0.004204
v -0.001227 0.001231 -0.004087
v -0.001281 0.001307 -0.004132
v -0.001281 0.000699 -0.004132
v -0.001341 0.000714 -0.004059
v -0.001227 0.000775 -0.004087
v -0.001281 0.000793 -0.004022
v -0.001281 0.001307 -0.004132
v -0.001227 0.001231 -0.004087
v -0.001341 0.001292 -0.004059
v -0.001281 0.001213 -0.004022
v -0.001281 0.001213 -0.004022
v -0.001395 0.001249 -0.003994
v -0.001330 0.001158 -0.003964
v -0.001465 0.001097 -0.003909
v -0.001368 0.001059 -0.003917
v -0.001475 0.001003 -0.003897
v -0.001438 0.001182 -0.003942
v -0.001372 0.001000 -0.003912
v -0.001368 0.000947 -0.003917
v -0.001465 0.000909 -0.003909
v -0.001438 0.000824 -0.003942
v -0.001438 0.001182 -0.003942
v -0.001330 0.001158 -0.003964
v -0.001395 0.001249 -0.003994
v -0.001330 0.000848 -0.003964
v -0.001438 0.000824 -0.003942
v -0.001395 0.000757 -0.003994
v -0.001330 0.000848 -0.003964
v -0.001281 0.000793 -0.004022
v -0.001395 0.000757 -0.003994
v -0.001341 0.000714 -0.004059
v -0.000345 0.001400 -0.004069
v -0.000407 0.001354 -0.004038
v -0.000440 0.001550 -0.003954
v -0.000491 0.001486 -0.003936
v -0.000345 0.001400 -0.004069
v -0.000353 0.001188 -0.004103
v -0.000284 0.001212 -0.004143
v -0.000440 0.001550 -0.003954
v -0.000560 0.001646 -0.003808
v -0.000597 0.001571 -0.003807
v -0.000284 0.001212 -0.004143
v -0.000335 0.001003 -0.004126
v -0.000263 0.001003 -0.004169
v -0.000263 0.001003 -0.004169
v -0.000353 0.000818 -0.004103
v -0.000284 0.000794 -0.004143
v -0.000407 0.000652 -0.004038
v -0.000345 0.000606 -0.004069
v -0.000284 0.000794 -0.004143
v -0.000492 0.000520 -0.003936
v -0.000441 0.000456 -0.003954
v -0.000345 0.000606 -0.004069
v -0.000598 0.000435 -0.003807
v -0.000561 0.000360 -0.003808
v -0.000441 0.000456 -0.003954
v -0.000561 0.000360 -0.003808
v -0.000715 0.000406 -0.003665
v -0.000694 0.000327 -0.003647
v -0.000694 0.000327 -0.003647
v -0.000827 0.000360 -0.003486
v -0.000833 0.000435 -0.003522
v -0.000827 0.000360 -0.003486
v -0.000939 0.000520 -0.003394
v -0.000947 0.000456 -0.003340
v -0.001042 0.000606 -0.003225
v -0.001023 0.000652 -0.003292
v -0.000947 0.000456 -0.003340
v -0.000939 0.000520 -0.003394
v -0.001042 0.000606 -0.003225
v -0.001077 0.000818 -0.003226
v -0.001103 0.000794 -0.003151
v -0.001103 0.000794 -0.003151
v -0.001124 0.001003 -0.003125
v -0.001096 0.001003 -0.003203
v -0.001124 0.001003 -0.003125
v -0.001103 0.001212 -0.003150
v -0.001077 0.001188 -0.003226
v -0.001103 0.001212 -0.003150
v -0.001042 0.001400 -0.003225
v -0.001023 0.001354 -0.003291
v -0.001042 0.001400 -0.003225
v -0.000947 0.001550 -0.003340
v -0.000939 0.001486 -0.003393
v -0.000947 0.001550 -0.003340
v -0.000827 0.001646 -0.003485
v -0.000939 0.001486 -0.003393
v -0.000833 0.001571 -0.003522
v -0.000827 0.001646 -0.003485
v -0.000693 0.001679 -0.003647
v -0.000715 0.001600 -0.003665
v -0.000693 0.001679 -0.003647
v -0.000597 0.001571 -0.003807
v -0.000560 0.001646 -0.003808
v -0.002656 0.002752 -0.001051
v -0.002578 0.002628 -0.001146
v -0.002646 0.002690 -0.001064
v -0.002538 0.002645 -0.001194
v -0.002617 0.002645 -0.001099
v -0.002646 0.002814 -0.001064
v -0.002642 0.002752 -0.000990
v -0.002617 0.002859 -0.001099
v -0.002629 0.002671 -0.001007
v -0.002509 0.002690 -0.001229
v -0.002628 0.002833 -0.001007
v -0.002622 0.002752 -0.000974
v -0.002499 0.002752 -0.001242
v -0.002608 0.002671 -0.000990
v -0.002601 0.002833 -0.000985
v -0.002578 0.002876 -0.001146
v -0.002538 0.002859 -0.001194
v -0.002509 0.002814 -0.001229
v -0.002542 0.002892 -0.001012
v -0.002590 0.002892 -0.001052
v -0.002601 0.002833 -0.000985
v -0.002539 0.002913 -0.001114
v -0.002628 0.002833 -0.001007
v -0.002482 0.002913 -0.001068
v -0.002617 0.002859 -0.001099
v -0.002439 0.002892 -0.001137
v -0.002578 0.002876 -0.001146
v -0.002646 0.002814 -0.001064
v -0.002488 0.002892 -0.001177
v -0.002538 0.002859 -0.001194
v -0.002439 0.002892 -0.001137
v -0.002423 0.002833 -0.001200
v -0.002488 0.002892 -0.001177
v -0.002450 0.002833 -0.001223
v -0.002538 0.002859 -0.001194
v -0.002509 0.002814 -0.001229
v -0.002423 0.002833 -0.001200
v -0.002416 0.002752 -0.001223
v -0.002450 0.002833 -0.001223
v -0.002437 0.002752 -0.001240
v -0.002509 0.002814 -0.001229
v -0.002499 0.002752 -0.001242
v -0.002416 0.002752 -0.001223
v -0.002430 0.002671 -0.001206
v -0.002437 0.002752 -0.001240
v -0.002450 0.002671 -0.001223
v -0.002499 0.002752 -0.001242
v -0.002509 0.002690 -0.001229
v -0.002430 0.002671 -0.001206
v -0.002468 0.002612 -0.001161
v -0.002450 0.002671 -0.001223
v -0.002488 0.002612 -0.001177
v -0.002509 0.002690 -0.001229
v -0.002538 0.002645 -0.001194
v -0.002468 0.002612 -0.001161
v -0.002519 0.002590 -0.001098
v -0.002488 0.002612 -0.001177
v -0.002539 0.002590 -0.001115
v -0.002538 0.002645 -0.001194
v -0.002571 0.002612 -0.001036
v -0.002578 0.002628 -0.001146
v -0.002591 0.002612 -0.001053
v -0.002608 0.002671 -0.000990
v -0.002617 0.002645 -0.001099
v -0.002629 0.002671 -0.001007
v -0.002646 0.002690 -0.001064
v -0.003276 0.002752 -0.000300
v -0.003205 0.002640 -0.000386
v -0.003267 0.002696 -0.000311
v -0.003169 0.002655 -0.000430
v -0.003240 0.002655 -0.000343
v -0.003267 0.002808 -0.000311
v -0.003269 0.002752 -0.000230
v -0.003240 0.002849 -0.000343
v -0.003255 0.002671 -0.000247
v -0.003255 0.002833 -0.000247
v -0.003143 0.002696 -0.000461
v -0.003249 0.002752 -0.000214
v -0.003133 0.002752 -0.000473
v -0.003235 0.002671 -0.000230
v -0.003229 0.002833 -0.000225
v -0.003205 0.002864 -0.000386
v -0.003169 0.002849 -0.000430
v -0.003143 0.002808 -0.000461
v -0.003169 0.002892 -0.000252
v -0.003218 0.002892 -0.000292
v -0.003229 0.002833 -0.000225
v -0.003166 0.002913 -0.000355
v -0.003255 0.002833 -0.000247
v -0.003110 0.002913 -0.000308
v -0.003240 0.002849 -0.000343
v -0.003066 0.002892 -0.000377
v -0.003205 0.002864 -0.000386
v -0.003267 0.002808 -0.000311
v -0.003115 0.002892 -0.000417
v -0.003050 0.002833 -0.000441
v -0.003169 0.002849 -0.000430
v -0.003077 0.002833 -0.000463
v -0.003143 0.002808 -0.000461
v -0.003050 0.002833 -0.000441
v -0.003044 0.002752 -0.000463
v -0.003077 0.002833 -0.000463
v -0.003064 0.002752 -0.000479
v -0.003143 0.002808 -0.000461
v -0.003057 0.002671 -0.000446
v -0.003133 0.002752 -0.000473
v -0.003077 0.002671 -0.000463
v -0.003143 0.002696 -0.000461
v -0.003057 0.002671 -0.000446
v -0.003095 0.002612 -0.000401
v -0.003077 0.002671 -0.000463
v -0.003115 0.002612 -0.000417
v -0.003143 0.002696 -0.000461
v -0.003146 0.002590 -0.000338
v -0.003169 0.002655 -0.000430
v -0.003166 0.002590 -0.000355
v -0.003198 0.002612 -0.000276
v -0.003205 0.002640 -0.000386
v -0.003218 0.002612 -0.000293
v -0.003235 0.002671 -0.000230
v -0.003240 0.002655 -0.000343
v -0.003255 0.002671 -0.000247
v -0.003267 0.002696 -0.000311
v -0.000861 0.001011 -0.004628
v -0.000781 0.000907 -0.004563
v -0.000850 0.000959 -0.004619
v -0.000741 0.000921 -0.004530
v -0.000821 0.000921 -0.004595
v -0.000850 0.001062 -0.004619
v -0.000906 0.001011 -0.004627
v -0.000821 0.001100 -0.004595
v -0.000894 0.000942 -0.004613
v -0.000712 0.000959 -0.004506
v -0.000895 0.001080 -0.004612
v -0.000923 0.001011 -0.004607
v -0.000701 0.001011 -0.004497
v -0.000914 0.000942 -0.004589
v -0.000916 0.001080 -0.004587
v -0.000781 0.001114 -0.004563
v -0.000741 0.001100 -0.004530
v -0.000712 0.001062 -0.004506
v -0.000882 0.001130 -0.004548
v -0.000858 0.001130 -0.004577
v -0.000916 0.001080 -0.004587
v -0.000806 0.001148 -0.004533
v -0.000895 0.001080 -0.004612
v -0.000830 0.001148 -0.004503
v -0.000821 0.001100 -0.004595
v -0.000775 0.001130 -0.004461
v -0.000781 0.001114 -0.004563
v -0.000850 0.001062 -0.004619
v -0.000751 0.001130 -0.004490
v -0.000731 0.001080 -0.004435
v -0.000741 0.001100 -0.004530
v -0.000709 0.001080 -0.004462
v -0.000712 0.001062 -0.004506
v -0.000691 0.001011 -0.004455
v -0.000709 0.001080 -0.004462
v -0.000710 0.001011 -0.004432
v -0.000709 0.000942 -0.004463
v -0.000731 0.001080 -0.004435
v -0.000730 0.000942 -0.004437
v -0.000712 0.000959 -0.004506
v -0.000712 0.001062 -0.004506
v -0.000701 0.001011 -0.004497
v -0.000774 0.000891 -0.004463
v -0.000750 0.000891 -0.004491
v -0.000730 0.000942 -0.004437
v -0.000805 0.000873 -0.004534
v -0.000709 0.000942 -0.004463
v -0.000829 0.000873 -0.004504
v -0.000781 0.000907 -0.004563
v -0.000741 0.000921 -0.004530
v -0.000712 0.000959 -0.004506
v -0.000880 0.000891 -0.004550
v -0.000858 0.000891 -0.004578
v -0.000821 0.000921 -0.004595
v -0.000914 0.000942 -0.004589
v -0.000894 0.000942 -0.004613
v -0.000850 0.000959 -0.004619
v -0.004444 0.000512 -0.000445
v -0.004675 0.000501 -0.000162
v -0.004604 0.000421 -0.000577
v -0.004520 0.000639 -0.000034
v -0.004836 0.000410 -0.000294
v -0.004289 0.000651 -0.000317
v -0.004657 0.000400 -0.000621
v -0.004382 0.000824 0.000080
v -0.004895 0.000387 -0.000343
v -0.004152 0.000838 -0.000204
v -0.004755 0.000362 -0.000701
v -0.004250 0.001036 0.000190
v -0.004987 0.000351 -0.000419
v -0.004018 0.001053 -0.000094
v -0.005153 0.000302 -0.000586
v -0.004935 0.000318 -0.000850
v -0.003947 0.001269 0.000045
v -0.003933 0.001217 -0.000031
v -0.004144 0.001235 0.000284
v -0.005676 0.000673 0.001013
v -0.005812 0.000584 0.000901
v -0.005661 0.000512 0.001029
v -0.005506 0.000651 0.001157
v -0.005821 0.000421 0.000898
v -0.005526 0.000817 0.001137
v -0.005855 0.000558 0.000865
v -0.005368 0.000838 0.001271
v -0.005865 0.000401 0.000861
v -0.005398 0.000999 0.001241
v -0.005975 0.000503 0.000766
v -0.005376 0.001033 0.001261
v -0.005971 0.000362 0.000773
v -0.005235 0.001053 0.001381
v -0.006150 0.000467 0.000622
v -0.005245 0.001253 0.001369
v -0.006152 0.000318 0.000624
v -0.005160 0.001217 0.001456
v -0.005145 0.001532 0.001465
v -0.006332 0.000458 0.000470
v -0.006334 0.000301 0.000468
v -0.004604 0.000421 -0.000577
v -0.004599 0.000584 -0.000569
v -0.004444 0.000512 -0.000445
v -0.004651 0.000558 -0.000612
v -0.004463 0.000673 -0.000457
v -0.004657 0.000400 -0.000621
v -0.004289 0.000651 -0.000317
v -0.004762 0.000503 -0.000704
v -0.004313 0.000817 -0.000333
v -0.004755 0.000362 -0.000701
v -0.004152 0.000838 -0.000204
v -0.004937 0.000467 -0.000848
v -0.004188 0.000998 -0.000230
v -0.004935 0.000318 -0.000850
v -0.004163 0.001034 -0.000209
v -0.005121 0.000458 -0.000998
v -0.005123 0.000301 -0.000999
v -0.004018 0.001053 -0.000094
v -0.004032 0.001253 -0.000102
v -0.003933 0.001217 -0.000031
v -0.003936 0.001493 -0.000030
v -0.003848 0.001714 0.000036
v -0.003848 0.001276 0.000036
v -0.003933 0.001217 -0.000031
v -0.002482 0.001276 0.001164
v -0.002482 0.001714 0.001164
v -0.002472 0.001714 0.001262
v -0.002472 0.001276 0.001262
v -0.002482 0.001276 0.001164
v -0.002482 0.000388 0.001164
v -0.003848 0.001276 0.000036
v -0.002472 0.000386 0.001262
v -0.003848 0.000388 0.000036
v -0.005079 0.001714 0.001528
v -0.005079 0.001276 0.001527
v -0.003712 0.001714 0.002655
v -0.005160 0.001217 0.001456
v -0.003712 0.001276 0.002655
v -0.003614 0.001276 0.002646
v -0.005079 0.000386 0.001527
v -0.003614 0.001714 0.002646
v -0.003712 0.000387 0.002655
v -0.003614 0.000386 0.002646
v -0.004867 0.004501 0.000953
v -0.005123 0.004309 0.001264
v -0.004530 0.004498 0.001240
v -0.004278 0.004546 0.000935
v -0.004782 0.004308 0.001546
v -0.004620 0.004546 0.000653
v -0.004962 0.004002 0.001755
v -0.005299 0.003994 0.001477
v -0.004372 0.004501 0.000353
v -0.004026 0.004498 0.000630
v -0.004116 0.004309 0.000043
v -0.003773 0.004308 0.000324
v -0.003603 0.004002 0.000108
v -0.003940 0.003994 -0.000171
v -0.004907 0.004434 0.000892
v -0.004829 0.004025 0.000797
v -0.005150 0.004253 0.001186
v -0.004673 0.004476 0.000609
v -0.004972 0.003887 0.000971
v -0.004673 0.004051 0.000609
v -0.005285 0.004010 0.001349
v -0.004518 0.004025 0.000421
v -0.005275 0.003923 0.001338
v -0.005059 0.003728 0.001076
v -0.004440 0.004434 0.000325
v -0.004197 0.004253 0.000031
v -0.004375 0.003887 0.000247
v -0.004062 0.004010 -0.000132
v -0.004072 0.003923 -0.000120
v -0.004288 0.003728 0.000141
v -0.004813 0.003835 0.001046
v -0.004840 0.003639 0.001237
v -0.004971 0.003638 0.001128
v -0.003436 0.003868 0.002180
v -0.004684 0.003958 0.000890
v -0.003542 0.003641 0.002308
v -0.003307 0.003958 0.002024
v -0.003301 0.003869 0.002126
v -0.004542 0.003981 0.000717
v -0.003112 0.003958 0.001897
v -0.003139 0.003996 0.001875
v -0.003025 0.003958 0.001681
v -0.004399 0.003958 0.000545
v -0.002896 0.003868 0.001525
v -0.004270 0.003835 0.000388
v -0.004088 0.003639 0.000326
v -0.004220 0.003638 0.000217
v -0.002790 0.003641 0.001397
v -0.003503 0.002068 0.002261
v -0.002835 0.002068 0.001451
v -0.004795 0.002068 0.001184
v -0.003449 0.002138 0.002305
v -0.004132 0.002068 0.000380
v -0.004840 0.002138 0.001238
v -0.002781 0.002138 0.001496
v -0.004143 0.002015 0.000283
v -0.004895 0.002015 0.001194
v -0.003547 0.002138 0.002315
v -0.002790 0.002138 0.001397
v -0.004088 0.002138 0.000326
v -0.003542 0.003641 0.002308
v -0.003542 0.003506 0.002308
v -0.004840 0.003639 0.001237
v -0.003443 0.003506 0.002299
v -0.004840 0.003506 0.001237
v -0.003440 0.003641 0.002295
v -0.003440 0.003641 0.002295
v -0.003301 0.003869 0.002126
v -0.002784 0.003641 0.001499
v -0.002781 0.003506 0.001496
v -0.003443 0.003506 0.002299
v -0.002923 0.003869 0.001668
v -0.002896 0.003868 0.001525
v -0.003112 0.003958 0.001897
v -0.002790 0.003641 0.001397
v -0.005079 0.000386 0.001527
v -0.005127 0.000302 0.001586
v -0.003712 0.000387 0.002655
v -0.005138 0.000302 0.001388
v -0.005089 0.000386 0.001429
v -0.003760 0.000302 0.002713
v -0.003558 0.000302 0.002692
v -0.003614 0.000386 0.002646
v -0.003547 0.002138 0.002315
v -0.004840 0.002138 0.001238
v -0.003547 0.003040 0.002314
v -0.003449 0.003040 0.002305
v -0.004840 0.003040 0.001238
v -0.003449 0.002138 0.002305
v -0.004132 0.003110 0.000380
v -0.002835 0.003110 0.001451
v -0.004795 0.003110 0.001184
v -0.004088 0.003040 0.000326
v -0.003503 0.003110 0.002261
v -0.002790 0.003040 0.001397
v -0.002781 0.003040 0.001496
v -0.004795 0.003436 0.001183
v -0.003497 0.003436 0.002254
v -0.004132 0.003436 0.000380
v -0.002835 0.003436 0.001451
v -0.002790 0.003506 0.001397
v -0.003443 0.003506 0.002299
v -0.004088 0.003506 0.000326
v -0.002781 0.003506 0.001496
v -0.002781 0.003506 0.001496
v -0.003712 0.004473 0.002655
v -0.003895 0.004473 0.002505
v -0.003712 0.003947 0.002655
v -0.003614 0.004404 0.002646
v -0.003895 0.003947 0.002505
v -0.003614 0.003947 0.002646
v -0.003712 0.003790 0.002655
v -0.003475 0.004404 0.002478
v -0.003614 0.003790 0.002646
v -0.004835 0.003790 0.001729
v -0.003472 0.003947 0.002473
v -0.003520 0.004474 0.002532
v -0.003712 0.003110 0.002655
v -0.004741 0.003947 0.001806
v -0.003569 0.004474 0.002592
v -0.003614 0.003110 0.002646
v -0.003958 0.004017 0.002362
v -0.005079 0.003110 0.001528
v -0.003043 0.003110 0.001954
v -0.004694 0.004017 0.001754
v -0.003614 0.002068 0.002646
v -0.003712 0.002068 0.002655
v -0.004791 0.004017 0.001675
v -0.005079 0.002068 0.001528
v -0.003043 0.003790 0.001954
v -0.004835 0.003947 0.001729
v -0.005079 0.003790 0.001527
v -0.003712 0.001714 0.002655
v -0.003043 0.002068 0.001954
v -0.003614 0.001714 0.002646
v -0.005079 0.001714 0.001528
v -0.002472 0.003110 0.001262
v -0.003043 0.001714 0.001954
v -0.002472 0.002068 0.001262
v -0.002472 0.001714 0.001262
v -0.003483 0.004087 0.002377
v -0.003667 0.004087 0.002229
v -0.003485 0.004473 0.002380
v -0.003475 0.004404 0.002478
v -0.003668 0.004473 0.002230
v -0.003472 0.003947 0.002473
v -0.003520 0.004474 0.002532
v -0.003531 0.004544 0.002436
v -0.003472 0.003947 0.002473
v -0.003438 0.004017 0.002322
v -0.003849 0.004544 0.002449
v -0.003667 0.004544 0.002600
v -0.003714 0.004544 0.002285
v -0.003811 0.004474 0.002293
v -0.003860 0.004474 0.002352
v -0.003531 0.004544 0.002436
v -0.003569 0.004474 0.002592
v -0.003520 0.004474 0.002532
v -0.004001 0.000302 0.000000
v -0.004153 0.000302 0.000169
v -0.003947 0.000387 0.000045
v -0.003848 0.000388 0.000036
v -0.004145 0.000389 0.000285
v -0.003794 0.000302 -0.000030
v -0.002427 0.000302 0.001098
v -0.002482 0.000388 0.001164
v -0.002417 0.000302 0.001308
v -0.002472 0.000386 0.001262
v -0.004088 0.003506 0.000326
v -0.002790 0.003506 0.001397
v -0.004088 0.003639 0.000326
v -0.002790 0.003641 0.001397
v -0.002781 0.003506 0.001496
v -0.002784 0.003641 0.001499
v -0.003043 0.000386 0.001954
v -0.002987 0.000302 0.002000
v -0.002472 0.000386 0.001262
v -0.003558 0.000302 0.002692
v -0.002417 0.000302 0.001308
v -0.003614 0.000386 0.002646
v -0.002790 0.003040 0.001397
v -0.004088 0.003040 0.000326
v -0.002790 0.002138 0.001397
v -0.002781 0.002138 0.001496
v -0.004088 0.002138 0.000326
v -0.002781 0.003040 0.001496
v -0.004097 0.003110 0.000228
v -0.003449 0.002138 0.002305
v -0.003449 0.003040 0.002305
v -0.004097 0.002068 0.000227
v -0.004143 0.002015 0.000283
v -0.004088 0.002138 0.000326
v -0.004132 0.002068 0.000380
v -0.002482 0.003947 0.001164
v -0.002664 0.003947 0.001013
v -0.002482 0.004473 0.001164
v -0.002472 0.004404 0.001262
v -0.002664 0.004473 0.001013
v -0.002472 0.003947 0.001262
v -0.002482 0.003790 0.001164
v -0.003605 0.003790 0.000237
v -0.002472 0.003790 0.001262
v -0.002482 0.003110 0.001164
v -0.003530 0.003947 0.000299
v -0.002472 0.003110 0.001262
v -0.003605 0.003947 0.000237
v -0.003848 0.003110 0.000036
v -0.003848 0.003790 0.000036
v -0.002708 0.004473 0.001438
v -0.002890 0.004473 0.001287
v -0.002710 0.004087 0.001440
v -0.002891 0.004087 0.001288
v -0.002845 0.004544 0.001232
v -0.002662 0.004544 0.001383
v -0.002710 0.004544 0.001069
v -0.002807 0.004474 0.001077
v -0.002855 0.004474 0.001135
v -0.002527 0.004544 0.001219
v -0.002517 0.004474 0.001316
v -0.002565 0.004474 0.001375
v -0.002472 0.001276 0.001262
v -0.002472 0.001714 0.001262
v -0.003043 0.001276 0.001954
v -0.003043 0.000386 0.001954
v -0.003043 0.001714 0.001954
v -0.002472 0.000386 0.001262
v -0.003614 0.001276 0.002646
v -0.003614 0.000386 0.002646
v -0.003614 0.001714 0.002646
v -0.005138 0.000302 0.001388
v -0.005089 0.000386 0.001429
v -0.004988 0.000302 0.001205
v -0.004890 0.000386 0.001189
v -0.004891 0.001235 0.001190
v -0.005089 0.001269 0.001429
v -0.005001 0.001036 0.001100
v -0.005235 0.001053 0.001381
v -0.005368 0.000838 0.001271
v -0.005160 0.001217 0.001456
v -0.005134 0.000824 0.000990
v -0.005506 0.000651 0.001157
v -0.005271 0.000639 0.000877
v -0.005661 0.000512 0.001029
v -0.005427 0.000501 0.000749
v -0.005821 0.000421 0.000898
v -0.005587 0.000410 0.000616
v -0.005865 0.000401 0.000861
v -0.005650 0.000385 0.000564
v -0.005971 0.000362 0.000773
v -0.005738 0.000351 0.000491
v -0.006152 0.000318 0.000624
v -0.005919 0.000302 0.000342
v -0.005427 0.000386 0.000749
v -0.005587 0.000385 0.000616
v -0.005474 0.000302 0.000806
v -0.005319 0.000302 0.000935
v -0.005635 0.000302 0.000674
v -0.005271 0.000386 0.000877
v -0.005650 0.000385 0.000564
v -0.005181 0.000302 0.001048
v -0.005706 0.000302 0.000615
v -0.005134 0.000386 0.000990
v -0.005738 0.000351 0.000491
v -0.005049 0.000302 0.001158
v -0.005786 0.000302 0.000549
v -0.005919 0.000302 0.000342
v -0.005001 0.000386 0.001100
v -0.004988 0.000302 0.001205
v -0.004890 0.000386 0.001189
v -0.004144 0.001235 0.000284
v -0.004145 0.000389 0.000285
v -0.004250 0.001036 0.000190
v -0.004250 0.000389 0.000190
v -0.004382 0.000824 0.000080
v -0.004382 0.000389 0.000080
v -0.004520 0.000639 -0.000034
v -0.004520 0.000388 -0.000034
v -0.004675 0.000501 -0.000162
v -0.004675 0.000388 -0.000162
v -0.004836 0.000410 -0.000294
v -0.004836 0.000387 -0.000294
v -0.004895 0.000387 -0.000343
v -0.005153 0.000302 -0.000586
v -0.004987 0.000351 -0.000419
v -0.004947 0.000302 -0.000468
v -0.004875 0.000302 -0.000414
v -0.004895 0.000387 -0.000343
v -0.004791 0.000302 -0.000349
v -0.004836 0.000387 -0.000294
v -0.004630 0.000302 -0.000217
v -0.004675 0.000388 -0.000162
v -0.004475 0.000302 -0.000088
v -0.004520 0.000388 -0.000034
v -0.004337 0.000302 0.000025
v -0.004382 0.000389 0.000080
v -0.004204 0.000302 0.000135
v -0.004250 0.000389 0.000190
v -0.004153 0.000302 0.000169
v -0.004145 0.000389 0.000285
v -0.002708 0.004473 0.001438
v -0.002710 0.004087 0.001440
v -0.002610 0.004404 0.001429
v -0.002565 0.004474 0.001375
v -0.002662 0.004544 0.001383
v -0.002613 0.003947 0.001433
v -0.002472 0.003947 0.001262
v -0.002472 0.003790 0.001262
v -0.002472 0.004404 0.001262
v -0.003043 0.003790 0.001954
v -0.002565 0.004474 0.001375
v -0.002517 0.004474 0.001316
v -0.002472 0.003110 0.001262
v -0.003042 0.003947 0.001953
v -0.003043 0.003110 0.001954
v -0.003472 0.003947 0.002473
v -0.003614 0.003790 0.002646
v -0.002482 0.003110 0.001164
v -0.002472 0.003110 0.001262
v -0.002482 0.002068 0.001164
v -0.003848 0.003110 0.000036
v -0.002472 0.002068 0.001262
v -0.003848 0.002068 0.000036
v -0.002482 0.001714 0.001164
v -0.002472 0.001714 0.001262
v -0.003848 0.001714 0.000036
v -0.003096 0.004017 0.001909
v -0.003042 0.003947 0.001953
v -0.002755 0.004017 0.001495
v -0.003438 0.004017 0.002322
v -0.002613 0.003947 0.001433
v -0.003472 0.003947 0.002473
v -0.004495 0.004017 0.001317
v -0.004791 0.004017 0.001675
v -0.004408 0.004017 0.001405
v -0.004694 0.004017 0.001754
v -0.003732 0.004017 0.002088
v -0.003958 0.004017 0.002362
v -0.002763 0.004087 0.001023
v -0.002900 0.004087 0.001189
v -0.002763 0.004404 0.001023
v -0.002664 0.004473 0.001013
v -0.002900 0.004404 0.001189
v -0.002664 0.003947 0.001013
v -0.002807 0.004474 0.001077
v -0.002710 0.004544 0.001069
v -0.002807 0.004474 0.001077
v -0.002855 0.004474 0.001135
v -0.003947 0.001714 0.000045
v -0.003936 0.001493 -0.000030
v -0.004085 0.001374 -0.000052
v -0.004032 0.001253 -0.000102
v -0.003848 0.002068 0.000036
v -0.003947 0.002068 0.000045
v -0.003848 0.003110 0.000036
v -0.003947 0.001714 0.000045
v -0.003848 0.001714 0.000036
v -0.003947 0.003110 0.000045
v -0.004097 0.003110 0.000228
v -0.004097 0.003366 0.000228
v -0.004150 0.003177 0.000291
v -0.003947 0.003738 0.000045
v -0.004150 0.003366 0.000291
v -0.004097 0.003598 0.000228
v -0.004890 0.003366 0.001188
v -0.004890 0.003177 0.001188
v -0.004938 0.003366 0.001247
v -0.004938 0.003110 0.001247
v -0.005088 0.003110 0.001429
v -0.004938 0.002068 0.001247
v -0.005089 0.003738 0.001429
v -0.004938 0.003598 0.001247
v -0.005088 0.002068 0.001429
v -0.005088 0.001714 0.001429
v -0.004895 0.002015 0.001194
v -0.004085 0.001374 -0.000052
v -0.004032 0.001253 -0.000102
v -0.004214 0.001142 -0.000159
v -0.005207 0.001374 0.001307
v -0.004163 0.001034 -0.000209
v -0.004143 0.001714 0.000283
v -0.005336 0.001142 0.001201
v -0.003947 0.001714 0.000045
v -0.004895 0.001714 0.001194
v -0.005088 0.001714 0.001429
v -0.005369 0.001082 0.001172
v -0.004251 0.001080 -0.000189
v -0.004163 0.001034 -0.000209
v -0.004369 0.000900 -0.000287
v -0.005491 0.000900 0.001073
v -0.004188 0.000998 -0.000230
v -0.004313 0.000817 -0.000333
v -0.004369 0.000900 -0.000287
v -0.004517 0.000750 -0.000409
v -0.004251 0.001080 -0.000189
v -0.004463 0.000673 -0.000457
v -0.004517 0.000750 -0.000409
v -0.004641 0.000664 -0.000511
v -0.004599 0.000584 -0.000569
v -0.004696 0.000632 -0.000556
v -0.004651 0.000558 -0.000612
v -0.004762 0.000503 -0.000704
v -0.004811 0.000574 -0.000651
v -0.004982 0.000537 -0.000793
v -0.004696 0.000632 -0.000556
v -0.004937 0.000467 -0.000848
v -0.005111 0.000530 -0.000899
v -0.005121 0.000458 -0.000998
v -0.005088 0.003110 0.001429
v -0.005079 0.003110 0.001528
v -0.005089 0.003738 0.001429
v -0.005079 0.002068 0.001528
v -0.005079 0.003790 0.001527
v -0.005088 0.002068 0.001429
v -0.005079 0.001714 0.001528
v -0.005088 0.001714 0.001429
v -0.005207 0.001374 0.001307
v -0.005336 0.001142 0.001201
v -0.005245 0.001253 0.001369
v -0.005376 0.001033 0.001261
v -0.005369 0.001082 0.001172
v -0.005376 0.001033 0.001261
v -0.005398 0.000999 0.001241
v -0.005491 0.000900 0.001073
v -0.005526 0.000817 0.001137
v -0.005639 0.000750 0.000951
v -0.005676 0.000673 0.001013
v -0.005763 0.000664 0.000849
v -0.005812 0.000584 0.000901
v -0.005818 0.000632 0.000803
v -0.005855 0.000558 0.000865
v -0.005933 0.000574 0.000709
v -0.005975 0.000503 0.000766
v -0.006104 0.000537 0.000567
v -0.006150 0.000467 0.000622
v -0.006233 0.000530 0.000461
v -0.006332 0.000458 0.000470
v -0.006233 0.000530 0.000461
v -0.005121 0.000458 -0.000998
v -0.005111 0.000530 -0.000899
v -0.004840 0.003639 0.001237
v -0.004840 0.003506 0.001237
v -0.004938 0.003598 0.001247
v -0.004938 0.003366 0.001247
v -0.004795 0.003436 0.001183
v -0.004890 0.003366 0.001188
v -0.004938 0.003366 0.001247
v -0.004938 0.003598 0.001247
v -0.005089 0.003738 0.001429
v -0.004971 0.003638 0.001128
v -0.004840 0.003639 0.001237
v -0.005258 0.003900 0.001475
v -0.005079 0.003790 0.001527
v -0.004939 0.003910 0.001738
v -0.004835 0.003790 0.001729
v -0.005258 0.003900 0.001475
v -0.005275 0.003923 0.001338
v -0.005059 0.003728 0.001076
v -0.004813 0.003835 0.001046
v -0.004972 0.003887 0.000971
v -0.004684 0.003958 0.000890
v -0.004829 0.004025 0.000797
v -0.004673 0.004051 0.000609
v -0.004542 0.003981 0.000717
v -0.004399 0.003958 0.000545
v -0.004518 0.004025 0.000421
v -0.004375 0.003887 0.000247
v -0.004270 0.003835 0.000388
v -0.004288 0.003728 0.000141
v -0.004220 0.003638 0.000217
v -0.004072 0.003923 -0.000120
v -0.003934 0.003900 -0.000129
v -0.003895 0.003947 0.002505
v -0.003895 0.004473 0.002505
v -0.003904 0.004087 0.002406
v -0.003958 0.004017 0.002362
v -0.003904 0.004404 0.002406
v -0.003904 0.004087 0.002406
v -0.003767 0.004087 0.002239
v -0.003958 0.004017 0.002362
v -0.003732 0.004017 0.002088
v -0.003667 0.004087 0.002229
v -0.003438 0.004017 0.002322
v -0.003483 0.004087 0.002377
v -0.003668 0.004473 0.002230
v -0.003667 0.004087 0.002229
v -0.003767 0.004404 0.002239
v -0.003767 0.004087 0.002239
v -0.004097 0.003366 0.000228
v -0.004088 0.003506 0.000326
v -0.004097 0.003598 0.000228
v -0.004088 0.003639 0.000326
v -0.004097 0.003598 0.000228
v -0.004220 0.003638 0.000217
v -0.003947 0.003738 0.000045
v -0.003934 0.003900 -0.000129
v -0.003848 0.003790 0.000036
v -0.003934 0.003900 -0.000129
v -0.003615 0.003906 0.000133
v -0.003848 0.003790 0.000036
v -0.003605 0.003790 0.000237
v -0.003557 0.004017 0.000367
v -0.003530 0.003947 0.000299
v -0.003649 0.004017 0.000291
v -0.003843 0.004017 0.000716
v -0.003605 0.003947 0.000237
v -0.003944 0.004017 0.000648
v -0.003042 0.004017 0.001251
v -0.002817 0.004017 0.000978
v -0.004125 0.004017 0.001060
v -0.002664 0.003947 0.001013
v -0.002900 0.004087 0.001189
v -0.004220 0.004017 0.000982
v -0.003387 0.004017 0.001670
v -0.002763 0.004087 0.001023
v -0.004495 0.004017 0.001317
v -0.002755 0.004017 0.001495
v -0.002891 0.004087 0.001288
v -0.004408 0.004017 0.001405
v -0.003096 0.004017 0.001909
v -0.003732 0.004017 0.002088
v -0.003438 0.004017 0.002322
v -0.003042 0.004017 0.001251
v -0.002755 0.004017 0.001495
v -0.002891 0.004087 0.001288
v -0.002710 0.004087 0.001440
v -0.002613 0.003947 0.001433
v -0.002900 0.004087 0.001189
v -0.002891 0.004087 0.001288
v -0.002900 0.004404 0.001189
v -0.002890 0.004473 0.001287
v -0.005150 0.004253 0.001186
v -0.005285 0.004010 0.001349
v -0.005123 0.004309 0.001264
v -0.005299 0.003994 0.001477
v -0.005275 0.003923 0.001338
v -0.005258 0.003900 0.001475
v -0.005123 0.004309 0.001264
v -0.004867 0.004501 0.000953
v -0.005150 0.004253 0.001186
v -0.004907 0.004434 0.000892
v -0.004620 0.004546 0.000653
v -0.004907 0.004434 0.000892
v -0.004673 0.004476 0.000609
v -0.004440 0.004434 0.000325
v -0.004372 0.004501 0.000353
v -0.004116 0.004309 0.000043
v -0.004197 0.004253 0.000031
v -0.004440 0.004434 0.000325
v -0.003940 0.003994 -0.000171
v -0.004062 0.004010 -0.000132
v -0.004116 0.004309 0.000043
v -0.004197 0.004253 0.000031
v -0.004479 0.004423 0.001291
v -0.004754 0.004190 0.001625
v -0.004495 0.004017 0.001317
v -0.004791 0.004017 0.001675
v -0.004223 0.004476 0.000980
v -0.004479 0.004423 0.001291
v -0.004220 0.004017 0.000982
v -0.004495 0.004017 0.001317
v -0.004223 0.004476 0.000980
v -0.004220 0.004017 0.000982
v -0.003967 0.004423 0.000670
v -0.003944 0.004017 0.000648
v -0.003649 0.004017 0.000291
v -0.003691 0.004190 0.000337
v -0.003944 0.004017 0.000648
v -0.003967 0.004423 0.000670
v -0.005299 0.003994 0.001477
v -0.005258 0.003900 0.001475
v -0.004962 0.004002 0.001755
v -0.004939 0.003910 0.001738
v -0.004962 0.004002 0.001755
v -0.004864 0.003969 0.001756
v -0.004835 0.003790 0.001729
v -0.003934 0.003900 -0.000129
v -0.004072 0.003923 -0.000120
v -0.003940 0.003994 -0.000171
v -0.004062 0.004010 -0.000132
v -0.003940 0.003994 -0.000171
v -0.003603 0.004002 0.000108
v -0.003934 0.003900 -0.000129
v -0.003615 0.003906 0.000133
v -0.003603 0.004002 0.000108
v -0.003583 0.003969 0.000204
v -0.003605 0.003790 0.000237
v -0.003947 0.003110 0.000045
v -0.003947 0.003738 0.000045
v -0.003848 0.003110 0.000036
v -0.003848 0.003790 0.000036
v -0.004097 0.002068 0.000227
v -0.004097 0.003110 0.000228
v -0.003947 0.002068 0.000045
v -0.003947 0.003110 0.000045
v -0.004835 0.003947 0.001729
v -0.004864 0.003969 0.001756
v -0.004835 0.003790 0.001729
v -0.004791 0.004017 0.001675
v -0.004754 0.004190 0.001625
v -0.003605 0.003947 0.000237
v -0.003583 0.003969 0.000204
v -0.003649 0.004017 0.000291
v -0.003605 0.003790 0.000237
v -0.003691 0.004190 0.000337
v -0.004143 0.002015 0.000283
v -0.003947 0.001714 0.000045
v -0.004143 0.001714 0.000283
v -0.004097 0.002068 0.000227
v -0.003947 0.002068 0.000045
v -0.004890 0.003366 0.001188
v -0.004795 0.003436 0.001183
v -0.004150 0.003366 0.000291
v -0.004132 0.003436 0.000380
v -0.004369 0.000900 -0.000287
v -0.004517 0.000750 -0.000409
v -0.005491 0.000900 0.001073
v -0.005639 0.000750 0.000951
v -0.004641 0.000664 -0.000511
v -0.005763 0.000664 0.000849
v -0.004696 0.000632 -0.000556
v -0.005818 0.000632 0.000803
v -0.004811 0.000574 -0.000651
v -0.005933 0.000574 0.000709
v -0.004982 0.000537 -0.000793
v -0.006104 0.000537 0.000567
v -0.005111 0.000530 -0.000899
v -0.006233 0.000530 0.000461
v -0.004895 0.002015 0.001194
v -0.004143 0.002015 0.000283
v -0.004895 0.001714 0.001194
v -0.004143 0.001714 0.000283
v -0.006100 0.000301 0.000184
v -0.006334 0.000301 0.000468
v -0.006332 0.000458 0.000470
v -0.005121 0.000458 -0.000998
v -0.005350 0.000301 -0.000724
v -0.005123 0.000301 -0.000999
v -0.004935 0.000318 -0.000850
v -0.005153 0.000302 -0.000586
v -0.005123 0.000301 -0.000999
v -0.005350 0.000301 -0.000724
v -0.006152 0.000318 0.000624
v -0.006334 0.000301 0.000468
v -0.005919 0.000302 0.000342
v -0.006100 0.000301 0.000184
v -0.005088 0.001714 0.001429
v -0.005207 0.001374 0.001307
v -0.005145 0.001532 0.001465
v -0.005245 0.001253 0.001369
v -0.003449 0.003040 0.002305
v -0.003503 0.003110 0.002261
v -0.002781 0.003040 0.001496
v -0.002835 0.003110 0.001451
v -0.003301 0.003869 0.002126
v -0.003440 0.003641 0.002295
v -0.003436 0.003868 0.002180
v -0.003542 0.003641 0.002308
v -0.003025 0.003958 0.001681
v -0.003112 0.003958 0.001897
v -0.003139 0.003996 0.001875
v -0.003307 0.003958 0.002024
v -0.003112 0.003958 0.001897
v -0.003025 0.003958 0.001681
v -0.002923 0.003869 0.001668
v -0.002896 0.003868 0.001525
v -0.004840 0.002138 0.001238
v -0.004938 0.002068 0.001247
v -0.004840 0.003040 0.001238
v -0.004938 0.003110 0.001247
v -0.004890 0.003177 0.001188
v -0.004795 0.003110 0.001184
v -0.004840 0.002138 0.001238
v -0.004895 0.002015 0.001194
v -0.004795 0.002068 0.001184
v -0.004890 0.003177 0.001188
v -0.004150 0.003177 0.000291
v -0.004795 0.003110 0.001184
v -0.004132 0.003110 0.000380
v -0.004840 0.003040 0.001238
v -0.004795 0.003110 0.001184
v -0.003547 0.003040 0.002314
v -0.003503 0.003110 0.002261
v -0.003449 0.003040 0.002305
v -0.004132 0.003110 0.000380
v -0.004150 0.003177 0.000291
v -0.004088 0.003040 0.000326
v -0.004097 0.003110 0.000228
v -0.004795 0.003436 0.001183
v -0.004840 0.003506 0.001237
v -0.003497 0.003436 0.002254
v -0.003542 0.003506 0.002308
v -0.003443 0.003506 0.002299
v -0.004132 0.003436 0.000380
v -0.004088 0.003506 0.000326
v -0.004150 0.003366 0.000291
v -0.004097 0.003366 0.000228
v -0.004782 0.004308 0.001546
v -0.004962 0.004002 0.001755
v -0.004754 0.004190 0.001625
v -0.004864 0.003969 0.001756
v -0.004754 0.004190 0.001625
v -0.004479 0.004423 0.001291
v -0.004530 0.004498 0.001240
v -0.004479 0.004423 0.001291
v -0.004223 0.004476 0.000980
v -0.004278 0.004546 0.000935
v -0.004223 0.004476 0.000980
v -0.004026 0.004498 0.000630
v -0.003967 0.004423 0.000670
v -0.003967 0.004423 0.000670
v -0.003773 0.004308 0.000324
v -0.003691 0.004190 0.000337
v -0.003691 0.004190 0.000337
v -0.003603 0.004002 0.000108
v -0.003583 0.003969 0.000204
v -0.002482 0.004473 0.001164
v -0.002527 0.004544 0.001219
v -0.002472 0.004404 0.001262
v -0.002517 0.004474 0.001316
v -0.002527 0.004544 0.001219
v -0.002482 0.004473 0.001164
v -0.002710 0.004544 0.001069
v -0.002664 0.004473 0.001013
v -0.002708 0.004473 0.001438
v -0.002662 0.004544 0.001383
v -0.002890 0.004473 0.001287
v -0.002845 0.004544 0.001232
v -0.002890 0.004473 0.001287
v -0.002845 0.004544 0.001232
v -0.002900 0.004404 0.001189
v -0.002855 0.004474 0.001135
v -0.003485 0.004473 0.002380
v -0.003668 0.004473 0.002230
v -0.003531 0.004544 0.002436
v -0.003714 0.004544 0.002285
v -0.003668 0.004473 0.002230
v -0.003767 0.004404 0.002239
v -0.003714 0.004544 0.002285
v -0.003811 0.004474 0.002293
v -0.003904 0.004404 0.002406
v -0.003860 0.004474 0.002352
v -0.003767 0.004404 0.002239
v -0.003904 0.004087 0.002406
v -0.003811 0.004474 0.002293
v -0.003767 0.004087 0.002239
v -0.003895 0.004473 0.002505
v -0.003849 0.004544 0.002449
v -0.003860 0.004474 0.002352
v -0.003667 0.004544 0.002600
v -0.003712 0.004473 0.002655
v -0.003569 0.004474 0.002592
v -0.003614 0.004404 0.002646
v -0.003712 0.004473 0.002655
v -0.003667 0.004544 0.002600
v -0.003895 0.004473 0.002505
v -0.003849 0.004544 0.002449
v -0.003947 0.001269 0.000045
v -0.003947 0.000387 0.000045
v -0.004144 0.001235 0.000284
v -0.003848 0.000388 0.000036
v -0.004145 0.000389 0.000285
v -0.003848 0.001276 0.000036
v -0.005079 0.001276 0.001527
v -0.005089 0.001269 0.001429
v -0.005079 0.000386 0.001527
v -0.005089 0.000386 0.001429
v -0.004890 0.000386 0.001189
v -0.005089 0.000386 0.001429
v -0.004891 0.001235 0.001190
v -0.005089 0.001269 0.001429
v -0.004891 0.001235 0.001190
v -0.005001 0.001036 0.001100
v -0.004890 0.000386 0.001189
v -0.005001 0.000386 0.001100
v -0.005134 0.000824 0.000990
v -0.005134 0.000386 0.000990
v -0.005271 0.000639 0.000877
v -0.005271 0.000386 0.000877
v -0.005427 0.000501 0.000749
v -0.005427 0.000386 0.000749
v -0.005587 0.000410 0.000616
v -0.005587 0.000385 0.000616
v -0.005650 0.000385 0.000564
vn 0.6279 0.0065 -0.7782
vn -0.7713 -0.0000 -0.6364
vn 0.6458 0.0067 -0.7634
vn -0.7651 0.0375 -0.6429
vn 0.7713 -0.0001 0.6365
vn 0.6458 0.0065 -0.7635
vn 0.7713 -0.0000 0.6364
vn 0.7566 0.5913 0.2792
vn 0.6280 0.0065 -0.7782
vn 0.7719 -0.0003 0.6358
vn -0.0000 -1.0000 -0.0000
vn -0.0000 1.0000 -0.0000
vn -0.7712 0.0003 -0.6365
vn -0.6364 -0.0088 0.7713
vn -0.6364 -0.0000 0.7713
vn -0.7713 -0.0002 -0.6365
vn -0.7122 0.0111 0.7019
vn -0.6365 -0.0000 0.7713
vn -0.7714 -0.0000 -0.6363
vn 0.6363 -0.0000 -0.7714
vn -0.7712 -0.0001 -0.6366
vn 0.5817 0.0094 -0.8133
vn -0.4486 -0.6838 0.5755
vn -0.1701 -0.7126 -0.6807
vn -0.7712 -0.0000 -0.6365
vn 0.6365 -0.0000 -0.7713
vn -0.7713 0.0001 -0.6365
vn -0.7713 -0.0001 -0.6364
vn -0.7714 -0.0001 -0.6364
vn 0.6364 -0.0000 -0.7713
vn 0.5817 0.0095 -0.8133
vn -0.7712 0.0176 -0.6364
vn -0.7712 0.0175 -0.6363
vn -0.7712 0.0191 -0.6363
vn 0.6364 0.0175 -0.7712
vn -0.7712 0.0176 -0.6363
vn -0.7712 0.0175 -0.6364
vn 0.8566 0.0184 0.5157
vn 0.9803 0.0230 0.1960
vn 0.8144 0.0177 0.5801
vn 0.9803 0.0229 0.1960
vn 0.0323 0.9993 0.0194
vn 0.0256 0.9997 0.0012
vn 0.9804 0.0230 0.1959
vn 0.0305 0.9993 0.0217
vn 0.0256 0.9997 0.0013
vn 0.6364 0.0159 -0.7712
vn 0.0362 0.9992 0.0143
vn 0.6690 0.0184 0.7431
vn 0.6363 0.0175 -0.7712
vn 0.6690 0.0183 0.7431
vn -0.6363 0.0175 0.7712
vn -0.6364 0.0150 0.7712
vn 0.3752 0.0230 0.9267
vn 0.5380 0.0202 0.8427
vn 0.6689 0.0183 0.7431
vn -0.0416 0.9985 -0.0344
vn -0.0417 0.9985 -0.0344
vn 0.0363 0.9992 0.0143
vn -0.0200 0.9995 -0.0239
vn -0.0200 0.9995 -0.0238
vn 0.0323 0.9993 0.0195
vn 0.0271 0.9993 0.0259
vn 0.0252 0.9993 0.0281
vn 0.0209 0.9992 0.0329
vn 0.0210 0.9992 0.0329
vn -0.0272 0.9995 -0.0151
vn 0.0061 0.9997 0.0249
vn -0.0272 0.9995 -0.0150
vn -0.7713 0.0176 -0.6363
vn -0.0271 0.9995 -0.0150
vn -0.0416 0.9985 -0.0343
vn -0.6364 0.0175 0.7712
vn 0.3753 0.0230 0.9266
vn 0.0061 0.9997 0.0248
vn -0.0199 0.9995 -0.0238
vn 0.3752 0.0229 0.9266
vn 0.5380 0.0201 0.8427
vn 0.0210 0.9992 0.0328
vn 0.0252 0.9993 0.0280
vn 0.0271 0.9993 0.0258
vn 0.6690 0.0183 0.7430
vn -0.7712 0.0177 -0.6363
vn 0.8144 0.0176 0.5801
vn 0.6803 0.6551 -0.3288
vn 0.8754 0.4533 -0.1678
vn 0.5472 0.8364 -0.0303
vn 0.7964 0.5788 0.1753
vn 0.4370 0.7271 -0.5295
vn 0.2366 0.9284 -0.2866
vn 0.9837 0.1618 -0.0784
vn 0.9346 0.2066 0.2894
vn 0.9837 -0.1618 -0.0784
vn 0.9346 -0.2066 0.2894
vn 0.8754 -0.4533 -0.1678
vn 0.7964 -0.5788 0.1753
vn 0.6803 -0.6551 -0.3288
vn 0.7964 -0.5789 0.1753
vn 0.5472 -0.8364 -0.0303
vn 0.4370 -0.7271 -0.5295
vn 0.5472 -0.8365 -0.0303
vn 0.2365 -0.9284 -0.2867
vn 0.4369 -0.7271 -0.5296
vn 0.1937 -0.6551 -0.7303
vn -0.0741 -0.8364 -0.5430
vn 0.1936 -0.6551 -0.7303
vn -0.0015 -0.4533 -0.8913
vn -0.0742 -0.8364 -0.5430
vn -0.3233 -0.5788 -0.7486
vn -0.0015 -0.4533 -0.8914
vn -0.1098 -0.1618 -0.9807
vn -0.4616 -0.2066 -0.8627
vn -0.1098 0.1618 -0.9807
vn -0.4616 0.2066 -0.8627
vn -0.0015 0.4533 -0.8914
vn -0.3233 0.5789 -0.7486
vn -0.0015 0.4533 -0.8913
vn 0.1936 0.6551 -0.7303
vn -0.0741 0.8364 -0.5430
vn 0.1937 0.6551 -0.7303
vn 0.4369 0.7271 -0.5296
vn -0.0741 0.8365 -0.5430
vn 0.2366 0.9284 -0.2867
vn -0.9300 -0.2079 -0.3030
vn -0.9300 0.2079 -0.3030
vn -0.9848 -0.1662 0.0505
vn -0.8736 -0.4655 0.1421
vn -0.9848 0.1662 0.0505
vn -0.7908 -0.5824 -0.1882
vn -0.7908 0.5825 -0.1882
vn -0.6732 -0.6726 0.3073
vn -0.8736 0.4655 0.1421
vn -0.5401 -0.8414 0.0185
vn -0.5401 0.8414 0.0185
vn -0.4235 -0.7465 0.5132
vn -0.2278 -0.9337 0.2761
vn -0.6732 0.6726 0.3073
vn -0.4235 0.7465 0.5132
vn -0.2279 0.9337 0.2761
vn 0.0844 -0.8414 0.5338
vn -0.1738 -0.6726 0.7193
vn 0.0783 -0.4654 0.8816
vn -0.4234 -0.7465 0.5132
vn 0.3606 -0.5777 0.7323
vn 0.3022 -0.1640 0.9390
vn 0.5476 -0.2011 0.8122
vn 0.5501 0.1928 0.8126
vn 0.3056 0.1574 0.9391
vn 0.3650 0.5706 0.7356
vn 0.5475 -0.2011 0.8123
vn 0.0823 0.4597 0.8842
vn -0.1738 0.6726 0.7193
vn 0.0844 0.8414 0.5338
vn -0.4234 0.7465 0.5132
vn -0.2278 0.9337 0.2761
vn -0.7519 0.2226 -0.6206
vn -0.7518 0.2224 -0.6208
vn -0.6021 0.6236 -0.4985
vn -0.7516 -0.2227 -0.6209
vn -0.7518 -0.2228 -0.6206
vn -0.6021 -0.6236 -0.4985
vn -0.3327 -0.9011 -0.2780
vn -0.6021 -0.6237 -0.4985
vn -0.3331 -0.9009 -0.2781
vn 0.0020 -1.0000 -0.0024
vn 0.0021 -1.0000 -0.0025
vn 0.3361 -0.9011 0.2739
vn 0.3363 -0.9009 0.2742
vn 0.6037 -0.6237 0.4965
vn 0.6038 -0.6236 0.4965
vn 0.7521 -0.2226 0.6202
vn 0.7521 -0.2227 0.6202
vn 0.7521 0.2228 0.6203
vn 0.7522 -0.2226 0.6202
vn 0.7521 0.2226 0.6204
vn 0.6038 0.6236 0.4965
vn 0.3361 0.9011 0.2739
vn 0.6037 0.6237 0.4965
vn 0.3363 0.9009 0.2742
vn 0.0020 1.0000 -0.0024
vn 0.0021 1.0000 -0.0025
vn -0.3327 0.9011 -0.2780
vn -0.3331 0.9009 -0.2781
vn -0.6021 0.6237 -0.4985
vn -0.9510 0.1265 0.2820
vn -0.8664 0.3545 0.3516
vn -0.9430 0.1211 0.3099
vn -0.9430 -0.1211 0.3099
vn -0.8621 0.3394 0.3763
vn -0.9510 -0.1264 0.2823
vn -0.9705 0.1921 -0.1456
vn -0.7138 0.5129 0.4770
vn -0.8621 -0.3395 0.3762
vn -0.9705 -0.1922 -0.1456
vn -0.7160 0.4909 0.4964
vn -0.8664 -0.3545 0.3515
vn -0.7597 -0.2227 -0.6110
vn -0.8418 0.5383 -0.0397
vn -0.7160 -0.4909 0.4964
vn -0.6106 -0.6237 -0.4880
vn -0.7597 0.2227 -0.6110
vn -0.7138 -0.5129 0.4769
vn -0.8418 -0.5383 -0.0397
vn -0.5336 -0.5451 0.6466
vn -0.6028 -0.6238 -0.4975
vn -0.5232 -0.5694 0.6340
vn -0.6100 -0.7779 0.1511
vn -0.7519 -0.2227 -0.6205
vn -0.3212 -0.8633 0.3893
vn -0.7908 -0.5825 -0.1882
vn -0.7519 0.2227 -0.6205
vn -0.0326 -0.7779 0.6276
vn -0.3514 -0.4909 0.7972
vn -0.6106 0.6237 -0.4880
vn -0.6028 0.6238 -0.4975
vn -0.6100 0.7778 0.1511
vn -0.5336 0.5451 0.6467
vn -0.5232 0.5694 0.6340
vn -0.3212 0.8633 0.3893
vn -0.3514 0.4909 0.7972
vn -0.0326 0.7779 0.6276
vn 0.2183 0.3318 -0.9178
vn 0.1384 0.1185 -0.9833
vn -0.2218 0.5464 -0.8076
vn 0.0136 0.7894 -0.6137
vn -0.3527 0.1951 -0.9152
vn 0.3616 0.4787 -0.8001
vn -0.6068 0.6235 -0.4930
vn 0.1387 -0.1185 -0.9832
vn 0.3068 0.8761 -0.3719
vn 0.1421 0.1178 -0.9828
vn -0.7558 0.2225 -0.6159
vn 0.5394 0.5307 -0.6538
vn 0.2215 0.3298 -0.9177
vn -0.3527 -0.1950 -0.9152
vn 0.3640 0.4758 -0.8007
vn -0.7558 -0.2225 -0.6159
vn 0.2186 -0.3315 -0.9178
vn 0.5405 0.5279 -0.6551
vn -0.6030 0.6235 -0.4976
vn -0.2218 -0.5464 -0.8076
vn 0.2215 -0.3299 -0.9177
vn -0.7520 0.2225 -0.6205
vn 0.3615 -0.4786 -0.8001
vn 0.1421 -0.1179 -0.9828
vn 0.3639 -0.4758 -0.8007
vn -0.6068 -0.6235 -0.4930
vn -0.3234 0.5788 -0.7486
vn -0.7520 -0.2225 -0.6205
vn -0.4617 0.2066 -0.8627
vn -0.6030 -0.6235 -0.4976
vn 0.0136 -0.7894 -0.6137
vn 0.5405 -0.5279 -0.6551
vn 0.5394 -0.5307 -0.6538
vn -0.3234 -0.5789 -0.7486
vn 0.3069 -0.8761 -0.3719
vn 0.5395 -0.5307 -0.6537
vn 0.7169 -0.4787 -0.5069
vn 0.7170 -0.4758 -0.5094
vn 0.6000 -0.7894 -0.1299
vn 0.5406 -0.5279 -0.6551
vn 0.8596 -0.3318 -0.3886
vn 0.8589 -0.3298 -0.3918
vn 0.8350 -0.5464 0.0645
vn 0.9379 -0.1178 -0.3262
vn 0.9389 -0.1184 -0.3231
vn 0.9655 -0.1951 0.1725
vn 0.5993 -0.6235 0.5022
vn 0.7482 -0.2226 0.6251
vn 0.6031 -0.6235 0.4976
vn 0.7520 -0.2226 0.6205
vn 0.7963 -0.5789 0.1753
vn -0.3328 -0.5129 0.7913
vn -0.5232 -0.5694 0.6341
vn -0.2057 -0.3394 0.9179
vn -0.5335 -0.5451 0.6467
vn -0.1807 -0.3545 0.9174
vn 0.1988 -0.5383 0.8190
vn -0.1251 -0.1211 0.9847
vn -0.0965 -0.1265 0.9873
vn 0.3273 -0.1922 0.9252
vn 0.7441 -0.2227 0.6298
vn 0.5951 -0.6237 0.5068
vn 0.7519 -0.2227 0.6205
vn 0.6029 -0.6238 0.4974
vn 0.9390 0.1185 -0.3229
vn 0.9655 -0.1950 0.1725
vn 0.9380 0.1179 -0.3261
vn 0.9655 0.1951 0.1725
vn 0.7482 -0.2225 0.6251
vn 0.8596 0.3315 -0.3890
vn 0.8589 0.3299 -0.3917
vn 0.7482 0.2225 0.6251
vn 0.7171 0.4759 -0.5093
vn 0.8350 0.5464 0.0645
vn 0.7520 -0.2225 0.6205
vn 0.7170 0.4783 -0.5072
vn 0.5992 0.6235 0.5022
vn 0.7520 0.2225 0.6205
vn 0.5406 0.5279 -0.6551
vn 0.6000 0.7894 -0.1299
vn 0.6031 0.6235 0.4976
vn 0.5394 0.5307 -0.6537
vn 0.9346 0.2066 0.2895
vn 0.7963 0.5789 0.1753
vn -0.0966 0.1264 0.9873
vn -0.0964 -0.1264 0.9873
vn -0.1252 0.1211 0.9847
vn -0.2057 0.3394 0.9179
vn -0.1806 0.3545 0.9174
vn 0.3354 0.1905 0.9226
vn 0.2067 0.5386 0.8168
vn 0.3273 -0.1921 0.9252
vn -0.3327 0.5129 0.7914
vn 0.6037 0.6182 0.5034
vn 0.7506 0.2158 0.6245
vn -0.5335 0.5451 0.6467
vn -0.5232 0.5694 0.6341
vn 0.7441 -0.2226 0.6299
vn 0.7536 0.2135 0.6218
vn 0.7520 -0.2227 0.6205
vn 0.6074 0.6164 0.5011
vn 0.5501 0.1928 0.8125
vn 0.3651 0.5706 0.7356
vn -0.6100 0.7779 0.1511
vn -0.6106 0.6238 -0.4880
vn -0.3422 0.9010 -0.2666
vn -0.6028 0.6238 -0.4974
vn -0.3212 0.8633 0.3892
vn -0.3344 0.9011 -0.2760
vn -0.0077 0.9999 0.0094
vn 0.0001 1.0000 -0.0001
vn -0.0326 0.7778 0.6276
vn -0.5401 0.8414 0.0184
vn 0.3267 0.9010 0.2853
vn -0.2278 0.9338 0.2760
vn 0.3345 0.9011 0.2759
vn 0.6036 0.6183 0.5033
vn 0.3650 0.5707 0.7356
vn -0.3422 -0.9010 -0.2666
vn -0.0077 -0.9999 0.0094
vn -0.6106 -0.6238 -0.4880
vn 0.0001 -1.0000 -0.0001
vn -0.3344 -0.9011 -0.2760
vn 0.3267 -0.9010 0.2853
vn -0.6028 -0.6238 -0.4974
vn -0.2278 -0.9338 0.2760
vn -0.0325 -0.7779 0.6276
vn 0.3345 -0.9011 0.2759
vn -0.5401 -0.8414 0.0184
vn 0.5950 -0.6238 0.5068
vn 0.0845 -0.8414 0.5338
vn 0.6028 -0.6238 0.4974
vn 0.3607 -0.5777 0.7322
vn -0.3384 0.9010 -0.2716
vn -0.2218 0.5465 -0.8076
vn -0.3346 0.9010 -0.2762
vn -0.0037 1.0000 0.0045
vn -0.0742 0.8365 -0.5430
vn 0.3069 0.8761 -0.3719
vn -0.3234 0.5789 -0.7486
vn 0.2365 0.9284 -0.2866
vn 0.3309 0.9010 0.2807
vn 0.5472 0.8365 -0.0302
vn 0.3347 0.9010 0.2761
vn 0.5992 0.6236 0.5021
vn 0.6030 0.6235 0.4975
vn -0.3384 -0.9010 -0.2716
vn -0.6068 -0.6236 -0.4930
vn -0.2219 -0.5464 -0.8076
vn -0.0038 -1.0000 0.0045
vn -0.3346 -0.9010 -0.2762
vn 0.3309 -0.9010 0.2807
vn -0.0742 -0.8365 -0.5430
vn 0.5992 -0.6235 0.5021
vn 0.2365 -0.9284 -0.2866
vn 0.3347 -0.9010 0.2761
vn 0.6030 -0.6235 0.4975
vn 0.5472 -0.8365 -0.0302
vn 0.6364 -0.0004 -0.7713
vn 0.6364 -0.0014 -0.7713
vn -0.7714 -0.0006 -0.6364
vn -0.7713 -0.0006 -0.6364
vn -0.7713 -0.0016 -0.6364
vn -0.6364 0.0001 0.7713
vn -0.6364 -0.0012 0.7713
vn 0.7714 -0.0000 0.6364
vn 0.7714 0.0001 0.6364
vn 0.7713 0.0001 0.6365
vn -0.0001 -1.0000 -0.0000
vn -0.6364 0.0001 0.7714
vn 0.6365 -0.0004 -0.7713
vn -0.7713 -0.0000 -0.6365
vn -0.6364 -0.0000 0.7714
vn -0.4997 0.6230 0.6018
vn -0.4846 0.6479 0.5877
vn -0.0001 -1.0000 -0.0001
vn -0.0011 -1.0000 0.0012
vn -0.0010 -1.0000 0.0013
vn -0.7713 -0.0007 -0.6364
vn 0.0001 1.0000 0.0011
vn -0.6364 -0.0017 0.7713
vn -0.6364 -0.0016 0.7713
vn 0.0038 1.0000 -0.0011
vn 0.7713 -0.0000 0.6365
vn 0.7713 -0.0001 0.6364
vn 0.0010 -1.0000 -0.0013
vn 0.6364 -0.0000 -0.7714
vn 0.0001 1.0000 -0.0000
vn 0.5193 0.7400 0.4275
vn 0.5222 0.7362 0.4305
vn 0.5244 0.7335 0.4324
vn 0.7713 -0.0007 0.6364
vn -0.0001 1.0000 -0.0011
vn 0.6364 -0.0017 -0.7713
vn 0.6364 -0.0016 -0.7713
vn -0.4977 0.6104 0.6162
vn -0.4981 0.6101 0.6162
vn -0.3067 0.8777 0.3683
vn -0.3048 0.8777 0.3699
vn -0.7811 0.0265 -0.6238
vn -0.7884 0.0179 -0.6148
vn -0.3066 0.8777 0.3683
vn 0.0863 0.9909 -0.1033
vn 0.0862 0.9909 -0.1034
vn -0.7685 0.0304 -0.6392
vn 0.3034 0.8777 -0.3710
vn 0.3051 0.8777 -0.3696
vn -0.7684 0.0304 -0.6392
vn 0.5127 0.6085 -0.6056
vn -0.7608 0.0265 -0.6484
vn 0.5128 0.6085 -0.6056
vn -0.7533 0.0179 -0.6574
vn 0.6364 -0.0001 -0.7713
vn 0.6364 0.0001 -0.7713
vn -0.7290 0.0013 -0.6845
vn -0.7290 0.0012 -0.6845
vn -0.1456 0.6128 -0.7767
vn 0.4911 0.6356 -0.5957
vn -0.5942 0.6360 -0.4923
vn 0.4924 0.6330 -0.5973
vn 0.7719 -0.0002 0.6357
vn 0.7764 0.0359 0.6292
vn 0.7719 -0.0002 0.6358
vn 0.6363 0.0090 -0.7714
vn 0.6279 0.0066 -0.7783
vn 0.6279 0.0066 -0.7782
vn 0.0046 1.0000 0.0022
vn -0.7713 -0.0045 -0.6364
vn -0.7713 -0.0001 -0.6365
vn 0.7714 0.0002 0.6364
vn 0.6458 0.0066 -0.7635
vn 0.6459 0.0028 -0.7635
vn -0.7650 0.0375 -0.6429
vn -0.7707 -0.0006 -0.6372
vn -0.7650 0.0375 -0.6430
vn 0.6366 0.0091 -0.7712
vn -0.7714 -0.0000 -0.6364
vn 0.0046 1.0000 0.0021
vn -0.7714 0.0003 -0.6364
vn -0.7715 0.0003 -0.6363
vn -0.7713 0.0003 -0.6364
vn 0.6365 -0.0087 -0.7713
vn 0.0064 1.0000 -0.0006
vn -0.7712 0.0003 -0.6366
vn -0.7713 0.0003 -0.6365
vn -0.7713 0.0002 -0.6364
vn 0.5171 -0.5829 -0.6267
vn -0.7715 -0.0001 -0.6362
vn -0.7712 -0.0001 -0.6367
vn -0.6364 -0.0086 0.7713
vn -0.9102 -0.4139 -0.0156
vn -0.3681 -0.8158 0.4461
vn -0.2798 -0.5830 -0.7628
vn -0.6363 -0.0087 0.7714
vn -0.0751 -0.9930 0.0910
vn 0.0750 -0.9930 -0.0909
vn -0.8032 -0.5776 -0.1456
vn -0.7534 0.0191 -0.6573
vn -0.2798 -0.5830 -0.7627
vn -0.9102 -0.4139 -0.0157
vn 0.3681 -0.8158 -0.4460
vn -0.5008 -0.6928 -0.5188
vn -0.7607 0.0266 -0.6485
vn -0.7534 0.0191 -0.6572
vn 0.3680 -0.8158 -0.4461
vn -0.7684 0.0305 -0.6392
vn 0.5171 -0.5830 -0.6267
vn -0.5008 -0.6928 -0.5189
vn -0.7608 0.0266 -0.6485
vn -0.7811 0.0266 -0.6238
vn -0.2955 -0.5775 -0.7610
vn -0.7885 0.0180 -0.6148
vn -0.8019 -0.5833 -0.1293
vn 0.6364 -0.0087 -0.7713
vn -0.8116 0.0010 -0.5842
vn -0.9943 -0.0801 -0.0699
vn -0.8019 -0.5834 -0.1292
vn -0.7883 0.0191 -0.6149
vn -0.8116 0.0011 -0.5842
vn -0.7707 -0.0704 -0.6333
vn -0.7706 -0.0704 -0.6334
vn -0.7291 0.0012 -0.6845
vn -0.6365 -0.0060 0.7713
vn -0.6364 -0.0087 0.7713
vn -0.7290 0.0014 -0.6845
vn 0.0002 1.0000 0.0003
vn -0.0000 1.0000 0.0001
vn -0.6365 0.0001 0.7713
vn -0.6667 0.0004 0.7453
vn -0.7820 0.6230 -0.0158
vn -0.0007 1.0000 0.0088
vn 0.7697 -0.0111 0.6383
vn 0.7710 -0.0080 0.6368
vn 0.7716 -0.0080 0.6361
vn 0.0051 1.0000 -0.0001
vn 0.7698 -0.0112 0.6382
vn 0.7729 -0.0111 0.6345
vn 0.0064 1.0000 0.0010
vn 0.7716 -0.0081 0.6360
vn 0.7710 -0.0080 0.6367
vn 0.0863 0.9909 -0.1035
vn 0.7742 -0.0082 0.6329
vn 0.3035 0.8776 -0.3710
vn 0.7684 -0.0083 0.6399
vn 0.7710 -0.0081 0.6368
vn -0.4977 0.6103 0.6163
vn 0.7697 -0.0112 0.6382
vn 0.5128 0.6085 -0.6057
vn -0.6093 -0.1291 0.7824
vn -0.4977 0.6103 0.6162
vn -0.6364 -0.0001 0.7713
vn -0.7685 0.0304 -0.6391
vn -0.7608 0.0265 -0.6485
vn -0.7608 0.0266 -0.6484
vn -0.7885 0.0179 -0.6148
vn -0.7534 0.0190 -0.6573
vn -0.7885 0.0182 -0.6147
vn -0.7884 0.0191 -0.6149
vn -0.7534 0.0179 -0.6574
vn 0.0045 1.0000 0.0021
vn 0.6420 -0.0001 -0.7667
vn 0.6365 -0.0001 -0.7713
vn 0.0045 1.0000 0.0022
vn -0.0001 1.0000 -0.0001
vn -0.7707 -0.0007 -0.6372
vn -0.7650 0.0374 -0.6429
vn 0.0011 1.0000 -0.0012
vn -0.0001 1.0000 -0.0000
vn 0.0011 -1.0000 -0.0012
vn -0.0000 -1.0000 -0.0001
vn -0.0010 1.0000 0.0012
vn 0.6365 0.0001 -0.7713
vn -0.6365 -0.0016 0.7713
vn 0.0052 0.7285 -0.6851
vn -0.1871 0.8462 -0.4989
vn 0.6498 0.7404 -0.1720
vn 0.7445 0.5755 -0.3383
vn 0.4823 0.8752 0.0365
vn 0.1739 0.5722 -0.8014
vn -0.2203 0.8600 -0.4603
vn 0.6223 0.7736 -0.1197
vn -0.5595 0.5544 -0.6162
vn -0.4754 0.5371 -0.6968
vn 0.4386 0.8959 0.0708
vn -0.0180 0.7549 -0.6556
vn -0.5595 0.5544 -0.6161
vn 0.7712 -0.0001 0.6365
vn 0.4674 0.8822 0.0567
vn -0.1836 0.8604 -0.4754
vn 0.6353 0.7549 -0.1626
vn -0.1416 0.4423 -0.8856
vn -0.0009 0.7423 -0.6700
vn -0.5539 0.5952 -0.5821
vn 0.8032 0.4611 -0.3773
vn -0.5538 0.5952 -0.5822
vn 0.1977 0.4599 -0.8657
vn -0.4446 0.5711 -0.6900
vn 0.7714 0.0003 0.6364
vn 0.7717 0.0002 0.6360
vn 0.7713 0.0002 0.6364
vn 0.7714 -0.0001 0.6364
vn 0.8032 0.4611 -0.3772
vn 0.2416 0.4429 -0.8634
vn 0.7869 0.4270 -0.4455
vn 0.5686 0.6780 0.4659
vn 0.6354 0.7549 -0.1625
vn 0.4948 0.8625 0.1060
vn 0.5253 0.8463 0.0889
vn -0.1478 0.8966 -0.4174
vn 0.6350 0.0066 -0.7725
vn -0.1274 0.8752 -0.4666
vn 0.6716 0.7284 -0.1352
vn 0.7073 0.5556 0.4371
vn 0.0455 0.7404 -0.6706
vn 0.7538 0.5723 -0.3229
vn 0.1908 0.5755 -0.7952
vn 0.6471 0.7549 -0.1068
vn -0.0006 0.7736 -0.6337
vn 0.5015 0.8605 0.0899
vn -0.1445 0.8822 -0.4483
vn 0.6579 0.7424 -0.1265
vn 0.7624 0.5701 0.3060
vn 0.0388 0.7548 -0.6548
vn 0.8781 0.4671 0.1034
vn 0.8122 0.4599 -0.3588
vn 0.2176 0.4610 -0.8603
vn -0.7714 0.0003 -0.6363
vn -0.6530 0.5294 -0.5415
vn -0.6183 0.5974 -0.5106
vn -0.7713 0.0001 -0.6364
vn -0.6531 0.5295 -0.5415
vn -0.6185 0.5971 -0.5108
vn -0.6188 0.5966 -0.5110
vn 0.7716 0.0001 0.6361
vn 0.7714 0.0002 0.6363
vn 0.7715 0.0002 0.6362
vn 0.7716 -0.0000 0.6361
vn 0.5364 0.7243 0.4333
vn 0.5295 0.7271 0.4370
vn 0.5687 0.6779 0.4659
vn 0.1974 0.9507 -0.2392
vn 0.3743 0.8088 -0.4536
vn 0.5310 0.8434 0.0821
vn 0.1595 0.9681 -0.1934
vn 0.6734 0.7261 -0.1389
vn 0.5137 0.8504 0.1133
vn 0.7458 0.5881 -0.3128
vn 0.7735 0.5385 0.3343
vn 0.4903 0.6377 -0.5942
vn -0.0000 1.0000 -0.0001
vn -0.2145 0.8592 -0.4645
vn 0.6350 0.7663 -0.0974
vn -0.1815 0.8434 -0.5057
vn 0.3275 0.8574 -0.3969
vn 0.0085 0.7261 -0.6875
vn 0.1655 0.5881 -0.7917
vn 0.1812 0.9586 -0.2196
vn -0.0249 0.7663 -0.6420
vn 0.5037 0.8597 0.0848
vn -0.1789 0.8597 -0.4784
vn 0.3620 0.8225 -0.4387
vn 0.6576 0.7425 -0.1272
vn 0.0001 0.7426 -0.6698
vn 0.7557 0.5667 -0.3283
vn 0.7624 0.5702 0.3060
vn 0.4811 0.6546 -0.5832
vn 0.4815 0.6538 -0.5836
vn 0.1786 0.5673 -0.8039
vn 0.7192 0.5171 -0.4640
vn 0.3169 0.5286 -0.7875
vn 0.5155 0.5864 -0.6249
vn 0.5153 0.5867 -0.6247
vn 0.5127 0.5923 -0.6215
vn 0.1907 0.5755 -0.7952
vn 0.0455 0.7403 -0.6707
vn -0.6530 0.5295 -0.5415
vn 0.2660 0.4402 -0.8576
vn -0.6531 0.5294 -0.5415
vn 0.5321 0.5475 -0.6459
vn -0.6148 0.6042 -0.5069
vn 0.6364 -0.0070 -0.7713
vn 0.4925 0.6330 -0.5973
vn -0.6213 0.5922 -0.5131
vn 0.8123 0.4599 -0.3589
vn 0.8193 0.3964 -0.4144
vn 0.2661 0.4402 -0.8576
vn 0.5321 0.5475 -0.6458
vn 0.0387 0.7548 -0.6549
vn 0.7713 0.0001 0.6364
vn 0.5289 0.7279 0.4364
vn 0.5288 0.7279 0.4364
vn -0.4233 0.7467 0.5130
vn -0.5294 0.7272 -0.4368
vn -0.7713 -0.0005 -0.6364
vn -0.5294 0.7273 -0.4368
vn 0.4348 0.7303 -0.5269
vn 0.6364 -0.0003 -0.7713
vn -0.7713 -0.0006 -0.6365
vn -0.0000 -1.0000 0.0001
vn 0.0001 -1.0000 -0.0000
vn -0.4233 0.7468 0.5130
vn -0.5295 0.7272 -0.4368
vn 0.5289 0.7279 0.4365
vn 0.7446 0.5755 -0.3382
vn 0.7445 0.5756 -0.3382
vn 0.6499 0.7403 -0.1720
vn -0.0007 0.7736 -0.6337
vn -0.1445 0.8821 -0.4483
vn 0.0387 0.7548 -0.6548
vn 0.5245 0.7335 0.4324
vn 0.7697 -0.0112 0.6383
vn 0.5127 0.6085 -0.6057
vn 0.0052 0.7284 -0.6851
vn 0.1738 0.5722 -0.8014
vn 0.1738 0.5723 -0.8014
vn -0.0180 0.7548 -0.6557
vn -0.0010 0.7423 -0.6701
vn 0.1977 0.4599 -0.8656
vn -0.4445 0.5712 -0.6901
vn -0.0385 0.3110 -0.9496
vn -0.0384 0.3110 -0.9496
vn 0.2153 0.5658 -0.7959
vn 0.9030 0.4269 -0.0476
vn 0.6471 0.7548 -0.1068
vn 0.5037 0.8597 0.0849
vn 0.6580 0.7423 -0.1264
vn 0.8781 0.4671 0.1033
vn 0.8123 0.4598 -0.3588
vn 0.9737 0.2048 -0.1000
vn 0.9030 0.4270 -0.0476
vn 0.6472 0.7548 -0.1068
vn 0.8855 0.4601 0.0652
vn 0.7538 0.5723 -0.3228
vn 0.7734 0.5386 0.3343
vn 0.6734 0.7261 -0.1388
vn 0.6717 0.7284 -0.1352
vn 0.7459 0.5881 -0.3127
vn 0.7073 0.5557 0.4370
vn 0.5253 0.8462 0.0890
vn 0.9737 0.2049 -0.1001
vn 0.8193 0.3963 -0.4143
vn 0.8762 0.4812 -0.0262
vn 0.7557 0.5666 -0.3283
vn 0.7193 0.5171 -0.4640
vn 0.5320 0.5475 -0.6459
vn 0.5128 0.5923 -0.6215
vn -0.7708 -0.0006 -0.6371
vn 0.6458 0.0066 -0.7634
vn -0.7707 -0.0006 -0.6371
vn 0.4948 0.8625 0.1061
vn 0.0018 1.0000 0.0014
vn -0.0006 1.0000 0.0088
vn -0.6365 -0.0001 0.7713
vn 0.0011 -1.0000 -0.0001
vn -0.0040 1.0000 -0.0034
vn 0.6296 -0.0000 -0.7769
vn 0.5138 0.8504 0.1133
vn 0.0002 1.0000 -0.0002
vn -0.7650 0.0374 -0.6430
vn -0.2145 0.8591 -0.4646
vn 0.0084 0.7261 -0.6876
vn 0.1654 0.5881 -0.7917
vn 0.0085 0.7261 -0.6876
vn -0.4753 0.5373 -0.6967
vn -0.2146 0.8592 -0.4645
vn -0.4445 0.5712 -0.6900
vn 0.0001 0.7425 -0.6698
vn 0.1785 0.5672 -0.8040
vn 0.2153 0.5659 -0.7959
vn 0.3168 0.5286 -0.7876
vn -0.0000 0.7425 -0.6698
vn -0.4445 0.5714 -0.6899
vn -0.5539 0.5953 -0.5822
vn 0.8782 0.4671 0.1033
vn 0.6577 0.7425 -0.1272
vn 0.6351 0.7663 -0.0974
vn 0.7718 -0.0002 0.6358
vn 0.7704 0.0358 0.6366
vn 0.7764 0.0359 0.6293
vn 0.7730 -0.0162 0.6342
vn -0.3066 0.8777 0.3684
vn -0.9943 -0.0801 -0.0700
vn -0.7533 0.0180 -0.6574
vn -0.2799 -0.5830 -0.7627
vn -0.8116 0.0011 -0.5843
vn -0.6667 0.0004 0.7454
vn -0.5965 0.6355 -0.4903
vn -0.7821 0.6230 -0.0158
vn -0.5965 0.6355 -0.4902
vn -0.5942 0.6361 -0.4923
vn -0.6093 -0.1292 0.7824
vn -0.8018 -0.5834 -0.1292
vn 0.6538 -0.1441 -0.7428
vn 0.6538 -0.1440 -0.7428
vn 0.5127 0.6086 -0.6056
vn 0.5190 0.7400 0.4279
vn 0.7696 -0.0000 0.6386
vn 0.5290 0.7277 0.4365
vn 0.5189 0.7401 0.4278
vn -0.1479 0.8966 -0.4175
vn 0.6279 0.0065 -0.7783
vn -0.7714 0.0002 -0.6364
vn -0.7713 0.0002 -0.6365
vn -0.7711 0.0003 -0.6367
vn -0.3680 -0.8158 0.4461
vn -0.7712 0.0001 -0.6366
vn 0.5172 -0.5829 -0.6267
vn 0.3681 -0.8158 -0.4461
vn -0.7715 -0.0000 -0.6363
vn -0.7715 0.0001 -0.6363
vn -0.7712 -0.0000 -0.6366
vn -0.0750 -0.9930 0.0909
vn 0.0001 -1.0000 0.0011
vn -0.0011 1.0000 0.0002
vn -0.6365 -0.0017 0.7713
vn -0.0001 -1.0000 -0.0012
vn 0.0001 1.0000 0.0012
vn 0.6365 -0.0016 -0.7713
vn 0.0012 1.0000 -0.0001
vn -0.0012 -1.0000 0.0001
vn 0.5291 0.7276 0.4367
vn 0.5290 0.7277 0.4366
vn 0.5292 0.7275 0.4367
vn 0.5297 0.7274 0.4361
vn 0.7717 0.0001 0.6360
vn 0.5292 0.7274 0.4368
vn 0.5293 0.7273 0.4368
vn 0.5294 0.7272 0.4369
vn 0.7869 0.4271 -0.4455
vn 0.5104 0.5981 -0.6179
vn 0.5687 0.6779 0.4660
vn 0.3169 0.5285 -0.7876
vn -0.6193 0.5958 -0.5114
vn -0.6189 0.5965 -0.5110
vn -0.7759 -0.0000 -0.6309
vn -0.6198 0.5950 -0.5117
vn -0.6201 0.5944 -0.5120
vn -0.6205 0.5937 -0.5124
vn -0.6209 0.5930 -0.5127
vn 0.5363 0.7243 0.4333
vn 0.6028 0.3090 -0.7356
vn 0.2606 0.2851 -0.9224
vn 0.5125 0.5879 -0.6260
vn 0.2893 -0.0000 -0.9572
vn 0.1772 0.5422 -0.8213
vn 0.6340 -0.0000 -0.7734
vn 0.5124 0.5880 -0.6259
vn 0.2606 -0.2851 -0.9224
vn 0.6028 0.3092 -0.7356
vn 0.6028 -0.3090 -0.7356
vn -0.0294 0.4786 -0.8775
vn 0.1773 -0.5423 -0.8213
vn 0.0442 0.2518 -0.9668
vn 0.5125 -0.5878 -0.6260
vn 0.0695 0.0001 -0.9976
vn 0.6028 -0.3092 -0.7356
vn 0.5124 -0.5880 -0.6259
vn 0.0441 -0.2515 -0.9668
vn -0.0295 -0.4785 -0.8776
vn 0.5124 0.5879 -0.6259
vn 0.1773 0.5422 -0.8213
vn 0.3717 0.8090 -0.4553
vn 0.3716 0.8092 -0.4551
vn 0.0474 0.7463 -0.6639
vn 0.5124 0.5881 -0.6258
vn -0.1162 0.8774 -0.4655
vn -0.1439 0.6587 -0.7385
vn 0.1944 0.9511 -0.2402
vn -0.0294 0.4787 -0.8775
vn 0.1943 0.9511 -0.2401
vn -0.2882 0.7742 -0.5636
vn -0.0022 1.0000 -0.0019
vn -0.2976 0.9226 -0.2456
vn -0.1989 0.9511 0.2365
vn -0.4791 0.8774 -0.0257
vn -0.4481 0.8139 -0.3697
vn -0.6428 0.7463 0.1726
vn -0.1988 0.9511 0.2363
vn -0.3764 0.8090 0.4514
vn -0.6081 0.7741 -0.1760
vn -0.7727 0.5423 0.3300
vn -0.3762 0.8092 0.4512
vn -0.5172 0.5879 0.6220
vn -0.7525 0.6586 -0.0011
vn -0.5172 0.5881 0.6219
vn -0.8671 0.4787 0.1377
vn -0.0022 -1.0000 -0.0019
vn -0.2976 -0.9226 -0.2456
vn 0.1944 -0.9511 -0.2402
vn -0.1989 -0.9511 0.2364
vn -0.1162 -0.8774 -0.4655
vn 0.1943 -0.9511 -0.2401
vn -0.4791 -0.8774 -0.0257
vn 0.3717 -0.8090 -0.4553
vn 0.3716 -0.8092 -0.4551
vn -0.3764 -0.8090 0.4514
vn -0.2883 -0.7740 -0.5637
vn -0.1988 -0.9511 0.2363
vn -0.1440 -0.6585 -0.7387
vn 0.0474 -0.7464 -0.6638
vn 0.5124 -0.5879 -0.6259
vn -0.4483 -0.8138 -0.3698
vn -0.6082 -0.7740 -0.1760
vn -0.0294 -0.4784 -0.8776
vn 0.1772 -0.5423 -0.8213
vn -0.7526 -0.6585 -0.0011
vn -0.3762 -0.8092 0.4512
vn -0.8672 -0.4785 0.1377
vn -0.5172 -0.5880 0.6219
vn -0.5172 -0.5879 0.6219
vn -0.6428 -0.7464 0.1726
vn -0.7727 -0.5423 0.3299
vn -0.9500 0.0012 -0.3122
vn -0.7707 0.0004 -0.6372
vn -0.9607 -0.2095 -0.1821
vn -0.9983 0.0019 0.0587
vn -0.8699 -0.2547 -0.4224
vn -0.9604 0.2109 -0.1820
vn -0.9795 -0.2004 0.0206
vn -0.7720 0.0004 -0.6356
vn -0.9791 0.2023 0.0216
vn -0.9356 -0.3490 -0.0540
vn -0.8695 0.2554 -0.4227
vn -0.9354 0.3494 -0.0546
vn -0.8022 -0.3266 -0.4999
vn -0.9356 -0.3490 -0.0541
vn -0.9354 0.3495 -0.0547
vn -0.8633 -0.4805 -0.1545
vn -0.8629 0.4811 -0.1550
vn -0.8027 0.3268 -0.4988
vn -0.7214 -0.3538 -0.5953
vn -0.7235 0.3539 -0.5927
vn -0.4828 0.1177 -0.8678
vn -0.4709 -0.0000 -0.8822
vn -0.9381 -0.1118 -0.3279
vn -0.9054 -0.2127 -0.3675
vn -0.9494 -0.0000 -0.3142
vn -0.5172 0.2238 -0.8261
vn -0.4828 -0.1177 -0.8678
vn -0.8544 -0.2928 -0.4293
vn -0.9381 0.1118 -0.3279
vn -0.5708 0.3080 -0.7611
vn -0.5172 -0.2238 -0.8261
vn -0.7902 -0.3441 -0.5071
vn -0.9054 0.2127 -0.3675
vn -0.6383 0.3621 -0.6793
vn -0.5708 -0.3081 -0.7611
vn -0.7190 -0.3619 -0.5933
vn -0.8544 0.2927 -0.4293
vn -0.7132 0.3808 -0.5885
vn -0.6384 -0.3621 -0.6792
vn -0.6479 -0.3441 -0.6796
vn -0.7902 0.3441 -0.5071
vn -0.7881 0.3621 -0.4978
vn -0.7132 -0.3808 -0.5885
vn -0.5837 -0.2927 -0.7574
vn -0.7190 0.3619 -0.5933
vn -0.8556 0.3081 -0.4159
vn -0.7881 -0.3621 -0.4978
vn -0.5327 -0.2127 -0.8191
vn -0.6479 0.3441 -0.6796
vn -0.9093 0.2238 -0.3510
vn -0.0055 -0.7256 -0.6881
vn -0.8557 -0.3081 -0.4159
vn -0.5000 -0.1118 -0.8588
vn 0.1208 -0.5272 -0.8411
vn -0.5837 0.2927 -0.7574
vn -0.9437 0.1177 -0.3092
vn 0.2019 -0.2771 -0.9394
vn -0.9093 -0.2238 -0.3510
vn -0.4888 -0.0000 -0.8724
vn -0.5327 0.2127 -0.8191
vn -0.9555 -0.0000 -0.2949
vn 0.2298 -0.0000 -0.9732
vn 0.1208 0.5272 -0.8411
vn -0.9437 -0.1177 -0.3092
vn -0.5000 0.1118 -0.8588
vn 0.2019 0.2772 -0.9394
vn -0.0055 0.7256 -0.6881
vn -0.8839 -0.2772 0.3766
vn -0.9119 -0.0000 0.4105
vn -0.6688 -0.3079 0.6767
vn -0.5788 -0.5856 0.5675
vn -0.8029 -0.5272 0.2783
vn -0.6999 -0.0000 0.7143
vn -0.8839 0.2772 0.3766
vn -0.6688 0.3079 0.6767
vn -0.8029 0.5272 0.2783
vn -0.5773 0.5857 0.5689
vn -0.6765 -0.7257 0.1253
vn -0.4385 -0.8061 0.3975
vn -0.2617 -0.9476 0.1833
vn -0.5772 -0.5858 0.5689
vn -0.5174 -0.8531 -0.0676
vn -0.8028 0.5272 0.2783
vn -0.6765 0.7257 0.1253
vn -0.5787 0.5857 0.5675
vn -0.4385 0.8061 0.3975
vn -0.5175 0.8530 -0.0675
vn -0.2617 0.9476 0.1832
vn -0.3410 0.8970 -0.2814
vn -0.0658 0.9964 -0.0542
vn -0.1646 0.8531 -0.4952
vn 0.1302 0.9476 -0.2917
vn -0.0055 0.7257 -0.6880
vn 0.3070 0.8061 -0.5060
vn 0.4486 0.5858 -0.6750
vn -0.3410 -0.8970 -0.2814
vn -0.0657 -0.9964 -0.0542
vn 0.1302 -0.9476 -0.2917
vn -0.2601 -0.9478 0.1846
vn -0.1646 -0.8531 -0.4952
vn 0.3070 -0.8061 -0.5060
vn -0.0054 -0.7257 -0.6880
vn 0.4473 -0.5857 -0.6760
vn -0.6078 0.3090 0.7315
vn -0.5173 0.5879 0.6220
vn -0.8562 0.2851 0.4310
vn -0.8849 -0.0000 0.4658
vn -0.7727 0.5422 0.3300
vn -0.6389 -0.0000 0.7693
vn -0.5172 0.5880 0.6219
vn -0.8561 -0.2851 0.4310
vn -0.6077 0.3092 0.7315
vn -0.6078 -0.3090 0.7315
vn -0.8671 0.4786 0.1378
vn -0.7727 -0.5422 0.3300
vn -0.9408 0.2517 0.2269
vn -0.5173 -0.5878 0.6220
vn -0.9662 0.0001 0.2576
vn -0.6077 -0.3092 0.7315
vn -0.9409 -0.2516 0.2269
vn -0.4869 0.0012 -0.8735
vn -0.3612 -0.2095 -0.9087
vn -0.7719 0.0004 -0.6357
vn -0.3610 0.2109 -0.9084
vn -0.5799 -0.2547 -0.7738
vn -0.5801 0.2554 -0.7734
vn -0.7707 0.0003 -0.6372
vn -0.6431 -0.3266 -0.6927
vn -0.6421 0.3269 -0.6934
vn -0.6422 0.3269 -0.6934
vn -0.7211 -0.3538 -0.5957
vn -0.7214 0.3538 -0.5953
vn 0.2299 -0.0000 -0.9732
vn 0.2019 -0.2772 -0.9394
vn 0.5684 -0.0000 -0.8228
vn 0.5374 0.3079 -0.7851
vn 0.5374 -0.3079 -0.7851
vn 0.4490 -0.5857 -0.6748
vn 0.4473 0.5856 -0.6760
vn 0.1208 0.5273 -0.8411
vn 0.2605 0.2851 -0.9224
vn -0.4827 0.1176 -0.8678
vn 0.2893 -0.0000 -0.9573
vn -0.4827 -0.1177 -0.8678
vn 0.2606 -0.2850 -0.9224
vn 0.2605 -0.2851 -0.9224
vn -0.5171 -0.2238 -0.8261
vn 0.1772 -0.5422 -0.8213
vn -0.5172 0.2239 -0.8261
vn -0.5707 0.3081 -0.7612
vn -0.5708 0.3081 -0.7611
vn -0.6383 0.3622 -0.6793
vn -0.5172 -0.2239 -0.8261
vn 0.0474 -0.7463 -0.6639
vn 0.0474 -0.7464 -0.6639
vn -0.6383 -0.3622 -0.6793
vn -0.6383 -0.3622 -0.6792
vn -0.1163 -0.8774 -0.4655
vn -0.2976 -0.9225 -0.2456
vn -0.7881 -0.3622 -0.4977
vn -0.4791 -0.8774 -0.0258
vn -0.8556 -0.3081 -0.4159
vn -0.6428 -0.7463 0.1726
vn -0.8557 -0.3081 -0.4158
vn -0.9093 -0.2239 -0.3509
vn -0.1163 0.8774 -0.4655
vn -0.6383 0.3622 -0.6792
vn -0.2977 0.9225 -0.2456
vn -0.7881 0.3622 -0.4978
vn -0.7881 0.3622 -0.4977
vn -0.8557 0.3081 -0.4159
vn -0.7728 0.5422 0.3299
vn -0.9093 0.2239 -0.3509
vn -0.7727 0.5422 0.3299
vn -0.9093 0.2238 -0.3509
vn -0.8562 0.2850 0.4309
vn -0.8849 -0.0000 0.4657
vn -0.9556 -0.0000 -0.2948
vn -0.8562 -0.2851 0.4310
vn -0.9437 -0.1176 -0.3092
vn -0.7727 -0.5422 0.3299
vn -0.8562 -0.2851 0.4309
vn -0.9093 -0.2238 -0.3509
vn -0.9119 -0.0000 0.4104
vn -0.8840 0.2771 0.3766
vn -0.9381 -0.1119 -0.3278
vn -0.9381 0.1118 -0.3278
vn -0.8840 -0.2772 0.3765
vn -0.6766 0.7256 0.1252
vn -0.8544 0.2928 -0.4292
vn -0.8544 -0.2928 -0.4292
vn -0.6766 -0.7256 0.1252
vn -0.7902 -0.3442 -0.5071
vn -0.5174 -0.8530 -0.0676
vn -0.3410 -0.8969 -0.2814
vn -0.6478 -0.3442 -0.6796
vn -0.1646 -0.8530 -0.4952
vn -0.5837 -0.2928 -0.7574
vn -0.0055 -0.7257 -0.6880
vn -0.6766 0.7257 0.1252
vn -0.5175 0.8530 -0.0676
vn -0.7902 0.3442 -0.5070
vn -0.3411 0.8969 -0.2814
vn -0.1646 0.8530 -0.4952
vn -0.6479 0.3442 -0.6795
vn -0.0055 0.7256 -0.6880
vn -0.5837 0.2928 -0.7574
vn -0.8696 0.2554 -0.4227
vn -0.8027 0.3269 -0.4988
vn -0.7309 0.6142 -0.2976
vn -0.7214 0.3539 -0.5953
vn -0.5767 0.6641 -0.4758
vn -0.8699 -0.2548 -0.4224
vn -0.8022 -0.3266 -0.4998
vn -0.8632 -0.4806 -0.1545
vn -0.7304 -0.6142 -0.2988
vn -0.7214 -0.3539 -0.5952
vn -0.5767 -0.6641 -0.4758
vn -0.5767 0.6641 -0.4759
vn -0.4310 0.6142 -0.6611
vn -0.5767 -0.6641 -0.4759
vn -0.7214 -0.3539 -0.5953
vn -0.4321 -0.6142 -0.6604
vn -0.6430 -0.3266 -0.6927
vn -0.3156 -0.4806 -0.8182
vn -0.5798 -0.2548 -0.7739
vn -0.1658 -0.2004 -0.9656
vn -0.3611 -0.2095 -0.9087
vn -0.1319 0.0020 -0.9913
vn -0.2307 -0.3490 -0.9083
vn -0.4868 0.0012 -0.8735
vn -0.1647 0.2023 -0.9654
vn -0.2313 0.3494 -0.9080
vn -0.3156 -0.4805 -0.8182
vn -0.3610 0.2110 -0.9084
vn -0.5801 0.2555 -0.7735
vn -0.2313 0.3495 -0.9080
vn -0.3160 0.4811 -0.8178
vn -0.5801 0.2554 -0.7735
vn -0.3160 0.4811 -0.8177
vn -0.4309 0.6142 -0.6611
vn -0.5735 0.2396 -0.7834
vn -0.5340 0.1539 -0.8314
vn 0.0442 0.2517 -0.9668
vn -0.6280 0.3018 -0.7173
vn -0.1439 0.6586 -0.7386
vn -0.5132 0.0531 -0.8566
vn -0.5132 -0.0528 -0.8566
vn 0.0442 -0.2516 -0.9668
vn 0.0696 0.0001 -0.9976
vn -0.0294 -0.4785 -0.8776
vn 0.0442 -0.2515 -0.9668
vn -0.5340 -0.1535 -0.8314
vn -0.1439 -0.6585 -0.7387
vn -0.5736 -0.2392 -0.7834
vn -0.2882 -0.7741 -0.5637
vn -0.1440 -0.6586 -0.7386
vn -0.6281 -0.3015 -0.7174
vn -0.6921 -0.3342 -0.6397
vn -0.4482 -0.8138 -0.3699
vn -0.2882 -0.7740 -0.5637
vn -0.7595 -0.3342 -0.5581
vn -0.4482 -0.8138 -0.3698
vn -0.6082 -0.7741 -0.1759
vn -0.8236 -0.3015 -0.4805
vn -0.6082 -0.7741 -0.1760
vn -0.8781 -0.2392 -0.4144
vn -0.8672 -0.4785 0.1378
vn -0.9177 -0.1535 -0.3664
vn -0.9409 -0.2515 0.2270
vn -0.9385 -0.0528 -0.3412
vn -0.9662 0.0001 0.2577
vn -0.9385 0.0531 -0.3412
vn -0.9408 0.2518 0.2270
vn -0.9176 0.1539 -0.3664
vn -0.9408 0.2517 0.2270
vn -0.8671 0.4787 0.1378
vn -0.8780 0.2396 -0.4144
vn -0.7524 0.6587 -0.0010
vn -0.8235 0.3018 -0.4804
vn -0.6080 0.7742 -0.1759
vn -0.7594 0.3346 -0.5580
vn -0.4481 0.8139 -0.3698
vn -0.6920 0.3346 -0.6396
vn -0.4481 0.8140 -0.3698
vn -0.6148 -0.2588 0.7450
vn -0.4500 0.7071 0.5454
vn -0.6147 -0.2588 0.7450
vn -0.1647 0.9659 0.1996
vn -0.1648 0.9659 0.1996
vn 0.1647 0.9659 -0.1996
vn -0.4497 0.7077 0.5450
vn 0.4500 0.7071 -0.5454
vn 0.4501 0.7071 -0.5454
vn 0.6148 0.2588 -0.7450
vn 0.4493 0.7082 -0.5446
vn 0.6147 0.2588 -0.7451
vn 0.6148 -0.2588 -0.7450
vn 0.6147 0.2593 -0.7450
vn 0.6148 -0.2589 -0.7450
vn 0.4500 -0.7071 -0.5454
vn 0.6147 -0.2588 -0.7451
vn 0.4501 -0.7071 -0.5454
vn 0.1647 -0.9659 -0.1997
vn 0.1647 -0.9659 -0.1996
vn -0.1647 -0.9659 0.1996
vn -0.4500 -0.7071 0.5454
vn -0.6148 -0.2588 0.7451
vn -0.1648 0.9659 0.1997
vn -0.4499 0.7074 0.5452
vn 0.6148 0.2588 -0.7451
vn 0.6148 -0.2588 -0.7451
vn 0.6147 0.2590 -0.7450
vn -0.4456 0.0023 -0.8952
vn -0.3573 -0.4718 -0.8061
vn -0.3625 0.4749 -0.8019
vn -0.7450 -0.2588 -0.6148
vn -0.5454 0.7071 -0.4500
vn -0.1997 0.9659 -0.1647
vn -0.1208 0.8092 -0.5750
vn 0.2289 0.9319 -0.2816
vn -0.3624 0.4750 -0.8019
vn 0.1996 0.9659 0.1647
vn 0.5454 0.7071 0.4500
vn 0.5887 0.8084 -0.0019
vn 0.7450 0.2588 0.6147
vn 0.8608 0.4745 0.1841
vn 0.9698 0.0025 0.2438
vn 0.8608 0.4744 0.1841
vn 0.7450 -0.2588 0.6148
vn 0.8639 -0.4712 0.1778
vn 0.7450 0.2588 0.6148
vn 0.5454 -0.7071 0.4500
vn 0.1997 -0.9659 0.1648
vn 0.5920 -0.8059 -0.0093
vn 0.2333 -0.9290 -0.2871
vn -0.1996 -0.9659 -0.1647
vn -0.5454 -0.7071 -0.4500
vn -0.1145 -0.8068 -0.5796
vn -0.7450 -0.2588 -0.6147
vn -0.3573 -0.4719 -0.8060
vn 0.6275 0.0159 -0.7785
vn 0.6312 0.0185 -0.7754
vn 0.6313 0.0194 -0.7753
vn 0.6238 0.0126 -0.7815
vn 0.3338 0.7096 -0.6205
vn 0.3051 0.7881 -0.5346
vn 0.6270 0.0101 -0.7790
vn -0.7712 -0.0001 -0.6365
vn -0.6452 0.0159 0.7639
vn -0.6423 0.0186 0.7662
vn -0.6482 0.0165 0.7613
vn -0.6421 0.0186 0.7664
vn -0.6410 0.0194 0.7673
vn -0.6685 0.0114 0.7436
vn -0.6412 0.0192 0.7671
vn -0.6685 0.0114 0.7437
vn -0.6391 0.0199 0.7689
vn -0.6684 0.0114 0.7437
vn -0.6458 0.0101 0.7635
vn -0.7712 0.0164 -0.6364
vn -0.7712 0.0165 -0.6364
vn 0.6313 0.0185 -0.7753
vn 0.6275 0.0159 -0.7784
vn 0.6312 0.0195 -0.7754
vn 0.6274 0.0159 -0.7785
vn 0.6269 0.0101 -0.7790
vn 0.6245 0.0140 -0.7809
vn 0.6237 0.0129 -0.7816
vn -0.7712 0.0164 -0.6363
vn 0.5817 0.0092 -0.8134
vn 0.7713 0.0002 0.6365
vn -0.1773 0.9604 0.2151
vn -0.3853 0.7990 0.4617
vn -0.1773 0.9603 0.2152
vn 0.0012 1.0000 0.0010
vn -0.3852 0.7989 0.4618
vn 0.0011 1.0000 0.0009
vn -0.6207 0.2174 0.7533
vn -0.9050 0.1783 0.3861
vn 0.1775 0.9604 -0.2149
vn 0.1776 0.9603 -0.2149
vn 0.3805 0.7988 -0.4660
vn 0.3803 0.7989 -0.4660
vn 0.6202 0.2216 -0.7525
vn 0.2069 0.1806 -0.9616
vn 0.4799 -0.6837 -0.5498
vn -0.7006 -0.7126 -0.0377
vn 0.0909 -0.9904 -0.1038
vn -0.0846 -0.9904 0.1089
vn -0.2892 -0.8859 0.3627
vn -0.2892 -0.8859 0.3628
vn -0.4487 -0.6837 0.5755
vn -0.1700 -0.7126 -0.6807
vn -0.4486 -0.6837 0.5755
vn 0.6401 -0.0001 -0.7683
vn 0.4799 -0.6837 -0.5497
vn 0.2568 0.3643 -0.8952
vn 0.4799 -0.6838 -0.5497
vn -0.7714 -0.0073 -0.6363
vn 0.1390 0.3515 -0.9258
vn -0.4753 0.6656 0.5754
vn -0.8591 0.5080 0.0615
vn -0.4752 0.6656 0.5755
vn 0.6401 -0.0000 -0.7683
vn 0.6401 -0.0002 -0.7683
vn -0.8301 0.3644 0.4221
vn -0.8817 0.3541 0.3119
vn 0.7700 0.0127 0.6379
vn 0.6298 0.0114 -0.7766
vn 0.6299 0.0064 -0.7767
vn 0.6298 0.0064 -0.7767
vn 0.0001 1.0000 0.0001
vn 0.6299 0.0065 -0.7766
vn -0.5683 0.6621 -0.4885
vn 0.4753 0.6674 -0.5733
vn -0.8817 0.3541 0.3118
vn -0.8301 0.3643 0.4221
vn -0.4486 -0.6837 0.5756
vn -0.6365 -0.0001 0.7712
vn -0.6365 -0.0002 0.7712
vn -0.0001 1.0000 0.0001
vn 0.8062 0.0438 0.5900
vn -0.6414 0.0044 0.7672
vn -0.8592 0.5080 0.0615
vn -0.4668 0.6640 0.5841
vn -0.6483 0.0165 0.7612
vn -0.5061 0.7496 0.4265
vn -0.6458 0.0101 0.7634
vn -0.4742 0.8260 0.3046
vn -0.4736 0.6683 0.5737
vn -0.4738 0.6680 0.5739
vn -0.4731 0.6694 0.5728
vn -0.4744 0.6670 0.5745
vn -0.5061 0.7497 0.4265
vn -0.5060 0.7497 0.4265
vn -0.4742 0.8261 0.3045
vn -0.4667 0.6640 0.5842
vn -0.7743 -0.0051 -0.6328
vn -0.7713 -0.0012 -0.6365
vn 0.4881 0.6405 -0.5929
vn 0.4882 0.6404 -0.5929
vn 0.4905 0.6360 -0.5957
vn 0.4906 0.6359 -0.5958
vn 0.4915 0.6340 -0.5970
vn 0.4753 0.6673 -0.5734
vn 0.7710 0.0099 0.6368
vn 0.7713 0.0128 0.6364
vn -0.6908 0.4449 -0.5699
vn 0.5818 0.0094 -0.8133
vn -0.6907 0.4450 -0.5700
vn -0.6155 0.6034 -0.5071
vn -0.6908 0.4450 -0.5700
vn -0.6155 0.6034 -0.5070
vn -0.5860 0.6509 -0.4827
vn -0.5859 0.6509 -0.4827
vn -0.4764 0.7865 -0.3930
vn -0.4758 0.7865 -0.3938
vn -0.4763 0.7866 -0.3930
vn -0.3626 0.8826 -0.2992
vn -0.3626 0.8826 -0.2991
vn -0.3212 0.9092 -0.2650
vn -0.2786 0.9325 -0.2298
vn 0.6312 0.0193 -0.7753
vn -0.1260 0.9866 -0.1039
vn -0.0318 0.9992 -0.0262
vn -0.2785 0.9325 -0.2298
vn -0.5521 0.6983 -0.4556
vn -0.6908 0.4449 -0.5700
vn -0.4763 0.7865 -0.3931
vn -0.3211 0.9092 -0.2650
vn -0.6423 0.0185 0.7662
vn -0.2785 0.9325 -0.2299
vn -0.1260 0.9866 -0.1040
vn -0.6390 0.0199 0.7689
vn -0.0318 0.9991 -0.0263
vn 0.1391 0.3515 -0.9258
vn -0.7006 -0.7126 -0.0378
vn -0.5335 -0.5321 0.6574
vn -0.5335 -0.5320 0.6575
vn -0.7006 -0.7125 -0.0377
vn 0.0908 -0.9904 -0.1038
vn -0.0847 -0.9904 0.1089
vn -0.7713 -0.0002 -0.6364
vn 0.5368 -0.5434 -0.6454
vn 0.6308 0.0064 -0.7759
vn 0.6299 0.0064 -0.7766
vn -0.7714 0.0001 -0.6364
vn -0.1701 -0.7125 -0.6807
vn 0.7725 0.0128 0.6349
vn 0.6364 -0.0001 -0.7714
vn 0.7716 0.0099 0.6360
vn 0.7709 0.0099 0.6368
vn -0.6415 0.0044 0.7671
vn -0.6414 0.0045 0.7672
vn -0.7712 0.0001 -0.6365
vn -0.4799 0.6640 0.5734
vn -0.9051 0.1784 0.3861
vn -0.0745 0.9929 0.0926
vn 0.0768 0.9929 -0.0907
vn 0.4719 0.6640 -0.5801
vn 0.0767 0.9929 -0.0906
vn 0.2069 0.1807 -0.9615
vn -0.7714 -0.0001 -0.6363
vn 0.4718 0.6640 -0.5800
vn 0.7710 0.0100 0.6368
vn 0.7700 0.0128 0.6379
vn 0.7716 0.0099 0.6361
vn 0.7710 0.0100 0.6367
vn 0.7717 0.0098 0.6359
vn 0.7716 0.0100 0.6360
vn -0.9050 0.1784 0.3861
vn -0.5336 -0.5320 0.6575
vn 0.7324 0.0438 0.6795
vn 0.5368 -0.5433 -0.6454
vn 0.5368 -0.5433 -0.6455
vn 0.8062 0.0437 0.5900
vn 0.7323 0.0438 0.6795
vn -0.4763 0.7865 -0.3930
vn -0.0318 0.9991 -0.0262
vn -0.5522 0.6983 -0.4556
vn 0.6270 0.0102 -0.7790
vn -0.6458 0.0102 0.7634
vn -0.6907 0.4449 -0.5700
vn -0.7698 -0.0000 -0.6383
vn 0.0001 -1.0000 0.0001
vn -0.2891 -0.8859 0.3628
vn 0.0909 -0.9904 -0.1037
vn 0.6383 -0.0000 -0.7698
vn -0.0002 1.0000 -0.0001
vn 0.2568 0.3644 -0.8951
vn -0.8817 0.3540 0.3119
vn -0.4800 0.6640 0.5734
vn 0.7324 0.0437 0.6795
vn 0.7701 0.0128 0.6378
vn -0.0745 0.9929 0.0925
vn 0.0768 0.9929 -0.0908
vn 0.0767 0.9929 -0.0907
vn 0.7725 0.0127 0.6349
vn 0.0767 0.9929 -0.0908
vn 0.4718 0.6640 -0.5801
vn -0.7712 0.0021 -0.6366
vt 0.340369 0.172428
vt 0.300297 0.272760
vt 0.293427 0.321030
vt 0.343468 0.346203
vt 0.299007 0.273869
vt 0.292504 0.244097
vt 0.161899 0.197528
vt 0.334033 0.390618
vt 0.341200 0.381749
vt 0.340618 0.390623
vt 0.342679 0.390642
vt 0.241712 0.210743
vt 0.216920 0.149371
vt 0.172083 0.290549
vt 0.212389 0.769151
vt 0.218086 0.769141
vt 0.218084 0.769151
vt 0.232177 0.769151
vt 0.232177 0.769151
vt 0.179756 0.123884
vt 0.179756 0.124155
vt 0.179756 0.124155
vt 0.630523 0.869848
vt 0.613891 0.869849
vt 0.613706 0.869842
vt 0.278764 0.290291
vt 0.278898 0.293845
vt 0.278759 0.289951
vt 0.380364 0.173414
vt 0.386876 0.351893
vt 0.381564 0.206071
vt 0.178509 0.307748
vt 0.178835 0.332518
vt 0.178707 0.326103
vt 0.747669 0.649351
vt 0.747688 0.649346
vt 0.745194 0.648681
vt 0.144264 0.173621
vt 0.147556 0.170656
vt 0.147559 0.173702
vt 0.276209 0.218361
vt 0.228087 0.120169
vt 0.232002 0.328850
vt 0.208898 0.138733
vt 0.235217 0.197004
vt 0.235220 0.197003
vt 0.235896 0.241209
vt 0.236631 0.292791
vt 0.113039 0.709063
vt 0.150292 0.709063
vt 0.113100 0.709164
vt 0.075868 0.709165
vt 0.150332 0.709164
vt 0.075786 0.709063
vt 0.187544 0.709063
vt 0.075786 0.717131
vt 0.075867 0.717234
vt 0.187565 0.709164
vt 0.224797 0.709063
vt 0.224797 0.709164
vt 0.262030 0.709164
vt 0.262050 0.709063
vt 0.299262 0.709164
vt 0.299303 0.709063
vt 0.336495 0.709164
vt 0.336556 0.709063
vt 0.373726 0.709165
vt 0.373808 0.709063
vt 0.150332 0.893661
vt 0.150292 0.893763
vt 0.113100 0.893661
vt 0.187544 0.893763
vt 0.113039 0.893763
vt 0.187565 0.893662
vt 0.075869 0.893660
vt 0.224797 0.893763
vt 0.187624 0.893366
vt 0.077127 0.893377
vt 0.075786 0.893763
vt 0.224797 0.893662
vt 0.224664 0.893366
vt 0.112528 0.893366
vt 0.075786 0.881890
vt 0.150450 0.893366
vt 0.075867 0.881786
vt 0.262050 0.893763
vt 0.078219 0.890002
vt 0.262030 0.893662
vt 0.078219 0.881547
vt 0.299262 0.893661
vt 0.299303 0.893763
vt 0.373808 0.717131
vt 0.373808 0.881890
vt 0.373727 0.717234
vt 0.373727 0.881786
vt 0.373726 0.893660
vt 0.373808 0.893763
vt 0.336556 0.893763
vt 0.336494 0.893661
vt 0.150609 0.883399
vt 0.113515 0.882590
vt 0.150609 0.716360
vt 0.187703 0.716134
vt 0.113515 0.716910
vt 0.187703 0.883731
vt 0.150508 0.711972
vt 0.224797 0.716032
vt 0.150491 0.890797
vt 0.187653 0.711890
vt 0.078219 0.717499
vt 0.224797 0.883881
vt 0.078219 0.712572
vt 0.187644 0.890926
vt 0.113364 0.712172
vt 0.113341 0.890469
vt 0.224797 0.890976
vt 0.261891 0.883731
vt 0.261950 0.890926
vt 0.261891 0.716196
vt 0.299103 0.890797
vt 0.298985 0.883399
vt 0.224797 0.711853
vt 0.298985 0.716360
vt 0.336253 0.890469
vt 0.261942 0.711912
vt 0.336079 0.882590
vt 0.299086 0.711972
vt 0.336079 0.716910
vt 0.371375 0.890002
vt 0.371375 0.881547
vt 0.336231 0.712172
vt 0.371375 0.717499
vt 0.371375 0.712572
vt 0.373491 0.709459
vt 0.373491 0.717142
vt 0.371670 0.709440
vt 0.336317 0.709459
vt 0.299144 0.709459
vt 0.261954 0.709459
vt 0.373491 0.717534
vt 0.373491 0.881485
vt 0.224797 0.709459
vt 0.187641 0.709459
vt 0.150484 0.709459
vt 0.113327 0.709459
vt 0.373491 0.882882
vt 0.373491 0.890700
vt 0.077924 0.709440
vt 0.372467 0.893377
vt 0.337067 0.893366
vt 0.299684 0.893366
vt 0.261971 0.893366
vt 0.076104 0.712914
vt 0.076104 0.717534
vt 0.224930 0.893366
vt 0.076104 0.881485
vt 0.332802 0.159741
vt 0.351665 0.159741
vt 0.333713 0.164203
vt 0.350754 0.164203
vt 0.313940 0.159741
vt 0.314851 0.164203
vt 0.331892 0.164203
vt 0.370527 0.159741
vt 0.352576 0.164203
vt 0.369617 0.164203
vt 0.389390 0.159741
vt 0.371438 0.164203
vt 0.388479 0.164203
vt 0.125315 0.159741
vt 0.144178 0.159741
vt 0.126226 0.164203
vt 0.143267 0.164203
vt 0.163040 0.159741
vt 0.145088 0.164203
vt 0.162129 0.164203
vt 0.181903 0.159741
vt 0.163951 0.164203
vt 0.180992 0.164203
vt 0.200765 0.159741
vt 0.182813 0.164203
vt 0.199855 0.164203
vt 0.219628 0.159741
vt 0.201676 0.164203
vt 0.218717 0.164203
vt 0.238490 0.159741
vt 0.220538 0.164203
vt 0.237579 0.164203
vt 0.257353 0.159741
vt 0.239401 0.164203
vt 0.256442 0.164203
vt 0.276215 0.159741
vt 0.258263 0.164203
vt 0.275304 0.164203
vt 0.295077 0.159741
vt 0.277126 0.164203
vt 0.294167 0.164203
vt 0.295988 0.164203
vt 0.313029 0.164203
vt 0.223782 0.220336
vt 0.242627 0.220337
vt 0.223782 0.223795
vt 0.204930 0.223795
vt 0.242627 0.223795
vt 0.204930 0.220336
vt 0.261478 0.220337
vt 0.186064 0.223795
vt 0.261478 0.223795
vt 0.186063 0.220336
vt 0.280345 0.220337
vt 0.167185 0.223795
vt 0.167185 0.220336
vt 0.280345 0.223796
vt 0.299223 0.223796
vt 0.299223 0.220337
vt 0.148307 0.220336
vt 0.148307 0.223795
vt 0.129441 0.223795
vt 0.129441 0.220336
vt 0.110589 0.223795
vt 0.110590 0.220336
vt 0.355642 0.220337
vt 0.355635 0.223795
vt 0.336967 0.220337
vt 0.374664 0.220336
vt 0.336967 0.223795
vt 0.374664 0.223795
vt 0.318101 0.223796
vt 0.318101 0.220337
vt 0.729231 0.754194
vt 0.729238 0.749410
vt 0.748081 0.754185
vt 0.710387 0.754194
vt 0.748098 0.749400
vt 0.710380 0.749410
vt 0.691537 0.754185
vt 0.691521 0.749401
vt 0.672657 0.749390
vt 0.672670 0.754173
vt 0.653790 0.754169
vt 0.653790 0.749384
vt 0.634924 0.749390
vt 0.634911 0.754173
vt 0.616060 0.749401
vt 0.616044 0.754185
vt 0.597201 0.749410
vt 0.597194 0.754194
vt 0.842417 0.749410
vt 0.861275 0.749410
vt 0.842425 0.754194
vt 0.823574 0.754185
vt 0.861268 0.754194
vt 0.823558 0.749400
vt 0.804694 0.749389
vt 0.804707 0.754173
vt 0.785828 0.754168
vt 0.785828 0.749384
vt 0.766961 0.749389
vt 0.766948 0.754173
vt 0.729232 0.759527
vt 0.710386 0.759527
vt 0.748084 0.759522
vt 0.729233 0.765230
vt 0.691535 0.759522
vt 0.710385 0.765230
vt 0.766950 0.759516
vt 0.710386 0.773926
vt 0.748086 0.765230
vt 0.672668 0.759516
vt 0.691533 0.773926
vt 0.729233 0.773926
vt 0.691532 0.765230
vt 0.653790 0.759514
vt 0.691535 0.847693
vt 0.672667 0.765230
vt 0.710386 0.847694
vt 0.653790 0.765231
vt 0.691535 0.859140
vt 0.729232 0.847694
vt 0.634914 0.765230
vt 0.634913 0.759516
vt 0.710387 0.859140
vt 0.748086 0.773925
vt 0.729232 0.859140
vt 0.748084 0.847693
vt 0.748083 0.859140
vt 0.766952 0.765230
vt 0.785828 0.759513
vt 0.785828 0.765230
vt 0.804706 0.759516
vt 0.804704 0.765230
vt 0.748099 0.744111
vt 0.729239 0.744116
vt 0.748100 0.738379
vt 0.766963 0.738379
vt 0.729239 0.738379
vt 0.766962 0.744105
vt 0.748100 0.731013
vt 0.710380 0.744117
vt 0.785828 0.738379
vt 0.729239 0.731013
vt 0.785828 0.744102
vt 0.710379 0.738380
vt 0.710379 0.731013
vt 0.691519 0.744112
vt 0.748102 0.652969
vt 0.691518 0.738380
vt 0.729240 0.652969
vt 0.672656 0.744106
vt 0.691518 0.731013
vt 0.748103 0.642296
vt 0.710378 0.652969
vt 0.729240 0.642296
vt 0.691516 0.652969
vt 0.672655 0.738381
vt 0.710378 0.642296
vt 0.653790 0.744103
vt 0.691516 0.642296
vt 0.653790 0.738381
vt 0.634925 0.744106
vt 0.634926 0.738381
vt 0.616062 0.744112
vt 0.616063 0.738380
vt 0.597201 0.744117
vt 0.597202 0.738380
vt 0.616063 0.731013
vt 0.597202 0.731013
vt 0.616065 0.652969
vt 0.597203 0.652969
vt 0.616066 0.642296
vt 0.597203 0.642296
vt 0.616046 0.759522
vt 0.616049 0.765230
vt 0.597195 0.759527
vt 0.597196 0.765230
vt 0.597196 0.773926
vt 0.616048 0.773926
vt 0.597195 0.847693
vt 0.616046 0.847693
vt 0.597195 0.859140
vt 0.616046 0.859140
vt 0.861276 0.744117
vt 0.842417 0.744116
vt 0.861276 0.738380
vt 0.842416 0.738379
vt 0.861277 0.731013
vt 0.823556 0.744111
vt 0.842416 0.731013
vt 0.823555 0.738379
vt 0.861277 0.652969
vt 0.804693 0.744105
vt 0.823555 0.731013
vt 0.842415 0.652969
vt 0.804692 0.738379
vt 0.861277 0.642296
vt 0.823553 0.652969
vt 0.842415 0.642296
vt 0.823553 0.642296
vt 0.842424 0.759527
vt 0.823572 0.759522
vt 0.861269 0.759527
vt 0.842423 0.765230
vt 0.823569 0.765230
vt 0.861270 0.765230
vt 0.823570 0.773925
vt 0.842420 0.773926
vt 0.861270 0.773926
vt 0.842271 0.847694
vt 0.861269 0.847693
vt 0.823572 0.847694
vt 0.861269 0.859140
vt 0.842247 0.859140
vt 0.823572 0.859140
vt 0.766952 0.773925
vt 0.766950 0.847694
vt 0.785828 0.773925
vt 0.785828 0.847694
vt 0.766950 0.859140
vt 0.804704 0.773925
vt 0.785828 0.859140
vt 0.804705 0.847694
vt 0.804706 0.859140
vt 0.672667 0.773926
vt 0.653790 0.773926
vt 0.653790 0.847693
vt 0.672668 0.847693
vt 0.634914 0.773926
vt 0.653790 0.859139
vt 0.634913 0.847693
vt 0.672669 0.859140
vt 0.634912 0.859140
vt 0.766963 0.731013
vt 0.766965 0.652969
vt 0.785828 0.731013
vt 0.766965 0.642296
vt 0.785828 0.652969
vt 0.785828 0.642296
vt 0.804692 0.731013
vt 0.804690 0.642296
vt 0.804690 0.652969
vt 0.672655 0.731014
vt 0.653790 0.731014
vt 0.672653 0.652969
vt 0.634926 0.731014
vt 0.653790 0.652969
vt 0.672653 0.642296
vt 0.653790 0.642296
vt 0.634928 0.652969
vt 0.634928 0.642296
vt 0.084838 0.576561
vt 0.085965 0.577703
vt 0.084832 0.908324
vt 0.085965 0.564616
vt 0.085944 0.907112
vt 0.084838 0.563313
vt 0.098656 0.564615
vt 0.097768 0.563313
vt 0.429487 0.564586
vt 0.430493 0.563305
vt 0.442188 0.564584
vt 0.443365 0.563305
vt 0.443371 0.908282
vt 0.442210 0.907146
vt 0.443366 0.576605
vt 0.443372 0.921551
vt 0.442188 0.577670
vt 0.442211 0.920234
vt 0.428907 0.691891
vt 0.443720 0.638183
vt 0.429097 0.647542
vt 0.443226 0.943225
vt 0.429156 0.634679
vt 0.428895 0.893687
vt 0.428833 0.880943
vt 0.429094 0.934757
vt 0.351290 0.704441
vt 0.429156 0.947522
vt 0.365445 0.736661
vt 0.351290 0.704441
vt 0.190327 0.634960
vt 0.124966 0.619760
vt 0.137297 0.634732
vt 0.427373 0.620837
vt 0.125064 0.634679
vt 0.363310 0.634961
vt 0.351290 0.635012
vt 0.417110 0.634730
vt 0.202552 0.647743
vt 0.351290 0.688851
vt 0.202552 0.691710
vt 0.344984 0.710948
vt 0.208858 0.710948
vt 0.344984 0.874436
vt 0.208858 0.874436
vt 0.190394 0.880943
vt 0.197329 0.743367
vt 0.174624 0.912572
vt 0.137546 0.880943
vt 0.223866 0.912572
vt 0.174624 0.912571
vt 0.352455 0.899480
vt 0.415475 0.912098
vt 0.406258 0.899710
vt 0.179489 0.899481
vt 0.191698 0.899428
vt 0.115336 0.913187
vt 0.114322 0.876693
vt 0.430877 0.922053
vt 0.126462 0.899709
vt 0.132799 0.848864
vt 0.097407 0.922053
vt 0.432345 0.912037
vt 0.114210 0.899762
vt 0.114483 0.843482
vt 0.438304 0.917246
vt 0.096175 0.913256
vt 0.114533 0.833183
vt 0.089591 0.918183
vt 0.429509 0.920232
vt 0.430476 0.921559
vt 0.098636 0.920202
vt 0.097790 0.921551
vt 0.192754 0.186610
vt 0.140885 0.186885
vt 0.192754 0.183483
vt 0.160022 0.139437
vt 0.136601 0.184669
vt 0.211161 0.295591
vt 0.137301 0.129650
vt 0.233953 0.358502
vt 0.199368 0.201192
vt 0.140465 0.201414
vt 0.192751 0.129547
vt 0.199888 0.202337
vt 0.137016 0.201414
vt 0.137338 0.126743
vt 0.208175 0.285768
vt 0.140428 0.202701
vt 0.192751 0.126743
vt 0.224712 0.360446
vt 0.187124 0.216520
vt 0.160012 0.149000
vt 0.175179 0.271387
vt 0.219488 0.343086
vt 0.140209 0.210266
vt 0.136673 0.202701
vt 0.203551 0.210414
vt 0.182667 0.220714
vt 0.159949 0.205212
vt 0.169743 0.263330
vt 0.185462 0.211052
vt 0.140187 0.211052
vt 0.203840 0.211052
vt 0.134659 0.210266
vt 0.159943 0.211052
vt 0.179759 0.211052
vt 0.137792 0.215972
vt 0.134450 0.211052
vt 0.134473 0.211052
vt 0.178427 0.211052
vt 0.178513 0.205414
vt 0.179531 0.205336
vt 0.179601 0.134013
vt 0.179728 0.132946
vt 0.179756 0.122676
vt 0.134576 0.211052
vt 0.140590 0.220795
vt 0.134535 0.210273
vt 0.198488 0.314584
vt 0.135137 0.202779
vt 0.208337 0.330540
vt 0.135239 0.201504
vt 0.136345 0.187718
vt 0.136354 0.187934
vt 0.171565 0.233558
vt 0.134793 0.136575
vt 0.136362 0.188150
vt 0.135224 0.201952
vt 0.135167 0.202642
vt 0.134777 0.142226
vt 0.134544 0.210189
vt 0.134617 0.122348
vt 0.134596 0.203992
vt 0.134616 0.129078
vt 0.134473 0.211052
vt 0.134601 0.202643
vt 0.134575 0.211052
vt 0.134599 0.211052
vt 0.232338 0.362810
vt 0.311426 0.363269
vt 0.283685 0.361020
vt 0.311426 0.302266
vt 0.339225 0.361020
vt 0.283685 0.304516
vt 0.339225 0.304516
vt 0.281094 0.363269
vt 0.281094 0.363269
vt 0.179152 0.211117
vt 0.159228 0.211117
vt 0.179152 0.200953
vt 0.179152 0.214269
vt 0.159794 0.200953
vt 0.159052 0.214269
vt 0.198509 0.200953
vt 0.163247 0.197802
vt 0.199075 0.211117
vt 0.199251 0.214269
vt 0.179152 0.197802
vt 0.195128 0.197802
vt 0.209073 0.210163
vt 0.209529 0.211052
vt 0.208980 0.210082
vt 0.203433 0.210164
vt 0.209427 0.211052
vt 0.205091 0.201644
vt 0.203838 0.211052
vt 0.205108 0.202434
vt 0.193455 0.210712
vt 0.204558 0.200489
vt 0.201388 0.202425
vt 0.185462 0.211052
vt 0.204579 0.201375
vt 0.201087 0.201366
vt 0.262954 0.207752
vt 0.197242 0.187102
vt 0.199907 0.202446
vt 0.197256 0.187877
vt 0.197240 0.186856
vt 0.272474 0.207347
vt 0.194097 0.188460
vt 0.206371 0.168310
vt 0.199424 0.201388
vt 0.197171 0.184137
vt 0.217503 0.215290
vt 0.208184 0.136131
vt 0.382233 0.202730
vt 0.197104 0.184907
vt 0.193276 0.187932
vt 0.197238 0.186610
vt 0.219348 0.214514
vt 0.154575 0.194326
vt 0.198090 0.129511
vt 0.197237 0.183368
vt 0.224916 0.208955
vt 0.139470 0.324067
vt 0.197660 0.129496
vt 0.322624 0.178768
vt 0.140705 0.188150
vt 0.198139 0.126743
vt 0.197230 0.129481
vt 0.204741 0.201241
vt 0.140395 0.201904
vt 0.197685 0.126743
vt 0.205326 0.202381
vt 0.141023 0.315492
vt 0.197230 0.126743
vt 0.208483 0.144837
vt 0.140380 0.202598
vt 0.209448 0.210417
vt 0.209401 0.122348
vt 0.158002 0.221765
vt 0.210592 0.206206
vt 0.209585 0.132655
vt 0.140209 0.210185
vt 0.209773 0.211052
vt 0.210877 0.205315
vt 0.159943 0.211052
vt 0.140189 0.211052
vt 0.210759 0.211052
vt 0.210979 0.211052
vt 0.937597 0.762512
vt 0.935975 0.763854
vt 0.898851 0.821122
vt 0.898159 0.821837
vt 0.843086 0.857146
vt 0.840240 0.844369
vt 0.892799 0.809862
vt 0.843545 0.856959
vt 0.789183 0.865737
vt 0.789183 0.865737
vt 0.790654 0.865503
vt 0.841497 0.857417
vt 0.735280 0.857146
vt 0.734821 0.856959
vt 0.787712 0.865503
vt 0.680206 0.821837
vt 0.736869 0.857417
vt 0.679515 0.821123
vt 0.642809 0.764867
vt 0.738126 0.844369
vt 0.640775 0.762455
vt 0.685567 0.809862
vt 0.157539 0.603516
vt 0.157577 0.857492
vt 0.202056 0.603759
vt 0.141606 0.843309
vt 0.207424 0.861334
vt 0.141571 0.603353
vt 0.418070 0.603925
vt 0.157537 0.589016
vt 0.201748 0.589016
vt 0.141569 0.589016
vt 0.430270 0.589016
vt 0.210059 0.890585
vt 0.235299 0.890338
vt 0.424164 0.603792
vt 0.430008 0.888432
vt 0.210252 0.266512
vt 0.157399 0.204089
vt 0.216274 0.177081
vt 0.212692 0.211541
vt 0.139582 0.211545
vt 0.216545 0.211465
vt 0.216557 0.172876
vt 0.137871 0.210808
vt 0.131526 0.180760
vt 0.131881 0.211472
vt 0.135728 0.211545
vt 0.133773 0.213257
vt 0.130976 0.169537
vt 0.130976 0.130746
vt 0.131124 0.169484
vt 0.131845 0.130730
vt 0.130976 0.130729
vt 0.131847 0.130627
vt 0.131477 0.180745
vt 0.131876 0.211450
vt 0.131563 0.180789
vt 0.131885 0.211448
vt 0.131859 0.208501
vt 0.131592 0.180804
vt 0.131905 0.213248
vt 0.131889 0.211549
vt 0.213253 0.212319
vt 0.149234 0.227095
vt 0.212142 0.301647
vt 0.215341 0.175579
vt 0.152414 0.235169
vt 0.216629 0.211465
vt 0.167453 0.233061
vt 0.217592 0.172876
vt 0.131885 0.211470
vt 0.131566 0.180791
vt 0.131860 0.208509
vt 0.131474 0.180743
vt 0.131905 0.213262
vt 0.131889 0.211557
vt 0.847315 0.869848
vt 0.845080 0.869929
vt 0.738919 0.869846
vt 0.863960 0.869849
vt 0.738919 0.869912
vt 0.864131 0.869842
vt 0.632757 0.869929
vt 0.805605 0.869941
vt 0.861850 0.869932
vt 0.738919 0.869923
vt 0.828917 0.869948
vt 0.672233 0.869941
vt 0.780240 0.869945
vt 0.697597 0.869945
vt 0.738919 0.869927
vt 0.646238 0.808271
vt 0.706837 0.695309
vt 0.702231 0.698886
vt 0.728893 0.731592
vt 0.667936 0.724401
vt 0.728893 0.731592
vt 0.644130 0.743264
vt 0.651799 0.736790
vt 0.862036 0.808271
vt 0.757365 0.755416
vt 0.728893 0.731592
vt 0.757365 0.755416
vt 0.789183 0.759874
vt 0.722650 0.742870
vt 0.643341 0.744623
vt 0.653134 0.736590
vt 0.821001 0.755416
vt 0.754581 0.768286
vt 0.697897 0.702180
vt 0.821001 0.755416
vt 0.849472 0.731592
vt 0.757416 0.755423
vt 0.849473 0.731592
vt 0.849119 0.731888
vt 0.871529 0.695309
vt 0.870330 0.697281
vt 0.871529 0.695309
vt 0.853169 0.745736
vt 0.877476 0.800624
vt 0.876308 0.834273
vt 0.934952 0.744831
vt 0.919139 0.747635
vt 0.874374 0.713224
vt 0.863969 0.635686
vt 0.861853 0.635678
vt 0.863960 0.853709
vt 0.861934 0.620367
vt 0.861853 0.853792
vt 0.864131 0.619548
vt 0.864131 0.853702
vt 0.864131 0.635687
vt 0.738919 0.635673
vt 0.738919 0.853702
vt 0.613706 0.853702
vt 0.613707 0.635687
vt 0.738919 0.619533
vt 0.613707 0.619549
vt 0.613883 0.635686
vt 0.613890 0.853709
vt 0.615985 0.635678
vt 0.615904 0.620363
vt 0.615985 0.853792
vt 0.207425 0.861336
vt 0.227485 0.888918
vt 0.209996 0.888957
vt 0.449589 0.888424
vt 0.445305 0.604187
vt 0.157564 0.857473
vt 0.202110 0.604491
vt 0.201789 0.589016
vt 0.438488 0.604330
vt 0.157525 0.603539
vt 0.452255 0.589016
vt 0.157523 0.589016
vt 0.231806 0.902954
vt 0.211564 0.902945
vt 0.211564 0.903192
vt 0.211564 0.902946
vt 0.232716 0.901629
vt 0.228191 0.899531
vt 0.431383 0.900611
vt 0.211564 0.901738
vt 0.212038 0.899483
vt 0.433653 0.900145
vt 0.430058 0.900613
vt 0.208272 0.870232
vt 0.186376 0.632421
vt 0.842803 0.839339
vt 0.789183 0.848361
vt 0.886186 0.812075
vt 0.840072 0.774476
vt 0.917576 0.773171
vt 0.735529 0.840154
vt 0.789183 0.774751
vt 0.693152 0.811282
vt 0.933955 0.766473
vt 0.738294 0.774476
vt 0.935443 0.749643
vt 0.928369 0.760211
vt 0.927525 0.741274
vt 0.789183 0.852563
vt 0.789183 0.773048
vt 0.823785 0.768286
vt 0.855715 0.742870
vt 0.659225 0.747637
vt 0.921704 0.765290
vt 0.656660 0.765292
vt 0.703992 0.713224
vt 0.728583 0.731827
vt 0.706530 0.695568
vt 0.212450 0.214880
vt 0.212638 0.214880
vt 0.135850 0.214880
vt 0.216488 0.214880
vt 0.135857 0.214879
vt 0.216292 0.214880
vt 0.140518 0.221935
vt 0.231005 0.355728
vt 0.138744 0.199199
vt 0.213961 0.214769
vt 0.136538 0.188151
vt 0.216225 0.211539
vt 0.212862 0.211953
vt 0.212875 0.214958
vt 0.213422 0.215193
vt 0.135894 0.214893
vt 0.217310 0.215208
vt 0.135923 0.214895
vt 0.216737 0.214962
vt 0.154687 0.225409
vt 0.322168 0.178647
vt 0.159970 0.211052
vt 0.159970 0.203939
vt 0.140296 0.211052
vt 0.140297 0.203846
vt 0.134599 0.211042
vt 0.140309 0.134480
vt 0.134600 0.203809
vt 0.159968 0.135472
vt 0.134614 0.134191
vt 0.140311 0.122679
vt 0.159968 0.123824
vt 0.165667 0.211052
vt 0.165667 0.203846
vt 0.165667 0.211052
vt 0.165667 0.203944
vt 0.165662 0.135524
vt 0.165662 0.134478
vt 0.165662 0.123884
vt 0.165662 0.122676
vt 0.203615 0.132961
vt 0.203728 0.122693
vt 0.185543 0.133947
vt 0.202820 0.205337
vt 0.185429 0.123809
vt 0.186342 0.205409
vt 0.186405 0.211052
vt 0.202757 0.211052
vt 0.132854 0.284699
vt 0.132856 0.277993
vt 0.152513 0.285756
vt 0.152515 0.358098
vt 0.152513 0.279138
vt 0.132842 0.357989
vt 0.152515 0.366366
vt 0.132841 0.366366
vt 0.158207 0.285798
vt 0.158207 0.279184
vt 0.158207 0.284656
vt 0.158212 0.357985
vt 0.158207 0.277948
vt 0.158212 0.358093
vt 0.158207 0.284392
vt 0.158212 0.366366
vt 0.158207 0.277662
vt 0.158212 0.357957
vt 0.158212 0.366356
vt 0.158212 0.366366
vt 0.172304 0.366366
vt 0.172304 0.358244
vt 0.172304 0.366366
vt 0.172304 0.358357
vt 0.172304 0.358218
vt 0.172301 0.288722
vt 0.172301 0.287622
vt 0.172301 0.287367
vt 0.172301 0.279184
vt 0.172301 0.277948
vt 0.172301 0.277662
vt 0.177978 0.366366
vt 0.177978 0.358352
vt 0.196274 0.366366
vt 0.196274 0.358249
vt 0.196273 0.287675
vt 0.177975 0.288669
vt 0.196273 0.278008
vt 0.177974 0.279124
vt 0.313559 0.862402
vt 0.355046 0.862402
vt 0.313564 0.903888
vt 0.276519 0.903888
vt 0.355046 0.903888
vt 0.276519 0.862402
vt 0.347821 0.917919
vt 0.313565 0.917919
vt 0.398067 0.862402
vt 0.246487 0.903888
vt 0.347180 0.848371
vt 0.313557 0.848371
vt 0.398068 0.903888
vt 0.246487 0.862402
vt 0.393568 0.848371
vt 0.355046 0.848371
vt 0.394297 0.917919
vt 0.205081 0.903888
vt 0.442748 0.862255
vt 0.355046 0.917919
vt 0.205081 0.862402
vt 0.245157 0.917919
vt 0.440018 0.903914
vt 0.157182 0.903888
vt 0.244217 0.848371
vt 0.205082 0.917919
vt 0.428694 0.917926
vt 0.157188 0.862402
vt 0.205081 0.848371
vt 0.199771 0.917919
vt 0.398079 0.917902
vt 0.118712 0.903887
vt 0.198902 0.848371
vt 0.157181 0.917919
vt 0.118714 0.862402
vt 0.157190 0.848371
vt 0.355043 0.903725
vt 0.316274 0.903725
vt 0.355043 0.921436
vt 0.398075 0.921436
vt 0.316274 0.921436
vt 0.398075 0.903725
vt 0.282333 0.903725
vt 0.442355 0.917965
vt 0.441757 0.903725
vt 0.282333 0.921436
vt 0.250023 0.903725
vt 0.250023 0.921436
vt 0.207167 0.903725
vt 0.207167 0.921436
vt 0.169938 0.903725
vt 0.169937 0.921436
vt 0.144723 0.903725
vt 0.144719 0.921436
vt 0.107090 0.862401
vt 0.107046 0.903887
vt 0.116267 0.917917
vt 0.108227 0.917917
vt 0.151616 0.917915
vt 0.118714 0.917914
vt 0.316274 0.587932
vt 0.355043 0.587932
vt 0.316274 0.569925
vt 0.282333 0.569925
vt 0.355043 0.569925
vt 0.282333 0.587932
vt 0.398075 0.587932
vt 0.250023 0.569925
vt 0.398075 0.569925
vt 0.250023 0.587932
vt 0.439130 0.573235
vt 0.441757 0.587932
vt 0.207167 0.569925
vt 0.207167 0.587932
vt 0.169936 0.569925
vt 0.169938 0.587932
vt 0.144730 0.569925
vt 0.144723 0.587932
vt 0.398067 0.637091
vt 0.355046 0.637091
vt 0.398068 0.587438
vt 0.442845 0.637100
vt 0.355046 0.587438
vt 0.394366 0.651086
vt 0.439922 0.587314
vt 0.313559 0.637091
vt 0.355046 0.651086
vt 0.394297 0.573443
vt 0.313564 0.587438
vt 0.355046 0.573443
vt 0.276519 0.637091
vt 0.347821 0.573443
vt 0.276519 0.587438
vt 0.313565 0.573443
vt 0.246487 0.637091
vt 0.246487 0.587438
vt 0.205081 0.637091
vt 0.205081 0.587438
vt 0.157185 0.637090
vt 0.199884 0.651086
vt 0.157185 0.587438
vt 0.157185 0.651085
vt 0.118719 0.637079
vt 0.118719 0.587439
vt 0.141481 0.587932
vt 0.141531 0.569925
vt 0.135885 0.587932
vt 0.152464 0.587932
vt 0.135902 0.569925
vt 0.165845 0.587932
vt 0.319521 0.587932
vt 0.285400 0.587932
vt 0.257144 0.587932
vt 0.207936 0.587932
vt 0.180397 0.587932
vt 0.185759 0.587932
vt 0.319520 0.904503
vt 0.355043 0.904516
vt 0.285398 0.903725
vt 0.398075 0.904522
vt 0.257130 0.903725
vt 0.441757 0.904524
vt 0.207933 0.903725
vt 0.180339 0.903724
vt 0.152297 0.903725
vt 0.141554 0.903725
vt 0.165845 0.903725
vt 0.135885 0.903725
vt 0.185759 0.903725
vt 0.355045 0.919044
vt 0.314580 0.919237
vt 0.398070 0.919009
vt 0.279141 0.919505
vt 0.282822 0.633714
vt 0.247875 0.919300
vt 0.205793 0.919120
vt 0.161902 0.919221
vt 0.129694 0.919404
vt 0.122216 0.919470
vt 0.141568 0.921436
vt 0.117085 0.919515
vt 0.135878 0.921436
vt 0.355047 0.682860
vt 0.316169 0.682595
vt 0.355047 0.668968
vt 0.398063 0.682678
vt 0.316169 0.668968
vt 0.398063 0.668968
vt 0.398063 0.813716
vt 0.282322 0.668968
vt 0.441757 0.668997
vt 0.324085 0.654604
vt 0.282322 0.682985
vt 0.359434 0.654604
vt 0.355047 0.654604
vt 0.441757 0.830338
vt 0.355047 0.814601
vt 0.398063 0.654604
vt 0.398063 0.830489
vt 0.316169 0.815155
vt 0.250023 0.668968
vt 0.355047 0.830489
vt 0.282322 0.814284
vt 0.250023 0.683234
vt 0.316169 0.830489
vt 0.282322 0.830489
vt 0.207166 0.682844
vt 0.250023 0.813238
vt 0.250023 0.830489
vt 0.207166 0.668968
vt 0.207166 0.812626
vt 0.207166 0.830489
vt 0.169971 0.682058
vt 0.169971 0.813319
vt 0.169971 0.668968
vt 0.169971 0.830489
vt 0.144735 0.668968
vt 0.171719 0.654604
vt 0.207166 0.654604
vt 0.144735 0.814479
vt 0.144735 0.685123
vt 0.144735 0.830489
vt 0.141467 0.668968
vt 0.141494 0.830489
vt 0.141470 0.686177
vt 0.141491 0.814330
vt 0.135885 0.668968
vt 0.135885 0.830489
vt 0.355045 0.572318
vt 0.314580 0.572125
vt 0.398070 0.572352
vt 0.279141 0.571856
vt 0.156713 0.612833
vt 0.375390 0.731704
vt 0.276520 0.573443
vt 0.313564 0.573443
vt 0.247875 0.572062
vt 0.205794 0.572241
vt 0.161907 0.572140
vt 0.129706 0.571957
vt 0.122184 0.571889
vt 0.107025 0.573438
vt 0.118719 0.573444
vt 0.101498 0.573435
vt 0.117107 0.571842
vt 0.149102 0.219790
vt 0.190596 0.225328
vt 0.208341 0.130666
vt 0.150186 0.220711
vt 0.212169 0.130664
vt 0.215944 0.130790
vt 0.212135 0.126638
vt 0.204514 0.130668
vt 0.131921 0.126638
vt 0.215929 0.126638
vt 0.130976 0.126638
vt 0.107081 0.637067
vt 0.107023 0.587434
vt 0.101486 0.637062
vt 0.101495 0.587431
vt 0.151619 0.573443
vt 0.423163 0.919737
vt 0.104663 0.919700
vt 0.418493 0.912267
vt 0.109127 0.912113
vt 0.441776 0.901251
vt 0.434119 0.896617
vt 0.441749 0.583549
vt 0.434088 0.588164
vt 0.423129 0.565064
vt 0.418456 0.572525
vt 0.104696 0.565100
vt 0.109162 0.572678
vt 0.086384 0.583878
vt 0.093804 0.588454
vt 0.086359 0.900920
vt 0.093775 0.896325
vt 0.084418 0.898581
vt 0.084418 0.587299
vt 0.084632 0.567146
vt 0.084418 0.571119
vt 0.113043 0.562827
vt 0.418389 0.562827
vt 0.439241 0.563071
vt 0.434923 0.562827
vt 0.443805 0.589566
vt 0.443805 0.896474
vt 0.244081 0.742241
vt 0.101795 0.580851
vt 0.248806 0.731108
vt 0.259937 0.726585
vt 0.093806 0.572685
vt 0.092770 0.566756
vt 0.275940 0.742242
vt 0.425579 0.580797
vt 0.271064 0.731164
vt 0.434086 0.572518
vt 0.440004 0.571292
vt 0.259937 0.757903
vt 0.248584 0.753603
vt 0.271447 0.753693
vt 0.101746 0.903943
vt 0.259690 0.742232
vt 0.425815 0.904178
vt 0.093773 0.912105
vt 0.092736 0.918038
vt 0.434120 0.912274
vt 0.435119 0.918145
vt 0.246487 0.917919
vt 0.267163 0.917919
vt 0.276520 0.917919
vt 0.304388 0.917919
vt 0.246487 0.573443
vt 0.267163 0.573443
vt 0.205081 0.573443
vt 0.157190 0.573443
vt 0.139707 0.214917
vt 0.134974 0.213582
vt 0.197063 0.183368
vt 0.197063 0.186610
vt 0.197059 0.129481
vt 0.197059 0.126743
vt 0.204539 0.201241
vt 0.205122 0.202381
vt 0.209228 0.210417
vt 0.209553 0.211052
vt 0.085943 0.920201
vt 0.084832 0.921551
vt 0.587228 0.783773
vt 0.850373 0.738909
vt 0.857642 0.732982
vt 0.587419 0.783673
vt 0.882990 0.712315
vt 0.587247 0.783675
vt 0.303759 0.848371
vt 0.276519 0.848371
vt 0.266651 0.848371
vt 0.246487 0.848371
vt 0.150926 0.848371
vt 0.118715 0.848371
vt 0.115917 0.848371
vt 0.108388 0.848370
vt 0.206125 0.652847
vt 0.205081 0.651086
vt 0.248270 0.652860
vt 0.250023 0.654604
vt 0.246396 0.651086
vt 0.207313 0.654604
vt 0.151766 0.651083
vt 0.118719 0.651074
vt 0.246487 0.651086
vt 0.267428 0.651086
vt 0.279452 0.652865
vt 0.276519 0.651086
vt 0.314860 0.652842
vt 0.316169 0.654604
vt 0.312523 0.651086
vt 0.283199 0.654604
vt 0.313557 0.651086
vt 0.355046 0.652842
vt 0.354426 0.651086
vt 0.118422 0.651074
vt 0.131783 0.652846
vt 0.107450 0.651102
vt 0.124322 0.652838
vt 0.118684 0.652831
vt 0.144735 0.654604
vt 0.141467 0.654604
vt 0.102176 0.651116
vt 0.135885 0.654604
vt 0.131449 0.180730
vt 0.131834 0.208534
vt 0.131876 0.211585
vt 0.131899 0.213267
vt 0.172803 0.759811
vt 0.186035 0.275320
vt 0.136400 0.187038
vt 0.189187 0.284874
vt 0.231310 0.362944
vt 0.235725 0.362921
vt 0.114471 0.845926
vt 0.096152 0.897687
vt 0.114272 0.886992
vt 0.114474 0.643887
vt 0.095702 0.588028
vt 0.114269 0.599742
vt 0.267861 0.227640
vt 0.172039 0.186653
vt 0.325844 0.226877
vt 0.318451 0.177009
vt 0.166210 0.212537
vt 0.135293 0.201952
vt 0.163800 0.212424
vt 0.135231 0.202642
vt 0.137460 0.211193
vt 0.134551 0.210189
vt 0.134450 0.211052
vt 0.159052 0.132329
vt 0.179152 0.132329
vt 0.159220 0.135500
vt 0.179152 0.135500
vt 0.159802 0.146446
vt 0.199083 0.135500
vt 0.179152 0.146446
vt 0.199251 0.132329
vt 0.163247 0.149617
vt 0.198501 0.146446
vt 0.179152 0.149617
vt 0.195128 0.149617
vt 0.165662 0.122405
vt 0.210810 0.224776
vt 0.223037 0.344101
vt 0.209403 0.211052
vt 0.224712 0.360446
vt 0.138347 0.150541
vt 0.141476 0.150687
vt 0.138347 0.196877
vt 0.141476 0.196731
vt 0.155004 0.196099
vt 0.155004 0.151319
vt 0.158133 0.153106
vt 0.158133 0.151465
vt 0.158133 0.192673
vt 0.171167 0.333739
vt 0.199355 0.333447
vt 0.171167 0.349162
vt 0.199355 0.349454
vt 0.200391 0.333736
vt 0.200391 0.349165
vt 0.356472 0.563638
vt 0.441757 0.654633
vt 0.398065 0.652844
vt 0.398221 0.654604
vt 0.217455 0.175077
vt 0.217453 0.176168
vt 0.189839 0.560577
vt 0.380990 0.960445
vt 0.139121 0.726849
vt 0.379510 0.955809
vt 0.314860 0.846616
vt 0.279452 0.846593
vt 0.316169 0.844853
vt 0.283199 0.844853
vt 0.248270 0.846597
vt 0.251191 0.844853
vt 0.316718 0.844853
vt 0.355047 0.844853
vt 0.355046 0.846615
vt 0.398063 0.844853
vt 0.398065 0.846613
vt 0.373351 0.733457
vt 0.398067 0.848371
vt 0.443602 0.847749
vt 0.163593 0.846609
vt 0.131781 0.846604
vt 0.169971 0.844853
vt 0.144802 0.844853
vt 0.124333 0.846609
vt 0.141494 0.844853
vt 0.170111 0.844853
vt 0.207166 0.844853
vt 0.206125 0.846610
vt 0.250023 0.844853
vt 0.169971 0.654604
vt 0.145494 0.654604
vt 0.258011 0.654604
vt 0.282322 0.654604
vt 0.154304 0.188727
vt 0.133013 0.213603
vt 0.214395 0.171512
vt 0.234657 0.292552
vt 0.215044 0.173674
vt 0.311473 0.807779
vt 0.305065 0.807820
vt 0.302459 0.793680
vt 0.278228 0.661338
vt 0.305056 0.807865
vt 0.360907 0.807460
vt 0.901246 0.817548
vt 0.930418 0.773341
vt 0.941074 0.757228
vt 0.937268 0.762960
vt 0.942079 0.755936
vt 0.943920 0.752946
vt 0.679400 0.821004
vt 0.640832 0.762563
vt 0.641501 0.753410
vt 0.649873 0.754826
vt 0.865306 0.705545
vt 0.849683 0.731246
vt 0.141046 0.603541
vt 0.140783 0.846689
vt 0.138466 0.634503
vt 0.141571 0.603513
vt 0.138440 0.825438
vt 0.140562 0.603604
vt 0.141608 0.857010
vt 0.138428 0.634534
vt 0.141569 0.589016
vt 0.140582 0.603467
vt 0.138461 0.634503
vt 0.140783 0.846769
vt 0.138429 0.825422
vt 0.933596 0.742983
vt 0.926173 0.736870
vt 0.927497 0.741210
vt 0.797288 0.736542
vt 0.793292 0.700783
vt 0.796462 0.715553
vt 0.797286 0.725874
vt 0.794118 0.694303
vt 0.642856 0.748980
vt 0.650338 0.741185
vt 0.637076 0.752818
vt 0.634648 0.751374
vt 0.650232 0.762263
vt 0.234829 0.367910
vt 0.220245 0.149408
vt 0.141503 0.149104
vt 0.177965 0.258815
vt 0.219457 0.140052
vt 0.218725 0.126638
vt 0.217549 0.211929
vt 0.139682 0.211581
vt 0.139968 0.216249
vt 0.398068 0.573443
vt 0.438706 0.573174
vt 0.738919 0.869842
vt 0.615993 0.869932
vt 0.648921 0.869948
vt 0.828902 0.869948
vt 0.786415 0.869958
vt 0.738919 0.869931
vt 0.691428 0.869958
vt 0.648935 0.869948
vt 0.200170 0.153106
vt 0.203250 0.151322
vt 0.200170 0.192673
vt 0.200170 0.151465
vt 0.203250 0.196096
vt 0.216969 0.196734
vt 0.216969 0.150684
vt 0.165667 0.203966
vt 0.165662 0.135759
vt 0.165662 0.124155
vt 0.158207 0.279469
vt 0.158207 0.286062
vt 0.158212 0.358120
vt 0.172304 0.358384
vt 0.172301 0.288977
vt 0.172301 0.279470
vt 0.179573 0.134253
vt 0.178285 0.205432
vt 0.178183 0.211052
vt 0.131921 0.214880
vt 0.131921 0.214879
vt 0.398075 0.904609
vt 0.441757 0.904609
vt 0.355043 0.904609
vt 0.319961 0.904609
vt 0.285969 0.903725
vt 0.259384 0.903725
vt 0.208209 0.903725
vt 0.101477 0.903887
vt 0.102711 0.917917
vt 0.101481 0.862401
vt 0.102676 0.848370
vt 0.118683 0.846612
vt 0.135885 0.844853
vt 0.208209 0.587932
vt 0.259384 0.587932
vt 0.285969 0.587932
vt 0.319961 0.587932
vt 0.236778 0.824863
vt 0.238158 0.803441
vt 0.250999 0.825724
vt 0.211676 0.813737
vt 0.252295 0.804297
vt 0.212628 0.801892
vt 0.597733 0.763318
vt 0.597705 0.774626
vt 0.583359 0.763244
vt 0.612095 0.774706
vt 0.583335 0.774554
vt 0.612123 0.763398
vt 0.583683 0.612086
vt 0.626505 0.774785
vt 0.598101 0.612166
vt 0.626531 0.763477
vt 0.583712 0.598634
vt 0.640936 0.774856
vt 0.612497 0.612254
vt 0.598134 0.598715
vt 0.640957 0.763549
vt 0.612530 0.598803
vt 0.626875 0.612341
vt 0.641239 0.612419
vt 0.626905 0.598891
vt 0.641264 0.598969
vt 0.569000 0.763186
vt 0.569243 0.612023
vt 0.568982 0.774495
vt 0.554641 0.774457
vt 0.569265 0.598570
vt 0.554651 0.763147
vt 0.554785 0.611980
vt 0.554797 0.598527
vt 0.842643 0.763147
vt 0.842633 0.774457
vt 0.828299 0.763132
vt 0.828309 0.611964
vt 0.828298 0.774442
vt 0.813955 0.763143
vt 0.842777 0.611980
vt 0.813964 0.774453
vt 0.828310 0.598511
vt 0.799624 0.774487
vt 0.813839 0.611976
vt 0.842789 0.598527
vt 0.799607 0.763178
vt 0.813829 0.598523
vt 0.785273 0.774543
vt 0.799380 0.612014
vt 0.785250 0.763234
vt 0.799360 0.598561
vt 0.784938 0.612075
vt 0.784910 0.598623
vt 0.684312 0.763650
vt 0.684313 0.774956
vt 0.669853 0.763639
vt 0.698772 0.763635
vt 0.669846 0.774945
vt 0.669950 0.612518
vt 0.698780 0.774941
vt 0.655400 0.763604
vt 0.655596 0.612480
vt 0.684302 0.612530
vt 0.713224 0.763596
vt 0.669959 0.599069
vt 0.698656 0.612514
vt 0.655614 0.599031
vt 0.655385 0.774911
vt 0.684301 0.599081
vt 0.698645 0.599065
vt 0.712992 0.599022
vt 0.713011 0.612472
vt 0.727344 0.598958
vt 0.727370 0.612408
vt 0.727664 0.763538
vt 0.713240 0.774903
vt 0.727686 0.774845
vt 0.612832 0.678848
vt 0.612862 0.678861
vt 0.603130 0.678821
vt 0.612367 0.678847
vt 0.584644 0.678780
vt 0.621581 0.678872
vt 0.597965 0.678805
vt 0.612916 0.678860
vt 0.626763 0.678889
vt 0.586040 0.678773
vt 0.640043 0.678939
vt 0.639572 0.678922
vt 0.569683 0.678753
vt 0.583558 0.678767
vt 0.641154 0.678926
vt 0.569892 0.678738
vt 0.613011 0.678838
vt 0.654520 0.678979
vt 0.654972 0.678964
vt 0.557220 0.678738
vt 0.667400 0.678935
vt 0.103635 0.767478
vt 0.096487 0.722342
vt 0.121935 0.761532
vt 0.139948 0.796886
vt 0.115728 0.722342
vt 0.124381 0.808196
vt 0.103635 0.677206
vt 0.168005 0.824943
vt 0.121935 0.683152
vt 0.156695 0.840510
vt 0.124382 0.636489
vt 0.203359 0.842956
vt 0.139948 0.647798
vt 0.197412 0.861256
vt 0.156696 0.604175
vt 0.242548 0.849164
vt 0.168005 0.619741
vt 0.242548 0.868405
vt 0.197413 0.583429
vt 0.281738 0.842956
vt 0.203359 0.601727
vt 0.287684 0.861257
vt 0.242548 0.576280
vt 0.317092 0.824943
vt 0.242548 0.595520
vt 0.328402 0.840510
vt 0.287684 0.583429
vt 0.345149 0.796886
vt 0.281738 0.601727
vt 0.360716 0.808196
vt 0.307156 0.811267
vt 0.328401 0.604175
vt 0.363162 0.761532
vt 0.331473 0.786950
vt 0.317092 0.619741
vt 0.381462 0.767478
vt 0.347086 0.756308
vt 0.360715 0.636489
vt 0.369369 0.722342
vt 0.345148 0.647798
vt 0.388610 0.722342
vt 0.352465 0.722342
vt 0.331473 0.657734
vt 0.381462 0.677206
vt 0.363162 0.683152
vt 0.347086 0.688375
vt 0.307156 0.633417
vt 0.597594 0.776842
vt 0.611979 0.776894
vt 0.597933 0.687253
vt 0.583530 0.687214
vt 0.583239 0.776795
vt 0.612333 0.687296
vt 0.626396 0.776946
vt 0.626731 0.687339
vt 0.640845 0.776992
vt 0.641127 0.687377
vt 0.568911 0.776757
vt 0.569126 0.687183
vt 0.554719 0.687162
vt 0.554602 0.776732
vt 0.655320 0.777028
vt 0.655521 0.687434
vt 0.669813 0.777050
vt 0.669914 0.687453
vt 0.684316 0.777057
vt 0.684306 0.687417
vt 0.698819 0.777047
vt 0.698700 0.687451
vt 0.713310 0.777023
vt 0.713093 0.687430
vt 0.727781 0.776985
vt 0.727487 0.687371
vt 0.828295 0.776722
vt 0.842593 0.776732
vt 0.828305 0.687154
vt 0.813897 0.687160
vt 0.842711 0.687162
vt 0.813997 0.776730
vt 0.799490 0.687178
vt 0.799690 0.776752
vt 0.785086 0.687208
vt 0.785366 0.776787
vt 0.770879 0.763305
vt 0.770907 0.774613
vt 0.756520 0.774692
vt 0.756492 0.763384
vt 0.742113 0.774772
vt 0.770517 0.612153
vt 0.742087 0.763465
vt 0.756118 0.612240
vt 0.770485 0.598701
vt 0.756085 0.598789
vt 0.741737 0.612328
vt 0.741706 0.598877
vt 0.755783 0.678842
vt 0.765485 0.678815
vt 0.755753 0.678857
vt 0.747033 0.678866
vt 0.783973 0.678776
vt 0.728571 0.678934
vt 0.755700 0.678858
vt 0.798934 0.678751
vt 0.713642 0.678962
vt 0.901166 0.678858
vt 0.836316 0.678751
vt 0.901002 0.678838
vt 0.964251 0.678962
vt 0.845211 0.678738
vt 0.955391 0.678935
vt 0.756636 0.776885
vt 0.771016 0.776833
vt 0.756282 0.687289
vt 0.741884 0.687332
vt 0.770683 0.687246
vt 0.742224 0.776937
vt 0.141735 0.878461
vt 0.140864 0.886815
vt 0.127365 0.878388
vt 0.128195 0.886751
vt 0.142563 0.886824
vt 0.155253 0.886894
vt 0.156124 0.878541
vt 0.156954 0.886903
vt 0.169664 0.886973
vt 0.170535 0.878620
vt 0.171368 0.886981
vt 0.184097 0.887044
vt 0.184966 0.878690
vt 0.126498 0.886743
vt 0.113012 0.878330
vt 0.113845 0.886692
vt 0.112150 0.886686
vt 0.098671 0.878292
vt 0.099509 0.886652
vt 0.185803 0.887051
vt 0.198549 0.887100
vt 0.199414 0.878746
vt 0.200257 0.887105
vt 0.213015 0.887135
vt 0.213875 0.878780
vt 0.214724 0.887138
vt 0.227487 0.887147
vt 0.228343 0.878791
vt 0.229199 0.887147
vt 0.241962 0.887134
vt 0.242810 0.878776
vt 0.243672 0.887131
vt 0.256427 0.887097
vt 0.257269 0.878738
vt 0.258136 0.887092
vt 0.270879 0.887040
vt 0.271715 0.878680
vt 0.386662 0.878292
vt 0.385808 0.886649
vt 0.372328 0.878277
vt 0.373173 0.886636
vt 0.371482 0.886636
vt 0.357993 0.878288
vt 0.358847 0.886645
vt 0.357154 0.886648
vt 0.343654 0.878322
vt 0.344514 0.886678
vt 0.342820 0.886684
vt 0.329303 0.878377
vt 0.330169 0.886732
vt 0.328473 0.886740
vt 0.314936 0.878448
vt 0.315806 0.886802
vt 0.314107 0.886811
vt 0.300550 0.878527
vt 0.301422 0.886880
vt 0.299720 0.886890
vt 0.286143 0.878607
vt 0.287014 0.886960
vt 0.285311 0.886969
vt 0.272585 0.887033
vt 0.132632 0.722342
vt 0.138011 0.688375
vt 0.138011 0.756308
vt 0.153624 0.657734
vt 0.153624 0.786950
vt 0.177941 0.633417
vt 0.177941 0.811267
vt 0.208583 0.826880
vt 0.242548 0.832260
vt 0.276515 0.826880
vt 0.208583 0.617804
vt 0.242548 0.612424
vt 0.276515 0.617804
vt 0.655540 0.678983
vt 0.669410 0.679001
vt 0.684302 0.678965
vt 0.569146 0.678736
vt 0.555044 0.678716
vt 0.540315 0.678708
vt 0.972293 0.678965
vt 0.986680 0.678999
vt 0.828305 0.678708
vt 0.813888 0.678713
vt 0.799472 0.678732
vt 0.770651 0.678798
vt 0.756249 0.678840
vt 0.783476 0.678765
vt 0.741851 0.678882
vt 0.729939 0.678914
vt 0.785059 0.678761
vt 0.798725 0.678733
vt 0.727459 0.678920
vt 0.714093 0.678975
vt 0.713073 0.678979
vt 0.699202 0.678998
vt 0.120693 0.201401
vt 0.120687 0.204205
vt 0.106244 0.201337
vt 0.106240 0.204141
vt 0.135109 0.204286
vt 0.135116 0.201482
vt 0.091775 0.201294
vt 0.091772 0.204098
vt 0.149505 0.204374
vt 0.149512 0.201571
vt 0.163880 0.204462
vt 0.163886 0.201658
vt 0.178239 0.204541
vt 0.178245 0.201737
vt 0.192589 0.204602
vt 0.192593 0.201799
vt 0.206934 0.204640
vt 0.206935 0.201837
vt 0.221276 0.204652
vt 0.221276 0.201849
vt 0.235618 0.201833
vt 0.235620 0.204636
vt 0.249967 0.204594
vt 0.249963 0.201790
vt 0.264313 0.201725
vt 0.264319 0.204529
vt 0.278681 0.204448
vt 0.278675 0.201645
vt 0.293053 0.201556
vt 0.293060 0.204360
vt 0.307453 0.201468
vt 0.307460 0.204272
vt 0.321879 0.201390
vt 0.321885 0.204194
vt 0.336331 0.201328
vt 0.336335 0.204132
vt 0.350802 0.201290
vt 0.350804 0.204094
vt 0.365285 0.201278
vt 0.365285 0.204082
vt 0.379764 0.204098
vt 0.379766 0.201294
vt 0.945710 0.126891
vt 0.901420 0.076298
vt 0.939776 0.101595
vt 0.879275 0.083076
vt 0.923565 0.083076
vt 0.939776 0.152187
vt 0.923565 0.170704
vt 0.863064 0.101595
vt 0.857130 0.126891
vt 0.901420 0.177482
vt 0.879275 0.170704
vt 0.863064 0.152187
vt 0.877120 0.126326
vt 0.872481 0.121027
vt 0.870782 0.113788
vt 0.906899 0.095730
vt 0.908597 0.088491
vt 0.913236 0.083191
vt 0.980762 0.108832
vt 0.936472 0.058240
vt 0.974828 0.083536
vt 0.914328 0.065018
vt 0.958617 0.065018
vt 0.974828 0.134128
vt 0.958617 0.152646
vt 0.898116 0.083536
vt 0.892183 0.108832
vt 0.936472 0.159424
vt 0.914328 0.152646
vt 0.898116 0.134128
vt 0.841379 0.099240
vt 0.900760 0.039859
vt 0.849334 0.069550
vt 0.930451 0.047815
vt 0.871069 0.047815
vt 0.849334 0.128931
vt 0.871069 0.150666
vt 0.952186 0.069550
vt 0.960141 0.099240
vt 0.900760 0.158621
vt 0.930451 0.150666
vt 0.952186 0.128931
vt 0.168754 0.819908
vt 0.176833 0.819959
vt 0.168754 0.814368
vt 0.176833 0.825342
vt 0.176833 0.814400
vt 0.168754 0.825282
vt 0.168754 0.813043
vt 0.176833 0.830111
vt 0.176833 0.812338
vt 0.168754 0.830049
vt 0.168754 0.809143
vt 0.176833 0.834711
vt 0.176833 0.809160
vt 0.168754 0.834668
vt 0.176833 0.802900
vt 0.168754 0.802900
vt 0.170322 0.838593
vt 0.168812 0.837608
vt 0.176961 0.838284
vt 0.210927 0.819312
vt 0.210928 0.814613
vt 0.210991 0.819908
vt 0.210991 0.825282
vt 0.210991 0.814368
vt 0.210928 0.824525
vt 0.210927 0.813321
vt 0.210991 0.830049
vt 0.210991 0.813037
vt 0.210911 0.828926
vt 0.210928 0.808949
vt 0.210930 0.829715
vt 0.210991 0.809143
vt 0.210991 0.834668
vt 0.210927 0.802900
vt 0.210932 0.834247
vt 0.210991 0.802900
vt 0.208390 0.763178
vt 0.210939 0.834769
vt 0.210896 0.796551
vt 0.210896 0.796488
vt 0.168818 0.814613
vt 0.168818 0.813321
vt 0.168818 0.819312
vt 0.168817 0.808949
vt 0.168817 0.824526
vt 0.168819 0.802900
vt 0.168817 0.828842
vt 0.168815 0.829713
vt 0.168849 0.796551
vt 0.168849 0.796488
vt 0.168813 0.834247
vt 0.168076 0.786026
vt 0.101044 0.202958
vt 0.110689 0.355964
vt 0.110888 0.374319
vt 0.102003 0.201796
vt 0.101503 0.202959
vt 0.101521 0.202959
vt 0.101660 0.176089
vt 0.101646 0.175987
vt 0.102039 0.113721
vt 0.101302 0.173414
vt 0.102041 0.113627
vt 0.102009 0.113485
vt 0.404688 0.356886
vt 0.381078 0.227683
vt 0.380019 0.175987
vt 0.380006 0.176089
vt 0.379655 0.113341
vt 0.380145 0.202959
vt 0.379626 0.113696
vt 0.379624 0.113600
vt 0.819430 0.927847
vt 0.890968 0.887081
vt 0.820702 0.927390
vt 0.750486 0.937580
vt 0.891093 0.886966
vt 0.750488 0.937579
vt 0.939899 0.821881
vt 0.940026 0.820285
vt 0.681544 0.927847
vt 0.680272 0.927390
vt 0.610006 0.887081
vt 0.609881 0.886966
vt 0.561075 0.821881
vt 0.560948 0.820285
vt 0.815620 0.913698
vt 0.793752 0.826798
vt 0.883407 0.875290
vt 0.750487 0.922719
vt 0.833770 0.797523
vt 0.750487 0.832441
vt 0.920852 0.823748
vt 0.707222 0.826798
vt 0.918228 0.805134
vt 0.858049 0.763815
vt 0.685354 0.913698
vt 0.617567 0.875290
vt 0.667204 0.797523
vt 0.580122 0.823747
vt 0.582747 0.805134
vt 0.642925 0.763815
vt 0.890353 0.722174
vt 0.946005 0.730192
vt 0.946005 0.710423
vt 0.889790 0.925813
vt 0.821407 0.722175
vt 0.946005 0.925673
vt 0.820987 0.925812
vt 0.853400 0.933804
vt 0.745543 0.722169
vt 0.820971 0.933804
vt 0.745543 0.925720
vt 0.670098 0.925812
vt 0.669679 0.722175
vt 0.601295 0.925813
vt 0.600732 0.722174
vt 0.545080 0.730192
vt 0.545080 0.710423
vt 0.545081 0.925673
vt 0.185629 0.098404
vt 0.148438 0.098404
vt 0.185349 0.098404
vt 0.186161 0.098404
vt 0.148431 0.098404
vt 0.187828 0.098404
vt 0.147914 0.098404
vt 0.162695 0.098404
vt 0.171074 0.098404
vt 0.188109 0.098404
vt 0.145958 0.098404
vt 0.145951 0.098404
vt 0.946011 0.925673
vt 0.946011 0.932086
vt 0.946027 0.730198
vt 0.946005 0.933804
vt 0.792120 0.694368
vt 0.784388 0.699648
vt 0.755585 0.694368
vt 0.755409 0.687148
vt 0.792296 0.687148
vt 0.763318 0.699648
vt 0.758797 0.699603
vt 0.773853 0.702692
vt 0.753062 0.694387
vt 0.379589 0.107713
vt 0.379589 0.107713
vt 0.379657 0.113367
vt 0.379588 0.107713
vt 0.379588 0.107713
vt 0.188109 0.100813
vt 0.187828 0.100813
vt 0.188109 0.131857
vt 0.186161 0.132365
vt 0.187824 0.131854
vt 0.186161 0.100305
vt 0.159432 0.280218
vt 0.159437 0.313355
vt 0.222890 0.280218
vt 0.155167 0.280218
vt 0.223380 0.313355
vt 0.155173 0.313355
vt 0.159265 0.313355
vt 0.821790 0.791880
vt 0.821787 0.825017
vt 0.758355 0.791880
vt 0.758359 0.825017
vt 0.754096 0.825017
vt 0.822686 0.826104
vt 0.754093 0.791880
vt 0.757459 0.826104
vt 0.756499 0.825017
vt 0.204349 0.151421
vt 0.204348 0.151508
vt 0.204301 0.141680
vt 0.201925 0.150284
vt 0.204305 0.142764
vt 0.201871 0.141634
vt 0.204283 0.138104
vt 0.194329 0.150469
vt 0.201849 0.138159
vt 0.205135 0.140660
vt 0.193617 0.142896
vt 0.196855 0.151620
vt 0.204217 0.125001
vt 0.203407 0.152826
vt 0.199516 0.151613
vt 0.201763 0.124526
vt 0.201702 0.163750
vt 0.204479 0.124159
vt 0.169925 0.126515
vt 0.201760 0.163929
vt 0.201670 0.109624
vt 0.204143 0.110157
vt 0.201767 0.163952
vt 0.204290 0.109690
vt 0.169931 0.139204
vt 0.203306 0.153947
vt 0.204690 0.140247
vt 0.204125 0.105696
vt 0.169931 0.110429
vt 0.201646 0.105697
vt 0.204237 0.105696
vt 0.138086 0.128503
vt 0.169936 0.105697
vt 0.138192 0.111234
vt 0.138226 0.105697
vt 0.191702 0.144700
vt 0.191822 0.144768
vt 0.192001 0.151517
vt 0.192020 0.151486
vt 0.194438 0.151627
vt 0.193186 0.152242
vt 0.191648 0.143464
vt 0.201878 0.152707
vt 0.201879 0.152756
vt 0.194532 0.152727
vt 0.196960 0.151469
vt 0.199591 0.151462
vt 0.194531 0.152776
vt 0.111843 0.107714
vt 0.155282 0.107714
vt 0.111781 0.113460
vt 0.155259 0.113575
vt 0.102077 0.107713
vt 0.102077 0.107713
vt 0.102077 0.107713
vt 0.545058 0.730198
vt 0.545074 0.925672
vt 0.545074 0.932086
vt 0.545080 0.933804
vt 0.240833 0.113613
vt 0.240833 0.107713
vt 0.112089 0.113627
vt 0.369544 0.107713
vt 0.112122 0.107713
vt 0.369577 0.113600
vt 0.145960 0.131857
vt 0.145956 0.131854
vt 0.145958 0.100813
vt 0.147914 0.100304
vt 0.145951 0.100813
vt 0.147916 0.132366
vt 0.145956 0.134264
vt 0.145951 0.098404
vt 0.145998 0.098404
vt 0.143608 0.171134
vt 0.143614 0.170340
vt 0.143569 0.179223
vt 0.145997 0.178088
vt 0.143571 0.179084
vt 0.146041 0.170929
vt 0.143625 0.167948
vt 0.140396 0.185369
vt 0.146060 0.167826
vt 0.143681 0.156655
vt 0.140503 0.187492
vt 0.146132 0.156080
vt 0.140235 0.188973
vt 0.143213 0.152136
vt 0.142733 0.171470
vt 0.155910 0.179094
vt 0.155892 0.179053
vt 0.156171 0.172279
vt 0.156084 0.172344
vt 0.153382 0.180303
vt 0.153382 0.180353
vt 0.146046 0.180283
vt 0.148337 0.179038
vt 0.150948 0.179045
vt 0.146044 0.180333
vt 0.148412 0.179189
vt 0.151046 0.179196
vt 0.111735 0.176089
vt 0.111606 0.202959
vt 0.240833 0.176089
vt 0.240833 0.202959
vt 0.369931 0.176089
vt 0.370060 0.202959
vt 0.369823 0.107714
vt 0.369884 0.113367
vt 0.326384 0.107714
vt 0.326406 0.113354
vt 0.202910 0.838284
vt 0.209549 0.838593
vt 0.202912 0.834711
vt 0.211026 0.837609
vt 0.202912 0.830111
vt 0.202912 0.825342
vt 0.202912 0.819959
vt 0.202912 0.814400
vt 0.202912 0.812209
vt 0.202912 0.809160
vt 0.202912 0.802900
vt 0.202912 0.825342
vt 0.202912 0.812245
vt 0.202912 0.830111
vt 0.202873 0.838284
vt 0.202876 0.838284
vt 0.176994 0.838284
vt 0.176833 0.834711
vt 0.176833 0.830111
vt 0.176833 0.812209
vt 0.176998 0.838284
vt 0.155558 0.181872
vt 0.153923 0.189939
vt 0.153456 0.178933
vt 0.153468 0.179203
vt 0.154726 0.179818
vt 0.153381 0.177164
vt 0.177978 0.166781
vt 0.177522 0.173818
vt 0.177971 0.154091
vt 0.201664 0.170472
vt 0.209895 0.165735
vt 0.135635 0.129078
vt 0.135727 0.110558
vt 0.135167 0.124560
vt 0.135520 0.110333
vt 0.135752 0.105697
vt 0.135635 0.105696
vt 0.176662 0.181213
vt 0.156286 0.190226
vt 0.197039 0.172199
vt 0.201931 0.099583
vt 0.223765 0.099583
vt 0.202517 0.104605
vt 0.223757 0.104620
vt 0.207042 0.143406
vt 0.223695 0.143080
vt 0.145571 0.172192
vt 0.153481 0.172327
vt 0.145853 0.177797
vt 0.143501 0.179143
vt 0.153389 0.177838
vt 0.143029 0.170937
vt 0.145916 0.179032
vt 0.144866 0.179581
vt 0.167398 0.741821
vt 0.168849 0.833990
vt 0.135590 0.109885
vt 0.134820 0.129786
vt 0.135467 0.122738
vt 0.134358 0.128308
vt 0.135630 0.105696
vt 0.136062 0.133752
vt 0.144593 0.224407
vt 0.146304 0.133156
vt 0.148034 0.217877
vt 0.137809 0.139333
vt 0.149246 0.133156
vt 0.146272 0.137019
vt 0.190843 0.133156
vt 0.190860 0.131598
vt 0.193567 0.133156
vt 0.193485 0.128042
vt 0.201499 0.126213
vt 0.210802 0.224456
vt 0.202063 0.139333
vt 0.193600 0.137019
vt 0.200997 0.114544
vt 0.200851 0.111156
vt 0.220040 0.092593
vt 0.170396 0.833990
vt 0.168849 0.832534
vt 0.170396 0.829527
vt 0.209349 0.833990
vt 0.168849 0.829527
vt 0.188389 0.838616
vt 0.209349 0.829527
vt 0.170298 0.838591
vt 0.191451 0.838620
vt 0.209541 0.838645
vt 0.209323 0.828341
vt 0.170395 0.828232
vt 0.168849 0.828228
vt 0.170396 0.824146
vt 0.209349 0.824146
vt 0.168849 0.824131
vt 0.168849 0.819026
vt 0.168849 0.828214
vt 0.168849 0.818391
vt 0.170396 0.819026
vt 0.170396 0.814735
vt 0.168849 0.814735
vt 0.170395 0.812821
vt 0.168849 0.808852
vt 0.168849 0.802900
vt 0.168849 0.812818
vt 0.168849 0.798477
vt 0.204413 0.123671
vt 0.204563 0.139333
vt 0.204280 0.109740
vt 0.204242 0.105696
vt 0.210896 0.832538
vt 0.210896 0.829527
vt 0.210870 0.828345
vt 0.210875 0.827490
vt 0.210896 0.823298
vt 0.209349 0.819026
vt 0.210896 0.818395
vt 0.209349 0.814735
vt 0.210896 0.814735
vt 0.209349 0.812821
vt 0.210896 0.812641
vt 0.209349 0.808852
vt 0.210896 0.808852
vt 0.209349 0.802900
vt 0.210896 0.802900
vt 0.209349 0.798451
vt 0.210896 0.796582
vt 0.209378 0.796582
vt 0.171146 0.796582
vt 0.946012 0.722070
vt 0.946040 0.723788
vt 0.946039 0.730202
vt 0.946039 0.730201
vt 0.861386 0.749087
vt 0.903275 0.778641
vt 0.855272 0.744774
vt 0.855443 0.744894
vt 0.935231 0.800264
vt 0.922187 0.792232
vt 0.937096 0.804310
vt 0.928227 0.799544
vt 0.937221 0.801428
vt 0.826419 0.786007
vt 0.790158 0.812553
vt 0.750487 0.817579
vt 0.710806 0.812552
vt 0.674555 0.786007
vt 0.645702 0.744774
vt 0.563753 0.801428
vt 0.204889 0.143360
vt 0.204417 0.151567
vt 0.202353 0.144616
vt 0.202324 0.143404
vt 0.202070 0.150221
vt 0.194431 0.144751
vt 0.191836 0.143583
vt 0.192026 0.151477
vt 0.191865 0.144790
vt 0.194523 0.150262
vt 0.745746 0.645126
vt 0.747679 0.647325
vt 0.777039 0.727821
vt 0.779533 0.728485
vt 0.768576 0.730134
vt 0.766057 0.732169
vt 0.766068 0.731006
vt 0.565743 0.800264
vt 0.563879 0.804309
vt 0.578787 0.792232
vt 0.572829 0.799495
vt 0.147488 0.131989
vt 0.144181 0.130591
vt 0.147480 0.127159
vt 0.168647 0.132072
vt 0.144174 0.126877
vt 0.169200 0.127159
vt 0.164270 0.170933
vt 0.189599 0.132127
vt 0.157690 0.173952
vt 0.189589 0.127159
vt 0.189679 0.170958
vt 0.209978 0.127159
vt 0.164703 0.187067
vt 0.161090 0.177012
vt 0.210564 0.132182
vt 0.189646 0.187067
vt 0.215089 0.170982
vt 0.214589 0.187067
vt 0.161448 0.187067
vt 0.161448 0.187067
vt 0.156053 0.172368
vt 0.892652 0.884769
vt 0.930191 0.833466
vt 0.938360 0.822302
vt 0.943628 0.815262
vt 0.888604 0.888434
vt 0.820894 0.926966
vt 0.681786 0.927880
vt 0.612370 0.888434
vt 0.680081 0.926966
vt 0.570784 0.833466
vt 0.608322 0.884769
vt 0.822618 0.926338
vt 0.890489 0.887303
vt 0.831951 0.921006
vt 0.889577 0.887824
vt 0.750486 0.935556
vt 0.821861 0.924412
vt 0.750487 0.922255
vt 0.827306 0.908829
vt 0.679113 0.924410
vt 0.673669 0.908829
vt 0.611397 0.887824
vt 0.610485 0.887303
vt 0.669023 0.921006
vt 0.678355 0.926338
vt 0.946680 0.811225
vt 0.947240 0.812081
vt 0.943824 0.816893
vt 0.947332 0.812223
vt 0.561899 0.810651
vt 0.571974 0.812531
vt 0.554294 0.811225
vt 0.553734 0.812081
vt 0.557403 0.817228
vt 0.553642 0.812223
vt 0.144108 0.161329
vt 0.145855 0.166909
vt 0.143514 0.150314
vt 0.143347 0.167781
vt 0.160199 0.261725
vt 0.385183 0.261697
vt 0.160197 0.312716
vt 0.385181 0.312724
vt 0.769104 0.848445
vt 0.810926 0.820814
vt 0.829574 0.603066
vt 0.863876 0.793494
vt 0.863574 0.793892
vt 0.774336 0.820807
vt 0.891794 0.603066
vt 0.679562 0.645773
vt 0.833897 0.716613
vt 0.255067 0.120169
vt 0.364266 0.328850
vt 0.251152 0.328851
vt 0.153616 0.143320
vt 0.142867 0.157362
vt 0.814470 0.763128
vt 0.813743 0.764304
vt 0.749855 0.763131
vt 0.750308 0.764304
vt 0.170395 0.808852
vt 0.170396 0.802900
vt 0.170396 0.798451
vt 0.161951 0.406457
vt 0.163325 0.406457
vt 0.161951 0.406807
vt 0.163325 0.406807
vt 0.180652 0.856119
vt 0.152910 0.856119
vt 0.152910 0.712715
vt 0.296314 0.712715
vt 0.269364 0.856119
vt 0.296314 0.856119
vt 0.215797 0.652103
vt 0.359200 0.652103
vt 0.215797 0.795506
vt 0.359200 0.795506
vt 0.211078 0.838662
vt 0.210896 0.833990
vt 0.185628 0.134266
vt 0.148440 0.134266
vt 0.788908 0.699603
vt 0.794664 0.694368
vt 0.766725 0.702769
vt 0.773853 0.703100
vt 0.780981 0.702769
vt 0.762609 0.826396
vt 0.760118 0.826396
vt 0.759066 0.826396
vt 0.758360 0.826396
vt 0.187823 0.098404
vt 0.187817 0.134260
vt 0.187823 0.134264
vt 0.187829 0.098404
vt 0.218058 0.251652
vt 0.148673 0.251460
vt 0.214843 0.252642
vt 0.151385 0.252642
vt 0.188108 0.134266
vt 0.188108 0.132905
vt 0.155684 0.280218
vt 0.946014 0.925672
vt 0.946012 0.925672
vt 0.756639 0.791880
vt 0.754091 0.791880
vt 0.904815 0.868737
vt 0.937473 0.825334
vt 0.891113 0.886948
vt 0.826986 0.923821
vt 0.820903 0.927318
vt 0.752076 0.937349
vt 0.748868 0.937344
vt 0.680071 0.927318
vt 0.673957 0.923802
vt 0.609862 0.886948
vt 0.596160 0.868737
vt 0.563501 0.825333
vt 0.144692 0.179802
vt 0.146044 0.180347
vt 0.145990 0.179183
vt 0.143563 0.180326
vt 0.143565 0.180276
vt 0.155862 0.180359
vt 0.155862 0.180310
vt 0.154729 0.179730
vt 0.153382 0.180288
vt 0.153369 0.179052
vt 0.192057 0.152783
vt 0.192056 0.152734
vt 0.193213 0.152141
vt 0.194544 0.151476
vt 0.194532 0.152712
vt 0.277046 0.214089
vt 0.274568 0.215330
vt 0.269500 0.214130
vt 0.277330 0.208485
vt 0.271936 0.215338
vt 0.269407 0.208619
vt 0.279394 0.215435
vt 0.278031 0.215873
vt 0.276984 0.215324
vt 0.276856 0.216639
vt 0.278230 0.216106
vt 0.274493 0.215482
vt 0.276909 0.215475
vt 0.279325 0.215290
vt 0.279331 0.216618
vt 0.279324 0.215377
vt 0.279330 0.216569
vt 0.111140 0.172801
vt 0.155035 0.170522
vt 0.102008 0.113476
vt 0.101288 0.173312
vt 0.380371 0.172804
vt 0.326630 0.170522
vt 0.370526 0.172801
s 1
g GUI_Map_DayCareBack1_GUI_Map_DayCareBack3:GUI_Map_DayCareBack1_GUI_Map_DayCareBack3:GUI_Map_DayCareBack1
usemtl GUI_Map_DayCareBack3:GUI_Map_DayCareBack1
f 1/1/1 2/2/2 3/3/2
f 4/4/3 5/5/4 6/6/4
f 7/7/2 8/3/2 9/2/2
f 10/8/5 11/9/6 12/10/7
f 13/11/5 14/12/5 15/13/5
f 16/14/8 17/14/9 18/14/10
f 19/15/11 20/16/11 21/17/11
f 22/18/11 23/19/11 24/18/11
f 25/20/12 26/21/12 27/22/12
f 28/23/13 29/24/14 30/25/12
f 31/26/15 32/27/16 33/28/17
f 34/29/18 35/30/17 36/31/19
f 37/32/20 38/33/21 39/34/22
f 40/35/23 41/36/24 42/37/25
f 43/38/26 44/39/12 45/40/27
f 46/26/18 47/28/17 48/41/17
f 49/42/28 50/43/28 51/44/28
f 52/45/29 53/46/26 54/47/22
f 55/46/30 56/48/31 57/47/31
f 58/49/32 59/50/33 60/51/32
f 61/52/32 58/49/32 60/51/32
f 60/51/32 59/50/33 62/53/33
f 63/54/34 58/49/32 61/52/32
f 59/50/33 64/55/33 62/53/33
f 63/54/34 61/52/32 65/56/35
f 65/56/35 61/52/32 66/57/35
f 62/53/33 64/55/33 67/58/33
f 64/55/33 68/59/33 67/58/33
f 67/58/33 68/59/33 69/60/33
f 69/60/33 68/59/33 70/61/33
f 70/61/33 68/59/33 71/62/33
f 70/61/33 71/62/33 72/63/33
f 72/63/33 71/62/33 73/64/33
f 73/64/33 74/65/33 72/63/33
f 75/66/33 74/65/33 73/64/33
f 75/66/33 76/67/36 74/65/33
f 77/68/37 76/67/36 75/66/33
f 78/69/38 79/70/38 80/71/39
f 79/70/38 78/69/38 81/72/40
f 80/71/39 79/70/38 82/73/41
f 81/72/40 78/69/38 83/74/40
f 80/71/39 82/73/41 84/75/39
f 81/72/40 83/74/40 85/76/40
f 83/74/40 78/69/38 86/77/42
f 84/75/39 87/78/43 80/71/39
f 84/75/39 82/73/41 88/79/44
f 85/76/40 83/74/40 89/80/40
f 90/81/45 83/74/40 86/77/42
f 80/71/39 87/78/43 91/82/46
f 88/79/44 92/83/47 84/75/39
f 89/80/40 83/74/40 90/81/45
f 78/69/38 80/71/39 93/84/48
f 93/84/48 80/71/39 91/82/46
f 86/77/42 78/69/38 93/84/48
f 84/75/39 92/83/47 94/85/35
f 85/76/40 89/80/40 95/86/49
f 84/75/39 94/85/35 96/87/46
f 97/56/35 94/85/35 92/83/47
f 95/86/49 89/80/40 98/88/49
f 96/87/46 94/85/35 99/89/43
f 100/57/50 94/85/35 97/56/35
f 98/88/49 101/90/51 95/86/49
f 95/86/49 101/90/51 102/91/51
f 103/92/52 104/93/52 105/94/52
f 105/94/52 104/93/52 106/95/53
f 104/93/52 107/96/54 106/95/53
f 108/97/54 107/96/54 104/93/52
f 109/98/55 107/96/54 108/97/54
f 110/99/55 107/96/54 109/98/55
f 111/91/56 110/99/55 109/98/55
f 112/90/56 110/99/55 111/91/56
f 113/100/12 114/101/12 115/102/12
f 116/103/57 113/100/12 115/102/12
f 115/102/12 114/101/12 117/104/12
f 118/105/42 113/100/12 116/103/57
f 117/104/12 119/106/58 115/102/12
f 114/101/12 120/89/46 117/104/12
f 121/107/12 118/105/42 116/103/57
f 113/100/12 118/105/42 122/108/59
f 119/106/58 123/109/58 115/102/12
f 117/104/12 120/89/46 124/110/60
f 115/102/12 123/109/58 116/103/57
f 125/111/12 118/105/42 121/107/12
f 124/110/60 126/112/61 117/104/12
f 114/101/12 127/87/46 120/89/46
f 118/105/42 125/111/12 128/113/62
f 122/108/59 118/105/42 128/113/62
f 117/104/12 126/112/61 129/114/58
f 129/114/58 119/106/58 117/104/12
f 130/115/46 127/87/46 114/101/12
f 130/115/46 113/100/12 122/108/59
f 128/113/62 125/111/12 131/116/45
f 121/107/12 132/117/12 125/111/12
f 114/101/12 113/100/12 130/115/46
f 125/111/12 133/118/63 131/116/45
f 132/117/12 133/118/63 125/111/12
f 134/119/12 132/117/12 121/107/12
f 132/117/12 135/120/64 133/118/63
f 132/117/12 134/119/12 136/121/12
f 136/121/12 135/120/64 132/117/12
f 121/107/12 137/122/58 134/119/12
f 136/121/12 134/119/12 138/123/12
f 136/121/12 139/124/65 135/120/64
f 116/103/57 137/122/58 121/107/12
f 134/119/12 137/122/58 140/125/58
f 134/119/12 140/125/58 138/123/12
f 136/121/12 138/123/12 141/126/66
f 141/126/66 139/124/65 136/121/12
f 123/109/58 137/122/58 116/103/57
f 138/123/12 140/125/58 142/127/58
f 141/126/66 138/123/12 143/128/67
f 141/126/66 144/129/68 139/124/65
f 142/127/58 143/128/67 138/123/12
f 143/128/67 145/130/68 141/126/66
f 145/130/68 144/129/68 141/126/66
f 146/131/67 143/128/67 142/127/58
f 147/132/69 145/130/68 143/128/67
f 146/131/67 148/133/67 143/128/67
f 143/128/67 148/133/67 147/132/69
f 148/133/67 149/134/70 147/132/69
f 147/132/69 149/134/70 150/135/52
f 149/134/33 151/136/71 152/65/33
f 152/65/33 151/136/71 153/137/71
f 152/65/33 153/137/71 154/63/37
f 154/63/37 153/137/71 155/138/72
f 155/138/72 156/61/37 154/63/37
f 157/139/72 156/61/37 155/138/72
f 158/95/73 159/140/67 150/135/73
f 157/139/72 160/60/37 156/61/37
f 161/141/68 159/140/67 158/95/73
f 162/142/72 160/60/37 157/139/72
f 162/142/72 163/143/72 160/60/37
f 160/60/37 163/143/72 164/58/37
f 163/143/72 165/144/72 164/58/37
f 164/58/37 165/144/72 166/53/37
f 165/144/72 167/145/72 166/53/37
f 168/96/74 169/146/75 158/95/73
f 166/53/37 167/145/72 170/51/36
f 171/147/68 169/146/75 168/96/74
f 167/145/72 172/148/76 170/51/36
f 170/51/36 172/148/76 173/52/33
f 168/96/77 174/99/78 175/149/68
f 175/149/68 174/99/78 176/150/79
f 176/150/79 174/99/78 177/151/80
f 177/151/80 174/99/78 178/90/51
f 177/151/80 178/90/51 179/152/81
f 179/152/81 178/90/51 180/88/82
f 181/153/76 182/154/61 173/52/83
f 180/88/82 183/155/45 179/152/81
f 184/80/84 183/155/45 180/88/82
f 173/52/83 182/154/61 185/57/35
f 186/156/46 185/57/35 182/154/61
f 187/85/35 185/57/35 186/156/46
f 188/68/32 189/92/52 190/67/32
f 190/67/32 189/92/52 191/94/52
f 192/157/85 193/158/86 194/159/87
f 194/159/87 193/158/86 195/160/88
f 196/161/89 192/157/85 197/162/90
f 197/162/90 192/157/85 198/163/87
f 193/158/86 199/164/91 200/165/88
f 200/165/88 199/164/91 201/166/92
f 199/164/91 202/167/93 203/168/92
f 203/168/92 202/167/93 204/169/94
f 205/170/93 206/171/95 207/172/94
f 207/172/94 206/171/95 208/173/96
f 206/171/95 209/174/97 210/175/98
f 210/175/98 209/174/97 211/176/99
f 209/174/97 212/177/100 213/178/101
f 213/178/101 212/177/100 214/179/102
f 215/177/103 216/180/104 217/181/102
f 217/181/102 216/180/104 218/182/105
f 216/180/106 219/183/107 220/184/108
f 220/184/108 219/183/107 221/185/109
f 219/183/110 222/186/111 223/187/109
f 223/187/109 222/186/111 224/188/112
f 222/186/111 225/189/113 226/190/112
f 226/190/112 225/189/113 227/191/114
f 225/189/113 228/192/115 229/193/114
f 229/193/114 228/192/115 230/194/116
f 228/192/117 231/195/118 232/196/116
f 232/196/116 231/195/118 233/197/119
f 231/195/120 234/161/121 235/198/122
f 235/198/122 234/161/121 236/199/123
f 237/200/124 238/201/125 239/202/126
f 240/203/127 237/200/124 239/202/126
f 239/202/126 238/201/125 241/204/128
f 242/205/129 237/200/124 240/203/127
f 238/201/125 243/206/130 241/204/128
f 244/207/131 242/205/129 240/203/127
f 241/204/128 243/206/130 245/208/132
f 246/209/133 242/205/129 244/207/131
f 243/206/130 247/210/134 245/208/132
f 248/211/135 246/209/133 244/207/131
f 249/212/136 246/209/133 248/211/135
f 245/208/132 247/210/134 250/213/137
f 247/210/134 251/214/138 250/213/137
f 252/215/139 251/214/138 247/210/134
f 253/216/140 254/212/136 255/217/141
f 256/218/142 253/216/140 255/217/141
f 255/217/141 254/212/136 257/211/143
f 258/219/144 253/216/140 256/218/142
f 259/220/145 258/219/144 256/218/142
f 260/221/146 258/219/144 259/220/145
f 261/222/147 262/223/148 263/224/149
f 264/225/150 262/223/148 261/222/147
f 263/224/149 262/223/148 265/226/151
f 266/227/145 262/223/148 264/225/150
f 267/228/152 263/224/149 265/226/151
f 268/229/153 263/224/149 267/228/152
f 269/214/154 268/229/153 267/228/152
f 270/215/155 268/229/153 269/214/154
f 271/230/156 272/231/157 273/232/158
f 274/233/159 272/231/157 271/230/156
f 273/232/158 272/231/157 275/234/158
f 276/235/160 272/231/157 274/233/159
f 277/236/161 276/235/160 274/233/159
f 278/237/161 276/235/160 277/236/161
f 279/238/162 280/237/163 281/239/164
f 282/240/165 279/238/162 281/239/164
f 281/239/164 280/237/163 283/236/163
f 284/241/166 279/238/162 282/240/165
f 284/241/166 282/240/165 285/242/167
f 285/242/167 282/240/165 286/243/168
f 285/242/167 286/243/168 287/244/169
f 287/244/169 286/243/168 288/245/169
f 289/244/170 290/245/170 291/246/171
f 291/246/171 290/245/170 292/247/172
f 293/248/173 294/249/174 295/250/175
f 296/251/176 293/248/173 295/250/175
f 295/250/175 294/249/174 297/252/174
f 298/253/176 293/248/173 296/251/176
f 299/254/177 300/253/178 301/255/179
f 302/256/180 299/254/177 301/255/179
f 301/255/179 300/253/178 303/251/178
f 304/257/181 299/254/177 302/256/180
f 304/257/181 302/256/180 305/258/182
f 305/258/182 302/256/180 306/259/183
f 306/259/183 307/234/184 305/258/182
f 308/232/184 307/234/184 306/259/183
f 309/230/185 310/232/186 311/260/187
f 312/261/188 309/230/185 311/260/187
f 311/260/187 310/232/186 313/262/189
f 314/233/190 309/230/185 312/261/188
f 311/260/187 313/262/189 315/263/191
f 310/232/186 316/259/192 313/262/189
f 317/264/193 314/233/190 312/261/188
f 312/261/188 311/260/187 318/265/194
f 318/265/194 311/260/187 315/263/191
f 313/262/189 316/259/192 319/266/195
f 320/236/196 314/233/190 317/264/193
f 318/265/194 315/263/191 321/267/197
f 315/263/191 313/262/189 322/268/198
f 313/262/189 319/266/195 322/268/198
f 323/269/199 320/236/196 317/264/193
f 324/270/200 318/265/194 321/267/197
f 315/263/191 322/268/198 325/271/201
f 326/239/202 320/236/196 323/269/199
f 327/272/203 318/265/194 324/270/200
f 321/267/197 315/263/191 325/271/201
f 328/273/204 326/239/202 323/269/199
f 317/264/193 312/261/188 327/272/203
f 327/272/203 312/261/188 318/265/194
f 324/270/200 321/267/197 329/274/205
f 330/240/206 326/239/202 328/273/204
f 331/275/207 317/264/193 327/272/203
f 323/269/199 317/264/193 331/275/207
f 329/274/205 321/267/197 332/276/208
f 321/267/197 325/271/201 332/276/208
f 328/273/204 323/269/199 333/277/209
f 333/277/209 323/269/199 331/275/207
f 329/274/205 332/276/208 334/278/210
f 332/276/208 325/271/201 335/279/211
f 336/280/212 328/273/204 333/277/209
f 337/281/213 328/273/204 336/280/212
f 334/278/210 332/276/208 338/282/124
f 325/271/201 339/283/214 335/279/211
f 332/276/208 335/279/211 338/282/124
f 325/271/201 322/268/198 339/283/214
f 338/282/124 335/279/211 340/284/125
f 335/279/211 339/283/214 341/285/215
f 335/279/211 341/285/215 340/284/125
f 340/284/125 341/285/215 342/286/130
f 322/268/198 319/266/195 343/287/216
f 319/266/195 344/288/217 343/287/216
f 319/266/195 345/256/218 344/288/217
f 316/259/192 345/256/218 319/266/195
f 343/287/216 344/288/217 346/289/219
f 344/288/217 347/290/220 346/289/219
f 346/289/219 347/290/220 348/291/221
f 349/292/222 350/293/223 351/294/224
f 352/295/225 349/292/222 351/294/224
f 351/294/224 350/293/223 353/296/226
f 354/297/227 349/292/222 352/295/225
f 353/296/226 355/298/228 351/294/224
f 350/293/223 356/299/229 353/296/226
f 357/300/230 354/297/227 352/295/225
f 349/292/222 358/231/231 350/293/223
f 359/301/232 355/298/228 353/296/226
f 360/302/233 354/297/227 357/300/230
f 361/234/234 358/231/231 349/292/222
f 362/303/235 359/301/232 353/296/226
f 353/296/226 356/299/229 362/303/235
f 354/297/227 361/234/234 349/292/222
f 360/302/233 363/258/236 354/297/227
f 364/304/237 359/301/232 362/303/235
f 356/299/229 365/305/238 362/303/235
f 363/258/236 361/234/234 354/297/227
f 366/257/239 363/258/236 360/302/233
f 359/301/232 367/306/240 355/298/228
f 362/303/235 365/305/238 368/307/241
f 368/307/241 364/304/237 362/303/235
f 356/299/229 369/237/242 365/305/238
f 370/308/243 367/306/240 359/301/232
f 365/305/238 371/309/244 368/307/241
f 364/304/237 370/308/243 359/301/232
f 372/235/245 369/237/242 356/299/229
f 369/237/242 373/238/246 365/305/238
f 365/305/238 373/238/246 371/309/244
f 374/310/247 364/304/237 368/307/241
f 350/293/223 372/235/245 356/299/229
f 370/308/243 375/311/248 367/306/240
f 374/310/247 376/312/249 364/304/237
f 358/231/231 372/235/245 350/293/223
f 376/312/249 370/308/243 364/304/237
f 377/313/250 375/311/248 370/308/243
f 378/314/251 376/312/249 374/310/247
f 368/307/241 371/309/244 379/315/252
f 376/312/249 377/313/250 370/308/243
f 373/238/246 380/241/253 371/309/244
f 378/314/251 381/316/112 376/312/249
f 371/309/244 382/317/254 379/315/252
f 381/316/112 377/313/250 376/312/249
f 371/309/244 380/241/253 382/317/254
f 383/318/255 381/316/112 378/314/251
f 379/315/252 382/317/254 384/319/256
f 385/317/257 386/320/258 387/319/256
f 385/317/257 388/242/259 386/320/258
f 387/319/256 386/320/258 389/321/260
f 390/241/261 388/242/259 385/317/257
f 386/320/258 391/322/262 389/321/260
f 388/242/259 392/244/263 386/320/258
f 386/320/258 392/244/263 391/322/262
f 389/321/260 391/322/262 393/323/264
f 392/244/263 394/246/265 391/322/262
f 391/322/262 395/324/266 393/323/264
f 391/322/262 394/246/265 395/324/266
f 393/323/264 395/324/266 396/325/267
f 396/325/267 397/326/268 393/323/264
f 398/327/269 397/326/268 396/325/267
f 398/327/269 399/328/270 397/326/268
f 400/329/271 399/328/270 398/327/269
f 400/329/271 401/330/272 399/328/270
f 402/331/94 401/330/272 400/329/271
f 403/243/273 404/240/274 405/281/213
f 406/332/275 403/243/273 405/281/213
f 405/281/213 404/240/274 407/273/276
f 408/245/277 403/243/273 406/332/275
f 406/332/275 405/281/213 409/333/278
f 410/334/279 408/245/277 406/332/275
f 409/333/278 405/281/213 411/280/212
f 412/247/280 408/245/277 410/334/279
f 410/334/279 406/332/275 413/335/281
f 413/335/281 406/332/275 409/333/278
f 413/335/281 409/333/278 414/336/282
f 414/336/282 409/333/278 415/337/283
f 414/336/282 415/337/283 416/338/284
f 416/338/284 415/337/283 417/339/285
f 416/338/284 417/339/285 418/340/146
f 418/340/146 417/339/285 419/341/144
f 420/342/266 421/343/286 422/344/287
f 420/342/266 423/248/288 421/343/286
f 422/344/287 421/343/286 424/345/289
f 425/249/265 423/248/288 420/342/266
f 424/345/289 426/346/290 422/344/287
f 421/343/286 427/347/291 424/345/289
f 423/248/288 428/253/292 421/343/286
f 421/343/286 428/253/292 427/347/291
f 429/348/293 426/346/290 424/345/289
f 428/253/292 430/254/294 427/347/291
f 431/349/295 429/348/293 424/345/289
f 424/345/289 427/347/291 431/349/295
f 429/348/293 432/350/296 426/346/290
f 427/347/291 430/254/294 433/351/297
f 427/347/291 433/351/297 431/349/295
f 434/352/298 429/348/293 431/349/295
f 435/353/299 432/350/296 429/348/293
f 434/352/298 435/353/299 429/348/293
f 430/254/294 436/257/300 433/351/297
f 431/349/295 433/351/297 437/354/301
f 435/353/299 438/355/94 432/350/296
f 439/356/302 435/353/299 434/352/298
f 433/351/297 436/257/300 440/302/303
f 433/351/297 440/302/303 437/354/301
f 441/357/304 438/355/94 435/353/299
f 439/356/302 441/357/304 435/353/299
f 437/354/301 440/302/303 442/300/230
f 443/358/305 441/357/304 439/356/302
f 444/250/306 445/252/307 446/359/308
f 447/360/309 444/250/306 446/359/308
f 446/359/308 445/252/307 448/361/279
f 449/251/310 444/250/306 447/360/309
f 446/359/308 448/361/279 450/362/311
f 451/290/220 449/251/310 447/360/309
f 447/360/309 446/359/308 452/363/312
f 452/363/312 446/359/308 450/362/311
f 450/362/311 448/361/279 453/364/313
f 454/255/314 449/251/310 451/290/220
f 451/290/220 447/360/309 455/291/221
f 455/291/221 447/360/309 452/363/312
f 450/362/311 456/365/315 452/363/312
f 450/362/311 453/364/313 457/366/316
f 458/288/317 454/255/314 451/290/220
f 457/366/316 456/365/315 450/362/311
f 459/256/318 454/255/314 458/288/317
f 457/366/316 453/364/313 460/367/319
f 457/366/316 461/368/320 456/365/315
f 460/367/319 462/369/321 457/366/316
f 457/366/316 462/369/321 461/368/320
f 456/365/315 461/368/320 463/370/322
f 462/369/321 464/371/146 461/368/320
f 461/368/320 465/372/323 463/370/322
f 461/368/320 464/371/146 465/372/323
f 463/370/322 465/372/323 466/373/324
f 467/268/198 468/287/325 469/283/326
f 469/283/326 468/287/325 470/374/327
f 469/283/326 470/374/327 471/285/328
f 468/287/325 472/289/329 470/374/327
f 471/285/328 470/374/327 473/375/330
f 470/374/327 472/289/329 474/376/331
f 471/285/328 473/375/330 475/286/130
f 474/376/331 476/377/332 470/374/327
f 470/374/327 476/377/332 473/375/330
f 472/289/329 477/291/333 474/376/331
f 475/286/130 473/375/330 478/378/334
f 473/375/330 476/377/332 478/378/334
f 474/376/331 477/291/333 479/379/335
f 474/376/331 479/379/335 476/377/332
f 478/378/334 476/377/332 480/380/336
f 477/291/333 481/363/312 479/379/335
f 476/377/332 482/381/337 480/380/336
f 476/377/332 479/379/335 482/381/337
f 479/379/335 481/363/312 483/365/338
f 479/379/335 483/365/338 482/381/337
f 480/380/336 482/381/337 484/382/153
f 482/381/337 483/365/338 485/370/322
f 482/381/337 485/370/322 484/382/153
f 484/382/153 485/370/322 486/373/339
f 487/275/207 488/272/203 489/383/340
f 490/384/341 487/275/207 489/383/340
f 489/383/340 488/272/203 491/270/342
f 492/277/209 487/275/207 490/384/341
f 490/384/341 489/383/340 493/385/343
f 489/383/340 491/270/342 494/386/344
f 493/385/343 489/383/340 494/386/344
f 495/387/345 492/277/209 490/384/341
f 494/386/344 491/270/342 496/274/346
f 493/385/343 494/386/344 497/388/347
f 498/280/348 492/277/209 495/387/345
f 495/387/345 490/384/341 499/389/349
f 494/386/344 496/274/346 500/390/350
f 497/388/347 494/386/344 500/390/350
f 499/389/349 490/384/341 493/385/343
f 501/337/351 498/280/348 495/387/345
f 500/390/350 496/274/346 502/278/210
f 499/389/349 493/385/343 503/391/352
f 503/391/352 493/385/343 497/388/347
f 504/333/278 498/280/348 501/337/351
f 501/337/351 495/387/345 505/339/353
f 505/339/353 495/387/345 499/389/349
f 506/341/354 499/389/349 503/391/352
f 505/339/353 499/389/349 506/341/354
f 507/298/228 508/392/355 509/294/356
f 507/298/228 510/393/357 508/392/355
f 509/294/356 508/392/355 511/295/225
f 512/306/240 510/393/357 507/298/228
f 508/392/355 513/394/358 511/295/225
f 512/306/240 514/395/359 510/393/357
f 510/393/357 515/396/332 508/392/355
f 508/392/355 515/396/332 513/394/358
f 511/295/225 513/394/358 516/300/360
f 517/311/361 514/395/359 512/306/240
f 514/395/359 518/397/362 510/393/357
f 510/393/357 518/397/362 515/396/332
f 513/394/358 519/398/363 516/300/360
f 518/397/362 520/399/364 515/396/332
f 515/396/332 521/400/365 513/394/358
f 513/394/358 521/400/365 519/398/363
f 515/396/332 520/399/364 521/400/365
f 516/300/360 519/398/363 522/354/301
f 520/399/364 523/358/305 521/400/365
f 519/398/363 524/352/366 522/354/301
f 521/400/365 523/358/305 525/356/367
f 521/400/365 525/356/367 519/398/363
f 519/398/363 525/356/367 524/352/366
f 522/354/301 524/352/366 526/349/295
f 527/401/368 528/310/369 529/315/252
f 530/319/256 527/401/368 529/315/252
f 529/315/252 528/310/369 531/307/370
f 532/402/371 527/401/368 530/319/256
f 527/401/368 533/314/251 528/310/369
f 534/321/260 532/402/371 530/319/256
f 535/403/372 533/314/251 527/401/368
f 532/402/371 535/403/372 527/401/368
f 536/404/373 532/402/371 534/321/260
f 535/403/372 537/318/255 533/314/251
f 538/323/264 536/404/373 534/321/260
f 539/405/343 535/403/372 532/402/371
f 536/404/373 539/405/343 532/402/371
f 540/406/374 537/318/255 535/403/372
f 539/405/343 540/406/374 535/403/372
f 541/326/375 536/404/373 538/323/264
f 542/407/376 540/406/374 539/405/343
f 541/326/375 543/408/377 536/404/373
f 543/408/377 542/407/376 539/405/343
f 543/408/377 539/405/343 536/404/373
f 544/328/378 543/408/377 541/326/375
f 545/409/379 542/407/376 543/408/377
f 544/328/378 545/409/379 543/408/377
f 546/330/96 545/409/379 544/328/378
f 547/410/380 548/411/381 549/412/380
f 548/411/381 547/410/380 550/413/382
f 549/412/380 548/411/381 551/414/380
f 550/413/382 547/410/380 552/415/383
f 553/416/383 554/417/383 555/418/384
f 555/418/384 554/417/383 556/419/383
f 555/418/384 556/419/383 557/420/385
f 557/420/385 556/419/383 558/421/15
f 559/422/15 560/423/386 561/424/385
f 562/425/387 560/423/386 559/422/15
f 561/424/385 560/423/386 563/426/385
f 564/427/388 560/423/386 562/425/387
f 565/428/11 566/429/11 567/430/11
f 565/428/11 568/431/11 566/429/11
f 567/430/11 566/429/11 569/432/11
f 569/432/11 566/429/11 570/432/11
f 571/433/11 568/431/11 565/428/11
f 571/433/11 565/428/11 572/434/11
f 573/435/11 568/431/11 571/433/11
f 572/434/11 565/428/11 574/436/11
f 573/435/11 575/437/11 568/431/11
f 576/437/11 575/437/11 573/435/11
f 572/434/11 574/436/11 577/438/11
f 577/438/11 574/436/11 578/436/11
f 577/438/11 578/436/11 579/439/11
f 577/438/11 579/439/11 580/439/11
f 579/439/11 578/436/11 581/436/11
f 578/436/11 582/436/11 581/436/11
f 583/440/11 584/441/11 585/442/11
f 583/440/11 586/443/11 584/441/11
f 585/442/11 584/441/11 587/444/11
f 587/444/11 584/441/11 588/444/11
f 589/445/11 586/443/11 583/440/11
f 589/445/11 583/440/11 590/446/11
f 591/447/11 586/443/11 589/445/11
f 590/446/11 583/440/11 592/448/11
f 590/446/11 592/448/11 593/449/11
f 593/449/11 592/448/11 594/450/11
f 593/449/11 594/450/11 595/451/11
f 595/451/11 594/450/11 596/452/11
f 595/451/11 596/452/11 597/453/11
f 597/453/11 596/452/11 598/454/11
f 596/452/11 599/455/11 598/454/11
f 600/456/11 599/455/11 596/452/11
f 601/457/11 599/455/11 600/456/11
f 602/458/11 599/455/11 601/457/11
f 602/458/11 601/457/11 603/459/11
f 603/459/11 601/457/11 604/460/11
f 605/461/11 606/462/11 607/463/11
f 608/464/11 606/462/11 605/461/11
f 608/464/11 605/461/11 609/465/11
f 610/466/11 606/462/11 608/464/11
f 609/465/11 605/461/11 611/467/11
f 610/466/11 612/468/389 606/462/11
f 613/469/11 610/466/11 608/464/11
f 609/465/11 611/467/11 614/470/11
f 615/471/389 612/468/389 610/466/11
f 612/468/389 616/472/390 606/462/11
f 613/469/11 617/473/11 610/466/11
f 614/470/11 611/467/11 618/474/11
f 619/475/391 616/472/390 612/468/389
f 620/476/11 615/471/389 610/466/11
f 610/466/11 617/473/11 621/473/11
f 614/470/11 618/474/11 622/477/11
f 623/478/392 615/471/389 620/476/11
f 622/477/11 618/474/11 624/477/11
f 625/479/7 626/480/7 627/481/7
f 627/481/7 626/480/7 628/482/7
f 629/483/15 630/484/18 631/485/15
f 629/483/15 632/486/15 630/484/18
f 631/485/15 630/484/18 633/487/18
f 634/488/18 632/486/15 629/483/15
f 635/489/18 631/485/15 633/487/18
f 630/484/18 636/490/393 633/487/18
f 637/491/15 634/488/18 629/483/15
f 630/484/18 632/486/15 638/492/15
f 639/493/15 631/485/15 635/489/18
f 640/494/15 634/488/18 637/491/15
f 630/484/18 641/495/394 636/490/393
f 642/496/395 639/493/15 635/489/18
f 643/497/18 634/488/18 640/494/15
f 638/492/15 632/486/15 644/498/15
f 645/499/396 639/493/15 642/496/395
f 634/488/18 643/497/18 646/500/12
f 643/497/18 640/494/15 647/501/18
f 644/498/15 632/486/15 648/502/15
f 636/490/393 641/495/394 649/503/393
f 646/500/12 643/497/18 650/504/27
f 647/501/18 650/504/27 643/497/18
f 644/498/15 648/502/15 651/505/15
f 641/495/394 652/506/15 649/503/393
f 647/501/18 640/494/15 653/507/15
f 654/508/393 650/504/27 647/501/18
f 651/505/15 648/502/15 655/509/15
f 649/503/393 652/506/15 656/510/393
f 647/501/18 657/511/11 654/508/393
f 651/505/15 655/509/15 658/512/397
f 659/513/11 647/501/18 653/507/15
f 652/506/15 660/514/15 656/510/393
f 657/511/11 647/501/18 659/513/11
f 658/512/397 655/509/15 661/515/390
f 654/508/393 657/511/11 662/516/11
f 656/510/393 660/514/15 663/517/393
f 660/514/15 664/518/397 663/517/393
f 663/517/393 664/518/397 665/519/11
f 666/520/398 667/521/2 662/516/11
f 662/516/11 667/521/2 668/522/2
f 669/523/2 668/522/2 667/521/2
f 670/524/2 668/522/2 669/523/2
f 669/523/2 671/20/12 670/524/2
f 670/524/2 671/20/12 672/525/12
f 673/526/399 674/527/2 665/519/11
f 665/519/11 674/527/2 675/528/2
f 674/527/2 676/529/2 675/528/2
f 675/528/2 676/529/2 677/530/2
f 676/529/2 678/531/2 677/530/2
f 677/530/2 678/531/2 679/532/2
f 679/532/2 678/531/2 680/533/2
f 680/533/2 678/531/2 681/534/2
f 681/534/2 678/531/2 682/535/2
f 682/535/2 683/536/2 681/534/2
f 681/534/2 683/536/2 684/537/2
f 684/537/2 683/536/2 685/538/2
f 685/538/2 683/536/2 686/539/2
f 686/539/2 683/536/2 687/540/400
f 686/539/2 687/540/400 688/541/2
f 683/536/2 689/542/401 687/540/400
f 688/541/2 687/540/400 690/543/400
f 687/540/400 689/542/401 691/544/402
f 687/540/400 691/544/402 690/543/400
f 688/541/2 690/543/400 692/545/343
f 690/543/400 691/544/402 693/546/403
f 692/545/343 690/543/400 694/547/11
f 690/543/400 693/546/403 694/547/11
f 694/547/11 693/546/403 695/548/11
f 633/487/18 636/490/393 696/549/404
f 697/550/12 698/551/12 699/552/12
f 697/550/12 699/552/12 700/553/12
f 699/552/12 698/551/12 701/554/12
f 700/553/12 699/552/12 702/555/12
f 698/551/12 703/556/12 704/557/12
f 705/558/12 706/559/12 707/560/12
f 708/561/5 706/559/12 705/558/12
f 707/560/12 706/559/12 709/562/12
f 710/563/405 706/559/12 708/561/5
f 711/564/12 705/558/12 707/560/12
f 709/562/12 712/565/12 707/560/12
f 705/558/12 713/566/12 708/561/5
f 713/566/12 705/558/12 711/564/12
f 708/561/5 713/566/12 714/567/406
f 707/560/12 712/565/12 715/568/12
f 711/564/12 707/560/12 716/569/12
f 716/569/12 707/560/12 715/568/12
f 717/570/7 718/571/11 719/572/7
f 717/570/7 720/573/26 718/571/11
f 719/572/7 718/571/11 721/574/407
f 722/575/7 717/570/7 719/572/7
f 718/571/11 720/573/26 723/576/11
f 724/577/7 717/570/7 722/575/7
f 720/573/26 725/578/30 723/576/11
f 726/579/7 724/577/7 722/575/7
f 724/577/7 727/580/30 717/570/7
f 717/570/7 727/580/30 720/573/26
f 723/576/11 725/578/30 728/581/11
f 729/582/387 724/577/7 726/579/7
f 724/577/7 730/583/408 727/580/30
f 720/573/26 731/584/30 725/578/30
f 729/582/387 730/583/408 724/577/7
f 732/585/7 729/582/387 726/579/7
f 733/586/30 731/584/30 720/573/26
f 729/582/387 734/587/30 730/583/408
f 732/585/7 734/587/30 729/582/387
f 732/585/7 726/579/7 735/588/7
f 733/586/30 736/589/30 731/584/30
f 732/585/7 737/590/409 734/587/30
f 735/588/7 726/579/7 738/591/7
f 739/592/30 736/589/30 733/586/30
f 735/588/7 740/593/7 732/585/7
f 741/594/405 737/590/409 732/585/7
f 738/591/7 742/595/7 735/588/7
f 739/592/30 743/596/26 736/589/30
f 732/585/7 740/593/7 744/597/7
f 745/598/26 743/596/26 739/592/30
f 735/588/7 742/595/7 746/599/7
f 747/600/30 748/601/30 736/589/30
f 744/597/7 740/593/7 749/602/405
f 740/593/7 735/588/7 750/603/7
f 750/603/7 735/588/7 746/599/7
f 748/601/30 747/600/30 751/604/30
f 736/589/30 748/601/30 752/605/26
f 749/602/405 740/593/7 753/606/405
f 740/593/7 750/603/7 753/606/405
f 751/604/30 747/600/30 754/607/30
f 748/601/30 755/608/26 752/605/26
f 749/602/405 753/606/405 756/609/410
f 753/606/405 750/603/7 757/610/405
f 746/599/7 742/595/7 758/611/7
f 752/605/26 755/608/26 759/612/26
f 753/606/405 757/610/405 760/613/411
f 756/609/410 753/606/405 760/613/411
f 758/611/7 742/595/7 761/614/7
f 752/605/26 759/612/26 762/615/26
f 760/613/411 757/610/405 763/616/412
f 761/614/7 742/595/7 764/617/413
f 762/615/26 759/612/26 765/618/26
f 761/614/7 764/617/413 766/619/405
f 742/595/7 767/620/414 764/617/413
f 762/615/26 765/618/26 768/621/30
f 766/619/405 764/617/413 769/622/413
f 764/617/413 767/620/414 770/623/415
f 764/617/413 770/623/415 769/622/413
f 768/621/30 765/618/26 771/624/30
f 766/619/405 769/622/413 772/625/11
f 769/622/413 770/623/415 773/626/416
f 768/621/30 771/624/30 774/627/390
f 774/627/390 771/624/30 775/628/11
f 772/625/11 769/622/413 776/629/11
f 769/622/413 773/626/416 776/629/11
f 776/629/11 773/626/416 777/630/11
f 778/631/417 779/632/418 780/633/419
f 780/633/419 779/632/418 781/634/420
f 780/633/419 781/634/420 782/635/419
f 782/635/419 783/636/421 780/633/419
f 780/633/419 783/636/421 784/637/422
f 782/635/419 781/634/420 785/638/423
f 785/638/423 786/639/424 782/635/419
f 782/635/419 786/639/424 787/640/425
f 788/641/426 782/635/419 787/640/425
f 789/642/421 782/635/419 788/641/426
f 786/639/424 790/643/427 787/640/425
f 791/644/428 790/643/427 786/639/424
f 787/640/425 790/643/427 792/645/429
f 793/646/430 790/643/427 791/644/428
f 792/645/429 790/643/427 794/647/431
f 795/648/430 790/643/427 793/646/430
f 796/649/432 795/648/430 793/646/430
f 790/643/427 795/648/430 797/650/431
f 798/651/432 795/648/430 796/649/432
f 797/650/431 795/648/430 799/652/433
f 800/653/26 801/654/434 802/655/435
f 800/653/26 803/656/436 801/654/434
f 802/655/435 801/654/434 804/657/30
f 805/658/437 803/656/436 800/653/26
f 804/657/30 806/659/30 802/655/435
f 807/660/438 805/658/437 800/653/26
f 808/661/439 800/653/26 802/655/435
f 807/660/438 800/653/26 808/661/439
f 809/662/440 805/658/437 807/660/438
f 808/661/439 802/655/435 810/663/441
f 811/664/30 812/665/30 804/657/30
f 810/663/441 802/655/435 813/666/30
f 812/665/30 814/667/30 804/657/30
f 804/657/30 814/667/30 813/666/30
f 815/668/8 816/669/442 817/670/443
f 816/669/442 818/671/442 817/670/443
f 818/671/442 816/669/442 819/672/444
f 818/671/442 820/673/408 817/670/443
f 817/670/443 820/673/408 821/674/445
f 816/669/442 822/675/444 819/672/444
f 823/676/446 822/675/444 816/669/442
f 824/677/447 822/675/444 823/676/446
f 824/677/447 825/678/444 822/675/444
f 826/679/448 825/678/444 824/677/447
f 827/680/27 828/681/449 829/682/450
f 829/682/450 828/681/449 830/683/2
f 831/680/451 832/682/405 833/684/451
f 833/684/451 832/682/405 834/685/405
f 835/686/452 836/687/452 837/688/453
f 837/688/453 836/687/452 838/689/452
f 839/690/405 837/688/453 838/689/452
f 840/691/405 837/688/453 839/690/405
f 838/689/452 841/692/12 839/690/405
f 839/690/405 841/692/12 842/693/7
f 843/694/454 844/695/455 845/696/454
f 845/696/454 846/697/456 843/694/454
f 845/696/454 844/695/455 847/698/455
f 843/694/454 846/697/456 848/699/457
f 849/700/454 846/697/456 845/696/454
f 848/699/457 846/697/456 850/701/26
f 851/702/9 852/677/447 853/703/1
f 853/703/1 854/704/458 851/702/9
f 853/703/1 852/677/447 855/705/447
f 856/691/458 854/704/458 853/703/1
f 851/702/9 854/704/458 857/706/459
f 857/706/459 854/704/458 858/707/458
f 859/708/460 860/709/461 861/710/462
f 859/708/460 862/711/463 860/709/461
f 861/710/462 860/709/461 863/712/462
f 859/708/460 864/713/464 862/711/463
f 865/714/465 861/710/462 863/712/462
f 860/709/461 866/715/19 863/712/462
f 860/709/461 862/711/463 867/716/463
f 868/23/466 861/710/462 865/714/465
f 863/712/462 866/715/19 869/717/467
f 867/716/463 870/718/468 860/709/461
f 860/709/461 870/718/468 866/715/19
f 865/714/465 863/712/462 871/719/465
f 871/719/465 863/712/462 869/717/467
f 866/715/19 872/720/469 869/717/467
f 869/717/467 873/721/470 871/719/465
f 869/717/467 872/720/469 874/722/467
f 874/722/467 873/721/470 869/717/467
f 875/723/471 876/724/472 877/725/436
f 875/723/471 878/726/473 876/724/472
f 876/724/472 879/727/436 877/725/436
f 875/723/471 880/728/473 878/726/473
f 881/729/474 879/727/436 876/724/472
f 881/729/474 882/730/26 879/727/436
f 883/731/475 880/728/473 875/723/471
f 884/732/476 878/726/473 880/728/473
f 876/724/472 878/726/473 885/733/472
f 886/734/476 878/726/473 884/732/476
f 886/734/476 885/733/472 878/726/473
f 887/735/477 886/734/476 884/732/476
f 888/734/478 885/733/472 886/734/476
f 889/735/477 886/734/476 887/735/477
f 889/735/477 888/734/478 886/734/476
f 888/734/478 890/736/479 885/733/472
f 891/737/480 876/724/481 892/738/479
f 893/739/482 889/735/477 887/735/477
f 894/735/483 888/734/478 889/735/477
f 895/740/484 890/736/479 888/734/478
f 892/738/479 876/724/481 896/741/485
f 897/742/486 889/735/477 893/739/482
f 897/742/486 894/735/483 889/735/477
f 894/735/483 898/735/487 888/734/478
f 899/743/488 897/742/486 893/739/482
f 900/742/489 894/735/483 897/742/486
f 894/735/483 900/742/489 898/735/487
f 888/734/478 898/735/487 901/744/490
f 902/745/488 897/742/486 899/743/488
f 902/745/488 900/742/489 897/742/486
f 898/735/487 900/742/489 903/742/491
f 904/745/492 900/742/489 902/745/488
f 900/742/489 905/746/493 903/742/491
f 904/745/492 905/746/493 900/742/489
f 906/747/494 904/745/492 907/748/495
f 907/748/495 908/749/496 906/747/494
f 907/748/495 904/745/492 909/750/488
f 907/748/495 909/750/488 910/751/495
f 910/751/495 909/750/488 911/752/488
f 912/753/497 913/754/493 906/747/498
f 906/747/498 913/754/493 914/755/499
f 915/756/495 916/757/495 917/758/495
f 916/757/495 915/756/495 918/759/500
f 917/758/495 916/757/495 919/760/495
f 918/759/500 915/756/495 920/761/501
f 921/762/409 915/756/495 917/758/495
f 920/761/501 915/756/495 922/763/12
f 922/763/12 915/756/495 921/762/409
f 923/764/12 924/763/12 925/765/12
f 926/766/12 923/764/12 925/765/12
f 925/765/12 924/763/12 927/762/12
f 928/767/12 923/764/12 926/766/12
f 929/768/501 924/763/12 923/764/12
f 923/764/12 928/767/12 929/768/501
f 930/761/502 924/763/12 929/768/501
f 929/768/501 928/767/12 931/769/503
f 932/770/504 933/771/505 934/772/505
f 934/772/505 935/773/436 932/770/504
f 934/772/505 933/771/505 936/774/505
f 932/770/504 935/773/436 937/769/506
f 933/771/505 932/770/504 938/766/507
f 932/770/504 937/769/506 939/767/508
f 938/766/507 932/770/504 939/767/508
f 940/775/18 941/776/509 942/777/509
f 941/776/509 940/775/18 943/778/15
f 940/775/18 944/779/15 943/778/15
f 940/775/18 945/780/510 946/781/18
f 947/782/395 944/779/15 946/781/18
f 946/781/18 948/783/15 940/775/18
f 946/781/18 945/780/510 949/784/510
f 946/781/18 949/784/510 947/782/395
f 950/785/395 944/779/15 947/782/395
f 947/782/395 949/784/510 951/786/511
f 952/787/512 953/788/513 954/789/514
f 955/790/515 952/787/512 954/789/514
f 952/787/512 956/791/512 953/788/513
f 952/787/512 955/790/515 957/792/516
f 958/793/512 956/791/512 952/787/512
f 957/792/516 958/793/512 952/787/512
f 953/788/513 956/791/512 959/794/517
f 957/792/516 955/790/515 960/795/518
f 961/796/519 958/793/512 957/792/516
f 962/797/512 956/791/512 958/793/512
f 963/777/15 957/792/516 960/795/518
f 964/798/18 961/796/519 957/792/516
f 964/798/18 957/792/516 963/777/15
f 965/799/18 961/796/519 964/798/18
f 966/800/520 967/801/521 968/638/419
f 968/638/419 969/634/419 966/800/520
f 968/638/419 967/801/521 970/639/522
f 966/800/520 969/634/419 971/802/523
f 967/801/521 972/644/524 970/639/522
f 973/803/520 966/800/520 971/802/523
f 969/634/419 974/804/518 971/802/523
f 971/802/523 974/804/518 973/803/520
f 975/805/525 972/644/524 967/801/521
f 973/803/520 976/806/526 966/800/520
f 969/634/419 977/632/527 974/804/518
f 976/806/526 975/805/525 967/801/521
f 978/807/528 972/644/524 975/805/525
f 966/800/520 976/806/526 967/801/521
f 974/804/518 977/632/527 979/808/385
f 980/646/529 972/644/524 978/807/528
f 981/809/528 975/805/525 976/806/526
f 981/809/528 978/807/528 975/805/525
f 982/810/530 983/811/509 977/632/531
f 984/812/532 983/811/509 982/810/530
f 985/813/533 986/814/533 987/636/421
f 985/813/533 988/650/534 986/814/533
f 987/636/421 986/814/533 989/815/421
f 986/814/533 988/650/534 990/740/535
f 987/636/421 989/815/421 991/637/536
f 988/650/534 992/652/433 990/740/535
f 991/637/536 989/815/421 993/816/536
f 990/740/535 992/652/433 994/736/537
f 993/816/536 995/754/538 991/637/536
f 992/652/433 996/817/537 994/736/537
f 993/816/536 997/755/539 995/754/538
f 991/637/536 995/754/538 998/818/493
f 999/819/540 996/817/537 992/652/433
f 994/736/537 996/817/537 1000/820/479
f 1000/820/479 1001/821/481 994/736/537
f 1002/822/481 1001/821/481 1000/820/479
f 1003/823/459 1004/824/459 1005/825/541
f 1003/823/459 1006/826/542 1004/824/459
f 1005/825/541 1004/824/459 1007/827/541
f 1008/828/543 1006/826/542 1003/823/459
f 1009/829/393 1003/823/459 1005/825/541
f 1010/830/393 1003/823/459 1009/829/393
f 1011/831/512 1012/832/26 1003/823/544
f 1013/833/2 1012/832/26 1011/831/512
f 1011/831/512 1003/823/544 1014/834/30
f 1014/834/30 1003/823/544 1015/835/2
f 1016/836/12 1017/837/545 1018/838/12
f 1017/837/545 1016/836/12 1019/839/543
f 1018/838/12 1017/837/545 1020/840/12
f 1019/839/543 1016/836/12 1021/841/30
f 1022/842/546 1016/836/12 1018/838/12
f 1023/843/547 1016/836/12 1022/842/546
f 1023/843/547 1024/600/30 1016/836/12
f 1025/607/26 1024/600/30 1023/843/547
f 1026/844/390 1027/845/416 1028/846/11
f 1028/846/11 1027/845/416 1029/847/416
f 1029/847/416 1030/848/11 1028/846/11
f 1029/847/416 1027/845/416 1031/849/416
f 1032/850/2 1030/848/11 1029/847/416
f 1031/849/416 1032/850/2 1029/847/416
f 1031/849/416 1027/845/416 1033/851/416
f 1034/852/2 1032/850/2 1031/849/416
f 1031/849/416 1033/851/416 1035/853/12
f 1035/853/12 1034/852/2 1031/849/416
f 1035/853/12 1033/851/416 1036/854/12
f 1037/542/2 1034/852/2 1035/853/12
f 1038/855/11 1039/856/405 1040/857/11
f 1041/515/390 1039/856/405 1038/855/11
f 1040/857/11 1039/856/405 1042/858/406
f 1043/509/18 1039/856/405 1041/515/390
f 1039/856/405 1044/859/406 1042/858/406
f 1043/509/18 1045/860/5 1039/856/405
f 1045/860/5 1044/859/406 1039/856/405
f 1046/502/18 1045/860/5 1043/509/18
f 1045/860/5 1047/861/548 1044/859/406
f 1046/502/18 1048/862/12 1045/860/5
f 1048/862/12 1047/861/548 1045/860/5
f 1049/486/509 1048/862/12 1046/502/18
f 1050/863/416 1051/864/12 1052/865/416
f 1050/863/416 1052/865/416 1053/866/416
f 1052/865/416 1051/864/12 1054/867/409
f 1053/866/416 1052/865/416 1055/868/416
f 1056/869/11 1053/866/416 1055/868/416
f 1057/870/11 1053/866/416 1056/869/11
f 1058/871/403 1059/872/12 1060/873/403
f 1061/874/403 1058/871/403 1060/873/403
f 1060/873/403 1059/872/12 1062/875/508
f 1063/876/403 1058/871/403 1061/874/403
f 1064/877/390 1063/876/403 1061/874/403
f 1065/878/11 1063/876/403 1064/877/390
f 1066/879/406 1067/880/549 1068/881/406
f 1069/882/406 1066/879/406 1068/881/406
f 1068/881/406 1067/880/549 1070/883/12
f 1071/884/406 1066/879/406 1069/882/406
f 1070/883/12 1072/885/30 1068/881/406
f 1073/886/11 1071/884/406 1069/882/406
f 1074/887/434 1072/885/30 1070/883/12
f 1072/885/30 1075/888/30 1068/881/406
f 1068/881/406 1075/888/30 1069/882/406
f 1076/889/550 1071/884/406 1073/886/11
f 1075/888/30 1077/890/11 1069/882/406
f 1069/882/406 1077/890/11 1073/886/11
f 1078/891/11 1079/892/27 1080/893/551
f 1081/891/11 1079/892/27 1078/891/11
f 1080/893/551 1079/892/27 1082/894/2
f 1083/895/26 1079/892/27 1081/891/11
f 1082/894/2 1079/892/27 1084/896/2
f 1083/895/26 1085/897/393 1079/892/27
f 1084/896/2 1079/892/27 1085/897/393
f 1086/898/26 1085/897/393 1083/895/26
f 1084/896/2 1085/897/393 1087/899/552
f 1086/898/26 1088/900/12 1085/897/393
f 1087/899/552 1085/897/393 1088/900/12
f 1089/901/553 1088/900/12 1086/898/26
f 1090/902/11 1091/903/554 1092/904/11
f 1092/904/11 1091/903/554 1093/905/554
f 1093/905/554 1091/903/554 1094/906/403
f 1094/906/403 1091/903/554 1095/907/403
f 1094/906/403 1095/907/403 1096/908/12
f 1096/908/12 1095/907/403 1097/909/508
f 1098/910/555 1099/911/556 1100/912/557
f 1101/913/558 1098/910/555 1100/912/557
f 1100/912/557 1099/911/556 1102/914/559
f 1103/915/560 1098/910/555 1101/913/558
f 1102/914/559 1104/916/405 1100/912/557
f 1100/912/557 1104/916/405 1105/917/406
f 1099/911/556 1106/918/561 1102/914/559
f 1107/919/562 1103/915/560 1101/913/558
f 1098/910/555 1108/920/563 1099/911/556
f 1109/921/564 1108/920/563 1098/910/555
f 1102/914/559 1106/918/561 1110/922/565
f 1111/923/566 1103/915/560 1107/919/562
f 1099/911/556 1112/924/567 1106/918/561
f 1113/925/563 1112/924/567 1099/911/556
f 1110/922/565 1114/926/568 1102/914/559
f 1115/927/569 1111/923/566 1107/919/562
f 1106/918/561 1116/928/452 1110/922/565
f 1102/914/559 1114/926/568 1117/929/7
f 1118/930/570 1111/923/566 1115/927/569
f 1119/931/5 1115/927/569 1107/919/562
f 1110/922/565 1116/928/452 1120/932/452
f 1121/933/571 1118/930/570 1115/927/569
f 1118/930/570 1122/934/572 1111/923/566
f 1123/935/7 1115/927/569 1119/931/5
f 1124/936/5 1110/922/565 1120/932/452
f 1125/937/573 1118/930/570 1121/933/571
f 1126/938/574 1122/934/572 1118/930/570
f 1115/927/569 1127/939/5 1121/933/571
f 1128/940/5 1110/922/565 1124/936/5
f 1129/941/575 1125/937/573 1121/933/571
f 1125/937/573 1130/942/576 1118/930/570
f 1121/933/571 1127/939/5 1131/943/405
f 1132/944/577 1125/937/573 1129/941/575
f 1133/945/578 1130/942/576 1125/937/573
f 1134/946/579 1135/947/580 1136/948/7
f 1137/949/405 1134/946/579 1136/948/7
f 1136/948/7 1135/947/580 1138/950/405
f 1139/951/581 1134/946/579 1137/949/405
f 1135/947/580 1140/952/580 1138/950/405
f 1141/953/5 1139/951/581 1137/949/405
f 1142/954/581 1139/951/581 1141/953/5
f 1138/950/405 1140/952/580 1143/955/5
f 1140/952/580 1144/956/405 1143/955/5
f 1143/955/5 1144/956/405 1145/957/7
f 1144/956/405 1146/958/7 1145/957/7
f 1145/957/7 1146/958/7 1147/959/7
f 1146/958/7 1148/960/405 1147/959/7
f 1147/959/7 1148/960/405 1149/961/7
f 1148/960/405 1150/962/582 1149/961/7
f 1149/961/7 1150/962/582 1151/963/405
f 1152/944/577 1153/941/583 1154/964/584
f 1154/964/584 1153/941/583 1155/965/585
f 1153/941/583 1156/966/405 1155/965/585
f 1155/965/585 1156/966/405 1157/967/586
f 1158/933/587 1159/968/405 1153/941/583
f 1153/941/583 1159/968/405 1160/969/5
f 1161/970/393 1162/971/458 1163/972/2
f 1164/973/393 1161/970/393 1163/972/2
f 1163/972/2 1162/971/458 1165/974/2
f 1166/975/2 1161/970/393 1164/973/393
f 1162/971/458 1167/976/2 1165/974/2
f 1168/977/2 1166/975/2 1164/973/393
f 1165/974/2 1167/976/2 1169/978/393
f 1170/979/393 1166/975/2 1168/977/2
f 1169/978/393 1167/976/2 1171/980/393
f 1171/980/393 1167/976/2 1172/981/2
f 1173/982/2 1170/979/393 1168/977/2
f 1174/983/393 1170/979/393 1173/982/2
f 1175/984/2 1174/983/393 1173/982/2
f 1176/985/393 1174/983/393 1175/984/2
f 1177/986/450 1176/985/393 1175/984/2
f 1178/987/393 1176/985/393 1177/986/450
f 1179/988/588 1180/989/589 1181/990/590
f 1179/988/588 1181/990/590 1182/991/591
f 1181/990/590 1180/989/589 1183/992/592
f 1184/993/8 1180/989/589 1179/988/588
f 1182/991/591 1181/990/590 1185/994/447
f 1180/989/589 1186/995/593 1183/992/592
f 1187/996/594 1180/989/589 1184/993/8
f 1181/990/590 1183/992/592 1188/997/28
f 1183/992/592 1186/995/593 1189/998/595
f 1188/997/28 1183/992/592 1190/999/393
f 1186/995/593 1191/1000/596 1189/998/595
f 1183/992/592 1189/998/595 1192/1001/393
f 1189/998/595 1191/1000/596 1193/1002/597
f 1192/1001/393 1189/998/595 1194/1003/2
f 1191/1000/596 1195/1004/598 1193/1002/597
f 1193/1002/597 1195/1004/598 1196/1005/599
f 1195/1004/598 1197/1006/600 1196/1005/599
f 1196/1005/599 1197/1006/600 1198/1007/601
f 1197/1006/600 1199/1008/602 1198/1007/601
f 1197/1006/600 1200/1009/603 1199/1008/602
f 1198/1007/601 1199/1008/602 1201/1010/604
f 1199/1008/602 1200/1009/603 1202/1011/605
f 1199/1008/602 1203/1012/606 1201/1010/604
f 1201/1010/604 1203/1012/606 1204/1013/607
f 1205/1014/458 1206/987/608 1207/1015/609
f 1205/1014/458 1207/1015/609 1208/1016/610
f 1207/1015/609 1206/987/608 1209/986/611
f 1208/1016/610 1210/1017/393 1205/1014/458
f 1208/1016/610 1207/1015/609 1211/1018/612
f 1212/1019/613 1210/1017/393 1208/1016/610
f 1213/1020/2 1214/971/2 1215/970/2
f 1216/975/2 1213/1020/2 1215/970/2
f 1215/970/2 1214/971/2 1217/971/2
f 1218/1021/2 1213/1020/2 1216/975/2
f 1214/971/2 1219/976/2 1217/971/2
f 1220/979/2 1218/1021/2 1216/975/2
f 1217/971/2 1219/976/2 1221/976/2
f 1222/1022/2 1218/1021/2 1220/979/2
f 1219/976/2 1223/981/2 1221/976/2
f 1221/976/2 1223/981/2 1224/981/393
f 1225/983/2 1222/1022/2 1220/979/2
f 1226/1023/2 1222/1022/2 1225/983/2
f 1227/985/2 1226/1023/2 1225/983/2
f 1228/1024/611 1226/1023/2 1227/985/2
f 1229/987/2 1228/1024/611 1227/985/2
f 1230/1017/27 1228/1024/611 1229/987/2
f 1231/1014/2 1230/1017/27 1229/987/2
f 1230/1017/27 1232/1025/614 1228/1024/611
f 1233/1019/613 1232/1025/614 1230/1017/27
f 1234/1026/615 1235/947/616 1236/1027/581
f 1234/1026/615 1237/952/617 1235/947/616
f 1236/1027/581 1235/947/616 1238/946/451
f 1239/1028/618 1237/952/617 1234/1026/615
f 1238/946/451 1240/1029/581 1236/1027/581
f 1237/952/617 1239/1028/618 1241/956/7
f 1242/951/451 1240/1029/581 1238/946/451
f 1241/956/7 1239/1028/618 1243/1030/7
f 1240/1029/581 1242/951/451 1244/1031/581
f 1244/1031/581 1242/951/451 1245/954/451
f 1243/1030/7 1246/958/7 1241/956/7
f 1247/1032/7 1246/958/7 1243/1030/7
f 1246/958/7 1247/1032/7 1248/960/7
f 1248/960/7 1247/1032/7 1249/1033/389
f 1248/960/7 1249/1033/389 1250/962/405
f 1250/962/405 1249/1033/389 1251/1034/7
f 1250/962/405 1251/1034/7 1252/1035/7
f 1251/1034/7 1249/1033/389 1253/1036/619
f 1252/1035/7 1251/1034/7 1254/1037/619
f 1254/1037/619 1251/1034/7 1253/1036/619
f 1253/1036/619 1249/1033/389 1255/1038/620
f 1256/1039/7 1257/948/7 1258/1040/405
f 1257/948/7 1256/1039/7 1259/949/405
f 1258/1040/405 1257/948/7 1260/950/405
f 1259/949/405 1256/1039/7 1261/1041/405
f 1258/1040/405 1260/950/405 1262/1042/405
f 1259/949/405 1261/1041/405 1263/953/405
f 1263/953/405 1261/1041/405 1264/1043/5
f 1262/1042/405 1260/950/405 1265/955/405
f 1265/955/405 1266/1044/405 1262/1042/405
f 1267/957/405 1266/1044/405 1265/955/405
f 1266/1044/405 1267/957/405 1268/1045/7
f 1268/1045/7 1267/957/405 1269/959/7
f 1269/959/7 1270/1046/7 1268/1045/7
f 1271/961/7 1270/1046/7 1269/959/7
f 1270/1046/7 1271/961/7 1272/1047/7
f 1272/1047/7 1271/961/7 1273/963/7
f 1272/1047/7 1273/963/7 1274/1048/621
f 1274/1048/621 1273/963/7 1275/1049/621
f 1274/1048/621 1275/1049/621 1276/1050/621
f 1276/1050/621 1275/1049/621 1277/1051/621
f 1278/1052/622 1279/1053/623 1280/1054/624
f 1280/1054/624 1281/1055/625 1278/1052/622
f 1280/1054/624 1279/1053/623 1282/1056/626
f 1283/1057/627 1281/1055/625 1280/1054/624
f 1281/1055/625 1284/1058/625 1278/1052/622
f 1279/1053/623 1285/1059/628 1282/1056/626
f 1286/1060/12 1281/1055/625 1283/1057/627
f 1282/1056/626 1287/1061/629 1280/1054/624
f 1286/1060/12 1284/1058/625 1281/1055/625
f 1288/1062/630 1285/1059/628 1279/1053/623
f 1280/1054/624 1289/1063/594 1283/1057/627
f 1280/1054/624 1287/1061/629 1290/1064/594
f 1291/1065/631 1284/1058/625 1286/1060/12
f 1292/1066/622 1279/1053/623 1278/1052/622
f 1283/1057/627 1289/1063/594 1293/1067/8
f 1291/1065/631 1294/1068/632 1284/1058/625
f 1294/1068/632 1292/1066/622 1284/1058/625
f 1295/1069/623 1279/1053/623 1292/1066/622
f 1278/1052/622 1284/1058/625 1292/1066/622
f 1285/1059/628 1288/1062/630 1296/1070/633
f 1297/1071/634 1292/1066/622 1294/1068/632
f 1297/1071/634 1295/1069/623 1292/1066/622
f 1295/1069/623 1298/1072/630 1279/1053/623
f 1279/1053/623 1298/1072/630 1288/1062/630
f 1296/1070/633 1288/1062/630 1299/1073/635
f 1300/1074/636 1295/1069/623 1297/1071/634
f 1295/1069/623 1301/1075/637 1298/1072/630
f 1300/1074/636 1301/1075/637 1295/1069/623
f 1299/1073/635 1302/1076/638 1296/1070/633
f 1299/1073/635 1288/1062/630 1303/1077/635
f 1303/1077/635 1288/1062/630 1298/1072/630
f 1304/1078/639 1298/1072/630 1301/1075/637
f 1303/1077/635 1298/1072/630 1304/1078/639
f 1296/1070/633 1302/1076/638 1305/1079/640
f 1303/1077/635 1306/1080/638 1299/1073/635
f 1299/1073/635 1306/1080/638 1302/1076/638
f 1304/1078/639 1307/1081/641 1303/1077/635
f 1303/1077/635 1307/1081/641 1306/1080/638
f 1308/1082/642 1305/1079/640 1302/1076/638
f 1306/1080/638 1307/1081/641 1309/1083/642
f 1308/1082/642 1302/1076/638 1309/1083/642
f 1309/1083/642 1302/1076/638 1306/1080/638
f 1310/1084/643 1305/1079/640 1308/1082/642
f 1309/1083/642 1307/1081/641 1311/1085/644
f 1310/1084/643 1308/1082/642 1312/1086/645
f 1310/1084/643 1313/1087/605 1305/1079/640
f 1305/1079/640 1313/1087/605 1314/1088/646
f 1309/1083/642 1311/1085/644 1315/1089/647
f 1312/1086/645 1308/1082/642 1316/1090/648
f 1308/1082/642 1309/1083/642 1316/1090/648
f 1316/1090/648 1309/1083/642 1315/1089/647
f 1315/1089/647 1311/1085/644 1317/1091/649
f 1316/1090/648 1318/1092/650 1312/1086/645
f 1317/1091/649 1319/1093/651 1315/1089/647
f 1320/1094/652 1318/1092/650 1316/1090/648
f 1315/1089/647 1320/1094/652 1316/1090/648
f 1315/1089/647 1319/1093/651 1321/1095/653
f 1321/1095/653 1320/1094/652 1315/1089/647
f 1318/1092/650 1320/1094/652 1322/1096/654
f 1323/1097/654 1321/1095/653 1319/1093/651
f 1322/1096/654 1320/1094/652 1323/1097/654
f 1323/1097/654 1320/1094/652 1321/1095/653
f 1324/1098/2 1325/1099/393 1326/974/2
f 1326/974/2 1327/978/2 1324/1098/2
f 1326/974/2 1325/1099/393 1328/972/2
f 1324/1098/2 1327/978/2 1329/1100/2
f 1325/1099/393 1330/1101/393 1328/972/2
f 1331/1102/2 1329/1100/2 1327/978/2
f 1332/1103/2 1329/1100/2 1331/1102/2
f 1325/1099/393 1333/1104/655 1330/1101/393
f 1334/1105/656 1333/1104/655 1325/1099/393
f 1328/972/2 1330/1101/393 1335/973/2
f 1336/1106/2 1335/973/2 1330/1101/393
f 1337/977/2 1335/973/2 1336/1106/2
f 1336/1106/2 1338/1107/2 1337/977/2
f 1337/977/2 1338/1107/2 1339/982/2
f 1340/1108/2 1339/982/2 1338/1107/2
f 1341/984/2 1339/982/2 1340/1108/2
f 1342/1109/393 1341/984/2 1340/1108/2
f 1343/986/2 1341/984/2 1342/1109/393
f 1342/1109/393 1344/1110/657 1343/986/2
f 1344/1110/657 1342/1109/393 1345/1111/658
f 1343/986/2 1344/1110/657 1346/1015/659
f 1345/1111/658 1342/1109/393 1347/1112/607
f 1348/1113/660 1344/1110/657 1345/1111/658
f 1344/1110/657 1349/1114/657 1346/1015/659
f 1349/1114/657 1344/1110/657 1348/1113/660
f 1346/1015/659 1349/1114/657 1350/1018/612
f 1351/835/2 1352/1115/2 1353/1116/2
f 1354/1117/2 1351/835/2 1353/1116/2
f 1353/1116/2 1352/1115/2 1355/1118/393
f 1356/682/2 1354/1117/2 1353/1116/2
f 1357/1119/2 1358/1120/26 1351/835/458
f 1359/1121/661 1358/1120/26 1357/1119/2
f 1354/1117/2 1360/683/393 1359/1121/661
f 1361/1122/2 1356/682/2 1360/683/2
f 1351/835/458 1358/1120/26 1362/834/662
f 1359/1121/661 1360/683/393 1363/1123/661
f 1364/1124/663 1358/1120/26 1359/1121/661
f 1360/683/393 1365/1125/664 1363/1123/661
f 1366/681/28 1365/1125/664 1360/683/393
f 1367/1012/665 1368/1126/666 1369/1013/607
f 1369/1013/607 1368/1126/666 1370/1127/667
f 1368/1126/666 1371/1128/668 1370/1127/667
f 1370/1127/667 1371/1128/668 1372/1129/668
f 1373/1010/669 1369/1013/607 1374/1130/458
f 1374/1130/458 1369/1013/607 1375/1112/2
f 1376/1131/389 1377/1132/670 1378/1133/671
f 1378/1133/671 1377/1132/670 1379/1134/672
f 1380/1135/385 1381/1136/673 1382/1137/385
f 1382/1137/385 1381/1136/673 1383/1138/673
f 1384/1139/383 1385/1140/674 1386/1141/675
f 1386/1141/675 1385/1140/674 1387/1142/676
f 1388/1143/380 1389/1144/677 1390/1145/380
f 1390/1145/380 1389/1144/677 1391/1146/677
f 1392/1147/11 1393/1148/11 1394/412/678
f 1394/412/678 1393/1148/11 1395/410/392
f 1395/410/392 1393/1148/11 1396/1149/679
f 1396/1149/679 1393/1148/11 1397/1150/11
f 1398/417/383 1399/1151/11 1400/419/679
f 1400/419/679 1399/1151/11 1401/1152/680
f 1400/419/679 1401/1152/680 1402/1153/18
f 1402/1153/18 1401/1152/680 1403/1154/681
f 1404/424/385 1405/1155/11 1406/422/385
f 1406/422/385 1405/1155/11 1407/1156/11
f 1408/1144/677 1409/1157/677 1410/1146/677
f 1411/1158/676 1409/1157/677 1408/1144/677
f 1412/1159/676 1409/1157/677 1411/1158/676
f 1413/1140/676 1414/1160/676 1415/1142/676
f 1416/1161/677 1417/1141/383 1415/1142/676
f 1418/1162/380 1417/1141/383 1416/1161/677
f 1419/1136/682 1420/1163/682 1421/1138/682
f 1420/1163/682 1422/1164/676 1421/1138/682
f 1423/1165/683 1422/1164/676 1420/1163/682
f 1424/1166/676 1425/1167/679 1421/1138/682
f 1421/1138/682 1425/1167/679 1426/1137/385
f 1427/1134/671 1428/1168/671 1429/1133/672
f 1428/1168/671 1427/1134/671 1430/1169/677
f 1428/1168/671 1431/1170/673 1429/1133/672
f 1430/1169/677 1427/1134/671 1432/1171/677
f 1430/1169/677 1433/1172/683 1428/1168/671
f 1428/1168/671 1433/1172/683 1431/1170/673
f 1429/1133/672 1431/1170/673 1434/1173/673
f 1435/1132/405 1436/1174/677 1427/1134/684
f 1437/1175/380 1436/1174/677 1435/1132/405
f 1429/1133/671 1438/1176/673 1439/1131/7
f 1439/1131/7 1438/1176/673 1440/1177/15
f 1441/1178/405 1442/919/562 1443/1179/5
f 1443/1179/5 1442/919/562 1444/913/685
f 1445/1180/5 1444/913/686 1446/1181/405
f 1446/1181/405 1444/913/686 1447/912/687
f 1448/1182/2 1449/1183/458 1450/1005/599
f 1450/1005/599 1449/1183/458 1451/1002/655
f 1452/1182/688 1453/1184/689 1454/1106/393
f 1454/1106/393 1453/1184/689 1455/1107/450
f 1453/1184/689 1456/1185/690 1455/1107/450
f 1455/1107/450 1456/1185/690 1457/1108/2
f 1458/594/582 1459/1186/5 1460/590/12
f 1460/590/12 1459/1186/5 1461/1187/12
f 1462/1188/7 1463/1189/7 1464/485/18
f 1465/493/532 1462/1188/7 1464/485/18
f 1464/485/18 1463/1189/7 1466/483/18
f 1467/1190/5 1462/1188/7 1465/493/532
f 1463/1189/7 1468/491/18 1466/483/18
f 1469/499/396 1467/1190/5 1465/493/532
f 1470/1191/691 1467/1190/5 1469/499/396
f 1471/1192/387 1468/491/18 1463/1189/7
f 1472/1193/7 1468/491/18 1471/1192/387
f 1473/494/18 1468/491/18 1472/1193/7
f 1474/1194/387 1473/494/18 1472/1193/7
f 1475/507/18 1473/494/18 1474/1194/387
f 1476/1195/11 1475/507/18 1474/1194/387
f 1477/513/11 1475/507/18 1476/1195/11
f 1478/414/380 1479/1196/389 1480/412/380
f 1480/412/380 1479/1196/389 1481/1197/405
f 1482/1198/692 1483/1199/432 1484/1200/692
f 1482/1198/692 1485/1201/693 1483/1199/432
f 1482/1198/692 1484/1200/692 1486/1202/692
f 1487/1203/408 1485/1201/693 1482/1198/692
f 1488/910/694 1489/915/695 1490/1204/564
f 1490/1204/564 1489/915/695 1491/1205/572
f 1489/915/696 1492/923/697 1493/1206/572
f 1493/1206/572 1492/923/697 1494/1207/572
f 1495/937/698 1496/944/699 1497/1208/700
f 1497/1208/700 1496/944/699 1498/1209/701
f 1496/944/577 1499/964/584 1500/1210/702
f 1500/1210/702 1499/964/584 1501/1211/703
f 1502/1212/646 1503/1213/600 1504/1214/704
f 1505/1215/633 1502/1212/646 1504/1214/704
f 1504/1214/704 1503/1213/600 1506/1216/705
f 1507/1217/706 1502/1212/646 1505/1215/633
f 1508/1008/707 1509/1218/708 1510/1012/709
f 1510/1012/709 1509/1218/708 1511/1219/710
f 1512/1220/711 1513/1004/712 1514/1221/713
f 1514/1221/713 1513/1004/712 1515/1000/714
f 1516/1222/713 1517/1223/714 1518/1224/715
f 1518/1224/715 1519/1225/716 1516/1222/713
f 1518/1224/715 1517/1223/714 1520/1226/717
f 1516/1222/713 1519/1225/716 1521/1227/718
f 1522/1224/629 1523/1228/717 1524/1229/719
f 1524/1229/719 1523/1228/717 1525/1230/720
f 1526/1231/709 1527/1232/721 1528/1233/722
f 1528/1233/722 1527/1232/721 1529/1234/723
f 1529/1234/723 1530/1235/723 1528/1233/722
f 1527/1232/721 1531/1236/724 1529/1234/723
f 1529/1234/723 1532/1237/725 1530/1235/723
f 1529/1234/723 1531/1236/724 1532/1237/725
f 1528/1233/722 1530/1235/723 1533/1238/726
f 1530/1235/723 1532/1237/725 1534/1239/727
f 1535/1240/547 1536/1241/728 1537/686/729
f 1537/686/729 1536/1241/728 1538/687/729
f 1539/1242/730 1538/687/729 1536/1241/728
f 1540/1243/631 1538/687/729 1539/1242/730
f 1541/1244/8 1542/1244/731 1543/1244/8
f 1543/1244/8 1542/1244/731 1544/1244/446
f 1545/533/393 1546/1245/2 1547/1246/732
f 1547/1246/732 1546/1245/2 1548/1247/512
f 1548/1247/512 1546/1245/2 1549/1248/733
f 1549/1248/733 1546/1245/2 1550/1249/450
f 1551/1250/11 1552/1251/11 1553/1252/11
f 1551/1250/11 1554/1253/11 1552/1251/11
f 1552/1251/11 1554/1253/11 1555/1254/11
f 1555/1254/11 1554/1253/11 1556/1255/11
f 1557/1256/30 1558/1257/30 1559/1258/30
f 1559/1258/30 1558/1257/30 1560/1259/30
f 1561/1260/26 1562/1261/458 1563/1262/26
f 1561/1260/26 1564/833/2 1562/1261/458
f 1565/832/26 1564/833/2 1561/1260/26
f 1563/1262/26 1562/1261/458 1566/1263/2
f 1563/1262/26 1566/1263/2 1567/1264/26
f 1567/1264/26 1566/1263/2 1568/1265/458
f 1567/1264/26 1568/1265/458 1569/1266/390
f 1569/1266/390 1568/1265/458 1570/545/397
f 1571/1267/2 1572/1268/450 1573/1269/12
f 1573/1269/12 1572/1268/450 1574/1270/549
f 1574/1270/549 1575/1271/12 1573/1269/12
f 1574/1270/549 1572/1268/450 1576/1272/12
f 1577/1273/12 1575/1271/12 1574/1270/549
f 1576/1272/12 1577/1273/12 1574/1270/549
f 1576/1272/12 1572/1268/450 1578/1274/393
f 1575/1271/12 1577/1273/12 1579/1275/12
f 1580/1276/12 1577/1273/12 1576/1272/12
f 1579/1275/12 1577/1273/12 1581/1277/12
f 1582/1278/12 1577/1273/12 1580/1276/12
f 1581/1277/12 1577/1273/12 1582/1278/12
f 1583/488/734 1584/500/12 1585/486/734
f 1585/486/734 1584/500/12 1586/1279/631
f 1587/572/387 1588/574/11 1589/1280/554
f 1590/1281/554 1587/572/387 1589/1280/554
f 1589/1280/554 1588/574/11 1591/1282/735
f 1592/575/7 1587/572/387 1590/1281/554
f 1593/1283/12 1592/575/7 1590/1281/554
f 1594/579/7 1592/575/7 1593/1283/12
f 1595/1284/26 1596/1285/12 1597/1286/26
f 1597/1286/26 1596/1285/12 1598/1287/12
f 1596/1285/12 1599/1288/12 1598/1287/12
f 1600/1289/12 1599/1288/12 1596/1285/12
f 1600/1289/12 1601/1290/12 1599/1288/12
f 1600/1289/12 1602/1291/12 1601/1290/12
f 1599/1288/12 1601/1290/12 1603/1292/12
f 1604/1293/12 1605/1294/736 1606/1295/12
f 1606/1295/12 1605/1294/736 1607/1296/12
f 1605/1294/736 1608/1297/543 1607/1296/12
f 1607/1296/12 1608/1297/543 1609/1298/737
f 1610/1299/8 1611/1300/508 1612/1301/8
f 1612/1301/8 1611/1300/508 1613/1302/738
f 1614/1303/739 1615/697/547 1616/680/12
f 1616/680/12 1615/697/547 1617/700/454
f 1618/1304/12 1619/701/30 1615/697/454
f 1620/1305/740 1621/1306/563 1622/1307/12
f 1622/1307/12 1621/1306/563 1623/1308/741
f 1624/1309/564 1625/1310/572 1626/1311/742
f 1626/1311/742 1625/1310/572 1627/1312/743
f 1628/1313/572 1627/1312/743 1625/1310/572
f 1629/1314/639 1627/1312/743 1628/1313/572
f 1630/1315/744 1631/1316/634 1632/1309/745
f 1632/1309/745 1631/1316/634 1633/1317/563
f 1631/1316/634 1634/1318/746 1633/1317/563
f 1633/1317/563 1634/1318/746 1635/1319/567
f 1635/1319/563 1636/1320/456 1637/1321/561
f 1637/1321/561 1636/1320/456 1638/1322/6
f 1639/1323/747 1640/1324/701 1641/1325/748
f 1641/1325/748 1640/1324/701 1642/1326/749
f 1640/1324/701 1643/1327/750 1642/1326/749
f 1642/1326/749 1643/1327/750 1644/1328/751
f 1645/1329/752 1646/1330/641 1647/1323/753
f 1647/1323/753 1646/1330/641 1648/1331/754
f 1646/1330/641 1649/1332/639 1648/1331/754
f 1648/1331/754 1649/1332/639 1650/1313/572
f 1651/1333/755 1652/1084/756 1653/1334/710
f 1653/1334/710 1652/1084/756 1654/1086/645
f 1655/1070/757 1656/1335/704 1657/1059/718
f 1657/1059/718 1656/1335/704 1658/1336/713
f 1659/671/758 1660/672/10 1661/1337/541
f 1662/601/30 1659/671/758 1661/1337/541
f 1661/1337/541 1660/672/10 1663/1338/541
f 1664/604/26 1659/671/758 1662/601/30
f 1665/1339/631 1666/1340/12 1667/670/759
f 1667/670/759 1666/1340/12 1668/668/8
f 1669/1341/12 1667/670/760 1670/674/30
f 1671/1342/434 1672/1343/30 1673/1344/512
f 1674/1345/512 1671/1342/434 1673/1344/512
f 1673/1344/512 1672/1343/30 1675/1346/761
f 1676/1347/434 1671/1342/434 1674/1345/512
f 1677/1348/536 1678/1349/536 1679/633/762
f 1679/633/762 1678/1349/536 1680/631/531
f 1680/631/531 1678/1349/536 1681/1350/497
f 1681/1350/497 1678/1349/536 1682/1351/493
f 1683/632/417 1680/631/417 1684/1352/530
f 1684/1352/530 1680/631/417 1685/1353/763
f 1686/652/433 1687/1354/432 1688/819/764
f 1688/819/764 1687/1354/432 1689/1355/529
f 1689/1355/529 1690/1356/765 1688/819/764
f 1688/819/764 1690/1356/765 1691/1357/479
f 1692/747/498 1693/1358/539 1694/745/492
f 1694/745/492 1693/1358/539 1695/1359/493
f 1696/1360/501 1697/1361/766 1698/1362/501
f 1696/1360/501 1699/1363/767 1697/1361/766
f 1698/1362/501 1697/1361/766 1700/1364/766
f 1696/1360/501 1698/1362/501 1701/1365/501
f 1697/1361/766 1699/1363/767 1702/1366/767
f 1703/662/768 1696/1360/501 1701/1365/501
f 1701/1365/501 1698/1362/501 1704/1367/501
f 1696/1360/501 1705/1368/769 1699/1363/767
f 1706/1369/436 1703/662/768 1701/1365/501
f 1704/1367/501 1707/1370/436 1701/1365/501
f 1701/1365/501 1707/1370/436 1706/1369/436
f 1708/1368/770 1696/1360/501 1703/662/768
f 1708/1368/770 1705/1368/769 1696/1360/501
f 1706/1369/436 1707/1370/436 1709/1371/436
f 1710/662/771 1703/662/768 1706/1369/436
f 1709/1371/436 1707/1370/436 1711/1372/436
f 1712/1373/497 1713/1374/767 1714/810/772
f 1714/810/772 1713/1374/767 1715/1375/15
f 1716/1376/763 1717/1377/773 1718/1378/500
f 1719/1379/767 1716/1376/763 1718/1378/500
f 1718/1378/500 1717/1377/773 1720/1380/766
f 1721/729/765 1722/1381/774 1723/730/26
f 1723/730/26 1722/1381/774 1724/1382/30
f 1725/1383/430 1722/1381/775 1726/1384/430
f 1726/1384/430 1722/1381/775 1727/737/474
f 1728/649/776 1729/1385/30 1730/1381/774
f 1730/1381/774 1729/1385/30 1731/1382/553
f 1732/1386/405 1733/1387/405 1734/1388/405
f 1732/1386/406 1735/1389/7 1736/1390/7
f 1737/1391/777 1734/1388/405 1736/1390/778
f 1735/1389/7 1738/1392/7 1736/1390/7
f 1739/1123/777 1734/1388/405 1737/1391/777
f 1738/1392/7 1735/1389/7 1740/1393/7
f 1735/1389/7 1741/1394/7 1740/1393/7
f 1742/1125/779 1743/685/405 1739/1123/780
f 1744/684/451 1743/685/405 1742/1125/779
f 1745/1100/28 1746/1103/450 1747/1395/781
f 1747/1395/781 1746/1103/450 1748/1396/782
f 1749/710/13 1750/1397/508 1751/708/783
f 1749/710/13 1752/23/784 1750/1397/508
f 1751/708/783 1750/1397/508 1753/713/409
f 1750/1397/508 1752/23/784 1754/25/508
f 1755/1398/505 1756/24/505 1757/714/785
f 1755/1398/505 1757/714/785 1758/1399/786
f 1757/714/785 1756/24/505 1759/23/13
f 1758/1399/786 1757/714/785 1760/719/787
f 1761/1400/788 1762/1401/789 1763/715/790
f 1763/715/790 1762/1401/789 1764/720/791
f 1765/1402/477 1764/720/791 1762/1401/789
f 1766/722/792 1764/720/791 1765/1402/477
f 1766/722/792 1765/1402/477 1767/721/787
f 1767/721/787 1765/1402/477 1768/1403/793
f 1768/1403/793 1769/719/787 1767/721/787
f 1770/1404/473 1769/719/787 1768/1403/793
f 1771/1405/12 1772/1406/12 1773/1407/12
f 1771/1405/12 1774/1408/12 1772/1406/12
f 1773/1407/12 1772/1406/12 1775/1409/12
f 1775/1409/12 1772/1406/12 1776/1410/12
f 1776/1410/12 1772/1406/12 1777/1411/12
f 1778/844/551 1779/857/794 1780/845/415
f 1780/845/415 1779/857/794 1781/1412/405
f 1780/845/415 1781/1412/405 1782/851/416
f 1782/851/416 1781/1412/405 1783/1413/5
f 1782/851/416 1783/1413/5 1784/854/414
f 1784/854/414 1783/1413/5 1785/1414/409
f 1786/1415/795 1787/1416/406 1788/875/12
f 1788/875/12 1787/1416/406 1789/873/554
f 1789/873/554 1787/1416/406 1790/874/796
f 1790/874/796 1787/1416/406 1791/1417/7
f 1791/1417/7 1792/889/11 1790/874/796
f 1790/874/796 1792/889/11 1793/877/735
f 1794/894/393 1795/1418/403 1796/893/797
f 1794/894/393 1797/1419/403 1795/1418/403
f 1796/893/797 1795/1418/403 1798/893/11
f 1799/896/27 1797/1419/403 1794/894/393
f 1799/896/27 1800/1420/798 1797/1419/403
f 1801/899/12 1800/1420/798 1799/896/27
f 1802/1421/799 1803/21/12 1804/523/611
f 1805/521/611 1802/1421/799 1804/523/611
f 1804/523/611 1803/21/12 1806/20/800
f 1807/1422/799 1802/1421/799 1805/521/611
f 1808/520/11 1807/1422/799 1805/521/611
f 1809/1423/801 1807/1422/799 1808/520/11
f 1810/1424/544 1811/1425/541 1812/702/9
f 1812/702/9 1811/1425/541 1813/677/782
f 1814/1424/508 1815/689/6 1816/1424/12
f 1816/1424/12 1815/689/6 1817/687/6
f 1818/1426/802 1819/1029/581 1820/1427/803
f 1821/1428/804 1819/1029/581 1818/1426/802
f 1820/1427/803 1819/1029/581 1822/1031/451
f 1823/1027/388 1819/1029/581 1821/1428/804
f 1824/1429/805 1823/1027/388 1821/1428/804
f 1825/1026/806 1823/1027/388 1824/1429/805
f 1826/1430/807 1825/1026/806 1824/1429/805
f 1827/1028/806 1825/1026/806 1826/1430/807
f 1828/1431/808 1827/1028/806 1826/1430/807
f 1829/1030/405 1827/1028/806 1828/1431/808
f 1830/1432/809 1829/1030/405 1828/1431/808
f 1831/1032/405 1829/1030/405 1830/1432/809
f 1832/1038/620 1831/1032/405 1830/1432/809
f 1833/1033/405 1831/1032/405 1832/1038/620
f 1834/965/810 1835/967/621 1836/1433/811
f 1836/1433/811 1837/964/584 1834/965/810
f 1836/1433/811 1835/967/621 1838/1434/812
f 1839/1435/811 1837/964/584 1836/1433/811
f 1840/1436/750 1837/964/584 1839/1435/811
f 1841/1211/703 1837/964/584 1840/1436/750
f 1842/1327/703 1843/1437/750 1844/1328/813
f 1844/1328/813 1843/1437/750 1845/1438/654
f 1846/1439/814 1847/1023/2 1848/1025/815
f 1847/1023/2 1846/1439/814 1849/1022/2
f 1848/1025/815 1847/1023/2 1850/1024/816
f 1849/1022/2 1846/1439/814 1851/1440/817
f 1851/1440/817 1852/1021/393 1849/1022/2
f 1853/1441/818 1852/1021/393 1851/1440/817
f 1852/1021/393 1853/1441/818 1854/1020/2
f 1854/1020/2 1853/1441/818 1855/1442/819
f 1854/1020/2 1855/1442/819 1856/971/393
f 1856/971/393 1855/1442/819 1857/971/820
f 1857/971/820 1858/976/664 1856/971/393
f 1856/971/393 1858/976/664 1859/976/2
f 1860/981/664 1859/976/2 1858/976/664
f 1861/981/2 1859/976/2 1860/981/664
f 1862/1443/7 1863/1444/621 1864/1445/7
f 1865/1446/821 1863/1444/621 1862/1443/7
f 1864/1445/7 1863/1444/621 1866/1447/5
f 1867/1448/812 1863/1444/621 1865/1446/821
f 1868/1449/822 1869/1450/823 1870/1451/824
f 1868/1449/822 1871/1452/825 1869/1450/823
f 1870/1451/824 1869/1450/823 1872/1453/826
f 1873/1454/827 1871/1452/825 1868/1449/822
f 1874/1455/828 1868/1449/822 1870/1451/824
f 1873/1454/827 1875/1456/829 1871/1452/825
f 1876/1457/830 1868/1449/822 1874/1455/828
f 1876/1457/830 1873/1454/827 1868/1449/822
f 1877/1458/831 1875/1456/829 1873/1454/827
f 1878/1459/832 1876/1457/830 1874/1455/828
f 1877/1458/831 1879/1460/833 1875/1456/829
f 1880/1461/827 1873/1454/827 1876/1457/830
f 1880/1461/827 1877/1458/831 1873/1454/827
f 1881/1462/834 1876/1457/830 1878/1459/832
f 1881/1462/834 1880/1461/827 1876/1457/830
f 1882/1463/835 1879/1460/833 1877/1458/831
f 1883/1464/836 1880/1461/827 1881/1462/834
f 1884/1465/837 1882/1463/835 1877/1458/831
f 1883/1464/836 1884/1465/837 1880/1461/827
f 1884/1465/837 1877/1458/831 1880/1461/827
f 1885/1466/838 1882/1463/835 1884/1465/837
f 1886/1467/839 1884/1465/837 1883/1464/836
f 1886/1467/839 1885/1466/838 1884/1465/837
f 1887/1468/840 1885/1466/838 1886/1467/839
f 1888/1451/841 1889/1453/842 1890/1469/843
f 1891/1470/844 1888/1451/841 1890/1469/843
f 1890/1469/843 1889/1453/842 1892/1471/845
f 1893/1455/846 1888/1451/841 1891/1470/844
f 1894/1472/847 1890/1469/843 1892/1471/845
f 1895/1473/848 1893/1455/846 1891/1470/844
f 1896/1474/849 1890/1469/843 1894/1472/847
f 1896/1474/849 1891/1470/844 1890/1469/843
f 1897/1459/850 1893/1455/846 1895/1473/848
f 1898/1475/851 1891/1470/844 1896/1474/849
f 1898/1475/851 1895/1473/848 1891/1470/844
f 1899/1476/852 1895/1473/848 1898/1475/851
f 1900/1477/851 1901/1478/847 1902/1479/853
f 1903/1480/853 1900/1477/851 1902/1479/853
f 1902/1479/853 1901/1478/847 1904/1481/854
f 1905/1482/855 1903/1480/853 1902/1479/853
f 1906/1483/851 1900/1477/851 1903/1480/853
f 1907/1484/856 1902/1479/853 1904/1481/854
f 1905/1482/855 1902/1479/853 1907/1484/856
f 1908/1485/857 1906/1483/851 1903/1480/853
f 1909/1486/858 1905/1482/855 1907/1484/856
f 1910/1487/859 1908/1485/857 1903/1480/853
f 1910/1487/859 1903/1480/853 1905/1482/855
f 1911/1488/852 1906/1483/851 1908/1485/857
f 1912/1489/860 1905/1482/855 1909/1486/858
f 1912/1489/860 1910/1487/859 1905/1482/855
f 1913/1490/861 1908/1485/857 1910/1487/859
f 1914/1491/862 1912/1489/860 1909/1486/858
f 1915/1492/863 1913/1490/861 1910/1487/859
f 1915/1492/863 1910/1487/859 1912/1489/860
f 1916/1493/864 1912/1489/860 1914/1491/862
f 1916/1493/864 1915/1492/863 1912/1489/860
f 1917/1494/865 1913/1490/861 1915/1492/863
f 1918/1495/866 1915/1492/863 1916/1493/864
f 1918/1495/866 1917/1494/865 1915/1492/863
f 1919/1496/867 1917/1494/865 1918/1495/866
f 1920/1497/868 1921/1498/869 1922/1499/870
f 1920/1497/868 1923/1500/871 1921/1498/869
f 1922/1499/870 1921/1498/869 1924/1501/872
f 1925/1502/873 1920/1497/868 1922/1499/870
f 1921/1498/869 1923/1500/871 1926/1503/874
f 1922/1499/870 1924/1501/872 1927/1504/875
f 1925/1502/873 1922/1499/870 1928/1505/876
f 1929/1506/868 1920/1497/868 1925/1502/873
f 1923/1500/871 1930/1507/877 1926/1503/874
f 1928/1505/876 1922/1499/870 1927/1504/875
f 1931/1508/878 1929/1506/868 1925/1502/873
f 1920/1497/868 1932/1509/879 1923/1500/871
f 1933/1510/880 1925/1502/873 1928/1505/876
f 1927/1504/875 1924/1501/872 1934/1511/881
f 1929/1506/868 1932/1509/879 1920/1497/868
f 1931/1508/878 1925/1502/873 1933/1510/880
f 1927/1504/875 1934/1511/881 1935/1463/882
f 1936/1512/883 1929/1506/868 1931/1508/878
f 1929/1506/868 1937/1513/884 1932/1509/879
f 1933/1510/880 1928/1505/876 1938/1468/885
f 1935/1463/882 1934/1511/881 1939/1460/886
f 1936/1512/883 1937/1513/884 1929/1506/868
f 1937/1513/884 1940/1514/887 1932/1509/879
f 1938/1468/885 1928/1505/876 1941/1466/838
f 1941/1466/838 1927/1504/875 1935/1463/882
f 1928/1505/876 1927/1504/875 1941/1466/838
f 1932/1509/879 1940/1514/887 1942/1515/888
f 1932/1509/879 1942/1515/888 1923/1500/871
f 1940/1514/887 1943/1516/889 1942/1515/888
f 1923/1500/871 1942/1515/888 1930/1507/877
f 1942/1515/888 1943/1516/889 1944/1517/890
f 1942/1515/888 1944/1517/890 1930/1507/877
f 1930/1507/877 1944/1517/890 1945/1518/891
f 1930/1507/877 1945/1518/891 1946/1519/892
f 1926/1503/874 1930/1507/877 1946/1519/892
f 1946/1519/892 1945/1518/891 1947/1520/893
f 1948/1521/894 1949/1522/895 1950/1523/896
f 1948/1521/894 1950/1523/896 1951/1524/897
f 1950/1523/896 1949/1522/895 1952/1525/898
f 1951/1524/897 1953/1526/899 1948/1521/894
f 1953/1526/899 1949/1522/895 1948/1521/894
f 1951/1524/897 1950/1523/896 1954/1527/900
f 1949/1522/895 1955/1528/901 1952/1525/898
f 1956/1529/902 1953/1526/899 1951/1524/897
f 1954/1527/900 1950/1523/896 1957/1530/903
f 1958/1531/904 1949/1522/895 1953/1526/899
f 1958/1531/904 1955/1528/901 1949/1522/895
f 1953/1526/899 1956/1529/902 1959/1532/905
f 1952/1525/898 1955/1528/901 1960/1533/906
f 1950/1523/896 1952/1525/898 1961/1534/907
f 1953/1526/899 1962/1535/908 1958/1531/904
f 1961/1534/907 1952/1525/898 1963/1536/909
f 1955/1528/901 1964/1537/611 1960/1533/906
f 1958/1531/904 1962/1535/908 1965/1538/910
f 1966/1539/911 1955/1528/901 1958/1531/904
f 1966/1539/911 1964/1537/611 1955/1528/901
f 1960/1533/906 1964/1537/611 1967/1540/912
f 1968/1541/913 1964/1537/611 1966/1539/911
f 1969/1542/914 1970/1543/915 1971/1544/916
f 1972/1545/917 1969/1542/914 1971/1544/916
f 1971/1544/916 1970/1543/915 1973/1546/918
f 1974/1547/919 1969/1542/914 1972/1545/917
f 1970/1543/915 1975/1548/920 1973/1546/918
f 1976/1549/921 1974/1547/919 1972/1545/917
f 1973/1546/918 1975/1548/920 1977/1550/922
f 1978/1551/923 1974/1547/919 1976/1549/921
f 1975/1548/920 1979/1552/924 1977/1550/922
f 1980/1553/925 1978/1551/923 1976/1549/921
f 1977/1550/922 1979/1552/924 1981/1554/926
f 1982/1555/927 1978/1551/923 1980/1553/925
f 1979/1552/924 1983/1556/928 1981/1554/926
f 1984/1557/929 1982/1555/927 1980/1553/925
f 1981/1554/926 1983/1556/928 1985/1558/930
f 1986/1559/931 1982/1555/927 1984/1557/929
f 1983/1556/928 1987/1560/932 1985/1558/930
f 1988/1561/933 1986/1559/931 1984/1557/929
f 1985/1558/930 1987/1560/932 1989/1562/934
f 1990/1563/935 1986/1559/931 1988/1561/933
f 1987/1560/932 1991/1564/936 1989/1562/934
f 1992/1565/937 1990/1563/935 1988/1561/933
f 1989/1562/934 1991/1564/936 1993/1566/938
f 1994/1567/939 1990/1563/935 1992/1565/937
f 1991/1564/936 1995/1568/940 1993/1566/938
f 1996/1569/941 1994/1567/939 1992/1565/937
f 1993/1566/938 1995/1568/940 1997/1570/942
f 1998/1571/943 1994/1567/939 1996/1569/941
f 1999/1572/944 1996/1569/941 1992/1565/937
f 1995/1568/940 2000/1573/945 1997/1570/942
f 2001/1574/946 1998/1571/943 1996/1569/941
f 2002/1575/947 1996/1569/941 1999/1572/944
f 2002/1575/947 2001/1574/946 1996/1569/941
f 1997/1570/942 2000/1573/945 2003/1576/948
f 2004/1577/949 1998/1571/943 2001/1574/946
f 2005/1578/950 2001/1574/946 2002/1575/947
f 2000/1573/945 2006/1579/951 2003/1576/948
f 2007/1580/952 2004/1577/949 2001/1574/946
f 2001/1574/946 2005/1578/950 2007/1580/952
f 2003/1576/948 2006/1579/951 2008/1581/953
f 2009/1582/954 2004/1577/949 2007/1580/952
f 2007/1580/952 2005/1578/950 2010/1583/955
f 2008/1581/953 2011/1584/956 2003/1576/948
f 2006/1579/951 2012/1585/957 2008/1581/953
f 2012/1585/957 2009/1582/954 2013/1586/958
f 2013/1586/958 2009/1582/954 2007/1580/952
f 2007/1580/952 2010/1583/955 2013/1586/958
f 2008/1581/953 2014/1587/959 2011/1584/956
f 2003/1576/948 2011/1584/956 2015/1588/960
f 2008/1581/953 2012/1585/957 2013/1586/958
f 2013/1586/958 2010/1583/955 2014/1587/959
f 2013/1586/958 2014/1587/959 2008/1581/953
f 2016/1589/961 2017/1590/962 2018/1591/963
f 2019/1592/964 2016/1589/961 2018/1591/963
f 2020/1593/965 2016/1589/961 2019/1592/964
f 2018/1591/963 2017/1590/962 2021/1594/966
f 2017/1590/962 2022/1595/967 2021/1594/966
f 2021/1594/966 2022/1595/967 2023/1596/968
f 2022/1595/967 2024/1597/969 2023/1596/968
f 2023/1596/968 2024/1597/969 2025/1598/970
f 2026/1599/971 2027/1593/965 2028/1600/972
f 2029/1601/973 2026/1599/971 2028/1600/972
f 2028/1600/972 2027/1593/965 2030/1592/974
f 2031/1602/975 2026/1599/971 2029/1601/973
f 2032/1597/976 2033/1603/977 2034/1598/978
f 2034/1598/978 2033/1603/977 2035/1604/979
f 2033/1603/977 2036/1605/980 2035/1604/979
f 2035/1604/979 2036/1605/980 2037/1606/981
f 2036/1605/980 2038/1607/982 2037/1606/981
f 2037/1606/981 2038/1607/982 2039/1608/983
f 2038/1607/982 2040/1609/984 2039/1608/983
f 2039/1608/983 2040/1609/984 2041/1610/985
f 2040/1609/984 2042/1611/986 2041/1610/985
f 2041/1610/985 2042/1611/986 2043/1612/987
f 2042/1611/986 2044/1613/956 2043/1612/987
f 2043/1612/987 2044/1613/956 2045/1614/988
f 2046/1615/989 2047/1616/975 2048/1617/990
f 2049/1618/991 2046/1615/989 2048/1617/990
f 2048/1617/990 2047/1616/975 2050/1619/992
f 2051/1620/993 2046/1615/989 2049/1618/991
f 2052/1621/994 2051/1620/993 2049/1618/991
f 2053/1622/995 2051/1620/993 2052/1621/994
f 2054/1623/996 2053/1622/995 2052/1621/994
f 2055/1624/947 2053/1622/995 2054/1623/996
f 2056/1625/997 2057/1493/998 2058/1626/999
f 2059/1627/1000 2056/1625/997 2058/1626/999
f 2058/1626/999 2057/1493/998 2060/1491/1001
f 2061/1628/1002 2056/1625/997 2059/1627/1000
f 2056/1625/997 2062/1495/1003 2057/1493/998
f 2063/1629/1004 2061/1628/1002 2059/1627/1000
f 2061/1628/1002 2064/1630/1005 2056/1625/997
f 2064/1630/1005 2062/1495/1003 2056/1625/997
f 2065/1631/1006 2061/1628/1002 2063/1629/1004
f 2064/1630/1005 2066/1496/1007 2062/1495/1003
f 2067/1520/1008 2065/1631/1006 2063/1629/1004
f 2065/1631/1006 2068/1632/1002 2061/1628/1002
f 2068/1632/1002 2064/1630/1005 2061/1628/1002
f 2069/1633/1009 2066/1496/1007 2064/1630/1005
f 2068/1632/1002 2069/1633/1009 2064/1630/1005
f 2070/1518/1010 2065/1631/1006 2067/1520/1008
f 2071/1634/1011 2069/1633/1009 2068/1632/1002
f 2070/1518/1010 2072/1635/1012 2065/1631/1006
f 2072/1635/1012 2071/1634/1011 2068/1632/1002
f 2072/1635/1012 2068/1632/1002 2065/1631/1006
f 2073/1517/890 2072/1635/1012 2070/1518/1010
f 2074/1636/1013 2071/1634/1011 2072/1635/1012
f 2073/1517/890 2074/1636/1013 2072/1635/1012
f 2075/1516/889 2074/1636/1013 2073/1517/890
f 2076/1637/1014 2077/1638/1015 2078/1639/1016
f 2078/1639/1016 2079/1640/1017 2076/1637/1014
f 2078/1639/1016 2077/1638/1015 2080/1641/1018
f 2081/1642/1019 2079/1640/1017 2078/1639/1016
f 2078/1639/1016 2080/1641/1018 2082/1643/1020
f 2082/1643/1020 2081/1642/1019 2078/1639/1016
f 2082/1643/1020 2080/1641/1018 2083/1644/1021
f 2084/1645/1022 2081/1642/1019 2082/1643/1020
f 2085/1646/1020 2086/1647/1021 2087/1648/27
f 2087/1648/27 2088/1649/1023 2085/1646/1020
f 2087/1648/27 2086/1647/1021 2089/1650/1024
f 2090/1651/1025 2088/1649/1023 2087/1648/27
f 2091/1652/1026 2092/1653/1027 2093/1654/1028
f 2094/1655/1029 2091/1652/1026 2093/1654/1028
f 2093/1654/1028 2092/1653/1027 2095/1656/1030
f 2096/1657/959 2091/1652/1026 2094/1655/1029
f 2092/1653/1027 2097/1624/947 2095/1656/1030
f 2095/1656/1030 2097/1624/947 2098/1623/1031
f 2099/1614/1032 2096/1657/959 2094/1655/1029
f 2100/1613/1033 2096/1657/959 2099/1614/1032
f 2101/1658/1034 2102/1659/914 2103/1660/826
f 2103/1660/826 2102/1659/914 2104/1661/919
f 2105/1662/1035 2101/1658/823 2106/1663/915
f 2106/1663/915 2101/1658/823 2107/1664/1036
f 2108/1665/915 2107/1664/1036 2109/1666/1037
f 2109/1666/1037 2107/1664/1036 2110/1667/1038
f 2111/1668/1037 2110/1667/1039 2112/1669/1040
f 2112/1669/1040 2110/1667/1039 2113/1670/1041
f 2114/1660/826 2115/1671/1042 2116/1672/845
f 2116/1672/845 2115/1671/1042 2117/1673/1043
f 2116/1672/845 2118/1674/1044 2119/1675/847
f 2119/1675/847 2118/1674/1044 2120/1676/1045
f 2121/1677/1046 2122/1670/1041 2123/1678/928
f 2123/1678/928 2122/1670/1041 2124/1679/1047
f 2125/1680/928 2124/1679/1048 2126/1681/1049
f 2126/1681/1049 2124/1679/1048 2127/1682/872
f 2128/1683/1050 2127/1682/1051 2129/1684/936
f 2129/1684/936 2127/1682/1051 2130/1685/1052
f 2131/1686/936 2130/1685/1052 2132/1687/1053
f 2132/1687/1053 2130/1685/1052 2133/1688/1054
f 2134/1689/1053 2133/1688/1054 2135/1690/1055
f 2135/1690/1055 2133/1688/1054 2136/1691/1056
f 2137/1692/1057 2136/1691/1056 2138/1693/1058
f 2138/1693/1058 2136/1691/1056 2139/1694/893
f 2140/1695/1059 2141/1696/1060 2142/1697/1061
f 2142/1697/1061 2141/1696/1060 2143/1698/931
f 2144/1697/1061 2145/1699/931 2146/1700/856
f 2146/1700/856 2145/1699/931 2147/1701/1062
f 2148/1702/1063 2149/1703/858 2146/1700/856
f 2150/1704/939 2149/1703/858 2148/1702/1063
f 2151/1705/1064 2152/1706/1065 2149/1703/858
f 2153/1707/1066 2152/1706/1065 2151/1705/1064
f 2154/1706/1067 2155/1708/1068 2156/1709/1069
f 2156/1709/1069 2155/1708/1068 2157/1710/949
f 2158/1711/949 2159/1712/1070 2156/1709/1069
f 2160/1713/1071 2159/1712/1070 2158/1711/949
f 2161/1714/1071 2162/1715/1072 2159/1712/1070
f 2163/1716/1073 2162/1715/1072 2161/1714/1071
f 2164/1717/957 2165/1694/1074 2162/1715/1075
f 2166/1718/1076 2165/1694/1074 2164/1717/957
f 2167/1719/1077 2168/1546/918 2169/1720/1078
f 2168/1546/918 2167/1719/1077 2170/1544/1079
f 2169/1720/1078 2168/1546/918 2171/1550/1080
f 2170/1544/1079 2167/1719/1077 2172/1721/1081
f 2169/1720/1078 2171/1550/1080 2173/1722/969
f 2170/1544/1079 2172/1721/1081 2174/1545/917
f 2173/1722/969 2171/1550/1080 2175/1554/926
f 2174/1545/917 2172/1721/1081 2176/1723/965
f 2173/1722/969 2175/1554/926 2177/1724/1082
f 2177/1724/1082 2175/1554/926 2178/1558/1083
f 2174/1545/917 2176/1723/965 2179/1549/1084
f 2179/1549/1084 2176/1723/965 2180/1725/1085
f 2181/1549/921 2182/1725/1085 2183/1553/1086
f 2183/1553/1086 2182/1725/1085 2184/1726/1087
f 2183/1553/1086 2184/1726/1087 2185/1557/929
f 2185/1557/929 2184/1726/1087 2186/1727/1088
f 2185/1557/929 2186/1727/1088 2187/1561/1089
f 2187/1561/1089 2186/1727/1088 2188/1728/1090
f 2188/1728/1090 2189/1565/1091 2187/1561/1089
f 2190/1572/1092 2189/1565/1091 2188/1728/1090
f 2191/1724/1093 2192/1558/1083 2193/1729/1094
f 2193/1729/1094 2192/1558/1083 2194/1562/1095
f 2193/1729/1094 2194/1562/1095 2195/1730/1096
f 2195/1730/1096 2194/1562/1095 2196/1566/938
f 2195/1730/1096 2196/1566/938 2197/1731/1097
f 2197/1731/1097 2196/1566/938 2198/1570/1098
f 2198/1570/1098 2199/1588/1099 2197/1731/1097
f 2200/1576/1100 2199/1588/1099 2198/1570/1098
f 2201/1531/1101 2202/1732/910 2203/1539/1102
f 2203/1539/1102 2202/1732/910 2204/1733/1103
f 2203/1539/1102 2204/1733/1103 2205/1541/1104
f 2205/1541/1104 2204/1733/1103 2206/1734/1105
f 2207/1525/1106 2208/1533/1107 2209/1735/1108
f 2209/1735/1108 2208/1533/1107 2210/1736/1109
f 2208/1533/1107 2211/1540/1110 2210/1736/1109
f 2210/1736/1109 2211/1540/1110 2212/1737/1111
f 2213/1738/1112 2214/1739/1113 2215/1651/1104
f 2215/1651/1104 2214/1739/1113 2216/1649/1022
f 2217/1740/1114 2218/1650/1115 2219/1741/1116
f 2219/1741/1116 2218/1650/1115 2220/1647/1021
f 2221/1644/1117 2222/1742/1118 2219/1741/1116
f 2223/1641/1119 2222/1742/1118 2221/1644/1117
f 2224/1743/1120 2225/1638/1121 2226/1744/1122
f 2225/1638/1121 2224/1743/1120 2227/1745/1123
f 2226/1744/1122 2225/1638/1121 2228/1637/1124
f 2228/1637/1124 2229/1640/1017 2226/1744/1122
f 2226/1744/1122 2229/1640/1017 2230/1746/1125
f 2230/1746/1125 2229/1640/1017 2231/1747/1126
f 2225/1638/1121 2232/1748/1123 2233/1641/1119
f 2233/1641/1119 2232/1748/1123 2234/1749/1127
f 2229/1640/1128 2235/1642/1129 2236/1750/1130
f 2236/1750/1130 2235/1642/1129 2237/1751/1131
f 2238/1642/1132 2239/1645/1022 2240/1752/1133
f 2240/1752/1133 2239/1645/1022 2241/1753/1134
f 2242/1754/1135 2243/1755/832 2244/1756/1135
f 2244/1756/1135 2243/1755/832 2245/1757/848
f 2246/1754/1136 2247/1758/1137 2243/1755/850
f 2248/1759/1136 2247/1758/1137 2246/1754/1136
f 2249/1756/1138 2245/1757/1139 2250/1760/1138
f 2250/1760/1138 2245/1757/1139 2251/1761/852
f 2252/1759/1140 2253/1762/836 2247/1758/834
f 2254/1763/1140 2253/1762/836 2252/1759/1140
f 2255/1763/1141 2256/1764/1142 2253/1762/1143
f 2257/1765/1141 2256/1764/1142 2255/1763/1141
f 2258/1766/1144 2256/1764/1145 2259/1767/1146
f 2259/1767/1146 2256/1764/1145 2260/1765/1146
f 2261/1768/1147 2258/1766/1144 2262/1769/1148
f 2262/1769/1148 2258/1766/1144 2263/1767/1148
f 2264/1770/1149 2261/1768/1150 2265/1771/1151
f 2265/1771/1151 2261/1768/1150 2266/1769/1151
f 2267/1771/1152 2268/1772/1153 2264/1770/1154
f 2269/1773/1152 2268/1772/1153 2267/1771/1152
f 2270/1773/1155 2271/1774/1155 2268/1772/1156
f 2268/1772/1156 2271/1774/1155 2272/1775/1157
f 2273/1774/1158 2274/1776/887 2272/1775/1159
f 2275/1777/1158 2274/1776/887 2273/1774/1158
f 2276/1778/1160 2277/1779/1161 2278/1777/1160
f 2278/1777/1160 2277/1779/1161 2279/1776/887
f 2280/1778/1162 2281/1780/1163 2277/1779/1161
f 2282/1781/1162 2281/1780/1163 2280/1778/1162
f 2283/1781/1164 2284/1782/1164 2281/1780/1163
f 2281/1780/1163 2284/1782/1164 2285/1783/1165
f 2286/1782/1166 2287/1784/1166 2285/1783/1165
f 2285/1783/1165 2287/1784/1166 2288/1785/1167
f 2289/1784/1168 2290/1786/1168 2288/1785/1169
f 2288/1785/1169 2290/1786/1168 2291/1787/1170
f 2292/1786/1171 2293/1788/1171 2291/1787/1170
f 2291/1787/1170 2293/1788/1171 2294/1789/1172
f 2295/1788/1173 2296/1790/1173 2297/1789/1172
f 2297/1789/1172 2296/1790/1173 2298/1791/1174
f 2299/1790/1175 2300/1792/1175 2298/1791/1174
f 2298/1791/1174 2300/1792/1175 2301/1793/1176
f 2302/1792/1177 2303/1794/852 2301/1793/1178
f 2304/1795/1177 2303/1794/852 2302/1792/1177
f 2305/1796/2 2306/1797/393 2307/1798/458
f 2305/1796/2 2308/1799/393 2306/1797/393
f 2307/1798/458 2306/1797/393 2309/1800/2
f 2310/1801/458 2308/1799/393 2305/1796/2
f 2307/1798/458 2311/1796/1179 2305/1796/2
f 2311/1796/1179 2310/1801/458 2305/1796/2
f 2312/1802/2 2308/1799/393 2310/1801/458
f 2313/1798/1179 2311/1796/1179 2307/1798/458
f 2314/1803/2 2308/1799/393 2312/1802/2
f 2315/1801/1180 2310/1801/458 2311/1796/1179
f 2313/1798/1179 2316/1796/1179 2311/1796/1179
f 2316/1796/1179 2315/1801/1180 2311/1796/1179
f 2314/1803/2 2312/1802/2 2317/1804/2
f 2318/1798/1181 2316/1796/1179 2313/1798/1179
f 2319/1801/1180 2315/1801/1180 2316/1796/1179
f 2317/1804/2 2312/1802/2 2320/1805/393
f 2320/1805/393 2321/1806/393 2317/1804/2
f 2317/1804/2 2321/1806/393 2322/1807/393
f 2323/1802/1182 2324/1802/1183 2325/1801/1180
f 2323/1802/1182 2326/1805/1184 2324/1802/1183
f 2325/1801/1180 2324/1802/1183 2327/1801/1185
f 2328/1805/1184 2326/1805/1184 2323/1802/1182
f 2324/1802/1183 2329/1802/393 2327/1801/1185
f 2328/1805/1184 2330/1806/1186 2326/1805/1184
f 2326/1805/1184 2331/1805/2 2324/1802/1183
f 2324/1802/1183 2331/1805/2 2329/1802/393
f 2327/1801/1185 2329/1802/393 2332/1801/393
f 2326/1805/1184 2330/1806/1186 2333/1806/1187
f 2326/1805/1184 2333/1806/1187 2331/1805/2
f 2331/1805/2 2333/1806/1187 2334/1806/393
f 2335/1808/1186 2336/1809/1188 2337/1808/1189
f 2337/1808/1189 2336/1809/1188 2338/1809/1190
f 2337/1808/1189 2338/1809/1190 2339/1808/393
f 2339/1808/393 2338/1809/1190 2340/1809/2
f 2341/1809/1188 2342/1810/1191 2343/1809/1192
f 2343/1809/1192 2342/1810/1191 2344/1810/1193
f 2343/1809/1192 2344/1810/1193 2345/1809/2
f 2345/1809/2 2344/1810/1193 2346/1810/2
f 2347/1811/1191 2348/1812/1194 2349/1811/1195
f 2349/1811/1195 2348/1812/1194 2350/1812/1194
f 2349/1811/1195 2350/1812/1194 2351/1811/2
f 2351/1811/2 2350/1812/1194 2352/1812/2
f 2353/1812/1196 2354/1813/1197 2355/1812/1194
f 2355/1812/1194 2354/1813/1197 2356/1813/1198
f 2355/1812/1194 2356/1813/1198 2357/1812/393
f 2357/1812/393 2356/1813/1198 2358/1813/2
f 2359/1799/1198 2360/1797/1199 2361/1799/1197
f 2361/1799/1197 2360/1797/1199 2362/1797/1199
f 2361/1799/1197 2362/1797/1199 2363/1799/393
f 2360/1797/1199 2364/1800/1200 2362/1797/1199
f 2363/1799/393 2362/1797/1199 2365/1797/393
f 2362/1797/1199 2364/1800/1200 2366/1800/1200
f 2362/1797/1199 2366/1800/1200 2365/1797/393
f 2364/1800/1200 2367/1798/1179 2366/1800/1200
f 2365/1797/393 2366/1800/1200 2368/1800/393
f 2366/1800/1200 2367/1798/1179 2369/1798/1201
f 2366/1800/1200 2369/1798/1201 2368/1800/393
f 2368/1800/393 2369/1798/1201 2370/1798/2
f 2371/1814/611 2372/1815/2 2373/1816/2
f 2371/1814/611 2374/1817/2 2372/1815/2
f 2373/1816/2 2372/1815/2 2375/1818/2
f 2376/1819/458 2374/1817/2 2371/1814/611
f 2373/1816/2 2377/1814/1179 2371/1814/611
f 2378/1820/2 2374/1817/2 2376/1819/458
f 2379/1816/1179 2377/1814/1179 2373/1816/2
f 2377/1814/1179 2380/1819/1180 2371/1814/611
f 2371/1814/611 2380/1819/1180 2376/1819/458
f 2381/1821/393 2374/1817/2 2378/1820/2
f 2379/1816/1179 2382/1814/1179 2377/1814/1179
f 2382/1814/1179 2380/1819/1180 2377/1814/1179
f 2381/1821/393 2378/1820/2 2383/1822/393
f 2384/1816/1181 2382/1814/1179 2379/1816/1179
f 2385/1819/1180 2380/1819/1180 2382/1814/1179
f 2383/1822/393 2378/1820/2 2386/1823/2
f 2386/1823/2 2387/1824/393 2383/1822/393
f 2383/1822/393 2387/1824/393 2388/1825/393
f 2389/1820/1202 2390/1820/1182 2391/1819/1180
f 2389/1820/1202 2392/1823/1184 2390/1820/1182
f 2391/1819/1180 2390/1820/1182 2393/1819/1203
f 2394/1823/1184 2392/1823/1184 2389/1820/1202
f 2390/1820/1182 2392/1823/1184 2395/1820/450
f 2390/1820/1182 2395/1820/450 2393/1819/1203
f 2394/1823/1184 2396/1824/1186 2392/1823/1184
f 2395/1820/450 2392/1823/1184 2397/1823/2
f 2393/1819/1203 2395/1820/450 2398/1819/393
f 2392/1823/1184 2396/1824/1186 2399/1824/1186
f 2392/1823/1184 2399/1824/1186 2397/1823/2
f 2396/1824/1186 2400/1825/1188 2399/1824/1186
f 2397/1823/2 2399/1824/1186 2401/1824/2
f 2399/1824/1186 2400/1825/1188 2402/1825/1204
f 2399/1824/1186 2402/1825/1204 2401/1824/2
f 2401/1824/2 2402/1825/1204 2403/1825/458
f 2404/1825/1188 2405/1822/1205 2406/1825/1206
f 2406/1825/1206 2405/1822/1205 2407/1822/1195
f 2406/1825/1206 2407/1822/1195 2408/1825/2
f 2405/1822/1205 2409/1821/1194 2407/1822/1195
f 2408/1825/2 2407/1822/1195 2410/1822/458
f 2407/1822/1195 2409/1821/1194 2411/1821/1194
f 2407/1822/1195 2411/1821/1194 2410/1822/458
f 2410/1822/458 2411/1821/1194 2412/1821/458
f 2413/1821/1194 2414/1817/1197 2415/1821/1194
f 2415/1821/1194 2414/1817/1197 2416/1817/1197
f 2415/1821/1194 2416/1817/1197 2417/1821/458
f 2414/1817/1197 2418/1815/1199 2416/1817/1197
f 2417/1821/458 2416/1817/1197 2419/1817/611
f 2416/1817/1197 2418/1815/1199 2420/1815/1199
f 2416/1817/1197 2420/1815/1199 2419/1817/611
f 2418/1815/1199 2421/1818/1200 2420/1815/1199
f 2419/1817/611 2420/1815/1199 2422/1815/27
f 2420/1815/1199 2421/1818/1200 2423/1818/1200
f 2420/1815/1199 2423/1818/1200 2422/1815/27
f 2421/1818/1200 2424/1816/1179 2423/1818/1200
f 2422/1815/27 2423/1818/1200 2425/1818/393
f 2423/1818/1200 2424/1816/1179 2426/1816/1179
f 2423/1818/1200 2426/1816/1179 2425/1818/393
f 2425/1818/393 2426/1816/1179 2427/1816/27
f 2428/1826/30 2429/1827/30 2430/1828/30
f 2428/1826/30 2431/1829/30 2429/1827/30
f 2430/1828/30 2429/1827/30 2432/1830/30
f 2433/1831/408 2431/1829/30 2428/1826/30
f 2430/1828/30 2434/1826/1207 2428/1826/30
f 2434/1826/1207 2433/1831/408 2428/1826/30
f 2435/1832/30 2431/1829/30 2433/1831/408
f 2436/1828/1208 2434/1826/1207 2430/1828/30
f 2437/1833/30 2431/1829/30 2435/1832/30
f 2438/1831/1209 2433/1831/408 2434/1826/1207
f 2434/1826/1207 2436/1828/1208 2439/1826/1210
f 2439/1826/1210 2438/1831/1209 2434/1826/1207
f 2437/1833/30 2435/1832/30 2440/1834/30
f 2439/1826/1210 2436/1828/1208 2441/1828/1210
f 2442/1831/1211 2438/1831/1209 2439/1826/1210
f 2440/1834/30 2435/1832/30 2443/1835/30
f 2443/1835/30 2444/1836/30 2440/1834/30
f 2440/1834/30 2444/1836/30 2445/1837/26
f 2446/1832/1212 2447/1832/1213 2448/1831/1211
f 2446/1832/1212 2449/1835/1214 2447/1832/1213
f 2448/1831/1211 2447/1832/1213 2450/1831/1215
f 2451/1835/1216 2449/1835/1214 2446/1832/1212
f 2447/1832/1213 2452/1832/30 2450/1831/1215
f 2453/1836/1217 2449/1835/1214 2451/1835/1216
f 2449/1835/1214 2454/1835/30 2447/1832/1213
f 2447/1832/1213 2454/1835/30 2452/1832/30
f 2450/1831/1215 2452/1832/30 2455/1831/26
f 2456/1836/1218 2449/1835/1214 2453/1836/1217
f 2449/1835/1214 2456/1836/1218 2454/1835/30
f 2457/1837/1219 2456/1836/1218 2453/1836/1217
f 2454/1835/30 2456/1836/1218 2458/1836/30
f 2459/1837/1220 2456/1836/1218 2457/1837/1219
f 2456/1836/1218 2459/1837/1220 2458/1836/30
f 2458/1836/30 2459/1837/1220 2460/1837/408
f 2461/1834/1221 2462/1837/1222 2463/1834/1223
f 2463/1834/1223 2464/1833/1224 2461/1834/1221
f 2463/1834/1223 2462/1837/1222 2465/1837/1225
f 2466/1833/1226 2464/1833/1224 2463/1834/1223
f 2464/1833/1224 2467/1833/30 2461/1834/1221
f 2462/1837/1222 2461/1834/1221 2468/1837/434
f 2461/1834/1221 2467/1833/30 2469/1834/30
f 2468/1837/434 2461/1834/1221 2469/1834/30
f 2470/1829/1227 2471/1829/1228 2472/1833/1226
f 2470/1829/1227 2473/1827/1229 2471/1829/1228
f 2472/1833/1226 2471/1829/1228 2474/1833/1224
f 2475/1827/1230 2473/1827/1229 2470/1829/1227
f 2473/1827/1229 2476/1827/435 2471/1829/1228
f 2471/1829/1228 2477/1829/30 2474/1833/1224
f 2471/1829/1228 2476/1827/435 2477/1829/30
f 2474/1833/1224 2477/1829/30 2478/1833/408
f 2479/1830/1231 2473/1827/1229 2475/1827/1230
f 2473/1827/1229 2480/1830/1232 2476/1827/435
f 2480/1830/1232 2473/1827/1229 2479/1830/1231
f 2476/1827/435 2480/1830/1232 2481/1830/30
f 2482/1828/1233 2480/1830/1232 2479/1830/1231
f 2480/1830/1232 2483/1828/1234 2481/1830/30
f 2483/1828/1234 2480/1830/1232 2482/1828/1233
f 2481/1830/30 2483/1828/1234 2484/1828/26
f 2485/1838/1235 2486/1839/553 2487/1840/1236
f 2485/1838/1235 2488/1841/435 2486/1839/553
f 2487/1840/1236 2486/1839/553 2489/1842/26
f 2490/1843/1235 2488/1841/435 2485/1838/1235
f 2489/1842/26 2491/1844/1237 2487/1840/1236
f 2490/1843/1235 2492/1845/30 2488/1841/435
f 2493/1846/408 2491/1844/1237 2489/1842/26
f 2494/1847/1238 2492/1845/30 2490/1843/1235
f 2491/1844/1237 2493/1846/408 2495/1848/1237
f 2494/1847/1238 2496/1849/435 2492/1845/30
f 2495/1848/1237 2493/1846/408 2497/1850/1239
f 2498/1851/31 2496/1849/435 2494/1847/1238
f 2499/1852/1240 2495/1848/1237 2497/1850/1239
f 2500/1853/1241 2495/1848/1237 2499/1852/1240
f 2498/1851/31 2501/1854/792 2496/1849/435
f 2498/1851/31 2502/1855/31 2501/1854/792
f 2496/1849/435 2501/1854/792 2503/1856/1242
f 2504/1857/1243 2505/1858/1244 2506/1859/1243
f 2507/1860/1245 2504/1857/1243 2506/1859/1243
f 2506/1859/1243 2505/1858/1244 2508/1861/1246
f 2509/1862/1245 2504/1857/1243 2507/1860/1245
f 2505/1858/1244 2510/1863/1247 2508/1861/1246
f 2511/1864/1248 2509/1862/1245 2507/1860/1245
f 2508/1861/1246 2510/1863/1247 2512/1865/1249
f 2513/1866/1250 2509/1862/1245 2511/1864/1248
f 2510/1863/1247 2514/1867/1251 2512/1865/1249
f 2515/1868/1252 2513/1866/1250 2511/1864/1248
f 2512/1865/1249 2514/1867/1251 2516/1869/1251
f 2517/1870/17 2515/1868/1252 2511/1864/1248
f 2514/1867/1251 2518/1871/1253 2516/1869/1251
f 2519/1872/17 2515/1868/1252 2517/1870/17
f 2516/1869/1251 2518/1871/1253 2520/1873/1253
f 2521/1874/17 2519/1872/17 2517/1870/17
f 2522/1875/17 2519/1872/17 2521/1874/17
f 2518/1871/1253 2523/1876/1254 2520/1873/1253
f 2520/1873/1253 2523/1876/1254 2524/1877/1255
f 2525/1840/1256 2526/1878/1236 2527/1838/1235
f 2525/1840/1256 2528/1879/1237 2526/1878/1236
f 2527/1838/1235 2526/1878/1236 2529/1880/1257
f 2530/1844/1258 2528/1879/1237 2525/1840/1256
f 2529/1880/1257 2531/1843/1259 2527/1838/1235
f 2528/1879/1237 2530/1844/1258 2532/1881/1237
f 2533/1882/1235 2531/1843/1259 2529/1880/1257
f 2532/1881/1237 2530/1844/1258 2534/1848/1237
f 2533/1882/1235 2535/1847/1238 2531/1843/1259
f 2532/1881/1237 2534/1848/1237 2536/1883/1260
f 2537/1884/1261 2535/1847/1238 2533/1882/1235
f 2536/1883/1260 2534/1848/1237 2538/1853/1260
f 2537/1884/1261 2539/1885/1262 2535/1847/1238
f 2538/1853/1260 2540/1886/1263 2536/1883/1260
f 2541/1887/1255 2540/1886/1263 2538/1853/1260
f 2535/1847/1238 2539/1885/1262 2542/1851/31
f 2542/1851/31 2539/1885/1262 2543/1888/31
f 2543/1888/31 2544/1855/1264 2542/1851/31
f 2545/1889/31 2544/1855/1264 2543/1888/31
f 2546/1890/30 2547/1891/30 2548/1892/31
f 2546/1890/30 2549/1893/26 2547/1891/30
f 2550/1894/26 2549/1893/26 2546/1890/30
f 2551/1895/405 2549/1893/26 2550/1894/26
f 2552/1896/1265 2549/1893/26 2551/1895/405
f 2553/1897/543 2552/1896/405 2554/1898/26
f 2553/1897/543 2554/1898/26 2555/1899/30
f 2554/1898/26 2552/1896/405 2556/1900/405
f 2555/1899/30 2554/1898/26 2557/1901/30
f 2558/1902/15 2559/29/18 2560/1903/15
f 2558/1902/15 2561/30/17 2559/29/18
f 2560/1903/15 2559/29/18 2562/1904/15
f 2562/1904/15 2563/1905/387 2560/1903/15
f 2559/29/18 2564/1906/15 2562/1904/15
f 2560/1903/15 2563/1905/387 2565/1907/387
f 2562/1904/15 2564/1906/15 2566/1908/15
f 2566/1908/15 2563/1905/387 2562/1904/15
f 2567/1909/7 2563/1905/387 2566/1908/15
f 2568/1910/1266 2569/1911/1267 2570/1912/1268
f 2570/1912/1268 2571/1913/1269 2568/1910/1266
f 2570/1912/1268 2569/1911/1267 2572/1914/1270
f 2568/1910/1266 2571/1913/1269 2573/1915/1271
f 2572/1914/1270 2569/1911/1267 2574/1916/1272
f 2574/1916/1272 2569/1911/1267 2575/1917/1273
f 2571/1913/1269 2576/1918/1274 2573/1915/1271
f 2577/1919/1275 2576/1918/1274 2571/1913/1269
f 2576/1918/1274 2577/1919/1275 2578/1920/1276
f 2578/1920/1276 2577/1919/1275 2579/1921/1277
f 2579/1921/1277 2580/1922/1278 2578/1920/1276
f 2578/1920/1276 2580/1922/1278 2581/1923/1279
f 2582/1924/450 2583/1925/450 2584/1926/450
f 2582/1924/450 2585/1927/28 2583/1925/450
f 2584/1926/450 2583/1925/450 2586/1928/450
f 2583/1925/450 2585/1927/28 2587/1929/28
f 2586/1928/450 2588/1930/450 2584/1926/450
f 2585/1927/28 2589/1931/28 2587/1929/28
f 2590/1932/450 2588/1930/450 2586/1928/450
f 2586/1928/450 2591/1933/450 2590/1932/450
f 2592/1934/28 2589/1931/28 2585/1927/28
f 2592/1934/28 2593/1935/29 2589/1931/28
f 2589/1931/28 2593/1935/29 2594/1936/29
f 2593/1935/29 2595/1937/29 2594/1936/29
f 2596/1938/29 2594/1936/29 2595/1937/29
f 2594/1936/29 2596/1938/29 2597/1939/29
f 2598/1940/1280 2599/1941/1280 2600/1942/1281
f 2601/1943/1280 2599/1941/1280 2598/1940/1280
f 2598/1940/1280 2602/1944/1282 2601/1943/1280
f 2603/1945/1280 2599/1941/1280 2601/1943/1280
f 2601/1943/1280 2602/1944/1282 2604/1946/1282
f 2601/1943/1280 2604/1946/1282 2605/1947/393
f 2602/1944/1282 2606/1948/1283 2604/1946/1282
f 2605/1947/393 2604/1946/1282 2607/1949/2
f 2604/1946/1282 2606/1948/1283 2608/1950/1283
f 2606/1948/1283 2609/1951/1284 2608/1950/1283
f 2610/1952/1284 2609/1951/1284 2606/1948/1283
f 2610/1952/1284 2611/1953/1285 2609/1951/1284
f 2612/1954/1285 2611/1953/1285 2610/1952/1284
f 2612/1954/1285 2613/1955/1286 2611/1953/1285
f 2614/1956/1287 2613/1955/1286 2612/1954/1285
f 2611/1953/1285 2613/1955/1286 2615/1957/1288
f 2616/1958/12 2617/1959/12 2618/1960/12
f 2616/1958/12 2619/1961/393 2617/1959/12
f 2618/1960/12 2617/1959/12 2620/1962/12
f 2618/1960/12 2621/1963/1289 2616/1958/12
f 2617/1959/12 2619/1961/393 2622/1964/450
f 2623/1965/29 2618/1960/12 2620/1962/12
f 2624/1966/28 2618/1960/12 2623/1965/29
f 2616/1958/12 2621/1963/1289 2625/1967/1289
f 2619/1961/393 2616/1958/12 2625/1967/1289
f 2622/1964/450 2626/1968/734 2617/1959/12
f 2626/1968/734 2620/1962/12 2617/1959/12
f 2627/1969/734 2620/1962/12 2626/1968/734
f 2628/1945/1290 2629/1970/1291 2630/1941/1292
f 2628/1945/1290 2631/1971/1293 2629/1970/1291
f 2630/1941/1292 2629/1970/1291 2632/1972/1294
f 2633/1973/2 2631/1971/1293 2628/1945/1290
f 2634/1974/2 2635/1975/2 2636/1976/2
f 2636/1976/2 2637/1977/2 2634/1974/2
f 2634/1974/2 2637/1977/2 2638/1978/2
f 2636/1976/2 2635/1975/2 2639/1979/2
f 2639/1979/2 2640/1980/1284 2636/1976/2
f 2635/1975/2 2641/1981/2 2639/1979/2
f 2636/1976/2 2640/1980/1284 2642/1982/23
f 2643/1906/18 2644/1983/1295 2645/1908/18
f 2643/1906/18 2646/1984/1296 2644/1983/1295
f 2647/1985/458 2646/1984/1296 2643/1906/18
f 2645/1908/18 2644/1983/1295 2648/1986/1297
f 2648/1986/1297 2649/1987/7 2645/1908/18
f 2645/1908/18 2649/1987/7 2650/1909/7
f 2651/1988/1298 2652/1989/1289 2653/1990/1298
f 2654/1991/2 2651/1988/1298 2653/1990/1298
f 2653/1990/1298 2652/1989/1289 2655/1992/1299
f 2656/1993/2 2651/1988/1298 2654/1991/2
f 2657/1994/11 2658/1995/681 2659/1996/11
f 2657/1994/11 2660/1997/18 2658/1995/681
f 2659/1996/11 2658/1995/681 2661/1998/11
f 2658/1995/681 2660/1997/18 2662/1999/734
f 2663/2000/2 2658/1995/681 2662/1999/734
f 2664/2001/12 2665/2002/545 2666/2003/549
f 2666/2003/549 2665/2002/545 2667/2004/549
f 2668/2005/1300 2666/2003/549 2667/2004/549
f 2665/2002/545 2669/2006/28 2667/2004/549
f 2670/2007/1301 2666/2003/549 2668/2005/1300
f 2667/2004/549 2669/2006/28 2671/2008/450
f 2672/2009/393 2668/2005/1300 2667/2004/549
f 2673/2010/394 2674/2011/15 2675/2012/15
f 2673/2010/394 2675/2012/15 2676/2013/405
f 2675/2012/15 2674/2011/15 2677/2014/18
f 2676/2013/405 2675/2012/15 2678/2015/405
f 2675/2012/15 2677/2014/18 2679/2016/15
f 2678/2015/405 2680/2017/405 2676/2013/405
f 2678/2015/405 2675/2012/15 2681/2018/405
f 2681/2018/405 2675/2012/15 2679/2016/15
f 2679/2016/15 2677/2014/18 2682/2019/15
f 2683/2020/405 2680/2017/405 2678/2015/405
f 2680/2017/405 2684/2021/405 2676/2013/405
f 2681/2018/405 2683/2020/405 2678/2015/405
f 2679/2016/15 2682/2019/15 2685/2022/15
f 2682/2019/15 2677/2014/18 2686/2023/15
f 2676/2013/405 2684/2021/405 2687/2024/405
f 2681/2018/405 2679/2016/15 2688/2025/405
f 2688/2025/405 2679/2016/15 2685/2022/15
f 2677/2014/18 2689/2026/631 2686/2023/15
f 2685/2022/15 2682/2019/15 2690/2027/15
f 2688/2025/405 2691/2028/7 2681/2018/405
f 2686/2023/15 2689/2026/631 2692/2029/409
f 2688/2025/405 2685/2022/15 2693/2030/405
f 2685/2022/15 2690/2027/15 2694/2031/15
f 2693/2030/405 2691/2028/7 2688/2025/405
f 2692/2029/409 2695/2032/1302 2686/2023/15
f 2693/2030/405 2685/2022/15 2694/2031/15
f 2694/2031/15 2690/2027/15 2696/2033/15
f 2681/2018/405 2691/2028/7 2697/2034/7
f 2686/2023/15 2695/2032/1302 2698/2035/15
f 2682/2019/15 2686/2023/15 2698/2035/15
f 2690/2027/15 2682/2019/15 2699/2036/15
f 2694/2031/15 2696/2033/15 2700/2037/385
f 2701/2038/7 2691/2028/7 2693/2030/405
f 2693/2030/405 2694/2031/15 2702/2039/405
f 2702/2039/405 2694/2031/15 2700/2037/385
f 2702/2039/405 2701/2038/7 2693/2030/405
f 2700/2037/385 2696/2033/15 2703/2040/15
f 2701/2038/7 2704/2041/7 2691/2028/7
f 2705/2042/7 2701/2038/7 2702/2039/405
f 2706/2043/7 2704/2041/7 2701/2038/7
f 2705/2042/7 2706/2043/7 2701/2038/7
f 2707/2044/7 2706/2043/7 2705/2042/7
f 2708/2045/1303 2709/2046/1304 2710/2047/1305
f 2711/2017/405 2708/2045/1303 2710/2047/1305
f 2710/2047/1305 2709/2046/1304 2712/2048/1304
f 2713/2020/405 2708/2045/1303 2711/2017/405
f 2710/2047/1305 2714/2049/7 2711/2017/405
f 2715/2050/1306 2714/2049/7 2710/2047/1305
f 2716/2051/405 2717/2051/332 2708/2045/1307
f 2718/2052/12 2719/2053/12 2720/2054/12
f 2721/2055/458 2718/2052/12 2720/2054/12
f 2722/2056/458 2718/2052/12 2721/2055/458
f 2720/2054/12 2719/2053/12 2723/2057/508
f 2724/2024/405 2723/2057/508 2719/2053/12
f 2725/2021/405 2723/2057/508 2724/2024/405
f 2726/2058/1308 2727/2059/1309 2728/2060/25
f 2728/2060/25 2729/1901/26 2726/2058/1308
f 2728/2060/25 2727/2059/1309 2730/2061/21
f 2726/2058/1308 2729/1901/26 2731/2062/30
f 2729/1901/26 2732/2063/30 2731/2062/30
f 2733/1898/434 2732/2063/30 2729/1901/26
f 2733/1898/434 2734/2064/405 2732/2063/30
f 2735/1900/405 2734/2064/405 2733/1898/434
f 2736/2065/1310 2737/2066/1311 2738/1955/23
f 2738/1955/23 2737/2066/1311 2739/1957/1312
f 2740/2067/393 2739/1957/1312 2737/2066/1311
f 2741/2068/393 2739/1957/1312 2740/2067/393
f 2742/2069/7 2743/2070/5 2744/2071/405
f 2742/2069/7 2745/2072/7 2743/2070/5
f 2744/2071/405 2743/2070/5 2746/2073/405
f 2747/2074/568 2745/2072/7 2742/2069/7
f 2748/2075/1313 2749/2076/1313 2750/2077/18
f 2750/2077/18 2751/2078/458 2748/2075/1313
f 2750/2077/18 2749/2076/1313 2752/2079/1314
f 2748/2075/1313 2751/2078/458 2753/2080/458
f 2754/2081/792 2752/2079/1314 2749/2076/1313
f 2755/1993/2 2753/2080/458 2751/2078/458
f 2756/1991/2 2753/2080/458 2755/1993/2
f 2757/2082/792 2752/2079/1314 2754/2081/792
f 2757/2082/792 2758/2083/16 2759/1969/18
f 2759/1969/18 2758/2083/16 2760/1962/1315
f 2761/2084/26 2762/2085/26 2763/2086/26
f 2763/2086/26 2764/2087/405 2761/2084/26
f 2763/2086/26 2762/2085/26 2765/2088/26
f 2761/2084/26 2764/2087/405 2766/2089/405
f 2767/2090/26 2762/2085/26 2761/2084/26
f 2761/2084/26 2766/2089/405 2767/2090/26
f 2767/2090/26 2768/2091/30 2762/2085/26
f 2767/2090/26 2766/2089/405 2769/2092/405
f 2770/2093/26 2768/2091/30 2767/2090/26
f 2767/2090/26 2769/2092/405 2770/2093/26
f 2762/2085/26 2768/2091/30 2771/2094/30
f 2770/2093/26 2769/2092/405 2772/2095/405
f 2771/2094/30 2768/2091/30 2773/2096/1316
f 2774/2097/30 2768/2091/30 2770/2093/26
f 2768/2091/30 2774/2097/30 2775/2098/30
f 2776/2099/1317 2777/2100/1317 2778/2101/1317
f 2778/2101/1317 2777/2100/1317 2779/2102/1317
f 2780/2103/12 2781/2104/12 2782/2105/12
f 2782/2105/12 2783/2106/393 2780/2103/12
f 2780/2103/12 2783/2106/393 2784/2107/393
f 2782/2105/12 2781/2104/12 2785/2108/12
f 2781/2104/12 2786/2109/7 2785/2108/12
f 2787/2110/5 2786/2109/7 2781/2104/12
f 2788/2111/7 2789/2112/7 2790/2113/7
f 2790/2113/7 2791/2069/7 2788/2111/7
f 2790/2113/7 2789/2112/7 2792/2114/7
f 2788/2111/7 2791/2069/7 2793/2071/7
f 2790/2113/7 2792/2114/7 2794/2115/7
f 2790/2113/7 2795/2074/7 2791/2069/7
f 2794/2115/7 2795/2074/7 2790/2113/7
f 2794/2115/7 2792/2114/7 2796/2116/7
f 2797/2117/1318 2798/2118/458 2799/2119/1319
f 2799/2119/1319 2798/2118/458 2800/2120/458
f 2801/2121/458 2802/2122/29 2803/2123/18
f 2803/2123/18 2802/2122/29 2804/1870/17
f 2805/1864/1250 2803/2123/18 2804/1870/17
f 2804/1870/17 2802/2122/29 2806/2124/17
f 2807/2125/18 2803/2123/18 2805/1864/1250
f 2808/1860/1320 2807/2125/18 2805/1864/1250
f 2809/2126/385 2807/2125/18 2808/1860/1320
f 2810/1859/1243 2809/2126/385 2808/1860/1320
f 2811/2127/385 2809/2126/385 2810/1859/1243
f 2812/1861/1244 2811/2127/385 2810/1859/1243
f 2813/2128/15 2811/2127/385 2812/1861/1244
f 2814/1865/1247 2813/2128/15 2812/1861/1244
f 2815/2129/18 2813/2128/15 2814/1865/1247
f 2816/1869/1251 2815/2129/18 2814/1865/1247
f 2817/2130/1321 2815/2129/18 2816/1869/1251
f 2818/1873/1322 2817/2130/1321 2816/1869/1251
f 2819/2131/1323 2817/2130/1321 2818/1873/1322
f 2820/2127/532 2821/2128/532 2822/2127/1324
f 2823/2126/1325 2820/2127/532 2822/2127/1324
f 2822/2127/1324 2821/2128/532 2824/2128/1326
f 2825/2132/15 2820/2127/532 2823/2126/1325
f 2826/2129/394 2824/2128/1326 2821/2128/532
f 2827/2125/1327 2825/2132/15 2823/2126/1325
f 2828/2133/1321 2824/2128/1326 2826/2129/394
f 2829/2134/15 2825/2132/15 2827/2125/1327
f 2826/2129/394 2830/2130/1328 2828/2133/1321
f 2831/2123/1327 2829/2134/15 2827/2125/1327
f 2828/2133/1321 2830/2130/1328 2832/2130/1329
f 2830/2130/1328 2833/2131/1330 2832/2130/1329
f 2834/2123/532 2829/2134/15 2831/2123/1327
f 2835/2135/1331 2834/2123/532 2831/2123/1327
f 2836/2136/1332 2834/2123/532 2835/2135/1331
f 2837/1856/792 2838/2137/1333 2839/1849/26
f 2839/1849/26 2838/2137/1333 2840/2138/543
f 2839/1849/26 2840/2138/543 2841/1845/30
f 2841/1845/30 2840/2138/543 2842/2139/30
f 2841/1845/30 2842/2139/30 2843/1841/30
f 2843/1841/30 2842/2139/30 2844/1841/30
f 2843/1841/30 2844/1841/30 2845/1839/30
f 2845/1839/30 2844/1841/30 2846/1839/30
f 2845/1839/30 2846/1839/30 2847/1842/26
f 2847/1842/26 2846/1839/30 2848/1842/26
f 2849/1846/26 2847/1842/26 2848/1842/26
f 2850/1852/1240 2851/1850/1239 2852/1850/1239
f 2851/1850/1239 2853/2140/1239 2852/1850/1239
f 2854/1846/434 2853/2140/1239 2851/1850/1239
f 2853/2140/1239 2854/1846/434 2855/1842/1334
f 2855/1842/1334 2854/1846/434 2856/1842/26
f 2856/1842/26 2857/1839/1335 2855/1842/1334
f 2858/1839/30 2857/1839/1335 2856/1842/26
f 2858/1839/30 2859/1841/1336 2857/1839/1335
f 2860/1841/26 2859/1841/1336 2858/1839/30
f 2860/1841/26 2861/1845/1337 2859/1841/1336
f 2862/2139/26 2861/1845/1337 2860/1841/26
f 2862/2139/26 2863/1849/1338 2861/1845/1337
f 2864/2138/26 2863/1849/1338 2862/2139/26
f 2864/2138/26 2865/2141/1339 2863/1849/1338
f 2866/2137/792 2865/2141/1339 2864/2138/26
f 2867/2142/1317 2868/2143/1317 2869/2144/405
f 2870/2145/7 2867/2142/1317 2869/2144/405
f 2871/2146/12 2867/2142/1317 2870/2145/7
f 2869/2144/405 2868/2143/1317 2872/2147/7
f 2872/2147/7 2873/2089/7 2869/2144/405
f 2872/2147/7 2874/2092/7 2873/2089/7
f 2869/2144/405 2873/2089/7 2875/2087/7
f 2874/2092/7 2872/2147/7 2876/2148/7
f 2869/2144/405 2875/2087/7 2877/2110/7
f 2877/2110/7 2875/2087/7 2878/2109/7
f 2876/2148/7 2879/2095/7 2874/2092/7
f 2876/2148/7 2872/2147/7 2880/2149/7
f 2881/2150/7 2879/2095/7 2876/2148/7
f 2882/2151/7 2876/2148/7 2880/2149/7
f 2883/2152/7 2876/2148/7 2882/2151/7
f 2884/2153/26 2885/2041/405 2886/2154/26
f 2886/2154/26 2887/2155/30 2884/2153/26
f 2886/2154/26 2885/2041/405 2888/2043/405
f 2889/2156/30 2887/2155/30 2886/2154/26
f 2886/2154/26 2888/2043/405 2890/2157/26
f 2890/2157/26 2889/2156/30 2886/2154/26
f 2890/2157/26 2888/2043/405 2891/2044/1265
f 2892/2158/30 2889/2156/30 2890/2157/26
f 2893/2159/12 2894/2149/5 2895/2160/12
f 2896/2161/549 2894/2149/5 2893/2159/12
f 2895/2160/12 2894/2149/5 2897/2147/7
f 2898/2151/405 2894/2149/5 2896/2161/549
f 2899/2162/1340 2900/2163/1341 2901/2164/12
f 2901/2164/12 2900/2163/1341 2902/2165/12
f 2901/2164/12 2902/2165/12 2903/2166/12
f 2903/2166/12 2902/2165/12 2904/2167/12
f 2905/2168/27 2906/2169/611 2907/2170/27
f 2907/2170/27 2908/2171/30 2905/2168/27
f 2907/2170/27 2906/2169/611 2909/2172/393
f 2905/2168/27 2908/2171/30 2910/2173/26
f 2911/2174/27 2908/2171/30 2907/2170/27
f 2912/2175/631 2908/2171/30 2911/2174/27
f 2907/2170/27 2909/2172/393 2913/2106/27
f 2913/2106/27 2909/2172/393 2914/2107/393
f 2915/2176/28 2916/1889/22 2917/2177/1342
f 2917/2177/1342 2916/1889/22 2918/1888/1343
f 2919/2178/26 2920/2179/393 2921/2180/26
f 2919/2178/26 2922/2181/28 2920/2179/393
f 2923/2182/26 2922/2181/28 2919/2178/26
f 2921/2180/26 2920/2179/393 2924/2183/393
f 2925/2184/393 2926/2185/393 2924/2183/792
f 2927/2186/393 2926/2185/393 2925/2184/393
f 2924/2183/792 2926/2185/393 2928/2187/25
f 2929/2188/2 2926/2185/393 2927/2186/393
f 2928/2187/25 2926/2185/393 2930/2189/393
f 2927/2186/393 2931/2190/2 2929/2188/2
f 2932/2191/458 2931/2190/2 2927/2186/393
f 2932/2191/458 2933/2192/458 2931/2190/2
f 2934/2193/458 2933/2192/458 2932/2191/458
f 2934/2193/458 2935/2194/19 2933/2192/458
f 2934/2193/458 2936/2195/458 2935/2194/19
f 2933/2192/458 2935/2194/19 2937/2196/19
f 2933/2192/458 2937/2196/19 2938/2197/458
f 2935/2194/19 2936/2195/458 2939/2198/19
f 2940/2199/19 2939/2198/19 2936/2195/458
f 2941/2200/458 2940/2199/19 2936/2195/458
f 2942/2201/1344 2943/2202/22 2944/2203/1345
f 2942/2201/1344 2944/2203/1345 2945/2204/1346
f 2944/2203/1345 2943/2202/22 2946/2205/1238
f 2942/2201/1344 2945/2204/1346 2947/2206/450
f 2945/2204/1346 2944/2203/1345 2948/2207/1347
f 2947/2206/450 2949/2208/28 2942/2201/1344
f 2947/2206/450 2945/2204/1346 2950/2209/28
f 2950/2209/28 2945/2204/1346 2951/2210/28
f 2944/2203/1345 2952/2211/1348 2948/2207/1347
f 2953/2212/1349 2952/2211/1348 2944/2203/1345
f 2944/2203/1345 2954/2213/1238 2953/2212/1349
f 2953/2212/1349 2955/2214/1350 2952/2211/1348
f 2952/2211/1348 2955/2214/1350 2956/2215/1351
f 2953/2212/1349 2954/2213/1238 2957/1884/1261
f 2958/1882/1235 2959/2216/1352 2957/1884/1261
f 2958/1882/1235 2960/2217/1353 2959/2216/1352
f 2957/1884/1261 2959/2216/1352 2961/2218/1348
f 2962/2219/1257 2960/2217/1353 2958/1882/1235
f 2963/2220/1354 2962/2219/1257 2964/2221/1355
f 2964/2221/1355 2962/2219/1257 2965/2222/1236
f 2965/2222/1236 2966/2223/1356 2964/2221/1355
f 2967/1879/1357 2966/2223/1356 2965/2222/1236
f 2968/1881/1237 2969/2224/1358 2967/1879/1237
f 2969/2224/1358 2968/1881/1237 2970/2225/1359
f 2967/1879/1237 2969/2224/1358 2971/2226/1360
f 2970/2225/1359 2968/1881/1237 2972/1883/1260
f 2970/2225/1359 2972/1883/1260 2973/2227/1361
f 2973/2227/1361 2972/1883/1260 2974/1886/1254
f 2975/2228/458 2976/2027/15 2977/2229/29
f 2975/2228/458 2978/2033/15 2976/2027/15
f 2977/2229/29 2976/2027/15 2979/2036/394
f 2980/2230/458 2978/2033/15 2975/2228/458
f 2980/2230/458 2981/2040/15 2978/2033/15
f 2982/2231/393 2981/2040/15 2980/2230/458
f 2983/2204/1362 2984/2207/1345 2985/2232/17
f 2985/2232/17 2984/2207/1345 2986/2233/1250
f 2984/2207/1347 2987/2211/1349 2988/2234/1252
f 2988/2234/1252 2987/2211/1349 2989/2235/1252
f 2990/2215/1363 2989/2235/1252 2987/2211/1349
f 2991/2236/1245 2989/2235/1252 2990/2215/1363
f 2992/2237/1353 2991/2236/1245 2990/2215/1363
f 2993/2238/1243 2991/2236/1245 2992/2237/1353
f 2992/2237/1353 2994/2239/1364 2993/2238/1243
f 2993/2238/1243 2994/2239/1364 2995/2240/1365
f 2994/2239/1364 2996/2241/1366 2995/2240/1365
f 2995/2240/1365 2996/2241/1366 2997/2242/1247
f 2998/2243/1367 2997/2242/1247 2996/2241/1366
f 2999/2244/1368 2997/2242/1247 2998/2243/1367
f 2998/2243/1367 3000/2245/1369 2999/2244/1368
f 2999/2244/1368 3000/2245/1369 3001/2246/1322
f 3000/2245/1369 3002/2247/1361 3001/2246/1322
f 3001/2246/1322 3002/2247/1361 3003/2248/1254
f 3004/2249/1361 3005/1886/1254 3003/2248/1254
f 3006/2250/1361 3005/1886/1254 3004/2249/1361
f 3007/1941/1280 3008/1972/1294 3009/2251/19
f 3009/2251/19 3008/1972/1294 3010/2252/458
f 3011/2253/631 3012/2254/458 3008/1972/1370
f 3008/1972/1370 3012/2254/458 3013/2254/458
f 3014/2255/458 3015/2256/19 3016/2257/1371
f 3017/2258/1280 3014/2255/458 3016/2257/1371
f 3016/2257/1371 3015/2256/19 3018/2259/1372
f 3015/2256/19 3019/2260/394 3018/2259/1372
f 3018/2259/1372 3019/2260/394 3020/2261/1373
f 3020/2261/1373 3019/2260/394 3021/2262/15
f 3022/2263/1373 3023/1932/393 3016/2257/1374
f 3016/2257/1374 3023/1932/393 3024/1933/393
f 3024/1933/393 3025/2264/1280 3016/2257/1374
f 3026/1928/450 3025/2264/1280 3024/1933/393
f 3025/2264/1280 3026/1928/450 3027/2265/1375
f 3027/2265/1375 3026/1928/450 3028/1925/450
f 3028/1925/450 3029/1929/450 3027/2265/1375
f 3027/2265/1375 3029/1929/450 3030/2266/1376
f 3030/2266/1376 3029/1929/450 3031/2267/1284
f 3031/2267/1284 3029/1929/450 3032/1931/1377
f 3033/1936/29 3031/2267/1284 3032/1931/1377
f 3034/2268/1284 3031/2267/1284 3033/1936/29
f 3035/1939/29 3034/2268/1284 3033/1936/29
f 3036/2269/1287 3034/2268/1284 3035/1939/29
f 3037/1938/458 3036/2269/1287 3035/1939/29
f 3038/2270/1378 3036/2269/1287 3037/1938/458
f 3039/2271/18 3040/2272/394 3041/2273/27
f 3039/2271/18 3041/2273/27 3042/2274/545
f 3041/2273/27 3040/2272/394 3043/2275/27
f 3044/2273/27 3045/2276/611 3046/2274/12
f 3046/2274/12 3045/2276/611 3047/2277/12
f 3048/2046/1304 3047/2277/12 3045/2276/611
f 3047/2277/12 3048/2046/1304 3049/2051/508
f 3049/2051/508 3048/2046/1304 3050/2045/1379
f 3051/2278/1380 3052/2279/1380 3053/2280/1381
f 3053/2280/1381 3052/2279/1380 3054/2276/1381
f 3055/2281/792 3056/2282/1301 3057/37/792
f 3057/37/792 3056/2282/1301 3058/35/1288
f 3059/2283/393 3060/2284/1382 3061/2285/792
f 3061/2285/792 3060/2284/1382 3062/2286/1378
f 3063/2287/435 3061/2285/792 3062/2286/1378
f 3064/2288/1378 3065/2289/1378 3066/2290/26
f 3066/2290/26 3065/2289/1378 3067/2291/30
f 3068/2292/12 3069/2293/26 3070/2294/1383
f 3070/2294/1383 3071/2295/12 3068/2292/12
f 3070/2294/1383 3069/2293/26 3072/2296/1316
f 3073/2297/1383 3071/2295/12 3070/2294/1383
f 3071/2295/12 3074/2298/12 3068/2292/12
f 3075/39/12 3069/2293/26 3068/2292/12
f 3068/2292/12 3074/2298/12 3075/39/12
f 3073/2297/1383 3076/2299/12 3071/2295/12
f 3077/38/1384 3069/2293/26 3075/39/12
f 3078/2300/611 3075/39/12 3074/2298/12
f 3079/2301/1385 3076/2299/12 3073/2297/1383
f 3076/2299/12 3080/2302/12 3071/2295/12
f 3071/2295/12 3080/2302/12 3074/2298/12
f 3081/40/2 3075/39/12 3078/2300/611
f 3082/2303/1386 3076/2299/12 3079/2301/1385
f 3074/2298/12 3080/2302/12 3083/2304/12
f 3074/2298/12 3084/2305/1387 3078/2300/611
f 3085/2306/12 3076/2299/12 3082/2303/1386
f 3085/2306/12 3080/2302/12 3076/2299/12
f 3083/2304/12 3080/2302/12 3086/2307/12
f 3087/2308/12 3080/2302/12 3085/2306/12
f 3086/2307/12 3080/2302/12 3088/2309/12
f 3088/2309/12 3080/2302/12 3087/2308/12
f 3089/2298/12 3090/2304/12 3091/2305/1317
f 3091/2305/1317 3090/2304/12 3092/2310/1317
f 3093/2311/405 3092/2310/1317 3090/2304/12
f 3094/2169/784 3095/2312/1388 3096/2172/1389
f 3096/2172/1389 3095/2312/1388 3097/2100/1317
f 3098/2313/450 3099/2314/450 3100/1911/1390
f 3100/1911/1390 3099/2314/450 3101/1917/1391
f 3102/2315/1242 3101/1917/1391 3099/2314/450
f 3103/2316/1373 3101/1917/1391 3102/2315/1242
f 3104/1911/1390 3105/1910/1392 3106/2317/1242
f 3106/2317/1242 3105/1910/1392 3107/2318/450
f 3105/1910/1392 3108/1915/1393 3109/1924/450
f 3109/1924/450 3108/1915/1393 3110/1927/16
f 3110/1927/16 3108/1915/1393 3111/1934/450
f 3111/1934/450 3108/1915/1393 3112/2319/1393
f 3113/1920/1394 3114/2320/29 3112/2319/1395
f 3112/2319/1395 3114/2320/29 3115/2321/28
f 3116/1923/1396 3117/2322/1397 3118/1920/1398
f 3118/1920/1398 3117/2322/1397 3119/2323/29
f 3120/2324/1399 3121/2325/1400 3122/2326/1399
f 3122/2326/1399 3121/2325/1400 3123/2327/1400
f 3124/2328/1401 3125/2329/1340 3126/2330/1385
f 3126/2330/1385 3125/2329/1340 3127/2331/1402
f 3128/2328/1403 3129/2330/1404 3130/2332/1383
f 3130/2332/1383 3129/2330/1404 3131/2333/1383
f 3132/2334/1383 3133/2335/1383 3134/2336/1383
f 3134/2336/1383 3133/2335/1383 3135/2337/1383
f 3136/1917/1405 3137/2338/1373 3138/1916/1272
f 3138/1916/1272 3137/2338/1373 3139/2339/1373
f 3140/1916/1390 3139/2339/1406 3141/2340/1407
f 3141/2340/1407 3139/2339/1406 3142/2341/18
f 3143/2270/1408 3144/1938/458 3145/2342/1396
f 3145/2342/1396 3144/1938/458 3146/2343/29
f 3147/1923/1396 3148/1922/1278 3149/2344/1408
f 3149/2344/1408 3148/1922/1278 3150/2345/1409
f 3151/1922/1394 3152/2346/1410 3150/2345/1378
f 3150/2345/1378 3152/2346/1410 3153/2347/30
f 3154/2348/393 3155/2349/393 3156/2350/26
f 3156/2350/26 3155/2349/393 3157/2351/26
f 3158/2352/25 3159/2353/25 3160/2354/25
f 3160/2354/25 3159/2353/25 3161/2355/25
f 3162/2356/18 3163/2357/1411 3164/2358/18
f 3165/2359/1400 3163/2357/1411 3162/2356/18
f 3166/2360/1400 3163/2357/1411 3165/2359/1400
f 3167/2356/1316 3168/2361/1316 3169/2362/1383
f 3167/2356/1316 3170/2363/30 3168/2361/1316
f 3169/2362/1383 3168/2361/1316 3171/2364/1383
f 3172/2365/450 3173/2366/450 3174/2367/28
f 3172/2365/450 3175/2368/393 3173/2366/450
f 3175/2368/393 3176/2369/25 3173/2366/450
f 3177/2370/458 3178/2371/12 3179/2372/28
f 3179/2372/28 3178/2371/12 3180/2373/12
f 3181/2214/1412 3182/2220/1353 3183/2215/1412
f 3183/2215/1412 3182/2220/1353 3184/2237/1353
f 3182/2220/1353 3185/2221/1364 3184/2237/1353
f 3184/2237/1353 3185/2221/1364 3186/2239/1355
f 3185/2221/1364 3187/2223/1360 3186/2239/1355
f 3186/2239/1355 3187/2223/1360 3188/2241/1360
f 3187/2223/1360 3189/2374/1367 3188/2241/1360
f 3188/2241/1360 3189/2374/1367 3190/2243/1367
f 3189/2374/1367 3191/2375/1413 3190/2243/1367
f 3190/2243/1367 3191/2375/1413 3192/2245/1413
f 3191/2375/1413 3193/2376/1414 3192/2245/1413
f 3192/2245/1413 3193/2376/1414 3194/2247/1361
f 3195/2377/28 3196/2378/28 3197/2379/28
f 3197/2379/28 3196/2378/28 3198/2380/28
f 3199/2381/1254 3200/2382/1255 3201/2383/1255
f 3202/2384/1254 3199/2381/1254 3201/2383/1255
f 3203/2385/1255 3199/2381/1254 3202/2384/1254
f 3204/2386/1255 3203/2385/1255 3202/2384/1254
f 3205/2387/1415 3206/2388/1240 3207/2389/1263
f 3207/2389/1263 3206/2388/1240 3208/2390/1255
f 3209/2388/1416 3210/2390/1255 3211/2387/1323
f 3211/2387/1323 3210/2390/1255 3212/2389/1255
f 3213/2391/450 3214/2392/1417 3215/1875/17
f 3215/1875/17 3214/2392/1417 3216/1872/17
f 3217/1991/1418 3218/2393/1419 3219/2080/393
f 3219/2080/393 3218/2393/1419 3220/2394/1419
f 3221/1975/611 3222/1974/458 3223/2395/1290
f 3223/2395/1290 3222/1974/458 3224/2396/1292
f 3225/2397/1420 3226/1981/611 3227/2398/1283
f 3227/2398/1283 3226/1981/611 3228/2399/1421
f 3229/2400/2 3230/2401/1420 3231/2402/2
f 3231/2402/2 3230/2401/1420 3232/2403/1285
f 3233/1989/1289 3234/2404/19 3235/1992/1289
f 3235/1992/1289 3234/2404/19 3236/2405/19
f 3237/2406/458 3235/1992/1289 3236/2405/19
f 3238/2406/681 3235/1992/1289 3237/2406/458
f 3234/2404/19 3239/1963/1289 3240/2407/16
f 3240/2407/16 3239/1963/1289 3241/1960/12
f 3242/2408/458 3243/2409/393 3244/2410/681
f 3244/2410/681 3243/2409/393 3245/2411/1419
f 3246/1992/1422 3247/2406/680 3248/1990/1289
f 3248/1990/1289 3247/2406/680 3249/2412/11
f 3250/2413/2 3248/1990/1289 3249/2412/11
f 3251/1994/551 3252/2414/393 3253/1997/734
f 3253/1997/734 3252/2414/393 3254/1997/792
f 3255/2253/1423 3256/1972/1294 3257/2415/549
f 3257/2415/549 3256/1972/1294 3258/1970/1424
f 3259/2416/2 3257/2415/549 3258/1970/1424
f 3260/2003/549 3261/2007/1425 3262/2417/393
f 3262/2417/393 3261/2007/1425 3263/2418/792
f 3264/1914/1390 3265/1916/1426 3266/2419/1400
f 3266/2419/1400 3265/1916/1426 3267/2420/1427
f 3268/2421/1428 3269/2422/1340 3264/1914/1426
f 3264/1914/1426 3269/2422/1340 3270/1912/1429
f 3271/2423/1340 3272/2424/1385 3270/1912/1429
f 3270/1912/1429 3272/2424/1385 3273/1913/1430
f 3273/1913/1431 3274/2425/1385 3275/1919/1431
f 3275/1919/1431 3274/2425/1385 3276/2426/1432
f 3275/1919/1433 3277/2427/1432 3278/1921/1434
f 3278/1921/1434 3277/2427/1432 3279/2428/1383
f 3278/1921/1434 3280/2429/1383 3281/1922/1434
f 3281/1922/1434 3280/2429/1383 3282/2430/1410
f 3283/2431/26 3284/2432/12 3285/2433/405
f 3285/2433/405 3284/2432/12 3286/2109/405
f 3287/2434/12 3288/2086/30 3289/2435/12
f 3289/2435/12 3288/2086/30 3290/2088/26
f 3291/2099/1317 3292/2436/12 3293/2100/1317
f 3293/2100/1317 3292/2436/12 3294/2437/409
f 3295/2438/1317 3296/2439/631 3297/2440/27
f 3297/2440/27 3296/2439/631 3298/2107/27
f 3299/2047/1304 3300/2048/1304 3301/2441/508
f 3301/2441/508 3300/2048/1304 3302/2442/508
f 3303/2443/1304 3304/2444/611 3305/2445/332
f 3305/2445/332 3304/2444/611 3306/2055/458
f 3307/2446/1381 3308/2447/1381 3309/2448/611
f 3307/2446/1381 3309/2448/611 3310/2449/611
f 3309/2448/611 3308/2447/1381 3311/2450/458
f 3310/2449/611 3309/2448/611 3312/2451/393
f 3313/2452/385 3314/2453/631 3307/2446/27
f 3307/2446/27 3314/2453/631 3315/2454/611
f 3316/2455/508 3317/2456/15 3318/2457/7
f 3318/2457/7 3317/2456/15 3319/2458/405
f 3320/2459/734 3321/2460/12 3322/2461/15
f 3322/2461/15 3321/2460/12 3323/2462/409
f 3324/2463/25 3325/2060/1435 3326/2464/25
f 3324/2463/25 3327/2465/26 3325/2060/1435
f 3326/2464/25 3325/2060/1435 3328/2061/25
f 3329/2466/26 3327/2465/26 3324/2463/25
f 3330/29/15 3331/2467/458 3332/1906/15
f 3332/1906/15 3331/2467/458 3333/1985/458
f 3334/2120/19 3335/2118/19 3336/2468/458
f 3336/2468/458 3335/2118/19 3337/2469/458
f 3338/2121/1397 3339/2123/15 3340/2136/19
f 3340/2136/19 3339/2123/15 3341/2123/15
f 3339/2123/15 3342/2125/15 3341/2123/15
f 3341/2123/15 3342/2125/15 3343/2134/15
f 3342/2125/15 3344/2126/15 3343/2134/15
f 3343/2134/15 3344/2126/15 3345/2132/15
f 3344/2126/15 3346/2127/15 3345/2132/15
f 3345/2132/15 3346/2127/15 3347/2127/15
f 3346/2127/15 3348/2128/15 3347/2127/15
f 3347/2127/15 3348/2128/15 3349/2128/18
f 3348/2128/15 3350/2129/18 3349/2128/18
