# Blender 4.1.1
# www.blender.org
mtllib SpacePlanet.mtl
o GUI_Map_BuzzFlight1_GUI_Map_BuzzFlight_GUI_Map_BuzzFlightGlobe
v 0.029976 0.002601 0.006854
v 0.030074 0.002553 0.006860
v 0.029941 0.002442 0.007165
v 0.033225 0.006403 0.007391
v 0.033264 0.006367 0.007430
v 0.033311 0.006147 0.007067
v 0.033351 0.006110 0.007106
v 0.033391 0.006074 0.007145
v 0.033303 0.006332 0.007469
v 0.033176 0.006471 0.007614
v 0.033137 0.006506 0.007576
v 0.033215 0.006435 0.007652
v 0.032084 0.006682 0.008552
v 0.032264 0.006645 0.008511
v 0.032213 0.006671 0.008288
v 0.032240 0.006595 0.008677
v 0.032308 0.006650 0.008404
v 0.031866 0.006629 0.008455
v 0.032309 0.006588 0.008601
v 0.032356 0.006633 0.008342
v 0.031969 0.006614 0.008175
v 0.032397 0.006525 0.008641
v 0.032428 0.006595 0.008280
v 0.032337 0.006606 0.008032
v 0.032340 0.006450 0.008805
v 0.032085 0.006551 0.007921
v 0.032521 0.006537 0.008163
v 0.032556 0.006360 0.008627
v 0.032522 0.006521 0.008324
v 0.032488 0.006487 0.008581
v 0.032313 0.006224 0.008895
v 0.032584 0.006484 0.008226
v 0.032534 0.006471 0.008518
v 0.032530 0.006106 0.008728
v 0.032645 0.006424 0.008286
v 0.032574 0.006463 0.008424
v 0.032730 0.006249 0.008419
v 0.032702 0.005993 0.008529
v 0.032776 0.006328 0.007888
v 0.032739 0.006366 0.007850
v 0.032607 0.006468 0.008188
v 0.032818 0.006295 0.007927
v 0.032548 0.006520 0.008128
v 0.032667 0.006412 0.008245
v 0.032510 0.006459 0.007681
v 0.032932 0.006076 0.008097
v 0.032835 0.006193 0.007592
v 0.032357 0.006591 0.007991
v 0.032914 0.006120 0.007670
v 0.032755 0.006230 0.008384
v 0.032618 0.006268 0.007443
v 0.032105 0.006538 0.007880
v 0.033007 0.005915 0.007827
v 0.032727 0.005974 0.008494
v 0.032885 0.006005 0.007367
v 0.032262 0.006405 0.007566
v 0.032907 0.005820 0.008203
v 0.032706 0.006061 0.007245
v 0.032965 0.005932 0.007447
v 0.033002 0.005692 0.007935
v 0.032395 0.006242 0.007336
v 0.032622 0.006068 0.007194
v 0.033037 0.005760 0.007572
v 0.033054 0.005677 0.007620
v 0.033028 0.005577 0.007654
v 0.032526 0.006032 0.007159
v 0.032074 0.006269 0.007516
v 0.031998 0.006151 0.007553
v 0.031906 0.006396 0.007837
v 0.032226 0.006388 0.007553
v 0.031845 0.006277 0.007862
v 0.032070 0.006521 0.007869
v 0.032367 0.006218 0.007330
v 0.032201 0.006078 0.007326
v 0.032407 0.005954 0.007137
v 0.032491 0.006015 0.007149
v 0.032327 0.005882 0.007138
v 0.031658 0.006405 0.009093
v 0.031623 0.006458 0.008939
v 0.031612 0.006363 0.008954
v 0.031652 0.006291 0.008994
v 0.031586 0.006280 0.008732
v 0.031716 0.006269 0.009056
v 0.031659 0.006189 0.008893
v 0.031703 0.006509 0.009144
v 0.031628 0.006486 0.008722
v 0.031811 0.006076 0.008954
v 0.031709 0.006548 0.008962
v 0.031791 0.006306 0.009105
v 0.031747 0.006595 0.008738
v 0.031703 0.006509 0.009144
v 0.031964 0.006182 0.009053
v 0.031857 0.006414 0.009108
v 0.032057 0.006314 0.009043
v 0.031778 0.006472 0.008131
v 0.031721 0.006345 0.008152
v 0.031692 0.006496 0.008414
v 0.031830 0.006610 0.008442
v 0.031649 0.006336 0.008454
v 0.031934 0.006596 0.008163
v 0.031829 0.006294 0.007904
v 0.031887 0.006409 0.007878
v 0.032051 0.006535 0.007910
v 0.031970 0.006633 0.008806
v 0.031893 0.006586 0.009020
v 0.032062 0.006600 0.008874
v 0.032240 0.006595 0.008677
v 0.031736 0.006570 0.008970
v 0.032097 0.006518 0.008931
v 0.032084 0.006682 0.008552
v 0.031724 0.006530 0.009140
v 0.032340 0.006450 0.008805
v 0.031783 0.006612 0.008746
v 0.031879 0.006448 0.009110
v 0.032072 0.006350 0.009031
v 0.031866 0.006629 0.008455
v 0.032313 0.006224 0.008895
v 0.032376 0.006666 0.008461
v 0.032353 0.006660 0.008520
v 0.032426 0.006619 0.008511
v 0.032264 0.006645 0.008511
v 0.032374 0.006630 0.008573
v 0.032308 0.006650 0.008404
v 0.032417 0.006653 0.008406
v 0.032309 0.006588 0.008601
v 0.032469 0.006606 0.008455
v 0.032356 0.006633 0.008342
v 0.032425 0.006595 0.008591
v 0.032463 0.006626 0.008368
v 0.032477 0.006574 0.008561
v 0.032397 0.006525 0.008641
v 0.032513 0.006584 0.008391
v 0.032428 0.006595 0.008280
v 0.032519 0.006560 0.008507
v 0.032522 0.006521 0.008324
v 0.032488 0.006487 0.008581
v 0.032541 0.006555 0.008446
v 0.032574 0.006463 0.008424
v 0.032534 0.006471 0.008518
v 0.032930 0.006076 0.007387
v 0.032970 0.006039 0.007426
v 0.032885 0.006005 0.007367
v 0.033001 0.006149 0.007382
v 0.032931 0.005966 0.007399
v 0.033041 0.006112 0.007421
v 0.032965 0.005932 0.007447
v 0.033102 0.006201 0.007329
v 0.033010 0.006003 0.007466
v 0.033142 0.006165 0.007368
v 0.033081 0.006076 0.007461
v 0.033182 0.006130 0.007407
v 0.032776 0.006328 0.007888
v 0.032911 0.006412 0.007829
v 0.032739 0.006366 0.007850
v 0.032818 0.006295 0.007927
v 0.032871 0.006448 0.007791
v 0.032950 0.006377 0.007868
v 0.033006 0.006506 0.007709
v 0.033084 0.006436 0.007786
v 0.033045 0.006471 0.007747
v 0.033137 0.006506 0.007576
v 0.033215 0.006435 0.007652
v 0.033176 0.006471 0.007614
v 0.032739 0.006366 0.007850
v 0.032871 0.006448 0.007791
v 0.032835 0.006193 0.007592
v 0.032930 0.006076 0.007387
v 0.032885 0.006005 0.007367
v 0.033001 0.006149 0.007382
v 0.033006 0.006506 0.007709
v 0.033137 0.006506 0.007576
v 0.033102 0.006201 0.007329
v 0.033225 0.006403 0.007391
v 0.033199 0.006197 0.007228
v 0.033311 0.006147 0.007067
v 0.033102 0.006201 0.007329
v 0.033199 0.006197 0.007228
v 0.033142 0.006165 0.007368
v 0.033238 0.006161 0.007267
v 0.033278 0.006126 0.007306
v 0.033311 0.006147 0.007067
v 0.033182 0.006130 0.007407
v 0.033351 0.006110 0.007106
v 0.033391 0.006074 0.007145
v 0.031830 0.006610 0.008442
v 0.031692 0.006496 0.008414
v 0.031747 0.006595 0.008738
v 0.031628 0.006486 0.008722
v 0.031649 0.006336 0.008454
v 0.031586 0.006280 0.008732
v 0.031944 0.006383 0.007373
v 0.031845 0.006288 0.007385
v 0.032074 0.006269 0.007516
v 0.031875 0.006422 0.007202
v 0.031998 0.006151 0.007553
v 0.031778 0.006330 0.007214
v 0.031850 0.006409 0.007026
v 0.031757 0.006321 0.007038
v 0.031853 0.006360 0.006840
v 0.031766 0.006277 0.006851
v 0.031894 0.006275 0.006682
v 0.031811 0.006197 0.006693
v 0.032004 0.005916 0.006317
v 0.032084 0.005981 0.006297
v 0.031845 0.006288 0.007385
v 0.032135 0.005903 0.007023
v 0.031998 0.006151 0.007553
v 0.031778 0.006330 0.007214
v 0.032264 0.005763 0.007192
v 0.032074 0.005954 0.006938
v 0.031757 0.006321 0.007038
v 0.032042 0.005974 0.006857
v 0.031766 0.006277 0.006851
v 0.032019 0.005982 0.006766
v 0.031811 0.006197 0.006693
v 0.032008 0.005973 0.006644
v 0.032004 0.005916 0.006317
v 0.032264 0.005763 0.007192
v 0.032135 0.005903 0.007023
v 0.032327 0.005882 0.007138
v 0.032217 0.005982 0.007012
v 0.032156 0.006032 0.006927
v 0.032074 0.005954 0.006938
v 0.032123 0.006051 0.006847
v 0.032042 0.005974 0.006857
v 0.032098 0.006058 0.006756
v 0.032019 0.005982 0.006766
v 0.032084 0.006045 0.006634
v 0.032008 0.005973 0.006644
v 0.032004 0.005916 0.006317
v 0.032084 0.005981 0.006297
v 0.032217 0.005982 0.007012
v 0.032201 0.006078 0.007326
v 0.032327 0.005882 0.007138
v 0.031944 0.006383 0.007373
v 0.031875 0.006422 0.007202
v 0.032074 0.006269 0.007516
v 0.032156 0.006032 0.006927
v 0.031850 0.006409 0.007026
v 0.032123 0.006051 0.006847
v 0.031853 0.006360 0.006840
v 0.032098 0.006058 0.006756
v 0.031894 0.006275 0.006682
v 0.032084 0.006045 0.006634
v 0.032084 0.005981 0.006297
v 0.032078 0.006513 0.007930
v 0.031958 0.006577 0.008183
v 0.032104 0.006529 0.007940
v 0.032124 0.006516 0.007900
v 0.031989 0.006590 0.008194
v 0.032349 0.006551 0.008001
v 0.032097 0.006501 0.007891
v 0.031857 0.006591 0.008456
v 0.031886 0.006607 0.008473
v 0.032329 0.006566 0.008042
v 0.031936 0.006376 0.007856
v 0.032283 0.006381 0.007589
v 0.032496 0.006501 0.008166
v 0.031916 0.006389 0.007898
v 0.032251 0.006369 0.007577
v 0.032523 0.006483 0.008131
v 0.031871 0.006269 0.007878
v 0.031852 0.006283 0.007919
v 0.032419 0.006216 0.007361
v 0.032555 0.006451 0.008225
v 0.032392 0.006200 0.007354
v 0.032578 0.006434 0.008187
v 0.032546 0.006009 0.007185
v 0.032516 0.005998 0.007175
v 0.032634 0.006383 0.008240
v 0.032612 0.006395 0.008281
v 0.032720 0.006215 0.008367
v 0.032695 0.006234 0.008403
v 0.032679 0.006008 0.008507
v 0.032704 0.005990 0.008472
v 0.032668 0.005978 0.008513
v 0.032497 0.006089 0.008715
v 0.032693 0.005960 0.008479
v 0.032506 0.006121 0.008704
v 0.032882 0.005838 0.008180
v 0.032591 0.005782 0.008503
v 0.032285 0.006204 0.008878
v 0.032291 0.006240 0.008872
v 0.032873 0.005805 0.008191
v 0.032565 0.005801 0.008538
v 0.032974 0.005713 0.007909
v 0.032488 0.005709 0.008486
v 0.032463 0.005730 0.008521
v 0.032961 0.005684 0.007915
v 0.033000 0.005598 0.007633
v 0.032992 0.005566 0.007644
v 0.031804 0.006591 0.008758
v 0.031886 0.006607 0.008473
v 0.031775 0.006577 0.008746
v 0.031737 0.006529 0.008964
v 0.031857 0.006591 0.008456
v 0.031761 0.006543 0.008984
v 0.031722 0.006506 0.009121
v 0.031732 0.006522 0.009127
v 0.032491 0.006015 0.007149
v 0.032547 0.005721 0.006885
v 0.032407 0.005954 0.007137
v 0.032713 0.005788 0.006921
v 0.032526 0.006032 0.007159
v 0.032622 0.006068 0.007194
v 0.032885 0.006005 0.007367
v 0.032926 0.005703 0.007067
v 0.032706 0.006061 0.007245
v 0.032795 0.005770 0.006969
v 0.032430 0.005932 0.007165
v 0.032573 0.005699 0.006909
v 0.032354 0.005861 0.007169
v 0.032502 0.005637 0.006916
v 0.032690 0.006032 0.007251
v 0.032777 0.005740 0.006978
v 0.032616 0.006040 0.007207
v 0.032710 0.005759 0.006937
v 0.032933 0.005649 0.007106
v 0.032908 0.005673 0.007077
v 0.032911 0.005942 0.007396
v 0.032962 0.005625 0.007130
v 0.032872 0.005973 0.007373
v 0.032937 0.005914 0.007437
v 0.032051 0.006535 0.007910
v 0.031934 0.006596 0.008163
v 0.032078 0.006513 0.007930
v 0.031958 0.006577 0.008183
v 0.031830 0.006610 0.008442
v 0.031857 0.006591 0.008456
v 0.032085 0.006551 0.007921
v 0.032104 0.006529 0.007940
v 0.031969 0.006614 0.008175
v 0.031989 0.006590 0.008194
v 0.031866 0.006629 0.008455
v 0.031886 0.006607 0.008473
v 0.031866 0.006629 0.008455
v 0.031886 0.006607 0.008473
v 0.031783 0.006612 0.008746
v 0.031804 0.006591 0.008758
v 0.031736 0.006570 0.008970
v 0.031761 0.006543 0.008984
v 0.031724 0.006530 0.009140
v 0.031732 0.006522 0.009127
v 0.031854 0.006460 0.009076
v 0.031879 0.006448 0.009110
v 0.032056 0.006362 0.009007
v 0.032072 0.006350 0.009031
v 0.032291 0.006240 0.008872
v 0.032313 0.006224 0.008895
v 0.031830 0.006610 0.008442
v 0.031747 0.006595 0.008738
v 0.031857 0.006591 0.008456
v 0.031775 0.006577 0.008746
v 0.031709 0.006548 0.008962
v 0.031737 0.006529 0.008964
v 0.031722 0.006506 0.009121
v 0.031703 0.006509 0.009144
v 0.031857 0.006414 0.009108
v 0.031853 0.006428 0.009078
v 0.032048 0.006330 0.009014
v 0.032057 0.006314 0.009043
v 0.032285 0.006204 0.008878
v 0.032299 0.006185 0.008904
v 0.032226 0.006388 0.007553
v 0.032251 0.006369 0.007577
v 0.032367 0.006218 0.007330
v 0.032070 0.006521 0.007869
v 0.032392 0.006200 0.007354
v 0.032097 0.006501 0.007891
v 0.032491 0.006015 0.007149
v 0.032516 0.005998 0.007175
v 0.032262 0.006405 0.007566
v 0.032395 0.006242 0.007336
v 0.032283 0.006381 0.007589
v 0.032105 0.006538 0.007880
v 0.032419 0.006216 0.007361
v 0.032124 0.006516 0.007900
v 0.032526 0.006032 0.007159
v 0.032546 0.006009 0.007185
v 0.032491 0.006015 0.007149
v 0.032516 0.005998 0.007175
v 0.032526 0.006032 0.007159
v 0.032546 0.006009 0.007185
v 0.031887 0.006409 0.007878
v 0.031916 0.006389 0.007898
v 0.031829 0.006294 0.007904
v 0.032051 0.006535 0.007910
v 0.031852 0.006283 0.007919
v 0.032078 0.006513 0.007930
v 0.031906 0.006396 0.007837
v 0.031845 0.006277 0.007862
v 0.031936 0.006376 0.007856
v 0.032070 0.006521 0.007869
v 0.031871 0.006269 0.007878
v 0.032097 0.006501 0.007891
v 0.032105 0.006538 0.007880
v 0.032124 0.006516 0.007900
v 0.032357 0.006591 0.007991
v 0.032349 0.006551 0.008001
v 0.032548 0.006520 0.008128
v 0.032523 0.006483 0.008131
v 0.032607 0.006468 0.008188
v 0.032578 0.006434 0.008187
v 0.032634 0.006383 0.008240
v 0.032667 0.006412 0.008245
v 0.032720 0.006215 0.008367
v 0.032755 0.006230 0.008384
v 0.032704 0.005990 0.008472
v 0.032727 0.005974 0.008494
v 0.032085 0.006551 0.007921
v 0.032337 0.006606 0.008032
v 0.032104 0.006529 0.007940
v 0.032329 0.006566 0.008042
v 0.032521 0.006537 0.008163
v 0.032496 0.006501 0.008166
v 0.032584 0.006484 0.008226
v 0.032555 0.006451 0.008225
v 0.032612 0.006395 0.008281
v 0.032645 0.006424 0.008286
v 0.032695 0.006234 0.008403
v 0.032730 0.006249 0.008419
v 0.032679 0.006008 0.008507
v 0.032702 0.005993 0.008529
v 0.032407 0.005954 0.007137
v 0.032547 0.005721 0.006885
v 0.032430 0.005932 0.007165
v 0.032573 0.005699 0.006909
v 0.032327 0.005882 0.007138
v 0.032354 0.005861 0.007169
v 0.032472 0.005655 0.006893
v 0.032502 0.005637 0.006916
v 0.032430 0.005932 0.007165
v 0.032354 0.005861 0.007169
v 0.032407 0.005954 0.007137
v 0.032327 0.005882 0.007138
v 0.032706 0.006061 0.007245
v 0.032795 0.005770 0.006969
v 0.032690 0.006032 0.007251
v 0.032777 0.005740 0.006978
v 0.032622 0.006068 0.007194
v 0.032616 0.006040 0.007207
v 0.032713 0.005788 0.006921
v 0.032710 0.005759 0.006937
v 0.032706 0.006061 0.007245
v 0.032690 0.006032 0.007251
v 0.032622 0.006068 0.007194
v 0.032616 0.006040 0.007207
v 0.032885 0.006005 0.007367
v 0.032872 0.005973 0.007373
v 0.032926 0.005703 0.007067
v 0.032908 0.005673 0.007077
v 0.032885 0.006005 0.007367
v 0.032931 0.005966 0.007399
v 0.032872 0.005973 0.007373
v 0.032911 0.005942 0.007396
v 0.032937 0.005914 0.007437
v 0.032965 0.005932 0.007447
v 0.032908 0.005673 0.007077
v 0.032777 0.005740 0.006978
v 0.032926 0.005703 0.007067
v 0.032579 0.005303 0.007147
v 0.032795 0.005770 0.006969
v 0.032933 0.005649 0.007106
v 0.032399 0.005466 0.006974
v 0.032962 0.005625 0.007130
v 0.032710 0.005759 0.006937
v 0.033037 0.005503 0.007235
v 0.032502 0.005637 0.006916
v 0.032993 0.005643 0.007134
v 0.032755 0.005142 0.007325
v 0.032573 0.005699 0.006909
v 0.032472 0.005655 0.006893
v 0.033068 0.005522 0.007239
v 0.033060 0.005442 0.007282
v 0.032713 0.005788 0.006921
v 0.032547 0.005721 0.006885
v 0.032937 0.005244 0.007345
v 0.032956 0.005216 0.007370
v 0.033002 0.005311 0.007332
v 0.033091 0.005445 0.007294
v 0.033026 0.005287 0.007357
v 0.032399 0.005466 0.006974
v 0.032264 0.005763 0.007192
v 0.032472 0.005655 0.006893
v 0.032327 0.005882 0.007138
v 0.032497 0.005685 0.008505
v 0.032677 0.005536 0.008223
v 0.032609 0.005758 0.008530
v 0.032801 0.005610 0.008233
v 0.032895 0.005782 0.008213
v 0.032983 0.005660 0.007937
v 0.032714 0.005938 0.008505
v 0.032848 0.005492 0.007963
v 0.032959 0.005454 0.007681
v 0.032889 0.005373 0.007692
v 0.033014 0.005541 0.007665
v 0.032062 0.005962 0.008861
v 0.032304 0.005816 0.008727
v 0.032205 0.006030 0.008921
v 0.032414 0.005895 0.008759
v 0.032299 0.006185 0.008904
v 0.032474 0.005710 0.008540
v 0.032517 0.006068 0.008738
v 0.032583 0.005778 0.008565
v 0.032689 0.005957 0.008540
v 0.032818 0.006295 0.007927
v 0.032914 0.006120 0.007670
v 0.032950 0.006377 0.007868
v 0.033010 0.006003 0.007466
v 0.032965 0.005932 0.007447
v 0.033081 0.006076 0.007461
v 0.033084 0.006436 0.007786
v 0.033215 0.006435 0.007652
v 0.033182 0.006130 0.007407
v 0.033303 0.006332 0.007469
v 0.033278 0.006126 0.007306
v 0.033391 0.006074 0.007145
v 0.031964 0.006182 0.009053
v 0.032205 0.006030 0.008921
v 0.032057 0.006314 0.009043
v 0.032062 0.005962 0.008861
v 0.032299 0.006185 0.008904
v 0.031811 0.006076 0.008954
v 0.032677 0.005536 0.008223
v 0.032841 0.005385 0.008368
v 0.032801 0.005610 0.008233
v 0.032940 0.005481 0.008355
v 0.033066 0.005343 0.008377
v 0.032970 0.005250 0.008390
v 0.033174 0.005209 0.008333
v 0.033082 0.005120 0.008345
v 0.033275 0.005072 0.008242
v 0.033188 0.004988 0.008254
v 0.033343 0.004962 0.008111
v 0.033261 0.004883 0.008123
v 0.033398 0.004652 0.007693
v 0.033478 0.004718 0.007672
v 0.032756 0.005318 0.007677
v 0.032929 0.005183 0.007807
v 0.032677 0.005536 0.008223
v 0.032841 0.005385 0.008368
v 0.032970 0.005250 0.008390
v 0.033005 0.005110 0.007856
v 0.033082 0.005120 0.008345
v 0.033066 0.005046 0.007867
v 0.033188 0.004988 0.008254
v 0.033129 0.004977 0.007861
v 0.033261 0.004883 0.008123
v 0.033206 0.004886 0.007826
v 0.033398 0.004652 0.007693
v 0.032756 0.005318 0.007677
v 0.032889 0.005373 0.007692
v 0.032929 0.005183 0.007807
v 0.033011 0.005262 0.007795
v 0.033087 0.005189 0.007845
v 0.033005 0.005110 0.007856
v 0.033146 0.005124 0.007856
v 0.033066 0.005046 0.007867
v 0.033207 0.005052 0.007850
v 0.033129 0.004977 0.007861
v 0.033281 0.004959 0.007816
v 0.033206 0.004886 0.007826
v 0.033398 0.004652 0.007693
v 0.033478 0.004718 0.007672
v 0.033011 0.005262 0.007795
v 0.032889 0.005373 0.007692
v 0.032848 0.005492 0.007963
v 0.032940 0.005481 0.008355
v 0.033066 0.005343 0.008377
v 0.032801 0.005610 0.008233
v 0.033087 0.005189 0.007845
v 0.033174 0.005209 0.008333
v 0.033146 0.005124 0.007856
v 0.033275 0.005072 0.008242
v 0.033207 0.005052 0.007850
v 0.033343 0.004962 0.008111
v 0.033281 0.004959 0.007816
v 0.033478 0.004718 0.007672
v 0.032056 0.006362 0.009007
v 0.032048 0.006330 0.009014
v 0.032291 0.006240 0.008872
v 0.031853 0.006428 0.009078
v 0.032285 0.006204 0.008878
v 0.031854 0.006460 0.009076
v 0.031722 0.006506 0.009121
v 0.031732 0.006522 0.009127
v 0.033014 0.005541 0.007665
v 0.032959 0.005454 0.007681
v 0.033026 0.005287 0.007357
v 0.033091 0.005445 0.007294
v 0.033028 0.005577 0.007654
v 0.033054 0.005677 0.007620
v 0.032965 0.005932 0.007447
v 0.033037 0.005760 0.007572
v 0.032993 0.005643 0.007134
v 0.033068 0.005522 0.007239
v 0.032932 0.005477 0.007660
v 0.032861 0.005402 0.007669
v 0.033002 0.005311 0.007332
v 0.032937 0.005244 0.007345
v 0.033010 0.005743 0.007566
v 0.033025 0.005669 0.007610
v 0.033037 0.005503 0.007235
v 0.033060 0.005442 0.007282
v 0.032689 0.005957 0.008540
v 0.032668 0.005978 0.008513
v 0.032517 0.006068 0.008738
v 0.032497 0.006089 0.008715
v 0.032299 0.006185 0.008904
v 0.032285 0.006204 0.008878
v 0.032506 0.006121 0.008704
v 0.032679 0.006008 0.008507
v 0.032530 0.006106 0.008728
v 0.032313 0.006224 0.008895
v 0.032702 0.005993 0.008529
v 0.032291 0.006240 0.008872
v 0.032961 0.005684 0.007915
v 0.032873 0.005805 0.008191
v 0.032983 0.005660 0.007937
v 0.033014 0.005541 0.007665
v 0.032992 0.005566 0.007644
v 0.032895 0.005782 0.008213
v 0.032714 0.005938 0.008505
v 0.032693 0.005960 0.008479
v 0.032907 0.005820 0.008203
v 0.032882 0.005838 0.008180
v 0.033002 0.005692 0.007935
v 0.032727 0.005974 0.008494
v 0.032974 0.005713 0.007909
v 0.032704 0.005990 0.008472
v 0.033028 0.005577 0.007654
v 0.033000 0.005598 0.007633
v 0.033000 0.005598 0.007633
v 0.032992 0.005566 0.007644
v 0.033028 0.005577 0.007654
v 0.033014 0.005541 0.007665
v 0.032463 0.005730 0.008521
v 0.032565 0.005801 0.008538
v 0.032474 0.005710 0.008540
v 0.032583 0.005778 0.008565
v 0.032689 0.005957 0.008540
v 0.032668 0.005978 0.008513
v 0.032609 0.005758 0.008530
v 0.032591 0.005782 0.008503
v 0.032497 0.005685 0.008505
v 0.032714 0.005938 0.008505
v 0.032488 0.005709 0.008486
v 0.032693 0.005960 0.008479
v 0.032959 0.005454 0.007681
v 0.032932 0.005477 0.007660
v 0.033026 0.005287 0.007357
v 0.033002 0.005311 0.007332
v 0.032937 0.005244 0.007345
v 0.032861 0.005402 0.007669
v 0.032956 0.005216 0.007370
v 0.032889 0.005373 0.007692
v 0.032932 0.005477 0.007660
v 0.032959 0.005454 0.007681
v 0.032861 0.005402 0.007669
v 0.032889 0.005373 0.007692
v 0.033037 0.005760 0.007572
v 0.033010 0.005743 0.007566
v 0.033068 0.005522 0.007239
v 0.033037 0.005503 0.007235
v 0.033060 0.005442 0.007282
v 0.033025 0.005669 0.007610
v 0.033091 0.005445 0.007294
v 0.033054 0.005677 0.007620
v 0.033025 0.005669 0.007610
v 0.033010 0.005743 0.007566
v 0.033054 0.005677 0.007620
v 0.033037 0.005760 0.007572
v 0.032962 0.005625 0.007130
v 0.032937 0.005914 0.007437
v 0.032993 0.005643 0.007134
v 0.032965 0.005932 0.007447
v 0.032889 0.005373 0.007692
v 0.032756 0.005318 0.007677
v 0.032956 0.005216 0.007370
v 0.032755 0.005142 0.007325
v 0.032647 0.003887 0.008510
v 0.032612 0.003767 0.008712
v 0.032641 0.003807 0.008531
v 0.032617 0.003828 0.008763
v 0.032613 0.003743 0.008641
v 0.032629 0.003755 0.008577
v 0.032663 0.003963 0.008534
v 0.032614 0.003915 0.008783
v 0.032687 0.004012 0.008591
v 0.032642 0.003986 0.008766
v 0.032679 0.004040 0.008665
v 0.032671 0.004030 0.008731
v 0.032210 0.003561 0.006450
v 0.032487 0.003764 0.006258
v 0.032430 0.003889 0.006553
v 0.032245 0.003475 0.006204
v 0.032552 0.003903 0.006400
v 0.031979 0.003300 0.006408
v 0.032692 0.004071 0.006355
v 0.031971 0.003210 0.006195
v 0.032637 0.004055 0.006482
v 0.031719 0.003065 0.006406
v 0.032855 0.004387 0.006493
v 0.031672 0.002976 0.006230
v 0.032633 0.004082 0.006520
v 0.031436 0.002860 0.006444
v 0.032536 0.004069 0.006620
v 0.031356 0.002779 0.006309
v 0.032679 0.004426 0.006799
v 0.031138 0.002691 0.006521
v 0.032971 0.004706 0.006667
v 0.031030 0.002624 0.006430
v 0.032747 0.004719 0.006980
v 0.030832 0.002562 0.006634
v 0.033038 0.005019 0.006875
v 0.030702 0.002514 0.006590
v 0.032768 0.005002 0.007187
v 0.030526 0.002477 0.006782
v 0.033054 0.005318 0.007111
v 0.030381 0.002452 0.006785
v 0.032749 0.005151 0.007319
v 0.033034 0.005472 0.007254
v 0.030226 0.002436 0.006961
v 0.030086 0.002441 0.007000
v 0.029941 0.002442 0.007165
v 0.029876 0.003457 0.010087
v 0.029279 0.003864 0.009801
v 0.029922 0.003519 0.009905
v 0.030197 0.003262 0.010187
v 0.029379 0.003877 0.009673
v 0.030542 0.003214 0.009941
v 0.028964 0.004254 0.009269
v 0.030666 0.003008 0.010266
v 0.028781 0.004284 0.009389
v 0.031177 0.002994 0.009779
v 0.028572 0.004496 0.009138
v 0.031017 0.002842 0.010272
v 0.028719 0.004614 0.008732
v 0.031765 0.002880 0.009434
v 0.028336 0.004784 0.008748
v 0.031479 0.002642 0.010243
v 0.028667 0.004920 0.008115
v 0.032248 0.002881 0.008940
v 0.028228 0.004983 0.008422
v 0.033260 0.002591 0.008550
v 0.028135 0.005212 0.008017
v 0.031833 0.002524 0.010142
v 0.033277 0.002764 0.008153
v 0.028815 0.005144 0.007477
v 0.033152 0.002479 0.008902
v 0.032579 0.003000 0.008345
v 0.028117 0.005379 0.007669
v 0.032190 0.002432 0.009979
v 0.033259 0.002932 0.007805
v 0.029146 0.005262 0.006882
v 0.032995 0.002409 0.009214
v 0.032726 0.003223 0.007708
v 0.029567 0.005614 0.005686
v 0.032507 0.002383 0.009765
v 0.033166 0.003160 0.007400
v 0.029629 0.005264 0.006388
v 0.028140 0.005547 0.007279
v 0.032766 0.002375 0.009521
v 0.032675 0.003530 0.007090
v 0.029922 0.005496 0.005585
v 0.029210 0.005705 0.005849
v 0.032962 0.003450 0.006973
v 0.030217 0.005149 0.006043
v 0.028893 0.005754 0.006063
v 0.032552 0.003903 0.006400
v 0.032430 0.003889 0.006553
v 0.030376 0.005301 0.005550
v 0.028248 0.005659 0.006926
v 0.030728 0.005135 0.005557
v 0.028634 0.005762 0.006308
v 0.028405 0.005729 0.006614
v 0.030852 0.004929 0.005881
v 0.031197 0.004881 0.005635
v 0.031471 0.004625 0.005917
v 0.031516 0.004686 0.005739
v 0.032015 0.004267 0.006149
v 0.032142 0.004250 0.006057
v 0.032352 0.003049 0.009036
v 0.033341 0.002967 0.008259
v 0.032687 0.003169 0.008434
v 0.033301 0.002816 0.008630
v 0.033325 0.003133 0.007914
v 0.031559 0.002867 0.010285
v 0.032836 0.003395 0.007788
v 0.031939 0.002746 0.010164
v 0.031862 0.003047 0.009536
v 0.033232 0.003364 0.007503
v 0.033176 0.002704 0.009003
v 0.031129 0.003044 0.010335
v 0.032784 0.003705 0.007163
v 0.032324 0.002653 0.009977
v 0.031267 0.003163 0.009886
v 0.033028 0.003654 0.007076
v 0.032990 0.002633 0.009344
v 0.030783 0.003206 0.010331
v 0.032633 0.004082 0.006520
v 0.032555 0.002622 0.009812
v 0.032536 0.004069 0.006620
v 0.030625 0.003386 0.010050
v 0.032813 0.002613 0.009568
v 0.030315 0.003458 0.010255
v 0.029997 0.003694 0.010013
v 0.029975 0.003664 0.010150
v 0.029404 0.004065 0.009852
v 0.029447 0.004057 0.009778
v 0.029027 0.004439 0.009369
v 0.028915 0.004478 0.009446
v 0.028695 0.004702 0.009180
v 0.028779 0.004803 0.008825
v 0.028461 0.004988 0.008791
v 0.028727 0.005113 0.008200
v 0.028341 0.005183 0.008486
v 0.028876 0.005339 0.007555
v 0.028250 0.005409 0.008083
v 0.029211 0.005459 0.006953
v 0.028229 0.005574 0.007744
v 0.029670 0.005787 0.005820
v 0.030015 0.005670 0.005724
v 0.029287 0.005879 0.006008
v 0.029700 0.005461 0.006453
v 0.028289 0.005731 0.007342
v 0.030448 0.005495 0.005669
v 0.028953 0.005924 0.006246
v 0.030296 0.005345 0.006103
v 0.028414 0.005845 0.006965
v 0.030795 0.005333 0.005672
v 0.028764 0.005926 0.006435
v 0.028540 0.005893 0.006734
v 0.030938 0.005122 0.005939
v 0.031262 0.005081 0.005748
v 0.031565 0.004814 0.005976
v 0.031600 0.004874 0.005857
v 0.032197 0.004451 0.006152
v 0.032116 0.004451 0.006210
v 0.030327 0.002502 0.006733
v 0.030086 0.002441 0.007000
v 0.030160 0.002496 0.006897
v 0.030396 0.002595 0.006656
v 0.029941 0.002442 0.007165
v 0.030595 0.002612 0.006486
v 0.030641 0.002736 0.006449
v 0.030873 0.002769 0.006278
v 0.030891 0.002916 0.006280
v 0.031152 0.002967 0.006112
v 0.031139 0.003130 0.006155
v 0.031427 0.003202 0.005993
v 0.031379 0.003374 0.006075
v 0.031691 0.003468 0.005923
v 0.031605 0.003641 0.006044
v 0.031937 0.003759 0.005905
v 0.031811 0.003924 0.006061
v 0.032158 0.004068 0.005939
v 0.032015 0.004267 0.006149
v 0.032142 0.004250 0.006057
v 0.032351 0.004386 0.006023
v 0.032206 0.004419 0.006122
v 0.032509 0.004706 0.006157
v 0.032197 0.004451 0.006152
v 0.032264 0.004804 0.006395
v 0.032630 0.005021 0.006336
v 0.032116 0.004451 0.006210
v 0.032348 0.005083 0.006591
v 0.032709 0.005322 0.006556
v 0.032394 0.005342 0.006823
v 0.032746 0.005602 0.006812
v 0.032398 0.005474 0.006969
v 0.032743 0.005738 0.006966
v 0.031638 0.004194 0.010097
v 0.031855 0.004395 0.009977
v 0.031714 0.004535 0.010057
v 0.031194 0.004715 0.010190
v 0.031991 0.004200 0.009909
v 0.031065 0.004393 0.010243
v 0.032166 0.004109 0.009788
v 0.030687 0.004964 0.010160
v 0.032107 0.003747 0.009754
v 0.030506 0.004667 0.010211
v 0.031541 0.003857 0.010086
v 0.032604 0.004093 0.009340
v 0.030241 0.005258 0.009970
v 0.030930 0.004069 0.010243
v 0.032572 0.003749 0.009278
v 0.030016 0.004991 0.010002
v 0.032014 0.003417 0.009680
v 0.032343 0.004159 0.009646
v 0.030333 0.004362 0.010207
v 0.032497 0.003419 0.009186
v 0.032467 0.004323 0.009521
v 0.029809 0.004707 0.009984
v 0.031426 0.003531 0.010025
v 0.032591 0.004442 0.009369
v 0.030791 0.003752 0.010187
v 0.032352 0.003049 0.009036
v 0.032903 0.004200 0.008803
v 0.031862 0.003047 0.009536
v 0.030172 0.004056 0.010151
v 0.032863 0.004539 0.008882
v 0.031267 0.003163 0.009886
v 0.029628 0.004414 0.009919
v 0.033036 0.004401 0.008229
v 0.030625 0.003386 0.010050
v 0.029410 0.005071 0.009595
v 0.032983 0.004722 0.008360
v 0.029641 0.005331 0.009637
v 0.029997 0.003694 0.010013
v 0.032989 0.004678 0.007672
v 0.029213 0.004791 0.009515
v 0.032983 0.004373 0.007497
v 0.029902 0.005567 0.009639
v 0.029174 0.005417 0.009078
v 0.033033 0.004078 0.008092
v 0.029701 0.005861 0.009199
v 0.029420 0.005655 0.009153
v 0.032961 0.004054 0.008541
v 0.032747 0.004719 0.006980
v 0.032938 0.004130 0.008678
v 0.032679 0.004426 0.006799
v 0.029659 0.006112 0.008693
v 0.032957 0.003923 0.008448
v 0.032924 0.004067 0.007336
v 0.029374 0.005932 0.008596
v 0.032768 0.005002 0.007187
v 0.029779 0.006295 0.008171
v 0.032749 0.005151 0.007319
v 0.032918 0.003773 0.008421
v 0.029507 0.006133 0.008021
v 0.032941 0.004973 0.007855
v 0.032976 0.003761 0.007953
v 0.032741 0.005268 0.007415
v 0.032784 0.003705 0.007163
v 0.029124 0.005712 0.008484
v 0.032868 0.003640 0.008471
v 0.032536 0.004069 0.006620
v 0.029266 0.005927 0.007870
v 0.032820 0.003559 0.008589
v 0.032836 0.003395 0.007788
v 0.028968 0.005151 0.008978
v 0.032828 0.003537 0.008591
v 0.028917 0.005457 0.008360
v 0.032752 0.003564 0.008723
v 0.029064 0.005681 0.007723
v 0.029027 0.004439 0.009369
v 0.032687 0.003169 0.008434
v 0.028727 0.005113 0.008200
v 0.028779 0.004803 0.008825
v 0.028876 0.005339 0.007555
v 0.032716 0.003642 0.008857
v 0.029447 0.004057 0.009778
v 0.032723 0.003773 0.008952
v 0.032759 0.003924 0.008978
v 0.032822 0.004055 0.008931
v 0.032900 0.004128 0.008829
v 0.031768 0.004869 0.009966
v 0.031843 0.004895 0.009910
v 0.031799 0.005191 0.009828
v 0.031421 0.005322 0.009925
v 0.031967 0.005062 0.009781
v 0.031513 0.005591 0.009720
v 0.031314 0.005027 0.010083
v 0.031802 0.004650 0.009982
v 0.032154 0.005111 0.009646
v 0.031805 0.005490 0.009645
v 0.031229 0.005731 0.009703
v 0.031714 0.004535 0.010057
v 0.032075 0.005437 0.009487
v 0.031588 0.005830 0.009474
v 0.031855 0.004395 0.009977
v 0.032436 0.005123 0.009329
v 0.031395 0.005925 0.009462
v 0.031194 0.004715 0.010190
v 0.032297 0.005438 0.009260
v 0.031546 0.006079 0.009186
v 0.030870 0.005245 0.010056
v 0.031971 0.005725 0.009315
v 0.031460 0.006136 0.009149
v 0.031052 0.005503 0.009903
v 0.031787 0.005761 0.009423
v 0.031679 0.006190 0.008880
v 0.030729 0.005716 0.009765
v 0.031745 0.005996 0.009166
v 0.031224 0.006037 0.009390
v 0.030979 0.005896 0.009597
v 0.031644 0.006031 0.009191
v 0.031394 0.006195 0.009085
v 0.030788 0.006069 0.009411
v 0.031679 0.006190 0.008880
v 0.031679 0.006190 0.008880
v 0.031095 0.006155 0.009263
v 0.031838 0.005978 0.009111
v 0.031679 0.006190 0.008880
v 0.031355 0.006252 0.009000
v 0.031679 0.006190 0.008880
v 0.031679 0.006190 0.008880
v 0.031018 0.006268 0.009095
v 0.031347 0.006301 0.008902
v 0.031002 0.006363 0.008902
v 0.030675 0.006235 0.009164
v 0.031679 0.006190 0.008880
v 0.030482 0.005940 0.009525
v 0.031371 0.006336 0.008801
v 0.030652 0.006375 0.008880
v 0.031679 0.006190 0.008880
v 0.031048 0.006433 0.008703
v 0.030336 0.006154 0.009205
v 0.030481 0.005501 0.009891
v 0.030719 0.006478 0.008587
v 0.030184 0.005771 0.009601
v 0.030306 0.006337 0.008838
v 0.030687 0.004964 0.010160
v 0.030009 0.006029 0.009217
v 0.030393 0.006470 0.008458
v 0.030241 0.005258 0.009970
v 0.029972 0.006248 0.008775
v 0.029902 0.005567 0.009639
v 0.030077 0.006408 0.008319
v 0.029701 0.005861 0.009199
v 0.029659 0.006112 0.008693
v 0.029779 0.006295 0.008171
v 0.032326 0.005019 0.009514
v 0.032463 0.004820 0.009447
v 0.032535 0.004789 0.009366
v 0.032772 0.004873 0.008940
v 0.032515 0.004564 0.009450
v 0.032634 0.005194 0.008975
v 0.032591 0.004442 0.009369
v 0.032878 0.005033 0.008484
v 0.032863 0.004539 0.008882
v 0.032467 0.004323 0.009521
v 0.032450 0.005493 0.008986
v 0.032721 0.005327 0.008596
v 0.032122 0.005726 0.009160
v 0.032983 0.004722 0.008360
v 0.032518 0.005595 0.008693
v 0.032941 0.004973 0.007855
v 0.032226 0.005763 0.008974
v 0.032691 0.005509 0.008228
v 0.032843 0.005256 0.008043
v 0.032272 0.005833 0.008775
v 0.031914 0.005978 0.009033
v 0.032665 0.005510 0.007657
v 0.032494 0.005736 0.008410
v 0.031679 0.006190 0.008880
v 0.032545 0.005723 0.007909
v 0.031967 0.005997 0.008939
v 0.032256 0.005928 0.008582
v 0.032298 0.005948 0.007668
v 0.031679 0.006190 0.008880
v 0.031990 0.006032 0.008838
v 0.032388 0.005895 0.008170
v 0.031972 0.006090 0.008730
v 0.032184 0.006036 0.008418
v 0.031679 0.006190 0.008880
v 0.032151 0.006075 0.008017
v 0.031679 0.006190 0.008880
v 0.031941 0.006240 0.007871
v 0.031940 0.006141 0.008652
v 0.031974 0.006161 0.007530
v 0.031879 0.006271 0.008215
v 0.031679 0.006190 0.008880
v 0.032049 0.006159 0.008287
v 0.031979 0.006037 0.007202
v 0.031656 0.006379 0.007854
v 0.032369 0.005780 0.007368
v 0.031606 0.006342 0.007508
v 0.031801 0.006245 0.008564
v 0.031536 0.006255 0.007176
v 0.031693 0.006302 0.008548
v 0.031448 0.006119 0.006864
v 0.031955 0.005870 0.006894
v 0.031228 0.006473 0.007605
v 0.031679 0.006190 0.008880
v 0.031081 0.006412 0.007292
v 0.031685 0.006366 0.008203
v 0.030928 0.006300 0.006997
v 0.031364 0.006481 0.007928
v 0.031487 0.006435 0.008254
v 0.032401 0.005577 0.007084
v 0.030878 0.006541 0.007810
v 0.032741 0.005268 0.007415
v 0.031593 0.006337 0.008574
v 0.031094 0.006533 0.008087
v 0.031679 0.006190 0.008880
v 0.030590 0.006540 0.008104
v 0.031303 0.006471 0.008362
v 0.030660 0.006494 0.007539
v 0.030872 0.006533 0.008314
v 0.031500 0.006355 0.008629
v 0.030314 0.006493 0.007893
v 0.031679 0.006190 0.008880
v 0.031152 0.006470 0.008517
v 0.030393 0.006470 0.008458
v 0.030447 0.006394 0.007280
v 0.031423 0.006355 0.008707
v 0.030077 0.006408 0.008319
v 0.030051 0.006392 0.007684
v 0.031679 0.006190 0.008880
v 0.030719 0.006478 0.008587
v 0.029779 0.006295 0.008171
v 0.031048 0.006433 0.008703
v 0.031371 0.006336 0.008801
v 0.031679 0.006190 0.008880
v 0.032166 0.004109 0.009788
v 0.032012 0.004224 0.009622
v 0.031991 0.004200 0.009909
v 0.032133 0.004267 0.009503
v 0.031867 0.004299 0.009698
v 0.032343 0.004159 0.009646
v 0.031855 0.004395 0.009977
v 0.032467 0.004323 0.009521
v 0.031770 0.004462 0.009753
v 0.032230 0.004405 0.009414
v 0.031802 0.004650 0.009982
v 0.032515 0.004564 0.009450
v 0.031736 0.004675 0.009763
v 0.032272 0.004609 0.009367
v 0.031843 0.004895 0.009910
v 0.032463 0.004820 0.009447
v 0.031772 0.004882 0.009715
v 0.032240 0.004823 0.009371
v 0.031967 0.005062 0.009781
v 0.032326 0.005019 0.009514
v 0.031871 0.005023 0.009623
v 0.032140 0.004989 0.009425
v 0.032014 0.005066 0.009525
v 0.032154 0.005111 0.009646
v 0.032785 0.003661 0.008523
v 0.032629 0.003755 0.008577
v 0.032742 0.003636 0.008617
v 0.032641 0.003807 0.008531
v 0.032613 0.003743 0.008641
v 0.032802 0.003750 0.008456
v 0.032713 0.003675 0.008730
v 0.032816 0.003872 0.008451
v 0.032612 0.003767 0.008712
v 0.032647 0.003887 0.008510
v 0.032706 0.003768 0.008828
v 0.032663 0.003963 0.008534
v 0.032617 0.003828 0.008763
v 0.032825 0.003995 0.008505
v 0.032713 0.003892 0.008882
v 0.032687 0.004012 0.008591
v 0.032614 0.003915 0.008783
v 0.032816 0.004088 0.008602
v 0.032642 0.003986 0.008766
v 0.032679 0.004040 0.008665
v 0.032738 0.004013 0.008880
v 0.032797 0.004126 0.008718
v 0.032671 0.004030 0.008731
v 0.032778 0.004098 0.008826
v 0.032752 0.003564 0.008723
v 0.032820 0.003559 0.008589
v 0.032742 0.003636 0.008617
v 0.032713 0.003675 0.008730
v 0.032785 0.003661 0.008523
v 0.032716 0.003642 0.008857
v 0.032868 0.003640 0.008471
v 0.032706 0.003768 0.008828
v 0.032802 0.003750 0.008456
v 0.032723 0.003773 0.008952
v 0.032918 0.003773 0.008421
v 0.032713 0.003892 0.008882
v 0.032816 0.003872 0.008451
v 0.032759 0.003924 0.008978
v 0.032957 0.003923 0.008448
v 0.032738 0.004013 0.008880
v 0.032825 0.003995 0.008505
v 0.032822 0.004055 0.008931
v 0.032961 0.004054 0.008541
v 0.032778 0.004098 0.008826
v 0.032816 0.004088 0.008602
v 0.032900 0.004128 0.008829
v 0.032938 0.004130 0.008678
v 0.032797 0.004126 0.008718
v 0.028634 0.005762 0.006308
v 0.028405 0.005729 0.006614
v 0.028725 0.005913 0.006399
v 0.028893 0.005754 0.006063
v 0.028497 0.005880 0.006704
v 0.028989 0.005905 0.006151
v 0.028248 0.005659 0.006926
v 0.029210 0.005705 0.005849
v 0.028337 0.005809 0.007022
v 0.029303 0.005856 0.005938
v 0.028140 0.005547 0.007279
v 0.029567 0.005614 0.005686
v 0.028230 0.005697 0.007372
v 0.029665 0.005764 0.005773
v 0.028117 0.005379 0.007669
v 0.029922 0.005496 0.005585
v 0.028188 0.005542 0.007750
v 0.030017 0.005646 0.005672
v 0.028135 0.005212 0.008017
v 0.030376 0.005301 0.005550
v 0.028206 0.005376 0.008096
v 0.030459 0.005465 0.005620
v 0.028228 0.004983 0.008422
v 0.030728 0.005135 0.005557
v 0.028301 0.005146 0.008504
v 0.030807 0.005300 0.005626
v 0.028336 0.004784 0.008748
v 0.031197 0.004881 0.005635
v 0.028423 0.004949 0.008813
v 0.031279 0.005045 0.005706
v 0.028661 0.004659 0.009205
v 0.031516 0.004686 0.005739
v 0.028572 0.004496 0.009138
v 0.031595 0.004851 0.005809
v 0.028781 0.004284 0.009389
v 0.032206 0.004419 0.006122
v 0.032142 0.004250 0.006057
v 0.028868 0.004450 0.009454
v 0.029279 0.003864 0.009801
v 0.029366 0.004029 0.009867
v 0.029876 0.003457 0.010087
v 0.029949 0.003620 0.010168
v 0.030267 0.003427 0.010267
v 0.030197 0.003262 0.010187
v 0.030739 0.003171 0.010346
v 0.030666 0.003008 0.010266
v 0.031087 0.003007 0.010352
v 0.031017 0.002842 0.010272
v 0.031530 0.002825 0.010302
v 0.031479 0.002642 0.010243
v 0.031883 0.002709 0.010201
v 0.031833 0.002524 0.010142
v 0.032245 0.002617 0.010036
v 0.032190 0.002432 0.009979
v 0.032559 0.002568 0.009823
v 0.032507 0.002383 0.009765
v 0.032823 0.002560 0.009575
v 0.032766 0.002375 0.009521
v 0.032995 0.002409 0.009214
v 0.033051 0.002594 0.009270
v 0.033152 0.002479 0.008902
v 0.033211 0.002664 0.008953
v 0.033260 0.002591 0.008550
v 0.033317 0.002774 0.008602
v 0.033277 0.002764 0.008153
v 0.033357 0.002929 0.008222
v 0.033259 0.002932 0.007805
v 0.033339 0.003095 0.007877
v 0.033166 0.003160 0.007400
v 0.033245 0.003326 0.007468
v 0.032962 0.003450 0.006973
v 0.033044 0.003613 0.007045
v 0.032637 0.004055 0.006482
v 0.032552 0.003903 0.006400
v 0.031881 0.006194 0.008594
v 0.031679 0.006190 0.008880
v 0.031679 0.006190 0.008880
v 0.029653 0.002635 0.007107
v 0.029706 0.002653 0.007013
v 0.029941 0.002442 0.007165
v 0.029498 0.002906 0.006885
v 0.029649 0.002907 0.006731
v 0.029394 0.002869 0.007071
v 0.029545 0.003194 0.006559
v 0.029782 0.002654 0.006934
v 0.029323 0.003193 0.006786
v 0.029941 0.002442 0.007165
v 0.029815 0.003141 0.006400
v 0.029170 0.003139 0.007059
v 0.029833 0.002871 0.006623
v 0.029471 0.003509 0.006423
v 0.029184 0.003508 0.006717
v 0.029875 0.002636 0.006880
v 0.029821 0.003441 0.006217
v 0.029941 0.002442 0.007165
v 0.030199 0.003310 0.006121
v 0.029431 0.003844 0.006326
v 0.030032 0.002802 0.006572
v 0.030107 0.003040 0.006325
v 0.029852 0.003762 0.006079
v 0.030306 0.003604 0.005963
v 0.030392 0.002900 0.006342
v 0.029906 0.004097 0.005989
v 0.030750 0.003387 0.005989
v 0.030568 0.003129 0.006142
v 0.030226 0.002707 0.006583
v 0.029425 0.004191 0.006271
v 0.029976 0.002601 0.006854
v 0.029085 0.003843 0.006680
v 0.031139 0.003130 0.006155
v 0.030641 0.002736 0.006449
v 0.031379 0.003374 0.006075
v 0.030891 0.002916 0.006280
v 0.028987 0.003438 0.007071
v 0.030933 0.003667 0.005886
v 0.031605 0.003641 0.006044
v 0.028848 0.003758 0.007106
v 0.030396 0.002595 0.006656
v 0.031114 0.003964 0.005835
v 0.029029 0.004189 0.006676
v 0.030074 0.002553 0.006860
v 0.031811 0.003924 0.006061
v 0.030160 0.002496 0.006897
v 0.031287 0.004269 0.005838
v 0.029452 0.004541 0.006260
v 0.029941 0.002442 0.007165
v 0.032015 0.004267 0.006149
v 0.029983 0.004437 0.005948
v 0.029016 0.004539 0.006705
v 0.030555 0.004238 0.005802
v 0.031471 0.004625 0.005917
v 0.029513 0.004885 0.006291
v 0.030691 0.004562 0.005803
v 0.030079 0.004774 0.005959
v 0.030426 0.003917 0.005856
v 0.030217 0.005149 0.006043
v 0.030852 0.004929 0.005881
v 0.029629 0.005264 0.006388
v 0.029048 0.004883 0.006767
v 0.029146 0.005262 0.006882
v 0.028717 0.004432 0.007242
v 0.028729 0.004769 0.007340
v 0.028815 0.005144 0.007477
v 0.028757 0.004092 0.007163
v 0.029941 0.002442 0.007165
v 0.030327 0.002502 0.006733
v 0.030381 0.002452 0.006785
v 0.030086 0.002441 0.007000
v 0.030595 0.002612 0.006486
v 0.030702 0.002514 0.006590
v 0.030873 0.002769 0.006278
v 0.031030 0.002624 0.006430
v 0.031152 0.002967 0.006112
v 0.031356 0.002779 0.006309
v 0.031427 0.003202 0.005993
v 0.031672 0.002976 0.006230
v 0.031691 0.003468 0.005923
v 0.031971 0.003210 0.006195
v 0.032245 0.003475 0.006204
v 0.031937 0.003759 0.005905
v 0.032487 0.003764 0.006258
v 0.032158 0.004068 0.005939
v 0.032692 0.004071 0.006355
v 0.032351 0.004386 0.006023
v 0.032855 0.004387 0.006493
v 0.032509 0.004706 0.006157
v 0.032971 0.004706 0.006667
v 0.032630 0.005021 0.006336
v 0.033038 0.005019 0.006875
v 0.032709 0.005322 0.006556
v 0.033054 0.005318 0.007111
v 0.032746 0.005602 0.006812
v 0.032743 0.005738 0.006966
v 0.033034 0.005472 0.007254
v 0.030226 0.002436 0.006961
v 0.030265 0.002379 0.007046
v 0.029941 0.002442 0.007165
v 0.030602 0.002364 0.006950
v 0.030618 0.002268 0.007143
v 0.030526 0.002477 0.006782
v 0.030968 0.002256 0.007165
v 0.030273 0.002331 0.007143
v 0.030945 0.002397 0.006881
v 0.029941 0.002442 0.007165
v 0.030901 0.002153 0.007458
v 0.030832 0.002562 0.006634
v 0.030572 0.002198 0.007343
v 0.031315 0.002295 0.007208
v 0.031284 0.002477 0.006840
v 0.030250 0.002295 0.007244
v 0.031227 0.002162 0.007587
v 0.029941 0.002442 0.007165
v 0.031030 0.002091 0.007941
v 0.031648 0.002383 0.007271
v 0.030469 0.002161 0.007529
v 0.030748 0.002099 0.007731
v 0.031543 0.002223 0.007727
v 0.030197 0.002276 0.007339
v 0.030526 0.002098 0.007959
v 0.031306 0.002139 0.008153
v 0.029941 0.002442 0.007165
v 0.030317 0.002161 0.007684
v 0.031569 0.002239 0.008361
v 0.030960 0.002137 0.008507
v 0.030256 0.002151 0.008117
v 0.031841 0.002336 0.007874
v 0.030121 0.002276 0.007417
v 0.030392 0.002159 0.008440
v 0.031174 0.002238 0.008766
v 0.029941 0.002442 0.007165
v 0.030742 0.002090 0.008235
v 0.030692 0.002332 0.009049
v 0.031379 0.002390 0.009007
v 0.030133 0.002197 0.007791
v 0.030848 0.002493 0.009318
v 0.031815 0.002391 0.008561
v 0.029964 0.002252 0.008192
v 0.030276 0.002692 0.009465
v 0.030027 0.002294 0.007472
v 0.030015 0.002290 0.008537
v 0.031004 0.002699 0.009556
v 0.029941 0.002442 0.007165
v 0.029646 0.002471 0.008515
v 0.030392 0.002911 0.009713
v 0.029935 0.002265 0.007842
v 0.029641 0.002595 0.008844
v 0.029796 0.003204 0.009677
v 0.029680 0.002392 0.008175
v 0.030085 0.002377 0.008870
v 0.029717 0.002966 0.009432
v 0.029322 0.002684 0.008377
v 0.029665 0.002761 0.009152
v 0.029272 0.003549 0.009454
v 0.029252 0.002851 0.008678
v 0.030172 0.002512 0.009181
v 0.028955 0.003121 0.008388
v 0.029219 0.003055 0.008962
v 0.029226 0.003289 0.009223
v 0.028880 0.003364 0.008631
v 0.029076 0.002908 0.008137
v 0.028779 0.003379 0.008004
v 0.028873 0.003912 0.009065
v 0.028852 0.003630 0.008858
v 0.028679 0.003658 0.008191
v 0.028964 0.004254 0.009269
v 0.028719 0.004614 0.008732
v 0.028637 0.004259 0.008548
v 0.029379 0.003877 0.009673
v 0.028631 0.003954 0.008374
v 0.028585 0.004230 0.007817
v 0.028667 0.004920 0.008115
v 0.029922 0.003519 0.009905
v 0.028587 0.004554 0.007954
v 0.028637 0.003909 0.007685
v 0.028815 0.005144 0.007477
v 0.028717 0.004432 0.007242
v 0.028729 0.004769 0.007340
v 0.028757 0.004092 0.007163
v 0.028742 0.003598 0.007562
v 0.028930 0.003122 0.007817
v 0.028848 0.003758 0.007106
v 0.028899 0.003305 0.007450
v 0.029239 0.002730 0.007883
v 0.028987 0.003438 0.007071
v 0.029126 0.002895 0.007636
v 0.029430 0.002557 0.008068
v 0.029103 0.003036 0.007352
v 0.029571 0.002473 0.007758
v 0.029170 0.003139 0.007059
v 0.029441 0.002591 0.007632
v 0.029364 0.002703 0.007464
v 0.029741 0.002361 0.007831
v 0.029348 0.002799 0.007271
v 0.029743 0.002434 0.007455
v 0.029394 0.002869 0.007071
v 0.029677 0.002494 0.007391
v 0.029927 0.002329 0.007497
v 0.029630 0.002599 0.007208
v 0.029941 0.002442 0.007165
v 0.029829 0.002377 0.007491
v 0.029638 0.002551 0.007306
v 0.029941 0.002442 0.007165
v 0.029941 0.002442 0.007165
v 0.029941 0.002442 0.007165
v 0.029941 0.002442 0.007165
v 0.029653 0.002635 0.007107
v 0.029941 0.002442 0.007165
v 0.029941 0.002442 0.007165
v 0.029806 0.006240 0.007484
v 0.029507 0.006133 0.008021
v 0.030051 0.006392 0.007684
v 0.030447 0.006394 0.007280
v 0.029779 0.006295 0.008171
v 0.030242 0.006242 0.007038
v 0.029266 0.005927 0.007870
v 0.030928 0.006300 0.006997
v 0.029585 0.006041 0.007297
v 0.030772 0.006139 0.006727
v 0.029064 0.005681 0.007723
v 0.031448 0.006119 0.006864
v 0.030051 0.006043 0.006821
v 0.029395 0.005799 0.007128
v 0.031344 0.005940 0.006581
v 0.028876 0.005339 0.007555
v 0.030617 0.005932 0.006489
v 0.031955 0.005870 0.006894
v 0.029878 0.005801 0.006634
v 0.029211 0.005459 0.006953
v 0.031903 0.005666 0.006614
v 0.031228 0.005720 0.006333
v 0.032398 0.005474 0.006969
v 0.030466 0.005686 0.006289
v 0.029700 0.005461 0.006453
v 0.031824 0.005427 0.006368
v 0.032401 0.005577 0.007084
v 0.032394 0.005342 0.006823
v 0.031101 0.005466 0.006127
v 0.030296 0.005345 0.006103
v 0.032348 0.005083 0.006591
v 0.031721 0.005162 0.006163
v 0.030938 0.005122 0.005939
v 0.032264 0.004804 0.006395
v 0.031565 0.004814 0.005976
v 0.032116 0.004451 0.006210
v 0.032673 0.003502 0.007081
v 0.032593 0.003572 0.006939
v 0.032675 0.003530 0.007090
v 0.032430 0.003889 0.006553
v 0.032470 0.003538 0.006797
v 0.032210 0.003561 0.006450
v 0.032337 0.003421 0.006704
v 0.032223 0.003258 0.006698
v 0.031979 0.003300 0.006408
v 0.032168 0.003087 0.006764
v 0.032192 0.002962 0.006889
v 0.031719 0.003065 0.006406
v 0.031919 0.002770 0.006846
v 0.031962 0.002519 0.007352
v 0.031436 0.002860 0.006444
v 0.032246 0.002700 0.007450
v 0.031612 0.002603 0.006829
v 0.032249 0.002925 0.007059
v 0.031138 0.002691 0.006521
v 0.032114 0.002498 0.008025
v 0.032357 0.002974 0.007200
v 0.032354 0.002705 0.008175
v 0.032496 0.002920 0.007562
v 0.032486 0.003083 0.007283
v 0.032579 0.003000 0.008345
v 0.032591 0.003235 0.007294
v 0.032035 0.002591 0.008748
v 0.032726 0.003223 0.007708
v 0.032248 0.002881 0.008940
v 0.031765 0.002880 0.009434
v 0.031570 0.002589 0.009224
v 0.031177 0.002994 0.009779
v 0.032726 0.003223 0.007708
v 0.032591 0.003235 0.007294
v 0.032659 0.003392 0.007227
v 0.032675 0.003530 0.007090
v 0.032673 0.003502 0.007081
v 0.030392 0.002911 0.009713
v 0.031004 0.002699 0.009556
v 0.030542 0.003214 0.009941
v 0.029922 0.003519 0.009905
v 0.031177 0.002994 0.009779
v 0.029796 0.003204 0.009677
v 0.031379 0.002390 0.009007
v 0.031815 0.002391 0.008561
v 0.031570 0.002589 0.009224
v 0.032035 0.002591 0.008748
v 0.031569 0.002239 0.008361
v 0.031841 0.002336 0.007874
v 0.032114 0.002498 0.008025
v 0.030539 0.002219 0.008754
v 0.030306 0.003604 0.005963
v 0.029852 0.003762 0.006079
v 0.030426 0.003917 0.005856
v 0.029906 0.004097 0.005989
v 0.030526 0.002098 0.007959
v 0.030748 0.002099 0.007731
v 0.030742 0.002090 0.008235
v 0.031030 0.002091 0.007941
v 0.030469 0.002161 0.007529
v 0.030572 0.002198 0.007343
v 0.030901 0.002153 0.007458
v 0.029638 0.002551 0.007306
v 0.029677 0.002494 0.007391
v 0.029364 0.002703 0.007464
v 0.029441 0.002591 0.007632
v 0.032063 0.004838 0.009257
v 0.031969 0.004904 0.009332
v 0.031861 0.004881 0.009413
v 0.031776 0.004781 0.009507
v 0.032148 0.004707 0.009212
v 0.031736 0.004628 0.009570
v 0.032183 0.004544 0.009211
v 0.032145 0.004394 0.009267
v 0.031762 0.004465 0.009574
v 0.032062 0.004295 0.009356
v 0.031841 0.004336 0.009533
v 0.031965 0.004271 0.009461
v 0.032014 0.005066 0.009525
v 0.031969 0.004904 0.009332
v 0.032140 0.004989 0.009425
v 0.031861 0.004881 0.009413
v 0.032063 0.004838 0.009257
v 0.031871 0.005023 0.009623
v 0.032240 0.004823 0.009371
v 0.031776 0.004781 0.009507
v 0.032148 0.004707 0.009212
v 0.031772 0.004882 0.009715
v 0.032272 0.004609 0.009367
v 0.031736 0.004675 0.009763
v 0.032183 0.004544 0.009211
v 0.031736 0.004628 0.009570
v 0.032230 0.004405 0.009414
v 0.031770 0.004462 0.009753
v 0.032145 0.004394 0.009267
v 0.031762 0.004465 0.009574
v 0.032062 0.004295 0.009356
v 0.031867 0.004299 0.009698
v 0.032133 0.004267 0.009503
v 0.031841 0.004336 0.009533
v 0.031965 0.004271 0.009461
v 0.032012 0.004224 0.009622
v 0.032421 0.003443 0.007245
v 0.032378 0.003551 0.007088
v 0.032424 0.003505 0.007166
v 0.032380 0.003351 0.007277
v 0.032303 0.003534 0.007006
v 0.032315 0.003262 0.007265
v 0.032220 0.003467 0.006949
v 0.032236 0.003200 0.007214
v 0.032150 0.003373 0.006939
v 0.032168 0.003173 0.007132
v 0.032116 0.003272 0.006971
v 0.032128 0.003194 0.007038
v 0.032593 0.003572 0.006939
v 0.032448 0.003561 0.006970
v 0.032470 0.003538 0.006797
v 0.032515 0.003517 0.007087
v 0.032352 0.003511 0.006859
v 0.032673 0.003502 0.007081
v 0.032337 0.003421 0.006704
v 0.032512 0.003435 0.007209
v 0.032253 0.003394 0.006791
v 0.032659 0.003392 0.007227
v 0.032223 0.003258 0.006698
v 0.032467 0.003300 0.007270
v 0.032171 0.003244 0.006795
v 0.032591 0.003235 0.007294
v 0.032168 0.003087 0.006764
v 0.032392 0.003160 0.007269
v 0.032137 0.003098 0.006856
v 0.032486 0.003083 0.007283
v 0.032357 0.002974 0.007200
v 0.032296 0.003050 0.007209
v 0.032212 0.002988 0.007099
v 0.032249 0.002925 0.007059
v 0.032163 0.003001 0.006964
v 0.032192 0.002962 0.006889
v 0.032168 0.003087 0.006764
v 0.032352 0.003511 0.006859
v 0.032448 0.003561 0.006970
v 0.032303 0.003534 0.007006
v 0.032220 0.003467 0.006949
v 0.032378 0.003551 0.007088
v 0.032253 0.003394 0.006791
v 0.032515 0.003517 0.007087
v 0.032150 0.003373 0.006939
v 0.032424 0.003505 0.007166
v 0.032171 0.003244 0.006795
v 0.032512 0.003435 0.007209
v 0.032116 0.003272 0.006971
v 0.032421 0.003443 0.007245
v 0.032137 0.003098 0.006856
v 0.032467 0.003300 0.007270
v 0.032128 0.003194 0.007038
v 0.032380 0.003351 0.007277
v 0.032163 0.003001 0.006964
v 0.032315 0.003262 0.007265
v 0.032212 0.002988 0.007099
v 0.032392 0.003160 0.007269
v 0.032168 0.003173 0.007132
v 0.032236 0.003200 0.007214
v 0.032296 0.003050 0.007209
v 0.032398 0.005474 0.006969
v 0.032401 0.005577 0.007084
v 0.032749 0.005151 0.007319
v 0.032741 0.005268 0.007415
v 0.031656 0.000254 0.006552
v 0.031142 0.000254 0.006389
v 0.031257 0.000479 0.007350
v 0.031468 0.000479 0.007501
v 0.031009 0.000479 0.007271
v 0.032094 0.000254 0.006866
v 0.030603 0.000254 0.006393
v 0.031622 0.000479 0.007711
v 0.031154 0.000000 0.006309
v 0.030749 0.000479 0.007273
v 0.032414 0.000254 0.007300
v 0.031692 0.000000 0.006480
v 0.030590 0.000000 0.006313
v 0.031705 0.000479 0.007957
v 0.030092 0.000254 0.006563
v 0.032584 0.000254 0.007812
v 0.032151 0.000000 0.006809
v 0.030054 0.000000 0.006491
v 0.031706 0.000479 0.008218
v 0.030502 0.000479 0.007355
v 0.032486 0.000000 0.007263
v 0.032588 0.000254 0.008351
v 0.029600 0.000000 0.006826
v 0.029658 0.000254 0.006883
v 0.031628 0.000479 0.008466
v 0.032664 0.000000 0.007799
v 0.032425 0.000254 0.008865
v 0.030292 0.000479 0.007509
v 0.029271 0.000000 0.007285
v 0.031476 0.000479 0.008677
v 0.032668 0.000000 0.008363
v 0.029344 0.000254 0.007321
v 0.032111 0.000254 0.009303
v 0.030141 0.000479 0.007721
v 0.029101 0.000000 0.007823
v 0.032497 0.000000 0.008901
v 0.031267 0.000479 0.008831
v 0.029180 0.000254 0.007835
v 0.032168 0.000000 0.009360
v 0.031677 0.000254 0.009623
v 0.030062 0.000479 0.007969
v 0.029104 0.000000 0.008387
v 0.031020 0.000479 0.008913
v 0.029184 0.000254 0.008374
v 0.031714 0.000000 0.009695
v 0.031165 0.000254 0.009793
v 0.030064 0.000479 0.008229
v 0.029282 0.000000 0.008923
v 0.030760 0.000479 0.008915
v 0.029354 0.000254 0.008886
v 0.031178 0.000000 0.009873
v 0.030626 0.000254 0.009797
v 0.030146 0.000479 0.008476
v 0.029617 0.000000 0.009377
v 0.030512 0.000479 0.008836
v 0.029674 0.000254 0.009320
v 0.030614 0.000000 0.009877
v 0.030112 0.000254 0.009634
v 0.030300 0.000479 0.008685
v 0.030076 0.000000 0.009706
v 0.031257 0.000479 0.007350
v 0.031009 0.000479 0.007271
v 0.031174 0.000792 0.007515
v 0.031338 0.000792 0.007633
v 0.030981 0.000792 0.007454
v 0.031468 0.000479 0.007501
v 0.031174 0.002177 0.007515
v 0.030749 0.000479 0.007273
v 0.031458 0.000792 0.007796
v 0.031338 0.002185 0.007633
v 0.030981 0.002167 0.007454
v 0.030779 0.000792 0.007455
v 0.031622 0.000479 0.007711
v 0.030502 0.000479 0.007355
v 0.031522 0.000792 0.007988
v 0.030779 0.002161 0.007455
v 0.031458 0.002199 0.007796
v 0.031705 0.000479 0.007957
v 0.030587 0.000792 0.007519
v 0.030587 0.002157 0.007519
v 0.031522 0.002218 0.007988
v 0.031524 0.000792 0.008190
v 0.030292 0.000479 0.007509
v 0.031706 0.000479 0.008218
v 0.030424 0.002153 0.007639
v 0.030424 0.000792 0.007639
v 0.031524 0.002221 0.008190
v 0.031462 0.000792 0.008383
v 0.030141 0.000479 0.007721
v 0.031462 0.002221 0.008383
v 0.030306 0.000792 0.007803
v 0.031628 0.000479 0.008466
v 0.031344 0.000792 0.008547
v 0.030306 0.002157 0.007803
v 0.030062 0.000479 0.007969
v 0.031344 0.002229 0.008547
v 0.030245 0.000792 0.007996
v 0.031476 0.000479 0.008677
v 0.031182 0.002219 0.008667
v 0.030245 0.002160 0.007996
v 0.031182 0.000792 0.008667
v 0.030064 0.000479 0.008229
v 0.030246 0.000792 0.008199
v 0.031267 0.000479 0.008831
v 0.030990 0.000792 0.008731
v 0.030246 0.002166 0.008199
v 0.030146 0.000479 0.008476
v 0.030990 0.002221 0.008731
v 0.030310 0.000792 0.008391
v 0.031020 0.000479 0.008913
v 0.030787 0.002217 0.008732
v 0.030310 0.002176 0.008391
v 0.030787 0.000792 0.008732
v 0.030300 0.000479 0.008685
v 0.030430 0.000792 0.008553
v 0.030760 0.000479 0.008915
v 0.030595 0.002197 0.008671
v 0.030430 0.002184 0.008553
v 0.030595 0.000792 0.008671
v 0.030512 0.000479 0.008836
v 0.033341 0.002967 0.008259
v 0.033357 0.002929 0.008222
v 0.033325 0.003133 0.007914
v 0.033317 0.002774 0.008602
v 0.033339 0.003095 0.007877
v 0.033301 0.002816 0.008630
v 0.033232 0.003364 0.007503
v 0.033211 0.002664 0.008953
v 0.033245 0.003326 0.007468
v 0.033176 0.002704 0.009003
v 0.033044 0.003613 0.007045
v 0.033051 0.002594 0.009270
v 0.033028 0.003654 0.007076
v 0.032990 0.002633 0.009344
v 0.032633 0.004082 0.006520
v 0.032637 0.004055 0.006482
v 0.032823 0.002560 0.009575
v 0.032813 0.002613 0.009568
v 0.032559 0.002568 0.009823
v 0.032555 0.002622 0.009812
v 0.032324 0.002653 0.009977
v 0.032245 0.002617 0.010036
v 0.031939 0.002746 0.010164
v 0.031883 0.002709 0.010201
v 0.031559 0.002867 0.010285
v 0.031530 0.002825 0.010302
v 0.031129 0.003044 0.010335
v 0.031087 0.003007 0.010352
v 0.030783 0.003206 0.010331
v 0.030739 0.003171 0.010346
v 0.030315 0.003458 0.010255
v 0.030267 0.003427 0.010267
v 0.029975 0.003664 0.010150
v 0.029949 0.003620 0.010168
v 0.029366 0.004029 0.009867
v 0.029404 0.004065 0.009852
v 0.028915 0.004478 0.009446
v 0.028868 0.004450 0.009454
v 0.028661 0.004659 0.009205
v 0.028695 0.004702 0.009180
v 0.028423 0.004949 0.008813
v 0.028461 0.004988 0.008791
v 0.028301 0.005146 0.008504
v 0.028341 0.005183 0.008486
v 0.028206 0.005376 0.008096
v 0.028250 0.005409 0.008083
v 0.028188 0.005542 0.007750
v 0.028229 0.005574 0.007744
v 0.028230 0.005697 0.007372
v 0.028289 0.005731 0.007342
v 0.028337 0.005809 0.007022
v 0.028414 0.005845 0.006965
v 0.028497 0.005880 0.006704
v 0.028540 0.005893 0.006734
v 0.028764 0.005926 0.006435
v 0.028725 0.005913 0.006399
v 0.028953 0.005924 0.006246
v 0.028989 0.005905 0.006151
v 0.029287 0.005879 0.006008
v 0.029303 0.005856 0.005938
v 0.029670 0.005787 0.005820
v 0.029665 0.005764 0.005773
v 0.030015 0.005670 0.005724
v 0.030017 0.005646 0.005672
v 0.030448 0.005495 0.005669
v 0.030459 0.005465 0.005620
v 0.030795 0.005333 0.005672
v 0.030807 0.005300 0.005626
v 0.031262 0.005081 0.005748
v 0.031279 0.005045 0.005706
v 0.031600 0.004874 0.005857
v 0.031595 0.004851 0.005809
v 0.032197 0.004451 0.006152
v 0.032206 0.004419 0.006122
vn -0.3729 -0.7668 -0.5224
vn -0.3290 -0.7883 -0.5199
vn -0.3916 -0.8378 -0.3805
vn 0.7448 0.6484 -0.1577
vn 0.7444 0.6486 -0.1586
vn 0.7750 0.5798 -0.2512
vn 0.7744 0.5804 -0.2518
vn 0.7738 0.5809 -0.2523
vn 0.7437 0.6494 -0.1588
vn 0.7035 0.7079 -0.0628
vn 0.7044 0.7071 -0.0620
vn 0.7027 0.7086 -0.0636
vn 0.0777 0.9899 0.1182
vn 0.2509 0.9479 0.1963
vn 0.1094 0.9889 -0.1005
vn 0.3842 0.8390 0.3852
vn 0.2353 0.9719 0.0086
vn -0.1894 0.9812 -0.0381
vn 0.3812 0.8403 0.3856
vn 0.3056 0.9488 -0.0798
vn -0.1341 0.9700 -0.2027
vn 0.5476 0.6790 0.4890
vn 0.4526 0.8904 -0.0472
vn 0.2262 0.9590 -0.1705
vn 0.5819 0.5325 0.6146
vn -0.0884 0.9555 -0.2813
vn 0.5110 0.8593 -0.0193
vn 0.7434 0.4142 0.5251
vn 0.6151 0.7827 0.0956
vn 0.6912 0.5586 0.4584
vn 0.6094 0.2571 0.7500
vn 0.6150 0.7827 0.0957
vn 0.7587 0.5382 0.3671
vn 0.7341 0.1831 0.6539
vn 0.7164 0.6732 0.1832
vn 0.7396 0.6303 0.2359
vn 0.8067 0.4329 0.4022
vn 0.7932 0.1565 0.5885
vn 0.6566 0.7538 0.0270
vn 0.5611 0.8122 -0.1599
vn 0.6565 0.7538 0.0271
vn 0.7992 0.5964 0.0750
vn 0.5654 0.8223 -0.0642
vn 0.7395 0.6645 0.1076
vn 0.2857 0.8802 -0.3791
vn 0.9197 0.3055 0.2465
vn 0.5457 0.7326 -0.4068
vn 0.2281 0.9299 -0.2885
vn 0.9176 0.3956 -0.0399
vn 0.8717 0.3465 0.3464
vn 0.3619 0.7650 -0.5327
vn -0.0168 0.9172 -0.3982
vn 0.9752 0.2092 0.0724
vn 0.8712 0.1123 0.4779
vn 0.5775 0.6567 -0.4851
vn 0.0528 0.8754 -0.4806
vn 0.9220 0.0875 0.3771
vn 0.5227 0.6792 -0.5153
vn 0.9326 0.3348 -0.1347
vn 0.9758 0.0187 0.2180
vn 0.1357 0.7801 -0.6108
vn 0.1862 0.7278 -0.6600
vn 0.9530 0.2892 -0.0908
vn 0.9910 -0.0016 0.1340
vn 0.9621 -0.1590 0.2216
vn 0.0140 0.7003 -0.7137
vn -0.5536 0.5582 -0.6180
vn -0.7872 0.3177 -0.5286
vn -0.6393 0.5415 -0.5460
vn -0.4105 0.6543 -0.6351
vn -0.7872 0.3177 -0.5285
vn -0.4451 0.7262 -0.5239
vn -0.3536 0.5330 -0.7687
vn -0.3909 0.5290 -0.7532
vn -0.3405 0.5417 -0.7685
vn -0.2373 0.6000 -0.7640
vn -0.4124 0.4867 -0.7701
vn -0.7718 -0.1910 0.6065
vn -0.9193 0.3678 0.1404
vn -0.9654 -0.0885 0.2453
vn -0.8013 -0.4172 0.4289
vn -0.9983 0.0484 0.0331
vn -0.5051 -0.5057 0.6994
vn -0.7986 -0.4643 0.3829
vn -0.8510 0.4793 0.2146
vn -0.8663 0.4949 -0.0677
vn -0.2759 -0.6063 0.7458
vn -0.7150 0.6938 0.0860
vn -0.1217 -0.3566 0.9263
vn -0.6707 0.7408 -0.0359
vn -0.0817 -0.2225 0.9715
vn 0.1224 -0.4012 0.9078
vn 0.1890 -0.1246 0.9740
vn 0.3151 -0.1527 0.9367
vn -0.7514 0.5559 -0.3555
vn -0.8906 0.2922 -0.3485
vn -0.8208 0.5294 -0.2146
vn -0.6091 0.7711 -0.1852
vn -0.9469 0.2328 -0.2217
vn -0.5455 0.7700 -0.3309
vn -0.8433 0.3140 -0.4361
vn -0.7032 0.5569 -0.4420
vn -0.5078 0.7560 -0.4131
vn -0.0208 0.9837 0.1788
vn 0.2216 0.8256 0.5189
vn 0.3576 0.8337 0.4208
vn 0.3842 0.8391 0.3852
vn -0.1579 0.9720 0.1743
vn 0.5109 0.5044 0.6961
vn 0.0777 0.9899 0.1183
vn 0.1359 0.8130 0.5662
vn -0.1787 0.9791 0.0976
vn 0.4636 0.4344 0.7723
vn 0.5270 0.3450 0.7767
vn 0.2219 0.9732 0.0599
vn 0.0309 0.9500 0.3107
vn 0.5102 0.8255 0.2413
vn -0.2149 0.9289 0.3016
vn 0.2167 0.8184 0.5322
vn -0.1060 0.9849 -0.1366
vn 0.3409 0.9362 -0.0855
vn -0.0928 0.6846 0.7230
vn 0.5620 0.8088 0.1734
vn 0.0703 0.9392 -0.3362
vn 0.4056 0.6104 0.6804
vn 0.5137 0.8170 -0.2620
vn 0.6521 0.5833 0.4843
vn 0.3284 0.4365 0.8376
vn 0.7280 0.6755 -0.1173
vn 0.4393 0.7757 -0.4531
vn 0.7645 0.5523 0.3325
vn 0.7961 0.4867 -0.3597
vn 0.7051 0.2498 0.6637
vn 0.8610 0.5022 0.0806
vn 0.9479 0.3147 0.0487
vn 0.8665 0.2176 0.4493
vn 0.5029 -0.2657 -0.8225
vn 0.5276 -0.2879 -0.7992
vn 0.4779 -0.1755 -0.8607
vn 0.2129 -0.5992 -0.7718
vn 0.5583 -0.2463 -0.7922
vn 0.2146 -0.6011 -0.7698
vn 0.6298 -0.3131 -0.7109
vn 0.0160 -0.7249 -0.6886
vn 0.5514 -0.3096 -0.7746
vn 0.0182 -0.7270 -0.6864
vn 0.2166 -0.6029 -0.7678
vn 0.0205 -0.7290 -0.6842
vn -0.1008 0.6797 0.7266
vn -0.0218 0.7252 0.6882
vn -0.0941 0.6735 0.7331
vn -0.1075 0.6857 0.7199
vn -0.0175 0.7213 0.6924
vn -0.0260 0.7290 0.6840
vn 0.2296 0.8194 0.5252
vn 0.2262 0.8228 0.5214
vn 0.2283 0.8212 0.5230
vn 0.3899 0.8386 0.3805
vn 0.3863 0.8418 0.3771
vn 0.3880 0.8403 0.3787
vn -0.5962 0.5456 -0.5889
vn -0.5963 0.5455 -0.5890
vn -0.5960 0.5457 -0.5891
vn -0.5959 0.5458 -0.5891
vn -0.5958 0.5459 -0.5891
vn -0.5962 0.5455 -0.5890
vn -0.5965 0.5453 -0.5889
vn -0.5968 0.5452 -0.5888
vn -0.5967 0.5450 -0.5890
vn -0.5972 0.5446 -0.5888
vn -0.5972 0.5446 -0.5889
vn -0.5973 0.5446 -0.5888
vn -0.4117 -0.8380 -0.3582
vn -0.5002 -0.8267 -0.2577
vn -0.4097 -0.8398 -0.3562
vn -0.4986 -0.8283 -0.2556
vn -0.4965 -0.8300 -0.2540
vn -0.5798 -0.8004 -0.1522
vn -0.4077 -0.8416 -0.3543
vn -0.5782 -0.8019 -0.1506
vn -0.5766 -0.8033 -0.1490
vn -0.6707 0.7409 -0.0359
vn -0.8663 0.4949 -0.0678
vn -0.9469 0.2329 -0.2217
vn -0.5142 0.6121 0.6007
vn -0.5143 0.6121 0.6007
vn -0.3959 0.5059 0.7664
vn -0.6574 0.7182 0.2279
vn -0.6929 0.7169 -0.0769
vn -0.6929 0.7169 -0.0770
vn -0.6696 0.6575 -0.3454
vn -0.6030 0.5521 -0.5758
vn -0.5645 0.4959 -0.6599
vn -0.7456 -0.6565 0.1144
vn -0.7574 -0.6443 0.1057
vn -0.7337 -0.6683 0.1227
vn -0.7335 -0.6684 0.1232
vn -0.7338 -0.6682 0.1227
vn -0.7337 -0.6682 0.1234
vn -0.7339 -0.6680 0.1233
vn -0.7339 -0.6680 0.1231
vn -0.7339 -0.6679 0.1233
vn -0.7339 -0.6679 0.1232
vn 0.3903 -0.5328 -0.7508
vn 0.4261 -0.5570 -0.7129
vn 0.3903 -0.5328 -0.7509
vn 0.5378 -0.6428 -0.5454
vn 0.5379 -0.6429 -0.5454
vn 0.6295 -0.7075 -0.3212
vn 0.6295 -0.7075 -0.3211
vn 0.6754 -0.7273 -0.1224
vn 0.6754 -0.7273 -0.1223
vn 0.6807 -0.7300 0.0617
vn 0.6692 -0.7315 0.1303
vn 0.6693 -0.7315 0.1303
vn 0.7484 0.6441 -0.1581
vn 0.7478 0.6452 -0.1567
vn 0.7566 0.6348 -0.1565
vn 0.7443 0.6492 -0.1564
vn 0.7463 0.6472 -0.1556
vn 0.7444 0.6503 -0.1516
vn 0.7462 0.6472 -0.1557
vn 0.7463 0.6472 -0.1557
vn 0.7500 0.6467 -0.1390
vn 0.7535 0.6461 -0.1222
vn -0.3683 0.8288 -0.4212
vn -0.3202 0.9087 -0.2678
vn -0.2116 0.9015 -0.3774
vn -0.1875 0.8890 -0.4177
vn 0.2215 0.9478 -0.2293
vn -0.3447 0.8173 -0.4617
vn -0.3816 0.9157 -0.1257
vn -0.6510 0.5789 -0.4911
vn -0.1911 0.8030 -0.5646
vn 0.5316 0.8466 -0.0258
vn -0.6510 0.5788 -0.4911
vn -0.1911 0.8029 -0.5646
vn 0.5316 0.8466 -0.0257
vn -0.7884 0.3783 -0.4850
vn -0.1118 0.6912 -0.7140
vn 0.6292 0.7738 0.0731
vn -0.0681 0.6299 -0.7737
vn 0.7185 0.6772 0.1587
vn 0.7185 0.6772 0.1586
vn 0.8396 0.3876 0.3806
vn 0.8396 0.3876 0.3805
vn 0.7910 -0.0072 0.6117
vn 0.8182 -0.0225 0.5745
vn 0.7302 -0.1668 0.6626
vn 0.6874 -0.0045 0.7263
vn 0.7580 -0.1822 0.6263
vn 0.8650 -0.1543 0.4774
vn 0.5368 -0.4973 0.6815
vn 0.5741 0.0495 0.8173
vn 0.5368 -0.4974 0.6815
vn 0.9206 -0.2445 0.3045
vn 0.3633 -0.6648 0.6527
vn 0.9354 -0.2796 0.2163
vn -0.4681 0.8836 0.0084
vn -0.3816 0.9157 -0.1256
vn -0.5990 0.7992 0.0502
vn -0.5989 0.7992 0.0502
vn -0.6793 0.7338 0.0103
vn -0.2372 0.6000 -0.7640
vn -0.2165 0.6296 -0.7461
vn -0.3404 0.5418 -0.7685
vn -0.0539 0.6773 -0.7337
vn 0.5774 0.6567 -0.4851
vn 0.6024 0.6204 -0.5022
vn -0.4952 0.4857 -0.7203
vn -0.4951 0.4859 -0.7203
vn -0.4950 0.4859 -0.7203
vn 0.4735 0.6792 -0.5608
vn 0.7990 0.4606 -0.3867
vn 0.7649 0.4897 -0.4185
vn 0.8306 0.4301 -0.3537
vn 0.7648 0.4897 -0.4186
vn 0.8306 0.4301 -0.3536
vn 0.5848 0.8078 0.0742
vn 0.5521 0.8262 0.1122
vn 0.5047 0.8473 0.1653
vn 0.5047 0.8473 0.1654
vn -0.6944 -0.7049 -0.1450
vn -0.6944 -0.7048 -0.1451
vn -0.6753 -0.7172 -0.1724
vn -0.6432 -0.7360 -0.2111
vn -0.6433 -0.7359 -0.2111
vn -0.6236 -0.7417 -0.2469
vn -0.6551 -0.7139 -0.2475
vn -0.5822 -0.8099 -0.0712
vn -0.4493 -0.8931 0.0222
vn -0.4798 -0.8747 -0.0690
vn -0.5112 -0.8556 -0.0808
vn 0.4951 0.8400 0.2219
vn 0.4886 0.8426 0.2265
vn 0.5175 0.8156 0.2587
vn 0.5285 0.7893 0.3126
vn 0.5285 0.7893 0.3127
vn 0.5347 0.7985 0.2766
vn 0.5764 0.7824 0.2361
vn 0.5764 0.7824 0.2360
vn 0.6479 0.7578 -0.0771
vn 0.6930 0.6953 -0.1907
vn 0.6232 0.7817 -0.0224
vn 0.6930 0.6953 -0.1908
vn 0.7124 0.6561 -0.2491
vn -0.7356 -0.6771 -0.0184
vn -0.7747 -0.6279 0.0750
vn -0.7167 -0.6943 -0.0651
vn -0.7747 -0.6279 0.0751
vn -0.7941 -0.5955 0.1214
vn -0.4482 0.4734 0.7583
vn -0.4483 0.4734 0.7583
vn -0.4481 0.4734 0.7583
vn 0.3772 -0.3365 -0.8628
vn 0.3544 -0.3770 -0.8557
vn 0.3991 -0.2953 -0.8680
vn 0.3544 -0.3769 -0.8558
vn -0.3875 0.3426 0.8558
vn -0.3612 0.3764 0.8532
vn -0.4131 0.3083 0.8569
vn -0.4131 0.3082 0.8569
vn -0.4340 0.3274 0.8393
vn -0.4484 0.3376 0.8276
vn -0.4639 0.3692 0.8053
vn -0.4640 0.3691 0.8053
vn -0.4526 0.3791 0.8071
vn -0.4526 0.3792 0.8071
vn -0.4610 0.3665 0.8081
vn -0.4610 0.3665 0.8082
vn -0.4928 0.3779 0.7838
vn -0.4929 0.3779 0.7838
vn -0.5036 0.3905 0.7706
vn 0.4354 -0.3197 -0.8416
vn 0.4490 -0.3337 -0.8289
vn 0.4639 -0.3692 -0.8053
vn 0.4526 -0.3792 -0.8071
vn 0.4610 -0.3666 -0.8081
vn 0.4965 -0.3767 -0.7820
vn 0.5106 -0.3878 -0.7673
vn -0.7539 -0.6364 0.1631
vn 0.6806 0.6957 -0.2299
vn 0.6805 0.6957 -0.2299
vn 0.4421 -0.5123 -0.7363
vn 0.4421 -0.5123 -0.7362
vn -0.7738 0.2945 -0.5608
vn 0.9505 0.0123 0.3106
vn 0.9505 0.0122 0.3106
vn 0.4370 -0.4301 -0.7900
vn 0.4370 -0.4300 -0.7900
vn 0.4371 -0.4300 -0.7900
vn 0.8472 -0.3144 0.4282
vn 0.8473 -0.3144 0.4282
vn 0.4778 -0.1755 -0.8607
vn 0.5583 -0.2464 -0.7922
vn 0.3550 -0.2635 -0.8970
vn 0.4663 -0.3634 -0.8065
vn 0.5634 -0.4523 -0.6914
vn 0.6297 -0.3132 -0.7109
vn 0.3743 -0.4816 -0.7924
vn 0.3605 -0.4754 -0.8025
vn 0.3660 -0.4704 -0.8030
vn 0.3630 -0.4732 -0.8027
vn 0.3660 -0.4703 -0.8030
vn 0.3661 -0.4702 -0.8031
vn 0.3568 -0.4817 -0.8004
vn 0.3536 -0.4627 -0.8129
vn 0.3638 -0.4816 -0.7973
vn 0.3609 -0.4755 -0.8023
vn 0.3559 -0.4856 -0.7985
vn 0.3660 -0.4702 -0.8031
vn 0.3542 -0.4793 -0.8031
vn 0.3659 -0.4810 -0.7967
vn 0.3457 -0.4794 -0.8066
vn 0.3659 -0.4703 -0.8030
vn 0.3540 -0.4727 -0.8070
vn 0.3500 -0.4803 -0.8043
vn 0.3568 -0.4895 -0.7956
vn 0.3546 -0.4707 -0.8079
vn 0.3660 -0.4703 -0.8031
vn -0.8015 0.0966 -0.5902
vn -0.8014 0.0967 -0.5902
vn 0.3560 -0.7176 0.5986
vn 0.5552 -0.5406 0.6321
vn 0.6411 -0.5243 0.5604
vn 0.7560 -0.4031 0.5158
vn 0.7879 -0.5015 0.3574
vn 0.7143 -0.3247 0.6200
vn 0.7637 -0.5175 0.3859
vn 0.7971 -0.4893 0.3538
vn 0.7420 -0.5597 0.3689
vn 0.8611 -0.3955 0.3196
vn 0.0411 -0.6534 0.7559
vn 0.1944 -0.6707 0.7158
vn 0.2626 -0.4474 0.8549
vn 0.4033 -0.4794 0.7794
vn 0.4577 -0.1958 0.8673
vn 0.2898 -0.6900 0.6632
vn 0.5779 -0.2483 0.7774
vn 0.4814 -0.5048 0.7166
vn 0.6375 -0.2822 0.7169
vn 0.6001 -0.5387 0.5913
vn 0.6003 -0.5386 0.5912
vn 0.6000 -0.5388 0.5913
vn 0.6005 -0.5385 0.5911
vn 0.6001 -0.5389 0.5912
vn 0.5998 -0.5390 0.5914
vn 0.5996 -0.5391 0.5915
vn 0.5996 -0.5393 0.5913
vn 0.5990 -0.5395 0.5917
vn 0.5991 -0.5397 0.5914
vn 0.5990 -0.5397 0.5915
vn 0.1225 -0.4013 0.9077
vn 0.2626 -0.4473 0.8549
vn -0.2758 -0.6063 0.7458
vn -0.3255 0.4421 0.8358
vn -0.1733 0.3031 0.9371
vn 0.1179 0.0154 0.9929
vn 0.3222 -0.2032 0.9246
vn 0.3223 -0.2033 0.9246
vn 0.4798 -0.3844 0.7887
vn 0.4799 -0.3844 0.7887
vn 0.5931 -0.5320 0.6043
vn 0.6269 -0.5840 0.5156
vn 0.6269 -0.5841 0.5156
vn -0.7080 -0.6891 0.1545
vn -0.7187 -0.6809 0.1409
vn -0.7186 -0.6809 0.1410
vn -0.7291 -0.6725 0.1276
vn -0.7290 -0.6726 0.1276
vn -0.7287 -0.6728 0.1278
vn -0.7292 -0.6723 0.1279
vn -0.7289 -0.6726 0.1279
vn -0.7291 -0.6723 0.1281
vn -0.7290 -0.6724 0.1281
vn -0.7290 -0.6724 0.1282
vn -0.7289 -0.6725 0.1281
vn 0.2955 -0.4469 -0.8444
vn 0.2633 -0.4094 -0.8736
vn 0.2632 -0.4094 -0.8736
vn 0.1211 -0.2651 -0.9566
vn 0.1210 -0.2650 -0.9566
vn -0.0531 -0.0888 -0.9946
vn -0.1932 0.0600 -0.9793
vn -0.3235 0.1801 -0.9289
vn -0.3761 0.2160 -0.9010
vn 0.7422 0.6497 -0.1642
vn 0.7374 0.6523 -0.1754
vn 0.7417 0.6507 -0.1627
vn 0.7432 0.6503 -0.1575
vn 0.7419 0.6512 -0.1600
vn 0.7405 0.6538 -0.1554
vn 0.7420 0.6511 -0.1600
vn 0.7419 0.6511 -0.1600
vn 0.7309 0.6640 -0.1578
vn 0.7196 0.6768 -0.1556
vn 0.4410 0.0778 0.8941
vn 0.3281 -0.0052 0.9446
vn 0.2920 -0.1121 0.9498
vn 0.8611 -0.3954 0.3196
vn 0.8736 -0.3584 0.3293
vn 0.9420 -0.2253 0.2488
vn 0.9283 0.3250 -0.1806
vn 0.6827 -0.5820 0.4418
vn 0.6825 -0.5822 0.4418
vn 0.6829 -0.5817 0.4418
vn 0.6829 -0.5818 0.4418
vn 0.9711 0.2282 -0.0698
vn 0.9711 0.2282 -0.0699
vn 0.6379 0.7597 0.1265
vn 0.6137 0.7704 0.1729
vn 0.5764 0.7823 0.2360
vn -0.5355 -0.8438 -0.0345
vn -0.5522 -0.8337 -0.0048
vn 0.7827 0.6139 -0.1022
vn 0.7302 0.6832 0.0042
vn 0.8040 0.5731 -0.1587
vn 0.7302 0.6832 0.0041
vn 0.7001 0.7121 0.0534
vn 0.7001 0.7120 0.0534
vn -0.6355 -0.7679 0.0804
vn -0.6355 -0.7679 0.0805
vn -0.6805 -0.7132 0.1679
vn -0.6082 -0.7927 0.0420
vn -0.6082 -0.7926 0.0419
vn -0.6978 -0.6828 0.2164
vn -0.3558 0.3896 0.8495
vn -0.3558 0.3895 0.8495
vn -0.3558 0.3897 0.8494
vn 0.4605 -0.4731 -0.7511
vn 0.4982 -0.4462 -0.7434
vn 0.4982 -0.4462 -0.7435
vn 0.5348 -0.4183 -0.7342
vn -0.4934 0.4366 0.7523
vn -0.4634 0.4650 0.7544
vn -0.5225 0.4074 0.7490
vn -0.7423 -0.6469 0.1745
vn -0.7424 -0.6469 0.1745
vn 0.8071 0.5810 -0.1051
vn 0.3132 -0.3955 -0.8634
vn 0.3669 -0.7394 0.5646
vn 0.3669 -0.7393 0.5646
vn 0.0590 0.8203 -0.5689
vn 0.4031 -0.3993 -0.8235
vn -0.2653 0.6940 -0.6694
vn -0.2652 0.6940 -0.6694
vn 0.2514 -0.8576 0.4486
vn 0.2514 -0.8577 0.4486
vn 0.7789 -0.1847 0.5993
vn 0.9490 0.2819 -0.1408
vn 0.8106 0.1273 0.5716
vn 0.9523 0.0959 -0.2898
vn 0.9067 0.3829 0.1770
vn 0.7571 0.4306 0.4913
vn 0.7347 -0.4463 0.5110
vn 0.9455 -0.1620 -0.2824
vn 0.7338 -0.5719 0.3667
vn 0.8584 -0.4654 -0.2155
vn 0.7500 -0.6487 0.1292
vn 0.7293 -0.6684 -0.1463
vn 0.6838 -0.6352 0.3592
vn 0.7164 -0.6198 0.3204
vn 0.6783 -0.6200 0.3944
vn 0.6720 -0.6778 0.2983
vn 0.7301 -0.6045 0.3186
vn 0.6720 -0.6779 0.2983
vn 0.7822 -0.5562 0.2808
vn 0.6304 -0.7355 0.2481
vn 0.6304 -0.7356 0.2481
vn 0.7246 -0.5050 0.4689
vn 0.5714 -0.7962 0.1990
vn 0.7393 -0.4886 0.4635
vn 0.6935 -0.4814 0.5360
vn 0.4919 -0.8576 0.1503
vn 0.7063 -0.5111 0.4898
vn 0.7047 -0.5055 0.4978
vn 0.3870 -0.9167 0.0997
vn 0.6889 -0.4812 0.5421
vn 0.6889 -0.4811 0.5422
vn 0.2477 -0.9680 0.0405
vn 0.6680 -0.4642 0.5816
vn 0.0544 -0.9975 -0.0441
vn 0.6568 -0.4570 0.5997
vn 0.6568 -0.4571 0.5997
vn 0.0543 -0.9975 -0.0442
vn -0.0591 -0.9937 -0.0952
vn -0.3886 -0.8378 -0.3836
vn -0.3886 -0.8378 -0.3835
vn -0.3887 -0.8378 -0.3835
vn -0.3887 -0.8378 -0.3834
vn -0.3886 -0.8378 -0.3834
vn -0.3888 -0.8378 -0.3834
vn -0.3887 -0.8378 -0.3833
vn 0.3657 0.8528 0.3729
vn 0.3674 0.8481 0.3818
vn 0.3601 0.8507 0.3831
vn 0.3738 0.8487 0.3741
vn 0.3600 0.8506 0.3831
vn 0.3799 0.8494 0.3664
vn 0.3497 0.8499 0.3942
vn 0.3889 0.8375 0.3837
vn 0.3775 0.8557 0.3540
vn 0.3889 0.8376 0.3837
vn 0.3853 0.8525 0.3534
vn 0.3345 0.8484 0.4102
vn 0.3882 0.8382 0.3830
vn 0.3870 0.8583 0.3370
vn 0.3345 0.8485 0.4101
vn 0.3882 0.8383 0.3829
vn 0.3262 0.8474 0.4190
vn 0.3862 0.8402 0.3808
vn 0.3263 0.8474 0.4189
vn 0.4036 0.8599 0.3126
vn 0.3863 0.8401 0.3808
vn 0.4420 0.8570 0.2650
vn 0.4845 0.8405 0.2424
vn 0.4845 0.8405 0.2423
vn 0.4823 0.8265 0.2904
vn 0.4822 0.8265 0.2904
vn 0.4527 0.8226 0.3441
vn 0.4349 0.8217 0.3683
vn 0.4350 0.8217 0.3683
vn 0.4232 0.8220 0.3811
vn 0.4105 0.8278 0.3824
vn 0.4067 0.8235 0.3955
vn 0.4051 0.8270 0.3899
vn 0.4005 0.8263 0.3959
vn 0.3953 0.8252 0.4034
vn 0.3883 0.8380 0.3833
vn 0.3983 0.8180 0.4150
vn 0.3884 0.8380 0.3833
vn 0.3984 0.8180 0.4150
vn 0.3894 0.8372 0.3840
vn 0.3895 0.8150 0.4291
vn 0.3893 0.8373 0.3839
vn 0.3894 0.8150 0.4292
vn 0.3918 0.8354 0.3856
vn 0.3916 0.8355 0.3855
vn 0.3713 0.8109 0.4523
vn 0.3442 0.8081 0.4780
vn 0.3285 0.8085 0.4884
vn -0.6803 -0.2111 -0.7019
vn -0.6908 -0.2982 -0.6587
vn -0.6426 -0.0657 -0.7634
vn -0.5983 0.0390 -0.8003
vn -0.5567 0.1309 -0.8203
vn -0.5204 0.2153 -0.8263
vn -0.5205 0.2153 -0.8263
vn -0.4909 0.2937 -0.8202
vn -0.4687 0.3659 -0.8040
vn -0.4688 0.3659 -0.8040
vn -0.4625 0.4320 -0.7742
vn -0.4508 0.4427 -0.7751
vn -0.4652 0.4632 -0.7544
vn -0.4463 0.4636 -0.7655
vn -0.4142 0.4892 -0.7675
vn -0.4258 0.5138 -0.7447
vn -0.4326 0.5475 -0.7163
vn -0.4683 0.5592 -0.6841
vn -0.4618 0.5711 -0.6787
vn -0.4552 0.5828 -0.6731
vn -0.4892 0.5569 -0.6713
vn -0.4704 0.6138 -0.6341
vn -0.4704 0.6138 -0.6340
vn -0.4886 0.6380 -0.5951
vn -0.4983 0.6481 -0.5759
vn 0.4010 -0.0738 0.9131
vn 0.5077 0.0375 0.8607
vn 0.4381 0.1001 0.8933
vn 0.1718 0.1785 0.9688
vn 0.4690 -0.1165 0.8755
vn 0.1140 0.0346 0.9929
vn 0.5772 -0.2634 0.7730
vn -0.0551 0.2899 0.9555
vn 0.5799 -0.2525 0.7745
vn -0.1359 0.1573 0.9782
vn 0.3272 -0.2043 0.9226
vn 0.7966 -0.1403 0.5880
vn -0.2543 0.4211 0.8706
vn 0.0535 -0.1101 0.9925
vn 0.8230 -0.2707 0.4994
vn -0.3552 0.3018 0.8847
vn 0.5360 -0.4082 0.7390
vn 0.7060 -0.2615 0.6582
vn -0.2133 0.0208 0.9768
vn 0.7971 -0.3135 0.5162
vn 0.7647 -0.0174 0.6442
vn -0.4474 0.1750 0.8770
vn 0.2730 -0.3568 0.8934
vn 0.8172 0.0605 0.5731
vn -0.0112 -0.2583 0.9660
vn 0.7258 -0.4833 0.4895
vn 0.9284 0.0138 0.3713
vn 0.5075 -0.4842 0.7127
vn -0.2885 -0.1222 0.9497
vn 0.9178 0.1000 0.3843
vn 0.2420 -0.4324 0.8686
vn -0.5318 0.0381 0.8460
vn 0.9920 0.0467 0.1169
vn -0.0448 -0.3329 0.9419
vn -0.6259 0.3375 0.7031
vn 0.9719 0.1807 0.1510
vn -0.5225 0.4540 0.7217
vn -0.3246 -0.1955 0.9254
vn 0.9665 0.1912 -0.1711
vn -0.7174 0.2071 0.6651
vn 0.9717 0.0256 -0.2349
vn -0.4062 0.5593 0.7227
vn -0.7315 0.4922 0.4719
vn 0.9891 -0.1371 0.0535
vn -0.4959 0.6909 0.5260
vn -0.6213 0.5990 0.5052
vn 0.9824 -0.1003 0.1573
vn 0.9285 0.0980 -0.3582
vn 0.9788 -0.0050 0.2047
vn 0.8985 -0.0404 -0.4371
vn -0.5148 0.8032 0.2999
vn 0.9721 -0.2017 0.1201
vn 0.9435 -0.1171 -0.3100
vn -0.6421 0.7225 0.2561
vn 0.9339 0.2375 -0.2673
vn -0.4609 0.8850 0.0665
vn 0.8923 0.3426 -0.2939
vn 0.9599 -0.2589 0.1075
vn -0.5827 0.8127 -0.0008
vn 0.9533 0.2915 -0.0786
vn 0.9709 -0.2394 0.0081
vn 0.8637 0.4208 -0.2774
vn 0.9187 -0.1905 -0.3459
vn -0.7536 0.6242 0.2061
vn 0.9661 -0.2056 0.1565
vn 0.8735 -0.1120 -0.4737
vn -0.6903 0.7203 -0.0682
vn 0.9378 -0.0429 0.3445
vn 0.9420 -0.3289 -0.0670
vn -0.8272 0.3679 0.4248
vn 0.9263 -0.2422 0.2886
vn -0.8502 0.5052 0.1485
vn 0.8891 -0.1132 0.4434
vn -0.7843 0.6051 -0.1367
vn -0.7576 0.1367 0.6382
vn 0.8755 -0.4298 0.2208
vn -0.8916 0.4375 0.1168
vn -0.8683 0.2991 0.3956
vn -0.8251 0.5384 -0.1711
vn 0.8716 -0.3096 0.3801
vn -0.5703 -0.0337 0.8208
vn 0.8743 -0.2981 0.3830
vn 0.8759 -0.2305 0.4240
vn 0.8696 -0.1174 0.4795
vn 0.9271 0.0035 0.3747
vn 0.4216 0.2491 0.8719
vn 0.5125 0.2221 0.8295
vn 0.4373 0.3879 0.8113
vn 0.2732 0.4498 0.8503
vn 0.4827 0.3233 0.8139
vn 0.3145 0.5704 0.7588
vn 0.2253 0.3181 0.9209
vn 0.5531 0.1223 0.8241
vn 0.5854 0.4103 0.6992
vn 0.4395 0.5304 0.7249
vn 0.1872 0.6328 0.7513
vn 0.4382 0.1001 0.8933
vn 0.5623 0.5115 0.6497
vn 0.3480 0.6769 0.6486
vn 0.7316 0.3721 0.5712
vn 0.2613 0.7194 0.6435
vn 0.1718 0.1786 0.9688
vn 0.6662 0.5060 0.5479
vn 0.3290 0.7883 0.5199
vn 0.0270 0.4154 0.9092
vn 0.5190 0.6301 0.5777
vn 0.2906 0.8137 0.5035
vn 0.1084 0.5307 0.8406
vn 0.4368 0.6461 0.6259
vn 0.3890 0.8378 0.3831
vn -0.0363 0.6260 0.7790
vn 0.4179 0.7512 0.5110
vn 0.1853 0.7696 0.6111
vn 0.0754 0.7065 0.7037
vn 0.3729 0.7668 0.5224
vn 0.2612 0.8404 0.4749
vn -0.0098 0.7840 0.6207
vn 0.1273 0.8223 0.5546
vn 0.4595 0.7431 0.4866
vn 0.2438 0.8659 0.4368
vn 0.0930 0.8726 0.4795
vn 0.2401 0.8876 0.3931
vn 0.0858 0.9155 0.3931
vn -0.0602 0.8579 0.5103
vn -0.1466 0.7264 0.6715
vn 0.2506 0.9034 0.3480
vn -0.0708 0.9208 0.3835
vn 0.1064 0.9467 0.3040
vn -0.2118 0.8220 0.5286
vn -0.1471 0.5301 0.8351
vn -0.0405 0.9667 0.2525
vn -0.2798 0.6508 0.7058
vn -0.2255 0.9035 0.3644
vn -0.0551 0.2900 0.9554
vn -0.3582 0.7659 0.5339
vn -0.1863 0.9630 0.1948
vn -0.2542 0.4212 0.8706
vn -0.3748 0.8640 0.3363
vn -0.4061 0.5593 0.7226
vn -0.3276 0.9355 0.1323
vn -0.4959 0.6910 0.5260
vn -0.5147 0.8032 0.2999
vn -0.4608 0.8850 0.0666
vn 0.7176 0.3389 0.6084
vn 0.7747 0.2244 0.5911
vn 0.8048 0.2225 0.5502
vn 0.8773 0.2494 0.4100
vn 0.7783 0.0957 0.6206
vn 0.8152 0.3927 0.4257
vn 0.8172 0.0606 0.5731
vn 0.9243 0.3203 0.2075
vn 0.7646 -0.0174 0.6442
vn 0.7331 0.5263 0.4308
vn 0.8538 0.4526 0.2574
vn 0.5866 0.6303 0.5086
vn 0.7634 0.5722 0.2998
vn 0.6329 0.6469 0.4254
vn 0.8399 0.5346 0.0933
vn 0.9077 0.4195 0.0088
vn 0.6529 0.6793 0.3351
vn 0.4937 0.7432 0.4516
vn 0.8287 0.5349 -0.1646
vn 0.7536 0.6339 0.1740
vn 0.7667 0.6402 -0.0482
vn 0.5172 0.7516 0.4094
vn 0.6456 0.7213 0.2509
vn 0.6606 0.7369 -0.1435
vn 0.5270 0.7691 0.3617
vn 0.6916 0.7203 0.0534
vn 0.5233 0.7899 0.3195
vn 0.6108 0.7745 0.1642
vn 0.6182 0.7857 -0.0225
vn 0.5216 0.8511 -0.0600
vn 0.5068 0.8139 0.2842
vn 0.5266 0.8242 -0.2083
vn 0.4901 0.8677 0.0830
vn 0.5623 0.8207 0.1014
vn 0.5227 0.7695 -0.3669
vn 0.3781 0.9227 -0.0755
vn 0.6968 0.6548 -0.2928
vn 0.3556 0.9059 -0.2299
vn 0.4403 0.8657 0.2381
vn 0.3244 0.8669 -0.3786
vn 0.3977 0.8867 0.2357
vn 0.2852 0.8065 -0.5180
vn 0.5121 0.6951 -0.5046
vn 0.1868 0.9645 -0.1867
vn 0.1212 0.9373 -0.3267
vn 0.3927 0.9160 0.0816
vn 0.0528 0.8871 -0.4586
vn 0.2477 0.9679 -0.0422
vn 0.3025 0.9475 0.1034
vn 0.7123 0.5608 -0.4221
vn 0.0304 0.9950 -0.0949
vn 0.8636 0.4209 -0.2774
vn 0.3499 0.9038 0.2465
vn 0.1269 0.9915 0.0287
vn -0.0982 0.9945 0.0366
vn 0.2203 0.9636 0.1517
vn -0.0669 0.9740 -0.2163
vn 0.0276 0.9911 0.1303
vn 0.3083 0.9119 0.2709
vn -0.2216 0.9734 -0.0581
vn 0.3889 0.8378 0.3831
vn 0.1527 0.9633 0.2208
vn -0.1625 0.9291 -0.3322
vn 0.2740 0.9118 0.3059
vn -0.3394 0.9284 -0.1513
vn -0.4608 0.8850 0.0665
vn 0.3357 0.8937 0.2976
vn 0.2910 0.9252 0.2436
vn 0.6749 0.7374 -0.0287
vn -0.1715 0.8555 0.4886
vn 0.6882 0.7255 0.0072
vn -0.0051 0.7786 0.6275
vn 0.8916 0.3903 -0.2297
vn -0.2198 0.4783 0.8502
vn 0.9195 0.3706 -0.1311
vn -0.5147 0.5395 0.6663
vn 0.9524 -0.0282 -0.3035
vn -0.3101 0.1207 0.9430
vn 0.9895 -0.0215 -0.1426
vn -0.6246 0.1083 0.7734
vn 0.8373 -0.4702 -0.2790
vn -0.3236 -0.2721 0.9062
vn 0.9112 -0.4083 -0.0547
vn -0.5120 -0.3217 0.7965
vn 0.5199 -0.8484 -0.0997
vn -0.2178 -0.6964 0.6838
vn 0.6411 -0.7540 0.1433
vn -0.2308 -0.6852 0.6908
vn 0.1937 -0.8778 0.4381
vn 0.0944 -0.9564 0.2764
vn 0.6047 0.5753 0.5508
vn 0.7635 0.6164 0.1927
vn 0.9067 0.3829 0.1769
vn 0.4410 0.3112 0.8419
vn 0.8757 0.4485 -0.1789
vn 0.2665 -0.1219 0.9561
vn 0.9490 0.2819 -0.1409
vn 0.7790 -0.1847 0.5993
vn 0.8869 0.1996 -0.4165
vn 0.7347 -0.4463 0.5109
vn 0.9522 0.0959 -0.2899
vn 0.1979 -0.5238 0.8285
vn 0.8262 -0.1244 -0.5494
vn 0.2291 -0.7967 0.5593
vn 0.8584 -0.4654 -0.2156
vn 0.7499 -0.6488 0.1293
vn 0.6693 -0.5295 -0.5213
vn 0.3237 -0.9329 0.1579
vn 0.7292 -0.6684 -0.1463
vn 0.4726 -0.8388 -0.2702
vn 0.8514 0.4593 0.2532
vn 0.6374 0.5515 0.5381
vn 0.7635 0.6163 0.1927
vn 0.8757 0.4485 -0.1788
vn 0.9812 0.1926 0.0131
vn 0.4149 0.3405 0.8438
vn 0.8870 0.1995 -0.4165
vn 0.4409 0.3112 0.8419
vn 0.9856 -0.0056 -0.1687
vn 0.1985 -0.0833 0.9765
vn 0.8263 -0.1245 -0.5493
vn 0.8912 -0.2257 -0.3934
vn 0.1074 -0.4821 0.8695
vn 0.6692 -0.5295 -0.5213
vn 0.6148 -0.5984 -0.5138
vn 0.0675 -0.7938 0.6044
vn 0.4725 -0.8389 -0.2703
vn 0.2290 -0.7967 0.5593
vn 0.2678 -0.9169 -0.2960
vn 0.0867 -0.9815 0.1709
vn 0.3236 -0.9329 0.1579
vn -0.5825 0.6474 -0.4916
vn -0.7059 0.6259 -0.3316
vn -0.5825 0.6474 -0.4915
vn -0.4408 0.6414 -0.6279
vn -0.7060 0.6259 -0.3315
vn -0.4407 0.6414 -0.6280
vn -0.7987 0.5789 -0.1639
vn -0.2881 0.6103 -0.7379
vn -0.8756 0.4830 0.0080
vn -0.1368 0.5603 -0.8169
vn -0.9200 0.3631 0.1477
vn 0.0090 0.4712 -0.8820
vn -0.9200 0.3630 0.1476
vn -0.9227 0.2740 0.2712
vn 0.1249 0.3623 -0.9237
vn -0.9227 0.2740 0.2714
vn -0.8888 0.2280 0.3975
vn 0.2288 0.2843 -0.9310
vn 0.2291 0.2840 -0.9310
vn -0.8251 0.1987 0.5288
vn 0.3480 0.2178 -0.9119
vn -0.8251 0.1987 0.5289
vn 0.3481 0.2177 -0.9118
vn -0.7497 0.1417 0.6465
vn 0.4614 0.1512 -0.8742
vn -0.7498 0.1415 0.6464
vn -0.6745 0.0653 0.7354
vn 0.5166 0.1189 -0.8479
vn -0.6743 0.0656 0.7355
vn -0.5722 -0.0538 0.8184
vn -0.4675 -0.1870 0.8640
vn -0.4676 -0.1871 0.8639
vn -0.3684 -0.2735 0.8885
vn -0.3683 -0.2735 0.8886
vn -0.2524 -0.3342 0.9081
vn -0.2519 -0.3344 0.9081
vn -0.1273 -0.3574 0.9252
vn 0.0445 -0.3450 0.9376
vn 0.2319 -0.3508 0.9073
vn 0.3936 -0.3750 0.8394
vn 0.3936 -0.3750 0.8393
vn 0.5525 -0.3894 0.7370
vn 0.6952 -0.3911 0.6031
vn 0.6953 -0.3911 0.6031
vn 0.8140 -0.3787 0.4405
vn 0.8140 -0.3787 0.4404
vn 0.8971 -0.3539 0.2645
vn 0.8971 -0.3539 0.2644
vn 0.9379 -0.3433 0.0498
vn 0.9260 -0.3480 -0.1462
vn 0.9036 -0.3153 -0.2900
vn 0.9036 -0.3153 -0.2899
vn 0.8655 -0.2320 -0.4439
vn 0.8655 -0.2319 -0.4440
vn 0.8038 -0.1413 -0.5779
vn 0.7701 -0.0972 -0.6304
vn 0.4761 0.8420 0.2539
vn -0.5171 -0.7516 -0.4095
vn -0.4937 -0.7432 -0.4516
vn -0.5866 -0.6303 -0.5086
vn -0.5190 -0.6301 -0.5777
vn -0.6329 -0.6469 -0.4254
vn -0.5657 -0.5015 -0.6546
vn -0.4595 -0.7431 -0.4866
vn -0.6650 -0.5019 -0.5530
vn -0.4449 -0.5251 -0.7255
vn -0.7331 -0.5263 -0.4308
vn -0.4368 -0.6461 -0.6259
vn -0.5985 -0.3606 -0.7154
vn -0.7271 -0.3612 -0.5839
vn -0.4179 -0.7512 -0.5110
vn -0.4421 -0.3912 -0.8072
vn -0.2732 -0.4498 -0.8503
vn -0.6166 -0.2108 -0.7586
vn -0.3480 -0.6769 -0.6486
vn -0.3145 -0.5704 -0.7588
vn -0.4284 -0.2476 -0.8690
vn -0.2253 -0.3181 -0.9209
vn -0.1872 -0.6328 -0.7513
vn -0.4042 -0.0979 -0.9094
vn -0.0270 -0.4154 -0.9092
vn -0.1084 -0.5307 -0.8406
vn -0.2613 -0.7194 -0.6435
vn -0.6194 -0.0559 -0.7831
vn -0.3729 -0.7668 -0.5225
vn -0.7712 -0.2115 -0.6004
vn 0.0680 -0.4668 -0.8817
vn -0.1256 -0.6660 -0.7353
vn 0.1630 -0.3492 -0.9228
vn -0.0290 -0.5734 -0.8188
vn -0.8152 -0.3927 -0.4257
vn 0.0552 -0.2899 -0.9555
vn 0.2536 -0.2235 -0.9411
vn -0.8773 -0.2494 -0.4100
vn -0.2194 -0.7423 -0.6331
vn 0.1359 -0.1573 -0.9782
vn -0.7964 -0.0566 -0.6021
vn 0.3464 -0.0787 -0.9348
vn -0.3078 -0.8001 -0.5149
vn 0.2213 -0.0062 -0.9752
vn -0.6071 0.1005 -0.7883
vn 0.3929 0.0018 -0.9196
vn -0.3700 0.0542 -0.9274
vn -0.8020 0.0997 -0.5890
vn -0.1140 -0.0346 -0.9929
vn 0.2654 0.0771 -0.9610
vn -0.5760 0.2705 -0.7714
vn -0.0469 0.1255 -0.9910
vn -0.3216 0.2208 -0.9208
vn -0.1717 -0.1786 -0.9688
vn -0.2908 0.3097 -0.9053
vn -0.0093 0.2120 -0.9772
vn -0.5515 0.3605 -0.7523
vn -0.7851 0.2696 -0.5576
vn -0.7658 0.3597 -0.5331
vn -0.9357 0.0519 -0.3491
vn -0.9286 0.2183 -0.3002
vn -0.9127 0.3071 -0.2694
vn -0.9178 -0.1000 -0.3843
vn -0.2495 -0.8176 -0.5189
vn -0.3079 -0.8280 -0.4687
vn -0.1273 -0.7816 -0.6106
vn -0.1274 -0.7816 -0.6106
vn -0.0009 -0.7259 -0.6878
vn 0.1251 -0.6522 -0.7476
vn 0.2476 -0.5627 -0.7887
vn 0.3635 -0.4596 -0.8103
vn 0.4702 -0.3457 -0.8120
vn 0.5651 -0.2238 -0.7941
vn 0.6463 -0.0966 -0.7569
vn 0.6462 -0.0967 -0.7570
vn 0.7117 0.0324 -0.7018
vn 0.7117 0.0326 -0.7017
vn 0.7600 0.1609 -0.6297
vn 0.7901 0.2856 -0.5423
vn 0.7901 0.2857 -0.5423
vn 0.8017 0.4035 -0.4410
vn 0.8004 0.4589 -0.3859
vn 0.8004 0.4589 -0.3858
vn -0.2491 -0.8535 -0.4577
vn -0.2438 -0.8659 -0.4368
vn -0.3916 -0.8378 -0.3804
vn -0.0929 -0.8726 -0.4795
vn -0.0857 -0.9155 -0.3931
vn -0.1035 -0.8477 -0.5202
vn 0.0707 -0.9208 -0.3835
vn -0.2401 -0.8876 -0.3931
vn 0.0602 -0.8579 -0.5103
vn 0.0405 -0.9667 -0.2525
vn 0.0444 -0.8207 -0.5696
vn -0.1064 -0.9467 -0.3040
vn 0.2255 -0.9035 -0.3644
vn 0.2118 -0.8220 -0.5286
vn -0.2506 -0.9034 -0.3480
vn 0.1864 -0.9630 -0.1948
vn 0.0982 -0.9945 -0.0366
vn 0.3747 -0.8640 -0.3363
vn -0.1527 -0.9633 -0.2208
vn -0.0276 -0.9911 -0.1303
vn 0.3276 -0.9355 -0.1323
vn -0.2741 -0.9118 -0.3059
vn -0.1270 -0.9915 -0.0288
vn -0.0277 -0.9911 -0.1303
vn 0.2216 -0.9734 0.0581
vn -0.2203 -0.9636 -0.1517
vn 0.3395 -0.9284 0.1513
vn 0.0669 -0.9740 0.2163
vn -0.2477 -0.9679 0.0422
vn 0.4608 -0.8850 -0.0665
vn -0.3083 -0.9119 -0.2709
vn -0.1868 -0.9645 0.1867
vn 0.1625 -0.9291 0.3322
vn -0.0304 -0.9950 0.0949
vn -0.0527 -0.8871 0.4586
vn 0.2541 -0.8613 0.4401
vn -0.3025 -0.9475 -0.1034
vn 0.0171 -0.8150 0.5792
vn 0.4490 -0.8605 0.2408
vn -0.3781 -0.9227 0.0755
vn -0.2389 -0.7262 0.6447
vn -0.3499 -0.9038 -0.2464
vn -0.3556 -0.9059 0.2299
vn 0.0938 -0.7119 0.6960
vn -0.5205 -0.8250 0.2202
vn -0.1809 -0.6166 0.7662
vn -0.3913 -0.9167 -0.0807
vn -0.5227 -0.7695 0.3669
vn -0.4491 -0.4850 0.7504
vn -0.5054 -0.8602 0.0680
vn -0.3244 -0.8669 0.3786
vn -0.4888 -0.6035 0.6300
vn -0.6652 -0.7297 0.1586
vn -0.5121 -0.6950 0.5047
vn -0.6844 -0.3299 0.6502
vn -0.6968 -0.6548 0.2928
vn -0.2852 -0.8064 0.5180
vn -0.8295 -0.5340 0.1635
vn -0.7112 -0.5639 0.4198
vn -0.7081 -0.4590 0.5365
vn -0.8631 -0.4257 0.2719
vn -0.7755 -0.6293 0.0510
vn -0.9080 -0.4190 -0.0084
vn -0.8639 -0.1666 0.4753
vn -0.8754 -0.3068 0.3735
vn -0.9528 -0.2940 0.0752
vn -0.8465 -0.0872 0.5252
vn -0.9552 0.0722 0.2870
vn -0.9700 -0.0110 0.2429
vn -0.6626 -0.2546 0.7044
vn -0.9743 -0.1618 0.1570
vn -0.9950 -0.0382 -0.0920
vn -0.9780 0.2081 0.0133
vn -0.4215 -0.4134 0.8071
vn -0.9923 0.1216 -0.0243
vn -0.9717 -0.1818 -0.1509
vn -0.9128 0.3071 -0.2693
vn -0.9357 0.0519 -0.3490
vn -0.9286 0.2183 -0.3001
vn -0.9244 -0.3209 -0.2060
vn -0.8407 -0.5336 -0.0919
vn -0.8544 -0.4521 -0.2561
vn -0.7024 -0.7090 -0.0626
vn -0.8153 -0.3927 -0.4256
vn -0.7528 -0.6351 -0.1730
vn -0.6172 -0.7865 0.0204
vn -0.7634 -0.5722 -0.2999
vn -0.5540 -0.8241 -0.1182
vn -0.6120 -0.7713 -0.1747
vn -0.6463 -0.7210 -0.2499
vn -0.4780 -0.8742 -0.0858
vn -0.6535 -0.6781 -0.3362
vn -0.4772 -0.8413 -0.2540
vn -0.5066 -0.8146 -0.2826
vn -0.3948 -0.8882 -0.2350
vn -0.5276 -0.7674 -0.3643
vn -0.4387 -0.8667 -0.2376
vn -0.5239 -0.7891 -0.3206
vn -0.5172 -0.7516 -0.4094
vn -0.4490 0.8605 -0.2408
vn -0.5827 0.8127 -0.0009
vn -0.3395 0.9284 -0.1513
vn -0.2542 0.8612 -0.4401
vn -0.6902 0.7203 -0.0683
vn 0.0527 0.8871 -0.4586
vn -0.5476 0.7713 -0.3244
vn -0.0171 0.8150 -0.5792
vn -0.7843 0.6051 -0.1368
vn 0.2852 0.8064 -0.5180
vn -0.3396 0.7721 -0.5371
vn -0.6360 0.6581 -0.4030
vn 0.2389 0.7262 -0.6447
vn -0.8251 0.5385 -0.1712
vn -0.0865 0.7228 -0.6857
vn -0.4196 0.6591 -0.6241
vn -0.6754 0.5920 -0.4398
vn 0.5146 0.6000 -0.6125
vn 0.1868 0.6280 -0.7555
vn 0.6807 0.5325 -0.5031
vn -0.1566 0.6076 -0.7787
vn -0.4571 0.5929 -0.6630
vn 0.4535 0.4970 -0.7398
vn 0.7122 0.5608 -0.4222
vn 0.6031 0.5298 -0.5963
vn 0.1275 0.5091 -0.8512
vn -0.1916 0.5411 -0.8189
vn 0.5754 0.4192 -0.7023
vn 0.4048 0.3731 -0.8348
vn 0.0952 0.4416 -0.8922
vn 0.5317 0.2933 -0.7945
vn 0.3750 0.3042 -0.8757
vn 0.5035 0.2247 -0.8343
vn 0.8966 -0.2443 -0.3693
vn 0.8072 -0.2327 -0.5424
vn 0.7871 -0.2669 -0.5561
vn 0.7486 -0.3233 -0.5789
vn 0.6992 -0.4003 -0.5923
vn 0.6993 -0.4003 -0.5923
vn 0.6512 -0.4554 -0.6070
vn 0.6079 -0.4984 -0.6181
vn 0.6290 -0.4725 -0.6174
vn 0.6006 -0.6163 -0.5094
vn 0.4591 -0.6247 -0.6316
vn 0.4913 -0.6939 -0.5264
vn 0.5125 -0.8050 -0.2989
vn 0.3318 -0.7069 -0.6247
vn 0.6625 -0.6910 -0.2891
vn 0.3583 -0.7659 -0.5339
vn 0.6974 -0.6233 -0.3539
vn 0.1908 -0.7733 -0.6047
vn 0.5827 -0.8127 0.0009
vn 0.7157 -0.6031 -0.3523
vn 0.7008 -0.7094 0.0754
vn 0.7638 -0.6144 -0.1977
vn 0.7656 -0.5518 -0.3306
vn 0.7567 -0.6434 0.1154
vn 0.8219 -0.4895 -0.2913
vn 0.5573 -0.7607 0.3328
vn 0.8501 -0.4826 -0.2107
vn 0.6097 -0.6960 0.3792
vn 0.4491 -0.8604 0.2408
vn 0.3954 -0.6969 0.5983
vn 0.3482 -0.7615 0.5467
vn 0.1348 -0.6460 0.7513
vn 0.8759 -0.4083 -0.2570
vn 0.8967 -0.2443 -0.3692
vn 0.8966 -0.2443 -0.3692
vn 0.0937 -0.7119 0.6960
vn -0.1467 -0.5483 0.8233
vn -0.4214 -0.4135 0.8071
vn 0.1347 -0.6460 0.7514
vn -0.4491 -0.4849 0.7504
vn 0.2542 -0.8612 0.4401
vn 0.3482 -0.7616 0.5466
vn 0.4490 -0.8605 0.2407
vn -0.1213 -0.9373 0.3267
vn -0.2253 -0.3180 -0.9209
vn -0.1718 -0.1786 -0.9688
vn -0.4042 -0.0980 -0.9094
vn -0.1269 -0.9915 -0.0288
vn 0.0981 -0.9945 -0.0366
vn 0.0405 -0.9668 -0.2525
vn -0.6120 -0.7713 -0.1748
vn 0.2399 -0.3644 0.8998
vn 0.4284 -0.5607 0.7086
vn 0.7226 -0.2884 0.6283
vn 0.8544 -0.0930 0.5113
vn -0.0155 -0.1384 0.9903
vn 0.8983 0.0643 0.4347
vn -0.1573 0.1632 0.9740
vn -0.0679 0.4943 0.8666
vn 0.8724 0.2671 0.4094
vn 0.1982 0.7305 0.6535
vn 0.7254 0.5461 0.4190
vn 0.4000 0.8344 0.3791
vn 0.1938 -0.8778 0.4381
vn 0.4285 -0.5607 0.7085
vn -0.2307 -0.6852 0.6908
vn 0.2400 -0.3643 0.8998
vn -0.0154 -0.1384 0.9903
vn 0.9112 -0.4083 -0.0546
vn 0.9896 -0.0215 -0.1425
vn -0.1572 0.1632 0.9740
vn 0.9195 0.3706 -0.1310
vn -0.0678 0.4943 0.8666
vn -0.1715 0.8555 0.4885
vn 0.7254 0.5462 0.4190
vn 0.4000 0.8345 0.3791
vn 0.2909 0.9252 0.2436
vn 0.4819 -0.6554 -0.5816
vn 0.2369 -0.7694 -0.5932
vn 0.7086 -0.4759 -0.5209
vn 0.7086 -0.4760 -0.5209
vn 0.7178 -0.4665 -0.5168
vn 0.7179 -0.4664 -0.5168
vn 0.7362 -0.4455 -0.5094
vn 0.8619 -0.0188 -0.5067
vn 0.8269 -0.3213 -0.4615
vn 0.9606 0.0791 -0.2663
vn 0.0695 -0.9912 -0.1127
vn 0.0314 -0.9949 -0.0958
vn 0.3544 -0.8915 0.2823
vn -0.1907 -0.8681 -0.4584
vn 0.3645 -0.8896 0.2752
vn -0.0933 -0.8719 -0.4807
vn 0.6399 -0.6357 0.4317
vn -0.2071 -0.5847 -0.7844
vn 0.6428 -0.6352 0.4281
vn -0.0724 -0.6226 -0.7792
vn 0.8533 -0.2936 0.4309
vn -0.0412 -0.1697 -0.9846
vn 0.8588 -0.3046 0.4119
vn 0.0661 -0.2264 -0.9718
vn 0.9140 -0.0971 0.3938
vn 0.2140 0.1236 -0.9690
vn 0.9704 0.0881 0.2248
vn 0.2281 0.1189 -0.9664
vn 0.4154 0.4406 -0.7958
vn 0.4793 0.3486 -0.8055
vn 0.7472 0.4723 -0.4676
vn 0.6500 0.6380 -0.4128
vn 0.9173 0.3901 -0.0803
vn 0.8417 0.5395 0.0211
vn 0.9704 0.0882 0.2247
vn 0.8940 0.4036 0.1947
vn 0.3744 -0.8877 0.2680
vn 0.6457 -0.6348 0.4244
vn -0.0070 -0.9969 -0.0787
vn 0.8639 -0.3156 0.3926
vn -0.2867 -0.8554 -0.4314
vn -0.2072 -0.5847 -0.7844
vn 0.9898 0.0167 0.1418
vn -0.3394 -0.5345 -0.7740
vn -0.0413 -0.1696 -0.9846
vn 0.9607 0.0791 -0.2662
vn -0.1487 -0.1099 -0.9828
vn 0.9173 0.3899 -0.0803
vn 0.1999 0.1284 -0.9714
vn 0.7472 0.4722 -0.4676
vn 0.8619 -0.0187 -0.5067
vn 0.5368 0.2526 -0.8050
vn 0.4793 0.3485 -0.8055
vn 0.6808 0.5324 -0.5031
vn 0.8636 0.4208 -0.2775
vn 0.3060 0.7303 -0.6108
vn 0.1023 0.7303 -0.6755
vn 0.2677 0.8018 -0.5343
vn 0.4197 0.8018 -0.4254
vn 0.0895 0.8018 -0.5909
vn 0.4798 0.7303 -0.4863
vn -0.1114 0.7303 -0.6740
vn 0.5307 0.8018 -0.2749
vn 0.1427 0.3026 -0.9424
vn -0.0974 0.8018 -0.5896
vn 0.6066 0.7303 -0.3143
vn 0.4270 0.3026 -0.8521
vn -0.1555 0.3026 -0.9403
vn 0.5896 0.8018 -0.0974
vn -0.3143 0.7303 -0.6066
vn 0.6740 0.7303 -0.1114
vn 0.6694 0.3026 -0.6785
vn -0.4384 0.3026 -0.8463
vn 0.5909 0.8018 0.0895
vn -0.2749 0.8018 -0.5307
vn 0.8463 0.3026 -0.4384
vn 0.6755 0.7303 0.1023
vn -0.6785 0.3026 -0.6694
vn -0.4863 0.7303 -0.4798
vn 0.5343 0.8018 0.2677
vn 0.9403 0.3026 -0.1555
vn 0.6108 0.7303 0.3060
vn -0.4254 0.8018 -0.4197
vn -0.8521 0.3026 -0.4270
vn 0.4254 0.8018 0.4197
vn 0.9424 0.3026 0.1427
vn -0.6108 0.7303 -0.3060
vn 0.4863 0.7303 0.4798
vn -0.5343 0.8018 -0.2677
vn -0.9424 0.3026 -0.1427
vn 0.8521 0.3026 0.4270
vn 0.2749 0.8018 0.5307
vn -0.6755 0.7303 -0.1023
vn 0.6785 0.3026 0.6694
vn 0.3143 0.7303 0.6066
vn -0.5909 0.8018 -0.0895
vn -0.9404 0.3026 0.1555
vn 0.0974 0.8018 0.5896
vn -0.6740 0.7303 0.1114
vn 0.4384 0.3026 0.8463
vn 0.1114 0.7303 0.6740
vn -0.5896 0.8018 0.0974
vn -0.8463 0.3026 0.4384
vn -0.0895 0.8018 0.5909
vn -0.6066 0.7303 0.3143
vn 0.1555 0.3026 0.9403
vn -0.1023 0.7303 0.6755
vn -0.5307 0.8018 0.2749
vn -0.6694 0.3026 0.6785
vn -0.2677 0.8018 0.5343
vn -0.4798 0.7303 0.4863
vn -0.1427 0.3026 0.9424
vn -0.3060 0.7303 0.6108
vn -0.4197 0.8018 0.4254
vn -0.4270 0.3026 0.8521
vn 0.4321 0.2637 -0.8624
vn 0.6775 0.2637 -0.6867
vn 0.1445 0.2637 -0.9537
vn 0.4198 0.8018 -0.4254
vn 0.4479 -0.0000 -0.8941
vn -0.0975 0.8018 -0.5897
vn 0.8565 0.2637 -0.4437
vn 0.7023 -0.0000 -0.7119
vn 0.1498 -0.0000 -0.9887
vn -0.1573 0.2637 -0.9517
vn 0.9517 0.2637 -0.1573
vn -0.1630 -0.0000 -0.9866
vn 0.8879 -0.0000 -0.4600
vn 0.5897 0.8017 -0.0975
vn -0.4437 0.2637 -0.8565
vn -0.4600 -0.0000 -0.8879
vn 0.9866 -0.0000 -0.1631
vn 0.9537 0.2637 0.1445
vn -0.4254 0.8018 -0.4198
vn -0.7118 -0.0000 -0.7024
vn -0.6867 0.2637 -0.6775
vn 0.9887 -0.0000 0.1498
vn 0.8624 0.2637 0.4321
vn 0.8941 -0.0000 0.4480
vn -0.8624 0.2637 -0.4321
vn 0.5343 0.8018 0.2678
vn 0.6867 0.2637 0.6775
vn -0.8941 -0.0000 -0.4479
vn 0.7122 -0.0000 0.7020
vn -0.9537 0.2637 -0.1445
vn 0.4254 0.8018 0.4198
vn 0.4600 -0.0000 0.8879
vn -0.9887 -0.0000 -0.1497
vn 0.4437 0.2637 0.8565
vn -0.5897 0.8017 0.0975
vn -0.9517 0.2637 0.1573
vn 0.1573 0.2637 0.9517
vn -0.9866 -0.0000 0.1631
vn 0.1631 -0.0000 0.9866
vn -0.8565 0.2637 0.4437
vn 0.0975 0.8018 0.5897
vn -0.1498 -0.0000 0.9887
vn -0.8879 -0.0000 0.4600
vn -0.1445 0.2637 0.9537
vn -0.4198 0.8018 0.4254
vn -0.6775 0.2637 0.6867
vn -0.0895 0.8017 0.5909
vn -0.4480 -0.0000 0.8941
vn -0.7023 -0.0000 0.7119
vn -0.4321 0.2637 0.8624
vn -0.2678 0.8017 0.5344
vn 0.9541 0.2621 0.1451
vn 0.9453 0.3238 0.0401
vn 0.9329 0.2285 0.2782
vn 0.9330 0.2285 0.2782
vn 0.9158 0.3950 -0.0726
vn 0.8739 0.2341 0.4259
vn 0.9158 0.3950 -0.0725
vn 0.8739 0.2341 0.4260
vn 0.8702 0.4575 -0.1826
vn 0.8106 0.1932 0.5528
vn 0.8703 0.4575 -0.1826
vn 0.8459 0.4791 -0.2345
vn 0.7286 0.1778 0.6615
vn 0.6280 0.1807 0.7570
vn 0.5223 0.2018 0.8285
vn 0.5223 0.2018 0.8286
vn 0.4075 0.2447 0.8798
vn 0.2785 0.2350 0.9313
vn 0.2784 0.2350 0.9313
vn 0.1640 0.2617 0.9511
vn 0.1640 0.2618 0.9511
vn 0.0758 0.3153 0.9459
vn 0.0758 0.3153 0.9460
vn -0.0055 0.3725 0.9280
vn -0.0055 0.3724 0.9281
vn -0.0839 0.4351 0.8965
vn -0.0838 0.4351 0.8965
vn -0.1658 0.5104 0.8438
vn -0.2280 0.5911 0.7737
vn -0.2833 0.6461 0.7087
vn -0.3474 0.6851 0.6402
vn -0.4058 0.7237 0.5581
vn -0.4059 0.7237 0.5581
vn -0.4680 0.7555 0.4584
vn -0.4826 0.8073 0.3397
vn -0.4135 0.8828 0.2230
vn -0.3701 0.9249 0.0871
vn -0.3068 0.9512 -0.0324
vn -0.2176 0.9648 -0.1476
vn -0.1163 0.9638 -0.2398
vn -0.1163 0.9638 -0.2397
vn 0.0115 0.9511 -0.3085
vn 0.1188 0.9110 -0.3949
vn 0.2379 0.8731 -0.4256
vn 0.3421 0.8330 -0.4348
vn 0.3422 0.8330 -0.4348
vn 0.4344 0.7847 -0.4422
vn 0.5262 0.7405 -0.4180
vn 0.6138 0.6762 -0.4075
vn 0.6557 0.6304 -0.4154
vt 0.176421 0.533679
vt 0.176037 0.533369
vt 0.175245 0.534751
vt 0.757330 0.219655
vt 0.740122 0.219651
vt 0.757330 0.187743
vt 0.740122 0.187752
vt 0.740122 0.253386
vt 0.757330 0.253409
vt 0.902246 0.270834
vt 0.883341 0.295685
vt 0.860860 0.293562
vt 0.914167 0.270168
vt 0.867776 0.305312
vt 0.900492 0.224687
vt 0.887382 0.290683
vt 0.855480 0.309484
vt 0.858321 0.241546
vt 0.840479 0.314729
vt 0.817017 0.305396
vt 0.815590 0.252575
vt 0.817667 0.323315
vt 0.836129 0.319543
vt 0.818056 0.324123
vt 0.753686 0.332400
vt 0.753726 0.333064
vt 0.810848 0.325471
vt 0.810500 0.325155
vt 0.753192 0.311662
vt 0.704506 0.320275
vt 0.809810 0.306422
vt 0.704597 0.297692
vt 0.808431 0.253831
vt 0.661300 0.296622
vt 0.751070 0.259553
vt 0.659755 0.272760
vt 0.703713 0.255043
vt 0.659427 0.264974
vt 0.659840 0.241025
vt 0.747751 0.202483
vt 0.747350 0.161674
vt 0.806157 0.193722
vt 0.750592 0.250448
vt 0.803679 0.122938
vt 0.808146 0.244975
vt 0.703015 0.245894
vt 0.703737 0.191554
vt 0.659368 0.206340
vt 0.659691 0.231899
vt 0.659432 0.186999
vt 0.321473 0.139649
vt 0.289306 0.152885
vt 0.284899 0.119155
vt 0.287656 0.104433
vt 0.243374 0.106740
vt 0.238357 0.081297
vt 0.324904 0.172727
vt 0.249667 0.165219
vt 0.293386 0.198070
vt 0.251674 0.227432
vt 0.855627 0.182853
vt 0.854223 0.121333
vt 0.897522 0.169743
vt 0.899683 0.214387
vt 0.895440 0.116371
vt 0.857889 0.232368
vt 0.810912 0.122844
vt 0.813332 0.192378
vt 0.815307 0.243706
vt 0.247472 0.300061
vt 0.283285 0.253628
vt 0.249414 0.307130
vt 0.210623 0.347935
vt 0.292665 0.212196
vt 0.191827 0.348986
vt 0.322228 0.187037
vt 0.251509 0.242129
vt 0.189063 0.276224
vt 0.102673 0.882042
vt 0.077962 0.869848
vt 0.102706 0.840795
vt 0.055348 0.894697
vt 0.068533 0.840795
vt 0.100768 0.914438
vt 0.131583 0.882627
vt 0.041555 0.840795
vt 0.132332 0.840892
vt 0.133903 0.913693
vt 0.156942 0.872488
vt 0.164877 0.841090
vt 0.174448 0.900034
vt 0.188842 0.841151
vt 0.757330 0.114947
vt 0.740122 0.114966
vt 0.757330 0.098276
vt 0.757330 0.145769
vt 0.740122 0.098148
vt 0.740122 0.145831
vt 0.757330 0.176305
vt 0.740122 0.176334
vt 0.740122 0.344535
vt 0.740122 0.316564
vt 0.757330 0.344338
vt 0.757330 0.316587
vt 0.757330 0.279279
vt 0.740122 0.279251
vt 0.596522 0.184931
vt 0.638948 0.219143
vt 0.675136 0.138446
vt 0.760753 0.116541
vt 0.753751 0.091962
vt 0.788610 0.154545
vt 0.713288 0.255460
vt 0.775252 0.265809
vt 0.825039 0.172323
vt 0.841739 0.242897
vt 0.871255 0.178826
vt 0.934319 0.170878
vt 0.757330 0.181826
vt 0.740122 0.181840
vt 0.291617 0.273891
vt 0.288210 0.203499
vt 0.355503 0.241337
vt 0.353497 0.179125
vt 0.284926 0.119347
vt 0.347203 0.120646
vt 0.772210 0.328465
vt 0.789419 0.328442
vt 0.772210 0.345785
vt 0.772211 0.314660
vt 0.789419 0.345784
vt 0.789419 0.314660
vt 0.772211 0.299861
vt 0.789419 0.299861
vt 0.772211 0.281379
vt 0.789419 0.281380
vt 0.772211 0.263481
vt 0.789419 0.263481
vt 0.789419 0.205343
vt 0.772210 0.205343
vt 0.664955 0.240741
vt 0.772420 0.107223
vt 0.634188 0.188815
vt 0.705878 0.265252
vt 0.750966 0.071987
vt 0.791475 0.131211
vt 0.750204 0.267847
vt 0.810702 0.142795
vt 0.798847 0.261677
vt 0.833031 0.150589
vt 0.842687 0.237609
vt 0.864060 0.152627
vt 0.947810 0.146228
vt 0.789419 0.096573
vt 0.789419 0.113609
vt 0.772210 0.096573
vt 0.772210 0.113609
vt 0.772210 0.139028
vt 0.789419 0.139028
vt 0.772211 0.166587
vt 0.789419 0.166587
vt 0.772211 0.176765
vt 0.789419 0.176765
vt 0.772210 0.184185
vt 0.789419 0.184185
vt 0.692577 0.130401
vt 0.842013 0.238094
vt 0.814149 0.240094
vt 0.855844 0.227810
vt 0.814423 0.246591
vt 0.807735 0.247705
vt 0.856276 0.236988
vt 0.808983 0.297637
vt 0.807459 0.241221
vt 0.897037 0.211370
vt 0.897457 0.220495
vt 0.816190 0.296611
vt 0.805496 0.195133
vt 0.751571 0.255037
vt 0.816855 0.312705
vt 0.812670 0.193790
vt 0.751092 0.245932
vt 0.809688 0.314546
vt 0.803378 0.130943
vt 0.810611 0.130849
vt 0.705009 0.250461
vt 0.817178 0.313271
vt 0.704544 0.242017
vt 0.809970 0.314619
vt 0.661412 0.237254
vt 0.661263 0.228128
vt 0.250748 0.239935
vt 0.171471 0.283752
vt 0.250962 0.220838
vt 0.303841 0.183382
vt 0.170610 0.265059
vt 0.302904 0.201736
vt 0.344577 0.150984
vt 0.341100 0.169579
vt 0.458692 0.255254
vt 0.277424 0.206062
vt 0.453536 0.216609
vt 0.269722 0.273614
vt 0.460637 0.269044
vt 0.463274 0.305411
vt 0.474167 0.352939
vt 0.267828 0.303337
vt 0.465547 0.317133
vt 0.268834 0.281052
vt 0.455601 0.215962
vt 0.277106 0.206703
vt 0.455229 0.199358
vt 0.279098 0.191419
vt 0.463725 0.305117
vt 0.269800 0.268871
vt 0.462720 0.295982
vt 0.270369 0.262329
vt 0.157182 0.304356
vt 0.156856 0.306853
vt 0.359328 0.356830
vt 0.360048 0.357427
vt 0.177689 0.292341
vt 0.258832 0.248038
vt 0.312310 0.209142
vt 0.350723 0.176451
vt 0.176032 0.271240
vt 0.259046 0.228939
vt 0.313247 0.190788
vt 0.354201 0.157856
vt 0.450581 0.187298
vt 0.279597 0.188238
vt 0.230448 0.126037
vt 0.310144 0.126037
vt 0.230448 0.205733
vt 0.310144 0.205733
vt 0.310144 0.126037
vt 0.280244 0.338482
vt 0.378140 0.309620
vt 0.286598 0.356257
vt 0.256253 0.062639
vt 0.384135 0.326129
vt 0.252986 0.335085
vt 0.423459 0.088800
vt 0.394169 0.300749
vt 0.453863 0.204347
vt 0.457399 0.225136
vt 0.477446 0.200012
vt 0.407631 0.316020
vt 0.480982 0.224241
vt 0.290402 0.106488
vt 0.441336 0.123751
vt 0.941668 0.544900
vt 0.857507 0.545369
vt 0.922941 0.526754
vt 0.851257 0.570125
vt 0.874579 0.527167
vt 0.898309 0.520241
vt 0.947243 0.570246
vt 0.857189 0.594556
vt 0.941541 0.595098
vt 0.874201 0.612771
vt 0.922618 0.613384
vt 0.897992 0.619593
vt 0.580052 0.988378
vt 0.581137 0.952929
vt 0.624266 0.989615
vt 0.511413 0.949503
vt 0.655908 0.969187
vt 0.511414 0.982896
vt 0.643890 0.955466
vt 0.440799 0.945133
vt 0.667971 0.966076
vt 0.440799 0.975518
vt 0.701804 0.959552
vt 0.369781 0.939796
vt 0.668064 0.966188
vt 0.369781 0.967709
vt 0.689490 0.991732
vt 0.300205 0.933625
vt 0.765863 0.994580
vt 0.300205 0.958238
vt 0.765696 0.955583
vt 0.233569 0.926772
vt 0.831836 0.995631
vt 0.233569 0.948619
vt 0.831836 0.954065
vt 0.171640 0.919406
vt 0.909864 0.993363
vt 0.171640 0.938628
vt 0.909864 0.951360
vt 0.115954 0.911708
vt 0.955627 0.991682
vt 0.955627 0.949200
vt 0.115953 0.928652
vt 0.069705 0.903854
vt 0.004373 0.905402
vt 0.494513 0.256763
vt 0.501155 0.201542
vt 0.486436 0.253450
vt 0.487249 0.282601
vt 0.494675 0.201637
vt 0.469541 0.290416
vt 0.490054 0.163223
vt 0.478473 0.301594
vt 0.498395 0.158302
vt 0.447722 0.310682
vt 0.494232 0.137083
vt 0.472252 0.314357
vt 0.475848 0.128726
vt 0.421440 0.323361
vt 0.485471 0.108887
vt 0.459350 0.334526
vt 0.453444 0.101522
vt 0.390391 0.330621
vt 0.476859 0.089919
vt 0.349729 0.365096
vt 0.463749 0.068868
vt 0.448039 0.352921
vt 0.333422 0.352371
vt 0.425039 0.084277
vt 0.365542 0.375257
vt 0.359429 0.327949
vt 0.450822 0.054127
vt 0.432343 0.365812
vt 0.321606 0.342807
vt 0.393410 0.078677
vt 0.381702 0.379096
vt 0.331587 0.315606
vt 0.336278 0.054165
vt 0.415775 0.374470
vt 0.308717 0.326457
vt 0.361656 0.085270
vt 0.435169 0.039967
vt 0.399529 0.378817
vt 0.308390 0.277763
vt 0.323039 0.069316
vt 0.351974 0.041274
vt 0.296312 0.288687
vt 0.332883 0.103412
vt 0.368541 0.032616
vt 0.285058 0.243800
vt 0.294183 0.243265
vt 0.309707 0.092538
vt 0.418776 0.031826
vt 0.300699 0.111782
vt 0.384787 0.028269
vt 0.402614 0.027989
vt 0.309908 0.131325
vt 0.291351 0.140262
vt 0.294981 0.166279
vt 0.286941 0.161641
vt 0.289562 0.204851
vt 0.282687 0.208056
vt 1.394144 0.148283
vt 1.436374 0.139194
vt 1.416815 0.154467
vt 1.426027 0.130364
vt 1.444844 0.148977
vt 1.344542 0.137604
vt 1.436413 0.167295
vt 1.356193 0.129524
vt 1.370618 0.149349
vt 1.453226 0.162853
vt 1.413713 0.124030
vt 1.333568 0.149124
vt 1.451020 0.185512
vt 1.369654 0.123114
vt 1.348542 0.157560
vt 1.459547 0.180495
vt 1.400815 0.120344
vt 1.325839 0.159533
vt 1.464861 0.207688
vt 1.379070 0.120695
vt 1.459205 0.207334
vt 1.330076 0.172113
vt 1.391119 0.119575
vt 1.317218 0.175553
vt 1.317026 0.191583
vt 1.312240 0.188544
vt 1.306951 0.213648
vt 1.310673 0.214064
vt 1.311635 0.237356
vt 1.306266 0.239262
vt 1.308095 0.253008
vt 1.319821 0.259178
vt 1.312770 0.270499
vt 1.334428 0.277395
vt 1.317878 0.282332
vt 1.354025 0.290224
vt 1.326138 0.295914
vt 1.376697 0.296407
vt 1.334293 0.305676
vt 1.415848 0.314710
vt 1.426062 0.306983
vt 1.402431 0.321067
vt 1.400222 0.295341
vt 1.345885 0.314803
vt 1.437268 0.295558
vt 1.388827 0.324557
vt 1.422299 0.287130
vt 1.358327 0.321179
vt 1.444997 0.285148
vt 1.379718 0.325107
vt 1.367076 0.323706
vt 1.440765 0.272577
vt 1.453622 0.269129
vt 1.453814 0.253107
vt 1.458462 0.256100
vt 1.464387 0.229577
vt 1.460168 0.230626
vt 0.115954 0.895505
vt 0.115953 0.880643
vt 0.171640 0.871782
vt 0.171640 0.887400
vt 0.233568 0.862493
vt 0.233569 0.879751
vt 0.300204 0.852418
vt 0.300204 0.872747
vt 0.369781 0.842555
vt 0.369900 0.866559
vt 0.440799 0.833186
vt 0.440936 0.861340
vt 0.511414 0.825529
vt 0.511564 0.857219
vt 0.580052 0.820341
vt 0.580052 0.854297
vt 0.623868 0.815862
vt 0.644554 0.832240
vt 0.644721 0.852645
vt 0.663156 0.837518
vt 0.704179 0.852926
vt 0.683436 0.826053
vt 0.714792 0.813660
vt 0.765863 0.853285
vt 0.687697 0.813817
vt 0.831836 0.810141
vt 0.831997 0.855561
vt 0.909864 0.812615
vt 0.910015 0.859076
vt 0.955627 0.814609
vt 0.955693 0.861693
vt 0.089007 0.623312
vt 0.097295 0.618157
vt 0.101150 0.623312
vt 0.101150 0.636807
vt 0.092771 0.614557
vt 0.089007 0.636807
vt 0.090205 0.609817
vt 0.101150 0.650302
vt 0.076863 0.609817
vt 0.089006 0.650302
vt 0.076863 0.623312
vt 0.089007 0.596322
vt 0.101150 0.663797
vt 0.076863 0.636807
vt 0.076863 0.596322
vt 0.089006 0.663797
vt 0.064720 0.609817
vt 0.092845 0.605480
vt 0.076863 0.650302
vt 0.064720 0.596322
vt 0.097410 0.601961
vt 0.076863 0.663797
vt 0.064720 0.623312
vt 0.101150 0.596322
vt 0.064720 0.636807
vt 0.052577 0.596322
vt 0.089006 0.582827
vt 0.052577 0.609817
vt 0.064720 0.650302
vt 0.101150 0.582827
vt 0.052577 0.623312
vt 0.064720 0.663797
vt 0.089006 0.569332
vt 0.052577 0.636807
vt 0.076863 0.677292
vt 0.101150 0.569332
vt 0.089006 0.677292
vt 0.052577 0.650302
vt 0.089006 0.555837
vt 0.064720 0.677292
vt 0.076863 0.555837
vt 0.101150 0.677292
vt 0.076863 0.690787
vt 0.076863 0.569332
vt 0.101150 0.690787
vt 0.089006 0.690787
vt 0.079492 0.578944
vt 0.076863 0.542342
vt 0.082367 0.580552
vt 0.064720 0.542342
vt 0.101150 0.704282
vt 0.075723 0.578401
vt 0.064720 0.555837
vt 0.089006 0.704282
vt 0.089006 0.542342
vt 0.101150 0.717777
vt 0.095837 0.542342
vt 0.072056 0.579087
vt 0.089006 0.717777
vt 0.101150 0.555837
vt 0.064720 0.569332
vt 0.101150 0.542342
vt 0.052577 0.555837
vt 0.076863 0.704282
vt 0.069427 0.580627
vt 0.052577 0.542342
vt 0.076863 0.717777
vt 0.068552 0.582827
vt 0.052577 0.569332
vt 0.064720 0.690787
vt 0.064720 0.582827
vt 0.064720 0.704282
vt 0.069405 0.584973
vt 0.064720 0.717777
vt 0.052577 0.677292
vt 0.052577 0.582827
vt 0.052577 0.704282
vt 0.052577 0.690787
vt 0.052577 0.717777
vt 0.072029 0.586584
vt 0.052577 0.663797
vt 0.075715 0.587189
vt 0.079509 0.586780
vt 0.082393 0.585125
vt 0.083593 0.582827
vt 0.072262 0.617364
vt 0.070201 0.613660
vt 0.084167 0.617364
vt 0.084167 0.630594
vt 0.075789 0.610332
vt 0.096073 0.630594
vt 0.072262 0.630594
vt 0.063166 0.614076
vt 0.080334 0.604149
vt 0.096073 0.617364
vt 0.096073 0.643825
vt 0.060356 0.617364
vt 0.096073 0.604133
vt 0.107978 0.630594
vt 0.056577 0.612309
vt 0.084167 0.590902
vt 0.107978 0.643825
vt 0.060356 0.630594
vt 0.096073 0.590902
vt 0.119884 0.643825
vt 0.072262 0.643825
vt 0.107978 0.604133
vt 0.119884 0.657056
vt 0.084167 0.643825
vt 0.107978 0.617364
vt 0.131789 0.650441
vt 0.084167 0.657056
vt 0.119884 0.617364
vt 0.107978 0.657056
vt 0.096073 0.657056
vt 0.119884 0.630594
vt 0.119884 0.670287
vt 0.096073 0.670287
vt 0.131789 0.623979
vt 0.131789 0.663671
vt 0.107978 0.670287
vt 0.119884 0.604133
vt 0.131789 0.610748
vt 0.119884 0.683518
vt 0.131789 0.637210
vt 0.131789 0.676902
vt 0.107978 0.683518
vt 0.119884 0.696748
vt 0.107978 0.696748
vt 0.096073 0.683518
vt 0.131789 0.690133
vt 0.084167 0.670287
vt 0.119884 0.709979
vt 0.096073 0.696748
vt 0.131789 0.703364
vt 0.107978 0.709979
vt 0.084167 0.683518
vt 0.072262 0.657056
vt 0.096073 0.709979
vt 0.072261 0.670287
vt 0.084167 0.696748
vt 0.060356 0.643825
vt 0.072262 0.683518
vt 0.084167 0.709979
vt 0.060356 0.657056
vt 0.072262 0.696748
vt 0.060356 0.670287
vt 0.072262 0.709979
vt 0.060356 0.683518
vt 0.060356 0.696748
vt 0.060356 0.709979
vt 0.075834 0.598748
vt 0.070278 0.595069
vt 0.072262 0.590902
vt 0.072262 0.577671
vt 0.063274 0.594693
vt 0.084167 0.577671
vt 0.060356 0.590902
vt 0.072262 0.564440
vt 0.060356 0.577671
vt 0.056689 0.596431
vt 0.096073 0.577671
vt 0.084167 0.564440
vt 0.107978 0.590902
vt 0.060356 0.564440
vt 0.096073 0.564440
vt 0.060356 0.551210
vt 0.107978 0.577671
vt 0.084167 0.551210
vt 0.072262 0.551210
vt 0.107978 0.564440
vt 0.119884 0.590902
vt 0.072262 0.537979
vt 0.096073 0.551210
vt 0.131789 0.597517
vt 0.084167 0.537979
vt 0.119884 0.577671
vt 0.107978 0.551210
vt 0.084167 0.524748
vt 0.131789 0.584287
vt 0.119884 0.564440
vt 0.096073 0.537979
vt 0.119884 0.551210
vt 0.107978 0.537979
vt 0.131789 0.571056
vt 0.096073 0.524748
vt 0.131789 0.557825
vt 0.096073 0.511517
vt 0.119884 0.537979
vt 0.084167 0.511517
vt 0.107978 0.511517
vt 0.131789 0.544594
vt 0.107978 0.524748
vt 0.072262 0.511517
vt 0.096073 0.498286
vt 0.072262 0.524748
vt 0.084167 0.498286
vt 0.119884 0.511517
vt 0.072262 0.498286
vt 0.119884 0.498286
vt 0.060356 0.498286
vt 0.060356 0.511517
vt 0.084167 0.485056
vt 0.131789 0.504902
vt 0.072262 0.485056
vt 0.107978 0.498286
vt 0.060356 0.485056
vt 0.096073 0.485055
vt 0.107978 0.485056
vt 0.060356 0.524748
vt 0.084167 0.471825
vt 0.060356 0.537979
vt 0.119884 0.485056
vt 0.096073 0.471825
vt 0.131789 0.491671
vt 0.084167 0.458594
vt 0.107978 0.471825
vt 0.072262 0.471825
vt 0.096073 0.458594
vt 0.119884 0.471825
vt 0.072262 0.458594
vt 0.131789 0.478440
vt 0.107978 0.458594
vt 0.084167 0.445363
vt 0.060356 0.471825
vt 0.119884 0.458594
vt 0.072262 0.445363
vt 0.060356 0.458594
vt 0.131789 0.465209
vt 0.096073 0.445363
vt 0.060356 0.445363
vt 0.107978 0.445363
vt 0.119884 0.445363
vt 0.131789 0.451979
vt 0.389730 0.521089
vt 0.390083 0.549638
vt 0.343178 0.533769
vt 0.413942 0.557150
vt 0.366457 0.557976
vt 0.436398 0.531371
vt 0.311302 0.566652
vt 0.470819 0.564636
vt 0.349724 0.579908
vt 0.431556 0.579224
vt 0.299432 0.609162
vt 0.484421 0.609433
vt 0.343642 0.609072
vt 0.438304 0.609297
vt 0.310888 0.651155
vt 0.470902 0.654417
vt 0.349570 0.638056
vt 0.431538 0.639308
vt 0.342860 0.683570
vt 0.435999 0.686663
vt 0.366275 0.659716
vt 0.413773 0.660873
vt 0.390038 0.667761
vt 0.389870 0.694976
vt 0.663484 0.515067
vt 0.663203 0.552153
vt 0.618315 0.527239
vt 0.687835 0.558666
vt 0.639473 0.559079
vt 0.708653 0.525833
vt 0.587323 0.559019
vt 0.741195 0.558216
vt 0.622401 0.577281
vt 0.706562 0.576812
vt 0.574957 0.601754
vt 0.712137 0.602158
vt 0.616151 0.602037
vt 0.755184 0.601848
vt 0.586938 0.643767
vt 0.706435 0.627010
vt 0.622083 0.626468
vt 0.741193 0.645821
vt 0.639095 0.644683
vt 0.687512 0.645296
vt 0.618015 0.675748
vt 0.708263 0.677334
vt 0.662886 0.651505
vt 0.663820 0.687191
vt 0.347355 0.539213
vt 0.397689 0.525502
vt 0.362406 0.562384
vt 0.338054 0.587355
vt 0.397898 0.552819
vt 0.312890 0.574767
vt 0.448147 0.536620
vt 0.328338 0.620934
vt 0.433390 0.561279
vt 0.300056 0.620730
vt 0.485365 0.572587
vt 0.337752 0.653946
vt 0.458960 0.586724
vt 0.312442 0.666134
vt 0.500073 0.621023
vt 0.362171 0.679076
vt 0.469952 0.621008
vt 0.347011 0.701182
vt 0.485455 0.669662
vt 0.398162 0.688067
vt 0.458959 0.655560
vt 0.397840 0.713515
vt 0.447717 0.704526
vt 0.433084 0.680322
vt 0.346312 0.293841
vt 0.346312 0.286497
vt 0.359663 0.293790
vt 0.346312 0.300666
vt 0.359663 0.286451
vt 0.359663 0.300693
vt 0.346312 0.279672
vt 0.346312 0.308081
vt 0.359663 0.279549
vt 0.359663 0.308104
vt 0.346312 0.272256
vt 0.346313 0.315948
vt 0.359663 0.272137
vt 0.359664 0.316058
vt 0.346312 0.264024
vt 0.346312 0.323673
vt 0.359663 0.264001
vt 0.359663 0.323782
vt 0.346312 0.256213
vt 0.346312 0.333855
vt 0.359663 0.256235
vt 0.359663 0.333880
vt 0.346312 0.246298
vt 0.346312 0.342361
vt 0.359663 0.246274
vt 0.359663 0.342337
vt 0.346312 0.237525
vt 0.346312 0.354789
vt 0.359663 0.237686
vt 0.359663 0.354816
vt 0.359663 0.225269
vt 0.346312 0.364166
vt 0.346312 0.225206
vt 0.359663 0.364140
vt 0.346312 0.215904
vt 0.359663 0.384918
vt 0.346312 0.384925
vt 0.359663 0.215978
vt 0.346313 0.196774
vt 0.359664 0.196726
vt 0.346312 0.177345
vt 0.359664 0.177317
vt 0.359664 0.167968
vt 0.346312 0.167942
vt 0.359664 0.155475
vt 0.346313 0.155500
vt 0.359664 0.147004
vt 0.346313 0.146980
vt 0.359664 0.136840
vt 0.346313 0.136687
vt 0.359664 0.129112
vt 0.346312 0.128973
vt 0.359663 0.121153
vt 0.346312 0.121116
vt 0.359664 0.113737
vt 0.346312 0.113708
vt 0.359663 0.106829
vt 0.346312 0.106890
vt 0.346312 0.099553
vt 0.359663 0.099485
vt 0.346312 0.092733
vt 0.359663 0.092576
vt 0.346312 0.085322
vt 0.359663 0.085157
vt 0.346312 0.076975
vt 0.359664 0.076952
vt 0.346312 0.069140
vt 0.359663 0.069162
vt 0.346312 0.059193
vt 0.359663 0.059169
vt 0.346312 0.046948
vt 0.359663 0.046995
vt 0.359663 0.026847
vt 0.346312 0.026808
vt 0.119884 0.524748
vt 0.131789 0.518133
vt 0.131789 0.531363
vt 0.128426 0.447876
vt 0.128426 0.461371
vt 0.130285 0.454624
vt 0.126568 0.461371
vt 0.126568 0.474866
vt 0.126568 0.447876
vt 0.125552 0.474866
vt 0.128426 0.474866
vt 0.125552 0.461371
vt 0.130285 0.468119
vt 0.125552 0.488361
vt 0.125552 0.447876
vt 0.126568 0.488361
vt 0.113409 0.474866
vt 0.113409 0.461371
vt 0.128426 0.488361
vt 0.113409 0.488361
vt 0.130285 0.481614
vt 0.113409 0.501856
vt 0.101266 0.474866
vt 0.126568 0.501856
vt 0.125552 0.501856
vt 0.101266 0.488361
vt 0.101266 0.501856
vt 0.125552 0.515351
vt 0.089122 0.488361
vt 0.101266 0.515351
vt 0.113409 0.515351
vt 0.126568 0.515351
vt 0.089122 0.474866
vt 0.128426 0.501856
vt 0.101266 0.461371
vt 0.101266 0.528847
vt 0.125552 0.528847
vt 0.089123 0.528847
vt 0.113409 0.528847
vt 0.113409 0.447876
vt 0.089123 0.515352
vt 0.076979 0.528847
vt 0.101266 0.447876
vt 0.126568 0.528847
vt 0.076979 0.515351
vt 0.089122 0.461371
vt 0.128426 0.515351
vt 0.064836 0.528847
vt 0.128426 0.528847
vt 0.064836 0.515351
vt 0.076979 0.474866
vt 0.130285 0.522099
vt 0.052693 0.528846
vt 0.076979 0.488361
vt 0.076979 0.461371
vt 0.076979 0.501856
vt 0.052693 0.515351
vt 0.064836 0.474866
vt 0.064836 0.501856
vt 0.064836 0.488361
vt 0.089122 0.501856
vt 0.052693 0.488361
vt 0.052693 0.501856
vt 0.052693 0.474866
vt 0.064836 0.461371
vt 0.052693 0.461371
vt 0.076979 0.447876
vt 0.064836 0.447876
vt 0.052693 0.447876
vt 0.089122 0.447876
vt 0.130285 0.495109
vt 0.128406 0.542342
vt 0.128406 0.555837
vt 0.130264 0.549089
vt 0.126547 0.555837
vt 0.126547 0.569332
vt 0.126547 0.542342
vt 0.125418 0.569332
vt 0.128406 0.569332
vt 0.125418 0.555837
vt 0.130264 0.562584
vt 0.125418 0.582827
vt 0.125418 0.542342
vt 0.126547 0.582827
vt 0.113275 0.569332
vt 0.113275 0.555837
vt 0.128406 0.582827
vt 0.113275 0.582827
vt 0.130264 0.576079
vt 0.113275 0.596322
vt 0.101132 0.569332
vt 0.126547 0.596322
vt 0.125418 0.596322
vt 0.101132 0.582827
vt 0.128406 0.596322
vt 0.125418 0.609817
vt 0.101132 0.596322
vt 0.130264 0.589574
vt 0.126547 0.609817
vt 0.088989 0.596322
vt 0.101132 0.609817
vt 0.125418 0.623312
vt 0.088989 0.582827
vt 0.128406 0.609817
vt 0.113275 0.623312
vt 0.088989 0.609817
vt 0.130264 0.603069
vt 0.113275 0.609817
vt 0.088989 0.623312
vt 0.076845 0.609817
vt 0.126547 0.623312
vt 0.076845 0.623312
vt 0.076845 0.596322
vt 0.125418 0.636807
vt 0.076845 0.636807
vt 0.128406 0.623312
vt 0.113275 0.636807
vt 0.064702 0.623312
vt 0.130264 0.616564
vt 0.113275 0.650302
vt 0.064702 0.636807
vt 0.126547 0.636807
vt 0.101132 0.650302
vt 0.064702 0.650302
vt 0.125418 0.650302
vt 0.101132 0.636807
vt 0.076845 0.650302
vt 0.113275 0.663797
vt 0.088989 0.650302
vt 0.064702 0.663797
vt 0.101132 0.663797
vt 0.088989 0.636807
vt 0.101132 0.677292
vt 0.088989 0.663797
vt 0.076845 0.663797
vt 0.088989 0.677292
vt 0.113275 0.677292
vt 0.101132 0.690787
vt 0.064702 0.677292
vt 0.076845 0.677292
vt 0.088989 0.690787
vt 0.052559 0.677292
vt 0.052559 0.690787
vt 0.064702 0.690787
vt 0.052559 0.663797
vt 0.076845 0.690787
vt 0.076845 0.704282
vt 0.052559 0.704282
vt 0.052559 0.650302
vt 0.064702 0.704282
vt 0.088989 0.704282
vt 0.052559 0.717777
vt 0.076845 0.717777
vt 0.064702 0.717777
vt 0.088989 0.717777
vt 0.101132 0.704282
vt 0.113275 0.690787
vt 0.101132 0.717777
vt 0.113275 0.704282
vt 0.125418 0.677292
vt 0.113275 0.717777
vt 0.125418 0.690787
vt 0.125418 0.663797
vt 0.125418 0.704282
vt 0.126547 0.663797
vt 0.125418 0.717777
vt 0.126547 0.677292
vt 0.126547 0.690787
vt 0.126547 0.650302
vt 0.126547 0.704282
vt 0.128406 0.663797
vt 0.126547 0.717777
vt 0.128406 0.677292
vt 0.128406 0.636807
vt 0.128406 0.704282
vt 0.130264 0.670545
vt 0.128406 0.650302
vt 0.128406 0.690787
vt 0.130264 0.684040
vt 0.130264 0.657050
vt 0.130264 0.697535
vt 0.130264 0.643555
vt 0.128406 0.717777
vt 0.130264 0.711030
vt 0.130264 0.630059
vt 0.089006 0.461371
vt 0.089006 0.447876
vt 0.101150 0.461371
vt 0.101150 0.474866
vt 0.101150 0.447876
vt 0.089006 0.474866
vt 0.076863 0.447876
vt 0.101150 0.488361
vt 0.076863 0.461371
vt 0.089006 0.488361
vt 0.064720 0.447876
vt 0.101150 0.501856
vt 0.076863 0.474866
vt 0.064720 0.461371
vt 0.089006 0.501856
vt 0.052577 0.447876
vt 0.076863 0.488361
vt 0.101150 0.515352
vt 0.064720 0.474866
vt 0.052577 0.461371
vt 0.089007 0.515351
vt 0.076863 0.501856
vt 0.095837 0.528847
vt 0.064720 0.488361
vt 0.052577 0.474866
vt 0.076863 0.515351
vt 0.101150 0.528847
vt 0.089006 0.528847
vt 0.064720 0.501856
vt 0.052577 0.488361
vt 0.076863 0.528847
vt 0.064720 0.515351
vt 0.052577 0.501856
vt 0.064720 0.528846
vt 0.052576 0.515351
vt 0.052577 0.528846
vt 0.054064 0.555837
vt 0.054946 0.553630
vt 0.052559 0.555837
vt 0.052559 0.542342
vt 0.059502 0.551799
vt 0.064702 0.542342
vt 0.065824 0.551033
vt 0.069893 0.551511
vt 0.076845 0.542342
vt 0.072988 0.553347
vt 0.075596 0.555727
vt 0.088989 0.542342
vt 0.088988 0.555837
vt 0.088989 0.569332
vt 0.101132 0.542342
vt 0.076845 0.569332
vt 0.101132 0.555837
vt 0.072791 0.558179
vt 0.113275 0.542342
vt 0.076845 0.582827
vt 0.069821 0.559949
vt 0.064702 0.582827
vt 0.064702 0.569332
vt 0.065485 0.560606
vt 0.052559 0.582827
vt 0.059826 0.559713
vt 0.064702 0.596322
vt 0.052559 0.569332
vt 0.052559 0.596322
vt 0.052559 0.609817
vt 0.064702 0.609817
vt 0.052559 0.623312
vt 0.181081 0.505504
vt 0.182466 0.504682
vt 0.182948 0.504253
vt 0.183669 0.503780
vt 0.183613 0.503759
vt 0.150359 0.456869
vt 0.148708 0.454346
vt 0.150351 0.457081
vt 0.152780 0.459040
vt 0.148637 0.454462
vt 0.152698 0.458755
vt 0.167161 0.535635
vt 0.167282 0.532809
vt 0.166775 0.535672
vt 0.166905 0.532656
vt 0.167891 0.533006
vt 0.168781 0.530602
vt 0.168261 0.530162
vt 0.101132 0.623312
vt 0.180911 0.529856
vt 0.182138 0.531731
vt 0.181842 0.529134
vt 0.183245 0.531280
vt 0.170876 0.535237
vt 0.170938 0.533797
vt 0.169662 0.535370
vt 0.169742 0.533506
vt 0.172276 0.534107
vt 0.172616 0.533189
vt 0.171437 0.532448
vt 0.175915 0.536195
vt 0.175442 0.536326
vt 0.176605 0.537598
vt 0.175670 0.537857
vt 0.920148 0.610191
vt 0.897800 0.616010
vt 0.876087 0.609904
vt 0.860949 0.593431
vt 0.936865 0.593758
vt 0.855490 0.570985
vt 0.943173 0.571053
vt 0.937045 0.548266
vt 0.861207 0.548417
vt 0.920414 0.531565
vt 0.876390 0.531754
vt 0.898129 0.525540
vt 0.666733 0.685496
vt 0.666841 0.622294
vt 0.710784 0.675569
vt 0.653485 0.619377
vt 0.680589 0.619514
vt 0.622631 0.673901
vt 0.743755 0.644487
vt 0.644173 0.611507
vt 0.690871 0.611663
vt 0.591629 0.642682
vt 0.756311 0.601231
vt 0.580626 0.600907
vt 0.694752 0.600817
vt 0.640815 0.600785
vt 0.743788 0.557887
vt 0.591915 0.558873
vt 0.690982 0.589931
vt 0.644332 0.590003
vt 0.680752 0.581953
vt 0.622969 0.527262
vt 0.711098 0.526070
vt 0.653671 0.582043
vt 0.667043 0.579075
vt 0.666817 0.515244
vt 0.874103 0.611609
vt 0.922520 0.612222
vt 0.897894 0.618431
vt 0.857091 0.593394
vt 0.941443 0.593936
vt 0.851159 0.568963
vt 0.947145 0.569084
vt 0.857409 0.544207
vt 0.941570 0.543738
vt 0.874481 0.526005
vt 0.922843 0.525592
vt 0.898211 0.519079
vt 0.428497 0.690006
vt 0.416372 0.669949
vt 0.459768 0.661116
vt 0.387435 0.676367
vt 0.437812 0.649431
vt 0.387168 0.697454
vt 0.471880 0.620813
vt 0.357611 0.668917
vt 0.446922 0.620801
vt 0.345050 0.687235
vt 0.459693 0.580678
vt 0.337377 0.648094
vt 0.437813 0.592392
vt 0.316406 0.658193
vt 0.428854 0.550875
vt 0.329577 0.620740
vt 0.416625 0.571308
vt 0.306142 0.620570
vt 0.316776 0.582484
vt 0.337628 0.592915
vt 0.357807 0.572223
vt 0.345335 0.553023
vt 0.387216 0.564298
vt 0.387043 0.541662
vt 0.744536 0.644706
vt 0.711605 0.676220
vt 0.709778 0.625896
vt 0.715479 0.601044
vt 0.690854 0.644181
vt 0.758527 0.600734
vt 0.667162 0.686077
vt 0.709904 0.575698
vt 0.666228 0.650391
vt 0.744538 0.557101
vt 0.621358 0.674634
vt 0.691177 0.557552
vt 0.642437 0.643569
vt 0.711996 0.524719
vt 0.590280 0.642653
vt 0.666545 0.551039
vt 0.625426 0.625354
vt 0.666826 0.513952
vt 0.619493 0.600923
vt 0.621657 0.526125
vt 0.578299 0.600640
vt 0.642816 0.557965
vt 0.625743 0.576167
vt 0.590666 0.557905
vt 0.064130 0.532171
vt 0.097265 0.532171
vt 0.064130 0.633803
vt 0.097265 0.633803
vt 0.047579 0.049442
vt 0.055545 0.034294
vt 0.079493 0.059949
vt 0.078405 0.066565
vt 0.081770 0.054003
vt 0.044670 0.066565
vt 0.068188 0.021839
vt 0.079523 0.073255
vt 0.048405 0.028736
vt 0.087555 0.048878
vt 0.047509 0.083736
vt 0.039063 0.046601
vt 0.062748 0.014642
vt 0.082690 0.079296
vt 0.083446 0.014132
vt 0.055491 0.099204
vt 0.035748 0.066565
vt 0.080698 0.005598
vt 0.087595 0.084095
vt 0.093730 0.046285
vt 0.038964 0.086545
vt 0.067842 0.111469
vt 0.100585 0.002439
vt 0.100585 0.011423
vt 0.093758 0.087177
vt 0.048231 0.104521
vt 0.083370 0.119361
vt 0.100585 0.045297
vt 0.120435 0.005437
vt 0.100585 0.088238
vt 0.062567 0.118762
vt 0.117752 0.013999
vt 0.100585 0.122119
vt 0.107514 0.046283
vt 0.138528 0.014297
vt 0.080586 0.127930
vt 0.107486 0.087180
vt 0.133359 0.021666
vt 0.100585 0.131129
vt 0.117828 0.119493
vt 0.113767 0.049267
vt 0.153138 0.028314
vt 0.113727 0.084111
vt 0.145924 0.033770
vt 0.120546 0.128089
vt 0.133482 0.111726
vt 0.118744 0.053966
vt 0.162801 0.046277
vt 0.118704 0.079322
vt 0.154192 0.049228
vt 0.138707 0.119108
vt 0.146044 0.099504
vt 0.121951 0.059928
vt 0.166337 0.066565
vt 0.121922 0.073275
vt 0.157273 0.066565
vt 0.153315 0.104944
vt 0.154261 0.083950
vt 0.123049 0.066565
vt 0.162899 0.086866
vt 0.106892 0.020201
vt 0.112073 0.020201
vt 0.105503 0.029658
vt 0.099427 0.029658
vt 0.111579 0.029658
vt 0.099958 0.020201
vt 0.105503 0.107430
vt 0.118310 0.020201
vt 0.093352 0.029658
vt 0.099427 0.107874
vt 0.111579 0.106882
vt 0.117654 0.029658
vt 0.093784 0.020201
vt 0.124862 0.020201
vt 0.087279 0.029658
vt 0.117654 0.106545
vt 0.093352 0.108696
vt 0.087591 0.020201
vt 0.123728 0.029658
vt 0.123728 0.106320
vt 0.087279 0.109757
vt 0.081210 0.029658
vt 0.131704 0.020201
vt 0.081276 0.020201
vt 0.129801 0.106082
vt 0.129801 0.029658
vt 0.081210 0.109894
vt 0.075144 0.029658
vt 0.075144 0.109897
vt 0.074698 0.020201
vt 0.068769 0.029658
vt 0.123728 0.106302
vt 0.068769 0.110385
vt 0.118358 0.029365
vt 0.067488 0.020201
vt 0.075144 0.109803
vt 0.117657 0.106128
vt 0.111785 0.106688
vt 0.106253 0.019988
vt 0.081210 0.109911
vt 0.105628 0.030172
vt 0.087279 0.109692
vt 0.105852 0.107446
vt 0.093352 0.108591
vt 0.099427 0.107868
vt 1.333638 0.263330
vt 1.332949 0.263532
vt 1.329150 0.256049
vt 1.338956 0.270570
vt 1.328525 0.256235
vt 1.339536 0.270223
vt 1.325268 0.246149
vt 1.345838 0.275915
vt 1.324705 0.246401
vt 1.347111 0.275745
vt 1.322755 0.234499
vt 1.353279 0.279712
vt 1.323296 0.234075
vt 1.355439 0.279638
vt 1.323285 0.215989
vt 1.322755 0.216076
vt 1.361864 0.282142
vt 1.361965 0.281278
vt 1.370355 0.282856
vt 1.370352 0.281984
vt 1.377112 0.281544
vt 1.379345 0.282005
vt 1.387169 0.279022
vt 1.388606 0.279412
vt 1.396211 0.275212
vt 1.396783 0.275684
vt 1.405248 0.269114
vt 1.406054 0.269433
vt 1.411919 0.263345
vt 1.412695 0.263588
vt 1.419947 0.254081
vt 1.420749 0.254211
vt 1.425081 0.246329
vt 1.425532 0.246958
vt 1.432674 0.231247
vt 1.432042 0.230838
vt 1.435921 0.214475
vt 1.436605 0.214636
vt 1.437165 0.206187
vt 1.436502 0.205434
vt 1.436348 0.194299
vt 1.435636 0.193652
vt 1.434433 0.186040
vt 1.433719 0.185452
vt 1.430606 0.176200
vt 1.429890 0.175760
vt 1.432011 0.168777
vt 1.431368 0.168500
vt 1.432288 0.160269
vt 1.431337 0.159327
vt 1.431080 0.151982
vt 1.429776 0.150314
vt 1.428648 0.144095
vt 1.427806 0.144452
vt 1.423953 0.136530
vt 1.424737 0.136053
vt 1.420480 0.131199
vt 1.419909 0.129013
vt 1.414103 0.123890
vt 1.413885 0.122429
vt 1.406513 0.117389
vt 1.406706 0.116576
vt 1.399444 0.113142
vt 1.399551 0.112189
vt 1.390374 0.109202
vt 1.390306 0.108298
vt 1.382987 0.107082
vt 1.382898 0.106276
vt 1.375586 0.097290
vt 1.375396 0.096470
vt 1.369009 0.090741
vt 1.369237 0.090367
vt 1.354608 0.079938
vt 1.354427 0.079331
s 1
g GUI_Map_BuzzFlight1_GUI_Map_BuzzFlight_GUI_Map_BuzzFlightGlobe_GUI_Map_BuzzFlight_GUI_Map_BuzzFlightGlobe
usemtl GUI_Map_BuzzFlight_GUI_Map_BuzzFlightGlobe
f 1/1/1 2/2/2 3/3/3
f 4/4/4 5/5/5 6/6/6
f 6/6/6 5/5/5 7/7/7
f 7/7/7 5/5/5 8/6/8
f 8/6/8 5/5/5 9/4/9
f 5/5/5 4/4/4 10/8/10
f 5/5/5 10/8/10 9/4/9
f 10/8/10 4/4/4 11/9/11
f 9/4/9 10/8/10 12/9/12
f 13/10/13 14/11/14 15/12/15
f 13/10/13 16/13/16 14/11/14
f 15/12/15 14/11/14 17/14/17
f 15/12/15 18/15/18 13/10/13
f 14/11/14 16/13/16 19/16/19
f 20/17/20 15/12/15 17/14/17
f 21/18/21 18/15/18 15/12/15
f 19/16/19 16/13/16 22/11/22
f 23/19/23 15/12/15 20/17/20
f 24/20/24 21/18/21 15/12/15
f 24/20/24 15/12/15 23/19/23
f 22/11/22 16/13/16 25/10/25
f 26/21/26 21/18/21 24/20/24
f 27/22/27 24/20/24 23/19/23
f 28/12/28 22/11/22 25/10/25
f 29/23/29 27/22/27 23/19/23
f 30/14/30 22/11/22 28/12/28
f 25/10/25 31/15/31 28/12/28
f 32/24/32 27/22/27 29/23/29
f 33/17/33 30/14/30 28/12/28
f 28/12/28 31/15/31 34/18/34
f 32/24/32 29/23/29 35/22/35
f 28/12/28 36/19/36 33/17/33
f 35/22/35 29/23/29 36/19/36
f 34/18/34 37/20/37 28/12/28
f 35/22/35 36/19/36 37/20/37
f 37/20/37 36/19/36 28/12/28
f 38/21/38 37/20/37 34/18/34
f 39/25/39 40/26/40 41/27/41
f 39/25/39 41/27/41 42/26/42
f 41/27/41 40/26/40 43/28/43
f 42/26/42 41/27/41 44/28/44
f 40/26/40 45/29/45 43/28/43
f 42/26/42 44/28/44 46/29/46
f 47/30/47 45/29/45 40/26/40
f 43/28/43 45/29/45 48/31/48
f 46/29/46 49/30/49 42/26/42
f 46/29/46 44/28/44 50/31/50
f 51/32/51 45/29/45 47/30/47
f 48/31/48 45/29/45 52/33/52
f 53/32/53 49/30/49 46/29/46
f 54/33/54 46/29/46 50/31/50
f 55/34/55 51/32/51 47/30/47
f 52/33/52 45/29/45 56/35/56
f 57/35/57 46/29/46 54/33/54
f 46/29/46 57/35/57 53/32/53
f 51/32/51 56/35/56 45/29/45
f 58/36/58 51/32/51 55/34/55
f 49/30/49 53/32/53 59/34/59
f 53/32/53 57/35/57 60/37/60
f 61/37/61 56/35/56 51/32/51
f 51/32/51 58/36/58 62/38/62
f 59/34/59 53/32/53 63/36/63
f 53/32/53 60/37/60 64/38/64
f 51/32/51 62/38/62 61/37/61
f 53/32/53 64/38/64 63/36/63
f 64/38/64 60/37/60 65/39/65
f 61/37/61 62/38/62 66/39/66
f 67/40/67 68/41/68 69/42/69
f 69/42/69 70/43/70 67/40/67
f 69/42/69 68/41/68 71/44/71
f 72/45/72 70/43/70 69/42/69
f 70/43/70 73/46/73 67/40/67
f 67/40/67 73/46/73 74/47/74
f 73/46/73 75/48/75 74/47/74
f 76/49/76 75/48/75 73/46/73
f 74/47/74 75/48/75 77/50/77
f 78/51/78 79/52/79 80/53/80
f 78/51/78 80/53/80 81/54/81
f 82/55/82 80/53/80 79/52/79
f 78/51/78 81/54/81 83/53/83
f 84/56/84 80/53/80 82/55/82
f 81/54/81 80/53/80 84/56/84
f 81/54/81 84/56/84 83/53/83
f 85/57/85 79/52/79 78/51/78
f 82/55/82 79/52/79 86/58/86
f 83/53/83 84/56/84 87/55/87
f 85/57/85 88/59/88 79/52/79
f 78/51/78 83/53/83 89/52/89
f 79/52/79 88/59/88 86/58/86
f 87/55/87 89/52/89 83/53/83
f 86/58/86 88/59/88 90/60/90
f 91/57/91 78/51/78 89/52/89
f 87/55/87 92/58/92 89/52/89
f 91/57/91 89/52/89 93/59/93
f 89/52/89 92/58/92 93/59/93
f 93/59/93 92/58/92 94/60/94
f 95/61/95 96/62/96 97/63/97
f 97/63/97 98/64/98 95/61/95
f 97/63/97 96/62/96 99/65/99
f 95/61/95 98/64/98 100/66/100
f 96/62/96 95/61/95 101/67/101
f 100/66/100 102/68/102 95/61/95
f 101/67/101 95/61/95 102/68/102
f 103/69/103 102/68/102 100/66/100
f 104/70/104 105/71/105 106/72/106
f 106/72/106 107/73/107 104/70/104
f 104/70/104 108/74/108 105/71/105
f 109/70/109 106/72/106 105/71/105
f 109/70/109 107/73/107 106/72/106
f 104/70/104 107/73/107 110/75/110
f 108/74/108 111/76/111 105/71/105
f 112/75/25 107/73/107 109/70/109
f 110/75/110 113/77/112 104/70/104
f 113/77/112 108/74/108 104/70/104
f 114/74/113 105/71/105 111/76/111
f 115/77/114 112/75/25 109/70/109
f 116/78/18 113/77/112 110/75/110
f 115/77/114 109/70/109 114/74/113
f 114/74/113 109/70/109 105/71/105
f 117/78/31 112/75/25 115/77/114
f 118/79/115 119/80/116 120/81/117
f 119/80/116 118/79/115 121/82/118
f 120/81/117 119/80/116 122/83/119
f 121/82/118 118/79/115 123/84/120
f 118/79/115 120/81/117 124/85/121
f 124/85/121 123/84/120 118/79/115
f 122/83/119 119/80/116 125/86/122
f 125/86/122 119/80/116 121/82/118
f 124/85/121 120/81/117 126/87/123
f 127/88/124 123/84/120 124/85/121
f 122/83/119 128/80/125 120/81/117
f 125/86/122 128/80/125 122/83/119
f 126/87/123 129/89/126 124/85/121
f 124/85/121 129/89/126 127/88/124
f 120/81/117 128/80/125 130/79/127
f 131/82/128 128/80/125 125/86/122
f 132/90/129 129/89/126 126/87/123
f 127/88/124 129/89/126 133/91/130
f 131/82/128 130/79/127 128/80/125
f 126/87/123 120/81/117 134/85/131
f 135/92/132 129/89/126 132/90/129
f 133/91/130 129/89/126 135/92/132
f 134/85/131 120/81/117 130/79/127
f 136/84/133 130/79/127 131/82/128
f 132/90/129 126/87/123 137/89/134
f 137/89/134 135/92/132 132/90/129
f 137/89/134 126/87/123 134/85/131
f 136/84/133 134/85/131 130/79/127
f 138/91/135 135/92/132 137/89/134
f 139/88/136 134/85/131 136/84/133
f 138/91/135 137/89/134 139/88/136
f 139/88/136 137/89/134 134/85/131
f 140/93/137 141/94/138 142/95/139
f 140/93/137 143/96/140 141/94/138
f 142/95/139 141/94/138 144/97/141
f 141/94/138 143/96/140 145/98/142
f 144/97/141 141/94/138 146/95/143
f 143/96/140 147/99/144 145/98/142
f 146/95/143 141/94/138 148/93/145
f 145/98/142 147/99/144 149/100/146
f 148/93/145 141/94/138 150/96/147
f 150/96/147 141/94/138 145/98/142
f 151/99/148 145/98/142 149/100/146
f 150/96/147 145/98/142 151/99/148
f 152/101/149 153/102/150 154/103/151
f 152/101/149 155/103/152 153/102/150
f 154/103/151 153/102/150 156/104/153
f 153/102/150 155/103/152 157/104/154
f 153/102/150 158/105/155 156/104/153
f 157/104/154 159/105/156 153/102/150
f 160/106/157 158/105/155 153/102/150
f 153/102/150 159/105/156 160/106/157
f 160/106/157 161/9/158 158/105/155
f 159/105/156 162/9/159 160/106/157
f 163/8/160 161/9/158 160/106/157
f 160/106/157 162/9/159 163/8/160
f 164/107/161 165/108/162 166/109/163
f 166/109/163 165/108/162 167/110/164
f 166/109/163 167/110/164 168/111/165
f 165/108/162 169/112/166 167/110/164
f 170/113/167 169/112/166 165/108/162
f 170/113/167 171/114/168 169/112/166
f 169/112/166 171/114/168 172/115/169
f 171/114/168 173/116/170 172/115/169
f 172/115/169 173/116/170 174/117/171
f 173/116/170 175/118/172 174/117/171
f 176/99/173 177/119/174 178/100/175
f 178/100/175 177/119/174 179/120/176
f 180/119/177 178/100/175 179/120/176
f 177/119/174 181/6/178 179/120/176
f 182/99/179 178/100/175 180/119/177
f 179/120/176 181/6/178 183/7/180
f 180/119/177 179/120/176 184/6/181
f 184/6/181 179/120/176 183/7/180
f 185/121/98 186/122/97 187/123/182
f 187/123/182 186/122/97 188/124/183
f 189/125/184 188/124/183 186/122/97
f 190/126/82 188/124/183 189/125/184
f 191/127/185 192/128/186 193/129/187
f 191/127/185 194/130/188 192/128/186
f 193/129/187 192/128/186 195/131/187
f 192/128/186 194/130/188 196/132/188
f 194/130/188 197/133/189 196/132/188
f 196/132/188 197/133/189 198/134/190
f 197/133/189 199/135/191 198/134/190
f 198/134/190 199/135/191 200/136/191
f 199/135/191 201/137/192 200/136/191
f 200/136/191 201/137/192 202/138/192
f 201/137/192 203/139/193 202/138/192
f 204/140/193 203/139/193 201/137/192
f 205/141/194 206/142/194 207/143/195
f 205/141/194 208/144/196 206/142/194
f 207/143/195 206/142/194 209/145/195
f 206/142/194 208/144/196 210/146/197
f 211/147/198 210/146/197 208/144/196
f 212/148/199 210/146/197 211/147/198
f 211/147/198 213/149/200 212/148/199
f 212/148/199 213/149/200 214/150/201
f 215/151/200 214/150/201 213/149/200
f 216/152/202 214/150/201 215/151/200
f 215/151/200 217/153/203 216/152/202
f 218/154/204 219/155/205 220/156/206
f 220/156/206 219/155/205 221/157/205
f 219/155/205 222/158/207 221/157/205
f 223/159/208 222/158/207 219/155/205
f 223/159/208 224/160/209 222/158/207
f 225/161/210 224/160/209 223/159/208
f 225/161/210 226/162/211 224/160/209
f 227/163/212 226/162/211 225/161/210
f 227/163/212 228/164/213 226/162/211
f 229/165/213 228/164/213 227/163/212
f 229/165/213 230/139/214 228/164/213
f 228/164/213 230/139/214 231/140/215
f 232/142/216 233/166/217 234/145/218
f 235/141/219 233/166/217 232/142/216
f 235/141/219 232/142/216 236/144/220
f 235/141/219 237/143/221 233/166/217
f 236/144/220 232/142/216 238/146/222
f 236/144/220 238/146/222 239/147/223
f 239/147/223 238/146/222 240/148/223
f 239/147/223 240/148/223 241/149/223
f 241/149/223 240/148/223 242/150/223
f 242/150/223 243/167/224 241/149/223
f 244/152/224 243/167/224 242/150/223
f 244/152/224 245/153/225 243/167/224
f 246/168/226 247/169/227 248/170/228
f 249/171/229 246/168/226 248/170/228
f 248/170/228 247/169/227 250/172/227
f 249/171/229 248/170/228 251/173/230
f 252/174/231 246/168/226 249/171/229
f 253/175/232 250/172/227 247/169/227
f 254/176/232 250/172/227 253/175/232
f 251/173/230 248/170/228 255/177/230
f 252/174/231 256/178/233 246/168/226
f 249/171/229 257/179/234 252/174/231
f 258/180/235 251/173/230 255/177/230
f 246/168/226 256/178/233 259/181/236
f 252/174/231 257/179/234 260/182/237
f 261/183/238 251/173/230 258/180/235
f 262/184/239 259/181/236 256/178/233
f 263/185/239 259/181/236 262/184/239
f 264/186/240 260/182/237 257/179/234
f 265/187/241 261/183/238 258/180/235
f 266/188/240 260/182/237 264/186/240
f 267/189/241 261/183/238 265/187/241
f 268/190/242 266/188/240 264/186/240
f 269/191/242 266/188/240 268/190/242
f 267/189/241 265/187/241 270/183/243
f 270/183/243 265/187/241 271/180/244
f 270/183/243 271/180/244 272/173/245
f 272/173/245 271/180/244 273/177/246
f 273/177/246 274/170/247 272/173/245
f 272/173/245 274/170/247 275/171/248
f 274/170/247 276/168/249 275/171/248
f 274/170/247 277/169/250 276/168/249
f 275/171/248 276/168/249 278/174/251
f 279/172/250 277/169/250 274/170/247
f 278/174/251 280/179/252 275/171/248
f 278/174/251 276/168/249 281/178/253
f 279/172/250 282/175/254 277/169/250
f 283/176/254 282/175/254 279/172/250
f 284/182/252 280/179/252 278/174/251
f 281/178/253 276/168/249 285/181/255
f 284/182/252 286/186/256 280/179/252
f 281/178/253 285/181/255 287/184/257
f 287/184/257 285/181/255 288/185/257
f 289/188/256 286/186/256 284/182/252
f 289/188/256 290/190/258 286/186/256
f 291/191/258 290/190/258 289/188/256
f 292/192/259 293/193/260 294/194/259
f 294/194/259 295/195/261 292/192/259
f 294/194/259 293/193/260 296/196/260
f 292/192/259 295/195/261 297/197/262
f 295/195/261 298/198/263 297/197/262
f 297/197/262 298/198/263 299/199/263
f 300/200/264 301/201/265 302/202/266
f 301/201/265 300/200/264 303/203/267
f 303/203/267 300/200/264 304/204/66
f 303/203/267 304/204/66 305/205/62
f 306/206/268 307/207/269 308/208/58
f 308/208/58 307/207/269 309/209/269
f 310/210/270 311/211/271 312/212/270
f 312/212/270 311/211/271 313/213/272
f 314/214/273 315/215/273 316/216/273
f 316/216/273 315/215/273 317/217/273
f 318/218/274 319/219/275 320/220/274
f 320/220/274 321/219/276 318/218/274
f 320/220/274 319/219/275 322/221/277
f 323/221/278 321/219/276 320/220/274
f 324/69/279 325/66/280 326/168/279
f 326/168/279 325/66/280 327/169/280
f 325/66/280 328/64/281 327/169/280
f 327/169/280 328/64/281 329/175/282
f 330/21/283 331/170/284 332/18/285
f 332/18/285 331/170/284 333/172/285
f 332/18/285 333/172/285 334/15/286
f 334/15/286 333/172/285 335/176/287
f 336/222/287 337/193/287 338/223/288
f 338/223/288 337/193/287 339/192/288
f 338/223/288 339/192/288 340/224/289
f 340/224/289 339/192/288 341/197/289
f 340/224/289 341/197/289 342/225/290
f 342/225/290 341/197/289 343/199/290
f 343/199/290 344/197/291 342/225/290
f 342/225/290 344/197/291 345/224/291
f 344/197/291 346/192/292 345/224/291
f 345/224/291 346/192/292 347/223/292
f 346/192/292 348/193/293 347/223/292
f 347/223/292 348/193/293 349/222/293
f 350/226/281 351/227/294 352/196/281
f 352/196/281 351/227/294 353/194/294
f 351/227/294 354/228/295 353/194/294
f 353/194/294 354/228/295 355/195/295
f 354/228/295 356/198/296 355/195/295
f 357/229/296 356/198/296 354/228/295
f 358/228/297 356/198/296 357/229/296
f 359/195/298 356/198/296 358/228/297
f 358/228/297 360/194/299 359/195/298
f 361/227/299 360/194/299 358/228/297
f 361/227/299 362/196/300 360/194/299
f 363/226/301 362/196/300 361/227/299
f 364/43/302 365/182/302 366/46/303
f 364/43/302 367/45/304 365/182/302
f 366/46/303 365/182/302 368/188/305
f 365/182/302 367/45/304 369/174/304
f 366/46/303 368/188/305 370/49/306
f 370/49/306 368/188/305 371/191/306
f 372/35/307 373/37/308 374/179/307
f 372/35/307 374/179/307 375/33/309
f 374/179/307 373/37/308 376/186/310
f 375/33/309 374/179/307 377/171/309
f 373/37/308 378/39/311 376/186/310
f 376/186/310 378/39/311 379/190/311
f 380/49/312 381/191/313 382/39/314
f 382/39/314 381/191/313 383/190/312
f 384/68/315 385/181/315 386/67/316
f 384/68/315 387/69/317 385/181/315
f 386/67/316 385/181/315 388/185/318
f 385/181/315 387/69/317 389/168/317
f 390/42/319 391/44/320 392/178/319
f 390/42/319 392/178/319 393/45/321
f 392/178/319 391/44/320 394/184/320
f 393/45/321 392/178/319 395/174/322
f 396/33/323 397/171/323 398/31/324
f 398/31/324 397/171/323 399/173/324
f 398/31/324 399/173/324 400/28/325
f 400/28/325 399/173/324 401/183/326
f 400/28/325 401/183/326 402/27/327
f 402/27/327 401/183/326 403/189/328
f 403/189/328 404/183/329 402/27/327
f 402/27/327 404/183/329 405/28/330
f 404/183/329 406/173/331 405/28/330
f 405/28/330 406/173/331 407/31/332
f 406/173/331 408/171/333 407/31/332
f 407/31/332 408/171/333 409/33/333
f 410/21/334 411/20/335 412/170/334
f 412/170/334 411/20/335 413/177/335
f 411/20/335 414/22/336 413/177/335
f 413/177/335 414/22/336 415/180/336
f 414/22/336 416/24/337 415/180/336
f 415/180/336 416/24/337 417/187/337
f 416/24/337 418/180/338 417/187/337
f 419/22/338 418/180/338 416/24/337
f 419/22/338 420/177/339 418/180/338
f 421/20/339 420/177/339 419/22/338
f 421/20/339 422/170/340 420/177/339
f 423/21/340 422/170/340 421/20/339
f 424/202/341 425/201/341 426/210/341
f 426/210/341 425/201/341 427/211/341
f 428/230/342 429/212/342 430/231/342
f 430/231/342 429/212/342 431/213/343
f 432/232/344 433/233/345 434/234/344
f 434/234/344 433/233/345 435/235/345
f 436/208/346 437/209/346 438/214/346
f 438/214/346 437/209/346 439/215/346
f 440/205/347 441/216/348 442/203/347
f 442/203/347 441/216/348 443/217/347
f 444/233/349 445/235/350 446/232/351
f 446/232/351 445/235/350 447/234/349
f 448/233/352 449/235/353 450/232/352
f 450/232/352 449/235/353 451/234/352
f 452/232/354 453/236/355 454/234/356
f 454/234/356 453/236/355 455/235/357
f 453/236/355 456/234/358 455/235/357
f 457/232/359 456/234/358 453/236/355
f 458/237/360 459/238/361 460/239/362
f 458/237/360 461/240/363 459/238/361
f 460/239/362 459/238/361 462/241/364
f 463/242/365 461/240/363 458/237/360
f 459/238/361 461/240/363 464/243/366
f 463/242/365 465/237/367 461/240/363
f 464/243/366 466/244/368 459/238/361
f 465/237/367 467/238/369 461/240/363
f 468/245/370 466/244/368 464/243/366
f 465/237/367 469/239/371 467/238/369
f 461/240/363 467/238/369 470/243/372
f 471/246/373 466/244/368 468/245/370
f 468/245/370 464/243/366 472/247/374
f 467/238/369 469/239/371 473/241/375
f 470/243/372 467/238/369 474/244/376
f 466/244/368 471/246/373 475/248/364
f 475/248/364 471/246/373 476/249/364
f 470/243/372 474/244/376 477/245/377
f 477/245/377 478/247/378 470/243/372
f 477/245/377 474/244/376 479/246/379
f 474/244/376 480/248/364 479/246/379
f 479/246/379 480/248/364 481/249/380
f 482/250/381 483/251/382 484/231/382
f 484/231/382 483/251/382 485/230/382
f 486/44/383 487/41/383 488/42/384
f 488/42/384 487/41/383 489/40/385
f 489/40/385 490/43/386 488/42/384
f 489/40/385 491/46/387 490/43/386
f 488/42/384 490/43/386 492/45/388
f 493/47/389 491/46/387 489/40/385
f 493/47/389 494/48/390 491/46/387
f 495/50/391 494/48/390 493/47/389
f 496/49/392 491/46/387 494/48/390
f 497/65/393 498/62/394 499/63/395
f 499/63/395 498/62/394 500/61/396
f 500/61/396 501/64/397 499/63/395
f 498/62/394 502/67/398 500/61/396
f 503/66/399 501/64/397 500/61/396
f 500/61/396 502/67/398 504/68/400
f 500/61/396 504/68/400 503/66/399
f 503/66/399 504/68/400 505/69/401
f 506/107/402 507/109/403 508/108/404
f 507/109/403 509/110/403 508/108/404
f 507/109/403 510/111/405 509/110/403
f 509/110/403 511/112/406 508/108/404
f 508/108/404 511/112/406 512/113/407
f 512/113/407 511/112/406 513/114/408
f 513/114/408 511/112/406 514/115/409
f 513/114/408 514/115/409 515/116/410
f 515/116/410 514/115/409 516/117/411
f 515/116/410 516/117/411 517/118/412
f 518/124/413 519/122/414 520/123/94
f 518/124/413 521/125/393 519/122/414
f 520/123/94 519/122/414 522/121/397
f 523/126/415 521/125/393 518/124/413
f 524/131/416 525/128/417 526/129/416
f 526/129/416 525/128/417 527/127/417
f 527/127/417 525/128/417 528/130/418
f 528/130/418 525/128/417 529/132/418
f 529/132/418 530/133/419 528/130/418
f 531/134/420 530/133/419 529/132/418
f 530/133/419 531/134/420 532/135/421
f 532/135/421 531/134/420 533/136/422
f 533/136/422 534/137/423 532/135/421
f 535/138/423 534/137/423 533/136/422
f 535/138/423 536/139/424 534/137/423
f 534/137/423 536/139/424 537/140/425
f 538/145/426 539/142/427 540/143/426
f 540/143/426 539/142/427 541/141/428
f 541/141/428 539/142/427 542/144/429
f 542/144/429 539/142/427 543/146/430
f 542/144/429 543/146/430 544/147/431
f 544/147/431 543/146/430 545/148/432
f 544/147/431 545/148/432 546/149/433
f 546/149/433 545/148/432 547/150/434
f 546/149/433 547/150/434 548/151/435
f 548/151/435 547/150/434 549/152/436
f 548/151/435 549/152/436 550/153/437
f 551/154/438 552/156/438 553/155/439
f 553/155/439 552/156/438 554/157/440
f 554/157/440 555/158/441 553/155/439
f 553/155/439 555/158/441 556/159/442
f 557/160/443 556/159/442 555/158/441
f 558/161/443 556/159/442 557/160/443
f 557/160/443 559/162/444 558/161/443
f 558/161/443 559/162/444 560/163/444
f 561/164/445 560/163/444 559/162/444
f 562/165/445 560/163/444 561/164/445
f 562/165/445 561/164/445 563/139/446
f 563/139/446 561/164/445 564/140/446
f 565/142/447 566/145/448 567/166/449
f 568/141/450 565/142/447 567/166/449
f 569/144/451 565/142/447 568/141/450
f 568/141/450 567/166/449 570/143/452
f 571/146/453 565/142/447 569/144/451
f 572/147/451 571/146/453 569/144/451
f 573/148/454 571/146/453 572/147/451
f 574/149/454 573/148/454 572/147/451
f 575/150/454 573/148/454 574/149/454
f 576/167/455 575/150/454 574/149/454
f 577/152/455 575/150/454 576/167/455
f 577/152/455 576/167/455 578/153/456
f 579/192/457 580/194/457 581/193/254
f 579/192/457 582/195/458 580/194/457
f 581/193/254 580/194/457 583/196/254
f 584/197/458 582/195/458 579/192/457
f 582/195/458 584/197/458 585/198/459
f 585/198/459 584/197/458 586/199/459
f 587/200/460 588/202/390 589/201/461
f 590/203/462 587/200/460 589/201/461
f 591/204/65 587/200/460 590/203/462
f 590/203/462 592/205/64 591/204/65
f 593/206/59 594/208/63 595/207/463
f 595/207/463 594/208/63 596/209/463
f 597/210/464 598/212/465 599/211/466
f 599/211/466 598/212/465 600/213/467
f 601/214/468 602/216/468 603/215/469
f 603/215/469 602/216/468 604/217/468
f 605/69/470 606/168/470 607/66/471
f 607/66/471 606/168/470 608/169/471
f 607/66/471 608/169/471 609/64/301
f 609/64/301 608/169/471 610/175/472
f 611/172/473 612/170/474 613/18/473
f 614/15/293 611/172/473 613/18/473
f 613/18/473 612/170/474 615/21/474
f 616/176/293 611/172/473 614/15/293
f 617/188/475 618/182/476 619/46/475
f 620/49/477 617/188/475 619/46/475
f 621/191/477 617/188/475 620/49/477
f 619/46/475 618/182/476 622/43/478
f 622/43/478 618/182/476 623/45/479
f 623/45/479 618/182/476 624/174/480
f 625/35/481 626/179/482 627/37/483
f 628/33/484 626/179/482 625/35/481
f 627/37/483 626/179/482 629/186/483
f 630/171/485 626/179/482 628/33/484
f 627/37/483 629/186/483 631/39/486
f 631/39/486 629/186/483 632/190/486
f 633/190/487 634/191/488 635/39/489
f 635/39/489 634/191/488 636/49/489
f 637/185/490 638/181/491 639/67/490
f 639/67/490 638/181/491 640/68/492
f 640/68/492 638/181/491 641/69/493
f 641/69/493 638/181/491 642/168/493
f 643/42/494 644/178/494 645/44/495
f 646/45/496 644/178/494 643/42/494
f 645/44/495 644/178/494 647/184/495
f 648/174/496 644/178/494 646/45/496
f 649/202/497 650/210/498 651/201/498
f 651/201/498 650/210/498 652/211/498
f 653/213/499 654/212/499 655/231/499
f 655/231/499 654/212/499 656/230/499
f 657/232/500 658/234/500 659/233/500
f 659/233/500 658/234/500 660/235/500
f 661/208/501 662/214/502 663/209/501
f 663/209/501 662/214/502 664/215/502
f 665/217/503 666/216/503 667/203/503
f 667/203/503 666/216/503 668/205/503
f 669/234/504 670/235/504 671/232/504
f 671/232/504 670/235/504 672/233/504
f 673/234/505 674/235/506 675/232/505
f 675/232/505 674/235/506 676/233/505
f 677/230/507 678/251/507 679/231/508
f 679/231/508 678/251/507 680/250/508
f 681/252/509 682/253/510 683/254/511
f 682/253/510 681/252/509 684/255/512
f 683/254/511 682/253/510 685/256/513
f 686/257/514 683/254/511 685/256/513
f 684/255/512 681/252/509 687/258/515
f 684/255/512 687/258/515 688/259/516
f 688/259/516 687/258/515 689/260/517
f 688/259/516 689/260/517 690/261/518
f 690/261/518 689/260/517 691/262/519
f 690/261/518 691/262/519 692/263/520
f 693/264/521 694/265/522 695/266/523
f 694/265/522 693/264/521 696/267/524
f 695/266/523 694/265/522 697/268/525
f 696/267/524 693/264/521 698/269/526
f 699/270/527 697/268/525 694/265/522
f 696/267/524 698/269/526 700/271/528
f 701/272/527 697/268/525 699/270/527
f 700/271/528 698/269/526 702/273/529
f 701/272/527 699/270/527 703/274/530
f 700/271/528 702/273/529 704/275/531
f 705/276/532 701/272/527 703/274/530
f 704/275/531 702/273/529 706/277/531
f 705/276/532 703/274/530 707/278/533
f 704/275/531 706/277/531 708/279/534
f 709/280/535 707/278/533 703/274/530
f 708/279/534 706/277/531 710/281/534
f 711/282/536 709/280/535 703/274/530
f 708/279/534 710/281/534 712/283/537
f 709/280/535 711/282/536 713/284/538
f 712/283/537 710/281/534 714/285/537
f 713/284/538 711/282/536 715/286/539
f 712/283/537 714/285/537 716/287/540
f 713/284/538 715/286/539 717/288/541
f 716/287/540 714/285/537 718/289/540
f 717/288/541 715/286/539 719/290/541
f 716/287/540 718/289/540 720/291/542
f 717/288/541 719/290/541 721/292/543
f 721/292/543 719/290/541 722/293/544
f 720/291/542 718/289/540 723/294/545
f 720/291/542 723/294/545 724/295/546
f 724/295/546 723/294/545 725/296/546
f 726/297/547 727/298/548 728/299/548
f 728/299/548 729/300/548 726/297/547
f 728/299/548 727/298/548 730/301/547
f 731/302/548 729/300/548 728/299/548
f 727/298/548 732/303/548 730/301/547
f 731/302/548 733/304/549 729/300/548
f 734/305/548 732/303/548 727/298/548
f 735/306/549 733/304/549 731/302/548
f 736/307/548 732/303/548 734/305/548
f 735/306/549 737/308/549 733/304/549
f 738/309/548 732/303/548 736/307/548
f 739/310/549 737/308/549 735/306/549
f 740/311/548 738/309/548 736/307/548
f 737/308/549 739/310/549 741/312/549
f 742/313/548 738/309/548 740/311/548
f 739/310/549 743/314/549 741/312/549
f 744/315/548 742/313/548 740/311/548
f 741/312/549 743/314/549 745/316/550
f 744/315/548 746/317/548 742/313/548
f 741/312/549 745/316/550 747/318/550
f 745/316/550 743/314/549 748/319/550
f 742/313/548 746/317/548 749/320/551
f 747/318/550 745/316/550 750/321/550
f 751/322/550 748/319/550 743/314/549
f 752/323/551 749/320/551 746/317/548
f 747/318/550 750/321/550 753/324/550
f 754/325/550 748/319/550 751/322/550
f 755/326/551 749/320/551 752/323/551
f 753/324/550 750/321/550 756/327/550
f 757/328/550 754/325/550 751/322/550
f 758/329/551 755/326/551 752/323/551
f 753/324/550 756/327/550 759/330/551
f 760/331/550 754/325/550 757/328/550
f 758/329/551 761/332/551 755/326/551
f 752/323/551 762/333/550 758/329/551
f 759/330/551 756/327/550 763/334/549
f 764/335/550 760/331/550 757/328/550
f 765/336/550 761/332/551 758/329/551
f 758/329/551 762/333/550 766/337/550
f 767/338/550 760/331/550 764/335/550
f 761/332/551 765/336/550 768/339/550
f 766/337/550 762/333/550 769/340/550
f 767/338/550 764/335/550 770/341/552
f 770/341/552 764/335/550 771/342/552
f 768/339/550 765/336/550 772/343/550
f 769/340/550 762/333/550 773/344/550
f 768/339/550 772/343/550 774/345/550
f 769/340/550 773/344/550 775/346/550
f 775/346/550 773/344/550 776/347/549
f 768/339/550 774/345/550 777/348/550
f 777/348/550 774/345/550 778/349/550
f 778/349/550 779/350/553 777/348/550
f 780/351/553 779/350/553 778/349/550
f 780/351/553 781/352/553 779/350/553
f 782/353/553 781/352/553 780/351/553
f 783/354/554 784/355/555 785/356/556
f 786/357/557 784/355/555 783/354/554
f 785/356/556 784/355/555 787/358/558
f 786/357/557 783/354/554 788/359/559
f 785/356/556 787/358/558 789/360/560
f 790/361/561 786/357/557 788/359/559
f 788/359/559 783/354/554 791/362/562
f 789/360/560 787/358/558 792/363/560
f 793/364/563 786/357/557 790/361/561
f 794/365/564 788/359/559 791/362/562
f 789/360/560 792/363/560 795/366/565
f 796/367/566 793/364/563 790/361/561
f 791/362/562 797/368/567 794/365/564
f 795/366/565 792/363/560 798/369/568
f 799/370/569 793/364/563 796/367/566
f 794/365/564 797/368/567 800/371/567
f 798/369/568 801/372/570 795/366/565
f 796/367/566 802/373/571 799/370/569
f 795/366/565 801/372/570 803/374/572
f 797/368/567 804/375/573 800/371/567
f 799/370/569 802/373/571 805/376/574
f 800/371/567 804/375/573 806/377/573
f 804/375/573 807/378/575 806/377/573
f 806/377/573 807/378/575 808/379/575
f 808/379/575 807/378/575 809/380/576
f 809/380/576 807/378/575 810/381/577
f 811/382/578 809/380/576 810/381/577
f 812/383/579 809/380/576 811/382/578
f 811/382/578 813/384/580 812/383/579
f 814/385/580 813/384/580 811/382/578
f 814/385/580 815/386/581 813/384/580
f 816/387/582 815/386/581 814/385/580
f 816/387/582 817/388/583 815/386/581
f 818/389/583 817/388/583 816/387/582
f 818/389/583 819/390/584 817/388/583
f 820/391/585 819/390/584 818/389/583
f 820/391/585 821/392/586 819/390/584
f 822/393/587 821/392/586 820/391/585
f 823/394/588 822/393/587 820/391/585
f 824/395/589 821/392/586 822/393/587
f 820/391/585 825/396/590 823/394/588
f 826/397/591 821/392/586 824/395/589
f 823/394/588 825/396/590 827/398/592
f 828/399/593 826/397/591 824/395/589
f 825/396/590 829/400/594 827/398/592
f 830/401/595 826/397/591 828/399/593
f 827/398/592 829/400/594 831/402/596
f 828/399/593 832/403/597 830/401/595
f 830/401/595 832/403/597 833/404/598
f 829/400/594 834/405/599 831/402/596
f 831/402/596 834/405/599 835/406/599
f 834/405/599 836/407/600 835/406/599
f 835/406/599 836/407/600 837/408/600
f 837/408/600 836/407/600 838/409/601
f 838/409/601 836/407/600 839/410/601
f 840/411/602 841/295/603 842/412/602
f 843/413/604 840/411/602 842/412/602
f 842/412/602 841/295/603 844/296/603
f 845/414/604 840/411/602 843/413/604
f 846/415/605 845/414/604 843/413/604
f 847/416/605 845/414/604 846/415/605
f 848/417/606 847/416/605 846/415/605
f 849/418/606 847/416/605 848/417/606
f 850/419/607 849/418/606 848/417/606
f 851/420/608 849/418/606 850/419/607
f 852/421/609 851/420/608 850/419/607
f 853/422/609 851/420/608 852/421/609
f 854/423/610 853/422/609 852/421/609
f 855/424/611 853/422/609 854/423/610
f 856/425/612 855/424/611 854/423/610
f 857/426/613 855/424/611 856/425/612
f 856/425/612 858/427/614 857/426/613
f 857/426/613 858/427/614 859/428/615
f 857/426/613 859/428/615 860/429/616
f 860/429/616 859/428/615 861/430/617
f 860/429/616 861/430/617 862/431/618
f 861/430/617 863/432/619 862/431/618
f 862/431/618 863/432/619 864/433/620
f 865/434/621 862/431/618 864/433/620
f 864/433/620 863/432/619 866/435/622
f 864/433/620 867/436/623 865/434/621
f 865/434/621 867/436/623 868/437/624
f 867/436/623 869/438/625 868/437/624
f 868/437/624 869/438/625 870/439/625
f 869/438/625 871/440/626 870/439/625
f 870/439/625 871/440/626 872/441/626
f 873/442/627 874/443/628 875/444/629
f 876/445/630 873/442/627 875/444/629
f 873/442/627 877/446/631 874/443/628
f 878/447/632 873/442/627 876/445/630
f 879/448/633 877/446/631 873/442/627
f 880/449/634 878/447/632 876/445/630
f 873/442/627 881/450/635 879/448/633
f 882/451/636 878/447/632 880/449/634
f 883/452/637 881/450/635 873/442/627
f 878/447/632 883/452/637 873/442/627
f 881/450/635 884/453/638 879/448/633
f 885/454/639 882/451/636 880/449/634
f 886/455/640 883/452/637 878/447/632
f 887/456/641 884/453/638 881/450/635
f 888/457/642 882/451/636 885/454/639
f 882/451/636 886/455/640 878/447/632
f 883/452/637 889/458/643 881/450/635
f 879/448/633 884/453/638 890/459/644
f 891/460/645 886/455/640 882/451/636
f 888/457/642 891/460/645 882/451/636
f 889/458/643 892/461/646 881/450/635
f 881/450/635 892/461/646 887/456/641
f 890/459/644 884/453/638 893/462/647
f 894/463/648 891/460/645 888/457/642
f 895/464/649 889/458/643 883/452/637
f 886/455/640 895/464/649 883/452/637
f 884/453/638 896/465/650 893/462/647
f 891/460/645 897/466/651 886/455/640
f 889/458/643 898/467/652 892/461/646
f 897/466/651 895/464/649 886/455/640
f 884/453/638 899/468/653 896/465/650
f 900/469/654 898/467/652 889/458/643
f 901/470/655 897/466/651 891/460/645
f 895/464/649 900/469/654 889/458/643
f 894/463/648 901/470/655 891/460/645
f 896/465/650 899/468/653 902/471/656
f 903/472/657 900/469/654 895/464/649
f 897/466/651 903/472/657 895/464/649
f 904/473/658 901/470/655 894/463/648
f 899/468/653 905/474/659 902/471/656
f 906/475/660 903/472/657 897/466/651
f 907/476/661 904/473/658 894/463/648
f 901/470/655 906/475/660 897/466/651
f 902/471/656 905/474/659 908/477/662
f 907/476/661 894/463/648 909/478/663
f 910/479/664 906/475/660 901/470/655
f 904/473/658 910/479/664 901/470/655
f 905/474/659 911/480/665 908/477/662
f 909/478/663 894/463/648 888/457/642
f 912/481/666 904/473/658 907/476/661
f 905/474/659 913/482/667 911/480/665
f 909/478/663 888/457/642 914/483/668
f 915/484/669 912/481/666 907/476/661
f 916/485/670 913/482/667 905/474/659
f 917/486/671 909/478/663 914/483/668
f 914/483/668 888/457/642 885/454/639
f 915/484/669 907/476/661 918/487/672
f 916/485/670 905/474/659 919/488/673
f 918/487/672 909/478/663 917/486/671
f 913/482/667 920/489/674 911/480/665
f 918/487/672 907/476/661 909/478/663
f 919/488/673 905/474/659 921/490/675
f 913/482/667 922/491/676 920/489/674
f 923/492/677 918/487/672 917/486/671
f 919/488/673 924/493/678 916/485/670
f 925/494/679 922/491/676 913/482/667
f 926/495/680 918/487/672 923/492/677
f 911/480/665 920/489/674 927/496/681
f 916/485/670 925/494/679 913/482/667
f 928/497/682 926/495/680 923/492/677
f 911/480/665 927/496/681 929/498/683
f 930/499/684 916/485/670 924/493/678
f 931/500/685 926/495/680 928/497/682
f 911/480/665 929/498/683 932/501/686
f 930/499/684 933/502/687 916/485/670
f 933/502/687 925/494/679 916/485/670
f 926/495/680 915/484/669 918/487/672
f 932/501/686 929/498/683 934/503/688
f 908/477/662 911/480/665 932/501/686
f 933/502/687 935/504/689 925/494/679
f 936/505/690 915/484/669 926/495/680
f 931/500/685 936/505/690 926/495/680
f 937/506/691 933/502/687 930/499/684
f 935/504/689 938/507/692 925/494/679
f 939/508/693 936/505/690 931/500/685
f 937/506/691 940/509/694 933/502/687
f 941/510/695 935/504/689 933/502/687
f 925/494/679 938/507/692 922/491/676
f 936/505/690 942/511/696 915/484/669
f 943/512/697 941/510/695 933/502/687
f 943/512/697 933/502/687 940/509/694
f 939/508/693 944/513/698 936/505/690
f 944/513/698 942/511/696 936/505/690
f 942/511/696 912/481/666 915/484/669
f 940/509/694 945/514/699 943/512/697
f 946/515/700 944/513/698 939/508/693
f 942/511/696 947/516/701 912/481/666
f 948/517/702 941/510/695 943/512/697
f 946/515/700 949/518/703 944/513/698
f 950/519/704 947/516/701 942/511/696
f 892/461/646 948/517/702 943/512/697
f 945/514/699 892/461/646 943/512/697
f 949/518/703 950/519/704 944/513/698
f 951/520/705 949/518/703 946/515/700
f 944/513/698 950/519/704 942/511/696
f 952/521/706 892/461/646 945/514/699
f 898/467/652 948/517/702 892/461/646
f 947/516/701 953/522/707 912/481/666
f 887/456/641 892/461/646 952/521/706
f 912/481/666 953/522/707 904/473/658
f 953/522/707 910/479/664 904/473/658
f 954/523/708 887/456/641 952/521/706
f 887/456/641 954/523/708 955/524/709
f 887/456/641 955/524/709 884/453/638
f 884/453/638 955/524/709 956/525/710
f 884/453/638 956/525/710 957/526/711
f 899/468/653 884/453/638 957/526/711
f 921/490/675 899/468/653 957/526/711
f 905/474/659 899/468/653 921/490/675
f 958/527/712 959/528/713 960/529/714
f 961/530/715 958/527/712 960/529/714
f 960/529/714 959/528/713 962/531/716
f 961/530/715 960/529/714 963/532/717
f 964/533/718 958/527/712 961/530/715
f 959/528/713 958/527/712 965/534/719
f 966/535/720 960/529/714 962/531/716
f 963/532/717 960/529/714 967/536/721
f 968/537/722 961/530/715 963/532/717
f 964/533/718 969/538/723 958/527/712
f 965/534/719 958/527/712 969/538/723
f 966/535/720 970/539/724 960/529/714
f 960/529/714 970/539/724 967/536/721
f 963/532/717 967/536/721 971/540/725
f 969/538/723 972/541/628 965/534/719
f 966/535/720 973/542/726 970/539/724
f 968/537/722 963/532/717 974/543/727
f 974/543/727 963/532/717 971/540/725
f 975/544/728 969/538/723 964/533/718
f 970/539/724 973/542/726 976/545/729
f 974/543/727 971/540/725 977/546/730
f 978/547/731 975/544/728 964/533/718
f 970/539/724 976/545/729 979/548/732
f 980/549/733 974/543/727 977/546/730
f 978/547/731 964/533/718 981/550/734
f 982/551/735 970/539/724 979/548/732
f 980/549/733 977/546/730 983/552/736
f 984/553/737 978/547/731 981/550/734
f 982/551/735 979/548/732 985/554/738
f 986/555/739 974/543/727 980/549/733
f 984/553/737 981/550/734 987/556/740
f 988/557/741 982/551/735 985/554/738
f 989/558/742 986/555/739 980/549/733
f 990/559/743 984/553/737 987/556/740
f 988/557/741 985/554/738 991/560/736
f 989/558/742 980/549/733 992/561/736
f 990/559/743 987/556/740 993/562/744
f 993/562/744 986/555/739 989/558/742
f 985/554/738 979/548/732 994/563/745
f 971/540/725 982/551/735 988/557/741
f 993/562/744 987/556/740 986/555/739
f 985/554/738 994/563/745 995/564/736
f 977/546/730 971/540/725 988/557/741
f 996/565/746 993/562/744 989/558/742
f 987/556/740 968/537/722 986/555/739
f 977/546/730 988/557/741 997/566/736
f 996/565/746 989/558/742 998/567/736
f 987/556/740 981/550/734 968/537/722
f 986/555/739 968/537/722 974/543/727
f 999/568/747 993/562/744 996/565/746
f 971/540/725 967/536/721 982/551/735
f 981/550/734 961/530/715 968/537/722
f 1000/569/748 999/568/747 996/565/746
f 999/568/747 990/559/743 993/562/744
f 967/536/721 970/539/724 982/551/735
f 981/550/734 964/533/718 961/530/715
f 1001/570/749 999/568/747 1000/569/748
f 1002/571/750 990/559/743 999/568/747
f 1000/569/748 996/565/746 1003/572/736
f 1001/570/749 1002/571/750 999/568/747
f 1002/571/750 1004/573/751 990/559/743
f 1005/574/752 1001/570/749 1000/569/748
f 1006/575/753 1002/571/750 1001/570/749
f 1004/573/751 984/553/737 990/559/743
f 1005/574/752 1000/569/748 1007/576/736
f 1008/577/754 1006/575/753 1001/570/749
f 1009/578/755 1004/573/751 1002/571/750
f 1008/577/754 1001/570/749 1005/574/752
f 1004/573/751 1010/579/756 984/553/737
f 1006/575/753 1009/578/755 1002/571/750
f 1011/580/757 1006/575/753 1008/577/754
f 1012/581/758 1010/579/756 1004/573/751
f 1010/579/756 978/547/731 984/553/737
f 1009/578/755 1012/581/758 1004/573/751
f 1011/580/757 1013/582/759 1006/575/753
f 1010/579/756 1014/583/760 978/547/731
f 1013/582/759 1009/578/755 1006/575/753
f 1015/584/761 1012/581/758 1009/578/755
f 1016/585/762 1013/582/759 1011/580/757
f 1014/583/760 975/544/728 978/547/731
f 1013/582/759 1015/584/761 1009/578/755
f 1012/581/758 1017/586/763 1010/579/756
f 1017/586/763 1014/583/760 1010/579/756
f 1016/585/762 1018/587/764 1013/582/759
f 1018/587/764 1015/584/761 1013/582/759
f 1019/588/765 1017/586/763 1012/581/758
f 1015/584/761 1019/588/765 1012/581/758
f 1020/589/766 1018/587/764 1016/585/762
f 1021/590/767 1019/588/765 1015/584/761
f 1018/587/764 1021/590/767 1015/584/761
f 1020/589/766 1022/591/768 1018/587/764
f 1022/591/768 1021/590/767 1018/587/764
f 1023/592/769 1022/591/768 1020/589/766
f 1024/593/770 1025/594/771 973/542/726
f 973/542/726 966/535/720 1024/593/770
f 973/542/726 1025/594/771 1026/595/772
f 1026/595/772 1027/596/773 973/542/726
f 1025/594/771 1028/597/774 1026/595/772
f 973/542/726 1027/596/773 1029/598/775
f 1026/595/772 1028/597/774 1030/599/776
f 973/542/726 1029/598/775 976/545/729
f 1027/596/773 1031/600/777 1029/598/775
f 1030/599/776 1032/601/656 1026/595/772
f 1033/602/778 1030/599/776 1028/597/774
f 976/545/729 1029/598/775 1034/603/779
f 1026/595/772 1032/601/656 1027/596/773
f 1029/598/775 1031/600/777 1035/604/780
f 1029/598/775 1035/604/780 1034/603/779
f 976/545/729 1034/603/779 1036/605/781
f 1032/601/656 1037/606/662 1027/596/773
f 1027/596/773 1037/606/662 1031/600/777
f 1034/603/779 1035/604/780 1038/607/782
f 979/548/732 976/545/729 1036/605/781
f 1037/606/662 1039/608/686 1031/600/777
f 1034/603/779 1038/607/782 1040/609/783
f 979/548/732 1036/605/781 994/563/745
f 1035/604/780 1041/610/784 1038/607/782
f 1031/600/777 1042/611/785 1035/604/780
f 1036/605/781 1034/603/779 1040/609/783
f 1031/600/777 1039/608/686 1042/611/785
f 1035/604/780 1042/611/785 1041/610/784
f 1040/609/783 1038/607/782 1043/612/786
f 1036/605/781 1040/609/783 1044/613/787
f 994/563/745 1036/605/781 1044/613/787
f 1039/608/686 1045/614/788 1042/611/785
f 1038/607/782 1046/615/789 1043/612/786
f 1038/607/782 1041/610/784 1046/615/789
f 994/563/745 1044/613/787 1047/616/736
f 1045/614/788 1048/617/790 1042/611/785
f 1040/609/783 1043/612/786 1049/618/791
f 1042/611/785 1048/617/790 1041/610/784
f 1044/613/787 1040/609/783 1049/618/791
f 1043/612/786 1046/615/789 1050/619/792
f 1048/617/790 1045/614/788 1051/620/793
f 1044/613/787 1049/618/791 1052/621/736
f 1043/612/786 1050/619/792 1053/622/794
f 1048/617/790 1051/620/793 1054/623/795
f 1041/610/784 1054/623/795 1046/615/789
f 1049/618/791 1043/612/786 1053/622/794
f 1053/622/794 1050/619/792 1055/624/796
f 1048/617/790 1054/623/795 1041/610/784
f 1054/623/795 1056/625/797 1046/615/789
f 1049/618/791 1053/622/794 1057/626/736
f 1050/619/792 1056/625/797 1055/624/796
f 1054/623/795 1051/620/793 1058/627/798
f 1046/615/789 1056/625/797 1050/619/792
f 1053/622/794 1055/624/796 1059/628/736
f 1054/623/795 1058/627/798 1056/625/797
f 1051/620/793 1060/629/799 1058/627/798
f 1055/624/796 1056/625/797 1061/630/800
f 1062/631/801 1060/629/799 1051/620/793
f 1060/629/799 1063/632/802 1058/627/798
f 1055/624/796 1061/630/800 1064/633/736
f 1065/634/803 1061/630/800 1056/625/797
f 1051/620/793 1066/635/804 1062/631/801
f 1058/627/798 1063/632/802 1065/634/803
f 1060/629/799 1067/636/805 1063/632/802
f 1056/625/797 1058/627/798 1065/634/803
f 1068/637/806 1066/635/804 1051/620/793
f 1062/631/801 1069/638/807 1060/629/799
f 1060/629/799 1069/638/807 1067/636/805
f 1063/632/802 1070/639/808 1065/634/803
f 1066/635/804 1071/640/809 1062/631/801
f 1051/620/793 1045/614/788 1068/637/806
f 1062/631/801 1071/640/809 1069/638/807
f 1063/632/802 1072/641/810 1070/639/808
f 1066/635/804 1073/642/811 1071/640/809
f 1068/637/806 1074/643/812 1066/635/804
f 1069/638/807 1075/644/813 1067/636/805
f 1070/639/808 1072/641/810 1076/645/736
f 1074/643/812 1073/642/811 1066/635/804
f 1071/640/809 1077/646/814 1069/638/807
f 1069/638/807 1077/646/814 1075/644/813
f 1078/647/815 1072/641/810 1063/632/802
f 1063/632/802 1067/636/805 1078/647/815
f 1073/642/811 1079/648/816 1071/640/809
f 1071/640/809 1079/648/816 1077/646/814
f 1067/636/805 1075/644/813 1080/649/817
f 1078/647/815 1081/650/818 1072/641/810
f 1082/651/819 1074/643/812 1068/637/806
f 1067/636/805 1080/649/817 1078/647/815
f 1075/644/813 1083/652/820 1080/649/817
f 1078/647/815 1080/649/817 1081/650/818
f 1068/637/806 1084/653/821 1082/651/819
f 1072/641/810 1081/650/818 1085/654/822
f 1080/649/817 1083/652/820 1086/655/823
f 1045/614/788 1084/653/821 1068/637/806
f 1072/641/810 1085/654/822 1087/656/736
f 1080/649/817 1086/655/823 1081/650/818
f 1084/653/821 1045/614/788 1039/608/686
f 1083/652/820 1088/657/824 1086/655/823
f 1081/650/818 1089/658/825 1085/654/822
f 1075/644/813 1090/659/826 1083/652/820
f 1081/650/818 1086/655/823 1089/658/825
f 1086/655/823 1088/657/824 1091/660/827
f 1085/654/822 1089/658/825 1092/661/828
f 1090/659/826 1093/662/829 1083/652/820
f 1086/655/823 1091/660/827 1089/658/825
f 1083/652/820 1093/662/829 1088/657/824
f 1085/654/822 1092/661/828 1094/663/830
f 1077/646/814 1090/659/826 1075/644/813
f 1089/658/825 1095/664/831 1092/661/828
f 1089/658/825 1091/660/827 1095/664/831
f 1088/657/824 1096/665/762 1091/660/827
f 1077/646/814 1097/666/832 1090/659/826
f 1092/661/828 1095/664/831 1098/667/833
f 1093/662/829 1099/668/766 1088/657/824
f 1088/657/824 1099/668/766 1096/665/762
f 1097/666/832 1100/669/834 1090/659/826
f 1079/648/816 1097/666/832 1077/646/814
f 1090/659/826 1100/669/834 1093/662/829
f 1092/661/828 1098/667/833 1101/670/736
f 1091/660/827 1096/665/762 1102/671/757
f 1091/660/827 1102/671/757 1095/664/831
f 1100/669/834 1103/672/835 1093/662/829
f 1093/662/829 1103/672/835 1099/668/766
f 1095/664/831 1104/673/754 1098/667/833
f 1095/664/831 1102/671/757 1104/673/754
f 1098/667/833 1104/673/754 1105/674/752
f 1098/667/833 1105/674/752 1106/675/830
f 1107/676/836 1108/677/837 1109/678/838
f 1107/676/836 1110/679/839 1108/677/837
f 1109/678/838 1108/677/837 1111/680/840
f 1112/681/841 1110/679/839 1107/676/836
f 1109/678/838 1111/680/840 1113/682/842
f 1112/681/841 1114/683/843 1110/679/839
f 1113/682/842 1111/680/840 1115/684/844
f 1110/679/839 1114/683/843 1116/685/845
f 1115/684/844 1117/686/846 1113/682/842
f 1114/683/843 1118/687/847 1116/685/845
f 1119/688/848 1117/686/846 1115/684/844
f 1116/685/845 1118/687/847 1120/689/849
f 1117/686/846 1119/688/848 1121/690/850
f 1118/687/847 1122/691/851 1120/689/849
f 1121/690/850 1119/688/848 1123/692/852
f 1120/689/849 1122/691/851 1124/693/853
f 1123/692/852 1125/694/854 1121/690/850
f 1122/691/851 1126/695/855 1124/693/853
f 1127/696/856 1125/694/854 1123/692/852
f 1124/693/853 1126/695/855 1128/697/857
f 1129/698/858 1125/694/854 1127/696/856
f 1126/695/855 1130/699/859 1128/697/857
f 1128/697/857 1130/699/859 1129/698/858
f 1130/699/859 1125/694/854 1129/698/858
f 1131/700/860 1132/701/514 1133/702/861
f 1131/700/860 1134/703/511 1132/701/514
f 1133/702/861 1132/701/514 1135/704/862
f 1136/705/863 1134/703/511 1131/700/860
f 1133/702/861 1135/704/862 1137/706/864
f 1136/705/863 1138/707/865 1134/703/511
f 1137/706/864 1135/704/862 1139/708/866
f 1134/703/511 1138/707/865 1140/709/867
f 1137/706/864 1139/708/866 1141/710/868
f 1138/707/865 1142/711/869 1140/709/867
f 1141/710/868 1139/708/866 1143/712/870
f 1144/713/871 1142/711/869 1138/707/865
f 1141/710/868 1143/712/870 1145/714/872
f 1144/713/871 1146/715/517 1142/711/869
f 1145/714/872 1143/712/870 1147/716/516
f 1148/717/873 1146/715/517 1144/713/871
f 1149/718/874 1145/714/872 1147/716/516
f 1148/717/873 1150/719/875 1146/715/517
f 1151/720/876 1145/714/872 1149/718/874
f 1152/721/877 1150/719/875 1148/717/873
f 1153/722/878 1151/720/876 1149/718/874
f 1152/721/877 1153/722/878 1150/719/875
f 1154/723/879 1151/720/876 1153/722/878
f 1154/723/879 1153/722/878 1152/721/877
f 1155/724/880 1156/725/881 1157/726/882
f 1158/727/883 1155/724/880 1157/726/882
f 1157/726/882 1156/725/881 1159/728/860
f 1160/729/884 1155/724/880 1158/727/883
f 1156/725/881 1161/730/885 1159/728/860
f 1162/731/886 1160/729/884 1158/727/883
f 1159/728/860 1161/730/885 1163/732/887
f 1164/733/888 1160/729/884 1162/731/886
f 1161/730/885 1165/734/889 1163/732/887
f 1166/735/890 1164/733/888 1162/731/886
f 1163/732/887 1165/734/889 1167/736/865
f 1168/737/891 1164/733/888 1166/735/890
f 1165/734/889 1169/738/892 1167/736/865
f 1170/739/893 1168/737/891 1166/735/890
f 1167/736/865 1169/738/892 1171/740/871
f 1172/741/894 1168/737/891 1170/739/893
f 1169/738/892 1173/742/895 1171/740/871
f 1174/743/896 1172/741/894 1170/739/893
f 1171/740/871 1173/742/895 1175/744/897
f 1176/745/898 1172/741/894 1174/743/896
f 1173/742/895 1177/746/899 1175/744/897
f 1177/746/899 1176/745/898 1178/747/900
f 1178/747/900 1176/745/898 1174/743/896
f 1175/744/897 1177/746/899 1178/747/900
f 1179/748/901 1180/749/902 1181/750/903
f 1181/750/903 1182/751/904 1179/748/901
f 1181/750/903 1180/749/902 1183/752/905
f 1184/753/906 1182/751/904 1181/750/903
f 1185/754/907 1183/752/905 1180/749/902
f 1182/751/904 1184/753/906 1186/755/908
f 1187/756/907 1183/752/905 1185/754/907
f 1186/755/908 1184/753/906 1188/757/908
f 1185/754/907 1189/758/909 1187/756/907
f 1188/757/908 1190/759/910 1186/755/908
f 1187/756/907 1189/758/909 1191/760/909
f 1192/761/910 1190/759/910 1188/757/908
f 1193/762/911 1191/760/909 1189/758/909
f 1190/759/910 1192/761/910 1194/763/912
f 1195/764/913 1191/760/909 1193/762/911
f 1194/763/912 1192/761/910 1196/765/912
f 1193/762/911 1197/766/914 1195/764/913
f 1196/765/912 1198/767/915 1194/763/912
f 1195/764/913 1197/766/914 1199/768/916
f 1200/769/915 1198/767/915 1196/765/912
f 1201/770/917 1199/768/916 1197/766/914
f 1198/767/915 1200/769/915 1202/771/918
f 1203/772/917 1199/768/916 1201/770/917
f 1202/771/918 1200/769/915 1204/773/919
f 1201/770/917 1205/774/920 1203/772/917
f 1204/773/919 1206/775/921 1202/771/918
f 1203/772/917 1205/774/920 1207/776/922
f 1208/777/923 1206/775/921 1204/773/919
f 1207/776/922 1205/774/920 1209/778/924
f 1206/775/921 1208/777/923 1210/779/925
f 1209/778/924 1205/774/920 1211/780/926
f 1210/779/925 1208/777/923 1212/781/925
f 1211/780/926 1213/782/927 1209/778/924
f 1214/783/928 1210/779/925 1212/781/925
f 1215/784/928 1210/779/925 1214/783/928
f 1209/778/924 1213/782/927 1216/785/929
f 1217/786/930 1216/785/929 1213/782/927
f 1218/787/930 1216/785/929 1217/786/930
f 1219/788/931 1218/787/930 1217/786/930
f 1220/789/932 1218/787/930 1219/788/931
f 1219/788/931 1221/790/933 1220/789/932
f 1222/791/934 1221/790/933 1219/788/931
f 1221/790/933 1222/791/934 1223/792/935
f 1223/792/935 1222/791/934 1224/793/936
f 1224/793/936 1225/794/937 1223/792/935
f 1226/795/937 1225/794/937 1224/793/936
f 1225/794/937 1226/795/937 1227/796/938
f 1227/796/938 1226/795/937 1228/797/938
f 1228/797/938 1229/798/939 1227/796/938
f 1230/799/939 1229/798/939 1228/797/938
f 1229/798/939 1230/799/939 1231/800/940
f 1231/800/940 1230/799/939 1232/801/941
f 1232/801/941 1233/802/942 1231/800/940
f 1234/803/942 1233/802/942 1232/801/941
f 1233/802/942 1234/803/942 1235/804/943
f 1235/804/943 1234/803/942 1236/805/944
f 1236/805/944 1237/806/945 1235/804/943
f 1235/804/943 1237/806/945 1238/807/946
f 1239/808/947 1238/807/946 1237/806/945
f 1240/809/948 1238/807/946 1239/808/947
f 1239/808/947 1241/810/949 1240/809/948
f 1240/809/948 1241/810/949 1242/811/949
f 1243/812/950 1242/811/949 1241/810/949
f 1244/813/950 1242/811/949 1243/812/950
f 1245/814/951 1244/813/950 1243/812/950
f 1246/815/952 1244/813/950 1245/814/951
f 1247/816/953 1246/815/952 1245/814/951
f 1248/817/954 1246/815/952 1247/816/953
f 1247/816/953 1249/818/955 1248/817/954
f 1248/817/954 1249/818/955 1250/819/955
f 1250/819/955 1249/818/955 1251/820/956
f 1251/820/956 1249/818/955 1252/821/956
f 1253/822/957 1070/639/808 1254/823/736
f 1065/634/803 1070/639/808 1253/822/957
f 1253/822/957 1061/630/800 1065/634/803
f 1061/630/800 1253/822/957 1255/824/736
f 1256/825/958 1257/826/959 1258/827/3
f 1257/826/959 1256/825/958 1259/828/960
f 1260/829/961 1257/826/959 1259/828/960
f 1259/828/960 1256/825/958 1261/830/962
f 1260/829/961 1259/828/960 1262/831/963
f 1263/832/964 1257/826/959 1260/829/961
f 1259/828/960 1261/830/962 1264/833/965
f 1262/831/963 1259/828/960 1264/833/965
f 1257/826/959 1263/832/964 1265/834/3
f 1266/835/966 1260/829/961 1262/831/963
f 1264/833/965 1261/830/962 1267/836/967
f 1268/837/968 1263/832/964 1260/829/961
f 1268/837/968 1260/829/961 1266/835/966
f 1262/831/963 1264/833/965 1269/838/969
f 1264/833/965 1267/836/967 1270/839/970
f 1271/840/971 1263/832/964 1268/837/968
f 1266/835/966 1262/831/963 1272/841/972
f 1269/838/969 1264/833/965 1270/839/970
f 1263/832/964 1271/840/971 1273/842/3
f 1274/843/973 1266/835/966 1272/841/972
f 1272/841/972 1262/831/963 1269/838/969
f 1269/838/969 1270/839/970 1275/844/974
f 1276/845/975 1271/840/971 1268/837/968
f 1277/846/976 1266/835/966 1274/843/973
f 1272/841/972 1269/838/969 1278/847/977
f 1276/845/975 1268/837/968 1277/846/976
f 1278/847/977 1269/838/969 1275/844/974
f 1277/846/976 1268/837/968 1266/835/966
f 1274/843/973 1272/841/972 1279/848/978
f 1279/848/978 1272/841/972 1278/847/977
f 1280/849/979 1276/845/975 1277/846/976
f 1278/847/977 1275/844/974 1281/850/980
f 1282/851/981 1274/843/973 1279/848/978
f 1280/849/979 1277/846/976 1283/852/982
f 1284/853/983 1276/845/975 1280/849/979
f 1281/850/980 1275/844/974 1285/854/984
f 1283/852/982 1274/843/973 1282/851/981
f 1283/852/982 1277/846/976 1274/843/973
f 1284/853/983 1286/855/985 1276/845/975
f 1275/844/974 1287/856/986 1285/854/984
f 1288/857/987 1283/852/982 1282/851/981
f 1289/858/988 1284/853/983 1280/849/979
f 1275/844/974 1270/839/970 1287/856/986
f 1288/857/987 1282/851/981 1290/859/989
f 1289/858/988 1280/849/979 1291/860/990
f 1291/860/990 1283/852/982 1288/857/987
f 1270/839/970 1292/861/991 1287/856/986
f 1290/859/989 1282/851/981 1293/862/992
f 1291/860/990 1280/849/979 1283/852/982
f 1270/839/970 1267/836/967 1292/861/991
f 1290/859/989 1293/862/992 1294/863/993
f 1282/851/981 1279/848/978 1293/862/992
f 1287/856/986 1292/861/991 1295/864/994
f 1296/865/995 1284/853/983 1289/858/988
f 1294/863/993 1293/862/992 1297/866/996
f 1287/856/986 1295/864/994 1298/867/997
f 1296/865/995 1299/868/2 1284/853/983
f 1294/863/993 1297/866/996 1300/869/998
f 1285/854/984 1287/856/986 1298/867/997
f 1301/870/999 1299/868/2 1296/865/995
f 1299/868/2 1286/855/985 1284/853/983
f 1300/869/998 1297/866/996 1302/871/1000
f 1285/854/984 1298/867/997 1303/872/1001
f 1299/868/2 1301/870/999 1304/873/3
f 1300/869/998 1302/871/1000 1305/874/1002
f 1306/875/1003 1285/854/984 1303/872/1001
f 1303/872/1001 1298/867/997 1307/876/1004
f 1297/866/996 1308/877/1005 1302/871/1000
f 1305/874/1002 1302/871/1000 1309/878/1006
f 1281/850/980 1285/854/984 1306/875/1003
f 1303/872/1001 1307/876/1004 1310/879/1007
f 1308/877/1005 1281/850/980 1306/875/1003
f 1302/871/1000 1311/880/1008 1309/878/1006
f 1306/875/1003 1303/872/1001 1312/881/1009
f 1312/881/1009 1303/872/1001 1310/879/1007
f 1308/877/1005 1306/875/1003 1311/880/1008
f 1313/882/1010 1281/850/980 1308/877/1005
f 1302/871/1000 1308/877/1005 1311/880/1008
f 1311/880/1008 1306/875/1003 1312/881/1009
f 1297/866/996 1313/882/1010 1308/877/1005
f 1312/881/1009 1310/879/1007 1314/883/1011
f 1309/878/1006 1311/880/1008 1315/884/1012
f 1293/862/992 1313/882/1010 1297/866/996
f 1311/880/1008 1312/881/1009 1315/884/1012
f 1314/883/1011 1310/879/1007 1316/885/1013
f 1293/862/992 1279/848/978 1313/882/1010
f 1315/884/1012 1312/881/1009 1314/883/1011
f 1310/879/1007 1317/886/1014 1316/885/1013
f 1310/879/1007 1307/876/1004 1317/886/1014
f 1316/885/1013 1317/886/1014 1318/887/1015
f 1307/876/1004 1319/888/1016 1317/886/1014
f 1317/886/1014 1320/889/1017 1318/887/1015
f 1317/886/1014 1319/888/1016 1320/889/1017
f 1318/887/1015 1320/889/1017 1321/890/1018
f 1307/876/1004 1322/891/1019 1319/888/1016
f 1298/867/997 1322/891/1019 1307/876/1004
f 1298/867/997 1295/864/994 1322/891/1019
f 1271/840/971 1286/855/985 1323/892/3
f 1286/855/985 1271/840/971 1276/845/975
f 1324/411/1020 1325/291/1020 1326/295/1021
f 1327/414/1022 1325/291/1020 1324/411/1020
f 1328/287/1023 1325/291/1020 1327/414/1022
f 1329/416/1024 1328/287/1023 1327/414/1022
f 1330/283/1024 1328/287/1023 1329/416/1024
f 1331/418/1025 1330/283/1024 1329/416/1024
f 1332/279/1025 1330/283/1024 1331/418/1025
f 1333/420/1026 1332/279/1025 1331/418/1025
f 1334/275/1026 1332/279/1025 1333/420/1026
f 1335/422/1027 1334/275/1026 1333/420/1026
f 1336/271/1027 1334/275/1026 1335/422/1027
f 1336/271/1027 1335/422/1027 1337/267/1028
f 1337/267/1028 1335/422/1027 1338/424/1028
f 1337/267/1028 1338/424/1028 1339/265/1029
f 1339/265/1029 1338/424/1028 1340/426/1029
f 1339/265/1029 1340/426/1029 1341/270/1030
f 1341/270/1030 1340/426/1029 1342/429/1031
f 1341/270/1030 1342/429/1031 1343/274/1032
f 1343/274/1032 1342/429/1031 1344/431/1033
f 1343/274/1032 1344/431/1033 1345/282/1034
f 1345/282/1034 1344/431/1033 1346/434/1034
f 1345/282/1034 1346/434/1034 1347/286/1035
f 1347/286/1035 1346/434/1034 1348/437/1036
f 1347/286/1035 1348/437/1036 1349/290/1037
f 1349/290/1037 1348/437/1036 1350/439/1037
f 1350/439/1037 1351/441/1038 1349/290/1037
f 1349/290/1037 1351/441/1038 1352/293/1039
f 1353/893/1040 1354/894/1041 1355/895/1042
f 1354/894/1041 1353/893/1040 1356/896/1043
f 1357/897/1044 1354/894/1041 1356/896/1043
f 1356/896/1043 1353/893/1040 1358/898/1045
f 1357/897/1044 1356/896/1043 1359/899/1046
f 1360/900/1047 1354/894/1041 1357/897/1044
f 1356/896/1043 1358/898/1045 1361/901/1048
f 1359/899/1046 1356/896/1043 1361/901/1048
f 1354/894/1041 1360/900/1047 1362/902/1042
f 1363/903/1049 1357/897/1044 1359/899/1046
f 1361/901/1048 1358/898/1045 1364/904/1050
f 1365/905/1051 1360/900/1047 1357/897/1044
f 1365/905/1051 1357/897/1044 1363/903/1049
f 1359/899/1046 1361/901/1048 1366/906/1052
f 1361/901/1048 1364/904/1050 1367/907/1053
f 1368/908/1054 1360/900/1047 1365/905/1051
f 1363/903/1049 1359/899/1046 1369/909/1055
f 1366/906/1052 1361/901/1048 1367/907/1053
f 1360/900/1047 1368/908/1054 1370/910/1042
f 1371/911/1056 1363/903/1049 1369/909/1055
f 1369/909/1055 1359/899/1046 1366/906/1052
f 1366/906/1052 1367/907/1053 1372/912/1057
f 1373/913/1058 1368/908/1054 1365/905/1051
f 1374/914/1059 1363/903/1049 1371/911/1056
f 1369/909/1055 1366/906/1052 1375/915/1060
f 1375/915/1060 1366/906/1052 1372/912/1057
f 1376/916/1061 1368/908/1054 1373/913/1058
f 1377/917/1062 1373/913/1058 1374/914/1063
f 1371/911/1056 1369/909/1055 1378/918/1064
f 1378/918/1064 1369/909/1055 1375/915/1060
f 1368/908/1054 1376/916/1061 1379/919/1042
f 1380/920/1065 1373/913/1058 1377/917/1062
f 1378/918/1064 1375/915/1060 1381/921/1066
f 1382/922/1067 1371/911/1056 1378/918/1064
f 1380/920/1065 1376/916/1061 1373/913/1058
f 1383/923/1068 1380/920/1065 1377/917/1062
f 1381/921/1066 1375/915/1060 1384/924/1069
f 1375/915/1060 1372/912/1057 1384/924/1069
f 1385/925/1070 1376/916/1061 1380/920/1065
f 1383/923/1068 1377/917/1062 1386/926/1071
f 1387/927/1072 1378/918/1064 1381/921/1066
f 1382/922/1067 1378/918/1064 1387/927/1072
f 1376/916/1061 1385/925/1070 1388/928/1042
f 1386/926/1071 1377/917/1062 1389/929/1073
f 1390/930/1074 1382/922/1067 1387/927/1072
f 1387/927/1072 1381/921/1066 1391/931/1075
f 1392/932/1076 1385/925/1070 1380/920/1065
f 1392/932/1076 1380/920/1065 1383/923/1068
f 1390/930/1074 1387/927/1072 1393/933/1077
f 1391/931/1075 1381/921/1066 1394/934/1078
f 1395/935/1079 1392/932/1076 1383/923/1068
f 1396/936/1080 1390/930/1074 1393/933/1077
f 1393/933/1077 1387/927/1072 1391/931/1075
f 1397/937/1081 1385/925/1070 1392/932/1076
f 1395/935/1079 1383/923/1068 1398/938/1082
f 1393/933/1077 1391/931/1075 1399/939/1083
f 1385/925/1070 1397/937/1081 1400/940/1042
f 1401/941/1084 1395/935/1079 1398/938/1082
f 1396/936/1080 1393/933/1077 1402/942/1085
f 1402/942/1085 1393/933/1077 1399/939/1083
f 1403/943/1086 1397/937/1081 1392/932/1076
f 1403/943/1086 1392/932/1076 1395/935/1079
f 1401/941/1084 1398/938/1082 1404/944/1087
f 1405/945/1088 1396/936/1080 1402/942/1085
f 1406/946/1089 1403/943/1086 1395/935/1079
f 1406/946/1089 1395/935/1079 1401/941/1084
f 1404/944/1087 1398/938/1082 1407/947/1090
f 1408/948/1091 1396/936/1080 1405/945/1088
f 1409/949/1092 1406/946/1089 1401/941/1084
f 1404/944/1087 1407/947/1090 1410/950/1093
f 1411/951/1094 1408/948/1091 1405/945/1088
f 1409/949/1092 1401/941/1084 1412/952/1095
f 1412/952/1095 1401/941/1084 1404/944/1087
f 1410/950/1093 1407/947/1090 1413/953/1096
f 1410/950/1093 1413/953/1096 1408/948/1091
f 1408/948/1091 1413/953/1096 1396/936/1080
f 1414/954/1097 1409/949/1092 1412/952/1095
f 1412/952/1095 1404/944/1087 1415/955/1098
f 1415/955/1098 1404/944/1087 1410/950/1093
f 1416/956/1099 1408/948/1091 1411/951/1094
f 1414/954/1097 1412/952/1095 1417/957/1100
f 1415/955/1098 1410/950/1093 1416/956/1099
f 1418/958/1101 1409/949/1092 1414/954/1097
f 1416/956/1099 1410/950/1093 1408/948/1091
f 1417/957/1100 1412/952/1095 1415/955/1098
f 1419/959/1102 1418/958/1101 1414/954/1097
f 1420/960/1103 1416/956/1099 1411/951/1094
f 1417/957/1100 1415/955/1098 1421/961/1104
f 1419/959/1102 1414/954/1097 1422/962/1105
f 1421/961/1104 1416/956/1099 1420/960/1103
f 1420/960/1103 1411/951/1094 1423/963/1106
f 1421/961/1104 1415/955/1098 1416/956/1099
f 1422/962/1105 1414/954/1097 1417/957/1100
f 1424/964/1107 1420/960/1103 1423/963/1106
f 1425/965/1108 1421/961/1104 1420/960/1103
f 1423/963/1106 1411/951/1094 1426/966/1109
f 1422/962/1105 1417/957/1100 1427/967/1110
f 1425/965/1108 1420/960/1103 1424/964/1107
f 1427/967/1110 1421/961/1104 1425/965/1108
f 1411/951/1094 1405/945/1088 1426/966/1109
f 1427/967/1110 1417/957/1100 1421/961/1104
f 1428/968/1111 1422/962/1105 1427/967/1110
f 1429/969/1112 1425/965/1108 1424/964/1107
f 1426/966/1109 1405/945/1088 1430/970/1113
f 1428/968/1111 1427/967/1110 1431/971/1114
f 1431/971/1114 1425/965/1108 1429/969/1112
f 1432/972/1115 1422/962/1105 1428/968/1111
f 1431/971/1114 1427/967/1110 1425/965/1108
f 1433/973/1116 1431/971/1114 1429/969/1112
f 1434/974/1117 1432/972/1115 1428/968/1111
f 1432/972/1115 1419/959/1102 1422/962/1105
f 1435/975/1118 1431/971/1114 1433/973/1116
f 1434/974/1117 1428/968/1111 1435/975/1118
f 1435/975/1118 1428/968/1111 1431/971/1114
f 1436/976/1019 1432/972/1115 1434/974/1117
f 1437/977/1119 1419/959/1102 1432/972/1115
f 1436/976/1019 1437/977/1119 1432/972/1115
f 1437/977/1119 1438/978/1120 1419/959/1102
f 1439/979/994 1437/977/1119 1436/976/1019
f 1438/978/1120 1418/958/1101 1419/959/1102
f 1439/979/994 1440/980/1121 1437/977/1119
f 1440/980/1121 1438/978/1120 1437/977/1119
f 1438/978/1120 1441/981/1122 1418/958/1101
f 1442/982/1123 1440/980/1121 1439/979/994
f 1443/983/1124 1441/981/1122 1438/978/1120
f 1440/980/1121 1443/983/1124 1438/978/1120
f 1441/981/1122 1444/984/1125 1418/958/1101
f 1442/982/1123 1445/985/1126 1440/980/1121
f 1445/985/1126 1443/983/1124 1440/980/1121
f 1441/981/1122 1446/986/1127 1444/984/1125
f 1418/958/1101 1444/984/1125 1409/949/1092
f 1447/987/967 1445/985/1126 1442/982/1123
f 1443/983/1124 1448/988/1128 1441/981/1122
f 1448/988/1128 1446/986/1127 1441/981/1122
f 1444/984/1125 1406/946/1089 1409/949/1092
f 1445/985/1126 1449/989/1129 1443/983/1124
f 1449/989/1129 1448/988/1128 1443/983/1124
f 1446/986/1127 1450/990/1130 1444/984/1125
f 1444/984/1125 1450/990/1130 1406/946/1089
f 1447/987/967 1451/991/1131 1445/985/1126
f 1451/991/1131 1449/989/1129 1445/985/1126
f 1448/988/1128 1452/992/1132 1446/986/1127
f 1450/990/1130 1403/943/1086 1406/946/1089
f 1453/993/962 1451/991/1131 1447/987/967
f 1454/994/1133 1452/992/1132 1448/988/1128
f 1450/990/1130 1455/995/1134 1403/943/1086
f 1453/993/962 1456/996/1135 1451/991/1131
f 1452/992/1132 1454/994/1133 1457/997/1042
f 1458/998/1136 1455/995/1134 1450/990/1130
f 1452/992/1132 1458/998/1136 1446/986/1127
f 1456/996/1135 1459/999/1137 1451/991/1131
f 1454/994/1133 1459/999/1137 1460/1000/1042
f 1446/986/1127 1458/998/1136 1450/990/1130
f 1458/998/1136 1452/992/1132 1461/1001/1042
f 1451/991/1131 1459/999/1137 1449/989/1129
f 1459/999/1137 1456/996/1135 1462/1002/1042
f 1455/995/1134 1458/998/1136 1463/1003/1042
f 1464/1004/1138 1456/996/1135 1453/993/962
f 1456/996/1135 1464/1004/1138 1465/1005/1042
f 1397/937/1081 1455/995/1134 1466/1006/1042
f 1455/995/1134 1397/937/1081 1403/943/1086
f 1467/1007/1139 1468/1008/1140 1469/1009/1141
f 1470/1010/832 1467/1007/1139 1469/1009/1141
f 1469/1009/1141 1468/1008/1140 1471/1011/835
f 1472/1012/1142 1467/1007/1139 1470/1010/832
f 1467/1007/1139 1473/1013/1143 1468/1008/1140
f 1474/1014/1144 1472/1012/1142 1470/1010/832
f 1475/1015/1145 1473/1013/1143 1467/1007/1139
f 1472/1012/1142 1475/1015/1145 1467/1007/1139
f 1476/1016/1146 1472/1012/1142 1474/1014/1144
f 1475/1015/1145 1477/1017/1147 1473/1013/1143
f 1478/1018/1148 1476/1016/1146 1474/1014/1144
f 1479/1019/1149 1475/1015/1145 1472/1012/1142
f 1476/1016/1146 1479/1019/1149 1472/1012/1142
f 1480/1020/1150 1477/1017/1147 1475/1015/1145
f 1479/1019/1149 1480/1020/1150 1475/1015/1145
f 1481/1021/1151 1476/1016/1146 1478/1018/1148
f 1480/1020/1150 1482/1022/1152 1477/1017/1147
f 1483/1023/1153 1479/1019/1149 1476/1016/1146
f 1481/1021/1151 1483/1023/1153 1476/1016/1146
f 1484/1024/812 1481/1021/1151 1478/1018/1148
f 1485/1025/1154 1480/1020/1150 1479/1019/1149
f 1486/1026/1155 1482/1022/1152 1480/1020/1150
f 1483/1023/1153 1485/1025/1154 1479/1019/1149
f 1487/1027/1156 1481/1021/1151 1484/1024/812
f 1485/1025/1154 1486/1026/1155 1480/1020/1150
f 1488/1028/1157 1483/1023/1153 1481/1021/1151
f 1487/1027/1156 1488/1028/1157 1481/1021/1151
f 1487/1027/1156 1484/1024/812 1489/1029/1158
f 1490/1030/1159 1485/1025/1154 1483/1023/1153
f 1491/1031/1160 1486/1026/1155 1485/1025/1154
f 1488/1028/1157 1490/1030/1159 1483/1023/1153
f 1492/1032/1161 1488/1028/1157 1487/1027/1156
f 1489/1029/1158 1484/1024/812 1493/1033/1162
f 1490/1030/1159 1491/1031/1160 1485/1025/1154
f 1494/1034/1163 1492/1032/1161 1487/1027/1156
f 1489/1029/1158 1494/1034/1163 1487/1027/1156
f 1495/1035/1164 1490/1030/1159 1488/1028/1157
f 1496/1036/1165 1491/1031/1160 1490/1030/1159
f 1492/1032/1161 1495/1035/1164 1488/1028/1157
f 1495/1035/1164 1496/1036/1165 1490/1030/1159
f 1497/1037/1166 1492/1032/1161 1494/1034/1163
f 1498/1038/1167 1495/1035/1164 1492/1032/1161
f 1497/1037/1166 1498/1038/1167 1492/1032/1161
f 1499/1039/1168 1496/1036/1165 1495/1035/1164
f 1498/1038/1167 1499/1039/1168 1495/1035/1164
f 1500/1040/1169 1498/1038/1167 1497/1037/1166
f 1501/1041/1170 1499/1039/1168 1498/1038/1167
f 1500/1040/1169 1501/1041/1170 1498/1038/1167
f 1502/1042/1171 1501/1041/1170 1500/1040/1169
f 1503/1043/1172 1504/1044/1173 1505/1045/1172
f 1504/1044/1173 1506/1046/1174 1505/1045/1172
f 1507/1047/1175 1506/1046/1174 1504/1044/1173
f 1506/1046/1174 1507/1047/1175 1508/1048/1176
f 1508/1048/1176 1507/1047/1175 1509/1049/1177
f 1509/1049/1177 1510/1050/1178 1508/1048/1176
f 1508/1048/1176 1510/1050/1178 1511/1051/1179
f 1511/1051/1179 1510/1050/1178 1512/1052/1180
f 1511/1051/1179 1512/1052/1180 1513/1053/1181
f 1513/1053/1181 1514/1054/1182 1511/1051/1179
f 1515/1055/1183 1514/1054/1182 1513/1053/1181
f 1515/1055/1183 1513/1053/1181 1516/1056/1184
f 1515/1055/1183 1517/1057/1185 1514/1054/1182
f 1516/1056/1184 1513/1053/1181 1518/1058/1186
f 1519/1059/1187 1517/1057/1185 1515/1055/1183
f 1516/1056/1184 1519/1059/1187 1515/1055/1183
f 1520/1060/1188 1518/1058/1186 1513/1053/1181
f 1519/1059/1187 1521/1061/1189 1517/1057/1185
f 1522/1062/1190 1516/1056/1184 1518/1058/1186
f 1520/1060/1188 1523/1063/1191 1518/1058/1186
f 1372/912/1057 1519/1059/1187 1516/1056/1184
f 1367/907/1053 1521/1061/1189 1519/1059/1187
f 1522/1062/1190 1518/1058/1186 1524/1064/1192
f 1518/1058/1186 1523/1063/1191 1525/1065/1193
f 1372/912/1057 1367/907/1053 1519/1059/1187
f 1367/907/1053 1364/904/1050 1521/1061/1189
f 1524/1064/1192 1518/1058/1186 1525/1065/1193
f 1525/1065/1193 1523/1063/1191 1526/1066/1194
f 1384/924/1069 1372/912/1057 1516/1056/1184
f 1384/924/1069 1516/1056/1184 1522/1062/1190
f 1524/1064/1192 1525/1065/1193 1527/1067/1195
f 1526/1066/1194 1528/1068/1196 1525/1065/1193
f 1529/1069/1197 1522/1062/1190 1524/1064/1192
f 1527/1067/1195 1525/1065/1193 1530/1070/1198
f 1525/1065/1193 1528/1068/1196 1530/1070/1198
f 1529/1069/1197 1524/1064/1192 1531/1071/1199
f 1531/1071/1199 1524/1064/1192 1527/1067/1195
f 1394/934/1200 1522/1062/1190 1529/1069/1197
f 1532/1072/1201 1529/1069/1197 1531/1071/1199
f 1533/1073/1202 1529/1069/1197 1532/1072/1201
f 1534/1074/1203 1533/1073/1202 1532/1072/1201
f 1399/939/1083 1533/1073/1202 1534/1074/1203
f 1399/939/1083 1391/931/1075 1533/1073/1202
f 1535/1075/1198 1536/1076/1196 1537/1077/1204
f 1535/1075/1198 1537/1077/1204 1538/1078/1205
f 1539/1079/1206 1538/1078/1205 1537/1077/1204
f 1540/1080/1085 1541/1081/1207 1542/1082/1208
f 1543/1083/1209 1540/1080/1085 1542/1082/1208
f 1542/1082/1208 1541/1081/1207 1544/1084/1210
f 1545/1085/1211 1540/1080/1085 1543/1083/1209
f 1546/1086/1212 1547/1087/1078 1548/1088/1213
f 1548/1088/1213 1547/1087/1078 1549/1089/1197
f 1550/1090/1066 1551/1091/1069 1547/1087/1214
f 1547/1087/1214 1551/1091/1069 1552/1092/1190
f 1413/953/1096 1390/930/1074 1396/936/1080
f 1413/953/1096 1553/1093/1215 1390/930/1074
f 1407/947/1090 1553/1093/1215 1413/953/1096
f 1553/1093/1215 1382/922/1067 1390/930/1074
f 1407/947/1090 1386/926/1071 1553/1093/1215
f 1553/1093/1215 1389/929/1073 1382/922/1067
f 1386/926/1071 1389/929/1073 1553/1093/1215
f 1389/929/1073 1371/911/1056 1382/922/1067
f 1398/938/1082 1386/926/1071 1407/947/1090
f 1398/938/1082 1383/923/1068 1386/926/1071
f 1554/1094/1216 1555/1095/977 1556/1096/1217
f 1556/1096/1217 1555/1095/977 1557/1097/1218
f 1558/1098/1219 1559/1099/1059 1560/1100/1073
f 1560/1100/1073 1559/1099/1059 1561/1101/1220
f 1562/1102/1058 1563/1103/1051 1559/1099/1059
f 1559/1099/1059 1563/1103/1051 1564/1104/1221
f 1565/1105/1137 1566/1106/1133 1567/1107/1129
f 1567/1107/1129 1566/1106/1133 1568/1108/1222
f 1569/1109/1223 1570/1110/1224 1571/1111/1225
f 1571/1111/1225 1572/1112/1226 1569/1109/1223
f 1569/1109/1223 1572/1112/1226 1573/1113/1227
f 1572/1112/1226 1574/1114/1228 1573/1113/1227
f 1573/1113/1227 1574/1114/1228 1575/1115/1229
f 1575/1115/1229 1574/1114/1228 1576/1116/1230
f 1576/1116/1230 1574/1114/1228 1577/1117/1231
f 1577/1117/1231 1578/1118/1232 1576/1116/1230
f 1579/1119/1233 1578/1118/1232 1577/1117/1231
f 1578/1118/1232 1579/1119/1233 1580/1120/1234
f 1581/1121/1235 1582/1122/1236 1583/1123/1237
f 1581/1121/1235 1584/1124/1225 1582/1122/1236
f 1583/1123/1237 1582/1122/1236 1585/1125/1238
f 1586/1126/856 1584/1124/1225 1581/1121/1235
f 1585/1125/1238 1587/1127/853 1583/1123/1237
f 1584/1124/1225 1586/1126/856 1588/1128/1226
f 1589/1129/1239 1587/1127/853 1585/1125/1238
f 1588/1128/1226 1586/1126/856 1590/1130/1240
f 1587/1127/853 1589/1129/1239 1591/1131/849
f 1590/1130/1240 1592/1132/1241 1588/1128/1226
f 1591/1131/849 1589/1129/1239 1593/1133/1242
f 1588/1128/1226 1592/1132/1241 1594/1134/1228
f 1593/1133/1242 1595/1135/845 1591/1131/849
f 1592/1132/1241 1596/1136/1243 1594/1134/1228
f 1597/1137/1244 1595/1135/845 1593/1133/1242
f 1594/1134/1228 1596/1136/1243 1598/1138/1231
f 1599/1139/1232 1595/1135/845 1597/1137/1244
f 1600/1140/840 1598/1138/1231 1596/1136/1243
f 1601/1141/1245 1595/1135/845 1599/1139/1232
f 1602/1142/1246 1598/1138/1231 1600/1140/840
f 1603/1143/1247 1601/1141/1245 1599/1139/1232
f 1600/1140/840 1604/1144/1248 1602/1142/1246
f 1602/1142/1246 1604/1144/1248 1603/1143/1247
f 1604/1144/1248 1601/1141/1245 1603/1143/1247
f 1605/1145/1249 1606/1146/1249 1607/1147/1250
f 1608/1148/1251 1606/1146/1249 1605/1145/1249
f 1609/1149/1252 1606/1146/1249 1608/1148/1251
f 1608/1148/1251 1610/1150/1253 1609/1149/1252
f 1609/1149/1252 1610/1150/1253 1611/1151/1254
f 1610/1150/1253 1612/1152/1255 1611/1151/1254
f 1611/1151/1254 1612/1152/1255 1613/1153/1255
f 1612/1152/1255 1614/1154/1256 1613/1153/1255
f 1613/1153/1255 1614/1154/1256 1615/1155/1257
f 1615/1155/1257 1614/1154/1256 1616/1156/1258
f 1617/1157/1259 1618/1158/1260 1619/1159/1261
f 1617/1157/1259 1620/1160/1262 1618/1158/1260
f 1619/1159/1261 1618/1158/1260 1621/1161/1263
f 1622/1162/1264 1620/1160/1262 1617/1157/1259
f 1619/1159/1261 1621/1161/1263 1623/1163/1265
f 1622/1162/1264 1624/1164/1266 1620/1160/1262
f 1623/1163/1265 1621/1161/1263 1625/1165/1267
f 1626/1166/1268 1624/1164/1266 1622/1162/1264
f 1623/1163/1265 1625/1165/1267 1627/1167/1269
f 1626/1166/1268 1628/1168/1270 1624/1164/1266
f 1627/1167/1269 1625/1165/1267 1629/1169/1271
f 1630/1170/1272 1628/1168/1270 1626/1166/1268
f 1627/1167/1269 1629/1169/1271 1631/1171/1273
f 1630/1170/1272 1632/1172/1274 1628/1168/1270
f 1631/1171/1273 1629/1169/1271 1633/1173/1275
f 1634/1174/1276 1632/1172/1274 1630/1170/1272
f 1634/1174/1276 1635/1175/1277 1632/1172/1274
f 1632/1172/1274 1635/1175/1277 1636/1176/1278
f 1635/1175/1277 1637/1177/1279 1636/1176/1278
f 1638/1178/1280 1637/1177/1279 1635/1175/1277
f 1638/1178/1280 1639/1179/1281 1637/1177/1279
f 1640/1180/1282 1633/1173/1283 1639/1179/1281
f 1640/1180/1282 1639/1179/1281 1638/1178/1280
f 1641/1171/1284 1633/1173/1283 1640/1180/1282
f 1642/1181/1263 1643/1182/1260 1644/1183/1285
f 1645/1184/1286 1642/1181/1263 1644/1183/1285
f 1644/1183/1285 1643/1182/1260 1646/1185/1287
f 1647/1186/1267 1642/1181/1263 1645/1184/1286
f 1643/1182/1260 1648/1187/1262 1646/1185/1287
f 1649/1188/1288 1647/1186/1267 1645/1184/1286
f 1646/1185/1287 1648/1187/1262 1650/1189/1289
f 1651/1190/1271 1647/1186/1267 1649/1188/1288
f 1648/1187/1262 1652/1191/1290 1650/1189/1289
f 1653/1192/1291 1651/1190/1271 1649/1188/1288
f 1650/1189/1289 1652/1191/1290 1654/1193/1292
f 1655/1194/1283 1651/1190/1271 1653/1192/1291
f 1652/1191/1290 1656/1195/1293 1654/1193/1292
f 1657/1196/1294 1655/1194/1283 1653/1192/1291
f 1654/1193/1292 1656/1195/1293 1658/1197/1295
f 1659/1198/1296 1655/1194/1283 1657/1196/1294
f 1656/1195/1293 1660/1199/1297 1658/1197/1295
f 1659/1198/1296 1657/1196/1294 1661/1200/1298
f 1662/1201/1274 1660/1199/1297 1656/1195/1293
f 1661/1200/1298 1657/1196/1294 1663/1202/1299
f 1662/1201/1274 1664/1203/1300 1660/1199/1297
f 1661/1200/1298 1663/1202/1299 1665/1204/1301
f 1665/1204/1301 1664/1203/1300 1662/1201/1274
f 1665/1204/1301 1663/1202/1299 1664/1203/1300
f 1666/1205/1302 1667/1206/819 1668/1207/683
f 1668/1207/683 1667/1206/819 1669/1208/1303
f 1670/1209/1304 1671/1210/1305 1672/1211/1306
f 1673/1212/1307 1670/1209/1304 1672/1211/1306
f 1672/1211/1306 1671/1210/1305 1674/1213/1308
f 1675/1214/1309 1670/1209/1304 1673/1212/1307
f 1671/1210/1305 1676/1215/1310 1674/1213/1308
f 1677/1216/1311 1675/1214/1309 1673/1212/1307
f 1670/1209/1304 1678/1217/1312 1671/1210/1305
f 1674/1213/1308 1676/1215/1310 1679/1218/1313
f 1680/1219/1314 1675/1214/1309 1677/1216/1311
f 1681/1220/1315 1678/1217/1312 1670/1209/1304
f 1678/1217/1312 1682/1221/1316 1671/1210/1305
f 1671/1210/1305 1682/1221/1316 1676/1215/1310
f 1683/1222/1317 1680/1219/1314 1677/1216/1311
f 1675/1214/1309 1681/1220/1315 1670/1209/1304
f 1676/1215/1310 1684/1223/1318 1679/1218/1313
f 1685/1224/1319 1680/1219/1314 1683/1222/1317
f 1686/1225/1320 1681/1220/1315 1675/1214/1309
f 1682/1221/1316 1687/1226/1321 1676/1215/1310
f 1676/1215/1310 1687/1226/1321 1684/1223/1318
f 1680/1219/1314 1686/1225/1320 1675/1214/1309
f 1688/1227/1322 1685/1224/1319 1683/1222/1317
f 1679/1218/1313 1684/1223/1318 1689/1228/1323
f 1690/1229/1324 1686/1225/1320 1680/1219/1314
f 1691/1230/1325 1685/1224/1319 1688/1227/1322
f 1687/1226/1321 1692/1231/1326 1684/1223/1318
f 1685/1224/1319 1690/1229/1324 1680/1219/1314
f 1684/1223/1318 1693/1232/1327 1689/1228/1323
f 1694/1233/1328 1691/1230/1325 1688/1227/1322
f 1684/1223/1318 1692/1231/1326 1693/1232/1327
f 1695/1234/1329 1690/1229/1324 1685/1224/1319
f 1696/1235/1330 1691/1230/1325 1694/1233/1328
f 1689/1228/1323 1693/1232/1327 1697/1236/1331
f 1691/1230/1325 1695/1234/1329 1685/1224/1319
f 1692/1231/1326 1698/1237/1332 1693/1232/1327
f 1699/1238/1333 1696/1235/1330 1694/1233/1328
f 1700/1239/1334 1695/1234/1329 1691/1230/1325
f 1693/1232/1327 1701/1240/1335 1697/1236/1331
f 1693/1232/1327 1698/1237/1332 1701/1240/1335
f 1696/1235/1330 1700/1239/1334 1691/1230/1325
f 1702/1241/1336 1696/1235/1330 1699/1238/1333
f 1697/1236/1331 1701/1240/1335 1703/1242/1337
f 1698/1237/1332 1704/1243/1338 1701/1240/1335
f 1705/1244/1339 1700/1239/1334 1696/1235/1330
f 1702/1241/1336 1705/1244/1339 1696/1235/1330
f 1706/1245/1340 1702/1241/1336 1699/1238/1333
f 1701/1240/1335 1707/1246/1341 1703/1242/1337
f 1701/1240/1335 1704/1243/1338 1707/1246/1341
f 1708/1247/1342 1705/1244/1339 1702/1241/1336
f 1709/1248/1343 1702/1241/1336 1706/1245/1340
f 1703/1242/1337 1707/1246/1341 1710/1249/1344
f 1704/1243/1338 1711/1250/1345 1707/1246/1341
f 1709/1248/1343 1708/1247/1342 1702/1241/1336
f 1712/1251/1346 1709/1248/1343 1706/1245/1340
f 1707/1246/1341 1713/1252/1347 1710/1249/1344
f 1707/1246/1341 1711/1250/1345 1713/1252/1347
f 1714/1253/1348 1708/1247/1342 1709/1248/1343
f 1715/1254/1349 1709/1248/1343 1712/1251/1346
f 1710/1249/1344 1713/1252/1347 1716/1255/1350
f 1711/1250/1345 1717/1256/1351 1713/1252/1347
f 1715/1254/1349 1714/1253/1348 1709/1248/1343
f 1718/1257/1352 1715/1254/1349 1712/1251/1346
f 1713/1252/1347 1719/1258/1353 1716/1255/1350
f 1713/1252/1347 1717/1256/1351 1719/1258/1353
f 1720/1259/1354 1714/1253/1348 1715/1254/1349
f 1721/1260/1355 1715/1254/1349 1718/1257/1352
f 1716/1255/1350 1719/1258/1353 1722/1261/1356
f 1717/1256/1351 1723/1262/1357 1719/1258/1353
f 1721/1260/1355 1720/1259/1354 1715/1254/1349
f 1724/1263/1358 1721/1260/1355 1718/1257/1352
f 1719/1258/1353 1725/1264/1359 1722/1261/1356
f 1719/1258/1353 1723/1262/1357 1725/1264/1359
f 1726/1265/1360 1720/1259/1354 1721/1260/1355
f 1727/1266/1361 1721/1260/1355 1724/1263/1358
f 1722/1261/1356 1725/1264/1359 1728/1267/1362
f 1723/1262/1357 1729/1268/1363 1725/1264/1359
f 1729/1268/1363 1726/1265/1360 1727/1266/1361
f 1727/1266/1361 1726/1265/1360 1721/1260/1355
f 1728/1267/1362 1727/1266/1361 1724/1263/1358
f 1725/1264/1359 1727/1266/1361 1728/1267/1362
f 1725/1264/1359 1729/1268/1363 1727/1266/1361
f 1730/1269/1306 1731/1270/1308 1732/1271/1364
f 1733/1272/1365 1730/1269/1306 1732/1271/1364
f 1732/1271/1364 1731/1270/1308 1734/1273/1366
f 1735/1274/1367 1730/1269/1306 1733/1272/1365
f 1736/1275/1368 1733/1272/1365 1732/1271/1364
f 1731/1270/1308 1737/1276/1369 1734/1273/1366
f 1738/1277/1370 1735/1274/1367 1733/1272/1365
f 1739/1278/1371 1733/1272/1365 1736/1275/1368
f 1736/1275/1368 1732/1271/1364 1740/1279/1372
f 1734/1273/1366 1737/1276/1369 1741/1280/1373
f 1739/1278/1371 1738/1277/1370 1733/1272/1365
f 1742/1281/1311 1735/1274/1367 1738/1277/1370
f 1740/1279/1372 1732/1271/1364 1734/1273/1366
f 1737/1276/1369 1743/1282/1323 1741/1280/1373
f 1744/1283/1374 1742/1281/1311 1738/1277/1370
f 1740/1279/1372 1734/1273/1366 1745/1284/1375
f 1746/1285/1376 1738/1277/1370 1739/1278/1371
f 1745/1284/1375 1734/1273/1366 1741/1280/1373
f 1746/1285/1376 1744/1283/1374 1738/1277/1370
f 1747/1286/1377 1742/1281/1311 1744/1283/1374
f 1741/1280/1373 1743/1282/1323 1748/1287/1378
f 1745/1284/1375 1741/1280/1373 1749/1288/1379
f 1750/1289/1380 1744/1283/1374 1746/1285/1376
f 1751/1290/1381 1747/1286/1377 1744/1283/1374
f 1749/1288/1379 1741/1280/1373 1748/1287/1378
f 1743/1282/1323 1752/1291/1382 1748/1287/1378
f 1750/1289/1380 1751/1290/1381 1744/1283/1374
f 1753/1292/1322 1747/1286/1377 1751/1290/1381
f 1749/1288/1379 1748/1287/1378 1754/1293/1383
f 1748/1287/1378 1752/1291/1382 1755/1294/1384
f 1756/1295/1385 1751/1290/1381 1750/1289/1380
f 1757/1296/1386 1753/1292/1322 1751/1290/1381
f 1754/1293/1383 1748/1287/1378 1755/1294/1384
f 1752/1291/1382 1758/1282/1337 1755/1294/1384
f 1756/1295/1385 1759/1297/1387 1751/1290/1381
f 1751/1290/1381 1759/1297/1387 1757/1296/1386
f 1760/1287/1388 1754/1293/1383 1755/1294/1384
f 1761/1298/1389 1753/1292/1322 1757/1296/1386
f 1755/1294/1384 1758/1282/1337 1760/1287/1388
f 1759/1297/1387 1762/1299/1390 1757/1296/1386
f 1763/1300/1391 1754/1293/1383 1760/1287/1388
f 1762/1299/1390 1761/1298/1389 1757/1296/1386
f 1758/1282/1337 1764/1276/1344 1760/1287/1388
f 1765/1301/1392 1762/1299/1390 1759/1297/1387
f 1766/1302/1393 1763/1300/1391 1760/1287/1388
f 1767/1303/1394 1761/1298/1389 1762/1299/1390
f 1760/1287/1388 1764/1276/1344 1766/1302/1393
f 1765/1301/1392 1768/1304/1395 1762/1299/1390
f 1769/1305/1396 1763/1300/1391 1766/1302/1393
f 1770/1296/1397 1767/1303/1394 1762/1299/1390
f 1764/1276/1344 1771/1270/1398 1766/1302/1393
f 1762/1299/1390 1768/1304/1395 1770/1296/1397
f 1772/1273/1399 1769/1305/1396 1766/1302/1393
f 1773/1298/1340 1767/1303/1394 1770/1296/1397
f 1766/1302/1393 1771/1270/1398 1772/1273/1399
f 1768/1304/1395 1774/1290/1400 1770/1296/1397
f 1775/1306/1401 1769/1305/1396 1772/1273/1399
f 1774/1290/1400 1773/1298/1340 1770/1296/1397
f 1771/1270/1398 1776/1307/1356 1772/1273/1399
f 1777/1308/1402 1774/1290/1400 1768/1304/1395
f 1778/1309/1403 1775/1306/1401 1772/1273/1399
f 1779/1292/1404 1773/1298/1340 1774/1290/1400
f 1772/1273/1399 1776/1307/1356 1778/1309/1403
f 1777/1308/1402 1780/1310/1405 1774/1290/1400
f 1781/1311/1406 1775/1306/1401 1778/1309/1403
f 1782/1283/1407 1779/1292/1404 1774/1290/1400
f 1776/1307/1356 1783/1274/1408 1778/1309/1403
f 1774/1290/1400 1780/1310/1405 1782/1283/1407
f 1784/1272/1409 1781/1311/1406 1778/1309/1403
f 1785/1286/1410 1779/1292/1404 1782/1283/1407
f 1778/1309/1403 1783/1274/1408 1784/1272/1409
f 1780/1310/1405 1786/1312/1411 1782/1283/1407
f 1787/1313/1412 1781/1311/1406 1784/1272/1409
f 1788/1277/1413 1785/1286/1410 1782/1283/1407
f 1783/1274/1408 1789/1281/1414 1784/1272/1409
f 1786/1312/1411 1787/1313/1412 1788/1277/1413
f 1789/1281/1414 1785/1286/1410 1788/1277/1413
f 1782/1283/1407 1786/1312/1411 1788/1277/1413
f 1784/1272/1409 1789/1281/1414 1788/1277/1413
f 1788/1277/1413 1787/1313/1412 1784/1272/1409
f 1790/1314/1415 1791/1315/1415 1792/1316/1416
f 1791/1315/1415 1790/1314/1415 1793/1317/1417
f 1792/1316/1416 1791/1315/1415 1794/1318/1416
f 1793/1317/1417 1790/1314/1415 1795/1319/1418
f 1792/1316/1416 1794/1318/1416 1796/1320/1419
f 1793/1317/1417 1795/1319/1418 1797/1321/1420
f 1796/1320/1419 1794/1318/1416 1798/1322/1421
f 1797/1321/1420 1795/1319/1418 1799/1323/1422
f 1798/1322/1421 1800/1324/1423 1796/1320/1419
f 1799/1323/1422 1801/1325/1424 1797/1321/1420
f 1796/1320/1419 1800/1324/1423 1802/1326/1425
f 1803/1327/1424 1801/1325/1424 1799/1323/1422
f 1802/1326/1425 1800/1324/1423 1804/1328/1426
f 1804/1328/1426 1800/1324/1423 1805/1329/1426
f 1803/1327/1424 1806/1330/1427 1801/1325/1424
f 1807/1331/1427 1806/1330/1427 1803/1327/1424
f 1807/1331/1427 1808/1332/1428 1806/1330/1427
f 1809/1333/1428 1808/1332/1428 1807/1331/1427
f 1810/1334/1429 1808/1332/1428 1809/1333/1428
f 1811/1335/1430 1808/1332/1428 1810/1334/1429
f 1810/1334/1429 1812/1336/1431 1811/1335/1430
f 1811/1335/1430 1812/1336/1431 1813/1337/1431
f 1814/1338/1432 1813/1337/1431 1812/1336/1431
f 1815/1339/1433 1813/1337/1431 1814/1338/1432
f 1816/1340/1434 1815/1339/1433 1814/1338/1432
f 1817/1341/1435 1815/1339/1433 1816/1340/1434
f 1818/1342/1436 1817/1341/1435 1816/1340/1434
f 1819/1343/1437 1817/1341/1435 1818/1342/1436
f 1818/1342/1436 1820/1344/1438 1819/1343/1437
f 1819/1343/1437 1820/1344/1438 1821/1345/1439
f 1820/1344/1438 1822/1346/1440 1821/1345/1439
f 1821/1345/1439 1822/1346/1440 1823/1347/1441
f 1822/1346/1440 1824/1348/1442 1823/1347/1441
f 1825/1349/1442 1824/1348/1442 1822/1346/1440
f 1825/1349/1442 1826/1350/1443 1824/1348/1442
f 1824/1348/1442 1826/1350/1443 1827/1351/1443
f 1827/1351/1443 1826/1350/1443 1828/1352/1444
f 1828/1352/1444 1826/1350/1443 1829/1353/1444
f 1829/1353/1444 1830/1354/1445 1828/1352/1444
f 1831/1355/1445 1830/1354/1445 1829/1353/1444
f 1831/1355/1445 1832/1356/1446 1830/1354/1445
f 1833/1357/1447 1832/1356/1446 1831/1355/1445
f 1833/1357/1447 1834/1358/1448 1832/1356/1446
f 1835/1359/1448 1834/1358/1448 1833/1357/1447
f 1835/1359/1448 1836/1360/1449 1834/1358/1448
f 1837/1361/1449 1836/1360/1449 1835/1359/1448
f 1836/1360/1449 1837/1361/1449 1838/1362/1450
f 1838/1362/1450 1837/1361/1449 1839/1363/1450
f 1839/1363/1450 1840/1364/1451 1838/1362/1450
f 1841/1365/1451 1840/1364/1451 1839/1363/1450
f 1841/1365/1451 1842/1366/1452 1840/1364/1451
f 1843/1367/1452 1842/1366/1452 1841/1365/1451
f 1844/1368/1453 1842/1366/1452 1843/1367/1452
f 1845/1369/1453 1842/1366/1452 1844/1368/1453
f 1846/1370/1454 1845/1369/1453 1844/1368/1453
f 1847/1371/1455 1845/1369/1453 1846/1370/1454
f 1846/1370/1454 1848/1372/1456 1847/1371/1455
f 1847/1371/1455 1848/1372/1456 1849/1373/1456
f 1850/1374/1457 1849/1373/1456 1848/1372/1456
f 1851/1375/1457 1849/1373/1456 1850/1374/1457
f 1852/1376/1458 1851/1375/1457 1850/1374/1457
f 1853/1377/1458 1851/1375/1457 1852/1376/1458
f 1852/1376/1458 1854/1378/1459 1853/1377/1458
f 1853/1377/1458 1854/1378/1459 1855/1379/1460
f 1856/1380/1461 1855/1379/1460 1854/1378/1459
f 1857/1381/1461 1855/1379/1460 1856/1380/1461
f 1856/1380/1461 1858/1382/1462 1857/1381/1461
f 1857/1381/1461 1858/1382/1462 1859/1383/1462
f 1858/1382/1462 1860/1384/1463 1859/1383/1462
f 1859/1383/1462 1860/1384/1463 1861/1385/1463
f 1860/1384/1463 1862/1386/1464 1861/1385/1463
f 1861/1385/1463 1862/1386/1464 1863/1387/1464
