# Blender 4.1.1
# www.blender.org
mtllib Townhallobj.mtl
o polySurface261_GUI_Map_CityHall1
v 0.069710 0.004562 -0.016050
v 0.069714 0.004576 -0.016112
v 0.069669 0.004630 -0.016080
v 0.065067 0.004565 -0.020915
v 0.065095 0.004634 -0.020873
v 0.065129 0.004580 -0.020917
v 0.063980 -0.000083 -0.011573
v 0.071839 -0.000083 -0.011399
v 0.063981 0.000090 -0.011573
v 0.063864 0.000090 -0.011578
v 0.071838 0.000090 -0.011399
v 0.063863 -0.000083 -0.011577
v 0.071807 0.000135 -0.011410
v 0.071909 0.000090 -0.011491
v 0.063771 -0.000083 -0.011658
v 0.063991 0.000135 -0.011607
v 0.071909 -0.000083 -0.011491
v 0.071877 0.000135 -0.011501
v 0.063771 0.000090 -0.011659
v 0.071910 -0.000083 -0.011604
v 0.063639 -0.000083 -0.011801
v 0.063875 0.000135 -0.011610
v 0.071910 0.000090 -0.011605
v 0.063794 0.000135 -0.011682
v 0.071878 0.000135 -0.011614
v 0.070221 0.000090 -0.016896
v 0.063929 0.000135 -0.011747
v 0.071741 0.000135 -0.011547
v 0.070221 -0.000083 -0.016895
v 0.063639 0.000090 -0.011802
v 0.065964 0.000090 -0.021356
v 0.063762 0.000135 -0.011934
v 0.065964 -0.000083 -0.021356
v 0.063661 0.000135 -0.011824
v 0.070078 0.000135 -0.016788
v 0.060666 0.000090 -0.022138
v 0.063661 0.000135 -0.011824
v 0.060715 0.000135 -0.015249
v 0.060665 -0.000083 -0.022138
v 0.060605 0.000135 -0.015143
v 0.070189 0.000135 -0.016893
v 0.060567 0.000090 -0.022082
v 0.060605 0.000135 -0.015143
v 0.065850 0.000135 -0.021219
v 0.060591 0.000135 -0.022059
v 0.060474 0.000135 -0.015318
v 0.060689 0.000135 -0.022114
v 0.060538 0.000135 -0.015457
v 0.060520 0.000090 -0.021975
v 0.065964 0.000090 -0.021356
v 0.060400 0.000135 -0.015405
v 0.060545 0.000135 -0.021954
v 0.065960 0.000135 -0.021324
v 0.060444 0.000090 -0.015306
v 0.060365 0.000090 -0.015511
v 0.070221 0.000090 -0.016896
v 0.060574 0.000090 -0.015142
v 0.060399 0.000135 -0.015521
v 0.070189 0.000135 -0.016893
v 0.060368 0.000090 -0.015394
v 0.060697 0.000135 -0.021962
v 0.060364 -0.000083 -0.015511
v 0.060444 -0.000083 -0.015306
v 0.060520 -0.000083 -0.021976
v 0.060573 -0.000083 -0.015142
v 0.065960 0.000135 -0.021324
v 0.060367 -0.000083 -0.015394
v 0.060566 -0.000083 -0.022082
v 0.060574 0.000090 -0.015142
v 0.063639 0.000090 -0.011802
v 0.061296 0.002222 -0.015496
v 0.061304 0.002162 -0.015438
v 0.061010 0.002117 -0.015223
v 0.061068 0.002077 -0.015213
v 0.061304 0.000222 -0.015438
v 0.061068 0.000222 -0.015213
v 0.061023 0.000136 -0.015218
v 0.061300 0.000136 -0.015483
v 0.061066 0.002062 -0.015132
v 0.061008 0.002100 -0.015127
v 0.061068 0.002077 -0.015213
v 0.061295 0.002100 -0.014826
v 0.061010 0.002117 -0.015223
v 0.061303 0.002062 -0.014883
v 0.061068 0.000222 -0.015213
v 0.061383 0.002077 -0.014882
v 0.061066 0.000222 -0.015132
v 0.061392 0.002117 -0.014824
v 0.061023 0.000136 -0.015218
v 0.061303 0.000222 -0.014883
v 0.061383 0.000222 -0.014882
v 0.061021 0.000136 -0.015124
v 0.061387 0.000136 -0.014836
v 0.061293 0.000136 -0.014839
v 0.061677 0.002222 -0.015096
v 0.061392 0.002117 -0.014824
v 0.061620 0.002162 -0.015107
v 0.061383 0.002077 -0.014882
v 0.061620 0.000222 -0.015107
v 0.061383 0.000222 -0.014882
v 0.061387 0.000136 -0.014836
v 0.061665 0.000136 -0.015101
v 0.061680 0.002239 -0.015193
v 0.061677 0.002222 -0.015096
v 0.061622 0.002176 -0.015187
v 0.061384 0.002176 -0.015436
v 0.061620 0.002162 -0.015107
v 0.061393 0.002239 -0.015494
v 0.061622 0.000222 -0.015187
v 0.061296 0.002222 -0.015496
v 0.061384 0.000222 -0.015436
v 0.061620 0.000222 -0.015107
v 0.061304 0.002162 -0.015438
v 0.061665 0.000136 -0.015101
v 0.061395 0.000136 -0.015481
v 0.061304 0.000222 -0.015438
v 0.061667 0.000136 -0.015196
v 0.061300 0.000136 -0.015483
v 0.062738 0.004305 -0.015196
v 0.062713 0.004265 -0.015222
v 0.063052 0.004305 -0.014867
v 0.063078 0.004265 -0.014840
v 0.063078 0.003835 -0.014840
v 0.062713 0.003835 -0.015222
v 0.063078 0.003406 -0.014840
v 0.062713 0.003406 -0.015222
v 0.063052 0.003366 -0.014867
v 0.062738 0.003366 -0.015196
v 0.062670 0.004281 -0.015215
v 0.062713 0.004265 -0.015222
v 0.062698 0.004322 -0.015186
v 0.062597 0.004335 -0.015104
v 0.062738 0.004305 -0.015196
v 0.062954 0.004335 -0.014730
v 0.062565 0.004293 -0.015138
v 0.062670 0.003831 -0.015215
v 0.063052 0.004305 -0.014867
v 0.063041 0.004322 -0.014827
v 0.062543 0.004375 -0.015106
v 0.062713 0.003835 -0.015222
v 0.062511 0.004326 -0.015139
v 0.062953 0.004375 -0.014676
v 0.063078 0.004265 -0.014840
v 0.062456 0.004486 -0.015197
v 0.063040 0.004486 -0.014585
v 0.063069 0.004281 -0.014798
v 0.062428 0.004442 -0.015226
v 0.062987 0.004293 -0.014696
v 0.063069 0.003831 -0.014798
v 0.062483 0.004510 -0.015251
v 0.062985 0.004326 -0.014642
v 0.062987 0.003831 -0.014696
v 0.062450 0.004465 -0.015285
v 0.063068 0.004442 -0.014555
v 0.062610 0.004510 -0.015379
v 0.062985 0.003831 -0.014642
v 0.063096 0.004510 -0.014609
v 0.063068 0.003831 -0.014555
v 0.063069 0.003381 -0.014798
v 0.062985 0.003337 -0.014642
v 0.063078 0.003406 -0.014840
v 0.063128 0.004465 -0.014575
v 0.062987 0.003370 -0.014696
v 0.063052 0.003366 -0.014867
v 0.063229 0.004510 -0.014730
v 0.063041 0.003341 -0.014827
v 0.062954 0.003327 -0.014730
v 0.063258 0.004468 -0.014699
v 0.062617 0.004541 -0.015440
v 0.062953 0.003288 -0.014676
v 0.063258 0.003831 -0.014699
v 0.063291 0.004541 -0.014734
v 0.062698 0.003341 -0.015186
v 0.063128 0.003831 -0.014575
v 0.062738 0.003366 -0.015196
v 0.062597 0.003327 -0.015104
v 0.063128 0.003198 -0.014575
v 0.062670 0.003381 -0.015215
v 0.063068 0.003220 -0.014555
v 0.063258 0.003194 -0.014699
v 0.062565 0.003370 -0.015138
v 0.063317 0.003831 -0.014706
v 0.062543 0.003288 -0.015106
v 0.063317 0.003162 -0.014706
v 0.062565 0.003831 -0.015138
v 0.063291 0.003121 -0.014734
v 0.063229 0.003152 -0.014730
v 0.062713 0.003406 -0.015222
v 0.062511 0.003831 -0.015139
v 0.062617 0.003121 -0.015440
v 0.062511 0.003337 -0.015139
v 0.062610 0.003152 -0.015379
v 0.062581 0.003194 -0.015409
v 0.062483 0.003152 -0.015251
v 0.062590 0.003162 -0.015468
v 0.063096 0.003152 -0.014609
v 0.062590 0.003831 -0.015468
v 0.062456 0.003176 -0.015197
v 0.062428 0.003831 -0.015226
v 0.062581 0.003831 -0.015409
v 0.062428 0.003220 -0.015226
v 0.062450 0.003198 -0.015285
v 0.062450 0.003831 -0.015285
v 0.063040 0.003176 -0.014585
v 0.062581 0.004468 -0.015409
v 0.062590 0.004501 -0.015468
v 0.063078 0.003835 -0.014840
v 0.063317 0.004501 -0.014706
v 0.063557 0.004305 -0.014338
v 0.063531 0.004265 -0.014365
v 0.063871 0.004305 -0.014009
v 0.063896 0.004265 -0.013982
v 0.063896 0.003835 -0.013982
v 0.063531 0.003835 -0.014365
v 0.063896 0.003406 -0.013982
v 0.063531 0.003406 -0.014365
v 0.063871 0.003366 -0.014009
v 0.063557 0.003366 -0.014338
v 0.063489 0.004281 -0.014358
v 0.063531 0.004265 -0.014365
v 0.063517 0.004322 -0.014328
v 0.063416 0.004335 -0.014246
v 0.063557 0.004305 -0.014338
v 0.063772 0.004335 -0.013873
v 0.063383 0.004293 -0.014281
v 0.063489 0.003831 -0.014358
v 0.063871 0.004305 -0.014009
v 0.063859 0.004322 -0.013970
v 0.063361 0.004375 -0.014248
v 0.063531 0.003835 -0.014365
v 0.063329 0.004326 -0.014282
v 0.063772 0.004375 -0.013818
v 0.063896 0.004265 -0.013982
v 0.063274 0.004486 -0.014340
v 0.063859 0.004486 -0.013727
v 0.063887 0.004281 -0.013940
v 0.063246 0.004442 -0.014369
v 0.063805 0.004293 -0.013838
v 0.063887 0.003831 -0.013940
v 0.063301 0.004510 -0.014394
v 0.063804 0.004326 -0.013785
v 0.063805 0.003831 -0.013838
v 0.063269 0.004465 -0.014428
v 0.063887 0.004442 -0.013698
v 0.063428 0.004510 -0.014522
v 0.063804 0.003831 -0.013785
v 0.063914 0.004510 -0.013751
v 0.063887 0.003831 -0.013698
v 0.063887 0.003381 -0.013940
v 0.063804 0.003337 -0.013785
v 0.063896 0.003406 -0.013982
v 0.063946 0.004465 -0.013717
v 0.063805 0.003370 -0.013838
v 0.063871 0.003366 -0.014009
v 0.064048 0.004510 -0.013872
v 0.063859 0.003341 -0.013970
v 0.063772 0.003327 -0.013873
v 0.064077 0.004468 -0.013842
v 0.063435 0.004541 -0.014582
v 0.063772 0.003288 -0.013818
v 0.064077 0.003831 -0.013842
v 0.064109 0.004541 -0.013876
v 0.063517 0.003341 -0.014328
v 0.063946 0.003831 -0.013717
v 0.063557 0.003366 -0.014338
v 0.063416 0.003327 -0.014246
v 0.063946 0.003198 -0.013717
v 0.063489 0.003381 -0.014358
v 0.063887 0.003220 -0.013698
v 0.064077 0.003194 -0.013842
v 0.063383 0.003370 -0.014281
v 0.064136 0.003831 -0.013848
v 0.063361 0.003288 -0.014248
v 0.064136 0.003162 -0.013848
v 0.063383 0.003831 -0.014281
v 0.064109 0.003121 -0.013876
v 0.064048 0.003152 -0.013872
v 0.063531 0.003406 -0.014365
v 0.063329 0.003831 -0.014282
v 0.063435 0.003121 -0.014582
v 0.063329 0.003337 -0.014282
v 0.063428 0.003152 -0.014522
v 0.063399 0.003194 -0.014552
v 0.063301 0.003152 -0.014394
v 0.063408 0.003162 -0.014610
v 0.063914 0.003152 -0.013751
v 0.063408 0.003831 -0.014610
v 0.063274 0.003176 -0.014340
v 0.063246 0.003831 -0.014369
v 0.063399 0.003831 -0.014552
v 0.063246 0.003220 -0.014369
v 0.063269 0.003198 -0.014428
v 0.063269 0.003831 -0.014428
v 0.063859 0.003176 -0.013727
v 0.063399 0.004468 -0.014552
v 0.063408 0.004501 -0.014610
v 0.063896 0.003835 -0.013982
v 0.064136 0.004501 -0.013848
v 0.062950 0.003730 -0.017827
v 0.062977 0.003690 -0.017853
v 0.062622 0.003730 -0.017513
v 0.062595 0.003690 -0.017487
v 0.062595 0.003261 -0.017487
v 0.062977 0.003261 -0.017853
v 0.062595 0.002831 -0.017487
v 0.062977 0.002831 -0.017853
v 0.062622 0.002791 -0.017513
v 0.062950 0.002791 -0.017827
v 0.062970 0.003707 -0.017895
v 0.062977 0.003690 -0.017853
v 0.062941 0.003747 -0.017867
v 0.062859 0.003761 -0.017968
v 0.062950 0.003730 -0.017827
v 0.062485 0.003761 -0.017611
v 0.062893 0.003718 -0.018001
v 0.062970 0.003257 -0.017895
v 0.062622 0.003730 -0.017513
v 0.062582 0.003747 -0.017525
v 0.062861 0.003801 -0.018022
v 0.062977 0.003261 -0.017853
v 0.062894 0.003751 -0.018054
v 0.062431 0.003801 -0.017612
v 0.062595 0.003690 -0.017487
v 0.062952 0.003912 -0.018109
v 0.062339 0.003912 -0.017525
v 0.062553 0.003707 -0.017497
v 0.062981 0.003868 -0.018137
v 0.062451 0.003718 -0.017579
v 0.062553 0.003257 -0.017497
v 0.063006 0.003936 -0.018083
v 0.062397 0.003751 -0.017580
v 0.062451 0.003257 -0.017579
v 0.063040 0.003890 -0.018115
v 0.062310 0.003868 -0.017497
v 0.063134 0.003936 -0.017956
v 0.062397 0.003257 -0.017580
v 0.062363 0.003936 -0.017469
v 0.062310 0.003257 -0.017497
v 0.062553 0.002807 -0.017497
v 0.062397 0.002763 -0.017580
v 0.062595 0.002831 -0.017487
v 0.062330 0.003890 -0.017437
v 0.062451 0.002795 -0.017579
v 0.062622 0.002791 -0.017513
v 0.062484 0.003936 -0.017336
v 0.062582 0.002767 -0.017525
v 0.062485 0.002753 -0.017611
v 0.062454 0.003894 -0.017307
v 0.063195 0.003967 -0.017949
v 0.062431 0.002713 -0.017612
v 0.062454 0.003257 -0.017307
v 0.062488 0.003967 -0.017275
v 0.062941 0.002767 -0.017867
v 0.062330 0.003257 -0.017437
v 0.062950 0.002791 -0.017827
v 0.062859 0.002753 -0.017968
v 0.062330 0.002624 -0.017437
v 0.062970 0.002807 -0.017895
v 0.062310 0.002646 -0.017497
v 0.062454 0.002620 -0.017307
v 0.062893 0.002795 -0.018001
v 0.062460 0.003257 -0.017248
v 0.062861 0.002713 -0.018022
v 0.062460 0.002587 -0.017248
v 0.062893 0.003257 -0.018001
v 0.062488 0.002547 -0.017275
v 0.062484 0.002578 -0.017336
v 0.062977 0.002831 -0.017853
v 0.062894 0.003257 -0.018054
v 0.063195 0.002547 -0.017949
v 0.062894 0.002763 -0.018054
v 0.063134 0.002578 -0.017956
v 0.063164 0.002620 -0.017985
v 0.063006 0.002578 -0.018083
v 0.063223 0.002587 -0.017976
v 0.062363 0.002578 -0.017469
v 0.063223 0.003257 -0.017976
v 0.062952 0.002602 -0.018109
v 0.062981 0.003257 -0.018137
v 0.063164 0.003257 -0.017985
v 0.062981 0.002646 -0.018137
v 0.063040 0.002624 -0.018115
v 0.063040 0.003257 -0.018115
v 0.062339 0.002602 -0.017525
v 0.063164 0.003894 -0.017985
v 0.063223 0.003926 -0.017976
v 0.062595 0.003261 -0.017487
v 0.062460 0.003926 -0.017248
v 0.064335 0.003730 -0.019149
v 0.064362 0.003690 -0.019174
v 0.064006 0.003730 -0.018835
v 0.063980 0.003690 -0.018809
v 0.063980 0.003261 -0.018809
v 0.064362 0.003261 -0.019174
v 0.063980 0.002831 -0.018809
v 0.064362 0.002831 -0.019174
v 0.064006 0.002791 -0.018835
v 0.064335 0.002791 -0.019149
v 0.064355 0.003707 -0.019217
v 0.064362 0.003690 -0.019174
v 0.064326 0.003747 -0.019189
v 0.064244 0.003761 -0.019290
v 0.064335 0.003730 -0.019149
v 0.063870 0.003761 -0.018933
v 0.064278 0.003718 -0.019322
v 0.064355 0.003257 -0.019217
v 0.064006 0.003730 -0.018835
v 0.063967 0.003747 -0.018846
v 0.064246 0.003801 -0.019344
v 0.064362 0.003261 -0.019174
v 0.064279 0.003751 -0.019376
v 0.063815 0.003801 -0.018934
v 0.063980 0.003690 -0.018809
v 0.064337 0.003912 -0.019431
v 0.063724 0.003912 -0.018846
v 0.063938 0.003707 -0.018818
v 0.064366 0.003868 -0.019459
v 0.063836 0.003718 -0.018900
v 0.063938 0.003257 -0.018818
v 0.064391 0.003936 -0.019404
v 0.063782 0.003751 -0.018902
v 0.063836 0.003257 -0.018900
v 0.064425 0.003890 -0.019437
v 0.063695 0.003868 -0.018819
v 0.064519 0.003936 -0.019277
v 0.063782 0.003257 -0.018902
v 0.063748 0.003936 -0.018791
v 0.063695 0.003257 -0.018819
v 0.063938 0.002807 -0.018818
v 0.063782 0.002763 -0.018902
v 0.063980 0.002831 -0.018809
v 0.063715 0.003890 -0.018759
v 0.063836 0.002795 -0.018900
v 0.064006 0.002791 -0.018835
v 0.063869 0.003936 -0.018658
v 0.063967 0.002767 -0.018846
v 0.063870 0.002753 -0.018933
v 0.063839 0.003894 -0.018629
v 0.064580 0.003967 -0.019270
v 0.063815 0.002713 -0.018934
v 0.063839 0.003257 -0.018629
v 0.063873 0.003967 -0.018596
v 0.064326 0.002767 -0.019189
v 0.063715 0.003257 -0.018759
v 0.064335 0.002791 -0.019149
v 0.064244 0.002753 -0.019290
v 0.063715 0.002624 -0.018759
v 0.064355 0.002807 -0.019217
v 0.063695 0.002646 -0.018819
v 0.063839 0.002620 -0.018629
v 0.064278 0.002795 -0.019322
v 0.063845 0.003257 -0.018570
v 0.064246 0.002713 -0.019344
v 0.063845 0.002587 -0.018570
v 0.064278 0.003257 -0.019322
v 0.063873 0.002547 -0.018596
v 0.063869 0.002578 -0.018658
v 0.064362 0.002831 -0.019174
v 0.064279 0.003257 -0.019376
v 0.064580 0.002547 -0.019270
v 0.064279 0.002763 -0.019376
v 0.064519 0.002578 -0.019277
v 0.064549 0.002620 -0.019306
v 0.064391 0.002578 -0.019404
v 0.064608 0.002587 -0.019297
v 0.063748 0.002578 -0.018791
v 0.064608 0.003257 -0.019297
v 0.064337 0.002602 -0.019431
v 0.064366 0.003257 -0.019459
v 0.064549 0.003257 -0.019306
v 0.064366 0.002646 -0.019459
v 0.064425 0.002624 -0.019437
v 0.064425 0.003257 -0.019437
v 0.063724 0.002602 -0.018846
v 0.064549 0.003894 -0.019306
v 0.064608 0.003926 -0.019297
v 0.063980 0.003261 -0.018809
v 0.063845 0.003926 -0.018570
v 0.064335 0.001946 -0.019149
v 0.064362 0.001906 -0.019174
v 0.064006 0.001946 -0.018835
v 0.063980 0.001906 -0.018809
v 0.063980 0.001477 -0.018809
v 0.064362 0.001477 -0.019174
v 0.063980 0.001047 -0.018809
v 0.064362 0.001047 -0.019174
v 0.064006 0.001007 -0.018835
v 0.064335 0.001007 -0.019149
v 0.064355 0.001923 -0.019217
v 0.064362 0.001906 -0.019174
v 0.064326 0.001963 -0.019189
v 0.064244 0.001977 -0.019290
v 0.064335 0.001946 -0.019149
v 0.063870 0.001977 -0.018933
v 0.064278 0.001934 -0.019322
v 0.064355 0.001473 -0.019217
v 0.064006 0.001946 -0.018835
v 0.063967 0.001963 -0.018846
v 0.064246 0.002016 -0.019344
v 0.064362 0.001477 -0.019174
v 0.064279 0.001967 -0.019376
v 0.063815 0.002016 -0.018934
v 0.063980 0.001906 -0.018809
v 0.064337 0.002128 -0.019431
v 0.063724 0.002128 -0.018846
v 0.063938 0.001923 -0.018818
v 0.064366 0.002084 -0.019459
v 0.063836 0.001934 -0.018900
v 0.063938 0.001473 -0.018818
v 0.064391 0.002152 -0.019404
v 0.063782 0.001967 -0.018902
v 0.063836 0.001473 -0.018900
v 0.064425 0.002106 -0.019437
v 0.063695 0.002084 -0.018819
v 0.064519 0.002152 -0.019277
v 0.063782 0.001473 -0.018902
v 0.063748 0.002152 -0.018791
v 0.063695 0.001473 -0.018819
v 0.063938 0.001023 -0.018818
v 0.063782 0.000978 -0.018902
v 0.063980 0.001047 -0.018809
v 0.063715 0.002106 -0.018759
v 0.063836 0.001011 -0.018900
v 0.064006 0.001007 -0.018835
v 0.063869 0.002152 -0.018658
v 0.063967 0.000982 -0.018846
v 0.063870 0.000969 -0.018933
v 0.063839 0.002110 -0.018629
v 0.064580 0.002183 -0.019270
v 0.063815 0.000929 -0.018934
v 0.063839 0.001473 -0.018629
v 0.063873 0.002183 -0.018596
v 0.064326 0.000982 -0.019189
v 0.063715 0.001473 -0.018759
v 0.064335 0.001007 -0.019149
v 0.064244 0.000969 -0.019290
v 0.063715 0.000839 -0.018759
v 0.064355 0.001023 -0.019217
v 0.063695 0.000862 -0.018819
v 0.063839 0.000836 -0.018629
v 0.064278 0.001011 -0.019322
v 0.063845 0.001473 -0.018570
v 0.064246 0.000929 -0.019344
v 0.063845 0.000803 -0.018570
v 0.064278 0.001473 -0.019322
v 0.063873 0.000763 -0.018596
v 0.063869 0.000794 -0.018658
v 0.064362 0.001047 -0.019174
v 0.064279 0.001473 -0.019376
v 0.064580 0.000763 -0.019270
v 0.064279 0.000978 -0.019376
v 0.064519 0.000794 -0.019277
v 0.064549 0.000836 -0.019306
v 0.064391 0.000794 -0.019404
v 0.064608 0.000803 -0.019297
v 0.063748 0.000794 -0.018791
v 0.064608 0.001473 -0.019297
v 0.064337 0.000818 -0.019431
v 0.064366 0.001473 -0.019459
v 0.064549 0.001473 -0.019306
v 0.064366 0.000862 -0.019459
v 0.064425 0.000839 -0.019437
v 0.064425 0.001473 -0.019437
v 0.063724 0.000818 -0.018846
v 0.064549 0.002110 -0.019306
v 0.064608 0.002142 -0.019297
v 0.063980 0.001477 -0.018809
v 0.063845 0.002142 -0.018570
v 0.062950 0.001946 -0.017827
v 0.062977 0.001906 -0.017853
v 0.062622 0.001946 -0.017513
v 0.062595 0.001906 -0.017487
v 0.062595 0.001477 -0.017487
v 0.062977 0.001477 -0.017853
v 0.062595 0.001047 -0.017487
v 0.062977 0.001047 -0.017853
v 0.062622 0.001007 -0.017513
v 0.062950 0.001007 -0.017827
v 0.062970 0.001923 -0.017895
v 0.062977 0.001906 -0.017853
v 0.062941 0.001963 -0.017867
v 0.062859 0.001977 -0.017968
v 0.062950 0.001946 -0.017827
v 0.062485 0.001977 -0.017611
v 0.062893 0.001934 -0.018001
v 0.062970 0.001473 -0.017895
v 0.062622 0.001946 -0.017513
v 0.062582 0.001963 -0.017525
v 0.062861 0.002016 -0.018022
v 0.062977 0.001477 -0.017853
v 0.062894 0.001967 -0.018054
v 0.062431 0.002016 -0.017612
v 0.062595 0.001906 -0.017487
v 0.062952 0.002128 -0.018109
v 0.062339 0.002128 -0.017525
v 0.062553 0.001923 -0.017497
v 0.062981 0.002084 -0.018137
v 0.062451 0.001934 -0.017579
v 0.062553 0.001473 -0.017497
v 0.063006 0.002152 -0.018083
v 0.062397 0.001967 -0.017580
v 0.062451 0.001473 -0.017579
v 0.063040 0.002106 -0.018115
v 0.062310 0.002084 -0.017497
v 0.063134 0.002152 -0.017956
v 0.062397 0.001473 -0.017580
v 0.062363 0.002152 -0.017469
v 0.062310 0.001473 -0.017497
v 0.062553 0.001023 -0.017497
v 0.062397 0.000978 -0.017580
v 0.062595 0.001047 -0.017487
v 0.062330 0.002106 -0.017437
v 0.062451 0.001011 -0.017579
v 0.062622 0.001007 -0.017513
v 0.062484 0.002152 -0.017336
v 0.062582 0.000982 -0.017525
v 0.062485 0.000969 -0.017611
v 0.062454 0.002110 -0.017307
v 0.063195 0.002183 -0.017949
v 0.062431 0.000929 -0.017612
v 0.062454 0.001473 -0.017307
v 0.062488 0.002183 -0.017275
v 0.062941 0.000982 -0.017867
v 0.062330 0.001473 -0.017437
v 0.062950 0.001007 -0.017827
v 0.062859 0.000969 -0.017968
v 0.062330 0.000839 -0.017437
v 0.062970 0.001023 -0.017895
v 0.062310 0.000862 -0.017497
v 0.062454 0.000836 -0.017307
v 0.062893 0.001011 -0.018001
v 0.062460 0.001473 -0.017248
v 0.062861 0.000929 -0.018022
v 0.062460 0.000803 -0.017248
v 0.062893 0.001473 -0.018001
v 0.062488 0.000763 -0.017275
v 0.062484 0.000794 -0.017336
v 0.062977 0.001047 -0.017853
v 0.062894 0.001473 -0.018054
v 0.063195 0.000763 -0.017949
v 0.062894 0.000978 -0.018054
v 0.063134 0.000794 -0.017956
v 0.063164 0.000836 -0.017985
v 0.063006 0.000794 -0.018083
v 0.063223 0.000803 -0.017976
v 0.062363 0.000794 -0.017469
v 0.063223 0.001473 -0.017976
v 0.062952 0.000818 -0.018109
v 0.062981 0.001473 -0.018137
v 0.063164 0.001473 -0.017985
v 0.062981 0.000862 -0.018137
v 0.063040 0.000839 -0.018115
v 0.063040 0.001473 -0.018115
v 0.062339 0.000818 -0.017525
v 0.063164 0.002110 -0.017985
v 0.063223 0.002142 -0.017976
v 0.062595 0.001477 -0.017487
v 0.062460 0.002142 -0.017248
v 0.066499 0.003730 -0.014108
v 0.066170 0.003730 -0.013794
v 0.066526 0.003690 -0.014134
v 0.066144 0.003690 -0.013769
v 0.066144 0.003261 -0.013769
v 0.066526 0.003261 -0.014134
v 0.066144 0.002831 -0.013769
v 0.066526 0.002831 -0.014134
v 0.066170 0.002791 -0.013794
v 0.066499 0.002791 -0.014108
v 0.066499 0.003730 -0.014108
v 0.066526 0.003690 -0.014134
v 0.066539 0.003747 -0.014097
v 0.066170 0.003730 -0.013794
v 0.066568 0.003707 -0.014125
v 0.066180 0.003747 -0.013754
v 0.066568 0.003257 -0.014125
v 0.066144 0.003690 -0.013769
v 0.066262 0.003761 -0.013653
v 0.066526 0.003261 -0.014134
v 0.066636 0.003761 -0.014010
v 0.066151 0.003707 -0.013726
v 0.066526 0.002831 -0.014134
v 0.066151 0.003257 -0.013726
v 0.066670 0.003718 -0.014043
v 0.066568 0.002807 -0.014125
v 0.066228 0.003718 -0.013621
v 0.066690 0.003801 -0.014009
v 0.066670 0.003257 -0.014043
v 0.066228 0.003257 -0.013621
v 0.066499 0.002791 -0.014108
v 0.066260 0.003801 -0.013599
v 0.066539 0.002767 -0.014097
v 0.066670 0.002795 -0.014043
v 0.066169 0.003912 -0.013512
v 0.066180 0.002767 -0.013754
v 0.066636 0.002753 -0.014010
v 0.066781 0.003912 -0.014096
v 0.066170 0.002791 -0.013794
v 0.066724 0.003751 -0.014041
v 0.066262 0.002753 -0.013653
v 0.066227 0.003751 -0.013567
v 0.066811 0.003868 -0.014124
v 0.066151 0.002807 -0.013726
v 0.066140 0.003868 -0.013484
v 0.066228 0.002795 -0.013621
v 0.066724 0.003257 -0.014041
v 0.066227 0.003257 -0.013567
v 0.066144 0.002831 -0.013769
v 0.066227 0.002763 -0.013567
v 0.066724 0.002763 -0.014041
v 0.066140 0.003257 -0.013484
v 0.066260 0.002713 -0.013599
v 0.066811 0.003257 -0.014124
v 0.066140 0.002646 -0.013484
v 0.066811 0.002646 -0.014124
v 0.066081 0.003257 -0.013506
v 0.066169 0.002602 -0.013512
v 0.066781 0.002602 -0.014096
v 0.066081 0.002624 -0.013506
v 0.066690 0.002713 -0.014009
v 0.066791 0.003257 -0.014184
v 0.065957 0.003257 -0.013637
v 0.065957 0.002620 -0.013637
v 0.066757 0.002578 -0.014152
v 0.065898 0.003257 -0.013646
v 0.066791 0.002624 -0.014184
v 0.065898 0.002587 -0.013646
v 0.066667 0.003257 -0.014314
v 0.066115 0.002578 -0.013538
v 0.065926 0.002547 -0.013672
v 0.066791 0.003890 -0.014184
v 0.065987 0.002578 -0.013666
v 0.066667 0.002620 -0.014314
v 0.066632 0.002547 -0.014346
v 0.066660 0.003257 -0.014373
v 0.066636 0.002578 -0.014285
v 0.066660 0.002587 -0.014373
v 0.066667 0.003894 -0.014314
v 0.066660 0.003926 -0.014373
v 0.066636 0.003936 -0.014285
v 0.066632 0.003967 -0.014346
v 0.066757 0.003936 -0.014152
v 0.065987 0.003936 -0.013666
v 0.065926 0.003967 -0.013672
v 0.065957 0.003894 -0.013637
v 0.066115 0.003936 -0.013538
v 0.065898 0.003926 -0.013646
v 0.066081 0.003890 -0.013506
v 0.066144 0.003261 -0.013769
v 0.067884 0.003730 -0.015430
v 0.067555 0.003730 -0.015116
v 0.067911 0.003690 -0.015455
v 0.067528 0.003690 -0.015090
v 0.067528 0.003261 -0.015090
v 0.067911 0.003261 -0.015455
v 0.067528 0.002831 -0.015090
v 0.067911 0.002831 -0.015455
v 0.067555 0.002791 -0.015116
v 0.067884 0.002791 -0.015430
v 0.067884 0.003730 -0.015430
v 0.067911 0.003690 -0.015455
v 0.067924 0.003747 -0.015418
v 0.067555 0.003730 -0.015116
v 0.067953 0.003707 -0.015446
v 0.067565 0.003747 -0.015076
v 0.067953 0.003257 -0.015446
v 0.067528 0.003690 -0.015090
v 0.067647 0.003761 -0.014975
v 0.067911 0.003261 -0.015455
v 0.068021 0.003761 -0.015332
v 0.067536 0.003707 -0.015048
v 0.067911 0.002831 -0.015455
v 0.067536 0.003257 -0.015048
v 0.068055 0.003718 -0.015364
v 0.067953 0.002807 -0.015446
v 0.067613 0.003718 -0.014942
v 0.068075 0.003801 -0.015331
v 0.068055 0.003257 -0.015364
v 0.067613 0.003257 -0.014942
v 0.067884 0.002791 -0.015430
v 0.067645 0.003801 -0.014921
v 0.067924 0.002767 -0.015418
v 0.068055 0.002795 -0.015364
v 0.067554 0.003912 -0.014834
v 0.067565 0.002767 -0.015076
v 0.068021 0.002753 -0.015332
v 0.068166 0.003912 -0.015418
v 0.067555 0.002791 -0.015116
v 0.068109 0.003751 -0.015363
v 0.067647 0.002753 -0.014975
v 0.067612 0.003751 -0.014889
v 0.068196 0.003868 -0.015446
v 0.067536 0.002807 -0.015048
v 0.067525 0.003868 -0.014806
v 0.067613 0.002795 -0.014942
v 0.068109 0.003257 -0.015363
v 0.067612 0.003257 -0.014889
v 0.067528 0.002831 -0.015090
v 0.067612 0.002763 -0.014889
v 0.068109 0.002763 -0.015363
v 0.067525 0.003257 -0.014806
v 0.067645 0.002713 -0.014921
v 0.068196 0.003257 -0.015446
v 0.067525 0.002646 -0.014806
v 0.068196 0.002646 -0.015446
v 0.067466 0.003257 -0.014828
v 0.067554 0.002602 -0.014834
v 0.068166 0.002602 -0.015418
v 0.067466 0.002624 -0.014828
v 0.068075 0.002713 -0.015331
v 0.068176 0.003257 -0.015506
v 0.067342 0.003257 -0.014958
v 0.067342 0.002620 -0.014958
v 0.068142 0.002578 -0.015474
v 0.067283 0.003257 -0.014967
v 0.068176 0.002624 -0.015506
v 0.067283 0.002587 -0.014967
v 0.068052 0.003257 -0.015636
v 0.067500 0.002578 -0.014860
v 0.067311 0.002547 -0.014994
v 0.068176 0.003890 -0.015506
v 0.067372 0.002578 -0.014987
v 0.068052 0.002620 -0.015636
v 0.068017 0.002547 -0.015668
v 0.068045 0.003257 -0.015695
v 0.068021 0.002578 -0.015607
v 0.068045 0.002587 -0.015695
v 0.068052 0.003894 -0.015636
v 0.068045 0.003926 -0.015695
v 0.068021 0.003936 -0.015607
v 0.068017 0.003967 -0.015668
v 0.068142 0.003936 -0.015474
v 0.067372 0.003936 -0.014987
v 0.067311 0.003967 -0.014994
v 0.067342 0.003894 -0.014958
v 0.067500 0.003936 -0.014860
v 0.067283 0.003926 -0.014967
v 0.067466 0.003890 -0.014828
v 0.067528 0.003261 -0.015090
v 0.067884 0.001946 -0.015430
v 0.067555 0.001946 -0.015116
v 0.067911 0.001906 -0.015455
v 0.067528 0.001906 -0.015090
v 0.067528 0.001477 -0.015090
v 0.067911 0.001477 -0.015455
v 0.067528 0.001047 -0.015090
v 0.067911 0.001047 -0.015455
v 0.067555 0.001007 -0.015116
v 0.067884 0.001007 -0.015430
v 0.067884 0.001946 -0.015430
v 0.067911 0.001906 -0.015455
v 0.067924 0.001963 -0.015418
v 0.067555 0.001946 -0.015116
v 0.067953 0.001923 -0.015446
v 0.067565 0.001963 -0.015076
v 0.067953 0.001473 -0.015446
v 0.067528 0.001906 -0.015090
v 0.067647 0.001977 -0.014975
v 0.067911 0.001477 -0.015455
v 0.068021 0.001977 -0.015332
v 0.067536 0.001923 -0.015048
v 0.067911 0.001047 -0.015455
v 0.067536 0.001473 -0.015048
v 0.068055 0.001934 -0.015364
v 0.067953 0.001023 -0.015446
v 0.067613 0.001934 -0.014942
v 0.068075 0.002016 -0.015331
v 0.068055 0.001473 -0.015364
v 0.067613 0.001473 -0.014942
v 0.067884 0.001007 -0.015430
v 0.067645 0.002016 -0.014921
v 0.067924 0.000982 -0.015418
v 0.068055 0.001011 -0.015364
v 0.067554 0.002128 -0.014834
v 0.067565 0.000982 -0.015076
v 0.068021 0.000969 -0.015332
v 0.068166 0.002128 -0.015418
v 0.067555 0.001007 -0.015116
v 0.068109 0.001967 -0.015363
v 0.067647 0.000969 -0.014975
v 0.067612 0.001967 -0.014889
v 0.068196 0.002084 -0.015446
v 0.067536 0.001023 -0.015048
v 0.067525 0.002084 -0.014806
v 0.067613 0.001011 -0.014942
v 0.068109 0.001473 -0.015363
v 0.067612 0.001473 -0.014889
v 0.067528 0.001047 -0.015090
v 0.067612 0.000978 -0.014889
v 0.068109 0.000978 -0.015363
v 0.067525 0.001473 -0.014806
v 0.067645 0.000929 -0.014921
v 0.068196 0.001473 -0.015446
v 0.067525 0.000862 -0.014806
v 0.068196 0.000862 -0.015446
v 0.067466 0.001473 -0.014828
v 0.067554 0.000818 -0.014834
v 0.068166 0.000818 -0.015418
v 0.067466 0.000839 -0.014828
v 0.068075 0.000929 -0.015331
v 0.068176 0.001473 -0.015506
v 0.067342 0.001473 -0.014958
v 0.067342 0.000836 -0.014958
v 0.068142 0.000794 -0.015474
v 0.067283 0.001473 -0.014967
v 0.068176 0.000839 -0.015506
v 0.067283 0.000803 -0.014967
v 0.068052 0.001473 -0.015636
v 0.067500 0.000794 -0.014860
v 0.067311 0.000763 -0.014994
v 0.068176 0.002106 -0.015506
v 0.067372 0.000794 -0.014987
v 0.068052 0.000836 -0.015636
v 0.068017 0.000763 -0.015668
v 0.068045 0.001473 -0.015695
v 0.068021 0.000794 -0.015607
v 0.068045 0.000803 -0.015695
v 0.068052 0.002110 -0.015636
v 0.068045 0.002142 -0.015695
v 0.068021 0.002152 -0.015607
v 0.068017 0.002183 -0.015668
v 0.068142 0.002152 -0.015474
v 0.067372 0.002152 -0.014987
v 0.067311 0.002183 -0.014994
v 0.067342 0.002110 -0.014958
v 0.067500 0.002152 -0.014860
v 0.067283 0.002142 -0.014967
v 0.067466 0.002106 -0.014828
v 0.067528 0.001477 -0.015090
v 0.066499 0.001946 -0.014108
v 0.066170 0.001946 -0.013794
v 0.066526 0.001906 -0.014134
v 0.066144 0.001906 -0.013769
v 0.066144 0.001477 -0.013769
v 0.066526 0.001477 -0.014134
v 0.066144 0.001047 -0.013769
v 0.066526 0.001047 -0.014134
v 0.066170 0.001007 -0.013794
v 0.066499 0.001007 -0.014108
v 0.066499 0.001946 -0.014108
v 0.066526 0.001906 -0.014134
v 0.066539 0.001963 -0.014097
v 0.066170 0.001946 -0.013794
v 0.066568 0.001923 -0.014125
v 0.066180 0.001963 -0.013754
v 0.066568 0.001473 -0.014125
v 0.066144 0.001906 -0.013769
v 0.066262 0.001977 -0.013653
v 0.066526 0.001477 -0.014134
v 0.066636 0.001977 -0.014010
v 0.066151 0.001923 -0.013726
v 0.066526 0.001047 -0.014134
v 0.066151 0.001473 -0.013726
v 0.066670 0.001934 -0.014043
v 0.066568 0.001023 -0.014125
v 0.066228 0.001934 -0.013621
v 0.066690 0.002016 -0.014009
v 0.066670 0.001473 -0.014043
v 0.066228 0.001473 -0.013621
v 0.066499 0.001007 -0.014108
v 0.066260 0.002016 -0.013599
v 0.066539 0.000982 -0.014097
v 0.066670 0.001011 -0.014043
v 0.066169 0.002128 -0.013512
v 0.066180 0.000982 -0.013754
v 0.066636 0.000969 -0.014010
v 0.066781 0.002128 -0.014096
v 0.066170 0.001007 -0.013794
v 0.066724 0.001967 -0.014041
v 0.066262 0.000969 -0.013653
v 0.066227 0.001967 -0.013567
v 0.066811 0.002084 -0.014124
v 0.066151 0.001023 -0.013726
v 0.066140 0.002084 -0.013484
v 0.066228 0.001011 -0.013621
v 0.066724 0.001473 -0.014041
v 0.066227 0.001473 -0.013567
v 0.066144 0.001047 -0.013769
v 0.066227 0.000978 -0.013567
v 0.066724 0.000978 -0.014041
v 0.066140 0.001473 -0.013484
v 0.066260 0.000929 -0.013599
v 0.066811 0.001473 -0.014124
v 0.066140 0.000862 -0.013484
v 0.066811 0.000862 -0.014124
v 0.066081 0.001473 -0.013506
v 0.066169 0.000818 -0.013512
v 0.066781 0.000818 -0.014096
v 0.066081 0.000839 -0.013506
v 0.066690 0.000929 -0.014009
v 0.066791 0.001473 -0.014184
v 0.065957 0.001473 -0.013637
v 0.065957 0.000836 -0.013637
v 0.066757 0.000794 -0.014152
v 0.065898 0.001473 -0.013646
v 0.066791 0.000839 -0.014184
v 0.065898 0.000803 -0.013646
v 0.066667 0.001473 -0.014314
v 0.066115 0.000794 -0.013538
v 0.065926 0.000763 -0.013672
v 0.066791 0.002106 -0.014184
v 0.065987 0.000794 -0.013666
v 0.066667 0.000836 -0.014314
v 0.066632 0.000763 -0.014346
v 0.066660 0.001473 -0.014373
v 0.066636 0.000794 -0.014285
v 0.066660 0.000803 -0.014373
v 0.066667 0.002110 -0.014314
v 0.066660 0.002142 -0.014373
v 0.066636 0.002152 -0.014285
v 0.066632 0.002183 -0.014346
v 0.066757 0.002152 -0.014152
v 0.065987 0.002152 -0.013666
v 0.065926 0.002183 -0.013672
v 0.065957 0.002110 -0.013637
v 0.066115 0.002152 -0.013538
v 0.065898 0.002142 -0.013646
v 0.066081 0.002106 -0.013506
v 0.066144 0.001477 -0.013769
v 0.065987 0.003703 -0.019490
v 0.066301 0.003703 -0.019161
v 0.065961 0.003663 -0.019517
v 0.066326 0.003663 -0.019134
v 0.066326 0.003233 -0.019134
v 0.065961 0.003233 -0.019517
v 0.066326 0.002804 -0.019134
v 0.065961 0.002804 -0.019517
v 0.066301 0.002764 -0.019161
v 0.065987 0.002764 -0.019490
v 0.065987 0.003703 -0.019490
v 0.065961 0.003663 -0.019517
v 0.065998 0.003720 -0.019529
v 0.066301 0.003703 -0.019161
v 0.065970 0.003679 -0.019559
v 0.066341 0.003720 -0.019171
v 0.065970 0.003229 -0.019559
v 0.066326 0.003663 -0.019134
v 0.066442 0.003733 -0.019253
v 0.065961 0.003233 -0.019517
v 0.066085 0.003733 -0.019626
v 0.066369 0.003679 -0.019141
v 0.065961 0.002804 -0.019517
v 0.066369 0.003229 -0.019141
v 0.066052 0.003691 -0.019661
v 0.065970 0.002779 -0.019559
v 0.066474 0.003691 -0.019218
v 0.066086 0.003773 -0.019681
v 0.066052 0.003229 -0.019661
v 0.066474 0.003229 -0.019218
v 0.065987 0.002764 -0.019490
v 0.066496 0.003773 -0.019251
v 0.065998 0.002739 -0.019529
v 0.066052 0.002768 -0.019661
v 0.066583 0.003884 -0.019160
v 0.066341 0.002739 -0.019171
v 0.066085 0.002725 -0.019626
v 0.065999 0.003884 -0.019772
v 0.066301 0.002764 -0.019161
v 0.066054 0.003724 -0.019714
v 0.066442 0.002725 -0.019253
v 0.066528 0.003724 -0.019217
v 0.065971 0.003840 -0.019801
v 0.066369 0.002779 -0.019141
v 0.066611 0.003840 -0.019130
v 0.066474 0.002768 -0.019218
v 0.066054 0.003229 -0.019714
v 0.066528 0.003229 -0.019217
v 0.066326 0.002804 -0.019134
v 0.066528 0.002735 -0.019217
v 0.066054 0.002735 -0.019714
v 0.066611 0.003229 -0.019130
v 0.066496 0.002686 -0.019251
v 0.065971 0.003229 -0.019801
v 0.066611 0.002618 -0.019130
v 0.065971 0.002618 -0.019801
v 0.066589 0.003229 -0.019072
v 0.066583 0.002574 -0.019160
v 0.065999 0.002574 -0.019772
v 0.066589 0.002596 -0.019072
v 0.066086 0.002686 -0.019681
v 0.065911 0.003229 -0.019782
v 0.066458 0.003229 -0.018947
v 0.066458 0.002592 -0.018947
v 0.065943 0.002550 -0.019748
v 0.066449 0.003229 -0.018889
v 0.065911 0.002596 -0.019782
v 0.066449 0.002560 -0.018889
v 0.065781 0.003229 -0.019657
v 0.066557 0.002550 -0.019105
v 0.066423 0.002519 -0.018917
v 0.065911 0.003863 -0.019782
v 0.066429 0.002550 -0.018978
v 0.065781 0.002592 -0.019657
v 0.065749 0.002519 -0.019623
v 0.065722 0.003229 -0.019651
v 0.065810 0.002550 -0.019627
v 0.065722 0.002560 -0.019651
v 0.065781 0.003866 -0.019657
v 0.065722 0.003899 -0.019651
v 0.065810 0.003908 -0.019627
v 0.065749 0.003939 -0.019623
v 0.065943 0.003908 -0.019748
v 0.066429 0.003908 -0.018978
v 0.066423 0.003939 -0.018917
v 0.066458 0.003866 -0.018947
v 0.066557 0.003908 -0.019105
v 0.066449 0.003899 -0.018889
v 0.066589 0.003863 -0.019072
v 0.066326 0.003233 -0.019134
v 0.067963 0.003703 -0.017419
v 0.068277 0.003703 -0.017090
v 0.067937 0.003663 -0.017446
v 0.068302 0.003663 -0.017063
v 0.068302 0.003233 -0.017063
v 0.067937 0.003233 -0.017446
v 0.068302 0.002804 -0.017063
v 0.067937 0.002804 -0.017446
v 0.068277 0.002764 -0.017090
v 0.067963 0.002764 -0.017419
v 0.067963 0.003703 -0.017419
v 0.067937 0.003663 -0.017446
v 0.067974 0.003720 -0.017459
v 0.068277 0.003703 -0.017090
v 0.067946 0.003679 -0.017488
v 0.068317 0.003720 -0.017100
v 0.067946 0.003229 -0.017488
v 0.068302 0.003663 -0.017063
v 0.068418 0.003733 -0.017182
v 0.067937 0.003233 -0.017446
v 0.068061 0.003733 -0.017556
v 0.068345 0.003679 -0.017071
v 0.067937 0.002804 -0.017446
v 0.068345 0.003229 -0.017071
v 0.068028 0.003691 -0.017590
v 0.067946 0.002779 -0.017488
v 0.068451 0.003691 -0.017148
v 0.068062 0.003773 -0.017610
v 0.068028 0.003229 -0.017590
v 0.068451 0.003229 -0.017148
v 0.067963 0.002764 -0.017419
v 0.068472 0.003773 -0.017180
v 0.067974 0.002739 -0.017459
v 0.068028 0.002768 -0.017590
v 0.068559 0.003884 -0.017089
v 0.068317 0.002739 -0.017100
v 0.068061 0.002725 -0.017556
v 0.067975 0.003884 -0.017701
v 0.068277 0.002764 -0.017090
v 0.068030 0.003724 -0.017644
v 0.068418 0.002725 -0.017182
v 0.068504 0.003724 -0.017147
v 0.067947 0.003840 -0.017731
v 0.068345 0.002779 -0.017071
v 0.068587 0.003840 -0.017060
v 0.068451 0.002768 -0.017148
v 0.068030 0.003229 -0.017644
v 0.068504 0.003229 -0.017147
v 0.068302 0.002804 -0.017063
v 0.068504 0.002735 -0.017147
v 0.068030 0.002735 -0.017644
v 0.068587 0.003229 -0.017060
v 0.068472 0.002686 -0.017180
v 0.067947 0.003229 -0.017731
v 0.068587 0.002618 -0.017060
v 0.067947 0.002618 -0.017731
v 0.068565 0.003229 -0.017001
v 0.068559 0.002574 -0.017089
v 0.067975 0.002574 -0.017701
v 0.068565 0.002596 -0.017001
v 0.068062 0.002686 -0.017610
v 0.067887 0.003229 -0.017711
v 0.068435 0.003229 -0.016877
v 0.068435 0.002592 -0.016877
v 0.067919 0.002550 -0.017677
v 0.068425 0.003229 -0.016818
v 0.067887 0.002596 -0.017711
v 0.068425 0.002560 -0.016818
v 0.067757 0.003229 -0.017587
v 0.068533 0.002550 -0.017035
v 0.068399 0.002519 -0.016846
v 0.067887 0.003863 -0.017711
v 0.068405 0.002550 -0.016907
v 0.067757 0.002592 -0.017587
v 0.067725 0.002519 -0.017552
v 0.067698 0.003229 -0.017580
v 0.067786 0.002550 -0.017556
v 0.067698 0.002560 -0.017580
v 0.067757 0.003866 -0.017587
v 0.067698 0.003899 -0.017580
v 0.067786 0.003908 -0.017556
v 0.067725 0.003939 -0.017552
v 0.067919 0.003908 -0.017677
v 0.068405 0.003908 -0.016907
v 0.068399 0.003939 -0.016846
v 0.068435 0.003866 -0.016877
v 0.068533 0.003908 -0.017035
v 0.068425 0.003899 -0.016818
v 0.068565 0.003863 -0.017001
v 0.068302 0.003233 -0.017063
v 0.066674 0.001057 -0.017357
v 0.066561 0.000893 -0.017476
v 0.067468 0.001057 -0.018115
v 0.066715 0.001281 -0.017314
v 0.067355 0.000893 -0.018234
v 0.067509 0.001281 -0.018072
v 0.066406 0.000833 -0.017638
v 0.067468 0.001505 -0.018115
v 0.067200 0.000833 -0.018396
v 0.066674 0.001505 -0.017357
v 0.066251 0.000893 -0.017800
v 0.067355 0.001669 -0.018234
v 0.067045 0.000893 -0.018558
v 0.066561 0.001669 -0.017476
v 0.066138 0.001057 -0.017919
v 0.067200 0.001729 -0.018396
v 0.066932 0.001057 -0.018676
v 0.066406 0.001729 -0.017638
v 0.066097 0.001281 -0.017962
v 0.067045 0.001669 -0.018558
v 0.066891 0.001281 -0.018720
v 0.066251 0.001669 -0.017800
v 0.066138 0.001505 -0.017919
v 0.066932 0.001505 -0.018676
v 0.066225 0.001620 -0.017735
v 0.066495 0.001620 -0.017452
v 0.066360 0.001673 -0.017594
v 0.066406 0.001729 -0.017638
v 0.066561 0.001669 -0.017476
v 0.066251 0.001669 -0.017800
v 0.066674 0.001505 -0.017357
v 0.066126 0.001477 -0.017839
v 0.066594 0.001477 -0.017349
v 0.066138 0.001505 -0.017919
v 0.066715 0.001281 -0.017314
v 0.066090 0.001281 -0.017877
v 0.066630 0.001281 -0.017311
v 0.066097 0.001281 -0.017962
v 0.066674 0.001057 -0.017357
v 0.066126 0.001086 -0.017839
v 0.066594 0.001086 -0.017349
v 0.066138 0.001057 -0.017919
v 0.066561 0.000893 -0.017476
v 0.066225 0.000943 -0.017735
v 0.066495 0.000943 -0.017452
v 0.066251 0.000893 -0.017800
v 0.066406 0.000833 -0.017638
v 0.066360 0.000890 -0.017594
v 0.067398 0.001644 -0.018295
v 0.067109 0.001644 -0.018598
v 0.067253 0.001700 -0.018447
v 0.067200 0.001729 -0.018396
v 0.067045 0.001669 -0.018558
v 0.067355 0.001669 -0.018234
v 0.066932 0.001505 -0.018676
v 0.067504 0.001491 -0.018184
v 0.067003 0.001491 -0.018709
v 0.067468 0.001505 -0.018115
v 0.066891 0.001281 -0.018720
v 0.067543 0.001281 -0.018143
v 0.066964 0.001281 -0.018750
v 0.067509 0.001281 -0.018072
v 0.066932 0.001057 -0.018676
v 0.067504 0.001072 -0.018184
v 0.067003 0.001072 -0.018709
v 0.067468 0.001057 -0.018115
v 0.067045 0.000893 -0.018558
v 0.067398 0.000919 -0.018295
v 0.067109 0.000919 -0.018598
v 0.067355 0.000893 -0.018234
v 0.067200 0.000833 -0.018396
v 0.067253 0.000863 -0.018447
v 0.067966 0.004804 -0.018822
v 0.067974 0.004783 -0.018814
v 0.068001 0.004838 -0.018785
v 0.067950 0.004868 -0.018840
v 0.068020 0.004783 -0.018765
v 0.067950 0.004815 -0.018840
v 0.067974 0.004633 -0.018814
v 0.068020 0.004633 -0.018765
v 0.067713 0.004868 -0.019087
v 0.067713 0.004815 -0.019087
v 0.067697 0.004804 -0.019104
v 0.067661 0.004838 -0.019141
v 0.067689 0.004783 -0.019113
v 0.067642 0.004783 -0.019161
v 0.067689 0.004633 -0.019113
v 0.067642 0.004633 -0.019161
v 0.068052 0.004838 -0.018833
v 0.068016 0.004804 -0.018871
v 0.068000 0.004868 -0.018888
v 0.068024 0.004783 -0.018862
v 0.068000 0.004815 -0.018888
v 0.068071 0.004783 -0.018813
v 0.067764 0.004815 -0.019135
v 0.068071 0.004633 -0.018813
v 0.068024 0.004633 -0.018862
v 0.067764 0.004868 -0.019135
v 0.067748 0.004804 -0.019152
v 0.067712 0.004838 -0.019190
v 0.067739 0.004783 -0.019161
v 0.067693 0.004783 -0.019210
v 0.067693 0.004633 -0.019210
v 0.067739 0.004633 -0.019161
v 0.068071 0.004783 -0.018813
v 0.068020 0.004783 -0.018765
v 0.068071 0.004633 -0.018813
v 0.068052 0.004838 -0.018833
v 0.068020 0.004633 -0.018765
v 0.068001 0.004838 -0.018785
v 0.067950 0.004868 -0.018840
v 0.068000 0.004868 -0.018888
v 0.067713 0.004868 -0.019087
v 0.067764 0.004868 -0.019135
v 0.067661 0.004838 -0.019141
v 0.067712 0.004838 -0.019190
v 0.067693 0.004783 -0.019210
v 0.067642 0.004783 -0.019161
v 0.067642 0.004633 -0.019161
v 0.067693 0.004633 -0.019210
v 0.068016 0.004804 -0.018871
v 0.067966 0.004804 -0.018822
v 0.068000 0.004815 -0.018888
v 0.067950 0.004815 -0.018840
v 0.067764 0.004815 -0.019135
v 0.067713 0.004815 -0.019087
v 0.067748 0.004804 -0.019152
v 0.067950 0.004815 -0.018840
v 0.067697 0.004804 -0.019104
v 0.068016 0.004804 -0.018871
v 0.068024 0.004783 -0.018862
v 0.067974 0.004783 -0.018814
v 0.067974 0.004633 -0.018814
v 0.068024 0.004633 -0.018862
v 0.067697 0.004804 -0.019104
v 0.067689 0.004783 -0.019113
v 0.067748 0.004804 -0.019152
v 0.067739 0.004783 -0.019161
v 0.067739 0.004633 -0.019161
v 0.067689 0.004633 -0.019113
v 0.063737 0.002207 -0.012800
v 0.063744 0.002156 -0.012751
v 0.063494 0.002118 -0.012568
v 0.063542 0.002083 -0.012558
v 0.063744 0.000207 -0.012751
v 0.063542 0.000207 -0.012558
v 0.063504 0.000133 -0.012563
v 0.063741 0.000133 -0.012789
v 0.063541 0.002071 -0.012490
v 0.063492 0.002103 -0.012485
v 0.063542 0.002083 -0.012558
v 0.063736 0.002103 -0.012229
v 0.063494 0.002118 -0.012568
v 0.063743 0.002071 -0.012278
v 0.063542 0.000207 -0.012558
v 0.063812 0.002083 -0.012276
v 0.063541 0.000207 -0.012490
v 0.063819 0.002118 -0.012227
v 0.063504 0.000133 -0.012563
v 0.063743 0.000207 -0.012278
v 0.063812 0.000207 -0.012276
v 0.063502 0.000133 -0.012483
v 0.063815 0.000133 -0.012238
v 0.063734 0.000133 -0.012240
v 0.064062 0.002207 -0.012459
v 0.063819 0.002118 -0.012227
v 0.064013 0.002156 -0.012469
v 0.063812 0.002083 -0.012276
v 0.064013 0.000207 -0.012469
v 0.063812 0.000207 -0.012276
v 0.063815 0.000133 -0.012238
v 0.064052 0.000133 -0.012464
v 0.064064 0.002221 -0.012542
v 0.064062 0.002207 -0.012459
v 0.064015 0.002167 -0.012537
v 0.063812 0.002167 -0.012749
v 0.064013 0.002156 -0.012469
v 0.063820 0.002221 -0.012798
v 0.064015 0.000207 -0.012537
v 0.063737 0.002207 -0.012800
v 0.063812 0.000207 -0.012749
v 0.064013 0.000207 -0.012469
v 0.063744 0.002156 -0.012751
v 0.064052 0.000133 -0.012464
v 0.063821 0.000133 -0.012787
v 0.063744 0.000207 -0.012751
v 0.064054 0.000133 -0.012544
v 0.063741 0.000133 -0.012789
v 0.063703 0.002118 -0.012155
v 0.063703 0.002374 -0.012155
v 0.062283 0.002118 -0.013643
v 0.062317 0.002082 -0.013675
v 0.062283 0.002374 -0.013643
v 0.063737 0.002082 -0.012187
v 0.060863 0.002118 -0.015131
v 0.063772 0.002133 -0.012153
v 0.063321 0.002445 -0.014633
v 0.060897 0.002082 -0.015163
v 0.063772 0.002385 -0.012153
v 0.064741 0.002445 -0.013145
v 0.060865 0.002133 -0.015199
v 0.063737 0.002435 -0.012187
v 0.061900 0.002445 -0.016121
v 0.064774 0.002493 -0.013110
v 0.060863 0.002374 -0.015131
v 0.064774 0.002749 -0.013110
v 0.061867 0.002493 -0.016156
v 0.062317 0.002435 -0.013675
v 0.064800 0.002420 -0.013153
v 0.061912 0.002420 -0.016180
v 0.064741 0.002797 -0.013145
v 0.063356 0.002420 -0.014667
v 0.064851 0.002468 -0.013101
v 0.063321 0.002797 -0.014633
v 0.064851 0.002813 -0.013101
v 0.063356 0.002862 -0.014667
v 0.060897 0.002435 -0.015163
v 0.061868 0.002468 -0.016227
v 0.064812 0.002862 -0.013141
v 0.061900 0.002797 -0.016121
v 0.061867 0.002749 -0.016156
v 0.061900 0.002862 -0.016192
v 0.060865 0.002385 -0.015199
v 0.061868 0.002813 -0.016227
v 0.065184 0.009124 -0.016348
v 0.065402 0.009123 -0.016555
v 0.066219 0.008361 -0.015259
v 0.066152 0.008340 -0.015250
v 0.066565 0.008261 -0.015336
v 0.065151 0.009079 -0.016317
v 0.066562 0.008239 -0.015274
v 0.065439 0.009170 -0.016582
v 0.065343 0.009123 -0.016617
v 0.066221 0.008338 -0.015199
v 0.066656 0.008271 -0.015307
v 0.065125 0.009124 -0.016410
v 0.064005 0.008239 -0.012834
v 0.065372 0.009170 -0.016653
v 0.065092 0.009079 -0.016379
v 0.064089 0.008341 -0.013172
v 0.066849 0.008486 -0.015105
v 0.064094 0.008366 -0.017486
v 0.066653 0.008241 -0.015244
v 0.064180 0.008260 -0.017836
v 0.064031 0.008240 -0.012741
v 0.065439 0.009560 -0.016582
v 0.064154 0.008271 -0.017929
v 0.063968 0.008271 -0.012741
v 0.066844 0.008518 -0.015044
v 0.063962 0.008486 -0.018130
v 0.066846 0.008456 -0.015042
v 0.065402 0.009623 -0.016555
v 0.065372 0.009560 -0.016653
v 0.064224 0.008456 -0.012539
v 0.064091 0.008240 -0.017929
v 0.065343 0.009623 -0.016617
v 0.063899 0.008456 -0.018131
v 0.064222 0.008518 -0.012541
v 0.063900 0.008518 -0.018129
v 0.061276 0.008456 -0.015628
v 0.064160 0.008486 -0.012540
v 0.061469 0.008240 -0.015426
v 0.061278 0.008518 -0.015626
v 0.062751 0.009560 -0.014017
v 0.064117 0.008239 -0.017836
v 0.062751 0.009170 -0.014017
v 0.061274 0.008486 -0.015564
v 0.061561 0.008239 -0.015396
v 0.062684 0.009560 -0.014087
v 0.064029 0.008340 -0.017495
v 0.062683 0.009170 -0.014087
v 0.063943 0.008260 -0.012834
v 0.061466 0.008271 -0.015363
v 0.061903 0.008341 -0.015464
v 0.064027 0.008365 -0.013180
v 0.061557 0.008260 -0.015333
v 0.064010 0.008340 -0.017429
v 0.062779 0.009123 -0.014052
v 0.061908 0.008366 -0.015401
v 0.064074 0.008340 -0.017427
v 0.062994 0.009124 -0.014258
v 0.061962 0.008340 -0.015475
v 0.062720 0.009123 -0.014114
v 0.062935 0.009124 -0.014320
v 0.063027 0.009079 -0.014289
v 0.064039 0.008340 -0.013234
v 0.062968 0.009079 -0.014351
v 0.061961 0.008340 -0.015411
v 0.064103 0.008340 -0.013232
v 0.066151 0.008340 -0.015186
v 0.062721 0.009623 -0.014114
v 0.065343 0.009623 -0.016617
v 0.061278 0.008518 -0.015626
v 0.063900 0.008518 -0.018129
v 0.065402 0.009623 -0.016555
v 0.062779 0.009623 -0.014053
v 0.066844 0.008518 -0.015044
v 0.064222 0.008518 -0.012541
v 0.062779 0.009623 -0.014053
v 0.062721 0.009623 -0.014114
v 0.061961 0.008340 -0.015411
v 0.064039 0.008340 -0.013234
v 0.062968 0.009079 -0.014351
v 0.063027 0.009079 -0.014289
v 0.066152 0.008340 -0.015250
v 0.064074 0.008340 -0.017427
v 0.065151 0.009079 -0.016317
v 0.065092 0.009079 -0.016379
v 0.061961 0.005475 -0.015411
v 0.061961 0.006112 -0.015411
v 0.061962 0.005475 -0.015475
v 0.062310 0.006112 -0.015045
v 0.061962 0.006112 -0.015475
v 0.062342 0.006067 -0.015012
v 0.062294 0.006112 -0.015792
v 0.061961 0.007861 -0.015411
v 0.062405 0.006112 -0.015010
v 0.064039 0.005475 -0.013234
v 0.062327 0.006067 -0.015823
v 0.061962 0.007861 -0.015475
v 0.061880 0.005404 -0.015414
v 0.063659 0.006067 -0.013633
v 0.063645 0.006067 -0.017081
v 0.062374 0.006158 -0.015043
v 0.062359 0.006158 -0.015790
v 0.063690 0.006112 -0.013600
v 0.062518 0.006112 -0.015118
v 0.062392 0.006112 -0.015822
v 0.063659 0.006112 -0.013696
v 0.062487 0.006158 -0.015151
v 0.063644 0.006112 -0.017016
v 0.063772 0.006112 -0.013804
v 0.063677 0.006158 -0.017048
v 0.062487 0.007819 -0.015151
v 0.062521 0.006112 -0.015686
v 0.063691 0.006158 -0.013664
v 0.062374 0.007819 -0.015043
v 0.063773 0.006112 -0.016881
v 0.063691 0.007819 -0.013664
v 0.062518 0.007865 -0.015118
v 0.063806 0.006158 -0.016912
v 0.063803 0.006158 -0.013771
v 0.062405 0.007865 -0.015010
v 0.063806 0.007819 -0.016912
v 0.063803 0.007819 -0.013771
v 0.062310 0.007865 -0.015045
v 0.063677 0.007819 -0.017048
v 0.063690 0.007865 -0.013600
v 0.062342 0.007910 -0.015012
v 0.063678 0.006112 -0.017112
v 0.063772 0.007865 -0.013804
v 0.063659 0.007865 -0.013696
v 0.063678 0.007865 -0.017112
v 0.063659 0.007910 -0.013633
v 0.063773 0.007865 -0.016881
v 0.061961 0.008340 -0.015411
v 0.064039 0.008340 -0.013234
v 0.063644 0.007865 -0.017016
v 0.064010 0.007860 -0.017429
v 0.063645 0.007910 -0.017081
v 0.064010 0.008340 -0.017429
v 0.062392 0.007865 -0.015822
v 0.064074 0.007860 -0.017427
v 0.064074 0.008340 -0.017427
v 0.061962 0.008340 -0.015475
v 0.062521 0.007865 -0.015686
v 0.064423 0.007865 -0.017062
v 0.062327 0.007910 -0.015823
v 0.062489 0.007819 -0.015655
v 0.064455 0.007910 -0.017029
v 0.065771 0.007910 -0.015649
v 0.062359 0.007819 -0.015790
v 0.062294 0.007865 -0.015792
v 0.066152 0.008340 -0.015250
v 0.062489 0.006158 -0.015655
v 0.065708 0.007865 -0.015652
v 0.065803 0.007865 -0.015616
v 0.064454 0.007865 -0.016965
v 0.066152 0.007861 -0.015250
v 0.066151 0.008340 -0.015186
v 0.065739 0.007819 -0.015618
v 0.065595 0.007865 -0.015544
v 0.064422 0.007819 -0.016998
v 0.066151 0.007861 -0.015186
v 0.064422 0.006158 -0.016998
v 0.065819 0.007865 -0.014869
v 0.066152 0.006112 -0.015250
v 0.064341 0.007865 -0.016857
v 0.065786 0.007910 -0.014838
v 0.066151 0.006112 -0.015186
v 0.065626 0.007819 -0.015511
v 0.064468 0.007910 -0.013580
v 0.066151 0.005475 -0.015186
v 0.065819 0.006112 -0.014869
v 0.064103 0.008340 -0.013232
v 0.066152 0.005475 -0.015250
v 0.065754 0.007819 -0.014871
v 0.064435 0.007865 -0.013549
v 0.065803 0.006112 -0.015616
v 0.064470 0.007865 -0.013645
v 0.065754 0.006158 -0.014871
v 0.065771 0.006067 -0.015649
v 0.064437 0.007819 -0.013613
v 0.065786 0.006067 -0.014838
v 0.064074 0.005475 -0.017427
v 0.064437 0.006158 -0.013613
v 0.065721 0.006112 -0.014839
v 0.064455 0.006067 -0.017029
v 0.064435 0.006112 -0.013549
v 0.064468 0.006067 -0.013580
v 0.064423 0.006112 -0.017062
v 0.064103 0.007861 -0.013232
v 0.064470 0.006112 -0.013645
v 0.064074 0.006112 -0.017427
v 0.064103 0.005475 -0.013232
v 0.064010 0.005475 -0.017429
v 0.064340 0.006112 -0.013781
v 0.064103 0.006112 -0.013232
v 0.064010 0.006112 -0.017429
v 0.065592 0.006112 -0.014975
v 0.064039 0.006112 -0.013234
v 0.064307 0.006158 -0.013749
v 0.064038 0.005404 -0.013153
v 0.064039 0.007861 -0.013234
v 0.061881 0.005404 -0.015481
v 0.064009 0.005404 -0.017511
v 0.064075 0.005404 -0.017508
v 0.064105 0.005404 -0.013151
v 0.066232 0.005404 -0.015181
v 0.066233 0.005404 -0.015247
v 0.062518 0.006112 -0.015118
v 0.062551 0.006158 -0.015149
v 0.062487 0.006158 -0.015151
v 0.063772 0.006112 -0.013804
v 0.062551 0.007819 -0.015149
v 0.063805 0.006158 -0.013836
v 0.062487 0.007819 -0.015151
v 0.063803 0.006158 -0.013771
v 0.062518 0.007865 -0.015118
v 0.063805 0.007819 -0.013836
v 0.063803 0.007819 -0.013771
v 0.063772 0.007865 -0.013804
v 0.064454 0.006112 -0.016965
v 0.064341 0.006112 -0.016857
v 0.064310 0.006158 -0.016890
v 0.065595 0.006112 -0.015544
v 0.065708 0.006112 -0.015652
v 0.064310 0.007819 -0.016890
v 0.065739 0.006158 -0.015618
v 0.065626 0.006158 -0.015511
v 0.064341 0.006112 -0.016857
v 0.064310 0.006158 -0.016890
v 0.064308 0.006158 -0.016826
v 0.065562 0.006158 -0.015512
v 0.064310 0.007819 -0.016890
v 0.065595 0.006112 -0.015544
v 0.064308 0.007819 -0.016826
v 0.065626 0.006158 -0.015511
v 0.065562 0.007819 -0.015512
v 0.064341 0.007865 -0.016857
v 0.065626 0.007819 -0.015511
v 0.065595 0.007865 -0.015544
v 0.062521 0.006112 -0.015686
v 0.062489 0.006158 -0.015655
v 0.062553 0.006158 -0.015653
v 0.063773 0.006112 -0.016881
v 0.062489 0.007819 -0.015655
v 0.063805 0.006158 -0.016848
v 0.062553 0.007819 -0.015653
v 0.063806 0.006158 -0.016912
v 0.062521 0.007865 -0.015686
v 0.063805 0.007819 -0.016848
v 0.063806 0.007819 -0.016912
v 0.063773 0.007865 -0.016881
v 0.062553 0.006158 -0.015653
v 0.062553 0.007819 -0.015653
v 0.063805 0.006158 -0.016848
v 0.063805 0.007819 -0.016848
v 0.064340 0.006112 -0.013781
v 0.064308 0.006158 -0.013814
v 0.064307 0.006158 -0.013749
v 0.065592 0.006112 -0.014975
v 0.064307 0.007819 -0.013749
v 0.065560 0.006158 -0.015008
v 0.064308 0.007819 -0.013814
v 0.065625 0.006158 -0.015007
v 0.064340 0.007865 -0.013781
v 0.065560 0.007819 -0.015008
v 0.065625 0.007819 -0.015007
v 0.065592 0.007865 -0.014975
v 0.065625 0.006158 -0.015007
v 0.065625 0.007819 -0.015007
v 0.065592 0.007865 -0.014975
v 0.065721 0.007865 -0.014839
v 0.064340 0.007865 -0.013781
v 0.064307 0.007819 -0.013749
v 0.064308 0.006158 -0.013814
v 0.065560 0.006158 -0.015008
v 0.064308 0.007819 -0.013814
v 0.065560 0.007819 -0.015008
v 0.061908 0.008366 -0.015401
v 0.061903 0.008341 -0.015464
v 0.062028 0.004826 -0.015677
v 0.061978 0.004893 -0.015673
v 0.062029 0.004826 -0.015746
v 0.062294 0.004893 -0.015341
v 0.061980 0.004893 -0.015755
v 0.062302 0.004826 -0.015390
v 0.062028 0.000217 -0.015677
v 0.062370 0.004826 -0.015389
v 0.062029 0.000217 -0.015746
v 0.062302 0.000217 -0.015390
v 0.062377 0.004893 -0.015339
v 0.061991 0.000135 -0.015751
v 0.061989 0.000135 -0.015670
v 0.062370 0.000217 -0.015389
v 0.062293 0.000135 -0.015352
v 0.062373 0.000135 -0.015350
v 0.062377 0.004893 -0.015339
v 0.062370 0.004826 -0.015389
v 0.062508 0.004893 -0.015464
v 0.062485 0.004826 -0.015499
v 0.062552 0.004826 -0.015506
v 0.062370 0.000217 -0.015389
v 0.062485 0.000217 -0.015499
v 0.062585 0.004893 -0.015472
v 0.062502 0.000135 -0.015473
v 0.062552 0.000217 -0.015506
v 0.062373 0.000135 -0.015350
v 0.062577 0.000135 -0.015480
v 0.062145 0.000217 -0.015856
v 0.062155 0.000217 -0.015922
v 0.062120 0.000135 -0.015874
v 0.062155 0.004826 -0.015922
v 0.062131 0.000135 -0.015948
v 0.062145 0.004826 -0.015856
v 0.062029 0.000217 -0.015746
v 0.062111 0.004893 -0.015880
v 0.061991 0.000135 -0.015751
v 0.062122 0.004893 -0.015957
v 0.062029 0.004826 -0.015746
v 0.061980 0.004893 -0.015755
v 0.064048 0.004824 -0.013561
v 0.063999 0.004891 -0.013556
v 0.064050 0.004824 -0.013629
v 0.064315 0.004891 -0.013224
v 0.064001 0.004891 -0.013638
v 0.064322 0.004824 -0.013273
v 0.064048 0.000216 -0.013561
v 0.064391 0.004824 -0.013272
v 0.064050 0.000216 -0.013629
v 0.064322 0.000216 -0.013273
v 0.064398 0.004891 -0.013223
v 0.064011 0.000133 -0.013634
v 0.064010 0.000133 -0.013553
v 0.064391 0.000216 -0.013272
v 0.064313 0.000133 -0.013235
v 0.064394 0.000133 -0.013233
v 0.064398 0.004891 -0.013223
v 0.064391 0.004824 -0.013272
v 0.064529 0.004891 -0.013348
v 0.064506 0.004824 -0.013382
v 0.064573 0.004824 -0.013389
v 0.064391 0.000216 -0.013272
v 0.064506 0.000216 -0.013382
v 0.064606 0.004891 -0.013355
v 0.064522 0.000133 -0.013356
v 0.064573 0.000216 -0.013389
v 0.064394 0.000133 -0.013233
v 0.064597 0.000133 -0.013364
v 0.064165 0.000216 -0.013739
v 0.064175 0.000216 -0.013806
v 0.064140 0.000133 -0.013757
v 0.064175 0.004824 -0.013806
v 0.064151 0.000133 -0.013831
v 0.064165 0.004824 -0.013739
v 0.064050 0.000216 -0.013629
v 0.064132 0.004891 -0.013763
v 0.064011 0.000133 -0.013634
v 0.064143 0.004891 -0.013840
v 0.064050 0.004824 -0.013629
v 0.064001 0.004891 -0.013638
v 0.063570 0.007349 -0.014005
v 0.063386 0.007616 -0.014198
v 0.063462 0.007349 -0.013902
v 0.063529 0.006985 -0.013831
v 0.063278 0.007616 -0.014095
v 0.063637 0.006985 -0.013935
v 0.063134 0.007714 -0.014462
v 0.063462 0.006621 -0.013902
v 0.063642 0.007378 -0.014006
v 0.063026 0.007714 -0.014359
v 0.063570 0.006621 -0.014005
v 0.063715 0.006985 -0.013930
v 0.063444 0.007665 -0.014214
v 0.063278 0.006354 -0.014095
v 0.062883 0.007616 -0.014725
v 0.063386 0.006354 -0.014198
v 0.063642 0.006592 -0.014006
v 0.063173 0.007771 -0.014499
v 0.063026 0.006256 -0.014359
v 0.062774 0.007616 -0.014622
v 0.063444 0.006305 -0.014214
v 0.063134 0.006256 -0.014462
v 0.062902 0.007665 -0.014783
v 0.062698 0.007349 -0.014918
v 0.063173 0.006200 -0.014499
v 0.062774 0.006354 -0.014622
v 0.062590 0.007349 -0.014815
v 0.062902 0.006305 -0.014783
v 0.062883 0.006354 -0.014725
v 0.062703 0.007378 -0.014991
v 0.062631 0.006985 -0.014989
v 0.062590 0.006621 -0.014815
v 0.062523 0.006985 -0.014886
v 0.062703 0.006592 -0.014991
v 0.062698 0.006621 -0.014918
v 0.062630 0.006985 -0.015067
v 0.062754 0.007570 -0.014566
v 0.063220 0.007570 -0.014077
v 0.062987 0.007660 -0.014322
v 0.063391 0.007323 -0.013899
v 0.062584 0.007323 -0.014745
v 0.062521 0.006985 -0.014810
v 0.063453 0.006985 -0.013833
v 0.063391 0.006648 -0.013899
v 0.062584 0.006648 -0.014745
v 0.063220 0.006400 -0.014077
v 0.062754 0.006400 -0.014566
v 0.062987 0.006310 -0.014322
v 0.063462 0.007349 -0.013902
v 0.063391 0.007323 -0.013899
v 0.063529 0.006985 -0.013831
v 0.063453 0.006985 -0.013833
v 0.063462 0.006621 -0.013902
v 0.063391 0.006648 -0.013899
v 0.063278 0.006354 -0.014095
v 0.063220 0.006400 -0.014077
v 0.063026 0.006256 -0.014359
v 0.062987 0.006310 -0.014322
v 0.062774 0.006354 -0.014622
v 0.062754 0.006400 -0.014566
v 0.062590 0.006621 -0.014815
v 0.062584 0.006648 -0.014745
v 0.062523 0.006985 -0.014886
v 0.062521 0.006985 -0.014810
v 0.062590 0.007349 -0.014815
v 0.062584 0.007323 -0.014745
v 0.062774 0.007616 -0.014622
v 0.062754 0.007570 -0.014566
v 0.063026 0.007714 -0.014359
v 0.062987 0.007660 -0.014322
v 0.063278 0.007616 -0.014095
v 0.063220 0.007570 -0.014077
v 0.063462 0.007349 -0.013902
v 0.063391 0.007323 -0.013899
v 0.065165 0.004562 -0.011713
v 0.064953 0.004280 -0.011935
v 0.067532 0.004562 -0.013971
v 0.065103 0.004576 -0.011711
v 0.067320 0.004280 -0.014194
v 0.064892 0.004305 -0.011933
v 0.065137 0.004630 -0.011755
v 0.069495 0.004280 -0.016270
v 0.064028 0.004927 -0.012836
v 0.064962 0.004254 -0.011999
v 0.067503 0.004626 -0.014001
v 0.064904 0.004268 -0.011985
v 0.064018 0.005326 -0.012827
v 0.069710 0.004562 -0.016050
v 0.063965 0.004944 -0.012902
v 0.065054 0.004574 -0.012877
v 0.069669 0.004630 -0.016080
v 0.063955 0.005358 -0.012893
v 0.067291 0.004254 -0.014223
v 0.069714 0.004576 -0.016112
v 0.061627 0.004944 -0.015353
v 0.064050 0.004875 -0.012856
v 0.069502 0.004305 -0.016334
v 0.061661 0.004890 -0.015385
v 0.064558 0.004890 -0.013405
v 0.068667 0.004863 -0.017210
v 0.062156 0.004890 -0.015921
v 0.061616 0.005358 -0.015343
v 0.068670 0.005271 -0.017206
v 0.061584 0.004875 -0.015440
v 0.061554 0.005326 -0.015409
v 0.063999 0.004890 -0.012935
v 0.061564 0.004927 -0.015418
v 0.068653 0.005309 -0.017158
v 0.067445 0.006129 -0.018490
v 0.060517 0.004580 -0.016516
v 0.067408 0.006177 -0.018462
v 0.060702 0.004305 -0.016324
v 0.067371 0.006129 -0.018567
v 0.060563 0.004634 -0.016548
v 0.067445 0.005605 -0.018490
v 0.061588 0.005378 -0.015436
v 0.067371 0.005605 -0.018567
v 0.060707 0.004280 -0.016385
v 0.060522 0.004565 -0.016578
v 0.066145 0.005271 -0.019852
v 0.067409 0.005561 -0.018462
v 0.066097 0.005309 -0.019836
v 0.062889 0.004565 -0.018836
v 0.068619 0.004825 -0.017194
v 0.067342 0.006177 -0.018532
v 0.062917 0.004630 -0.018806
v 0.068175 0.004935 -0.017052
v 0.065095 0.004634 -0.020873
v 0.067120 0.005560 -0.018185
v 0.068764 0.004574 -0.016417
v 0.065067 0.004565 -0.020915
v 0.065129 0.004580 -0.020917
v 0.067051 0.005560 -0.018257
v 0.069446 0.004271 -0.016327
v 0.065249 0.004280 -0.020719
v 0.067341 0.005561 -0.018533
v 0.066149 0.004863 -0.019848
v 0.065313 0.004305 -0.020724
v 0.065304 0.004271 -0.020668
v 0.069436 0.004254 -0.016269
v 0.066131 0.004825 -0.019801
v 0.065245 0.004254 -0.020660
v 0.065968 0.004935 -0.019364
v 0.063073 0.004280 -0.018643
v 0.065361 0.004574 -0.019982
v 0.066897 0.004574 -0.014636
v 0.063102 0.004254 -0.018614
v 0.063495 0.004574 -0.018201
v 0.060771 0.004254 -0.016391
v 0.061652 0.004574 -0.016442
v 0.060754 0.004268 -0.016333
v 0.066450 0.005376 -0.015145
v 0.067503 0.004626 -0.014001
v 0.068653 0.005309 -0.017158
v 0.069669 0.004630 -0.016080
v 0.067503 0.004626 -0.014001
v 0.066450 0.005376 -0.015145
v 0.065137 0.004630 -0.011755
v 0.064047 0.005378 -0.012860
v 0.065200 0.005404 -0.016348
v 0.063987 0.005404 -0.012923
v 0.066333 0.005404 -0.015162
v 0.065126 0.005404 -0.016425
v 0.064047 0.005378 -0.012860
v 0.066450 0.005376 -0.015145
v 0.061648 0.005404 -0.015373
v 0.063994 0.005404 -0.017612
v 0.061588 0.005378 -0.015436
v 0.063983 0.005376 -0.017730
v 0.065233 0.006130 -0.016380
v 0.065233 0.005450 -0.016380
v 0.066254 0.005450 -0.015310
v 0.065263 0.006178 -0.016414
v 0.065200 0.005404 -0.016348
v 0.065160 0.006130 -0.016457
v 0.066450 0.005376 -0.015145
v 0.066333 0.005404 -0.015162
v 0.065196 0.006178 -0.016485
v 0.065159 0.005450 -0.016457
v 0.065126 0.005404 -0.016425
v 0.064139 0.005450 -0.017527
v 0.063983 0.005376 -0.017730
v 0.063994 0.005404 -0.017612
v 0.063987 0.005404 -0.012923
v 0.064047 0.005378 -0.012860
v 0.061648 0.005404 -0.015373
v 0.068653 0.005309 -0.017158
v 0.067408 0.006177 -0.018462
v 0.066450 0.005376 -0.015145
v 0.065263 0.006178 -0.016414
v 0.065095 0.004634 -0.020873
v 0.062917 0.004630 -0.018806
v 0.066097 0.005309 -0.019836
v 0.063983 0.005376 -0.017730
v 0.062917 0.004630 -0.018806
v 0.060563 0.004634 -0.016548
v 0.063983 0.005376 -0.017730
v 0.061588 0.005378 -0.015436
v 0.066097 0.005309 -0.019836
v 0.063983 0.005376 -0.017730
v 0.067342 0.006177 -0.018532
v 0.065196 0.006178 -0.016485
v 0.065196 0.006178 -0.016485
v 0.065263 0.006178 -0.016414
v 0.067342 0.006177 -0.018532
v 0.067408 0.006177 -0.018462
v 0.064532 0.007349 -0.016668
v 0.064716 0.007616 -0.016475
v 0.064640 0.007349 -0.016771
v 0.064572 0.006985 -0.016841
v 0.064824 0.007616 -0.016578
v 0.064464 0.006985 -0.016738
v 0.064967 0.007714 -0.016211
v 0.064640 0.006621 -0.016771
v 0.064459 0.007378 -0.016666
v 0.065075 0.007714 -0.016314
v 0.064532 0.006621 -0.016668
v 0.064386 0.006985 -0.016743
v 0.064658 0.007665 -0.016458
v 0.064824 0.006354 -0.016578
v 0.065219 0.007616 -0.015948
v 0.064716 0.006354 -0.016475
v 0.064459 0.006592 -0.016666
v 0.064929 0.007771 -0.016174
v 0.065075 0.006256 -0.016314
v 0.065327 0.007616 -0.016051
v 0.064658 0.006305 -0.016458
v 0.064967 0.006256 -0.016211
v 0.065200 0.007665 -0.015890
v 0.065403 0.007349 -0.015755
v 0.064929 0.006200 -0.016174
v 0.065327 0.006354 -0.016051
v 0.065511 0.007349 -0.015858
v 0.065200 0.006305 -0.015890
v 0.065219 0.006354 -0.015948
v 0.065398 0.007378 -0.015682
v 0.065470 0.006985 -0.015684
v 0.065511 0.006621 -0.015858
v 0.065578 0.006985 -0.015787
v 0.065398 0.006592 -0.015682
v 0.065403 0.006621 -0.015755
v 0.065471 0.006985 -0.015606
v 0.065347 0.007570 -0.016107
v 0.064881 0.007570 -0.016595
v 0.065114 0.007660 -0.016351
v 0.064710 0.007323 -0.016774
v 0.065518 0.007323 -0.015928
v 0.065580 0.006985 -0.015863
v 0.064648 0.006985 -0.016840
v 0.064710 0.006648 -0.016774
v 0.065518 0.006648 -0.015928
v 0.064881 0.006400 -0.016595
v 0.065347 0.006400 -0.016107
v 0.065114 0.006310 -0.016351
v 0.064640 0.007349 -0.016771
v 0.064710 0.007323 -0.016774
v 0.064572 0.006985 -0.016841
v 0.064648 0.006985 -0.016840
v 0.064640 0.006621 -0.016771
v 0.064710 0.006648 -0.016774
v 0.064824 0.006354 -0.016578
v 0.064881 0.006400 -0.016595
v 0.065075 0.006256 -0.016314
v 0.065114 0.006310 -0.016351
v 0.065327 0.006354 -0.016051
v 0.065347 0.006400 -0.016107
v 0.065511 0.006621 -0.015858
v 0.065518 0.006648 -0.015928
v 0.065578 0.006985 -0.015787
v 0.065580 0.006985 -0.015863
v 0.065511 0.007349 -0.015858
v 0.065518 0.007323 -0.015928
v 0.065327 0.007616 -0.016051
v 0.065347 0.007570 -0.016107
v 0.065075 0.007714 -0.016314
v 0.065114 0.007660 -0.016351
v 0.064824 0.007616 -0.016578
v 0.064881 0.007570 -0.016595
v 0.064640 0.007349 -0.016771
v 0.064710 0.007323 -0.016774
v 0.068175 0.005076 -0.019081
v 0.068062 0.005113 -0.019200
v 0.067223 0.005076 -0.018171
v 0.068188 0.005029 -0.019144
v 0.067109 0.005113 -0.018291
v 0.068109 0.005055 -0.019227
v 0.067197 0.005114 -0.018107
v 0.067970 0.005008 -0.019295
v 0.067054 0.005162 -0.018257
v 0.068046 0.004982 -0.019294
v 0.067018 0.005008 -0.018386
v 0.067970 0.004839 -0.019295
v 0.066940 0.005029 -0.018377
v 0.068046 0.004865 -0.019294
v 0.067018 0.004839 -0.018386
v 0.068062 0.004733 -0.019200
v 0.066940 0.004817 -0.018377
v 0.068109 0.004791 -0.019227
v 0.067109 0.004733 -0.018291
v 0.067054 0.004685 -0.018257
v 0.068175 0.004771 -0.019081
v 0.067197 0.004732 -0.018107
v 0.068188 0.004817 -0.019144
v 0.067223 0.004771 -0.018171
v 0.068226 0.004923 -0.019028
v 0.067260 0.004923 -0.018041
v 0.068224 0.004923 -0.019107
v 0.067273 0.004923 -0.018118
v 0.068175 0.005076 -0.019081
v 0.067223 0.005076 -0.018171
v 0.068188 0.005029 -0.019144
v 0.067197 0.005114 -0.018107
v 0.068188 0.005029 -0.019144
v 0.068046 0.004982 -0.019294
v 0.068109 0.005055 -0.019227
v 0.068046 0.004865 -0.019294
v 0.068224 0.004923 -0.019107
v 0.068188 0.004817 -0.019144
v 0.068109 0.004791 -0.019227
v 0.067665 0.003374 -0.019730
v 0.068615 0.003374 -0.018734
v 0.067074 0.003374 -0.019166
v 0.067051 0.003422 -0.019199
v 0.068025 0.003374 -0.018170
v 0.067633 0.003422 -0.019754
v 0.068638 0.003422 -0.018701
v 0.068056 0.003422 -0.018145
v 0.067690 0.004600 -0.019486
v 0.067704 0.003423 -0.019752
v 0.067760 0.004599 -0.019484
v 0.067665 0.003374 -0.019730
v 0.068639 0.003423 -0.018771
v 0.068373 0.004600 -0.018769
v 0.068615 0.003374 -0.018734
v 0.068375 0.004599 -0.018840
v 0.068329 0.004648 -0.018808
v 0.068000 0.004600 -0.018413
v 0.067964 0.004648 -0.018460
v 0.068375 0.004599 -0.018840
v 0.067361 0.004648 -0.019091
v 0.067726 0.004648 -0.019440
v 0.067760 0.004599 -0.019484
v 0.067690 0.004600 -0.019486
v 0.067316 0.004600 -0.019130
v 0.067051 0.003422 -0.019199
v 0.067050 0.003423 -0.019128
v 0.067074 0.003374 -0.019166
v 0.067315 0.004599 -0.019060
v 0.067986 0.003423 -0.018148
v 0.067361 0.004648 -0.019091
v 0.067930 0.004599 -0.018415
v 0.068025 0.003374 -0.018170
v 0.067964 0.004648 -0.018460
v 0.068000 0.004600 -0.018413
v 0.068056 0.003422 -0.018145
v 0.067316 0.004600 -0.019130
v 0.067690 0.004600 -0.019486
v 0.067051 0.003422 -0.019199
v 0.067633 0.003422 -0.019754
v 0.068638 0.003422 -0.018701
v 0.068373 0.004600 -0.018769
v 0.068056 0.003422 -0.018145
v 0.068000 0.004600 -0.018413
v 0.066913 0.001671 -0.018092
v 0.066803 0.001671 -0.018156
v 0.066913 0.004273 -0.018092
v 0.066803 0.004273 -0.018156
v 0.066684 0.001671 -0.018110
v 0.066684 0.004273 -0.018110
v 0.066646 0.001671 -0.017988
v 0.066646 0.004273 -0.017988
v 0.066718 0.001671 -0.017882
v 0.066718 0.004273 -0.017882
v 0.066845 0.001671 -0.017872
v 0.066845 0.004273 -0.017872
v 0.066932 0.001671 -0.017966
v 0.066932 0.004273 -0.017966
v 0.066913 0.001671 -0.018092
v 0.066913 0.004273 -0.018092
v 0.068847 0.000135 -0.016867
v 0.068820 0.000218 -0.016772
v 0.069185 0.000135 -0.016512
v 0.068783 0.000135 -0.016866
v 0.069097 0.000218 -0.016482
v 0.068758 0.000218 -0.016772
v 0.069189 0.000135 -0.016455
v 0.068820 0.002138 -0.016772
v 0.068662 0.000135 -0.016751
v 0.069100 0.000218 -0.016426
v 0.068758 0.002138 -0.016772
v 0.068640 0.000218 -0.016659
v 0.067081 0.000135 -0.014444
v 0.068820 0.004678 -0.016772
v 0.068640 0.002138 -0.016659
v 0.068594 0.000135 -0.016754
v 0.067054 0.000218 -0.014473
v 0.069097 0.004465 -0.016482
v 0.065044 0.000218 -0.012555
v 0.068672 0.000512 -0.016017
v 0.068758 0.004701 -0.016772
v 0.065012 0.000135 -0.012469
v 0.067054 0.000494 -0.014473
v 0.068640 0.004701 -0.016659
v 0.064967 0.000218 -0.012539
v 0.065492 0.000513 -0.012982
v 0.068615 0.000540 -0.016022
v 0.068574 0.002138 -0.016662
v 0.068655 0.000594 -0.016060
v 0.068574 0.004725 -0.016663
v 0.065049 0.002138 -0.012560
v 0.067024 0.000540 -0.014503
v 0.068711 0.000566 -0.016054
v 0.065439 0.000572 -0.012932
v 0.068530 0.000540 -0.016102
v 0.068718 0.002138 -0.016061
v 0.065446 0.000586 -0.012997
v 0.066948 0.000540 -0.014583
v 0.069094 0.002138 -0.016419
v 0.065439 0.002138 -0.012932
v 0.065481 0.000540 -0.013030
v 0.068718 0.004442 -0.016061
v 0.065057 0.004442 -0.012568
v 0.065446 0.002138 -0.012997
v 0.065403 0.000540 -0.013109
v 0.068655 0.002138 -0.016060
v 0.065375 0.000593 -0.013071
v 0.065392 0.000585 -0.013161
v 0.069093 0.004442 -0.016419
v 0.066917 0.000585 -0.014616
v 0.068656 0.004465 -0.016060
v 0.069097 0.002138 -0.016482
v 0.068476 0.000585 -0.016104
v 0.068579 0.002138 -0.016140
v 0.068570 0.000595 -0.016140
v 0.068515 0.000639 -0.016141
v 0.068515 0.002138 -0.016141
v 0.068577 0.004525 -0.016142
v 0.068515 0.004549 -0.016141
v 0.064967 0.002138 -0.012539
v 0.064966 0.004465 -0.012539
v 0.064689 0.002139 -0.012830
v 0.064689 0.004664 -0.012830
v 0.064692 0.002139 -0.012893
v 0.064689 0.000218 -0.012830
v 0.064693 0.004686 -0.012891
v 0.065438 0.004442 -0.012931
v 0.064932 0.000135 -0.012453
v 0.064845 0.004686 -0.013038
v 0.064594 0.000135 -0.012807
v 0.064845 0.002139 -0.013038
v 0.065449 0.004465 -0.013000
v 0.064597 0.000135 -0.012872
v 0.064845 0.000218 -0.013038
v 0.065375 0.002138 -0.013071
v 0.064692 0.000218 -0.012893
v 0.064845 0.002139 -0.013103
v 0.064754 0.000135 -0.013021
v 0.064845 0.004710 -0.013103
v 0.065372 0.004523 -0.013076
v 0.064845 0.000218 -0.013103
v 0.065372 0.000623 -0.013141
v 0.065377 0.002138 -0.013147
v 0.064754 0.000135 -0.013089
v 0.065377 0.004548 -0.013147
v 0.066917 0.002138 -0.014616
v 0.065377 0.002138 -0.013147
v 0.066917 0.000635 -0.014616
v 0.068515 0.000639 -0.016141
v 0.065372 0.000623 -0.013141
v 0.068515 0.002138 -0.016141
v 0.067507 0.004581 -0.017780
v 0.067086 0.004581 -0.018222
v 0.067086 0.005580 -0.018222
v 0.068574 0.004725 -0.016663
v 0.066665 0.004581 -0.018663
v 0.067544 0.004528 -0.017742
v 0.065598 0.004725 -0.019781
v 0.067841 0.002184 -0.017430
v 0.066628 0.004528 -0.018702
v 0.068574 0.002138 -0.016662
v 0.067544 0.002203 -0.017742
v 0.067557 0.002184 -0.017728
v 0.066331 0.002184 -0.019013
v 0.065598 0.002138 -0.019781
v 0.066628 0.002203 -0.018702
v 0.066615 0.002184 -0.018715
v 0.066917 0.002138 -0.014616
v 0.066917 0.004549 -0.014616
v 0.065377 0.002138 -0.013147
v 0.068515 0.002138 -0.016141
v 0.065377 0.004548 -0.013147
v 0.068515 0.004549 -0.016141
v 0.067944 0.000135 -0.017435
v 0.067891 0.000218 -0.017378
v 0.068594 0.000135 -0.016754
v 0.068574 0.000218 -0.016662
v 0.067891 0.002112 -0.017378
v 0.068574 0.002138 -0.016662
v 0.067841 0.002184 -0.017430
v 0.063357 0.002139 -0.014663
v 0.063947 0.002139 -0.014045
v 0.063357 0.004892 -0.014663
v 0.062767 0.002139 -0.015281
v 0.064558 0.004890 -0.013405
v 0.062156 0.004890 -0.015921
v 0.064845 0.002139 -0.013103
v 0.064845 0.004710 -0.013103
v 0.061869 0.002139 -0.016222
v 0.061869 0.004710 -0.016222
v 0.068574 0.000218 -0.016662
v 0.066917 0.000585 -0.014616
v 0.068476 0.000585 -0.016104
v 0.066917 0.000635 -0.014616
v 0.068515 0.000639 -0.016141
v 0.063357 0.001704 -0.014663
v 0.063947 0.001704 -0.014045
v 0.063357 0.002139 -0.014663
v 0.062767 0.001704 -0.015281
v 0.063947 0.002139 -0.014045
v 0.062767 0.002139 -0.015281
v 0.064845 0.002139 -0.013103
v 0.061869 0.002139 -0.016222
v 0.064845 0.000218 -0.013103
v 0.061869 0.000218 -0.016222
v 0.063947 0.000218 -0.014045
v 0.062767 0.000218 -0.015281
v 0.064754 0.000135 -0.013089
v 0.063892 0.000135 -0.013992
v 0.061850 0.000135 -0.016132
v 0.062712 0.000135 -0.015229
v 0.065372 0.000623 -0.013141
v 0.065392 0.000585 -0.013161
v 0.066917 0.000635 -0.014616
v 0.066917 0.000585 -0.014616
v 0.065442 0.000218 -0.020312
v 0.065719 0.000218 -0.020022
v 0.065477 0.000135 -0.020399
v 0.065419 0.000135 -0.020404
v 0.065815 0.000135 -0.020044
v 0.065386 0.000218 -0.020317
v 0.065811 0.000135 -0.019980
v 0.063312 0.000135 -0.018393
v 0.065442 0.002138 -0.020312
v 0.065716 0.000218 -0.019959
v 0.063340 0.000218 -0.018365
v 0.065380 0.002138 -0.020311
v 0.065719 0.002138 -0.020022
v 0.065690 0.000135 -0.019864
v 0.065379 0.004442 -0.020311
v 0.065716 0.002138 -0.019959
v 0.065598 0.000218 -0.019847
v 0.065004 0.004442 -0.019952
v 0.065442 0.004465 -0.020312
v 0.065690 0.000135 -0.019797
v 0.065004 0.002138 -0.019953
v 0.065598 0.000218 -0.019781
v 0.065719 0.004678 -0.020022
v 0.064997 0.000566 -0.019946
v 0.065598 0.002138 -0.019781
v 0.065000 0.002138 -0.019890
v 0.065716 0.004701 -0.019959
v 0.065598 0.002138 -0.019847
v 0.065000 0.000594 -0.019890
v 0.065598 0.004701 -0.019847
v 0.065076 0.000595 -0.019801
v 0.065598 0.004725 -0.019781
v 0.064958 0.000512 -0.019909
v 0.065076 0.002138 -0.019810
v 0.065000 0.004465 -0.019891
v 0.065074 0.000639 -0.019746
v 0.063340 0.000494 -0.018365
v 0.065074 0.002138 -0.019746
v 0.064960 0.000540 -0.019852
v 0.061777 0.000513 -0.016874
v 0.065078 0.004525 -0.019808
v 0.063369 0.000540 -0.018334
v 0.065074 0.004549 -0.019746
v 0.061825 0.000540 -0.016861
v 0.061330 0.000218 -0.016447
v 0.065036 0.000540 -0.019763
v 0.061791 0.000586 -0.016827
v 0.063445 0.000540 -0.018254
v 0.061242 0.000135 -0.016418
v 0.061725 0.000572 -0.016823
v 0.061311 0.000218 -0.016370
v 0.061900 0.000540 -0.016779
v 0.061725 0.002138 -0.016823
v 0.061223 0.000135 -0.016339
v 0.061861 0.000593 -0.016754
v 0.061335 0.002138 -0.016451
v 0.061790 0.002138 -0.016828
v 0.061952 0.000585 -0.016766
v 0.061588 0.000218 -0.016080
v 0.061561 0.000135 -0.015985
v 0.061861 0.002138 -0.016753
v 0.061725 0.004442 -0.016823
v 0.063476 0.000585 -0.018221
v 0.061625 0.000135 -0.015985
v 0.061793 0.004465 -0.016830
v 0.065036 0.000585 -0.019709
v 0.061651 0.000218 -0.016080
v 0.061343 0.004442 -0.016459
v 0.061866 0.004523 -0.016750
v 0.061782 0.000135 -0.016135
v 0.061588 0.002139 -0.016080
v 0.061937 0.002138 -0.016752
v 0.061311 0.002138 -0.016370
v 0.061803 0.000218 -0.016225
v 0.061931 0.000623 -0.016746
v 0.061937 0.004548 -0.016752
v 0.061311 0.004465 -0.016370
v 0.061850 0.000135 -0.016132
v 0.061588 0.004664 -0.016080
v 0.061651 0.002139 -0.016080
v 0.061869 0.000218 -0.016222
v 0.061650 0.004686 -0.016081
v 0.061803 0.002139 -0.016225
v 0.061803 0.004686 -0.016225
v 0.061869 0.002139 -0.016222
v 0.061869 0.004710 -0.016222
v 0.063476 0.002138 -0.018221
v 0.063476 0.000635 -0.018221
v 0.061937 0.002138 -0.016752
v 0.065074 0.000639 -0.019746
v 0.061931 0.000623 -0.016746
v 0.065074 0.002138 -0.019746
v 0.063476 0.002138 -0.018221
v 0.061937 0.002138 -0.016752
v 0.063476 0.004549 -0.018221
v 0.065074 0.002138 -0.019746
v 0.061937 0.004548 -0.016752
v 0.065074 0.004549 -0.019746
v 0.065598 0.000218 -0.019781
v 0.066281 0.000218 -0.019066
v 0.065690 0.000135 -0.019797
v 0.066281 0.002112 -0.019066
v 0.066340 0.000135 -0.019115
v 0.065598 0.002138 -0.019781
v 0.066331 0.002184 -0.019013
v 0.065074 0.000639 -0.019746
v 0.065036 0.000585 -0.019709
v 0.063476 0.000635 -0.018221
v 0.063476 0.000585 -0.018221
v 0.061931 0.000623 -0.016746
v 0.063476 0.000635 -0.018221
v 0.061952 0.000585 -0.016766
v 0.063476 0.000585 -0.018221
v 0.063966 0.001749 -0.014042
v 0.063361 0.001749 -0.014676
v 0.063914 0.001723 -0.014039
v 0.063939 0.001687 -0.014013
v 0.063332 0.001723 -0.014648
v 0.063989 0.001715 -0.014018
v 0.063824 0.001723 -0.013958
v 0.062750 0.001723 -0.015258
v 0.063852 0.001684 -0.013930
v 0.062756 0.001749 -0.015310
v 0.063245 0.001723 -0.014565
v 0.062726 0.001687 -0.015284
v 0.063777 0.001702 -0.013938
v 0.062666 0.001723 -0.015172
v 0.062733 0.001715 -0.015334
v 0.063210 0.001702 -0.014532
v 0.062639 0.001684 -0.015201
v 0.062643 0.001702 -0.015126
v 0.063210 0.001570 -0.014532
v 0.063674 0.001570 -0.014046
v 0.063674 0.001537 -0.014092
v 0.063777 0.001702 -0.013938
v 0.063233 0.001537 -0.014554
v 0.062746 0.001570 -0.015018
v 0.063701 0.001528 -0.014017
v 0.062793 0.001537 -0.015016
v 0.063702 0.001500 -0.014063
v 0.063801 0.001665 -0.013913
v 0.062643 0.001702 -0.015126
v 0.062765 0.001500 -0.015045
v 0.063824 0.001723 -0.013958
v 0.063801 0.001665 -0.013913
v 0.063800 0.000147 -0.013914
v 0.062719 0.001528 -0.015046
v 0.063852 0.001684 -0.013930
v 0.063702 0.000147 -0.014016
v 0.062620 0.001665 -0.015151
v 0.062666 0.001723 -0.015172
v 0.062639 0.001684 -0.015201
v 0.062620 0.001665 -0.015151
v 0.062621 0.000147 -0.015149
v 0.062718 0.000147 -0.015047
v 0.063674 0.001537 -0.014092
v 0.063233 0.001537 -0.014554
v 0.063767 0.001527 -0.014192
v 0.063792 0.001492 -0.014166
v 0.063702 0.001500 -0.014063
v 0.063332 0.001527 -0.014648
v 0.062896 0.001527 -0.015104
v 0.062793 0.001537 -0.015016
v 0.062872 0.001492 -0.015130
v 0.062765 0.001500 -0.015045
v 0.063702 0.001500 -0.014063
v 0.063792 0.001492 -0.014166
v 0.063702 0.000147 -0.014063
v 0.063702 0.000147 -0.014016
v 0.063792 0.000147 -0.014166
v 0.063701 0.001528 -0.014017
v 0.063989 0.001715 -0.014018
v 0.063939 0.001687 -0.014013
v 0.063989 0.000147 -0.014018
v 0.063939 0.000147 -0.014013
v 0.063852 0.001684 -0.013930
v 0.063852 0.000147 -0.013930
v 0.063801 0.001665 -0.013913
v 0.063800 0.000147 -0.013914
v 0.063347 0.001499 -0.014662
v 0.063347 0.001476 -0.014662
v 0.063769 0.001499 -0.014220
v 0.063332 0.001527 -0.014648
v 0.063784 0.001476 -0.014204
v 0.062924 0.001499 -0.015105
v 0.063767 0.001527 -0.014192
v 0.063347 0.000147 -0.014662
v 0.062909 0.001476 -0.015120
v 0.062896 0.001527 -0.015104
v 0.063792 0.001492 -0.014166
v 0.063784 0.000147 -0.014204
v 0.062872 0.001492 -0.015130
v 0.063792 0.000147 -0.014166
v 0.062909 0.000147 -0.015120
v 0.062872 0.000147 -0.015130
v 0.062872 0.000147 -0.015130
v 0.062872 0.001492 -0.015130
v 0.062765 0.000147 -0.015045
v 0.062765 0.001500 -0.015045
v 0.062718 0.000147 -0.015047
v 0.062719 0.001528 -0.015046
v 0.062726 0.000147 -0.015284
v 0.062726 0.001687 -0.015284
v 0.062733 0.000147 -0.015334
v 0.062639 0.001684 -0.015201
v 0.062733 0.001715 -0.015334
v 0.062639 0.000147 -0.015201
v 0.062620 0.001665 -0.015151
v 0.062621 0.000147 -0.015149
v 0.066422 0.004219 -0.017294
v 0.066422 0.001888 -0.017295
v 0.066275 0.004219 -0.017448
v 0.066486 0.001889 -0.017293
v 0.066275 0.001888 -0.017448
v 0.066486 0.004219 -0.017293
v 0.066455 0.004273 -0.017347
v 0.066275 0.001815 -0.017448
v 0.066484 0.001815 -0.017229
v 0.066314 0.004273 -0.017485
v 0.067414 0.001898 -0.018179
v 0.067233 0.004273 -0.018362
v 0.067411 0.004219 -0.018176
v 0.066275 0.000585 -0.017448
v 0.066183 0.004273 -0.017632
v 0.066522 0.001843 -0.017255
v 0.067374 0.004273 -0.018214
v 0.067092 0.004273 -0.018509
v 0.067458 0.001843 -0.018133
v 0.066760 0.001797 -0.016940
v 0.066129 0.004219 -0.017602
v 0.067055 0.004219 -0.018548
v 0.067734 0.001843 -0.017844
v 0.066760 0.000585 -0.016940
v 0.066130 0.004219 -0.017666
v 0.066815 0.001843 -0.016948
v 0.066130 0.001889 -0.017666
v 0.066308 0.000540 -0.017479
v 0.066848 0.001797 -0.016914
v 0.066129 0.001888 -0.017601
v 0.066783 0.001753 -0.016916
v 0.067776 0.001787 -0.017800
v 0.066066 0.001815 -0.017667
v 0.066783 0.000630 -0.016916
v 0.066848 0.000585 -0.016914
v 0.066094 0.001843 -0.017704
v 0.067776 0.000585 -0.017800
v 0.065791 0.001797 -0.017955
v 0.066816 0.000540 -0.016947
v 0.065791 0.000585 -0.017955
v 0.067059 0.001898 -0.018552
v 0.067015 0.001843 -0.018598
v 0.066739 0.001843 -0.018886
v 0.065767 0.001753 -0.017980
v 0.065801 0.001843 -0.018011
v 0.065767 0.000630 -0.017980
v 0.065769 0.001797 -0.018045
v 0.066697 0.001787 -0.018931
v 0.065769 0.000585 -0.018045
v 0.065800 0.000540 -0.018012
v 0.066697 0.000585 -0.018931
v 0.066729 0.000540 -0.018898
v 0.067086 0.000540 -0.018222
v 0.067237 0.000540 -0.018365
v 0.067745 0.000540 -0.017833
v 0.067270 0.000494 -0.018397
v 0.067790 0.000502 -0.017852
v 0.067270 0.000127 -0.018397
v 0.067745 0.000540 -0.017833
v 0.068021 0.000127 -0.017609
v 0.067237 0.000540 -0.018365
v 0.066749 0.000502 -0.018942
v 0.067831 0.000573 -0.017809
v 0.066729 0.000540 -0.018898
v 0.066518 0.000127 -0.019184
v 0.068017 0.002045 -0.017614
v 0.067776 0.000585 -0.017800
v 0.066709 0.000573 -0.018985
v 0.068010 0.000127 -0.017555
v 0.067839 0.001824 -0.017800
v 0.066522 0.002045 -0.019180
v 0.068010 0.002092 -0.017555
v 0.066697 0.000585 -0.018931
v 0.067776 0.001787 -0.017800
v 0.067969 0.002105 -0.017664
v 0.066697 0.001787 -0.018931
v 0.067893 0.002093 -0.017442
v 0.067797 0.001883 -0.017844
v 0.066700 0.001824 -0.018994
v 0.067861 0.002138 -0.017476
v 0.067734 0.001843 -0.017844
v 0.066742 0.001883 -0.018950
v 0.067893 0.000127 -0.017442
v 0.067718 0.002106 -0.017927
v 0.066570 0.002105 -0.019130
v 0.067891 0.000127 -0.017378
v 0.067526 0.001883 -0.018128
v 0.066822 0.002106 -0.018866
v 0.067891 0.002112 -0.017378
v 0.067695 0.002138 -0.017885
v 0.067013 0.001883 -0.018666
v 0.066778 0.002138 -0.018846
v 0.067841 0.002184 -0.017430
v 0.067663 0.002185 -0.017919
v 0.066810 0.002185 -0.018812
v 0.067978 0.002138 -0.017588
v 0.066495 0.002138 -0.019143
v 0.067557 0.002184 -0.017728
v 0.067577 0.002138 -0.017773
v 0.066377 0.002138 -0.019031
v 0.067545 0.002184 -0.017806
v 0.066463 0.002092 -0.019176
v 0.066661 0.002138 -0.018733
v 0.067544 0.002203 -0.017742
v 0.066463 0.000127 -0.019176
v 0.066693 0.002184 -0.018700
v 0.067545 0.004528 -0.017806
v 0.066615 0.002184 -0.018715
v 0.067663 0.004528 -0.017919
v 0.066345 0.002093 -0.019064
v 0.066345 0.000127 -0.019064
v 0.066810 0.004528 -0.018812
v 0.067664 0.004528 -0.017984
v 0.066281 0.000127 -0.019066
v 0.066875 0.004528 -0.018810
v 0.067668 0.002164 -0.017979
v 0.067610 0.004603 -0.017942
v 0.066281 0.002112 -0.019066
v 0.066693 0.004528 -0.018700
v 0.067479 0.004260 -0.018178
v 0.066331 0.002184 -0.019013
v 0.066831 0.004603 -0.018758
v 0.067478 0.001936 -0.018178
v 0.066912 0.004581 -0.018771
v 0.067411 0.004219 -0.018176
v 0.067233 0.004603 -0.018362
v 0.067442 0.004314 -0.018216
v 0.067458 0.001843 -0.018133
v 0.066713 0.004603 -0.018646
v 0.067414 0.001898 -0.018179
v 0.067627 0.004581 -0.018023
v 0.066628 0.004564 -0.018702
v 0.067270 0.004581 -0.018397
v 0.066657 0.004645 -0.018671
v 0.067097 0.004314 -0.018577
v 0.067086 0.004645 -0.018222
v 0.067060 0.004260 -0.018616
v 0.067109 0.004603 -0.018244
v 0.066871 0.002164 -0.018815
v 0.067492 0.004603 -0.017830
v 0.067055 0.004219 -0.018548
v 0.067092 0.004273 -0.018509
v 0.067061 0.001936 -0.018615
v 0.067544 0.004564 -0.017742
v 0.067270 0.004314 -0.018397
v 0.067515 0.004645 -0.017772
v 0.067233 0.004273 -0.018362
v 0.067086 0.004645 -0.018222
v 0.067374 0.004273 -0.018214
v 0.067015 0.001843 -0.018598
v 0.067059 0.001898 -0.018552
v 0.066739 0.001843 -0.018886
v 0.066628 0.002203 -0.018702
vn 0.4669 -0.7366 0.4893
vn 0.7235 -0.0000 -0.6904
vn 0.2977 0.9049 0.3040
vn -0.5041 -0.6832 -0.5284
vn -0.2951 0.9013 -0.3170
vn 0.7234 -0.0000 -0.6905
vn 0.2996 0.0022 0.9541
vn 0.9420 0.0004 0.3355
vn 0.2996 0.0026 0.9541
vn 0.2997 0.0026 0.9540
vn 0.9420 0.0027 0.3356
vn 0.2996 0.0033 0.9540
vn -0.0000 1.0000 -0.0001
vn 0.9548 0.0026 -0.2974
vn -0.3732 0.0030 0.9278
vn -0.0000 1.0000 -0.0000
vn 0.9548 0.0035 -0.2974
vn -0.3731 0.0026 0.9278
vn 0.7235 0.0016 -0.6903
vn -0.7349 0.0024 0.6782
vn 0.7234 -0.0000 -0.6904
vn 0.8599 0.0007 -0.5104
vn 0.8600 0.0006 -0.5103
vn -0.6128 0.5502 0.5672
vn 0.4597 0.0005 -0.8881
vn 0.4597 0.0004 -0.8881
vn 0.7234 0.0001 -0.6904
vn 0.7234 -0.0001 -0.6904
vn -0.6493 0.5292 0.5462
vn 0.3416 0.0028 -0.9398
vn -0.6900 -0.0001 -0.7238
vn 0.3980 0.5074 -0.7643
vn -0.9442 0.0025 0.3294
vn -0.6899 -0.0001 -0.7239
vn 0.7318 0.5208 -0.4395
vn 0.7318 0.5208 -0.4396
vn -0.9390 0.0026 -0.3440
vn -0.9442 0.0026 0.3294
vn -0.7612 0.0012 0.6485
vn -0.9390 0.0025 -0.3439
vn 0.3415 0.0027 -0.9399
vn -0.7612 0.0014 0.6485
vn -0.7349 0.0023 0.6782
vn -0.1185 -0.7007 -0.7036
vn -0.6904 -0.0000 -0.7235
vn -0.4738 -0.7772 -0.4141
vn -0.6904 -0.0000 -0.7234
vn -0.6390 0.3787 -0.6695
vn -0.7234 0.0001 0.6904
vn -0.5302 -0.8350 0.1473
vn -0.1720 -0.8350 0.5227
vn -0.4738 -0.7773 -0.4140
vn -0.7235 -0.0000 0.6904
vn 0.6904 -0.0000 0.7234
vn 0.3914 -0.7772 0.4926
vn -0.6389 0.3787 -0.6696
vn -0.7234 -0.0000 0.6904
vn -0.6605 0.4081 0.6303
vn 0.6390 0.3787 0.6695
vn -0.6604 0.4080 0.6303
vn 0.6973 -0.7007 0.1513
vn 0.3915 -0.7772 0.4926
vn 0.6904 -0.0000 0.7235
vn 0.6390 0.3787 0.6696
vn 0.6774 -0.6523 -0.3401
vn 0.6973 -0.7006 0.1512
vn 0.6904 0.0001 0.7234
vn 0.3714 -0.6523 -0.6607
vn -0.1184 -0.7007 -0.7036
vn -0.6904 0.0001 -0.7234
vn 0.6604 0.4080 -0.6303
vn 0.6605 0.4081 -0.6303
vn -0.7234 -0.0002 0.6904
vn -0.7234 -0.0001 0.6904
vn -0.7234 0.0002 0.6904
vn 0.5892 -0.0000 0.8080
vn -0.0760 -0.9945 0.0725
vn -0.0759 -0.9945 0.0725
vn 0.5891 -0.0000 0.8080
vn -0.7235 -0.0000 0.6903
vn -0.7796 -0.0000 -0.6263
vn -0.7796 -0.0000 -0.6262
vn -0.0001 1.0000 -0.0000
vn -0.0760 0.9945 0.0725
vn -0.6647 0.6946 0.2751
vn -0.3059 0.6946 0.6511
vn 0.6903 -0.0000 0.7235
vn 0.1069 -0.0000 0.9943
vn -0.0393 -0.2532 0.9666
vn -0.3059 -0.6947 0.6510
vn -0.0000 -1.0000 -0.0000
vn -0.6647 -0.6946 0.2751
vn -0.0000 -1.0000 -0.0001
vn -0.9674 -0.2532 -0.0060
vn -0.9882 -0.0000 -0.1533
vn -0.9674 0.2532 -0.0060
vn -0.0393 0.2532 0.9666
vn -0.7235 -0.0001 0.6904
vn -0.3059 0.6947 0.6511
vn -0.7235 0.0001 0.6904
vn 0.0001 -1.0000 -0.0000
vn -0.9674 -0.2532 -0.0059
vn -0.9882 -0.0000 -0.1532
vn -0.9674 0.2532 -0.0059
vn -0.6904 0.0002 -0.7234
vn -0.6904 -0.0001 -0.7234
vn -0.6904 -0.0002 -0.7234
vn -0.8080 -0.0000 0.5892
vn -0.0725 -0.9945 -0.0760
vn -0.0725 -0.9945 -0.0759
vn -0.6903 -0.0000 -0.7235
vn 0.6263 -0.0000 -0.7796
vn 0.6262 -0.0000 -0.7796
vn -0.0725 0.9945 -0.0760
vn -0.2751 0.6947 -0.6646
vn -0.6510 0.6947 -0.3059
vn -0.8080 -0.0000 0.5891
vn -0.9943 -0.0000 0.1069
vn -0.9666 -0.2532 -0.0393
vn -0.6510 -0.6947 -0.3059
vn -0.2751 -0.6947 -0.6647
vn 0.0059 -0.2532 -0.9674
vn 0.1532 -0.0000 -0.9882
vn 0.0059 0.2532 -0.9674
vn -0.9666 0.2532 -0.0393
vn -0.6904 -0.0001 -0.7235
vn -0.6511 0.6947 -0.3059
vn -0.0000 -1.0000 0.0001
vn -0.2751 -0.6946 -0.6647
vn -0.6905 -0.0000 -0.7234
vn -0.2751 0.6946 -0.6647
vn -0.6904 0.0001 -0.7235
vn -0.6511 0.6946 -0.3059
vn 0.6904 0.0002 0.7234
vn 0.6904 -0.0001 0.7234
vn 0.6904 -0.0002 0.7234
vn 0.0725 -0.9945 0.0760
vn -0.6263 -0.0000 0.7796
vn 0.0726 -0.9945 0.0760
vn 0.8080 -0.0000 -0.5892
vn 0.8080 -0.0000 -0.5891
vn 0.0726 0.9945 0.0760
vn -0.6263 -0.0001 0.7796
vn 0.0725 0.9945 0.0759
vn 0.0725 0.9945 0.0760
vn 0.6904 0.0001 0.7235
vn 0.7235 -0.0001 -0.6903
vn -0.1533 -0.0000 0.9882
vn -0.0060 -0.2532 0.9674
vn 0.2751 -0.6947 0.6647
vn -0.0001 -1.0000 -0.0000
vn 0.6510 -0.6947 0.3059
vn 0.9943 -0.0000 -0.1070
vn 0.9666 -0.2532 0.0392
vn 0.9666 0.2532 0.0392
vn 0.6511 0.6947 0.3059
vn 0.2751 0.6947 0.6646
vn -0.0059 0.2532 0.9674
vn 0.6904 -0.0001 0.7235
vn 0.6903 0.0001 0.7235
vn -0.0059 -0.2532 0.9674
vn 0.2751 -0.6947 0.6646
vn 0.6511 -0.6947 0.3059
vn 0.8080 0.0001 -0.5892
vn -0.6263 0.0001 0.7796
vn 0.7235 -0.0000 -0.6903
vn 0.7234 0.0002 -0.6904
vn 0.7234 -0.0002 -0.6904
vn 0.0760 -0.9945 -0.0725
vn 0.7796 -0.0000 0.6262
vn 0.7796 -0.0000 0.6263
vn -0.5892 -0.0001 -0.8080
vn -0.5891 -0.0000 -0.8080
vn -0.5892 -0.0000 -0.8080
vn 0.0760 0.9945 -0.0726
vn 0.0759 0.9945 -0.0725
vn 0.0760 0.9945 -0.0725
vn 0.7235 0.0001 -0.6903
vn 0.9882 -0.0000 0.1532
vn 0.9674 -0.2532 0.0059
vn 0.6646 -0.6947 -0.2751
vn 0.3059 -0.6947 -0.6511
vn -0.1069 -0.0000 -0.9943
vn 0.0393 -0.2532 -0.9666
vn 0.0393 0.2532 -0.9666
vn 0.3059 0.6947 -0.6511
vn 0.6646 0.6947 -0.2751
vn 0.9674 0.2532 0.0059
vn 0.7235 -0.0001 -0.6904
vn 0.7235 0.0001 -0.6904
vn 0.6646 -0.6947 -0.2752
vn 0.6646 0.6947 -0.2752
vn -0.0000 1.0000 0.0001
vn 0.6669 -0.2589 0.6988
vn 0.1787 -0.9659 0.1873
vn 0.6669 -0.2588 0.6988
vn -0.1787 -0.9659 -0.1872
vn 0.6668 0.2589 0.6988
vn 0.6669 0.2589 0.6988
vn -0.4882 -0.7071 -0.5115
vn 0.4882 0.7071 0.5115
vn -0.6669 -0.2589 -0.6988
vn 0.1787 0.9659 0.1872
vn -0.6669 0.2588 -0.6988
vn -0.1787 0.9659 -0.1873
vn -0.4882 0.7071 -0.5116
vn 0.4882 0.7071 0.5116
vn -0.1786 0.9659 -0.1872
vn 0.6669 0.2588 0.6988
vn -0.4881 0.7071 -0.5116
vn -0.6668 0.2588 -0.6988
vn -0.6669 -0.2588 -0.6988
vn 0.1787 -0.9659 0.1872
vn -0.4881 -0.7071 -0.5116
vn -0.1787 -0.9659 -0.1873
vn -0.1787 0.9659 -0.1872
vn 0.7235 0.0002 -0.6904
vn -0.6668 -0.2588 -0.6988
vn 0.6718 0.2308 0.7039
vn 0.6718 0.2307 0.7039
vn 0.4644 0.7399 0.4867
vn 0.4645 0.7398 0.4867
vn 0.1272 0.9829 0.1333
vn -0.1272 0.9829 -0.1333
vn -0.4645 0.7399 -0.4867
vn -0.6718 0.2307 -0.7039
vn -0.4692 -0.7335 -0.4917
vn -0.1558 -0.9742 -0.1632
vn 0.1557 -0.9742 0.1632
vn -0.1557 -0.9742 -0.1631
vn 0.4692 -0.7335 0.4917
vn -0.4693 -0.7335 -0.4917
vn -0.6662 -0.2625 -0.6981
vn -0.6662 -0.2626 -0.6980
vn 0.4693 -0.7335 0.4917
vn 0.6662 -0.2624 0.6981
vn 0.4693 -0.7335 0.4918
vn -0.6390 0.3786 -0.6696
vn -0.1720 -0.8350 0.5228
vn -0.4738 -0.7772 -0.4140
vn -0.6605 0.4080 0.6303
vn -0.6604 0.4080 0.6304
vn 0.6973 -0.7007 0.1512
vn 0.6389 0.3787 0.6696
vn 0.6605 0.4080 -0.6303
vn 0.1829 -0.9675 -0.1745
vn 0.1828 -0.9675 -0.1745
vn 0.1829 -0.9675 -0.1746
vn -0.1828 0.9675 0.1745
vn -0.1829 0.9675 0.1745
vn -0.2787 -0.7599 0.5872
vn -0.6066 -0.7597 0.2344
vn -0.3256 -0.8930 0.3107
vn -0.1695 -0.2898 0.9420
vn -0.2628 0.1891 0.9461
vn -0.5746 0.6076 0.5484
vn -0.9556 -0.2872 0.0663
vn -0.4941 0.4986 0.7122
vn -0.7426 0.4975 0.4484
vn -0.9684 0.1874 0.1647
vn -0.3214 -0.8908 -0.3212
vn -0.3213 -0.8908 -0.3212
vn 0.7233 -0.0171 -0.6903
vn -0.3316 -0.8770 -0.3476
vn 0.3053 -0.8908 0.3366
vn -0.3317 -0.8770 -0.3476
vn 0.4220 -0.7915 0.4421
vn 0.3054 -0.8908 0.3366
vn 0.3227 0.8840 0.3383
vn 0.4219 -0.7915 0.4421
vn 0.3228 0.8840 0.3383
vn -0.4219 -0.7915 -0.4422
vn -0.3228 0.8840 -0.3381
vn 0.3228 0.8840 0.3382
vn -0.3227 0.8841 -0.3381
vn -0.3227 0.8840 -0.3382
vn 0.3315 -0.8772 0.3473
vn -0.3058 -0.8908 -0.3361
vn 0.3221 -0.8908 0.3206
vn 0.3221 -0.8907 0.3207
vn 0.3221 -0.8907 0.3206
vn -0.7234 -0.0050 0.6904
vn -0.3227 0.8840 -0.3381
vn -0.7234 -0.0051 0.6904
vn -0.7235 -0.0051 0.6903
vn 0.7233 -0.0172 -0.6903
vn -0.6399 0.7165 0.2777
vn 0.0001 1.0000 -0.0000
vn 0.0002 1.0000 0.0003
vn -0.7237 -0.0000 0.6901
vn 0.0003 -1.0000 0.0002
vn 0.7232 -0.0000 -0.6906
vn 0.7235 0.0031 -0.6904
vn -0.0002 1.0000 -0.0003
vn -0.3073 0.7165 0.6262
vn -0.6195 0.7282 -0.2931
vn -0.2638 0.7282 -0.6325
vn 0.3072 0.7166 -0.6262
vn 0.2638 0.7282 0.6326
vn 0.6195 0.7282 0.2931
vn 0.6399 0.7165 -0.2777
vn 0.0001 1.0000 -0.0001
vn -0.7232 -0.0000 0.6906
vn -0.0003 -1.0000 -0.0002
vn 0.7237 -0.0000 -0.6901
vn 0.3222 -0.8907 0.3206
vn -0.7565 -0.5784 0.3053
vn -0.3403 -0.5784 0.7414
vn -0.7372 -0.5859 -0.3366
vn 0.3018 -0.5859 0.7521
vn -0.6390 0.3787 -0.6696
vn 0.3019 -0.5859 0.7521
vn 0.3524 -0.5221 0.7767
vn 0.0979 -0.2494 0.9634
vn 0.0856 -0.4831 0.8714
vn 0.3916 0.3461 0.8526
vn 0.1018 0.1605 0.9818
vn 0.0969 0.3169 0.9435
vn -0.9759 0.1605 -0.1475
vn -0.8333 0.3461 -0.4310
vn -0.9578 -0.2494 -0.1428
vn -0.9380 0.3169 -0.1409
vn -0.7594 -0.5221 -0.3883
vn -0.8665 -0.4830 -0.1262
vn -0.7372 -0.5859 -0.3367
vn 0.6390 0.3786 0.6696
vn 0.4009 -0.2730 0.8745
vn 0.4120 0.1763 0.8940
vn 0.0856 -0.4830 0.8714
vn -0.8737 0.1763 -0.4534
vn -0.8334 0.3461 -0.4310
vn -0.9380 0.3168 -0.1409
vn -0.8548 -0.2730 -0.4413
vn 0.1787 0.9659 0.1873
vn -0.1171 0.3427 0.9321
vn -0.0536 -0.0000 0.9986
vn -0.2902 0.5935 0.7507
vn 0.4881 -0.7072 0.5116
vn -0.4882 0.7071 -0.5115
vn 0.4882 -0.7071 0.5115
vn -0.1171 -0.3427 0.9321
vn -0.5268 0.6853 0.5028
vn -0.2902 -0.5935 0.7507
vn -0.7634 0.5936 0.2548
vn -0.5268 -0.6854 0.5027
vn -0.6668 0.2589 -0.6988
vn -0.7634 -0.5935 0.2548
vn -0.9366 0.3427 0.0734
vn -0.4882 -0.7071 -0.5116
vn -0.9366 -0.3427 0.0734
vn -1.0000 -0.0000 0.0070
vn 0.6669 0.2588 0.6987
vn -0.1786 -0.9659 -0.1873
vn -0.1786 0.9659 -0.1873
vn 0.4669 -0.7366 0.4892
vn 0.4669 -0.7367 0.4892
vn -0.7259 -0.0194 0.6875
vn -0.7259 -0.0195 0.6875
vn 0.2995 0.9009 0.3140
vn -0.7259 -0.0195 0.6876
vn -0.3375 -0.8724 -0.3536
vn 0.2995 0.9009 0.3141
vn -0.2758 -0.8942 -0.3527
vn -0.7259 -0.0194 0.6876
vn -0.7230 -0.0341 0.6900
vn 0.2978 0.9049 0.3040
vn -0.7230 -0.0340 0.6900
vn -0.3375 -0.8724 -0.3537
vn -0.1037 -0.9870 -0.1229
vn 0.1179 -0.9870 0.1093
vn 0.1180 -0.9870 0.1094
vn -0.7207 -0.0195 0.6930
vn 0.2977 0.9049 0.3041
vn -0.7206 -0.0196 0.6930
vn 0.2987 0.9043 0.3049
vn 0.2987 0.9044 0.3048
vn -0.7207 -0.0196 0.6930
vn -0.3049 0.8972 -0.3193
vn -0.5042 -0.6831 -0.5283
vn -0.5042 -0.6832 -0.5283
vn -0.2843 -0.9240 -0.2557
vn -0.2906 0.9043 -0.3127
vn -0.3446 -0.9102 -0.2297
vn -0.3050 0.8972 -0.3193
vn -0.3447 -0.9102 -0.2297
vn -0.2951 0.9013 -0.3171
vn 0.2422 -0.9240 0.2959
vn -0.5042 -0.6831 -0.5284
vn 0.2134 -0.9102 0.3550
vn -0.3503 -0.8817 -0.3161
vn 0.2993 -0.8817 0.3647
vn 0.2133 -0.9102 0.3550
vn -0.3375 -0.8723 -0.3537
vn 0.3375 -0.8724 0.3537
vn 0.3375 -0.8723 0.3537
vn 0.3375 -0.8724 0.3536
vn 0.3394 -0.8942 0.2920
vn 0.2988 0.9043 0.3048
vn 0.2987 0.9043 0.3048
vn 0.2997 0.9009 0.3141
vn 0.2988 0.9043 0.3049
vn -0.0001 1.0000 0.0001
vn 0.0002 1.0000 0.0002
vn -0.0002 1.0000 -0.0002
vn -0.3049 0.8973 -0.3193
vn -0.2905 0.9043 -0.3127
vn -0.7233 0.0005 0.6905
vn -0.7233 0.0004 0.6905
vn -0.7234 0.0004 0.6905
vn -0.7236 0.0005 0.6902
vn -0.7236 0.0005 0.6903
vn -0.7235 0.0004 0.6903
vn -0.2906 0.9043 -0.3126
vn 0.2996 0.9009 0.3140
vn -0.3050 0.8972 -0.3195
vn -0.3050 0.8973 -0.3193
vn -0.2905 0.9043 -0.3126
vn -0.6669 0.2589 -0.6988
vn 0.1171 0.3427 -0.9321
vn 0.1786 0.9659 0.1872
vn 0.0537 -0.0000 -0.9986
vn 0.2902 0.5935 -0.7507
vn -0.4882 -0.7072 -0.5114
vn 0.1171 -0.3427 -0.9321
vn 0.5269 0.6853 -0.5028
vn 0.2903 -0.5935 -0.7506
vn 0.7634 0.5935 -0.2549
vn 0.6668 0.2588 0.6988
vn 0.5269 -0.6853 -0.5028
vn 0.1788 -0.9659 0.1872
vn 0.7634 -0.5935 -0.2549
vn 0.9366 0.3427 -0.0734
vn 0.4882 -0.7071 0.5116
vn 0.9366 -0.3427 -0.0734
vn 1.0000 -0.0000 -0.0070
vn -0.6669 0.2588 -0.6987
vn 0.6668 -0.2588 0.6988
vn -0.6669 0.2589 -0.6987
vn 0.6220 0.4339 0.6518
vn -0.4305 0.7818 -0.4510
vn -0.4304 0.7818 -0.4510
vn 0.7821 0.6204 -0.0584
vn 0.3319 0.7638 -0.5535
vn -0.4305 -0.7818 -0.4510
vn -0.0211 0.3365 -0.9415
vn -0.4304 -0.7819 -0.4510
vn 0.1536 -0.9749 0.1610
vn -0.0211 -0.3364 -0.9415
vn 0.3319 -0.7638 -0.5535
vn 0.6220 -0.4339 0.6518
vn 0.7821 -0.6204 -0.0583
vn 0.9861 -0.0000 0.1662
vn 0.7821 0.6204 -0.0583
vn -0.6773 0.1938 -0.7097
vn 0.6773 0.1938 0.7097
vn -0.6774 0.1937 -0.7097
vn 0.7181 0.1216 -0.6853
vn 0.7180 0.1217 -0.6853
vn 0.7181 0.1217 -0.6852
vn 0.6773 0.1938 0.7098
vn 0.6773 0.1937 0.7098
vn 0.6773 0.1937 0.7097
vn 0.7181 0.1216 -0.6852
vn -0.6773 0.1937 -0.7097
vn -0.6773 0.1937 -0.7098
vn -0.7180 0.1216 0.6853
vn -0.7181 0.1217 0.6852
vn -0.7181 0.1216 0.6853
vn -0.7181 0.1216 0.6852
vn 0.8264 -0.0000 -0.5631
vn 0.0750 -0.0000 -0.9972
vn -0.7328 -0.0000 -0.6804
vn -0.7329 -0.0000 -0.6804
vn -0.9889 -0.0000 0.1487
vn -0.9889 -0.0000 0.1488
vn -0.5003 -0.0000 0.8659
vn 0.3650 -0.0000 0.9310
vn 0.9555 -0.0000 0.2951
vn 0.8264 -0.0000 -0.5630
vn 0.2601 0.7638 -0.5907
vn 0.6069 0.7491 -0.2657
vn -0.3104 0.6748 -0.6696
vn 0.6990 0.6334 0.3320
vn -0.2951 0.6741 -0.6772
vn 0.6210 0.4368 0.6508
vn 0.2882 0.7419 -0.6055
vn 0.6898 -0.0000 0.7240
vn 0.3984 0.5835 0.7077
vn -0.7036 0.0020 0.7106
vn 0.6904 0.0009 0.7234
vn 0.6905 0.0001 0.7233
vn 0.7143 -0.0011 -0.6998
vn -0.7237 -0.0001 0.6901
vn -0.6923 0.0006 -0.7216
vn 0.6906 -0.0006 0.7233
vn -0.1909 0.7481 0.6355
vn -0.6922 0.0004 -0.7217
vn -0.6026 0.7631 0.2335
vn -0.6561 0.6732 -0.3411
vn -0.6662 0.6696 -0.3285
vn 0.7143 -0.0011 -0.6999
vn -0.6244 0.7362 0.2611
vn 0.7234 0.0004 -0.6904
vn 0.5269 0.6852 -0.5029
vn 0.2882 0.7419 -0.6054
vn -0.6244 0.7362 0.2612
vn -0.5322 0.6774 0.5078
vn -0.2901 0.7362 0.6115
vn -0.5321 0.6774 0.5079
vn 0.2937 0.7491 -0.5938
vn -0.2989 0.6334 -0.7138
vn 0.6022 0.7638 -0.2322
vn 0.6543 0.6748 0.3414
vn -0.6210 0.4369 -0.6508
vn 0.6626 0.6741 0.3264
vn 0.6183 0.7419 -0.2596
vn -0.7427 0.0020 0.6696
vn -0.7427 0.0021 0.6697
vn -0.6883 0.5835 -0.4310
vn -0.6437 0.7481 0.1610
vn 0.7325 -0.0011 -0.6808
vn -0.2614 0.7631 0.5911
vn -0.6902 -0.0000 -0.7236
vn 0.3100 0.6732 0.6713
vn 0.7324 -0.0011 -0.6808
vn -0.6903 0.0001 -0.7236
vn 0.2970 0.6696 0.6808
vn -0.7232 -0.0000 0.6907
vn -0.2900 0.7362 0.6115
vn -0.7232 -0.0001 0.6907
vn 0.6885 0.0004 0.7253
vn 0.6885 0.0004 0.7252
vn 0.5269 0.6852 -0.5028
vn -0.3987 0.8344 0.3805
vn -0.0392 0.2532 0.9666
vn -0.6646 0.6947 0.2752
vn -0.9674 0.2533 -0.0059
vn -0.0538 -0.9972 0.0514
vn -0.0538 -0.9972 0.0513
vn -0.7242 0.0011 0.6896
vn -0.7550 -0.0000 -0.6558
vn 0.6198 -0.0001 0.7847
vn -0.7201 0.0051 0.6939
vn -0.0504 -0.9976 0.0476
vn -0.7549 -0.0000 -0.6558
vn -0.0556 -0.9971 0.0529
vn 0.6198 0.0001 0.7848
vn 0.6198 -0.0000 0.7848
vn 0.6904 -0.0004 0.7235
vn -0.0539 -0.9972 0.0513
vn -0.7549 -0.0001 -0.6558
vn 0.6198 -0.0000 0.7847
vn 0.0002 -1.0000 0.0001
vn 0.0016 -1.0000 -0.0016
vn 0.0024 -1.0000 -0.0021
vn 0.6910 -0.0000 0.7228
vn -0.0016 -1.0000 0.0017
vn 0.0001 -1.0000 0.0001
vn -0.0001 -1.0000 -0.0001
vn 0.6921 -0.0000 0.7218
vn -0.0001 -1.0000 -0.0002
vn 0.6888 -0.0000 0.7250
vn 0.6905 -0.0000 0.7234
vn 0.7235 0.0016 -0.6904
vn 0.9997 -0.0000 0.0234
vn 0.9642 0.2594 -0.0545
vn 0.7108 0.6264 -0.3201
vn 0.7102 0.6278 -0.3185
vn 0.9998 -0.0000 0.0206
vn -0.6904 0.0014 -0.7235
vn 0.3513 0.6277 -0.6947
vn 0.0234 -0.0000 -0.9997
vn 0.0995 0.2593 -0.9606
vn 0.3529 0.6264 -0.6951
vn 0.3485 0.3199 -0.8810
vn 0.6025 0.5442 -0.5838
vn 0.8963 0.3199 -0.3070
vn 0.6113 0.5442 -0.5745
vn 0.6113 0.5442 -0.5746
vn -0.0002 -1.0000 -0.0001
vn 0.0261 -0.0001 -0.9997
vt 0.363860 0.032703
vt 0.349414 0.017793
vt 0.346422 0.035792
vt 0.354550 0.024773
vt 0.337111 0.027862
vt 0.340104 0.009863
vt 0.482827 0.754711
vt 0.538786 0.754684
vt 0.482833 0.754712
vt 0.482023 0.754364
vt 0.538779 0.754684
vt 0.482020 0.754367
vt 0.538602 0.754527
vt 0.539580 0.754333
vt 0.481648 0.753655
vt 0.483011 0.754527
vt 0.539583 0.754336
vt 0.539397 0.754182
vt 0.481648 0.753649
vt 0.539971 0.753655
vt 0.481648 0.753649
vt 0.482204 0.754199
vt 0.539971 0.753649
vt 0.481832 0.753503
vt 0.539781 0.753503
vt 0.539971 0.753644
vt 0.483011 0.753503
vt 0.538602 0.753503
vt 0.539971 0.753649
vt 0.481648 0.753643
vt 0.539971 0.753469
vt 0.483011 0.753497
vt 0.539971 0.753474
vt 0.481832 0.753497
vt 0.538602 0.753498
vt 0.539971 0.753462
vt 0.483011 0.753323
vt 0.539971 0.753467
vt 0.481832 0.753323
vt 0.539781 0.753497
vt 0.539580 0.754146
vt 0.538602 0.753323
vt 0.539397 0.753994
vt 0.481832 0.753316
vt 0.539781 0.753316
vt 0.483011 0.753316
vt 0.538779 0.754497
vt 0.482204 0.754012
vt 0.538602 0.754340
vt 0.539781 0.753323
vt 0.481648 0.753462
vt 0.482833 0.754524
vt 0.481648 0.753469
vt 0.483011 0.754340
vt 0.482023 0.754177
vt 0.538602 0.753316
vt 0.482827 0.754524
vt 0.481648 0.753467
vt 0.538786 0.754497
vt 0.481648 0.753474
vt 0.482020 0.754179
vt 0.539583 0.754148
vt 0.323203 0.049198
vt 0.323203 0.044357
vt 0.334609 0.049198
vt 0.334609 0.044357
vt 0.323203 0.039517
vt 0.334609 0.039517
vt 0.334609 0.029836
vt 0.323203 0.029836
vt 0.338857 0.044357
vt 0.338857 0.049198
vt 0.336647 0.044277
vt 0.349888 0.049198
vt 0.336650 0.049198
vt 0.349888 0.044357
vt 0.336645 0.039357
vt 0.352092 0.044277
vt 0.338857 0.039517
vt 0.352095 0.049198
vt 0.336639 0.029515
vt 0.349888 0.039517
vt 0.352090 0.039356
vt 0.338857 0.029836
vt 0.352085 0.029515
vt 0.349888 0.029836
vt 0.365542 0.049198
vt 0.354136 0.049198
vt 0.365542 0.044357
vt 0.354136 0.044357
vt 0.365542 0.039517
vt 0.354136 0.039517
vt 0.354136 0.029836
vt 0.365542 0.029836
vt 0.343461 0.035195
vt 0.345668 0.035195
vt 0.343461 0.040036
vt 0.332430 0.040036
vt 0.345671 0.040116
vt 0.332430 0.035195
vt 0.343461 0.044876
vt 0.330223 0.035196
vt 0.332430 0.044876
vt 0.345674 0.045037
vt 0.330226 0.040116
vt 0.345679 0.054878
vt 0.332430 0.054557
vt 0.330228 0.045037
vt 0.343461 0.054557
vt 0.330234 0.054878
vt 0.435585 0.978076
vt 0.420072 0.962209
vt 0.625470 0.978076
vt 0.640984 0.962209
vt 0.640984 0.763963
vt 0.420072 0.763963
vt 0.640984 0.963652
vt 0.420072 0.963652
vt 0.625470 0.979518
vt 0.435585 0.979518
vt 0.331423 0.543184
vt 0.332664 0.542550
vt 0.333516 0.544737
vt 0.332977 0.545262
vt 0.334583 0.544088
vt 0.359668 0.545262
vt 0.330533 0.543627
vt 0.331423 0.525936
vt 0.358062 0.544088
vt 0.359130 0.544737
vt 0.330970 0.546779
vt 0.332664 0.526085
vt 0.328588 0.544891
vt 0.361675 0.546779
vt 0.359981 0.542550
vt 0.324454 0.551053
vt 0.368191 0.551053
vt 0.361222 0.543184
vt 0.322368 0.549364
vt 0.362112 0.543627
vt 0.361222 0.525936
vt 0.323376 0.551964
vt 0.364057 0.544891
vt 0.362112 0.525936
vt 0.320969 0.550217
vt 0.370278 0.549364
vt 0.323140 0.551964
vt 0.364057 0.525936
vt 0.369270 0.551964
vt 0.370278 0.525936
vt 0.361222 0.508688
vt 0.364057 0.506982
vt 0.359981 0.509619
vt 0.371676 0.550217
vt 0.362112 0.508245
vt 0.358062 0.508081
vt 0.369505 0.551964
vt 0.359130 0.507135
vt 0.359668 0.506610
vt 0.371676 0.550362
vt 0.321108 0.553155
vt 0.361675 0.505093
vt 0.371676 0.525936
vt 0.371537 0.553155
vt 0.333516 0.507135
vt 0.334583 0.508081
vt 0.332977 0.506610
vt 0.371676 0.501656
vt 0.331423 0.508688
vt 0.370278 0.502508
vt 0.371676 0.501510
vt 0.330533 0.508245
vt 0.373541 0.525936
vt 0.330970 0.505093
vt 0.373541 0.500270
vt 0.330533 0.525936
vt 0.371537 0.498717
vt 0.369505 0.499908
vt 0.332664 0.509619
vt 0.328588 0.525936
vt 0.321108 0.498717
vt 0.328588 0.506982
vt 0.323140 0.499908
vt 0.320969 0.501510
vt 0.323376 0.499908
vt 0.319104 0.500270
vt 0.369270 0.499908
vt 0.319104 0.525936
vt 0.324454 0.500820
vt 0.322368 0.525936
vt 0.320969 0.525936
vt 0.322368 0.502508
vt 0.320969 0.501656
vt 0.368191 0.500820
vt 0.320969 0.550362
vt 0.319104 0.551602
vt 0.359981 0.526085
vt 0.373541 0.551602
vt 0.370652 0.009524
vt 0.363452 0.009524
vt 0.370652 0.048864
vt 0.373287 0.009524
vt 0.363452 0.048864
vt 0.373287 0.048864
vt 0.353617 0.009524
vt 0.353617 0.048864
vt 0.343782 0.009524
vt 0.343782 0.048864
vt 0.336582 0.009524
vt 0.336582 0.048864
vt 0.333947 0.009524
vt 0.333947 0.048864
vt 0.335296 0.048623
vt 0.354837 0.048623
vt 0.345067 0.051241
vt 0.345067 0.054082
vt 0.356258 0.051083
vt 0.333875 0.051083
vt 0.364451 0.042890
vt 0.328143 0.041470
vt 0.361990 0.041470
vt 0.325682 0.042890
vt 0.367449 0.031699
vt 0.325525 0.031699
vt 0.364608 0.031699
vt 0.322684 0.031699
vt 0.364451 0.020507
vt 0.328143 0.021928
vt 0.361990 0.021928
vt 0.325682 0.020507
vt 0.356258 0.012315
vt 0.335296 0.014775
vt 0.354837 0.014775
vt 0.333875 0.012315
vt 0.345067 0.009316
vt 0.345067 0.012157
vt 0.355531 0.049823
vt 0.334603 0.049823
vt 0.345067 0.052627
vt 0.363191 0.042163
vt 0.326942 0.042163
vt 0.365995 0.031699
vt 0.324138 0.031699
vt 0.325682 0.020508
vt 0.363191 0.021235
vt 0.326942 0.021235
vt 0.364451 0.020508
vt 0.333875 0.012315
vt 0.355531 0.013575
vt 0.334603 0.013575
vt 0.356258 0.012315
vt 0.345067 0.009316
vt 0.345067 0.010771
vt 0.651038 0.664088
vt 0.648689 0.663321
vt 0.655097 0.660746
vt 0.658502 0.665614
vt 0.648689 0.658958
vt 0.652382 0.665614
vt 0.631111 0.663321
vt 0.631111 0.658958
vt 0.658502 0.687797
vt 0.652382 0.687797
vt 0.651038 0.689323
vt 0.655097 0.692664
vt 0.648689 0.690089
vt 0.648689 0.694453
vt 0.631111 0.690089
vt 0.631111 0.694453
vt 0.445784 0.662409
vt 0.449843 0.665751
vt 0.442379 0.667277
vt 0.452192 0.664984
vt 0.448499 0.667277
vt 0.452192 0.660620
vt 0.448499 0.689460
vt 0.469770 0.660620
vt 0.469770 0.664984
vt 0.442379 0.689460
vt 0.449843 0.690986
vt 0.445784 0.694327
vt 0.452192 0.691752
vt 0.452192 0.696116
vt 0.469770 0.696116
vt 0.469770 0.691752
vt 0.495712 0.664452
vt 0.487566 0.664452
vt 0.495712 0.654686
vt 0.495712 0.668012
vt 0.487566 0.654686
vt 0.487566 0.668012
vt 0.487566 0.672879
vt 0.495712 0.672879
vt 0.487566 0.695062
vt 0.495712 0.695062
vt 0.487566 0.699930
vt 0.495712 0.699930
vt 0.495712 0.703490
vt 0.487566 0.703490
vt 0.487566 0.713255
vt 0.495712 0.713255
vt 0.448499 0.665751
vt 0.455599 0.727174
vt 0.455599 0.727921
vt 0.448499 0.690986
vt 0.652382 0.689323
vt 0.447454 0.727174
vt 0.447454 0.725869
vt 0.455599 0.725869
vt 0.455599 0.716104
vt 0.447454 0.716104
vt 0.459126 0.727174
vt 0.459126 0.725869
vt 0.467271 0.727174
vt 0.467271 0.725869
vt 0.467271 0.716104
vt 0.459126 0.716104
vt 0.397322 0.137667
vt 0.397322 0.501331
vt 0.395539 0.501331
vt 0.395539 0.137667
vt 0.397321 0.138177
vt 0.395478 0.133009
vt 0.290197 0.501331
vt 0.395539 0.138177
vt 0.290197 0.137667
vt 0.395478 0.133518
vt 0.290197 0.138177
vt 0.290193 0.133009
vt 0.290193 0.133518
vt 0.288319 0.134298
vt 0.288319 0.134807
vt 0.288319 0.501331
vt 0.288319 0.127266
vt 0.288319 0.501331
vt 0.288319 0.128628
vt 0.288319 0.132689
vt 0.288319 0.133199
vt 0.349942 0.059779
vt 0.349945 0.061807
vt 0.358766 0.059758
vt 0.358532 0.059387
vt 0.359842 0.061807
vt 0.349943 0.059472
vt 0.360092 0.061499
vt 0.349980 0.062115
vt 0.349443 0.061807
vt 0.359032 0.059484
vt 0.360336 0.062115
vt 0.349439 0.059779
vt 0.360092 0.037649
vt 0.349409 0.062115
vt 0.349438 0.059472
vt 0.358998 0.039634
vt 0.361973 0.062115
vt 0.340684 0.059759
vt 0.360592 0.061807
vt 0.339544 0.061807
vt 0.360592 0.037341
vt 0.349981 0.062115
vt 0.339050 0.062115
vt 0.360336 0.037033
vt 0.362218 0.061807
vt 0.337413 0.062115
vt 0.362233 0.061807
vt 0.349944 0.061807
vt 0.349410 0.062115
vt 0.362233 0.037341
vt 0.338793 0.061807
vt 0.349447 0.061807
vt 0.337152 0.061807
vt 0.362218 0.037341
vt 0.337168 0.061807
vt 0.337152 0.037341
vt 0.361973 0.037033
vt 0.338793 0.037341
vt 0.337168 0.037341
vt 0.349981 0.037033
vt 0.339293 0.061499
vt 0.349980 0.037033
vt 0.337413 0.037033
vt 0.339293 0.037649
vt 0.349410 0.037033
vt 0.340386 0.059481
vt 0.349409 0.037033
vt 0.359842 0.037341
vt 0.339050 0.037033
vt 0.340393 0.039634
vt 0.358714 0.039366
vt 0.339544 0.037341
vt 0.340586 0.059085
vt 0.349945 0.037341
vt 0.340681 0.039366
vt 0.340854 0.059387
vt 0.349942 0.039346
vt 0.340586 0.039979
vt 0.349443 0.037341
vt 0.349439 0.039346
vt 0.349943 0.039653
vt 0.358532 0.039678
vt 0.349438 0.039653
vt 0.340854 0.039678
vt 0.358800 0.039979
vt 0.358800 0.059085
vt 0.004665 0.995695
vt 0.004665 0.539575
vt 0.397161 0.995695
vt 0.397161 0.539575
vt 0.349944 0.037341
vt 0.349447 0.037341
vt 0.584404 0.083483
vt 0.983574 0.083483
vt 0.778231 0.224314
vt 0.789626 0.224316
vt 0.789626 0.224320
vt 0.778231 0.224318
vt 0.329107 0.030364
vt 0.329107 0.035480
vt 0.328689 0.030364
vt 0.333740 0.035480
vt 0.328689 0.035480
vt 0.334158 0.035114
vt 0.328689 0.035480
vt 0.329107 0.049523
vt 0.334576 0.035480
vt 0.356686 0.030364
vt 0.328689 0.035114
vt 0.328689 0.049523
vt 0.328574 0.029793
vt 0.351635 0.035114
vt 0.334158 0.035846
vt 0.329107 0.035846
vt 0.352053 0.035480
vt 0.329108 0.035480
vt 0.351217 0.035480
vt 0.334158 0.049187
vt 0.330827 0.035480
vt 0.351635 0.035846
vt 0.351635 0.049187
vt 0.334576 0.049553
vt 0.330828 0.035846
vt 0.330828 0.049188
vt 0.333740 0.049554
vt 0.329107 0.049188
vt 0.352053 0.049554
vt 0.334158 0.049920
vt 0.351217 0.049553
vt 0.328689 0.049554
vt 0.351635 0.049920
vt 0.330827 0.049554
vt 0.329107 0.053368
vt 0.356686 0.053368
vt 0.329108 0.049554
vt 0.328689 0.049520
vt 0.328689 0.049920
vt 0.328689 0.053368
vt 0.329107 0.049520
vt 0.356686 0.049523
vt 0.357104 0.053368
vt 0.357104 0.049523
vt 0.357104 0.049554
vt 0.356686 0.035480
vt 0.357104 0.049920
vt 0.357104 0.035480
vt 0.357104 0.030364
vt 0.357104 0.035480
vt 0.356686 0.049188
vt 0.356685 0.049554
vt 0.356686 0.035846
vt 0.357104 0.035114
vt 0.356685 0.035480
vt 0.357104 0.049524
vt 0.354966 0.035480
vt 0.354965 0.035846
vt 0.357219 0.029793
vt 0.356686 0.049524
vt 0.328140 0.029793
vt 0.357653 0.029793
vt 0.425426 0.099053
vt 0.425426 0.107700
vt 0.418827 0.107700
vt 0.688357 0.099053
vt 0.425426 0.422853
vt 0.688357 0.107700
vt 0.418827 0.422853
vt 0.694957 0.107700
vt 0.425426 0.431500
vt 0.688357 0.422853
vt 0.694957 0.422853
vt 0.688357 0.431500
vt 0.784577 1.356445
vt 0.780382 1.361943
vt 0.784577 1.361943
vt 0.951755 1.361943
vt 0.780382 1.562325
vt 0.951755 1.356445
vt 0.784577 1.562324
vt 0.955951 1.361943
vt 0.951755 1.562324
vt 0.784577 1.567822
vt 0.955951 1.562324
vt 0.951755 1.567822
vt 0.455735 1.050432
vt 0.455739 1.053972
vt 0.458441 1.053972
vt 0.455739 1.183006
vt 0.458441 1.183006
vt 0.455735 1.186546
vt 0.727867 0.348300
vt 0.727867 0.637851
vt 0.438315 0.348300
vt 0.438315 0.637851
vt 0.611882 1.050432
vt 0.609177 1.053972
vt 0.611879 1.053972
vt 0.611879 1.183006
vt 0.609177 1.183006
vt 0.611882 1.186546
vt 0.354965 0.049188
vt 0.354966 0.049554
vt 0.412778 0.628666
vt 0.766389 0.628666
vt 0.412778 0.268042
vt 0.766389 0.268042
vt 0.328837 0.053580
vt 0.328387 0.053380
vt 0.345036 0.045007
vt 0.345036 0.049847
vt 0.342826 0.044927
vt 0.356067 0.049847
vt 0.342829 0.049847
vt 0.356067 0.045007
vt 0.345036 0.040166
vt 0.358271 0.044927
vt 0.342823 0.040006
vt 0.356067 0.040166
vt 0.358274 0.049847
vt 0.342818 0.030165
vt 0.345036 0.030485
vt 0.358268 0.040006
vt 0.356067 0.030485
vt 0.358263 0.030165
vt 0.360315 0.049847
vt 0.360315 0.045007
vt 0.364592 0.049847
vt 0.364592 0.045007
vt 0.366018 0.045007
vt 0.360315 0.040166
vt 0.364592 0.040166
vt 0.366018 0.049847
vt 0.364592 0.030485
vt 0.366018 0.040166
vt 0.360315 0.030485
vt 0.366018 0.030485
vt 0.336511 0.040166
vt 0.335085 0.040166
vt 0.336511 0.030485
vt 0.335085 0.045007
vt 0.335085 0.030485
vt 0.336511 0.045007
vt 0.340788 0.040166
vt 0.336511 0.049847
vt 0.340788 0.030485
vt 0.335085 0.049847
vt 0.340788 0.045007
vt 0.340788 0.049847
vt 0.517894 0.710224
vt 0.514915 0.710224
vt 0.517894 0.697304
vt 0.518984 0.697304
vt 0.514915 0.697304
vt 0.518984 0.710224
vt 0.510846 0.710224
vt 0.518443 0.714848
vt 0.510846 0.697304
vt 0.519618 0.714848
vt 0.515232 0.714848
vt 0.506777 0.710224
vt 0.510846 0.714848
vt 0.506777 0.697304
vt 0.515232 0.714848
vt 0.506460 0.714848
vt 0.503799 0.710224
vt 0.510846 0.714848
vt 0.503799 0.697304
vt 0.506460 0.714848
vt 0.503249 0.714848
vt 0.502708 0.710224
vt 0.502708 0.697304
vt 0.502074 0.714848
vt 0.762357 0.952744
vt 0.902630 0.952744
vt 0.832493 0.971537
vt 0.953974 0.901401
vt 0.711013 0.901401
vt 0.692220 0.831264
vt 0.972767 0.831264
vt 0.953974 0.761127
vt 0.711013 0.761127
vt 0.902630 0.709784
vt 0.762357 0.709783
vt 0.832493 0.690990
vt 0.922197 0.806891
vt 0.922051 0.814768
vt 0.918224 0.806891
vt 0.918369 0.814768
vt 0.914250 0.806891
vt 0.914104 0.814768
vt 0.910277 0.806891
vt 0.910131 0.814768
vt 0.906303 0.806891
vt 0.906157 0.814768
vt 0.902330 0.806891
vt 0.902184 0.814768
vt 0.898356 0.806891
vt 0.898211 0.814768
vt 0.894383 0.806891
vt 0.894237 0.814768
vt 0.890409 0.806891
vt 0.890264 0.814768
vt 0.886436 0.806891
vt 0.886290 0.814768
vt 0.882463 0.806891
vt 0.882317 0.814768
vt 0.878489 0.806891
vt 0.878343 0.814768
vt 0.874516 0.806891
vt 0.874661 0.814768
vt 0.383696 0.030950
vt 0.383251 0.030950
vt 0.383696 0.039933
vt 0.383636 0.030823
vt 0.383251 0.039934
vt 0.383192 0.030825
vt 0.383624 0.030975
vt 0.383251 0.048190
vt 0.381381 0.030821
vt 0.383193 0.031090
vt 0.383636 0.039933
vt 0.383150 0.030947
vt 0.381381 0.030783
vt 0.383696 0.048200
vt 0.381248 0.030821
vt 0.382365 0.032936
vt 0.383636 0.048149
vt 0.381248 0.030782
vt 0.383192 0.039934
vt 0.383636 0.048326
vt 0.376339 0.030821
vt 0.381382 0.030903
vt 0.383191 0.048326
vt 0.376339 0.030950
vt 0.381314 0.032951
vt 0.381437 0.048326
vt 0.376273 0.032951
vt 0.376339 0.030782
vt 0.381444 0.048326
vt 0.376206 0.030903
vt 0.376207 0.030783
vt 0.381248 0.030950
vt 0.376207 0.030821
vt 0.381476 0.048201
vt 0.378871 0.048326
vt 0.374010 0.030823
vt 0.378864 0.048201
vt 0.374396 0.030825
vt 0.378717 0.048326
vt 0.374022 0.030975
vt 0.378871 0.048326
vt 0.376213 0.030904
vt 0.374337 0.030950
vt 0.373950 0.030950
vt 0.376144 0.048326
vt 0.378865 0.048201
vt 0.376111 0.048201
vt 0.373950 0.039933
vt 0.381406 0.048202
vt 0.378724 0.048201
vt 0.374010 0.039933
vt 0.381110 0.047050
vt 0.374010 0.048149
vt 0.378866 0.047104
vt 0.382365 0.047016
vt 0.373950 0.048200
vt 0.374010 0.048326
vt 0.378722 0.047104
vt 0.383142 0.048203
vt 0.374337 0.048190
vt 0.378722 0.048201
vt 0.376151 0.048326
vt 0.374397 0.048326
vt 0.374446 0.048203
vt 0.383192 0.048071
vt 0.376182 0.048202
vt 0.374395 0.048071
vt 0.376478 0.047050
vt 0.374337 0.039934
vt 0.375223 0.047016
vt 0.382365 0.039932
vt 0.374396 0.039934
vt 0.375223 0.039932
vt 0.374395 0.031090
vt 0.375223 0.032936
vt 0.374438 0.030947
vt 0.004665 0.540713
vt 0.243828 0.540713
vt 0.004665 0.989044
vt 0.243828 0.989044
vt 0.388622 0.023259
vt 0.395786 0.015225
vt 0.395787 0.023260
vt 0.388155 0.023259
vt 0.396166 0.015225
vt 0.396193 0.023443
vt 0.380990 0.015225
vt 0.380989 0.023260
vt 0.380611 0.015225
vt 0.380584 0.023443
vt 0.378871 0.039933
vt 0.378871 0.039932
vt 0.381014 0.039933
vt 0.378864 0.040057
vt 0.378871 0.039807
vt 0.378717 0.039933
vt 0.381383 0.040011
vt 0.381249 0.039808
vt 0.378724 0.040057
vt 0.378716 0.039932
vt 0.378716 0.039807
vt 0.376574 0.039933
vt 0.376205 0.040011
vt 0.376339 0.039808
vt 0.381248 0.030904
vt 0.381375 0.030904
vt 0.376339 0.030904
vt 0.243828 0.540713
vt 0.004665 0.540713
vt 0.004665 0.540713
vt 0.243828 0.540713
vt 0.388176 0.023484
vt 0.388600 0.023484
vt 0.388178 0.030834
vt 0.388599 0.030834
vt 0.494400 0.690141
vt 0.502674 0.690141
vt 0.494400 0.726029
vt 0.491372 0.726029
vt 0.502674 0.726029
vt 0.491372 0.690141
vt 0.513977 0.690141
vt 0.492875 0.677296
vt 0.513977 0.726029
vt 0.489610 0.677296
vt 0.501793 0.677296
vt 0.525279 0.690141
vt 0.513977 0.677296
vt 0.525279 0.726029
vt 0.526160 0.677296
vt 0.533553 0.690141
vt 0.533553 0.726029
vt 0.535079 0.677296
vt 0.536581 0.690141
vt 0.536581 0.726029
vt 0.538343 0.677296
vt 0.338824 0.034796
vt 0.341391 0.034796
vt 0.338824 0.043606
vt 0.338824 0.034449
vt 0.341391 0.043606
vt 0.341391 0.034449
vt 0.338824 0.052416
vt 0.343959 0.034796
vt 0.341391 0.052415
vt 0.343959 0.034449
vt 0.343959 0.043606
vt 0.346527 0.034796
vt 0.343959 0.052415
vt 0.346527 0.034449
vt 0.346527 0.043606
vt 0.349095 0.034796
vt 0.346527 0.052415
vt 0.349095 0.034449
vt 0.349095 0.043606
vt 0.349095 0.052415
vt 0.351662 0.034796
vt 0.351662 0.052415
vt 0.351662 0.034449
vt 0.351662 0.043606
vt 0.354230 0.034796
vt 0.354230 0.052415
vt 0.354230 0.034449
vt 0.354230 0.043606
vt 0.356798 0.034796
vt 0.356798 0.043606
vt 0.356798 0.034449
vt 0.356798 0.052415
vt 0.352682 0.022921
vt 0.340771 0.024728
vt 0.346072 0.021918
vt 0.340771 0.029235
vt 0.355624 0.026982
vt 0.352682 0.031042
vt 0.346072 0.032045
vt 0.479156 0.684415
vt 0.479156 0.707511
vt 0.454363 0.684415
vt 0.452871 0.683590
vt 0.454363 0.707511
vt 0.480649 0.683590
vt 0.480649 0.708336
vt 0.452871 0.708336
vt 0.508427 0.683590
vt 0.481713 0.684754
vt 0.507362 0.684866
vt 0.480869 0.683786
vt 0.481713 0.707495
vt 0.508937 0.708336
vt 0.480649 0.708206
vt 0.507362 0.707495
vt 0.510692 0.707083
vt 0.533347 0.708336
vt 0.533939 0.707083
vt 0.508427 0.708168
vt 0.533939 0.684843
vt 0.510692 0.684843
vt 0.508613 0.683756
vt 0.511284 0.683590
vt 0.536204 0.683590
vt 0.563569 0.683590
vt 0.562918 0.684431
vt 0.563982 0.683720
vt 0.537269 0.684431
vt 0.562918 0.707171
vt 0.537269 0.707060
vt 0.563762 0.708140
vt 0.536204 0.708336
vt 0.563573 0.707972
vt 0.537256 0.681558
vt 0.537256 0.660392
vt 0.562930 0.681931
vt 0.562930 0.660184
vt 0.562930 0.731422
vt 0.537256 0.731049
vt 0.562930 0.709675
vt 0.537256 0.709883
vt 0.323637 0.045863
vt 0.323637 0.042283
vt 0.361319 0.045863
vt 0.361319 0.042283
vt 0.323637 0.038703
vt 0.361319 0.038703
vt 0.323637 0.035123
vt 0.361319 0.035123
vt 0.323637 0.031544
vt 0.361319 0.031544
vt 0.323637 0.027964
vt 0.361319 0.027964
vt 0.323637 0.024384
vt 0.361319 0.024384
vt 0.323637 0.020804
vt 0.361319 0.020804
vt 0.331162 0.025944
vt 0.332035 0.026683
vt 0.339730 0.025944
vt 0.330385 0.025944
vt 0.339052 0.026681
vt 0.331280 0.026683
vt 0.340495 0.025944
vt 0.332035 0.043901
vt 0.339796 0.026682
vt 0.331280 0.043901
vt 0.331280 0.026681
vt 0.340495 0.025944
vt 0.332033 0.066674
vt 0.329529 0.025944
vt 0.339796 0.026682
vt 0.339055 0.064762
vt 0.339796 0.026683
vt 0.339796 0.029318
vt 0.331280 0.066872
vt 0.339796 0.029160
vt 0.339058 0.026684
vt 0.339796 0.029329
vt 0.339052 0.029569
vt 0.330449 0.043901
vt 0.339052 0.030054
vt 0.330443 0.067092
vt 0.339796 0.043901
vt 0.339796 0.029801
vt 0.339796 0.029853
vt 0.337004 0.029569
vt 0.339053 0.029982
vt 0.337118 0.029569
vt 0.339796 0.064549
vt 0.339795 0.064549
vt 0.339060 0.043901
vt 0.339052 0.043901
vt 0.337266 0.030043
vt 0.336332 0.029977
vt 0.339796 0.064549
vt 0.336332 0.029977
vt 0.339059 0.064762
vt 0.337118 0.043901
vt 0.337005 0.030066
vt 0.336332 0.030456
vt 0.336332 0.043901
vt 0.337074 0.065298
vt 0.336332 0.065509
vt 0.339058 0.043901
vt 0.339058 0.064761
vt 0.332035 0.043901
vt 0.332033 0.066545
vt 0.331275 0.043902
vt 0.332035 0.026682
vt 0.331301 0.066741
vt 0.339791 0.064550
vt 0.339736 0.025944
vt 0.331282 0.066741
vt 0.331171 0.025944
vt 0.339059 0.064761
vt 0.330389 0.025944
vt 0.331275 0.026681
vt 0.337256 0.043901
vt 0.331275 0.026682
vt 0.330449 0.043902
vt 0.330453 0.066960
vt 0.337168 0.065278
vt 0.330449 0.026680
vt 0.336332 0.030310
vt 0.329538 0.025943
vt 0.336332 0.065503
vt 0.708043 0.312382
vt 0.411886 0.312382
vt 0.708043 0.015055
vt 0.991661 0.012120
vt 0.411886 0.017399
vt 0.991661 0.312382
vt 0.787548 0.418013
vt 0.705188 0.418013
vt 0.705188 0.585701
vt 0.996056 0.442154
vt 0.622829 0.418013
vt 0.794759 0.409043
vt 0.414320 0.442154
vt 0.852853 0.015658
vt 0.615617 0.409043
vt 0.996108 0.008009
vt 0.794690 0.018827
vt 0.797238 0.015658
vt 0.557523 0.015658
vt 0.414268 0.008009
vt 0.615686 0.018827
vt 0.613138 0.015658
vt 0.696636 0.238993
vt 0.696636 0.617866
vt 0.411886 0.238993
vt 0.988266 0.238993
vt 0.411886 0.617800
vt 0.988266 0.617866
vt 0.819608 0.066648
vt 0.820236 0.083585
vt 0.931083 0.066648
vt 0.937306 0.083596
vt 0.820236 0.473777
vt 0.937306 0.479278
vt 0.811682 0.488666
vt 0.702740 0.024284
vt 0.816655 0.024279
vt 0.702740 0.480571
vt 0.588824 0.024279
vt 0.934524 0.480422
vt 0.470957 0.480422
vt 0.990027 0.024274
vt 0.990056 0.458688
vt 0.411886 0.024274
vt 0.411886 0.458688
vt 0.330449 0.026681
vt 0.495189 0.097543
vt 0.495189 0.102202
vt 0.510667 0.097543
vt 0.511905 0.102318
vt 0.705151 0.551947
vt 0.818812 0.551947
vt 0.705151 0.635482
vt 0.591491 0.551947
vt 0.818812 0.635474
vt 0.591491 0.635474
vt 0.991795 0.635466
vt 0.411886 0.635466
vt 0.991795 0.266575
vt 0.411886 0.266575
vt 0.818812 0.266597
vt 0.591491 0.266597
vt 0.984872 0.250801
vt 0.818812 0.250709
vt 0.411886 0.250801
vt 0.591491 0.250709
vt 0.500751 0.297192
vt 0.492393 0.297201
vt 0.507871 0.301972
vt 0.492393 0.301972
vt 0.308956 0.026681
vt 0.315974 0.026683
vt 0.308279 0.025944
vt 0.307513 0.025944
vt 0.316847 0.025944
vt 0.308213 0.026682
vt 0.317624 0.025944
vt 0.307513 0.025944
vt 0.308956 0.043901
vt 0.316729 0.026683
vt 0.308213 0.026682
vt 0.308213 0.043901
vt 0.315974 0.043901
vt 0.308213 0.064549
vt 0.316729 0.043901
vt 0.316729 0.026681
vt 0.308213 0.064549
vt 0.308954 0.064762
vt 0.318480 0.025944
vt 0.317560 0.026681
vt 0.315976 0.066674
vt 0.308213 0.029801
vt 0.317560 0.043901
vt 0.316729 0.066872
vt 0.308956 0.030054
vt 0.311003 0.030066
vt 0.317566 0.067092
vt 0.308213 0.029318
vt 0.310891 0.043901
vt 0.308950 0.064762
vt 0.311677 0.030456
vt 0.308213 0.029160
vt 0.311677 0.043901
vt 0.308956 0.029569
vt 0.308213 0.029329
vt 0.310935 0.065298
vt 0.311677 0.065509
vt 0.308213 0.026683
vt 0.311005 0.029569
vt 0.308956 0.029982
vt 0.310891 0.029569
vt 0.308213 0.029853
vt 0.308951 0.026684
vt 0.308273 0.025944
vt 0.310743 0.030043
vt 0.308949 0.043901
vt 0.311677 0.029977
vt 0.315974 0.026682
vt 0.316838 0.025944
vt 0.310753 0.043901
vt 0.308218 0.064550
vt 0.311677 0.029977
vt 0.317620 0.025944
vt 0.308950 0.064761
vt 0.316734 0.026682
vt 0.308214 0.064549
vt 0.310841 0.065278
vt 0.315974 0.043901
vt 0.308951 0.043901
vt 0.316734 0.026681
vt 0.311677 0.030310
vt 0.311677 0.065503
vt 0.308951 0.064761
vt 0.318471 0.025943
vt 0.315975 0.066545
vt 0.316734 0.043902
vt 0.317560 0.026680
vt 0.316708 0.066741
vt 0.316727 0.066741
vt 0.317560 0.043902
vt 0.317556 0.066960
vt 0.703539 0.379939
vt 0.703539 0.073235
vt 0.984491 0.379939
vt 0.411886 0.074042
vt 0.985524 0.070718
vt 0.411886 0.379939
vt 0.698276 0.017577
vt 0.411886 0.017577
vt 0.698276 0.502930
vt 0.994656 0.017577
vt 0.411886 0.502811
vt 0.994656 0.502930
vt 0.417719 0.102937
vt 0.520184 0.102927
vt 0.423166 0.085990
vt 0.520184 0.493119
vt 0.520734 0.085990
vt 0.417719 0.498619
vt 0.527671 0.508008
vt 0.354319 0.527346
vt 0.349545 0.527346
vt 0.354306 0.525380
vt 0.354662 0.525343
vt 0.349545 0.525380
vt 0.354662 0.527300
vt 0.354268 0.519483
vt 0.354662 0.519473
vt 0.349545 0.519483
vt 0.354027 0.517112
vt 0.349545 0.516743
vt 0.349545 0.516194
vt 0.347646 0.516194
vt 0.344693 0.515833
vt 0.351595 0.516743
vt 0.349545 0.515833
vt 0.347203 0.515860
vt 0.344878 0.515833
vt 0.349684 0.516490
vt 0.354252 0.517112
vt 0.351876 0.516444
vt 0.351794 0.506878
vt 0.351651 0.516735
vt 0.347296 0.506878
vt 0.357033 0.515833
vt 0.363859 0.515833
vt 0.364566 0.515833
vt 0.362686 0.515833
vt 0.342057 0.515523
vt 0.335229 0.515553
vt 0.342057 0.506878
vt 0.344428 0.506878
vt 0.335230 0.506878
vt 0.344428 0.515513
vt 0.364896 0.516837
vt 0.362930 0.516828
vt 0.364896 0.506878
vt 0.362930 0.506878
vt 0.357033 0.516803
vt 0.357033 0.506878
vt 0.354797 0.516662
vt 0.354662 0.506878
vt 0.006779 0.521225
vt 0.006779 0.513052
vt 0.252032 0.521225
vt 0.006779 0.531403
vt 0.260468 0.513052
vt 0.259421 0.531403
vt 0.006779 0.000262
vt 0.273138 0.518713
vt 0.260468 0.000262
vt 0.273139 0.000262
vt 1.362550 0.546367
vt 1.362537 0.513891
vt 1.355484 0.546367
vt 1.364054 0.513901
vt 1.355484 0.513891
vt 1.364054 0.546367
vt 1.362042 0.547112
vt 1.355484 0.512868
vt 1.365555 0.512868
vt 1.355484 0.547112
vt 1.364054 0.514025
vt 1.355484 0.547112
vt 1.364054 0.546366
vt 1.355484 0.495734
vt 1.348926 0.547112
vt 1.365804 0.513256
vt 1.362272 0.547112
vt 1.348696 0.547112
vt 1.366165 0.513256
vt 1.378830 0.512622
vt 1.348418 0.546367
vt 1.346914 0.546366
vt 1.379450 0.513257
vt 1.378830 0.495734
vt 1.346914 0.546367
vt 1.379935 0.513257
vt 1.346914 0.513901
vt 1.355484 0.495099
vt 1.381490 0.512612
vt 1.348431 0.513891
vt 1.379974 0.511999
vt 1.381490 0.512478
vt 1.345413 0.512868
vt 1.379973 0.496358
vt 1.381490 0.495734
vt 1.345164 0.513256
vt 1.381490 0.495735
vt 1.332138 0.512622
vt 1.379973 0.495099
vt 1.332138 0.495734
vt 1.346914 0.514025
vt 1.344803 0.513256
vt 1.331518 0.513257
vt 1.330994 0.511999
vt 1.331033 0.513257
vt 1.330995 0.496358
vt 1.329478 0.512612
vt 1.329478 0.512478
vt 1.329478 0.495734
vt 1.330995 0.495099
vt 1.329478 0.495735
vt 1.330996 0.495099
vt 1.379972 0.495099
vt 0.340072 0.032228
vt 0.350083 0.032282
vt 0.340072 0.029708
vt 0.349847 0.032541
vt 0.354532 0.029708
vt 0.340072 0.032541
vt 0.330060 0.032282
vt 0.350868 0.032770
vt 0.330297 0.032541
vt 0.325611 0.029708
vt 0.354454 0.042864
vt 0.350453 0.032854
vt 0.329276 0.032770
vt 0.354962 0.029708
vt 0.351035 0.041348
vt 0.325690 0.042864
vt 0.354962 0.043188
vt 0.329690 0.032854
vt 0.350453 0.041095
vt 0.353535 0.043276
vt 0.329690 0.041095
vt 0.354962 0.043191
vt 0.350226 0.041755
vt 0.329108 0.041348
vt 0.354353 0.043505
vt 0.349639 0.041479
vt 0.329918 0.041755
vt 0.348694 0.043280
vt 0.326608 0.043276
vt 0.355568 0.029708
vt 0.345007 0.041752
vt 0.331450 0.043280
vt 0.355568 0.043322
vt 0.348895 0.043505
vt 0.335136 0.041752
vt 0.331248 0.043505
vt 0.354607 0.043818
vt 0.348277 0.043822
vt 0.331867 0.043822
vt 0.354344 0.043505
vt 0.325799 0.043505
vt 0.349133 0.043818
vt 0.348886 0.043505
vt 0.325791 0.043505
vt 0.348277 0.043819
vt 0.325181 0.043188
vt 0.331257 0.043505
vt 0.348882 0.043947
vt 0.325181 0.029708
vt 0.331867 0.043819
vt 0.348277 0.059894
vt 0.331010 0.043818
vt 0.348277 0.059894
vt 0.325181 0.043191
vt 0.331867 0.059894
vt 0.347658 0.059894
vt 0.324576 0.029708
vt 0.332485 0.059894
vt 0.347746 0.043683
vt 0.347567 0.060409
vt 0.324576 0.043322
vt 0.331867 0.059894
vt 0.344097 0.058058
vt 0.325536 0.043818
vt 0.332577 0.060409
vt 0.344087 0.042116
vt 0.333197 0.060260
vt 0.343493 0.057775
vt 0.340072 0.060409
vt 0.343387 0.058425
vt 0.344335 0.041478
vt 0.332577 0.060409
vt 0.343493 0.041857
vt 0.346946 0.060260
vt 0.331255 0.060145
vt 0.340072 0.060260
vt 0.331813 0.060700
vt 0.336756 0.058425
vt 0.340072 0.060700
vt 0.336046 0.058058
vt 0.332397 0.043683
vt 0.347567 0.060409
vt 0.336651 0.057775
vt 0.337362 0.058142
vt 0.336057 0.042116
vt 0.348889 0.060145
vt 0.340072 0.058424
vt 0.348330 0.060700
vt 0.340072 0.058142
vt 0.342781 0.058142
vt 0.335808 0.041478
vt 0.336651 0.041857
vt 0.330505 0.041479
vt 0.331261 0.043947
s 1
g polySurface261_GUI_Map_CityHall1_GUI_Map_CityHall1
usemtl GUI_Map_CityHall1
f 1/1/1 2/2/2 3/3/3
f 4/4/4 5/5/5 6/6/6
f 7/7/7 8/8/8 9/9/9
f 10/10/10 7/7/7 9/9/9
f 9/9/9 8/8/8 11/11/11
f 12/12/12 7/7/7 10/10/10
f 11/11/11 13/13/13 9/9/9
f 8/8/8 14/14/14 11/11/11
f 12/12/12 10/10/10 15/15/15
f 9/9/9 13/13/13 16/16/16
f 17/17/17 14/14/14 8/8/8
f 14/14/14 18/18/16 11/11/11
f 15/15/15 10/10/10 19/19/18
f 11/11/11 18/18/16 13/13/13
f 20/20/19 14/14/14 17/17/17
f 15/15/15 19/19/18 21/21/20
f 10/10/10 22/22/16 19/19/18
f 22/22/16 9/9/9 16/16/16
f 14/14/14 23/23/21 18/18/16
f 23/23/21 14/14/14 20/20/19
f 10/10/10 9/9/9 22/22/16
f 19/19/18 22/22/16 24/24/16
f 18/18/16 23/23/21 25/25/16
f 23/23/21 20/20/19 26/26/22
f 16/16/16 27/27/16 22/22/16
f 22/22/16 27/27/16 24/24/16
f 28/28/16 18/18/16 25/25/16
f 26/26/22 20/20/19 29/29/23
f 27/27/16 16/16/16 28/28/16
f 19/19/18 24/24/16 30/30/24
f 26/26/22 29/29/23 31/31/25
f 27/27/16 32/32/16 24/24/16
f 28/28/16 16/16/16 13/13/13
f 13/13/13 18/18/16 28/28/16
f 31/31/25 29/29/23 33/33/26
f 24/24/16 32/32/16 34/34/16
f 32/32/16 27/27/16 35/35/16
f 35/35/16 27/27/16 28/28/16
f 31/31/25 33/33/26 36/36/27
f 30/30/24 24/24/16 37/34/24
f 28/28/16 25/25/16 35/35/16
f 35/35/16 38/37/16 32/32/16
f 36/36/27 33/33/26 39/38/28
f 37/34/24 40/39/29 30/30/24
f 35/35/16 25/25/16 41/40/16
f 36/36/27 39/38/28 42/41/30
f 43/39/16 32/32/16 38/37/16
f 35/35/16 41/40/16 44/42/16
f 45/43/16 36/36/27 42/41/30
f 43/39/16 38/37/16 46/44/16
f 44/42/16 38/37/16 35/35/16
f 34/34/16 32/32/16 43/39/16
f 47/45/16 36/36/27 45/43/16
f 38/37/16 44/42/16 48/46/16
f 46/44/16 38/37/16 48/46/16
f 49/47/31 45/43/16 42/41/30
f 47/45/16 50/31/32 36/36/27
f 46/44/16 48/46/16 51/48/16
f 52/49/16 45/43/16 49/47/31
f 53/50/32 50/31/32 47/45/16
f 46/44/16 51/48/16 54/51/33
f 55/52/34 52/49/16 49/47/31
f 53/50/32 56/26/35 50/31/32
f 57/53/29 46/44/16 54/51/33
f 58/54/16 55/52/34 51/48/16
f 58/54/16 52/49/16 55/52/34
f 51/48/16 48/46/16 58/54/16
f 59/40/36 56/26/35 53/50/32
f 54/51/33 51/48/16 60/55/37
f 51/48/16 55/52/34 60/55/37
f 48/46/16 61/56/16 58/54/16
f 58/54/16 61/56/16 52/49/16
f 25/25/16 56/26/35 59/40/36
f 55/52/34 62/57/34 60/55/37
f 48/46/16 44/42/16 61/56/16
f 23/23/21 56/26/35 25/25/16
f 49/47/31 62/57/34 55/52/34
f 54/51/33 60/55/37 63/58/38
f 44/42/16 47/45/16 61/56/16
f 64/59/31 62/57/34 49/47/31
f 63/58/38 65/60/39 54/51/33
f 66/50/16 47/45/16 44/42/16
f 42/41/30 64/59/31 49/47/31
f 63/58/38 60/55/37 67/61/40
f 60/55/37 62/57/34 67/61/40
f 44/42/16 41/40/16 66/50/16
f 68/62/41 64/59/31 42/41/30
f 47/45/16 45/43/16 61/56/16
f 54/51/33 65/60/39 69/53/42
f 42/41/30 39/38/28 68/62/41
f 61/56/16 45/43/16 52/49/16
f 65/60/39 21/21/20 69/53/42
f 69/53/42 21/21/20 70/30/43
f 21/21/20 19/19/18 70/30/43
f 40/39/29 46/44/16 57/53/29
f 30/30/24 40/39/29 57/53/29
f 71/63/44 72/64/45 73/65/46
f 73/65/46 72/64/45 74/66/47
f 72/64/45 75/67/47 74/66/47
f 74/66/47 75/67/47 76/68/47
f 76/68/47 75/67/47 77/69/48
f 77/69/48 75/67/47 78/70/48
f 79/71/49 80/72/50 81/73/45
f 79/71/49 82/74/51 80/72/50
f 81/73/45 80/72/50 83/75/52
f 84/76/53 82/74/51 79/71/49
f 85/77/45 79/71/49 81/73/45
f 84/76/53 86/78/54 82/74/51
f 87/79/53 79/71/49 85/77/45
f 87/79/53 84/76/53 79/71/49
f 82/74/51 86/78/54 88/80/55
f 89/81/56 87/79/53 85/77/45
f 90/82/57 84/76/53 87/79/53
f 84/76/53 91/83/54 86/78/54
f 90/82/57 91/83/54 84/76/53
f 92/84/58 87/79/53 89/81/56
f 92/84/58 90/82/57 87/79/53
f 90/82/57 93/85/59 91/83/54
f 94/86/60 90/82/57 92/84/58
f 94/86/60 93/85/59 90/82/57
f 95/87/61 96/88/62 97/89/63
f 97/89/63 96/88/62 98/90/54
f 97/89/63 98/90/54 99/91/54
f 99/91/54 98/90/54 100/92/54
f 101/93/64 99/91/54 100/92/54
f 102/94/59 99/91/54 101/93/64
f 103/95/65 104/96/66 105/97/21
f 106/98/21 103/95/65 105/97/21
f 105/97/21 104/96/66 107/99/67
f 108/100/68 103/95/65 106/98/21
f 105/97/21 107/99/67 109/101/2
f 108/100/68 106/98/21 110/102/69
f 106/98/21 105/97/21 111/103/21
f 111/103/21 105/97/21 109/101/2
f 109/101/2 107/99/67 112/104/63
f 110/102/69 106/98/21 113/105/70
f 106/98/21 111/103/21 113/105/70
f 112/104/63 114/106/64 109/101/2
f 111/103/21 109/101/2 115/107/71
f 113/105/70 111/103/21 116/108/47
f 109/101/2 114/106/64 117/109/72
f 115/107/71 109/101/2 117/109/72
f 116/108/47 111/103/21 118/110/48
f 118/110/48 111/103/21 115/107/71
f 119/111/73 120/112/74 121/113/57
f 121/113/57 120/112/74 122/114/57
f 122/114/57 120/112/74 123/115/57
f 123/115/57 120/112/74 124/116/57
f 123/115/57 124/116/57 125/117/57
f 125/117/57 124/116/57 126/118/57
f 126/118/57 127/119/57 125/117/57
f 128/120/75 127/119/57 126/118/57
f 129/121/76 130/122/53 131/123/77
f 132/124/78 129/121/76 131/123/77
f 131/123/77 130/122/53 133/125/57
f 132/124/78 131/123/77 134/126/77
f 135/127/76 129/121/76 132/124/78
f 129/121/76 136/128/79 130/122/53
f 137/129/53 131/123/77 133/125/57
f 134/126/77 131/123/77 138/130/77
f 139/131/57 135/127/76 132/124/78
f 130/122/53 136/128/79 140/132/53
f 138/130/77 131/123/77 137/129/53
f 141/133/57 135/127/76 139/131/57
f 139/131/57 132/124/78 142/134/57
f 142/134/57 132/124/78 134/126/77
f 143/135/57 138/130/77 137/129/53
f 144/136/53 141/133/57 139/131/57
f 145/137/80 139/131/57 142/134/57
f 146/138/81 134/126/77 138/130/77
f 146/138/81 138/130/77 143/135/57
f 144/136/53 139/131/57 145/137/80
f 147/139/57 141/133/57 144/136/53
f 148/140/81 134/126/77 146/138/81
f 148/140/81 142/134/57 134/126/77
f 143/135/57 149/141/81 146/138/81
f 150/142/16 147/139/57 144/136/53
f 151/143/57 142/134/57 148/140/81
f 142/134/57 151/143/57 145/137/80
f 152/144/82 146/138/81 149/141/81
f 153/145/45 147/139/57 150/142/16
f 148/140/81 146/138/81 152/144/82
f 145/137/80 151/143/57 154/146/57
f 150/142/16 155/147/16 153/145/45
f 151/143/57 148/140/81 156/148/53
f 156/148/53 148/140/81 152/144/82
f 154/146/57 157/149/16 145/137/80
f 150/142/16 144/136/53 157/149/16
f 154/146/57 151/143/57 158/150/53
f 158/150/53 151/143/57 156/148/53
f 149/141/81 159/151/81 152/144/82
f 157/149/16 144/136/53 145/137/80
f 156/148/53 160/152/53 158/150/53
f 149/141/81 161/153/57 159/151/81
f 162/154/54 157/149/16 154/146/57
f 152/144/82 163/155/81 156/148/53
f 156/148/53 163/155/81 160/152/53
f 164/156/57 159/151/81 161/153/57
f 165/157/83 150/142/16 157/149/16
f 152/144/82 159/151/81 163/155/81
f 162/154/54 165/157/83 157/149/16
f 166/158/84 159/151/81 164/156/57
f 155/147/16 150/142/16 165/157/83
f 163/155/81 159/151/81 167/159/84
f 168/160/63 165/157/83 162/154/54
f 167/159/84 159/151/81 166/158/84
f 165/157/83 169/161/85 155/147/16
f 167/159/84 170/162/53 163/155/81
f 163/155/81 170/162/53 160/152/53
f 168/160/63 162/154/54 171/163/63
f 172/164/86 169/161/85 165/157/83
f 173/165/84 167/159/84 166/158/84
f 165/157/83 168/160/63 172/164/86
f 171/163/63 162/154/54 174/163/87
f 173/165/84 166/158/84 175/166/57
f 176/167/84 167/159/84 173/165/84
f 176/167/84 170/162/53 167/159/84
f 174/163/87 177/168/63 171/163/63
f 175/166/57 166/158/84 164/156/57
f 173/165/84 178/169/76 176/167/84
f 174/163/87 179/170/57 177/168/63
f 173/165/84 175/166/57 178/169/76
f 171/163/63 177/168/63 180/171/63
f 176/167/84 178/169/76 181/172/76
f 158/150/53 179/170/57 174/163/87
f 180/171/63 182/173/88 171/163/63
f 181/172/76 183/174/49 176/167/84
f 158/150/53 160/152/53 179/170/57
f 184/175/89 182/173/88 180/171/63
f 178/169/76 185/176/79 181/172/76
f 174/163/87 154/146/57 158/150/53
f 180/171/63 186/177/90 184/175/89
f 136/128/79 185/176/79 178/169/76
f 162/154/54 154/146/57 174/163/87
f 187/178/91 186/177/90 180/171/63
f 188/179/53 136/128/79 178/169/76
f 185/176/79 189/180/57 181/172/76
f 186/177/90 187/178/91 190/181/92
f 140/132/53 136/128/79 188/179/53
f 178/169/76 175/166/57 188/179/53
f 181/172/76 189/180/57 191/182/57
f 190/181/92 187/178/91 192/183/93
f 136/128/79 129/121/76 185/176/79
f 191/182/57 183/174/49 181/172/76
f 193/184/45 190/181/92 192/183/93
f 192/183/93 187/178/91 194/185/91
f 185/176/79 129/121/76 135/127/76
f 135/127/76 189/180/57 185/176/79
f 195/186/94 190/181/92 193/184/45
f 194/185/91 187/178/91 196/187/91
f 141/133/57 189/180/57 135/127/76
f 193/184/45 197/188/95 195/186/94
f 194/185/91 196/187/91 198/189/57
f 141/133/57 199/190/57 189/180/57
f 200/191/47 197/188/95 193/184/45
f 201/192/57 194/185/91 198/189/57
f 147/139/57 199/190/57 141/133/57
f 202/193/47 200/191/47 193/184/45
f 202/193/47 194/185/91 201/192/57
f 198/189/57 191/182/57 201/192/57
f 189/180/57 199/190/57 191/182/57
f 203/191/47 200/191/47 202/193/47
f 147/139/57 203/191/47 199/190/57
f 183/174/49 191/182/57 198/189/57
f 191/182/57 199/190/57 201/192/57
f 153/145/45 200/191/47 203/191/47
f 153/145/45 203/191/47 147/139/57
f 201/192/57 203/191/47 202/193/47
f 198/189/57 204/194/80 183/174/49
f 199/190/57 203/191/47 201/192/57
f 205/195/47 200/191/47 153/145/45
f 198/189/57 196/187/91 204/194/80
f 183/174/49 204/194/80 170/162/53
f 194/185/91 202/193/47 192/183/93
f 153/145/45 155/147/16 205/195/47
f 183/174/49 170/162/53 176/167/84
f 170/162/53 204/194/80 160/152/53
f 192/183/93 202/193/47 193/184/45
f 155/147/16 169/161/85 205/195/47
f 204/194/80 196/187/91 179/170/57
f 160/152/53 204/194/80 179/170/57
f 205/195/47 169/161/85 206/196/96
f 179/170/57 196/187/91 177/168/63
f 206/196/96 197/188/95 205/195/47
f 205/195/47 197/188/95 200/191/47
f 196/187/91 187/178/91 177/168/63
f 177/168/63 187/178/91 180/171/63
f 207/197/57 161/153/57 149/141/81
f 207/197/57 149/141/81 143/135/57
f 172/164/86 168/160/63 208/198/97
f 208/198/97 168/160/63 182/173/88
f 182/173/88 168/160/63 171/163/63
f 209/111/57 210/112/57 211/113/57
f 211/113/57 210/112/57 212/114/57
f 212/114/57 210/112/57 213/115/57
f 213/115/57 210/112/57 214/116/57
f 213/115/57 214/116/57 215/117/57
f 215/117/57 214/116/57 216/118/57
f 216/118/57 217/119/57 215/117/57
f 218/120/57 217/119/57 216/118/57
f 219/121/76 220/122/57 221/123/77
f 222/124/77 219/121/76 221/123/77
f 221/123/77 220/122/57 223/125/57
f 222/124/77 221/123/77 224/126/77
f 225/127/76 219/121/76 222/124/77
f 219/121/76 226/128/79 220/122/57
f 227/129/53 221/123/77 223/125/57
f 224/126/77 221/123/77 228/130/77
f 229/131/57 225/127/76 222/124/77
f 220/122/57 226/128/79 230/132/57
f 228/130/77 221/123/77 227/129/53
f 231/133/57 225/127/76 229/131/57
f 229/131/57 222/124/77 232/134/98
f 232/134/98 222/124/77 224/126/77
f 233/135/57 228/130/77 227/129/53
f 234/136/57 231/133/57 229/131/57
f 235/137/53 229/131/57 232/134/98
f 236/138/81 224/126/77 228/130/77
f 236/138/81 228/130/77 233/135/57
f 234/136/57 229/131/57 235/137/53
f 237/139/57 231/133/57 234/136/57
f 238/140/81 224/126/77 236/138/81
f 238/140/81 232/134/98 224/126/77
f 233/135/57 239/141/81 236/138/81
f 240/142/16 237/139/57 234/136/57
f 241/143/53 232/134/98 238/140/81
f 232/134/98 241/143/53 235/137/53
f 242/144/81 236/138/81 239/141/81
f 243/145/47 237/139/57 240/142/16
f 238/140/81 236/138/81 242/144/81
f 235/137/53 241/143/53 244/146/53
f 240/142/16 245/147/16 243/145/47
f 241/143/53 238/140/81 246/148/53
f 246/148/53 238/140/81 242/144/81
f 244/146/53 247/149/16 235/137/53
f 240/142/16 234/136/57 247/149/16
f 244/146/53 241/143/53 248/150/53
f 248/150/53 241/143/53 246/148/53
f 239/141/81 249/151/82 242/144/81
f 247/149/16 234/136/57 235/137/53
f 246/148/53 250/152/53 248/150/53
f 239/141/81 251/153/57 249/151/82
f 252/154/63 247/149/16 244/146/53
f 242/144/81 253/155/81 246/148/53
f 246/148/53 253/155/81 250/152/53
f 254/156/57 249/151/82 251/153/57
f 255/157/16 240/142/16 247/149/16
f 242/144/81 249/151/82 253/155/81
f 252/154/63 255/157/16 247/149/16
f 256/158/84 249/151/82 254/156/57
f 245/147/16 240/142/16 255/157/16
f 253/155/81 249/151/82 257/159/84
f 258/160/54 255/157/16 252/154/63
f 257/159/84 249/151/82 256/158/84
f 255/157/16 259/161/85 245/147/16
f 257/159/84 260/162/57 253/155/81
f 253/155/81 260/162/57 250/152/53
f 258/160/54 252/154/63 261/163/87
f 262/164/99 259/161/85 255/157/16
f 263/165/84 257/159/84 256/158/84
f 255/157/16 258/160/54 262/164/99
f 261/163/87 252/154/63 264/163/63
f 263/165/84 256/158/84 265/166/57
f 266/167/84 257/159/84 263/165/84
f 266/167/84 260/162/57 257/159/84
f 264/163/63 267/168/87 261/163/87
f 265/166/57 256/158/84 254/156/57
f 263/165/84 268/169/79 266/167/84
f 264/163/63 269/170/100 267/168/87
f 263/165/84 265/166/57 268/169/79
f 261/163/87 267/168/87 270/171/54
f 266/167/84 268/169/79 271/172/76
f 248/150/53 269/170/100 264/163/63
f 270/171/54 272/173/88 261/163/87
f 271/172/76 273/174/57 266/167/84
f 248/150/53 250/152/53 269/170/100
f 274/175/89 272/173/88 270/171/54
f 268/169/79 275/176/79 271/172/76
f 264/163/63 244/146/53 248/150/53
f 270/171/54 276/177/90 274/175/89
f 226/128/79 275/176/79 268/169/79
f 252/154/63 244/146/53 264/163/63
f 277/178/101 276/177/90 270/171/54
f 278/179/57 226/128/79 268/169/79
f 275/176/79 279/180/57 271/172/76
f 276/177/90 277/178/101 280/181/92
f 230/132/57 226/128/79 278/179/57
f 268/169/79 265/166/57 278/179/57
f 271/172/76 279/180/57 281/182/57
f 280/181/92 277/178/101 282/183/93
f 226/128/79 219/121/76 275/176/79
f 281/182/57 273/174/57 271/172/76
f 283/184/47 280/181/92 282/183/93
f 282/183/93 277/178/101 284/185/91
f 275/176/79 219/121/76 225/127/76
f 225/127/76 279/180/57 275/176/79
f 285/186/102 280/181/92 283/184/47
f 284/185/91 277/178/101 286/187/101
f 231/133/57 279/180/57 225/127/76
f 283/184/47 287/188/103 285/186/102
f 284/185/91 286/187/101 288/189/49
f 231/133/57 289/190/57 279/180/57
f 290/191/47 287/188/103 283/184/47
f 291/192/49 284/185/91 288/189/49
f 237/139/57 289/190/57 231/133/57
f 292/193/47 290/191/47 283/184/47
f 292/193/47 284/185/91 291/192/49
f 288/189/49 281/182/57 291/192/49
f 279/180/57 289/190/57 281/182/57
f 293/191/47 290/191/47 292/193/47
f 237/139/57 293/191/47 289/190/57
f 273/174/57 281/182/57 288/189/49
f 281/182/57 289/190/57 291/192/49
f 243/145/47 290/191/47 293/191/47
f 243/145/47 293/191/47 237/139/57
f 291/192/49 293/191/47 292/193/47
f 288/189/49 294/194/53 273/174/57
f 289/190/57 293/191/47 291/192/49
f 295/195/47 290/191/47 243/145/47
f 288/189/49 286/187/101 294/194/53
f 273/174/57 294/194/53 260/162/57
f 284/185/91 292/193/47 282/183/93
f 243/145/47 245/147/16 295/195/47
f 273/174/57 260/162/57 266/167/84
f 260/162/57 294/194/53 250/152/53
f 282/183/93 292/193/47 283/184/47
f 245/147/16 259/161/85 295/195/47
f 294/194/53 286/187/101 269/170/100
f 250/152/53 294/194/53 269/170/100
f 295/195/47 259/161/85 296/196/104
f 269/170/100 286/187/101 267/168/87
f 296/196/104 287/188/103 295/195/47
f 295/195/47 287/188/103 290/191/47
f 286/187/101 277/178/101 267/168/87
f 267/168/87 277/178/101 270/171/54
f 297/197/57 251/153/57 239/141/81
f 297/197/57 239/141/81 233/135/57
f 262/164/99 258/160/54 298/198/97
f 298/198/97 258/160/54 272/173/88
f 272/173/88 258/160/54 261/163/87
f 299/111/105 300/112/70 301/113/70
f 301/113/70 300/112/70 302/114/47
f 302/114/47 300/112/70 303/115/47
f 303/115/47 300/112/70 304/116/47
f 303/115/47 304/116/47 305/117/106
f 305/117/106 304/116/47 306/118/106
f 306/118/106 307/119/107 305/117/106
f 308/120/107 307/119/107 306/118/106
f 309/121/108 310/122/45 311/123/109
f 312/124/110 309/121/108 311/123/109
f 311/123/109 310/122/45 313/125/45
f 312/124/110 311/123/109 314/126/109
f 315/127/108 309/121/108 312/124/110
f 309/121/108 316/128/108 310/122/45
f 317/129/45 311/123/109 313/125/45
f 314/126/109 311/123/109 318/130/109
f 319/131/47 315/127/108 312/124/110
f 310/122/45 316/128/108 320/132/47
f 318/130/109 311/123/109 317/129/45
f 321/133/47 315/127/108 319/131/47
f 319/131/47 312/124/110 322/134/47
f 322/134/47 312/124/110 314/126/109
f 323/135/47 318/130/109 317/129/45
f 324/136/47 321/133/47 319/131/47
f 325/137/111 319/131/47 322/134/47
f 326/138/112 314/126/109 318/130/109
f 326/138/112 318/130/109 323/135/47
f 324/136/47 319/131/47 325/137/111
f 327/139/47 321/133/47 324/136/47
f 328/140/112 314/126/109 326/138/112
f 328/140/112 322/134/47 314/126/109
f 323/135/47 329/141/112 326/138/112
f 330/142/16 327/139/47 324/136/47
f 331/143/45 322/134/47 328/140/112
f 322/134/47 331/143/45 325/137/111
f 332/144/113 326/138/112 329/141/112
f 333/145/2 327/139/47 330/142/16
f 328/140/112 326/138/112 332/144/113
f 325/137/111 331/143/45 334/146/111
f 330/142/16 335/147/16 333/145/2
f 331/143/45 328/140/112 336/148/45
f 336/148/45 328/140/112 332/144/113
f 334/146/111 337/149/16 325/137/111
f 330/142/16 324/136/47 337/149/16
f 334/146/111 331/143/45 338/150/45
f 338/150/45 331/143/45 336/148/45
f 329/141/112 339/151/113 332/144/113
f 337/149/16 324/136/47 325/137/111
f 336/148/45 340/152/45 338/150/45
f 329/141/112 341/153/47 339/151/113
f 342/154/53 337/149/16 334/146/111
f 332/144/113 343/155/112 336/148/45
f 336/148/45 343/155/112 340/152/45
f 344/156/47 339/151/113 341/153/47
f 345/157/16 330/142/16 337/149/16
f 332/144/113 339/151/113 343/155/112
f 342/154/53 345/157/16 337/149/16
f 346/158/114 339/151/113 344/156/47
f 335/147/16 330/142/16 345/157/16
f 343/155/112 339/151/113 347/159/114
f 348/160/57 345/157/16 342/154/53
f 347/159/114 339/151/113 346/158/114
f 345/157/16 349/161/115 335/147/16
f 347/159/114 350/162/45 343/155/112
f 343/155/112 350/162/45 340/152/45
f 348/160/57 342/154/53 351/163/80
f 352/164/116 349/161/115 345/157/16
f 353/165/114 347/159/114 346/158/114
f 345/157/16 348/160/57 352/164/116
f 351/163/80 342/154/53 354/163/53
f 353/165/114 346/158/114 355/166/47
f 356/167/114 347/159/114 353/165/114
f 356/167/114 350/162/45 347/159/114
f 354/163/53 357/168/57 351/163/80
f 355/166/47 346/158/114 344/156/47
f 353/165/114 358/169/117 356/167/114
f 354/163/53 359/170/47 357/168/57
f 353/165/114 355/166/47 358/169/117
f 351/163/80 357/168/57 360/171/57
f 356/167/114 358/169/117 361/172/108
f 338/150/45 359/170/47 354/163/53
f 360/171/57 362/173/118 351/163/80
f 361/172/108 363/174/47 356/167/114
f 338/150/45 340/152/45 359/170/47
f 364/175/119 362/173/118 360/171/57
f 358/169/117 365/176/117 361/172/108
f 354/163/53 334/146/111 338/150/45
f 360/171/57 366/177/120 364/175/119
f 316/128/108 365/176/117 358/169/117
f 342/154/53 334/146/111 354/163/53
f 367/178/91 366/177/120 360/171/57
f 368/179/45 316/128/108 358/169/117
f 365/176/117 369/180/47 361/172/108
f 366/177/120 367/178/91 370/181/121
f 320/132/47 316/128/108 368/179/45
f 358/169/117 355/166/47 368/179/45
f 361/172/108 369/180/47 371/182/47
f 370/181/121 367/178/91 372/183/91
f 316/128/108 309/121/108 365/176/117
f 371/182/47 363/174/47 361/172/108
f 373/184/21 370/181/121 372/183/91
f 372/183/91 367/178/91 374/185/91
f 365/176/117 309/121/108 315/127/108
f 315/127/108 369/180/47 365/176/117
f 375/186/122 370/181/121 373/184/21
f 374/185/91 367/178/91 376/187/91
f 321/133/47 369/180/47 315/127/108
f 373/184/21 377/188/123 375/186/122
f 374/185/91 376/187/91 378/189/47
f 321/133/47 379/190/47 369/180/47
f 380/191/21 377/188/123 373/184/21
f 381/192/47 374/185/91 378/189/47
f 327/139/47 379/190/47 321/133/47
f 382/193/21 380/191/21 373/184/21
f 382/193/21 374/185/91 381/192/47
f 378/189/47 371/182/47 381/192/47
f 369/180/47 379/190/47 371/182/47
f 383/191/21 380/191/21 382/193/21
f 327/139/47 383/191/21 379/190/47
f 363/174/47 371/182/47 378/189/47
f 371/182/47 379/190/47 381/192/47
f 333/145/2 380/191/21 383/191/21
f 333/145/2 383/191/21 327/139/47
f 381/192/47 383/191/21 382/193/21
f 378/189/47 384/194/111 363/174/47
f 379/190/47 383/191/21 381/192/47
f 385/195/28 380/191/21 333/145/2
f 378/189/47 376/187/91 384/194/111
f 363/174/47 384/194/111 350/162/45
f 374/185/91 382/193/21 372/183/91
f 333/145/2 335/147/16 385/195/28
f 363/174/47 350/162/45 356/167/114
f 350/162/45 384/194/111 340/152/45
f 372/183/91 382/193/21 373/184/21
f 335/147/16 349/161/115 385/195/28
f 384/194/111 376/187/91 359/170/47
f 340/152/45 384/194/111 359/170/47
f 385/195/28 349/161/115 386/196/124
f 359/170/47 376/187/91 357/168/57
f 386/196/124 377/188/123 385/195/28
f 385/195/28 377/188/123 380/191/21
f 376/187/91 367/178/91 357/168/57
f 357/168/57 367/178/91 360/171/57
f 387/197/47 341/153/47 329/141/112
f 387/197/47 329/141/112 323/135/47
f 352/164/116 348/160/57 388/198/125
f 388/198/125 348/160/57 362/173/118
f 362/173/118 348/160/57 351/163/80
f 389/111/107 390/112/47 391/113/70
f 391/113/70 390/112/47 392/114/47
f 392/114/47 390/112/47 393/115/47
f 393/115/47 390/112/47 394/116/47
f 393/115/47 394/116/47 395/117/47
f 395/117/47 394/116/47 396/118/47
f 396/118/47 397/119/106 395/117/47
f 398/120/105 397/119/106 396/118/47
f 399/121/108 400/122/45 401/123/109
f 402/124/109 399/121/108 401/123/109
f 401/123/109 400/122/45 403/125/47
f 402/124/109 401/123/109 404/126/109
f 405/127/108 399/121/108 402/124/109
f 399/121/108 406/128/117 400/122/45
f 407/129/45 401/123/109 403/125/47
f 404/126/109 401/123/109 408/130/109
f 409/131/106 405/127/108 402/124/109
f 400/122/45 406/128/117 410/132/47
f 408/130/109 401/123/109 407/129/45
f 411/133/47 405/127/108 409/131/106
f 409/131/106 402/124/109 412/134/47
f 412/134/47 402/124/109 404/126/109
f 413/135/47 408/130/109 407/129/45
f 414/136/106 411/133/47 409/131/106
f 415/137/111 409/131/106 412/134/47
f 416/138/112 404/126/109 408/130/109
f 416/138/112 408/130/109 413/135/47
f 414/136/106 409/131/106 415/137/111
f 417/139/47 411/133/47 414/136/106
f 418/140/112 404/126/109 416/138/112
f 418/140/112 412/134/47 404/126/109
f 413/135/47 419/141/113 416/138/112
f 420/142/16 417/139/47 414/136/106
f 421/143/45 412/134/47 418/140/112
f 412/134/47 421/143/45 415/137/111
f 422/144/113 416/138/112 419/141/113
f 423/145/21 417/139/47 420/142/16
f 418/140/112 416/138/112 422/144/113
f 415/137/111 421/143/45 424/146/45
f 420/142/16 425/147/16 423/145/21
f 421/143/45 418/140/112 426/148/45
f 426/148/45 418/140/112 422/144/113
f 424/146/45 427/149/16 415/137/111
f 420/142/16 414/136/106 427/149/16
f 424/146/45 421/143/45 428/150/47
f 428/150/47 421/143/45 426/148/45
f 419/141/113 429/151/112 422/144/113
f 427/149/16 414/136/106 415/137/111
f 426/148/45 430/152/111 428/150/47
f 419/141/113 431/153/47 429/151/112
f 432/154/53 427/149/16 424/146/45
f 422/144/113 433/155/112 426/148/45
f 426/148/45 433/155/112 430/152/111
f 434/156/126 429/151/112 431/153/47
f 435/157/16 420/142/16 427/149/16
f 422/144/113 429/151/112 433/155/112
f 432/154/53 435/157/16 427/149/16
f 436/158/114 429/151/112 434/156/126
f 425/147/16 420/142/16 435/157/16
f 433/155/112 429/151/112 437/159/114
f 438/160/57 435/157/16 432/154/53
f 437/159/114 429/151/112 436/158/114
f 435/157/16 439/161/115 425/147/16
f 437/159/114 440/162/70 433/155/112
f 433/155/112 440/162/70 430/152/111
f 438/160/57 432/154/53 441/163/53
f 442/164/127 439/161/115 435/157/16
f 443/165/114 437/159/114 436/158/114
f 435/157/16 438/160/57 442/164/127
f 441/163/53 432/154/53 444/163/53
f 443/165/114 436/158/114 445/166/47
f 446/167/114 437/159/114 443/165/114
f 446/167/114 440/162/70 437/159/114
f 444/163/53 447/168/80 441/163/53
f 445/166/47 436/158/114 434/156/126
f 443/165/114 448/169/108 446/167/114
f 444/163/53 449/170/45 447/168/80
f 443/165/114 445/166/47 448/169/108
f 441/163/53 447/168/80 450/171/53
f 446/167/114 448/169/108 451/172/108
f 428/150/47 449/170/45 444/163/53
f 450/171/53 452/173/118 441/163/53
f 451/172/108 453/174/70 446/167/114
f 428/150/47 430/152/111 449/170/45
f 454/175/119 452/173/118 450/171/53
f 448/169/108 455/176/117 451/172/108
f 444/163/53 424/146/45 428/150/47
f 450/171/53 456/177/120 454/175/119
f 406/128/117 455/176/117 448/169/108
f 432/154/53 424/146/45 444/163/53
f 457/178/128 456/177/120 450/171/53
f 458/179/111 406/128/117 448/169/108
f 455/176/117 459/180/47 451/172/108
f 456/177/120 457/178/128 460/181/129
f 410/132/47 406/128/117 458/179/111
f 448/169/108 445/166/47 458/179/111
f 451/172/108 459/180/47 461/182/47
f 460/181/129 457/178/128 462/183/101
f 406/128/117 399/121/108 455/176/117
f 461/182/47 453/174/70 451/172/108
f 463/184/2 460/181/129 462/183/101
f 462/183/101 457/178/128 464/185/91
f 455/176/117 399/121/108 405/127/108
f 405/127/108 459/180/47 455/176/117
f 465/186/122 460/181/129 463/184/2
f 464/185/91 457/178/128 466/187/91
f 411/133/47 459/180/47 405/127/108
f 463/184/2 467/188/123 465/186/122
f 464/185/91 466/187/91 468/189/130
f 411/133/47 469/190/47 459/180/47
f 470/191/21 467/188/123 463/184/2
f 471/192/47 464/185/91 468/189/130
f 417/139/47 469/190/47 411/133/47
f 472/193/21 470/191/21 463/184/2
f 472/193/21 464/185/91 471/192/47
f 468/189/130 461/182/47 471/192/47
f 459/180/47 469/190/47 461/182/47
f 473/191/21 470/191/21 472/193/21
f 417/139/47 473/191/21 469/190/47
f 453/174/70 461/182/47 468/189/130
f 461/182/47 469/190/47 471/192/47
f 423/145/21 470/191/21 473/191/21
f 423/145/21 473/191/21 417/139/47
f 471/192/47 473/191/21 472/193/21
f 468/189/130 474/194/70 453/174/70
f 469/190/47 473/191/21 471/192/47
f 475/195/21 470/191/21 423/145/21
f 468/189/130 466/187/91 474/194/70
f 453/174/70 474/194/70 440/162/70
f 464/185/91 472/193/21 462/183/101
f 423/145/21 425/147/16 475/195/21
f 453/174/70 440/162/70 446/167/114
f 440/162/70 474/194/70 430/152/111
f 462/183/101 472/193/21 463/184/2
f 425/147/16 439/161/115 475/195/21
f 474/194/70 466/187/91 449/170/45
f 430/152/111 474/194/70 449/170/45
f 475/195/21 439/161/115 476/196/124
f 449/170/45 466/187/91 447/168/80
f 476/196/124 467/188/123 475/195/21
f 475/195/21 467/188/123 470/191/21
f 466/187/91 457/178/128 447/168/80
f 447/168/80 457/178/128 450/171/53
f 477/197/47 431/153/47 419/141/113
f 477/197/47 419/141/113 413/135/47
f 442/164/127 438/160/57 478/198/125
f 478/198/125 438/160/57 452/173/118
f 452/173/118 438/160/57 441/163/53
f 479/111/107 480/112/47 481/113/70
f 481/113/70 480/112/47 482/114/47
f 482/114/47 480/112/47 483/115/47
f 483/115/47 480/112/47 484/116/47
f 483/115/47 484/116/47 485/117/47
f 485/117/47 484/116/47 486/118/47
f 486/118/47 487/119/106 485/117/47
f 488/120/105 487/119/106 486/118/47
f 489/121/108 490/122/45 491/123/109
f 492/124/109 489/121/108 491/123/109
f 491/123/109 490/122/45 493/125/47
f 492/124/109 491/123/109 494/126/109
f 495/127/108 489/121/108 492/124/109
f 489/121/108 496/128/108 490/122/45
f 497/129/45 491/123/109 493/125/47
f 494/126/109 491/123/109 498/130/109
f 499/131/106 495/127/108 492/124/109
f 490/122/45 496/128/108 500/132/47
f 498/130/109 491/123/109 497/129/45
f 501/133/47 495/127/108 499/131/106
f 499/131/106 492/124/109 502/134/47
f 502/134/47 492/124/109 494/126/109
f 503/135/47 498/130/109 497/129/45
f 504/136/106 501/133/47 499/131/106
f 505/137/47 499/131/106 502/134/47
f 506/138/112 494/126/109 498/130/109
f 506/138/112 498/130/109 503/135/47
f 504/136/106 499/131/106 505/137/47
f 507/139/47 501/133/47 504/136/106
f 508/140/112 494/126/109 506/138/112
f 508/140/112 502/134/47 494/126/109
f 503/135/47 509/141/112 506/138/112
f 510/142/16 507/139/47 504/136/106
f 511/143/45 502/134/47 508/140/112
f 502/134/47 511/143/45 505/137/47
f 512/144/113 506/138/112 509/141/112
f 513/145/21 507/139/47 510/142/16
f 508/140/112 506/138/112 512/144/113
f 505/137/47 511/143/45 514/146/45
f 510/142/16 515/147/16 513/145/21
f 511/143/45 508/140/112 516/148/45
f 516/148/45 508/140/112 512/144/113
f 514/146/45 517/149/16 505/137/47
f 510/142/16 504/136/106 517/149/16
f 514/146/45 511/143/45 518/150/47
f 518/150/47 511/143/45 516/148/45
f 509/141/112 519/151/112 512/144/113
f 517/149/16 504/136/106 505/137/47
f 516/148/45 520/152/45 518/150/47
f 509/141/112 521/153/47 519/151/112
f 522/154/57 517/149/16 514/146/45
f 512/144/113 523/155/112 516/148/45
f 516/148/45 523/155/112 520/152/45
f 524/156/47 519/151/112 521/153/47
f 525/157/16 510/142/16 517/149/16
f 512/144/113 519/151/112 523/155/112
f 522/154/57 525/157/16 517/149/16
f 526/158/114 519/151/112 524/156/47
f 515/147/16 510/142/16 525/157/16
f 523/155/112 519/151/112 527/159/114
f 528/160/57 525/157/16 522/154/57
f 527/159/114 519/151/112 526/158/114
f 525/157/16 529/161/131 515/147/16
f 527/159/114 530/162/132 523/155/112
f 523/155/112 530/162/132 520/152/45
f 528/160/57 522/154/57 531/163/53
f 532/164/127 529/161/131 525/157/16
f 533/165/114 527/159/114 526/158/114
f 525/157/16 528/160/57 532/164/127
f 531/163/53 522/154/57 534/163/53
f 533/165/114 526/158/114 535/166/47
f 536/167/114 527/159/114 533/165/114
f 536/167/114 530/162/132 527/159/114
f 534/163/53 537/168/80 531/163/53
f 535/166/47 526/158/114 524/156/47
f 533/165/114 538/169/108 536/167/114
f 534/163/53 539/170/45 537/168/80
f 533/165/114 535/166/47 538/169/108
f 531/163/53 537/168/80 540/171/53
f 536/167/114 538/169/108 541/172/108
f 518/150/47 539/170/45 534/163/53
f 540/171/53 542/173/118 531/163/53
f 541/172/108 543/174/70 536/167/114
f 518/150/47 520/152/45 539/170/45
f 544/175/119 542/173/118 540/171/53
f 538/169/108 545/176/117 541/172/108
f 534/163/53 514/146/45 518/150/47
f 540/171/53 546/177/120 544/175/119
f 496/128/108 545/176/117 538/169/108
f 522/154/57 514/146/45 534/163/53
f 547/178/128 546/177/120 540/171/53
f 548/179/45 496/128/108 538/169/108
f 545/176/117 549/180/47 541/172/108
f 546/177/120 547/178/128 550/181/129
f 500/132/47 496/128/108 548/179/45
f 538/169/108 535/166/47 548/179/45
f 541/172/108 549/180/47 551/182/47
f 550/181/129 547/178/128 552/183/91
f 496/128/108 489/121/108 545/176/117
f 551/182/47 543/174/70 541/172/108
f 553/184/2 550/181/129 552/183/91
f 552/183/91 547/178/128 554/185/91
f 545/176/117 489/121/108 495/127/108
f 495/127/108 549/180/47 545/176/117
f 555/186/122 550/181/129 553/184/2
f 554/185/91 547/178/128 556/187/128
f 501/133/47 549/180/47 495/127/108
f 553/184/2 557/188/123 555/186/122
f 554/185/91 556/187/128 558/189/130
f 501/133/47 559/190/47 549/180/47
f 560/191/21 557/188/123 553/184/2
f 561/192/47 554/185/91 558/189/130
f 507/139/47 559/190/47 501/133/47
f 562/193/21 560/191/21 553/184/2
f 562/193/21 554/185/91 561/192/47
f 558/189/130 551/182/47 561/192/47
f 549/180/47 559/190/47 551/182/47
f 563/191/21 560/191/21 562/193/21
f 507/139/47 563/191/21 559/190/47
f 543/174/70 551/182/47 558/189/130
f 551/182/47 559/190/47 561/192/47
f 513/145/21 560/191/21 563/191/21
f 513/145/21 563/191/21 507/139/47
f 561/192/47 563/191/21 562/193/21
f 558/189/130 564/194/70 543/174/70
f 559/190/47 563/191/21 561/192/47
f 565/195/21 560/191/21 513/145/21
f 558/189/130 556/187/128 564/194/70
f 543/174/70 564/194/70 530/162/132
f 554/185/91 562/193/21 552/183/91
f 513/145/21 515/147/16 565/195/21
f 543/174/70 530/162/132 536/167/114
f 530/162/132 564/194/70 520/152/45
f 552/183/91 562/193/21 553/184/2
f 515/147/16 529/161/131 565/195/21
f 564/194/70 556/187/128 539/170/45
f 520/152/45 564/194/70 539/170/45
f 565/195/21 529/161/131 566/196/124
f 539/170/45 556/187/128 537/168/80
f 566/196/124 557/188/123 565/195/21
f 565/195/21 557/188/123 560/191/21
f 556/187/128 547/178/128 537/168/80
f 537/168/80 547/178/128 540/171/53
f 567/197/47 521/153/47 509/141/112
f 567/197/47 509/141/112 503/135/47
f 532/164/127 528/160/57 568/198/125
f 568/198/125 528/160/57 542/173/118
f 542/173/118 528/160/57 531/163/53
f 569/111/105 570/112/70 571/113/70
f 571/113/70 570/112/70 572/114/47
f 572/114/47 570/112/70 573/115/47
f 573/115/47 570/112/70 574/116/47
f 573/115/47 574/116/47 575/117/106
f 575/117/106 574/116/47 576/118/106
f 576/118/106 577/119/107 575/117/106
f 578/120/107 577/119/107 576/118/106
f 579/121/108 580/122/45 581/123/109
f 582/124/110 579/121/108 581/123/109
f 581/123/109 580/122/45 583/125/45
f 582/124/110 581/123/109 584/126/109
f 585/127/108 579/121/108 582/124/110
f 579/121/108 586/128/108 580/122/45
f 587/129/45 581/123/109 583/125/45
f 584/126/109 581/123/109 588/130/109
f 589/131/47 585/127/108 582/124/110
f 580/122/45 586/128/108 590/132/47
f 588/130/109 581/123/109 587/129/45
f 591/133/47 585/127/108 589/131/47
f 589/131/47 582/124/110 592/134/47
f 592/134/47 582/124/110 584/126/109
f 593/135/47 588/130/109 587/129/45
f 594/136/47 591/133/47 589/131/47
f 595/137/111 589/131/47 592/134/47
f 596/138/113 584/126/109 588/130/109
f 596/138/113 588/130/109 593/135/47
f 594/136/47 589/131/47 595/137/111
f 597/139/47 591/133/47 594/136/47
f 598/140/112 584/126/109 596/138/113
f 598/140/112 592/134/47 584/126/109
f 593/135/47 599/141/112 596/138/113
f 600/142/16 597/139/47 594/136/47
f 601/143/45 592/134/47 598/140/112
f 592/134/47 601/143/45 595/137/111
f 602/144/113 596/138/113 599/141/112
f 603/145/2 597/139/47 600/142/16
f 598/140/112 596/138/113 602/144/113
f 595/137/111 601/143/45 604/146/111
f 600/142/16 605/147/16 603/145/2
f 601/143/45 598/140/112 606/148/111
f 606/148/111 598/140/112 602/144/113
f 604/146/111 607/149/16 595/137/111
f 600/142/16 594/136/47 607/149/16
f 604/146/111 601/143/45 608/150/45
f 608/150/45 601/143/45 606/148/111
f 599/141/112 609/151/113 602/144/113
f 607/149/16 594/136/47 595/137/111
f 606/148/111 610/152/45 608/150/45
f 599/141/112 611/153/47 609/151/113
f 612/154/53 607/149/16 604/146/111
f 602/144/113 613/155/112 606/148/111
f 606/148/111 613/155/112 610/152/45
f 614/156/47 609/151/113 611/153/47
f 615/157/16 600/142/16 607/149/16
f 602/144/113 609/151/113 613/155/112
f 612/154/53 615/157/16 607/149/16
f 616/158/114 609/151/113 614/156/47
f 605/147/16 600/142/16 615/157/16
f 613/155/112 609/151/113 617/159/114
f 618/160/57 615/157/16 612/154/53
f 617/159/114 609/151/113 616/158/114
f 615/157/16 619/161/115 605/147/16
f 617/159/114 620/162/45 613/155/112
f 613/155/112 620/162/45 610/152/45
f 618/160/57 612/154/53 621/163/80
f 622/164/133 619/161/115 615/157/16
f 623/165/114 617/159/114 616/158/114
f 615/157/16 618/160/57 622/164/133
f 621/163/80 612/154/53 624/163/53
f 623/165/114 616/158/114 625/166/47
f 626/167/114 617/159/114 623/165/114
f 626/167/114 620/162/45 617/159/114
f 624/163/53 627/168/57 621/163/80
f 625/166/47 616/158/114 614/156/47
f 623/165/114 628/169/108 626/167/114
f 624/163/53 629/170/45 627/168/57
f 623/165/114 625/166/47 628/169/108
f 621/163/80 627/168/57 630/171/57
f 626/167/114 628/169/108 631/172/108
f 608/150/45 629/170/45 624/163/53
f 630/171/57 632/173/118 621/163/80
f 631/172/108 633/174/47 626/167/114
f 608/150/45 610/152/45 629/170/45
f 634/175/119 632/173/118 630/171/57
f 628/169/108 635/176/117 631/172/108
f 624/163/53 604/146/111 608/150/45
f 630/171/57 636/177/120 634/175/119
f 586/128/108 635/176/117 628/169/108
f 612/154/53 604/146/111 624/163/53
f 637/178/91 636/177/120 630/171/57
f 638/179/45 586/128/108 628/169/108
f 635/176/117 639/180/47 631/172/108
f 636/177/120 637/178/91 640/181/121
f 590/132/47 586/128/108 638/179/45
f 628/169/108 625/166/47 638/179/45
f 631/172/108 639/180/47 641/182/47
f 640/181/121 637/178/91 642/183/91
f 586/128/108 579/121/108 635/176/117
f 641/182/47 633/174/47 631/172/108
f 643/184/21 640/181/121 642/183/91
f 642/183/91 637/178/91 644/185/91
f 635/176/117 579/121/108 585/127/108
f 585/127/108 639/180/47 635/176/117
f 645/186/122 640/181/121 643/184/21
f 644/185/91 637/178/91 646/187/91
f 591/133/47 639/180/47 585/127/108
f 643/184/21 647/188/123 645/186/122
f 644/185/91 646/187/91 648/189/47
f 591/133/47 649/190/47 639/180/47
f 650/191/21 647/188/123 643/184/21
f 651/192/47 644/185/91 648/189/47
f 597/139/47 649/190/47 591/133/47
f 652/193/21 650/191/21 643/184/21
f 652/193/21 644/185/91 651/192/47
f 648/189/47 641/182/47 651/192/47
f 639/180/47 649/190/47 641/182/47
f 653/191/21 650/191/21 652/193/21
f 597/139/47 653/191/21 649/190/47
f 633/174/47 641/182/47 648/189/47
f 641/182/47 649/190/47 651/192/47
f 603/145/2 650/191/21 653/191/21
f 603/145/2 653/191/21 597/139/47
f 651/192/47 653/191/21 652/193/21
f 648/189/47 654/194/111 633/174/47
f 649/190/47 653/191/21 651/192/47
f 655/195/21 650/191/21 603/145/2
f 648/189/47 646/187/91 654/194/111
f 633/174/47 654/194/111 620/162/45
f 644/185/91 652/193/21 642/183/91
f 603/145/2 605/147/16 655/195/21
f 633/174/47 620/162/45 626/167/114
f 620/162/45 654/194/111 610/152/45
f 642/183/91 652/193/21 643/184/21
f 605/147/16 619/161/115 655/195/21
f 654/194/111 646/187/91 629/170/45
f 610/152/45 654/194/111 629/170/45
f 655/195/21 619/161/115 656/196/124
f 629/170/45 646/187/91 627/168/57
f 656/196/124 647/188/123 655/195/21
f 655/195/21 647/188/123 650/191/21
f 646/187/91 637/178/91 627/168/57
f 627/168/57 637/178/91 630/171/57
f 657/197/47 611/153/47 599/141/112
f 657/197/47 599/141/112 593/135/47
f 622/164/133 618/160/57 658/198/125
f 658/198/125 618/160/57 632/173/118
f 632/173/118 618/160/57 621/163/80
f 659/111/134 660/113/67 661/112/67
f 661/112/67 660/113/67 662/114/54
f 662/114/54 663/115/54 661/112/67
f 661/112/67 663/115/54 664/116/54
f 663/115/54 665/117/54 664/116/54
f 664/116/54 665/117/54 666/118/135
f 667/119/135 666/118/135 665/117/54
f 668/120/136 666/118/135 667/119/135
f 669/125/54 670/122/54 671/123/137
f 671/123/137 672/129/54 669/125/54
f 671/123/137 670/122/54 673/121/138
f 674/130/137 672/129/54 671/123/137
f 670/122/54 675/128/138 673/121/138
f 674/130/137 676/135/63 672/129/54
f 671/123/137 677/126/137 674/130/137
f 678/132/54 675/128/138 670/122/54
f 671/123/137 673/121/138 679/124/139
f 680/138/140 676/135/63 674/130/137
f 679/124/139 677/126/137 671/123/137
f 678/132/54 681/179/54 675/128/138
f 677/126/137 680/138/140 674/130/137
f 680/138/140 682/141/141 676/135/63
f 679/124/139 673/121/138 683/127/138
f 675/128/138 681/179/54 684/169/138
f 685/140/141 680/138/140 677/126/137
f 683/127/138 686/131/63 679/124/139
f 684/169/138 687/176/138 675/128/138
f 683/127/138 673/121/138 687/176/138
f 685/140/141 688/144/141 680/138/140
f 680/138/140 688/144/141 682/141/141
f 681/179/54 689/166/135 684/169/138
f 687/176/138 673/121/138 675/128/138
f 677/126/137 690/134/54 685/140/141
f 686/131/63 690/134/54 679/124/139
f 684/169/138 689/166/135 691/165/142
f 692/172/143 687/176/138 684/169/138
f 679/124/139 690/134/54 677/126/137
f 686/131/63 693/137/87 690/134/54
f 691/165/142 689/166/135 694/158/144
f 692/172/143 684/169/138 695/167/145
f 696/136/87 693/137/87 686/131/63
f 695/167/145 684/169/138 691/165/142
f 694/158/144 689/166/135 697/156/54
f 686/131/63 698/133/87 696/136/87
f 695/167/145 691/165/142 699/159/145
f 699/159/145 691/165/142 694/158/144
f 690/134/54 693/137/87 700/143/54
f 696/136/87 698/133/87 701/139/63
f 702/151/141 699/159/145 694/158/144
f 694/158/144 697/156/54 702/151/141
f 700/143/54 693/137/87 703/146/54
f 698/133/87 686/131/63 683/127/138
f 704/155/140 699/159/145 702/151/141
f 685/140/141 690/134/54 700/143/54
f 683/127/138 705/180/87 698/133/87
f 704/155/140 702/151/141 688/144/141
f 700/143/54 706/148/54 685/140/141
f 687/176/138 705/180/87 683/127/138
f 706/148/54 704/155/140 688/144/141
f 702/151/141 697/156/54 707/153/63
f 685/140/141 706/148/54 688/144/141
f 687/176/138 692/172/143 705/180/87
f 707/153/63 682/141/141 702/151/141
f 708/152/54 704/155/140 706/148/54
f 688/144/141 702/151/141 682/141/141
f 705/180/87 692/172/143 709/182/87
f 710/150/54 708/152/54 706/148/54
f 700/143/54 710/150/54 706/148/54
f 708/152/54 711/162/54 704/155/140
f 705/180/87 709/182/87 712/190/63
f 703/146/54 710/150/54 700/143/54
f 713/170/54 708/152/54 710/150/54
f 704/155/140 711/162/54 699/159/145
f 712/190/63 709/182/87 714/192/87
f 715/163/57 713/170/54 710/150/54
f 703/146/54 715/163/57 710/150/54
f 711/162/54 708/152/54 716/194/146
f 714/192/87 709/182/87 717/189/63
f 716/194/146 708/152/54 713/170/54
f 718/168/98 713/170/54 715/163/57
f 716/194/146 719/174/63 711/162/54
f 717/189/63 709/182/87 719/174/63
f 712/190/63 714/192/87 720/191/147
f 721/163/57 718/168/98 715/163/57
f 717/189/63 719/174/63 716/194/146
f 712/190/63 720/191/147 701/139/63
f 722/171/57 718/168/98 721/163/57
f 723/185/91 714/192/87 717/189/63
f 698/133/87 712/190/63 701/139/63
f 724/173/148 722/171/57 721/163/57
f 725/193/21 714/192/87 723/185/91
f 720/191/147 714/192/87 725/193/21
f 705/180/87 712/190/63 698/133/87
f 726/175/149 722/171/57 724/173/148
f 720/191/147 725/193/21 727/191/2
f 723/185/91 717/189/63 728/187/91
f 729/177/150 722/171/57 726/175/149
f 701/139/63 720/191/147 730/145/21
f 720/191/147 727/191/2 730/145/21
f 728/187/91 717/189/63 716/194/146
f 731/178/151 722/171/57 729/177/150
f 731/178/151 723/185/91 728/187/91
f 727/191/2 725/193/21 732/184/21
f 713/170/54 728/187/91 716/194/146
f 729/177/150 733/181/152 731/178/151
f 727/191/2 732/184/21 734/188/153
f 718/168/98 728/187/91 713/170/54
f 722/171/57 731/178/151 718/168/98
f 731/178/151 733/181/152 735/183/91
f 735/183/91 733/181/152 732/184/21
f 723/185/91 735/183/91 725/193/21
f 718/168/98 731/178/151 728/187/91
f 734/188/153 732/184/21 736/186/154
f 735/183/91 723/185/91 731/178/151
f 725/193/21 735/183/91 732/184/21
f 732/184/21 733/181/152 736/186/154
f 727/191/2 734/188/153 737/195/21
f 730/145/21 727/191/2 737/195/21
f 737/195/21 734/188/153 738/196/155
f 739/147/16 730/145/21 737/195/21
f 738/196/155 740/161/156 737/195/21
f 737/195/21 740/161/156 739/147/16
f 741/142/16 730/145/21 739/147/16
f 740/161/156 742/157/16 739/147/16
f 739/147/16 742/157/16 741/142/16
f 730/145/21 741/142/16 701/139/63
f 743/164/157 742/157/16 740/161/156
f 701/139/63 741/142/16 696/136/87
f 742/157/16 743/164/157 744/160/80
f 741/142/16 745/149/16 696/136/87
f 741/142/16 742/157/16 745/149/16
f 744/160/80 743/164/157 746/198/158
f 696/136/87 745/149/16 693/137/87
f 745/149/16 742/157/16 747/154/57
f 747/154/57 742/157/16 744/160/80
f 724/173/148 744/160/80 746/198/158
f 693/137/87 745/149/16 703/146/54
f 703/146/54 745/149/16 747/154/57
f 721/163/57 744/160/80 724/173/148
f 744/160/80 721/163/57 747/154/57
f 747/154/57 715/163/57 703/146/54
f 747/154/57 721/163/57 715/163/57
f 748/197/54 682/141/141 707/153/63
f 676/135/63 682/141/141 748/197/54
f 709/182/87 692/172/143 719/174/63
f 719/174/63 692/172/143 695/167/145
f 719/174/63 695/167/145 711/162/54
f 711/162/54 695/167/145 699/159/145
f 749/111/54 750/113/67 751/112/54
f 751/112/54 750/113/67 752/114/54
f 752/114/54 753/115/54 751/112/54
f 751/112/54 753/115/54 754/116/54
f 753/115/54 755/117/54 754/116/54
f 754/116/54 755/117/54 756/118/54
f 757/119/54 756/118/54 755/117/54
f 758/120/54 756/118/54 757/119/54
f 759/125/87 760/122/67 761/123/137
f 761/123/137 762/129/54 759/125/87
f 761/123/137 760/122/67 763/121/138
f 764/130/137 762/129/54 761/123/137
f 760/122/67 765/128/138 763/121/138
f 764/130/137 766/135/54 762/129/54
f 761/123/137 767/126/137 764/130/137
f 768/132/54 765/128/138 760/122/67
f 761/123/137 763/121/138 769/124/139
f 770/138/140 766/135/54 764/130/137
f 769/124/139 767/126/137 761/123/137
f 768/132/54 771/179/54 765/128/138
f 767/126/137 770/138/140 764/130/137
f 770/138/140 772/141/141 766/135/54
f 769/124/139 763/121/138 773/127/138
f 765/128/138 771/179/54 774/169/138
f 775/140/140 770/138/140 767/126/137
f 773/127/138 776/131/135 769/124/139
f 774/169/138 777/176/138 765/128/138
f 773/127/138 763/121/138 777/176/138
f 775/140/140 778/144/141 770/138/140
f 770/138/140 778/144/141 772/141/141
f 771/179/54 779/166/54 774/169/138
f 777/176/138 763/121/138 765/128/138
f 767/126/137 780/134/54 775/140/140
f 776/131/135 780/134/54 769/124/139
f 774/169/138 779/166/54 781/165/142
f 782/172/143 777/176/138 774/169/138
f 769/124/139 780/134/54 767/126/137
f 776/131/135 783/137/159 780/134/54
f 781/165/142 779/166/54 784/158/145
f 782/172/143 774/169/138 785/167/144
f 786/136/63 783/137/159 776/131/135
f 785/167/144 774/169/138 781/165/142
f 784/158/145 779/166/54 787/156/135
f 776/131/135 788/133/87 786/136/63
f 785/167/144 781/165/142 789/159/145
f 789/159/145 781/165/142 784/158/145
f 780/134/54 783/137/159 790/143/54
f 786/136/63 788/133/87 791/139/160
f 792/151/141 789/159/145 784/158/145
f 784/158/145 787/156/135 792/151/141
f 790/143/54 783/137/159 793/146/135
f 788/133/87 776/131/135 773/127/138
f 794/155/140 789/159/145 792/151/141
f 775/140/140 780/134/54 790/143/54
f 773/127/138 795/180/63 788/133/87
f 794/155/140 792/151/141 778/144/141
f 790/143/54 796/148/54 775/140/140
f 777/176/138 795/180/63 773/127/138
f 796/148/54 794/155/140 778/144/141
f 792/151/141 787/156/135 797/153/54
f 775/140/140 796/148/54 778/144/141
f 777/176/138 782/172/143 795/180/63
f 797/153/54 772/141/141 792/151/141
f 798/152/54 794/155/140 796/148/54
f 778/144/141 792/151/141 772/141/141
f 795/180/63 782/172/143 799/182/87
f 800/150/54 798/152/54 796/148/54
f 790/143/54 800/150/54 796/148/54
f 798/152/54 801/162/54 794/155/140
f 795/180/63 799/182/87 802/190/63
f 793/146/135 800/150/54 790/143/54
f 803/170/67 798/152/54 800/150/54
f 794/155/140 801/162/54 789/159/145
f 802/190/63 799/182/87 804/192/63
f 805/163/57 803/170/67 800/150/54
f 793/146/135 805/163/57 800/150/54
f 801/162/54 798/152/54 806/194/54
f 804/192/63 799/182/87 807/189/146
f 806/194/54 798/152/54 803/170/67
f 808/168/57 803/170/67 805/163/57
f 806/194/54 809/174/67 801/162/54
f 807/189/146 799/182/87 809/174/67
f 802/190/63 804/192/63 810/191/2
f 811/163/57 808/168/57 805/163/57
f 807/189/146 809/174/67 806/194/54
f 802/190/63 810/191/2 791/139/160
f 812/171/57 808/168/57 811/163/57
f 813/185/91 804/192/63 807/189/146
f 788/133/87 802/190/63 791/139/160
f 814/173/148 812/171/57 811/163/57
f 815/193/21 804/192/63 813/185/91
f 810/191/2 804/192/63 815/193/21
f 795/180/63 802/190/63 788/133/87
f 816/175/161 812/171/57 814/173/148
f 810/191/2 815/193/21 817/191/2
f 813/185/91 807/189/146 818/187/91
f 819/177/162 812/171/57 816/175/161
f 791/139/160 810/191/2 820/145/21
f 810/191/2 817/191/2 820/145/21
f 818/187/91 807/189/146 806/194/54
f 821/178/91 812/171/57 819/177/162
f 821/178/91 813/185/91 818/187/91
f 817/191/2 815/193/21 822/184/21
f 803/170/67 818/187/91 806/194/54
f 819/177/162 823/181/163 821/178/91
f 817/191/2 822/184/21 824/188/153
f 808/168/57 818/187/91 803/170/67
f 812/171/57 821/178/91 808/168/57
f 821/178/91 823/181/163 825/183/91
f 825/183/91 823/181/163 822/184/21
f 813/185/91 825/183/91 815/193/21
f 808/168/57 821/178/91 818/187/91
f 824/188/153 822/184/21 826/186/154
f 825/183/91 813/185/91 821/178/91
f 815/193/21 825/183/91 822/184/21
f 822/184/21 823/181/163 826/186/154
f 817/191/2 824/188/153 827/195/21
f 820/145/21 817/191/2 827/195/21
f 827/195/21 824/188/153 828/196/155
f 829/147/16 820/145/21 827/195/21
f 828/196/155 830/161/156 827/195/21
f 827/195/21 830/161/156 829/147/16
f 831/142/16 820/145/21 829/147/16
f 830/161/156 832/157/16 829/147/16
f 829/147/16 832/157/16 831/142/16
f 820/145/21 831/142/16 791/139/160
f 833/164/157 832/157/16 830/161/156
f 791/139/160 831/142/16 786/136/63
f 832/157/16 833/164/157 834/160/57
f 831/142/16 835/149/16 786/136/63
f 831/142/16 832/157/16 835/149/16
f 834/160/57 833/164/157 836/198/158
f 786/136/63 835/149/16 783/137/159
f 835/149/16 832/157/16 837/154/57
f 837/154/57 832/157/16 834/160/57
f 814/173/148 834/160/57 836/198/158
f 783/137/159 835/149/16 793/146/135
f 793/146/135 835/149/16 837/154/57
f 811/163/57 834/160/57 814/173/148
f 834/160/57 811/163/57 837/154/57
f 837/154/57 805/163/57 793/146/135
f 837/154/57 811/163/57 805/163/57
f 838/197/63 772/141/141 797/153/54
f 766/135/54 772/141/141 838/197/63
f 799/182/87 782/172/143 809/174/67
f 809/174/67 782/172/143 785/167/144
f 809/174/67 785/167/144 801/162/54
f 801/162/54 785/167/144 789/159/145
f 839/111/54 840/113/67 841/112/54
f 841/112/54 840/113/67 842/114/54
f 842/114/54 843/115/54 841/112/54
f 841/112/54 843/115/54 844/116/54
f 843/115/54 845/117/54 844/116/54
f 844/116/54 845/117/54 846/118/54
f 847/119/54 846/118/54 845/117/54
f 848/120/54 846/118/54 847/119/54
f 849/125/63 850/122/67 851/123/137
f 851/123/137 852/129/54 849/125/63
f 851/123/137 850/122/67 853/121/138
f 854/130/137 852/129/54 851/123/137
f 850/122/67 855/128/138 853/121/138
f 854/130/137 856/135/54 852/129/54
f 851/123/137 857/126/137 854/130/137
f 858/132/54 855/128/138 850/122/67
f 851/123/137 853/121/138 859/124/139
f 860/138/140 856/135/54 854/130/137
f 859/124/139 857/126/137 851/123/137
f 858/132/54 861/179/67 855/128/138
f 857/126/137 860/138/140 854/130/137
f 860/138/140 862/141/141 856/135/54
f 859/124/139 853/121/138 863/127/138
f 855/128/138 861/179/67 864/169/138
f 865/140/164 860/138/140 857/126/137
f 863/127/138 866/131/159 859/124/139
f 864/169/138 867/176/138 855/128/138
f 863/127/138 853/121/138 867/176/138
f 865/140/164 868/144/141 860/138/140
f 860/138/140 868/144/141 862/141/141
f 861/179/67 869/166/54 864/169/138
f 867/176/138 853/121/138 855/128/138
f 857/126/137 870/134/54 865/140/164
f 866/131/159 870/134/54 859/124/139
f 864/169/138 869/166/54 871/165/142
f 872/172/138 867/176/138 864/169/138
f 859/124/139 870/134/54 857/126/137
f 866/131/159 873/137/159 870/134/54
f 871/165/142 869/166/54 874/158/144
f 872/172/138 864/169/138 875/167/144
f 876/136/63 873/137/159 866/131/159
f 875/167/144 864/169/138 871/165/142
f 874/158/144 869/166/54 877/156/135
f 866/131/159 878/133/87 876/136/63
f 875/167/144 871/165/142 879/159/145
f 879/159/145 871/165/142 874/158/144
f 870/134/54 873/137/159 880/143/54
f 876/136/63 878/133/87 881/139/63
f 882/151/141 879/159/145 874/158/144
f 874/158/144 877/156/135 882/151/141
f 880/143/54 873/137/159 883/146/135
f 878/133/87 866/131/159 863/127/138
f 884/155/140 879/159/145 882/151/141
f 865/140/164 870/134/54 880/143/54
f 863/127/138 885/180/63 878/133/87
f 884/155/140 882/151/141 868/144/141
f 880/143/54 886/148/54 865/140/164
f 867/176/138 885/180/63 863/127/138
f 886/148/54 884/155/140 868/144/141
f 882/151/141 877/156/135 887/153/87
f 865/140/164 886/148/54 868/144/141
f 867/176/138 872/172/138 885/180/63
f 887/153/87 862/141/141 882/151/141
f 888/152/54 884/155/140 886/148/54
f 868/144/141 882/151/141 862/141/141
f 885/180/63 872/172/138 889/182/63
f 890/150/54 888/152/54 886/148/54
f 880/143/54 890/150/54 886/148/54
f 888/152/54 891/162/54 884/155/140
f 885/180/63 889/182/63 892/190/63
f 883/146/135 890/150/54 880/143/54
f 893/170/67 888/152/54 890/150/54
f 884/155/140 891/162/54 879/159/145
f 892/190/63 889/182/63 894/192/63
f 895/163/57 893/170/67 890/150/54
f 883/146/135 895/163/57 890/150/54
f 891/162/54 888/152/54 896/194/67
f 894/192/63 889/182/63 897/189/146
f 896/194/67 888/152/54 893/170/67
f 898/168/57 893/170/67 895/163/57
f 896/194/67 899/174/67 891/162/54
f 897/189/146 889/182/63 899/174/67
f 892/190/63 894/192/63 900/191/2
f 901/163/57 898/168/57 895/163/57
f 897/189/146 899/174/67 896/194/67
f 892/190/63 900/191/2 881/139/63
f 902/171/57 898/168/57 901/163/57
f 903/185/91 894/192/63 897/189/146
f 878/133/87 892/190/63 881/139/63
f 904/173/148 902/171/57 901/163/57
f 905/193/21 894/192/63 903/185/91
f 900/191/2 894/192/63 905/193/21
f 885/180/63 892/190/63 878/133/87
f 906/175/161 902/171/57 904/173/148
f 900/191/2 905/193/21 907/191/2
f 903/185/91 897/189/146 908/187/151
f 909/177/162 902/171/57 906/175/161
f 881/139/63 900/191/2 910/145/21
f 900/191/2 907/191/2 910/145/21
f 908/187/151 897/189/146 896/194/67
f 911/178/91 902/171/57 909/177/162
f 911/178/91 903/185/91 908/187/151
f 907/191/2 905/193/21 912/184/21
f 893/170/67 908/187/151 896/194/67
f 909/177/162 913/181/163 911/178/91
f 907/191/2 912/184/21 914/188/153
f 898/168/57 908/187/151 893/170/67
f 902/171/57 911/178/91 898/168/57
f 911/178/91 913/181/163 915/183/91
f 915/183/91 913/181/163 912/184/21
f 903/185/91 915/183/91 905/193/21
f 898/168/57 911/178/91 908/187/151
f 914/188/153 912/184/21 916/186/154
f 915/183/91 903/185/91 911/178/91
f 905/193/21 915/183/91 912/184/21
f 912/184/21 913/181/163 916/186/154
f 907/191/2 914/188/153 917/195/21
f 910/145/21 907/191/2 917/195/21
f 917/195/21 914/188/153 918/196/155
f 919/147/16 910/145/21 917/195/21
f 918/196/155 920/161/156 917/195/21
f 917/195/21 920/161/156 919/147/16
f 921/142/16 910/145/21 919/147/16
f 920/161/156 922/157/16 919/147/16
f 919/147/16 922/157/16 921/142/16
f 910/145/21 921/142/16 881/139/63
f 923/164/157 922/157/16 920/161/156
f 881/139/63 921/142/16 876/136/63
f 922/157/16 923/164/157 924/160/57
f 921/142/16 925/149/16 876/136/63
f 921/142/16 922/157/16 925/149/16
f 924/160/57 923/164/157 926/198/158
f 876/136/63 925/149/16 873/137/159
f 925/149/16 922/157/16 927/154/57
f 927/154/57 922/157/16 924/160/57
f 904/173/148 924/160/57 926/198/158
f 873/137/159 925/149/16 883/146/135
f 883/146/135 925/149/16 927/154/57
f 901/163/57 924/160/57 904/173/148
f 924/160/57 901/163/57 927/154/57
f 927/154/57 895/163/57 883/146/135
f 927/154/57 901/163/57 895/163/57
f 928/197/63 862/141/141 887/153/87
f 856/135/54 862/141/141 928/197/63
f 889/182/63 872/172/138 899/174/67
f 899/174/67 872/172/138 875/167/144
f 899/174/67 875/167/144 891/162/54
f 891/162/54 875/167/144 879/159/145
f 929/111/134 930/113/67 931/112/67
f 931/112/67 930/113/67 932/114/54
f 932/114/54 933/115/54 931/112/67
f 931/112/67 933/115/54 934/116/54
f 933/115/54 935/117/54 934/116/54
f 934/116/54 935/117/54 936/118/135
f 937/119/135 936/118/135 935/117/54
f 938/120/136 936/118/135 937/119/135
f 939/125/63 940/122/54 941/123/137
f 941/123/137 942/129/54 939/125/63
f 941/123/137 940/122/54 943/121/138
f 944/130/137 942/129/54 941/123/137
f 940/122/54 945/128/138 943/121/138
f 944/130/137 946/135/63 942/129/54
f 941/123/137 947/126/137 944/130/137
f 948/132/54 945/128/138 940/122/54
f 941/123/137 943/121/138 949/124/139
f 950/138/140 946/135/63 944/130/137
f 949/124/139 947/126/137 941/123/137
f 948/132/54 951/179/54 945/128/138
f 947/126/137 950/138/140 944/130/137
f 950/138/140 952/141/141 946/135/63
f 949/124/139 943/121/138 953/127/138
f 945/128/138 951/179/54 954/169/165
f 955/140/141 950/138/140 947/126/137
f 953/127/138 956/131/159 949/124/139
f 954/169/165 957/176/138 945/128/138
f 953/127/138 943/121/138 957/176/138
f 955/140/141 958/144/141 950/138/140
f 950/138/140 958/144/141 952/141/141
f 951/179/54 959/166/54 954/169/165
f 957/176/138 943/121/138 945/128/138
f 947/126/137 960/134/54 955/140/141
f 956/131/159 960/134/54 949/124/139
f 954/169/165 959/166/54 961/165/142
f 962/172/138 957/176/138 954/169/165
f 949/124/139 960/134/54 947/126/137
f 956/131/159 963/137/87 960/134/54
f 961/165/142 959/166/54 964/158/144
f 962/172/138 954/169/165 965/167/145
f 966/136/63 963/137/87 956/131/159
f 965/167/145 954/169/165 961/165/142
f 964/158/144 959/166/54 967/156/54
f 956/131/159 968/133/87 966/136/63
f 965/167/145 961/165/142 969/159/145
f 969/159/145 961/165/142 964/158/144
f 960/134/54 963/137/87 970/143/54
f 966/136/63 968/133/87 971/139/63
f 972/151/141 969/159/145 964/158/144
f 964/158/144 967/156/54 972/151/141
f 970/143/54 963/137/87 973/146/54
f 968/133/87 956/131/159 953/127/138
f 974/155/140 969/159/145 972/151/141
f 955/140/141 960/134/54 970/143/54
f 953/127/138 975/180/63 968/133/87
f 974/155/140 972/151/141 958/144/141
f 970/143/54 976/148/54 955/140/141
f 957/176/138 975/180/63 953/127/138
f 976/148/54 974/155/140 958/144/141
f 972/151/141 967/156/54 977/153/63
f 955/140/141 976/148/54 958/144/141
f 957/176/138 962/172/138 975/180/63
f 977/153/63 952/141/141 972/151/141
f 978/152/54 974/155/140 976/148/54
f 958/144/141 972/151/141 952/141/141
f 975/180/63 962/172/138 979/182/87
f 980/150/54 978/152/54 976/148/54
f 970/143/54 980/150/54 976/148/54
f 978/152/54 981/162/54 974/155/140
f 975/180/63 979/182/87 982/190/63
f 973/146/54 980/150/54 970/143/54
f 983/170/54 978/152/54 980/150/54
f 974/155/140 981/162/54 969/159/145
f 982/190/63 979/182/87 984/192/54
f 985/163/57 983/170/54 980/150/54
f 973/146/54 985/163/57 980/150/54
f 981/162/54 978/152/54 986/194/63
f 984/192/54 979/182/87 987/189/63
f 986/194/63 978/152/54 983/170/54
f 988/168/53 983/170/54 985/163/57
f 986/194/63 989/174/63 981/162/54
f 987/189/63 979/182/87 989/174/63
f 982/190/63 984/192/54 990/191/166
f 991/163/57 988/168/53 985/163/57
f 987/189/63 989/174/63 986/194/63
f 982/190/63 990/191/166 971/139/63
f 992/171/57 988/168/53 991/163/57
f 993/185/91 984/192/54 987/189/63
f 968/133/87 982/190/63 971/139/63
f 994/173/148 992/171/57 991/163/57
f 995/193/21 984/192/54 993/185/91
f 990/191/166 984/192/54 995/193/21
f 975/180/63 982/190/63 968/133/87
f 996/175/161 992/171/57 994/173/148
f 990/191/166 995/193/21 997/191/2
f 993/185/91 987/189/63 998/187/91
f 999/177/150 992/171/57 996/175/161
f 971/139/63 990/191/166 1000/145/21
f 990/191/166 997/191/2 1000/145/21
f 998/187/91 987/189/63 986/194/63
f 1001/178/151 992/171/57 999/177/150
f 1001/178/151 993/185/91 998/187/91
f 997/191/2 995/193/21 1002/184/21
f 983/170/54 998/187/91 986/194/63
f 999/177/150 1003/181/152 1001/178/151
f 997/191/2 1002/184/21 1004/188/153
f 988/168/53 998/187/91 983/170/54
f 992/171/57 1001/178/151 988/168/53
f 1001/178/151 1003/181/152 1005/183/91
f 1005/183/91 1003/181/152 1002/184/21
f 993/185/91 1005/183/91 995/193/21
f 988/168/53 1001/178/151 998/187/91
f 1004/188/153 1002/184/21 1006/186/154
f 1005/183/91 993/185/91 1001/178/151
f 995/193/21 1005/183/91 1002/184/21
f 1002/184/21 1003/181/152 1006/186/154
f 997/191/2 1004/188/153 1007/195/21
f 1000/145/21 997/191/2 1007/195/21
f 1007/195/21 1004/188/153 1008/196/155
f 1009/147/16 1000/145/21 1007/195/21
f 1008/196/155 1010/161/156 1007/195/21
f 1007/195/21 1010/161/156 1009/147/16
f 1011/142/16 1000/145/21 1009/147/16
f 1010/161/156 1012/157/16 1009/147/16
f 1009/147/16 1012/157/16 1011/142/16
f 1000/145/21 1011/142/16 971/139/63
f 1013/164/157 1012/157/16 1010/161/156
f 971/139/63 1011/142/16 966/136/63
f 1012/157/16 1013/164/157 1014/160/80
f 1011/142/16 1015/149/16 966/136/63
f 1011/142/16 1012/157/16 1015/149/16
f 1014/160/80 1013/164/157 1016/198/158
f 966/136/63 1015/149/16 963/137/87
f 1015/149/16 1012/157/16 1017/154/57
f 1017/154/57 1012/157/16 1014/160/80
f 994/173/148 1014/160/80 1016/198/158
f 963/137/87 1015/149/16 973/146/54
f 973/146/54 1015/149/16 1017/154/57
f 991/163/57 1014/160/80 994/173/148
f 1014/160/80 991/163/57 1017/154/57
f 1017/154/57 985/163/57 973/146/54
f 1017/154/57 991/163/57 985/163/57
f 1018/197/63 952/141/141 977/153/63
f 946/135/63 952/141/141 1018/197/63
f 979/182/87 962/172/138 989/174/63
f 989/174/63 962/172/138 965/167/145
f 989/174/63 965/167/145 981/162/54
f 981/162/54 965/167/145 969/159/145
f 1019/111/167 1020/113/28 1021/112/21
f 1021/112/21 1020/113/28 1022/114/21
f 1022/114/21 1023/115/21 1021/112/21
f 1021/112/21 1023/115/21 1024/116/21
f 1023/115/21 1025/117/21 1024/116/21
f 1024/116/21 1025/117/21 1026/118/28
f 1027/119/21 1026/118/28 1025/117/21
f 1028/120/168 1026/118/28 1027/119/21
f 1029/125/21 1030/122/21 1031/123/169
f 1031/123/169 1032/129/21 1029/125/21
f 1031/123/169 1030/122/21 1033/121/170
f 1034/130/169 1032/129/21 1031/123/169
f 1030/122/21 1035/128/171 1033/121/170
f 1034/130/169 1036/135/2 1032/129/21
f 1031/123/169 1037/126/169 1034/130/169
f 1038/132/21 1035/128/171 1030/122/21
f 1031/123/169 1033/121/170 1039/124/169
f 1040/138/172 1036/135/2 1034/130/169
f 1039/124/169 1037/126/169 1031/123/169
f 1038/132/21 1041/179/21 1035/128/171
f 1037/126/169 1040/138/172 1034/130/169
f 1040/138/172 1042/141/173 1036/135/2
f 1039/124/169 1033/121/170 1043/127/171
f 1035/128/171 1041/179/21 1044/169/171
f 1045/140/174 1040/138/172 1037/126/169
f 1043/127/171 1046/131/2 1039/124/169
f 1044/169/171 1047/176/171 1035/128/171
f 1043/127/171 1033/121/170 1047/176/171
f 1045/140/174 1048/144/173 1040/138/172
f 1040/138/172 1048/144/173 1042/141/173
f 1041/179/21 1049/166/21 1044/169/171
f 1047/176/171 1033/121/170 1035/128/171
f 1037/126/169 1050/134/28 1045/140/174
f 1046/131/2 1050/134/28 1039/124/169
f 1044/169/171 1049/166/21 1051/165/175
f 1052/172/171 1047/176/171 1044/169/171
f 1039/124/169 1050/134/28 1037/126/169
f 1046/131/2 1053/137/2 1050/134/28
f 1051/165/175 1049/166/21 1054/158/176
f 1052/172/171 1044/169/171 1055/167/177
f 1056/136/2 1053/137/2 1046/131/2
f 1055/167/177 1044/169/171 1051/165/175
f 1054/158/176 1049/166/21 1057/156/21
f 1046/131/2 1058/133/2 1056/136/2
f 1055/167/177 1051/165/175 1059/159/177
f 1059/159/177 1051/165/175 1054/158/176
f 1050/134/28 1053/137/2 1060/143/21
f 1056/136/2 1058/133/2 1061/139/178
f 1062/151/173 1059/159/177 1054/158/176
f 1054/158/176 1057/156/21 1062/151/173
f 1060/143/21 1053/137/2 1063/146/21
f 1058/133/2 1046/131/2 1043/127/171
f 1064/155/174 1059/159/177 1062/151/173
f 1045/140/174 1050/134/28 1060/143/21
f 1043/127/171 1065/180/2 1058/133/2
f 1064/155/174 1062/151/173 1048/144/173
f 1060/143/21 1066/148/21 1045/140/174
f 1047/176/171 1065/180/2 1043/127/171
f 1066/148/21 1064/155/174 1048/144/173
f 1062/151/173 1057/156/21 1067/153/2
f 1045/140/174 1066/148/21 1048/144/173
f 1047/176/171 1052/172/171 1065/180/2
f 1067/153/2 1042/141/173 1062/151/173
f 1068/152/21 1064/155/174 1066/148/21
f 1048/144/173 1062/151/173 1042/141/173
f 1065/180/2 1052/172/171 1069/182/2
f 1070/150/21 1068/152/21 1066/148/21
f 1060/143/21 1070/150/21 1066/148/21
f 1068/152/21 1071/162/27 1064/155/174
f 1065/180/2 1069/182/2 1072/190/21
f 1063/146/21 1070/150/21 1060/143/21
f 1073/170/21 1068/152/21 1070/150/21
f 1064/155/174 1071/162/27 1059/159/177
f 1072/190/21 1069/182/2 1074/192/21
f 1075/163/54 1073/170/21 1070/150/21
f 1063/146/21 1075/163/54 1070/150/21
f 1071/162/27 1068/152/21 1076/194/2
f 1074/192/21 1069/182/2 1077/189/27
f 1076/194/2 1068/152/21 1073/170/21
f 1078/168/54 1073/170/21 1075/163/54
f 1076/194/2 1079/174/2 1071/162/27
f 1077/189/27 1069/182/2 1079/174/2
f 1072/190/21 1074/192/21 1080/191/111
f 1081/163/54 1078/168/54 1075/163/54
f 1077/189/27 1079/174/2 1076/194/2
f 1072/190/21 1080/191/111 1061/139/178
f 1082/171/67 1078/168/54 1081/163/54
f 1083/185/91 1074/192/21 1077/189/27
f 1058/133/2 1072/190/21 1061/139/178
f 1084/173/179 1082/171/67 1081/163/54
f 1085/193/47 1074/192/21 1083/185/91
f 1080/191/111 1074/192/21 1085/193/47
f 1065/180/2 1072/190/21 1058/133/2
f 1086/175/180 1082/171/67 1084/173/179
f 1080/191/111 1085/193/47 1087/191/111
f 1083/185/91 1077/189/27 1088/187/128
f 1089/177/181 1082/171/67 1086/175/180
f 1061/139/178 1080/191/111 1090/145/45
f 1080/191/111 1087/191/111 1090/145/45
f 1088/187/128 1077/189/27 1076/194/2
f 1091/178/91 1082/171/67 1089/177/181
f 1091/178/91 1083/185/91 1088/187/128
f 1087/191/111 1085/193/47 1092/184/47
f 1073/170/21 1088/187/128 1076/194/2
f 1089/177/181 1093/181/182 1091/178/91
f 1087/191/111 1092/184/47 1094/188/183
f 1078/168/54 1088/187/128 1073/170/21
f 1082/171/67 1091/178/91 1078/168/54
f 1091/178/91 1093/181/182 1095/183/91
f 1095/183/91 1093/181/182 1092/184/47
f 1083/185/91 1095/183/91 1085/193/47
f 1078/168/54 1091/178/91 1088/187/128
f 1094/188/183 1092/184/47 1096/186/184
f 1095/183/91 1083/185/91 1091/178/91
f 1085/193/47 1095/183/91 1092/184/47
f 1092/184/47 1093/181/182 1096/186/184
f 1087/191/111 1094/188/183 1097/195/47
f 1090/145/45 1087/191/111 1097/195/47
f 1097/195/47 1094/188/183 1098/196/185
f 1099/147/16 1090/145/45 1097/195/47
f 1098/196/185 1100/161/186 1097/195/47
f 1097/195/47 1100/161/186 1099/147/16
f 1101/142/16 1090/145/45 1099/147/16
f 1100/161/186 1102/157/16 1099/147/16
f 1099/147/16 1102/157/16 1101/142/16
f 1090/145/45 1101/142/16 1061/139/178
f 1103/164/187 1102/157/16 1100/161/186
f 1061/139/178 1101/142/16 1056/136/2
f 1102/157/16 1103/164/187 1104/160/63
f 1101/142/16 1105/149/16 1056/136/2
f 1101/142/16 1102/157/16 1105/149/16
f 1104/160/63 1103/164/187 1106/198/188
f 1056/136/2 1105/149/16 1053/137/2
f 1105/149/16 1102/157/16 1107/154/54
f 1107/154/54 1102/157/16 1104/160/63
f 1084/173/179 1104/160/63 1106/198/188
f 1053/137/2 1105/149/16 1063/146/21
f 1063/146/21 1105/149/16 1107/154/54
f 1081/163/54 1104/160/63 1084/173/179
f 1104/160/63 1081/163/54 1107/154/54
f 1107/154/54 1075/163/54 1063/146/21
f 1107/154/54 1081/163/54 1075/163/54
f 1108/197/21 1042/141/173 1067/153/2
f 1036/135/2 1042/141/173 1108/197/21
f 1069/182/2 1052/172/171 1079/174/2
f 1079/174/2 1052/172/171 1055/167/177
f 1079/174/2 1055/167/177 1071/162/27
f 1071/162/27 1055/167/177 1059/159/177
f 1109/111/167 1110/113/28 1111/112/21
f 1111/112/21 1110/113/28 1112/114/21
f 1112/114/21 1113/115/21 1111/112/21
f 1111/112/21 1113/115/21 1114/116/21
f 1113/115/21 1115/117/21 1114/116/21
f 1114/116/21 1115/117/21 1116/118/28
f 1117/119/21 1116/118/28 1115/117/21
f 1118/120/168 1116/118/28 1117/119/21
f 1119/125/166 1120/122/21 1121/123/169
f 1121/123/169 1122/129/2 1119/125/166
f 1121/123/169 1120/122/21 1123/121/171
f 1124/130/169 1122/129/2 1121/123/169
f 1120/122/21 1125/128/171 1123/121/171
f 1124/130/169 1126/135/21 1122/129/2
f 1121/123/169 1127/126/169 1124/130/169
f 1128/132/21 1125/128/171 1120/122/21
f 1121/123/169 1123/121/171 1129/124/169
f 1130/138/174 1126/135/21 1124/130/169
f 1129/124/169 1127/126/169 1121/123/169
f 1128/132/21 1131/179/21 1125/128/171
f 1127/126/169 1130/138/174 1124/130/169
f 1130/138/174 1132/141/173 1126/135/21
f 1129/124/169 1123/121/171 1133/127/171
f 1125/128/171 1131/179/21 1134/169/171
f 1135/140/174 1130/138/174 1127/126/169
f 1133/127/171 1136/131/2 1129/124/169
f 1134/169/171 1137/176/170 1125/128/171
f 1133/127/171 1123/121/171 1137/176/170
f 1135/140/174 1138/144/173 1130/138/174
f 1130/138/174 1138/144/173 1132/141/173
f 1131/179/21 1139/166/21 1134/169/171
f 1137/176/170 1123/121/171 1125/128/171
f 1127/126/169 1140/134/28 1135/140/174
f 1136/131/2 1140/134/28 1129/124/169
f 1134/169/171 1139/166/21 1141/165/177
f 1142/172/171 1137/176/170 1134/169/171
f 1129/124/169 1140/134/28 1127/126/169
f 1136/131/2 1143/137/2 1140/134/28
f 1141/165/177 1139/166/21 1144/158/177
f 1142/172/171 1134/169/171 1145/167/177
f 1146/136/2 1143/137/2 1136/131/2
f 1145/167/177 1134/169/171 1141/165/177
f 1144/158/177 1139/166/21 1147/156/21
f 1136/131/2 1148/133/189 1146/136/2
f 1145/167/177 1141/165/177 1149/159/177
f 1149/159/177 1141/165/177 1144/158/177
f 1140/134/28 1143/137/2 1150/143/21
f 1146/136/2 1148/133/189 1151/139/2
f 1152/151/173 1149/159/177 1144/158/177
f 1144/158/177 1147/156/21 1152/151/173
f 1150/143/21 1143/137/2 1153/146/21
f 1148/133/189 1136/131/2 1133/127/171
f 1154/155/174 1149/159/177 1152/151/173
f 1135/140/174 1140/134/28 1150/143/21
f 1133/127/171 1155/180/2 1148/133/189
f 1154/155/174 1152/151/173 1138/144/173
f 1150/143/21 1156/148/21 1135/140/174
f 1137/176/170 1155/180/2 1133/127/171
f 1156/148/21 1154/155/174 1138/144/173
f 1152/151/173 1147/156/21 1157/153/2
f 1135/140/174 1156/148/21 1138/144/173
f 1137/176/170 1142/172/171 1155/180/2
f 1157/153/2 1132/141/173 1152/151/173
f 1158/152/21 1154/155/174 1156/148/21
f 1138/144/173 1152/151/173 1132/141/173
f 1155/180/2 1142/172/171 1159/182/166
f 1160/150/21 1158/152/21 1156/148/21
f 1150/143/21 1160/150/21 1156/148/21
f 1158/152/21 1161/162/27 1154/155/174
f 1155/180/2 1159/182/166 1162/190/21
f 1153/146/21 1160/150/21 1150/143/21
f 1163/170/21 1158/152/21 1160/150/21
f 1154/155/174 1161/162/27 1149/159/177
f 1162/190/21 1159/182/166 1164/192/2
f 1165/163/54 1163/170/21 1160/150/21
f 1153/146/21 1165/163/54 1160/150/21
f 1161/162/27 1158/152/21 1166/194/21
f 1164/192/2 1159/182/166 1167/189/2
f 1166/194/21 1158/152/21 1163/170/21
f 1168/168/63 1163/170/21 1165/163/54
f 1166/194/21 1169/174/190 1161/162/27
f 1167/189/2 1159/182/166 1169/174/190
f 1162/190/21 1164/192/2 1170/191/111
f 1171/163/54 1168/168/63 1165/163/54
f 1167/189/2 1169/174/190 1166/194/21
f 1162/190/21 1170/191/111 1151/139/2
f 1172/171/67 1168/168/63 1171/163/54
f 1173/185/91 1164/192/2 1167/189/2
f 1148/133/189 1162/190/21 1151/139/2
f 1174/173/179 1172/171/67 1171/163/54
f 1175/193/47 1164/192/2 1173/185/91
f 1170/191/111 1164/192/2 1175/193/47
f 1155/180/2 1162/190/21 1148/133/189
f 1176/175/180 1172/171/67 1174/173/179
f 1170/191/111 1175/193/47 1177/191/126
f 1173/185/91 1167/189/2 1178/187/91
f 1179/177/191 1172/171/67 1176/175/180
f 1151/139/2 1170/191/111 1180/145/47
f 1170/191/111 1177/191/126 1180/145/47
f 1178/187/91 1167/189/2 1166/194/21
f 1181/178/91 1172/171/67 1179/177/191
f 1181/178/91 1173/185/91 1178/187/91
f 1177/191/126 1175/193/47 1182/184/45
f 1163/170/21 1178/187/91 1166/194/21
f 1179/177/191 1183/181/182 1181/178/91
f 1177/191/126 1182/184/45 1184/188/183
f 1168/168/63 1178/187/91 1163/170/21
f 1172/171/67 1181/178/91 1168/168/63
f 1181/178/91 1183/181/182 1185/183/91
f 1185/183/91 1183/181/182 1182/184/45
f 1173/185/91 1185/183/91 1175/193/47
f 1168/168/63 1181/178/91 1178/187/91
f 1184/188/183 1182/184/45 1186/186/184
f 1185/183/91 1173/185/91 1181/178/91
f 1175/193/47 1185/183/91 1182/184/45
f 1182/184/45 1183/181/182 1186/186/184
f 1177/191/126 1184/188/183 1187/195/45
f 1180/145/47 1177/191/126 1187/195/45
f 1187/195/45 1184/188/183 1188/196/185
f 1189/147/16 1180/145/47 1187/195/45
f 1188/196/185 1190/161/186 1187/195/45
f 1187/195/45 1190/161/186 1189/147/16
f 1191/142/16 1180/145/47 1189/147/16
f 1190/161/186 1192/157/16 1189/147/16
f 1189/147/16 1192/157/16 1191/142/16
f 1180/145/47 1191/142/16 1151/139/2
f 1193/164/192 1192/157/16 1190/161/186
f 1151/139/2 1191/142/16 1146/136/2
f 1192/157/16 1193/164/192 1194/160/54
f 1191/142/16 1195/149/193 1146/136/2
f 1191/142/16 1192/157/16 1195/149/193
f 1194/160/54 1193/164/192 1196/198/188
f 1146/136/2 1195/149/193 1143/137/2
f 1195/149/193 1192/157/16 1197/154/54
f 1197/154/54 1192/157/16 1194/160/54
f 1174/173/179 1194/160/54 1196/198/188
f 1143/137/2 1195/149/193 1153/146/21
f 1153/146/21 1195/149/193 1197/154/54
f 1171/163/54 1194/160/54 1174/173/179
f 1194/160/54 1171/163/54 1197/154/54
f 1197/154/54 1165/163/54 1153/146/21
f 1197/154/54 1171/163/54 1165/163/54
f 1198/197/2 1132/141/173 1157/153/2
f 1126/135/21 1132/141/173 1198/197/2
f 1159/182/166 1142/172/171 1169/174/190
f 1169/174/190 1142/172/171 1145/167/177
f 1169/174/190 1145/167/177 1161/162/27
f 1161/162/27 1145/167/177 1149/159/177
f 1199/199/194 1200/200/195 1201/201/196
f 1201/201/196 1202/202/196 1199/199/194
f 1201/201/196 1200/200/195 1203/203/195
f 1204/204/196 1202/202/196 1201/201/196
f 1200/200/195 1205/205/197 1203/203/195
f 1206/201/198 1202/202/196 1204/204/196
f 1203/203/195 1205/205/197 1207/206/197
f 1208/199/199 1202/202/196 1206/201/198
f 1205/205/197 1209/207/200 1207/206/197
f 1210/203/201 1208/199/199 1206/201/198
f 1207/206/197 1209/207/200 1211/208/200
f 1212/200/201 1208/199/199 1210/203/201
f 1209/207/200 1213/209/202 1211/208/200
f 1214/206/203 1212/200/201 1210/203/201
f 1211/208/200 1213/209/202 1215/210/202
f 1216/205/203 1212/200/201 1214/206/203
f 1213/209/202 1217/211/204 1215/210/202
f 1218/208/205 1216/205/203 1214/206/203
f 1215/210/202 1217/211/204 1219/212/204
f 1220/207/205 1216/205/203 1218/208/205
f 1217/211/204 1221/209/206 1219/212/204
f 1221/209/206 1220/207/205 1222/210/206
f 1222/210/206 1220/207/205 1218/208/205
f 1219/212/204 1221/209/206 1222/210/206
f 1223/213/57 1224/214/57 1225/215/53
f 1226/216/203 1223/213/57 1225/215/53
f 1227/217/207 1225/215/53 1224/214/57
f 1226/216/203 1225/215/53 1227/217/207
f 1228/218/208 1223/213/57 1226/216/203
f 1227/217/207 1224/214/57 1229/219/209
f 1228/218/208 1230/220/57 1223/213/57
f 1230/220/57 1224/214/57 1223/213/57
f 1229/219/209 1224/214/57 1231/221/57
f 1231/221/57 1224/214/57 1230/220/57
f 1232/222/210 1230/220/57 1228/218/208
f 1229/219/209 1231/221/57 1233/223/196
f 1232/222/210 1234/224/57 1230/220/57
f 1233/223/196 1231/221/57 1235/225/49
f 1235/225/49 1230/220/57 1234/224/57
f 1231/221/57 1230/220/57 1235/225/49
f 1236/226/211 1234/224/57 1232/222/210
f 1235/225/49 1237/227/196 1233/223/196
f 1236/226/211 1238/228/57 1234/224/57
f 1239/229/57 1237/227/196 1235/225/49
f 1239/229/57 1234/224/57 1238/228/57
f 1235/225/49 1234/224/57 1239/229/57
f 1240/230/212 1238/228/57 1236/226/211
f 1237/227/196 1239/229/57 1241/231/213
f 1240/230/212 1242/232/57 1238/228/57
f 1241/231/213 1239/229/57 1243/233/57
f 1243/233/57 1238/228/57 1242/232/57
f 1239/229/57 1238/228/57 1243/233/57
f 1244/234/214 1242/232/57 1240/230/212
f 1241/231/213 1243/233/57 1245/235/215
f 1245/235/215 1246/236/53 1244/234/214
f 1244/234/214 1246/236/53 1242/232/57
f 1245/235/215 1243/233/57 1246/236/53
f 1243/233/57 1242/232/57 1246/236/53
f 1247/237/21 1248/238/21 1249/239/166
f 1249/239/166 1250/216/203 1247/237/21
f 1248/238/21 1251/218/216 1249/239/166
f 1249/239/166 1251/218/216 1250/216/203
f 1247/237/21 1250/216/203 1252/217/201
f 1248/238/21 1253/222/206 1251/218/216
f 1247/237/21 1252/217/201 1254/240/21
f 1255/241/28 1253/222/206 1248/238/21
f 1254/240/21 1255/241/28 1247/237/21
f 1247/237/21 1255/241/28 1248/238/21
f 1254/240/21 1252/217/201 1256/219/209
f 1255/241/28 1257/226/211 1253/222/206
f 1254/240/21 1256/219/209 1258/242/21
f 1259/243/217 1257/226/211 1255/241/28
f 1258/242/21 1259/243/217 1254/240/21
f 1254/240/21 1259/243/217 1255/241/28
f 1258/242/21 1256/219/209 1260/223/196
f 1259/243/217 1261/244/218 1257/226/211
f 1260/223/196 1262/245/21 1258/242/21
f 1258/242/21 1262/245/21 1259/243/217
f 1263/246/166 1261/244/218 1259/243/217
f 1259/243/217 1262/245/21 1263/246/166
f 1264/247/196 1262/245/21 1260/223/196
f 1263/246/166 1265/248/214 1261/244/218
f 1262/245/21 1264/247/196 1266/249/21
f 1267/250/166 1265/248/214 1263/246/166
f 1263/246/166 1262/245/21 1267/250/166
f 1267/250/166 1262/245/21 1266/249/21
f 1266/249/21 1264/247/196 1268/251/213
f 1267/250/166 1269/252/215 1265/248/214
f 1266/249/21 1268/251/213 1270/253/21
f 1270/253/21 1269/252/215 1267/250/166
f 1267/250/166 1266/249/21 1270/253/21
f 1270/253/21 1268/251/213 1269/252/215
f 1271/254/57 1272/255/53 1273/256/80
f 1274/257/57 1271/254/57 1273/256/80
f 1273/256/80 1272/255/53 1275/258/80
f 1276/259/57 1271/254/57 1274/257/57
f 1272/255/53 1277/260/80 1275/258/80
f 1275/258/80 1277/260/80 1278/261/80
f 1274/257/57 1279/262/49 1276/259/57
f 1276/259/57 1279/262/49 1280/263/57
f 1280/263/57 1279/262/49 1281/264/100
f 1281/264/100 1279/262/49 1282/265/57
f 1282/265/57 1283/266/53 1281/264/100
f 1284/267/57 1283/266/53 1282/265/57
f 1283/266/53 1284/267/57 1285/268/57
f 1285/268/57 1284/267/57 1286/269/57
f 1287/270/28 1288/271/28 1289/272/28
f 1288/271/28 1287/270/28 1290/273/21
f 1289/272/28 1288/271/28 1291/274/166
f 1290/273/21 1287/270/28 1292/275/21
f 1291/274/166 1293/276/166 1289/272/28
f 1294/277/21 1290/273/21 1292/275/21
f 1295/278/21 1290/273/21 1294/277/21
f 1289/272/28 1293/276/166 1296/279/2
f 1297/280/2 1296/279/2 1293/276/166
f 1298/281/190 1296/279/2 1297/280/2
f 1299/282/21 1298/281/190 1297/280/2
f 1300/283/2 1298/281/190 1299/282/21
f 1299/282/21 1301/284/21 1300/283/2
f 1302/285/21 1301/284/21 1299/282/21
f 1303/286/219 1304/287/220 1305/288/54
f 1306/289/221 1304/287/220 1303/286/219
f 1305/288/54 1304/287/220 1307/290/54
f 1308/291/222 1304/287/220 1306/289/221
f 1308/291/222 1306/289/221 1309/292/223
f 1309/292/223 1306/289/221 1310/293/223
f 1309/292/223 1310/293/223 1311/294/224
f 1311/294/224 1310/293/223 1312/295/224
f 1312/295/224 1313/296/225 1311/294/224
f 1314/297/225 1313/296/225 1312/295/224
f 1314/297/225 1315/298/226 1313/296/225
f 1313/296/225 1315/298/226 1316/299/226
f 1316/299/226 1315/298/226 1317/300/47
f 1317/300/47 1315/298/226 1318/301/47
f 1319/302/227 1320/303/227 1321/274/228
f 1321/274/228 1320/303/227 1322/304/228
f 1323/276/229 1321/274/230 1324/263/229
f 1324/263/229 1325/305/231 1323/276/229
f 1324/263/229 1321/274/230 1326/259/230
f 1327/306/231 1325/305/231 1324/263/229
f 1328/307/232 1329/308/233 1320/303/232
f 1320/303/232 1329/308/233 1330/309/234
f 1329/308/233 1331/310/47 1330/309/234
f 1332/311/47 1331/310/47 1329/308/233
f 1333/312/235 1334/313/236 1335/314/237
f 1335/314/237 1334/313/236 1336/315/236
f 1336/315/236 1334/313/236 1337/316/54
f 1337/316/54 1334/313/236 1338/317/54
f 1339/63/44 1340/64/45 1341/65/46
f 1341/65/46 1340/64/45 1342/66/47
f 1340/64/45 1343/67/70 1342/66/47
f 1342/66/47 1343/67/70 1344/68/132
f 1344/68/132 1343/67/70 1345/69/238
f 1345/69/238 1343/67/70 1346/70/48
f 1347/71/57 1348/72/50 1349/73/45
f 1347/71/57 1350/74/239 1348/72/50
f 1349/73/45 1348/72/50 1351/75/240
f 1352/76/49 1350/74/239 1347/71/57
f 1353/77/45 1347/71/57 1349/73/45
f 1352/76/49 1354/78/54 1350/74/239
f 1355/79/80 1347/71/57 1353/77/45
f 1355/79/80 1352/76/49 1347/71/57
f 1350/74/239 1354/78/54 1356/80/55
f 1357/81/56 1355/79/80 1353/77/45
f 1358/82/57 1352/76/49 1355/79/80
f 1352/76/49 1359/83/54 1354/78/54
f 1358/82/57 1359/83/54 1352/76/49
f 1360/84/241 1355/79/80 1357/81/56
f 1360/84/241 1358/82/57 1355/79/80
f 1358/82/57 1361/85/59 1359/83/54
f 1362/86/242 1358/82/57 1360/84/241
f 1362/86/242 1361/85/59 1358/82/57
f 1363/87/61 1364/88/62 1365/89/63
f 1365/89/63 1364/88/62 1366/90/54
f 1365/89/63 1366/90/54 1367/91/54
f 1367/91/54 1366/90/54 1368/92/54
f 1369/93/64 1367/91/54 1368/92/54
f 1370/94/64 1367/91/54 1369/93/64
f 1371/95/65 1372/96/243 1373/97/21
f 1374/98/21 1371/95/65 1373/97/21
f 1373/97/21 1372/96/243 1375/99/63
f 1376/100/68 1371/95/65 1374/98/21
f 1373/97/21 1375/99/63 1377/101/2
f 1376/100/68 1374/98/21 1378/102/69
f 1374/98/21 1373/97/21 1379/103/21
f 1379/103/21 1373/97/21 1377/101/2
f 1377/101/2 1375/99/63 1380/104/63
f 1378/102/69 1374/98/21 1381/105/47
f 1374/98/21 1379/103/21 1381/105/47
f 1380/104/63 1382/106/244 1377/101/2
f 1379/103/21 1377/101/2 1383/107/245
f 1381/105/47 1379/103/21 1384/108/47
f 1377/101/2 1382/106/244 1385/109/245
f 1383/107/245 1377/101/2 1385/109/245
f 1384/108/47 1379/103/21 1386/110/48
f 1386/110/48 1379/103/21 1383/107/245
f 1387/318/53 1388/318/57 1389/319/53
f 1390/320/246 1387/318/53 1389/319/53
f 1389/319/53 1388/318/57 1391/319/57
f 1392/321/246 1387/318/53 1390/320/246
f 1389/319/53 1391/319/57 1393/322/57
f 1387/318/53 1394/323/63 1388/318/57
f 1392/321/246 1394/323/63 1387/318/53
f 1395/324/247 1392/321/246 1390/320/246
f 1390/320/246 1389/319/53 1396/325/246
f 1396/325/246 1389/319/53 1393/322/57
f 1388/318/57 1394/323/63 1397/323/63
f 1398/326/248 1392/321/246 1395/324/247
f 1399/327/45 1396/325/246 1393/322/57
f 1388/318/57 1400/321/249 1391/319/57
f 1392/321/246 1398/326/248 1394/323/63
f 1397/323/63 1400/321/249 1388/318/57
f 1399/327/45 1401/328/246 1396/325/246
f 1395/324/247 1390/320/246 1401/328/246
f 1394/323/63 1398/326/248 1402/329/54
f 1402/329/54 1397/323/63 1394/323/63
f 1393/322/57 1403/322/53 1399/327/45
f 1401/328/246 1390/320/246 1396/325/246
f 1393/322/57 1391/319/57 1403/322/53
f 1404/329/54 1397/323/63 1402/329/54
f 1397/323/63 1404/329/54 1400/321/249
f 1405/330/45 1401/328/246 1399/327/45
f 1391/319/57 1400/321/249 1406/320/250
f 1391/319/57 1406/320/250 1403/322/53
f 1398/326/248 1407/331/251 1402/329/54
f 1401/328/246 1405/330/45 1408/332/252
f 1400/321/249 1404/329/54 1409/326/250
f 1400/321/249 1409/326/250 1406/320/250
f 1407/331/251 1398/326/248 1410/333/253
f 1408/332/252 1410/333/253 1401/328/246
f 1411/334/254 1404/329/54 1402/329/54
f 1406/320/250 1409/326/250 1412/324/250
f 1402/329/54 1407/331/251 1411/334/254
f 1410/333/253 1398/326/248 1395/324/247
f 1401/328/246 1410/333/253 1395/324/247
f 1404/329/54 1413/334/255 1409/326/250
f 1409/326/250 1414/335/256 1412/324/250
f 1413/334/255 1404/329/54 1411/334/254
f 1406/320/250 1412/324/250 1415/325/250
f 1408/332/252 1405/330/45 1416/336/257
f 1409/326/250 1413/334/255 1417/337/258
f 1417/337/258 1414/335/256 1409/326/250
f 1412/324/250 1414/335/256 1418/328/250
f 1415/325/250 1412/324/250 1418/328/250
f 1405/330/45 1419/330/45 1416/336/257
f 1403/322/53 1406/320/250 1415/325/250
f 1418/328/250 1414/335/256 1420/338/259
f 1419/330/45 1405/330/45 1421/327/47
f 1415/325/250 1421/327/47 1403/322/53
f 1416/336/257 1419/330/45 1422/336/260
f 1418/328/250 1419/330/45 1415/325/250
f 1422/336/260 1418/328/250 1420/338/259
f 1421/327/47 1405/330/45 1399/327/45
f 1399/327/45 1403/322/53 1421/327/47
f 1415/325/250 1419/330/45 1421/327/47
f 1419/330/45 1418/328/250 1422/336/260
f 1423/339/261 1424/340/261 1425/341/262
f 1425/341/262 1426/342/21 1423/339/261
f 1425/341/262 1424/340/261 1427/343/261
f 1423/339/261 1426/342/21 1428/344/263
f 1427/343/261 1429/345/264 1425/341/262
f 1430/346/21 1427/343/261 1424/340/261
f 1424/340/261 1423/339/261 1431/347/265
f 1425/341/262 1432/348/264 1426/342/21
f 1425/341/262 1429/345/264 1432/348/264
f 1433/349/166 1427/343/261 1430/346/21
f 1431/347/265 1423/339/261 1434/350/265
f 1423/339/261 1428/344/263 1434/350/265
f 1427/343/261 1433/349/166 1429/345/264
f 1429/345/264 1435/351/264 1432/348/264
f 1436/352/2 1424/340/261 1431/347/265
f 1430/346/21 1424/340/261 1436/352/2
f 1434/350/265 1428/344/263 1437/353/263
f 1432/348/264 1435/351/264 1438/354/266
f 1430/346/21 1439/355/2 1433/349/166
f 1434/350/265 1440/356/265 1431/347/265
f 1437/353/263 1440/356/265 1434/350/265
f 1429/345/264 1441/357/267 1435/351/264
f 1439/355/2 1441/357/267 1433/349/166
f 1442/358/268 1436/352/2 1431/347/265
f 1431/347/265 1440/356/265 1442/358/268
f 1429/345/264 1433/349/166 1441/357/267
f 1435/351/264 1441/357/267 1443/359/267
f 1430/346/21 1436/352/2 1444/360/2
f 1444/360/2 1439/355/2 1430/346/21
f 1445/361/2 1436/352/2 1442/358/268
f 1443/359/267 1446/362/57 1435/351/264
f 1439/355/2 1444/360/2 1447/363/269
f 1448/364/21 1436/352/2 1445/361/2
f 1449/365/270 1443/359/267 1441/357/267
f 1449/365/270 1441/357/267 1439/355/2
f 1447/363/269 1444/360/2 1450/366/271
f 1451/367/27 1436/352/2 1448/364/21
f 1439/355/2 1447/363/269 1449/365/270
f 1452/368/267 1443/359/267 1449/365/270
f 1444/360/2 1436/352/2 1451/367/27
f 1445/361/2 1453/369/272 1448/364/21
f 1449/365/270 1447/363/269 1452/368/267
f 1451/367/27 1454/370/273 1444/360/2
f 1444/360/2 1454/370/273 1450/366/271
f 1448/364/21 1453/369/272 1455/371/272
f 1452/368/267 1447/363/269 1456/372/274
f 1448/364/21 1457/373/275 1451/367/27
f 1451/367/27 1457/373/275 1454/370/273
f 1453/369/272 1458/374/272 1455/371/272
f 1459/375/49 1443/359/267 1452/368/267
f 1457/373/275 1448/364/21 1455/371/272
f 1456/372/274 1459/375/49 1452/368/267
f 1460/376/272 1458/374/272 1453/369/272
f 1457/373/275 1455/371/272 1461/377/276
f 1459/375/49 1456/372/274 1462/378/57
f 1453/369/272 1463/379/277 1460/376/272
f 1461/377/276 1455/371/272 1458/374/272
f 1462/378/57 1464/380/98 1459/375/49
f 1445/361/2 1463/379/277 1453/369/272
f 1465/381/53 1461/377/276 1458/374/272
f 1458/374/272 1460/376/272 1465/381/53
f 1459/375/49 1464/380/98 1446/362/57
f 1460/376/272 1463/379/277 1466/382/277
f 1465/381/53 1467/383/57 1461/377/276
f 1467/383/57 1464/380/98 1462/378/57
f 1446/362/57 1443/359/267 1459/375/49
f 1463/379/277 1468/384/277 1466/382/277
f 1467/383/57 1465/381/53 1469/385/57
f 1469/385/57 1464/380/98 1467/383/57
f 1446/362/57 1464/380/98 1470/386/278
f 1463/379/277 1440/356/265 1468/384/277
f 1469/385/57 1465/381/53 1471/387/57
f 1460/376/272 1466/382/277 1471/387/57
f 1435/351/264 1446/362/57 1470/386/278
f 1466/382/277 1468/384/277 1472/388/277
f 1465/381/53 1460/376/272 1471/387/57
f 1470/386/278 1473/389/278 1435/351/264
f 1471/387/57 1466/382/277 1474/390/279
f 1471/387/57 1474/390/279 1469/385/57
f 1468/384/277 1475/391/47 1472/388/277
f 1476/392/278 1473/389/278 1470/386/278
f 1474/390/279 1466/382/277 1477/393/280
f 1475/391/47 1468/384/277 1478/394/28
f 1477/393/280 1466/382/277 1472/388/277
f 1479/395/278 1473/389/278 1476/392/278
f 1472/388/277 1475/391/47 1480/396/47
f 1478/394/28 1468/384/277 1440/356/265
f 1476/392/278 1481/397/281 1479/395/278
f 1477/393/280 1481/397/281 1474/390/279
f 1469/385/57 1474/390/279 1481/397/281
f 1478/394/28 1440/356/265 1437/353/263
f 1476/392/278 1469/385/57 1481/397/281
f 1479/395/278 1481/397/281 1482/398/281
f 1482/398/281 1481/397/281 1477/393/280
f 1483/399/282 1473/389/278 1479/395/278
f 1442/358/268 1440/356/265 1463/379/277
f 1479/395/278 1482/398/281 1483/399/282
f 1464/380/98 1469/385/57 1476/392/278
f 1442/358/268 1463/379/277 1445/361/2
f 1484/400/74 1473/389/278 1483/399/282
f 1470/386/278 1464/380/98 1476/392/278
f 1477/393/280 1485/401/282 1482/398/281
f 1484/400/74 1438/354/266 1473/389/278
f 1483/399/282 1482/398/281 1485/401/282
f 1486/402/57 1485/401/282 1477/393/280
f 1487/403/54 1438/354/266 1484/400/74
f 1435/351/264 1473/389/278 1438/354/266
f 1488/404/54 1438/354/266 1487/403/54
f 1432/348/264 1438/354/266 1488/404/54
f 1426/342/21 1432/348/264 1488/404/54
f 1489/405/283 1490/406/283 1491/407/283
f 1491/407/283 1490/406/283 1492/408/283
f 1493/405/274 1494/406/274 1495/407/274
f 1495/407/274 1494/406/274 1496/408/274
f 1462/378/57 1456/372/274 1497/409/271
f 1498/410/276 1462/378/57 1497/409/271
f 1467/383/57 1462/378/57 1498/410/276
f 1497/409/271 1454/370/273 1498/410/276
f 1461/377/276 1467/383/57 1498/410/276
f 1450/366/271 1454/370/273 1497/409/271
f 1499/411/57 1500/412/74 1501/413/284
f 1500/412/74 1502/414/285 1501/413/284
f 1503/412/27 1504/411/21 1505/415/263
f 1504/411/21 1506/416/286 1505/415/263
f 1507/417/49 1508/418/53 1509/419/47
f 1507/417/49 1510/420/57 1508/418/53
f 1509/419/47 1508/418/53 1511/421/47
f 1512/422/49 1510/420/57 1507/417/49
f 1513/423/45 1509/419/47 1511/421/47
f 1510/420/57 1514/424/57 1508/418/53
f 1508/418/53 1514/424/57 1511/421/47
f 1515/425/16 1510/420/57 1512/422/49
f 1507/417/49 1516/426/53 1512/422/49
f 1517/427/47 1509/419/47 1513/423/45
f 1511/421/47 1514/424/57 1518/428/47
f 1507/417/49 1509/419/47 1519/429/287
f 1512/422/49 1520/430/100 1515/425/16
f 1511/421/47 1518/428/47 1513/423/45
f 1512/422/49 1516/426/53 1520/430/100
f 1521/427/70 1509/419/47 1517/427/47
f 1522/431/54 1510/420/57 1515/425/16
f 1523/432/2 1517/427/47 1513/423/45
f 1520/430/100 1516/426/53 1524/433/53
f 1515/425/16 1525/425/288 1522/431/54
f 1526/434/16 1517/427/47 1523/432/2
f 1520/430/100 1524/433/53 1527/435/16
f 1515/425/16 1527/435/16 1525/425/288
f 1522/431/54 1525/425/288 1528/431/54
f 1521/427/70 1517/427/47 1529/434/16
f 1515/425/16 1520/430/100 1527/435/16
f 1529/434/16 1517/427/47 1526/434/16
f 1525/425/288 1527/435/16 1530/435/16
f 1529/434/16 1531/432/57 1521/427/70
f 1528/431/54 1532/436/87 1522/431/54
f 1526/434/16 1533/437/16 1529/434/16
f 1527/435/16 1534/438/45 1530/435/16
f 1527/435/16 1524/433/53 1534/438/45
f 1522/431/54 1532/436/87 1535/436/67
f 1529/434/16 1533/437/16 1536/437/289
f 1536/437/289 1531/432/57 1529/434/16
f 1534/438/45 1524/433/53 1537/439/45
f 1538/440/91 1535/436/67 1532/436/87
f 1539/441/57 1531/432/57 1536/437/289
f 1530/435/16 1534/438/45 1540/438/130
f 1541/440/91 1535/436/67 1538/440/91
f 1539/441/57 1542/442/290 1531/432/57
f 1543/439/111 1534/438/45 1537/439/45
f 1540/438/130 1534/438/45 1543/439/111
f 1541/440/91 1544/443/57 1535/436/67
f 1531/432/57 1542/442/290 1545/444/57
f 1537/439/45 1524/433/53 1546/445/53
f 1547/446/57 1544/443/57 1541/440/91
f 1531/432/57 1545/444/57 1548/423/47
f 1537/439/45 1549/447/93 1543/439/111
f 1541/440/91 1550/447/91 1547/446/57
f 1537/439/45 1546/445/53 1550/447/91
f 1548/423/47 1545/444/57 1551/448/47
f 1550/447/91 1549/447/93 1537/439/45
f 1541/440/91 1549/447/93 1550/447/91
f 1547/446/57 1550/447/91 1552/449/74
f 1550/447/91 1546/445/53 1552/449/74
f 1542/442/290 1553/450/128 1545/444/57
f 1538/440/91 1549/447/93 1541/440/91
f 1547/446/57 1552/449/74 1554/451/57
f 1552/449/74 1546/445/53 1555/452/57
f 1545/444/57 1553/450/128 1556/453/91
f 1551/448/47 1557/454/45 1548/423/47
f 1554/451/57 1552/449/74 1555/452/57
f 1556/453/91 1558/455/106 1545/444/57
f 1545/444/57 1558/455/106 1551/448/47
f 1551/448/47 1559/456/106 1557/454/45
f 1547/446/57 1554/451/57 1544/443/57
f 1556/453/91 1553/450/128 1560/453/91
f 1558/455/106 1559/456/106 1551/448/47
f 1559/456/106 1561/457/27 1557/454/45
f 1554/451/57 1514/424/57 1544/443/57
f 1560/453/91 1558/455/106 1556/453/91
f 1562/451/21 1561/457/27 1559/456/106
f 1563/456/45 1514/424/57 1554/451/57
f 1560/453/91 1553/450/128 1564/450/291
f 1562/451/21 1565/443/2 1561/457/27
f 1563/456/45 1559/456/106 1566/455/47
f 1566/455/47 1558/455/106 1560/453/91
f 1564/450/291 1567/442/21 1560/453/91
f 1568/446/189 1565/443/2 1562/451/21
f 1566/455/47 1559/456/106 1558/455/106
f 1518/428/47 1514/424/57 1563/456/45
f 1568/446/189 1562/451/21 1569/449/21
f 1560/453/91 1570/444/2 1566/455/47
f 1560/453/91 1567/442/21 1570/444/2
f 1571/448/45 1518/428/47 1563/456/45
f 1569/449/21 1562/451/21 1572/452/27
f 1566/455/47 1570/444/2 1571/448/45
f 1573/441/292 1570/444/2 1567/442/21
f 1566/455/47 1571/448/45 1563/456/45
f 1574/447/91 1568/446/189 1569/449/21
f 1523/432/2 1570/444/2 1573/441/292
f 1569/449/21 1572/452/27 1575/445/21
f 1523/432/2 1571/448/45 1570/444/2
f 1569/449/21 1575/445/21 1574/447/91
f 1576/440/91 1568/446/189 1574/447/91
f 1572/452/27 1577/458/293 1575/445/21
f 1513/423/45 1518/428/47 1571/448/45
f 1513/423/45 1571/448/45 1523/432/2
f 1576/440/91 1565/443/2 1568/446/189
f 1578/459/54 1577/458/293 1572/452/27
f 1574/447/91 1575/445/21 1579/439/47
f 1580/447/91 1576/440/91 1574/447/91
f 1581/436/63 1565/443/2 1576/440/91
f 1582/460/54 1577/458/293 1578/459/54
f 1574/447/91 1579/439/47 1580/447/91
f 1583/431/63 1565/443/2 1581/436/63
f 1584/461/63 1582/460/54 1578/459/54
f 1582/460/54 1585/462/2 1577/458/293
f 1586/440/128 1576/440/91 1580/447/91
f 1576/440/91 1586/440/128 1581/436/63
f 1587/463/63 1584/461/63 1578/459/54
f 1588/464/135 1585/462/2 1582/460/54
f 1580/447/91 1579/439/47 1589/439/111
f 1578/459/54 1590/463/54 1587/463/63
f 1591/465/63 1585/462/2 1588/464/135
f 1588/464/135 1582/460/54 1592/466/63
f 1592/466/63 1582/460/54 1584/461/63
f 1593/459/63 1590/463/54 1578/459/54
f 1592/466/63 1591/465/63 1588/464/135
f 1594/426/21 1585/462/2 1591/465/63
f 1595/467/57 1592/466/63 1584/461/63
f 1587/463/63 1595/467/57 1584/461/63
f 1590/463/54 1593/459/63 1596/461/54
f 1594/426/21 1597/433/21 1585/462/2
f 1590/463/54 1598/468/91 1587/463/63
f 1599/469/74 1592/466/63 1595/467/57
f 1600/430/27 1597/433/21 1594/426/21
f 1598/468/91 1590/463/54 1601/467/21
f 1601/467/21 1590/463/54 1596/461/54
f 1602/470/146 1591/465/63 1592/466/63
f 1599/469/74 1602/470/146 1592/466/63
f 1603/417/2 1600/430/27 1594/426/21
f 1596/461/54 1604/469/28 1601/467/21
f 1605/471/16 1602/470/146 1599/469/74
f 1606/422/190 1600/430/27 1603/417/2
f 1607/466/54 1604/469/28 1596/461/54
f 1602/470/146 1605/471/16 1608/470/54
f 1606/422/190 1603/417/2 1609/420/166
f 1608/470/54 1604/469/28 1607/466/54
f 1610/472/54 1607/466/54 1596/461/54
f 1608/470/54 1605/471/16 1611/471/16
f 1603/417/2 1612/418/21 1609/420/166
f 1611/471/16 1604/469/28 1608/470/54
f 1608/470/54 1607/466/54 1613/465/54
f 1613/465/54 1602/470/146 1608/470/54
f 1603/417/2 1614/419/47 1612/418/21
f 1611/471/16 1605/471/16 1615/473/294
f 1607/466/54 1616/464/63 1613/465/54
f 1616/464/63 1607/466/54 1610/472/54
f 1612/418/21 1614/419/47 1617/421/45
f 1615/473/294 1605/471/16 1618/473/16
f 1619/462/57 1613/465/54 1616/464/63
f 1617/421/45 1557/454/45 1612/418/21
f 1615/473/294 1620/474/21 1611/471/16
f 1516/426/53 1613/465/54 1619/462/57
f 1548/423/47 1617/421/45 1614/419/47
f 1548/423/47 1557/454/45 1617/421/45
f 1611/471/16 1620/474/21 1604/469/28
f 1516/426/53 1621/475/295 1613/465/54
f 1521/427/70 1548/423/47 1614/419/47
f 1612/418/21 1557/454/45 1561/457/27
f 1516/426/53 1619/462/57 1524/433/53
f 1614/419/47 1509/419/47 1521/427/70
f 1521/427/70 1531/432/57 1548/423/47
f 1612/418/21 1561/457/27 1609/420/166
f 1619/462/57 1622/476/57 1524/433/53
f 1509/419/47 1614/419/47 1623/477/296
f 1516/426/53 1507/417/49 1621/475/295
f 1619/462/57 1616/464/63 1622/476/57
f 1519/429/287 1509/419/47 1623/477/296
f 1623/477/296 1614/419/47 1624/477/297
f 1621/475/295 1507/417/49 1519/429/287
f 1622/476/57 1616/464/63 1610/472/54
f 1524/433/53 1622/476/57 1546/445/53
f 1614/419/47 1625/429/298 1624/477/297
f 1613/465/54 1621/475/295 1626/478/299
f 1622/476/57 1610/472/54 1555/452/57
f 1555/452/57 1546/445/53 1622/476/57
f 1603/417/2 1625/429/298 1614/419/47
f 1627/478/300 1613/465/54 1626/478/299
f 1555/452/57 1610/472/54 1593/459/63
f 1603/417/2 1594/426/21 1625/429/298
f 1591/465/63 1613/465/54 1627/478/300
f 1596/461/54 1593/459/63 1610/472/54
f 1625/429/298 1594/426/21 1628/475/301
f 1594/426/21 1591/465/63 1628/475/301
f 1591/465/63 1602/470/146 1613/465/54
f 1628/475/301 1591/465/63 1627/478/300
f 1629/479/13 1630/480/57 1631/481/54
f 1629/479/13 1632/482/13 1630/480/57
f 1630/480/57 1633/483/53 1631/481/54
f 1630/480/57 1632/482/13 1634/484/57
f 1630/480/57 1634/484/57 1633/483/53
f 1631/481/54 1633/483/53 1635/485/54
f 1632/482/13 1636/486/45 1634/484/57
f 1637/487/91 1635/485/54 1633/483/53
f 1634/484/57 1636/486/45 1638/488/57
f 1633/483/53 1638/488/57 1637/487/91
f 1633/483/53 1634/484/57 1638/488/57
f 1638/488/57 1636/486/45 1639/489/111
f 1637/487/91 1638/488/57 1640/490/101
f 1640/490/101 1638/488/57 1639/489/111
f 1641/425/16 1583/431/63 1642/425/302
f 1641/425/16 1609/420/166 1583/431/63
f 1642/425/302 1583/431/63 1643/431/54
f 1606/422/190 1609/420/166 1641/425/16
f 1642/425/302 1644/435/83 1641/425/16
f 1583/431/63 1581/436/63 1643/431/54
f 1641/425/16 1645/435/16 1606/422/190
f 1609/420/166 1565/443/2 1583/431/63
f 1641/425/16 1644/435/83 1645/435/16
f 1643/431/54 1581/436/63 1646/436/54
f 1609/420/166 1561/457/27 1565/443/2
f 1606/422/190 1645/435/16 1600/430/27
f 1645/435/16 1644/435/83 1647/438/47
f 1581/436/63 1586/440/128 1646/436/54
f 1645/435/16 1597/433/21 1600/430/27
f 1647/438/47 1597/433/21 1645/435/16
f 1647/438/47 1644/435/83 1648/438/47
f 1597/433/21 1647/438/47 1575/445/21
f 1647/438/47 1648/438/47 1579/439/47
f 1575/445/21 1647/438/47 1579/439/47
f 1579/439/47 1648/438/47 1589/439/111
f 1577/458/293 1597/433/21 1575/445/21
f 1585/462/2 1597/433/21 1577/458/293
f 1649/491/16 1650/492/87 1651/493/21
f 1651/493/21 1652/494/21 1649/491/16
f 1650/492/87 1653/495/87 1651/493/21
f 1649/491/16 1652/494/21 1654/496/16
f 1651/493/21 1653/495/87 1655/497/21
f 1654/496/16 1652/494/21 1656/498/47
f 1655/497/21 1657/499/21 1651/493/21
f 1651/493/21 1657/499/21 1652/494/21
f 1658/500/91 1655/497/21 1653/495/87
f 1655/497/21 1658/500/91 1657/499/21
f 1656/498/47 1652/494/21 1659/501/70
f 1659/501/70 1652/494/21 1657/499/21
f 1657/499/21 1658/500/91 1660/502/151
f 1660/502/151 1659/501/70 1657/499/21
f 1661/503/16 1662/504/2 1663/505/47
f 1663/505/47 1664/503/16 1661/503/16
f 1662/504/2 1665/506/166 1663/505/47
f 1666/505/47 1664/503/16 1663/505/47
f 1663/505/47 1665/506/166 1667/507/47
f 1666/505/47 1668/504/57 1664/503/16
f 1669/508/91 1667/507/47 1665/506/166
f 1666/505/47 1670/507/70 1668/504/57
f 1667/507/47 1669/508/91 1670/507/70
f 1668/504/57 1670/507/70 1671/506/57
f 1670/507/70 1669/508/91 1672/508/91
f 1670/507/70 1672/508/91 1671/506/57
f 1533/437/16 1526/434/16 1573/441/292
f 1573/441/292 1526/434/16 1523/432/2
f 1544/443/57 1514/424/57 1510/420/57
f 1510/420/57 1535/436/67 1544/443/57
f 1522/431/54 1535/436/67 1510/420/57
f 1673/509/47 1674/510/47 1675/511/47
f 1675/511/47 1674/510/47 1676/512/47
f 1677/513/16 1678/514/54 1679/515/21
f 1680/513/16 1678/514/54 1677/513/16
f 1679/515/21 1678/514/54 1681/516/21
f 1682/514/135 1678/514/54 1680/513/16
f 1681/516/21 1678/514/54 1683/517/67
f 1682/514/135 1680/513/16 1684/515/53
f 1685/518/91 1681/516/21 1683/517/67
f 1682/514/135 1684/515/53 1686/517/54
f 1683/517/67 1686/517/54 1685/518/91
f 1686/517/54 1684/515/53 1687/516/53
f 1685/518/91 1686/517/54 1688/518/91
f 1686/517/54 1687/516/53 1688/518/91
f 1689/474/303 1618/473/16 1599/469/74
f 1689/474/303 1599/469/74 1690/519/80
f 1599/469/74 1618/473/16 1605/471/16
f 1690/519/80 1599/469/74 1595/467/57
f 1690/519/80 1595/467/57 1691/520/304
f 1691/520/304 1595/467/57 1692/468/91
f 1692/468/91 1598/468/91 1691/520/304
f 1692/468/91 1595/467/57 1587/463/63
f 1587/463/63 1598/468/91 1692/468/91
f 1691/520/304 1598/468/91 1693/520/91
f 1693/520/91 1598/468/91 1694/519/305
f 1694/519/305 1598/468/91 1601/467/21
f 1601/467/21 1620/474/21 1694/519/305
f 1604/469/28 1620/474/21 1601/467/21
f 1695/521/54 1696/522/54 1697/523/54
f 1697/523/54 1696/522/54 1698/524/54
f 1699/525/306 1700/526/277 1554/451/57
f 1554/451/57 1700/526/277 1563/456/45
f 1701/527/53 1702/528/307 1703/529/45
f 1701/527/53 1704/530/308 1702/528/307
f 1703/529/45 1702/528/307 1705/531/309
f 1706/532/57 1704/530/308 1701/527/53
f 1703/529/45 1707/533/53 1701/527/53
f 1707/533/53 1706/532/57 1701/527/53
f 1706/532/57 1708/534/67 1704/530/308
f 1709/535/45 1707/533/53 1703/529/45
f 1710/536/57 1706/532/57 1707/533/53
f 1704/530/308 1708/534/67 1711/537/310
f 1712/538/311 1707/533/53 1709/535/45
f 1713/539/241 1710/536/57 1707/533/53
f 1710/536/57 1714/540/54 1706/532/57
f 1706/532/57 1714/540/54 1708/534/67
f 1713/539/241 1707/533/53 1712/538/311
f 1715/541/241 1710/536/57 1713/539/241
f 1710/536/57 1716/542/59 1714/540/54
f 1715/541/241 1716/542/59 1710/536/57
f 1717/543/312 1718/544/135 1719/545/313
f 1719/545/313 1718/544/135 1720/546/54
f 1721/547/314 1719/545/313 1720/546/54
f 1718/544/135 1722/548/54 1720/546/54
f 1723/549/63 1721/547/314 1720/546/54
f 1720/546/54 1722/548/54 1723/549/63
f 1724/550/315 1719/545/313 1721/547/314
f 1722/548/54 1725/551/316 1723/549/63
f 1726/552/317 1721/547/314 1723/549/63
f 1725/551/316 1726/552/317 1723/549/63
f 1727/553/64 1725/551/316 1722/548/54
f 1728/554/318 1726/552/317 1725/551/316
f 1729/555/47 1730/556/319 1731/557/320
f 1729/555/47 1732/558/321 1730/556/319
f 1731/557/320 1730/556/319 1733/559/322
f 1734/560/47 1732/558/321 1729/555/47
f 1729/555/47 1731/557/320 1735/561/132
f 1735/561/132 1734/560/47 1729/555/47
f 1736/562/323 1732/558/321 1734/560/47
f 1735/561/132 1731/557/320 1737/563/311
f 1738/564/324 1732/558/321 1736/562/323
f 1739/565/47 1734/560/47 1735/561/132
f 1739/565/47 1736/562/323 1734/560/47
f 1740/566/325 1736/562/323 1739/565/47
f 1741/527/53 1742/528/307 1743/529/45
f 1741/527/53 1744/530/308 1742/528/307
f 1743/529/45 1742/528/307 1745/531/309
f 1746/532/57 1744/530/308 1741/527/53
f 1743/529/45 1747/533/53 1741/527/53
f 1747/533/53 1746/532/57 1741/527/53
f 1746/532/57 1748/534/54 1744/530/308
f 1749/535/45 1747/533/53 1743/529/45
f 1750/536/57 1746/532/57 1747/533/53
f 1744/530/308 1748/534/54 1751/537/310
f 1752/538/56 1747/533/53 1749/535/45
f 1753/539/241 1750/536/57 1747/533/53
f 1750/536/57 1754/540/54 1746/532/57
f 1746/532/57 1754/540/54 1748/534/54
f 1753/539/241 1747/533/53 1752/538/56
f 1755/541/241 1750/536/57 1753/539/241
f 1750/536/57 1756/542/326 1754/540/54
f 1755/541/241 1756/542/326 1750/536/57
f 1757/543/310 1758/544/135 1759/545/313
f 1759/545/313 1758/544/135 1760/546/327
f 1761/547/314 1759/545/313 1760/546/327
f 1758/544/135 1762/548/54 1760/546/327
f 1763/549/328 1761/547/314 1760/546/327
f 1760/546/327 1762/548/54 1763/549/328
f 1764/550/329 1759/545/313 1761/547/314
f 1762/548/54 1765/551/316 1763/549/328
f 1766/552/317 1761/547/314 1763/549/328
f 1765/551/316 1766/552/317 1763/549/328
f 1767/553/64 1765/551/316 1762/548/54
f 1768/554/318 1766/552/317 1765/551/316
f 1769/555/330 1770/556/319 1771/557/331
f 1769/555/330 1772/558/321 1770/556/319
f 1771/557/331 1770/556/319 1773/559/332
f 1774/560/333 1772/558/321 1769/555/330
f 1769/555/330 1771/557/331 1775/561/70
f 1775/561/70 1774/560/333 1769/555/330
f 1776/562/323 1772/558/321 1774/560/333
f 1775/561/70 1771/557/331 1777/563/311
f 1778/564/324 1772/558/321 1776/562/323
f 1779/565/47 1774/560/333 1775/561/70
f 1779/565/47 1776/562/323 1774/560/333
f 1780/566/325 1776/562/323 1779/565/47
f 1781/567/199 1782/568/334 1783/569/199
f 1784/570/209 1781/567/199 1783/569/199
f 1783/569/199 1782/568/334 1785/571/334
f 1786/572/209 1781/567/199 1784/570/209
f 1782/568/334 1787/573/216 1785/571/334
f 1788/569/196 1786/572/209 1784/570/209
f 1781/567/199 1789/574/335 1782/568/334
f 1785/571/334 1787/573/216 1790/575/216
f 1791/567/196 1786/572/209 1788/569/196
f 1789/574/335 1781/567/199 1792/576/336
f 1782/568/334 1789/574/335 1793/577/337
f 1782/568/334 1793/577/337 1787/573/216
f 1794/571/338 1791/567/196 1788/569/196
f 1792/576/336 1781/567/199 1786/572/209
f 1787/573/216 1795/578/339 1790/575/216
f 1796/568/340 1791/567/196 1794/571/338
f 1786/572/209 1797/574/341 1792/576/336
f 1787/573/216 1793/577/337 1798/579/342
f 1787/573/216 1798/579/342 1795/578/339
f 1791/567/196 1797/574/341 1786/572/209
f 1799/575/213 1796/568/340 1794/571/338
f 1790/575/216 1795/578/339 1800/580/339
f 1796/568/340 1801/581/343 1791/567/196
f 1791/567/196 1801/581/343 1797/574/341
f 1802/573/213 1796/568/340 1799/575/213
f 1795/578/339 1798/579/342 1803/582/344
f 1795/578/339 1804/583/204 1800/580/339
f 1796/568/340 1805/584/345 1801/581/343
f 1802/573/213 1805/584/345 1796/568/340
f 1806/580/215 1802/573/213 1799/575/213
f 1795/578/339 1803/582/344 1804/583/204
f 1800/580/339 1804/583/204 1807/585/346
f 1802/573/213 1808/586/347 1805/584/345
f 1809/578/197 1802/573/213 1806/580/215
f 1804/583/204 1803/582/344 1810/587/348
f 1804/583/204 1811/588/212 1807/585/346
f 1809/578/197 1808/586/347 1802/573/213
f 1812/585/349 1809/578/197 1806/580/215
f 1804/583/204 1810/587/348 1811/588/212
f 1807/585/346 1811/588/212 1813/589/212
f 1809/578/197 1814/587/350 1808/586/347
f 1813/589/212 1815/583/349 1812/585/349
f 1811/588/212 1810/587/348 1816/590/351
f 1815/583/349 1809/578/197 1812/585/349
f 1815/583/349 1816/590/351 1814/587/350
f 1811/588/212 1815/583/349 1813/589/212
f 1815/583/349 1814/587/350 1809/578/197
f 1811/588/212 1816/590/351 1815/583/349
f 1817/591/57 1818/592/57 1819/593/57
f 1817/591/57 1820/594/57 1818/592/57
f 1821/595/57 1820/594/57 1817/591/57
f 1822/596/57 1820/594/57 1821/595/57
f 1823/597/57 1820/594/57 1822/596/57
f 1823/597/57 1822/596/57 1824/598/57
f 1824/598/57 1822/596/57 1825/599/57
f 1824/598/57 1825/599/57 1826/600/57
f 1826/600/57 1825/599/57 1827/601/57
f 1826/600/57 1827/601/57 1828/602/57
f 1829/603/352 1830/604/53 1831/605/209
f 1831/605/209 1830/604/53 1832/606/53
f 1832/606/53 1833/607/196 1831/605/209
f 1834/608/100 1833/607/196 1832/606/53
f 1834/608/100 1835/609/340 1833/607/196
f 1836/610/53 1835/609/340 1834/608/100
f 1836/610/53 1837/611/213 1835/609/340
f 1838/612/49 1837/611/213 1836/610/53
f 1838/612/49 1839/613/353 1837/611/213
f 1840/614/49 1839/613/353 1838/612/49
f 1840/614/49 1841/615/349 1839/613/353
f 1842/616/57 1841/615/349 1840/614/49
f 1842/616/57 1843/617/218 1841/615/349
f 1844/618/57 1843/617/218 1842/616/57
f 1844/618/57 1845/619/211 1843/617/218
f 1846/620/74 1845/619/211 1844/618/57
f 1846/620/74 1847/621/210 1845/619/211
f 1848/622/57 1847/621/210 1846/620/74
f 1848/622/57 1849/623/354 1847/621/210
f 1850/624/98 1849/623/354 1848/622/57
f 1850/624/98 1851/625/203 1849/623/354
f 1852/626/98 1851/625/203 1850/624/98
f 1852/626/98 1853/627/209 1851/625/203
f 1854/628/53 1853/627/209 1852/626/98
f 1855/629/355 1856/630/1 1857/631/356
f 1858/632/357 1856/630/1 1855/629/355
f 1857/631/356 1856/630/1 1859/633/1
f 1860/634/358 1856/630/1 1858/632/357
f 1857/631/356 1861/635/359 1855/629/355
f 1861/635/359 1858/632/357 1855/629/355
f 1859/633/1 1862/636/356 1857/631/356
f 1860/634/358 1858/632/357 1863/637/360
f 1856/630/1 1864/638/361 1859/633/1
f 1865/639/362 1861/635/359 1857/631/356
f 1860/634/358 1866/640/363 1856/630/1
f 1863/637/360 1858/632/357 1867/641/364
f 1856/630/1 1866/640/363 1864/638/361
f 1858/632/357 1861/635/359 1867/641/364
f 1857/631/356 1862/636/356 1868/642/355
f 1867/641/364 1869/643/365 1863/637/360
f 1870/644/361 1864/638/361 1866/640/363
f 1868/642/355 1871/645/366 1857/631/356
f 1857/631/356 1871/645/366 1865/639/362
f 1872/646/367 1869/643/365 1867/641/364
f 1870/644/361 1873/647/368 1864/638/361
f 1862/636/356 1874/648/21 1868/642/355
f 1869/643/365 1872/646/367 1875/649/365
f 1876/650/369 1870/644/361 1866/640/363
f 1877/651/2 1874/648/21 1862/636/356
f 1878/652/370 1869/643/365 1875/649/365
f 1870/644/361 1876/650/369 1879/653/369
f 1880/654/21 1874/648/21 1877/651/2
f 1881/655/370 1879/653/369 1878/652/370
f 1875/649/365 1872/646/367 1882/656/367
f 1883/657/21 1874/648/21 1880/654/21
f 1878/652/370 1884/658/371 1881/655/370
f 1882/656/367 1885/659/372 1875/649/365
f 1883/657/21 1871/645/373 1874/648/21
f 1878/652/370 1879/653/369 1886/660/369
f 1886/660/369 1879/653/369 1876/650/369
f 1875/649/365 1885/659/372 1887/661/374
f 1884/658/371 1878/652/370 1887/661/374
f 1888/662/375 1871/645/373 1883/657/21
f 1863/637/360 1886/660/369 1876/650/369
f 1887/661/374 1878/652/370 1875/649/365
f 1889/663/21 1888/662/375 1883/657/21
f 1876/650/369 1860/634/358 1863/637/360
f 1890/664/374 1887/661/374 1885/659/372
f 1891/665/376 1888/662/375 1889/663/21
f 1866/640/363 1860/634/358 1876/650/369
f 1892/666/377 1887/661/374 1890/664/374
f 1889/663/21 1893/667/21 1891/665/376
f 1885/659/372 1894/668/378 1890/664/374
f 1889/663/21 1883/657/21 1895/669/21
f 1887/661/374 1892/666/377 1884/658/371
f 1896/670/378 1894/668/378 1885/659/372
f 1895/669/21 1897/667/2 1889/663/21
f 1889/663/21 1897/667/2 1893/667/21
f 1890/664/374 1898/671/379 1892/666/377
f 1894/668/378 1899/672/380 1890/664/374
f 1895/669/21 1883/657/21 1880/654/21
f 1893/667/21 1897/667/2 1900/673/27
f 1899/672/380 1898/671/379 1890/664/374
f 1895/669/21 1880/654/21 1901/674/381
f 1902/675/382 1893/667/21 1900/673/27
f 1899/672/380 1903/676/380 1898/671/379
f 1894/668/378 1903/676/380 1899/672/380
f 1901/674/381 1880/654/21 1904/677/383
f 1905/678/382 1893/667/21 1902/675/382
f 1906/679/384 1903/676/380 1894/668/378
f 1904/677/383 1907/680/385 1901/674/381
f 1891/665/376 1893/667/21 1905/678/382
f 1906/679/384 1908/681/386 1903/676/380
f 1902/675/382 1900/673/27 1908/681/5
f 1901/674/381 1907/680/385 1909/682/381
f 1907/680/385 1904/677/383 1910/683/385
f 1903/676/380 1908/681/386 1911/684/379
f 1908/681/5 1900/673/27 1912/685/21
f 1909/682/381 1913/686/387 1901/674/381
f 1910/683/385 1904/677/383 1914/687/385
f 1911/684/379 1915/688/388 1903/676/380
f 1912/685/21 1915/688/388 1911/684/379
f 1901/674/381 1913/686/387 1916/689/387
f 1880/654/21 1914/687/385 1904/677/383
f 1900/673/27 1917/690/21 1912/685/21
f 1901/674/381 1916/689/387 1895/669/21
f 1877/651/2 1914/687/385 1880/654/21
f 1900/673/27 1897/667/2 1917/690/21
f 1912/685/21 1917/690/21 1918/691/21
f 1895/669/21 1916/689/387 1897/667/2
f 1918/691/21 1915/688/388 1912/685/21
f 1862/636/356 1914/687/385 1877/651/2
f 1897/667/2 1916/689/387 1917/690/21
f 1919/692/389 1915/688/388 1918/691/21
f 1920/693/390 1914/687/385 1862/636/356
f 1918/691/21 1917/690/21 1919/692/389
f 1917/690/21 1916/689/387 1921/694/389
f 1922/695/391 1915/688/388 1919/692/389
f 1920/693/390 1910/683/385 1914/687/385
f 1919/692/389 1917/690/21 1921/694/389
f 1921/694/389 1916/689/387 1923/696/392
f 1922/695/391 1924/697/379 1915/688/388
f 1873/647/368 1910/683/385 1920/693/390
f 1919/692/389 1921/694/389 1925/698/392
f 1922/695/391 1919/692/389 1925/698/392
f 1925/698/392 1921/694/389 1923/696/392
f 1923/696/392 1916/689/387 1913/686/387
f 1926/699/393 1910/683/385 1873/647/368
f 1922/695/391 1925/698/392 1927/700/394
f 1927/700/394 1924/697/379 1922/695/391
f 1873/647/368 1920/693/390 1859/633/1
f 1926/699/393 1873/647/368 1870/644/361
f 1927/700/394 1925/698/392 1928/701/395
f 1927/700/394 1929/702/394 1924/697/379
f 1859/633/1 1920/693/390 1862/636/356
f 1859/633/1 1864/638/361 1873/647/368
f 1928/701/395 1930/703/396 1927/700/394
f 1927/700/394 1930/703/396 1929/702/394
f 1924/697/379 1929/702/394 1898/671/379
f 1930/703/396 1931/704/397 1929/702/394
f 1929/702/394 1931/704/397 1898/671/379
f 1898/671/379 1903/676/380 1924/697/379
f 1903/676/380 1915/688/388 1924/697/379
f 1884/658/371 1931/704/397 1930/703/396
f 1898/671/379 1931/704/397 1892/666/377
f 1884/658/371 1892/666/377 1931/704/397
f 1930/703/396 1881/655/370 1884/658/371
f 1932/705/398 1933/706/362 1934/707/399
f 1934/707/399 1933/706/362 1935/708/3
f 1936/708/400 1937/707/401 1938/706/362
f 1938/706/362 1937/707/401 1939/705/359
f 1940/709/193 1941/710/402 1942/711/403
f 1940/709/193 1943/712/83 1941/710/402
f 1944/713/359 1942/711/403 1941/710/402
f 1945/714/376 1942/711/403 1944/713/359
f 1941/710/402 1943/712/83 1946/715/83
f 1946/715/83 1943/712/83 1947/716/404
f 1946/715/83 1947/716/404 1948/717/405
f 1948/717/405 1947/716/404 1949/718/406
f 1950/719/407 1951/720/408 1952/721/409
f 1950/719/407 1952/721/409 1953/722/398
f 1951/720/408 1954/723/83 1952/721/409
f 1950/719/407 1955/724/410 1951/720/408
f 1953/722/398 1952/721/409 1956/725/376
f 1952/721/409 1954/723/83 1957/726/403
f 1957/726/403 1956/725/376 1952/721/409
f 1955/724/410 1950/719/407 1958/727/406
f 1959/728/411 1954/723/83 1951/720/408
f 1958/727/406 1950/719/407 1953/722/398
f 1951/720/408 1955/724/410 1959/728/411
f 1960/729/402 1954/723/83 1959/728/411
f 1955/724/410 1958/727/406 1961/730/412
f 1961/730/412 1960/729/402 1959/728/411
f 1959/728/411 1955/724/410 1961/730/412
f 1961/730/412 1958/727/406 1962/731/413
f 1963/732/404 1960/729/402 1961/730/412
f 1963/732/404 1961/730/412 1962/731/413
f 1872/646/367 1964/733/402 1882/656/367
f 1872/646/367 1965/734/414 1964/733/402
f 1882/656/367 1964/733/402 1966/735/402
f 1867/641/364 1965/734/414 1872/646/367
f 1867/641/364 1861/635/359 1965/734/414
f 1966/735/402 1896/670/378 1882/656/367
f 1882/656/367 1896/670/378 1885/659/372
f 1886/660/369 1869/643/365 1878/652/370
f 1869/643/365 1886/660/369 1863/637/360
f 1967/706/398 1968/705/398 1969/708/376
f 1969/708/376 1968/705/398 1970/707/398
f 1971/736/386 1972/708/384 1973/737/406
f 1973/737/406 1972/708/384 1974/707/406
f 1975/736/415 1976/708/384 1977/738/382
f 1977/738/382 1976/708/384 1978/707/416
f 1979/708/406 1980/739/406 1981/707/406
f 1981/707/406 1980/739/406 1982/737/406
f 1983/740/406 1984/741/376 1985/742/417
f 1985/742/417 1984/741/376 1986/743/376
f 1987/744/418 1988/745/216 1989/746/346
f 1990/747/204 1987/744/418 1989/746/346
f 1989/746/346 1988/745/216 1991/748/205
f 1992/749/204 1987/744/418 1990/747/204
f 1988/745/216 1993/750/203 1991/748/205
f 1994/746/212 1992/749/204 1990/747/204
f 1987/744/418 1995/751/419 1988/745/216
f 1991/748/205 1993/750/203 1996/752/420
f 1997/744/212 1992/749/204 1994/746/212
f 1995/751/419 1987/744/418 1998/753/421
f 1988/745/216 1995/751/419 1999/754/422
f 1988/745/216 1999/754/422 1993/750/203
f 2000/748/423 1997/744/212 1994/746/212
f 1998/753/421 1987/744/418 1992/749/204
f 1993/750/203 2001/755/201 1996/752/420
f 2002/745/349 1997/744/212 2000/748/423
f 1992/749/204 2003/751/424 1998/753/421
f 1993/750/203 1999/754/422 2004/756/425
f 1993/750/203 2004/756/425 2001/755/201
f 1997/744/212 2003/751/424 1992/749/204
f 2005/752/197 2002/745/349 2000/748/423
f 1996/752/420 2001/755/201 2006/757/201
f 2002/745/349 2007/754/426 1997/744/212
f 1997/744/212 2007/754/426 2003/751/424
f 2008/750/215 2002/745/349 2005/752/197
f 2001/755/201 2004/756/425 2009/758/427
f 2001/755/201 2010/759/428 2006/757/201
f 2002/745/349 2011/756/429 2007/754/426
f 2008/750/215 2011/756/429 2002/745/349
f 2012/757/430 2008/750/215 2005/752/197
f 2001/755/201 2009/758/427 2010/759/428
f 2006/757/201 2010/759/428 2013/760/198
f 2008/750/215 2014/758/431 2011/756/429
f 2015/755/213 2008/750/215 2012/757/430
f 2010/759/428 2009/758/427 2016/761/432
f 2010/759/428 2017/762/196 2013/760/198
f 2015/755/213 2014/758/431 2008/750/215
f 2018/760/433 2015/755/213 2012/757/430
f 2010/759/428 2016/761/432 2017/762/196
f 2013/760/198 2017/762/196 2019/763/196
f 2015/755/213 2020/761/434 2014/758/431
f 2019/763/196 2021/759/433 2018/760/433
f 2017/762/196 2016/761/432 2022/764/435
f 2021/759/433 2015/755/213 2018/760/433
f 2021/759/433 2022/764/435 2020/761/434
f 2017/762/196 2021/759/433 2019/763/196
f 2021/759/433 2020/761/434 2015/755/213
f 2017/762/196 2022/764/435 2021/759/433
f 2023/591/21 2024/592/21 2025/593/21
f 2023/591/21 2026/594/21 2024/592/21
f 2027/595/21 2026/594/21 2023/591/21
f 2028/596/21 2026/594/21 2027/595/21
f 2029/597/21 2026/594/21 2028/596/21
f 2029/597/21 2028/596/21 2030/598/21
f 2030/598/21 2028/596/21 2031/599/21
f 2030/598/21 2031/599/21 2032/600/21
f 2032/600/21 2031/599/21 2033/601/21
f 2032/600/21 2033/601/21 2034/602/21
f 2035/603/418 2036/604/2 2037/605/436
f 2037/605/436 2036/604/2 2038/606/166
f 2038/606/166 2039/607/212 2037/605/436
f 2040/608/2 2039/607/212 2038/606/166
f 2040/608/2 2041/609/200 2039/607/212
f 2042/610/21 2041/609/200 2040/608/2
f 2042/610/21 2043/611/197 2041/609/200
f 2044/612/21 2043/611/197 2042/610/21
f 2044/612/21 2045/613/213 2043/611/197
f 2046/614/27 2045/613/213 2044/612/21
f 2046/614/27 2047/615/433 2045/613/213
f 2048/616/21 2047/615/433 2046/614/27
f 2048/616/21 2049/617/437 2047/615/433
f 2050/618/21 2049/617/437 2048/616/21
f 2050/618/21 2051/619/428 2049/617/437
f 2052/620/21 2051/619/428 2050/618/21
f 2052/620/21 2053/621/207 2051/619/428
f 2054/622/21 2053/621/207 2052/620/21
f 2054/622/21 2055/623/334 2053/621/207
f 2056/624/28 2055/623/334 2054/622/21
f 2056/624/28 2057/625/216 2055/623/334
f 2058/626/2 2057/625/216 2056/624/28
f 2058/626/2 2059/627/438 2057/625/216
f 2060/628/2 2059/627/438 2058/626/2
f 2061/765/439 2062/766/440 2063/767/439
f 2061/765/439 2064/768/28 2062/766/440
f 2063/767/439 2062/766/440 2065/769/441
f 2062/766/440 2064/768/28 2066/770/21
f 2063/767/439 2065/769/441 2067/771/442
f 2062/766/440 2068/772/47 2065/769/441
f 2062/766/440 2066/770/21 2068/772/47
f 2067/771/442 2065/769/441 2069/773/443
f 2068/772/47 2066/770/21 2070/774/189
f 2065/769/441 2068/772/47 2071/775/47
f 2065/769/441 2071/775/47 2069/773/443
f 2068/772/47 2070/774/189 2072/776/444
f 2068/772/47 2072/776/444 2071/775/47
f 2069/773/443 2071/775/47 2073/777/445
f 2072/776/444 2070/774/189 2074/778/166
f 2071/775/47 2072/776/444 2075/779/446
f 2071/775/47 2075/779/446 2073/777/445
f 2072/776/444 2074/778/166 2076/780/447
f 2072/776/444 2076/780/447 2075/779/446
f 2073/777/445 2075/779/446 2077/781/448
f 2076/780/447 2074/778/166 2078/782/2
f 2075/779/446 2076/780/447 2079/783/447
f 2075/779/446 2080/784/449 2077/781/448
f 2079/783/447 2080/784/449 2075/779/446
f 2076/780/447 2078/782/2 2081/785/450
f 2076/780/447 2081/785/450 2079/783/447
f 2079/783/447 2082/786/451 2080/784/449
f 2081/785/450 2078/782/2 2083/787/27
f 2079/783/447 2081/785/450 2084/788/450
f 2084/788/450 2082/786/451 2079/783/447
f 2081/785/450 2083/787/27 2085/789/439
f 2081/785/450 2085/789/439 2084/788/450
f 2084/788/450 2086/790/452 2082/786/451
f 2085/789/439 2083/787/27 2087/791/21
f 2084/788/450 2085/789/439 2088/792/439
f 2088/792/439 2086/790/452 2084/788/450
f 2087/791/21 2089/793/439 2085/789/439
f 2085/789/439 2089/793/439 2088/792/439
f 2088/792/439 2090/794/439 2086/790/452
f 2088/792/439 2089/793/439 2090/794/439
f 2091/795/28 2089/793/439 2087/791/21
f 2086/790/452 2090/794/439 2092/796/453
f 2093/797/21 2094/798/21 2095/799/21
f 2093/797/21 2096/800/21 2094/798/21
f 2097/801/21 2096/800/21 2093/797/21
f 2097/801/21 2098/802/21 2096/800/21
f 2096/800/21 2098/802/21 2099/803/21
f 2100/804/91 2101/805/91 2102/806/91
f 2102/806/91 2103/807/454 2100/804/91
f 2102/806/91 2101/805/91 2104/808/91
f 2100/804/91 2103/807/454 2105/809/454
f 2106/810/455 2104/808/91 2101/805/91
f 2107/811/455 2104/808/91 2106/810/455
f 2108/812/456 2109/813/457 2105/809/454
f 2110/814/458 2109/813/457 2108/812/456
f 2111/815/151 2105/809/454 2109/813/457
f 2110/814/458 2112/816/459 2109/813/457
f 2112/816/459 2113/817/460 2106/810/461
f 2111/815/151 2109/813/457 2114/818/91
f 2114/818/91 2109/813/457 2112/816/459
f 2106/810/461 2114/818/91 2112/816/459
f 2115/819/459 2112/816/459 2110/814/458
f 2115/819/459 2113/817/460 2112/816/459
f 2116/820/16 2117/821/462 2113/817/462
f 2118/822/16 2117/821/462 2116/820/16
f 2113/817/462 2119/823/457 2116/820/16
f 2118/822/16 2116/820/16 2120/824/16
f 2119/823/457 2121/825/16 2116/820/16
f 2120/824/16 2116/820/16 2121/825/16
f 2122/826/463 2121/825/16 2119/823/457
f 2123/827/464 2120/824/16 2121/825/16
f 2122/826/463 2123/827/464 2121/825/16
f 2124/828/456 2120/824/16 2123/827/464
f 2125/829/465 2126/830/466 2124/828/465
f 2125/829/465 2127/831/91 2126/830/466
f 2124/828/465 2126/830/466 2128/832/467
f 2126/830/466 2127/831/91 2129/833/468
f 2130/828/16 2124/828/465 2128/832/467
f 2129/833/468 2131/834/469 2126/830/466
f 2126/830/466 2131/834/469 2128/832/467
f 2129/833/468 2127/831/91 2132/835/91
f 2130/828/16 2128/832/467 2133/836/13
f 2133/836/13 2128/832/467 2131/834/469
f 2129/833/468 2134/836/462 2131/834/469
f 2134/836/462 2133/836/13 2131/834/469
f 2132/835/91 2135/837/462 2129/833/468
f 2135/837/462 2134/836/462 2129/833/468
f 2136/838/464 2137/839/464 2138/840/464
f 2138/840/464 2137/839/464 2139/841/464
f 2140/842/462 2141/843/462 2142/844/462
f 2142/844/462 2141/843/462 2143/845/462
f 2144/846/470 2145/847/471 2146/848/470
f 2146/848/470 2145/847/471 2147/849/471
f 2145/847/471 2148/850/472 2147/849/471
f 2147/849/471 2148/850/472 2149/851/473
f 2148/850/472 2150/852/474 2149/851/473
f 2149/851/473 2150/852/474 2151/853/475
f 2150/852/474 2152/854/476 2151/853/475
f 2151/853/475 2152/854/476 2153/855/476
f 2152/854/476 2154/856/477 2153/855/476
f 2153/855/476 2154/856/477 2155/857/477
f 2154/856/477 2156/858/478 2155/857/477
f 2155/857/477 2156/858/478 2157/859/478
f 2156/858/478 2158/860/479 2157/859/478
f 2157/859/478 2158/860/479 2159/861/479
f 2160/862/480 2161/863/21 2162/864/481
f 2160/862/480 2163/865/482 2161/863/21
f 2162/864/481 2161/863/21 2164/866/21
f 2161/863/21 2163/865/482 2165/867/45
f 2164/866/21 2166/868/483 2162/864/481
f 2161/863/21 2167/869/21 2164/866/21
f 2163/865/482 2168/865/484 2165/867/45
f 2169/870/54 2166/868/483 2164/866/21
f 2167/869/21 2161/863/21 2170/871/45
f 2170/871/45 2161/863/21 2165/867/45
f 2165/867/45 2168/865/484 2171/872/47
f 2166/868/483 2169/870/54 2172/873/485
f 2170/871/45 2173/874/21 2167/869/21
f 2171/872/47 2174/871/126 2165/867/45
f 2168/865/484 2175/875/486 2171/872/47
f 2172/873/485 2169/870/54 2176/876/487
f 2165/867/45 2174/871/126 2170/871/45
f 2173/874/21 2177/877/2 2167/869/21
f 2178/878/54 2172/873/485 2176/876/487
f 2169/870/54 2179/879/67 2176/876/487
f 2170/871/45 2174/871/126 2180/880/45
f 2180/880/45 2173/874/21 2170/871/45
f 2181/868/488 2172/873/485 2178/878/54
f 2176/876/487 2179/879/67 2182/881/67
f 2180/880/45 2174/871/126 2183/880/70
f 2184/882/57 2181/868/488 2178/878/54
f 2182/881/67 2185/883/67 2176/876/487
f 2179/879/67 2186/884/16 2182/881/67
f 2187/885/2 2183/880/70 2174/871/126
f 2176/876/487 2185/883/67 2178/878/54
f 2179/879/67 2188/886/489 2186/884/16
f 2189/887/189 2183/880/70 2187/885/2
f 2174/871/126 2171/872/47 2187/885/2
f 2178/878/54 2190/888/63 2184/882/57
f 2182/881/67 2186/884/16 2191/884/16
f 2192/889/87 2188/886/489 2179/879/67
f 2193/890/54 2190/888/63 2178/878/54
f 2193/890/54 2178/878/54 2185/883/67
f 2194/891/16 2191/884/16 2186/884/16
f 2192/889/87 2195/888/54 2188/886/489
f 2193/890/54 2185/883/67 2196/892/21
f 2197/893/16 2191/884/16 2194/891/16
f 2192/889/87 2198/888/490 2195/888/54
f 2196/892/21 2199/888/54 2193/890/54
f 2199/888/54 2190/888/63 2193/890/54
f 2191/884/16 2197/893/16 2200/884/13
f 2196/892/21 2185/883/67 2200/884/13
f 2198/888/490 2201/894/63 2195/888/54
f 2199/888/54 2202/895/491 2190/888/63
f 2203/896/492 2199/888/54 2196/892/21
f 2200/884/13 2197/893/16 2204/893/193
f 2195/888/54 2201/894/63 2205/897/489
f 2206/898/21 2203/896/492 2196/892/21
f 2204/893/193 2206/898/21 2200/884/13
f 2197/893/16 2207/899/135 2204/893/193
f 2208/900/54 2201/894/63 2198/888/490
f 2200/884/13 2206/898/21 2196/892/21
f 2209/901/135 2207/899/135 2197/893/16
f 2204/893/193 2207/899/135 2206/898/21
f 2205/897/489 2201/894/63 2210/902/57
f 2198/888/490 2211/897/21 2208/900/54
f 2197/893/16 2212/899/54 2209/901/135
f 2205/897/489 2210/902/57 2213/903/489
f 2198/888/490 2169/870/54 2211/897/21
f 2194/891/16 2212/899/54 2197/893/16
f 2214/904/489 2205/897/489 2213/903/489
f 2169/870/54 2198/888/490 2192/889/87
f 2214/904/489 2212/899/54 2194/891/16
f 2208/900/54 2211/897/21 2177/877/2
f 2211/897/21 2169/870/54 2164/866/21
f 2179/879/67 2169/870/54 2192/889/87
f 2215/905/54 2212/899/54 2214/904/489
f 2213/903/489 2215/905/54 2214/904/489
f 2167/869/21 2177/877/2 2211/897/21
f 2164/866/21 2167/869/21 2211/897/21
f 2186/884/16 2214/904/489 2194/891/16
f 2216/906/54 2215/905/54 2213/903/489
f 2188/886/489 2214/904/489 2186/884/16
f 2217/907/57 2216/906/54 2213/903/489
f 2188/886/489 2205/897/489 2214/904/489
f 2188/886/489 2195/888/54 2205/897/489
f 2213/903/489 2210/902/57 2217/907/57
f 2218/908/54 2216/906/54 2217/907/57
f 2219/909/57 2220/910/493 2221/911/98
f 2220/910/493 2219/909/57 2202/895/491
f 2221/911/98 2220/910/493 2222/912/493
f 2202/895/491 2219/909/57 2190/888/63
f 2222/912/493 2223/913/47 2221/911/98
f 2224/914/57 2219/909/57 2221/911/98
f 2184/882/57 2190/888/63 2219/909/57
f 2184/882/57 2219/909/57 2224/914/57
f 2225/915/494 2223/913/47 2222/912/493
f 2226/916/495 2202/895/491 2199/888/54
f 2224/914/57 2227/917/496 2184/882/57
f 2225/915/494 2228/918/497 2223/913/47
f 2203/896/492 2226/916/495 2199/888/54
f 2229/919/498 2227/917/496 2224/914/57
f 2227/917/496 2181/868/488 2184/882/57
f 2223/913/47 2228/918/497 2230/913/47
f 2231/920/492 2226/916/495 2203/896/492
f 2224/914/57 2232/921/499 2229/919/498
f 2233/922/45 2223/913/47 2230/913/47
f 2234/923/492 2231/920/492 2203/896/492
f 2235/924/47 2232/921/499 2224/914/57
f 2235/924/47 2223/913/47 2233/922/45
f 2230/913/47 2228/918/497 2236/925/57
f 2234/923/492 2203/896/492 2206/898/21
f 2233/922/45 2237/921/500 2235/924/47
f 2235/924/47 2237/921/500 2232/921/499
f 2236/925/57 2228/918/497 2238/926/57
f 2239/927/501 2231/920/492 2234/923/492
f 2224/914/57 2221/911/98 2235/924/47
f 2235/924/47 2221/911/98 2223/913/47
f 2240/928/57 2230/913/47 2236/925/57
f 2233/922/45 2230/913/47 2240/928/57
f 2241/929/87 2234/923/492 2206/898/21
f 2234/923/492 2242/906/87 2239/927/501
f 2242/906/87 2234/923/492 2241/929/87
f 2206/898/21 2207/899/135 2241/929/87
f 2240/928/57 2243/930/502 2233/922/45
f 2239/927/501 2242/906/87 2244/931/87
f 2233/922/45 2243/930/502 2237/921/500
f 2245/932/54 2246/933/54 2247/934/54
f 2248/935/54 2245/932/54 2247/934/54
f 2247/934/54 2246/933/54 2249/936/54
f 2250/937/54 2245/932/54 2248/935/54
f 2251/938/21 2252/939/21 2253/940/21
f 2254/941/21 2251/938/21 2253/940/21
f 2255/942/21 2253/940/21 2252/939/21
f 2254/941/21 2256/943/21 2251/938/21
f 2257/944/21 2253/940/21 2255/942/21
f 2254/941/21 2258/945/21 2256/943/21
f 2257/944/21 2255/942/21 2259/946/28
f 2260/947/21 2258/945/21 2254/941/21
f 2256/943/21 2258/945/21 2261/948/28
f 2258/945/21 2262/949/168 2261/948/28
f 2263/950/21 2257/944/21 2259/946/28
f 2264/951/21 2257/944/21 2263/950/21
f 2259/946/28 2265/952/27 2263/950/21
f 2263/950/21 2265/952/27 2266/953/503
f 2267/954/54 2268/955/54 2269/956/54
f 2270/957/54 2268/955/54 2267/954/54
f 2269/956/54 2268/955/54 2271/958/54
f 2272/959/54 2268/955/54 2270/957/54
f 2273/960/504 2274/961/21 2275/962/505
f 2275/962/505 2274/961/21 2276/963/21
f 2274/961/21 2277/964/21 2276/963/21
f 2276/963/21 2277/964/21 2278/965/21
f 2277/964/21 2279/966/21 2278/965/21
f 2280/967/57 2281/968/57 2282/969/57
f 2280/967/57 2282/969/57 2283/970/57
f 2282/969/57 2281/968/57 2284/971/57
f 2283/970/57 2282/969/57 2285/972/57
f 2281/968/57 2286/973/57 2284/971/57
f 2284/971/57 2286/973/57 2287/974/57
f 2283/970/57 2285/972/57 2288/975/57
f 2288/975/57 2285/972/57 2289/976/57
f 2171/872/47 2175/875/486 2290/977/2
f 2187/885/2 2171/872/47 2290/977/2
f 2191/884/16 2200/884/13 2182/881/67
f 2182/881/67 2200/884/13 2185/883/67
f 2291/978/54 2292/979/54 2293/980/54
f 2293/980/54 2292/979/54 2294/981/54
f 2295/982/57 2296/983/57 2297/984/57
f 2295/982/57 2297/984/57 2298/985/57
f 2297/984/57 2296/983/57 2299/986/57
f 2298/985/57 2297/984/57 2300/987/57
f 2301/988/57 2299/986/57 2296/983/57
f 2302/989/57 2298/985/57 2300/987/57
f 2301/988/57 2296/983/57 2303/990/57
f 2302/989/57 2304/991/49 2298/985/57
f 2303/990/57 2296/983/57 2305/992/80
f 2298/985/57 2304/991/49 2306/993/53
f 2305/992/80 2307/994/506 2303/990/57
f 2308/995/507 2307/994/506 2305/992/80
f 2309/996/508 2306/993/53 2304/991/49
f 2310/997/509 2306/993/53 2309/996/508
f 2311/998/54 2312/999/54 2313/1000/54
f 2313/1000/54 2312/999/54 2314/1001/54
f 2315/1002/21 2316/1003/21 2317/1004/510
f 2318/1005/511 2315/1002/21 2317/1004/510
f 2317/1004/510 2316/1003/21 2319/1006/512
f 2320/1007/45 2315/1002/21 2318/1005/511
f 2316/1003/21 2321/1008/513 2319/1006/512
f 2322/1009/514 2320/1007/45 2318/1005/511
f 2320/1007/45 2323/1010/21 2315/1002/21
f 2324/1011/54 2321/1008/513 2316/1003/21
f 2325/1012/70 2320/1007/45 2322/1009/514
f 2326/1013/45 2323/1010/21 2320/1007/45
f 2316/1003/21 2315/1002/21 2327/1014/21
f 2321/1008/513 2324/1011/54 2328/1008/515
f 2329/1015/45 2323/1010/21 2326/1013/45
f 2327/1014/21 2330/1016/54 2316/1003/21
f 2327/1014/21 2315/1002/21 2323/1010/21
f 2316/1003/21 2330/1016/54 2324/1011/54
f 2328/1008/515 2324/1011/54 2331/1017/54
f 2329/1015/45 2326/1013/45 2332/1018/106
f 2333/1019/21 2327/1014/21 2323/1010/21
f 2331/1017/54 2334/1020/516 2328/1008/515
f 2333/1019/21 2323/1010/21 2329/1015/45
f 2332/1018/106 2326/1013/45 2335/1013/47
f 2336/1021/21 2334/1020/516 2331/1017/54
f 2337/1022/21 2327/1014/21 2333/1019/21
f 2327/1014/21 2337/1022/21 2330/1016/54
f 2326/1013/45 2338/1023/47 2335/1013/47
f 2331/1017/54 2339/1024/21 2336/1021/21
f 2335/1013/47 2340/1010/517 2332/1018/106
f 2330/1016/54 2337/1022/21 2341/1025/54
f 2342/1016/54 2339/1024/21 2331/1017/54
f 2338/1023/47 2343/1026/517 2335/1013/47
f 2330/1016/54 2341/1025/54 2342/1016/54
f 2335/1013/47 2343/1026/517 2340/1010/517
f 2342/1016/54 2344/1025/54 2339/1024/21
f 2320/1007/45 2338/1023/47 2326/1013/45
f 2342/1016/54 2341/1025/54 2344/1025/54
f 2343/1026/517 2345/1027/518 2340/1010/517
f 2339/1024/21 2344/1025/54 2346/1028/21
f 2338/1023/47 2347/1029/47 2343/1026/517
f 2347/1029/47 2338/1023/47 2320/1007/45
f 2340/1010/517 2345/1027/518 2348/1030/517
f 2331/1017/54 2324/1011/54 2342/1016/54
f 2320/1007/45 2325/1012/70 2347/1029/47
f 2348/1030/517 2349/1031/80 2340/1010/517
f 2350/1032/45 2348/1030/517 2345/1027/518
f 2342/1016/54 2324/1011/54 2330/1016/54
f 2347/1029/47 2325/1012/70 2351/1033/70
f 2352/1034/45 2348/1030/517 2350/1032/45
f 2343/1026/517 2353/1035/16 2345/1027/518
f 2351/1033/70 2353/1035/16 2347/1029/47
f 2325/1012/70 2354/1036/47 2351/1033/70
f 2355/1037/53 2349/1031/80 2348/1030/517
f 2343/1026/517 2347/1029/47 2353/1035/16
f 2352/1034/45 2355/1037/53 2348/1030/517
f 2332/1018/106 2340/1010/517 2349/1031/80
f 2356/1035/16 2353/1035/16 2351/1033/70
f 2357/1038/126 2355/1037/53 2352/1034/45
f 2358/1035/16 2351/1033/70 2354/1036/47
f 2359/1039/47 2354/1036/47 2325/1012/70
f 2356/1035/16 2351/1033/70 2358/1035/16
f 2356/1035/16 2360/1040/13 2353/1035/16
f 2322/1009/514 2359/1039/47 2325/1012/70
f 2358/1035/16 2354/1036/47 2361/1041/166
f 2362/1042/16 2360/1040/13 2356/1035/16
f 2363/1005/519 2359/1039/47 2322/1009/514
f 2358/1035/16 2362/1042/16 2356/1035/16
f 2361/1041/166 2354/1036/47 2364/1043/132
f 2359/1039/47 2363/1005/519 2365/1044/57
f 2366/1042/16 2362/1042/16 2358/1035/16
f 2367/1013/45 2361/1041/166 2364/1043/132
f 2364/1043/132 2354/1036/47 2359/1039/47
f 2365/1044/57 2363/1005/519 2368/1045/520
f 2361/1041/166 2369/1046/21 2358/1035/16
f 2358/1035/16 2369/1046/21 2366/1042/16
f 2359/1039/47 2370/1013/47 2364/1043/132
f 2359/1039/47 2365/1044/57 2370/1013/47
f 2364/1043/132 2370/1013/47 2367/1013/45
f 2361/1041/166 2371/1047/521 2369/1046/21
f 2372/1048/47 2362/1042/16 2366/1042/16
f 2368/1045/520 2373/1049/57 2365/1044/57
f 2371/1047/521 2361/1041/166 2367/1013/45
f 2366/1042/16 2369/1046/21 2372/1048/47
f 2374/1050/522 2373/1049/57 2368/1045/520
f 2369/1046/21 2371/1047/521 2375/1051/521
f 2376/1052/523 2371/1047/521 2367/1013/45
f 2377/1053/106 2362/1042/16 2372/1048/47
f 2378/1054/524 2373/1049/57 2374/1050/522
f 2379/1055/525 2371/1047/521 2376/1052/523
f 2371/1047/521 2379/1055/525 2375/1051/521
f 2377/1053/106 2380/1048/47 2362/1042/16
f 2381/1056/63 2373/1049/57 2378/1054/524
f 2376/1052/523 2367/1013/45 2382/1057/526
f 2375/1051/521 2379/1055/525 2383/1058/521
f 2378/1054/524 2384/1054/527 2381/1056/63
f 2373/1049/57 2381/1056/63 2385/1059/57
f 2382/1057/526 2367/1013/45 2370/1013/47
f 2375/1051/521 2383/1058/521 2386/1034/47
f 2387/1060/57 2373/1049/57 2385/1059/57
f 2370/1013/47 2387/1060/57 2382/1057/526
f 2381/1056/63 2384/1054/527 2388/1061/63
f 2386/1034/47 2389/1062/47 2375/1051/521
f 2386/1034/47 2383/1058/521 2390/1063/106
f 2382/1057/526 2387/1060/57 2391/1064/528
f 2385/1059/57 2391/1064/528 2387/1060/57
f 2375/1051/521 2389/1062/47 2369/1046/21
f 2392/1065/529 2388/1061/63 2384/1054/527
f 2393/1066/530 2391/1064/528 2385/1059/57
f 2370/1013/47 2365/1044/57 2387/1060/57
f 2372/1048/47 2369/1046/21 2389/1062/47
f 2394/1067/63 2393/1066/530 2385/1059/57
f 2395/1068/53 2388/1061/63 2392/1065/529
f 2365/1044/57 2373/1049/57 2387/1060/57
f 2396/1069/531 2393/1066/530 2394/1067/63
f 2388/1061/63 2395/1068/53 2397/1067/63
f 2385/1059/57 2381/1056/63 2394/1067/63
f 2381/1056/63 2388/1061/63 2394/1067/63
f 2394/1067/63 2388/1061/63 2397/1067/63
f 2396/1069/531 2394/1067/63 2398/1070/532
f 2398/1070/532 2394/1067/63 2397/1067/63
f 2397/1067/63 2395/1068/53 2399/1071/53
f 2397/1067/63 2399/1071/53 2398/1070/532
f 2398/1070/532 2399/1071/53 2400/1072/53
f 2401/1073/47 2402/1074/47 2403/1075/47
f 2401/1073/47 2404/1076/47 2402/1074/47
f 2403/1075/47 2402/1074/47 2405/1077/47
f 2406/1078/47 2404/1076/47 2401/1073/47
f 2407/1079/47 2408/1080/47 2409/1081/47
f 2409/1081/47 2410/1082/47 2407/1079/47
f 2409/1081/47 2408/1080/47 2411/1083/47
f 2412/1084/47 2410/1082/47 2409/1081/47
f 2413/1085/21 2414/1086/21 2415/1087/516
f 2414/1086/21 2413/1085/21 2416/1088/28
f 2415/1087/516 2414/1086/21 2417/1089/533
f 2416/1088/28 2413/1085/21 2418/1090/21
f 2416/1088/28 2418/1090/21 2419/1091/168
f 2362/1042/16 2380/1048/47 2360/1040/13
f 2360/1040/13 2380/1048/47 2345/1027/518
f 2345/1027/518 2353/1035/16 2360/1040/13
f 2345/1027/518 2380/1048/47 2350/1032/45
f 2420/981/47 2421/979/47 2422/980/47
f 2422/980/47 2421/979/47 2423/978/47
f 2424/998/47 2425/1000/47 2426/999/47
f 2426/999/47 2425/1000/47 2427/1001/47
f 2428/1092/86 2429/1093/534 2430/1094/288
f 2430/1094/288 2431/1095/54 2428/1092/86
f 2430/1094/288 2429/1093/534 2432/1096/83
f 2428/1092/86 2431/1095/54 2433/1097/535
f 2432/1096/83 2434/1098/193 2430/1094/288
f 2429/1093/534 2435/1094/16 2432/1096/83
f 2431/1095/54 2430/1094/288 2436/1099/63
f 2436/1099/63 2430/1094/288 2434/1098/193
f 2437/1092/536 2435/1094/16 2429/1093/534
f 2438/1100/83 2434/1098/193 2432/1096/83
f 2435/1094/16 2437/1092/536 2439/1095/111
f 2438/1100/83 2440/1101/53 2434/1098/193
f 2435/1094/16 2441/1098/83 2432/1096/83
f 2432/1096/83 2441/1098/83 2438/1100/83
f 2439/1095/111 2437/1092/536 2442/1097/537
f 2443/1102/53 2440/1101/53 2438/1100/83
f 2441/1098/83 2435/1094/16 2444/1099/47
f 2444/1099/47 2435/1094/16 2439/1095/111
f 2438/1100/83 2445/1101/49 2443/1102/53
f 2441/1098/83 2445/1101/49 2438/1100/83
f 2446/1103/53 2447/1104/57 2443/1102/57
f 2446/1103/53 2448/1105/538 2447/1104/57
f 2443/1102/57 2447/1104/57 2449/1106/57
f 2450/1107/539 2448/1105/538 2446/1103/53
f 2443/1102/57 2451/1104/57 2446/1103/53
f 2447/1104/57 2452/1108/540 2449/1106/57
f 2446/1103/53 2453/1105/539 2450/1107/539
f 2454/1109/541 2447/1104/57 2448/1105/538
f 2451/1104/57 2453/1105/539 2446/1103/53
f 2452/1108/540 2447/1104/57 2454/1109/541
f 2449/1106/57 2452/1108/540 2455/1110/57
f 2456/1106/53 2451/1104/57 2443/1102/57
f 2453/1105/539 2451/1104/57 2457/1109/542
f 2455/1110/57 2458/1111/16 2449/1106/57
f 2459/1112/57 2452/1108/57 2460/1113/57
f 2451/1104/57 2456/1106/53 2461/1108/57
f 2457/1109/542 2451/1104/57 2461/1108/57
f 2462/1114/54 2458/1111/16 2455/1110/57
f 2460/1113/57 2452/1108/57 2463/1115/57
f 2461/1108/57 2456/1106/53 2464/1110/543
f 2456/1106/53 2465/1111/16 2464/1110/543
f 2464/1110/543 2465/1111/16 2466/1114/47
f 2467/1112/57 2468/1113/57 2461/1108/57
f 2461/1108/57 2468/1113/57 2469/1115/57
f 2470/1116/538 2471/1116/538 2472/1117/544
f 2473/1118/545 2470/1116/538 2472/1117/544
f 2474/1119/541 2470/1116/538 2473/1118/545
f 2472/1117/544 2471/1116/538 2475/1117/538
f 2471/1116/538 2476/1117/538 2475/1117/538
f 2477/1116/546 2476/1117/538 2471/1116/538
f 2477/1116/546 2478/1118/547 2476/1117/538
f 2479/1119/548 2478/1118/547 2477/1116/546
f 2480/1120/541 2481/1121/545 2482/1122/541
f 2483/1123/57 2480/1120/541 2482/1122/541
f 2482/1122/541 2481/1121/545 2484/1124/545
f 2485/1125/57 2480/1120/541 2483/1123/57
f 2486/1126/535 2487/1127/63 2488/1128/88
f 2488/1128/88 2487/1127/63 2489/1129/63
f 2487/1127/63 2490/1130/87 2489/1129/63
f 2489/1129/63 2490/1130/87 2491/1131/549
f 2490/1130/87 2492/1132/57 2491/1131/549
f 2491/1131/549 2492/1132/57 2493/1133/74
f 2494/1134/53 2495/1135/57 2496/1136/57
f 2494/1134/53 2496/1136/57 2497/1137/539
f 2496/1136/57 2495/1135/57 2498/1138/98
f 2494/1134/53 2499/1136/57 2495/1135/57
f 2494/1134/53 2497/1137/539 2499/1136/57
f 2498/1138/98 2500/1139/550 2496/1136/57
f 2497/1137/539 2496/1136/57 2500/1139/550
f 2501/1140/57 2498/1138/98 2495/1135/57
f 2495/1135/57 2499/1136/57 2502/1138/57
f 2502/1138/57 2501/1140/57 2495/1135/57
f 2499/1136/57 2497/1137/539 2503/1139/538
f 2499/1136/57 2503/1139/538 2502/1138/57
f 2504/1141/551 2500/1139/550 2498/1138/98
f 2505/1142/53 2498/1138/98 2501/1140/57
f 2502/1138/57 2503/1139/538 2506/1141/548
f 2504/1141/551 2498/1138/98 2507/1143/545
f 2507/1143/545 2498/1138/98 2505/1142/53
f 2508/1142/57 2501/1140/57 2502/1138/57
f 2509/1143/548 2502/1138/57 2506/1141/548
f 2508/1142/57 2502/1138/57 2509/1143/548
f 2510/1124/552 2511/1121/552 2512/1122/548
f 2512/1122/548 2511/1121/552 2513/1120/548
f 2513/1120/548 2514/1123/80 2512/1122/548
f 2515/1125/80 2514/1123/80 2513/1120/548
f 2516/1129/47 2517/1127/47 2518/1128/103
f 2517/1127/47 2516/1129/47 2519/1130/47
f 2518/1128/103 2517/1127/47 2520/1126/104
f 2519/1130/47 2516/1129/47 2521/1131/47
f 2519/1130/47 2521/1131/47 2522/1132/80
f 2522/1132/80 2521/1131/47 2523/1133/53
f 2524/1144/2 2525/1145/21 2526/1146/21
f 2524/1144/2 2527/1147/47 2525/1145/21
f 2526/1146/21 2525/1145/21 2528/1148/21
f 2529/1149/106 2527/1147/47 2524/1144/2
f 2524/1144/2 2526/1146/21 2530/1150/91
f 2529/1149/106 2524/1144/2 2530/1150/91
f 2528/1148/21 2525/1145/21 2531/1151/21
f 2527/1147/47 2532/1152/2 2525/1145/21
f 2530/1150/91 2526/1146/21 2533/1153/91
f 2529/1149/106 2534/1154/47 2527/1147/47
f 2531/1151/21 2525/1145/21 2532/1152/2
f 2533/1153/91 2535/1155/91 2530/1150/91
f 2536/1156/47 2534/1154/47 2529/1149/106
f 2531/1151/21 2532/1152/2 2537/1157/21
f 2533/1153/91 2538/1158/91 2535/1155/91
f 2530/1150/91 2536/1156/47 2529/1149/106
f 2526/1146/21 2538/1158/91 2533/1153/91
f 2539/1159/553 2532/1152/2 2527/1147/47
f 2534/1154/47 2539/1159/553 2527/1147/47
f 2540/1160/554 2536/1156/47 2530/1150/91
f 2530/1150/91 2535/1155/91 2540/1160/554
f 2535/1155/91 2538/1158/91 2541/1161/91
f 2542/1162/555 2539/1159/553 2534/1154/47
f 2539/1159/553 2543/1163/21 2532/1152/2
f 2544/1164/21 2538/1158/91 2526/1146/21
f 2538/1158/91 2545/1165/556 2541/1161/91
f 2546/1166/557 2539/1159/553 2542/1162/555
f 2547/1167/21 2532/1152/2 2543/1163/21
f 2548/1168/63 2545/1165/556 2538/1158/91
f 2548/1168/63 2538/1158/91 2544/1164/21
f 2549/1169/558 2539/1159/553 2546/1166/557
f 2537/1157/21 2532/1152/2 2547/1167/21
f 2549/1169/558 2543/1163/21 2539/1159/553
f 2548/1168/63 2544/1164/21 2550/1170/63
f 2537/1157/21 2547/1167/21 2551/1171/16
f 2549/1169/558 2546/1166/557 2552/1172/47
f 2552/1172/47 2543/1163/21 2549/1169/558
f 2550/1170/63 2544/1164/21 2553/1173/2
f 2543/1163/21 2554/1174/21 2547/1167/21
f 2552/1172/47 2546/1166/557 2555/1175/47
f 2553/1173/2 2556/1176/2 2550/1170/63
f 2554/1174/21 2543/1163/21 2552/1172/47
f 2547/1167/21 2554/1174/21 2557/1177/21
f 2552/1172/47 2555/1175/47 2558/1178/47
f 2550/1170/63 2556/1176/2 2559/1179/559
f 2558/1178/47 2547/1167/21 2557/1177/21
f 2552/1172/47 2557/1177/21 2554/1174/21
f 2558/1178/47 2555/1175/47 2560/1180/47
f 2556/1176/2 2561/1181/21 2559/1179/559
f 2558/1178/47 2557/1177/21 2552/1172/47
f 2562/1182/16 2547/1167/21 2558/1178/47
f 2558/1178/47 2560/1180/47 2562/1182/16
f 2556/1176/2 2563/1183/2 2561/1181/21
f 2559/1179/559 2564/1184/560 2550/1170/63
f 2551/1171/16 2547/1167/21 2562/1182/16
f 2563/1183/2 2556/1176/2 2537/1157/21
f 2565/1185/559 2564/1184/560 2559/1179/559
f 2537/1157/21 2551/1171/16 2563/1183/2
f 2564/1184/560 2548/1168/63 2550/1170/63
f 2537/1157/21 2556/1176/2 2531/1151/21
f 2565/1185/559 2559/1179/559 2566/1186/559
f 2545/1165/556 2548/1168/63 2564/1184/560
f 2561/1181/21 2563/1183/2 2567/1187/2
f 2553/1173/2 2531/1151/21 2556/1176/2
f 2566/1186/559 2559/1179/559 2568/1188/561
f 2559/1179/559 2561/1181/21 2568/1188/561
f 2567/1187/2 2563/1183/2 2569/1189/2
f 2528/1148/21 2531/1151/21 2553/1173/2
f 2568/1188/561 2570/1190/54 2566/1186/559
f 2567/1187/2 2569/1189/2 2570/1190/54
f 2567/1187/2 2570/1190/54 2561/1181/21
f 2553/1173/2 2526/1146/21 2528/1148/21
f 2561/1181/21 2570/1190/54 2568/1188/561
f 2566/1186/559 2570/1190/54 2571/1191/562
f 2570/1190/54 2569/1189/2 2572/1192/54
f 2569/1189/2 2563/1183/2 2572/1192/54
f 2544/1164/21 2526/1146/21 2553/1173/2
f 2570/1190/54 2572/1192/54 2571/1191/562
f 2572/1192/54 2563/1183/2 2573/1193/193
f 2571/1191/562 2572/1192/54 2574/1194/563
f 2572/1192/54 2573/1193/193 2574/1194/563
f 2563/1183/2 2551/1171/16 2573/1193/193
f 2574/1194/563 2573/1193/193 2575/1195/16
f 2576/1171/16 2573/1193/193 2551/1171/16
f 2575/1195/16 2573/1193/193 2576/1171/16
f 2551/1171/16 2562/1182/16 2576/1171/16
f 2577/1171/16 2575/1195/16 2576/1171/16
f 2576/1171/16 2562/1182/16 2577/1171/16
f 2578/1196/16 2577/1171/16 2562/1182/16
f 2562/1182/16 2560/1180/47 2578/1196/16
f 2579/1197/27 2580/1198/27 2581/1199/21
f 2580/1198/27 2579/1197/27 2582/1200/16
f 2581/1199/21 2580/1198/27 2583/1201/564
f 2582/1200/16 2579/1197/27 2584/1202/83
f 2581/1199/21 2585/1203/27 2579/1197/27
f 2582/1200/16 2586/1204/21 2580/1198/27
f 2583/1201/564 2580/1198/27 2586/1204/21
f 2579/1197/27 2587/1205/16 2584/1202/83
f 2588/1206/21 2585/1203/27 2581/1199/21
f 2586/1204/21 2589/1207/2 2583/1201/564
f 2585/1203/27 2587/1205/16 2579/1197/27
f 2590/1208/47 2586/1204/21 2582/1200/16
f 2588/1206/21 2591/1209/2 2585/1203/27
f 2583/1201/564 2589/1207/2 2592/1210/54
f 2591/1209/2 2587/1205/16 2585/1203/27
f 2593/1211/21 2589/1207/2 2586/1204/21
f 2588/1206/21 2594/1212/21 2591/1209/2
f 2592/1210/54 2589/1207/2 2595/1213/63
f 2596/1214/63 2587/1205/16 2591/1209/2
f 2590/1208/47 2597/1215/106 2586/1204/21
f 2586/1204/21 2597/1215/106 2593/1211/21
f 2593/1211/21 2598/1216/2 2589/1207/2
f 2596/1214/63 2591/1209/2 2599/1217/63
f 2600/1218/63 2592/1210/54 2595/1213/63
f 2601/1219/21 2598/1216/2 2593/1211/21
f 2593/1211/21 2597/1215/106 2601/1219/21
f 2591/1209/2 2594/1212/21 2602/1220/2
f 2599/1217/63 2591/1209/2 2602/1220/2
f 2600/1218/63 2595/1213/63 2603/1221/16
f 2601/1219/21 2597/1215/106 2604/1222/558
f 2605/1223/2 2599/1217/63 2602/1220/2
f 2606/1210/54 2592/1210/54 2600/1218/63
f 2601/1219/21 2607/1224/27 2598/1216/2
f 2605/1223/2 2602/1220/2 2608/1225/21
f 2608/1225/21 2602/1220/2 2594/1212/21
f 2606/1210/54 2600/1218/63 2609/1226/565
f 2610/1227/21 2607/1224/27 2601/1219/21
f 2601/1219/21 2604/1222/558 2610/1227/21
f 2611/1228/21 2605/1223/2 2608/1225/21
f 2609/1226/565 2600/1218/63 2612/1229/566
f 2613/1230/16 2598/1216/2 2607/1224/27
f 2614/1231/2 2605/1223/2 2611/1228/21
f 2611/1228/21 2608/1225/21 2615/1232/16
f 2600/1218/63 2616/1233/567 2612/1229/566
f 2613/1230/16 2607/1224/27 2617/1234/54
f 2615/1232/16 2618/1235/45 2611/1228/21
f 2603/1221/16 2616/1233/567 2600/1218/63
f 2619/1236/16 2613/1230/16 2603/1221/16
f 2619/1236/16 2598/1216/2 2613/1230/16
f 2615/1232/16 2608/1225/21 2620/1237/16
f 2616/1233/567 2603/1221/16 2621/1238/568
f 2603/1221/16 2595/1213/63 2619/1236/16
f 2603/1221/16 2613/1230/16 2622/1239/16
f 2594/1212/21 2620/1237/16 2608/1225/21
f 2621/1238/568 2603/1221/16 2622/1239/16
f 2595/1213/63 2589/1207/2 2619/1236/16
f 2619/1236/16 2589/1207/2 2598/1216/2
f 2620/1237/16 2623/1240/16 2615/1232/16
f 2624/1241/63 2621/1238/568 2622/1239/16
f 2622/1239/16 2613/1230/16 2624/1241/63
f 2625/1242/47 2620/1237/16 2594/1212/21
f 2625/1242/47 2623/1240/16 2620/1237/16
f 2615/1232/16 2623/1240/16 2626/1243/16
f 2627/1244/569 2621/1238/568 2624/1241/63
f 2594/1212/21 2628/1245/570 2625/1242/47
f 2626/1243/16 2629/1246/47 2615/1232/16
f 2624/1241/63 2630/1247/54 2627/1244/569
f 2588/1206/21 2628/1245/570 2594/1212/21
f 2631/1248/571 2629/1246/47 2626/1243/16
f 2626/1243/16 2623/1240/16 2631/1248/571
f 2624/1241/63 2632/1249/54 2630/1247/54
f 2628/1245/570 2633/1250/126 2625/1242/47
f 2615/1232/16 2629/1246/47 2618/1235/45
f 2633/1250/126 2623/1240/16 2625/1242/47
f 2617/1234/54 2632/1249/54 2624/1241/63
f 2634/1245/45 2633/1250/126 2628/1245/570
f 2618/1235/45 2629/1246/47 2635/1251/47
f 2617/1234/54 2636/1252/27 2632/1249/54
f 2634/1245/45 2637/1253/572 2633/1250/126
f 2638/1254/21 2618/1235/45 2635/1251/47
f 2639/1255/2 2636/1252/27 2617/1234/54
f 2636/1252/27 2640/1256/16 2632/1249/54
f 2633/1250/126 2637/1253/572 2641/1257/573
f 2635/1251/47 2629/1246/47 2642/1258/47
f 2639/1255/2 2643/1259/21 2636/1252/27
f 2641/1257/573 2644/1260/574 2633/1250/126
f 2645/1261/16 2638/1254/21 2635/1251/47
f 2635/1251/47 2642/1258/47 2645/1261/16
f 2646/1262/21 2643/1259/21 2639/1255/2
f 2633/1250/126 2644/1260/574 2623/1240/16
f 2647/1263/21 2638/1254/21 2645/1261/16
f 2646/1262/21 2639/1255/2 2610/1227/21
f 2643/1259/21 2646/1262/21 2648/1264/47
f 2631/1248/571 2623/1240/16 2644/1260/574
f 2645/1261/16 2649/1265/16 2647/1263/21
f 2648/1264/47 2650/1266/21 2643/1259/21
f 2610/1227/21 2651/1267/558 2646/1262/21
f 2645/1261/16 2642/1258/47 2652/1268/16
f 2648/1264/47 2646/1262/21 2653/1269/47
f 2654/1270/21 2643/1259/21 2650/1266/21
f 2646/1262/21 2651/1267/558 2653/1269/47
f 2642/1258/47 2655/1271/575 2652/1268/16
f 2656/1272/21 2649/1265/16 2654/1270/21
f 2654/1270/21 2650/1266/21 2656/1272/21
f 2647/1263/21 2649/1265/16 2656/1272/21
f 2610/1227/21 2604/1222/558 2651/1267/558
f 2652/1268/16 2655/1271/575 2657/1273/576
f 2647/1263/21 2656/1272/21 2658/1274/189
f 2654/1270/21 2649/1265/16 2640/1256/16
f 2659/1275/576 2652/1268/16 2657/1273/576
f 2660/1276/2 2647/1263/21 2658/1274/189
f 2654/1270/21 2640/1256/16 2636/1252/27
f 2661/1265/16 2652/1268/16 2659/1275/576
f 2649/1265/16 2661/1265/16 2640/1256/16
f 2638/1254/21 2647/1263/21 2660/1276/2
f 2636/1252/27 2643/1259/21 2654/1270/21
f 2649/1265/16 2645/1261/16 2661/1265/16
f 2661/1265/16 2645/1261/16 2652/1268/16
f 2638/1254/21 2660/1276/2 2662/1277/21
f 2640/1256/16 2661/1265/16 2663/1278/16
f 2658/1274/189 2664/1279/63 2660/1276/2
f 2662/1277/21 2618/1235/45 2638/1254/21
f 2663/1278/16 2630/1247/54 2640/1256/16
f 2665/1280/91 2664/1279/63 2658/1274/189
f 2662/1277/21 2660/1276/2 2666/1281/2
f 2663/1278/16 2667/1282/577 2630/1247/54
f 2668/1283/2 2665/1280/91 2658/1274/189
f 2660/1276/2 2664/1279/63 2666/1281/2
f 2669/1284/578 2667/1282/577 2663/1278/16
f 2670/1285/91 2665/1280/91 2668/1283/2
f 2658/1274/189 2656/1272/21 2668/1283/2
f 2666/1281/2 2614/1231/2 2662/1277/21
f 2663/1278/16 2671/1275/579 2669/1284/578
f 2670/1285/91 2668/1283/2 2672/1286/91
f 2666/1281/2 2673/1287/580 2614/1231/2
f 2661/1265/16 2671/1275/579 2663/1278/16
f 2662/1277/21 2614/1231/2 2611/1228/21
f 2672/1286/91 2668/1283/2 2650/1266/21
f 2656/1272/21 2650/1266/21 2668/1283/2
f 2674/1288/63 2673/1287/580 2666/1281/2
f 2611/1228/21 2618/1235/45 2662/1277/21
f 2672/1286/91 2650/1266/21 2648/1264/47
f 2666/1281/2 2664/1279/63 2674/1288/63
f 2673/1287/580 2675/1289/559 2614/1231/2
f 2614/1231/2 2675/1289/559 2605/1223/2
f 2675/1289/559 2599/1217/63 2605/1223/2
f 2624/1241/63 2613/1230/16 2617/1234/54
f 2617/1234/54 2607/1224/27 2639/1255/2
f 2610/1227/21 2639/1255/2 2607/1224/27
f 2627/1244/569 2630/1247/54 2667/1282/577
f 2640/1256/16 2630/1247/54 2632/1249/54
f 2629/1246/47 2676/1290/581 2642/1258/47
f 2676/1290/581 2629/1246/47 2631/1248/571
f 2642/1258/47 2676/1290/581 2655/1271/575
