# Blender 4.1.1
# www.blender.org
mtllib Train.mtl
o GUI_Map_TrainRescue1_GUI_Map_TrainRescueTrain
v 0.015865 0.004253 0.019924
v 0.015865 0.004137 0.019924
v 0.015936 0.004134 0.019996
v 0.017284 0.000021 0.019113
v 0.016716 0.000021 0.018928
v 0.017245 0.000290 0.019189
v 0.016703 0.000290 0.019013
v 0.016120 0.000021 0.018928
v 0.016133 0.000290 0.019013
v 0.017706 0.000290 0.019524
v 0.016555 0.000527 0.019944
v 0.015552 0.000021 0.019113
v 0.017767 0.000021 0.019464
v 0.016817 0.000527 0.020029
v 0.015591 0.000290 0.019189
v 0.018041 0.000290 0.019985
v 0.017040 0.000527 0.020191
v 0.016280 0.000527 0.019944
v 0.018118 0.000021 0.019946
v 0.015069 0.000021 0.019464
v 0.018218 0.000290 0.020527
v 0.017201 0.000527 0.020413
v 0.016019 0.000527 0.020029
v 0.018302 0.000021 0.020514
v 0.017286 0.000527 0.020675
v 0.015129 0.000290 0.019524
v 0.018218 0.000290 0.021097
v 0.014718 0.000021 0.019946
v 0.015796 0.000527 0.020191
v 0.018302 0.000021 0.021111
v 0.017286 0.000527 0.020950
v 0.014794 0.000290 0.019985
v 0.018041 0.000290 0.021640
v 0.014534 0.000021 0.020514
v 0.015635 0.000527 0.020413
v 0.018118 0.000021 0.021678
v 0.017201 0.000527 0.021212
v 0.014618 0.000290 0.020527
v 0.017706 0.000290 0.022101
v 0.014534 0.000021 0.021111
v 0.015550 0.000527 0.020675
v 0.017767 0.000021 0.022161
v 0.017040 0.000527 0.021434
v 0.014618 0.000290 0.021097
v 0.017245 0.000290 0.022436
v 0.014718 0.000021 0.021678
v 0.015550 0.000527 0.020950
v 0.017284 0.000021 0.022512
v 0.016817 0.000527 0.021596
v 0.014794 0.000290 0.021640
v 0.016703 0.000290 0.022612
v 0.015069 0.000021 0.022161
v 0.015635 0.000527 0.021212
v 0.016716 0.000021 0.022696
v 0.016555 0.000527 0.021681
v 0.015129 0.000290 0.022101
v 0.016133 0.000290 0.022612
v 0.015552 0.000021 0.022512
v 0.015796 0.000527 0.021434
v 0.016120 0.000021 0.022696
v 0.016280 0.000527 0.021681
v 0.015591 0.000290 0.022436
v 0.016019 0.000527 0.021596
v 0.017027 0.000859 0.021123
v 0.017093 0.000859 0.020919
v 0.017027 0.003352 0.021123
v 0.016901 0.003352 0.021296
v 0.017093 0.003352 0.020919
v 0.016901 0.000859 0.021296
v 0.017093 0.000859 0.020705
v 0.016728 0.003352 0.021422
v 0.017201 0.000527 0.021212
v 0.017286 0.000527 0.020675
v 0.017093 0.003352 0.020705
v 0.016728 0.000859 0.021422
v 0.017286 0.000527 0.020950
v 0.017027 0.000859 0.020502
v 0.016525 0.003352 0.021488
v 0.017201 0.000527 0.020413
v 0.016525 0.000859 0.021488
v 0.017027 0.003352 0.020502
v 0.017040 0.000527 0.021434
v 0.016311 0.003352 0.021488
v 0.016901 0.000859 0.020329
v 0.016311 0.000859 0.021488
v 0.016817 0.000527 0.021596
v 0.017040 0.000527 0.020191
v 0.016108 0.003352 0.021422
v 0.016901 0.003352 0.020329
v 0.016555 0.000527 0.021681
v 0.016108 0.000859 0.021422
v 0.016817 0.000527 0.020029
v 0.016728 0.000859 0.020203
v 0.015934 0.003352 0.021296
v 0.016280 0.000527 0.021681
v 0.015934 0.000859 0.021296
v 0.016728 0.003352 0.020203
v 0.016555 0.000527 0.019944
v 0.015809 0.003352 0.021123
v 0.016019 0.000527 0.021596
v 0.016525 0.000859 0.020137
v 0.015809 0.000859 0.021123
v 0.016525 0.003352 0.020137
v 0.016280 0.000527 0.019944
v 0.015796 0.000527 0.021434
v 0.015743 0.003352 0.020919
v 0.016311 0.000859 0.020137
v 0.015635 0.000527 0.021212
v 0.015743 0.000859 0.020919
v 0.016311 0.003352 0.020137
v 0.016019 0.000527 0.020029
v 0.015743 0.003352 0.020705
v 0.016108 0.000859 0.020203
v 0.015550 0.000527 0.020950
v 0.015743 0.000859 0.020705
v 0.016108 0.003352 0.020203
v 0.015796 0.000527 0.020191
v 0.015809 0.003352 0.020502
v 0.015934 0.000859 0.020329
v 0.015550 0.000527 0.020675
v 0.015809 0.000859 0.020502
v 0.015934 0.003352 0.020329
v 0.015635 0.000527 0.020413
v 0.015715 0.005503 0.021257
v 0.015715 0.005737 0.021257
v 0.015815 0.005522 0.021289
v 0.015611 0.005737 0.021257
v 0.015815 0.005737 0.021289
v 0.015611 0.005466 0.021257
v 0.015899 0.005539 0.021351
v 0.015899 0.005737 0.021351
v 0.015511 0.005737 0.021289
v 0.015511 0.005440 0.021289
v 0.015427 0.005737 0.021351
v 0.015427 0.005430 0.021351
v 0.015365 0.005440 0.021435
v 0.015365 0.005737 0.021435
v 0.015333 0.005466 0.021535
v 0.015333 0.005737 0.021535
v 0.015333 0.005503 0.021639
v 0.015333 0.005737 0.021639
v 0.015365 0.005522 0.021739
v 0.015365 0.005737 0.021739
v 0.015427 0.005539 0.021823
v 0.015427 0.005737 0.021823
v 0.015511 0.005522 0.021885
v 0.015511 0.005737 0.021885
v 0.015427 0.005539 0.021823
v 0.015611 0.005737 0.021917
v 0.015427 0.005737 0.021823
v 0.015611 0.005503 0.021917
v 0.015715 0.005737 0.021917
v 0.015715 0.005466 0.021917
v 0.015815 0.005737 0.021885
v 0.015815 0.005440 0.021885
v 0.015899 0.005737 0.021823
v 0.015899 0.005430 0.021823
v 0.015961 0.005440 0.021739
v 0.015961 0.005737 0.021739
v 0.015993 0.005466 0.021639
v 0.015993 0.005737 0.021639
v 0.015993 0.005503 0.021535
v 0.015993 0.005737 0.021535
v 0.015961 0.005522 0.021435
v 0.015961 0.005737 0.021435
v 0.015899 0.005539 0.021351
v 0.015899 0.005737 0.021351
v 0.015427 0.006558 0.021823
v 0.015511 0.006558 0.021885
v 0.015899 0.006558 0.021351
v 0.015365 0.006558 0.021739
v 0.015961 0.006558 0.021435
v 0.015815 0.006558 0.021289
v 0.015993 0.006558 0.021535
v 0.015333 0.006558 0.021639
v 0.015611 0.006558 0.021917
v 0.015715 0.006558 0.021257
v 0.015993 0.006558 0.021639
v 0.015333 0.006558 0.021535
v 0.015715 0.006558 0.021917
v 0.015611 0.006558 0.021257
v 0.015961 0.006558 0.021739
v 0.015365 0.006558 0.021435
v 0.015815 0.006558 0.021885
v 0.015899 0.006558 0.021823
v 0.015511 0.006558 0.021289
v 0.015427 0.006558 0.021351
v 0.015715 0.005737 0.021917
v 0.015815 0.005737 0.021885
v 0.015763 0.006191 0.022217
v 0.015563 0.006191 0.022217
v 0.015952 0.006191 0.022155
v 0.015611 0.005737 0.021917
v 0.015899 0.005737 0.021823
v 0.015373 0.006191 0.022155
v 0.016114 0.006191 0.022038
v 0.015511 0.005737 0.021885
v 0.015961 0.005737 0.021739
v 0.015212 0.006191 0.022038
v 0.015427 0.005737 0.021823
v 0.016231 0.006191 0.021877
v 0.015993 0.005737 0.021639
v 0.016293 0.006191 0.021687
v 0.015993 0.005737 0.021535
v 0.016293 0.006191 0.021487
v 0.015961 0.005737 0.021435
v 0.016231 0.006191 0.021298
v 0.015899 0.005737 0.021351
v 0.016114 0.006191 0.021136
v 0.015365 0.005737 0.021739
v 0.015427 0.005737 0.021823
v 0.015095 0.006191 0.021877
v 0.015033 0.006191 0.021687
v 0.015212 0.006191 0.022038
v 0.015333 0.005737 0.021639
v 0.015033 0.006191 0.021487
v 0.015333 0.005737 0.021535
v 0.015095 0.006191 0.021298
v 0.015365 0.005737 0.021435
v 0.015212 0.006191 0.021136
v 0.015427 0.005737 0.021351
v 0.015373 0.006191 0.021019
v 0.015511 0.005737 0.021289
v 0.015563 0.006191 0.020957
v 0.015611 0.005737 0.021257
v 0.015763 0.006191 0.020957
v 0.015715 0.005737 0.021257
v 0.015952 0.006191 0.021019
v 0.015815 0.005737 0.021289
v 0.016114 0.006191 0.021136
v 0.015899 0.005737 0.021351
v 0.015763 0.006191 0.022217
v 0.015952 0.006191 0.022155
v 0.015715 0.006558 0.021917
v 0.015611 0.006558 0.021917
v 0.015815 0.006558 0.021885
v 0.015563 0.006191 0.022217
v 0.016114 0.006191 0.022038
v 0.015511 0.006558 0.021885
v 0.015899 0.006558 0.021823
v 0.015373 0.006191 0.022155
v 0.016231 0.006191 0.021877
v 0.015427 0.006558 0.021823
v 0.015212 0.006191 0.022038
v 0.015961 0.006558 0.021739
v 0.016293 0.006191 0.021687
v 0.015993 0.006558 0.021639
v 0.016293 0.006191 0.021487
v 0.015993 0.006558 0.021535
v 0.016231 0.006191 0.021298
v 0.015961 0.006558 0.021435
v 0.016114 0.006191 0.021136
v 0.015899 0.006558 0.021351
v 0.015095 0.006191 0.021877
v 0.015212 0.006191 0.022038
v 0.015365 0.006558 0.021739
v 0.015333 0.006558 0.021639
v 0.015427 0.006558 0.021823
v 0.015033 0.006191 0.021687
v 0.015333 0.006558 0.021535
v 0.015033 0.006191 0.021487
v 0.015365 0.006558 0.021435
v 0.015095 0.006191 0.021298
v 0.015427 0.006558 0.021351
v 0.015212 0.006191 0.021136
v 0.015511 0.006558 0.021289
v 0.015373 0.006191 0.021019
v 0.015611 0.006558 0.021257
v 0.015563 0.006191 0.020957
v 0.015715 0.006558 0.021257
v 0.015763 0.006191 0.020957
v 0.015815 0.006558 0.021289
v 0.015952 0.006191 0.021019
v 0.015899 0.006558 0.021351
v 0.016114 0.006191 0.021136
v 0.016240 0.005515 0.020789
v 0.016240 0.005844 0.020789
v 0.016319 0.005526 0.020814
v 0.016157 0.005844 0.020789
v 0.016319 0.005844 0.020814
v 0.016157 0.005495 0.020789
v 0.016079 0.005844 0.020814
v 0.016079 0.005475 0.020814
v 0.016012 0.005844 0.020863
v 0.016012 0.005467 0.020863
v 0.015963 0.005475 0.020930
v 0.015963 0.005844 0.020930
v 0.015937 0.005495 0.021009
v 0.015937 0.005844 0.021009
v 0.015937 0.005515 0.021092
v 0.015937 0.005844 0.021092
v 0.015963 0.005526 0.021171
v 0.015963 0.005844 0.021171
v 0.016012 0.005539 0.021238
v 0.016012 0.005844 0.021238
v 0.016079 0.005844 0.021286
v 0.016079 0.005526 0.021286
v 0.016157 0.005844 0.021312
v 0.016157 0.005515 0.021312
v 0.016240 0.005844 0.021312
v 0.016240 0.005495 0.021312
v 0.016319 0.005844 0.021286
v 0.016319 0.005475 0.021286
v 0.016386 0.005844 0.021238
v 0.016386 0.005467 0.021238
v 0.016435 0.005475 0.021171
v 0.016435 0.005844 0.021171
v 0.016461 0.005495 0.021092
v 0.016461 0.005844 0.021092
v 0.016461 0.005515 0.021009
v 0.016461 0.005844 0.021009
v 0.016435 0.005526 0.020930
v 0.016435 0.005844 0.020930
v 0.016386 0.005539 0.020863
v 0.016386 0.005844 0.020863
v 0.016319 0.005844 0.020814
v 0.016319 0.005526 0.020814
v 0.016012 0.005844 0.021238
v 0.016079 0.005844 0.021286
v 0.016386 0.005844 0.020863
v 0.015963 0.005844 0.021171
v 0.016435 0.005844 0.020930
v 0.016319 0.005844 0.020814
v 0.016461 0.005844 0.021009
v 0.015937 0.005844 0.021092
v 0.016157 0.005844 0.021312
v 0.016240 0.005844 0.020789
v 0.016461 0.005844 0.021092
v 0.015937 0.005844 0.021009
v 0.016240 0.005844 0.021312
v 0.016157 0.005844 0.020789
v 0.016435 0.005844 0.021171
v 0.015963 0.005844 0.020930
v 0.016319 0.005844 0.021286
v 0.016386 0.005844 0.021238
v 0.016079 0.005844 0.020814
v 0.016012 0.005844 0.020863
v 0.015820 0.003663 0.023233
v 0.015820 0.003353 0.023233
v 0.018819 0.003663 0.020234
v 0.018819 0.003353 0.020234
v 0.014009 0.003663 0.021423
v 0.015820 0.003663 0.023233
v 0.017009 0.003663 0.018423
v 0.018819 0.003663 0.020234
v 0.014009 0.003353 0.021423
v 0.014009 0.003663 0.021423
v 0.017009 0.003353 0.018423
v 0.017009 0.003663 0.018423
v 0.018819 0.003353 0.020234
v 0.015820 0.003353 0.023233
v 0.017009 0.003353 0.018423
v 0.014009 0.003353 0.021423
v 0.017009 0.003663 0.018423
v 0.018819 0.003663 0.020234
v 0.017009 0.003353 0.018423
v 0.018819 0.003353 0.020234
v 0.015820 0.003663 0.023233
v 0.014009 0.003663 0.021423
v 0.015820 0.003353 0.023233
v 0.014009 0.003353 0.021423
v 0.015795 0.004989 0.019986
v 0.015795 0.005822 0.019986
v 0.015956 0.005252 0.019825
v 0.016499 0.004989 0.019282
v 0.015956 0.005822 0.019825
v 0.016410 0.005252 0.019372
v 0.015956 0.006076 0.019825
v 0.016589 0.005252 0.019192
v 0.015795 0.006076 0.019986
v 0.016410 0.005822 0.019372
v 0.017039 0.005252 0.018742
v 0.016410 0.006076 0.019372
v 0.017187 0.004989 0.018595
v 0.016589 0.005822 0.019192
v 0.017187 0.005822 0.018595
v 0.016589 0.006076 0.019192
v 0.017039 0.005822 0.018742
v 0.017039 0.006076 0.018742
v 0.017187 0.006076 0.018595
v 0.016040 0.004989 0.020231
v 0.015795 0.004989 0.019986
v 0.016744 0.004989 0.019527
v 0.016981 0.004989 0.019764
v 0.016499 0.004989 0.019282
v 0.016277 0.004989 0.020468
v 0.017432 0.004989 0.018840
v 0.017230 0.004989 0.020013
v 0.017669 0.004989 0.019077
v 0.017187 0.004989 0.018595
v 0.016526 0.004989 0.020717
v 0.017917 0.004989 0.019325
v 0.017479 0.004989 0.020262
v 0.018166 0.004989 0.019574
v 0.016775 0.004989 0.020966
v 0.018403 0.004989 0.019811
v 0.017716 0.004989 0.020498
v 0.017011 0.004989 0.021203
v 0.018648 0.004989 0.020056
v 0.017961 0.004989 0.020744
v 0.017257 0.004989 0.021448
v 0.017187 0.004989 0.018595
v 0.017187 0.005822 0.018595
v 0.017432 0.004989 0.018840
v 0.017432 0.005914 0.018840
v 0.017669 0.004989 0.019077
v 0.017187 0.006076 0.018595
v 0.017669 0.005952 0.019077
v 0.017432 0.006195 0.018840
v 0.017917 0.004989 0.019325
v 0.017669 0.006245 0.019077
v 0.017917 0.005967 0.019325
v 0.018166 0.005952 0.019574
v 0.017917 0.006265 0.019325
v 0.018166 0.004989 0.019574
v 0.018166 0.006245 0.019574
v 0.018403 0.005914 0.019811
v 0.018403 0.006195 0.019811
v 0.018403 0.004989 0.019811
v 0.018648 0.006076 0.020056
v 0.018648 0.005822 0.020056
v 0.018648 0.004989 0.020056
v 0.015795 0.004989 0.019986
v 0.016040 0.004989 0.020231
v 0.015795 0.005822 0.019986
v 0.016040 0.005914 0.020231
v 0.015795 0.006076 0.019986
v 0.016277 0.004989 0.020468
v 0.016040 0.006195 0.020231
v 0.016277 0.005952 0.020468
v 0.016526 0.004989 0.020717
v 0.016277 0.006245 0.020468
v 0.016526 0.005967 0.020717
v 0.016775 0.005952 0.020966
v 0.016526 0.006265 0.020717
v 0.016775 0.004989 0.020966
v 0.016775 0.006245 0.020966
v 0.017011 0.005914 0.021203
v 0.017011 0.006195 0.021203
v 0.017011 0.004989 0.021203
v 0.017257 0.006076 0.021448
v 0.017257 0.005822 0.021448
v 0.017257 0.004989 0.021448
v 0.017257 0.004989 0.021448
v 0.017961 0.004989 0.020744
v 0.017418 0.005252 0.021287
v 0.017257 0.005822 0.021448
v 0.017871 0.005252 0.020833
v 0.017418 0.005822 0.021287
v 0.018050 0.005252 0.020654
v 0.017418 0.006076 0.021287
v 0.018501 0.005252 0.020204
v 0.017871 0.005822 0.020833
v 0.017257 0.006076 0.021448
v 0.018648 0.004989 0.020056
v 0.018050 0.005822 0.020654
v 0.017871 0.006076 0.020833
v 0.018648 0.005822 0.020056
v 0.018050 0.006076 0.020654
v 0.018501 0.005822 0.020204
v 0.018501 0.006076 0.020204
v 0.018648 0.006076 0.020056
v 0.018530 0.005822 0.020233
v 0.018080 0.005822 0.020683
v 0.018530 0.005252 0.020233
v 0.018080 0.005252 0.020683
v 0.017900 0.005822 0.020863
v 0.017447 0.005822 0.021316
v 0.017900 0.005252 0.020863
v 0.017447 0.005252 0.021316
v 0.016380 0.005822 0.019342
v 0.016380 0.005252 0.019342
v 0.015927 0.005822 0.019796
v 0.015927 0.005252 0.019796
v 0.017010 0.005827 0.018713
v 0.017010 0.005257 0.018713
v 0.016560 0.005827 0.019163
v 0.016560 0.005257 0.019163
v 0.018501 0.005822 0.020204
v 0.018050 0.005822 0.020654
v 0.018530 0.005822 0.020233
v 0.018080 0.005822 0.020683
v 0.018050 0.005822 0.020654
v 0.018050 0.005252 0.020654
v 0.018080 0.005822 0.020683
v 0.018080 0.005252 0.020683
v 0.018050 0.005252 0.020654
v 0.018501 0.005252 0.020204
v 0.018080 0.005252 0.020683
v 0.018530 0.005252 0.020233
v 0.018501 0.005252 0.020204
v 0.018501 0.005822 0.020204
v 0.018530 0.005252 0.020233
v 0.018530 0.005822 0.020233
v 0.017871 0.005822 0.020833
v 0.017418 0.005822 0.021287
v 0.017900 0.005822 0.020863
v 0.017447 0.005822 0.021316
v 0.017418 0.005822 0.021287
v 0.017418 0.005252 0.021287
v 0.017447 0.005822 0.021316
v 0.017447 0.005252 0.021316
v 0.017418 0.005252 0.021287
v 0.017871 0.005252 0.020833
v 0.017447 0.005252 0.021316
v 0.017900 0.005252 0.020863
v 0.017871 0.005252 0.020833
v 0.017871 0.005822 0.020833
v 0.017900 0.005252 0.020863
v 0.017900 0.005822 0.020863
v 0.016410 0.005822 0.019372
v 0.016410 0.005252 0.019372
v 0.016380 0.005822 0.019342
v 0.016380 0.005252 0.019342
v 0.016410 0.005252 0.019372
v 0.015956 0.005252 0.019825
v 0.016380 0.005252 0.019342
v 0.015927 0.005252 0.019796
v 0.015956 0.005252 0.019825
v 0.015956 0.005822 0.019825
v 0.015927 0.005252 0.019796
v 0.015927 0.005822 0.019796
v 0.015956 0.005822 0.019825
v 0.016410 0.005822 0.019372
v 0.015927 0.005822 0.019796
v 0.016380 0.005822 0.019342
v 0.017039 0.005252 0.018742
v 0.017010 0.005257 0.018713
v 0.017039 0.005822 0.018742
v 0.017010 0.005827 0.018713
v 0.017039 0.005252 0.018742
v 0.016589 0.005252 0.019192
v 0.017010 0.005257 0.018713
v 0.016560 0.005257 0.019163
v 0.016589 0.005252 0.019192
v 0.016589 0.005822 0.019192
v 0.016560 0.005257 0.019163
v 0.016560 0.005827 0.019163
v 0.016589 0.005822 0.019192
v 0.017039 0.005822 0.018742
v 0.016560 0.005827 0.019163
v 0.017010 0.005827 0.018713
v 0.017290 0.006144 0.021748
v 0.017258 0.005974 0.021716
v 0.018945 0.006144 0.020094
v 0.018912 0.005974 0.020061
v 0.018756 0.006268 0.019906
v 0.017102 0.006268 0.021560
v 0.018945 0.006144 0.020094
v 0.016886 0.006364 0.021344
v 0.017290 0.006144 0.021748
v 0.018540 0.006364 0.019689
v 0.016646 0.006409 0.021104
v 0.018301 0.006409 0.019450
v 0.018047 0.006436 0.019196
v 0.016393 0.006436 0.020850
v 0.016139 0.006409 0.020597
v 0.017793 0.006409 0.018942
v 0.015899 0.006364 0.020357
v 0.017554 0.006364 0.018703
v 0.015670 0.006272 0.020128
v 0.017324 0.006272 0.018474
v 0.017149 0.006144 0.018298
v 0.015495 0.006144 0.019953
v 0.018912 0.005974 0.020061
v 0.017258 0.005974 0.021716
v 0.018733 0.006095 0.019882
v 0.017079 0.006095 0.021537
v 0.016871 0.006189 0.021328
v 0.018525 0.006189 0.019674
v 0.016646 0.006233 0.021104
v 0.018301 0.006233 0.019450
v 0.016393 0.006260 0.020850
v 0.018047 0.006260 0.019196
v 0.017793 0.006233 0.018942
v 0.016139 0.006233 0.020597
v 0.017569 0.006189 0.018718
v 0.015914 0.006189 0.020372
v 0.017348 0.006099 0.018497
v 0.015694 0.006099 0.020151
v 0.017181 0.005974 0.018331
v 0.015527 0.005974 0.019985
v 0.018912 0.005974 0.020061
v 0.018733 0.006095 0.019882
v 0.018945 0.006144 0.020094
v 0.018756 0.006268 0.019906
v 0.018525 0.006189 0.019674
v 0.018540 0.006364 0.019689
v 0.018301 0.006233 0.019450
v 0.018301 0.006409 0.019450
v 0.018047 0.006260 0.019196
v 0.018047 0.006436 0.019196
v 0.017793 0.006409 0.018942
v 0.017793 0.006233 0.018942
v 0.017554 0.006364 0.018703
v 0.017569 0.006189 0.018718
v 0.017324 0.006272 0.018474
v 0.017348 0.006099 0.018497
v 0.017149 0.006144 0.018298
v 0.017181 0.005974 0.018331
v 0.017258 0.005974 0.021716
v 0.017290 0.006144 0.021748
v 0.017079 0.006095 0.021537
v 0.017102 0.006268 0.021560
v 0.016871 0.006189 0.021328
v 0.016886 0.006364 0.021344
v 0.016646 0.006233 0.021104
v 0.016646 0.006409 0.021104
v 0.016393 0.006260 0.020850
v 0.016393 0.006436 0.020850
v 0.016139 0.006409 0.020597
v 0.016139 0.006233 0.020597
v 0.015899 0.006364 0.020357
v 0.015914 0.006189 0.020372
v 0.015670 0.006272 0.020128
v 0.015694 0.006099 0.020151
v 0.015495 0.006144 0.019953
v 0.015527 0.005974 0.019985
v 0.017149 0.006144 0.018298
v 0.017181 0.005974 0.018331
v 0.015495 0.006144 0.019953
v 0.015527 0.005974 0.019985
v 0.017184 0.004622 0.021327
v 0.016594 0.004622 0.021917
v 0.017184 0.004353 0.021327
v 0.016594 0.004353 0.021917
v 0.016320 0.004622 0.021643
v 0.016594 0.004622 0.021917
v 0.016910 0.004622 0.021053
v 0.017184 0.004622 0.021327
v 0.016910 0.004353 0.021053
v 0.016320 0.004353 0.021643
v 0.016910 0.004622 0.021053
v 0.016320 0.004622 0.021643
v 0.017184 0.004622 0.021327
v 0.017184 0.004353 0.021327
v 0.016910 0.004622 0.021053
v 0.016910 0.004353 0.021053
v 0.016594 0.004353 0.021917
v 0.016594 0.004622 0.021917
v 0.016320 0.004353 0.021643
v 0.016320 0.004622 0.021643
v 0.015916 0.004622 0.020059
v 0.015916 0.004353 0.020059
v 0.015326 0.004622 0.020649
v 0.015326 0.004353 0.020649
v 0.015600 0.004622 0.020923
v 0.016190 0.004622 0.020333
v 0.015326 0.004622 0.020649
v 0.015916 0.004622 0.020059
v 0.016190 0.004353 0.020333
v 0.016190 0.004622 0.020333
v 0.015600 0.004353 0.020923
v 0.015600 0.004622 0.020923
v 0.015916 0.004622 0.020059
v 0.016190 0.004622 0.020333
v 0.015916 0.004353 0.020059
v 0.016190 0.004353 0.020333
v 0.015326 0.004353 0.020649
v 0.015600 0.004353 0.020923
v 0.015326 0.004622 0.020649
v 0.015600 0.004622 0.020923
v 0.016893 0.004357 0.018696
v 0.017241 0.004357 0.018349
v 0.016893 0.004127 0.018696
v 0.017241 0.004127 0.018349
v 0.017241 0.004357 0.018349
v 0.018069 0.004357 0.019177
v 0.017241 0.004127 0.018349
v 0.018069 0.004127 0.019177
v 0.018897 0.004127 0.020005
v 0.018897 0.004357 0.020005
v 0.016893 0.004127 0.018696
v 0.017092 0.004127 0.018895
v 0.016893 0.004357 0.018696
v 0.017092 0.004357 0.018895
v 0.017241 0.004127 0.018349
v 0.017245 0.004127 0.018552
v 0.016893 0.004127 0.018696
v 0.018069 0.004127 0.019177
v 0.017096 0.004127 0.018700
v 0.017969 0.004127 0.019276
v 0.017092 0.004127 0.018895
v 0.017192 0.004127 0.018796
v 0.018694 0.004127 0.020001
v 0.018897 0.004127 0.020005
v 0.018549 0.004127 0.020352
v 0.018545 0.004127 0.020149
v 0.018350 0.004127 0.020153
v 0.018450 0.004127 0.020054
v 0.016893 0.004357 0.018696
v 0.017097 0.004357 0.018701
v 0.017241 0.004357 0.018349
v 0.017092 0.004357 0.018895
v 0.017245 0.004357 0.018552
v 0.017192 0.004357 0.018796
v 0.018069 0.004357 0.019177
v 0.017969 0.004357 0.019276
v 0.018693 0.004357 0.020000
v 0.018897 0.004357 0.020005
v 0.018545 0.004357 0.020149
v 0.018549 0.004357 0.020352
v 0.018350 0.004357 0.020153
v 0.018450 0.004357 0.020054
v 0.017192 0.004357 0.018796
v 0.017192 0.004127 0.018796
v 0.017097 0.004357 0.018701
v 0.017096 0.004127 0.018700
v 0.017245 0.004357 0.018552
v 0.017245 0.004127 0.018552
v 0.017969 0.004357 0.019276
v 0.017969 0.004127 0.019276
v 0.018694 0.004127 0.020001
v 0.018693 0.004357 0.020000
v 0.017097 0.004357 0.018701
v 0.017096 0.004127 0.018700
v 0.017245 0.004357 0.018552
v 0.017245 0.004127 0.018552
v 0.018549 0.004357 0.020352
v 0.018549 0.004127 0.020352
v 0.018897 0.004357 0.020005
v 0.018897 0.004127 0.020005
v 0.018549 0.004127 0.020352
v 0.018549 0.004357 0.020352
v 0.018350 0.004127 0.020153
v 0.018350 0.004357 0.020153
v 0.018450 0.004357 0.020054
v 0.018545 0.004357 0.020149
v 0.018450 0.004127 0.020054
v 0.018545 0.004127 0.020149
v 0.018545 0.004357 0.020149
v 0.018693 0.004357 0.020000
v 0.018545 0.004127 0.020149
v 0.018694 0.004127 0.020001
v 0.015833 0.004064 0.019954
v 0.015802 0.004149 0.019985
v 0.017289 0.004064 0.021410
v 0.017299 0.003969 0.021399
v 0.017258 0.004149 0.021441
v 0.015843 0.003969 0.019943
v 0.015754 0.004217 0.020033
v 0.017210 0.004217 0.021489
v 0.017289 0.003875 0.021410
v 0.015833 0.003875 0.019954
v 0.017258 0.003789 0.021441
v 0.015802 0.003789 0.019985
v 0.017210 0.003722 0.021489
v 0.015754 0.003722 0.020033
v 0.015754 0.004217 0.020033
v 0.015694 0.004260 0.020093
v 0.017210 0.004217 0.021489
v 0.017150 0.004260 0.021549
v 0.015627 0.004275 0.020160
v 0.017083 0.004275 0.021616
v 0.015560 0.004260 0.020227
v 0.017016 0.004260 0.021683
v 0.015500 0.004217 0.020287
v 0.016956 0.004217 0.021743
v 0.015452 0.004149 0.020335
v 0.016908 0.004149 0.021791
v 0.015452 0.004149 0.020335
v 0.015421 0.004064 0.020365
v 0.016908 0.004149 0.021791
v 0.016878 0.004064 0.021821
v 0.015411 0.003969 0.020376
v 0.016867 0.003969 0.021832
v 0.015421 0.003875 0.020365
v 0.016878 0.003875 0.021821
v 0.015452 0.003789 0.020335
v 0.016908 0.003789 0.021791
v 0.015500 0.003722 0.020287
v 0.016956 0.003722 0.021743
v 0.015500 0.003722 0.020287
v 0.015560 0.003678 0.020227
v 0.016956 0.003722 0.021743
v 0.017016 0.003678 0.021683
v 0.015627 0.003663 0.020160
v 0.017083 0.003663 0.021616
v 0.015694 0.003678 0.020093
v 0.017150 0.003678 0.021549
v 0.015754 0.003722 0.020033
v 0.017210 0.003722 0.021489
v 0.015689 0.003941 0.020097
v 0.015565 0.003941 0.020222
v 0.015693 0.003969 0.020094
v 0.015680 0.003915 0.020107
v 0.015562 0.003969 0.020225
v 0.015574 0.003915 0.020213
v 0.015689 0.003998 0.020097
v 0.015589 0.003894 0.020198
v 0.015565 0.003998 0.020222
v 0.015666 0.003894 0.020121
v 0.015574 0.004024 0.020213
v 0.015607 0.003881 0.020180
v 0.015680 0.004024 0.020107
v 0.015647 0.003881 0.020139
v 0.015627 0.003877 0.020160
v 0.015666 0.004044 0.020121
v 0.015589 0.004044 0.020198
v 0.015647 0.004057 0.020139
v 0.015607 0.004057 0.020180
v 0.015627 0.004062 0.020160
v 0.017017 0.003969 0.021682
v 0.017020 0.003940 0.021679
v 0.017149 0.003969 0.021550
v 0.017020 0.003998 0.021679
v 0.017146 0.003940 0.021553
v 0.017146 0.003998 0.021553
v 0.017137 0.003914 0.021562
v 0.017030 0.004024 0.021669
v 0.017030 0.003914 0.021669
v 0.017137 0.004024 0.021562
v 0.017122 0.003894 0.021577
v 0.017044 0.004045 0.021655
v 0.017044 0.003894 0.021655
v 0.017122 0.004045 0.021577
v 0.017104 0.003880 0.021595
v 0.017063 0.004058 0.021636
v 0.017063 0.003880 0.021636
v 0.017083 0.003876 0.021616
v 0.017104 0.004058 0.021595
v 0.017083 0.004063 0.021616
v 0.016867 0.003969 0.021832
v 0.016878 0.003875 0.021821
v 0.016920 0.003969 0.021779
v 0.016928 0.004040 0.021771
v 0.016928 0.003898 0.021771
v 0.016878 0.004064 0.021821
v 0.016908 0.003789 0.021791
v 0.016951 0.004105 0.021748
v 0.016951 0.003834 0.021748
v 0.016908 0.004149 0.021791
v 0.016956 0.003722 0.021743
v 0.016987 0.004156 0.021711
v 0.016987 0.003783 0.021711
v 0.016956 0.004217 0.021743
v 0.017016 0.003678 0.021683
v 0.017033 0.004188 0.021666
v 0.017033 0.003750 0.021666
v 0.017016 0.004260 0.021683
v 0.017083 0.003663 0.021616
v 0.017083 0.004200 0.021616
v 0.017083 0.003739 0.021616
v 0.017083 0.004275 0.021616
v 0.017150 0.003678 0.021549
v 0.017134 0.004188 0.021565
v 0.017134 0.003750 0.021565
v 0.017150 0.004260 0.021549
v 0.017210 0.003722 0.021489
v 0.017179 0.004156 0.021520
v 0.017179 0.003783 0.021520
v 0.017210 0.004217 0.021489
v 0.017258 0.003789 0.021441
v 0.017215 0.004105 0.021484
v 0.017215 0.003834 0.021484
v 0.017258 0.004149 0.021441
v 0.017289 0.003875 0.021410
v 0.017238 0.004040 0.021461
v 0.017238 0.003898 0.021461
v 0.017289 0.004064 0.021410
v 0.017299 0.003969 0.021399
v 0.017246 0.003969 0.021453
v 0.015421 0.003875 0.020365
v 0.015411 0.003969 0.020376
v 0.015472 0.003898 0.020314
v 0.015496 0.003834 0.020291
v 0.015464 0.003969 0.020322
v 0.015452 0.003789 0.020335
v 0.015421 0.004064 0.020365
v 0.015532 0.003783 0.020255
v 0.015472 0.004040 0.020314
v 0.015500 0.003722 0.020287
v 0.015452 0.004149 0.020335
v 0.015577 0.003750 0.020210
v 0.015496 0.004105 0.020291
v 0.015560 0.003678 0.020227
v 0.015500 0.004217 0.020287
v 0.015627 0.003739 0.020160
v 0.015532 0.004155 0.020255
v 0.015627 0.003663 0.020160
v 0.015560 0.004260 0.020227
v 0.015677 0.003750 0.020109
v 0.015577 0.004188 0.020210
v 0.015694 0.003678 0.020093
v 0.015627 0.004275 0.020160
v 0.015723 0.003783 0.020064
v 0.015627 0.004199 0.020160
v 0.015754 0.003722 0.020033
v 0.015694 0.004260 0.020093
v 0.015759 0.003834 0.020028
v 0.015677 0.004188 0.020109
v 0.015802 0.003789 0.019985
v 0.015754 0.004217 0.020033
v 0.015782 0.003898 0.020005
v 0.015723 0.004155 0.020064
v 0.015833 0.003875 0.019954
v 0.015802 0.004149 0.019985
v 0.015790 0.003969 0.019997
v 0.015759 0.004105 0.020028
v 0.015843 0.003969 0.019943
v 0.015833 0.004064 0.019954
v 0.015782 0.004040 0.020005
v 0.016920 0.003969 0.021779
v 0.016928 0.003898 0.021771
v 0.016945 0.003969 0.021754
v 0.016951 0.004030 0.021747
v 0.016951 0.003909 0.021747
v 0.016928 0.004040 0.021771
v 0.016951 0.003834 0.021748
v 0.016971 0.004084 0.021728
v 0.016971 0.003854 0.021728
v 0.016951 0.004105 0.021748
v 0.016987 0.003783 0.021711
v 0.017002 0.004128 0.021697
v 0.017002 0.003811 0.021697
v 0.016987 0.004156 0.021711
v 0.017033 0.003750 0.021666
v 0.017040 0.004156 0.021659
v 0.017040 0.003783 0.021659
v 0.017033 0.004188 0.021666
v 0.017083 0.003739 0.021616
v 0.017083 0.004165 0.021616
v 0.017083 0.003773 0.021616
v 0.017083 0.004200 0.021616
v 0.017134 0.003750 0.021565
v 0.017126 0.004156 0.021573
v 0.017126 0.003783 0.021573
v 0.017134 0.004188 0.021565
v 0.017179 0.003783 0.021520
v 0.017165 0.004128 0.021534
v 0.017165 0.003811 0.021534
v 0.017179 0.004156 0.021520
v 0.017215 0.003834 0.021484
v 0.017195 0.004084 0.021504
v 0.017195 0.003854 0.021504
v 0.017215 0.004105 0.021484
v 0.017238 0.003898 0.021461
v 0.017215 0.004030 0.021484
v 0.017215 0.003909 0.021484
v 0.017238 0.004040 0.021461
v 0.017246 0.003969 0.021453
v 0.017222 0.003969 0.021477
v 0.016945 0.003969 0.021754
v 0.016951 0.003909 0.021747
v 0.017017 0.003969 0.021682
v 0.017020 0.003998 0.021679
v 0.017020 0.003940 0.021679
v 0.016951 0.004030 0.021747
v 0.016971 0.003854 0.021728
v 0.017030 0.004024 0.021669
v 0.017030 0.003914 0.021669
v 0.016971 0.004084 0.021728
v 0.017002 0.003811 0.021697
v 0.017044 0.004045 0.021655
v 0.017044 0.003894 0.021655
v 0.017002 0.004128 0.021697
v 0.017040 0.003783 0.021659
v 0.017063 0.004058 0.021636
v 0.017063 0.003880 0.021636
v 0.017040 0.004156 0.021659
v 0.017083 0.003773 0.021616
v 0.017083 0.004063 0.021616
v 0.017083 0.003876 0.021616
v 0.017083 0.004165 0.021616
v 0.017126 0.003783 0.021573
v 0.017104 0.004058 0.021595
v 0.017104 0.003880 0.021595
v 0.017126 0.004156 0.021573
v 0.017165 0.003811 0.021534
v 0.017122 0.004045 0.021577
v 0.017122 0.003894 0.021577
v 0.017165 0.004128 0.021534
v 0.017195 0.003854 0.021504
v 0.017137 0.004024 0.021562
v 0.017137 0.003914 0.021562
v 0.017195 0.004084 0.021504
v 0.017215 0.003909 0.021484
v 0.017146 0.003998 0.021553
v 0.017146 0.003940 0.021553
v 0.017215 0.004030 0.021484
v 0.017222 0.003969 0.021477
v 0.017149 0.003969 0.021550
v 0.015472 0.003898 0.020314
v 0.015464 0.003969 0.020322
v 0.015496 0.003909 0.020291
v 0.015515 0.003854 0.020272
v 0.015489 0.003969 0.020298
v 0.015496 0.003834 0.020291
v 0.015472 0.004040 0.020314
v 0.015546 0.003811 0.020241
v 0.015496 0.004030 0.020291
v 0.015532 0.003783 0.020255
v 0.015496 0.004105 0.020291
v 0.015584 0.003783 0.020202
v 0.015515 0.004084 0.020272
v 0.015577 0.003750 0.020210
v 0.015532 0.004155 0.020255
v 0.015627 0.003774 0.020160
v 0.015546 0.004128 0.020241
v 0.015627 0.003739 0.020160
v 0.015577 0.004188 0.020210
v 0.015670 0.003783 0.020117
v 0.015584 0.004155 0.020202
v 0.015677 0.003750 0.020109
v 0.015627 0.004199 0.020160
v 0.015709 0.003811 0.020078
v 0.015627 0.004165 0.020160
v 0.015723 0.003783 0.020064
v 0.015677 0.004188 0.020109
v 0.015739 0.003854 0.020048
v 0.015670 0.004155 0.020117
v 0.015759 0.003834 0.020028
v 0.015723 0.004155 0.020064
v 0.015759 0.003909 0.020028
v 0.015709 0.004128 0.020078
v 0.015782 0.003898 0.020005
v 0.015759 0.004105 0.020028
v 0.015766 0.003969 0.020021
v 0.015739 0.004084 0.020048
v 0.015790 0.003969 0.019997
v 0.015782 0.004040 0.020005
v 0.015759 0.004030 0.020028
v 0.015496 0.003909 0.020291
v 0.015489 0.003969 0.020298
v 0.015565 0.003941 0.020222
v 0.015574 0.003915 0.020213
v 0.015562 0.003969 0.020225
v 0.015515 0.003854 0.020272
v 0.015496 0.004030 0.020291
v 0.015589 0.003894 0.020198
v 0.015565 0.003998 0.020222
v 0.015546 0.003811 0.020241
v 0.015515 0.004084 0.020272
v 0.015607 0.003881 0.020180
v 0.015574 0.004024 0.020213
v 0.015584 0.003783 0.020202
v 0.015546 0.004128 0.020241
v 0.015627 0.003877 0.020160
v 0.015589 0.004044 0.020198
v 0.015627 0.003774 0.020160
v 0.015584 0.004155 0.020202
v 0.015647 0.003881 0.020139
v 0.015607 0.004057 0.020180
v 0.015670 0.003783 0.020117
v 0.015627 0.004165 0.020160
v 0.015666 0.003894 0.020121
v 0.015627 0.004062 0.020160
v 0.015709 0.003811 0.020078
v 0.015670 0.004155 0.020117
v 0.015680 0.003915 0.020107
v 0.015647 0.004057 0.020139
v 0.015739 0.003854 0.020048
v 0.015709 0.004128 0.020078
v 0.015689 0.003941 0.020097
v 0.015666 0.004044 0.020121
v 0.015759 0.003909 0.020028
v 0.015739 0.004084 0.020048
v 0.015693 0.003969 0.020094
v 0.015680 0.004024 0.020107
v 0.015766 0.003969 0.020021
v 0.015759 0.004030 0.020028
v 0.015689 0.003998 0.020097
v 0.015515 0.004364 0.022518
v 0.015222 0.004364 0.022513
v 0.015444 0.004271 0.022584
v 0.015611 0.003906 0.022853
v 0.015278 0.004271 0.022582
v 0.015928 0.003801 0.022930
v 0.015133 0.004271 0.022580
v 0.015120 0.003801 0.022926
v 0.014931 0.004271 0.022578
v 0.015304 0.003904 0.022851
v 0.014734 0.004361 0.022506
v 0.014974 0.003904 0.022849
v 0.014638 0.003904 0.022847
v 0.014318 0.003798 0.022922
v 0.014987 0.004361 0.022253
v 0.014734 0.004361 0.022506
v 0.015222 0.004364 0.022513
v 0.015118 0.004361 0.022122
v 0.014726 0.004358 0.022020
v 0.015515 0.004364 0.022518
v 0.014721 0.004358 0.021726
v 0.014798 0.003798 0.022442
v 0.015118 0.003798 0.022122
v 0.015120 0.003801 0.022926
v 0.014318 0.003798 0.022922
v 0.015928 0.003801 0.022930
v 0.014313 0.003795 0.022122
v 0.014309 0.003795 0.021314
v 0.015118 0.004361 0.022122
v 0.015515 0.004364 0.022518
v 0.015118 0.003798 0.022122
v 0.015928 0.003801 0.022930
v 0.015588 0.003904 0.022819
v 0.015421 0.004271 0.022550
v 0.015303 0.003904 0.022814
v 0.015277 0.004271 0.022544
v 0.014670 0.003901 0.022819
v 0.014994 0.003901 0.022815
v 0.014968 0.004274 0.022545
v 0.015156 0.004274 0.022542
v 0.015611 0.003906 0.022853
v 0.015444 0.004271 0.022584
v 0.015588 0.003904 0.022819
v 0.015421 0.004271 0.022550
v 0.015444 0.004271 0.022584
v 0.015278 0.004271 0.022582
v 0.015421 0.004271 0.022550
v 0.015277 0.004271 0.022544
v 0.015304 0.003904 0.022851
v 0.015303 0.003904 0.022814
v 0.015278 0.004271 0.022582
v 0.015277 0.004271 0.022544
v 0.015611 0.003906 0.022853
v 0.015588 0.003904 0.022819
v 0.015304 0.003904 0.022851
v 0.015303 0.003904 0.022814
v 0.014638 0.003904 0.022847
v 0.014974 0.003904 0.022849
v 0.014670 0.003901 0.022819
v 0.014994 0.003901 0.022815
v 0.014974 0.003904 0.022849
v 0.015133 0.004271 0.022580
v 0.014994 0.003901 0.022815
v 0.015156 0.004274 0.022542
v 0.014931 0.004271 0.022578
v 0.014968 0.004274 0.022545
v 0.015133 0.004271 0.022580
v 0.015156 0.004274 0.022542
v 0.014638 0.003904 0.022847
v 0.014670 0.003901 0.022819
v 0.014931 0.004271 0.022578
v 0.014968 0.004274 0.022545
v 0.014657 0.004266 0.021964
v 0.014726 0.004358 0.022020
v 0.014655 0.004266 0.021798
v 0.014659 0.004266 0.022109
v 0.014721 0.004358 0.021726
v 0.014661 0.004266 0.022311
v 0.014387 0.003898 0.021938
v 0.014386 0.003900 0.021631
v 0.014734 0.004361 0.022506
v 0.014389 0.003898 0.022268
v 0.014309 0.003795 0.021314
v 0.014391 0.003898 0.022604
v 0.014313 0.003795 0.022122
v 0.014318 0.003798 0.022922
v 0.014309 0.003795 0.021314
v 0.014721 0.004358 0.021726
v 0.015118 0.003798 0.022122
v 0.015118 0.004361 0.022122
v 0.014420 0.003898 0.021654
v 0.014425 0.003898 0.021939
v 0.014689 0.004266 0.021821
v 0.014695 0.004266 0.021965
v 0.014420 0.003895 0.022572
v 0.014694 0.004268 0.022274
v 0.014424 0.003895 0.022247
v 0.014697 0.004268 0.022086
v 0.014386 0.003900 0.021631
v 0.014420 0.003898 0.021654
v 0.014655 0.004266 0.021798
v 0.014689 0.004266 0.021821
v 0.014655 0.004266 0.021798
v 0.014689 0.004266 0.021821
v 0.014657 0.004266 0.021964
v 0.014695 0.004266 0.021965
v 0.014695 0.004266 0.021965
v 0.014425 0.003898 0.021939
v 0.014657 0.004266 0.021964
v 0.014387 0.003898 0.021938
v 0.014425 0.003898 0.021939
v 0.014420 0.003898 0.021654
v 0.014387 0.003898 0.021938
v 0.014386 0.003900 0.021631
v 0.014391 0.003898 0.022604
v 0.014420 0.003895 0.022572
v 0.014389 0.003898 0.022268
v 0.014424 0.003895 0.022247
v 0.014389 0.003898 0.022268
v 0.014424 0.003895 0.022247
v 0.014659 0.004266 0.022109
v 0.014697 0.004268 0.022086
v 0.014697 0.004268 0.022086
v 0.014694 0.004268 0.022274
v 0.014659 0.004266 0.022109
v 0.014661 0.004266 0.022311
v 0.014694 0.004268 0.022274
v 0.014420 0.003895 0.022572
v 0.014661 0.004266 0.022311
v 0.014391 0.003898 0.022604
v 0.014481 0.004137 0.021308
v 0.014481 0.004253 0.021308
v 0.015938 0.004137 0.022765
v 0.015938 0.004253 0.022765
v 0.015865 0.004137 0.019924
v 0.015865 0.004253 0.019924
v 0.014481 0.004137 0.021308
v 0.014481 0.004253 0.021308
v 0.015936 0.004134 0.019996
v 0.015865 0.004137 0.019924
v 0.016052 0.004137 0.019879
v 0.015884 0.004137 0.019711
v 0.015795 0.004137 0.022808
v 0.015938 0.004137 0.022765
v 0.015942 0.004137 0.022954
v 0.014481 0.004137 0.021308
v 0.014429 0.004137 0.021441
v 0.014291 0.004137 0.021304
v 0.015884 0.004137 0.019711
v 0.015865 0.004137 0.019924
v 0.014291 0.004137 0.021304
v 0.014481 0.004137 0.021308
v 0.015794 0.004366 0.022807
v 0.015795 0.004137 0.022808
v 0.015942 0.004366 0.022954
v 0.014429 0.004137 0.021441
v 0.015942 0.004137 0.022954
v 0.014425 0.004366 0.021438
v 0.014291 0.004137 0.021304
v 0.014291 0.004366 0.021304
v 0.016052 0.004137 0.019879
v 0.015884 0.004137 0.019711
v 0.016052 0.004366 0.019879
v 0.015884 0.004366 0.019711
v 0.014481 0.004253 0.021308
v 0.015865 0.004253 0.019924
v 0.015938 0.004253 0.022765
v 0.017321 0.004253 0.021381
v 0.017245 0.004366 0.021305
v 0.017534 0.004366 0.021361
v 0.017361 0.004366 0.021188
v 0.015942 0.004366 0.022954
v 0.015794 0.004366 0.022807
v 0.015936 0.004366 0.019996
v 0.014425 0.004366 0.021438
v 0.014291 0.004366 0.021304
v 0.015884 0.004366 0.019711
v 0.016052 0.004366 0.019879
v 0.014291 0.004366 0.021304
v 0.015884 0.004366 0.019711
v 0.014291 0.004137 0.021304
v 0.015884 0.004137 0.019711
v 0.017321 0.004137 0.021381
v 0.015938 0.004137 0.022765
v 0.017321 0.004253 0.021381
v 0.015938 0.004253 0.022765
v 0.017534 0.004137 0.021361
v 0.017321 0.004137 0.021381
v 0.017361 0.004137 0.021188
v 0.017245 0.004136 0.021305
v 0.017534 0.004137 0.021361
v 0.015942 0.004137 0.022954
v 0.017321 0.004137 0.021381
v 0.015938 0.004137 0.022765
v 0.017361 0.004366 0.021188
v 0.017534 0.004366 0.021361
v 0.017361 0.004137 0.021188
v 0.017534 0.004137 0.021361
v 0.015942 0.004366 0.022954
v 0.015942 0.004137 0.022954
v 0.017534 0.004366 0.021361
v 0.017534 0.004137 0.021361
v 0.015936 0.004366 0.019996
v 0.017245 0.004366 0.021305
v 0.015936 0.004989 0.019996
v 0.017245 0.004989 0.021305
v 0.016466 0.004468 0.019039
v 0.016500 0.004466 0.019071
v 0.016489 0.004408 0.019018
v 0.016468 0.004511 0.019103
v 0.016436 0.004511 0.019071
v 0.016521 0.004408 0.019050
v 0.016528 0.004345 0.019043
v 0.016496 0.004345 0.019011
v 0.016521 0.004281 0.019050
v 0.016489 0.004281 0.019018
v 0.016500 0.004224 0.019071
v 0.016468 0.004224 0.019039
v 0.016660 0.004632 0.018911
v 0.016690 0.004630 0.018941
v 0.016709 0.004495 0.018862
v 0.016615 0.004737 0.019017
v 0.016584 0.004737 0.018987
v 0.016739 0.004495 0.018893
v 0.016756 0.004345 0.018876
v 0.016725 0.004345 0.018846
v 0.016739 0.004195 0.018893
v 0.016709 0.004195 0.018862
v 0.016690 0.004060 0.018941
v 0.016660 0.004060 0.018911
v 0.016615 0.003953 0.019017
v 0.016584 0.003953 0.018987
v 0.016233 0.004466 0.019274
v 0.016466 0.004468 0.019039
v 0.016213 0.004408 0.019295
v 0.016265 0.004511 0.019242
v 0.016489 0.004408 0.019018
v 0.016436 0.004511 0.019071
v 0.016205 0.004345 0.019302
v 0.016396 0.004540 0.019111
v 0.016496 0.004345 0.019011
v 0.016306 0.004540 0.019201
v 0.016351 0.004550 0.019156
v 0.016213 0.004281 0.019295
v 0.016489 0.004281 0.019018
v 0.016468 0.004224 0.019039
v 0.016233 0.004224 0.019274
v 0.016265 0.004179 0.019242
v 0.016436 0.004179 0.019071
v 0.016306 0.004149 0.019201
v 0.016396 0.004149 0.019111
v 0.016351 0.004139 0.019156
v 0.018188 0.004281 0.020716
v 0.018195 0.004345 0.020709
v 0.018213 0.004281 0.020742
v 0.018193 0.004224 0.020763
v 0.018167 0.004224 0.020737
v 0.018220 0.004345 0.020735
v 0.018188 0.004408 0.020716
v 0.018213 0.004408 0.020742
v 0.018167 0.004466 0.020737
v 0.018193 0.004466 0.020763
v 0.018135 0.004511 0.020769
v 0.018160 0.004511 0.020795
v 0.017904 0.004345 0.021000
v 0.017911 0.004281 0.020993
v 0.017929 0.004345 0.021026
v 0.017937 0.004408 0.021019
v 0.017937 0.004281 0.021019
v 0.017911 0.004408 0.020993
v 0.017932 0.004224 0.020973
v 0.017957 0.004224 0.020998
v 0.017957 0.004466 0.020998
v 0.017932 0.004466 0.020973
v 0.017989 0.004511 0.020966
v 0.017964 0.004511 0.020940
v 0.018049 0.004551 0.020855
v 0.018004 0.004540 0.020900
v 0.018075 0.004551 0.020880
v 0.018120 0.004540 0.020835
v 0.018030 0.004540 0.020925
v 0.018094 0.004540 0.020810
v 0.017964 0.004511 0.020940
v 0.017989 0.004511 0.020966
v 0.018160 0.004511 0.020795
v 0.018135 0.004511 0.020769
v 0.018049 0.004139 0.020855
v 0.018094 0.004149 0.020810
v 0.018075 0.004139 0.020880
v 0.018030 0.004149 0.020925
v 0.018120 0.004149 0.020835
v 0.018004 0.004149 0.020900
v 0.018135 0.004178 0.020769
v 0.017989 0.004178 0.020966
v 0.018160 0.004178 0.020795
v 0.017964 0.004178 0.020940
v 0.018167 0.004224 0.020737
v 0.018193 0.004224 0.020763
v 0.017957 0.004224 0.020998
v 0.017932 0.004224 0.020973
v 0.016245 0.004281 0.019326
v 0.016237 0.004345 0.019334
v 0.016213 0.004281 0.019295
v 0.016233 0.004224 0.019274
v 0.016265 0.004224 0.019306
v 0.016205 0.004345 0.019302
v 0.016245 0.004408 0.019326
v 0.016213 0.004408 0.019295
v 0.016265 0.004466 0.019306
v 0.016233 0.004466 0.019274
v 0.016297 0.004511 0.019274
v 0.016265 0.004511 0.019242
v 0.016383 0.004550 0.019188
v 0.016428 0.004540 0.019143
v 0.016351 0.004550 0.019156
v 0.016306 0.004540 0.019201
v 0.016396 0.004540 0.019111
v 0.016338 0.004540 0.019233
v 0.016468 0.004511 0.019103
v 0.016436 0.004511 0.019071
v 0.016265 0.004511 0.019242
v 0.016297 0.004511 0.019274
v 0.016297 0.004179 0.019274
v 0.016265 0.004224 0.019306
v 0.016265 0.004179 0.019242
v 0.016306 0.004149 0.019201
v 0.016233 0.004224 0.019274
v 0.016338 0.004149 0.019233
v 0.016351 0.004139 0.019156
v 0.016383 0.004139 0.019188
v 0.016396 0.004149 0.019111
v 0.016428 0.004149 0.019143
v 0.016436 0.004179 0.019071
v 0.016468 0.004179 0.019103
v 0.016468 0.004224 0.019039
v 0.016500 0.004224 0.019071
v 0.016725 0.004345 0.018846
v 0.016709 0.004195 0.018862
v 0.016670 0.004345 0.018901
v 0.016656 0.004470 0.018915
v 0.016656 0.004219 0.018915
v 0.016709 0.004495 0.018862
v 0.016660 0.004060 0.018911
v 0.016615 0.004585 0.018956
v 0.016615 0.004106 0.018956
v 0.016660 0.004632 0.018911
v 0.016584 0.003953 0.018987
v 0.016584 0.004737 0.018987
v 0.016552 0.004016 0.019019
v 0.016552 0.004673 0.019019
v 0.016489 0.003884 0.019082
v 0.016471 0.004731 0.019100
v 0.016471 0.003958 0.019100
v 0.016489 0.004806 0.019082
v 0.016383 0.003860 0.019188
v 0.016383 0.004751 0.019188
v 0.016383 0.003939 0.019188
v 0.016383 0.004830 0.019188
v 0.016277 0.003884 0.019294
v 0.016294 0.004731 0.019277
v 0.016294 0.003958 0.019277
v 0.016277 0.004806 0.019294
v 0.016181 0.003953 0.019390
v 0.016214 0.004673 0.019357
v 0.016214 0.004016 0.019357
v 0.016181 0.004737 0.019390
v 0.016105 0.004060 0.019466
v 0.016150 0.004584 0.019421
v 0.016150 0.004106 0.019421
v 0.016105 0.004630 0.019466
v 0.016057 0.004195 0.019514
v 0.016110 0.004470 0.019461
v 0.016110 0.004219 0.019461
v 0.016057 0.004495 0.019514
v 0.016040 0.004345 0.019531
v 0.016096 0.004345 0.019476
v 0.018374 0.004196 0.020530
v 0.018391 0.004345 0.020513
v 0.018322 0.004219 0.020582
v 0.018282 0.004106 0.020622
v 0.018336 0.004345 0.020568
v 0.018325 0.004061 0.020579
v 0.018374 0.004494 0.020530
v 0.018218 0.004016 0.020686
v 0.018322 0.004470 0.020582
v 0.018250 0.003954 0.020654
v 0.018325 0.004629 0.020579
v 0.018138 0.003959 0.020766
v 0.018282 0.004584 0.020622
v 0.018155 0.003886 0.020749
v 0.018250 0.004735 0.020654
v 0.018049 0.003939 0.020855
v 0.018218 0.004673 0.020686
v 0.018049 0.003862 0.020855
v 0.018155 0.004804 0.020749
v 0.017961 0.003959 0.020944
v 0.018138 0.004731 0.020766
v 0.017944 0.003886 0.020960
v 0.018049 0.004828 0.020855
v 0.017880 0.004016 0.021024
v 0.018049 0.004751 0.020855
v 0.017849 0.003954 0.021055
v 0.017944 0.004804 0.020960
v 0.017817 0.004106 0.021087
v 0.017961 0.004731 0.020944
v 0.017773 0.004061 0.021131
v 0.017849 0.004735 0.021055
v 0.017776 0.004219 0.021128
v 0.017880 0.004673 0.021024
v 0.017725 0.004196 0.021180
v 0.017773 0.004629 0.021131
v 0.017762 0.004345 0.021142
v 0.017817 0.004584 0.021087
v 0.017708 0.004345 0.021196
v 0.017725 0.004494 0.021180
v 0.017776 0.004470 0.021128
v 0.018343 0.004196 0.020499
v 0.018359 0.004345 0.020482
v 0.018374 0.004196 0.020530
v 0.018325 0.004061 0.020579
v 0.018391 0.004345 0.020513
v 0.018294 0.004061 0.020547
v 0.018343 0.004494 0.020499
v 0.018250 0.003954 0.020654
v 0.018219 0.003954 0.020623
v 0.018374 0.004494 0.020530
v 0.018294 0.004629 0.020547
v 0.018325 0.004629 0.020579
v 0.018219 0.004735 0.020623
v 0.018250 0.004735 0.020654
v 0.017677 0.004345 0.021165
v 0.017693 0.004196 0.021148
v 0.017708 0.004345 0.021196
v 0.017725 0.004494 0.021180
v 0.017725 0.004196 0.021180
v 0.017693 0.004494 0.021148
v 0.017742 0.004061 0.021100
v 0.017773 0.004629 0.021131
v 0.017773 0.004061 0.021131
v 0.017742 0.004629 0.021100
v 0.017817 0.003954 0.021024
v 0.017849 0.003954 0.021055
v 0.017849 0.004735 0.021055
v 0.017817 0.004735 0.021024
v 0.018018 0.004828 0.020824
v 0.017913 0.004804 0.020929
v 0.018049 0.004828 0.020855
v 0.018155 0.004804 0.020749
v 0.017944 0.004804 0.020960
v 0.018123 0.004804 0.020718
v 0.017817 0.004735 0.021024
v 0.017849 0.004735 0.021055
v 0.018250 0.004735 0.020654
v 0.018219 0.004735 0.020623
v 0.018018 0.003862 0.020824
v 0.018123 0.003886 0.020718
v 0.018049 0.003862 0.020855
v 0.017944 0.003886 0.020960
v 0.018155 0.003886 0.020749
v 0.017913 0.003886 0.020929
v 0.018219 0.003954 0.020623
v 0.018250 0.003954 0.020654
v 0.017849 0.003954 0.021055
v 0.017817 0.003954 0.021024
v 0.016087 0.004195 0.019545
v 0.016070 0.004345 0.019561
v 0.016057 0.004195 0.019514
v 0.016105 0.004060 0.019466
v 0.016040 0.004345 0.019531
v 0.016136 0.004060 0.019496
v 0.016087 0.004495 0.019545
v 0.016181 0.003953 0.019390
v 0.016212 0.003953 0.019420
v 0.016057 0.004495 0.019514
v 0.016136 0.004630 0.019496
v 0.016105 0.004630 0.019466
v 0.016212 0.004737 0.019420
v 0.016181 0.004737 0.019390
v 0.016413 0.004830 0.019219
v 0.016519 0.004806 0.019113
v 0.016383 0.004830 0.019188
v 0.016277 0.004806 0.019294
v 0.016489 0.004806 0.019082
v 0.016307 0.004806 0.019325
v 0.016615 0.004737 0.019017
v 0.016584 0.004737 0.018987
v 0.016181 0.004737 0.019390
v 0.016212 0.004737 0.019420
v 0.016413 0.003860 0.019219
v 0.016307 0.003884 0.019325
v 0.016383 0.003860 0.019188
v 0.016489 0.003884 0.019082
v 0.016277 0.003884 0.019294
v 0.016519 0.003884 0.019113
v 0.016212 0.003953 0.019420
v 0.016181 0.003953 0.019390
v 0.016584 0.003953 0.018987
v 0.016615 0.003953 0.019017
v 0.016872 0.004345 0.018760
v 0.016849 0.004144 0.018783
v 0.016756 0.004345 0.018876
v 0.016739 0.004495 0.018893
v 0.016739 0.004195 0.018893
v 0.016849 0.004545 0.018783
v 0.016784 0.003964 0.018848
v 0.016690 0.004630 0.018941
v 0.016690 0.004060 0.018941
v 0.016784 0.004726 0.018848
v 0.016683 0.003820 0.018949
v 0.016615 0.004737 0.019017
v 0.016615 0.003953 0.019017
v 0.016683 0.004869 0.018949
v 0.016555 0.003728 0.019077
v 0.016519 0.004806 0.019113
v 0.016519 0.003884 0.019113
v 0.016555 0.004961 0.019077
v 0.016413 0.003697 0.019219
v 0.016413 0.004830 0.019219
v 0.016413 0.003860 0.019219
v 0.016413 0.004993 0.019219
v 0.016272 0.003728 0.019360
v 0.016307 0.004806 0.019325
v 0.016307 0.003884 0.019325
v 0.016272 0.004961 0.019360
v 0.016144 0.003820 0.019488
v 0.016212 0.004737 0.019420
v 0.016212 0.003953 0.019420
v 0.016144 0.004869 0.019488
v 0.016042 0.003964 0.019590
v 0.016136 0.004630 0.019496
v 0.016136 0.004060 0.019496
v 0.016042 0.004726 0.019590
v 0.015977 0.004144 0.019655
v 0.016087 0.004495 0.019545
v 0.016087 0.004195 0.019545
v 0.015977 0.004545 0.019655
v 0.015955 0.004345 0.019677
v 0.016070 0.004345 0.019561
v 0.018454 0.004144 0.020388
v 0.018476 0.004345 0.020365
v 0.018343 0.004196 0.020499
v 0.018294 0.004061 0.020547
v 0.018359 0.004345 0.020482
v 0.018389 0.003964 0.020453
v 0.018454 0.004545 0.020388
v 0.018219 0.003954 0.020623
v 0.018343 0.004494 0.020499
v 0.018287 0.003820 0.020554
v 0.018389 0.004726 0.020453
v 0.018123 0.003886 0.020718
v 0.018294 0.004629 0.020547
v 0.018160 0.003728 0.020682
v 0.018287 0.004869 0.020554
v 0.018018 0.003862 0.020824
v 0.018219 0.004735 0.020623
v 0.018018 0.003697 0.020824
v 0.018160 0.004961 0.020682
v 0.017913 0.003886 0.020929
v 0.018123 0.004804 0.020718
v 0.017876 0.003728 0.020965
v 0.018018 0.004993 0.020824
v 0.017817 0.003954 0.021024
v 0.018018 0.004828 0.020824
v 0.017749 0.003820 0.021093
v 0.017876 0.004961 0.020965
v 0.017742 0.004061 0.021100
v 0.017913 0.004804 0.020929
v 0.017647 0.003964 0.021194
v 0.017749 0.004869 0.021093
v 0.017693 0.004196 0.021148
v 0.017817 0.004735 0.021024
v 0.017582 0.004144 0.021259
v 0.017647 0.004726 0.021194
v 0.017677 0.004345 0.021165
v 0.017742 0.004629 0.021100
v 0.017560 0.004345 0.021282
v 0.017582 0.004545 0.021259
v 0.017693 0.004494 0.021148
v 0.016419 0.004992 0.019512
v 0.016421 0.004961 0.019510
v 0.015936 0.004989 0.019996
v 0.016562 0.004992 0.019370
v 0.016293 0.004869 0.019638
v 0.016563 0.004993 0.019368
v 0.016192 0.004726 0.019739
v 0.016706 0.004992 0.019226
v 0.015936 0.004366 0.019996
v 0.016705 0.004961 0.019227
v 0.016127 0.004545 0.019804
v 0.017213 0.004989 0.018718
v 0.016052 0.004366 0.019879
v 0.016832 0.004869 0.019099
v 0.016105 0.004345 0.019827
v 0.016934 0.004726 0.018998
v 0.016052 0.004137 0.019879
v 0.017213 0.004479 0.018718
v 0.016127 0.004144 0.019804
v 0.016999 0.004545 0.018933
v 0.016184 0.003987 0.019748
v 0.017021 0.004345 0.018910
v 0.015936 0.003987 0.019996
v 0.015936 0.004134 0.019996
v 0.017213 0.003987 0.018718
v 0.016999 0.004144 0.018933
v 0.016942 0.003987 0.018989
v 0.018522 0.003987 0.020027
v 0.018308 0.004144 0.020242
v 0.018251 0.003987 0.020298
v 0.018331 0.004345 0.020219
v 0.018522 0.004479 0.020027
v 0.018308 0.004545 0.020242
v 0.018243 0.004726 0.020307
v 0.018522 0.004989 0.020027
v 0.018142 0.004869 0.020408
v 0.018014 0.004961 0.020536
v 0.018013 0.004992 0.020537
v 0.017872 0.004993 0.020678
v 0.017872 0.004992 0.020677
v 0.017730 0.004961 0.020819
v 0.017727 0.004992 0.020823
v 0.017245 0.004989 0.021305
v 0.017603 0.004869 0.020947
v 0.017501 0.004726 0.021049
v 0.017245 0.004366 0.021305
v 0.017436 0.004545 0.021114
v 0.017361 0.004366 0.021188
v 0.017414 0.004345 0.021136
v 0.017361 0.004137 0.021188
v 0.017436 0.004144 0.021114
v 0.017493 0.003987 0.021057
v 0.017245 0.003987 0.021305
v 0.017245 0.004136 0.021305
v 0.017213 0.004479 0.018718
v 0.018522 0.004479 0.020027
v 0.017213 0.003987 0.018718
v 0.018522 0.004989 0.020027
v 0.018522 0.003987 0.020027
v 0.017213 0.004989 0.018718
v 0.015977 0.004144 0.019655
v 0.016184 0.003987 0.019748
v 0.016127 0.004144 0.019804
v 0.016042 0.003964 0.019590
v 0.016105 0.004345 0.019827
v 0.016194 0.003964 0.019742
v 0.015955 0.004345 0.019677
v 0.016144 0.003820 0.019488
v 0.017493 0.003987 0.021057
v 0.016127 0.004545 0.019804
v 0.017749 0.003820 0.021093
v 0.017507 0.003964 0.021054
v 0.015977 0.004545 0.019655
v 0.016272 0.003728 0.019360
v 0.017647 0.003964 0.021194
v 0.016192 0.004726 0.019739
v 0.017876 0.003728 0.020965
v 0.017582 0.004144 0.021259
v 0.016042 0.004726 0.019590
v 0.016413 0.003697 0.019219
v 0.017436 0.004144 0.021114
v 0.016293 0.004869 0.019638
v 0.018018 0.003697 0.020824
v 0.017560 0.004345 0.021282
v 0.016144 0.004869 0.019488
v 0.016555 0.003728 0.019077
v 0.017414 0.004345 0.021136
v 0.016421 0.004961 0.019510
v 0.018160 0.003728 0.020682
v 0.017582 0.004545 0.021259
v 0.016272 0.004961 0.019360
v 0.016683 0.003820 0.018949
v 0.017436 0.004545 0.021114
v 0.016563 0.004993 0.019368
v 0.018287 0.003820 0.020554
v 0.017647 0.004726 0.021194
v 0.016413 0.004993 0.019219
v 0.016938 0.003964 0.019002
v 0.017501 0.004726 0.021049
v 0.016705 0.004961 0.019227
v 0.016784 0.003964 0.018848
v 0.017749 0.004869 0.021093
v 0.018240 0.003964 0.020304
v 0.016555 0.004961 0.019077
v 0.017603 0.004869 0.020947
v 0.018389 0.003964 0.020453
v 0.016942 0.003987 0.018989
v 0.017876 0.004961 0.020965
v 0.016832 0.004869 0.019099
v 0.018251 0.003987 0.020298
v 0.017730 0.004961 0.020819
v 0.016683 0.004869 0.018949
v 0.018018 0.004993 0.020824
v 0.018454 0.004144 0.020388
v 0.016934 0.004726 0.018998
v 0.017872 0.004993 0.020678
v 0.018308 0.004144 0.020242
v 0.016849 0.004144 0.018783
v 0.018160 0.004961 0.020682
v 0.018331 0.004345 0.020219
v 0.016999 0.004144 0.018933
v 0.018014 0.004961 0.020536
v 0.016784 0.004726 0.018848
v 0.016872 0.004345 0.018760
v 0.018287 0.004869 0.020554
v 0.018476 0.004345 0.020365
v 0.017021 0.004345 0.018910
v 0.018142 0.004869 0.020408
v 0.016999 0.004545 0.018933
v 0.016849 0.004545 0.018783
v 0.018389 0.004726 0.020453
v 0.018308 0.004545 0.020242
v 0.016999 0.004545 0.018933
v 0.016849 0.004545 0.018783
v 0.018243 0.004726 0.020307
v 0.018454 0.004545 0.020388
v 0.018454 0.004545 0.020388
v 0.018308 0.004545 0.020242
v 0.017929 0.004345 0.021026
v 0.017937 0.004281 0.021019
v 0.018220 0.004345 0.020735
v 0.017937 0.004408 0.021019
v 0.018213 0.004281 0.020742
v 0.018213 0.004408 0.020742
v 0.018193 0.004224 0.020763
v 0.017957 0.004466 0.020998
v 0.017957 0.004224 0.020998
v 0.018193 0.004466 0.020763
v 0.018160 0.004178 0.020795
v 0.017989 0.004511 0.020966
v 0.017989 0.004178 0.020966
v 0.018160 0.004511 0.020795
v 0.018120 0.004149 0.020835
v 0.018030 0.004540 0.020925
v 0.018030 0.004149 0.020925
v 0.018075 0.004139 0.020880
v 0.018120 0.004540 0.020835
v 0.018075 0.004551 0.020880
v 0.017213 0.003987 0.018718
v 0.018522 0.003987 0.020027
v 0.016942 0.003987 0.018989
v 0.018251 0.003987 0.020298
v 0.015936 0.003987 0.019996
v 0.016184 0.003987 0.019748
v 0.017245 0.003987 0.021305
v 0.017493 0.003987 0.021057
v 0.017245 0.004136 0.021305
v 0.015936 0.004134 0.019996
v 0.017245 0.003987 0.021305
v 0.015936 0.003987 0.019996
v 0.017245 0.004136 0.021305
v 0.017321 0.004137 0.021381
v 0.017321 0.004253 0.021381
v 0.015865 0.004253 0.019924
v 0.015936 0.004134 0.019996
v 0.018322 0.004470 0.020582
v 0.018282 0.004584 0.020622
v 0.018188 0.004408 0.020716
v 0.018195 0.004345 0.020709
v 0.018167 0.004466 0.020737
v 0.018336 0.004345 0.020568
v 0.018218 0.004673 0.020686
v 0.018188 0.004281 0.020716
v 0.018135 0.004511 0.020769
v 0.018322 0.004219 0.020582
v 0.018138 0.004731 0.020766
v 0.018167 0.004224 0.020737
v 0.018094 0.004540 0.020810
v 0.018282 0.004106 0.020622
v 0.018049 0.004751 0.020855
v 0.018135 0.004178 0.020769
v 0.018049 0.004551 0.020855
v 0.018218 0.004016 0.020686
v 0.017961 0.004731 0.020944
v 0.018094 0.004149 0.020810
v 0.018004 0.004540 0.020900
v 0.018138 0.003959 0.020766
v 0.017880 0.004673 0.021024
v 0.018049 0.004139 0.020855
v 0.017964 0.004511 0.020940
v 0.018049 0.003939 0.020855
v 0.017817 0.004584 0.021087
v 0.018004 0.004149 0.020900
v 0.017932 0.004466 0.020973
v 0.017961 0.003959 0.020944
v 0.017776 0.004470 0.021128
v 0.017964 0.004178 0.020940
v 0.017911 0.004408 0.020993
v 0.017880 0.004016 0.021024
v 0.017762 0.004345 0.021142
v 0.017932 0.004224 0.020973
v 0.017904 0.004345 0.021000
v 0.017817 0.004106 0.021087
v 0.017776 0.004219 0.021128
v 0.017911 0.004281 0.020993
v 0.016096 0.004345 0.019476
v 0.016110 0.004470 0.019461
v 0.016237 0.004345 0.019334
v 0.016245 0.004281 0.019326
v 0.016245 0.004408 0.019326
v 0.016110 0.004219 0.019461
v 0.016150 0.004584 0.019421
v 0.016265 0.004224 0.019306
v 0.016265 0.004466 0.019306
v 0.016150 0.004106 0.019421
v 0.016214 0.004673 0.019357
v 0.016297 0.004179 0.019274
v 0.016297 0.004511 0.019274
v 0.016214 0.004016 0.019357
v 0.016294 0.004731 0.019277
v 0.016338 0.004149 0.019233
v 0.016338 0.004540 0.019233
v 0.016294 0.003958 0.019277
v 0.016383 0.004751 0.019188
v 0.016383 0.004139 0.019188
v 0.016383 0.004550 0.019188
v 0.016383 0.003939 0.019188
v 0.016471 0.004731 0.019100
v 0.016428 0.004149 0.019143
v 0.016428 0.004540 0.019143
v 0.016471 0.003958 0.019100
v 0.016552 0.004673 0.019019
v 0.016468 0.004179 0.019103
v 0.016468 0.004511 0.019103
v 0.016552 0.004016 0.019019
v 0.016500 0.004466 0.019071
v 0.016500 0.004224 0.019071
v 0.016615 0.004585 0.018956
v 0.016615 0.004106 0.018956
v 0.016656 0.004470 0.018915
v 0.016521 0.004281 0.019050
v 0.016521 0.004408 0.019050
v 0.016656 0.004219 0.018915
v 0.016670 0.004345 0.018901
v 0.016528 0.004345 0.019043
v 0.016536 0.004942 0.021565
v 0.016571 0.004943 0.021601
v 0.016535 0.004784 0.021565
v 0.016519 0.004795 0.021549
v 0.016571 0.004776 0.021601
v 0.016535 0.005101 0.021565
v 0.016608 0.004784 0.021637
v 0.016519 0.005090 0.021549
v 0.016608 0.004943 0.021637
v 0.016571 0.005109 0.021601
v 0.016641 0.004807 0.021670
v 0.016608 0.005101 0.021637
v 0.016641 0.004942 0.021670
v 0.016641 0.005077 0.021670
v 0.016667 0.004844 0.021696
v 0.016667 0.005040 0.021696
v 0.016667 0.004942 0.021696
v 0.016683 0.004891 0.021713
v 0.016683 0.004994 0.021713
v 0.016683 0.004942 0.021713
v 0.015876 0.005109 0.022296
v 0.015840 0.005101 0.022260
v 0.015876 0.004952 0.022296
v 0.015913 0.005101 0.022332
v 0.015824 0.005091 0.022244
v 0.015904 0.004950 0.022323
v 0.015841 0.004942 0.022260
v 0.015901 0.004900 0.022320
v 0.015946 0.005077 0.022365
v 0.015843 0.004887 0.022262
v 0.015834 0.004880 0.022253
v 0.015933 0.004937 0.022353
v 0.015972 0.005040 0.022391
v 0.015958 0.004887 0.022378
v 0.015962 0.004925 0.022381
v 0.015988 0.004994 0.022408
v 0.015988 0.004891 0.022408
v 0.015981 0.004870 0.022401
v 0.015994 0.004942 0.022414
v 0.015833 0.004887 0.022273
v 0.015843 0.004887 0.022262
v 0.015824 0.004880 0.022263
v 0.015901 0.004900 0.022320
v 0.015834 0.004880 0.022253
v 0.015887 0.004900 0.022334
v 0.015678 0.004880 0.022409
v 0.015958 0.004887 0.022378
v 0.015687 0.004887 0.022418
v 0.015943 0.004887 0.022393
v 0.015745 0.004900 0.022476
v 0.015981 0.004870 0.022401
v 0.015803 0.004887 0.022534
v 0.015996 0.004849 0.022445
v 0.015855 0.004849 0.022586
v 0.016546 0.004849 0.021895
v 0.016036 0.004791 0.022487
v 0.016587 0.004791 0.021936
v 0.016516 0.004870 0.021866
v 0.015896 0.004791 0.022627
v 0.016063 0.004717 0.022513
v 0.015922 0.004717 0.022654
v 0.016613 0.004717 0.021963
v 0.015932 0.004635 0.022663
v 0.016072 0.004635 0.022523
v 0.016623 0.004635 0.021972
v 0.015922 0.004554 0.022654
v 0.016063 0.004554 0.022513
v 0.016613 0.004554 0.021963
v 0.015896 0.004480 0.022627
v 0.016036 0.004480 0.022487
v 0.016587 0.004480 0.021936
v 0.015855 0.004422 0.022586
v 0.015995 0.004422 0.022446
v 0.016546 0.004422 0.021895
v 0.015803 0.004384 0.022534
v 0.015943 0.004384 0.022394
v 0.016492 0.004384 0.021841
v 0.015745 0.004371 0.022476
v 0.015885 0.004371 0.022336
v 0.016436 0.004371 0.021785
v 0.015687 0.004384 0.022418
v 0.015827 0.004384 0.022278
v 0.016378 0.004384 0.021727
v 0.015636 0.004423 0.022366
v 0.015776 0.004422 0.022226
v 0.016326 0.004422 0.021675
v 0.015595 0.004480 0.022325
v 0.015735 0.004480 0.022185
v 0.016285 0.004480 0.021634
v 0.015712 0.004542 0.022163
v 0.015572 0.004542 0.022303
v 0.016262 0.004542 0.021612
v 0.016412 0.004776 0.021761
v 0.016375 0.004744 0.021725
v 0.016375 0.004784 0.021724
v 0.016450 0.004750 0.021799
v 0.016355 0.004755 0.021704
v 0.016448 0.004784 0.021797
v 0.016326 0.004422 0.021675
v 0.016360 0.004795 0.021709
v 0.016481 0.004807 0.021830
v 0.016378 0.004384 0.021727
v 0.016294 0.004587 0.021644
v 0.016505 0.004787 0.021854
v 0.016436 0.004371 0.021785
v 0.016285 0.004480 0.021634
v 0.016262 0.004542 0.021612
v 0.016492 0.004384 0.021841
v 0.016507 0.004844 0.021856
v 0.016546 0.004422 0.021895
v 0.016546 0.004849 0.021895
v 0.016516 0.004870 0.021866
v 0.016587 0.004480 0.021936
v 0.016587 0.004791 0.021936
v 0.016613 0.004554 0.021963
v 0.016613 0.004717 0.021963
v 0.016623 0.004635 0.021972
v 0.015922 0.004717 0.022654
v 0.015922 0.004554 0.022654
v 0.015932 0.004635 0.022663
v 0.015896 0.004480 0.022627
v 0.015896 0.004791 0.022627
v 0.015855 0.004422 0.022586
v 0.015855 0.004849 0.022586
v 0.015803 0.004384 0.022534
v 0.015803 0.004887 0.022534
v 0.015745 0.004900 0.022476
v 0.015745 0.004371 0.022476
v 0.015687 0.004785 0.022418
v 0.015687 0.004887 0.022418
v 0.015687 0.004384 0.022418
v 0.015678 0.004880 0.022409
v 0.015636 0.004423 0.022366
v 0.015664 0.004755 0.022395
v 0.015603 0.004587 0.022335
v 0.015595 0.004480 0.022325
v 0.015572 0.004542 0.022303
v 0.016535 0.005101 0.021565
v 0.016519 0.005090 0.021549
v 0.016394 0.005101 0.021705
v 0.016430 0.005109 0.021742
v 0.016378 0.005090 0.021690
v 0.016571 0.005109 0.021601
v 0.015840 0.005101 0.022260
v 0.016467 0.005101 0.021778
v 0.015876 0.005109 0.022296
v 0.015824 0.005091 0.022244
v 0.016608 0.005101 0.021637
v 0.015913 0.005101 0.022332
v 0.016500 0.005077 0.021811
v 0.015946 0.005077 0.022365
v 0.016641 0.005077 0.021670
v 0.015972 0.005040 0.022391
v 0.016526 0.005040 0.021837
v 0.016667 0.005040 0.021696
v 0.015988 0.004994 0.022408
v 0.016543 0.004994 0.021854
v 0.016683 0.004994 0.021713
v 0.015994 0.004942 0.022414
v 0.016548 0.004942 0.021860
v 0.016689 0.004942 0.021719
v 0.016541 0.004891 0.021855
v 0.016683 0.004891 0.021713
v 0.015988 0.004891 0.022408
v 0.016526 0.004844 0.021837
v 0.016516 0.004870 0.021866
v 0.016667 0.004844 0.021696
v 0.015981 0.004870 0.022401
v 0.016502 0.004807 0.021809
v 0.016507 0.004844 0.021856
v 0.016641 0.004807 0.021670
v 0.016481 0.004807 0.021830
v 0.016541 0.004891 0.021855
v 0.016471 0.004784 0.021774
v 0.016502 0.004807 0.021809
v 0.016608 0.004784 0.021637
v 0.016448 0.004784 0.021797
v 0.016571 0.004776 0.021601
v 0.016471 0.004784 0.021774
v 0.016430 0.004776 0.021743
v 0.016430 0.004776 0.021743
v 0.016535 0.004784 0.021565
v 0.016412 0.004776 0.021761
v 0.016386 0.004784 0.021713
v 0.016519 0.004795 0.021549
v 0.016375 0.004784 0.021724
v 0.016367 0.004795 0.021701
v 0.016360 0.004795 0.021709
v 0.016683 0.004891 0.021713
v 0.016683 0.004942 0.021713
v 0.016689 0.004942 0.021719
v 0.016683 0.004994 0.021713
v 0.016315 0.004587 0.021623
v 0.016869 0.004587 0.021069
v 0.016538 0.004755 0.021521
v 0.016222 0.004453 0.021527
v 0.016930 0.004755 0.021129
v 0.016262 0.004542 0.021612
v 0.016951 0.004942 0.021150
v 0.016775 0.004453 0.020974
v 0.016294 0.004587 0.021644
v 0.016559 0.004942 0.021542
v 0.016103 0.004367 0.021408
v 0.015712 0.004542 0.022163
v 0.016366 0.004755 0.021693
v 0.015380 0.004367 0.022130
v 0.016656 0.004367 0.020855
v 0.016355 0.004755 0.021704
v 0.016519 0.004795 0.021549
v 0.016523 0.004337 0.020723
v 0.015970 0.004337 0.021276
v 0.016536 0.004942 0.021565
v 0.015248 0.004337 0.021999
v 0.016367 0.004795 0.021701
v 0.016519 0.005090 0.021549
v 0.015838 0.004365 0.021144
v 0.015025 0.004367 0.022485
v 0.016391 0.004365 0.020591
v 0.016539 0.005129 0.021521
v 0.015499 0.004453 0.022250
v 0.016272 0.004451 0.020472
v 0.015144 0.004453 0.022605
v 0.016930 0.005129 0.021129
v 0.015719 0.004451 0.021025
v 0.016869 0.005297 0.021069
v 0.016177 0.004585 0.020378
v 0.015115 0.004365 0.021867
v 0.015583 0.004587 0.022355
v 0.016328 0.005297 0.021610
v 0.015572 0.004542 0.022303
v 0.016234 0.005431 0.021515
v 0.014893 0.004337 0.022354
v 0.015239 0.004587 0.022699
v 0.016775 0.005431 0.020974
v 0.014761 0.004365 0.022222
v 0.015640 0.004755 0.022420
v 0.016115 0.005517 0.021396
v 0.014996 0.004451 0.021748
v 0.015664 0.004755 0.022395
v 0.016656 0.005517 0.020855
v 0.015678 0.004880 0.022409
v 0.016523 0.005545 0.020723
v 0.015083 0.004539 0.021536
v 0.015603 0.004587 0.022335
v 0.015982 0.005545 0.021264
v 0.014641 0.004451 0.022103
v 0.015634 0.004539 0.020985
v 0.014891 0.004585 0.021665
v 0.015623 0.004585 0.020932
v 0.014943 0.004539 0.021676
v 0.016391 0.005515 0.020591
v 0.015602 0.004585 0.020953
v 0.015850 0.005515 0.021132
v 0.014911 0.004585 0.021644
v 0.015553 0.004753 0.020881
v 0.015390 0.005545 0.021857
v 0.016272 0.005429 0.020472
v 0.014851 0.004753 0.021583
v 0.015725 0.004753 0.020709
v 0.015731 0.005429 0.021013
v 0.014826 0.004753 0.021608
v 0.015542 0.004753 0.020892
v 0.015258 0.005515 0.021725
v 0.014837 0.004878 0.021569
v 0.014547 0.004585 0.022008
v 0.015697 0.004793 0.020728
v 0.015138 0.005429 0.021606
v 0.014486 0.004753 0.021948
v 0.015044 0.005295 0.021511
v 0.014893 0.005545 0.022354
v 0.014465 0.004940 0.021927
v 0.015636 0.005295 0.020919
v 0.014761 0.005515 0.022222
v 0.015025 0.005517 0.022485
v 0.014809 0.004940 0.021583
v 0.016177 0.005295 0.020378
v 0.015522 0.005517 0.021988
v 0.015144 0.005431 0.022605
v 0.014972 0.004940 0.021420
v 0.015725 0.005127 0.020708
v 0.014486 0.005127 0.021948
v 0.015641 0.005431 0.022107
v 0.015575 0.005127 0.020859
v 0.016117 0.005127 0.020317
v 0.014983 0.005127 0.021451
v 0.015697 0.005087 0.020728
v 0.015002 0.005088 0.021423
v 0.015556 0.005087 0.020869
v 0.016096 0.004940 0.020296
v 0.015704 0.004940 0.020688
v 0.014985 0.004940 0.021406
v 0.015680 0.004940 0.020711
v 0.014983 0.004878 0.021423
v 0.014547 0.005295 0.022008
v 0.014992 0.004878 0.021413
v 0.016117 0.004753 0.020317
v 0.015545 0.004793 0.020880
v 0.014641 0.005429 0.022103
v 0.016930 0.004755 0.021129
v 0.016930 0.005129 0.021129
v 0.016951 0.004942 0.021150
v 0.016869 0.005297 0.021069
v 0.016869 0.004587 0.021069
v 0.016775 0.005431 0.020974
v 0.016775 0.004453 0.020974
v 0.016656 0.004367 0.020855
v 0.016656 0.005517 0.020855
v 0.016523 0.005545 0.020723
v 0.016523 0.004337 0.020723
v 0.016391 0.005515 0.020591
v 0.016391 0.004365 0.020591
v 0.016272 0.005429 0.020472
v 0.016272 0.004451 0.020472
v 0.016177 0.004585 0.020378
v 0.016177 0.005295 0.020378
v 0.016117 0.004753 0.020317
v 0.016117 0.005127 0.020317
v 0.016096 0.004940 0.020296
v 0.014962 0.005069 0.022531
v 0.014962 0.004816 0.022531
v 0.014983 0.005009 0.022553
v 0.014928 0.004768 0.022497
v 0.014983 0.004876 0.022553
v 0.014991 0.004942 0.022560
v 0.014928 0.005116 0.022497
v 0.014886 0.004738 0.022455
v 0.014886 0.005147 0.022455
v 0.014838 0.005156 0.022408
v 0.014838 0.004726 0.022408
v 0.014791 0.005144 0.022362
v 0.014791 0.004735 0.022362
v 0.014749 0.005114 0.022319
v 0.014749 0.004766 0.022319
v 0.014715 0.005066 0.022286
v 0.014715 0.004813 0.022286
v 0.014693 0.005006 0.022264
v 0.014693 0.004873 0.022264
v 0.014686 0.004940 0.022257
v 0.014965 0.005235 0.022415
v 0.014898 0.005249 0.022349
v 0.014886 0.005147 0.022455
v 0.014928 0.005116 0.022497
v 0.014838 0.005156 0.022408
v 0.015026 0.005191 0.022476
v 0.014830 0.005232 0.022282
v 0.014962 0.005069 0.022531
v 0.014791 0.005144 0.022362
v 0.015074 0.005123 0.022524
v 0.014749 0.005114 0.022319
v 0.014983 0.005009 0.022553
v 0.014770 0.005189 0.022221
v 0.015105 0.005037 0.022555
v 0.014715 0.005066 0.022286
v 0.014991 0.004942 0.022560
v 0.014722 0.005121 0.022173
v 0.015116 0.004942 0.022566
v 0.014693 0.005006 0.022264
v 0.014983 0.004876 0.022553
v 0.014691 0.005035 0.022142
v 0.015105 0.004847 0.022555
v 0.014686 0.004940 0.022257
v 0.014962 0.004816 0.022531
v 0.014680 0.004940 0.022131
v 0.015074 0.004761 0.022524
v 0.014693 0.004873 0.022264
v 0.014928 0.004768 0.022497
v 0.014691 0.004845 0.022142
v 0.015026 0.004693 0.022476
v 0.014715 0.004813 0.022286
v 0.014886 0.004738 0.022455
v 0.014722 0.004759 0.022173
v 0.014965 0.004650 0.022415
v 0.014749 0.004766 0.022319
v 0.014838 0.004726 0.022408
v 0.014770 0.004691 0.022221
v 0.014898 0.004633 0.022349
v 0.014791 0.004735 0.022362
v 0.014830 0.004647 0.022282
v 0.015025 0.005517 0.022485
v 0.014893 0.005545 0.022354
v 0.014965 0.005235 0.022415
v 0.015026 0.005191 0.022476
v 0.014898 0.005249 0.022349
v 0.015144 0.005431 0.022605
v 0.014761 0.005515 0.022222
v 0.015074 0.005123 0.022524
v 0.014830 0.005232 0.022282
v 0.015239 0.005297 0.022699
v 0.014770 0.005189 0.022221
v 0.015105 0.005037 0.022555
v 0.014641 0.005429 0.022103
v 0.015300 0.005129 0.022760
v 0.014722 0.005121 0.022173
v 0.015116 0.004942 0.022566
v 0.014547 0.005295 0.022008
v 0.015321 0.004942 0.022781
v 0.014691 0.005035 0.022142
v 0.015105 0.004847 0.022555
v 0.014486 0.005127 0.021948
v 0.015300 0.004755 0.022760
v 0.014680 0.004940 0.022131
v 0.015074 0.004761 0.022524
v 0.014465 0.004940 0.021927
v 0.015239 0.004587 0.022699
v 0.014691 0.004845 0.022142
v 0.015026 0.004693 0.022476
v 0.014486 0.004753 0.021948
v 0.015144 0.004453 0.022605
v 0.014722 0.004759 0.022173
v 0.014965 0.004650 0.022415
v 0.014547 0.004585 0.022008
v 0.015025 0.004367 0.022485
v 0.014770 0.004691 0.022221
v 0.014898 0.004633 0.022349
v 0.014641 0.004451 0.022103
v 0.014893 0.004337 0.022354
v 0.014830 0.004647 0.022282
v 0.014761 0.004365 0.022222
v 0.015736 0.005297 0.022202
v 0.015239 0.005297 0.022699
v 0.015300 0.005129 0.022760
v 0.015797 0.005129 0.022263
v 0.015664 0.004942 0.022437
v 0.015827 0.004942 0.022274
v 0.015321 0.004942 0.022781
v 0.016388 0.005129 0.021671
v 0.015300 0.004755 0.022760
v 0.015824 0.005091 0.022244
v 0.015824 0.004880 0.022263
v 0.015841 0.004942 0.022260
v 0.016378 0.005090 0.021690
v 0.015834 0.004880 0.022253
v 0.016366 0.004755 0.021693
v 0.016367 0.004795 0.021701
v 0.016355 0.004755 0.021704
v 0.016360 0.004795 0.021709
v 0.015680 0.004940 0.020711
v 0.015681 0.004781 0.020712
v 0.015645 0.004940 0.020676
v 0.015697 0.004793 0.020728
v 0.015645 0.004773 0.020676
v 0.015681 0.005098 0.020712
v 0.015608 0.004781 0.020639
v 0.015697 0.005087 0.020728
v 0.015608 0.004940 0.020639
v 0.015645 0.005107 0.020676
v 0.015576 0.004805 0.020607
v 0.015608 0.005098 0.020639
v 0.015576 0.004940 0.020607
v 0.015576 0.005075 0.020607
v 0.015550 0.004842 0.020581
v 0.015550 0.005038 0.020581
v 0.015550 0.004940 0.020581
v 0.015533 0.004888 0.020564
v 0.015533 0.004991 0.020564
v 0.015533 0.004940 0.020564
v 0.014950 0.005107 0.021371
v 0.014950 0.004950 0.021371
v 0.014986 0.005098 0.021407
v 0.014914 0.005098 0.021334
v 0.015002 0.005088 0.021423
v 0.014923 0.004948 0.021344
v 0.014985 0.004940 0.021406
v 0.014926 0.004897 0.021347
v 0.014881 0.005075 0.021302
v 0.014983 0.004884 0.021404
v 0.014992 0.004878 0.021413
v 0.014893 0.004935 0.021314
v 0.014855 0.005038 0.021275
v 0.014868 0.004884 0.021289
v 0.014865 0.004922 0.021286
v 0.014838 0.004991 0.021259
v 0.014838 0.004888 0.021259
v 0.014845 0.004868 0.021266
v 0.014832 0.004940 0.021253
v 0.014992 0.004878 0.021413
v 0.014983 0.004884 0.021404
v 0.014983 0.004878 0.021423
v 0.014973 0.004884 0.021415
v 0.014837 0.004878 0.021569
v 0.014926 0.004897 0.021347
v 0.014828 0.004884 0.021560
v 0.014912 0.004897 0.021360
v 0.014868 0.004884 0.021289
v 0.014770 0.004897 0.021502
v 0.014853 0.004884 0.021304
v 0.014845 0.004868 0.021266
v 0.014712 0.004884 0.021445
v 0.014801 0.004847 0.021252
v 0.014660 0.004847 0.021393
v 0.015351 0.004847 0.020702
v 0.014759 0.004788 0.021211
v 0.015380 0.004868 0.020731
v 0.015310 0.004788 0.020660
v 0.014619 0.004788 0.021351
v 0.014732 0.004715 0.021185
v 0.014592 0.004715 0.021325
v 0.015283 0.004715 0.020634
v 0.014583 0.004633 0.021316
v 0.014723 0.004633 0.021175
v 0.015274 0.004633 0.020625
v 0.014592 0.004551 0.021325
v 0.014732 0.004551 0.021185
v 0.015283 0.004551 0.020634
v 0.014619 0.004478 0.021351
v 0.014759 0.004478 0.021211
v 0.015310 0.004478 0.020660
v 0.014660 0.004419 0.021393
v 0.014800 0.004419 0.021252
v 0.015351 0.004419 0.020702
v 0.014712 0.004382 0.021445
v 0.014852 0.004382 0.021304
v 0.015404 0.004382 0.020755
v 0.014770 0.004369 0.021502
v 0.014910 0.004369 0.021362
v 0.015461 0.004369 0.020812
v 0.014828 0.004382 0.021560
v 0.014968 0.004382 0.021420
v 0.015519 0.004382 0.020869
v 0.014880 0.004420 0.021611
v 0.015020 0.004420 0.021471
v 0.015571 0.004419 0.020921
v 0.014921 0.004478 0.021653
v 0.015061 0.004478 0.021513
v 0.015612 0.004478 0.020963
v 0.015083 0.004539 0.021536
v 0.014943 0.004539 0.021676
v 0.015634 0.004539 0.020985
v 0.015485 0.004773 0.020836
v 0.015522 0.004781 0.020872
v 0.015521 0.004742 0.020872
v 0.015447 0.004747 0.020798
v 0.015542 0.004753 0.020892
v 0.015449 0.004782 0.020799
v 0.015571 0.004419 0.020921
v 0.015537 0.004793 0.020888
v 0.015416 0.004805 0.020766
v 0.015602 0.004585 0.020953
v 0.015519 0.004382 0.020869
v 0.015391 0.004784 0.020742
v 0.015612 0.004478 0.020963
v 0.015634 0.004539 0.020985
v 0.015461 0.004369 0.020812
v 0.015404 0.004382 0.020755
v 0.015390 0.004842 0.020740
v 0.015351 0.004847 0.020702
v 0.015351 0.004419 0.020702
v 0.015380 0.004868 0.020731
v 0.015310 0.004478 0.020660
v 0.015310 0.004788 0.020660
v 0.015283 0.004551 0.020634
v 0.015283 0.004715 0.020634
v 0.015274 0.004633 0.020625
v 0.014592 0.004715 0.021325
v 0.014583 0.004633 0.021316
v 0.014592 0.004551 0.021325
v 0.014619 0.004478 0.021351
v 0.014619 0.004788 0.021351
v 0.014660 0.004419 0.021393
v 0.014660 0.004847 0.021393
v 0.014712 0.004382 0.021445
v 0.014712 0.004884 0.021445
v 0.014770 0.004897 0.021502
v 0.014770 0.004369 0.021502
v 0.014828 0.004783 0.021560
v 0.014828 0.004382 0.021560
v 0.014828 0.004884 0.021560
v 0.014880 0.004420 0.021611
v 0.014837 0.004878 0.021569
v 0.014851 0.004753 0.021583
v 0.014911 0.004585 0.021644
v 0.014921 0.004478 0.021653
v 0.014943 0.004539 0.021676
v 0.015681 0.005098 0.020712
v 0.015540 0.005098 0.020853
v 0.015697 0.005087 0.020728
v 0.015504 0.005107 0.020817
v 0.015556 0.005087 0.020869
v 0.015645 0.005107 0.020676
v 0.014986 0.005098 0.021407
v 0.015468 0.005098 0.020780
v 0.014950 0.005107 0.021371
v 0.015002 0.005088 0.021423
v 0.015608 0.005098 0.020639
v 0.014914 0.005098 0.021334
v 0.015435 0.005075 0.020747
v 0.014881 0.005075 0.021302
v 0.015576 0.005075 0.020607
v 0.014855 0.005038 0.021275
v 0.015409 0.005038 0.020721
v 0.015550 0.005038 0.020581
v 0.014838 0.004991 0.021259
v 0.015392 0.004991 0.020705
v 0.015533 0.004991 0.020564
v 0.014832 0.004940 0.021253
v 0.015386 0.004940 0.020699
v 0.015527 0.004940 0.020558
v 0.015391 0.004888 0.020706
v 0.015533 0.004888 0.020564
v 0.014838 0.004888 0.021259
v 0.015409 0.004842 0.020721
v 0.015380 0.004868 0.020731
v 0.015550 0.004842 0.020581
v 0.014845 0.004868 0.021266
v 0.015437 0.004805 0.020745
v 0.015391 0.004888 0.020706
v 0.015576 0.004805 0.020607
v 0.015390 0.004842 0.020740
v 0.015472 0.004781 0.020776
v 0.015416 0.004805 0.020766
v 0.015608 0.004781 0.020639
v 0.015437 0.004805 0.020745
v 0.015645 0.004773 0.020676
v 0.015449 0.004782 0.020799
v 0.015503 0.004773 0.020818
v 0.015472 0.004781 0.020776
v 0.015681 0.004781 0.020712
v 0.015503 0.004773 0.020818
v 0.015533 0.004781 0.020861
v 0.015485 0.004773 0.020836
v 0.015697 0.004793 0.020728
v 0.015522 0.004781 0.020872
v 0.015545 0.004793 0.020880
v 0.015537 0.004793 0.020888
v 0.015533 0.004888 0.020564
v 0.015527 0.004940 0.020558
v 0.015533 0.004940 0.020564
v 0.015533 0.004991 0.020564
v 0.015553 0.004753 0.020881
v 0.015542 0.004753 0.020892
v 0.015545 0.004793 0.020880
v 0.015537 0.004793 0.020888
v 0.015359 0.004064 0.020428
v 0.015328 0.004149 0.020459
v 0.016815 0.004064 0.021884
v 0.016825 0.003969 0.021873
v 0.016784 0.004149 0.021915
v 0.015369 0.003969 0.020417
v 0.015280 0.004217 0.020507
v 0.016736 0.004217 0.021963
v 0.016815 0.003875 0.021884
v 0.015359 0.003875 0.020428
v 0.016784 0.003789 0.021915
v 0.015328 0.003789 0.020459
v 0.016736 0.003722 0.021963
v 0.015280 0.003722 0.020507
v 0.015280 0.004217 0.020507
v 0.015220 0.004260 0.020567
v 0.016736 0.004217 0.021963
v 0.016676 0.004260 0.022023
v 0.015153 0.004275 0.020634
v 0.016609 0.004275 0.022090
v 0.015086 0.004260 0.020701
v 0.016542 0.004260 0.022157
v 0.015026 0.004217 0.020761
v 0.016482 0.004217 0.022217
v 0.014978 0.004149 0.020809
v 0.016434 0.004149 0.022265
v 0.014978 0.004149 0.020809
v 0.014947 0.004064 0.020839
v 0.016434 0.004149 0.022265
v 0.016403 0.004064 0.022295
v 0.014937 0.003969 0.020850
v 0.016393 0.003969 0.022306
v 0.014947 0.003875 0.020839
v 0.016403 0.003875 0.022295
v 0.014978 0.003789 0.020809
v 0.016434 0.003789 0.022265
v 0.015026 0.003722 0.020761
v 0.016482 0.003722 0.022217
v 0.015026 0.003722 0.020761
v 0.015086 0.003678 0.020701
v 0.016482 0.003722 0.022217
v 0.016542 0.003678 0.022157
v 0.015153 0.003663 0.020634
v 0.016609 0.003663 0.022090
v 0.015220 0.003678 0.020567
v 0.016676 0.003678 0.022023
v 0.015280 0.003722 0.020507
v 0.016736 0.003722 0.021963
v 0.015215 0.003941 0.020571
v 0.015091 0.003941 0.020696
v 0.015219 0.003969 0.020568
v 0.015206 0.003915 0.020581
v 0.015088 0.003969 0.020699
v 0.015100 0.003915 0.020687
v 0.015215 0.003998 0.020571
v 0.015115 0.003894 0.020672
v 0.015091 0.003998 0.020696
v 0.015192 0.003894 0.020595
v 0.015100 0.004024 0.020687
v 0.015133 0.003881 0.020654
v 0.015206 0.004024 0.020581
v 0.015173 0.003881 0.020614
v 0.015153 0.003877 0.020634
v 0.015192 0.004044 0.020595
v 0.015115 0.004044 0.020672
v 0.015173 0.004057 0.020614
v 0.015133 0.004057 0.020654
v 0.015153 0.004062 0.020634
v 0.016543 0.003969 0.022156
v 0.016546 0.003940 0.022153
v 0.016675 0.003969 0.022024
v 0.016546 0.003998 0.022153
v 0.016672 0.003940 0.022027
v 0.016672 0.003998 0.022027
v 0.016663 0.003914 0.022036
v 0.016556 0.004024 0.022143
v 0.016556 0.003914 0.022143
v 0.016663 0.004024 0.022036
v 0.016648 0.003894 0.022051
v 0.016570 0.004045 0.022129
v 0.016570 0.003894 0.022129
v 0.016648 0.004045 0.022051
v 0.016630 0.003880 0.022069
v 0.016589 0.004058 0.022110
v 0.016589 0.003880 0.022110
v 0.016609 0.003876 0.022090
v 0.016630 0.004058 0.022069
v 0.016609 0.004063 0.022090
v 0.016393 0.003969 0.022306
v 0.016403 0.003875 0.022295
v 0.016446 0.003969 0.022253
v 0.016454 0.004040 0.022245
v 0.016454 0.003898 0.022245
v 0.016403 0.004064 0.022295
v 0.016434 0.003789 0.022265
v 0.016477 0.004105 0.022222
v 0.016477 0.003834 0.022222
v 0.016434 0.004149 0.022265
v 0.016482 0.003722 0.022217
v 0.016513 0.004156 0.022186
v 0.016513 0.003783 0.022186
v 0.016482 0.004217 0.022217
v 0.016542 0.003678 0.022157
v 0.016559 0.004188 0.022140
v 0.016559 0.003750 0.022140
v 0.016542 0.004260 0.022157
v 0.016609 0.003663 0.022090
v 0.016609 0.004200 0.022090
v 0.016609 0.003739 0.022090
v 0.016609 0.004275 0.022090
v 0.016676 0.003678 0.022023
v 0.016660 0.004188 0.022039
v 0.016660 0.003750 0.022039
v 0.016676 0.004260 0.022023
v 0.016736 0.003722 0.021963
v 0.016705 0.004156 0.021994
v 0.016705 0.003783 0.021994
v 0.016736 0.004217 0.021963
v 0.016784 0.003789 0.021915
v 0.016741 0.004105 0.021958
v 0.016741 0.003834 0.021958
v 0.016784 0.004149 0.021915
v 0.016815 0.003875 0.021884
v 0.016764 0.004040 0.021935
v 0.016764 0.003898 0.021935
v 0.016815 0.004064 0.021884
v 0.016825 0.003969 0.021873
v 0.016772 0.003969 0.021927
v 0.014947 0.003875 0.020839
v 0.014937 0.003969 0.020850
v 0.014998 0.003898 0.020789
v 0.015021 0.003834 0.020765
v 0.014990 0.003969 0.020797
v 0.014978 0.003789 0.020809
v 0.014947 0.004064 0.020839
v 0.015057 0.003783 0.020729
v 0.014998 0.004040 0.020789
v 0.015026 0.003722 0.020761
v 0.014978 0.004149 0.020809
v 0.015103 0.003750 0.020684
v 0.015021 0.004105 0.020765
v 0.015086 0.003678 0.020701
v 0.015026 0.004217 0.020761
v 0.015153 0.003739 0.020634
v 0.015057 0.004155 0.020729
v 0.015153 0.003663 0.020634
v 0.015086 0.004260 0.020701
v 0.015203 0.003750 0.020583
v 0.015103 0.004188 0.020684
v 0.015220 0.003678 0.020567
v 0.015153 0.004275 0.020634
v 0.015249 0.003783 0.020538
v 0.015153 0.004199 0.020634
v 0.015280 0.003722 0.020507
v 0.015220 0.004260 0.020567
v 0.015285 0.003834 0.020502
v 0.015203 0.004188 0.020583
v 0.015328 0.003789 0.020459
v 0.015280 0.004217 0.020507
v 0.015308 0.003898 0.020479
v 0.015249 0.004155 0.020538
v 0.015359 0.003875 0.020428
v 0.015328 0.004149 0.020459
v 0.015316 0.003969 0.020471
v 0.015285 0.004105 0.020502
v 0.015369 0.003969 0.020417
v 0.015359 0.004064 0.020428
v 0.015308 0.004040 0.020479
v 0.016446 0.003969 0.022253
v 0.016454 0.003898 0.022245
v 0.016471 0.003969 0.022228
v 0.016477 0.004030 0.022221
v 0.016477 0.003909 0.022221
v 0.016454 0.004040 0.022245
v 0.016477 0.003834 0.022222
v 0.016497 0.004084 0.022202
v 0.016497 0.003854 0.022202
v 0.016477 0.004105 0.022222
v 0.016513 0.003783 0.022186
v 0.016528 0.004128 0.022171
v 0.016528 0.003811 0.022171
v 0.016513 0.004156 0.022186
v 0.016559 0.003750 0.022140
v 0.016566 0.004156 0.022133
v 0.016566 0.003783 0.022133
v 0.016559 0.004188 0.022140
v 0.016609 0.003739 0.022090
v 0.016609 0.004165 0.022090
v 0.016609 0.003773 0.022090
v 0.016609 0.004200 0.022090
v 0.016660 0.003750 0.022039
v 0.016652 0.004156 0.022047
v 0.016652 0.003783 0.022047
v 0.016660 0.004188 0.022039
v 0.016705 0.003783 0.021994
v 0.016691 0.004128 0.022008
v 0.016691 0.003811 0.022008
v 0.016705 0.004156 0.021994
v 0.016741 0.003834 0.021958
v 0.016721 0.004084 0.021978
v 0.016721 0.003854 0.021978
v 0.016741 0.004105 0.021958
v 0.016764 0.003898 0.021935
v 0.016741 0.004030 0.021958
v 0.016741 0.003909 0.021958
v 0.016764 0.004040 0.021935
v 0.016772 0.003969 0.021927
v 0.016748 0.003969 0.021951
v 0.016471 0.003969 0.022228
v 0.016477 0.003909 0.022221
v 0.016543 0.003969 0.022156
v 0.016546 0.003998 0.022153
v 0.016546 0.003940 0.022153
v 0.016477 0.004030 0.022221
v 0.016497 0.003854 0.022202
v 0.016556 0.004024 0.022143
v 0.016556 0.003914 0.022143
v 0.016497 0.004084 0.022202
v 0.016528 0.003811 0.022171
v 0.016570 0.004045 0.022129
v 0.016570 0.003894 0.022129
v 0.016528 0.004128 0.022171
v 0.016566 0.003783 0.022133
v 0.016589 0.004058 0.022110
v 0.016589 0.003880 0.022110
v 0.016566 0.004156 0.022133
v 0.016609 0.003773 0.022090
v 0.016609 0.004063 0.022090
v 0.016609 0.003876 0.022090
v 0.016609 0.004165 0.022090
v 0.016652 0.003783 0.022047
v 0.016630 0.004058 0.022069
v 0.016630 0.003880 0.022069
v 0.016652 0.004156 0.022047
v 0.016691 0.003811 0.022008
v 0.016648 0.004045 0.022051
v 0.016648 0.003894 0.022051
v 0.016691 0.004128 0.022008
v 0.016721 0.003854 0.021978
v 0.016663 0.004024 0.022036
v 0.016663 0.003914 0.022036
v 0.016721 0.004084 0.021978
v 0.016741 0.003909 0.021958
v 0.016672 0.003998 0.022027
v 0.016672 0.003940 0.022027
v 0.016741 0.004030 0.021958
v 0.016748 0.003969 0.021951
v 0.016675 0.003969 0.022024
v 0.014998 0.003898 0.020789
v 0.014990 0.003969 0.020797
v 0.015022 0.003909 0.020765
v 0.015041 0.003854 0.020746
v 0.015015 0.003969 0.020772
v 0.015021 0.003834 0.020765
v 0.014998 0.004040 0.020789
v 0.015072 0.003811 0.020715
v 0.015022 0.004030 0.020765
v 0.015057 0.003783 0.020729
v 0.015021 0.004105 0.020765
v 0.015110 0.003783 0.020676
v 0.015041 0.004084 0.020746
v 0.015103 0.003750 0.020684
v 0.015057 0.004155 0.020729
v 0.015153 0.003774 0.020634
v 0.015072 0.004128 0.020715
v 0.015153 0.003739 0.020634
v 0.015103 0.004188 0.020684
v 0.015196 0.003783 0.020591
v 0.015110 0.004155 0.020676
v 0.015203 0.003750 0.020583
v 0.015153 0.004199 0.020634
v 0.015234 0.003811 0.020552
v 0.015153 0.004165 0.020634
v 0.015249 0.003783 0.020538
v 0.015203 0.004188 0.020583
v 0.015265 0.003854 0.020522
v 0.015196 0.004155 0.020591
v 0.015285 0.003834 0.020502
v 0.015249 0.004155 0.020538
v 0.015285 0.003909 0.020502
v 0.015234 0.004128 0.020552
v 0.015308 0.003898 0.020479
v 0.015285 0.004105 0.020502
v 0.015291 0.003969 0.020495
v 0.015265 0.004084 0.020522
v 0.015316 0.003969 0.020471
v 0.015308 0.004040 0.020479
v 0.015285 0.004030 0.020502
v 0.015022 0.003909 0.020765
v 0.015015 0.003969 0.020772
v 0.015091 0.003941 0.020696
v 0.015100 0.003915 0.020687
v 0.015088 0.003969 0.020699
v 0.015041 0.003854 0.020746
v 0.015022 0.004030 0.020765
v 0.015115 0.003894 0.020672
v 0.015091 0.003998 0.020696
v 0.015072 0.003811 0.020715
v 0.015041 0.004084 0.020746
v 0.015133 0.003881 0.020654
v 0.015100 0.004024 0.020687
v 0.015110 0.003783 0.020676
v 0.015072 0.004128 0.020715
v 0.015153 0.003877 0.020634
v 0.015115 0.004044 0.020672
v 0.015153 0.003774 0.020634
v 0.015110 0.004155 0.020676
v 0.015173 0.003881 0.020614
v 0.015133 0.004057 0.020654
v 0.015196 0.003783 0.020591
v 0.015153 0.004165 0.020634
v 0.015192 0.003894 0.020595
v 0.015153 0.004062 0.020634
v 0.015234 0.003811 0.020552
v 0.015196 0.004155 0.020591
v 0.015206 0.003915 0.020581
v 0.015173 0.004057 0.020614
v 0.015265 0.003854 0.020522
v 0.015234 0.004128 0.020552
v 0.015215 0.003941 0.020571
v 0.015192 0.004044 0.020595
v 0.015285 0.003909 0.020502
v 0.015265 0.004084 0.020522
v 0.015219 0.003969 0.020568
v 0.015206 0.004024 0.020581
v 0.015291 0.003969 0.020495
v 0.015285 0.004030 0.020502
v 0.015215 0.003998 0.020571
v 0.014886 0.004064 0.020900
v 0.014856 0.004149 0.020931
v 0.016342 0.004064 0.022356
v 0.016353 0.003969 0.022346
v 0.016312 0.004149 0.022387
v 0.014897 0.003969 0.020890
v 0.014808 0.004217 0.020979
v 0.016264 0.004217 0.022435
v 0.016342 0.003875 0.022356
v 0.014886 0.003875 0.020900
v 0.016312 0.003789 0.022387
v 0.014856 0.003789 0.020931
v 0.016264 0.003722 0.022435
v 0.014808 0.003722 0.020979
v 0.014808 0.004217 0.020979
v 0.014748 0.004260 0.021039
v 0.016264 0.004217 0.022435
v 0.016204 0.004260 0.022495
v 0.014681 0.004275 0.021106
v 0.016137 0.004275 0.022562
v 0.014614 0.004260 0.021173
v 0.016070 0.004260 0.022629
v 0.014554 0.004217 0.021233
v 0.016010 0.004217 0.022689
v 0.014506 0.004149 0.021281
v 0.015962 0.004149 0.022737
v 0.014506 0.004149 0.021281
v 0.014475 0.004064 0.021312
v 0.015962 0.004149 0.022737
v 0.015931 0.004064 0.022768
v 0.014464 0.003969 0.021322
v 0.015920 0.003969 0.022778
v 0.014475 0.003875 0.021312
v 0.015931 0.003875 0.022768
v 0.014506 0.003789 0.021281
v 0.015962 0.003789 0.022737
v 0.014554 0.003722 0.021233
v 0.016010 0.003722 0.022689
v 0.014554 0.003722 0.021233
v 0.014614 0.003678 0.021173
v 0.016010 0.003722 0.022689
v 0.016070 0.003678 0.022629
v 0.014681 0.003663 0.021106
v 0.016137 0.003663 0.022562
v 0.014748 0.003678 0.021039
v 0.016204 0.003678 0.022495
v 0.014808 0.003722 0.020979
v 0.016264 0.003722 0.022435
v 0.014743 0.003941 0.021044
v 0.014618 0.003941 0.021168
v 0.014746 0.003969 0.021041
v 0.014734 0.003915 0.021053
v 0.014615 0.003969 0.021172
v 0.014628 0.003915 0.021159
v 0.014743 0.003998 0.021044
v 0.014642 0.003894 0.021145
v 0.014618 0.003998 0.021168
v 0.014719 0.003894 0.021068
v 0.014628 0.004024 0.021159
v 0.014660 0.003881 0.021126
v 0.014734 0.004024 0.021053
v 0.014701 0.003881 0.021086
v 0.014681 0.003877 0.021106
v 0.014719 0.004044 0.021068
v 0.014642 0.004044 0.021145
v 0.014701 0.004057 0.021086
v 0.014660 0.004057 0.021126
v 0.014681 0.004062 0.021106
v 0.016071 0.003969 0.022628
v 0.016074 0.003940 0.022625
v 0.016203 0.003969 0.022496
v 0.016074 0.003998 0.022625
v 0.016200 0.003940 0.022499
v 0.016200 0.003998 0.022499
v 0.016190 0.003914 0.022509
v 0.016083 0.004024 0.022616
v 0.016083 0.003914 0.022616
v 0.016190 0.004024 0.022509
v 0.016176 0.003894 0.022523
v 0.016098 0.004045 0.022601
v 0.016098 0.003894 0.022601
v 0.016176 0.004045 0.022523
v 0.016157 0.003880 0.022542
v 0.016116 0.004058 0.022583
v 0.016116 0.003880 0.022583
v 0.016137 0.003876 0.022562
v 0.016157 0.004058 0.022542
v 0.016137 0.004063 0.022562
v 0.015920 0.003969 0.022778
v 0.015931 0.003875 0.022768
v 0.015974 0.003969 0.022725
v 0.015982 0.004040 0.022717
v 0.015982 0.003898 0.022717
v 0.015931 0.004064 0.022768
v 0.015962 0.003789 0.022737
v 0.016005 0.004105 0.022694
v 0.016005 0.003834 0.022694
v 0.015962 0.004149 0.022737
v 0.016010 0.003722 0.022689
v 0.016041 0.004156 0.022658
v 0.016041 0.003783 0.022658
v 0.016010 0.004217 0.022689
v 0.016070 0.003678 0.022629
v 0.016086 0.004188 0.022613
v 0.016086 0.003750 0.022613
v 0.016070 0.004260 0.022629
v 0.016137 0.003663 0.022562
v 0.016137 0.004200 0.022562
v 0.016137 0.003739 0.022562
v 0.016137 0.004275 0.022562
v 0.016204 0.003678 0.022495
v 0.016187 0.004188 0.022512
v 0.016187 0.003750 0.022512
v 0.016204 0.004260 0.022495
v 0.016264 0.003722 0.022435
v 0.016233 0.004156 0.022466
v 0.016233 0.003783 0.022466
v 0.016264 0.004217 0.022435
v 0.016312 0.003789 0.022387
v 0.016269 0.004105 0.022430
v 0.016269 0.003834 0.022430
v 0.016312 0.004149 0.022387
v 0.016342 0.003875 0.022356
v 0.016292 0.004040 0.022407
v 0.016292 0.003898 0.022407
v 0.016342 0.004064 0.022356
v 0.016353 0.003969 0.022346
v 0.016300 0.003969 0.022399
v 0.014475 0.003875 0.021312
v 0.014464 0.003969 0.021322
v 0.014526 0.003898 0.021261
v 0.014549 0.003834 0.021238
v 0.014518 0.003969 0.021269
v 0.014506 0.003789 0.021281
v 0.014475 0.004064 0.021312
v 0.014585 0.003783 0.021202
v 0.014526 0.004040 0.021261
v 0.014554 0.003722 0.021233
v 0.014506 0.004149 0.021281
v 0.014630 0.003750 0.021156
v 0.014549 0.004105 0.021238
v 0.014614 0.003678 0.021173
v 0.014554 0.004217 0.021233
v 0.014681 0.003739 0.021106
v 0.014585 0.004155 0.021202
v 0.014681 0.003663 0.021106
v 0.014614 0.004260 0.021173
v 0.014731 0.003750 0.021056
v 0.014630 0.004188 0.021156
v 0.014748 0.003678 0.021039
v 0.014681 0.004275 0.021106
v 0.014776 0.003783 0.021010
v 0.014681 0.004199 0.021106
v 0.014808 0.003722 0.020979
v 0.014748 0.004260 0.021039
v 0.014812 0.003834 0.020974
v 0.014731 0.004188 0.021056
v 0.014856 0.003789 0.020931
v 0.014808 0.004217 0.020979
v 0.014836 0.003898 0.020951
v 0.014776 0.004155 0.021010
v 0.014886 0.003875 0.020900
v 0.014856 0.004149 0.020931
v 0.014843 0.003969 0.020943
v 0.014812 0.004105 0.020974
v 0.014897 0.003969 0.020890
v 0.014886 0.004064 0.020900
v 0.014836 0.004040 0.020951
v 0.015974 0.003969 0.022725
v 0.015982 0.003898 0.022717
v 0.015998 0.003969 0.022701
v 0.016005 0.004030 0.022694
v 0.016005 0.003909 0.022694
v 0.015982 0.004040 0.022717
v 0.016005 0.003834 0.022694
v 0.016025 0.004084 0.022674
v 0.016025 0.003854 0.022674
v 0.016005 0.004105 0.022694
v 0.016041 0.003783 0.022658
v 0.016055 0.004128 0.022644
v 0.016055 0.003811 0.022644
v 0.016041 0.004156 0.022658
v 0.016086 0.003750 0.022613
v 0.016094 0.004156 0.022605
v 0.016094 0.003783 0.022605
v 0.016086 0.004188 0.022613
v 0.016137 0.003739 0.022562
v 0.016137 0.004165 0.022562
v 0.016137 0.003773 0.022562
v 0.016137 0.004200 0.022562
v 0.016187 0.003750 0.022512
v 0.016180 0.004156 0.022519
v 0.016180 0.003783 0.022519
v 0.016187 0.004188 0.022512
v 0.016233 0.003783 0.022466
v 0.016218 0.004128 0.022481
v 0.016218 0.003811 0.022481
v 0.016233 0.004156 0.022466
v 0.016269 0.003834 0.022430
v 0.016249 0.004084 0.022450
v 0.016249 0.003854 0.022450
v 0.016269 0.004105 0.022430
v 0.016292 0.003898 0.022407
v 0.016268 0.004030 0.022430
v 0.016268 0.003909 0.022430
v 0.016292 0.004040 0.022407
v 0.016300 0.003969 0.022399
v 0.016275 0.003969 0.022424
v 0.015998 0.003969 0.022701
v 0.016005 0.003909 0.022694
v 0.016071 0.003969 0.022628
v 0.016074 0.003998 0.022625
v 0.016074 0.003940 0.022625
v 0.016005 0.004030 0.022694
v 0.016025 0.003854 0.022674
v 0.016083 0.004024 0.022616
v 0.016083 0.003914 0.022616
v 0.016025 0.004084 0.022674
v 0.016055 0.003811 0.022644
v 0.016098 0.004045 0.022601
v 0.016098 0.003894 0.022601
v 0.016055 0.004128 0.022644
v 0.016094 0.003783 0.022605
v 0.016116 0.004058 0.022583
v 0.016116 0.003880 0.022583
v 0.016094 0.004156 0.022605
v 0.016137 0.003773 0.022562
v 0.016137 0.004063 0.022562
v 0.016137 0.003876 0.022562
v 0.016137 0.004165 0.022562
v 0.016180 0.003783 0.022519
v 0.016157 0.004058 0.022542
v 0.016157 0.003880 0.022542
v 0.016180 0.004156 0.022519
v 0.016218 0.003811 0.022481
v 0.016176 0.004045 0.022523
v 0.016176 0.003894 0.022523
v 0.016218 0.004128 0.022481
v 0.016249 0.003854 0.022450
v 0.016190 0.004024 0.022509
v 0.016190 0.003914 0.022509
v 0.016249 0.004084 0.022450
v 0.016268 0.003909 0.022430
v 0.016200 0.003998 0.022499
v 0.016200 0.003940 0.022499
v 0.016268 0.004030 0.022430
v 0.016275 0.003969 0.022424
v 0.016203 0.003969 0.022496
v 0.014526 0.003898 0.021261
v 0.014518 0.003969 0.021269
v 0.014549 0.003909 0.021238
v 0.014569 0.003854 0.021218
v 0.014542 0.003969 0.021245
v 0.014549 0.003834 0.021238
v 0.014526 0.004040 0.021261
v 0.014599 0.003811 0.021187
v 0.014549 0.004030 0.021238
v 0.014585 0.003783 0.021202
v 0.014549 0.004105 0.021238
v 0.014638 0.003783 0.021149
v 0.014569 0.004084 0.021218
v 0.014630 0.003750 0.021156
v 0.014585 0.004155 0.021202
v 0.014681 0.003774 0.021106
v 0.014599 0.004128 0.021187
v 0.014681 0.003739 0.021106
v 0.014630 0.004188 0.021156
v 0.014723 0.003783 0.021063
v 0.014638 0.004155 0.021149
v 0.014731 0.003750 0.021056
v 0.014681 0.004199 0.021106
v 0.014762 0.003811 0.021025
v 0.014681 0.004165 0.021106
v 0.014776 0.003783 0.021010
v 0.014731 0.004188 0.021056
v 0.014793 0.003854 0.020994
v 0.014723 0.004155 0.021063
v 0.014812 0.003834 0.020974
v 0.014776 0.004155 0.021010
v 0.014812 0.003909 0.020975
v 0.014762 0.004128 0.021025
v 0.014836 0.003898 0.020951
v 0.014812 0.004105 0.020974
v 0.014819 0.003969 0.020968
v 0.014793 0.004084 0.020994
v 0.014843 0.003969 0.020943
v 0.014836 0.004040 0.020951
v 0.014812 0.004030 0.020975
v 0.014549 0.003909 0.021238
v 0.014542 0.003969 0.021245
v 0.014618 0.003941 0.021168
v 0.014628 0.003915 0.021159
v 0.014615 0.003969 0.021172
v 0.014569 0.003854 0.021218
v 0.014549 0.004030 0.021238
v 0.014642 0.003894 0.021145
v 0.014618 0.003998 0.021168
v 0.014599 0.003811 0.021187
v 0.014569 0.004084 0.021218
v 0.014660 0.003881 0.021126
v 0.014628 0.004024 0.021159
v 0.014638 0.003783 0.021149
v 0.014599 0.004128 0.021187
v 0.014681 0.003877 0.021106
v 0.014642 0.004044 0.021145
v 0.014681 0.003774 0.021106
v 0.014638 0.004155 0.021149
v 0.014701 0.003881 0.021086
v 0.014660 0.004057 0.021126
v 0.014723 0.003783 0.021063
v 0.014681 0.004165 0.021106
v 0.014719 0.003894 0.021068
v 0.014681 0.004062 0.021106
v 0.014762 0.003811 0.021025
v 0.014723 0.004155 0.021063
v 0.014734 0.003915 0.021053
v 0.014701 0.004057 0.021086
v 0.014793 0.003854 0.020994
v 0.014762 0.004128 0.021025
v 0.014743 0.003941 0.021044
v 0.014719 0.004044 0.021068
v 0.014812 0.003909 0.020975
v 0.014793 0.004084 0.020994
v 0.014746 0.003969 0.021041
v 0.014734 0.004024 0.021053
v 0.014819 0.003969 0.020968
v 0.014812 0.004030 0.020975
v 0.014743 0.003998 0.021044
vn -0.7071 -0.0000 0.7071
vn 0.4327 0.3026 -0.8492
vn 0.1491 0.3026 -0.9414
vn 0.3102 0.7303 -0.6087
vn 0.1069 0.7303 -0.6748
vn -0.1491 0.3026 -0.9414
vn -0.1069 0.7303 -0.6748
vn 0.4831 0.7303 -0.4831
vn 0.0935 0.8018 -0.5903
vn -0.4327 0.3026 -0.8492
vn 0.6739 0.3026 -0.6740
vn 0.2713 0.8018 -0.5325
vn -0.3102 0.7303 -0.6087
vn 0.6087 0.7303 -0.3102
vn 0.4226 0.8018 -0.4226
vn -0.0935 0.8018 -0.5903
vn 0.8492 0.3026 -0.4327
vn -0.6740 0.3026 -0.6739
vn 0.6748 0.7303 -0.1069
vn 0.5325 0.8018 -0.2713
vn -0.2713 0.8018 -0.5325
vn 0.9414 0.3026 -0.1491
vn 0.5903 0.8018 -0.0935
vn -0.4831 0.7303 -0.4831
vn 0.6748 0.7303 0.1069
vn -0.8492 0.3026 -0.4327
vn -0.4226 0.8018 -0.4226
vn 0.9414 0.3026 0.1491
vn 0.5903 0.8018 0.0935
vn -0.6087 0.7303 -0.3102
vn 0.6087 0.7303 0.3102
vn -0.9414 0.3026 -0.1491
vn -0.5325 0.8018 -0.2713
vn 0.8492 0.3026 0.4327
vn 0.5325 0.8018 0.2713
vn -0.6748 0.7303 -0.1069
vn 0.4831 0.7303 0.4831
vn -0.9414 0.3026 0.1491
vn -0.5903 0.8018 -0.0935
vn 0.6740 0.3026 0.6739
vn 0.4226 0.8018 0.4226
vn -0.6748 0.7303 0.1069
vn 0.3102 0.7303 0.6087
vn -0.8492 0.3026 0.4327
vn -0.5903 0.8018 0.0935
vn 0.4327 0.3026 0.8492
vn 0.2713 0.8018 0.5325
vn -0.6087 0.7303 0.3102
vn 0.1069 0.7303 0.6748
vn -0.6739 0.3026 0.6740
vn -0.5325 0.8018 0.2713
vn 0.1491 0.3026 0.9414
vn 0.0935 0.8018 0.5903
vn -0.4831 0.7303 0.4831
vn -0.1069 0.7303 0.6748
vn -0.4327 0.3026 0.8492
vn -0.4226 0.8018 0.4226
vn -0.1491 0.3026 0.9414
vn -0.0935 0.8018 0.5903
vn -0.3102 0.7303 0.6087
vn -0.2713 0.8018 0.5325
vn 0.8595 0.2637 0.4379
vn 0.9527 0.2637 0.1509
vn 0.8910 -0.0000 0.4540
vn 0.7071 -0.0000 0.7071
vn 0.9877 -0.0000 0.1564
vn 0.6821 0.2637 0.6821
vn 0.9527 0.2637 -0.1509
vn 0.4540 -0.0000 0.8910
vn 0.9877 -0.0000 -0.1564
vn 0.4379 0.2637 0.8595
vn 0.8595 0.2637 -0.4379
vn 0.1564 -0.0000 0.9877
vn 0.1509 0.2637 0.9527
vn 0.8910 -0.0000 -0.4540
vn -0.1564 -0.0000 0.9877
vn 0.6821 0.2637 -0.6821
vn -0.1509 0.2637 0.9527
vn -0.4540 -0.0000 0.8910
vn 0.7071 -0.0000 -0.7071
vn -0.4379 0.2637 0.8595
vn 0.2714 0.8018 -0.5325
vn 0.4379 0.2637 -0.8595
vn -0.6821 0.2637 0.6821
vn 0.4540 -0.0000 -0.8910
vn -0.8910 -0.0000 0.4540
vn 0.1509 0.2637 -0.9527
vn -0.8595 0.2637 0.4379
vn 0.1564 -0.0000 -0.9877
vn -0.9877 -0.0000 0.1564
vn -0.1509 0.2637 -0.9527
vn -0.9527 0.2637 0.1509
vn -0.1564 -0.0000 -0.9877
vn -0.9877 -0.0000 -0.1564
vn -0.4379 0.2637 -0.8595
vn -0.9527 0.2637 -0.1509
vn -0.4540 -0.0000 -0.8910
vn -0.8910 -0.0000 -0.4540
vn -0.6821 0.2637 -0.6821
vn -0.8595 0.2637 -0.4379
vn -0.7071 -0.0000 -0.7071
vn -0.5325 0.8018 -0.2714
vn 0.1565 -0.0000 -0.9877
vn -0.0000 1.0000 -0.0000
vn -0.0000 1.0000 0.0001
vn 0.1301 -0.5553 0.8214
vn 0.3776 -0.5553 0.7410
vn -0.1301 -0.5553 0.8214
vn 0.5881 -0.5553 0.5881
vn -0.3776 -0.5553 0.7410
vn 0.7410 -0.5553 0.3776
vn -0.5880 -0.5553 0.5881
vn 0.8214 -0.5553 0.1301
vn 0.8214 -0.5553 -0.1301
vn 0.7410 -0.5553 -0.3776
vn 0.5881 -0.5553 -0.5880
vn -0.7410 -0.5553 0.3776
vn -0.5881 -0.5553 0.5880
vn -0.8214 -0.5553 0.1301
vn -0.8214 -0.5553 -0.1301
vn -0.7410 -0.5553 -0.3776
vn -0.5881 -0.5553 -0.5881
vn -0.3776 -0.5553 -0.7410
vn -0.1301 -0.5553 -0.8214
vn 0.1301 -0.5553 -0.8214
vn 0.3776 -0.5553 -0.7410
vn 0.5880 -0.5553 -0.5881
vn 0.1206 0.6372 0.7612
vn 0.3499 0.6372 0.6867
vn -0.1206 0.6372 0.7612
vn 0.5450 0.6372 0.5450
vn -0.3499 0.6372 0.6867
vn 0.6867 0.6372 0.3499
vn -0.5450 0.6372 0.5450
vn 0.7612 0.6372 0.1206
vn 0.7612 0.6372 -0.1206
vn 0.6867 0.6372 -0.3499
vn 0.5450 0.6372 -0.5449
vn 0.5450 0.6372 -0.5450
vn -0.6867 0.6372 0.3499
vn -0.5450 0.6372 0.5449
vn -0.7612 0.6372 0.1206
vn -0.7612 0.6372 -0.1206
vn -0.6867 0.6372 -0.3499
vn -0.5450 0.6372 -0.5450
vn -0.3499 0.6372 -0.6867
vn -0.1206 0.6372 -0.7612
vn 0.1206 0.6372 -0.7612
vn 0.3499 0.6372 -0.6867
vn 0.5449 0.6372 -0.5450
vn -0.9877 -0.0000 -0.1565
vn 0.9877 -0.0000 0.1565
vn -0.0000 -1.0000 -0.0000
vn 0.7072 -0.0000 -0.7070
vn 0.7071 -0.0000 -0.7072
vn 0.7069 -0.0000 -0.7073
vn -0.0754 -0.9943 -0.0754
vn -0.7069 -0.0000 0.7073
vn -0.7069 -0.0000 0.7074
vn 0.0754 0.9943 0.0754
vn 0.6828 -0.2599 0.6828
vn 0.2554 0.9325 0.2554
vn 0.2983 0.9067 0.2983
vn 0.1532 0.9762 0.1532
vn 0.0735 0.9946 0.0735
vn -0.0735 0.9946 -0.0735
vn -0.1433 0.9793 -0.1433
vn -0.2598 0.9301 -0.2598
vn -0.3249 0.8882 -0.3249
vn -0.3045 -0.9025 -0.3045
vn -0.2605 -0.9297 -0.2605
vn -0.1568 -0.9751 -0.1568
vn -0.0752 -0.9943 -0.0752
vn 0.0752 -0.9943 0.0752
vn 0.1464 -0.9783 0.1464
vn 0.2652 -0.9270 0.2652
vn 0.3325 -0.8825 0.3325
vn -0.6828 -0.2599 -0.6828
vn -0.7071 -0.0005 0.7071
vn 0.7071 -0.0016 0.7071
vn 0.7071 0.0001 -0.7071
vn -0.7071 -0.0016 -0.7071
vn 0.6725 0.3090 -0.6725
vn 0.5721 0.5878 -0.5721
vn 0.4157 0.8090 -0.4156
vn 0.4156 0.8090 -0.4156
vn 0.6725 -0.3090 -0.6725
vn 0.5721 -0.5878 -0.5721
vn 0.4156 -0.8090 -0.4157
vn 0.4157 -0.8090 -0.4157
vn 0.2185 0.9511 -0.2185
vn -0.2185 0.9511 0.2185
vn -0.4156 0.8090 0.4156
vn -0.5720 0.5878 0.5721
vn -0.5720 0.5878 0.5720
vn -0.5721 0.5878 0.5721
vn -0.6725 0.3090 0.6725
vn -0.6725 -0.3090 0.6725
vn -0.5721 -0.5878 0.5721
vn -0.4156 -0.8090 0.4156
vn -0.4157 -0.8090 0.4156
vn -0.2185 -0.9511 0.2185
vn 0.2185 -0.9511 -0.2185
vn 0.4156 -0.8090 -0.4156
vn -0.7071 0.0001 -0.7071
vn -0.7071 -0.0002 -0.7072
vn -0.7071 -0.0002 -0.7071
vn 0.7071 0.0001 0.7071
vn 0.7072 -0.0000 0.7070
vn 0.7071 0.0002 0.7071
vn 0.7071 -0.0001 0.7071
vn 0.7070 0.0002 0.7072
vn 0.7071 -0.0000 0.7072
vn -0.7071 -0.0001 -0.7071
vn -0.7071 -0.0000 -0.7072
vn -0.7072 -0.0000 -0.7070
vn -0.0088 0.5891 0.8080
vn -0.0116 0.5937 0.8046
vn -0.0087 0.5891 0.8080
vn -0.0053 0.5891 0.8080
vn -0.0093 0.5912 0.8065
vn -0.0098 0.5946 0.8039
vn -0.0051 0.5905 0.8070
vn -0.0133 0.5998 0.8001
vn -0.0054 0.5910 0.8066
vn -0.0055 0.5916 0.8062
vn -0.0093 0.5951 0.8036
vn -0.0052 1.0000 -0.0052
vn -0.0058 1.0000 -0.0058
vn -0.0039 1.0000 -0.0064
vn -0.0045 1.0000 -0.0045
vn -0.0064 1.0000 -0.0039
vn -0.0020 1.0000 -0.0069
vn -0.0068 1.0000 -0.0020
vn 0.0030 -1.0000 0.0030
vn 0.0023 -1.0000 0.0023
vn 0.0021 -1.0000 0.0036
vn 0.0036 -1.0000 0.0036
vn 0.0009 -1.0000 0.0036
vn 0.0036 -1.0000 0.0023
vn 0.0036 -1.0000 0.0010
vn 0.7063 -0.0006 -0.7079
vn 0.7063 -0.0006 -0.7080
vn 0.7061 -0.0005 -0.7081
vn 0.7062 -0.0006 -0.7080
vn -0.0214 0.5876 0.8089
vn -0.0215 0.5876 0.8089
vn 0.0105 0.5872 0.8094
vn 0.0104 0.5871 0.8094
vn -0.8286 0.0328 0.5588
vn -0.8286 0.0329 0.5589
vn 0.9982 0.0580 -0.0175
vn -0.0027 0.9997 -0.0237
vn -0.0027 0.9997 -0.0238
vn -0.0002 0.9961 -0.0879
vn -0.0002 0.9961 -0.0878
vn -0.8567 -0.0069 -0.5158
vn -0.0001 -0.9970 -0.0779
vn 0.6656 0.0164 0.7461
vn 0.6657 0.0164 0.7460
vn -0.8064 0.5913 0.0094
vn -0.8062 0.5916 0.0103
vn -0.8080 0.5891 0.0087
vn -0.8056 0.5923 0.0088
vn -0.8043 0.5942 0.0073
vn -0.8066 0.5911 0.0054
vn -0.8081 0.5891 0.0053
vn -0.8042 0.5943 0.0072
vn -0.8048 0.5935 0.0049
vn -0.8080 0.5891 0.0053
vn -0.8030 0.5959 0.0038
vn -0.8055 0.5926 0.0042
vn 0.7062 0.0006 -0.7080
vn 0.7063 0.0006 -0.7080
vn 0.7061 0.0005 -0.7081
vn 0.7063 0.0007 -0.7079
vn -0.8089 0.5876 0.0214
vn -0.8094 0.5872 -0.0104
vn -0.8094 0.5871 -0.0104
vn -0.8094 0.5872 -0.0105
vn -0.5589 0.0328 0.8286
vn -0.5589 0.0329 0.8286
vn -0.5588 0.0328 0.8286
vn -0.5588 0.0328 0.8287
vn 0.0176 0.0580 -0.9982
vn 0.0175 0.0580 -0.9982
vn 0.0237 0.9997 0.0027
vn 0.0238 0.9997 0.0027
vn 0.0879 0.9961 0.0002
vn 0.5158 -0.0069 0.8567
vn 0.5158 -0.0070 0.8567
vn 0.0779 -0.9970 0.0001
vn -0.7461 0.0163 -0.6657
vn -0.7461 0.0164 -0.6657
vn -0.0017 -1.0000 -0.0072
vn -0.0009 -1.0000 -0.0036
vn 0.0003 -1.0000 0.0001
vn 0.0004 -1.0000 0.0001
vn 0.0006 -1.0000 0.0001
vn 0.5700 0.5903 -0.5715
vn 0.6702 0.3109 -0.6740
vn 0.4162 0.8097 -0.4138
vn 0.6701 0.3108 -0.6740
vn 0.5721 -0.5877 -0.5721
vn 0.5783 0.5885 -0.5650
vn 0.6749 0.3082 -0.6705
vn 0.4191 0.8100 -0.4101
vn -0.7087 0.0019 -0.7055
vn -0.7078 -0.0061 -0.7064
vn -0.7080 0.0080 -0.7062
vn 0.6726 0.3090 -0.6724
vn 0.5721 0.5878 -0.5720
vn 0.4156 0.8090 -0.4157
vn -0.5721 -0.5877 0.5721
vn -0.4157 0.8090 0.4156
vn 0.5721 -0.5878 -0.5720
vn -0.5720 -0.5878 0.5720
vn -0.5721 -0.5878 0.5720
vn -0.5721 0.5878 0.5720
vn 0.4161 0.8097 -0.4137
vn 0.4161 0.8097 -0.4138
vn 0.5720 -0.5878 -0.5721
vn -0.7073 0.0007 -0.7070
vn -0.7072 0.0008 -0.7070
vn -0.7066 0.0005 -0.7076
vn -0.7066 0.0005 -0.7077
vn -0.7066 -0.0004 -0.7076
vn -0.7067 -0.0005 -0.7075
vn 0.4157 0.8090 -0.4157
vn -0.4157 0.8090 0.4157
vn -0.5720 -0.5878 0.5721
vn -0.4156 -0.8090 0.4157
vn -0.4156 0.8090 0.4157
vn 0.4191 0.8101 -0.4101
vn 0.2185 -0.9510 -0.2185
vn 0.7069 0.0002 0.7073
vn -0.6600 -0.3587 0.6601
vn -0.6300 -0.4540 0.6300
vn -0.4452 -0.7769 0.4452
vn -0.6600 -0.3587 0.6600
vn 0.4452 -0.7769 -0.4452
vn 0.5720 -0.5878 -0.5720
vn 0.6300 -0.4540 -0.6300
vn 0.6600 -0.3587 -0.6600
vn 0.6725 0.3091 -0.6725
vn 0.7071 -0.0002 0.7071
vn -0.7067 -0.0002 -0.7075
vn -0.7068 -0.0002 -0.7074
vn -0.7069 0.0002 -0.7073
vn -0.7068 0.0004 -0.7075
vn -0.7071 0.0006 -0.7071
vn -0.7071 0.0005 -0.7071
vn 0.7073 -0.0000 -0.7069
vn -0.7071 0.0001 0.7071
vn -0.7071 -0.0001 0.7071
vn -0.7073 0.0001 0.7069
vn -0.7072 -0.0000 0.7070
vn -0.7070 0.0001 0.7072
vn -0.7072 0.0001 0.7071
vn -0.7070 -0.0000 0.7072
vn -0.7071 -0.0000 0.7072
vn -0.2185 0.9511 -0.2185
vn -0.2185 0.9510 -0.2185
vn -0.3210 0.8910 -0.3210
vn -0.3209 0.8910 -0.3210
vn 0.2186 0.9510 0.2185
vn 0.2185 0.9511 0.2185
vn 0.3210 0.8910 0.3210
vn 0.3973 0.8272 0.3973
vn 0.4156 0.8090 0.4156
vn 0.5721 0.5878 0.5721
vn 0.6725 0.3090 0.6725
vn 0.6725 -0.3090 0.6725
vn 0.5721 -0.5878 0.5721
vn 0.4156 -0.8090 0.4156
vn 0.4151 -0.8097 0.4149
vn 0.4145 -0.8103 0.4142
vn 0.2185 -0.9511 0.2185
vn 0.2182 -0.9513 0.2180
vn 0.2177 -0.9516 0.2172
vn 0.0001 -1.0000 -0.0000
vn 0.0005 -1.0000 0.0004
vn -0.2229 -0.9491 -0.2225
vn -0.2218 -0.9496 -0.2214
vn -0.2206 -0.9502 -0.2202
vn -0.4176 -0.8075 -0.4166
vn -0.4175 -0.8077 -0.4164
vn -0.4168 -0.8083 -0.4158
vn -0.5691 -0.5942 -0.5683
vn -0.5701 -0.5924 -0.5692
vn -0.5711 -0.5906 -0.5702
vn -0.6282 -0.4599 -0.6276
vn -0.6273 -0.4622 -0.6268
vn -0.6290 -0.4576 -0.6285
vn 0.7064 0.0007 -0.7078
vn 0.7068 0.0002 -0.7074
vn 0.7071 0.0004 -0.7071
vn 0.7074 0.0007 -0.7068
vn 0.7080 0.0006 -0.7062
vn 0.7068 -0.0001 -0.7074
vn 0.7074 0.0003 -0.7068
vn 0.7068 -0.0000 -0.7074
vn 0.7075 0.0001 -0.7067
vn 0.7074 0.0001 -0.7068
vn -0.7079 -0.0001 0.7063
vn -0.7086 -0.0003 0.7056
vn -0.7081 -0.0014 0.7061
vn -0.7077 -0.0010 0.7065
vn -0.7046 -0.0038 0.7096
vn -0.7034 -0.0052 0.7108
vn -0.2167 0.9518 -0.2172
vn -0.3174 0.8933 -0.3183
vn -0.2127 0.9536 -0.2132
vn 0.0001 1.0000 -0.0000
vn -0.3095 0.8988 -0.3104
vn -0.2087 0.9554 -0.2092
vn 0.2187 0.9510 0.2187
vn -0.0000 1.0000 -0.0001
vn -0.3015 0.9042 -0.3024
vn 0.2194 0.9507 0.2193
vn 0.6300 -0.4540 0.6300
vn 0.6301 -0.4540 0.6300
vn 0.6299 -0.4541 0.6301
vn 0.4121 -0.8102 0.4168
vn 0.2185 -0.9510 0.2185
vn 0.2138 -0.9511 0.2230
vn 0.2139 -0.9511 0.2230
vn -0.0009 -1.0000 0.0035
vn -0.2185 -0.9511 -0.2185
vn -0.0008 -1.0000 0.0035
vn -0.3210 -0.8910 -0.3210
vn -0.3211 -0.8910 -0.3210
vn -0.3212 -0.8909 -0.3211
vn 0.7070 -0.0000 -0.7072
vn 0.5849 -0.5619 0.5849
vn 0.6791 -0.2788 0.6791
vn 0.4335 -0.7900 0.4335
vn 0.5000 -0.7071 0.5000
vn 0.5721 -0.5877 0.5721
vn 0.2206 -0.9501 0.2206
vn 0.2207 -0.9501 0.2207
vn 0.6725 -0.3091 0.6725
vn 0.6984 -0.1564 0.6984
vn 0.0045 -1.0000 0.0045
vn 0.0043 -1.0000 0.0043
vn 0.6984 0.1564 0.6984
vn -0.2165 -0.9520 -0.2165
vn 0.2205 -0.9501 0.2205
vn -0.2164 -0.9520 -0.2164
vn 0.6791 0.2787 0.6791
vn 0.4452 -0.7769 0.4452
vn -0.4156 -0.8090 -0.4156
vn -0.4335 -0.7900 -0.4335
vn -0.5721 -0.5878 -0.5721
vn 0.5720 -0.5878 0.5721
vn 0.5849 0.5619 0.5849
vn 0.4999 -0.7071 0.5000
vn 0.0042 -1.0000 0.0042
vn 0.2165 0.9520 0.2165
vn -0.4452 -0.7769 -0.4452
vn -0.0044 1.0000 -0.0044
vn -0.5000 -0.7071 -0.5000
vn -0.0043 1.0000 -0.0043
vn -0.5849 -0.5619 -0.5849
vn -0.2205 0.9501 -0.2205
vn -0.5720 -0.5878 -0.5721
vn -0.2206 0.9501 -0.2206
vn -0.5720 -0.5878 -0.5720
vn -0.6725 -0.3090 -0.6725
vn -0.4156 0.8090 -0.4156
vn -0.6726 -0.3090 -0.6724
vn -0.6791 -0.2788 -0.6791
vn -0.6984 -0.1564 -0.6984
vn -0.6984 -0.1565 -0.6984
vn -0.5721 0.5878 -0.5721
vn -0.5849 0.5619 -0.5849
vn -0.2207 0.9501 -0.2206
vn 0.2164 0.9520 0.2164
vn -0.7068 -0.0317 -0.7068
vn -0.7063 0.0002 -0.7079
vn -0.6791 0.2787 -0.6791
vn -0.6725 0.3090 -0.6725
vn -0.6727 0.3083 -0.6726
vn -0.6827 0.2581 -0.6836
vn -0.6984 0.1564 -0.6984
vn -0.6971 0.1554 -0.7000
vn -0.6987 0.1549 -0.6985
vn -0.7056 0.0004 -0.7086
vn 0.7063 -0.0000 -0.7079
vn 0.7064 -0.0000 -0.7078
vn 0.7054 -0.0000 -0.7088
vn 0.7061 -0.0000 -0.7082
vn -0.7046 -0.0000 0.7096
vn -0.7045 -0.0000 0.7097
vn -0.7022 -0.0000 0.7120
vn -0.7022 -0.0000 0.7119
vn -0.3773 0.6415 0.6679
vn -0.5263 0.6739 0.5186
vn -0.3772 0.6415 0.6679
vn -0.2424 0.5452 0.8025
vn -0.6714 0.6403 0.3732
vn -0.1370 0.3961 0.9079
vn -0.6715 0.6402 0.3731
vn -0.1369 0.3961 0.9079
vn -0.8025 0.5452 0.2424
vn -0.0692 0.2082 0.9756
vn -0.9079 0.3961 0.1369
vn -0.0459 -0.0000 0.9989
vn -0.0460 -0.0000 0.9989
vn -0.9756 0.2083 0.0693
vn -0.0693 -0.2082 0.9756
vn -0.9756 0.2082 0.0693
vn -0.9989 -0.0000 0.0459
vn -0.1369 -0.3961 0.9079
vn -0.9756 -0.2082 0.0693
vn -0.2423 -0.5452 0.8025
vn -0.2424 -0.5452 0.8025
vn -0.9079 -0.3961 0.1369
vn -0.3701 -0.6393 0.6740
vn -0.8025 -0.5452 0.2423
vn -0.5127 -0.6738 0.5321
vn -0.8025 -0.5452 0.2424
vn -0.5128 -0.6738 0.5320
vn -0.6653 -0.6424 0.3804
vn -0.6653 -0.6424 0.3803
vn -0.7113 -0.0234 0.7025
vn -0.7046 -0.0243 0.7092
vn -0.7107 -0.0231 0.7031
vn -0.7170 -0.0196 0.6968
vn -0.7045 -0.0242 0.7093
vn -0.7169 -0.0196 0.6969
vn -0.7005 -0.0228 0.7133
vn -0.7207 -0.0142 0.6931
vn -0.7004 -0.0227 0.7134
vn -0.6969 -0.0196 0.7169
vn -0.7232 -0.0075 0.6906
vn -0.6931 -0.0142 0.7207
vn -0.7240 -0.0000 0.6898
vn -0.6906 -0.0075 0.7232
vn -0.7232 0.0075 0.6906
vn -0.6898 -0.0000 0.7240
vn -0.7207 0.0142 0.6931
vn -0.6906 0.0075 0.7232
vn -0.7170 0.0196 0.6968
vn -0.7169 0.0196 0.6969
vn -0.6931 0.0142 0.7207
vn -0.7112 0.0232 0.7026
vn -0.7112 0.0231 0.7026
vn -0.6968 0.0196 0.7170
vn -0.7048 0.0242 0.7090
vn -0.6969 0.0196 0.7169
vn -0.7049 0.0241 0.7089
vn -0.7005 0.0228 0.7133
vn 0.6836 0.2581 0.6827
vn 0.7068 -0.0317 0.7068
vn 0.7077 0.0002 0.7065
vn 0.6725 0.3086 0.6727
vn 0.7000 0.1554 0.6971
vn 0.7086 0.0004 0.7056
vn 0.6985 0.1549 0.6986
vn 0.6982 -0.1564 0.6986
vn -0.7070 -0.0001 0.7072
vn -0.7069 0.0001 0.7073
vn -0.7072 0.0001 0.7070
vn -0.7070 -0.0003 0.7073
vn 0.2185 0.9510 0.2185
vn -0.3973 0.8272 -0.3973
vn -0.4149 -0.8097 -0.4151
vn -0.4142 -0.8103 -0.4145
vn -0.2179 -0.9513 -0.2181
vn -0.2172 -0.9516 -0.2177
vn -0.0000 -1.0000 -0.0001
vn -0.0004 -1.0000 -0.0005
vn 0.2225 -0.9491 0.2228
vn 0.2213 -0.9497 0.2218
vn 0.2201 -0.9502 0.2206
vn 0.4166 -0.8075 0.4176
vn 0.4164 -0.8077 0.4175
vn 0.4158 -0.8083 0.4168
vn 0.5683 -0.5942 0.5691
vn 0.5693 -0.5923 0.5702
vn 0.5702 -0.5906 0.5710
vn 0.6276 -0.4599 0.6281
vn 0.6268 -0.4621 0.6274
vn 0.6285 -0.4576 0.6290
vn 0.7077 0.0007 -0.7065
vn 0.7074 0.0002 -0.7068
vn 0.7068 0.0007 -0.7074
vn 0.7074 -0.0001 -0.7068
vn 0.7068 0.0003 -0.7075
vn 0.7072 -0.0000 -0.7071
vn 0.7075 -0.0000 -0.7067
vn 0.7068 0.0001 -0.7074
vn 0.7069 0.0001 -0.7073
vn 0.7066 0.0001 -0.7076
vn -0.7063 -0.0001 0.7079
vn -0.7053 -0.0000 0.7089
vn -0.7061 -0.0014 0.7081
vn -0.7065 -0.0010 0.7077
vn -0.7096 -0.0038 0.7046
vn -0.7108 -0.0052 0.7034
vn 0.2172 0.9518 0.2167
vn 0.2132 0.9536 0.2127
vn 0.3183 0.8933 0.3174
vn 0.3104 0.8988 0.3095
vn 0.2092 0.9553 0.2087
vn -0.2186 0.9510 -0.2187
vn 0.3024 0.9042 0.3016
vn -0.2187 0.9510 -0.2188
vn -0.2191 0.9508 -0.2191
vn -0.5721 0.5878 -0.5720
vn -0.6300 -0.4540 -0.6300
vn -0.6300 -0.4540 -0.6301
vn -0.4168 -0.8102 -0.4121
vn -0.2230 -0.9511 -0.2138
vn -0.2229 -0.9511 -0.2139
vn -0.0035 -1.0000 0.0008
vn 0.3210 -0.8910 0.3210
vn 0.3211 -0.8910 0.3209
vn -0.6986 -0.1563 -0.6982
vn -0.5721 0.5877 0.5721
vn -0.7070 0.0004 -0.7072
vn 0.7072 -0.0000 0.7071
vn -0.7070 -0.0000 -0.7072
vn 0.4157 -0.8090 -0.4156
vn 0.7070 -0.0000 0.7072
vt 0.637282 0.134969
vt 0.627081 0.134969
vt 0.626893 0.126149
vt 0.235641 0.117885
vt 0.275123 0.137219
vt 0.229787 0.136568
vt 0.263845 0.153299
vt 0.307005 0.167807
vt 0.291262 0.179712
vt 0.192326 0.130947
vt 0.221092 0.213528
vt 0.328092 0.207005
vt 0.192326 0.111343
vt 0.207447 0.207017
vt 0.309304 0.213443
vt 0.154926 0.136859
vt 0.192326 0.204866
vt 0.231953 0.223784
vt 0.148929 0.118237
vt 0.335807 0.251276
vt 0.121144 0.153859
vt 0.177367 0.207022
vt 0.238951 0.236793
vt 0.109759 0.137972
vt 0.163890 0.213564
vt 0.316028 0.251276
vt 0.094184 0.180364
vt 0.328304 0.295577
vt 0.241347 0.251276
vt 0.078461 0.168726
vt 0.153188 0.223839
vt 0.309455 0.289212
vt 0.076659 0.213911
vt 0.307391 0.335026
vt 0.238887 0.265919
vt 0.058075 0.207712
vt 0.146301 0.236839
vt 0.291525 0.323154
vt 0.070312 0.251276
vt 0.275513 0.365933
vt 0.231864 0.279115
vt 0.050842 0.251276
vt 0.143925 0.251276
vt 0.264112 0.349824
vt 0.076507 0.288746
vt 0.235884 0.385532
vt 0.221004 0.289565
vt 0.057860 0.294875
vt 0.146365 0.265874
vt 0.229953 0.366774
vt 0.093924 0.322500
vt 0.192326 0.392165
vt 0.207385 0.296260
vt 0.078081 0.334102
vt 0.153276 0.279058
vt 0.192326 0.372504
vt 0.120875 0.349264
vt 0.148685 0.385184
vt 0.192326 0.298569
vt 0.109364 0.365178
vt 0.163979 0.289529
vt 0.154760 0.366485
vt 0.177429 0.296255
vt 0.252340 0.099517
vt 0.266050 0.099517
vt 0.252340 0.289404
vt 0.238629 0.289404
vt 0.266050 0.289404
vt 0.238629 0.099517
vt 0.279758 0.099517
vt 0.224922 0.289404
vt 0.253552 0.078179
vt 0.281239 0.078179
vt 0.279758 0.289404
vt 0.224922 0.099517
vt 0.267165 0.078179
vt 0.293464 0.099517
vt 0.211220 0.289404
vt 0.296022 0.078179
vt 0.211220 0.099517
vt 0.293464 0.289404
vt 0.239829 0.078179
vt 0.197525 0.289404
vt 0.307168 0.099517
vt 0.197525 0.099517
vt 0.225898 0.078179
vt 0.311461 0.078179
vt 0.183837 0.289404
vt 0.307168 0.289404
vt 0.211922 0.078179
vt 0.183837 0.099517
vt 0.169453 0.289404
vt 0.197672 0.078179
vt 0.169453 0.099517
vt 0.182830 0.078179
vt 0.166562 0.078179
vt 0.197525 0.099517
vt 0.710847 0.135985
vt 0.710185 0.192272
vt 0.689276 0.135985
vt 0.728874 0.192272
vt 0.688538 0.192272
vt 0.730512 0.135985
vt 0.669242 0.135985
vt 0.668869 0.192272
vt 0.748720 0.192272
vt 0.748720 0.135985
vt 0.767573 0.192272
vt 0.767979 0.135985
vt 0.787010 0.135985
vt 0.786525 0.192272
vt 0.805838 0.135985
vt 0.805321 0.192272
vt 0.824482 0.135985
vt 0.824027 0.192272
vt 0.843043 0.135985
vt 0.842661 0.192272
vt 0.861559 0.135985
vt 0.861194 0.192272
vt 0.669242 0.135985
vt 0.668869 0.192272
vt 0.805838 0.135985
vt 0.843043 0.135985
vt 0.502043 0.241435
vt 0.505035 0.222546
vt 0.624297 0.241435
vt 0.505035 0.260325
vt 0.621305 0.222546
vt 0.621305 0.260325
vt 0.612623 0.205506
vt 0.513717 0.277365
vt 0.513717 0.205506
vt 0.612623 0.277365
vt 0.599100 0.191982
vt 0.527240 0.290888
vt 0.527240 0.191982
vt 0.599100 0.290888
vt 0.582060 0.183300
vt 0.544281 0.299571
vt 0.544281 0.183300
vt 0.563170 0.180308
vt 0.582060 0.299571
vt 0.563170 0.302562
vt 0.729257 0.271955
vt 0.709759 0.271955
vt 0.748067 0.271955
vt 0.686841 0.271955
vt 0.766602 0.271955
vt 0.662969 0.271955
vt 0.785246 0.271955
vt 0.804294 0.271955
vt 0.824195 0.271955
vt 0.846405 0.271955
vt 0.872374 0.271955
vt 0.872374 0.271955
vt 0.748067 0.271955
vt 0.729257 0.271955
vt 0.709759 0.271955
vt 0.662970 0.271955
vt 0.734913 0.334330
vt 0.720933 0.334330
vt 0.749630 0.334330
vt 0.703690 0.334330
vt 0.764905 0.334330
vt 0.692666 0.334330
vt 0.781016 0.334330
vt 0.796800 0.334330
vt 0.812069 0.334330
vt 0.827465 0.334330
vt 0.842152 0.334330
vt 0.842152 0.334330
vt 0.796800 0.334330
vt 0.781016 0.334330
vt 0.764905 0.334330
vt 0.749630 0.334330
vt 0.720933 0.334330
vt 0.679576 0.277532
vt 0.679576 0.334300
vt 0.667076 0.277532
vt 0.692076 0.334300
vt 0.667076 0.334300
vt 0.692076 0.277532
vt 0.704576 0.334300
vt 0.704576 0.277532
vt 0.717076 0.334300
vt 0.717075 0.277532
vt 0.729576 0.277532
vt 0.729576 0.334300
vt 0.742076 0.277532
vt 0.742076 0.334300
vt 0.754576 0.277532
vt 0.754576 0.334300
vt 0.767075 0.277532
vt 0.767076 0.334300
vt 0.779575 0.277532
vt 0.779576 0.334300
vt 0.792076 0.334300
vt 0.792076 0.277532
vt 0.804576 0.334300
vt 0.804576 0.277532
vt 0.817076 0.334300
vt 0.817076 0.277532
vt 0.829576 0.334300
vt 0.829576 0.277532
vt 0.842075 0.334300
vt 0.842076 0.277532
vt 0.854576 0.277532
vt 0.854576 0.334300
vt 0.867076 0.277532
vt 0.867075 0.334300
vt 0.879575 0.277532
vt 0.879576 0.334300
vt 0.892075 0.277532
vt 0.892075 0.334300
vt 0.904575 0.277532
vt 0.904575 0.334300
vt 0.917075 0.334300
vt 0.917076 0.277532
vt 0.586371 0.178047
vt 0.589362 0.159158
vt 0.708625 0.178047
vt 0.589362 0.196936
vt 0.705633 0.159158
vt 0.705633 0.196936
vt 0.696951 0.142117
vt 0.598045 0.213977
vt 0.598045 0.142117
vt 0.696951 0.213977
vt 0.683428 0.128594
vt 0.611568 0.227500
vt 0.611568 0.128594
vt 0.683428 0.227500
vt 0.666387 0.119912
vt 0.628609 0.236182
vt 0.628609 0.119912
vt 0.647498 0.116920
vt 0.666387 0.236182
vt 0.647498 0.239174
vt 0.664751 0.476608
vt 0.664751 0.461780
vt 0.867401 0.476604
vt 0.867400 0.461776
vt 0.666314 0.598527
vt 0.666312 0.484381
vt 0.855391 0.598523
vt 0.855389 0.484378
vt 0.664754 0.476834
vt 0.664754 0.462007
vt 0.867403 0.476831
vt 0.867403 0.462003
vt 0.926657 0.488764
vt 0.926659 0.587933
vt 0.866789 0.488765
vt 0.866791 0.587934
vt 0.866587 0.476602
vt 0.744246 0.476604
vt 0.866587 0.461775
vt 0.744246 0.461776
vt 0.788825 0.476608
vt 0.666484 0.476608
vt 0.788824 0.461780
vt 0.666484 0.461780
vt 0.210715 0.920353
vt 0.210715 0.770305
vt 0.251752 0.872905
vt 0.390039 0.920353
vt 0.251752 0.770305
vt 0.367203 0.872905
vt 0.251752 0.724630
vt 0.412875 0.872905
vt 0.210715 0.724630
vt 0.367203 0.770305
vt 0.527469 0.872905
vt 0.367203 0.724630
vt 0.565063 0.920353
vt 0.412875 0.770305
vt 0.565063 0.770305
vt 0.412875 0.724630
vt 0.527469 0.770305
vt 0.527469 0.724630
vt 0.565063 0.724630
vt 0.348243 0.777232
vt 0.327443 0.777232
vt 0.348243 0.717473
vt 0.368338 0.717473
vt 0.327443 0.717473
vt 0.368338 0.777232
vt 0.348243 0.659146
vt 0.389451 0.717473
vt 0.368338 0.659146
vt 0.327443 0.659146
vt 0.389451 0.777232
vt 0.389451 0.659146
vt 0.410563 0.717473
vt 0.410563 0.659146
vt 0.410563 0.777232
vt 0.430658 0.659146
vt 0.430658 0.717473
vt 0.430658 0.777232
vt 0.451459 0.659146
vt 0.451459 0.717473
vt 0.451459 0.777232
vt 0.548147 0.798651
vt 0.548147 0.917796
vt 0.498585 0.798651
vt 0.498585 0.930906
vt 0.450702 0.798651
vt 0.548147 0.954064
vt 0.450702 0.936323
vt 0.498585 0.971164
vt 0.400397 0.798651
vt 0.450702 0.978230
vt 0.400397 0.938493
vt 0.350091 0.936323
vt 0.400397 0.981061
vt 0.350092 0.798651
vt 0.350091 0.978230
vt 0.302209 0.930906
vt 0.302209 0.971164
vt 0.302209 0.798651
vt 0.252647 0.954064
vt 0.252647 0.917797
vt 0.252647 0.798651
vt 0.253533 0.798738
vt 0.303095 0.798738
vt 0.253533 0.917883
vt 0.303095 0.930992
vt 0.253533 0.954151
vt 0.350978 0.798738
vt 0.303095 0.971250
vt 0.350978 0.936409
vt 0.401283 0.798738
vt 0.350978 0.978316
vt 0.401283 0.938579
vt 0.451589 0.936409
vt 0.401283 0.981147
vt 0.451589 0.798737
vt 0.451589 0.978316
vt 0.499471 0.930992
vt 0.499471 0.971251
vt 0.499471 0.798737
vt 0.549033 0.954151
vt 0.549033 0.917883
vt 0.549033 0.798737
vt 0.210717 0.724721
vt 0.390042 0.724721
vt 0.251755 0.772169
vt 0.210717 0.874769
vt 0.367206 0.772169
vt 0.251755 0.874770
vt 0.412878 0.772169
vt 0.251755 0.920444
vt 0.527472 0.772169
vt 0.367206 0.874769
vt 0.210717 0.920444
vt 0.565066 0.724721
vt 0.412878 0.874770
vt 0.367206 0.920444
vt 0.565066 0.874769
vt 0.412878 0.920444
vt 0.527472 0.874769
vt 0.527472 0.920444
vt 0.565066 0.920444
vt 0.993529 0.994709
vt 0.600090 0.994710
vt 0.993528 0.652397
vt 0.600090 0.652397
vt 0.616776 0.873815
vt 0.616776 0.922482
vt 0.613603 0.873815
vt 0.613603 0.922482
vt 0.613239 0.917388
vt 0.613239 0.873815
vt 0.616413 0.917388
vt 0.616413 0.873815
vt 0.613220 0.922482
vt 0.613220 0.873815
vt 0.616393 0.922482
vt 0.616393 0.873815
vt 0.616452 0.873815
vt 0.616452 0.917388
vt 0.613279 0.873815
vt 0.613279 0.917388
vt 0.616697 0.873815
vt 0.616697 0.922847
vt 0.613524 0.873815
vt 0.613524 0.922847
vt 0.613530 0.917388
vt 0.613530 0.873815
vt 0.616703 0.917388
vt 0.616703 0.873815
vt 0.613222 0.922847
vt 0.613222 0.873815
vt 0.616395 0.922847
vt 0.616395 0.873815
vt 0.616743 0.873815
vt 0.616743 0.917388
vt 0.613569 0.873815
vt 0.613569 0.917388
vt 0.613609 0.917388
vt 0.613609 0.873815
vt 0.616783 0.917388
vt 0.616783 0.873815
vt 0.616737 0.873815
vt 0.616737 0.922847
vt 0.613563 0.873815
vt 0.613563 0.922847
vt 0.616400 0.873815
vt 0.616400 0.917388
vt 0.613226 0.873815
vt 0.613226 0.917388
vt 0.613273 0.922847
vt 0.613273 0.873815
vt 0.616446 0.922847
vt 0.616446 0.873815
vt 0.613266 0.873815
vt 0.616439 0.873815
vt 0.613266 0.917388
vt 0.616439 0.917388
vt 0.616433 0.873815
vt 0.616433 0.922482
vt 0.613259 0.873815
vt 0.613259 0.922482
vt 0.616690 0.873815
vt 0.616690 0.917388
vt 0.613517 0.873815
vt 0.613517 0.917388
vt 0.613510 0.922482
vt 0.613510 0.873815
vt 0.616684 0.922482
vt 0.616684 0.873815
vt 0.735830 0.576354
vt 0.735830 0.564725
vt 0.895722 0.576354
vt 0.895722 0.564725
vt 0.856359 0.484208
vt 0.761934 0.484208
vt 0.856359 0.473466
vt 0.761934 0.496552
vt 0.761934 0.473466
vt 0.856359 0.496552
vt 0.761934 0.510226
vt 0.856359 0.510226
vt 0.856359 0.524708
vt 0.761934 0.524708
vt 0.761934 0.539189
vt 0.856359 0.539189
vt 0.761934 0.552864
vt 0.856359 0.552864
vt 0.761934 0.565940
vt 0.856359 0.565940
vt 0.856359 0.575950
vt 0.761934 0.575950
vt 0.752500 0.573148
vt 0.657407 0.573148
vt 0.752500 0.562848
vt 0.657407 0.562848
vt 0.657407 0.550890
vt 0.752500 0.550890
vt 0.657407 0.537989
vt 0.752500 0.537989
vt 0.657407 0.523405
vt 0.752500 0.523405
vt 0.752500 0.508821
vt 0.657407 0.508821
vt 0.752500 0.495919
vt 0.657407 0.495919
vt 0.752500 0.483224
vt 0.657407 0.483224
vt 0.752500 0.473662
vt 0.657407 0.473662
vt 0.669767 0.582840
vt 0.687085 0.591103
vt 0.666637 0.594469
vt 0.684827 0.602932
vt 0.707192 0.597529
vt 0.705729 0.609483
vt 0.728884 0.600540
vt 0.728884 0.612583
vt 0.753406 0.602390
vt 0.753406 0.614433
vt 0.777929 0.612583
vt 0.777929 0.600540
vt 0.801084 0.609483
vt 0.799621 0.597529
vt 0.821941 0.602996
vt 0.819683 0.591167
vt 0.840176 0.594469
vt 0.837046 0.582840
vt 0.837046 0.582850
vt 0.840176 0.594479
vt 0.819728 0.591113
vt 0.821986 0.602942
vt 0.799621 0.597539
vt 0.801084 0.609493
vt 0.777929 0.600550
vt 0.777929 0.612593
vt 0.753406 0.602400
vt 0.753406 0.614443
vt 0.728884 0.612593
vt 0.728884 0.600550
vt 0.705729 0.609493
vt 0.707192 0.597539
vt 0.684833 0.602891
vt 0.687091 0.591062
vt 0.666637 0.594479
vt 0.669767 0.582850
vt 0.895723 0.564770
vt 0.895723 0.576399
vt 0.735830 0.564770
vt 0.735830 0.576399
vt 0.658296 0.242189
vt 0.560634 0.242189
vt 0.658296 0.273667
vt 0.560634 0.273667
vt 0.668724 0.233423
vt 0.668724 0.278747
vt 0.766387 0.233423
vt 0.766387 0.278748
vt 0.658296 0.242201
vt 0.560634 0.242201
vt 0.658297 0.273679
vt 0.560634 0.273679
vt 0.867179 0.304534
vt 0.867179 0.336012
vt 0.912504 0.304533
vt 0.912504 0.336012
vt 0.912570 0.335962
vt 0.912570 0.304484
vt 0.867245 0.335962
vt 0.867245 0.304484
vt 0.749958 0.234683
vt 0.749958 0.266162
vt 0.652295 0.234683
vt 0.652295 0.266162
vt 0.510160 0.230108
vt 0.607823 0.230108
vt 0.510160 0.275433
vt 0.607823 0.275433
vt 0.749958 0.234695
vt 0.749958 0.266174
vt 0.652295 0.234695
vt 0.652295 0.266174
vt 0.902067 0.325356
vt 0.947392 0.325356
vt 0.902068 0.356834
vt 0.947392 0.356834
vt 0.947458 0.356784
vt 0.902133 0.356784
vt 0.947458 0.325306
vt 0.902133 0.325306
vt 0.991603 0.186540
vt 0.991603 0.116281
vt 0.958844 0.186540
vt 0.958844 0.116281
vt 0.989062 0.272862
vt 0.989062 0.105550
vt 0.956303 0.272862
vt 0.956303 0.105550
vt 0.959206 0.132240
vt 0.959206 0.172410
vt 0.991966 0.132240
vt 0.991966 0.172410
vt 0.893312 0.337038
vt 0.913424 0.316118
vt 0.963572 0.337038
vt 0.893312 0.169725
vt 0.943452 0.316118
vt 0.913424 0.169669
vt 0.963572 0.296867
vt 0.943452 0.296870
vt 0.871622 0.115429
vt 0.891741 0.136402
vt 0.941882 0.115429
vt 0.871622 0.155600
vt 0.921754 0.136402
vt 0.891741 0.155597
vt 0.941882 0.282742
vt 0.921754 0.282854
vt 0.986193 0.175975
vt 0.986193 0.143216
vt 0.966998 0.175975
vt 0.966945 0.143216
vt 0.992501 0.118740
vt 0.959742 0.118687
vt 0.992501 0.265191
vt 0.959742 0.265136
vt 0.961146 0.133242
vt 0.961147 0.166001
vt 0.991160 0.133242
vt 0.991175 0.166001
vt 0.663612 0.090233
vt 0.673904 0.090233
vt 0.663612 0.338762
vt 0.652204 0.338762
vt 0.673904 0.338762
vt 0.652204 0.090233
vt 0.682071 0.090233
vt 0.682071 0.338762
vt 0.640796 0.338762
vt 0.640796 0.090233
vt 0.630504 0.338762
vt 0.630504 0.090233
vt 0.622337 0.338762
vt 0.622337 0.090233
vt 0.734915 0.338762
vt 0.724624 0.338762
vt 0.734915 0.090233
vt 0.724624 0.090233
vt 0.713215 0.338762
vt 0.713215 0.090233
vt 0.701807 0.338762
vt 0.701807 0.090233
vt 0.691516 0.338762
vt 0.691516 0.090233
vt 0.683349 0.338762
vt 0.683349 0.090233
vt 0.787560 0.338762
vt 0.777268 0.338762
vt 0.787560 0.090233
vt 0.777268 0.090233
vt 0.765860 0.338762
vt 0.765860 0.090233
vt 0.754452 0.338762
vt 0.754452 0.090233
vt 0.744160 0.338762
vt 0.744160 0.090233
vt 0.735993 0.338762
vt 0.735993 0.090233
vt 0.788637 0.090233
vt 0.798929 0.090233
vt 0.788637 0.338762
vt 0.798929 0.338762
vt 0.810337 0.090233
vt 0.810337 0.338762
vt 0.821745 0.090233
vt 0.821745 0.338762
vt 0.832036 0.090233
vt 0.832036 0.338762
vt 0.961619 0.315458
vt 0.895818 0.315458
vt 0.963312 0.304767
vt 0.956705 0.325102
vt 0.894124 0.304767
vt 0.900731 0.325102
vt 0.961619 0.294077
vt 0.908384 0.332755
vt 0.895817 0.294077
vt 0.949052 0.332755
vt 0.900731 0.284434
vt 0.918028 0.337669
vt 0.956705 0.284434
vt 0.939408 0.337669
vt 0.928718 0.339362
vt 0.949052 0.276780
vt 0.908384 0.276780
vt 0.939408 0.271867
vt 0.918028 0.271867
vt 0.928718 0.270173
vt 0.518197 0.311912
vt 0.519907 0.301114
vt 0.588081 0.311912
vt 0.519907 0.322710
vt 0.586371 0.301114
vt 0.586371 0.322710
vt 0.581408 0.291373
vt 0.524870 0.332451
vt 0.524870 0.291373
vt 0.581408 0.332451
vt 0.573678 0.283643
vt 0.532600 0.340181
vt 0.532600 0.283643
vt 0.573678 0.340181
vt 0.563937 0.278679
vt 0.542341 0.345145
vt 0.542341 0.278679
vt 0.553139 0.276969
vt 0.563937 0.345145
vt 0.553139 0.346855
vt 0.609247 0.252859
vt 0.614841 0.217536
vt 0.637439 0.252859
vt 0.641653 0.279469
vt 0.641653 0.226248
vt 0.614841 0.288181
vt 0.631077 0.185671
vt 0.653885 0.303475
vt 0.653885 0.202242
vt 0.631077 0.320046
vt 0.656365 0.160383
vt 0.672935 0.322526
vt 0.672935 0.183191
vt 0.656365 0.345334
vt 0.688229 0.144147
vt 0.696941 0.334758
vt 0.696941 0.170959
vt 0.688229 0.361570
vt 0.723551 0.138552
vt 0.723551 0.338972
vt 0.723551 0.166745
vt 0.723551 0.367164
vt 0.758873 0.144147
vt 0.750162 0.334758
vt 0.750162 0.170959
vt 0.758873 0.361570
vt 0.790738 0.160383
vt 0.774167 0.322526
vt 0.774167 0.183191
vt 0.790738 0.345334
vt 0.816026 0.185671
vt 0.793218 0.303475
vt 0.793218 0.202242
vt 0.816026 0.320046
vt 0.832261 0.217536
vt 0.805449 0.279469
vt 0.805449 0.226248
vt 0.832262 0.288181
vt 0.837856 0.252858
vt 0.809664 0.252858
vt 0.540996 0.221905
vt 0.535401 0.186583
vt 0.567898 0.213164
vt 0.580116 0.237143
vt 0.563688 0.186583
vt 0.557231 0.253771
vt 0.540995 0.151260
vt 0.599146 0.256173
vt 0.567898 0.160002
vt 0.582519 0.279058
vt 0.557231 0.119395
vt 0.623125 0.268392
vt 0.580116 0.136022
vt 0.614384 0.295295
vt 0.582519 0.094107
vt 0.649706 0.272602
vt 0.599146 0.116992
vt 0.649706 0.300889
vt 0.614384 0.077871
vt 0.676287 0.268391
vt 0.623125 0.104775
vt 0.685028 0.295295
vt 0.649706 0.072277
vt 0.700265 0.256173
vt 0.649706 0.100565
vt 0.716892 0.279058
vt 0.685028 0.077871
vt 0.719295 0.237143
vt 0.676287 0.104775
vt 0.742180 0.253771
vt 0.716892 0.094107
vt 0.731513 0.213164
vt 0.700265 0.116992
vt 0.758416 0.221905
vt 0.742180 0.119395
vt 0.735723 0.186583
vt 0.719295 0.136022
vt 0.764010 0.186583
vt 0.758416 0.151260
vt 0.731513 0.160002
vt 0.279742 0.721914
vt 0.283956 0.695303
vt 0.292659 0.721914
vt 0.296241 0.744533
vt 0.296241 0.699295
vt 0.283956 0.748524
vt 0.296188 0.671297
vt 0.306638 0.764938
vt 0.306638 0.678890
vt 0.296188 0.772530
vt 0.315239 0.652246
vt 0.322831 0.781131
vt 0.322831 0.662696
vt 0.315239 0.791581
vt 0.339244 0.640015
vt 0.343236 0.791528
vt 0.343236 0.652300
vt 0.339244 0.803813
vt 0.365854 0.635800
vt 0.365854 0.795110
vt 0.365854 0.648717
vt 0.365854 0.808027
vt 0.392465 0.640014
vt 0.388473 0.791528
vt 0.388473 0.652299
vt 0.392465 0.803813
vt 0.416470 0.652246
vt 0.408878 0.781131
vt 0.408878 0.662696
vt 0.416470 0.791581
vt 0.435521 0.671297
vt 0.425071 0.764938
vt 0.425071 0.678890
vt 0.435521 0.772530
vt 0.447752 0.695303
vt 0.435468 0.744533
vt 0.435468 0.699295
vt 0.447752 0.748524
vt 0.451967 0.721914
vt 0.439050 0.721914
vt 0.238667 0.517757
vt 0.242249 0.495137
vt 0.276920 0.517757
vt 0.278630 0.528554
vt 0.278630 0.506959
vt 0.242249 0.540376
vt 0.252646 0.474732
vt 0.283593 0.538295
vt 0.283593 0.497218
vt 0.252646 0.560781
vt 0.268839 0.458539
vt 0.291324 0.546026
vt 0.291324 0.489487
vt 0.268839 0.576974
vt 0.289244 0.448142
vt 0.301065 0.550989
vt 0.301065 0.484524
vt 0.289244 0.587371
vt 0.311862 0.444560
vt 0.311862 0.552699
vt 0.311862 0.482814
vt 0.311862 0.590953
vt 0.334481 0.448142
vt 0.322660 0.550989
vt 0.322660 0.484524
vt 0.334481 0.587371
vt 0.354886 0.458539
vt 0.332401 0.546026
vt 0.332401 0.489487
vt 0.354886 0.576974
vt 0.371079 0.474732
vt 0.340131 0.538295
vt 0.340131 0.497218
vt 0.371079 0.560781
vt 0.381476 0.495137
vt 0.345094 0.528554
vt 0.345094 0.506959
vt 0.381476 0.540376
vt 0.385058 0.517756
vt 0.346805 0.517756
vt 0.273946 0.902298
vt 0.269736 0.875716
vt 0.286217 0.898310
vt 0.296603 0.918693
vt 0.282639 0.875716
vt 0.286164 0.926277
vt 0.273946 0.849135
vt 0.312778 0.934868
vt 0.286217 0.853122
vt 0.305194 0.945307
vt 0.286164 0.825156
vt 0.333160 0.945254
vt 0.296603 0.832740
vt 0.329173 0.957525
vt 0.305194 0.806126
vt 0.355754 0.948832
vt 0.312778 0.816564
vt 0.355754 0.961735
vt 0.329173 0.793908
vt 0.378347 0.945254
vt 0.333160 0.806179
vt 0.382335 0.957525
vt 0.355754 0.789698
vt 0.398729 0.934868
vt 0.355754 0.802601
vt 0.406313 0.945307
vt 0.382335 0.793908
vt 0.414905 0.918693
vt 0.378347 0.806179
vt 0.425343 0.926277
vt 0.406313 0.806126
vt 0.425290 0.898310
vt 0.398729 0.816564
vt 0.437561 0.902298
vt 0.425343 0.825156
vt 0.428868 0.875716
vt 0.414905 0.832740
vt 0.441771 0.875716
vt 0.437561 0.849135
vt 0.425290 0.853122
vt 0.240818 0.540071
vt 0.237240 0.517477
vt 0.277454 0.528167
vt 0.282368 0.537811
vt 0.275761 0.517477
vt 0.251203 0.560454
vt 0.240818 0.494883
vt 0.290021 0.545464
vt 0.277454 0.506787
vt 0.267379 0.576629
vt 0.251203 0.474501
vt 0.299664 0.550378
vt 0.282367 0.497143
vt 0.287761 0.587015
vt 0.267379 0.458325
vt 0.310354 0.552072
vt 0.290021 0.489490
vt 0.310354 0.590593
vt 0.287761 0.447940
vt 0.321045 0.550378
vt 0.299664 0.484576
vt 0.332948 0.587014
vt 0.310354 0.444362
vt 0.330688 0.545464
vt 0.310354 0.482883
vt 0.353330 0.576629
vt 0.332948 0.447940
vt 0.338341 0.537811
vt 0.321045 0.484576
vt 0.369506 0.560454
vt 0.353330 0.458325
vt 0.343255 0.528167
vt 0.330688 0.489490
vt 0.379891 0.540071
vt 0.369506 0.474501
vt 0.344948 0.517477
vt 0.338341 0.497143
vt 0.383469 0.517477
vt 0.379891 0.494883
vt 0.343255 0.506787
vt 0.318258 0.536198
vt 0.293180 0.535686
vt 0.312395 0.526049
vt 0.327669 0.486478
vt 0.298097 0.525856
vt 0.355429 0.475410
vt 0.285649 0.525689
vt 0.285177 0.475344
vt 0.268285 0.525455
vt 0.300978 0.486415
vt 0.251529 0.534836
vt 0.272313 0.486347
vt 0.243133 0.486278
vt 0.215470 0.475279
vt 0.270356 0.557635
vt 0.280055 0.569381
vt 0.440869 0.458381
vt 0.489166 0.458381
vt 0.428572 0.519152
vt 0.368447 0.458381
vt 0.489166 0.580397
vt 0.556430 0.454190
vt 0.556430 0.517363
vt 0.496395 0.454190
vt 0.496395 0.576207
vt 0.482296 0.663710
vt 0.446940 0.755303
vt 0.420514 0.663564
vt 0.413845 0.754858
vt 0.273087 0.662266
vt 0.338776 0.662422
vt 0.329707 0.750459
vt 0.368797 0.750986
vt 0.208528 0.455445
vt 0.155107 0.518899
vt 0.201638 0.455140
vt 0.148073 0.518899
vt 0.163497 0.496444
vt 0.184143 0.476290
vt 0.170531 0.497818
vt 0.188887 0.480871
vt 0.200717 0.457268
vt 0.202492 0.461667
vt 0.155163 0.514766
vt 0.156938 0.519166
vt 0.197141 0.464193
vt 0.198464 0.471082
vt 0.159617 0.501982
vt 0.164197 0.506726
vt 0.150369 0.510598
vt 0.191337 0.469126
vt 0.157903 0.510161
vt 0.198119 0.470807
vt 0.148174 0.519952
vt 0.200748 0.456193
vt 0.154956 0.520437
vt 0.208329 0.455709
vt 0.165460 0.503955
vt 0.165941 0.495371
vt 0.190534 0.479479
vt 0.188647 0.471897
vt 0.147888 0.525542
vt 0.147403 0.518008
vt 0.211648 0.456476
vt 0.212132 0.447892
vt 0.657630 0.274146
vt 0.650915 0.274146
vt 0.657630 0.155304
vt 0.650915 0.155304
vt 0.637598 0.096333
vt 0.627396 0.096333
vt 0.637598 0.270724
vt 0.627396 0.270724
vt 0.667946 0.108861
vt 0.660144 0.109418
vt 0.667031 0.096111
vt 0.648627 0.097429
vt 0.660840 0.096183
vt 0.649324 0.089933
vt 0.660840 0.077944
vt 0.649323 0.270473
vt 0.660839 0.266756
vt 0.660839 0.282463
vt 0.665353 0.132456
vt 0.651432 0.119896
vt 0.660835 0.286143
vt 0.648845 0.274627
vt 0.649860 0.265107
vt 0.663218 0.265201
vt 0.649860 0.277245
vt 0.663218 0.152566
vt 0.663218 0.277245
vt 0.649860 0.152271
vt 0.663218 0.141259
vt 0.649860 0.141259
vt 0.757802 0.100596
vt 0.778612 0.100596
vt 0.757802 0.080505
vt 0.778612 0.080505
vt 0.834371 0.138197
vt 0.988973 0.138197
vt 0.834371 0.251458
vt 0.988973 0.251458
vt 0.826353 0.129705
vt 0.837760 0.112739
vt 0.837760 0.129705
vt 0.681532 0.112739
vt 0.681532 0.127185
vt 0.826352 0.258115
vt 0.681531 0.261477
vt 0.681531 0.274582
vt 0.837760 0.274583
vt 0.837760 0.258115
vt 0.873101 0.081214
vt 0.675677 0.081214
vt 0.873101 0.101305
vt 0.675677 0.101305
vt 0.646508 0.116320
vt 0.659210 0.117745
vt 0.660835 0.088720
vt 0.648846 0.103135
vt 0.757173 0.080505
vt 0.757173 0.100596
vt 0.536703 0.315317
vt 0.684567 0.315317
vt 0.536703 0.374966
vt 0.684567 0.374966
vt 0.514608 0.212034
vt 0.507738 0.212034
vt 0.514608 0.203316
vt 0.507738 0.218953
vt 0.514608 0.218953
vt 0.507738 0.203316
vt 0.507738 0.193652
vt 0.514608 0.193652
vt 0.507738 0.183987
vt 0.514608 0.183987
vt 0.507738 0.175269
vt 0.514608 0.175269
vt 0.501918 0.744178
vt 0.497541 0.743985
vt 0.501945 0.730160
vt 0.497541 0.754957
vt 0.501945 0.754957
vt 0.497541 0.730160
vt 0.497541 0.714836
vt 0.501945 0.714836
vt 0.497541 0.699511
vt 0.501945 0.699511
vt 0.497541 0.685686
vt 0.501945 0.685686
vt 0.497541 0.674714
vt 0.501945 0.674714
vt 0.485715 0.229423
vt 0.485715 0.170702
vt 0.495832 0.234578
vt 0.477686 0.221394
vt 0.495832 0.165547
vt 0.477686 0.178731
vt 0.507047 0.236354
vt 0.472531 0.188848
vt 0.507047 0.163771
vt 0.472531 0.211278
vt 0.470755 0.200063
vt 0.518262 0.234578
vt 0.518262 0.165547
vt 0.528379 0.170702
vt 0.528379 0.229423
vt 0.536407 0.221394
vt 0.536407 0.178731
vt 0.541562 0.211278
vt 0.541562 0.188848
vt 0.543338 0.200063
vt 0.513484 0.183996
vt 0.513484 0.193669
vt 0.507972 0.183996
vt 0.507972 0.175269
vt 0.513484 0.175269
vt 0.507972 0.193669
vt 0.513484 0.203343
vt 0.507972 0.203343
vt 0.513484 0.212069
vt 0.507972 0.212069
vt 0.513484 0.218994
vt 0.507972 0.218994
vt 0.507789 0.192833
vt 0.507789 0.183159
vt 0.513300 0.192833
vt 0.513300 0.202506
vt 0.513300 0.183159
vt 0.507789 0.202506
vt 0.507789 0.174433
vt 0.513300 0.174433
vt 0.513300 0.211232
vt 0.507789 0.211232
vt 0.513300 0.218158
vt 0.507789 0.218158
vt 0.513277 0.192414
vt 0.513277 0.202087
vt 0.507766 0.192414
vt 0.507766 0.182741
vt 0.507766 0.202087
vt 0.513277 0.182741
vt 0.513277 0.210813
vt 0.507766 0.210813
vt 0.507766 0.174014
vt 0.513277 0.174014
vt 0.508219 0.198502
vt 0.508218 0.188829
vt 0.513730 0.198502
vt 0.513730 0.208176
vt 0.513730 0.188829
vt 0.508218 0.208176
vt 0.508219 0.180103
vt 0.513730 0.216902
vt 0.513730 0.180103
vt 0.508219 0.216902
vt 0.508219 0.173178
vt 0.513730 0.173178
vt 0.513730 0.223827
vt 0.508219 0.223827
vt 0.515040 0.183151
vt 0.515040 0.192815
vt 0.508170 0.183151
vt 0.508170 0.174433
vt 0.515040 0.174433
vt 0.508170 0.192815
vt 0.515040 0.202479
vt 0.508170 0.202479
vt 0.515040 0.211197
vt 0.508170 0.211197
vt 0.515040 0.218116
vt 0.508170 0.218116
vt 0.508159 0.192814
vt 0.508159 0.183151
vt 0.515029 0.192814
vt 0.515029 0.202478
vt 0.515028 0.183151
vt 0.508159 0.202478
vt 0.508159 0.174433
vt 0.515028 0.174433
vt 0.515029 0.211196
vt 0.508159 0.211196
vt 0.514645 0.216442
vt 0.514645 0.223360
vt 0.507775 0.216442
vt 0.507775 0.207724
vt 0.507775 0.223360
vt 0.514645 0.207724
vt 0.507775 0.198060
vt 0.514645 0.198060
vt 0.507775 0.188396
vt 0.514645 0.188396
vt 0.507775 0.179678
vt 0.514645 0.179678
vt 0.507775 0.172759
vt 0.514645 0.172759
vt 0.375228 0.736876
vt 0.392389 0.739594
vt 0.375228 0.743812
vt 0.360210 0.746190
vt 0.390246 0.746190
vt 0.358067 0.739594
vt 0.407871 0.747483
vt 0.346662 0.753093
vt 0.403794 0.753093
vt 0.342586 0.747483
vt 0.420156 0.759769
vt 0.330300 0.759769
vt 0.414546 0.763845
vt 0.335910 0.763845
vt 0.428045 0.775250
vt 0.329008 0.777393
vt 0.421449 0.777393
vt 0.322412 0.775250
vt 0.430763 0.792411
vt 0.326629 0.792411
vt 0.423827 0.792411
vt 0.319693 0.792411
vt 0.428045 0.809572
vt 0.329008 0.807429
vt 0.421449 0.807429
vt 0.322412 0.809572
vt 0.420156 0.825053
vt 0.335910 0.820977
vt 0.414546 0.820977
vt 0.330300 0.825053
vt 0.407870 0.837339
vt 0.346662 0.831729
vt 0.403794 0.831729
vt 0.342586 0.837339
vt 0.392389 0.845227
vt 0.360210 0.838632
vt 0.390246 0.838632
vt 0.358067 0.845227
vt 0.375228 0.847945
vt 0.375228 0.841010
vt 0.409618 0.889523
vt 0.378845 0.894397
vt 0.405751 0.877621
vt 0.430023 0.865253
vt 0.378845 0.881882
vt 0.437379 0.875378
vt 0.348072 0.889523
vt 0.449286 0.845991
vt 0.351939 0.877621
vt 0.459410 0.853346
vt 0.320311 0.875378
vt 0.461653 0.821718
vt 0.327666 0.865253
vt 0.473555 0.825585
vt 0.298280 0.853346
vt 0.465914 0.794812
vt 0.308404 0.845991
vt 0.478429 0.794812
vt 0.284135 0.825585
vt 0.461653 0.767906
vt 0.296036 0.821718
vt 0.473555 0.764039
vt 0.279261 0.794812
vt 0.449286 0.743634
vt 0.291775 0.794812
vt 0.459410 0.736278
vt 0.284135 0.764039
vt 0.430023 0.724372
vt 0.296036 0.767906
vt 0.437379 0.714247
vt 0.298280 0.736278
vt 0.405751 0.712004
vt 0.308404 0.743634
vt 0.409618 0.700103
vt 0.320311 0.714247
vt 0.378845 0.707743
vt 0.327666 0.724372
vt 0.378845 0.695229
vt 0.348072 0.700103
vt 0.351939 0.712004
vt 0.502138 0.694596
vt 0.502138 0.709859
vt 0.497609 0.694596
vt 0.497609 0.680826
vt 0.497609 0.709859
vt 0.502138 0.680826
vt 0.502138 0.725124
vt 0.497609 0.669898
vt 0.502138 0.669898
vt 0.497609 0.725124
vt 0.502138 0.738893
vt 0.497609 0.738893
vt 0.502138 0.749821
vt 0.497609 0.749821
vt 0.502923 0.709859
vt 0.502923 0.694596
vt 0.507452 0.709859
vt 0.507452 0.725123
vt 0.507452 0.694596
vt 0.502923 0.725123
vt 0.502923 0.680826
vt 0.507452 0.738893
vt 0.507452 0.680826
vt 0.502923 0.738893
vt 0.502923 0.669898
vt 0.507452 0.669898
vt 0.507452 0.749821
vt 0.502923 0.749821
vt 0.507312 0.698932
vt 0.507312 0.714196
vt 0.502782 0.698932
vt 0.502782 0.683668
vt 0.502782 0.714196
vt 0.507312 0.683668
vt 0.507312 0.727966
vt 0.502782 0.727966
vt 0.502782 0.669898
vt 0.507312 0.669898
vt 0.497469 0.698932
vt 0.497469 0.683668
vt 0.501998 0.698932
vt 0.501998 0.714196
vt 0.501998 0.683668
vt 0.497469 0.714196
vt 0.497469 0.669898
vt 0.501998 0.669898
vt 0.501998 0.727966
vt 0.497469 0.727966
vt 0.507259 0.699511
vt 0.507259 0.714835
vt 0.502854 0.699511
vt 0.502854 0.685686
vt 0.502854 0.714835
vt 0.507259 0.685686
vt 0.507259 0.730160
vt 0.502854 0.674714
vt 0.507259 0.674714
vt 0.502854 0.730160
vt 0.507259 0.743985
vt 0.502854 0.743985
vt 0.507259 0.754957
vt 0.502854 0.754957
vt 0.502714 0.703864
vt 0.502714 0.688539
vt 0.507118 0.703864
vt 0.507118 0.719190
vt 0.507118 0.688539
vt 0.502714 0.719190
vt 0.502714 0.674714
vt 0.507118 0.674714
vt 0.507118 0.733015
vt 0.502714 0.733015
vt 0.501805 0.703864
vt 0.501805 0.719190
vt 0.497400 0.703864
vt 0.497400 0.688539
vt 0.497400 0.719190
vt 0.501805 0.688539
vt 0.501805 0.733015
vt 0.497400 0.733015
vt 0.497400 0.674714
vt 0.501805 0.674714
vt 0.552341 0.043741
vt 0.570697 0.046648
vt 0.552341 0.058726
vt 0.538615 0.060899
vt 0.566066 0.060899
vt 0.533984 0.046648
vt 0.587256 0.055085
vt 0.526233 0.067208
vt 0.578448 0.067208
vt 0.517425 0.055085
vt 0.600397 0.068227
vt 0.516407 0.077035
vt 0.588274 0.077035
vt 0.504284 0.068227
vt 0.608835 0.084786
vt 0.510098 0.089417
vt 0.594583 0.089417
vt 0.495847 0.084786
vt 0.611742 0.103142
vt 0.507924 0.103142
vt 0.596757 0.103142
vt 0.492939 0.103142
vt 0.608835 0.121498
vt 0.510098 0.116868
vt 0.594583 0.116868
vt 0.495847 0.121498
vt 0.600397 0.138057
vt 0.516407 0.129249
vt 0.588274 0.129250
vt 0.504284 0.138057
vt 0.587256 0.151199
vt 0.526233 0.139076
vt 0.578448 0.139076
vt 0.517425 0.151199
vt 0.570697 0.159636
vt 0.538615 0.145385
vt 0.566066 0.145385
vt 0.533985 0.159636
vt 0.552341 0.162544
vt 0.552341 0.147559
vt 0.570502 0.159104
vt 0.552308 0.161986
vt 0.566386 0.146439
vt 0.579086 0.139968
vt 0.552308 0.148668
vt 0.586914 0.150742
vt 0.534115 0.159104
vt 0.589165 0.129889
vt 0.538230 0.146439
vt 0.599939 0.137717
vt 0.517702 0.150742
vt 0.595636 0.117189
vt 0.525530 0.139968
vt 0.608302 0.121304
vt 0.504677 0.137717
vt 0.597866 0.103110
vt 0.515451 0.129889
vt 0.611183 0.103110
vt 0.496314 0.121304
vt 0.595636 0.089032
vt 0.508980 0.117189
vt 0.608302 0.084917
vt 0.493433 0.103110
vt 0.589165 0.076332
vt 0.506750 0.103110
vt 0.599939 0.068504
vt 0.496314 0.084917
vt 0.579086 0.066254
vt 0.508980 0.089032
vt 0.586914 0.055479
vt 0.504677 0.068504
vt 0.566386 0.059783
vt 0.515451 0.076332
vt 0.570502 0.047117
vt 0.517702 0.055479
vt 0.552308 0.057553
vt 0.525530 0.066254
vt 0.552308 0.044235
vt 0.534115 0.047117
vt 0.538230 0.059783
vt 0.774034 0.290050
vt 0.774272 0.295148
vt 0.719448 0.290050
vt 0.790145 0.290050
vt 0.759840 0.302594
vt 0.790270 0.292583
vt 0.748387 0.314190
vt 0.806393 0.290050
vt 0.719448 0.349699
vt 0.806267 0.295148
vt 0.741034 0.328803
vt 0.863702 0.290050
vt 0.732584 0.345657
vt 0.820699 0.302594
vt 0.738500 0.345001
vt 0.832152 0.314190
vt 0.732584 0.362749
vt 0.863702 0.334133
vt 0.741034 0.361199
vt 0.839505 0.328803
vt 0.747444 0.373938
vt 0.842039 0.345001
vt 0.719448 0.373938
vt 0.720097 0.364424
vt 0.863702 0.373938
vt 0.839505 0.361199
vt 0.833095 0.373938
vt 0.863997 0.290125
vt 0.839800 0.302863
vt 0.833390 0.290125
vt 0.842334 0.319062
vt 0.863996 0.329930
vt 0.839800 0.335260
vt 0.832447 0.349873
vt 0.863996 0.374013
vt 0.820994 0.361469
vt 0.806562 0.368915
vt 0.806424 0.374013
vt 0.790564 0.371480
vt 0.790596 0.374013
vt 0.774567 0.368915
vt 0.774197 0.374013
vt 0.719743 0.374013
vt 0.760135 0.361469
vt 0.748682 0.349873
vt 0.719743 0.314364
vt 0.741328 0.335260
vt 0.732878 0.318406
vt 0.738795 0.319062
vt 0.732878 0.301314
vt 0.741328 0.302863
vt 0.747738 0.290125
vt 0.719743 0.290125
vt 0.720392 0.299764
vt 0.684391 0.330779
vt 0.536527 0.330779
vt 0.684391 0.290973
vt 0.536527 0.374862
vt 0.536527 0.290974
vt 0.684391 0.374862
vt 0.797543 0.040415
vt 0.812855 0.042030
vt 0.797542 0.042018
vt 0.815110 0.040429
vt 0.779975 0.042004
vt 0.815109 0.042057
vt 0.779976 0.040402
vt 0.832677 0.040441
vt 0.812845 0.056042
vt 0.762408 0.041991
vt 0.832665 0.057617
vt 0.815098 0.056104
vt 0.762410 0.040388
vt 0.850243 0.040453
vt 0.815097 0.057605
vt 0.744842 0.041976
vt 0.850232 0.057630
vt 0.797530 0.057591
vt 0.744843 0.040374
vt 0.867810 0.040464
vt 0.797531 0.056030
vt 0.727275 0.041963
vt 0.867800 0.057641
vt 0.779963 0.057577
vt 0.727276 0.040360
vt 0.885377 0.040474
vt 0.779964 0.056016
vt 0.709709 0.041950
vt 0.885368 0.057651
vt 0.762396 0.057563
vt 0.709710 0.040347
vt 0.902945 0.040483
vt 0.762398 0.056002
vt 0.692142 0.041938
vt 0.902936 0.057660
vt 0.744830 0.057549
vt 0.692143 0.040335
vt 0.920511 0.042145
vt 0.744831 0.055988
vt 0.674575 0.041927
vt 0.920512 0.040491
vt 0.727264 0.057535
vt 0.920505 0.056074
vt 0.674576 0.040325
vt 0.727265 0.055974
vt 0.920504 0.057668
vt 0.922765 0.042095
vt 0.709698 0.057522
vt 0.657008 0.041919
vt 0.922759 0.056108
vt 0.709699 0.055961
vt 0.657009 0.040317
vt 0.692132 0.057510
vt 0.938072 0.057675
vt 0.639441 0.041914
vt 0.692133 0.055949
vt 0.938073 0.056114
vt 0.938079 0.040499
vt 0.674568 0.057500
vt 0.955640 0.056122
vt 0.938079 0.042102
vt 0.674568 0.055939
vt 0.639442 0.040312
vt 0.955647 0.040506
vt 0.657003 0.057492
vt 0.955640 0.057683
vt 0.955646 0.042109
vt 0.657003 0.055931
vt 0.621876 0.041914
vt 0.973214 0.040514
vt 0.639438 0.057487
vt 0.973208 0.056129
vt 0.973214 0.042116
vt 0.621876 0.040312
vt 0.639439 0.055926
vt 0.973207 0.057690
vt 0.621874 0.057485
vt 0.621873 0.055926
vt 0.507185 0.163165
vt 0.518374 0.164937
vt 0.507185 0.235578
vt 0.495997 0.164937
vt 0.518374 0.233806
vt 0.495997 0.233806
vt 0.528467 0.228663
vt 0.485904 0.170080
vt 0.528467 0.170080
vt 0.485904 0.228663
vt 0.536477 0.220653
vt 0.477894 0.178090
vt 0.536477 0.178090
vt 0.477894 0.220653
vt 0.541620 0.210560
vt 0.472751 0.188183
vt 0.541620 0.188183
vt 0.543392 0.199372
vt 0.472751 0.210560
vt 0.470979 0.199371
vt 0.569860 0.299141
vt 0.645815 0.299141
vt 0.569860 0.314862
vt 0.645815 0.314862
vt 0.569860 0.373240
vt 0.569860 0.358860
vt 0.645815 0.373240
vt 0.645815 0.358860
vt 0.684567 0.300625
vt 0.536892 0.302838
vt 0.684567 0.291078
vt 0.536703 0.291078
vt 0.627064 0.092449
vt 0.627081 0.082999
vt 0.637282 0.082999
vt 0.637282 0.263540
vt 0.626893 0.254720
vt 0.396364 0.586272
vt 0.379827 0.577846
vt 0.403253 0.565069
vt 0.414695 0.566882
vt 0.392931 0.559810
vt 0.414695 0.589175
vt 0.366703 0.564722
vt 0.426137 0.565069
vt 0.384739 0.551619
vt 0.433026 0.586272
vt 0.358277 0.548185
vt 0.436459 0.559810
vt 0.379480 0.541296
vt 0.449563 0.577846
vt 0.355374 0.529854
vt 0.444651 0.551619
vt 0.377667 0.529854
vt 0.462687 0.564722
vt 0.358277 0.511523
vt 0.449910 0.541296
vt 0.379480 0.518412
vt 0.471112 0.548186
vt 0.366703 0.494986
vt 0.451722 0.529854
vt 0.384739 0.508090
vt 0.474016 0.529854
vt 0.379827 0.481863
vt 0.449910 0.518412
vt 0.392931 0.499898
vt 0.471112 0.511523
vt 0.396364 0.473437
vt 0.444651 0.508090
vt 0.403253 0.494639
vt 0.462687 0.494986
vt 0.414695 0.470533
vt 0.436459 0.499898
vt 0.414695 0.492826
vt 0.449563 0.481863
vt 0.433026 0.473437
vt 0.426137 0.494639
vt 0.413566 0.575445
vt 0.398548 0.573066
vt 0.413566 0.557715
vt 0.423105 0.556204
vt 0.404027 0.556204
vt 0.428584 0.573066
vt 0.385000 0.566163
vt 0.431711 0.551819
vt 0.395422 0.551820
vt 0.442132 0.566163
vt 0.374249 0.555412
vt 0.438540 0.544990
vt 0.388592 0.544990
vt 0.452884 0.555412
vt 0.367346 0.541864
vt 0.442925 0.536385
vt 0.384208 0.536385
vt 0.459787 0.541864
vt 0.364967 0.526846
vt 0.444435 0.526846
vt 0.382697 0.526846
vt 0.462165 0.526846
vt 0.367346 0.511828
vt 0.442925 0.517307
vt 0.384208 0.517307
vt 0.459787 0.511828
vt 0.374249 0.498280
vt 0.438540 0.508701
vt 0.388592 0.508701
vt 0.452884 0.498280
vt 0.395422 0.501872
vt 0.431711 0.501872
vt 0.385000 0.487528
vt 0.442132 0.487528
vt 0.398548 0.480625
vt 0.423105 0.497487
vt 0.404027 0.497487
vt 0.428584 0.480625
vt 0.413566 0.478247
vt 0.413566 0.495976
vt 0.867330 0.337007
vt 0.867410 0.347250
vt 0.835033 0.336751
vt 0.837324 0.332255
vt 0.833370 0.347250
vt 0.899659 0.336751
vt 0.835033 0.357750
vt 0.897365 0.332250
vt 0.867391 0.357750
vt 0.901322 0.347250
vt 0.839859 0.367221
vt 0.899659 0.357750
vt 0.867373 0.367221
vt 0.894833 0.367221
vt 0.847375 0.374737
vt 0.887316 0.374737
vt 0.867358 0.374737
vt 0.856847 0.379563
vt 0.877845 0.379563
vt 0.867349 0.379563
vt 0.725096 0.311776
vt 0.721692 0.333271
vt 0.659524 0.311776
vt 0.721692 0.290282
vt 0.716996 0.342486
vt 0.658821 0.295666
vt 0.655506 0.332747
vt 0.637734 0.297472
vt 0.711812 0.270892
vt 0.632339 0.331530
vt 0.629631 0.336845
vt 0.653361 0.278145
vt 0.696424 0.255504
vt 0.632339 0.263414
vt 0.648163 0.261461
vt 0.677033 0.245624
vt 0.634045 0.245624
vt 0.625495 0.249980
vt 0.655539 0.242220
vt 0.649348 0.268085
vt 0.653108 0.268085
vt 0.649613 0.264099
vt 0.653108 0.291120
vt 0.653108 0.264099
vt 0.648241 0.291120
vt 0.596427 0.264099
vt 0.596427 0.268085
vt 0.647670 0.268085
vt 0.596427 0.291120
vt 0.653108 0.258012
vt 0.647692 0.245049
vt 0.596427 0.245049
vt 0.847868 0.245049
vt 0.647421 0.222013
vt 0.847868 0.222013
vt 0.847868 0.258012
vt 0.596427 0.222013
vt 0.647421 0.198978
vt 0.596427 0.198978
vt 0.847868 0.198978
vt 0.596427 0.175942
vt 0.647421 0.175942
vt 0.847868 0.175942
vt 0.596427 0.152906
vt 0.647421 0.152906
vt 0.847868 0.152906
vt 0.596427 0.129871
vt 0.647421 0.129871
vt 0.847868 0.129871
vt 0.596427 0.106835
vt 0.647421 0.106835
vt 0.847868 0.106835
vt 0.596427 0.083798
vt 0.647421 0.083798
vt 0.847868 0.083798
vt 0.596427 0.060762
vt 0.647421 0.060762
vt 0.847868 0.060762
vt 0.596427 0.083798
vt 0.647421 0.083798
vt 0.847868 0.083798
vt 0.596427 0.106833
vt 0.647421 0.106833
vt 0.847868 0.106833
vt 0.596427 0.129869
vt 0.647421 0.129869
vt 0.847868 0.129869
vt 0.647421 0.149147
vt 0.596427 0.149147
vt 0.847868 0.149147
vt 0.692254 0.302150
vt 0.683921 0.288664
vt 0.694407 0.288555
vt 0.685426 0.316716
vt 0.686939 0.281079
vt 0.694407 0.315746
vt 0.598879 0.270223
vt 0.697374 0.282732
vt 0.700656 0.328010
vt 0.588977 0.289656
vt 0.642474 0.258423
vt 0.695225 0.337118
vt 0.585565 0.311198
vt 0.614301 0.254800
vt 0.630564 0.246514
vt 0.588977 0.332740
vt 0.710389 0.337743
vt 0.598879 0.352173
vt 0.711674 0.352173
vt 0.717246 0.341237
vt 0.614301 0.367595
vt 0.696251 0.367595
vt 0.633734 0.377497
vt 0.676818 0.377497
vt 0.655276 0.380909
vt 0.676818 0.244833
vt 0.633734 0.244833
vt 0.655276 0.241421
vt 0.614301 0.254735
vt 0.696251 0.254735
vt 0.598879 0.270157
vt 0.711674 0.270157
vt 0.588977 0.289590
vt 0.721575 0.289590
vt 0.724987 0.311132
vt 0.585565 0.311132
vt 0.694753 0.332674
vt 0.721575 0.332674
vt 0.588977 0.332674
vt 0.719862 0.336036
vt 0.598879 0.352107
vt 0.686939 0.341251
vt 0.642474 0.363907
vt 0.614301 0.367529
vt 0.630564 0.375816
vt 0.876526 0.268085
vt 0.876526 0.257136
vt 0.819139 0.268085
vt 0.819143 0.291120
vt 0.819139 0.257136
vt 0.876530 0.291120
vt 0.593432 0.268085
vt 0.819143 0.268085
vt 0.593432 0.291120
vt 0.593432 0.257136
vt 0.876529 0.268085
vt 0.593436 0.268085
vt 0.819143 0.245049
vt 0.593436 0.245049
vt 0.876529 0.245049
vt 0.593436 0.222013
vt 0.819143 0.222013
vt 0.876529 0.222013
vt 0.593435 0.198978
vt 0.819142 0.198978
vt 0.876529 0.198978
vt 0.593435 0.175942
vt 0.819142 0.175942
vt 0.876529 0.175942
vt 0.818602 0.152906
vt 0.876528 0.152906
vt 0.593435 0.152906
vt 0.819405 0.129871
vt 0.811444 0.142749
vt 0.876528 0.129871
vt 0.593435 0.142749
vt 0.820143 0.106835
vt 0.811444 0.129871
vt 0.876528 0.106835
vt 0.811444 0.106835
vt 0.820747 0.083798
vt 0.876528 0.083798
vt 0.811444 0.083798
vt 0.876528 0.060762
vt 0.818764 0.060762
vt 0.876527 0.083798
vt 0.811444 0.060762
vt 0.816011 0.083798
vt 0.876527 0.094734
vt 0.811443 0.083798
vt 0.814468 0.094734
vt 0.811443 0.094734
vt 0.665732 0.237694
vt 0.665732 0.309242
vt 0.654404 0.309222
vt 0.665732 0.380748
vt 0.809476 0.129871
vt 0.877534 0.129871
vt 0.809390 0.152906
vt 0.810236 0.106835
vt 0.877534 0.152906
vt 0.777504 0.122096
vt 0.877534 0.175942
vt 0.877534 0.106835
vt 0.777504 0.129871
vt 0.809390 0.175942
vt 0.810236 0.083798
vt 0.681689 0.122096
vt 0.779468 0.152906
vt 0.657593 0.083798
vt 0.877534 0.083798
vt 0.777504 0.152906
vt 0.805297 0.157783
vt 0.877534 0.060762
vt 0.810236 0.060762
vt 0.805297 0.175942
vt 0.657593 0.060762
vt 0.778795 0.157783
vt 0.805297 0.194119
vt 0.593904 0.083798
vt 0.810074 0.198978
vt 0.657593 0.106835
vt 0.593904 0.106835
vt 0.877534 0.198978
vt 0.877534 0.222013
vt 0.655647 0.129871
vt 0.779293 0.222013
vt 0.657314 0.122096
vt 0.779293 0.245049
vt 0.593904 0.060762
vt 0.593904 0.129871
vt 0.877534 0.245049
vt 0.654977 0.152906
vt 0.779293 0.268085
vt 0.657314 0.152906
vt 0.877534 0.268085
vt 0.657314 0.168293
vt 0.877534 0.291120
vt 0.657314 0.129871
vt 0.779293 0.291120
vt 0.657593 0.291120
vt 0.657593 0.268085
vt 0.657593 0.245049
vt 0.593904 0.152906
vt 0.657593 0.222013
vt 0.593904 0.291120
vt 0.593904 0.175942
vt 0.593904 0.268085
vt 0.655647 0.175942
vt 0.593904 0.245049
vt 0.682222 0.175942
vt 0.593904 0.198978
vt 0.779164 0.198978
vt 0.657593 0.198978
vt 0.684407 0.194119
vt 0.780791 0.194119
vt 0.684408 0.175942
vt 0.682737 0.168293
vt 0.593904 0.222013
vt 0.684408 0.168293
vt 0.857047 0.379984
vt 0.878450 0.379984
vt 0.867748 0.381679
vt 0.888104 0.375065
vt 0.847393 0.375065
vt 0.895766 0.367403
vt 0.839731 0.367403
vt 0.834812 0.357749
vt 0.900684 0.357749
vt 0.902380 0.347048
vt 0.833117 0.347048
vt 0.096851 0.763645
vt 0.096736 0.721254
vt 0.101950 0.753563
vt 0.088755 0.713310
vt 0.101880 0.731279
vt 0.103679 0.742410
vt 0.088869 0.771663
vt 0.078716 0.708216
vt 0.078783 0.776818
vt 0.067587 0.778591
vt 0.067600 0.706465
vt 0.174837 0.586713
vt 0.156558 0.589608
vt 0.167823 0.565349
vt 0.177909 0.560194
vt 0.156627 0.567122
vt 0.191206 0.578279
vt 0.185890 0.552176
vt 0.204095 0.565219
vt 0.190990 0.542094
vt 0.212284 0.548856
vt 0.192719 0.530941
vt 0.215014 0.530803
vt 0.190920 0.519809
vt 0.212049 0.512818
vt 0.185776 0.509785
vt 0.203700 0.496642
vt 0.177794 0.501841
vt 0.190788 0.483835
vt 0.167756 0.496747
vt 0.174572 0.475629
vt 0.156639 0.494996
vt 0.156624 0.472812
vt 0.865385 0.335444
vt 0.828272 0.341322
vt 0.847130 0.281133
vt 0.863499 0.272699
vt 0.828850 0.284028
vt 0.897455 0.318387
vt 0.876387 0.259640
vt 0.922573 0.292442
vt 0.884576 0.243277
vt 0.938428 0.260177
vt 0.887306 0.225223
vt 0.943589 0.224722
vt 0.884341 0.207238
vt 0.937629 0.189481
vt 0.875992 0.191063
vt 0.921169 0.157828
vt 0.863081 0.178255
vt 0.895817 0.132789
vt 0.846864 0.170049
vt 0.864027 0.116756
vt 0.828916 0.167232
vt 0.828868 0.111262
vt 0.655895 0.325984
vt 0.655066 0.331981
vt 0.653474 0.325984
vt 0.653474 0.331981
vt 0.666308 0.237694
vt 0.677637 0.309222
vt 0.666308 0.309242
vt 0.666308 0.380748
vt 0.659833 0.331981
vt 0.657411 0.331981
vt 0.659004 0.325984
vt 0.657411 0.325984
s 1
g GUI_Map_TrainRescue1_GUI_Map_TrainRescueTrain_GUI_Map_TrainRescueTrain
usemtl GUI_Map_TrainRescueTrain
f 1/1/1 2/2/1 3/3/1
f 4/4/2 5/5/3 6/6/4
f 6/6/4 5/5/3 7/7/5
f 5/5/3 8/8/6 7/7/5
f 7/7/5 8/8/6 9/9/7
f 10/10/8 4/4/2 6/6/4
f 7/7/5 9/9/7 11/11/9
f 8/8/6 12/12/10 9/9/7
f 13/13/11 4/4/2 10/10/8
f 6/6/4 7/7/5 14/14/12
f 14/14/12 7/7/5 11/11/9
f 9/9/7 12/12/10 15/15/13
f 16/16/14 13/13/11 10/10/8
f 17/17/15 6/6/4 14/14/12
f 9/9/7 15/15/13 18/18/16
f 11/11/9 9/9/7 18/18/16
f 19/19/17 13/13/11 16/16/14
f 10/10/8 6/6/4 17/17/15
f 12/12/10 20/20/18 15/15/13
f 21/21/19 19/19/17 16/16/14
f 16/16/14 10/10/8 22/22/20
f 22/22/20 10/10/8 17/17/15
f 18/18/16 15/15/13 23/23/21
f 24/24/22 19/19/17 21/21/19
f 25/25/23 16/16/14 22/22/20
f 15/15/13 20/20/18 26/26/24
f 15/15/13 26/26/24 23/23/21
f 27/27/25 24/24/22 21/21/19
f 21/21/19 16/16/14 25/25/23
f 20/20/18 28/28/26 26/26/24
f 23/23/21 26/26/24 29/29/27
f 30/30/28 24/24/22 27/27/25
f 31/31/29 21/21/19 25/25/23
f 26/26/24 28/28/26 32/32/30
f 26/26/24 32/32/30 29/29/27
f 33/33/31 30/30/28 27/27/25
f 27/27/25 21/21/19 31/31/29
f 28/28/26 34/34/32 32/32/30
f 29/29/27 32/32/30 35/35/33
f 36/36/34 30/30/28 33/33/31
f 37/37/35 27/27/25 31/31/29
f 32/32/30 34/34/32 38/38/36
f 32/32/30 38/38/36 35/35/33
f 39/39/37 36/36/34 33/33/31
f 33/33/31 27/27/25 37/37/35
f 34/34/32 40/40/38 38/38/36
f 35/35/33 38/38/36 41/41/39
f 42/42/40 36/36/34 39/39/37
f 43/43/41 33/33/31 37/37/35
f 38/38/36 40/40/38 44/44/42
f 38/38/36 44/44/42 41/41/39
f 45/45/43 42/42/40 39/39/37
f 39/39/37 33/33/31 43/43/41
f 40/40/38 46/46/44 44/44/42
f 41/41/39 44/44/42 47/47/45
f 48/48/46 42/42/40 45/45/43
f 49/49/47 39/39/37 43/43/41
f 44/44/42 46/46/44 50/50/48
f 44/44/42 50/50/48 47/47/45
f 51/51/49 48/48/46 45/45/43
f 45/45/43 39/39/37 49/49/47
f 46/46/44 52/52/50 50/50/48
f 47/47/45 50/50/48 53/53/51
f 54/54/52 48/48/46 51/51/49
f 55/55/53 45/45/43 49/49/47
f 50/50/48 52/52/50 56/56/54
f 50/50/48 56/56/54 53/53/51
f 57/57/55 54/54/52 51/51/49
f 51/51/49 45/45/43 55/55/53
f 52/52/50 58/58/56 56/56/54
f 53/53/51 56/56/54 59/59/57
f 60/60/58 54/54/52 57/57/55
f 61/61/59 51/51/49 55/55/53
f 56/56/54 58/58/56 62/62/60
f 58/58/56 60/60/58 62/62/60
f 56/56/54 62/62/60 59/59/57
f 62/62/60 60/60/58 57/57/55
f 57/57/55 51/51/49 61/61/59
f 59/59/57 62/62/60 63/63/61
f 62/62/60 57/57/55 63/63/61
f 63/63/61 57/57/55 61/61/59
f 64/64/62 65/65/63 66/66/64
f 67/67/65 64/64/62 66/66/64
f 66/66/64 65/65/63 68/68/66
f 69/69/67 64/64/62 67/67/65
f 65/65/63 70/70/68 68/68/66
f 71/71/69 69/69/67 67/67/65
f 69/69/67 72/72/35 64/64/62
f 65/65/63 73/73/23 70/70/68
f 68/68/66 70/70/68 74/74/70
f 75/75/71 69/69/67 71/71/69
f 72/72/35 76/76/29 64/64/62
f 76/76/29 73/73/23 65/65/63
f 70/70/68 77/77/72 74/74/70
f 78/78/73 75/75/71 71/71/69
f 64/64/62 76/76/29 65/65/63
f 73/73/23 79/79/20 70/70/68
f 70/70/68 79/79/20 77/77/72
f 80/80/74 75/75/71 78/78/73
f 74/74/70 77/77/72 81/81/75
f 82/82/41 72/72/35 69/69/67
f 83/83/76 80/80/74 78/78/73
f 75/75/71 82/82/41 69/69/67
f 77/77/72 84/84/77 81/81/75
f 85/85/78 80/80/74 83/83/76
f 86/86/47 82/82/41 75/75/71
f 79/79/20 87/87/15 77/77/72
f 77/77/72 87/87/15 84/84/77
f 80/80/74 86/86/47 75/75/71
f 88/88/79 85/85/78 83/83/76
f 81/81/75 84/84/77 89/89/80
f 90/90/53 86/86/47 80/80/74
f 91/91/81 85/85/78 88/88/79
f 87/87/15 92/79/82 84/84/77
f 85/85/78 90/90/53 80/80/74
f 84/84/77 93/77/83 89/89/80
f 94/92/1 91/91/81 88/88/79
f 84/84/77 92/79/82 93/77/83
f 95/93/59 90/90/53 85/85/78
f 96/94/84 91/91/81 94/92/1
f 89/89/80 93/77/83 97/81/85
f 91/91/81 95/93/59 85/85/78
f 92/79/82 98/73/9 93/77/83
f 99/88/86 96/94/84 94/92/1
f 100/95/61 95/93/59 91/91/81
f 93/77/83 101/70/87 97/81/85
f 93/77/83 98/73/9 101/70/87
f 96/94/84 100/95/61 91/91/81
f 102/91/88 96/94/84 99/88/86
f 97/81/85 101/70/87 103/74/89
f 98/73/9 104/76/16 101/70/87
f 105/96/57 100/95/61 96/94/84
f 102/91/88 105/96/57 96/94/84
f 106/83/90 102/91/88 99/88/86
f 101/70/87 107/65/91 103/74/89
f 101/70/87 104/76/16 107/65/91
f 108/95/51 105/96/57 102/91/88
f 109/97/92 102/91/88 106/83/90
f 103/74/89 107/65/91 110/68/93
f 104/76/16 111/72/21 107/65/91
f 109/97/92 108/95/51 102/91/88
f 112/78/94 109/97/92 106/83/90
f 107/65/91 113/64/95 110/68/93
f 107/65/91 111/72/21 113/64/95
f 114/93/45 108/95/51 109/97/92
f 115/80/96 109/97/92 112/78/94
f 110/68/93 113/64/95 116/66/97
f 111/72/21 117/82/27 113/64/95
f 115/80/96 114/93/45 109/97/92
f 118/71/98 115/80/96 112/78/94
f 113/64/95 119/69/99 116/66/97
f 113/64/95 117/82/27 119/69/99
f 120/90/39 114/93/45 115/80/96
f 121/75/100 115/80/96 118/71/98
f 116/66/97 119/69/99 122/67/101
f 117/82/27 123/86/102 119/69/99
f 123/86/102 120/90/39 121/75/100
f 121/75/100 120/90/39 115/80/96
f 122/67/101 121/75/100 118/71/98
f 119/69/99 121/75/100 122/67/101
f 119/69/99 123/86/102 121/75/100
f 124/98/103 125/99/89 126/100/85
f 124/98/103 127/101/93 125/99/89
f 126/100/85 125/99/89 128/102/85
f 129/103/93 127/101/93 124/98/103
f 126/100/85 128/102/85 130/104/80
f 130/104/80 128/102/85 131/105/80
f 129/103/93 132/106/97 127/101/93
f 133/107/97 132/106/97 129/103/93
f 133/107/97 134/108/101 132/106/97
f 135/109/101 134/108/101 133/107/97
f 135/109/101 136/110/98 134/108/101
f 134/108/101 136/110/98 137/111/98
f 136/110/98 138/112/94 137/111/98
f 137/111/98 138/112/94 139/113/94
f 138/112/94 140/114/90 139/113/94
f 139/113/94 140/114/90 141/115/90
f 140/114/90 142/116/86 141/115/90
f 141/115/90 142/116/86 143/117/86
f 142/116/86 144/118/1 143/117/86
f 143/117/86 144/118/1 145/119/1
f 146/100/79 147/102/79 148/120/1
f 146/100/79 149/99/76 147/102/79
f 148/120/1 147/102/79 150/121/1
f 151/98/76 149/99/76 146/100/79
f 151/98/76 152/101/73 149/99/76
f 153/103/73 152/101/73 151/98/76
f 153/103/73 154/106/69 152/101/73
f 155/107/69 154/106/69 153/103/73
f 155/107/69 156/108/65 154/106/69
f 157/109/65 156/108/65 155/107/69
f 157/109/65 158/110/64 156/108/65
f 156/108/65 158/110/64 159/111/64
f 158/110/64 160/122/66 159/111/64
f 159/111/64 160/122/66 161/113/66
f 160/122/66 162/114/70 161/113/66
f 161/113/66 162/114/70 163/115/70
f 162/114/70 164/123/75 163/115/70
f 163/115/70 164/123/75 165/117/75
f 164/123/75 166/118/80 165/117/75
f 165/117/75 166/118/80 167/119/80
f 168/124/104 169/125/104 170/126/104
f 168/124/104 170/126/104 171/127/104
f 170/126/104 169/125/104 172/128/104
f 171/127/104 170/126/104 173/129/104
f 172/128/104 169/125/104 174/130/104
f 171/127/104 173/129/104 175/131/104
f 174/130/104 169/125/104 176/132/104
f 175/131/104 173/129/104 177/133/104
f 174/130/104 176/132/104 178/134/104
f 175/131/104 177/133/104 179/135/104
f 178/134/104 176/132/104 180/136/104
f 179/135/104 177/133/104 181/137/104
f 178/134/104 180/136/104 182/138/104
f 179/135/104 181/137/104 183/139/104
f 182/138/104 180/136/104 184/140/104
f 182/138/104 184/140/104 185/141/105
f 183/139/104 181/137/104 186/142/104
f 183/139/104 186/142/104 187/143/104
f 188/101/106 189/106/107 190/144/106
f 191/145/108 188/101/106 190/144/106
f 190/144/106 189/106/107 192/146/107
f 193/99/108 188/101/106 191/145/108
f 189/106/107 194/108/109 192/146/107
f 195/147/110 193/99/108 191/145/108
f 192/146/107 194/108/109 196/148/109
f 197/102/110 193/99/108 195/147/110
f 194/108/109 198/111/111 196/148/109
f 199/149/112 197/102/110 195/147/110
f 200/121/112 197/102/110 199/149/112
f 196/148/109 198/111/111 201/150/111
f 198/111/111 202/113/113 201/150/111
f 201/150/111 202/113/113 203/151/113
f 202/113/113 204/115/114 203/151/113
f 203/151/113 204/115/114 205/152/114
f 204/115/114 206/117/115 205/152/114
f 205/152/114 206/117/115 207/153/115
f 206/117/115 208/119/116 207/153/115
f 207/153/115 208/119/116 209/154/116
f 210/117/117 211/119/118 212/153/117
f 213/152/119 210/117/117 212/153/117
f 212/153/117 211/119/118 214/155/118
f 215/115/119 210/117/117 213/152/119
f 216/151/120 215/115/119 213/152/119
f 217/113/120 215/115/119 216/151/120
f 218/150/121 217/113/120 216/151/120
f 219/111/121 217/113/120 218/150/121
f 220/148/122 219/111/121 218/150/121
f 221/108/122 219/111/121 220/148/122
f 222/156/123 221/108/122 220/148/122
f 223/106/123 221/108/122 222/156/123
f 224/157/124 223/106/123 222/156/123
f 225/101/124 223/106/123 224/157/124
f 226/158/125 225/101/124 224/157/124
f 227/99/125 225/101/124 226/158/125
f 228/147/126 227/99/125 226/158/125
f 229/102/126 227/99/125 228/147/126
f 230/159/127 229/102/126 228/147/126
f 231/105/127 229/102/126 230/159/127
f 232/144/128 233/146/129 234/160/128
f 235/161/130 232/144/128 234/160/128
f 234/160/128 233/146/129 236/162/129
f 237/145/130 232/144/128 235/161/130
f 233/146/129 238/148/131 236/162/129
f 239/163/132 237/145/130 235/161/130
f 236/162/129 238/148/131 240/164/131
f 241/147/132 237/145/130 239/163/132
f 238/148/131 242/150/133 240/164/131
f 243/165/134 241/147/132 239/163/132
f 244/149/134 241/147/132 243/165/134
f 240/164/131 242/150/133 245/166/133
f 242/150/133 246/151/135 245/166/133
f 245/166/133 246/151/135 247/167/135
f 246/151/135 248/152/136 247/167/135
f 247/167/135 248/152/136 249/168/136
f 248/152/136 250/153/137 249/168/136
f 249/168/136 250/153/137 251/169/137
f 250/153/137 252/154/138 251/169/137
f 251/169/137 252/154/138 253/170/139
f 254/153/140 255/155/141 256/169/140
f 257/168/142 254/153/140 256/169/140
f 256/169/140 255/155/141 258/171/134
f 259/152/142 254/153/140 257/168/142
f 260/172/143 259/152/142 257/168/142
f 261/151/143 259/152/142 260/172/143
f 262/173/144 261/151/143 260/172/143
f 263/150/144 261/151/143 262/173/144
f 264/174/145 263/150/144 262/173/144
f 265/148/145 263/150/144 264/174/145
f 266/175/146 265/148/145 264/174/145
f 267/156/146 265/148/145 266/175/146
f 268/160/147 267/156/146 266/175/146
f 269/157/147 267/156/146 268/160/147
f 270/176/148 269/157/147 268/160/147
f 271/158/148 269/157/147 270/176/148
f 272/163/149 271/158/148 270/176/148
f 273/147/149 271/158/148 272/163/149
f 274/165/150 273/147/149 272/163/149
f 275/159/139 273/147/149 274/165/150
f 276/177/89 277/178/89 278/179/85
f 276/177/89 279/180/93 277/178/89
f 278/179/85 277/178/89 280/181/85
f 281/182/93 279/180/93 276/177/89
f 281/182/93 282/183/97 279/180/93
f 283/184/97 282/183/97 281/182/93
f 283/184/97 284/185/101 282/183/97
f 285/186/101 284/185/101 283/184/97
f 285/186/101 286/187/98 284/185/101
f 284/185/101 286/187/98 287/188/98
f 286/187/98 288/189/151 287/188/98
f 287/188/98 288/189/151 289/190/94
f 288/189/151 290/191/90 289/190/94
f 289/190/94 290/191/90 291/192/90
f 290/191/90 292/193/86 291/192/90
f 291/192/90 292/193/86 293/194/86
f 292/193/86 294/195/1 293/194/86
f 293/194/86 294/195/1 295/196/1
f 294/195/1 296/197/79 295/196/1
f 297/198/79 296/197/79 294/195/1
f 297/198/79 298/199/76 296/197/79
f 299/200/76 298/199/76 297/198/79
f 299/200/76 300/201/73 298/199/76
f 301/202/73 300/201/73 299/200/76
f 301/202/73 302/203/69 300/201/73
f 303/204/69 302/203/69 301/202/73
f 303/204/69 304/205/65 302/203/69
f 305/206/65 304/205/65 303/204/69
f 305/206/65 306/207/64 304/205/65
f 304/205/65 306/207/64 307/208/64
f 306/207/64 308/209/152 307/208/64
f 307/208/64 308/209/152 309/210/66
f 308/209/152 310/211/70 309/210/66
f 309/210/66 310/211/70 311/212/70
f 310/211/70 312/213/75 311/212/70
f 311/212/70 312/213/75 313/214/75
f 312/213/75 314/215/80 313/214/75
f 313/214/75 314/215/80 315/216/80
f 314/215/80 316/217/85 315/216/80
f 317/218/85 316/217/85 314/215/80
f 318/219/104 319/220/104 320/221/104
f 318/219/104 320/221/104 321/222/104
f 320/221/104 319/220/104 322/223/104
f 321/222/104 320/221/104 323/224/104
f 322/223/104 319/220/104 324/225/104
f 321/222/104 323/224/104 325/226/104
f 324/225/104 319/220/104 326/227/104
f 325/226/104 323/224/104 327/228/104
f 324/225/104 326/227/104 328/229/104
f 325/226/104 327/228/104 329/230/104
f 328/229/104 326/227/104 330/231/104
f 329/230/104 327/228/104 331/232/104
f 328/229/104 330/231/104 332/233/104
f 329/230/104 331/232/104 333/234/104
f 332/233/104 330/231/104 334/235/104
f 332/233/104 334/235/104 335/236/104
f 333/234/104 331/232/104 336/237/104
f 333/234/104 336/237/104 337/238/104
f 338/239/65 339/240/65 340/241/65
f 340/241/65 339/240/65 341/242/65
f 342/243/104 343/244/104 344/245/104
f 344/245/104 343/244/104 345/246/104
f 346/247/101 347/248/101 348/249/101
f 348/249/101 347/248/101 349/250/101
f 350/251/153 351/252/153 352/253/153
f 352/253/153 351/252/153 353/254/153
f 354/255/80 355/256/80 356/257/80
f 356/257/80 355/256/80 357/258/80
f 358/259/1 359/260/1 360/261/1
f 360/261/1 359/260/1 361/262/1
f 362/263/101 363/264/101 364/265/101
f 362/263/101 364/265/101 365/266/101
f 364/265/101 363/264/101 366/267/101
f 365/266/101 364/265/101 367/268/101
f 363/264/101 368/269/101 366/267/101
f 369/270/101 365/266/101 367/268/101
f 370/271/101 368/269/101 363/264/101
f 368/269/101 371/272/101 366/267/101
f 371/272/101 369/270/101 367/268/101
f 372/273/101 365/266/101 369/270/101
f 373/274/101 371/272/101 368/269/101
f 374/275/101 365/266/101 372/273/101
f 375/276/101 369/270/101 371/272/101
f 373/274/101 375/276/101 371/272/101
f 374/275/101 372/273/101 376/277/101
f 377/278/101 375/276/101 373/274/101
f 376/277/101 372/273/101 378/279/101
f 377/278/101 378/279/101 375/276/101
f 379/280/101 376/277/101 378/279/101
f 379/280/101 378/279/101 377/278/101
f 380/281/101 376/277/101 379/280/101
f 381/282/153 382/283/153 383/284/153
f 384/285/153 381/282/153 383/284/153
f 383/284/153 382/283/153 385/286/153
f 386/287/153 381/282/153 384/285/153
f 383/284/153 385/286/153 387/288/153
f 388/289/153 386/287/153 384/285/153
f 384/285/153 383/284/153 389/290/153
f 389/290/153 383/284/153 387/288/153
f 387/288/153 385/286/153 390/291/153
f 391/292/153 386/287/153 388/289/153
f 388/289/153 384/285/153 392/293/153
f 392/293/153 384/285/153 389/290/153
f 393/294/153 391/292/153 388/289/153
f 394/295/153 388/289/153 392/293/153
f 393/294/153 388/289/153 394/295/153
f 395/296/153 391/292/153 393/294/153
f 396/297/153 393/294/153 394/295/153
f 397/298/153 395/296/153 393/294/153
f 397/298/153 393/294/153 396/297/153
f 398/299/153 395/296/153 397/298/153
f 399/300/153 397/298/153 396/297/153
f 400/301/153 398/299/153 397/298/153
f 400/301/153 397/298/153 399/300/153
f 401/302/153 398/299/153 400/301/153
f 402/303/80 403/304/80 404/305/80
f 404/305/80 403/304/80 405/306/80
f 404/305/80 405/306/80 406/307/80
f 407/308/80 405/306/80 403/304/80
f 406/307/80 405/306/80 408/309/80
f 409/310/80 405/306/80 407/308/80
f 405/306/80 409/310/80 408/309/80
f 406/307/80 408/309/80 410/311/80
f 408/309/80 409/310/80 411/312/80
f 410/311/80 408/309/80 412/313/80
f 408/309/80 411/312/80 412/313/80
f 413/314/80 410/311/80 412/313/80
f 412/313/80 411/312/80 414/315/80
f 415/316/80 410/311/80 413/314/80
f 413/314/80 412/313/80 416/317/80
f 416/317/80 412/313/80 414/315/80
f 417/318/80 415/316/80 413/314/80
f 418/319/80 413/314/80 416/317/80
f 417/318/80 413/314/80 418/319/80
f 419/320/80 415/316/80 417/318/80
f 420/321/80 417/318/80 418/319/80
f 421/322/80 419/320/80 417/318/80
f 421/322/80 417/318/80 420/321/80
f 422/323/80 419/320/80 421/322/80
f 423/324/1 424/325/1 425/326/1
f 425/326/1 424/325/1 426/327/1
f 425/326/1 426/327/1 427/328/1
f 424/325/1 428/329/1 426/327/1
f 427/328/1 426/327/1 429/330/1
f 426/327/1 428/329/1 430/331/1
f 426/327/1 430/331/1 429/330/1
f 428/329/1 431/332/1 430/331/1
f 429/330/1 430/331/1 432/333/1
f 430/331/1 431/332/1 433/334/1
f 430/331/1 433/334/1 432/333/1
f 431/332/1 434/335/1 433/334/1
f 432/333/1 433/334/1 435/336/1
f 436/337/1 434/335/1 431/332/1
f 435/336/1 433/334/1 437/338/1
f 437/338/1 433/334/1 434/335/1
f 436/337/1 438/339/1 434/335/1
f 437/338/1 434/335/1 439/340/1
f 439/340/1 434/335/1 438/339/1
f 440/341/1 438/339/1 436/337/1
f 438/339/1 441/342/1 439/340/1
f 440/341/1 442/343/1 438/339/1
f 442/343/1 441/342/1 438/339/1
f 443/344/1 442/343/1 440/341/1
f 444/345/65 445/346/65 446/347/65
f 444/345/65 446/347/65 447/348/65
f 446/347/65 445/346/65 448/349/65
f 447/348/65 446/347/65 449/350/65
f 450/351/65 448/349/65 445/346/65
f 451/352/65 447/348/65 449/350/65
f 450/351/65 445/346/65 452/353/65
f 450/351/65 453/354/65 448/349/65
f 453/354/65 451/352/65 449/350/65
f 454/355/65 447/348/65 451/352/65
f 452/353/65 445/346/65 455/356/65
f 456/357/65 453/354/65 450/351/65
f 457/358/65 451/352/65 453/354/65
f 456/357/65 457/358/65 453/354/65
f 455/356/65 458/359/65 452/353/65
f 459/360/65 457/358/65 456/357/65
f 452/353/65 458/359/65 460/361/65
f 460/361/65 459/360/65 456/357/65
f 458/359/65 461/362/65 460/361/65
f 461/362/65 459/360/65 460/361/65
f 462/363/65 461/362/65 458/359/65
f 463/364/65 464/365/65 465/366/65
f 465/366/65 464/365/65 466/367/65
f 467/364/65 468/365/65 469/366/65
f 469/366/65 468/365/65 470/367/65
f 471/366/101 472/364/101 473/367/101
f 473/367/101 472/364/101 474/365/101
f 475/366/101 476/364/101 477/367/101
f 477/367/101 476/364/101 478/365/101
f 479/368/104 480/369/104 481/370/104
f 481/370/104 480/369/104 482/371/104
f 483/372/1 484/373/1 485/374/1
f 485/374/1 484/373/1 486/375/1
f 487/376/153 488/377/153 489/378/153
f 489/378/153 488/377/153 490/379/153
f 491/380/154 492/381/80 493/382/154
f 493/382/154 492/381/80 494/383/80
f 495/384/104 496/385/104 497/386/104
f 497/386/104 496/385/104 498/387/104
f 499/388/1 500/389/1 501/390/1
f 501/390/1 500/389/1 502/391/1
f 503/392/153 504/393/153 505/394/153
f 505/394/153 504/393/153 506/395/153
f 507/396/80 508/397/80 509/398/80
f 509/398/80 508/397/80 510/399/80
f 511/400/155 512/401/80 513/402/80
f 513/402/80 512/401/80 514/403/80
f 515/404/153 516/405/153 517/406/153
f 517/406/153 516/405/153 518/407/153
f 519/408/1 520/409/1 521/410/1
f 521/410/1 520/409/1 522/411/1
f 523/412/104 524/413/104 525/414/104
f 525/414/104 524/413/104 526/415/104
f 527/416/156 528/417/156 529/418/156
f 529/418/156 528/417/156 530/419/156
f 531/420/157 532/421/157 533/422/157
f 533/422/157 532/421/157 534/423/157
f 535/424/158 536/425/159 537/426/158
f 537/426/158 536/425/159 538/427/159
f 539/428/160 540/429/160 541/430/160
f 541/430/160 540/429/160 542/431/160
f 543/432/161 544/433/161 545/434/161
f 545/434/161 544/433/161 546/435/161
f 547/436/162 548/437/162 549/438/163
f 547/436/162 550/439/164 548/437/162
f 549/438/163 548/437/162 551/440/163
f 552/441/164 550/439/164 547/436/162
f 552/441/164 553/442/165 550/439/164
f 554/443/165 553/442/165 552/441/164
f 555/444/104 553/442/165 554/443/165
f 556/445/104 553/442/165 555/444/104
f 556/445/104 555/444/104 557/446/166
f 557/446/166 555/444/104 558/447/166
f 557/446/166 558/447/166 559/448/167
f 559/448/167 558/447/166 560/449/167
f 559/448/167 560/449/167 561/450/168
f 561/450/168 560/449/167 562/451/168
f 562/451/168 563/452/169 561/450/168
f 561/450/168 563/452/169 564/453/169
f 565/454/170 566/455/170 567/456/171
f 567/456/171 566/455/170 568/457/171
f 568/457/171 569/458/172 567/456/171
f 567/456/171 569/458/172 570/459/172
f 569/458/172 571/460/173 570/459/172
f 570/459/172 571/460/173 572/461/173
f 571/460/173 573/462/153 572/461/173
f 572/461/173 573/462/153 574/463/153
f 573/462/153 575/464/174 574/463/153
f 576/465/174 575/464/174 573/462/153
f 576/465/174 577/466/175 575/464/174
f 578/467/175 577/466/175 576/465/174
f 578/467/175 579/468/176 577/466/175
f 580/469/176 579/468/176 578/467/175
f 580/469/176 581/470/177 579/468/176
f 582/471/177 581/470/177 580/469/176
f 583/472/80 584/473/80 585/474/80
f 585/474/80 584/473/80 586/475/80
f 584/473/80 587/476/80 586/475/80
f 586/475/80 587/476/80 588/477/80
f 587/476/80 589/478/80 588/477/80
f 588/477/80 589/478/80 590/479/80
f 589/478/80 591/480/80 590/479/80
f 590/479/80 591/480/80 592/481/80
f 592/481/80 591/480/80 593/482/80
f 593/482/80 591/480/80 594/483/80
f 593/482/80 594/483/80 595/484/80
f 595/484/80 594/483/80 596/485/80
f 595/484/80 596/485/80 597/486/80
f 597/486/80 596/485/80 598/487/80
f 597/486/80 598/487/80 599/488/80
f 599/488/80 598/487/80 600/489/80
f 601/490/1 602/491/1 603/492/1
f 603/492/1 602/491/1 604/493/1
f 603/492/1 604/493/1 605/494/1
f 605/494/1 604/493/1 606/495/1
f 605/494/1 606/495/1 607/496/1
f 607/496/1 606/495/1 608/497/1
f 607/496/1 608/497/1 609/498/1
f 609/498/1 608/497/1 610/499/1
f 611/500/1 609/498/1 610/499/1
f 612/501/1 609/498/1 611/500/1
f 613/502/1 612/501/1 611/500/1
f 614/503/1 612/501/1 613/502/1
f 615/504/1 614/503/1 613/502/1
f 616/505/1 614/503/1 615/504/1
f 617/506/1 616/505/1 615/504/1
f 618/507/1 616/505/1 617/506/1
f 619/508/178 620/509/178 621/510/178
f 621/510/178 620/509/178 622/511/178
f 623/512/65 624/513/65 625/514/65
f 625/514/65 624/513/65 626/515/65
f 627/516/104 628/517/104 629/518/104
f 629/518/104 628/517/104 630/519/104
f 631/520/101 632/521/101 633/522/101
f 633/522/101 632/521/101 634/523/101
f 635/524/80 636/525/80 637/526/80
f 637/526/80 636/525/80 638/527/80
f 639/528/1 640/529/1 641/530/1
f 641/530/1 640/529/1 642/531/1
f 643/532/101 644/533/101 645/534/101
f 645/534/101 644/533/101 646/535/101
f 647/536/104 648/537/104 649/538/104
f 649/538/104 648/537/104 650/539/104
f 651/540/65 652/541/65 653/542/65
f 653/542/65 652/541/65 654/543/65
f 655/544/80 656/545/80 657/546/80
f 657/546/80 656/545/80 658/547/80
f 659/548/1 660/549/1 661/550/1
f 661/550/1 660/549/1 662/551/1
f 663/552/101 664/553/101 665/554/101
f 665/554/101 664/553/101 666/555/101
f 667/556/80 668/557/80 669/558/80
f 669/558/80 668/557/80 670/559/80
f 668/557/80 671/558/80 670/559/80
f 672/556/80 671/558/80 668/557/80
f 673/560/1 674/561/1 675/562/1
f 675/562/1 674/561/1 676/563/1
f 677/564/153 678/565/153 679/566/153
f 677/564/153 680/567/153 678/565/153
f 679/566/153 678/565/153 681/568/153
f 678/565/153 680/567/153 682/569/153
f 681/568/153 683/570/153 679/566/153
f 684/571/153 683/570/153 681/568/153
f 682/569/153 680/567/153 685/565/153
f 685/565/153 680/567/153 686/564/153
f 686/564/153 687/566/153 685/565/153
f 685/565/153 687/566/153 688/568/153
f 689/570/153 688/568/153 687/566/153
f 690/571/153 688/568/153 689/570/153
f 691/572/104 692/573/104 693/574/104
f 691/572/104 694/575/104 692/573/104
f 693/574/104 692/573/104 695/576/104
f 692/573/104 694/575/104 696/577/104
f 695/576/104 697/578/104 693/574/104
f 698/579/104 697/578/104 695/576/104
f 698/579/104 699/576/104 697/578/104
f 697/578/104 699/576/104 700/574/104
f 701/573/104 700/574/104 699/576/104
f 702/572/104 700/574/104 701/573/104
f 701/573/104 703/575/104 702/572/104
f 704/577/104 703/575/104 701/573/104
f 705/580/80 706/581/80 707/582/80
f 707/582/80 706/581/80 708/583/80
f 709/584/179 710/585/179 711/586/179
f 711/586/179 710/585/179 712/587/179
f 713/585/179 711/586/179 712/587/179
f 714/584/179 711/586/179 713/585/179
f 715/588/180 716/589/180 717/590/180
f 717/590/180 716/589/180 718/591/180
f 719/552/65 720/554/65 721/553/65
f 721/553/65 720/554/65 722/555/65
f 723/560/1 724/562/1 725/561/1
f 725/561/1 724/562/1 726/563/1
f 727/580/80 728/582/80 729/581/181
f 729/581/181 728/582/80 730/583/181
f 731/588/182 732/590/182 733/589/182
f 733/589/182 732/590/182 734/591/182
f 735/592/183 736/593/184 737/594/183
f 738/595/80 735/592/183 737/594/183
f 737/594/183 736/593/184 739/596/184
f 740/597/80 735/592/183 738/595/80
f 736/593/184 741/598/185 739/596/184
f 739/596/184 741/598/185 742/599/186
f 743/600/187 740/597/80 738/595/80
f 744/601/187 740/597/80 743/600/187
f 745/602/188 744/601/187 743/600/187
f 746/603/188 744/601/187 745/602/188
f 747/604/189 746/603/188 745/602/188
f 748/605/190 746/603/188 747/604/189
f 749/606/186 750/607/191 751/608/186
f 751/608/186 750/607/191 752/609/191
f 750/607/191 753/610/104 752/609/191
f 752/609/191 753/610/104 754/611/104
f 753/610/104 755/612/192 754/611/104
f 754/611/104 755/612/192 756/613/192
f 755/612/192 757/614/193 756/613/192
f 756/613/192 757/614/193 758/615/193
f 757/614/193 759/616/194 758/615/193
f 758/615/193 759/616/194 760/617/195
f 761/618/196 762/619/197 763/620/196
f 763/620/196 762/619/197 764/621/197
f 762/619/197 765/622/1 764/621/197
f 764/621/197 765/622/1 766/623/1
f 765/622/1 767/624/198 766/623/1
f 766/623/1 767/624/198 768/625/198
f 767/624/198 769/626/199 768/625/198
f 768/625/198 769/626/199 770/627/199
f 769/626/199 771/628/200 770/627/199
f 770/627/199 771/628/200 772/629/201
f 773/630/200 774/631/202 775/632/200
f 775/632/200 774/631/202 776/633/202
f 774/631/202 777/634/153 776/633/202
f 776/633/202 777/634/153 778/635/153
f 777/634/153 779/636/203 778/635/153
f 778/635/153 779/636/203 780/637/203
f 779/636/203 781/638/204 780/637/203
f 780/637/203 781/638/204 782/639/204
f 783/640/101 784/641/101 785/642/101
f 783/640/101 786/643/101 784/641/101
f 785/642/101 784/641/101 787/644/101
f 784/641/101 786/643/101 788/645/101
f 787/644/101 789/646/101 785/642/101
f 788/645/101 786/643/101 790/647/101
f 791/648/101 789/646/101 787/644/101
f 790/647/101 786/643/101 792/649/101
f 791/648/101 793/650/101 789/646/101
f 790/647/101 792/649/101 794/651/205
f 789/646/101 793/650/101 795/652/101
f 794/651/205 792/649/101 796/653/206
f 794/651/205 796/653/206 797/654/205
f 795/652/101 793/650/101 798/655/101
f 798/655/101 793/650/101 799/656/101
f 798/655/101 799/656/101 800/657/101
f 800/657/101 799/656/101 801/658/101
f 800/657/101 801/658/101 802/659/207
f 803/660/65 804/661/65 805/662/65
f 803/660/65 805/662/65 806/663/65
f 805/662/65 804/661/65 807/664/65
f 806/663/65 805/662/65 808/665/65
f 807/664/65 804/661/65 809/666/65
f 806/663/65 808/665/65 810/667/65
f 809/666/65 804/661/65 811/668/65
f 810/667/65 808/665/65 812/669/65
f 809/666/65 811/668/65 813/670/208
f 810/667/65 812/669/65 814/671/65
f 813/670/208 811/668/65 815/672/65
f 814/671/65 812/669/65 816/673/65
f 813/670/208 815/672/65 817/674/65
f 814/671/65 816/673/65 818/675/65
f 817/674/65 815/672/65 819/676/209
f 817/674/65 819/676/209 820/677/210
f 818/675/65 816/673/65 821/678/211
f 818/675/65 821/678/211 822/679/212
f 823/680/65 824/681/65 825/682/65
f 826/683/65 823/680/65 825/682/65
f 825/682/65 824/681/65 827/684/65
f 828/685/65 823/680/65 826/683/65
f 824/681/65 829/686/65 827/684/65
f 830/687/65 828/685/65 826/683/65
f 827/684/65 829/686/65 831/688/65
f 832/689/65 828/685/65 830/687/65
f 829/686/65 833/690/65 831/688/65
f 834/691/65 832/689/65 830/687/65
f 831/688/65 833/690/65 835/692/65
f 836/693/65 832/689/65 834/691/65
f 833/690/65 837/694/65 835/692/65
f 838/695/65 836/693/65 834/691/65
f 835/692/65 837/694/65 839/696/65
f 840/697/65 836/693/65 838/695/65
f 837/694/65 841/698/65 839/696/65
f 842/699/65 840/697/65 838/695/65
f 839/696/65 841/698/65 843/700/65
f 844/701/65 840/697/65 842/699/65
f 841/698/65 845/702/65 843/700/65
f 846/703/65 844/701/65 842/699/65
f 843/700/65 845/702/65 847/704/65
f 848/705/65 844/701/65 846/703/65
f 845/702/65 849/706/65 847/704/65
f 850/707/65 848/705/65 846/703/65
f 847/704/65 849/706/65 851/708/65
f 852/709/65 848/705/65 850/707/65
f 849/706/65 853/710/65 851/708/65
f 854/711/65 852/709/65 850/707/65
f 851/708/65 853/710/65 855/712/65
f 856/713/65 852/709/65 854/711/65
f 853/710/65 857/714/65 855/712/65
f 858/715/65 856/713/65 854/711/65
f 855/712/65 857/714/65 859/716/65
f 860/717/65 856/713/65 858/715/65
f 857/714/65 861/718/65 859/716/65
f 861/718/65 860/717/65 862/719/65
f 862/719/65 860/717/65 858/715/65
f 859/716/65 861/718/65 862/719/65
f 863/720/101 864/721/101 865/722/101
f 866/723/101 863/720/101 865/722/101
f 865/722/101 864/721/101 867/724/101
f 868/725/101 863/720/101 866/723/101
f 864/721/101 869/726/101 867/724/101
f 870/727/101 868/725/101 866/723/101
f 867/724/101 869/726/101 871/728/101
f 872/729/101 868/725/101 870/727/101
f 869/726/101 873/730/101 871/728/101
f 874/731/101 872/729/101 870/727/101
f 871/728/101 873/730/101 875/732/101
f 876/733/101 872/729/101 874/731/101
f 873/730/101 877/734/101 875/732/101
f 878/735/101 876/733/101 874/731/101
f 875/732/101 877/734/101 879/736/101
f 880/737/101 876/733/101 878/735/101
f 877/734/101 881/738/101 879/736/101
f 882/739/101 880/737/101 878/735/101
f 879/736/101 881/738/101 883/740/101
f 884/741/101 880/737/101 882/739/101
f 881/738/101 885/742/101 883/740/101
f 886/743/101 884/741/101 882/739/101
f 883/740/101 885/742/101 887/744/101
f 888/745/101 884/741/101 886/743/101
f 885/742/101 889/746/101 887/744/101
f 890/747/101 888/745/101 886/743/101
f 887/744/101 889/746/101 891/748/101
f 892/749/101 888/745/101 890/747/101
f 889/746/101 893/750/101 891/748/101
f 894/751/101 892/749/101 890/747/101
f 891/748/101 893/750/101 895/752/101
f 896/753/101 892/749/101 894/751/101
f 893/750/101 897/754/101 895/752/101
f 898/755/101 896/753/101 894/751/101
f 895/752/101 897/754/101 899/756/101
f 900/757/101 896/753/101 898/755/101
f 897/754/101 901/758/101 899/756/101
f 901/758/101 900/757/101 902/759/101
f 902/759/101 900/757/101 898/755/101
f 899/756/101 901/758/101 902/759/101
f 903/760/65 904/761/65 905/762/65
f 906/763/65 903/760/65 905/762/65
f 905/762/65 904/761/65 907/764/65
f 908/765/65 903/760/65 906/763/65
f 904/761/65 909/766/65 907/764/65
f 910/767/65 908/765/65 906/763/65
f 907/764/65 909/766/65 911/768/65
f 912/769/65 908/765/65 910/767/65
f 909/766/65 913/770/65 911/768/65
f 914/771/65 912/769/65 910/767/65
f 911/768/65 913/770/65 915/772/65
f 916/773/65 912/769/65 914/771/65
f 913/770/65 917/774/65 915/772/65
f 918/775/65 916/773/65 914/771/65
f 915/772/65 917/774/65 919/776/65
f 920/777/65 916/773/65 918/775/65
f 917/774/65 921/778/65 919/776/65
f 922/779/65 920/777/65 918/775/65
f 919/776/65 921/778/65 923/780/65
f 924/781/65 920/777/65 922/779/65
f 921/778/65 925/782/65 923/780/65
f 926/783/65 924/781/65 922/779/65
f 923/780/65 925/782/65 927/784/65
f 928/785/65 924/781/65 926/783/65
f 925/782/65 929/786/65 927/784/65
f 930/787/65 928/785/65 926/783/65
f 927/784/65 929/786/65 931/788/65
f 932/789/65 928/785/65 930/787/65
f 929/786/65 933/790/65 931/788/65
f 934/791/65 932/789/65 930/787/65
f 931/788/65 933/790/65 935/792/65
f 936/793/65 932/789/65 934/791/65
f 933/790/65 937/794/65 935/792/65
f 938/795/65 936/793/65 934/791/65
f 935/792/65 937/794/65 939/796/65
f 940/797/65 936/793/65 938/795/65
f 937/794/65 941/798/65 939/796/65
f 941/798/65 940/797/65 942/799/65
f 942/799/65 940/797/65 938/795/65
f 939/796/65 941/798/65 942/799/65
f 943/800/65 944/801/65 945/802/65
f 946/803/65 943/800/65 945/802/65
f 945/802/65 944/801/65 947/804/65
f 948/805/65 943/800/65 946/803/65
f 944/801/65 949/806/65 947/804/65
f 950/807/65 948/805/65 946/803/65
f 947/804/65 949/806/65 951/808/65
f 952/809/65 948/805/65 950/807/65
f 949/806/65 953/810/65 951/808/65
f 954/811/65 952/809/65 950/807/65
f 951/808/65 953/810/65 955/812/213
f 956/813/65 952/809/65 954/811/65
f 953/810/65 957/814/65 955/812/213
f 958/815/65 956/813/65 954/811/65
f 955/812/213 957/814/65 959/816/65
f 960/817/65 956/813/65 958/815/65
f 957/814/65 961/818/65 959/816/65
f 962/819/65 960/817/65 958/815/65
f 959/816/65 961/818/65 963/820/65
f 964/821/65 960/817/65 962/819/65
f 961/818/65 965/822/65 963/820/65
f 966/823/65 964/821/65 962/819/65
f 963/820/65 965/822/65 967/824/65
f 968/825/65 964/821/65 966/823/65
f 965/822/65 969/826/65 967/824/65
f 970/827/65 968/825/65 966/823/65
f 967/824/65 969/826/65 971/828/65
f 972/829/65 968/825/65 970/827/65
f 969/826/65 973/830/65 971/828/65
f 974/831/65 972/829/65 970/827/65
f 971/828/65 973/830/65 975/832/65
f 976/833/65 972/829/65 974/831/65
f 973/830/65 977/834/65 975/832/65
f 978/835/65 976/833/65 974/831/65
f 975/832/65 977/834/65 979/836/65
f 980/837/65 976/833/65 978/835/65
f 977/834/65 981/838/65 979/836/65
f 981/838/65 980/837/65 982/839/65
f 982/839/65 980/837/65 978/835/65
f 979/836/65 981/838/65 982/839/65
f 983/840/101 984/841/101 985/842/101
f 986/843/214 983/840/101 985/842/101
f 985/842/101 984/841/101 987/844/101
f 988/845/101 983/840/101 986/843/214
f 984/841/101 989/846/101 987/844/101
f 990/847/101 988/845/101 986/843/214
f 987/844/101 989/846/101 991/848/101
f 992/849/101 988/845/101 990/847/101
f 989/846/101 993/850/101 991/848/101
f 994/851/101 992/849/101 990/847/101
f 991/848/101 993/850/101 995/852/101
f 996/853/101 992/849/101 994/851/101
f 993/850/101 997/854/101 995/852/101
f 998/855/101 996/853/101 994/851/101
f 995/852/101 997/854/101 999/856/101
f 1000/857/101 996/853/101 998/855/101
f 997/854/101 1001/858/101 999/856/101
f 1002/859/101 1000/857/101 998/855/101
f 999/856/101 1001/858/101 1003/860/101
f 1004/861/101 1000/857/101 1002/859/101
f 1001/858/101 1005/862/101 1003/860/101
f 1006/863/101 1004/861/101 1002/859/101
f 1003/860/101 1005/862/101 1007/864/101
f 1008/865/101 1004/861/101 1006/863/101
f 1005/862/101 1009/866/214 1007/864/101
f 1010/867/101 1008/865/101 1006/863/101
f 1007/864/101 1009/866/214 1011/868/101
f 1012/869/101 1008/865/101 1010/867/101
f 1009/866/214 1013/870/101 1011/868/101
f 1014/871/101 1012/869/101 1010/867/101
f 1011/868/101 1013/870/101 1015/872/101
f 1016/873/101 1012/869/101 1014/871/101
f 1013/870/101 1017/874/101 1015/872/101
f 1018/875/101 1016/873/101 1014/871/101
f 1015/872/101 1017/874/101 1019/876/101
f 1020/877/101 1016/873/101 1018/875/101
f 1017/874/101 1021/878/101 1019/876/101
f 1021/878/101 1020/877/101 1022/879/101
f 1022/879/101 1020/877/101 1018/875/101
f 1019/876/101 1021/878/101 1022/879/101
f 1023/880/101 1024/881/101 1025/882/101
f 1026/883/101 1023/880/101 1025/882/101
f 1025/882/101 1024/881/101 1027/884/101
f 1028/885/101 1023/880/101 1026/883/101
f 1024/881/101 1029/886/101 1027/884/101
f 1030/887/101 1028/885/101 1026/883/101
f 1027/884/101 1029/886/101 1031/888/101
f 1032/889/101 1028/885/101 1030/887/101
f 1029/886/101 1033/890/101 1031/888/101
f 1034/891/101 1032/889/101 1030/887/101
f 1031/888/101 1033/890/101 1035/892/101
f 1036/893/101 1032/889/101 1034/891/101
f 1033/890/101 1037/894/101 1035/892/101
f 1038/895/215 1036/893/101 1034/891/101
f 1035/892/101 1037/894/101 1039/896/101
f 1040/897/101 1036/893/101 1038/895/215
f 1037/894/101 1041/898/101 1039/896/101
f 1042/899/101 1040/897/101 1038/895/215
f 1039/896/101 1041/898/101 1043/900/216
f 1044/901/101 1040/897/101 1042/899/101
f 1041/898/101 1045/902/101 1043/900/216
f 1046/903/101 1044/901/101 1042/899/101
f 1043/900/216 1045/902/101 1047/904/101
f 1048/905/101 1044/901/101 1046/903/101
f 1045/902/101 1049/906/101 1047/904/101
f 1050/907/101 1048/905/101 1046/903/101
f 1047/904/101 1049/906/101 1051/908/101
f 1052/909/101 1048/905/101 1050/907/101
f 1049/906/101 1053/910/101 1051/908/101
f 1054/911/101 1052/909/101 1050/907/101
f 1051/908/101 1053/910/101 1055/912/101
f 1056/913/101 1052/909/101 1054/911/101
f 1053/910/101 1057/914/101 1055/912/101
f 1058/915/101 1056/913/101 1054/911/101
f 1055/912/101 1057/914/101 1059/916/101
f 1060/917/101 1056/913/101 1058/915/101
f 1057/914/101 1061/918/101 1059/916/101
f 1061/918/101 1060/917/101 1062/919/101
f 1062/919/101 1060/917/101 1058/915/101
f 1059/916/101 1061/918/101 1062/919/101
f 1063/920/217 1064/921/218 1065/922/219
f 1065/922/219 1066/923/220 1063/920/217
f 1065/922/219 1064/921/218 1067/924/221
f 1063/920/217 1066/923/220 1068/925/220
f 1069/926/222 1067/924/221 1064/921/218
f 1068/925/220 1066/923/220 1070/927/223
f 1069/926/222 1064/921/218 1071/928/224
f 1069/926/222 1072/929/225 1067/924/221
f 1070/927/223 1066/923/220 1072/929/225
f 1071/928/224 1064/921/218 1073/930/224
f 1074/931/226 1072/929/225 1069/926/222
f 1070/927/223 1072/929/225 1074/931/226
f 1071/928/224 1073/930/224 1075/932/227
f 1075/932/227 1070/927/223 1074/931/226
f 1075/932/227 1073/930/224 1076/933/227
f 1076/933/227 1070/927/223 1075/932/227
f 1077/934/228 1078/930/229 1079/921/230
f 1077/934/228 1079/921/230 1080/935/231
f 1077/934/228 1081/921/232 1078/930/229
f 1080/935/231 1081/921/232 1077/934/228
f 1080/935/231 1079/921/230 1082/920/233
f 1083/920/234 1081/921/232 1080/935/231
f 1084/936/235 1085/937/236 1086/938/237
f 1084/936/235 1086/938/237 1087/939/238
f 1086/938/237 1085/937/236 1088/940/239
f 1084/936/235 1089/938/240 1085/937/236
f 1084/936/235 1087/939/238 1089/938/240
f 1085/937/236 1089/938/240 1090/940/241
f 1091/941/242 1092/942/243 1093/943/244
f 1093/943/244 1092/942/243 1094/944/245
f 1095/945/246 1096/946/246 1097/947/247
f 1097/947/247 1096/946/246 1098/948/246
f 1099/949/248 1100/950/249 1101/951/248
f 1101/951/248 1100/950/249 1102/952/248
f 1103/953/250 1104/954/251 1105/955/251
f 1105/955/251 1104/954/251 1106/956/251
f 1107/957/153 1108/958/153 1109/959/153
f 1109/959/153 1108/958/153 1110/960/153
f 1111/961/252 1112/962/252 1113/963/252
f 1113/963/252 1112/962/252 1114/964/252
f 1115/965/253 1116/966/254 1117/967/253
f 1117/967/253 1116/966/254 1118/968/253
f 1119/969/255 1120/970/256 1121/971/255
f 1121/971/255 1120/970/256 1122/972/255
f 1123/973/257 1124/974/257 1125/975/257
f 1125/975/257 1124/974/257 1126/976/257
f 1127/977/258 1128/978/258 1129/979/258
f 1129/979/258 1128/978/258 1130/980/258
f 1131/981/259 1132/982/259 1133/983/260
f 1133/983/260 1132/982/259 1134/984/260
f 1135/924/261 1136/921/262 1137/922/263
f 1138/926/264 1136/921/262 1135/924/261
f 1137/922/263 1136/921/262 1139/920/263
f 1140/928/265 1136/921/262 1138/926/264
f 1141/929/266 1138/926/264 1135/924/261
f 1139/920/263 1142/923/267 1137/922/263
f 1143/930/268 1136/921/262 1140/928/265
f 1144/931/269 1138/926/264 1141/929/266
f 1145/925/270 1142/923/267 1139/920/263
f 1146/932/271 1143/930/268 1140/928/265
f 1147/927/272 1146/932/271 1144/931/269
f 1147/927/272 1144/931/269 1141/929/266
f 1145/925/270 1147/927/272 1142/923/267
f 1142/923/267 1147/927/272 1141/929/266
f 1148/933/271 1143/930/268 1146/932/271
f 1148/933/271 1146/932/271 1147/927/272
f 1149/944/273 1150/942/274 1151/943/275
f 1151/943/275 1150/942/274 1152/941/276
f 1153/945/277 1154/947/277 1155/946/277
f 1155/946/277 1154/947/277 1156/948/277
f 1157/949/278 1158/951/278 1159/950/279
f 1159/950/279 1158/951/278 1160/952/280
f 1161/953/281 1162/955/282 1163/954/283
f 1163/954/283 1162/955/282 1164/956/284
f 1165/957/153 1166/959/153 1167/958/153
f 1167/958/153 1166/959/153 1168/960/153
f 1169/964/285 1170/962/286 1171/963/285
f 1171/963/285 1170/962/286 1172/961/286
f 1173/968/287 1174/966/287 1175/967/287
f 1175/967/287 1174/966/287 1176/965/288
f 1177/969/289 1178/971/289 1179/970/289
f 1179/970/289 1178/971/289 1180/972/289
f 1181/973/290 1182/975/290 1183/974/291
f 1183/974/291 1182/975/290 1184/976/291
f 1185/980/292 1186/978/292 1187/979/292
f 1187/979/292 1186/978/292 1188/977/292
f 1189/984/293 1190/982/294 1191/983/293
f 1191/983/293 1190/982/294 1192/981/294
f 1193/985/80 1194/986/80 1195/987/80
f 1195/987/80 1194/986/80 1196/988/80
f 1197/989/65 1198/990/65 1199/991/65
f 1199/991/65 1198/990/65 1200/992/65
f 1201/993/295 1202/994/296 1203/995/295
f 1203/995/295 1202/994/296 1204/996/296
f 1205/997/153 1206/998/153 1207/999/153
f 1205/997/153 1208/1000/153 1206/998/153
f 1209/1001/153 1208/1000/153 1205/997/153
f 1210/1002/153 1208/1000/153 1209/1001/153
f 1211/1003/296 1212/1004/296 1213/1005/153
f 1213/1005/153 1212/1004/296 1214/1006/153
f 1215/1007/1 1216/1008/1 1217/1009/1
f 1215/1007/1 1218/1010/1 1216/1008/1
f 1217/1009/1 1216/1008/1 1219/1011/1
f 1220/1012/1 1218/1010/1 1215/1007/1
f 1220/1012/1 1221/1013/1 1218/1010/1
f 1222/1014/1 1221/1013/1 1220/1012/1
f 1223/1015/80 1224/1016/80 1225/1017/80
f 1225/1017/80 1224/1016/80 1226/1018/80
f 1227/1019/153 1228/1020/153 1229/1021/153
f 1229/1021/153 1228/1020/153 1230/1022/153
f 1231/1023/104 1232/1024/104 1233/1025/104
f 1231/1023/104 1234/1026/104 1232/1024/104
f 1235/1027/104 1234/1026/104 1231/1023/104
f 1236/1028/104 1235/1027/104 1231/1023/104
f 1237/1029/104 1235/1027/104 1236/1028/104
f 1236/1028/104 1238/1030/104 1237/1029/104
f 1239/1031/104 1238/1030/104 1236/1028/104
f 1236/1028/104 1240/1032/104 1239/1031/104
f 1241/1033/101 1242/1034/101 1243/1035/101
f 1243/1035/101 1242/1034/101 1244/1036/101
f 1245/989/101 1246/991/101 1247/990/101
f 1247/990/101 1246/991/101 1248/992/101
f 1249/996/297 1250/994/297 1251/1037/298
f 1251/1037/298 1250/994/297 1252/1038/299
f 1253/1039/297 1254/1005/153 1255/1040/297
f 1255/1040/297 1254/1005/153 1256/1006/153
f 1257/1041/80 1258/1018/80 1259/1042/80
f 1259/1042/80 1258/1018/80 1260/1016/80
f 1261/1033/65 1262/1035/65 1263/1034/65
f 1263/1034/65 1262/1035/65 1264/1036/65
f 1265/1043/1 1266/1044/1 1267/1045/1
f 1267/1045/1 1266/1044/1 1268/1046/1
f 1269/1047/300 1270/1048/300 1271/1049/301
f 1270/1048/300 1269/1047/300 1272/1050/302
f 1272/1050/302 1269/1047/300 1273/1051/302
f 1271/1049/301 1270/1048/300 1274/1052/303
f 1274/1052/303 1275/1053/80 1271/1049/301
f 1271/1049/301 1275/1053/80 1276/1054/80
f 1275/1053/80 1277/1055/187 1276/1054/80
f 1276/1054/80 1277/1055/187 1278/1056/187
f 1277/1055/187 1279/1057/304 1278/1056/187
f 1278/1056/187 1279/1057/304 1280/1058/188
f 1281/1059/305 1282/1060/305 1283/1061/306
f 1282/1060/305 1281/1059/305 1284/1062/307
f 1284/1062/307 1281/1059/305 1285/1063/307
f 1283/1061/306 1282/1060/305 1286/1064/306
f 1286/1064/306 1287/1065/80 1283/1061/306
f 1283/1061/306 1287/1065/80 1288/1066/80
f 1287/1065/80 1289/1067/187 1288/1066/80
f 1288/1066/80 1289/1067/187 1290/1068/187
f 1289/1067/187 1291/1069/188 1290/1068/187
f 1290/1068/187 1291/1069/188 1292/1070/188
f 1291/1069/188 1293/1071/190 1292/1070/188
f 1292/1070/188 1293/1071/190 1294/1072/190
f 1295/1073/308 1296/1074/308 1297/1075/309
f 1295/1073/308 1298/1076/310 1296/1074/308
f 1297/1075/309 1296/1074/308 1299/1077/309
f 1296/1074/308 1298/1076/310 1300/1078/310
f 1297/1075/309 1299/1077/309 1301/1079/101
f 1300/1078/310 1298/1076/310 1302/1080/101
f 1301/1079/101 1299/1077/309 1303/1081/101
f 1302/1080/101 1298/1076/310 1304/1082/205
f 1302/1080/101 1304/1082/205 1305/1083/205
f 1303/1081/101 1306/1084/101 1301/1079/101
f 1307/1085/101 1306/1084/101 1303/1081/101
f 1307/1085/101 1308/1086/101 1306/1084/101
f 1306/1084/101 1308/1086/101 1309/1087/101
f 1309/1087/101 1308/1086/101 1310/1088/101
f 1310/1088/101 1308/1086/101 1311/1089/101
f 1310/1088/101 1311/1089/101 1312/1090/101
f 1312/1090/101 1311/1089/101 1313/1091/205
f 1312/1090/101 1313/1091/205 1314/1092/101
f 1315/1093/187 1316/1094/80 1317/1095/187
f 1318/1096/188 1315/1093/187 1317/1095/187
f 1319/1097/304 1315/1093/187 1318/1096/188
f 1317/1095/187 1316/1094/80 1320/1098/80
f 1316/1094/80 1321/1099/183 1320/1098/80
f 1320/1098/80 1321/1099/183 1322/1100/311
f 1321/1099/183 1323/1101/184 1322/1100/311
f 1322/1100/311 1323/1101/184 1324/1102/312
f 1323/1101/184 1325/1103/313 1324/1102/312
f 1324/1102/312 1325/1103/313 1326/1104/185
f 1327/1105/1 1328/1106/198 1329/1107/1
f 1330/1108/197 1327/1105/1 1329/1107/1
f 1329/1107/1 1328/1106/198 1331/1109/198
f 1332/1110/197 1327/1105/1 1330/1108/197
f 1328/1106/198 1333/1111/314 1331/1109/198
f 1331/1109/198 1333/1111/314 1334/1112/314
f 1335/1113/194 1332/1110/197 1330/1108/197
f 1336/1114/194 1332/1110/197 1335/1113/194
f 1337/1115/193 1336/1114/194 1335/1113/194
f 1338/1116/315 1336/1114/194 1337/1115/193
f 1339/1117/104 1340/1118/192 1341/1119/104
f 1342/1120/191 1339/1117/104 1341/1119/104
f 1341/1119/104 1340/1118/192 1343/1121/192
f 1344/1122/191 1339/1117/104 1342/1120/191
f 1340/1118/192 1345/1123/193 1343/1121/192
f 1343/1121/192 1345/1123/193 1346/1124/193
f 1347/1125/186 1344/1122/191 1342/1120/191
f 1348/1126/186 1344/1122/191 1347/1125/186
f 1349/1127/153 1350/1128/203 1351/1129/153
f 1352/1130/202 1349/1127/153 1351/1129/153
f 1351/1129/153 1350/1128/203 1353/1131/203
f 1354/1132/202 1349/1127/153 1352/1130/202
f 1350/1128/203 1355/1133/189 1353/1131/203
f 1356/1134/200 1354/1132/202 1352/1130/202
f 1353/1131/203 1355/1133/189 1357/1135/204
f 1358/1136/200 1354/1132/202 1356/1134/200
f 1355/1133/189 1359/1137/188 1357/1135/204
f 1357/1135/204 1359/1137/188 1360/1138/316
f 1361/1139/317 1358/1136/200 1356/1134/200
f 1362/1140/318 1358/1136/200 1361/1139/317
f 1363/1141/198 1364/1142/1 1365/1143/198
f 1366/1144/199 1363/1141/198 1365/1143/198
f 1367/1145/314 1363/1141/198 1366/1144/199
f 1365/1143/198 1364/1142/1 1368/1146/1
f 1364/1142/1 1369/1147/197 1368/1146/1
f 1368/1146/1 1369/1147/197 1370/1148/197
f 1369/1147/197 1371/1149/196 1370/1148/197
f 1370/1148/197 1371/1149/196 1372/1150/319
f 1371/1149/196 1373/1151/315 1372/1150/319
f 1372/1150/319 1373/1151/315 1374/1152/315
f 1375/1153/104 1376/1154/191 1377/1155/104
f 1378/1156/192 1375/1153/104 1377/1155/104
f 1377/1155/104 1376/1154/191 1379/1157/191
f 1380/1158/192 1375/1153/104 1378/1156/192
f 1376/1154/191 1381/1159/320 1379/1157/191
f 1379/1157/191 1381/1159/320 1382/1160/321
f 1383/1161/193 1380/1158/192 1378/1156/192
f 1384/1162/193 1380/1158/192 1383/1161/193
f 1385/1163/200 1386/1164/317 1387/1165/200
f 1388/1166/202 1385/1163/200 1387/1165/200
f 1387/1165/200 1386/1164/317 1389/1167/317
f 1390/1168/202 1385/1163/200 1388/1166/202
f 1391/1169/153 1390/1168/202 1388/1166/202
f 1392/1170/153 1390/1168/202 1391/1169/153
f 1393/1171/203 1392/1170/153 1391/1169/153
f 1394/1172/203 1392/1170/153 1393/1171/203
f 1395/1173/204 1394/1172/203 1393/1171/203
f 1396/1174/204 1394/1172/203 1395/1173/204
f 1397/1175/322 1396/1174/204 1395/1173/204
f 1398/1176/322 1396/1174/204 1397/1175/322
f 1399/1177/101 1400/1178/101 1401/1179/101
f 1402/1180/323 1399/1177/101 1401/1179/101
f 1401/1179/101 1400/1178/101 1403/1181/101
f 1404/1182/324 1399/1177/101 1402/1180/323
f 1400/1178/101 1405/1183/101 1403/1181/101
f 1406/1184/325 1404/1182/324 1402/1180/323
f 1403/1181/101 1405/1183/101 1407/1185/101
f 1408/1186/326 1404/1182/324 1406/1184/325
f 1405/1183/101 1409/1187/101 1407/1185/101
f 1408/1186/326 1406/1184/325 1410/1188/327
f 1407/1185/101 1409/1187/101 1411/1189/101
f 1410/1188/327 1406/1184/325 1412/1190/328
f 1409/1187/101 1413/1191/101 1411/1189/101
f 1414/1192/101 1410/1188/327 1412/1190/328
f 1411/1189/101 1413/1191/101 1415/1193/101
f 1416/1194/101 1410/1188/327 1414/1192/101
f 1413/1191/101 1417/1195/101 1415/1193/101
f 1418/1196/101 1416/1194/101 1414/1192/101
f 1415/1193/101 1417/1195/101 1419/1197/101
f 1420/1198/101 1416/1194/101 1418/1196/101
f 1417/1195/101 1421/1199/101 1419/1197/101
f 1422/1200/101 1420/1198/101 1418/1196/101
f 1419/1197/101 1421/1199/101 1423/1201/101
f 1424/1202/101 1420/1198/101 1422/1200/101
f 1421/1199/101 1425/1203/101 1423/1201/101
f 1426/1204/101 1424/1202/101 1422/1200/101
f 1423/1201/101 1425/1203/101 1427/1205/101
f 1428/1206/101 1424/1202/101 1426/1204/101
f 1425/1203/101 1429/1207/101 1427/1205/101
f 1430/1208/101 1428/1206/101 1426/1204/101
f 1427/1205/101 1429/1207/101 1431/1209/101
f 1432/1210/101 1428/1206/101 1430/1208/101
f 1429/1207/101 1433/1211/101 1431/1209/101
f 1434/1212/101 1432/1210/101 1430/1208/101
f 1431/1209/101 1433/1211/101 1435/1213/101
f 1436/1214/101 1432/1210/101 1434/1212/101
f 1433/1211/101 1437/1215/101 1435/1213/101
f 1437/1215/101 1436/1214/101 1438/1216/101
f 1438/1216/101 1436/1214/101 1434/1212/101
f 1435/1213/101 1437/1215/101 1438/1216/101
f 1439/1217/65 1440/1218/65 1441/1219/65
f 1442/1220/65 1439/1217/65 1441/1219/65
f 1441/1219/65 1440/1218/65 1443/1221/65
f 1444/1222/65 1439/1217/65 1442/1220/65
f 1440/1218/65 1445/1223/65 1443/1221/65
f 1446/1224/65 1444/1222/65 1442/1220/65
f 1443/1221/65 1445/1223/65 1447/1225/65
f 1448/1226/65 1444/1222/65 1446/1224/65
f 1445/1223/65 1449/1227/65 1447/1225/65
f 1450/1228/65 1448/1226/65 1446/1224/65
f 1447/1225/65 1449/1227/65 1451/1229/65
f 1452/1230/65 1448/1226/65 1450/1228/65
f 1449/1227/65 1453/1231/65 1451/1229/65
f 1454/1232/65 1452/1230/65 1450/1228/65
f 1451/1229/65 1453/1231/65 1455/1233/65
f 1456/1234/65 1452/1230/65 1454/1232/65
f 1453/1231/65 1457/1235/65 1455/1233/65
f 1458/1236/65 1456/1234/65 1454/1232/65
f 1455/1233/65 1457/1235/65 1459/1237/65
f 1460/1238/65 1456/1234/65 1458/1236/65
f 1457/1235/65 1461/1239/65 1459/1237/65
f 1462/1240/65 1460/1238/65 1458/1236/65
f 1459/1237/65 1461/1239/65 1463/1241/65
f 1464/1242/65 1460/1238/65 1462/1240/65
f 1461/1239/65 1465/1243/65 1463/1241/65
f 1466/1244/65 1464/1242/65 1462/1240/65
f 1463/1241/65 1465/1243/65 1467/1245/65
f 1468/1246/65 1464/1242/65 1466/1244/65
f 1465/1243/65 1469/1247/65 1467/1245/65
f 1470/1248/65 1468/1246/65 1466/1244/65
f 1467/1245/65 1469/1247/65 1471/1249/65
f 1472/1250/65 1468/1246/65 1470/1248/65
f 1469/1247/65 1473/1251/65 1471/1249/65
f 1474/1252/65 1472/1250/65 1470/1248/65
f 1471/1249/65 1473/1251/65 1475/1253/65
f 1476/1254/65 1472/1250/65 1474/1252/65
f 1473/1251/65 1477/1255/65 1475/1253/65
f 1477/1255/65 1476/1254/65 1478/1256/65
f 1478/1256/65 1476/1254/65 1474/1252/65
f 1475/1253/65 1477/1255/65 1478/1256/65
f 1479/1257/187 1480/1258/80 1481/1259/187
f 1482/1260/322 1479/1257/187 1481/1259/187
f 1481/1259/187 1480/1258/80 1483/1261/80
f 1484/1262/322 1479/1257/187 1482/1260/322
f 1480/1258/80 1485/1263/183 1483/1261/80
f 1486/1264/189 1484/1262/322 1482/1260/322
f 1487/1265/189 1484/1262/322 1486/1264/189
f 1483/1261/80 1485/1263/183 1488/1266/183
f 1485/1263/183 1489/1267/184 1488/1266/183
f 1488/1266/183 1489/1267/184 1490/1268/184
f 1489/1267/184 1491/1269/329 1490/1268/184
f 1490/1268/184 1491/1269/329 1492/1270/185
f 1493/1271/1 1494/1272/198 1495/1273/1
f 1496/1274/197 1493/1271/1 1495/1273/1
f 1495/1273/1 1494/1272/198 1497/1275/198
f 1498/1276/197 1493/1271/1 1496/1274/197
f 1494/1272/198 1499/1277/199 1497/1275/198
f 1500/1278/196 1498/1276/197 1496/1274/197
f 1497/1275/198 1499/1277/199 1501/1279/199
f 1502/1280/196 1498/1276/197 1500/1278/196
f 1499/1277/199 1503/1281/200 1501/1279/199
f 1501/1279/199 1503/1281/200 1504/1282/201
f 1505/1283/330 1502/1280/196 1500/1278/196
f 1506/1284/330 1502/1280/196 1505/1283/330
f 1507/1285/104 1508/1286/192 1509/1287/104
f 1510/1288/191 1507/1285/104 1509/1287/104
f 1509/1287/104 1508/1286/192 1511/1289/192
f 1512/1290/191 1507/1285/104 1510/1288/191
f 1508/1286/192 1513/1291/193 1511/1289/192
f 1511/1289/192 1513/1291/193 1514/1292/193
f 1515/1293/186 1512/1290/191 1510/1288/191
f 1516/1294/186 1512/1290/191 1515/1293/186
f 1517/1295/153 1518/1296/203 1519/1297/153
f 1520/1298/202 1517/1295/153 1519/1297/153
f 1519/1297/153 1518/1296/203 1521/1299/203
f 1522/1300/202 1517/1295/153 1520/1298/202
f 1518/1296/203 1523/1301/204 1521/1299/203
f 1521/1299/203 1523/1301/204 1524/1302/204
f 1525/1303/200 1522/1300/202 1520/1298/202
f 1526/1304/200 1522/1300/202 1525/1303/200
f 1527/1305/198 1528/1306/1 1529/1307/198
f 1530/1308/331 1527/1305/198 1529/1307/198
f 1529/1307/198 1528/1306/1 1531/1309/1
f 1532/1310/331 1527/1305/198 1530/1308/331
f 1528/1306/1 1533/1311/197 1531/1309/1
f 1534/1312/201 1532/1310/331 1530/1308/331
f 1535/1313/332 1532/1310/331 1534/1312/201
f 1531/1309/1 1533/1311/197 1536/1314/197
f 1533/1311/197 1537/1315/319 1536/1314/197
f 1536/1314/197 1537/1315/319 1538/1316/319
f 1537/1315/319 1539/1317/330 1538/1316/319
f 1538/1316/319 1539/1317/330 1540/1318/333
f 1541/1319/104 1542/1320/191 1543/1321/104
f 1544/1322/192 1541/1319/104 1543/1321/104
f 1543/1321/104 1542/1320/191 1545/1323/191
f 1546/1324/192 1541/1319/104 1544/1322/192
f 1542/1320/191 1547/1325/334 1545/1323/191
f 1545/1323/191 1547/1325/334 1548/1326/334
f 1549/1327/193 1546/1324/192 1544/1322/192
f 1550/1328/193 1546/1324/192 1549/1327/193
f 1551/1329/153 1552/1330/202 1553/1331/153
f 1554/1332/335 1551/1329/153 1553/1331/153
f 1553/1331/153 1552/1330/202 1555/1333/202
f 1556/1334/203 1551/1329/153 1554/1332/335
f 1552/1330/202 1557/1335/200 1555/1333/202
f 1555/1333/202 1557/1335/200 1558/1336/200
f 1559/1337/204 1556/1334/203 1554/1332/335
f 1560/1338/204 1556/1334/203 1559/1337/204
f 1561/1339/101 1562/1340/101 1563/1341/101
f 1564/1342/101 1561/1339/101 1563/1341/101
f 1563/1341/101 1562/1340/101 1565/1343/101
f 1566/1344/101 1561/1339/101 1564/1342/101
f 1562/1340/101 1567/1345/101 1565/1343/101
f 1568/1346/101 1566/1344/101 1564/1342/101
f 1565/1343/101 1567/1345/101 1569/1347/101
f 1570/1348/101 1566/1344/101 1568/1346/101
f 1567/1345/101 1571/1349/101 1569/1347/101
f 1572/1350/101 1570/1348/101 1568/1346/101
f 1569/1347/101 1571/1349/101 1573/1351/101
f 1574/1352/101 1570/1348/101 1572/1350/101
f 1571/1349/101 1575/1353/101 1573/1351/101
f 1576/1354/101 1574/1352/101 1572/1350/101
f 1573/1351/101 1575/1353/101 1577/1355/101
f 1578/1356/101 1574/1352/101 1576/1354/101
f 1575/1353/101 1579/1357/101 1577/1355/101
f 1580/1358/101 1578/1356/101 1576/1354/101
f 1577/1355/101 1579/1357/101 1581/1359/101
f 1582/1360/101 1578/1356/101 1580/1358/101
f 1579/1357/101 1583/1361/101 1581/1359/101
f 1584/1362/101 1582/1360/101 1580/1358/101
f 1581/1359/101 1583/1361/101 1585/1363/101
f 1586/1364/101 1582/1360/101 1584/1362/101
f 1583/1361/101 1587/1365/101 1585/1363/101
f 1588/1366/101 1586/1364/101 1584/1362/101
f 1585/1363/101 1587/1365/101 1589/1367/101
f 1590/1368/101 1586/1364/101 1588/1366/101
f 1587/1365/101 1591/1369/101 1589/1367/101
f 1592/1370/101 1590/1368/101 1588/1366/101
f 1589/1367/101 1591/1369/101 1593/1371/101
f 1594/1372/101 1590/1368/101 1592/1370/101
f 1591/1369/101 1595/1373/101 1593/1371/101
f 1596/1374/101 1594/1372/101 1592/1370/101
f 1593/1371/101 1595/1373/101 1597/1375/101
f 1598/1376/101 1594/1372/101 1596/1374/101
f 1595/1373/101 1599/1377/101 1597/1375/101
f 1599/1377/101 1598/1376/101 1600/1378/101
f 1600/1378/101 1598/1376/101 1596/1374/101
f 1597/1375/101 1599/1377/101 1600/1378/101
f 1601/1379/65 1602/1380/65 1603/1381/65
f 1604/1382/65 1601/1379/65 1603/1381/65
f 1603/1381/65 1602/1380/65 1605/1383/65
f 1606/1384/65 1601/1379/65 1604/1382/65
f 1602/1380/65 1607/1385/65 1605/1383/65
f 1608/1386/65 1606/1384/65 1604/1382/65
f 1605/1383/65 1607/1385/65 1609/1387/65
f 1610/1388/65 1606/1384/65 1608/1386/65
f 1607/1385/65 1611/1389/65 1609/1387/65
f 1612/1390/65 1610/1388/65 1608/1386/65
f 1609/1387/65 1611/1389/65 1613/1391/65
f 1614/1392/65 1610/1388/65 1612/1390/65
f 1611/1389/65 1615/1393/65 1613/1391/65
f 1616/1394/65 1614/1392/65 1612/1390/65
f 1613/1391/65 1615/1393/65 1617/1395/65
f 1618/1396/65 1614/1392/65 1616/1394/65
f 1615/1393/65 1619/1397/65 1617/1395/65
f 1620/1398/65 1618/1396/65 1616/1394/65
f 1617/1395/65 1619/1397/65 1621/1399/65
f 1622/1400/65 1618/1396/65 1620/1398/65
f 1619/1397/65 1623/1401/65 1621/1399/65
f 1624/1402/65 1622/1400/65 1620/1398/65
f 1621/1399/65 1623/1401/65 1625/1403/65
f 1626/1404/65 1622/1400/65 1624/1402/65
f 1623/1401/65 1627/1405/65 1625/1403/65
f 1628/1406/65 1626/1404/65 1624/1402/65
f 1625/1403/65 1627/1405/65 1629/1407/65
f 1630/1408/65 1626/1404/65 1628/1406/65
f 1627/1405/65 1631/1409/65 1629/1407/65
f 1632/1410/65 1630/1408/65 1628/1406/65
f 1629/1407/65 1631/1409/65 1633/1411/65
f 1634/1412/65 1630/1408/65 1632/1410/65
f 1631/1409/65 1635/1413/65 1633/1411/65
f 1636/1414/65 1634/1412/65 1632/1410/65
f 1633/1411/65 1635/1413/65 1637/1415/65
f 1638/1416/65 1634/1412/65 1636/1414/65
f 1635/1413/65 1639/1417/65 1637/1415/65
f 1639/1417/65 1638/1416/65 1640/1418/65
f 1640/1418/65 1638/1416/65 1636/1414/65
f 1637/1415/65 1639/1417/65 1640/1418/65
f 1641/1419/101 1642/1420/101 1643/1421/101
f 1641/1419/101 1644/1422/101 1642/1420/101
f 1642/1420/101 1645/1423/101 1643/1421/101
f 1642/1420/101 1644/1422/101 1646/1424/101
f 1645/1423/101 1647/1425/101 1643/1421/101
f 1646/1424/101 1644/1422/101 1648/1426/101
f 1647/1425/101 1649/1427/101 1643/1421/101
f 1650/1428/101 1646/1424/101 1648/1426/101
f 1651/1429/101 1649/1427/101 1647/1425/101
f 1648/1426/101 1652/1430/101 1650/1428/101
f 1649/1427/101 1651/1429/101 1653/1431/101
f 1650/1428/101 1652/1430/101 1654/1432/101
f 1653/1431/101 1651/1429/101 1655/1433/101
f 1652/1430/101 1656/1434/101 1654/1432/101
f 1655/1433/101 1657/1435/101 1653/1431/101
f 1652/1430/101 1658/1436/101 1656/1434/101
f 1659/1437/101 1657/1435/101 1655/1433/101
f 1656/1434/101 1658/1436/101 1660/1438/101
f 1659/1437/101 1661/1439/101 1657/1435/101
f 1660/1438/101 1658/1436/101 1662/1440/101
f 1657/1435/101 1661/1439/101 1663/1441/101
f 1657/1435/101 1663/1441/101 1664/1442/101
f 1658/1436/101 1665/1443/101 1662/1440/101
f 1662/1440/101 1665/1443/101 1666/1444/101
f 1666/1444/101 1665/1443/101 1667/1445/101
f 1668/1446/65 1669/1447/65 1670/1448/65
f 1668/1446/65 1671/1449/65 1669/1447/65
f 1672/1450/65 1671/1449/65 1668/1446/65
f 1672/1450/65 1673/1451/65 1671/1449/65
f 1672/1450/65 1674/1452/65 1673/1451/65
f 1675/1453/65 1674/1452/65 1672/1450/65
f 1676/1454/65 1674/1452/65 1675/1453/65
f 1677/1455/65 1676/1454/65 1675/1453/65
f 1678/1456/65 1677/1455/65 1675/1453/65
f 1677/1455/65 1678/1456/65 1679/1457/336
f 1678/1456/65 1680/1458/336 1679/1457/336
f 1680/1458/336 1681/1459/65 1679/1457/336
f 1682/1460/65 1681/1459/65 1680/1458/336
f 1682/1460/65 1683/1461/65 1681/1459/65
f 1681/1459/65 1683/1461/65 1684/1462/65
f 1683/1461/65 1685/1463/65 1684/1462/65
f 1686/1464/65 1685/1463/65 1683/1461/65
f 1687/1465/65 1685/1463/65 1686/1464/65
f 1686/1464/65 1688/1466/65 1687/1465/65
f 1687/1465/65 1688/1466/65 1689/1467/65
f 1690/1468/65 1689/1467/65 1688/1466/65
f 1691/1469/65 1689/1467/65 1690/1468/65
f 1691/1469/65 1690/1468/65 1692/1470/65
f 1692/1470/65 1690/1468/65 1693/1471/65
f 1693/1471/65 1690/1468/65 1694/1472/65
f 1695/1473/80 1696/1474/80 1697/1475/80
f 1695/1473/80 1698/1476/80 1696/1474/80
f 1697/1475/80 1696/1474/80 1699/1477/80
f 1700/1478/80 1698/1476/80 1695/1473/80
f 1701/1479/337 1702/1480/338 1703/1481/198
f 1702/1480/338 1701/1479/337 1704/1482/199
f 1703/1481/198 1705/1483/1 1701/1479/337
f 1706/1484/199 1702/1480/338 1704/1482/199
f 1701/1479/337 1705/1483/1 1707/1485/1
f 1704/1482/199 1708/1486/339 1706/1484/199
f 1702/1480/338 1706/1484/199 1709/1487/338
f 1705/1483/1 1710/1488/197 1707/1485/1
f 1708/1486/339 1711/1489/339 1706/1484/199
f 1709/1487/338 1706/1484/199 1712/1490/199
f 1706/1484/199 1711/1489/339 1712/1490/199
f 1707/1485/1 1710/1488/197 1713/1491/197
f 1708/1486/339 1714/1492/202 1711/1489/339
f 1712/1490/199 1715/1493/199 1709/1487/338
f 1712/1490/199 1711/1489/339 1715/1493/199
f 1710/1488/197 1716/1494/196 1713/1491/197
f 1711/1489/339 1714/1492/202 1717/1495/202
f 1709/1487/338 1715/1493/199 1718/1496/340
f 1713/1491/197 1716/1494/196 1719/1497/196
f 1714/1492/202 1720/1498/153 1717/1495/202
f 1709/1487/338 1718/1496/340 1721/1499/198
f 1716/1494/196 1722/1500/193 1719/1497/196
f 1717/1495/202 1720/1498/153 1723/1501/153
f 1724/1502/1 1721/1499/198 1718/1496/340
f 1719/1497/196 1722/1500/193 1725/1503/193
f 1720/1498/153 1726/1504/203 1723/1501/153
f 1727/1505/1 1721/1499/198 1724/1502/1
f 1722/1500/193 1728/1506/192 1725/1503/193
f 1723/1501/153 1726/1504/203 1729/1507/203
f 1730/1508/197 1727/1505/1 1724/1502/1
f 1725/1503/193 1728/1506/192 1731/1509/192
f 1726/1504/203 1732/1510/341 1729/1507/203
f 1733/1511/197 1727/1505/1 1730/1508/197
f 1728/1506/192 1734/1512/104 1731/1509/192
f 1729/1507/203 1732/1510/341 1735/1513/341
f 1736/1514/196 1733/1511/197 1730/1508/197
f 1731/1509/192 1734/1512/104 1737/1515/104
f 1732/1510/341 1738/1516/188 1735/1513/341
f 1739/1517/196 1733/1511/197 1736/1514/196
f 1734/1512/104 1740/1518/191 1737/1515/104
f 1732/1510/341 1741/1519/188 1738/1516/188
f 1742/1520/193 1739/1517/196 1736/1514/196
f 1735/1513/341 1738/1516/188 1743/1521/342
f 1737/1515/104 1740/1518/191 1744/1522/191
f 1745/1523/193 1739/1517/196 1742/1520/193
f 1735/1513/341 1743/1521/342 1746/1524/188
f 1738/1516/188 1741/1519/188 1747/1525/343
f 1748/1526/192 1745/1523/193 1742/1520/193
f 1740/1518/191 1749/1527/186 1744/1522/191
f 1747/1525/343 1750/1528/343 1738/1516/188
f 1743/1521/342 1750/1528/343 1746/1524/188
f 1751/1529/192 1745/1523/193 1748/1526/192
f 1744/1522/191 1749/1527/186 1752/1530/186
f 1738/1516/188 1750/1528/343 1743/1521/342
f 1753/1531/104 1751/1529/192 1748/1526/192
f 1750/1528/343 1754/1532/344 1746/1524/188
f 1749/1527/186 1755/1533/184 1752/1530/186
f 1756/1534/104 1751/1529/192 1753/1531/104
f 1754/1532/344 1750/1528/343 1757/1535/187
f 1758/1536/344 1747/1525/343 1741/1519/188
f 1759/1537/191 1756/1534/104 1753/1531/104
f 1757/1535/187 1760/1538/80 1754/1532/344
f 1761/1539/187 1747/1525/343 1758/1536/344
f 1762/1540/191 1756/1534/104 1759/1537/191
f 1752/1530/186 1755/1533/184 1763/1541/184
f 1764/1542/80 1761/1539/187 1758/1536/344
f 1765/1543/186 1762/1540/191 1759/1537/191
f 1754/1532/344 1760/1538/80 1766/1544/80
f 1767/1545/80 1761/1539/187 1764/1542/80
f 1768/1546/186 1762/1540/191 1765/1543/186
f 1755/1533/184 1769/1547/345 1763/1541/184
f 1770/1548/183 1767/1545/80 1764/1542/80
f 1771/1549/184 1768/1546/186 1765/1543/186
f 1760/1538/80 1772/1550/183 1766/1544/80
f 1773/1551/183 1767/1545/80 1770/1548/183
f 1763/1541/184 1769/1547/345 1774/1552/345
f 1775/1553/184 1768/1546/186 1771/1549/184
f 1766/1544/80 1772/1550/183 1776/1554/183
f 1777/1555/183 1775/1553/184 1771/1549/184
f 1778/1556/345 1775/1553/184 1777/1555/183
f 1779/1557/65 1780/1558/65 1781/1559/65
f 1779/1557/65 1781/1559/65 1782/1560/65
f 1781/1559/65 1780/1558/65 1783/1561/65
f 1782/1560/65 1781/1559/65 1784/1562/65
f 1783/1561/65 1780/1558/65 1785/1563/65
f 1782/1560/65 1784/1562/65 1786/1564/65
f 1785/1563/65 1780/1558/65 1787/1565/65
f 1786/1564/65 1784/1562/65 1788/1566/65
f 1785/1563/65 1787/1565/65 1789/1567/65
f 1786/1564/65 1788/1566/65 1790/1568/65
f 1789/1567/65 1787/1565/65 1791/1569/65
f 1790/1568/65 1788/1566/65 1792/1570/65
f 1789/1567/65 1791/1569/65 1793/1571/65
f 1790/1568/65 1792/1570/65 1794/1572/65
f 1793/1571/65 1791/1569/65 1795/1573/65
f 1793/1571/65 1795/1573/65 1796/1574/210
f 1794/1572/65 1792/1570/65 1797/1575/211
f 1794/1572/65 1797/1575/211 1798/1576/346
f 1799/1577/153 1800/1578/153 1801/1579/153
f 1801/1579/153 1800/1578/153 1802/1580/153
f 1803/1581/153 1804/1582/153 1805/1583/153
f 1805/1583/153 1804/1582/153 1806/1584/153
f 1807/1585/1 1808/1586/1 1809/1587/1
f 1809/1587/1 1808/1586/1 1810/1588/1
f 1811/1589/1 1812/1590/1 1813/1591/1
f 1814/1592/1 1811/1589/1 1813/1591/1
f 1815/1593/1 1811/1589/1 1814/1592/1
f 1816/1594/65 1817/1595/65 1818/1596/65
f 1819/1597/65 1816/1594/65 1818/1596/65
f 1818/1596/65 1817/1595/65 1820/1598/65
f 1821/1599/65 1816/1594/65 1819/1597/65
f 1817/1595/65 1822/1600/65 1820/1598/65
f 1823/1601/65 1821/1599/65 1819/1597/65
f 1820/1598/65 1822/1600/65 1824/1602/65
f 1825/1603/65 1821/1599/65 1823/1601/65
f 1822/1600/65 1826/1604/65 1824/1602/65
f 1827/1605/65 1825/1603/65 1823/1601/65
f 1824/1602/65 1826/1604/65 1828/1606/65
f 1829/1607/65 1825/1603/65 1827/1605/65
f 1826/1604/65 1830/1608/65 1828/1606/65
f 1831/1609/65 1829/1607/65 1827/1605/65
f 1828/1606/65 1830/1608/65 1832/1610/65
f 1833/1611/65 1829/1607/65 1831/1609/65
f 1830/1608/65 1834/1612/65 1832/1610/65
f 1835/1613/65 1833/1611/65 1831/1609/65
f 1832/1610/65 1834/1612/65 1836/1614/65
f 1837/1615/65 1833/1611/65 1835/1613/65
f 1834/1612/65 1838/1616/65 1836/1614/65
f 1839/1617/65 1837/1615/65 1835/1613/65
f 1836/1614/65 1838/1616/65 1840/1618/65
f 1841/1619/65 1837/1615/65 1839/1617/65
f 1838/1616/65 1842/1620/65 1840/1618/65
f 1843/1621/65 1841/1619/65 1839/1617/65
f 1840/1618/65 1842/1620/65 1844/1622/65
f 1845/1623/65 1841/1619/65 1843/1621/65
f 1842/1620/65 1846/1624/65 1844/1622/65
f 1847/1625/65 1845/1623/65 1843/1621/65
f 1844/1622/65 1846/1624/65 1848/1626/65
f 1849/1627/65 1845/1623/65 1847/1625/65
f 1846/1624/65 1850/1628/65 1848/1626/65
f 1851/1629/65 1849/1627/65 1847/1625/65
f 1848/1626/65 1850/1628/65 1852/1630/65
f 1853/1631/65 1849/1627/65 1851/1629/65
f 1850/1628/65 1854/1632/65 1852/1630/65
f 1854/1632/65 1853/1631/65 1855/1633/65
f 1855/1633/65 1853/1631/65 1851/1629/65
f 1852/1630/65 1854/1632/65 1855/1633/65
f 1856/1634/101 1857/1635/101 1858/1636/101
f 1859/1637/101 1856/1634/101 1858/1636/101
f 1858/1636/101 1857/1635/101 1860/1638/101
f 1861/1639/101 1856/1634/101 1859/1637/101
f 1857/1635/101 1862/1640/101 1860/1638/101
f 1863/1641/101 1861/1639/101 1859/1637/101
f 1860/1638/101 1862/1640/101 1864/1642/101
f 1865/1643/101 1861/1639/101 1863/1641/101
f 1862/1640/101 1866/1644/101 1864/1642/101
f 1867/1645/101 1865/1643/101 1863/1641/101
f 1864/1642/101 1866/1644/101 1868/1646/101
f 1869/1647/101 1865/1643/101 1867/1645/101
f 1866/1644/101 1870/1648/101 1868/1646/101
f 1871/1649/101 1869/1647/101 1867/1645/101
f 1868/1646/101 1870/1648/101 1872/1650/101
f 1873/1651/101 1869/1647/101 1871/1649/101
f 1870/1648/101 1874/1652/101 1872/1650/101
f 1875/1653/101 1873/1651/101 1871/1649/101
f 1872/1650/101 1874/1652/101 1876/1654/101
f 1877/1655/101 1873/1651/101 1875/1653/101
f 1874/1652/101 1878/1656/101 1876/1654/101
f 1879/1657/101 1877/1655/101 1875/1653/101
f 1876/1654/101 1878/1656/101 1880/1658/101
f 1881/1659/101 1877/1655/101 1879/1657/101
f 1878/1656/101 1882/1660/347 1880/1658/101
f 1883/1661/101 1881/1659/101 1879/1657/101
f 1880/1658/101 1882/1660/347 1884/1662/348
f 1885/1663/101 1881/1659/101 1883/1661/101
f 1882/1660/347 1886/1664/349 1884/1662/348
f 1887/1665/101 1885/1663/101 1883/1661/101
f 1888/1666/350 1886/1664/349 1882/1660/347
f 1889/1667/101 1885/1663/101 1887/1665/101
f 1888/1666/350 1890/1668/351 1886/1664/349
f 1891/1669/101 1889/1667/101 1887/1665/101
f 1886/1664/349 1890/1668/351 1892/1670/352
f 1893/1671/101 1889/1667/101 1891/1669/101
f 1890/1668/351 1894/1672/101 1892/1670/352
f 1894/1672/101 1893/1671/101 1895/1673/101
f 1895/1673/101 1893/1671/101 1891/1669/101
f 1892/1670/352 1894/1672/101 1895/1673/101
f 1896/1674/80 1897/1675/80 1898/1676/80
f 1896/1674/80 1898/1676/80 1899/1677/80
f 1898/1676/80 1897/1675/80 1900/1678/80
f 1897/1675/80 1896/1674/80 1901/1679/154
f 1897/1675/80 1902/1680/80 1900/1678/80
f 1901/1679/154 1896/1674/80 1903/1681/353
f 1904/1682/80 1902/1680/80 1897/1675/80
f 1901/1679/154 1905/1683/80 1897/1675/80
f 1904/1682/80 1906/1684/80 1902/1680/80
f 1907/1685/80 1897/1675/80 1905/1683/80
f 1904/1682/80 1897/1675/80 1907/1685/80
f 1908/1686/80 1906/1684/80 1904/1682/80
f 1907/1685/80 1909/1687/80 1904/1682/80
f 1904/1682/80 1909/1687/80 1908/1686/80
f 1906/1684/80 1908/1686/80 1910/1688/80
f 1911/1689/80 1908/1686/80 1909/1687/80
f 1910/1688/80 1908/1686/80 1912/1690/80
f 1912/1690/80 1908/1686/80 1911/1689/80
f 1910/1688/80 1912/1690/80 1913/1691/155
f 1914/1692/80 1912/1690/80 1911/1689/80
f 1913/1691/155 1912/1690/80 1915/1693/80
f 1915/1693/80 1912/1690/80 1914/1692/80
f 1916/1694/354 1917/1695/355 1918/1696/354
f 1918/1696/354 1919/1697/356 1916/1694/354
f 1920/1698/354 1918/1696/354 1917/1695/355
f 1921/1699/357 1919/1697/356 1918/1696/354
f 1922/1700/358 1918/1696/354 1920/1698/354
f 1918/1696/354 1923/1701/359 1921/1699/357
f 1921/1699/357 1924/1702/1 1919/1697/356
f 1918/1696/354 1922/1700/358 1925/1703/1
f 1925/1703/1 1923/1701/359 1918/1696/354
f 1925/1703/1 1922/1700/358 1926/1704/357
f 1927/1705/1 1924/1702/1 1921/1699/357
f 1923/1701/359 1927/1705/1 1921/1699/357
f 1927/1705/1 1928/1706/1 1924/1702/1
f 1929/1707/1 1927/1705/1 1923/1701/359
f 1930/1708/1 1928/1706/1 1927/1705/1
f 1930/1708/1 1927/1705/1 1929/1707/1
f 1928/1706/1 1930/1708/1 1931/1709/360
f 1930/1708/1 1929/1707/1 1932/1710/1
f 1931/1709/360 1930/1708/1 1932/1710/1
f 1932/1710/1 1929/1707/1 1933/1711/355
f 1931/1709/360 1932/1710/1 1934/1712/361
f 1935/1713/362 1936/1714/363 1937/1715/364
f 1936/1714/363 1935/1713/362 1938/1716/104
f 1937/1715/364 1936/1714/363 1939/1717/365
f 1938/1716/104 1935/1713/362 1940/1718/104
f 1941/1719/364 1935/1713/362 1937/1715/364
f 1938/1716/104 1940/1718/104 1942/1714/366
f 1943/1720/362 1935/1713/362 1941/1719/364
f 1935/1713/362 1943/1720/362 1940/1718/104
f 1942/1714/366 1940/1718/104 1944/1721/367
f 1940/1718/104 1943/1720/362 1945/1722/104
f 1940/1718/104 1945/1722/104 1944/1721/367
f 1942/1714/366 1944/1721/367 1946/1723/368
f 1944/1721/367 1945/1722/104 1947/1720/367
f 1946/1723/368 1944/1721/367 1948/1724/369
f 1949/1725/370 1944/1721/367 1947/1720/367
f 1948/1724/369 1944/1721/367 1949/1725/370
f 1950/1726/370 1946/1723/368 1948/1724/369
f 1948/1724/369 1949/1725/370 1951/1727/371
f 1950/1726/370 1948/1724/369 1952/1728/371
f 1952/1728/371 1948/1724/369 1951/1727/371
f 1953/1729/368 1946/1723/368 1950/1726/370
f 1951/1727/371 1949/1725/370 1954/1730/371
f 1955/1731/372 1952/1728/371 1951/1727/371
f 1956/1732/372 1951/1727/371 1954/1730/371
f 1955/1731/372 1951/1727/371 1956/1732/372
f 1957/1733/372 1952/1728/371 1955/1731/372
f 1958/1734/65 1955/1731/372 1956/1732/372
f 1959/1735/65 1957/1733/372 1955/1731/372
f 1959/1735/65 1955/1731/372 1958/1734/65
f 1960/1736/65 1957/1733/372 1959/1735/65
f 1961/1737/373 1959/1735/65 1958/1734/65
f 1962/1738/373 1960/1736/65 1959/1735/65
f 1962/1738/373 1959/1735/65 1961/1737/373
f 1963/1739/373 1960/1736/65 1962/1738/373
f 1964/1740/374 1962/1738/373 1961/1737/373
f 1965/1741/374 1963/1739/373 1962/1738/373
f 1965/1741/374 1962/1738/373 1964/1740/374
f 1966/1742/374 1963/1739/373 1965/1741/374
f 1967/1743/375 1965/1741/374 1964/1740/374
f 1968/1744/376 1966/1742/374 1965/1741/374
f 1968/1744/376 1965/1741/374 1967/1743/375
f 1969/1745/377 1966/1742/374 1968/1744/376
f 1970/1746/378 1968/1744/376 1967/1743/375
f 1971/1747/379 1969/1745/377 1968/1744/376
f 1971/1747/379 1968/1744/376 1970/1746/378
f 1972/1748/380 1969/1745/377 1971/1747/379
f 1973/1749/153 1971/1747/379 1970/1746/378
f 1974/1750/381 1972/1748/380 1971/1747/379
f 1974/1750/381 1971/1747/379 1973/1749/153
f 1975/1751/382 1972/1748/380 1974/1750/381
f 1976/1752/383 1974/1750/381 1973/1749/153
f 1977/1753/384 1975/1751/382 1974/1750/381
f 1977/1753/384 1974/1750/381 1976/1752/383
f 1978/1754/385 1975/1751/382 1977/1753/384
f 1979/1755/386 1977/1753/384 1976/1752/383
f 1980/1756/387 1978/1754/385 1977/1753/384
f 1980/1756/387 1977/1753/384 1979/1755/386
f 1981/1757/388 1978/1754/385 1980/1756/387
f 1982/1758/389 1980/1756/387 1979/1755/386
f 1983/1759/390 1981/1757/388 1980/1756/387
f 1983/1759/390 1980/1756/387 1982/1758/389
f 1984/1760/391 1981/1757/388 1983/1759/390
f 1983/1759/390 1982/1758/389 1985/1761/392
f 1985/1761/392 1984/1760/391 1983/1759/390
f 1985/1761/392 1982/1758/389 1986/1762/393
f 1987/1763/394 1984/1760/391 1985/1761/392
f 1988/1764/395 1989/1765/396 1990/1766/80
f 1989/1765/396 1988/1764/395 1991/1767/397
f 1989/1765/396 1992/1768/80 1990/1766/80
f 1991/1767/397 1988/1764/395 1993/1769/398
f 1989/1765/396 1994/1770/80 1992/1768/80
f 1990/1766/80 1992/1768/80 1995/1771/154
f 1991/1767/397 1993/1769/398 1996/1772/399
f 1997/1773/400 1994/1770/80 1989/1765/396
f 1991/1767/397 1997/1773/400 1989/1765/396
f 1992/1768/80 1994/1770/80 1998/1774/80
f 1999/1775/401 1991/1767/397 1996/1772/399
f 2000/1776/402 1997/1773/400 1991/1767/397
f 1998/1774/80 1994/1770/80 2001/1777/155
f 2001/1777/155 2002/1778/80 1998/1774/80
f 1999/1775/401 2003/1779/181 1991/1767/397
f 1991/1767/397 2003/1779/181 2000/1776/402
f 1999/1775/401 1996/1772/399 2004/1780/80
f 1999/1775/401 2005/1781/403 2003/1779/181
f 2004/1780/80 2006/1782/404 1999/1775/401
f 2006/1782/404 2005/1781/403 1999/1775/401
f 2007/1783/80 2006/1782/404 2004/1780/80
f 2005/1781/403 2006/1782/404 2008/1784/80
f 2008/1784/80 2006/1782/404 2009/1785/80
f 2008/1784/80 2009/1785/80 2010/1786/80
f 2010/1786/80 2009/1785/80 2011/1787/80
f 2010/1786/80 2011/1787/80 2012/1788/80
f 2013/1789/1 2014/1790/1 2015/1791/357
f 2013/1789/1 2016/1792/1 2014/1790/1
f 2017/1793/1 2016/1792/1 2013/1789/1
f 2017/1793/1 2018/1794/1 2016/1792/1
f 2019/1795/1 2018/1794/1 2017/1793/1
f 2019/1795/1 2020/1796/1 2018/1794/1
f 2021/1797/1 2020/1796/1 2019/1795/1
f 2022/1798/1 2020/1796/1 2021/1797/1
f 2023/1799/1 2020/1796/1 2022/1798/1
f 2022/1798/1 2024/1800/405 2023/1799/1
f 2024/1800/405 2022/1798/1 2025/1801/1
f 2023/1799/1 2024/1800/405 2026/1802/406
f 2025/1801/1 2027/1803/361 2024/1800/405
f 2026/1802/406 2024/1800/405 2028/1804/407
f 2024/1800/405 2027/1803/361 2029/1805/408
f 2028/1804/407 2024/1800/405 2029/1805/408
f 2029/1805/408 2030/1806/409 2028/1804/407
f 2028/1804/407 2030/1806/409 2031/1807/409
f 2031/1807/409 2030/1806/409 2032/1808/410
f 2033/1809/411 2034/1810/412 2035/1811/413
f 2036/1812/414 2033/1809/411 2035/1811/413
f 2035/1811/413 2034/1810/412 2037/1813/415
f 2038/1814/414 2033/1809/411 2036/1812/414
f 2035/1811/413 2037/1813/415 2039/1815/416
f 2040/1816/417 2038/1814/414 2036/1812/414
f 2036/1812/414 2035/1811/413 2041/1817/418
f 2041/1817/418 2035/1811/413 2039/1815/416
f 2039/1815/416 2037/1813/415 2042/1818/419
f 2043/1819/367 2038/1814/414 2040/1816/417
f 2040/1816/417 2036/1812/414 2044/1820/420
f 2044/1820/420 2036/1812/414 2041/1817/418
f 2045/1821/370 2043/1819/367 2040/1816/417
f 2046/1822/370 2040/1816/417 2044/1820/420
f 2045/1821/370 2040/1816/417 2046/1822/370
f 2047/1823/370 2043/1819/367 2045/1821/370
f 2048/1824/371 2045/1821/370 2046/1822/370
f 2049/1825/371 2047/1823/370 2045/1821/370
f 2049/1825/371 2045/1821/370 2048/1824/371
f 2050/1826/371 2047/1823/370 2049/1825/371
f 2051/1827/372 2049/1825/371 2048/1824/371
f 2052/1828/372 2050/1826/371 2049/1825/371
f 2052/1828/372 2049/1825/371 2051/1827/372
f 2053/1829/372 2050/1826/371 2052/1828/372
f 2054/1830/65 2052/1828/372 2051/1827/372
f 2055/1831/65 2053/1829/372 2052/1828/372
f 2055/1831/65 2052/1828/372 2054/1830/65
f 2056/1832/65 2053/1829/372 2055/1831/65
f 2055/1831/65 2054/1830/65 2057/1833/373
f 2055/1831/65 2058/1834/373 2056/1832/65
f 2057/1833/373 2058/1834/373 2055/1831/65
f 2057/1833/373 2054/1830/65 2059/1835/373
f 2057/1833/373 2060/1836/374 2058/1834/373
f 2057/1833/373 2059/1835/373 2061/1837/421
f 2058/1834/373 2060/1836/374 2062/1838/374
f 2061/1837/421 2059/1835/373 2063/1839/422
f 2060/1836/374 2064/1840/375 2062/1838/374
f 2065/1841/374 2060/1836/374 2061/1837/423
f 2062/1838/374 2064/1840/375 2066/1842/375
f 2067/1843/424 2060/1836/374 2065/1841/374
f 2061/1837/423 2060/1836/374 2068/1833/423
f 2064/1840/375 2069/1844/425 2066/1842/375
f 2070/1840/424 2060/1836/374 2067/1843/424
f 2066/1842/375 2069/1844/425 2071/1845/378
f 2072/1846/426 2070/1840/424 2067/1843/424
f 2069/1844/425 2073/1847/153 2071/1845/378
f 2074/1844/427 2070/1840/424 2072/1846/426
f 2075/1848/153 2073/1847/153 2069/1844/425
f 2072/1846/426 2076/1848/428 2074/1844/427
f 2075/1848/153 2077/1849/429 2073/1847/153
f 2078/1850/430 2076/1848/428 2072/1846/426
f 2079/1851/429 2077/1849/429 2075/1848/153
f 2078/1850/430 2079/1851/429 2076/1848/428
f 2077/1849/429 2079/1851/429 2080/1852/431
f 2081/1853/429 2079/1851/429 2078/1850/430
f 2080/1852/431 2079/1851/429 2082/1854/432
f 2079/1851/429 2081/1853/429 2082/1854/432
f 2082/1854/432 2081/1853/429 2083/1855/433
f 2084/1856/434 2085/1857/156 2086/1858/154
f 2086/1858/154 2085/1857/156 2087/1859/155
f 2088/1860/435 2089/1861/374 2090/1862/436
f 2088/1860/435 2091/1863/437 2089/1861/374
f 2090/1862/436 2089/1861/374 2092/1864/373
f 2091/1863/437 2088/1860/435 2093/1865/438
f 2094/1866/65 2090/1862/436 2092/1864/373
f 2089/1861/374 2091/1863/437 2095/1867/375
f 2093/1865/438 2088/1860/435 2096/1868/439
f 2097/1869/65 2090/1862/436 2094/1866/65
f 2098/1870/440 2095/1867/375 2091/1863/437
f 2093/1865/438 2099/1871/438 2091/1863/437
f 2100/1872/373 2096/1868/439 2088/1860/435
f 2100/1872/373 2088/1860/435 2090/1862/436
f 2098/1870/440 2091/1863/437 2101/1873/440
f 2102/1874/441 2095/1867/375 2098/1870/440
f 2103/1875/442 2096/1868/439 2100/1872/373
f 2097/1869/65 2104/1876/443 2090/1862/436
f 2102/1874/441 2098/1870/440 2105/1877/444
f 2098/1870/440 2101/1873/440 2106/1878/445
f 2090/1862/436 2104/1876/443 2100/1872/373
f 2107/1879/65 2104/1876/443 2097/1869/65
f 2105/1877/444 2098/1870/440 2106/1878/445
f 2106/1878/445 2101/1873/440 2108/1880/445
f 2100/1872/373 2104/1876/443 2109/1881/443
f 2097/1869/65 2110/1882/446 2107/1879/65
f 2106/1878/445 2108/1880/445 2111/1870/447
f 2101/1873/440 2112/1883/448 2108/1880/445
f 2105/1877/444 2106/1878/445 2113/1874/449
f 2114/1884/450 2110/1882/446 2097/1869/65
f 2113/1874/449 2106/1878/445 2111/1870/447
f 2101/1873/440 2115/1885/451 2112/1883/448
f 2097/1869/65 2094/1866/65 2114/1884/450
f 2113/1874/449 2111/1870/447 2116/1867/452
f 2101/1873/440 2091/1863/437 2115/1885/451
f 2112/1883/448 2115/1885/451 2117/1886/375
f 2114/1884/450 2094/1866/65 2118/1887/372
f 2116/1867/452 2111/1870/447 2119/1863/453
f 2091/1863/437 2099/1871/438 2115/1885/451
f 2118/1887/372 2120/1888/371 2114/1884/450
f 2119/1863/453 2121/1861/454 2116/1867/452
f 2111/1870/447 2122/1873/447 2119/1863/453
f 2115/1885/451 2123/1889/455 2117/1886/375
f 2114/1884/450 2120/1888/371 2124/1890/456
f 2111/1870/447 2108/1880/445 2122/1873/447
f 2115/1885/451 2125/1891/457 2123/1889/455
f 2115/1885/451 2099/1871/438 2125/1891/457
f 2120/1888/371 2126/1892/370 2124/1890/456
f 2108/1880/445 2127/1893/458 2122/1873/447
f 2117/1886/375 2123/1889/455 2128/1894/374
f 2129/1895/370 2126/1892/370 2120/1888/371
f 2108/1880/445 2112/1883/448 2127/1893/458
f 2122/1873/447 2127/1893/458 2130/1883/447
f 2123/1889/455 2131/1896/373 2128/1894/374
f 2129/1895/370 2132/1897/459 2126/1892/370
f 2122/1873/447 2130/1883/447 2133/1885/460
f 2131/1896/373 2123/1889/455 2134/1898/373
f 2135/1899/459 2132/1897/459 2129/1895/370
f 2119/1863/453 2122/1873/447 2133/1885/460
f 2134/1898/373 2136/1900/443 2131/1896/373
f 2137/1901/461 2132/1897/459 2135/1899/459
f 2133/1885/460 2138/1871/462 2119/1863/453
f 2134/1898/373 2123/1889/455 2139/1902/455
f 2140/1903/463 2132/1897/459 2137/1901/461
f 2133/1885/460 2130/1883/447 2141/1886/452
f 2119/1863/453 2138/1871/462 2142/1865/462
f 2123/1889/455 2125/1891/457 2139/1902/455
f 2133/1885/460 2141/1886/452 2143/1889/454
f 2142/1865/462 2144/1860/464 2119/1863/453
f 2133/1885/460 2145/1891/462 2138/1871/462
f 2137/1901/461 2146/1899/465 2140/1903/463
f 2133/1885/460 2143/1889/454 2145/1891/462
f 2144/1860/464 2121/1861/454 2119/1863/453
f 2147/1868/466 2144/1860/464 2142/1865/462
f 2140/1903/463 2146/1899/465 2148/1897/467
f 2145/1891/462 2143/1889/454 2149/1902/468
f 2147/1868/466 2150/1872/469 2144/1860/464
f 2148/1897/467 2151/1904/463 2140/1903/463
f 2146/1899/465 2152/1895/470 2148/1897/467
f 2149/1902/468 2143/1889/454 2153/1898/471
f 2154/1862/472 2121/1861/454 2144/1860/464
f 2150/1872/469 2154/1862/472 2144/1860/464
f 2148/1897/467 2152/1895/470 2155/1892/470
f 2153/1898/471 2143/1889/454 2156/1896/469
f 2157/1875/469 2150/1872/469 2147/1868/466
f 2158/1905/467 2151/1904/463 2148/1897/467
f 2153/1898/471 2156/1896/469 2159/1900/473
f 2143/1889/454 2160/1894/454 2156/1896/469
f 2154/1862/472 2150/1872/469 2161/1876/474
f 2155/1892/470 2162/1906/470 2148/1897/467
f 2148/1897/467 2162/1906/470 2158/1905/467
f 2156/1896/469 2160/1894/454 2163/1907/469
f 2143/1889/454 2141/1886/452 2160/1894/454
f 2155/1892/470 2164/1908/475 2162/1906/470
f 2158/1905/467 2165/1909/231 2151/1904/463
f 2163/1907/469 2166/1910/101 2156/1896/469
f 2167/1890/476 2164/1908/475 2155/1892/470
f 2168/1911/477 2165/1909/231 2158/1905/467
f 2169/1911/478 2151/1904/463 2165/1909/231
f 2156/1896/469 2166/1910/101 2170/1912/479
f 2155/1892/470 2171/1888/475 2167/1890/476
f 2172/1905/459 2151/1904/463 2169/1911/478
f 2159/1900/473 2156/1896/469 2170/1912/479
f 2152/1895/470 2171/1888/475 2155/1892/470
f 2173/1913/370 2172/1905/459 2169/1911/478
f 2170/1912/479 2174/1914/480 2159/1900/473
f 2172/1905/459 2140/1903/463 2151/1904/463
f 2167/1890/476 2171/1888/475 2175/1884/481
f 2166/1910/101 2176/1915/482 2170/1912/479
f 2177/1906/370 2172/1905/459 2173/1913/370
f 2175/1884/481 2178/1916/483 2167/1890/476
f 2175/1884/481 2171/1888/475 2179/1887/482
f 2170/1912/479 2176/1915/482 2180/1917/484
f 2174/1914/480 2170/1912/479 2180/1917/484
f 2181/1882/485 2178/1916/483 2175/1884/481
f 2178/1916/483 2164/1908/475 2167/1890/476
f 2180/1917/484 2176/1915/482 2164/1908/475
f 2182/1918/486 2174/1914/480 2180/1917/484
f 2183/1919/487 2178/1916/483 2181/1882/485
f 2179/1887/482 2184/1866/101 2175/1884/481
f 2183/1919/487 2182/1918/486 2178/1916/483
f 2180/1917/484 2164/1908/475 2178/1916/483
f 2175/1884/481 2185/1869/101 2181/1882/485
f 2175/1884/481 2184/1866/101 2185/1869/101
f 2186/1920/488 2174/1914/480 2182/1918/486
f 2178/1916/483 2182/1918/486 2180/1917/484
f 2181/1882/485 2185/1869/101 2187/1879/101
f 2185/1869/101 2184/1866/101 2154/1862/472
f 2174/1914/480 2186/1920/488 2188/1921/473
f 2164/1908/475 2176/1915/482 2189/1922/475
f 2187/1879/101 2185/1869/101 2161/1876/474
f 2161/1876/474 2185/1869/101 2154/1862/472
f 2188/1921/473 2186/1920/488 2190/1923/473
f 2159/1900/473 2174/1914/480 2188/1921/473
f 2164/1908/475 2189/1922/475 2162/1906/470
f 2154/1862/472 2184/1866/101 2191/1864/469
f 2161/1876/474 2150/1872/469 2192/1881/473
f 2191/1864/469 2121/1861/454 2154/1862/472
f 2162/1906/470 2189/1922/475 2193/1913/470
f 2162/1906/470 2193/1913/470 2158/1905/467
f 2158/1905/467 2193/1913/470 2168/1911/477
f 2194/1924/80 2195/1925/80 2196/1926/434
f 2194/1924/80 2197/1927/80 2195/1925/80
f 2198/1928/80 2197/1927/80 2194/1924/80
f 2198/1928/80 2199/1929/80 2197/1927/80
f 2200/1930/80 2199/1929/80 2198/1928/80
f 2201/1931/489 2199/1929/80 2200/1930/80
f 2202/1932/490 2199/1929/80 2201/1931/489
f 2202/1932/490 2201/1931/489 2203/1933/491
f 2203/1933/491 2201/1931/489 2204/1934/491
f 2203/1933/491 2204/1934/491 2205/1932/492
f 2205/1932/492 2204/1934/491 2206/1931/490
f 2205/1932/492 2206/1931/490 2207/1929/80
f 2207/1929/80 2206/1931/490 2208/1930/80
f 2208/1930/80 2209/1928/80 2207/1929/80
f 2207/1929/80 2209/1928/80 2210/1927/80
f 2209/1928/80 2211/1924/80 2210/1927/80
f 2210/1927/80 2211/1924/80 2212/1925/80
f 2211/1924/80 2213/1926/155 2212/1925/80
f 2214/1935/1 2215/1936/1 2216/1937/1
f 2214/1935/1 2217/1938/1 2215/1936/1
f 2216/1937/1 2215/1936/1 2218/1939/1
f 2216/1937/1 2218/1939/1 2219/1940/360
f 2220/1941/1 2217/1938/1 2214/1935/1
f 2220/1941/1 2221/1942/493 2217/1938/1
f 2222/1943/494 2221/1942/493 2220/1941/1
f 2223/1944/495 2221/1942/493 2222/1943/494
f 2224/1945/496 2221/1942/493 2223/1944/495
f 2223/1944/495 2225/1943/494 2224/1945/496
f 2224/1945/496 2225/1943/494 2226/1942/494
f 2225/1943/494 2227/1941/1 2226/1942/494
f 2226/1942/494 2227/1941/1 2228/1938/1
f 2227/1941/1 2229/1935/1 2228/1938/1
f 2228/1938/1 2229/1935/1 2230/1936/1
f 2229/1935/1 2231/1937/1 2230/1936/1
f 2230/1936/1 2231/1937/1 2232/1939/1
f 2231/1937/1 2233/1940/1 2232/1939/1
f 2234/1946/497 2235/1947/498 2236/1948/499
f 2237/1949/500 2234/1946/497 2236/1948/499
f 2236/1948/499 2235/1947/498 2238/1950/498
f 2239/1951/500 2234/1946/497 2237/1949/500
f 2240/1946/501 2238/1950/498 2235/1947/498
f 2241/1952/502 2239/1951/500 2237/1949/500
f 2242/1948/503 2238/1950/498 2240/1946/501
f 2243/1953/504 2239/1951/500 2241/1952/502
f 2240/1946/501 2244/1949/505 2242/1948/503
f 2245/1954/506 2243/1953/504 2241/1952/502
f 2246/1951/505 2244/1949/505 2240/1946/501
f 2247/1955/506 2243/1953/504 2245/1954/506
f 2246/1951/505 2248/1952/507 2244/1949/505
f 2249/1956/508 2247/1955/506 2245/1954/506
f 2250/1953/507 2248/1952/507 2246/1951/505
f 2251/1957/509 2247/1955/506 2249/1956/508
f 2250/1953/507 2252/1954/510 2248/1952/507
f 2253/1958/511 2251/1957/509 2249/1956/508
f 2254/1955/512 2252/1954/510 2250/1953/507
f 2255/1959/511 2251/1957/509 2253/1958/511
f 2254/1955/512 2256/1956/513 2252/1954/510
f 2257/1960/514 2255/1959/511 2253/1958/511
f 2258/1957/513 2256/1956/513 2254/1955/512
f 2259/1961/514 2255/1959/511 2257/1960/514
f 2258/1957/513 2260/1958/515 2256/1956/513
f 2261/1962/516 2259/1961/514 2257/1960/514
f 2262/1959/515 2260/1958/515 2258/1957/513
f 2263/1963/517 2259/1961/514 2261/1962/516
f 2262/1959/515 2264/1960/518 2260/1958/515
f 2265/1964/519 2263/1963/517 2261/1962/516
f 2266/1961/518 2264/1960/518 2262/1959/515
f 2267/1965/519 2263/1963/517 2265/1964/519
f 2266/1961/518 2268/1962/520 2264/1960/518
f 2269/1966/521 2267/1965/519 2265/1964/519
f 2270/1963/522 2268/1962/520 2266/1961/518
f 2271/1967/523 2267/1965/519 2269/1966/521
f 2270/1963/522 2272/1964/524 2268/1962/520
f 2269/1966/521 2272/1964/524 2271/1967/523
f 2273/1965/525 2272/1964/524 2270/1963/522
f 2271/1967/523 2272/1964/524 2273/1965/525
f 2274/1968/526 2275/1969/527 2276/1970/528
f 2277/1971/529 2274/1968/526 2276/1970/528
f 2276/1970/528 2275/1969/527 2278/1972/530
f 2279/1973/531 2274/1968/526 2277/1971/529
f 2280/1968/532 2278/1972/530 2275/1969/527
f 2281/1974/533 2279/1973/531 2277/1971/529
f 2282/1970/534 2278/1972/530 2280/1968/532
f 2283/1975/533 2279/1973/531 2281/1974/533
f 2280/1968/532 2284/1971/535 2282/1970/534
f 2285/1976/536 2283/1975/533 2281/1974/533
f 2286/1973/535 2284/1971/535 2280/1968/532
f 2287/1977/536 2283/1975/533 2285/1976/536
f 2286/1973/535 2288/1974/537 2284/1971/535
f 2289/1978/538 2287/1977/536 2285/1976/536
f 2290/1975/537 2288/1974/537 2286/1973/535
f 2291/1979/538 2287/1977/536 2289/1978/538
f 2290/1975/537 2292/1976/539 2288/1974/537
f 2293/1980/540 2291/1979/538 2289/1978/538
f 2294/1977/539 2292/1976/539 2290/1975/537
f 2295/1981/540 2291/1979/538 2293/1980/540
f 2294/1977/539 2296/1978/541 2292/1976/539
f 2297/1982/542 2295/1981/540 2293/1980/540
f 2298/1979/541 2296/1978/541 2294/1977/539
f 2299/1983/542 2295/1981/540 2297/1982/542
f 2298/1979/541 2300/1980/543 2296/1978/541
f 2301/1984/544 2299/1983/542 2297/1982/542
f 2302/1981/543 2300/1980/543 2298/1979/541
f 2303/1985/545 2299/1983/542 2301/1984/544
f 2302/1981/543 2304/1982/546 2300/1980/543
f 2305/1986/547 2303/1985/545 2301/1984/544
f 2306/1983/546 2304/1982/546 2302/1981/543
f 2307/1987/548 2303/1985/545 2305/1986/547
f 2306/1983/546 2308/1984/549 2304/1982/546
f 2309/1988/550 2307/1987/548 2305/1986/547
f 2310/1985/551 2308/1984/549 2306/1983/546
f 2311/1989/552 2307/1987/548 2309/1988/550
f 2310/1985/551 2312/1986/553 2308/1984/549
f 2309/1988/550 2312/1986/553 2311/1989/552
f 2313/1987/553 2312/1986/553 2310/1985/551
f 2311/1989/552 2312/1986/553 2313/1987/553
f 2314/1908/371 2177/1906/370 2315/1922/371
f 2316/1915/372 2314/1908/371 2315/1922/371
f 2315/1922/371 2177/1906/370 2173/1913/370
f 2317/1917/554 2314/1908/371 2316/1915/372
f 2314/1908/371 2126/1892/370 2177/1906/370
f 2317/1917/554 2316/1915/372 2318/1912/555
f 2124/1890/456 2126/1892/370 2314/1908/371
f 2126/1892/370 2132/1897/459 2177/1906/370
f 2319/1914/556 2317/1917/554 2318/1912/555
f 2318/1912/555 2316/1915/372 2320/1910/65
f 2124/1890/456 2314/1908/371 2321/1916/557
f 2177/1906/370 2132/1897/459 2172/1905/459
f 2321/1916/557 2314/1908/371 2317/1917/554
f 2318/1912/555 2320/1910/65 2131/1896/373
f 2114/1884/450 2124/1890/456 2321/1916/557
f 2132/1897/459 2140/1903/463 2172/1905/459
f 2131/1896/373 2136/1900/443 2318/1912/555
f 2318/1912/555 2136/1900/443 2319/1914/556
f 2114/1884/450 2321/1916/557 2110/1882/446
f 2131/1896/373 2320/1910/65 2322/1907/373
f 2317/1917/554 2319/1914/556 2323/1918/558
f 2319/1914/556 2136/1900/443 2324/1921/443
f 2323/1918/558 2321/1916/557 2317/1917/554
f 2128/1894/374 2131/1896/373 2322/1907/373
f 2323/1918/558 2319/1914/556 2325/1920/559
f 2319/1914/556 2324/1921/443 2325/1920/559
f 2110/1882/446 2321/1916/557 2326/1919/560
f 2326/1919/560 2321/1916/557 2323/1918/558
f 2325/1920/559 2324/1921/443 2327/1923/443
f 2328/1990/373 2329/1991/561 2330/1992/373
f 2330/1992/373 2329/1991/561 2331/1993/443
f 2332/1674/80 2333/1676/80 2334/1675/80
f 2332/1674/80 2335/1677/80 2333/1676/80
f 2334/1675/80 2333/1676/80 2336/1678/80
f 2337/1679/80 2332/1674/80 2334/1675/80
f 2338/1680/80 2334/1675/80 2336/1678/80
f 2339/1681/155 2332/1674/80 2337/1679/80
f 2340/1682/80 2334/1675/80 2338/1680/80
f 2337/1679/80 2334/1675/80 2341/1683/80
f 2338/1680/80 2342/1684/80 2340/1682/80
f 2341/1683/80 2334/1675/80 2343/1685/80
f 2343/1685/80 2334/1675/80 2340/1682/80
f 2340/1682/80 2342/1684/80 2344/1686/80
f 2343/1685/80 2340/1682/80 2345/1687/80
f 2345/1687/80 2340/1682/80 2344/1686/80
f 2342/1684/80 2346/1688/80 2344/1686/80
f 2344/1686/80 2347/1689/80 2345/1687/80
f 2344/1686/80 2346/1688/80 2348/1690/80
f 2348/1690/80 2347/1689/80 2344/1686/80
f 2346/1688/80 2349/1691/80 2348/1690/80
f 2348/1690/80 2350/1692/80 2347/1689/80
f 2348/1690/80 2349/1691/80 2351/1693/80
f 2351/1693/80 2350/1692/80 2348/1690/80
f 2352/1694/354 2353/1696/354 2354/1695/562
f 2355/1697/563 2353/1696/354 2352/1694/354
f 2353/1696/354 2356/1698/360 2354/1695/562
f 2357/1699/360 2353/1696/354 2355/1697/563
f 2358/1700/564 2356/1698/360 2353/1696/354
f 2357/1699/360 2359/1701/354 2353/1696/354
f 2355/1697/563 2360/1702/1 2357/1699/360
f 2361/1703/357 2358/1700/564 2353/1696/354
f 2353/1696/354 2359/1701/354 2361/1703/357
f 2362/1704/357 2358/1700/564 2361/1703/357
f 2357/1699/360 2360/1702/1 2363/1705/1
f 2359/1701/354 2357/1699/360 2363/1705/1
f 2360/1702/1 2364/1706/1 2363/1705/1
f 2359/1701/354 2363/1705/1 2365/1707/1
f 2363/1705/1 2364/1706/1 2366/1708/1
f 2365/1707/1 2363/1705/1 2366/1708/1
f 2364/1706/1 2367/1709/1 2366/1708/1
f 2368/1710/1 2365/1707/1 2366/1708/1
f 2366/1708/1 2367/1709/1 2368/1710/1
f 2369/1711/565 2365/1707/1 2368/1710/1
f 2367/1709/1 2370/1712/360 2368/1710/1
f 2371/1717/368 2372/1714/566 2373/1715/368
f 2373/1715/368 2372/1714/566 2374/1713/367
f 2373/1715/368 2374/1713/367 2375/1719/368
f 2376/1716/104 2374/1713/367 2372/1714/566
f 2375/1719/368 2374/1713/367 2377/1720/566
f 2378/1718/104 2374/1713/367 2376/1716/104
f 2378/1718/104 2377/1720/566 2374/1713/367
f 2379/1714/362 2378/1718/104 2376/1716/104
f 2380/1722/104 2377/1720/566 2378/1718/104
f 2381/1721/362 2378/1718/104 2379/1714/362
f 2381/1721/362 2380/1722/104 2378/1718/104
f 2382/1723/364 2381/1721/362 2379/1714/362
f 2383/1720/362 2380/1722/104 2381/1721/362
f 2384/1724/567 2381/1721/362 2382/1723/364
f 2381/1721/362 2385/1725/470 2383/1720/362
f 2384/1724/567 2385/1725/470 2381/1721/362
f 2384/1724/567 2382/1723/364 2386/1726/470
f 2387/1727/475 2385/1725/470 2384/1724/567
f 2386/1726/470 2382/1723/364 2388/1729/364
f 2387/1727/475 2384/1724/567 2389/1728/475
f 2389/1728/475 2384/1724/567 2386/1726/470
f 2390/1730/475 2385/1725/470 2387/1727/475
f 2389/1728/475 2391/1731/482 2387/1727/475
f 2387/1727/475 2392/1732/482 2390/1730/475
f 2391/1731/482 2392/1732/482 2387/1727/475
f 2393/1733/482 2391/1731/482 2389/1728/475
f 2391/1731/482 2394/1734/101 2392/1732/482
f 2393/1733/482 2395/1735/101 2391/1731/482
f 2395/1735/101 2394/1734/101 2391/1731/482
f 2396/1736/101 2395/1735/101 2393/1733/482
f 2395/1735/101 2397/1737/469 2394/1734/101
f 2396/1736/101 2398/1738/469 2395/1735/101
f 2398/1738/469 2397/1737/469 2395/1735/101
f 2399/1739/469 2398/1738/469 2396/1736/101
f 2398/1738/469 2400/1740/454 2397/1737/469
f 2399/1739/469 2401/1741/454 2398/1738/469
f 2401/1741/454 2400/1740/454 2398/1738/469
f 2402/1742/454 2401/1741/454 2399/1739/469
f 2401/1741/454 2403/1743/452 2400/1740/454
f 2402/1742/454 2404/1744/568 2401/1741/454
f 2404/1744/568 2403/1743/452 2401/1741/454
f 2405/1745/569 2404/1744/568 2402/1742/454
f 2404/1744/568 2406/1746/429 2403/1743/452
f 2405/1745/569 2407/1747/570 2404/1744/568
f 2407/1747/570 2406/1746/429 2404/1744/568
f 2408/1748/571 2407/1747/570 2405/1745/569
f 2407/1747/570 2409/1749/153 2406/1746/429
f 2408/1748/571 2410/1750/572 2407/1747/570
f 2410/1750/572 2409/1749/153 2407/1747/570
f 2411/1751/573 2410/1750/572 2408/1748/571
f 2410/1750/572 2412/1752/574 2409/1749/153
f 2411/1751/573 2413/1753/575 2410/1750/572
f 2413/1753/575 2412/1752/574 2410/1750/572
f 2414/1754/576 2413/1753/575 2411/1751/573
f 2413/1753/575 2415/1755/577 2412/1752/574
f 2414/1754/576 2416/1756/578 2413/1753/575
f 2416/1756/578 2415/1755/577 2413/1753/575
f 2417/1757/579 2416/1756/578 2414/1754/576
f 2416/1756/578 2418/1758/580 2415/1755/577
f 2417/1757/579 2419/1759/581 2416/1756/578
f 2419/1759/581 2418/1758/580 2416/1756/578
f 2420/1760/582 2419/1759/581 2417/1757/579
f 2421/1761/583 2418/1758/580 2419/1759/581
f 2420/1760/582 2421/1761/583 2419/1759/581
f 2422/1762/584 2418/1758/580 2421/1761/583
f 2423/1763/585 2421/1761/583 2420/1760/582
f 2424/1764/586 2425/1766/80 2426/1765/587
f 2427/1767/397 2424/1764/586 2426/1765/587
f 2426/1765/587 2425/1766/80 2428/1768/80
f 2429/1769/588 2424/1764/586 2427/1767/397
f 2430/1770/80 2426/1765/587 2428/1768/80
f 2428/1768/80 2425/1766/80 2431/1771/80
f 2427/1767/397 2432/1772/273 2429/1769/588
f 2428/1768/80 2433/1774/80 2430/1770/80
f 2434/1773/589 2426/1765/587 2430/1770/80
f 2434/1773/589 2427/1767/397 2426/1765/587
f 2435/1775/590 2432/1772/273 2427/1767/397
f 2430/1770/80 2433/1774/80 2436/1777/80
f 2436/1777/80 2433/1774/80 2437/1778/591
f 2438/1776/592 2427/1767/397 2434/1773/589
f 2427/1767/397 2439/1779/593 2435/1775/590
f 2435/1775/590 2440/1780/80 2432/1772/273
f 2438/1776/592 2439/1779/593 2427/1767/397
f 2435/1775/590 2441/1782/594 2440/1780/80
f 2439/1779/593 2442/1781/595 2435/1775/590
f 2435/1775/590 2442/1781/595 2441/1782/594
f 2440/1780/80 2441/1782/594 2443/1783/80
f 2442/1781/595 2444/1784/80 2441/1782/594
f 2441/1782/594 2444/1784/80 2445/1785/80
f 2444/1784/80 2446/1786/80 2445/1785/80
f 2445/1785/80 2446/1786/80 2447/1787/80
f 2446/1786/80 2448/1788/156 2447/1787/80
f 2449/1789/1 2450/1791/1 2451/1790/1
f 2452/1792/1 2449/1789/1 2451/1790/1
f 2453/1793/1 2449/1789/1 2452/1792/1
f 2454/1794/1 2453/1793/1 2452/1792/1
f 2455/1795/1 2453/1793/1 2454/1794/1
f 2456/1796/1 2455/1795/1 2454/1794/1
f 2457/1797/1 2455/1795/1 2456/1796/1
f 2456/1796/1 2458/1798/1 2457/1797/1
f 2459/1799/1 2458/1798/1 2456/1796/1
f 2459/1799/1 2460/1800/596 2458/1798/1
f 2461/1802/597 2460/1800/596 2459/1799/1
f 2460/1800/596 2462/1801/361 2458/1798/1
f 2461/1802/597 2463/1804/598 2460/1800/596
f 2460/1800/596 2464/1803/360 2462/1801/361
f 2460/1800/596 2463/1804/598 2465/1805/599
f 2465/1805/599 2464/1803/360 2460/1800/596
f 2463/1804/598 2466/1806/600 2465/1805/599
f 2467/1807/600 2466/1806/600 2463/1804/598
f 2467/1807/600 2468/1808/601 2466/1806/600
f 2469/1809/602 2470/1811/603 2471/1810/604
f 2469/1809/602 2472/1812/418 2470/1811/603
f 2471/1810/604 2470/1811/603 2473/1813/605
f 2474/1814/418 2472/1812/418 2469/1809/602
f 2470/1811/603 2475/1815/606 2473/1813/605
f 2474/1814/418 2476/1816/607 2472/1812/418
f 2472/1812/418 2477/1817/414 2470/1811/603
f 2470/1811/603 2477/1817/414 2475/1815/606
f 2473/1813/605 2475/1815/606 2478/1818/608
f 2479/1819/609 2476/1816/607 2474/1814/418
f 2476/1816/607 2480/1820/610 2472/1812/418
f 2472/1812/418 2480/1820/610 2477/1817/414
f 2479/1819/609 2481/1821/470 2476/1816/607
f 2476/1816/607 2482/1822/470 2480/1820/610
f 2481/1821/470 2482/1822/470 2476/1816/607
f 2483/1823/470 2481/1821/470 2479/1819/609
f 2481/1821/470 2484/1824/611 2482/1822/470
f 2483/1823/470 2485/1825/475 2481/1821/470
f 2485/1825/475 2484/1824/611 2481/1821/470
f 2486/1826/475 2485/1825/475 2483/1823/470
f 2485/1825/475 2487/1827/482 2484/1824/611
f 2486/1826/475 2488/1828/482 2485/1825/475
f 2488/1828/482 2487/1827/482 2485/1825/475
f 2489/1829/482 2488/1828/482 2486/1826/475
f 2488/1828/482 2490/1830/101 2487/1827/482
f 2489/1829/482 2491/1831/101 2488/1828/482
f 2491/1831/101 2490/1830/101 2488/1828/482
f 2492/1832/101 2491/1831/101 2489/1829/482
f 2493/1833/469 2490/1830/101 2491/1831/101
f 2492/1832/101 2494/1834/469 2491/1831/101
f 2491/1831/101 2494/1834/469 2493/1833/469
f 2495/1835/469 2490/1830/101 2493/1833/469
f 2493/1833/469 2494/1834/469 2496/1836/454
f 2497/1837/612 2495/1835/469 2493/1833/469
f 2496/1836/454 2494/1834/469 2498/1838/454
f 2499/1839/612 2495/1835/469 2497/1837/612
f 2496/1836/454 2498/1838/454 2500/1840/452
f 2501/1833/613 2496/1836/454 2497/1837/613
f 2500/1840/452 2498/1838/454 2502/1842/452
f 2497/1837/613 2496/1836/454 2503/1841/454
f 2500/1840/452 2502/1842/452 2504/1844/429
f 2503/1841/454 2496/1836/454 2505/1843/614
f 2504/1844/429 2502/1842/452 2506/1845/429
f 2505/1843/614 2496/1836/454 2507/1840/614
f 2506/1845/429 2508/1847/153 2504/1844/429
f 2505/1843/614 2507/1840/614 2509/1846/615
f 2504/1844/429 2508/1847/153 2510/1848/153
f 2509/1846/615 2507/1840/614 2511/1844/616
f 2508/1847/153 2512/1849/378 2510/1848/153
f 2511/1844/616 2513/1848/617 2509/1846/615
f 2510/1848/153 2512/1849/378 2514/1851/378
f 2514/1851/378 2515/1850/617 2513/1848/617
f 2509/1846/615 2513/1848/617 2515/1850/617
f 2516/1852/618 2514/1851/378 2512/1849/378
f 2517/1853/378 2515/1850/617 2514/1851/378
f 2518/1854/618 2514/1851/378 2516/1852/618
f 2518/1854/618 2517/1853/378 2514/1851/378
f 2519/1855/619 2517/1853/378 2518/1854/618
f 2520/1994/80 2521/1995/80 2522/1996/80
f 2521/1995/80 2523/1997/80 2522/1996/80
f 2524/1998/469 2525/1999/469 2526/2000/620
f 2526/2000/620 2525/1999/469 2527/2001/473
f 2528/592/183 2529/593/184 2530/594/183
f 2531/595/80 2528/592/183 2530/594/183
f 2530/594/183 2529/593/184 2532/596/184
f 2533/597/80 2528/592/183 2531/595/80
f 2529/593/184 2534/598/186 2532/596/184
f 2532/596/184 2534/598/186 2535/599/313
f 2536/600/187 2533/597/80 2531/595/80
f 2537/601/187 2533/597/80 2536/600/187
f 2538/602/188 2537/601/187 2536/600/187
f 2539/603/188 2537/601/187 2538/602/188
f 2540/604/189 2539/603/188 2538/602/188
f 2541/605/204 2539/603/188 2540/604/189
f 2542/606/186 2543/607/191 2544/608/186
f 2544/608/186 2543/607/191 2545/609/191
f 2543/607/191 2546/610/104 2545/609/191
f 2545/609/191 2546/610/104 2547/611/104
f 2546/610/104 2548/612/192 2547/611/104
f 2547/611/104 2548/612/192 2549/613/192
f 2548/612/192 2550/614/193 2549/613/192
f 2549/613/192 2550/614/193 2551/615/193
f 2550/614/193 2552/616/195 2551/615/193
f 2551/615/193 2552/616/195 2553/617/196
f 2554/618/196 2555/619/197 2556/620/621
f 2556/620/621 2555/619/197 2557/621/197
f 2555/619/197 2558/622/1 2557/621/197
f 2557/621/197 2558/622/1 2559/623/1
f 2558/622/1 2560/624/198 2559/623/1
f 2559/623/1 2560/624/198 2561/625/198
f 2560/624/198 2562/626/199 2561/625/198
f 2561/625/198 2562/626/199 2563/627/199
f 2562/626/199 2564/628/332 2563/627/199
f 2563/627/199 2564/628/332 2565/629/200
f 2566/630/200 2567/631/202 2568/632/200
f 2568/632/200 2567/631/202 2569/633/202
f 2567/631/202 2570/634/153 2569/633/202
f 2569/633/202 2570/634/153 2571/635/153
f 2570/634/153 2572/636/203 2571/635/153
f 2571/635/153 2572/636/203 2573/637/203
f 2572/636/203 2574/638/204 2573/637/203
f 2573/637/203 2574/638/204 2575/639/204
f 2576/640/101 2577/641/101 2578/642/101
f 2576/640/101 2579/643/205 2577/641/101
f 2578/642/101 2577/641/101 2580/644/101
f 2577/641/101 2579/643/205 2581/645/101
f 2580/644/101 2582/646/101 2578/642/101
f 2581/645/101 2579/643/205 2583/647/101
f 2584/648/101 2582/646/101 2580/644/101
f 2583/647/101 2579/643/205 2585/649/101
f 2584/648/101 2586/650/101 2582/646/101
f 2583/647/101 2585/649/101 2587/651/205
f 2582/646/101 2586/650/101 2588/652/214
f 2587/651/205 2585/649/101 2589/653/205
f 2587/651/205 2589/653/205 2590/654/622
f 2588/652/214 2586/650/101 2591/655/101
f 2591/655/101 2586/650/101 2592/656/214
f 2591/655/101 2592/656/214 2593/657/101
f 2593/657/101 2592/656/214 2594/658/214
f 2593/657/101 2594/658/214 2595/659/101
f 2596/660/65 2597/661/65 2598/662/65
f 2596/660/65 2598/662/65 2599/663/211
f 2598/662/65 2597/661/65 2600/664/65
f 2599/663/211 2598/662/65 2601/665/208
f 2600/664/65 2597/661/65 2602/666/208
f 2599/663/211 2601/665/208 2603/667/211
f 2602/666/208 2597/661/65 2604/668/65
f 2603/667/211 2601/665/208 2605/669/65
f 2602/666/208 2604/668/65 2606/670/65
f 2603/667/211 2605/669/65 2607/671/65
f 2606/670/65 2604/668/65 2608/672/65
f 2607/671/65 2605/669/65 2609/673/65
f 2606/670/65 2608/672/65 2610/674/65
f 2607/671/65 2609/673/65 2611/675/65
f 2610/674/65 2608/672/65 2612/676/208
f 2610/674/65 2612/676/208 2613/677/213
f 2611/675/65 2609/673/65 2614/678/65
f 2611/675/65 2614/678/65 2615/679/623
f 2616/680/65 2617/681/65 2618/682/65
f 2619/683/65 2616/680/65 2618/682/65
f 2618/682/65 2617/681/65 2620/684/65
f 2621/685/65 2616/680/65 2619/683/65
f 2617/681/65 2622/686/65 2620/684/65
f 2623/687/65 2621/685/65 2619/683/65
f 2620/684/65 2622/686/65 2624/688/65
f 2625/689/65 2621/685/65 2623/687/65
f 2622/686/65 2626/690/65 2624/688/65
f 2627/691/65 2625/689/65 2623/687/65
f 2624/688/65 2626/690/65 2628/692/65
f 2629/693/65 2625/689/65 2627/691/65
f 2626/690/65 2630/694/65 2628/692/65
f 2631/695/65 2629/693/65 2627/691/65
f 2628/692/65 2630/694/65 2632/696/65
f 2633/697/65 2629/693/65 2631/695/65
f 2630/694/65 2634/698/65 2632/696/65
f 2635/699/65 2633/697/65 2631/695/65
f 2632/696/65 2634/698/65 2636/700/65
f 2637/701/65 2633/697/65 2635/699/65
f 2634/698/65 2638/702/65 2636/700/65
f 2639/703/65 2637/701/65 2635/699/65
f 2636/700/65 2638/702/65 2640/704/65
f 2641/705/65 2637/701/65 2639/703/65
f 2638/702/65 2642/706/65 2640/704/65
f 2643/707/65 2641/705/65 2639/703/65
f 2640/704/65 2642/706/65 2644/708/65
f 2645/709/65 2641/705/65 2643/707/65
f 2642/706/65 2646/710/65 2644/708/65
f 2647/711/65 2645/709/65 2643/707/65
f 2644/708/65 2646/710/65 2648/712/65
f 2649/713/65 2645/709/65 2647/711/65
f 2646/710/65 2650/714/65 2648/712/65
f 2651/715/65 2649/713/65 2647/711/65
f 2648/712/65 2650/714/65 2652/716/65
f 2653/717/65 2649/713/65 2651/715/65
f 2650/714/65 2654/718/65 2652/716/65
f 2654/718/65 2653/717/65 2655/719/65
f 2655/719/65 2653/717/65 2651/715/65
f 2652/716/65 2654/718/65 2655/719/65
f 2656/720/101 2657/721/101 2658/722/101
f 2659/723/101 2656/720/101 2658/722/101
f 2658/722/101 2657/721/101 2660/724/101
f 2661/725/101 2656/720/101 2659/723/101
f 2657/721/101 2662/726/101 2660/724/101
f 2663/727/101 2661/725/101 2659/723/101
f 2660/724/101 2662/726/101 2664/728/101
f 2665/729/101 2661/725/101 2663/727/101
f 2662/726/101 2666/730/101 2664/728/101
f 2667/731/101 2665/729/101 2663/727/101
f 2664/728/101 2666/730/101 2668/732/101
f 2669/733/101 2665/729/101 2667/731/101
f 2666/730/101 2670/734/101 2668/732/101
f 2671/735/101 2669/733/101 2667/731/101
f 2668/732/101 2670/734/101 2672/736/101
f 2673/737/101 2669/733/101 2671/735/101
f 2670/734/101 2674/738/101 2672/736/101
f 2675/739/101 2673/737/101 2671/735/101
f 2672/736/101 2674/738/101 2676/740/101
f 2677/741/101 2673/737/101 2675/739/101
f 2674/738/101 2678/742/101 2676/740/101
f 2679/743/101 2677/741/101 2675/739/101
f 2676/740/101 2678/742/101 2680/744/101
f 2681/745/101 2677/741/101 2679/743/101
f 2678/742/101 2682/746/101 2680/744/101
f 2683/747/101 2681/745/101 2679/743/101
f 2680/744/101 2682/746/101 2684/748/101
f 2685/749/101 2681/745/101 2683/747/101
f 2682/746/101 2686/750/101 2684/748/101
f 2687/751/101 2685/749/101 2683/747/101
f 2684/748/101 2686/750/101 2688/752/101
f 2689/753/101 2685/749/101 2687/751/101
f 2686/750/101 2690/754/101 2688/752/101
f 2691/755/101 2689/753/101 2687/751/101
f 2688/752/101 2690/754/101 2692/756/101
f 2693/757/101 2689/753/101 2691/755/101
f 2690/754/101 2694/758/101 2692/756/101
f 2694/758/101 2693/757/101 2695/759/101
f 2695/759/101 2693/757/101 2691/755/101
f 2692/756/101 2694/758/101 2695/759/101
f 2696/760/65 2697/761/65 2698/762/65
f 2699/763/65 2696/760/65 2698/762/65
f 2698/762/65 2697/761/65 2700/764/65
f 2701/765/65 2696/760/65 2699/763/65
f 2697/761/65 2702/766/65 2700/764/65
f 2703/767/65 2701/765/65 2699/763/65
f 2700/764/65 2702/766/65 2704/768/65
f 2705/769/65 2701/765/65 2703/767/65
f 2702/766/65 2706/770/65 2704/768/65
f 2707/771/65 2705/769/65 2703/767/65
f 2704/768/65 2706/770/65 2708/772/65
f 2709/773/65 2705/769/65 2707/771/65
f 2706/770/65 2710/774/65 2708/772/65
f 2711/775/65 2709/773/65 2707/771/65
f 2708/772/65 2710/774/65 2712/776/65
f 2713/777/65 2709/773/65 2711/775/65
f 2710/774/65 2714/778/65 2712/776/65
f 2715/779/65 2713/777/65 2711/775/65
f 2712/776/65 2714/778/65 2716/780/65
f 2717/781/65 2713/777/65 2715/779/65
f 2714/778/65 2718/782/65 2716/780/65
f 2719/783/65 2717/781/65 2715/779/65
f 2716/780/65 2718/782/65 2720/784/65
f 2721/785/65 2717/781/65 2719/783/65
f 2718/782/65 2722/786/65 2720/784/65
f 2723/787/65 2721/785/65 2719/783/65
f 2720/784/65 2722/786/65 2724/788/65
f 2725/789/65 2721/785/65 2723/787/65
f 2722/786/65 2726/790/65 2724/788/65
f 2727/791/65 2725/789/65 2723/787/65
f 2724/788/65 2726/790/65 2728/792/65
f 2729/793/65 2725/789/65 2727/791/65
f 2726/790/65 2730/794/65 2728/792/65
f 2731/795/65 2729/793/65 2727/791/65
f 2728/792/65 2730/794/65 2732/796/65
f 2733/797/65 2729/793/65 2731/795/65
f 2730/794/65 2734/798/65 2732/796/65
f 2734/798/65 2733/797/65 2735/799/65
f 2735/799/65 2733/797/65 2731/795/65
f 2732/796/65 2734/798/65 2735/799/65
f 2736/800/65 2737/801/65 2738/802/65
f 2739/803/65 2736/800/65 2738/802/65
f 2738/802/65 2737/801/65 2740/804/65
f 2741/805/65 2736/800/65 2739/803/65
f 2737/801/65 2742/806/65 2740/804/65
f 2743/807/65 2741/805/65 2739/803/65
f 2740/804/65 2742/806/65 2744/808/65
f 2745/809/65 2741/805/65 2743/807/65
f 2742/806/65 2746/810/65 2744/808/65
f 2747/811/65 2745/809/65 2743/807/65
f 2744/808/65 2746/810/65 2748/812/65
f 2749/813/65 2745/809/65 2747/811/65
f 2746/810/65 2750/814/65 2748/812/65
f 2751/815/65 2749/813/65 2747/811/65
f 2748/812/65 2750/814/65 2752/816/65
f 2753/817/65 2749/813/65 2751/815/65
f 2750/814/65 2754/818/65 2752/816/65
f 2755/819/65 2753/817/65 2751/815/65
f 2752/816/65 2754/818/65 2756/820/65
f 2757/821/65 2753/817/65 2755/819/65
f 2754/818/65 2758/822/65 2756/820/65
f 2759/823/65 2757/821/65 2755/819/65
f 2756/820/65 2758/822/65 2760/824/65
f 2761/825/65 2757/821/65 2759/823/65
f 2758/822/65 2762/826/65 2760/824/65
f 2763/827/213 2761/825/65 2759/823/65
f 2760/824/65 2762/826/65 2764/828/65
f 2765/829/65 2761/825/65 2763/827/213
f 2762/826/65 2766/830/65 2764/828/65
f 2767/831/65 2765/829/65 2763/827/213
f 2764/828/65 2766/830/65 2768/832/65
f 2769/833/65 2765/829/65 2767/831/65
f 2766/830/65 2770/834/65 2768/832/65
f 2771/835/65 2769/833/65 2767/831/65
f 2768/832/65 2770/834/65 2772/836/65
f 2773/837/65 2769/833/65 2771/835/65
f 2770/834/65 2774/838/65 2772/836/65
f 2774/838/65 2773/837/65 2775/839/65
f 2775/839/65 2773/837/65 2771/835/65
f 2772/836/65 2774/838/65 2775/839/65
f 2776/840/101 2777/841/101 2778/842/101
f 2779/843/101 2776/840/101 2778/842/101
f 2778/842/101 2777/841/101 2780/844/101
f 2781/845/101 2776/840/101 2779/843/101
f 2777/841/101 2782/846/101 2780/844/101
f 2783/847/101 2781/845/101 2779/843/101
f 2780/844/101 2782/846/101 2784/848/101
f 2785/849/101 2781/845/101 2783/847/101
f 2782/846/101 2786/850/101 2784/848/101
f 2787/851/101 2785/849/101 2783/847/101
f 2784/848/101 2786/850/101 2788/852/101
f 2789/853/101 2785/849/101 2787/851/101
f 2786/850/101 2790/854/101 2788/852/101
f 2791/855/101 2789/853/101 2787/851/101
f 2788/852/101 2790/854/101 2792/856/101
f 2793/857/101 2789/853/101 2791/855/101
f 2790/854/101 2794/858/101 2792/856/101
f 2795/859/101 2793/857/101 2791/855/101
f 2792/856/101 2794/858/101 2796/860/101
f 2797/861/101 2793/857/101 2795/859/101
f 2794/858/101 2798/862/101 2796/860/101
f 2799/863/101 2797/861/101 2795/859/101
f 2796/860/101 2798/862/101 2800/864/101
f 2801/865/101 2797/861/101 2799/863/101
f 2798/862/101 2802/866/101 2800/864/101
f 2803/867/101 2801/865/101 2799/863/101
f 2800/864/101 2802/866/101 2804/868/101
f 2805/869/101 2801/865/101 2803/867/101
f 2802/866/101 2806/870/101 2804/868/101
f 2807/871/101 2805/869/101 2803/867/101
f 2804/868/101 2806/870/101 2808/872/101
f 2809/873/101 2805/869/101 2807/871/101
f 2806/870/101 2810/874/101 2808/872/101
f 2811/875/101 2809/873/101 2807/871/101
f 2808/872/101 2810/874/101 2812/876/101
f 2813/877/101 2809/873/101 2811/875/101
f 2810/874/101 2814/878/101 2812/876/101
f 2814/878/101 2813/877/101 2815/879/101
f 2815/879/101 2813/877/101 2811/875/101
f 2812/876/101 2814/878/101 2815/879/101
f 2816/880/101 2817/881/101 2818/882/101
f 2819/883/101 2816/880/101 2818/882/101
f 2818/882/101 2817/881/101 2820/884/101
f 2821/885/101 2816/880/101 2819/883/101
f 2817/881/101 2822/886/101 2820/884/101
f 2823/887/101 2821/885/101 2819/883/101
f 2820/884/101 2822/886/101 2824/888/214
f 2825/889/101 2821/885/101 2823/887/101
f 2822/886/101 2826/890/101 2824/888/214
f 2827/891/101 2825/889/101 2823/887/101
f 2824/888/214 2826/890/101 2828/892/624
f 2829/893/101 2825/889/101 2827/891/101
f 2826/890/101 2830/894/101 2828/892/624
f 2831/895/215 2829/893/101 2827/891/101
f 2828/892/624 2830/894/101 2832/896/101
f 2833/897/101 2829/893/101 2831/895/215
f 2830/894/101 2834/898/101 2832/896/101
f 2835/899/101 2833/897/101 2831/895/215
f 2832/896/101 2834/898/101 2836/900/216
f 2837/901/101 2833/897/101 2835/899/101
f 2834/898/101 2838/902/101 2836/900/216
f 2839/903/101 2837/901/101 2835/899/101
f 2836/900/216 2838/902/101 2840/904/101
f 2841/905/101 2837/901/101 2839/903/101
f 2838/902/101 2842/906/101 2840/904/101
f 2843/907/101 2841/905/101 2839/903/101
f 2840/904/101 2842/906/101 2844/908/101
f 2845/909/101 2841/905/101 2843/907/101
f 2842/906/101 2846/910/101 2844/908/101
f 2847/911/101 2845/909/101 2843/907/101
f 2844/908/101 2846/910/101 2848/912/101
f 2849/913/101 2845/909/101 2847/911/101
f 2846/910/101 2850/914/101 2848/912/101
f 2851/915/101 2849/913/101 2847/911/101
f 2848/912/101 2850/914/101 2852/916/101
f 2853/917/101 2849/913/101 2851/915/101
f 2850/914/101 2854/918/101 2852/916/101
f 2854/918/101 2853/917/101 2855/919/101
f 2855/919/101 2853/917/101 2851/915/101
f 2852/916/101 2854/918/101 2855/919/101
f 2856/592/183 2857/593/184 2858/594/183
f 2859/595/80 2856/592/183 2858/594/183
f 2858/594/183 2857/593/184 2860/596/184
f 2861/597/80 2856/592/183 2859/595/80
f 2857/593/184 2862/598/186 2860/596/184
f 2860/596/184 2862/598/186 2863/599/313
f 2864/600/187 2861/597/80 2859/595/80
f 2865/601/187 2861/597/80 2864/600/187
f 2866/602/188 2865/601/187 2864/600/187
f 2867/603/188 2865/601/187 2866/602/188
f 2868/604/189 2867/603/188 2866/602/188
f 2869/605/625 2867/603/188 2868/604/189
f 2870/606/186 2871/607/191 2872/608/186
f 2872/608/186 2871/607/191 2873/609/191
f 2871/607/191 2874/610/104 2873/609/191
f 2873/609/191 2874/610/104 2875/611/104
f 2874/610/104 2876/612/192 2875/611/104
f 2875/611/104 2876/612/192 2877/613/192
f 2876/612/192 2878/614/193 2877/613/192
f 2877/613/192 2878/614/193 2879/615/193
f 2878/614/193 2880/616/194 2879/615/193
f 2879/615/193 2880/616/194 2881/617/195
f 2882/618/621 2883/619/197 2884/620/621
f 2884/620/621 2883/619/197 2885/621/197
f 2883/619/197 2886/622/1 2885/621/197
f 2885/621/197 2886/622/1 2887/623/1
f 2886/622/1 2888/624/198 2887/623/1
f 2887/623/1 2888/624/198 2889/625/198
f 2888/624/198 2890/626/199 2889/625/198
f 2889/625/198 2890/626/199 2891/627/199
f 2890/626/199 2892/628/200 2891/627/199
f 2891/627/199 2892/628/200 2893/629/201
f 2894/630/200 2895/631/202 2896/632/200
f 2896/632/200 2895/631/202 2897/633/202
f 2895/631/202 2898/634/153 2897/633/202
f 2897/633/202 2898/634/153 2899/635/153
f 2898/634/153 2900/636/203 2899/635/153
f 2899/635/153 2900/636/203 2901/637/203
f 2900/636/203 2902/638/204 2901/637/203
f 2901/637/203 2902/638/204 2903/639/204
f 2904/640/101 2905/641/101 2906/642/101
f 2904/640/101 2907/643/214 2905/641/101
f 2906/642/101 2905/641/101 2908/644/101
f 2905/641/101 2907/643/214 2909/645/101
f 2908/644/101 2910/646/101 2906/642/101
f 2909/645/101 2907/643/214 2911/647/101
f 2912/648/101 2910/646/101 2908/644/101
f 2911/647/101 2907/643/214 2913/649/214
f 2912/648/101 2914/650/101 2910/646/101
f 2911/647/101 2913/649/214 2915/651/101
f 2910/646/101 2914/650/101 2916/652/214
f 2915/651/101 2913/649/214 2917/653/101
f 2915/651/101 2917/653/101 2918/654/207
f 2916/652/214 2914/650/101 2919/655/101
f 2919/655/101 2914/650/101 2920/656/205
f 2919/655/101 2920/656/205 2921/657/205
f 2921/657/205 2920/656/205 2922/658/205
f 2921/657/205 2922/658/205 2923/659/207
f 2924/660/65 2925/661/65 2926/662/65
f 2924/660/65 2926/662/65 2927/663/65
f 2926/662/65 2925/661/65 2928/664/65
f 2927/663/65 2926/662/65 2929/665/65
f 2928/664/65 2925/661/65 2930/666/65
f 2927/663/65 2929/665/65 2931/667/65
f 2930/666/65 2925/661/65 2932/668/65
f 2931/667/65 2929/665/65 2933/669/65
f 2930/666/65 2932/668/65 2934/670/208
f 2931/667/65 2933/669/65 2935/671/65
f 2934/670/208 2932/668/65 2936/672/65
f 2935/671/65 2933/669/65 2937/673/211
f 2934/670/208 2936/672/65 2938/674/208
f 2935/671/65 2937/673/211 2939/675/65
f 2938/674/208 2936/672/65 2940/676/211
f 2938/674/208 2940/676/211 2941/677/65
f 2939/675/65 2937/673/211 2942/678/211
f 2939/675/65 2942/678/211 2943/679/211
f 2944/680/65 2945/681/65 2946/682/65
f 2947/683/65 2944/680/65 2946/682/65
f 2946/682/65 2945/681/65 2948/684/65
f 2949/685/65 2944/680/65 2947/683/65
f 2945/681/65 2950/686/65 2948/684/65
f 2951/687/65 2949/685/65 2947/683/65
f 2948/684/65 2950/686/65 2952/688/65
f 2953/689/65 2949/685/65 2951/687/65
f 2950/686/65 2954/690/65 2952/688/65
f 2955/691/65 2953/689/65 2951/687/65
f 2952/688/65 2954/690/65 2956/692/65
f 2957/693/65 2953/689/65 2955/691/65
f 2954/690/65 2958/694/65 2956/692/65
f 2959/695/65 2957/693/65 2955/691/65
f 2956/692/65 2958/694/65 2960/696/65
f 2961/697/65 2957/693/65 2959/695/65
f 2958/694/65 2962/698/65 2960/696/65
f 2963/699/65 2961/697/65 2959/695/65
f 2960/696/65 2962/698/65 2964/700/65
f 2965/701/65 2961/697/65 2963/699/65
f 2962/698/65 2966/702/65 2964/700/65
f 2967/703/65 2965/701/65 2963/699/65
f 2964/700/65 2966/702/65 2968/704/65
f 2969/705/65 2965/701/65 2967/703/65
f 2966/702/65 2970/706/65 2968/704/65
f 2971/707/65 2969/705/65 2967/703/65
f 2968/704/65 2970/706/65 2972/708/65
f 2973/709/65 2969/705/65 2971/707/65
f 2970/706/65 2974/710/65 2972/708/65
f 2975/711/65 2973/709/65 2971/707/65
f 2972/708/65 2974/710/65 2976/712/65
f 2977/713/65 2973/709/65 2975/711/65
f 2974/710/65 2978/714/65 2976/712/65
f 2979/715/65 2977/713/65 2975/711/65
f 2976/712/65 2978/714/65 2980/716/65
f 2981/717/65 2977/713/65 2979/715/65
f 2978/714/65 2982/718/65 2980/716/65
f 2982/718/65 2981/717/65 2983/719/65
f 2983/719/65 2981/717/65 2979/715/65
f 2980/716/65 2982/718/65 2983/719/65
f 2984/720/101 2985/721/101 2986/722/101
f 2987/723/101 2984/720/101 2986/722/101
f 2986/722/101 2985/721/101 2988/724/101
f 2989/725/101 2984/720/101 2987/723/101
f 2985/721/101 2990/726/101 2988/724/101
f 2991/727/101 2989/725/101 2987/723/101
f 2988/724/101 2990/726/101 2992/728/101
f 2993/729/101 2989/725/101 2991/727/101
f 2990/726/101 2994/730/101 2992/728/101
f 2995/731/101 2993/729/101 2991/727/101
f 2992/728/101 2994/730/101 2996/732/101
f 2997/733/101 2993/729/101 2995/731/101
f 2994/730/101 2998/734/101 2996/732/101
f 2999/735/101 2997/733/101 2995/731/101
f 2996/732/101 2998/734/101 3000/736/101
f 3001/737/101 2997/733/101 2999/735/101
f 2998/734/101 3002/738/101 3000/736/101
f 3003/739/101 3001/737/101 2999/735/101
f 3000/736/101 3002/738/101 3004/740/101
f 3005/741/101 3001/737/101 3003/739/101
f 3002/738/101 3006/742/101 3004/740/101
f 3007/743/101 3005/741/101 3003/739/101
f 3004/740/101 3006/742/101 3008/744/101
f 3009/745/101 3005/741/101 3007/743/101
f 3006/742/101 3010/746/101 3008/744/101
f 3011/747/101 3009/745/101 3007/743/101
f 3008/744/101 3010/746/101 3012/748/101
f 3013/749/101 3009/745/101 3011/747/101
f 3010/746/101 3014/750/101 3012/748/101
f 3015/751/101 3013/749/101 3011/747/101
f 3012/748/101 3014/750/101 3016/752/101
f 3017/753/101 3013/749/101 3015/751/101
f 3014/750/101 3018/754/101 3016/752/101
f 3019/755/101 3017/753/101 3015/751/101
f 3016/752/101 3018/754/101 3020/756/101
f 3021/757/101 3017/753/101 3019/755/101
f 3018/754/101 3022/758/101 3020/756/101
f 3022/758/101 3021/757/101 3023/759/101
f 3023/759/101 3021/757/101 3019/755/101
f 3020/756/101 3022/758/101 3023/759/101
f 3024/760/65 3025/761/213 3026/762/65
f 3027/763/65 3024/760/65 3026/762/65
f 3026/762/65 3025/761/213 3028/764/213
f 3029/765/65 3024/760/65 3027/763/65
f 3025/761/213 3030/766/65 3028/764/213
f 3031/767/65 3029/765/65 3027/763/65
f 3028/764/213 3030/766/65 3032/768/65
f 3033/769/213 3029/765/65 3031/767/65
f 3030/766/65 3034/770/65 3032/768/65
f 3035/771/65 3033/769/213 3031/767/65
f 3032/768/65 3034/770/65 3036/772/65
f 3037/773/65 3033/769/213 3035/771/65
f 3034/770/65 3038/774/65 3036/772/65
f 3039/775/65 3037/773/65 3035/771/65
f 3036/772/65 3038/774/65 3040/776/65
f 3041/777/211 3037/773/65 3039/775/65
f 3038/774/65 3042/778/65 3040/776/65
f 3043/779/65 3041/777/211 3039/775/65
f 3040/776/65 3042/778/65 3044/780/65
f 3045/781/65 3041/777/211 3043/779/65
f 3042/778/65 3046/782/65 3044/780/65
f 3047/783/65 3045/781/65 3043/779/65
f 3044/780/65 3046/782/65 3048/784/65
f 3049/785/65 3045/781/65 3047/783/65
f 3046/782/65 3050/786/65 3048/784/65
f 3051/787/65 3049/785/65 3047/783/65
f 3048/784/65 3050/786/65 3052/788/65
f 3053/789/65 3049/785/65 3051/787/65
f 3050/786/65 3054/790/209 3052/788/65
f 3055/791/65 3053/789/65 3051/787/65
f 3052/788/65 3054/790/209 3056/792/623
f 3057/793/65 3053/789/65 3055/791/65
f 3054/790/209 3058/794/623 3056/792/623
f 3059/795/209 3057/793/65 3055/791/65
f 3056/792/623 3058/794/623 3060/796/65
f 3061/797/209 3057/793/65 3059/795/209
f 3058/794/623 3062/798/623 3060/796/65
f 3062/798/623 3061/797/209 3063/799/623
f 3063/799/623 3061/797/209 3059/795/209
f 3060/796/65 3062/798/623 3063/799/623
f 3064/800/65 3065/801/65 3066/802/65
f 3067/803/65 3064/800/65 3066/802/65
f 3066/802/65 3065/801/65 3068/804/65
f 3069/805/65 3064/800/65 3067/803/65
f 3065/801/65 3070/806/65 3068/804/65
f 3071/807/65 3069/805/65 3067/803/65
f 3068/804/65 3070/806/65 3072/808/65
f 3073/809/65 3069/805/65 3071/807/65
f 3070/806/65 3074/810/65 3072/808/65
f 3075/811/65 3073/809/65 3071/807/65
f 3072/808/65 3074/810/65 3076/812/65
f 3077/813/65 3073/809/65 3075/811/65
f 3074/810/65 3078/814/65 3076/812/65
f 3079/815/623 3077/813/65 3075/811/65
f 3076/812/65 3078/814/65 3080/816/213
f 3081/817/65 3077/813/65 3079/815/623
f 3078/814/65 3082/818/65 3080/816/213
f 3083/819/623 3081/817/65 3079/815/623
f 3080/816/213 3082/818/65 3084/820/65
f 3085/821/65 3081/817/65 3083/819/623
f 3082/818/65 3086/822/65 3084/820/65
f 3087/823/623 3085/821/65 3083/819/623
f 3084/820/65 3086/822/65 3088/824/626
f 3089/825/213 3085/821/65 3087/823/623
f 3086/822/65 3090/826/65 3088/824/626
f 3091/827/65 3089/825/213 3087/823/623
f 3088/824/626 3090/826/65 3092/828/213
f 3093/829/65 3089/825/213 3091/827/65
f 3090/826/65 3094/830/65 3092/828/213
f 3095/831/65 3093/829/65 3091/827/65
f 3092/828/213 3094/830/65 3096/832/65
f 3097/833/65 3093/829/65 3095/831/65
f 3094/830/65 3098/834/65 3096/832/65
f 3099/835/65 3097/833/65 3095/831/65
f 3096/832/65 3098/834/65 3100/836/65
f 3101/837/65 3097/833/65 3099/835/65
f 3098/834/65 3102/838/65 3100/836/65
f 3102/838/65 3101/837/65 3103/839/65
f 3103/839/65 3101/837/65 3099/835/65
f 3100/836/65 3102/838/65 3103/839/65
f 3104/840/624 3105/841/215 3106/842/215
f 3107/843/101 3104/840/624 3106/842/215
f 3106/842/215 3105/841/215 3108/844/101
f 3109/845/101 3104/840/624 3107/843/101
f 3105/841/215 3110/846/101 3108/844/101
f 3111/847/101 3109/845/101 3107/843/101
f 3108/844/101 3110/846/101 3112/848/101
f 3113/849/101 3109/845/101 3111/847/101
f 3110/846/101 3114/850/101 3112/848/101
f 3115/851/101 3113/849/101 3111/847/101
f 3112/848/101 3114/850/101 3116/852/101
f 3117/853/101 3113/849/101 3115/851/101
f 3114/850/101 3118/854/215 3116/852/101
f 3119/855/101 3117/853/101 3115/851/101
f 3116/852/101 3118/854/215 3120/856/624
f 3121/857/101 3117/853/101 3119/855/101
f 3118/854/215 3122/858/101 3120/856/624
f 3123/859/101 3121/857/101 3119/855/101
f 3120/856/624 3122/858/101 3124/860/101
f 3125/861/101 3121/857/101 3123/859/101
f 3122/858/101 3126/862/101 3124/860/101
f 3127/863/101 3125/861/101 3123/859/101
f 3124/860/101 3126/862/101 3128/864/101
f 3129/865/101 3125/861/101 3127/863/101
f 3126/862/101 3130/866/101 3128/864/101
f 3131/867/101 3129/865/101 3127/863/101
f 3128/864/101 3130/866/101 3132/868/101
f 3133/869/101 3129/865/101 3131/867/101
f 3130/866/101 3134/870/101 3132/868/101
f 3135/871/101 3133/869/101 3131/867/101
f 3132/868/101 3134/870/101 3136/872/101
f 3137/873/101 3133/869/101 3135/871/101
f 3134/870/101 3138/874/101 3136/872/101
f 3139/875/101 3137/873/101 3135/871/101
f 3136/872/101 3138/874/101 3140/876/101
f 3141/877/101 3137/873/101 3139/875/101
f 3138/874/101 3142/878/101 3140/876/101
f 3142/878/101 3141/877/101 3143/879/101
f 3143/879/101 3141/877/101 3139/875/101
f 3140/876/101 3142/878/101 3143/879/101
f 3144/880/101 3145/881/101 3146/882/101
f 3147/883/101 3144/880/101 3146/882/101
f 3146/882/101 3145/881/101 3148/884/101
f 3149/885/101 3144/880/101 3147/883/101
f 3145/881/101 3150/886/101 3148/884/101
f 3151/887/101 3149/885/101 3147/883/101
f 3148/884/101 3150/886/101 3152/888/101
f 3153/889/101 3149/885/101 3151/887/101
f 3150/886/101 3154/890/101 3152/888/101
f 3155/891/101 3153/889/101 3151/887/101
f 3152/888/101 3154/890/101 3156/892/101
f 3157/893/101 3153/889/101 3155/891/101
f 3154/890/101 3158/894/101 3156/892/101
f 3159/895/101 3157/893/101 3155/891/101
f 3156/892/101 3158/894/101 3160/896/101
f 3161/897/101 3157/893/101 3159/895/101
f 3158/894/101 3162/898/101 3160/896/101
f 3163/899/624 3161/897/101 3159/895/101
f 3160/896/101 3162/898/101 3164/900/101
f 3165/901/101 3161/897/101 3163/899/624
f 3162/898/101 3166/902/101 3164/900/101
f 3167/903/101 3165/901/101 3163/899/624
f 3164/900/101 3166/902/101 3168/904/101
f 3169/905/101 3165/901/101 3167/903/101
f 3166/902/101 3170/906/101 3168/904/101
f 3171/907/216 3169/905/101 3167/903/101
f 3168/904/101 3170/906/101 3172/908/101
f 3173/909/101 3169/905/101 3171/907/216
f 3170/906/101 3174/910/101 3172/908/101
f 3175/911/214 3173/909/101 3171/907/216
f 3172/908/101 3174/910/101 3176/912/101
f 3177/913/101 3173/909/101 3175/911/214
f 3174/910/101 3178/914/101 3176/912/101
f 3179/915/101 3177/913/101 3175/911/214
f 3176/912/101 3178/914/101 3180/916/101
f 3181/917/101 3177/913/101 3179/915/101
f 3178/914/101 3182/918/101 3180/916/101
f 3182/918/101 3181/917/101 3183/919/101
f 3183/919/101 3181/917/101 3179/915/101
f 3180/916/101 3182/918/101 3183/919/101
