# Blender 4.1.0
# www.blender.org
mtllib Bomb.mtl
o Bomb_lambert6_0
v -4.120383 -11.485094 2.378904
v -3.408134 -11.447944 3.408134
v -4.176603 -11.447944 2.411362
v -3.362259 -11.485094 3.362258
v -4.655597 -11.447944 1.247463
v -4.757810 -11.485094 -0.000002
v -4.592930 -11.485094 1.230670
v -4.822727 -11.447944 -0.000002
v -4.120383 -11.485094 -2.378906
v -4.655597 -11.447944 -1.247466
v -4.176603 -11.447944 -2.411365
v -4.592930 -11.485094 -1.230673
v -2.378905 -11.485093 -4.120386
v -3.408134 -11.447944 -3.408136
v -2.411363 -11.447943 -4.176606
v -3.362259 -11.485094 -3.362261
v 0.000000 -11.485093 -4.757812
v -1.247464 -11.447943 -4.655600
v 0.000000 -11.447943 -4.822729
v -1.230672 -11.485093 -4.592933
v 1.247464 -11.447943 -4.655600
v 2.378905 -11.485093 -4.120386
v 1.230672 -11.485093 -4.592933
v 2.411363 -11.447943 -4.176606
v 4.120383 -11.485094 -2.378906
v 3.408134 -11.447944 -3.408136
v 4.176603 -11.447944 -2.411365
v 3.362259 -11.485094 -3.362261
v 4.757810 -11.485094 -0.000002
v 4.655597 -11.447944 -1.247466
v 4.822727 -11.447944 -0.000002
v 4.592930 -11.485094 -1.230673
v 4.120383 -11.485094 2.378904
v 4.655597 -11.447944 1.247463
v 4.176603 -11.447944 2.411362
v 4.592930 -11.485094 1.230670
v 3.408134 -11.447944 3.408134
v 2.378905 -11.485095 4.120382
v 3.362259 -11.485094 3.362258
v 2.411363 -11.447945 4.176603
v 0.000000 -11.485095 4.757809
v 1.247464 -11.447945 4.655596
v 0.000000 -11.447945 4.822726
v 1.230672 -11.485095 4.592930
v -2.378905 -11.485095 4.120382
v -1.247464 -11.447945 4.655596
v -2.411363 -11.447945 4.176603
v -1.230672 -11.485095 4.592930
v 0.000000 -10.591556 4.652734
v -1.220190 -10.630801 4.553811
v 0.000000 -10.630801 4.717285
v -1.203493 -10.591556 4.491496
v 2.326367 -10.591556 4.029385
v 1.220190 -10.630801 4.553811
v 2.358643 -10.630801 4.085288
v 1.203493 -10.591556 4.491496
v 4.029386 -10.591555 2.326366
v 3.333621 -10.630800 3.333620
v 4.085289 -10.630800 2.358642
v 3.288003 -10.591555 3.288003
v 4.553812 -10.630800 1.220188
v 4.652734 -10.591555 -0.000001
v 4.491497 -10.591555 1.203491
v 4.717286 -10.630800 -0.000001
v 4.029386 -10.591555 -2.326369
v 4.553812 -10.630800 -1.220191
v 4.085289 -10.630800 -2.358644
v 4.491497 -10.591555 -1.203494
v 2.326367 -10.591553 -4.029388
v 3.333621 -10.630800 -3.333623
v 2.358643 -10.630799 -4.085291
v 3.288003 -10.591555 -3.288006
v 0.000000 -10.591554 -4.652736
v 1.220190 -10.630799 -4.553813
v 0.000000 -10.630799 -4.717288
v 1.203493 -10.591554 -4.491498
v -1.220190 -10.630799 -4.553813
v -2.326367 -10.591553 -4.029388
v -1.203493 -10.591554 -4.491498
v -2.358643 -10.630799 -4.085291
v -4.029386 -10.591555 -2.326369
v -3.333621 -10.630800 -3.333623
v -4.085289 -10.630800 -2.358644
v -3.288003 -10.591555 -3.288006
v -4.652734 -10.591555 -0.000001
v -4.553812 -10.630800 -1.220191
v -4.717286 -10.630800 -0.000001
v -4.491497 -10.591555 -1.203494
v -4.029386 -10.591555 2.326366
v -4.553812 -10.630800 1.220188
v -4.085289 -10.630800 2.358642
v -4.491497 -10.591555 1.203491
v -3.333621 -10.630800 3.333620
v -2.326367 -10.591556 4.029385
v -3.288003 -10.591555 3.288003
v -2.358643 -10.630801 4.085288
v -1.220190 -10.630801 4.553811
v 0.000000 -11.447945 4.822726
v 0.000000 -10.630801 4.717285
v -1.247464 -11.447945 4.655596
v 2.358643 -10.630801 4.085288
v 1.220190 -10.630801 4.553811
v 1.247464 -11.447945 4.655596
v 2.411363 -11.447945 4.176603
v 3.333621 -10.630800 3.333620
v 4.176603 -11.447944 2.411362
v 4.085289 -10.630800 2.358642
v 3.408134 -11.447944 3.408134
v 4.553812 -10.630800 1.220188
v 4.822727 -11.447944 -0.000002
v 4.717286 -10.630800 -0.000001
v 4.655597 -11.447944 1.247463
v 4.553812 -10.630800 -1.220191
v 4.655597 -11.447944 -1.247466
v 4.085289 -10.630800 -2.358644
v 4.176603 -11.447944 -2.411365
v 2.411363 -11.447943 -4.176606
v 3.333621 -10.630800 -3.333623
v 3.408134 -11.447944 -3.408136
v 2.358643 -10.630799 -4.085291
v 0.000000 -11.447943 -4.822729
v 1.220190 -10.630799 -4.553813
v 1.247464 -11.447943 -4.655600
v 0.000000 -10.630799 -4.717288
v -2.411363 -11.447943 -4.176606
v -2.358643 -10.630799 -4.085291
v -1.247464 -11.447943 -4.655600
v -1.220190 -10.630799 -4.553813
v -4.176603 -11.447944 -2.411365
v -3.333621 -10.630800 -3.333623
v -3.408134 -11.447944 -3.408136
v -4.085289 -10.630800 -2.358644
v -4.822727 -11.447944 -0.000002
v -4.553812 -10.630800 -1.220191
v -4.655597 -11.447944 -1.247466
v -4.717286 -10.630800 -0.000001
v -4.085289 -10.630800 2.358642
v -4.655597 -11.447944 1.247463
v -4.176603 -11.447944 2.411362
v -4.553812 -10.630800 1.220188
v -3.333621 -10.630800 3.333620
v -2.411363 -11.447945 4.176603
v -2.358643 -10.630801 4.085288
v -3.408134 -11.447944 3.408134
v 3.408134 -11.447944 3.408134
v 3.362259 -11.485094 3.362258
v 3.333621 -10.630800 3.333620
v 3.288003 -10.591555 3.288003
v 3.333621 -10.630800 3.333620
v 3.408134 -11.447944 3.408134
v 1.229764 -16.206011 -2.130017
v 2.130014 -16.206011 -1.229766
v 1.102577 -16.759159 -0.636575
v 0.636573 -16.759159 -1.102580
v 0.000000 -16.206011 -2.459532
v 0.000000 -16.759159 -1.273149
v -0.636573 -16.759159 -1.102580
v 0.000000 -16.206011 -2.459532
v 0.000000 -16.759159 -1.273149
v -1.229764 -16.206011 -2.130017
v -2.130014 -16.206011 -1.229766
v -1.102577 -16.759159 -0.636575
v -2.459528 -16.206011 -0.000002
v -1.273146 -16.759159 -0.000002
v -1.102577 -16.759159 0.636570
v -2.130014 -16.206011 1.229762
v -0.636573 -16.759159 1.102575
v -1.229764 -16.206011 2.130012
v 0.000000 -16.206009 2.459526
v 0.000000 -16.759159 1.273144
v 0.636573 -16.759159 1.102575
v 1.229764 -16.206011 2.130012
v 2.130014 -16.206011 1.229762
v 1.102577 -16.759159 0.636570
v 1.273146 -16.759159 -0.000002
v 2.459528 -16.206011 -0.000002
v 1.739149 -15.326071 -3.012297
v 3.012295 -15.326072 -1.739152
v 0.000000 -15.326071 -3.478301
v 0.000000 -15.326071 -3.478301
v -1.739149 -15.326071 -3.012297
v -3.012295 -15.326072 -1.739152
v -3.478298 -15.326072 -0.000002
v -3.012295 -15.326072 1.739148
v -1.739149 -15.326072 3.012292
v 0.000000 -15.326072 3.478296
v 1.739149 -15.326072 3.012292
v 3.012295 -15.326072 1.739148
v 3.478298 -15.326072 -0.000002
v 2.130014 -14.179314 -3.689296
v 3.689293 -14.179315 -2.130016
v 0.000000 -14.179314 -4.260031
v 0.000000 -14.179314 -4.260031
v -2.130014 -14.179314 -3.689296
v -3.689293 -14.179315 -2.130016
v -4.260028 -14.179315 -0.000002
v -3.689293 -14.179315 2.130013
v -2.130014 -14.179316 3.689292
v 0.000000 -14.179316 4.260027
v 2.130014 -14.179316 3.689292
v 3.689293 -14.179315 2.130013
v 4.260028 -14.179315 -0.000002
v 2.375722 -12.843885 -4.114874
v 4.114872 -12.843886 -2.375724
v 0.000000 -12.843885 -4.751447
v 0.000000 -12.843885 -4.751447
v -2.375722 -12.843885 -4.114874
v -4.114872 -12.843886 -2.375724
v -4.751444 -12.843886 -0.000002
v -4.114872 -12.843886 2.375721
v -2.375722 -12.843887 4.114870
v 0.000000 -12.843887 4.751442
v 2.375722 -12.843887 4.114870
v 4.114872 -12.843886 2.375721
v 4.751444 -12.843886 -0.000002
v 2.378905 -11.485093 -4.120386
v 3.362259 -11.485094 -3.362261
v 4.120383 -11.485094 -2.378906
v 0.000000 -11.485093 -4.757812
v 1.230672 -11.485093 -4.592933
v -2.378905 -11.485093 -4.120386
v -1.230672 -11.485093 -4.592933
v 0.000000 -11.485093 -4.757812
v -4.120383 -11.485094 -2.378906
v -3.362259 -11.485094 -3.362261
v -4.757810 -11.485094 -0.000002
v -4.592930 -11.485094 -1.230673
v -4.120383 -11.485094 2.378904
v -4.592930 -11.485094 1.230670
v -2.378905 -11.485095 4.120382
v -3.362259 -11.485094 3.362258
v 0.000000 -11.485095 4.757809
v -1.230672 -11.485095 4.592930
v 2.378905 -11.485095 4.120382
v 1.230672 -11.485095 4.592930
v 4.120383 -11.485094 2.378904
v 3.362259 -11.485094 3.362258
v 4.757810 -11.485094 -0.000002
v 4.592930 -11.485094 1.230670
v 4.592930 -11.485094 -1.230673
v 0.222381 -18.013275 -0.385179
v 0.385176 -18.013275 -0.222384
v 0.000000 -18.079189 -0.000002
v 0.000000 -18.013275 -0.444764
v -0.222381 -18.013275 -0.385179
v -0.385176 -18.013275 -0.222384
v -0.444762 -18.013275 -0.000002
v -0.385176 -18.013275 0.222379
v -0.222381 -18.013275 0.385174
v 0.000000 -18.013275 0.444759
v 0.222381 -18.013275 0.385174
v 0.385176 -18.013275 0.222379
v 0.444762 -18.013275 -0.000002
v 0.939119 15.097715 1.626604
v 1.511521 1.938982 2.618032
v 1.626603 15.097715 0.939121
v 2.618032 1.938982 1.511522
v 0.000000 15.097715 1.878240
v 0.000000 1.938982 3.023043
v -0.939119 15.097715 1.626604
v -1.511521 1.938982 2.618032
v -1.626603 15.097715 0.939121
v -2.618032 1.938982 1.511522
v -1.878238 15.097715 0.000002
v -3.023043 1.938982 0.000000
v -1.626603 15.097715 -0.939117
v -2.618032 1.938982 -1.511521
v -1.511521 1.938982 -2.618032
v -0.939119 15.097715 -1.626600
v 0.000000 1.938982 -3.023043
v 0.000000 15.097715 -1.878236
v 0.000000 1.938982 -3.023043
v 0.939119 15.097715 -1.626600
v 1.511521 1.938982 -2.618032
v 0.000000 15.097715 -1.878236
v 1.626603 15.097715 -0.939117
v 2.618032 1.938982 -1.511521
v 3.023043 1.938982 0.000000
v 1.878238 15.097715 0.000002
v 0.668811 15.674999 1.158416
v 1.158414 15.674999 0.668813
v 0.000000 15.674999 0.000002
v 0.000000 15.674999 1.337623
v -0.668811 15.674999 1.158416
v -1.158414 15.674999 0.668813
v -1.337621 15.674999 0.000002
v -1.158414 15.674999 -0.668809
v -0.668811 15.674999 -1.158412
v 0.000000 15.674999 -1.337619
v 0.668811 15.674999 -1.158412
v 1.158414 15.674999 -0.668809
v 1.337621 15.674999 0.000002
v 0.452359 -17.635845 -0.783512
v 0.636573 -16.759159 -1.102580
v 0.783509 -17.635845 -0.452361
v 1.102577 -16.759159 -0.636575
v 0.000000 -17.635845 -0.904721
v 0.000000 -16.759159 -1.273149
v -0.452359 -17.635845 -0.783512
v -0.636573 -16.759159 -1.102580
v -0.783509 -17.635845 -0.452361
v -1.102577 -16.759159 -0.636575
v -1.273146 -16.759159 -0.000002
v -0.904718 -17.635845 -0.000002
v -0.783509 -17.635845 0.452357
v -1.102577 -16.759159 0.636570
v -0.636573 -16.759159 1.102575
v -0.452359 -17.635845 0.783508
v 0.000000 -16.759159 1.273144
v 0.000000 -17.635845 0.904716
v 0.452359 -17.635845 0.783508
v 0.636573 -16.759159 1.102575
v 0.783509 -17.635845 0.452357
v 1.102577 -16.759159 0.636570
v 1.273146 -16.759159 -0.000002
v 0.904718 -17.635845 -0.000002
v 0.939119 15.097715 1.626604
v 1.158414 15.674999 0.668813
v 0.668811 15.674999 1.158416
v 1.626603 15.097715 0.939121
v 1.626603 15.097715 0.939121
v 1.878238 15.097715 0.000002
v 1.158414 15.674999 0.668813
v 1.337621 15.674999 0.000002
v 0.000000 15.674999 1.337623
v 0.000000 15.097715 1.878240
v -0.668811 15.674999 1.158416
v -0.939119 15.097715 1.626604
v -1.158414 15.674999 0.668813
v -1.626603 15.097715 0.939121
v -1.878238 15.097715 0.000002
v -1.337621 15.674999 0.000002
v -1.158414 15.674999 -0.668809
v -1.626603 15.097715 -0.939117
v -0.939119 15.097715 -1.626600
v -0.668811 15.674999 -1.158412
v 0.000000 15.097715 -1.878236
v 0.000000 15.674999 -1.337619
v 0.668811 15.674999 -1.158412
v 0.939119 15.097715 -1.626600
v 1.626603 15.097715 -0.939117
v 1.158414 15.674999 -0.668809
v 4.029386 -10.591555 2.326366
v 4.491497 -10.591555 1.203491
v 2.638008 1.673856 1.523055
v 3.046108 1.673856 0.000000
v 4.652734 -10.591555 -0.000001
v 4.491497 -10.591555 -1.203494
v 2.638008 1.673856 -1.523054
v 4.029386 -10.591555 -2.326369
v 3.288003 -10.591555 -3.288006
v 1.523054 1.673856 -2.638008
v 2.326367 -10.591553 -4.029388
v 1.203493 -10.591554 -4.491498
v 0.000000 1.673856 -3.046109
v 0.000000 -10.591554 -4.652736
v 0.000000 -10.591554 -4.652736
v -1.203493 -10.591554 -4.491498
v 0.000000 1.673856 -3.046109
v -1.523054 1.673856 -2.638008
v -2.326367 -10.591553 -4.029388
v -3.288003 -10.591555 -3.288006
v -2.638008 1.673856 -1.523054
v -4.029386 -10.591555 -2.326369
v -4.491497 -10.591555 -1.203494
v -3.046108 1.673856 0.000000
v -4.652734 -10.591555 -0.000001
v -4.491497 -10.591555 1.203491
v -2.638008 1.673856 1.523055
v -4.029386 -10.591555 2.326366
v -3.288003 -10.591555 3.288003
v -1.523054 1.673856 2.638008
v -2.326367 -10.591556 4.029385
v -1.203493 -10.591556 4.491496
v 0.000000 1.673856 3.046109
v 0.000000 -10.591556 4.652734
v 1.203493 -10.591556 4.491496
v 1.523054 1.673856 2.638008
v 2.326367 -10.591556 4.029385
v 3.288003 -10.591555 3.288003
v 0.373575 17.011492 0.647053
v 0.647051 17.011492 0.373577
v 0.000000 17.011492 0.000002
v 0.000000 17.011492 0.747152
v -0.373575 17.011492 0.647053
v -0.647051 17.011492 0.373577
v -0.747149 17.011492 0.000002
v -0.647051 17.011492 -0.373573
v -0.373575 17.011492 -0.647048
v 0.000000 17.011492 -0.747148
v 0.373575 17.011492 -0.647048
v 0.647051 17.011492 -0.373573
v 0.747149 17.011492 0.000002
v 0.794266 15.844700 0.458572
v 0.458569 15.844700 0.794268
v 0.458569 15.641158 0.794268
v 0.794266 15.641158 0.458572
v 0.000000 15.844700 0.917141
v 0.000000 15.641158 0.917141
v -0.458569 15.844700 0.794268
v -0.458569 15.641158 0.794268
v -0.794266 15.844700 0.458572
v -0.794266 15.641158 0.458572
v -0.794266 15.844700 0.458572
v -0.917139 15.641158 0.000002
v -0.794266 15.641158 0.458572
v -0.917139 15.844700 0.000002
v -0.794266 15.641158 -0.458567
v -0.794266 15.844700 -0.458567
v -0.458569 15.641158 -0.794264
v -0.458569 15.844700 -0.794264
v 0.000000 15.641158 -0.917137
v 0.000000 15.844700 -0.917137
v 0.458569 15.641158 -0.794264
v 0.458569 15.844700 -0.794264
v 0.794266 15.641158 -0.458567
v 0.794266 15.844700 -0.458567
v 0.917139 15.844700 0.000002
v 0.917139 15.641158 0.000002
v 0.000000 16.881763 0.917141
v 0.458569 16.881763 0.794268
v 0.794266 16.881763 0.458572
v 0.917139 16.881763 0.000002
v -0.458569 16.881763 0.794268
v -0.794266 16.881763 0.458572
v -0.917139 16.881763 0.000002
v -0.794266 16.881763 -0.458567
v -0.458569 16.881763 -0.794264
v 0.000000 16.881763 -0.917137
v 0.458569 16.881763 -0.794264
v 0.794266 16.881763 -0.458567
v -0.794266 16.881763 0.458572
v -0.794266 15.999828 0.458572
v -0.458569 16.881763 0.794268
v -0.458569 15.999828 0.794268
v -0.794266 16.881763 0.458572
v -0.917139 15.999828 0.000002
v -0.794266 15.999828 0.458572
v -0.917139 16.881763 0.000002
v -0.794266 15.999828 -0.458567
v -0.794266 16.881763 -0.458567
v -0.458569 15.999828 -0.794264
v -0.458569 16.881763 -0.794264
v 0.000000 15.999828 -0.917137
v 0.000000 16.881763 -0.917137
v 0.458569 15.999828 -0.794264
v 0.458569 16.881763 -0.794264
v 0.794266 15.999828 -0.458567
v 0.794266 16.881763 -0.458567
v 0.917139 15.999828 0.000002
v 0.917139 16.881763 0.000002
v 0.794266 15.999828 0.458572
v 0.794266 16.881763 0.458572
v 0.458569 16.881763 0.794268
v 0.458569 15.999828 0.794268
v 0.000000 16.881763 0.917141
v 0.000000 15.999828 0.917141
v -0.386807 15.928538 0.669971
v -0.669969 15.928538 0.386809
v -0.794266 15.844700 0.458572
v -0.458569 15.844700 0.794268
v -0.773613 15.928538 0.000002
v -0.794266 15.844700 0.458572
v -0.669969 15.928538 0.386809
v -0.917139 15.844700 0.000002
v -0.794266 15.844700 -0.458567
v -0.669969 15.928538 -0.386805
v -0.458569 15.844700 -0.794264
v -0.386807 15.928538 -0.669967
v 0.000000 15.928538 -0.773611
v 0.000000 15.844700 -0.917137
v 0.458569 15.844700 -0.794264
v 0.386807 15.928538 -0.669967
v 0.794266 15.844700 -0.458567
v 0.669969 15.928538 -0.386805
v 0.773613 15.928538 0.000002
v 0.917139 15.844700 0.000002
v 0.669969 15.928538 0.386809
v 0.794266 15.844700 0.458572
v 0.458569 15.844700 0.794268
v 0.386807 15.928538 0.669971
v 0.000000 15.928538 0.773615
v 0.000000 15.844700 0.917141
v -0.669969 15.928538 0.386809
v -0.386807 15.928538 0.669971
v -0.458569 15.999828 0.794268
v -0.794266 15.999828 0.458572
v -0.794266 15.999828 0.458572
v -0.773613 15.928538 0.000002
v -0.669969 15.928538 0.386809
v -0.917139 15.999828 0.000002
v -0.794266 15.999828 -0.458567
v -0.669969 15.928538 -0.386805
v -0.458569 15.999828 -0.794264
v -0.386807 15.928538 -0.669967
v 0.000000 15.928538 -0.773611
v 0.000000 15.999828 -0.917137
v 0.458569 15.999828 -0.794264
v 0.386807 15.928538 -0.669967
v 0.794266 15.999828 -0.458567
v 0.669969 15.928538 -0.386805
v 0.917139 15.999828 0.000002
v 0.773613 15.928538 0.000002
v 0.794266 15.999828 0.458572
v 0.669969 15.928538 0.386809
v 0.386807 15.928538 0.669971
v 0.458569 15.999828 0.794268
v 0.000000 15.999828 0.917141
v 0.000000 15.928538 0.773615
v 0.099667 17.716917 0.371966
v 0.371963 17.716917 0.099670
v 0.000000 17.716917 0.000002
v -0.272296 17.716917 0.272299
v -0.371963 17.716917 -0.099665
v -0.099667 17.716917 -0.371961
v 0.272296 17.716917 -0.272294
v 0.122343 17.647699 0.456593
v 0.122343 16.985735 0.456593
v 0.456591 17.647699 0.122346
v 0.456591 16.985735 0.122346
v -0.334248 17.647699 0.334251
v -0.334248 16.985735 0.334251
v 0.122343 16.985735 0.456593
v -0.456591 16.985735 -0.122341
v -0.334248 16.985735 0.334251
v -0.456591 17.647699 -0.122341
v -0.456591 16.985735 -0.122341
v -0.122343 16.985735 -0.456588
v -0.122343 17.647699 -0.456588
v -0.122343 16.985735 -0.456588
v 0.334248 16.985735 -0.334246
v 0.334248 17.647699 -0.334246
v 0.456591 17.647699 0.122346
v 0.456591 16.985735 0.122346
v 0.334248 16.985735 -0.334246
v 0.122343 17.647699 0.456593
v 0.456591 17.647699 0.122346
v -0.334248 17.647699 0.334251
v -0.456591 17.647699 -0.122341
v -0.122343 17.647699 -0.456588
v 0.334248 17.647699 -0.334246
v -1.779847 16.196436 2.168440
v -2.521726 16.968761 2.420105
v -1.831521 16.163637 2.116766
v -2.573400 16.935968 2.368431
v -2.509332 17.005808 2.384199
v -0.608225 16.621231 0.603025
v -2.561006 16.973011 2.332525
v -0.556551 16.654026 0.654699
v -0.390581 16.131060 0.820669
v -1.692123 16.098265 2.018864
v -0.442255 16.098265 0.768995
v -1.640450 16.131060 2.070538
v -0.442255 16.098265 0.768995
v -1.692123 16.098265 2.018864
v -0.608225 16.621231 0.603025
v -2.573400 16.935968 2.368431
v -2.561006 16.973011 2.332525
v -1.831521 16.163637 2.116766
v -2.573400 16.935968 2.368431
v -2.509332 17.005808 2.384199
v -2.561006 16.973011 2.332525
v -2.521726 16.968761 2.420105
v -0.390581 16.131060 0.820669
v -0.556551 16.654026 0.654699
v -1.640450 16.131060 2.070538
v -2.521726 16.968761 2.420105
v -1.779847 16.196436 2.168440
v -2.509332 17.005808 2.384199
v 1.427505 16.168507 2.406028
v 1.420354 16.902020 3.198153
v 1.362392 16.129698 2.439204
v 1.485466 16.940834 3.164976
v 1.457444 16.977877 3.140924
v 0.329120 16.587288 0.793559
v 1.392331 16.939060 3.174101
v 0.394232 16.626099 0.760383
v 1.308306 16.064318 2.278442
v 0.570954 16.103127 0.670339
v 1.373419 16.103127 2.245265
v 0.505841 16.064318 0.703515
v 0.505841 16.064318 0.703515
v 1.308306 16.064318 2.278442
v 0.329120 16.587288 0.793559
v 1.420354 16.902020 3.198153
v 1.392331 16.939060 3.174101
v 1.362392 16.129698 2.439204
v 1.420354 16.902020 3.198153
v 1.457444 16.977877 3.140924
v 1.392331 16.939060 3.174101
v 1.485466 16.940834 3.164976
v 0.570954 16.103127 0.670339
v 0.394232 16.626099 0.760383
v 1.373419 16.103127 2.245265
v 1.485466 16.940834 3.164976
v 1.427505 16.168507 2.406028
v 1.457444 16.977877 3.140924
v 2.729390 16.168507 -0.614132
v 3.480534 16.902020 -0.362551
v 2.740822 16.129698 -0.541955
v 3.469103 16.940834 -0.434730
v 3.437569 16.977877 -0.415511
v 0.856421 16.587288 -0.067786
v 3.449001 16.939060 -0.343333
v 0.844989 16.626099 -0.139965
v 0.813962 16.103127 -0.335862
v 2.559781 16.103127 -0.612373
v 0.825394 16.064318 -0.263683
v 2.571213 16.064318 -0.540194
v 0.825394 16.064318 -0.263683
v 2.571213 16.064318 -0.540194
v 0.856421 16.587288 -0.067786
v 3.480534 16.902020 -0.362551
v 3.449001 16.939060 -0.343333
v 2.740822 16.129698 -0.541955
v 3.469103 16.940834 -0.434730
v 3.449001 16.939060 -0.343333
v 3.480534 16.902020 -0.362551
v 3.437569 16.977877 -0.415511
v 0.813962 16.103127 -0.335862
v 0.844989 16.626099 -0.139965
v 2.559781 16.103127 -0.612373
v 3.469103 16.940834 -0.434730
v 2.729390 16.168507 -0.614132
v 3.437569 16.977877 -0.415511
v 0.259351 16.168507 -2.785580
v 0.730735 16.902020 -3.422218
v 0.331529 16.129698 -2.774148
v 0.658557 16.940834 -3.433650
v 0.200177 16.587288 -0.835450
v 0.667090 16.977877 -3.397720
v 0.128000 16.626099 -0.846882
v 0.739268 16.939060 -3.386290
v -0.067898 16.103127 -0.877909
v 0.280791 16.064318 -2.612297
v 0.004280 16.064318 -0.866477
v 0.208613 16.103127 -2.623729
v 0.004280 16.064318 -0.866477
v 0.280791 16.064318 -2.612297
v 0.200177 16.587288 -0.835450
v 0.730735 16.902020 -3.422218
v 0.739268 16.939060 -3.386290
v 0.331529 16.129698 -2.774148
v 0.667090 16.977877 -3.397720
v 0.739268 16.939060 -3.386290
v 0.658557 16.940834 -3.433650
v 0.730735 16.902020 -3.422218
v -0.067898 16.103127 -0.877909
v 0.128000 16.626099 -0.846882
v 0.208613 16.103127 -2.623729
v 0.658557 16.940834 -3.433650
v 0.259351 16.168507 -2.785580
v 0.667090 16.977877 -3.397720
v -2.569102 16.168507 -1.107447
v -3.062092 16.940834 -1.687381
v -2.535926 16.129698 -1.172560
v -3.028916 16.902020 -1.752493
v -3.025284 16.977877 -1.684393
v -0.732704 16.587288 -0.448547
v -2.992108 16.939060 -1.749505
v -0.765881 16.626099 -0.383434
v -2.397675 16.064318 -1.074290
v -0.855925 16.103127 -0.206713
v -2.430852 16.103127 -1.009178
v -0.822748 16.064318 -0.271826
v -0.822748 16.064318 -0.271826
v -2.397675 16.064318 -1.074290
v -0.732704 16.587288 -0.448547
v -3.028916 16.902020 -1.752493
v -2.992108 16.939060 -1.749505
v -2.535926 16.129698 -1.172560
v -3.025284 16.977877 -1.684393
v -2.992108 16.939060 -1.749505
v -3.062092 16.940834 -1.687381
v -3.028916 16.902020 -1.752493
v -0.855925 16.103127 -0.206713
v -0.765881 16.626099 -0.383434
v -2.430852 16.103127 -1.009178
v -3.062092 16.940834 -1.687381
v -2.569102 16.168507 -1.107447
v -3.025284 16.977877 -1.684393
v -2.250150 1.517944 2.353302
v -3.388203 13.341620 3.458879
v -2.353301 1.529770 2.250150
v -3.461275 13.341430 3.390934
v 0.081083 14.797713 0.080962
v 2.161442 14.797713 -2.031782
v -0.080837 14.797713 -0.080958
v 2.031908 14.797713 -2.161317
v 3.458973 13.341620 -3.388300
v 2.250150 1.529770 -2.353301
v 3.391027 13.341428 -3.461371
v 2.353301 1.517945 -2.250150
v 0.073171 1.517945 0.073171
v -2.250150 1.517944 2.353302
v -0.082801 1.529770 -0.063540
v -2.353301 1.529770 2.250150
v 0.073171 1.517945 0.073171
v 2.161442 14.797713 -2.031782
v 0.081083 14.797713 0.080962
v 2.353301 1.517945 -2.250150
v 3.150586 14.364092 -3.061061
v 2.708460 14.684569 -2.598644
v 3.458973 13.341620 -3.388300
v 3.414074 13.889963 -3.339188
v -0.080837 14.797713 -0.080958
v -0.082801 1.529770 -0.063540
v -2.161196 14.797713 2.031787
v -2.353301 1.529770 2.250150
v -3.151298 14.364198 3.062052
v -2.708632 14.684608 2.599078
v -3.461275 13.341430 3.390934
v -3.415508 13.890049 3.340924
v -2.598526 14.684569 2.708342
v -2.031662 14.797713 2.161321
v -2.161196 14.797713 2.031787
v -2.708632 14.684608 2.599078
v -3.060948 14.364092 3.150472
v -3.151298 14.364198 3.062052
v -3.415508 13.890049 3.340924
v -3.339082 13.889963 3.413970
v 3.341027 13.890049 -3.415613
v 3.414074 13.889963 -3.339188
v 3.062164 14.364198 -3.151412
v 3.150586 14.364092 -3.061061
v 2.599196 14.684608 -2.708751
v 2.708460 14.684569 -2.598644
v -2.031662 14.797713 2.161321
v -2.250150 1.517944 2.353302
v -3.060948 14.364092 3.150472
v -2.598526 14.684569 2.708342
v -3.388203 13.341620 3.458879
v -3.339082 13.889963 3.413970
v 2.031908 14.797713 -2.161317
v 2.250150 1.529770 -2.353301
v 3.062164 14.364198 -3.151412
v 2.599196 14.684608 -2.708751
v 3.391027 13.341428 -3.461371
v 3.341027 13.890049 -3.415613
v 2.353301 1.517945 -2.250150
v 2.250150 1.529770 -2.353301
v 2.353301 1.517944 2.250150
v 3.458973 13.341620 3.388304
v 2.250150 1.529770 2.353302
v 3.391027 13.341428 3.461376
v -2.161196 14.797713 -2.031782
v 0.081083 14.797713 -0.080958
v -2.031662 14.797713 -2.161317
v -0.080837 14.797713 0.080962
v -2.353301 1.529770 -2.250150
v -3.388203 13.341620 -3.458875
v -2.250150 1.517945 -2.353301
v -3.461275 13.341428 -3.390929
v 2.353301 1.517944 2.250150
v -0.063540 1.529770 0.082801
v 0.073171 1.517945 -0.073170
v 2.250150 1.529770 2.353302
v -2.250150 1.517945 -2.353301
v -2.031662 14.797713 -2.161317
v 0.073171 1.517945 -0.073170
v 0.081083 14.797713 -0.080958
v -3.060948 14.364092 -3.150469
v -2.598526 14.684569 -2.708338
v -3.388203 13.341620 -3.458875
v -3.339082 13.889963 -3.413965
v -0.080837 14.797713 0.080962
v -0.063540 1.529770 0.082801
v 2.031908 14.797713 2.161321
v 2.250150 1.529770 2.353302
v 3.062164 14.364198 3.151415
v 2.599196 14.684608 2.708755
v 3.391027 13.341428 3.461376
v 3.341027 13.890049 3.415617
v 2.708460 14.684569 2.598648
v 2.161442 14.797713 2.031787
v 2.031908 14.797713 2.161321
v 2.599196 14.684608 2.708755
v 3.150586 14.364092 3.061064
v 3.062164 14.364198 3.151415
v 3.414074 13.889963 3.339191
v 3.341027 13.890049 3.415617
v -3.415508 13.890049 -3.340918
v -3.339082 13.889963 -3.413965
v -3.151298 14.364198 -3.062048
v -3.060948 14.364092 -3.150469
v -2.708632 14.684608 -2.599074
v -2.598526 14.684569 -2.708338
v 2.161442 14.797713 2.031787
v 2.353301 1.517944 2.250150
v 3.150586 14.364092 3.061064
v 2.708460 14.684569 2.598648
v 3.458973 13.341620 3.388304
v 3.414074 13.889963 3.339191
v -2.161196 14.797713 -2.031782
v -2.353301 1.529770 -2.250150
v -3.151298 14.364198 -3.062048
v -2.708632 14.684608 -2.599074
v -3.461275 13.341428 -3.390929
v -3.415508 13.890049 -3.340918
v -2.353301 1.529770 -2.250150
v -2.250150 1.517945 -2.353301
v -0.148465 1.241153 -3.902667
v 0.148464 1.065081 -3.829736
v 0.148464 1.241153 -3.902667
v -0.148465 1.065081 -3.829736
v -0.148465 0.992149 -3.653664
v 0.148464 0.992149 -3.653664
v 0.148464 1.065081 -3.829736
v -0.148465 1.065081 -3.829736
v -0.148465 1.065081 -3.477592
v 0.148464 1.065081 -3.477592
v -0.148465 1.241153 -3.404660
v 0.148464 1.241153 -3.404660
v -0.148465 1.417225 -3.477592
v 0.148464 1.417225 -3.477592
v -0.148465 1.490155 -3.653664
v 0.148464 1.490155 -3.653664
v -0.148465 1.417225 -3.829736
v 0.148464 1.417225 -3.829736
v 0.148464 1.676632 -3.798015
v 0.148464 1.675244 -3.006207
v 0.148464 1.417225 -3.477592
v 0.148464 1.490155 -3.653664
v 0.148464 1.241153 -3.404660
v 0.148464 0.805672 -3.131462
v 0.148464 1.065081 -3.477592
v 0.148464 0.992149 -3.653664
v 0.148464 0.805672 -3.798016
v 0.148464 1.417225 -3.829736
v 0.148464 1.626738 -3.918469
v 0.148464 1.543859 -4.001348
v 0.148464 1.065081 -3.829736
v 0.148464 0.855566 -3.918470
v 0.148464 0.938443 -4.001348
v 0.148464 1.058899 -4.051241
v 0.148464 1.241153 -3.902667
v 0.148464 1.423407 -4.051241
v 0.148464 1.675244 -3.006207
v -0.148465 1.676632 -3.798014
v -0.148465 1.675244 -3.006207
v 0.148464 1.676632 -3.798015
v -0.148465 1.675244 -3.006207
v -0.148465 1.676632 -3.798014
v -0.148465 1.417225 -3.477592
v -0.148465 1.490155 -3.653664
v -0.148465 1.241153 -3.404660
v -0.148465 0.805672 -3.131463
v -0.148465 1.065081 -3.477592
v -0.148465 0.992149 -3.653664
v -0.148465 0.805672 -3.798015
v -0.148465 1.065081 -3.829736
v -0.148465 0.855566 -3.918470
v -0.148465 0.938443 -4.001347
v -0.148465 1.417225 -3.829736
v -0.148465 1.626738 -3.918469
v -0.148465 1.543859 -4.001347
v -0.148465 1.423407 -4.051240
v -0.148465 1.241153 -3.902667
v -0.148465 1.058899 -4.051239
v -0.148465 0.805672 -3.798015
v 0.148464 0.805672 -3.131462
v -0.148465 0.805672 -3.131463
v 0.148464 0.805672 -3.798016
v -0.148465 0.855566 -3.918470
v 0.148464 0.855566 -3.918470
v -0.148465 0.938443 -4.001347
v 0.148464 0.938443 -4.001348
v 0.148464 1.058899 -4.051241
v -0.148465 1.058899 -4.051239
v -0.148465 1.423407 -4.051240
v 0.148464 1.423407 -4.051241
v 0.148464 1.543859 -4.001348
v -0.148465 1.543859 -4.001347
v -0.148465 1.626738 -3.918469
v 0.148464 1.626738 -3.918469
v -3.902667 1.241153 0.148465
v -3.829736 1.065080 -0.148464
v -3.902667 1.241153 -0.148464
v -3.829736 1.065080 0.148465
v -3.653664 0.992148 0.148465
v -3.829736 1.065080 -0.148464
v -3.829736 1.065080 0.148465
v -3.653664 0.992148 -0.148464
v -3.477591 1.065080 0.148465
v -3.477591 1.065080 -0.148464
v -3.404660 1.241153 0.148465
v -3.404660 1.241153 -0.148464
v -3.477591 1.417225 0.148465
v -3.477591 1.417225 -0.148464
v -3.653664 1.490155 0.148465
v -3.653664 1.490155 -0.148464
v -3.829736 1.417225 0.148465
v -3.829736 1.417225 -0.148464
v -3.798015 1.676631 -0.148464
v -3.006207 1.675244 -0.148464
v -3.477591 1.417225 -0.148464
v -3.653664 1.490155 -0.148464
v -3.404660 1.241153 -0.148464
v -3.131462 0.805671 -0.148464
v -3.477591 1.065080 -0.148464
v -3.653664 0.992148 -0.148464
v -3.798015 0.805671 -0.148464
v -3.829736 1.417225 -0.148464
v -3.918469 1.626737 -0.148464
v -4.001347 1.543858 -0.148464
v -3.918469 0.855565 -0.148464
v -3.829736 1.065080 -0.148464
v -4.001347 0.938442 -0.148464
v -4.051241 1.058898 -0.148464
v -3.902667 1.241153 -0.148464
v -4.051241 1.423407 -0.148464
v -3.006207 1.675244 -0.148464
v -3.798014 1.676631 0.148465
v -3.006207 1.675244 0.148465
v -3.798015 1.676631 -0.148464
v -3.006207 1.675244 0.148465
v -3.798014 1.676631 0.148465
v -3.477591 1.417225 0.148465
v -3.653664 1.490155 0.148465
v -3.404660 1.241153 0.148465
v -3.131462 0.805671 0.148465
v -3.477591 1.065080 0.148465
v -3.653664 0.992148 0.148465
v -3.798014 0.805671 0.148465
v -3.829736 1.065080 0.148465
v -3.918469 0.855565 0.148465
v -4.001346 0.938442 0.148465
v -3.918469 1.626737 0.148465
v -3.829736 1.417225 0.148465
v -4.001346 1.543858 0.148465
v -4.051239 1.423407 0.148465
v -3.902667 1.241153 0.148465
v -4.051239 1.058898 0.148465
v -3.798014 0.805671 0.148465
v -3.131462 0.805671 -0.148464
v -3.131462 0.805671 0.148465
v -3.798015 0.805671 -0.148464
v -3.918469 0.855565 0.148465
v -3.918469 0.855565 -0.148464
v -4.001346 0.938442 0.148465
v -4.001347 0.938442 -0.148464
v -4.051239 1.058898 0.148465
v -4.051241 1.058898 -0.148464
v -4.051239 1.423407 0.148465
v -4.051241 1.423407 -0.148464
v -4.001346 1.543858 0.148465
v -4.001347 1.543858 -0.148464
v -3.918469 1.626737 0.148465
v -3.918469 1.626737 -0.148464
v -0.148464 1.065080 3.829736
v 0.148465 1.241152 3.902667
v 0.148465 1.065080 3.829736
v -0.148464 1.241152 3.902667
v 0.148465 0.992148 3.653665
v -0.148464 1.065080 3.829736
v 0.148465 1.065080 3.829736
v -0.148464 0.992148 3.653665
v 0.148465 1.065080 3.477592
v -0.148464 1.065080 3.477592
v 0.148465 1.241152 3.404661
v -0.148464 1.241152 3.404661
v 0.148465 1.417224 3.477592
v -0.148464 1.417224 3.477592
v 0.148465 1.490154 3.653665
v -0.148464 1.490154 3.653665
v 0.148465 1.417224 3.829736
v -0.148464 1.417224 3.829736
v -0.148464 1.676631 3.798016
v -0.148464 1.675243 3.006207
v -0.148464 1.417224 3.477592
v -0.148464 1.490154 3.653665
v -0.148464 1.241152 3.404661
v -0.148464 0.805671 3.131462
v -0.148464 1.065080 3.477592
v -0.148464 0.992148 3.653665
v -0.148464 0.805671 3.798016
v -0.148464 1.417224 3.829736
v -0.148464 1.626737 3.918470
v -0.148464 1.543858 4.001348
v -0.148464 1.065080 3.829736
v -0.148464 0.855564 3.918469
v -0.148464 0.938441 4.001348
v -0.148464 1.058897 4.051241
v -0.148464 1.241152 3.902667
v -0.148464 1.423406 4.051241
v 0.148465 1.676631 3.798015
v -0.148464 1.675243 3.006207
v -0.148464 1.676631 3.798016
v 0.148465 1.675243 3.006207
v 0.148465 1.675243 3.006207
v 0.148465 1.676631 3.798015
v 0.148465 1.417224 3.477592
v 0.148465 1.490154 3.653665
v 0.148465 1.241152 3.404661
v 0.148465 0.805671 3.131463
v 0.148465 1.065080 3.477592
v 0.148465 0.992148 3.653665
v 0.148465 0.805671 3.798015
v 0.148465 1.065080 3.829736
v 0.148465 0.855564 3.918469
v 0.148465 0.938441 4.001347
v 0.148465 1.417224 3.829736
v 0.148465 1.626737 3.918470
v 0.148465 1.543858 4.001347
v 0.148465 1.423406 4.051240
v 0.148465 1.241152 3.902667
v 0.148465 1.058897 4.051240
v -0.148464 0.805671 3.798016
v -0.148464 0.805671 3.131462
v 0.148465 0.805671 3.798015
v 0.148465 0.805671 3.131463
v 0.148465 0.855564 3.918469
v -0.148464 0.855564 3.918469
v 0.148465 0.938441 4.001347
v -0.148464 0.938441 4.001348
v -0.148464 1.058897 4.051241
v 0.148465 1.058897 4.051240
v 0.148465 1.423406 4.051240
v -0.148464 1.423406 4.051241
v -0.148464 1.543858 4.001348
v 0.148465 1.543858 4.001347
v 0.148465 1.626737 3.918470
v -0.148464 1.626737 3.918470
v 3.829736 1.065080 0.148464
v 3.902667 1.241153 -0.148464
v 3.829736 1.065080 -0.148464
v 3.902667 1.241153 0.148464
v 3.653664 0.992148 0.148464
v 3.829736 1.065080 0.148464
v 3.653664 0.992148 -0.148464
v 3.829736 1.065080 -0.148464
v 3.477591 1.065080 0.148464
v 3.477591 1.065080 -0.148464
v 3.404660 1.241153 0.148464
v 3.404660 1.241153 -0.148464
v 3.477591 1.417225 0.148465
v 3.477591 1.417225 -0.148464
v 3.653664 1.490154 0.148465
v 3.653664 1.490155 -0.148464
v 3.829736 1.417225 0.148465
v 3.829736 1.417225 -0.148464
v 3.798015 1.676631 0.148465
v 3.006207 1.675244 0.148465
v 3.477591 1.417225 0.148465
v 3.653664 1.490154 0.148465
v 3.404660 1.241153 0.148464
v 3.131462 0.805671 0.148465
v 3.477591 1.065080 0.148464
v 3.653664 0.992148 0.148464
v 3.798015 0.805671 0.148464
v 3.829736 1.417225 0.148465
v 3.918469 1.626737 0.148465
v 4.001347 1.543858 0.148465
v 3.829736 1.065080 0.148464
v 3.918469 0.855565 0.148464
v 4.001347 0.938442 0.148464
v 4.051241 1.058898 0.148464
v 3.902667 1.241153 0.148464
v 4.051241 1.423407 0.148465
v 3.006207 1.675244 0.148465
v 3.798014 1.676631 -0.148464
v 3.006207 1.675244 -0.148464
v 3.798015 1.676631 0.148465
v 3.006207 1.675244 -0.148464
v 3.798014 1.676631 -0.148464
v 3.477591 1.417225 -0.148464
v 3.653664 1.490155 -0.148464
v 3.404660 1.241153 -0.148464
v 3.131462 0.805671 -0.148465
v 3.477591 1.065080 -0.148464
v 3.653664 0.992148 -0.148464
v 3.798014 0.805671 -0.148465
v 3.829736 1.065080 -0.148464
v 3.918469 0.855565 -0.148464
v 4.001346 0.938442 -0.148464
v 3.829736 1.417225 -0.148464
v 3.918469 1.626737 -0.148464
v 4.001346 1.543858 -0.148464
v 4.051239 1.423407 -0.148464
v 3.902667 1.241153 -0.148464
v 4.051239 1.058898 -0.148464
v 3.131462 0.805671 -0.148465
v 3.798014 0.805671 -0.148465
v 3.131462 0.805671 0.148465
v 3.798015 0.805671 0.148464
v 3.918469 0.855565 -0.148464
v 3.918469 0.855565 0.148464
v 4.001346 0.938442 -0.148464
v 4.001347 0.938442 0.148464
v 4.051241 1.058898 0.148464
v 4.051239 1.058898 -0.148464
v 4.051241 1.423407 0.148465
v 4.051239 1.423407 -0.148464
v 4.001347 1.543858 0.148465
v 4.001346 1.543858 -0.148464
v 3.918469 1.626737 -0.148464
v 3.918469 1.626737 0.148465
v -3.046108 1.673856 0.000000
v -2.638008 1.673856 -1.523054
v -2.638008 1.673856 1.523055
v -1.523054 1.673856 2.638008
v 0.000000 1.673856 3.046109
v 1.523054 1.673856 2.638008
v 2.638008 1.673856 1.523055
v 3.046108 1.673856 0.000000
v 2.638008 1.673856 -1.523054
v 1.523054 1.673856 -2.638008
v 0.000000 1.673856 -3.046109
v 0.000000 1.673856 -3.046109
v -1.523054 1.673856 -2.638008
vn -0.4301 -0.8679 0.2483
vn -0.3514 -0.8678 0.3514
vn -0.4800 -0.8678 0.1286
vn -0.4967 -0.8679 -0.0000
vn -0.4301 -0.8679 -0.2483
vn -0.4800 -0.8678 -0.1286
vn -0.2483 -0.8679 -0.4301
vn -0.3514 -0.8678 -0.3514
vn -0.0000 -0.8679 -0.4967
vn -0.1286 -0.8678 -0.4800
vn 0.1286 -0.8678 -0.4800
vn 0.2483 -0.8679 -0.4302
vn 0.4301 -0.8679 -0.2483
vn 0.3514 -0.8678 -0.3514
vn 0.4967 -0.8679 -0.0000
vn 0.4800 -0.8678 -0.1286
vn 0.4301 -0.8679 0.2483
vn 0.4800 -0.8678 0.1286
vn 0.3514 -0.8678 0.3514
vn 0.2483 -0.8679 0.4301
vn -0.0000 -0.8679 0.4967
vn 0.1286 -0.8678 0.4800
vn -0.2483 -0.8679 0.4302
vn -0.1286 -0.8678 0.4800
vn -0.0000 0.8545 0.5195
vn -0.1345 0.8543 0.5020
vn 0.2597 0.8545 0.4499
vn 0.1345 0.8543 0.5020
vn 0.4499 0.8545 0.2598
vn 0.3675 0.8543 0.3675
vn 0.5020 0.8543 0.1345
vn 0.5195 0.8545 -0.0000
vn 0.4499 0.8545 -0.2598
vn 0.5020 0.8543 -0.1345
vn 0.2598 0.8545 -0.4499
vn 0.3675 0.8543 -0.3675
vn -0.0000 0.8545 -0.5195
vn 0.1345 0.8543 -0.5020
vn -0.1345 0.8543 -0.5020
vn -0.2598 0.8545 -0.4499
vn -0.4499 0.8545 -0.2598
vn -0.3675 0.8543 -0.3675
vn -0.5195 0.8545 -0.0000
vn -0.5020 0.8543 -0.1345
vn -0.4499 0.8545 0.2598
vn -0.5020 0.8543 0.1345
vn -0.3675 0.8543 0.3675
vn -0.2597 0.8545 0.4499
vn -0.2567 0.1279 0.9580
vn -0.0000 0.1280 0.9918
vn 0.4959 0.1280 0.8589
vn 0.2567 0.1279 0.9580
vn 0.7013 0.1279 0.7013
vn 0.8589 0.1280 0.4959
vn 0.9580 0.1279 0.2567
vn 0.9918 0.1280 -0.0000
vn 0.9580 0.1279 -0.2567
vn 0.8589 0.1280 -0.4959
vn 0.4959 0.1280 -0.8589
vn 0.7013 0.1279 -0.7013
vn -0.0000 0.1280 -0.9918
vn 0.2567 0.1279 -0.9580
vn -0.4959 0.1280 -0.8589
vn -0.2567 0.1279 -0.9580
vn -0.8589 0.1280 -0.4959
vn -0.7013 0.1279 -0.7013
vn -0.9918 0.1280 -0.0000
vn -0.9580 0.1279 -0.2567
vn -0.8589 0.1280 0.4959
vn -0.9580 0.1279 0.2567
vn -0.7013 0.1279 0.7013
vn -0.4959 0.1280 0.8589
vn 0.2805 -0.8278 -0.4859
vn 0.4859 -0.8278 -0.2805
vn 0.5617 -0.7612 -0.3243
vn 0.3243 -0.7612 -0.5616
vn -0.0000 -0.8278 -0.5611
vn -0.0000 -0.7612 -0.6486
vn -0.3243 -0.7612 -0.5617
vn -0.2805 -0.8278 -0.4859
vn -0.4859 -0.8278 -0.2805
vn -0.5616 -0.7612 -0.3243
vn -0.5611 -0.8277 -0.0000
vn -0.6486 -0.7612 -0.0000
vn -0.5617 -0.7612 0.3243
vn -0.4859 -0.8278 0.2805
vn -0.3243 -0.7612 0.5616
vn -0.2806 -0.8277 0.4859
vn -0.0000 -0.8277 0.5611
vn -0.0000 -0.7612 0.6486
vn 0.3243 -0.7612 0.5617
vn 0.2805 -0.8278 0.4859
vn 0.4859 -0.8278 0.2805
vn 0.5616 -0.7612 0.3243
vn 0.6486 -0.7612 -0.0000
vn 0.5611 -0.8277 -0.0000
vn 0.3786 -0.6533 -0.6557
vn 0.6557 -0.6533 -0.3786
vn -0.0000 -0.6532 -0.7572
vn -0.0000 -0.6533 -0.7571
vn -0.3786 -0.6533 -0.6557
vn -0.6557 -0.6532 -0.3786
vn -0.7571 -0.6533 -0.0000
vn -0.6557 -0.6533 0.3786
vn -0.3786 -0.6533 0.6557
vn -0.0000 -0.6533 0.7571
vn 0.3786 -0.6533 0.6557
vn 0.6557 -0.6532 0.3786
vn 0.7571 -0.6533 -0.0000
vn 0.4470 -0.4479 -0.7743
vn 0.7742 -0.4480 -0.4470
vn -0.0000 -0.4480 -0.8940
vn -0.4470 -0.4480 -0.7742
vn -0.7743 -0.4480 -0.4470
vn -0.8940 -0.4480 -0.0000
vn -0.7742 -0.4480 0.4470
vn -0.4470 -0.4480 0.7743
vn -0.0000 -0.4480 0.8940
vn 0.4470 -0.4480 0.7742
vn 0.7743 -0.4480 0.4470
vn 0.8940 -0.4480 -0.0000
vn 0.4902 -0.1966 -0.8491
vn 0.8491 -0.1966 -0.4902
vn 0.0001 -0.1966 -0.9805
vn -0.0001 -0.1966 -0.9805
vn -0.4902 -0.1966 -0.8491
vn -0.8491 -0.1966 -0.4902
vn -0.9805 -0.1966 -0.0000
vn -0.8491 -0.1966 0.4902
vn -0.4902 -0.1966 0.8491
vn -0.0000 -0.1966 0.9805
vn 0.4902 -0.1966 0.8491
vn 0.8491 -0.1966 0.4902
vn 0.9805 -0.1966 -0.0000
vn 0.4995 -0.0452 -0.8651
vn 0.7064 -0.0437 -0.7064
vn 0.8651 -0.0452 -0.4995
vn -0.0000 -0.0451 -0.9990
vn 0.2586 -0.0437 -0.9650
vn -0.4995 -0.0452 -0.8651
vn -0.2586 -0.0437 -0.9650
vn -0.0001 -0.0452 -0.9990
vn -0.8651 -0.0452 -0.4995
vn -0.7064 -0.0437 -0.7064
vn -0.9990 -0.0452 -0.0000
vn -0.9650 -0.0437 -0.2586
vn -0.8651 -0.0452 0.4995
vn -0.9650 -0.0437 0.2586
vn -0.4995 -0.0452 0.8651
vn -0.7064 -0.0437 0.7064
vn -0.0000 -0.0452 0.9990
vn -0.2586 -0.0437 0.9650
vn 0.4995 -0.0452 0.8651
vn 0.2586 -0.0437 0.9650
vn 0.8651 -0.0452 0.4995
vn 0.7064 -0.0437 0.7064
vn 0.9990 -0.0452 -0.0000
vn 0.9650 -0.0437 0.2586
vn 0.9650 -0.0437 -0.2586
vn 0.2376 -0.8799 -0.4115
vn 0.4116 -0.8799 -0.2376
vn -0.0000 -1.0000 -0.0000
vn -0.0000 -0.8799 -0.4752
vn -0.2376 -0.8799 -0.4115
vn -0.4115 -0.8799 -0.2376
vn -0.4752 -0.8799 -0.0000
vn -0.4115 -0.8799 0.2376
vn -0.2376 -0.8799 0.4115
vn -0.0000 -0.8799 0.4752
vn 0.2376 -0.8799 0.4115
vn 0.4115 -0.8799 0.2376
vn 0.4752 -0.8799 -0.0000
vn 0.4981 0.0867 0.8628
vn 0.8628 0.0867 0.4981
vn -0.0000 0.0867 0.9962
vn -0.4981 0.0867 0.8628
vn -0.8628 0.0867 0.4981
vn -0.9962 0.0867 -0.0000
vn -0.8628 0.0867 -0.4981
vn -0.4981 0.0867 -0.8628
vn -0.0000 0.0867 -0.9962
vn 0.4981 0.0867 -0.8628
vn 0.8628 0.0867 -0.4981
vn 0.9962 0.0867 -0.0000
vn 0.1753 0.9365 0.3036
vn 0.3036 0.9365 0.1753
vn -0.0000 1.0000 -0.0000
vn -0.0000 0.9365 0.3506
vn -0.1753 0.9365 0.3036
vn -0.3036 0.9365 0.1753
vn -0.3506 0.9365 -0.0000
vn -0.3036 0.9365 -0.1753
vn -0.1753 0.9365 -0.3036
vn -0.0000 0.9365 -0.3506
vn 0.1753 0.9365 -0.3036
vn 0.3036 0.9365 -0.1753
vn 0.3506 0.9365 -0.0000
vn 0.4233 -0.5321 -0.7333
vn 0.3243 -0.7611 -0.5617
vn 0.7332 -0.5321 -0.4233
vn 0.5617 -0.7611 -0.3243
vn -0.0000 -0.5321 -0.8467
vn -0.4233 -0.5321 -0.7332
vn -0.3243 -0.7611 -0.5617
vn -0.7333 -0.5321 -0.4233
vn -0.5617 -0.7611 -0.3243
vn -0.8467 -0.5321 -0.0000
vn -0.7332 -0.5321 0.4233
vn -0.5617 -0.7611 0.3243
vn -0.3243 -0.7611 0.5617
vn -0.4233 -0.5321 0.7333
vn -0.0000 -0.5321 0.8467
vn 0.4233 -0.5321 0.7332
vn 0.3243 -0.7611 0.5617
vn 0.7332 -0.5321 0.4233
vn 0.5617 -0.7611 0.3243
vn 0.8467 -0.5321 -0.0000
vn 0.3650 0.6835 0.6321
vn 0.3037 0.9365 0.1753
vn 0.1754 0.9365 0.3037
vn 0.6321 0.6835 0.3650
vn 0.6321 0.6835 0.3649
vn 0.7299 0.6835 -0.0000
vn -0.0000 0.6835 0.7299
vn -0.1753 0.9365 0.3037
vn -0.3650 0.6835 0.6321
vn -0.3037 0.9365 0.1753
vn -0.6321 0.6835 0.3650
vn -0.7299 0.6835 -0.0000
vn -0.3037 0.9365 -0.1753
vn -0.6321 0.6835 -0.3650
vn -0.3650 0.6835 -0.6321
vn -0.1754 0.9365 -0.3037
vn -0.0000 0.6835 -0.7299
vn 0.1753 0.9365 -0.3037
vn 0.3650 0.6835 -0.6321
vn 0.6321 0.6835 -0.3650
vn 0.3037 0.9365 -0.1753
vn 0.8578 0.1374 0.4953
vn 0.9574 0.1327 0.2565
vn 0.8579 0.1363 0.4953
vn 0.9907 0.1363 -0.0000
vn 0.9905 0.1374 -0.0000
vn 0.9574 0.1327 -0.2565
vn 0.8579 0.1363 -0.4953
vn 0.8578 0.1374 -0.4953
vn 0.7009 0.1327 -0.7009
vn 0.4953 0.1363 -0.8579
vn 0.4953 0.1374 -0.8578
vn 0.2565 0.1327 -0.9574
vn -0.0000 0.1363 -0.9907
vn -0.0000 0.1373 -0.9905
vn -0.2565 0.1327 -0.9574
vn -0.4953 0.1363 -0.8579
vn -0.4953 0.1374 -0.8578
vn -0.7009 0.1327 -0.7009
vn -0.8579 0.1363 -0.4953
vn -0.8578 0.1374 -0.4953
vn -0.9574 0.1327 -0.2565
vn -0.9907 0.1363 -0.0000
vn -0.9905 0.1374 -0.0000
vn -0.9574 0.1327 0.2565
vn -0.8579 0.1363 0.4953
vn -0.8578 0.1374 0.4953
vn -0.7009 0.1327 0.7009
vn -0.4953 0.1363 0.8579
vn -0.4953 0.1373 0.8578
vn -0.2565 0.1327 0.9574
vn -0.0000 0.1363 0.9907
vn -0.0000 0.1374 0.9905
vn 0.2565 0.1327 0.9574
vn 0.4953 0.1363 0.8579
vn 0.4953 0.1373 0.8578
vn 0.7009 0.1327 0.7009
vn 0.0887 0.9841 0.1536
vn 0.1536 0.9841 0.0887
vn -0.0000 0.9841 0.1774
vn -0.0887 0.9841 0.1536
vn -0.1536 0.9841 0.0887
vn -0.1774 0.9841 -0.0000
vn -0.1536 0.9841 -0.0887
vn -0.0887 0.9841 -0.1536
vn -0.0000 0.9841 -0.1774
vn 0.0887 0.9841 -0.1536
vn 0.1536 0.9841 -0.0887
vn 0.1774 0.9841 -0.0000
vn 0.8660 -0.0000 0.5000
vn 0.5000 -0.0000 0.8660
vn -0.0000 -0.0000 1.0000
vn -0.5000 -0.0000 0.8660
vn -0.8660 -0.0000 0.5001
vn -0.8661 -0.0000 0.5000
vn -1.0000 -0.0000 -0.0000
vn -0.8660 -0.0000 -0.5000
vn -0.5000 -0.0000 -0.8660
vn -0.0000 -0.0000 -1.0000
vn 0.5000 -0.0000 -0.8660
vn 0.8660 -0.0000 -0.5000
vn 1.0000 -0.0000 -0.0000
vn -0.0000 0.7949 0.6067
vn 0.3033 0.7950 0.5254
vn 0.5254 0.7950 0.3033
vn 0.6067 0.7950 -0.0000
vn -0.3033 0.7950 0.5254
vn -0.5254 0.7950 0.3033
vn -0.6067 0.7950 -0.0000
vn -0.5254 0.7950 -0.3033
vn -0.3033 0.7950 -0.5254
vn -0.0000 0.7949 -0.6067
vn 0.3033 0.7950 -0.5254
vn 0.5254 0.7950 -0.3033
vn -0.8660 -0.0000 0.5000
vn -0.2522 0.8635 0.4368
vn -0.4368 0.8635 0.2522
vn -0.5044 0.8635 -0.0000
vn -0.4368 0.8635 -0.2522
vn -0.2522 0.8635 -0.4368
vn -0.0000 0.8635 -0.5044
vn 0.2522 0.8635 -0.4368
vn 0.4368 0.8635 -0.2522
vn 0.5044 0.8635 -0.0000
vn 0.4368 0.8635 0.2522
vn 0.2522 0.8635 0.4368
vn -0.0000 0.8635 0.5044
vn -0.3852 -0.8956 0.2225
vn -0.2224 -0.8956 0.3853
vn -0.3853 -0.8956 0.2225
vn -0.3853 -0.8956 0.2224
vn -0.4449 -0.8956 -0.0000
vn -0.3853 -0.8956 -0.2224
vn -0.2224 -0.8956 -0.3852
vn -0.2224 -0.8956 -0.3853
vn -0.0000 -0.8956 -0.4449
vn 0.2224 -0.8956 -0.3853
vn 0.3853 -0.8956 -0.2224
vn 0.4449 -0.8956 -0.0000
vn 0.3853 -0.8956 0.2224
vn 0.2224 -0.8956 0.3853
vn 0.2224 -0.8956 0.3852
vn -0.0000 -0.8956 0.4449
vn 0.0597 0.9730 0.2229
vn 0.2229 0.9730 0.0597
vn -0.1632 0.9730 0.1632
vn -0.2229 0.9730 -0.0597
vn -0.0597 0.9730 -0.2229
vn 0.1632 0.9730 -0.1632
vn 0.2577 0.0909 0.9619
vn 0.7071 -0.0000 0.7071
vn 0.9619 0.0909 0.2578
vn -0.7042 0.0909 0.7042
vn -0.2588 -0.0000 0.9659
vn -0.9659 -0.0000 0.2588
vn -0.9619 0.0909 -0.2577
vn -0.7071 -0.0000 -0.7071
vn -0.9619 0.0909 -0.2578
vn -0.2577 0.0909 -0.9619
vn 0.2588 -0.0000 -0.9659
vn 0.7042 0.0909 -0.7042
vn 0.9619 0.0909 0.2577
vn 0.9659 -0.0000 -0.2588
vn -0.7042 0.0909 0.7041
vn 0.7042 0.0909 -0.7041
vn -0.3140 -0.6277 0.7123
vn -0.3592 -0.5826 0.7290
vn -0.3140 -0.6277 0.7124
vn -0.1828 0.9025 -0.3900
vn 0.2895 -0.9123 0.2895
vn 0.2631 -0.9117 0.3155
vn -0.6451 -0.4095 -0.6451
vn -0.7275 0.5873 0.3548
vn -0.7275 0.5872 0.3548
vn 0.6451 0.4095 0.6451
vn 0.6451 0.4094 0.6452
vn 0.6169 -0.6147 0.4915
vn 0.6167 -0.5748 0.5378
vn 0.6167 -0.6214 0.4833
vn -0.4782 0.8742 0.0844
vn -0.4781 0.8742 0.0843
vn 0.4335 -0.8826 -0.1818
vn 0.4179 -0.8832 -0.2129
vn 0.4344 -0.8826 -0.1800
vn -0.8331 -0.3546 0.4245
vn 0.0685 0.5793 0.8122
vn 0.0686 0.5793 0.8122
vn 0.8331 0.3546 -0.4245
vn 0.6581 -0.6147 -0.4348
vn 0.7021 -0.5748 -0.4203
vn 0.6503 -0.6214 -0.4371
vn -0.0675 0.8742 0.4808
vn -0.0734 -0.8832 -0.4633
vn -0.0369 -0.8826 -0.4687
vn -0.0389 -0.8826 -0.4684
vn 0.1463 -0.3546 0.9235
vn 0.7937 0.5793 0.1858
vn -0.1463 0.3546 -0.9235
vn -0.2102 -0.6147 -0.7602
vn -0.1828 -0.5748 -0.7976
vn -0.2148 -0.6214 -0.7535
vn 0.4364 0.8742 0.2128
vn -0.4633 -0.8832 -0.0734
vn -0.4575 -0.8826 -0.1077
vn -0.4572 -0.8826 -0.1097
vn 0.9235 -0.3546 0.1463
vn 0.9235 -0.3546 0.1462
vn 0.4220 0.5793 -0.6974
vn -0.9235 0.3546 -0.1463
vn -0.9235 0.3546 -0.1462
vn -0.7879 -0.6147 -0.0350
vn -0.8151 -0.5748 -0.0727
vn -0.7830 -0.6214 -0.0286
vn 0.3372 0.8742 -0.3493
vn 0.3372 0.8742 -0.3492
vn -0.2439 -0.8826 0.4018
vn -0.2129 -0.8832 0.4179
vn -0.2456 -0.8826 0.4009
vn 0.4245 -0.3546 -0.8331
vn -0.5329 0.5793 -0.6169
vn -0.5329 0.5793 -0.6168
vn -0.4245 0.3546 0.8331
vn -0.6949 -0.1332 0.7066
vn -0.6952 -0.1220 0.7083
vn -0.6952 -0.1221 0.7083
vn 0.0211 0.9996 -0.0210
vn 0.0209 0.9996 -0.0212
vn 0.7083 -0.1220 -0.6952
vn 0.7066 -0.1332 -0.6949
vn 0.7083 -0.1221 -0.6952
vn -0.0473 -0.9978 -0.0473
vn 0.7071 -0.0012 0.7071
vn 0.7146 -0.0010 0.6995
vn 0.7071 -0.0008 0.7071
vn 0.7134 -0.0010 0.7007
vn 0.7217 -0.0011 0.6922
vn 0.7208 -0.0011 0.6931
vn 0.7255 -0.0015 0.6883
vn 0.7253 -0.0016 0.6885
vn -0.7071 -0.0008 -0.7071
vn -0.7071 -0.0011 -0.7071
vn -0.7146 -0.0010 -0.6995
vn -0.7135 -0.0010 -0.7007
vn -0.7217 -0.0012 -0.6922
vn -0.7208 -0.0011 -0.6932
vn -0.7254 -0.0015 -0.6884
vn -0.7253 -0.0016 -0.6885
vn -0.2025 0.9575 0.2052
vn -0.0208 0.9996 0.0213
vn -0.0210 0.9996 0.0211
vn -0.2031 0.9573 0.2057
vn -0.4259 0.7921 0.4373
vn -0.4271 0.7908 0.4385
vn -0.6315 0.4038 0.6619
vn -0.6308 0.4063 0.6611
vn 0.6619 0.4038 -0.6316
vn 0.6611 0.4062 -0.6308
vn 0.4385 0.7908 -0.4271
vn 0.4373 0.7920 -0.4259
vn 0.2057 0.9573 -0.2030
vn 0.2052 0.9575 -0.2025
vn 0.6995 -0.0010 0.7146
vn 0.7007 -0.0010 0.7134
vn 0.6922 -0.0013 0.7217
vn 0.6931 -0.0011 0.7208
vn 0.6886 -0.0017 0.7252
vn 0.6885 -0.0016 0.7253
vn -0.6995 -0.0010 -0.7146
vn -0.7007 -0.0010 -0.7134
vn -0.6922 -0.0011 -0.7217
vn -0.6932 -0.0011 -0.7208
vn -0.6886 -0.0016 -0.7252
vn -0.6885 -0.0016 -0.7252
vn 0.7066 -0.1332 0.6949
vn 0.7083 -0.1220 0.6952
vn 0.7083 -0.1221 0.6952
vn -0.0212 0.9996 -0.0209
vn -0.0210 0.9996 -0.0211
vn -0.6949 -0.1332 -0.7066
vn -0.6952 -0.1220 -0.7083
vn -0.6952 -0.1221 -0.7083
vn -0.0473 -0.9978 0.0473
vn 0.7007 -0.0010 -0.7134
vn 0.6995 -0.0010 -0.7146
vn 0.7071 -0.0012 -0.7071
vn 0.7071 -0.0008 -0.7071
vn 0.6922 -0.0013 -0.7217
vn 0.6931 -0.0011 -0.7208
vn 0.6886 -0.0017 -0.7252
vn 0.6885 -0.0016 -0.7253
vn -0.7071 -0.0008 0.7071
vn -0.7071 -0.0011 0.7071
vn -0.6995 -0.0010 0.7146
vn -0.7007 -0.0010 0.7135
vn -0.6922 -0.0012 0.7217
vn -0.6932 -0.0011 0.7208
vn -0.6886 -0.0016 0.7252
vn -0.6885 -0.0016 0.7253
vn 0.2052 0.9575 0.2025
vn 0.0213 0.9996 0.0208
vn 0.0211 0.9996 0.0210
vn 0.2057 0.9573 0.2031
vn 0.4373 0.7920 0.4259
vn 0.4385 0.7908 0.4271
vn 0.6611 0.4062 0.6308
vn 0.6619 0.4038 0.6316
vn -0.6315 0.4038 -0.6619
vn -0.6308 0.4063 -0.6611
vn -0.4271 0.7908 -0.4385
vn -0.4259 0.7921 -0.4373
vn -0.2031 0.9573 -0.2057
vn -0.2025 0.9575 -0.2052
vn 0.7146 -0.0010 -0.6995
vn 0.7134 -0.0010 -0.7007
vn 0.7217 -0.0013 -0.6922
vn 0.7208 -0.0011 -0.6931
vn 0.7254 -0.0015 -0.6884
vn 0.7253 -0.0016 -0.6885
vn -0.7146 -0.0010 0.6995
vn -0.7134 -0.0010 0.7007
vn -0.7217 -0.0011 0.6922
vn -0.7208 -0.0011 0.6932
vn -0.7251 -0.0016 0.6886
vn -0.7252 -0.0016 0.6885
vn -0.0000 0.7071 0.7071
vn -0.0000 0.7071 -0.7071
vn -0.0000 -0.7071 -0.7071
vn -0.0000 -0.7071 0.7071
vn -0.0000 1.0000 0.0018
vn -0.0000 0.9986 -0.0531
vn -0.0000 -0.9980 -0.0633
vn -0.0000 -0.8373 -0.5467
vn -0.0000 -0.8373 -0.5468
vn -0.0000 -0.5468 -0.8373
vn -0.0000 -0.5467 -0.8373
vn -0.0000 -0.1024 -0.9947
vn -0.0000 0.1024 -0.9947
vn -0.0000 0.5468 -0.8373
vn -0.0000 0.5467 -0.8373
vn -0.0000 0.8373 -0.5468
vn -0.0000 0.8373 -0.5467
vn 0.7071 0.7071 -0.0000
vn -0.7071 0.7071 -0.0000
vn -0.7071 -0.7071 -0.0000
vn 0.7071 -0.7071 -0.0000
vn 0.0018 1.0000 -0.0000
vn -0.0532 0.9986 -0.0000
vn -0.0531 0.9986 -0.0000
vn -0.0633 -0.9980 -0.0000
vn -0.5468 -0.8373 -0.0000
vn -0.8373 -0.5468 -0.0000
vn -0.8373 -0.5467 -0.0000
vn -0.9947 -0.1024 -0.0000
vn -0.9947 0.1024 -0.0000
vn -0.8373 0.5467 -0.0000
vn -0.8373 0.5468 -0.0000
vn -0.5468 0.8373 -0.0000
vn -0.5467 0.8373 -0.0000
vn -0.0000 0.9986 0.0531
vn -0.0000 1.0000 -0.0018
vn -0.0000 -0.9980 0.0633
vn -0.0000 -0.8373 0.5468
vn -0.0000 -0.5467 0.8373
vn -0.0000 -0.1024 0.9947
vn -0.0000 0.1024 0.9947
vn -0.0000 0.5468 0.8373
vn -0.0000 0.5467 0.8373
vn -0.0000 0.8373 0.5468
vn -0.0000 0.8373 0.5467
vn -0.0018 1.0000 -0.0000
vn 0.0532 0.9986 -0.0000
vn 0.0531 0.9986 -0.0001
vn 0.0633 -0.9980 -0.0000
vn 0.5468 -0.8373 -0.0000
vn 0.8373 -0.5468 -0.0000
vn 0.8373 -0.5467 -0.0000
vn 0.9947 -0.1024 -0.0000
vn 0.9947 0.1024 -0.0000
vn 0.8373 0.5468 -0.0000
vn 0.8373 0.5467 -0.0000
vn 0.5468 0.8373 -0.0000
vn 0.5467 0.8373 -0.0000
vn 0.0001 0.1363 -0.9907
vn -0.0001 0.1363 -0.9907
vt 0.969992 0.775227
vt 0.971894 0.807015
vt 0.971894 0.775219
vt 0.969992 0.807015
vt 0.971906 0.743415
vt 0.970012 0.711620
vt 0.970004 0.743419
vt 0.971910 0.711620
vt 0.970020 0.647992
vt 0.971926 0.679804
vt 0.971926 0.647992
vt 0.970020 0.679804
vt 0.970037 0.584352
vt 0.971939 0.616172
vt 0.971939 0.584347
vt 0.970041 0.616172
vt 0.970057 0.520720
vt 0.971955 0.552527
vt 0.971963 0.520720
vt 0.970049 0.552531
vt 0.971971 0.488908
vt 0.970074 0.457104
vt 0.970069 0.488908
vt 0.971971 0.457104
vt 0.970074 0.393517
vt 0.971983 0.425308
vt 0.971971 0.393521
vt 0.970078 0.425312
vt 0.969963 0.329930
vt 0.971943 0.361742
vt 0.971861 0.329950
vt 0.970037 0.361729
vt 0.970033 0.266139
vt 0.971796 0.298130
vt 0.971934 0.266204
vt 0.969902 0.298073
vt 0.972718 0.998221
vt 0.969869 0.966197
vt 0.970771 0.998074
vt 0.971775 0.966131
vt 0.969820 0.902397
vt 0.971645 0.934205
vt 0.971714 0.902373
vt 0.969751 0.934254
vt 0.969963 0.838798
vt 0.971820 0.870581
vt 0.971869 0.838802
vt 0.969918 0.870589
vt 0.994735 0.902320
vt 0.992915 0.870589
vt 0.992809 0.902340
vt 0.994837 0.870589
vt 0.994776 0.965511
vt 0.992740 0.934030
vt 0.992862 0.965617
vt 0.994670 0.933981
vt 0.994940 0.266832
vt 0.993972 0.235229
vt 0.993021 0.266730
vt 0.995858 0.235571
vt 0.992887 0.298306
vt 0.994882 0.330015
vt 0.994829 0.298355
vt 0.992952 0.329991
vt 0.994984 0.393521
vt 0.993034 0.361738
vt 0.993062 0.393517
vt 0.994956 0.361754
vt 0.994993 0.457108
vt 0.993074 0.425308
vt 0.993074 0.457108
vt 0.995001 0.425300
vt 0.994976 0.520724
vt 0.993066 0.488916
vt 0.993054 0.520724
vt 0.994988 0.488912
vt 0.993050 0.552536
vt 0.994952 0.584360
vt 0.994976 0.552536
vt 0.993034 0.584356
vt 0.994940 0.647992
vt 0.993034 0.616180
vt 0.993017 0.647992
vt 0.994956 0.616176
vt 0.994927 0.711620
vt 0.993025 0.679812
vt 0.993005 0.711624
vt 0.994944 0.679808
vt 0.994911 0.775227
vt 0.993001 0.743427
vt 0.992993 0.775227
vt 0.994927 0.743427
vt 0.992989 0.807023
vt 0.994882 0.838810
vt 0.994911 0.807023
vt 0.992960 0.838814
vt 0.972885 0.234119
vt 0.970947 0.234265
vt 0.993793 0.997115
vt 0.995686 0.996768
vt 0.062759 0.376478
vt 0.119228 0.375323
vt 0.119836 0.333219
vt 0.065293 0.333215
vt 0.001800 0.375181
vt 0.001804 0.333207
vt 0.644094 0.333276
vt 0.707583 0.375238
vt 0.707588 0.333284
vt 0.646625 0.376523
vt 0.590143 0.375360
vt 0.589547 0.333272
vt 0.531889 0.374470
vt 0.531673 0.333268
vt 0.473057 0.333260
vt 0.473122 0.373854
vt 0.413971 0.333256
vt 0.413983 0.373515
vt 0.354690 0.373397
vt 0.354694 0.333248
vt 0.295416 0.333239
vt 0.295388 0.373499
vt 0.236253 0.373838
vt 0.236326 0.333235
vt 0.177710 0.333227
vt 0.177481 0.374446
vt 0.059380 0.420591
vt 0.117959 0.418501
vt 0.001796 0.422186
vt 0.707579 0.422227
vt 0.649991 0.420627
vt 0.591408 0.418538
vt 0.532485 0.417097
vt 0.473351 0.416155
vt 0.414053 0.415628
vt 0.354685 0.415457
vt 0.295314 0.415612
vt 0.236016 0.416130
vt 0.176882 0.417069
vt 0.056845 0.466245
vt 0.117004 0.463021
vt 0.001788 0.471167
vt 0.707571 0.471200
vt 0.652518 0.466266
vt 0.592359 0.463042
vt 0.532910 0.461205
vt 0.473485 0.460079
vt 0.414089 0.459446
vt 0.354681 0.459242
vt 0.295273 0.459434
vt 0.235877 0.460059
vt 0.176449 0.461181
vt 0.056143 0.512533
vt 0.117045 0.508472
vt 0.001783 0.520764
vt 0.707567 0.520789
vt 0.653211 0.512541
vt 0.592306 0.508493
vt 0.532759 0.506538
vt 0.473338 0.505395
vt 0.414000 0.504734
vt 0.354673 0.504514
vt 0.295347 0.504718
vt 0.236012 0.505371
vt 0.176592 0.506513
vt 0.058592 0.565758
vt 0.089184 0.565762
vt 0.118498 0.565766
vt 0.001779 0.565754
vt 0.028188 0.565754
vt 0.650763 0.565832
vt 0.681163 0.565836
vt 0.707563 0.565836
vt 0.590861 0.565824
vt 0.620171 0.565828
vt 0.531947 0.565815
vt 0.561461 0.565819
vt 0.472861 0.565807
vt 0.502400 0.565811
vt 0.413767 0.565803
vt 0.443310 0.565807
vt 0.354669 0.565795
vt 0.384216 0.565799
vt 0.295575 0.565787
vt 0.325126 0.565791
vt 0.236486 0.565783
vt 0.266032 0.565783
vt 0.177408 0.565775
vt 0.206947 0.565779
vt 0.147898 0.565770
vt 0.500747 0.272044
vt 0.505534 0.276831
vt 0.512068 0.265510
vt 0.498996 0.265510
vt 0.500747 0.258976
vt 0.505534 0.254189
vt 0.512068 0.252438
vt 0.518601 0.254189
vt 0.523389 0.258976
vt 0.525139 0.265510
vt 0.523389 0.272044
vt 0.518601 0.276831
vt 0.512068 0.278582
vt 0.728434 0.855718
vt 0.400063 0.855955
vt 0.728397 0.884004
vt 0.400026 0.884261
vt 0.728478 0.827493
vt 0.400104 0.827652
vt 0.728519 0.799285
vt 0.400153 0.799334
vt 0.728556 0.771077
vt 0.400189 0.770979
vt 0.728605 0.742832
vt 0.400230 0.742595
vt 0.728646 0.714546
vt 0.400275 0.714138
vt 0.400377 0.685676
vt 0.728748 0.686093
vt 0.400467 0.657227
vt 0.728846 0.657635
vt 0.399855 0.997808
vt 0.728270 0.969470
vt 0.399904 0.969347
vt 0.728230 0.998221
vt 0.728315 0.940874
vt 0.399936 0.940939
vt 0.399985 0.912592
vt 0.728356 0.912384
vt 0.627068 0.585474
vt 0.622779 0.601459
vt 0.654766 0.601472
vt 0.638773 0.573769
vt 0.654766 0.569484
vt 0.670760 0.573765
vt 0.682469 0.585470
vt 0.686754 0.601463
vt 0.682473 0.617457
vt 0.670764 0.629166
vt 0.654770 0.633451
vt 0.638777 0.629174
vt 0.627068 0.617457
vt 0.484561 0.281385
vt 0.456928 0.297346
vt 0.496192 0.293016
vt 0.480231 0.320649
vt 0.480313 0.265514
vt 0.448399 0.265514
vt 0.484561 0.249643
vt 0.456920 0.233682
vt 0.496184 0.238020
vt 0.480227 0.210383
vt 0.512064 0.201854
vt 0.512064 0.233763
vt 0.527943 0.238012
vt 0.543896 0.210379
vt 0.567199 0.233682
vt 0.539566 0.249635
vt 0.575724 0.265514
vt 0.543814 0.265514
vt 0.539558 0.281394
vt 0.567195 0.297351
vt 0.527935 0.293016
vt 0.543896 0.320658
vt 0.512064 0.329179
vt 0.512064 0.297265
vt 0.414579 0.635655
vt 0.393239 0.653015
vt 0.414579 0.653011
vt 0.393239 0.635655
vt 0.649334 0.635663
vt 0.627990 0.635663
vt 0.649334 0.653020
vt 0.627990 0.653024
vt 0.435923 0.653011
vt 0.435923 0.635655
vt 0.457263 0.653011
vt 0.457263 0.635655
vt 0.478603 0.653015
vt 0.478603 0.635659
vt 0.499947 0.635659
vt 0.499947 0.653020
vt 0.521283 0.653015
vt 0.521283 0.635659
vt 0.542627 0.635659
vt 0.542627 0.653015
vt 0.563967 0.635659
vt 0.563967 0.653015
vt 0.585307 0.653024
vt 0.585307 0.635663
vt 0.606651 0.635663
vt 0.606651 0.653020
vt 0.001792 0.856465
vt 0.001788 0.874311
vt 0.389068 0.855294
vt 0.389073 0.890942
vt 0.001796 0.892093
vt 0.001792 0.909878
vt 0.389060 0.926627
vt 0.001788 0.927614
vt 0.001788 0.945350
vt 0.389060 0.962364
vt 0.001783 0.963091
vt 0.001779 0.980835
vt 0.389048 0.998192
vt 0.001783 0.998221
vt 0.001992 0.569566
vt 0.001979 0.590555
vt 0.389260 0.569537
vt 0.389175 0.605353
vt 0.002196 0.605377
vt 0.001836 0.620245
vt 0.389101 0.641168
vt 0.001828 0.641197
vt 0.001828 0.658970
vt 0.389097 0.676975
vt 0.001820 0.676996
vt 0.001824 0.695026
vt 0.389097 0.712717
vt 0.001820 0.712999
vt 0.001816 0.730984
vt 0.389093 0.748402
vt 0.001816 0.748949
vt 0.001812 0.766914
vt 0.389081 0.784046
vt 0.001808 0.784858
vt 0.001812 0.802803
vt 0.389073 0.819670
vt 0.001808 0.820702
vt 0.001800 0.838610
vt 0.217439 0.297346
vt 0.215052 0.306264
vt 0.232886 0.306264
vt 0.223969 0.290817
vt 0.232886 0.288421
vt 0.241807 0.290817
vt 0.248337 0.297338
vt 0.250720 0.306260
vt 0.248337 0.315185
vt 0.241807 0.321706
vt 0.232886 0.324102
vt 0.223973 0.321706
vt 0.217439 0.315181
vt 0.482088 0.602835
vt 0.493209 0.602835
vt 0.493209 0.597950
vt 0.482092 0.597950
vt 0.504306 0.602835
vt 0.504306 0.597950
vt 0.515373 0.602835
vt 0.515373 0.597950
vt 0.526417 0.602839
vt 0.526417 0.597954
vt 0.393239 0.602831
vt 0.404275 0.597950
vt 0.393239 0.597946
vt 0.404275 0.602835
vt 0.415351 0.597950
vt 0.415351 0.602835
vt 0.426447 0.597950
vt 0.426447 0.602835
vt 0.437556 0.597950
vt 0.437556 0.602835
vt 0.448693 0.597950
vt 0.448693 0.602835
vt 0.459826 0.597950
vt 0.459826 0.602835
vt 0.470963 0.602835
vt 0.470967 0.597950
vt 0.221422 0.286409
vt 0.213036 0.294804
vt 0.209967 0.306260
vt 0.213036 0.317723
vt 0.232886 0.283340
vt 0.244350 0.286409
vt 0.252736 0.294796
vt 0.255809 0.306260
vt 0.252732 0.317723
vt 0.244354 0.326106
vt 0.232886 0.329179
vt 0.221430 0.326114
vt 0.526417 0.631672
vt 0.526417 0.610548
vt 0.515373 0.631667
vt 0.515373 0.610540
vt 0.393239 0.631663
vt 0.404275 0.610544
vt 0.393239 0.610536
vt 0.404275 0.631667
vt 0.415351 0.610544
vt 0.415351 0.631667
vt 0.426447 0.610544
vt 0.426447 0.631667
vt 0.437556 0.610540
vt 0.437556 0.631667
vt 0.448693 0.610540
vt 0.448693 0.631667
vt 0.459826 0.610544
vt 0.459826 0.631667
vt 0.470967 0.610544
vt 0.470967 0.631667
vt 0.482092 0.610540
vt 0.482088 0.631667
vt 0.493209 0.631667
vt 0.493205 0.610544
vt 0.504306 0.631667
vt 0.504306 0.610540
vt 0.515373 0.606765
vt 0.526417 0.606769
vt 0.404275 0.606765
vt 0.393239 0.606761
vt 0.415351 0.606765
vt 0.426447 0.606765
vt 0.437556 0.606765
vt 0.448693 0.606765
vt 0.459826 0.606765
vt 0.470963 0.606765
vt 0.482088 0.606765
vt 0.493209 0.606765
vt 0.504306 0.606765
vt 0.672796 0.650734
vt 0.682101 0.650730
vt 0.677449 0.642674
vt 0.668140 0.642670
vt 0.672796 0.634610
vt 0.682101 0.634610
vt 0.686754 0.642674
vt 0.404544 0.594285
vt 0.404540 0.578458
vt 0.393239 0.594289
vt 0.393243 0.578463
vt 0.415844 0.594285
vt 0.415848 0.578454
vt 0.427157 0.578454
vt 0.427149 0.594289
vt 0.438458 0.578458
vt 0.438449 0.594293
vt 0.449762 0.578467
vt 0.449750 0.594301
vt 0.461050 0.594305
vt 0.461067 0.578479
vt 0.671470 0.653024
vt 0.683424 0.653024
vt 0.665483 0.642674
vt 0.671470 0.632316
vt 0.683424 0.632316
vt 0.689398 0.642674
vt 0.511480 0.174029
vt 0.531432 0.156231
vt 0.510619 0.172425
vt 0.530281 0.154656
vt 0.529722 0.152114
vt 0.466343 0.154044
vt 0.529469 0.153877
vt 0.466343 0.152114
vt 0.464470 0.169576
vt 0.506554 0.173588
vt 0.464540 0.167691
vt 0.506689 0.175433
vt 0.531053 0.152624
vt 0.462634 0.183203
vt 0.524262 0.200217
vt 0.510366 0.177722
vt 0.523311 0.201066
vt 0.627109 0.251128
vt 0.645666 0.232237
vt 0.626121 0.249549
vt 0.646984 0.233755
vt 0.645131 0.229584
vt 0.581776 0.231580
vt 0.644866 0.231429
vt 0.581805 0.229584
vt 0.622089 0.250663
vt 0.580026 0.246851
vt 0.622273 0.252561
vt 0.580070 0.244897
vt 0.646396 0.230152
vt 0.578291 0.260144
vt 0.639985 0.276749
vt 0.625954 0.254797
vt 0.639046 0.277578
vt 0.550169 0.609879
vt 0.531596 0.628525
vt 0.551132 0.611483
vt 0.530249 0.627056
vt 0.532159 0.631672
vt 0.595228 0.629688
vt 0.532191 0.629688
vt 0.595191 0.631663
vt 0.597076 0.614453
vt 0.554980 0.608536
vt 0.597007 0.616412
vt 0.555147 0.610430
vt 0.530910 0.631533
vt 0.530947 0.629545
vt 0.598872 0.601194
vt 0.537432 0.584335
vt 0.551315 0.606295
vt 0.538370 0.583511
vt 0.620498 0.307182
vt 0.633084 0.284071
vt 0.619126 0.305913
vt 0.634789 0.285099
vt 0.571696 0.300832
vt 0.631663 0.281202
vt 0.571174 0.298922
vt 0.632186 0.283120
vt 0.574198 0.315960
vt 0.615568 0.308051
vt 0.573712 0.314067
vt 0.616261 0.309822
vt 0.632900 0.280990
vt 0.633426 0.282904
vt 0.576189 0.329179
vt 0.639895 0.328126
vt 0.620408 0.310945
vt 0.639226 0.329179
vt 0.684897 0.289707
vt 0.704404 0.306757
vt 0.685631 0.287948
vt 0.705490 0.305064
vt 0.703800 0.307884
vt 0.640764 0.309875
vt 0.703764 0.309863
vt 0.640793 0.307884
vt 0.680946 0.286707
vt 0.638977 0.294596
vt 0.680844 0.288629
vt 0.638793 0.292612
vt 0.638850 0.323143
vt 0.680750 0.329179
vt 0.704441 0.310916
vt 0.684966 0.328093
vt 0.705041 0.308023
vt 0.705012 0.310006
vt 0.041415 0.329130
vt 0.004142 0.045577
vt 0.037876 0.329130
vt 0.001779 0.045508
vt 0.119436 0.010896
vt 0.190357 0.010917
vt 0.119432 0.005391
vt 0.190827 0.006571
vt 0.234739 0.045520
vt 0.201123 0.329097
vt 0.237094 0.045459
vt 0.197589 0.329089
vt 0.357697 0.329179
vt 0.435556 0.327767
vt 0.358024 0.324220
vt 0.435531 0.324269
vt 0.119502 0.329179
vt 0.224100 0.021275
vt 0.209032 0.013729
vt 0.232964 0.032538
vt 0.357873 0.006934
vt 0.428789 0.006970
vt 0.462960 0.017361
vt 0.447648 0.009693
vt 0.473751 0.041831
vt 0.472139 0.028706
vt 0.029833 0.013778
vt 0.048508 0.010949
vt 0.048030 0.006603
vt 0.028625 0.010362
vt 0.014761 0.021324
vt 0.012868 0.019140
vt 0.003706 0.031681
vt 0.005901 0.032587
vt 0.235159 0.031624
vt 0.226005 0.019095
vt 0.210240 0.010317
vt 0.286960 0.006901
vt 0.279867 0.324192
vt 0.252806 0.017247
vt 0.268114 0.009595
vt 0.241995 0.041704
vt 0.243619 0.028584
vt 0.279835 0.327685
vt 0.777529 0.993148
vt 0.735322 0.708114
vt 0.774015 0.992956
vt 0.733098 0.708106
vt 0.919064 0.667895
vt 0.848135 0.672866
vt 0.918558 0.672250
vt 0.848005 0.667369
vt 0.938327 0.992666
vt 0.962613 0.706363
vt 0.934707 0.992483
vt 0.964907 0.706241
vt 0.855898 0.998221
vt 0.856093 0.993144
vt 0.777639 0.996641
vt 0.951684 0.682248
vt 0.936756 0.675053
vt 0.960434 0.693451
vt 0.827640 0.346381
vt 0.827795 0.663655
vt 0.898545 0.346413
vt 0.905303 0.663700
vt 0.932703 0.356791
vt 0.917391 0.349131
vt 0.943498 0.381265
vt 0.941877 0.368141
vt 0.759172 0.675441
vt 0.777533 0.673025
vt 0.776937 0.668528
vt 0.757862 0.671866
vt 0.744762 0.683472
vt 0.742721 0.681232
vt 0.736628 0.694997
vt 0.734400 0.694169
vt 0.962577 0.692573
vt 0.953553 0.680122
vt 0.937951 0.671666
vt 0.756728 0.346344
vt 0.749623 0.663622
vt 0.722557 0.356681
vt 0.737877 0.349037
vt 0.711746 0.381143
vt 0.713366 0.368010
vt 0.934797 0.996123
vt 0.698511 0.635238
vt 0.693953 0.642344
vt 0.698511 0.642344
vt 0.693953 0.635238
vt 0.725809 0.635242
vt 0.725809 0.642348
vt 0.730368 0.642348
vt 0.730368 0.635242
vt 0.721251 0.635238
vt 0.721251 0.642344
vt 0.716705 0.635238
vt 0.716705 0.642348
vt 0.712162 0.635238
vt 0.712162 0.642348
vt 0.707616 0.635238
vt 0.707616 0.642348
vt 0.703062 0.635242
vt 0.703070 0.642348
vt 0.248953 0.283752
vt 0.267702 0.286475
vt 0.257438 0.278741
vt 0.253010 0.279826
vt 0.259764 0.274844
vt 0.267702 0.265465
vt 0.258625 0.270440
vt 0.254679 0.268138
vt 0.251904 0.263221
vt 0.249059 0.277496
vt 0.246276 0.282169
vt 0.244574 0.279945
vt 0.250226 0.269232
vt 0.248880 0.263959
vt 0.246611 0.265616
vt 0.244999 0.268289
vt 0.247884 0.273109
vt 0.243774 0.276929
vt 0.464413 0.147686
vt 0.483353 0.140593
vt 0.464413 0.140593
vt 0.483353 0.147686
vt 0.601606 0.569958
vt 0.582674 0.569962
vt 0.590338 0.576132
vt 0.586135 0.574422
vt 0.592048 0.580315
vt 0.598554 0.590747
vt 0.590277 0.584531
vt 0.586041 0.586278
vt 0.582601 0.590742
vt 0.581805 0.584564
vt 0.579699 0.589575
vt 0.577695 0.587592
vt 0.581911 0.576185
vt 0.579805 0.571153
vt 0.577822 0.573125
vt 0.576593 0.575981
vt 0.580091 0.580373
vt 0.576512 0.584698
vt 0.510150 0.140593
vt 0.526094 0.147686
vt 0.526094 0.140593
vt 0.510150 0.147686
vt 0.507036 0.140593
vt 0.507036 0.147686
vt 0.504232 0.140593
vt 0.504232 0.147686
vt 0.501114 0.147686
vt 0.501114 0.140593
vt 0.492397 0.140593
vt 0.492397 0.147686
vt 0.489279 0.147686
vt 0.489279 0.140593
vt 0.486471 0.140593
vt 0.486471 0.147686
vt 0.536595 0.571145
vt 0.532028 0.578291
vt 0.536595 0.578291
vt 0.532028 0.571145
vt 0.563685 0.571141
vt 0.568256 0.578291
vt 0.568256 0.571141
vt 0.563685 0.578291
vt 0.559155 0.571141
vt 0.559155 0.578291
vt 0.554637 0.571141
vt 0.554637 0.578291
vt 0.550144 0.571141
vt 0.550144 0.578291
vt 0.545639 0.571141
vt 0.545643 0.578291
vt 0.541129 0.571141
vt 0.541129 0.578291
vt 0.241342 0.203327
vt 0.222422 0.203413
vt 0.233702 0.209555
vt 0.237906 0.207792
vt 0.231960 0.213774
vt 0.225442 0.224189
vt 0.233710 0.217990
vt 0.237918 0.219741
vt 0.241367 0.224197
vt 0.242109 0.209530
vt 0.244227 0.204510
vt 0.246215 0.206506
vt 0.244248 0.222998
vt 0.242113 0.217994
vt 0.246227 0.221006
vt 0.247406 0.218113
vt 0.243848 0.213762
vt 0.247394 0.209400
vt 0.466192 0.581813
vt 0.485133 0.574720
vt 0.466201 0.574716
vt 0.485124 0.581829
vt 0.733098 0.941282
vt 0.751851 0.938645
vt 0.743387 0.933581
vt 0.747794 0.934719
vt 0.741056 0.929646
vt 0.733098 0.920276
vt 0.742179 0.925231
vt 0.746084 0.922900
vt 0.748872 0.917999
vt 0.750500 0.924035
vt 0.751892 0.918770
vt 0.754132 0.920456
vt 0.754532 0.937054
vt 0.751712 0.932389
vt 0.756205 0.934793
vt 0.756964 0.931769
vt 0.752822 0.927961
vt 0.755720 0.923137
vt 0.511925 0.574741
vt 0.527857 0.581825
vt 0.527853 0.574724
vt 0.511921 0.581838
vt 0.508811 0.574741
vt 0.508803 0.581850
vt 0.506007 0.574741
vt 0.505999 0.581842
vt 0.502893 0.574741
vt 0.502885 0.581846
vt 0.494176 0.574737
vt 0.494168 0.581838
vt 0.491058 0.574732
vt 0.491050 0.581834
vt 0.488259 0.574728
vt 0.488251 0.581838
vt 0.728589 0.645919
vt 0.724030 0.653024
vt 0.728589 0.653024
vt 0.724030 0.645919
vt 0.696736 0.653024
vt 0.692173 0.645919
vt 0.692173 0.653024
vt 0.696736 0.645919
vt 0.701290 0.653024
vt 0.701290 0.645919
vt 0.705833 0.653024
vt 0.705833 0.645919
vt 0.710383 0.653024
vt 0.710383 0.645919
vt 0.714925 0.653024
vt 0.714925 0.645919
vt 0.719472 0.653024
vt 0.719472 0.645919
vt 0.751839 0.949089
vt 0.733098 0.946456
vt 0.743383 0.954153
vt 0.747790 0.953015
vt 0.741052 0.958083
vt 0.733098 0.967449
vt 0.742183 0.962503
vt 0.746084 0.964842
vt 0.748855 0.969751
vt 0.751704 0.955345
vt 0.754520 0.950676
vt 0.756201 0.952945
vt 0.750492 0.963715
vt 0.751888 0.968980
vt 0.754128 0.967290
vt 0.755707 0.964601
vt 0.752814 0.959773
vt 0.756960 0.955973
vt 0.485133 0.587188
vt 0.466192 0.594281
vt 0.485124 0.594301
vt 0.466201 0.587180
vt 0.733098 0.998221
vt 0.751855 0.995576
vt 0.743387 0.990516
vt 0.747794 0.991658
vt 0.741052 0.986586
vt 0.733098 0.977211
vt 0.742179 0.982166
vt 0.746084 0.979835
vt 0.748868 0.974930
vt 0.750496 0.980966
vt 0.751888 0.975705
vt 0.754124 0.977391
vt 0.751704 0.989320
vt 0.754528 0.993980
vt 0.756197 0.991724
vt 0.756960 0.988700
vt 0.752818 0.984888
vt 0.755711 0.980072
vt 0.511921 0.594293
vt 0.527857 0.594277
vt 0.511925 0.587200
vt 0.527853 0.587176
vt 0.508803 0.587200
vt 0.508807 0.594305
vt 0.506007 0.587204
vt 0.506003 0.594305
vt 0.502885 0.594301
vt 0.502885 0.587200
vt 0.494176 0.587200
vt 0.494172 0.594301
vt 0.491054 0.594305
vt 0.491058 0.587200
vt 0.488251 0.587192
vt 0.488251 0.594305
vt 0.686835 0.631672
vt 0.691394 0.624570
vt 0.686835 0.624570
vt 0.691394 0.631672
vt 0.718717 0.631672
vt 0.723267 0.631672
vt 0.718717 0.624570
vt 0.723267 0.624570
vt 0.714162 0.631672
vt 0.714162 0.624570
vt 0.709604 0.631672
vt 0.709604 0.624570
vt 0.705057 0.631672
vt 0.705057 0.624570
vt 0.700507 0.631672
vt 0.700507 0.624570
vt 0.695952 0.631672
vt 0.695952 0.624570
vt 0.224361 0.247468
vt 0.242991 0.250888
vt 0.232857 0.242779
vt 0.228303 0.243656
vt 0.235131 0.239032
vt 0.242991 0.229564
vt 0.233980 0.234743
vt 0.229895 0.232592
vt 0.227164 0.227801
vt 0.224153 0.241603
vt 0.221504 0.246505
vt 0.219729 0.244219
vt 0.225320 0.233466
vt 0.224140 0.228046
vt 0.221781 0.229752
vt 0.220092 0.232458
vt 0.222936 0.237290
vt 0.218864 0.241154
vt 0.001779 0.267514
vt 0.008917 0.286434
vt 0.008880 0.267502
vt 0.001816 0.286450
vt 0.239199 0.255956
vt 0.220651 0.259344
vt 0.229111 0.264029
vt 0.224606 0.263127
vt 0.231307 0.267820
vt 0.239199 0.277211
vt 0.230127 0.272203
vt 0.226095 0.274464
vt 0.223308 0.279357
vt 0.221573 0.273358
vt 0.220214 0.278602
vt 0.217900 0.276909
vt 0.220520 0.265180
vt 0.217843 0.260315
vt 0.216141 0.262523
vt 0.215305 0.265482
vt 0.219268 0.269448
vt 0.216235 0.274162
vt 0.009035 0.329179
vt 0.009040 0.313238
vt 0.001934 0.329179
vt 0.001943 0.313238
vt 0.009044 0.310124
vt 0.001943 0.310120
vt 0.009044 0.307317
vt 0.001943 0.307321
vt 0.001934 0.304219
vt 0.009060 0.304203
vt 0.001849 0.295506
vt 0.008921 0.295469
vt 0.001828 0.292372
vt 0.008929 0.292355
vt 0.008925 0.289552
vt 0.001824 0.289564
vt 0.393619 0.742591
vt 0.393656 0.714134
vt 0.393574 0.770983
vt 0.393529 0.799338
vt 0.393492 0.827657
vt 0.393452 0.855963
vt 0.393407 0.884265
vt 0.393362 0.912592
vt 0.393325 0.940939
vt 0.393280 0.969343
vt 0.393239 0.997800
vt 0.393856 0.657223
vt 0.393754 0.685672
s 1
usemtl lambert6
f 1/1/1 2/2/2 3/3/1
f 2/2/2 1/1/1 4/4/2
f 5/5/3 6/6/4 7/7/3
f 6/6/4 5/5/3 8/8/4
f 9/9/5 10/10/6 11/11/5
f 10/10/6 9/9/5 12/12/6
f 13/13/7 14/14/8 15/15/7
f 14/14/8 13/13/7 16/16/8
f 17/17/9 18/18/10 19/19/9
f 18/18/10 17/17/9 20/20/10
f 21/21/11 22/22/12 23/23/11
f 22/22/12 21/21/11 24/24/12
f 25/25/13 26/26/14 27/27/13
f 26/26/14 25/25/13 28/28/14
f 29/29/15 30/30/16 31/31/15
f 30/30/16 29/29/15 32/32/16
f 33/33/17 34/34/18 35/35/17
f 34/34/18 33/33/17 36/36/18
f 37/37/19 38/38/20 39/39/19
f 38/38/20 37/37/19 40/40/20
f 41/41/21 42/42/22 43/43/21
f 42/42/22 41/41/21 44/44/22
f 45/45/23 46/46/24 47/47/23
f 46/46/24 45/45/23 48/48/24
f 49/49/25 50/50/26 51/51/25
f 50/50/26 49/49/25 52/52/26
f 53/53/27 54/54/28 55/55/27
f 54/54/28 53/53/27 56/56/28
f 57/57/29 58/58/30 59/59/29
f 58/58/30 57/57/29 60/60/30
f 61/61/31 62/62/32 63/63/31
f 62/62/32 61/61/31 64/64/32
f 65/65/33 66/66/34 67/67/33
f 66/66/34 65/65/33 68/68/34
f 69/69/35 70/70/36 71/71/35
f 70/70/36 69/69/35 72/72/36
f 73/73/37 74/74/38 75/75/37
f 74/74/38 73/73/37 76/76/38
f 77/77/39 78/78/40 79/79/39
f 78/78/40 77/77/39 80/80/40
f 81/81/41 82/82/42 83/83/41
f 82/82/42 81/81/41 84/84/42
f 85/85/43 86/86/44 87/87/43
f 86/86/44 85/85/43 88/88/44
f 89/89/45 90/90/46 91/91/45
f 90/90/46 89/89/45 92/92/46
f 93/93/47 94/94/48 95/95/47
f 94/94/48 93/93/47 96/96/48
f 97/50/49 98/43/50 99/51/50
f 98/43/50 97/50/49 100/46/49
f 101/55/51 102/54/52 103/42/52
f 101/55/51 103/42/52 104/40/51
f 105/58/53 106/35/54 107/59/54
f 106/35/54 105/58/53 108/97/53
f 109/61/55 110/31/56 111/64/56
f 110/31/56 109/61/55 112/34/55
f 113/66/57 114/30/57 115/67/58
f 114/30/57 116/27/58 115/67/58
f 117/24/59 118/70/60 119/26/60
f 118/70/60 117/24/59 120/71/59
f 121/19/61 122/74/62 123/21/62
f 122/74/62 121/19/61 124/75/61
f 125/15/63 126/80/63 127/18/64
f 127/18/64 126/80/63 128/77/64
f 129/11/65 130/82/66 131/14/66
f 130/82/66 129/11/65 132/83/65
f 133/8/67 134/86/68 135/10/68
f 134/86/68 133/8/67 136/87/67
f 137/91/69 138/5/70 139/3/69
f 138/5/70 137/91/69 140/90/70
f 141/93/71 142/47/72 143/96/72
f 142/47/72 141/93/71 144/2/71
f 2/2/2 45/45/23 47/47/23
f 45/45/23 2/2/2 4/4/2
f 1/1/1 5/5/3 7/7/3
f 5/5/3 1/1/1 3/3/1
f 10/10/6 6/6/4 8/8/4
f 6/6/4 10/10/6 12/12/6
f 14/14/8 9/9/5 11/11/5
f 9/9/5 14/14/8 16/16/8
f 18/18/10 13/13/7 15/15/7
f 13/13/7 18/18/10 20/20/10
f 17/17/9 21/21/11 23/23/11
f 21/21/11 17/17/9 19/19/9
f 26/26/14 22/22/12 24/24/12
f 22/22/12 26/26/14 28/28/14
f 30/30/16 25/25/13 27/27/13
f 25/25/13 30/30/16 32/32/16
f 34/34/18 29/29/15 31/31/15
f 29/29/15 34/34/18 36/36/18
f 33/33/17 145/97/19 146/98/19
f 145/97/19 33/33/17 35/35/17
f 42/42/22 38/38/20 40/40/20
f 38/38/20 42/42/22 44/44/22
f 46/46/24 41/41/21 43/43/21
f 41/41/21 46/46/24 48/48/24
f 50/50/26 94/94/48 96/96/48
f 94/94/48 50/50/26 52/52/26
f 143/96/72 100/46/49 97/50/49
f 100/46/49 143/96/72 142/47/72
f 54/54/28 49/49/25 51/51/25
f 49/49/25 54/54/28 56/56/28
f 102/54/52 98/43/50 103/42/52
f 98/43/50 102/54/52 99/51/50
f 147/99/30 53/53/27 55/55/27
f 53/53/27 147/99/30 148/100/30
f 149/99/53 104/40/51 150/37/53
f 104/40/51 149/99/53 101/55/51
f 57/57/29 61/61/31 63/63/31
f 61/61/31 57/57/29 59/59/29
f 107/59/54 106/35/54 112/34/55
f 107/59/54 112/34/55 109/61/55
f 66/66/34 62/62/32 64/64/32
f 62/62/32 66/66/34 68/68/34
f 110/31/56 113/66/57 111/64/56
f 113/66/57 110/31/56 114/30/57
f 70/70/36 65/65/33 67/67/33
f 65/65/33 70/70/36 72/72/36
f 116/27/58 118/70/60 115/67/58
f 118/70/60 116/27/58 119/26/60
f 74/74/38 69/69/35 71/71/35
f 69/69/35 74/74/38 76/76/38
f 117/24/59 123/21/62 120/71/59
f 123/21/62 122/74/62 120/71/59
f 73/73/37 77/77/39 79/79/39
f 77/77/39 73/73/37 75/75/37
f 121/19/61 128/77/64 124/75/61
f 128/77/64 121/19/61 127/18/64
f 82/82/42 78/78/40 80/80/40
f 78/78/40 82/82/42 84/84/42
f 125/15/63 130/82/66 126/80/63
f 130/82/66 125/15/63 131/14/66
f 86/86/44 81/81/41 83/83/41
f 81/81/41 86/86/44 88/88/44
f 134/86/68 132/83/65 135/10/68
f 135/10/68 132/83/65 129/11/65
f 90/90/46 85/85/43 87/87/43
f 85/85/43 90/90/46 92/92/46
f 140/90/70 133/8/67 138/5/70
f 133/8/67 140/90/70 136/87/67
f 89/89/45 93/93/47 95/95/47
f 93/93/47 89/89/45 91/91/45
f 141/93/71 139/3/69 144/2/71
f 139/3/69 141/93/71 137/91/69
f 151/101/73 152/102/74 153/103/75
f 151/101/73 153/103/75 154/104/76
f 155/105/77 154/104/76 156/106/78
f 154/104/76 155/105/77 151/101/73
f 157/107/79 158/108/77 159/109/78
f 158/108/77 157/107/79 160/110/80
f 160/110/80 157/107/79 161/111/81
f 161/111/81 157/107/79 162/112/82
f 163/113/83 161/111/81 162/112/82
f 163/113/83 162/112/82 164/114/84
f 165/115/85 163/113/83 164/114/84
f 163/113/83 165/115/85 166/116/86
f 167/117/87 168/118/88 165/115/85
f 165/115/85 168/118/88 166/116/86
f 168/118/88 167/117/87 169/119/89
f 169/119/89 167/117/87 170/120/90
f 169/119/89 171/121/91 172/122/92
f 171/121/91 169/119/89 170/120/90
f 173/123/93 171/121/91 174/124/94
f 171/121/91 173/123/93 172/122/92
f 175/125/95 176/126/96 174/124/94
f 174/124/94 176/126/96 173/123/93
f 176/126/96 153/103/75 152/102/74
f 153/103/75 176/126/96 175/125/95
f 177/127/97 178/128/98 152/102/74
f 177/127/97 152/102/74 151/101/73
f 179/129/99 151/101/73 155/105/77
f 151/101/73 179/129/99 177/127/97
f 160/110/80 180/130/100 158/108/77
f 180/130/100 160/110/80 181/131/101
f 182/132/102 181/131/101 160/110/80
f 182/132/102 160/110/80 161/111/81
f 183/133/103 182/132/102 161/111/81
f 183/133/103 161/111/81 163/113/83
f 166/116/86 183/133/103 163/113/83
f 183/133/103 166/116/86 184/134/104
f 166/116/86 168/118/88 185/135/105
f 166/116/86 185/135/105 184/134/104
f 186/136/106 185/135/105 168/118/88
f 186/136/106 168/118/88 169/119/89
f 186/136/106 172/122/92 187/137/107
f 172/122/92 186/136/106 169/119/89
f 188/138/108 172/122/92 173/123/93
f 172/122/92 188/138/108 187/137/107
f 173/123/93 176/126/96 189/139/109
f 173/123/93 189/139/109 188/138/108
f 189/139/109 152/102/74 178/128/98
f 152/102/74 189/139/109 176/126/96
f 177/127/97 190/140/110 178/128/98
f 178/128/98 190/140/110 191/141/111
f 179/129/99 192/142/112 177/127/97
f 177/127/97 192/142/112 190/140/110
f 181/131/101 193/143/112 180/130/100
f 193/143/112 181/131/101 194/144/113
f 182/132/102 194/144/113 181/131/101
f 194/144/113 182/132/102 195/145/114
f 196/146/115 182/132/102 183/133/103
f 182/132/102 196/146/115 195/145/114
f 184/134/104 196/146/115 183/133/103
f 196/146/115 184/134/104 197/147/116
f 198/148/117 197/147/116 184/134/104
f 184/134/104 185/135/105 198/148/117
f 199/149/118 198/148/117 185/135/105
f 199/149/118 185/135/105 186/136/106
f 199/149/118 187/137/107 200/150/119
f 187/137/107 199/149/118 186/136/106
f 200/150/119 188/138/108 201/151/120
f 188/138/108 200/150/119 187/137/107
f 201/151/120 188/138/108 202/152/121
f 188/138/108 189/139/109 202/152/121
f 202/152/121 178/128/98 191/141/111
f 178/128/98 202/152/121 189/139/109
f 190/140/110 203/153/122 191/141/111
f 191/141/111 203/153/122 204/154/123
f 192/142/112 205/155/124 190/140/110
f 190/140/110 205/155/124 203/153/122
f 194/144/113 206/156/125 193/143/112
f 206/156/125 194/144/113 207/157/126
f 195/145/114 207/157/126 194/144/113
f 207/157/126 195/145/114 208/158/127
f 209/159/128 195/145/114 196/146/115
f 195/145/114 209/159/128 208/158/127
f 197/147/116 209/159/128 196/146/115
f 209/159/128 197/147/116 210/160/129
f 211/161/130 210/160/129 197/147/116
f 197/147/116 198/148/117 211/161/130
f 212/162/131 211/161/130 198/148/117
f 212/162/131 198/148/117 199/149/118
f 212/162/131 200/150/119 213/163/132
f 200/150/119 212/162/131 199/149/118
f 213/163/132 201/151/120 214/164/133
f 201/151/120 213/163/132 200/150/119
f 214/164/133 201/151/120 215/165/134
f 201/151/120 202/152/121 215/165/134
f 215/165/134 191/141/111 204/154/123
f 191/141/111 215/165/134 202/152/121
f 216/166/135 217/167/136 203/153/122
f 203/153/122 217/167/136 204/154/123
f 204/154/123 217/167/136 218/168/137
f 219/169/138 220/170/139 205/155/124
f 205/155/124 220/170/139 203/153/122
f 203/153/122 220/170/139 216/166/135
f 221/171/140 222/172/141 207/157/126
f 207/157/126 222/172/141 206/156/125
f 206/156/125 222/172/141 223/173/142
f 224/174/143 225/175/144 208/158/127
f 208/158/127 225/175/144 207/157/126
f 207/157/126 225/175/144 221/171/140
f 226/176/145 227/177/146 209/159/128
f 209/159/128 227/177/146 208/158/127
f 208/158/127 227/177/146 224/174/143
f 228/178/147 229/179/148 210/160/129
f 210/160/129 229/179/148 209/159/128
f 209/159/128 229/179/148 226/176/145
f 230/180/149 231/181/150 211/161/130
f 211/161/130 231/181/150 210/160/129
f 210/160/129 231/181/150 228/178/147
f 232/182/151 233/183/152 212/162/131
f 212/162/131 233/183/152 211/161/130
f 211/161/130 233/183/152 230/180/149
f 234/184/153 235/185/154 213/163/132
f 213/163/132 235/185/154 212/162/131
f 212/162/131 235/185/154 232/182/151
f 236/186/155 237/187/156 214/164/133
f 214/164/133 237/187/156 213/163/132
f 213/163/132 237/187/156 234/184/153
f 238/188/157 239/189/158 215/165/134
f 215/165/134 239/189/158 214/164/133
f 214/164/133 239/189/158 236/186/155
f 218/168/137 240/190/159 204/154/123
f 204/154/123 240/190/159 215/165/134
f 215/165/134 240/190/159 238/188/157
f 241/191/160 242/192/161 243/193/162
f 244/194/163 241/191/160 243/193/162
f 245/195/164 244/194/163 243/193/162
f 246/196/165 245/195/164 243/193/162
f 247/197/166 246/196/165 243/193/162
f 248/198/167 247/197/166 243/193/162
f 249/199/168 248/198/167 243/193/162
f 250/200/169 249/199/168 243/193/162
f 251/201/170 250/200/169 243/193/162
f 252/202/171 251/201/170 243/193/162
f 253/203/172 252/202/171 243/193/162
f 242/192/161 253/203/172 243/193/162
f 254/204/173 255/205/173 256/206/174
f 256/206/174 255/205/173 257/207/174
f 258/208/175 259/209/175 254/204/173
f 254/204/173 259/209/175 255/205/173
f 260/210/176 259/209/175 258/208/175
f 259/209/175 260/210/176 261/211/176
f 262/212/177 261/211/176 260/210/176
f 261/211/176 262/212/177 263/213/177
f 264/214/178 265/215/178 262/212/177
f 263/213/177 262/212/177 265/215/178
f 266/216/179 265/215/178 264/214/178
f 265/215/178 266/216/179 267/217/179
f 267/217/179 266/216/179 268/218/180
f 266/216/179 269/219/180 268/218/180
f 268/218/180 269/219/180 270/220/181
f 270/220/181 269/219/180 271/221/181
f 272/222/181 273/223/182 274/224/182
f 273/223/182 272/222/181 275/225/181
f 274/224/182 276/226/183 277/227/183
f 276/226/183 274/224/182 273/223/182
f 278/228/184 276/226/183 279/229/184
f 276/226/183 278/228/184 277/227/183
f 256/206/174 278/228/184 279/229/184
f 278/228/184 256/206/174 257/207/174
f 280/230/185 281/231/186 282/232/187
f 283/233/188 280/230/185 282/232/187
f 284/234/189 283/233/188 282/232/187
f 285/235/190 284/234/189 282/232/187
f 286/236/191 285/235/190 282/232/187
f 287/237/192 286/236/191 282/232/187
f 288/238/193 287/237/192 282/232/187
f 289/239/194 288/238/193 282/232/187
f 290/240/195 289/239/194 282/232/187
f 291/241/196 290/240/195 282/232/187
f 292/242/197 291/241/196 282/232/187
f 281/231/186 292/242/197 282/232/187
f 293/243/198 294/244/199 295/245/200
f 294/244/199 296/246/201 295/245/200
f 297/247/202 298/248/78 293/243/198
f 298/248/78 294/244/199 293/243/198
f 299/249/203 298/248/78 297/247/202
f 298/248/78 299/249/203 300/250/204
f 301/251/205 300/250/204 299/249/203
f 300/250/204 301/251/205 302/252/206
f 302/252/206 301/251/205 303/253/84
f 304/254/207 303/253/84 301/251/205
f 305/255/208 303/253/84 304/254/207
f 303/253/84 305/255/208 306/256/209
f 306/256/209 305/255/208 307/257/210
f 307/257/210 305/255/208 308/258/211
f 307/257/210 308/258/211 309/259/90
f 309/259/90 308/258/211 310/260/212
f 309/259/90 311/261/213 312/262/214
f 311/261/213 309/259/90 310/260/212
f 312/262/214 313/263/215 314/264/216
f 313/263/215 312/262/214 311/261/213
f 313/263/215 315/265/95 314/264/216
f 315/265/95 313/263/215 316/266/217
f 315/265/95 295/245/200 296/246/201
f 295/245/200 315/265/95 316/266/217
f 316/266/217 242/192/161 295/245/200
f 242/192/161 316/266/217 253/203/172
f 241/191/160 293/243/198 295/245/200
f 295/245/200 242/192/161 241/191/160
f 297/247/202 241/191/160 244/194/163
f 241/191/160 297/247/202 293/243/198
f 245/195/164 297/247/202 244/194/163
f 297/247/202 245/195/164 299/249/203
f 301/251/205 299/249/203 246/196/165
f 299/249/203 245/195/164 246/196/165
f 304/254/207 246/196/165 247/197/166
f 246/196/165 304/254/207 301/251/205
f 304/254/207 248/198/167 305/255/208
f 248/198/167 304/254/207 247/197/166
f 249/199/168 305/255/208 248/198/167
f 305/255/208 249/199/168 308/258/211
f 249/199/168 310/260/212 308/258/211
f 310/260/212 249/199/168 250/200/169
f 251/201/170 311/261/213 310/260/212
f 310/260/212 250/200/169 251/201/170
f 311/261/213 252/202/171 313/263/215
f 252/202/171 311/261/213 251/201/170
f 252/202/171 316/266/217 313/263/215
f 316/266/217 252/202/171 253/203/172
f 317/267/218 318/268/219 319/269/220
f 318/268/219 317/267/218 320/270/221
f 321/271/222 322/272/223 323/273/219
f 323/273/219 322/272/223 324/274/197
f 319/269/220 325/275/188 326/276/224
f 326/276/224 317/267/218 319/269/220
f 327/277/225 326/276/224 325/275/188
f 326/276/224 327/277/225 328/278/226
f 327/277/225 329/279/227 330/280/228
f 330/280/228 328/278/226 327/277/225
f 329/279/227 331/281/229 330/280/228
f 331/281/229 329/279/227 332/282/191
f 331/281/229 333/283/230 334/284/231
f 333/283/230 331/281/229 332/282/191
f 335/285/232 334/284/231 333/283/230
f 335/285/232 333/283/230 336/286/233
f 335/285/232 336/286/233 337/287/234
f 337/287/234 336/286/233 338/288/194
f 337/287/234 339/289/235 340/290/236
f 339/289/235 337/287/234 338/288/194
f 339/289/235 341/291/237 340/290/236
f 341/291/237 339/289/235 342/292/238
f 324/274/197 322/272/223 342/292/238
f 322/272/223 341/291/237 342/292/238
f 343/293/239 344/294/240 345/295/241
f 345/295/241 344/294/240 346/296/242
f 346/296/242 344/294/240 347/297/243
f 347/297/243 348/298/244 346/296/242
f 346/296/242 348/298/244 349/299/245
f 349/299/245 348/298/244 350/300/246
f 350/300/246 351/301/247 349/299/245
f 349/299/245 351/301/247 352/302/248
f 352/302/248 351/301/247 353/303/249
f 353/303/249 354/304/250 352/302/248
f 352/302/248 354/304/250 355/305/251
f 355/305/251 354/304/250 356/306/252
f 357/307/252 358/308/253 359/309/251
f 359/309/251 358/308/253 360/310/254
f 360/310/254 358/308/253 361/311/255
f 361/311/255 362/312/256 360/310/254
f 360/310/254 362/312/256 363/313/257
f 363/313/257 362/312/256 364/314/258
f 364/314/258 365/315/259 363/313/257
f 363/313/257 365/315/259 366/316/260
f 366/316/260 365/315/259 367/317/261
f 367/317/261 368/318/262 366/316/260
f 366/316/260 368/318/262 369/319/263
f 369/319/263 368/318/262 370/320/264
f 370/320/264 371/321/265 369/319/263
f 369/319/263 371/321/265 372/322/266
f 372/322/266 371/321/265 373/323/267
f 373/323/267 374/324/268 372/322/266
f 372/322/266 374/324/268 375/325/269
f 375/325/269 374/324/268 376/326/270
f 376/326/270 377/327/271 375/325/269
f 375/325/269 377/327/271 378/328/272
f 378/328/272 377/327/271 379/329/273
f 379/329/273 380/330/274 378/328/272
f 378/328/272 380/330/274 345/295/241
f 345/295/241 380/330/274 343/293/239
f 381/331/275 382/332/276 383/333/187
f 384/334/277 381/331/275 383/333/187
f 385/335/278 384/334/277 383/333/187
f 386/336/279 385/335/278 383/333/187
f 387/337/280 386/336/279 383/333/187
f 388/338/281 387/337/280 383/333/187
f 389/339/282 388/338/281 383/333/187
f 390/340/283 389/339/282 383/333/187
f 391/341/284 390/340/283 383/333/187
f 392/342/285 391/341/284 383/333/187
f 393/343/286 392/342/285 383/333/187
f 382/332/276 393/343/286 383/333/187
f 394/344/287 395/345/288 396/346/288
f 394/344/287 396/346/288 397/347/287
f 395/345/288 398/348/289 399/349/289
f 395/345/288 399/349/289 396/346/288
f 398/348/289 400/350/290 401/351/290
f 398/348/289 401/351/290 399/349/289
f 400/350/290 402/352/291 403/353/291
f 400/350/290 403/353/291 401/351/290
f 404/354/292 405/355/293 406/356/292
f 405/355/293 404/354/292 407/357/293
f 407/357/293 408/358/294 405/355/293
f 408/358/294 407/357/293 409/359/294
f 409/359/294 410/360/295 408/358/294
f 410/360/295 409/359/294 411/361/295
f 412/362/296 410/360/295 411/361/295
f 412/362/296 411/361/295 413/363/296
f 414/364/297 412/362/296 413/363/296
f 414/364/297 413/363/296 415/365/297
f 415/365/297 416/366/298 414/364/297
f 416/366/298 415/365/297 417/367/298
f 417/367/298 418/368/299 419/369/299
f 419/369/299 416/366/298 417/367/298
f 418/368/299 394/344/287 397/347/287
f 397/347/287 419/369/299 418/368/299
f 381/331/275 420/370/300 421/371/301
f 420/370/300 381/331/275 384/334/277
f 382/332/276 381/331/275 422/372/302
f 381/331/275 421/371/301 422/372/302
f 422/372/302 423/373/303 382/332/276
f 382/332/276 423/373/303 393/343/286
f 424/374/304 420/370/300 385/335/278
f 420/370/300 384/334/277 385/335/278
f 424/374/304 386/336/279 425/375/305
f 386/336/279 424/374/304 385/335/278
f 386/336/279 426/376/306 425/375/305
f 426/376/306 386/336/279 387/337/280
f 388/338/281 426/376/306 387/337/280
f 427/377/307 426/376/306 388/338/281
f 428/378/308 427/377/307 389/339/282
f 427/377/307 388/338/281 389/339/282
f 429/379/309 389/339/282 390/340/283
f 389/339/282 429/379/309 428/378/308
f 391/341/284 429/379/309 390/340/283
f 429/379/309 391/341/284 430/380/310
f 392/342/285 430/380/310 391/341/284
f 431/381/311 430/380/310 392/342/285
f 423/373/303 392/342/285 393/343/286
f 392/342/285 423/373/303 431/381/311
f 432/382/312 433/383/312 434/384/290
f 434/384/290 433/383/312 435/385/290
f 436/386/292 437/387/293 438/388/292
f 437/387/293 436/386/292 439/389/293
f 439/389/293 440/390/294 437/387/293
f 440/390/294 439/389/293 441/391/294
f 440/390/294 441/391/294 442/392/295
f 442/392/295 441/391/294 443/393/295
f 443/393/295 444/394/296 442/392/295
f 444/394/296 443/393/295 445/395/296
f 445/395/296 446/396/297 444/394/296
f 446/396/297 445/395/296 447/397/297
f 446/396/297 447/397/297 448/398/298
f 448/398/298 447/397/297 449/399/298
f 448/398/298 449/399/298 450/400/299
f 451/401/299 450/400/299 449/399/298
f 450/400/299 451/401/299 452/402/287
f 453/403/287 452/402/287 451/401/299
f 454/404/288 455/405/288 453/403/287
f 453/403/287 455/405/288 452/402/287
f 456/406/289 457/407/289 454/404/288
f 454/404/288 457/407/289 455/405/288
f 434/384/290 435/385/290 456/406/289
f 456/406/289 435/385/290 457/407/289
f 458/408/313 459/409/314 460/352/314
f 460/352/314 461/350/313 458/408/313
f 462/410/315 463/354/314 464/411/314
f 463/354/314 462/410/315 465/357/315
f 462/410/315 466/359/316 465/357/315
f 466/359/316 462/410/315 467/412/316
f 468/361/317 466/359/316 467/412/316
f 468/361/317 467/412/316 469/413/317
f 470/414/318 468/361/317 469/413/317
f 468/361/317 470/414/318 471/363/318
f 472/365/319 470/414/318 473/415/319
f 470/414/318 472/365/319 471/363/318
f 473/415/319 474/367/320 472/365/319
f 474/367/320 473/415/319 475/416/320
f 474/367/320 476/417/321 477/368/321
f 476/417/321 474/367/320 475/416/320
f 476/417/321 478/418/322 479/344/322
f 479/344/322 477/368/321 476/417/321
f 480/345/323 478/418/322 481/419/323
f 478/418/322 480/345/323 479/344/322
f 480/345/323 482/420/324 483/348/324
f 482/420/324 480/345/323 481/419/323
f 461/350/313 483/348/324 482/420/324
f 461/350/313 482/420/324 458/408/313
f 484/409/325 485/408/326 486/385/326
f 484/409/325 486/385/326 487/383/327
f 488/388/328 489/410/329 490/411/328
f 489/410/329 488/388/328 491/387/329
f 492/390/330 489/410/329 491/387/329
f 489/410/329 492/390/330 493/412/330
f 492/390/330 494/392/331 495/413/332
f 492/390/330 495/413/332 493/412/330
f 496/414/333 495/413/332 494/392/331
f 496/414/333 494/392/331 497/394/333
f 496/414/333 498/396/334 499/415/334
f 498/396/334 496/414/333 497/394/333
f 498/396/334 500/398/335 501/416/335
f 498/396/334 501/416/335 499/415/334
f 500/398/335 502/400/336 503/417/336
f 500/398/335 503/417/336 501/416/335
f 503/417/336 504/402/337 505/418/337
f 504/402/337 503/417/336 502/400/336
f 504/402/337 506/419/338 505/418/337
f 506/419/338 504/402/337 507/405/339
f 507/405/339 508/407/340 509/420/340
f 507/405/339 509/420/340 506/419/338
f 486/385/326 509/420/340 508/407/340
f 509/420/340 486/385/326 485/408/326
f 510/421/341 511/422/342 512/423/187
f 513/424/343 510/421/341 512/423/187
f 514/425/344 513/424/343 512/423/187
f 515/426/345 514/425/344 512/423/187
f 516/427/346 515/426/345 512/423/187
f 511/422/342 516/427/346 512/423/187
f 517/428/347 518/429/348 519/430/349
f 519/430/349 518/429/348 520/431/348
f 517/428/347 521/432/350 522/433/351
f 517/428/347 522/433/351 523/429/351
f 521/432/350 524/434/352 525/433/352
f 524/434/352 521/432/350 526/435/353
f 527/434/354 526/435/355 528/436/354
f 528/436/354 526/435/355 529/437/356
f 530/436/357 529/437/356 531/438/357
f 531/438/357 529/437/356 532/439/358
f 533/440/359 534/441/360 532/439/358
f 534/441/360 535/438/360 532/439/358
f 536/442/347 537/443/349 510/421/341
f 510/421/341 537/443/349 511/422/342
f 510/421/341 513/424/343 536/442/347
f 538/444/361 536/442/347 513/424/343
f 539/445/355 513/424/343 514/425/344
f 513/424/343 539/445/355 538/444/361
f 514/425/344 515/426/345 539/445/355
f 540/446/356 539/445/355 515/426/345
f 540/446/356 516/427/346 541/447/362
f 516/427/346 540/446/356 515/426/345
f 516/427/346 537/443/349 541/447/362
f 537/443/349 516/427/346 511/422/342
f 542/448/363 543/449/364 544/450/365
f 545/451/364 544/450/365 543/449/364
s 0
f 546/452/366 547/453/366 548/454/366
f 547/453/366 546/452/366 549/455/366
s 1
f 550/456/367 551/457/368 552/458/367
f 551/457/368 550/456/367 553/459/368
s 0
f 554/458/369 555/457/369 556/453/369
f 557/451/369 558/454/369 559/450/369
f 556/453/369 555/457/369 558/454/369
f 555/457/369 559/450/369 558/454/369
f 560/451/370 561/452/370 562/454/370
f 561/452/371 560/451/371 563/460/371
f 564/456/372 565/461/372 566/459/372
f 567/462/373 568/463/373 569/464/373
f 565/461/372 569/464/372 566/459/372
f 568/463/372 566/459/372 569/464/372
s 1
f 551/457/368 542/448/363 544/450/365
f 542/448/363 551/457/368 553/459/368
f 570/465/374 571/466/375 572/467/376
f 571/466/375 570/465/374 573/468/375
s 0
f 574/469/377 575/470/377 576/471/377
f 575/470/378 574/469/378 577/472/378
s 1
f 578/473/379 579/474/380 580/475/381
f 579/474/380 578/473/379 581/476/380
s 0
f 582/476/382 583/473/382 584/470/382
f 585/466/382 586/471/382 587/467/382
f 584/470/382 583/473/382 586/471/382
f 583/473/382 587/467/382 586/471/382
f 588/466/383 589/469/383 590/471/383
f 589/469/384 588/466/384 591/477/384
f 592/474/385 593/478/385 594/475/385
f 595/479/385 596/480/385 597/481/385
f 593/478/385 597/481/385 594/475/385
f 596/480/385 594/475/385 597/481/385
s 1
f 570/465/374 578/473/379 580/475/381
f 578/473/379 570/465/374 572/467/376
f 598/482/386 599/483/387 600/484/388
f 599/483/387 598/482/386 601/485/387
f 602/486/389 603/487/389 604/488/389
s 0
f 603/487/389 602/486/389 605/489/389
s 1
f 606/490/390 607/491/391 608/492/390
f 609/493/392 608/492/390 607/491/391
f 610/492/393 611/493/393 612/487/393
s 0
f 613/483/393 614/488/393 615/484/393
f 612/487/393 611/493/393 614/488/393
s 1
f 611/493/393 615/484/393 614/488/393
s 0
f 616/494/394 617/488/394 618/495/394
f 617/488/394 616/494/394 619/486/394
f 620/490/395 621/496/395 622/491/395
f 623/497/395 624/498/395 625/499/395
f 621/496/395 625/499/395 622/491/395
f 624/498/395 622/491/395 625/499/395
s 1
f 609/493/392 598/482/386 600/484/388
f 598/482/386 609/493/392 607/491/391
f 626/500/396 627/501/397 628/502/398
f 627/501/397 626/500/396 629/503/397
s 0
f 630/504/399 631/505/399 632/506/399
s 1
f 631/505/399 630/504/399 633/507/399
f 634/508/400 635/509/401 636/510/400
f 635/509/401 634/508/400 637/511/402
s 0
f 638/510/403 639/509/403 640/504/403
f 641/501/404 642/507/404 643/502/404
s 1
f 640/504/403 639/509/403 642/507/403
s 0
f 639/509/404 643/502/404 642/507/404
f 644/505/405 645/507/405 646/512/405
f 646/512/405 645/507/405 647/513/405
f 648/508/406 649/514/406 650/511/406
f 651/515/407 652/516/407 653/517/407
f 649/514/406 653/517/406 650/511/406
f 652/516/406 650/511/406 653/517/406
s 1
f 626/500/396 635/509/401 637/511/402
f 635/509/401 626/500/396 628/502/398
f 654/518/408 655/519/409 656/520/410
f 657/521/409 656/520/410 655/519/409
s 0
f 658/522/411 659/523/411 660/524/411
f 659/523/412 658/522/412 661/525/412
s 1
f 662/526/413 663/527/414 664/528/415
f 663/527/414 662/526/413 665/529/414
s 0
f 666/530/416 667/531/416 668/523/416
f 669/532/416 670/524/416 671/533/416
f 668/523/416 667/531/416 670/524/416
f 667/531/416 671/533/416 670/524/416
f 672/522/417 673/524/417 674/534/417
s 1
f 673/524/418 675/535/418 674/534/418
s 0
f 676/527/419 677/525/419 678/528/419
f 679/519/419 680/518/419 681/522/419
f 677/525/419 681/522/419 678/528/419
f 680/518/419 678/528/419 681/522/419
s 1
f 654/518/408 662/526/413 664/528/415
f 662/526/413 654/518/408 656/520/410
f 682/536/420 683/537/421 684/538/420
f 685/539/422 684/538/420 683/537/421
f 686/540/187 687/541/423 688/542/187
f 689/543/424 688/542/187 687/541/423
f 690/544/425 691/545/426 692/546/427
f 691/545/426 690/544/425 693/547/426
f 694/548/428 695/549/428 696/550/428
f 696/550/428 695/549/428 697/551/428
f 698/552/429 699/541/430 700/540/431
f 699/541/430 698/552/429 701/547/432
f 699/541/430 702/553/433 703/554/434
f 702/553/433 699/541/430 701/547/432
f 702/553/433 704/544/435 705/555/436
f 702/553/433 701/547/432 704/544/435
f 706/556/437 707/550/438 708/557/439
f 709/551/440 708/557/439 707/550/438
f 708/557/439 710/558/441 711/559/442
f 710/558/441 708/557/439 709/551/440
f 710/558/441 712/560/443 713/561/444
f 712/560/443 710/558/441 709/551/440
f 714/562/445 715/563/446 716/564/447
f 716/564/447 717/565/448 714/562/445
f 718/566/449 714/562/445 717/565/448
f 717/565/448 719/567/450 718/566/449
f 719/567/450 720/568/451 721/569/452
f 719/567/450 721/569/452 718/566/449
f 683/537/421 721/569/452 720/568/451
f 720/568/451 685/539/422 683/537/421
f 690/544/425 722/570/453 723/555/454
f 722/570/453 690/544/425 692/546/427
f 724/571/455 723/555/454 722/570/453
f 723/555/454 724/571/455 725/553/456
f 725/553/456 726/572/457 727/554/458
f 726/572/457 725/553/456 724/571/455
f 727/554/458 689/543/424 687/541/423
f 689/543/424 727/554/458 726/572/457
f 715/563/446 686/540/187 716/564/447
f 688/542/187 716/564/447 686/540/187
f 728/563/459 698/552/429 700/540/431
f 698/552/429 728/563/459 729/536/460
f 728/563/459 730/566/461 729/536/460
f 730/566/461 728/563/459 731/562/462
f 729/536/460 730/566/461 732/537/463
f 732/537/463 730/566/461 733/569/464
f 707/550/438 734/573/465 735/574/466
f 734/573/465 707/550/438 706/556/437
f 734/573/465 736/575/467 735/574/466
f 736/575/467 734/573/465 737/576/468
f 735/574/466 736/575/467 738/577/469
f 738/577/469 736/575/467 739/578/470
f 740/579/428 694/548/428 741/574/428
f 696/550/428 741/574/428 694/548/428
f 742/580/471 743/581/472 744/582/471
f 745/583/473 744/582/471 743/581/472
f 746/584/474 747/585/187 748/586/475
f 747/585/187 746/584/474 749/587/187
f 750/588/476 751/589/477 752/590/476
f 751/589/477 750/588/476 753/591/478
f 754/580/479 755/592/479 756/593/479
f 755/592/479 754/580/479 757/594/479
f 758/590/480 759/586/481 760/593/482
f 760/593/482 759/586/481 761/585/483
f 759/586/481 762/595/484 763/596/485
f 762/595/484 759/586/481 758/590/480
f 762/595/484 764/589/486 765/597/487
f 762/595/484 758/590/480 764/589/486
f 766/598/488 767/599/489 768/600/490
f 768/600/490 767/599/489 769/601/491
f 768/600/490 770/602/492 771/603/493
f 770/602/492 768/600/490 769/601/491
f 770/602/492 772/604/494 773/605/495
f 770/602/492 769/601/491 772/604/494
f 774/606/496 775/607/497 776/608/498
f 776/608/498 777/609/499 774/606/496
f 778/610/500 774/606/496 777/609/499
f 777/609/499 779/611/501 778/610/500
f 780/612/502 778/610/500 779/611/501
f 779/611/501 781/613/503 780/612/502
f 781/613/503 745/583/473 743/581/472
f 781/613/503 743/581/472 780/612/502
f 751/589/477 782/614/504 783/597/505
f 782/614/504 751/589/477 753/591/478
f 783/597/505 784/615/506 785/595/507
f 784/615/506 783/597/505 782/614/504
f 785/595/507 786/616/508 787/596/509
f 786/616/508 785/595/507 784/615/506
f 787/596/509 746/584/474 748/586/475
f 746/584/474 787/596/509 786/616/508
f 749/587/187 776/608/498 747/585/187
f 747/585/187 776/608/498 775/607/497
f 760/593/482 788/607/510 789/580/511
f 788/607/510 760/593/482 761/585/483
f 790/610/512 788/607/510 791/606/513
f 788/607/510 790/610/512 789/580/511
f 790/610/512 792/581/514 789/580/511
f 792/581/514 790/610/512 793/612/515
f 767/599/489 794/617/516 795/618/517
f 794/617/516 767/599/489 766/598/488
f 796/619/518 794/617/516 797/620/519
f 794/617/516 796/619/518 795/618/517
f 798/621/520 796/619/518 799/622/521
f 795/618/517 796/619/518 798/621/520
f 756/593/479 800/623/479 801/590/479
f 800/623/479 756/593/479 755/592/479
f 802/624/289 803/625/522 804/626/289
f 803/625/522 802/624/289 805/627/522
f 806/628/187 807/629/187 808/630/522
f 806/628/187 808/630/522 809/631/522
f 810/632/523 811/633/523 807/629/187
f 810/632/523 807/629/187 806/628/187
f 812/634/296 811/633/523 810/632/523
f 811/633/523 812/634/296 813/635/296
f 814/636/524 813/635/296 812/634/296
f 813/635/296 814/636/524 815/637/524
f 816/638/162 815/637/524 814/636/524
f 815/637/524 816/638/162 817/639/162
f 818/640/525 817/639/162 816/638/162
f 817/639/162 818/640/525 819/641/525
f 818/640/525 802/624/289 819/641/525
f 819/641/525 802/624/289 804/626/289
s 0
f 820/642/299 821/643/299 822/644/299
f 822/644/299 823/645/299 820/642/299
f 821/643/299 824/646/299 822/644/299
f 824/646/299 821/643/299 825/647/299
f 824/646/299 825/647/299 826/648/299
f 825/647/299 827/649/299 826/648/299
f 827/649/299 825/647/299 828/650/299
f 820/642/299 823/645/299 829/651/299
f 820/642/299 829/651/299 830/652/299
f 830/652/299 829/651/299 831/653/299
f 832/654/299 827/649/299 828/650/299
f 832/654/299 828/650/299 833/655/299
f 833/655/299 834/656/299 832/654/299
f 835/657/299 836/658/299 832/654/299
f 835/657/299 832/654/299 834/656/299
f 835/657/299 837/659/299 836/658/299
f 837/659/299 829/651/299 836/658/299
f 829/651/299 837/659/299 831/653/299
s 1
f 838/660/526 839/661/527 840/662/526
f 839/661/527 838/660/526 841/663/527
s 0
f 842/664/293 843/665/293 844/666/293
f 844/666/293 843/665/293 845/667/293
f 842/664/293 846/668/293 847/669/293
f 846/668/293 842/664/293 844/666/293
f 846/668/293 848/670/293 847/669/293
f 847/669/293 849/671/293 850/672/293
f 849/671/293 847/669/293 848/670/293
f 850/672/293 849/671/293 851/673/293
f 850/672/293 851/673/293 852/674/293
f 852/674/293 851/673/293 853/675/293
f 854/676/293 845/667/293 843/665/293
f 854/676/293 843/665/293 855/677/293
f 855/677/293 856/678/293 854/676/293
f 857/679/293 858/680/293 854/676/293
f 857/679/293 854/676/293 856/678/293
f 857/679/293 859/681/293 858/680/293
f 859/681/293 851/673/293 858/680/293
f 851/673/293 859/681/293 853/675/293
s 1
f 860/682/528 861/683/162 862/684/162
f 861/683/162 860/682/528 863/685/528
f 863/685/528 864/686/529 865/687/530
f 864/686/529 863/685/528 860/682/528
f 865/687/530 864/686/529 866/688/531
f 865/687/530 866/688/531 867/689/532
f 866/688/531 868/690/533 867/689/532
f 868/690/533 866/688/531 869/691/533
f 869/691/533 870/692/534 868/690/533
f 868/690/533 870/692/534 871/693/534
f 870/692/534 872/694/535 871/693/534
f 872/694/535 870/692/534 873/695/536
f 872/694/535 873/695/536 874/696/537
f 872/694/535 874/696/537 875/697/538
f 875/697/538 874/696/537 841/663/527
f 839/661/527 841/663/527 874/696/537
f 876/698/299 877/699/539 878/700/299
f 877/699/539 876/698/299 879/701/539
f 880/702/187 881/703/539 882/704/539
f 881/703/539 880/702/187 883/705/187
f 884/706/540 883/705/187 880/702/187
f 883/705/187 884/706/540 885/707/540
f 886/708/293 885/707/540 884/706/540
f 885/707/540 886/708/293 887/709/293
f 888/710/541 887/709/293 886/708/293
f 887/709/293 888/710/541 889/711/541
f 890/712/162 889/711/541 888/710/541
f 889/711/541 890/712/162 891/713/162
f 892/714/542 891/713/162 890/712/162
f 891/713/162 892/714/542 893/715/542
f 876/698/299 893/715/542 892/714/542
f 893/715/542 876/698/299 878/700/299
s 0
f 894/716/296 895/717/296 896/718/296
f 896/718/296 897/719/296 894/716/296
f 895/717/296 898/720/296 896/718/296
f 898/720/296 895/717/296 899/721/296
f 898/720/296 899/721/296 900/722/296
f 899/721/296 901/723/296 900/722/296
f 901/723/296 899/721/296 902/724/296
f 897/719/296 903/725/296 894/716/296
f 894/716/296 903/725/296 904/726/296
f 904/726/296 903/725/296 905/727/296
f 906/728/296 907/729/296 902/724/296
f 907/729/296 901/723/296 902/724/296
f 906/728/296 908/730/296 907/729/296
f 909/731/296 910/732/296 907/729/296
f 907/729/296 908/730/296 909/731/296
f 909/731/296 911/733/296 910/732/296
f 905/727/296 903/725/296 911/733/296
f 903/725/296 910/732/296 911/733/296
s 1
f 912/734/543 913/735/544 914/736/543
f 913/735/544 912/734/543 915/737/545
s 0
f 916/738/289 917/739/289 918/740/289
f 918/740/289 917/739/289 919/741/289
f 916/738/289 920/742/289 921/743/289
f 920/742/289 916/738/289 918/740/289
f 920/742/289 922/744/289 921/743/289
f 921/743/289 923/745/289 924/746/289
f 923/745/289 921/743/289 922/744/289
f 923/745/289 925/747/289 924/746/289
f 924/746/289 925/747/289 926/748/289
f 926/748/289 925/747/289 927/749/289
f 928/750/289 929/751/289 917/739/289
f 929/751/289 919/741/289 917/739/289
f 928/750/289 930/752/289 929/751/289
f 931/753/289 932/754/289 929/751/289
f 929/751/289 930/752/289 931/753/289
f 931/753/289 933/755/289 932/754/289
f 927/749/289 925/747/289 933/755/289
f 925/747/289 932/754/289 933/755/289
s 1
f 934/756/546 935/757/162 936/758/162
f 935/757/162 934/756/546 937/759/546
f 938/760/547 937/759/546 934/756/546
f 937/759/546 938/760/547 939/761/547
f 939/761/547 938/760/547 940/762/548
f 940/762/548 941/763/549 939/761/547
f 942/764/550 943/765/550 940/762/548
f 940/762/548 943/765/550 941/763/549
f 944/766/551 943/765/550 942/764/550
f 943/765/550 944/766/551 945/767/551
f 946/768/552 947/769/553 944/766/551
f 944/766/551 947/769/553 945/767/551
f 947/769/553 946/768/552 948/770/554
f 948/770/554 949/771/555 947/769/553
f 913/735/544 915/737/545 948/770/554
f 948/770/554 915/737/545 949/771/555
f 950/772/523 951/773/296 952/774/523
f 951/773/296 950/772/523 953/775/296
f 954/776/187 955/777/523 956/778/523
f 955/777/523 954/776/187 957/779/187
f 958/780/522 957/779/187 954/776/187
f 957/779/187 958/780/522 959/781/522
f 960/782/289 961/783/289 959/781/522
f 960/782/289 959/781/522 958/780/522
f 962/784/525 963/785/525 961/783/289
f 962/784/525 961/783/289 960/782/289
f 964/786/162 965/787/162 963/785/525
f 964/786/162 963/785/525 962/784/525
f 966/788/524 967/789/524 965/787/162
f 966/788/524 965/787/162 964/786/162
f 951/773/296 953/775/296 967/789/524
f 951/773/296 967/789/524 966/788/524
s 0
f 968/790/293 969/791/293 970/792/293
f 970/792/293 971/793/293 968/790/293
f 969/791/293 972/794/293 970/792/293
f 972/794/293 969/791/293 973/795/293
f 972/794/293 973/795/293 974/796/293
f 973/795/293 975/797/293 974/796/293
f 975/797/293 973/795/293 976/798/293
f 977/799/293 968/790/293 971/793/293
f 968/790/293 977/799/293 978/800/293
f 978/800/293 977/799/293 979/801/293
f 975/797/293 976/798/293 980/802/293
f 980/802/293 976/798/293 981/803/293
f 981/803/293 982/804/293 980/802/293
f 980/802/293 982/804/293 983/805/293
f 980/802/293 983/805/293 984/806/293
f 983/805/293 985/807/293 984/806/293
f 984/806/293 985/807/293 977/799/293
f 979/801/293 977/799/293 985/807/293
s 1
f 986/808/556 987/809/557 988/810/556
f 987/809/557 986/808/556 989/811/557
s 0
f 990/812/299 991/813/299 992/814/299
f 992/814/299 991/813/299 993/815/299
f 990/812/299 994/816/299 995/817/299
f 994/816/299 990/812/299 992/814/299
f 994/816/299 996/818/299 995/817/299
f 995/817/299 997/819/299 998/820/299
f 997/819/299 995/817/299 996/818/299
f 999/821/299 998/820/299 997/819/299
f 998/820/299 999/821/299 1000/822/299
f 1000/822/299 999/821/299 1001/823/299
f 993/815/299 991/813/299 1002/824/299
f 1002/824/299 991/813/299 1003/825/299
f 1003/825/299 1004/826/299 1002/824/299
f 1002/824/299 1004/826/299 1005/827/299
f 1002/824/299 1005/827/299 1006/828/299
f 1005/827/299 1007/829/299 1006/828/299
f 1006/828/299 1007/829/299 999/821/299
f 1001/823/299 999/821/299 1007/829/299
s 1
f 1008/830/558 1009/831/162 1010/832/558
f 1010/832/558 1009/831/162 1011/833/162
f 1008/830/558 1012/834/559 1013/835/559
f 1012/834/559 1008/830/558 1010/832/558
f 1014/836/560 1015/837/560 1013/835/559
f 1014/836/560 1013/835/559 1012/834/559
f 1015/837/560 1014/836/560 1016/838/561
f 1017/839/561 1016/838/561 1014/836/560
f 1018/840/562 1019/841/562 1016/838/561
f 1018/840/562 1016/838/561 1017/839/561
f 1019/841/562 1018/840/562 1020/842/563
f 1021/843/564 1020/842/563 1018/840/562
f 1022/844/565 1023/845/566 1020/842/563
f 1022/844/565 1020/842/563 1021/843/564
f 1022/844/565 988/810/556 1023/845/566
f 988/810/556 1022/844/565 986/808/556
f 1024/846/540 1025/847/293 1026/848/540
f 1025/847/293 1024/846/540 1027/849/293
f 1028/850/187 1029/851/540 1030/852/187
f 1029/851/540 1031/853/540 1030/852/187
f 1032/854/539 1028/850/187 1033/855/539
f 1028/850/187 1030/852/187 1033/855/539
f 1034/856/299 1032/854/539 1035/857/299
f 1032/854/539 1033/855/539 1035/857/299
f 1036/858/542 1034/856/299 1037/859/542
f 1034/856/299 1035/857/299 1037/859/542
f 1038/860/162 1036/858/542 1039/861/162
f 1036/858/542 1037/859/542 1039/861/162
f 1040/862/541 1038/860/162 1041/863/541
f 1038/860/162 1039/861/162 1041/863/541
f 1027/849/293 1040/862/541 1025/847/293
f 1040/862/541 1041/863/541 1025/847/293
s 0
f 1042/864/289 1043/865/289 1044/866/289
f 1044/866/289 1045/867/289 1042/864/289
f 1043/865/289 1046/868/289 1044/866/289
f 1046/868/289 1043/865/289 1047/869/289
f 1046/868/289 1047/869/289 1048/870/289
f 1047/869/289 1049/871/289 1048/870/289
f 1049/871/289 1047/869/289 1050/872/289
f 1051/873/289 1052/874/289 1042/864/289
f 1051/873/289 1042/864/289 1045/867/289
f 1052/874/289 1051/873/289 1053/875/289
f 1050/872/289 1054/876/289 1049/871/289
f 1054/876/289 1050/872/289 1055/877/289
f 1055/877/289 1056/878/289 1054/876/289
f 1057/879/289 1054/876/289 1056/878/289
f 1054/876/289 1057/879/289 1058/880/289
f 1057/879/289 1059/881/289 1058/880/289
f 1058/880/289 1059/881/289 1051/873/289
f 1051/873/289 1059/881/289 1053/875/289
s 1
f 1060/882/567 1061/883/568 1062/884/567
f 1061/883/568 1060/882/567 1063/885/569
s 0
f 1064/886/296 1065/887/296 1066/888/296
f 1066/888/296 1065/887/296 1067/889/296
f 1064/886/296 1068/890/296 1069/891/296
f 1068/890/296 1064/886/296 1066/888/296
f 1068/890/296 1070/892/296 1069/891/296
f 1069/891/296 1071/893/296 1072/894/296
f 1071/893/296 1069/891/296 1070/892/296
f 1073/895/296 1074/896/296 1072/894/296
f 1073/895/296 1072/894/296 1071/893/296
f 1074/896/296 1073/895/296 1075/897/296
f 1065/887/296 1076/898/296 1067/889/296
f 1076/898/296 1065/887/296 1077/899/296
f 1077/899/296 1078/900/296 1076/898/296
f 1079/901/296 1076/898/296 1078/900/296
f 1076/898/296 1079/901/296 1080/902/296
f 1079/901/296 1081/903/296 1080/902/296
f 1080/902/296 1081/903/296 1073/895/296
f 1073/895/296 1081/903/296 1075/897/296
s 1
f 1082/904/162 1083/905/570 1084/906/162
f 1085/907/570 1084/906/162 1083/905/570
f 1085/907/570 1086/908/571 1087/909/571
f 1086/908/571 1085/907/570 1083/905/570
f 1087/909/571 1088/910/572 1089/911/573
f 1088/910/572 1087/909/571 1086/908/571
f 1089/911/573 1088/910/572 1090/912/574
f 1090/912/574 1088/910/572 1091/913/574
f 1092/914/575 1090/912/574 1093/915/575
f 1090/912/574 1091/913/574 1093/915/575
f 1093/915/575 1094/916/576 1092/914/575
f 1094/916/576 1093/915/575 1095/917/577
f 1094/916/576 1096/918/578 1097/919/579
f 1096/918/578 1094/916/576 1095/917/577
f 1097/919/579 1096/918/578 1063/885/569
f 1063/885/569 1096/918/578 1061/883/568
f 1098/920/260 267/217/179 1099/921/257
f 267/217/179 1098/920/260 265/215/178
f 1098/920/260 1100/922/263 263/213/177
f 263/213/177 265/215/178 1098/920/260
f 263/213/177 1101/923/266 261/211/176
f 1101/923/266 263/213/177 1100/922/263
f 261/211/176 1102/924/269 259/209/175
f 1102/924/269 261/211/176 1101/923/266
f 255/205/173 259/209/175 1102/924/269
f 255/205/173 1102/924/269 1103/925/272
f 257/207/174 255/205/173 1103/925/272
f 257/207/174 1103/925/272 1104/926/241
f 257/207/174 1105/927/242 278/228/184
f 1105/927/242 257/207/174 1104/926/241
f 1105/927/242 277/227/183 278/228/184
f 277/227/183 1105/927/242 1106/928/245
f 1107/929/248 277/227/183 1106/928/245
f 277/227/183 1107/929/248 274/224/182
f 1108/930/580 274/224/182 1107/929/248
f 274/224/182 1108/930/580 272/222/181
f 1109/931/581 1110/932/254 268/218/180
f 1109/931/581 268/218/180 270/220/181
f 1110/932/254 1099/921/257 267/217/179
f 1110/932/254 267/217/179 268/218/180
