# Blender 4.1.1
# www.blender.org
mtllib Barber.mtl
o polySurface261_GUI_Map_BarberShop:GUI_Map_BarberShop1
v 0.063822 -0.000083 -0.006296
v 0.071626 -0.000083 -0.006118
v 0.063823 0.000090 -0.006296
v 0.071626 0.000090 -0.006118
v 0.071603 0.000135 -0.006142
v 0.063846 0.000135 -0.006323
v 0.063743 0.000135 -0.006375
v 0.063850 0.000135 -0.006476
v 0.063697 0.000135 -0.006480
v 0.063719 0.000090 -0.006351
v 0.071707 0.000135 -0.006191
v 0.071607 0.000135 -0.006295
v 0.071730 0.000090 -0.006168
v 0.063673 0.000090 -0.006458
v 0.071784 0.000090 -0.006269
v 0.063673 -0.000083 -0.006458
v 0.071722 0.000135 -0.011211
v 0.071731 -0.000083 -0.006168
v 0.063789 0.000090 -0.011419
v 0.063965 0.000135 -0.011393
v 0.071783 -0.000083 -0.006268
v 0.063812 0.000135 -0.011396
v 0.071759 0.000135 -0.006291
v 0.063789 -0.000083 -0.011420
v 0.063863 0.000135 -0.011499
v 0.063840 0.000090 -0.011524
v 0.063969 0.000135 -0.011545
v 0.071874 0.000135 -0.011208
v 0.063840 -0.000083 -0.011525
v 0.071899 0.000090 -0.011229
v 0.063946 0.000090 -0.011573
v 0.071725 0.000135 -0.011364
v 0.071827 0.000135 -0.011310
v 0.063945 -0.000083 -0.011573
v 0.071899 -0.000083 -0.011230
v 0.071749 0.000090 -0.011387
v 0.071851 0.000090 -0.011332
v 0.071750 -0.000083 -0.011387
v 0.071852 -0.000083 -0.011333
v 0.063719 -0.000083 -0.006350
v 0.065736 0.005726 -0.006889
v 0.065742 0.005727 -0.007113
v 0.065736 0.004651 -0.006889
v 0.065784 0.004651 -0.006838
v 0.065742 0.004651 -0.007126
v 0.065774 0.005726 -0.006838
v 0.065736 0.003792 -0.006889
v 0.065736 0.005975 -0.006889
v 0.065741 0.003792 -0.007097
v 0.065772 0.005975 -0.006838
v 0.065742 0.005975 -0.007113
v 0.066113 0.005726 -0.006830
v 0.065784 0.003789 -0.006838
v 0.066113 0.005975 -0.006830
v 0.065752 0.002690 -0.006888
v 0.066113 0.004547 -0.006830
v 0.065758 0.002690 -0.007113
v 0.065798 0.002690 -0.006837
v 0.065746 0.001804 -0.006903
v 0.066111 0.003765 -0.006830
v 0.065742 0.001804 -0.007113
v 0.065791 0.001804 -0.006849
v 0.066113 0.002690 -0.006830
v 0.066100 0.001804 -0.006821
v 0.065736 0.000136 -0.006889
v 0.065787 0.000136 -0.006838
v 0.065736 0.000847 -0.006889
v 0.065742 0.000136 -0.007113
v 0.065784 0.000847 -0.006838
v 0.065742 0.000847 -0.007113
v 0.066113 0.000847 -0.006830
v 0.065746 0.001804 -0.006903
v 0.066130 0.000136 -0.006830
v 0.065791 0.001804 -0.006849
v 0.065742 0.001804 -0.007113
v 0.066100 0.001804 -0.006821
v 0.066119 0.005749 -0.007089
v 0.066113 0.005726 -0.006830
v 0.066119 0.004651 -0.007063
v 0.066113 0.005975 -0.006830
v 0.066113 0.004547 -0.006830
v 0.066120 0.005975 -0.007104
v 0.065742 0.005727 -0.007113
v 0.065742 0.005975 -0.007113
v 0.066119 0.005749 -0.007089
v 0.066120 0.005975 -0.007104
v 0.066111 0.000136 -0.007105
v 0.065742 0.000136 -0.007113
v 0.066094 0.000679 -0.007105
v 0.065742 0.000847 -0.007113
v 0.066081 0.001732 -0.007105
v 0.065742 0.001804 -0.007113
v 0.066081 0.001732 -0.007105
v 0.066094 0.002690 -0.007105
v 0.065758 0.002690 -0.007113
v 0.066119 0.004651 -0.007063
v 0.066094 0.003831 -0.007088
v 0.065742 0.004651 -0.007126
v 0.065741 0.003792 -0.007097
v 0.066119 0.005749 -0.007089
v 0.066119 0.004651 -0.007063
v 0.065742 0.005727 -0.007113
v 0.065742 0.004651 -0.007126
v 0.065758 0.002690 -0.007113
v 0.065741 0.003792 -0.007097
v 0.066094 0.002690 -0.007105
v 0.066094 0.003831 -0.007088
v 0.066111 0.000136 -0.007105
v 0.066094 0.000679 -0.007105
v 0.066130 0.000136 -0.006830
v 0.066113 0.000847 -0.006830
v 0.066113 0.002690 -0.006830
v 0.066094 0.002690 -0.007105
v 0.066111 0.003765 -0.006830
v 0.066094 0.003831 -0.007088
v 0.066081 0.001732 -0.007105
v 0.066094 0.002690 -0.007105
v 0.066100 0.001804 -0.006821
v 0.066113 0.002690 -0.006830
v 0.066119 0.004651 -0.007063
v 0.066113 0.004547 -0.006830
v 0.066094 0.003831 -0.007088
v 0.066111 0.003765 -0.006830
v 0.066094 0.000679 -0.007105
v 0.066081 0.001732 -0.007105
v 0.066113 0.000847 -0.006830
v 0.066100 0.001804 -0.006821
v 0.064023 0.002816 -0.006920
v 0.064023 0.003116 -0.006920
v 0.064070 0.002816 -0.008925
v 0.064124 0.002774 -0.008924
v 0.064070 0.003116 -0.008925
v 0.064078 0.002774 -0.006919
v 0.064116 0.002816 -0.010929
v 0.064078 0.002833 -0.006862
v 0.065704 0.003199 -0.006881
v 0.064171 0.002774 -0.010928
v 0.064078 0.003129 -0.006862
v 0.064175 0.002833 -0.010985
v 0.064078 0.003187 -0.006919
v 0.065751 0.003199 -0.008885
v 0.064116 0.003116 -0.010929
v 0.064124 0.003187 -0.008924
v 0.065798 0.003199 -0.010890
v 0.065703 0.003256 -0.006824
v 0.065808 0.003170 -0.008884
v 0.065751 0.003612 -0.008885
v 0.065703 0.003555 -0.006824
v 0.065762 0.003170 -0.006880
v 0.065704 0.003612 -0.006881
v 0.065760 0.003226 -0.006823
v 0.065855 0.003170 -0.010889
v 0.065762 0.003688 -0.006880
v 0.065760 0.003631 -0.006823
v 0.065808 0.003688 -0.008884
v 0.065857 0.003226 -0.010945
v 0.065798 0.003612 -0.010890
v 0.065799 0.003256 -0.010947
v 0.065855 0.003688 -0.010889
v 0.064171 0.003187 -0.010928
v 0.065799 0.003555 -0.010947
v 0.065857 0.003631 -0.010945
v 0.064175 0.003129 -0.010985
v 0.064685 0.002910 -0.010719
v 0.064650 0.002850 -0.010672
v 0.064291 0.002805 -0.010728
v 0.064324 0.002765 -0.010680
v 0.064650 0.000222 -0.010672
v 0.064324 0.000222 -0.010680
v 0.064296 0.000136 -0.010716
v 0.064680 0.000136 -0.010707
v 0.064266 0.002751 -0.010624
v 0.064221 0.002788 -0.010661
v 0.064324 0.002765 -0.010680
v 0.064211 0.002788 -0.010246
v 0.064291 0.002805 -0.010728
v 0.064258 0.002751 -0.010280
v 0.064324 0.000222 -0.010680
v 0.064313 0.002765 -0.010222
v 0.064266 0.000222 -0.010624
v 0.064278 0.002805 -0.010176
v 0.064296 0.000136 -0.010716
v 0.064258 0.000222 -0.010280
v 0.064313 0.000222 -0.010222
v 0.064228 0.000136 -0.010650
v 0.064284 0.000136 -0.010188
v 0.064218 0.000136 -0.010256
v 0.064672 0.002910 -0.010166
v 0.064278 0.002805 -0.010176
v 0.064640 0.002850 -0.010215
v 0.064313 0.002765 -0.010222
v 0.064640 0.000222 -0.010215
v 0.064313 0.000222 -0.010222
v 0.064284 0.000136 -0.010188
v 0.064667 0.000136 -0.010179
v 0.064743 0.002927 -0.010233
v 0.064672 0.002910 -0.010166
v 0.064698 0.002864 -0.010270
v 0.064706 0.002864 -0.010614
v 0.064640 0.002850 -0.010215
v 0.064752 0.002927 -0.010649
v 0.064698 0.000222 -0.010270
v 0.064685 0.002910 -0.010719
v 0.064706 0.000222 -0.010614
v 0.064640 0.000222 -0.010215
v 0.064650 0.002850 -0.010672
v 0.064667 0.000136 -0.010179
v 0.064745 0.000136 -0.010638
v 0.064650 0.000222 -0.010672
v 0.064736 0.000136 -0.010244
v 0.064680 0.000136 -0.010707
v 0.065805 0.001970 -0.008876
v 0.065834 0.001970 -0.010081
v 0.065759 0.001939 -0.008917
v 0.065758 0.001898 -0.008875
v 0.065786 0.001939 -0.010043
v 0.065805 0.001930 -0.008838
v 0.065645 0.001939 -0.010041
v 0.065787 0.001898 -0.010085
v 0.065617 0.001894 -0.008878
v 0.065646 0.001894 -0.010088
v 0.065835 0.001930 -0.010120
v 0.065618 0.001939 -0.008925
v 0.065587 0.001916 -0.010022
v 0.065562 0.001916 -0.008947
v 0.065835 0.001930 -0.010120
v 0.065835 0.000136 -0.010120
v 0.065787 0.001898 -0.010085
v 0.065787 0.000136 -0.010085
v 0.065646 0.001894 -0.010088
v 0.065646 0.000136 -0.010088
v 0.065588 0.001872 -0.010062
v 0.065588 0.000136 -0.010060
v 0.065587 0.001916 -0.010022
v 0.065584 0.001804 -0.009896
v 0.065562 0.001916 -0.008947
v 0.065586 0.001755 -0.009942
v 0.065565 0.001804 -0.009073
v 0.065588 0.001872 -0.010062
v 0.065564 0.001755 -0.009027
v 0.065623 0.001722 -0.009903
v 0.065645 0.001939 -0.010041
v 0.065603 0.001722 -0.009064
v 0.065561 0.001872 -0.008907
v 0.065621 0.001765 -0.009856
v 0.065646 0.001894 -0.010088
v 0.065618 0.001939 -0.008925
v 0.065604 0.001765 -0.009111
v 0.065561 0.001872 -0.008907
v 0.065561 0.000136 -0.008908
v 0.065617 0.001894 -0.008878
v 0.065564 0.000136 -0.009025
v 0.065623 0.001722 -0.009903
v 0.065623 0.000136 -0.009903
v 0.065782 0.001712 -0.009885
v 0.065621 0.001765 -0.009856
v 0.065782 0.000136 -0.009885
v 0.065586 0.000136 -0.009944
v 0.065586 0.001755 -0.009942
v 0.065781 0.001753 -0.009843
v 0.065764 0.001753 -0.009116
v 0.065621 0.001765 -0.009856
v 0.065604 0.001765 -0.009111
v 0.065763 0.001712 -0.009075
v 0.065603 0.001722 -0.009064
v 0.065603 0.001722 -0.009064
v 0.065763 0.001712 -0.009075
v 0.065603 0.000136 -0.009064
v 0.065564 0.000136 -0.009025
v 0.065763 0.000136 -0.009075
v 0.065564 0.001755 -0.009027
v 0.065805 0.001930 -0.008838
v 0.065758 0.001898 -0.008875
v 0.065805 0.000136 -0.008838
v 0.065758 0.000136 -0.008875
v 0.065617 0.001894 -0.008878
v 0.065617 0.000136 -0.008878
v 0.065561 0.001872 -0.008907
v 0.065561 0.000136 -0.008908
v 0.065588 0.001872 -0.010062
v 0.065588 0.000136 -0.010060
v 0.065586 0.000136 -0.009944
v 0.065804 0.001720 -0.009820
v 0.065805 0.001694 -0.009846
v 0.065788 0.001720 -0.009138
v 0.065781 0.001753 -0.009843
v 0.065788 0.001694 -0.009113
v 0.065782 0.001712 -0.009885
v 0.065764 0.001753 -0.009116
v 0.065782 0.000136 -0.009885
v 0.065763 0.001712 -0.009075
v 0.065805 0.000136 -0.009846
v 0.065763 0.000136 -0.009075
v 0.065788 0.000136 -0.009113
v 0.066185 0.004081 -0.007249
v 0.065628 0.004382 -0.007262
v 0.066089 0.004573 -0.007251
v 0.066146 0.004516 -0.007250
v 0.065628 0.005033 -0.007262
v 0.066202 0.004583 -0.007192
v 0.066239 0.004138 -0.007248
v 0.066089 0.005033 -0.007251
v 0.065570 0.004382 -0.007207
v 0.067872 0.004516 -0.007209
v 0.065628 0.000222 -0.007262
v 0.066145 0.004640 -0.007193
v 0.067871 0.004583 -0.007153
v 0.066185 0.000222 -0.007249
v 0.066145 0.005091 -0.007193
v 0.067575 0.004138 -0.007216
v 0.065603 0.000136 -0.007303
v 0.066193 0.004583 -0.006811
v 0.066144 0.004124 -0.007168
v 0.066221 0.000136 -0.007289
v 0.066136 0.004640 -0.006813
v 0.066144 0.000222 -0.007168
v 0.066180 0.000136 -0.007194
v 0.067862 0.004583 -0.006772
v 0.066078 0.004573 -0.006757
v 0.066136 0.000222 -0.006813
v 0.067860 0.004516 -0.006716
v 0.066078 0.005317 -0.006757
v 0.066135 0.004516 -0.006756
v 0.066171 0.000136 -0.006780
v 0.066136 0.005317 -0.006813
v 0.066078 0.000222 -0.006757
v 0.066078 0.006055 -0.006757
v 0.067660 0.004248 -0.006720
v 0.066103 0.000136 -0.006716
v 0.066136 0.006055 -0.006813
v 0.066135 0.004248 -0.006756
v 0.068060 0.004248 -0.006711
v 0.065589 0.000136 -0.006728
v 0.066145 0.005544 -0.007193
v 0.068283 0.004516 -0.006706
v 0.065616 0.000222 -0.006768
v 0.066146 0.005148 -0.007250
v 0.065525 0.000136 -0.006795
v 0.066091 0.005091 -0.007308
v 0.066145 0.006055 -0.007193
v 0.068285 0.004583 -0.006762
v 0.066088 0.006112 -0.007194
v 0.068294 0.004583 -0.007143
v 0.065629 0.005090 -0.007319
v 0.066089 0.006055 -0.007251
v 0.066089 0.005602 -0.007251
v 0.068295 0.004516 -0.007200
v 0.066127 0.005091 -0.008876
v 0.065628 0.005602 -0.007262
v 0.066184 0.005148 -0.008875
v 0.065628 0.006055 -0.007262
v 0.068072 0.004248 -0.007205
v 0.065627 0.006112 -0.007205
v 0.066184 0.005487 -0.008875
v 0.065570 0.006055 -0.007207
v 0.068015 0.004192 -0.007206
v 0.066146 0.005487 -0.007250
v 0.065570 0.005544 -0.007207
v 0.068135 0.004181 -0.007147
v 0.066091 0.005544 -0.007308
v 0.065561 0.006055 -0.006826
v 0.068295 0.004248 -0.007200
v 0.065618 0.006112 -0.006825
v 0.068294 0.004181 -0.007143
v 0.066127 0.005544 -0.008876
v 0.068285 0.004181 -0.006762
v 0.065666 0.005544 -0.008887
v 0.066079 0.006112 -0.006814
v 0.068126 0.004181 -0.006766
v 0.065629 0.005544 -0.007319
v 0.065616 0.006055 -0.006768
v 0.068069 0.004124 -0.006767
v 0.068078 0.004124 -0.007148
v 0.068078 0.003360 -0.007148
v 0.068015 0.003306 -0.007206
v 0.068069 0.003360 -0.006767
v 0.068004 0.003306 -0.006712
v 0.068126 0.003303 -0.006766
v 0.065616 0.005317 -0.006768
v 0.067633 0.004081 -0.007215
v 0.068060 0.003249 -0.006711
v 0.067633 0.002924 -0.007215
v 0.068004 0.004192 -0.006712
v 0.068072 0.003249 -0.007205
v 0.065561 0.005317 -0.006826
v 0.067690 0.002853 -0.007214
v 0.067663 0.002957 -0.007132
v 0.065616 0.004382 -0.006768
v 0.067720 0.002900 -0.007131
v 0.067717 0.004192 -0.006719
v 0.065561 0.004382 -0.006826
v 0.070455 0.002853 -0.007149
v 0.067598 0.004181 -0.006778
v 0.065570 0.005091 -0.007207
v 0.070767 0.003249 -0.007142
v 0.066193 0.004181 -0.006811
v 0.065571 0.005487 -0.007263
v 0.070917 0.002910 -0.007138
v 0.067606 0.004181 -0.007134
v 0.070513 0.002796 -0.007148
v 0.067663 0.004124 -0.007132
v 0.070553 0.002842 -0.007065
v 0.067655 0.004124 -0.006777
v 0.066201 0.004181 -0.007166
v 0.070917 0.002837 -0.007138
v 0.070917 0.000222 -0.007138
v 0.067655 0.002957 -0.006777
v 0.070979 0.000222 -0.007080
v 0.067717 0.003023 -0.006719
v 0.066136 0.004124 -0.006813
v 0.070979 0.002842 -0.007080
v 0.066078 0.004192 -0.006757
v 0.070970 0.002842 -0.006700
v 0.071036 0.002900 -0.007079
v 0.070970 0.000222 -0.006700
v 0.070906 0.000222 -0.006644
v 0.071016 0.000136 -0.007130
v 0.070906 0.002910 -0.006644
v 0.067774 0.002967 -0.006718
v 0.070606 0.002910 -0.006651
v 0.070944 0.000136 -0.007203
v 0.070606 0.000222 -0.006651
v 0.067712 0.002900 -0.006776
v 0.070513 0.000222 -0.007148
v 0.070930 0.000136 -0.006578
v 0.070487 0.002900 -0.006711
v 0.070478 0.000136 -0.007214
v 0.071005 0.000136 -0.006648
v 0.070496 0.002900 -0.007066
v 0.070518 0.000136 -0.007109
v 0.070553 0.000222 -0.007065
v 0.070549 0.002967 -0.006653
v 0.070545 0.002842 -0.006709
v 0.070545 0.000222 -0.006709
v 0.070756 0.003249 -0.006648
v 0.070507 0.000136 -0.006660
v 0.070579 0.000136 -0.006586
v 0.070757 0.003303 -0.006705
v 0.070963 0.002967 -0.006643
v 0.070766 0.003303 -0.007085
v 0.071189 0.003249 -0.006638
v 0.068135 0.003303 -0.007147
v 0.071191 0.003303 -0.006694
v 0.071027 0.002900 -0.006698
v 0.071200 0.003303 -0.007075
v 0.071189 0.002967 -0.006638
v 0.071201 0.003249 -0.007132
v 0.071248 0.003235 -0.006686
v 0.071191 0.002900 -0.006694
v 0.070974 0.002967 -0.007137
v 0.071248 0.002972 -0.006686
v 0.071257 0.002972 -0.007099
v 0.071200 0.002900 -0.007075
v 0.071201 0.002967 -0.007132
v 0.071257 0.003235 -0.007102
v 0.068350 0.004510 -0.007146
v 0.068341 0.004510 -0.006757
v 0.068350 0.004254 -0.007146
v 0.068341 0.004254 -0.006757
v 0.068283 0.004248 -0.006706
v 0.065535 0.000136 -0.007239
v 0.065570 0.000222 -0.007207
v 0.065561 0.000222 -0.006826
v 0.065571 0.005148 -0.007263
v 0.065609 0.005148 -0.008888
v 0.065666 0.005090 -0.008887
v 0.065609 0.005487 -0.008888
v 0.065702 0.005090 -0.010455
v 0.065647 0.005148 -0.010514
v 0.066164 0.005091 -0.010444
v 0.065647 0.005487 -0.010514
v 0.066165 0.005033 -0.010501
v 0.065648 0.005091 -0.010570
v 0.066222 0.005148 -0.010500
v 0.065702 0.005544 -0.010455
v 0.066223 0.005091 -0.010557
v 0.066164 0.005544 -0.010444
v 0.066223 0.004640 -0.010557
v 0.065704 0.005602 -0.010512
v 0.066222 0.005487 -0.010500
v 0.066232 0.004640 -0.010937
v 0.066165 0.005602 -0.010501
v 0.066223 0.005544 -0.010557
v 0.066289 0.004583 -0.010936
v 0.066165 0.006055 -0.010501
v 0.066281 0.004583 -0.010555
v 0.066223 0.006055 -0.010557
v 0.066232 0.005317 -0.010937
v 0.067949 0.004583 -0.010516
v 0.066167 0.006112 -0.010558
v 0.067948 0.004516 -0.010460
v 0.067958 0.004583 -0.010897
v 0.066232 0.006055 -0.010937
v 0.066222 0.004516 -0.010500
v 0.067959 0.004516 -0.010954
v 0.066176 0.006112 -0.010939
v 0.066165 0.004573 -0.010501
v 0.068382 0.004516 -0.010944
v 0.065705 0.006112 -0.010569
v 0.067651 0.004138 -0.010467
v 0.068381 0.004583 -0.010887
v 0.065714 0.006112 -0.010949
v 0.068091 0.004192 -0.010456
v 0.068372 0.004583 -0.010507
v 0.065648 0.006055 -0.010570
v 0.066315 0.004138 -0.010498
v 0.067686 0.004181 -0.010548
v 0.068371 0.004516 -0.010450
v 0.065704 0.006055 -0.010512
v 0.067743 0.004124 -0.010547
v 0.068148 0.004248 -0.010455
v 0.067694 0.004181 -0.010903
v 0.068371 0.004248 -0.010450
v 0.065648 0.005544 -0.010570
v 0.066289 0.004181 -0.010936
v 0.068429 0.004510 -0.010501
v 0.066234 0.004248 -0.010994
v 0.068214 0.004181 -0.010510
v 0.067759 0.004248 -0.010958
v 0.068438 0.004510 -0.010890
v 0.068156 0.004124 -0.010512
v 0.066234 0.004516 -0.010994
v 0.068429 0.004254 -0.010501
v 0.068372 0.004181 -0.010507
v 0.068438 0.004254 -0.010890
v 0.068381 0.004181 -0.010887
v 0.068160 0.004248 -0.010949
v 0.068103 0.004192 -0.010950
v 0.068223 0.004181 -0.010891
v 0.067816 0.004192 -0.010957
v 0.068382 0.004248 -0.010944
v 0.068165 0.004124 -0.010892
v 0.067751 0.004124 -0.010902
v 0.066177 0.004573 -0.010995
v 0.068156 0.003360 -0.010512
v 0.067743 0.002957 -0.010547
v 0.066177 0.004192 -0.010995
v 0.068091 0.004118 -0.010456
v 0.067751 0.002957 -0.010902
v 0.067816 0.003023 -0.010957
v 0.067709 0.004081 -0.010465
v 0.066232 0.004124 -0.010937
v 0.067873 0.002967 -0.010956
v 0.066177 0.000222 -0.010995
v 0.067709 0.002924 -0.010465
v 0.068103 0.003306 -0.010950
v 0.066281 0.004181 -0.010581
v 0.067800 0.002900 -0.010545
v 0.067809 0.002900 -0.010900
v 0.066224 0.004124 -0.010582
v 0.070584 0.002900 -0.010836
v 0.070575 0.002900 -0.010480
v 0.070648 0.002967 -0.010891
v 0.066261 0.004081 -0.010499
v 0.067766 0.002853 -0.010464
v 0.070633 0.002842 -0.010479
v 0.068148 0.003249 -0.010455
v 0.070641 0.002842 -0.010834
v 0.070531 0.002853 -0.010399
v 0.065704 0.004382 -0.010512
v 0.070843 0.003249 -0.010392
v 0.065704 0.005033 -0.010512
v 0.070633 0.000222 -0.010479
v 0.068214 0.003303 -0.010510
v 0.065648 0.004382 -0.010570
v 0.070641 0.000222 -0.010834
v 0.065704 0.000222 -0.010512
v 0.070705 0.000222 -0.010889
v 0.068223 0.003303 -0.010891
v 0.070705 0.002910 -0.010889
v 0.070845 0.003303 -0.010449
v 0.065648 0.000222 -0.010570
v 0.071005 0.000222 -0.010882
v 0.070854 0.003303 -0.010829
v 0.065612 0.000136 -0.010540
v 0.070855 0.003249 -0.010886
v 0.065677 0.000136 -0.010472
v 0.071288 0.003249 -0.010876
v 0.066261 0.000222 -0.010499
v 0.068160 0.003249 -0.010949
v 0.071288 0.003303 -0.010819
v 0.066295 0.000136 -0.010458
v 0.068165 0.003360 -0.010892
v 0.071279 0.003303 -0.010439
v 0.066259 0.000136 -0.010554
v 0.066224 0.000222 -0.010582
v 0.071277 0.003249 -0.010382
v 0.071050 0.002967 -0.010387
v 0.071277 0.002967 -0.010382
v 0.070993 0.002910 -0.010389
v 0.066232 0.000222 -0.010937
v 0.071115 0.002900 -0.010442
v 0.070589 0.002796 -0.010398
v 0.071279 0.002900 -0.010439
v 0.066269 0.000136 -0.010968
v 0.071288 0.002900 -0.010819
v 0.066204 0.000136 -0.011048
v 0.071344 0.002972 -0.010824
v 0.071124 0.002900 -0.010823
v 0.070589 0.000222 -0.010398
v 0.065690 0.000136 -0.011060
v 0.071288 0.002967 -0.010876
v 0.070596 0.000136 -0.010452
v 0.065715 0.000222 -0.011006
v 0.071344 0.003235 -0.010824
v 0.071335 0.002972 -0.010412
v 0.071062 0.002967 -0.010881
v 0.065622 0.000136 -0.010983
v 0.071335 0.003235 -0.010408
v 0.065657 0.000222 -0.010951
v 0.065715 0.004382 -0.011006
v 0.071005 0.002910 -0.010882
v 0.065715 0.005317 -0.011006
v 0.066177 0.005317 -0.010995
v 0.065657 0.004382 -0.010951
v 0.071067 0.002842 -0.010824
v 0.065657 0.005317 -0.010951
v 0.071067 0.000222 -0.010824
v 0.065657 0.006055 -0.010951
v 0.071058 0.000222 -0.010444
v 0.066177 0.006055 -0.010995
v 0.071093 0.000136 -0.010411
v 0.071058 0.002842 -0.010444
v 0.070993 0.002837 -0.010389
v 0.065715 0.006055 -0.011006
v 0.070993 0.000222 -0.010389
v 0.071018 0.000136 -0.010346
v 0.070552 0.000136 -0.010357
v 0.071103 0.000136 -0.010856
v 0.071031 0.000136 -0.010920
v 0.070680 0.000136 -0.010928
v 0.070606 0.000136 -0.010867
v 0.068091 0.003306 -0.010456
v 0.065711 0.002533 -0.008209
v 0.065712 0.002493 -0.008246
v 0.065700 0.002533 -0.007755
v 0.065699 0.002493 -0.007718
v 0.065699 0.002064 -0.007718
v 0.065712 0.002064 -0.008246
v 0.065699 0.001634 -0.007718
v 0.065712 0.001634 -0.008246
v 0.065700 0.001594 -0.007755
v 0.065711 0.001594 -0.008209
v 0.065677 0.002510 -0.008271
v 0.065712 0.002493 -0.008246
v 0.065676 0.002550 -0.008231
v 0.065546 0.002564 -0.008244
v 0.065711 0.002533 -0.008209
v 0.065534 0.002564 -0.007728
v 0.065547 0.002521 -0.008291
v 0.065677 0.002060 -0.008271
v 0.065700 0.002533 -0.007755
v 0.065664 0.002550 -0.007735
v 0.065509 0.002603 -0.008284
v 0.065712 0.002064 -0.008246
v 0.065510 0.002554 -0.008330
v 0.065495 0.002603 -0.007690
v 0.065699 0.002493 -0.007718
v 0.065512 0.002715 -0.008410
v 0.065492 0.002715 -0.007563
v 0.065663 0.002510 -0.007694
v 0.065513 0.002671 -0.008450
v 0.065533 0.002521 -0.007680
v 0.065663 0.002060 -0.007694
v 0.065569 0.002739 -0.008430
v 0.065494 0.002554 -0.007644
v 0.065533 0.002060 -0.007680
v 0.065570 0.002693 -0.008476
v 0.065491 0.002671 -0.007523
v 0.065749 0.002739 -0.008430
v 0.065494 0.002060 -0.007644
v 0.065549 0.002739 -0.007541
v 0.065491 0.002060 -0.007523
v 0.065663 0.001610 -0.007694
v 0.065494 0.001565 -0.007644
v 0.065699 0.001634 -0.007718
v 0.065547 0.002693 -0.007495
v 0.065533 0.001598 -0.007680
v 0.065700 0.001594 -0.007755
v 0.065728 0.002739 -0.007533
v 0.065664 0.001569 -0.007735
v 0.065534 0.001556 -0.007728
v 0.065727 0.002697 -0.007491
v 0.065797 0.002770 -0.008468
v 0.065495 0.001516 -0.007690
v 0.065727 0.002060 -0.007491
v 0.065775 0.002770 -0.007492
v 0.065676 0.001569 -0.008231
v 0.065547 0.002060 -0.007495
v 0.065711 0.001594 -0.008209
v 0.065546 0.001556 -0.008244
v 0.065547 0.001427 -0.007495
v 0.065677 0.001610 -0.008271
v 0.065491 0.001449 -0.007523
v 0.065727 0.001423 -0.007491
v 0.065547 0.001598 -0.008291
v 0.065774 0.002060 -0.007453
v 0.065509 0.001516 -0.008284
v 0.065774 0.001390 -0.007453
v 0.065547 0.002060 -0.008291
v 0.065775 0.001350 -0.007492
v 0.065728 0.001381 -0.007533
v 0.065712 0.001634 -0.008246
v 0.065510 0.002060 -0.008330
v 0.065797 0.001350 -0.008468
v 0.065510 0.001565 -0.008330
v 0.065749 0.001381 -0.008430
v 0.065750 0.001423 -0.008472
v 0.065569 0.001381 -0.008430
v 0.065798 0.001390 -0.008507
v 0.065549 0.001381 -0.007541
v 0.065798 0.002060 -0.008507
v 0.065512 0.001405 -0.008410
v 0.065513 0.002060 -0.008450
v 0.065750 0.002060 -0.008472
v 0.065513 0.001449 -0.008450
v 0.065570 0.001427 -0.008476
v 0.065570 0.002060 -0.008476
v 0.065492 0.001405 -0.007563
v 0.065750 0.002697 -0.008472
v 0.065798 0.002729 -0.008507
v 0.065699 0.002064 -0.007718
v 0.065774 0.002729 -0.007453
v 0.066112 0.002924 -0.007251
v 0.067817 0.002952 -0.007211
v 0.067761 0.003000 -0.007212
v 0.067820 0.002520 -0.007211
v 0.067761 0.003793 -0.007212
v 0.066112 0.002517 -0.007251
v 0.066111 0.004291 -0.007251
v 0.065739 0.002918 -0.007259
v 0.067820 0.001916 -0.007211
v 0.067817 0.003850 -0.007211
v 0.065739 0.004257 -0.007259
v 0.065739 0.002517 -0.007259
v 0.066112 0.001916 -0.007251
v 0.067952 0.004291 -0.007208
v 0.065739 0.001916 -0.007259
v 0.066054 0.004350 -0.007252
v 0.067952 0.003850 -0.007208
v 0.065739 0.005127 -0.007259
v 0.068009 0.004228 -0.007206
v 0.068009 0.003907 -0.007206
v 0.066054 0.005127 -0.007252
v 0.065966 0.005184 -0.007254
v 0.065796 0.005184 -0.007258
v 0.070829 0.002952 -0.007140
v 0.070829 0.002507 -0.007140
v 0.070908 0.002861 -0.007138
v 0.070576 0.002507 -0.007146
v 0.070908 0.002556 -0.007138
v 0.067817 0.002952 -0.007211
v 0.067820 0.002520 -0.007211
v 0.070523 0.002467 -0.007147
v 0.067820 0.001916 -0.007211
v 0.070523 0.001915 -0.007147
v 0.070575 0.000136 -0.007110
v 0.070523 0.000222 -0.007147
v 0.067818 0.000136 -0.007175
v 0.067819 0.000222 -0.007211
v 0.067820 0.001916 -0.007211
v 0.070523 0.001915 -0.007147
v 0.066112 0.000222 -0.007251
v 0.067819 0.000222 -0.007211
v 0.066112 0.001916 -0.007251
v 0.067818 0.000136 -0.007175
v 0.067820 0.001916 -0.007211
v 0.066111 0.000136 -0.007215
v 0.065739 0.001916 -0.007259
v 0.065739 0.000222 -0.007259
v 0.065686 0.000136 -0.007225
v 0.065771 0.000222 -0.007335
v 0.065718 0.000136 -0.007336
v 0.065739 0.000222 -0.007259
v 0.065754 0.000136 -0.008881
v 0.065686 0.000136 -0.007225
v 0.065807 0.000222 -0.008880
v 0.065772 0.001916 -0.007335
v 0.065771 0.000222 -0.007335
v 0.065739 0.001916 -0.007259
v 0.065739 0.000222 -0.007259
v 0.065771 0.004257 -0.007335
v 0.065773 0.002718 -0.007334
v 0.065739 0.004257 -0.007259
v 0.065771 0.005127 -0.007335
v 0.065739 0.002717 -0.007259
v 0.065739 0.005127 -0.007259
v 0.065772 0.001916 -0.007335
v 0.065796 0.005184 -0.007258
v 0.065808 0.001916 -0.008880
v 0.065739 0.001916 -0.007259
v 0.065810 0.002718 -0.008880
v 0.065827 0.005184 -0.007333
v 0.065807 0.005127 -0.008880
v 0.065966 0.005184 -0.007254
v 0.065863 0.005184 -0.008879
v 0.065967 0.005184 -0.007330
v 0.065843 0.005127 -0.010426
v 0.066024 0.005127 -0.007329
v 0.065900 0.005184 -0.010424
v 0.066054 0.005127 -0.007252
v 0.066004 0.005184 -0.008875
v 0.065872 0.005184 -0.010501
v 0.066054 0.004350 -0.007252
v 0.066040 0.005184 -0.010421
v 0.066041 0.005184 -0.010497
v 0.065815 0.005127 -0.010502
v 0.066025 0.004314 -0.007329
v 0.065815 0.004257 -0.010502
v 0.066060 0.005127 -0.008874
v 0.066096 0.005127 -0.010420
v 0.065843 0.004257 -0.010426
v 0.066129 0.005127 -0.010495
v 0.065846 0.002718 -0.010426
v 0.066130 0.004350 -0.010495
v 0.066097 0.004314 -0.010420
v 0.065815 0.002717 -0.010502
v 0.065844 0.001916 -0.010426
v 0.065815 0.001916 -0.010502
v 0.065843 0.000222 -0.010426
v 0.065835 0.000222 -0.010081
v 0.065815 0.000222 -0.010502
v 0.065791 0.000136 -0.010427
v 0.065836 0.001916 -0.010081
v 0.065764 0.000136 -0.010539
v 0.065783 0.000136 -0.010082
v 0.066081 0.004257 -0.007327
v 0.066025 0.004314 -0.007329
v 0.066111 0.004291 -0.007251
v 0.067002 0.004257 -0.007306
v 0.066054 0.004350 -0.007252
v 0.066061 0.004314 -0.008874
v 0.067031 0.004291 -0.007229
v 0.066117 0.004257 -0.008873
v 0.067923 0.004257 -0.007284
v 0.066097 0.004314 -0.010420
v 0.067952 0.004291 -0.007208
v 0.066154 0.004257 -0.010418
v 0.068009 0.004228 -0.007206
v 0.066187 0.004291 -0.010494
v 0.067979 0.004200 -0.007283
v 0.066130 0.004350 -0.010495
v 0.067074 0.004257 -0.010397
v 0.068009 0.003907 -0.007206
v 0.067959 0.004257 -0.008830
v 0.067107 0.004291 -0.010472
v 0.067979 0.003907 -0.007283
v 0.068015 0.004200 -0.008828
v 0.067995 0.004257 -0.010375
v 0.067952 0.003850 -0.007208
v 0.068028 0.004291 -0.010451
v 0.068052 0.004200 -0.010374
v 0.067923 0.003850 -0.007284
v 0.068085 0.004228 -0.010449
v 0.068015 0.003907 -0.008828
v 0.067817 0.003850 -0.007211
v 0.068085 0.003907 -0.010449
v 0.067788 0.003850 -0.007287
v 0.068052 0.003907 -0.010374
v 0.067761 0.003793 -0.007212
v 0.067959 0.003850 -0.008830
v 0.068028 0.003850 -0.010451
v 0.067731 0.003793 -0.007289
v 0.067995 0.003850 -0.010375
v 0.067824 0.003850 -0.008833
v 0.067893 0.003850 -0.010454
v 0.067767 0.003793 -0.008834
v 0.067860 0.003850 -0.010378
v 0.067836 0.003793 -0.010455
v 0.067803 0.003793 -0.010380
v 0.067731 0.002975 -0.007289
v 0.067731 0.003793 -0.007289
v 0.067761 0.003000 -0.007212
v 0.067758 0.002918 -0.007288
v 0.067761 0.003793 -0.007212
v 0.067817 0.002952 -0.007211
v 0.068860 0.002918 -0.007262
v 0.068928 0.002952 -0.007185
v 0.069839 0.002918 -0.007239
v 0.069897 0.002952 -0.007162
v 0.070799 0.002918 -0.007217
v 0.070829 0.002952 -0.007140
v 0.070856 0.002861 -0.007216
v 0.070836 0.002918 -0.008763
v 0.070908 0.002861 -0.007138
v 0.070892 0.002861 -0.008761
v 0.070856 0.002580 -0.007216
v 0.070872 0.002918 -0.010308
v 0.070908 0.002556 -0.007138
v 0.070928 0.002861 -0.010307
v 0.070829 0.002507 -0.007140
v 0.070905 0.002952 -0.010383
v 0.070892 0.002580 -0.008761
v 0.070799 0.002523 -0.007217
v 0.070984 0.002861 -0.010381
v 0.069973 0.002952 -0.010405
v 0.070576 0.002507 -0.007146
v 0.070928 0.002580 -0.010307
v 0.069911 0.002918 -0.010331
v 0.070554 0.002523 -0.007223
v 0.070984 0.002556 -0.010381
v 0.070836 0.002523 -0.008763
v 0.069004 0.002952 -0.010428
v 0.070905 0.002507 -0.010383
v 0.068932 0.002918 -0.010353
v 0.070590 0.002523 -0.008768
v 0.070872 0.002523 -0.010308
v 0.067893 0.002952 -0.010454
v 0.070652 0.002507 -0.010389
v 0.070626 0.002523 -0.010314
v 0.067831 0.002918 -0.010379
v 0.067836 0.003000 -0.010455
v 0.067803 0.002975 -0.010380
v 0.067803 0.003793 -0.010380
v 0.067836 0.003793 -0.010455
v 0.070576 0.002507 -0.007146
v 0.070523 0.002467 -0.007147
v 0.070554 0.002523 -0.007223
v 0.070494 0.002467 -0.007224
v 0.070590 0.002523 -0.008768
v 0.070530 0.002467 -0.008770
v 0.070626 0.002523 -0.010314
v 0.070566 0.002467 -0.010315
v 0.070599 0.002467 -0.010390
v 0.070652 0.002507 -0.010389
v 0.070494 0.001915 -0.007224
v 0.070494 0.002467 -0.007224
v 0.070523 0.001915 -0.007147
v 0.070523 0.000222 -0.007147
v 0.070523 0.002467 -0.007147
v 0.070494 0.000222 -0.007224
v 0.070498 0.001915 -0.007390
v 0.070546 0.000136 -0.007223
v 0.070498 0.000222 -0.007390
v 0.070575 0.000136 -0.007110
v 0.070550 0.000136 -0.007389
v 0.065808 0.001916 -0.008880
v 0.065807 0.000222 -0.008880
v 0.065772 0.001916 -0.007335
v 0.065771 0.000222 -0.007335
v 0.070566 0.001915 -0.010315
v 0.070599 0.001915 -0.010390
v 0.070566 0.002467 -0.010315
v 0.070599 0.000222 -0.010390
v 0.070599 0.002467 -0.010390
v 0.070566 0.000222 -0.010315
v 0.070618 0.000136 -0.010314
v 0.070652 0.000136 -0.010425
v 0.070525 0.000222 -0.008570
v 0.070578 0.000136 -0.008569
v 0.065843 0.004257 -0.010426
v 0.065846 0.002718 -0.010426
v 0.065807 0.004257 -0.008880
v 0.065810 0.002718 -0.008880
v 0.065843 0.005127 -0.010426
v 0.065843 0.004257 -0.010426
v 0.065807 0.005127 -0.008880
v 0.065807 0.004257 -0.008880
v 0.066097 0.004314 -0.010420
v 0.066096 0.005127 -0.010420
v 0.066061 0.004314 -0.008874
v 0.066060 0.005127 -0.008874
v 0.067074 0.004257 -0.010397
v 0.066154 0.004257 -0.010418
v 0.067038 0.004257 -0.008851
v 0.066117 0.004257 -0.008873
v 0.067803 0.002975 -0.010380
v 0.067803 0.003793 -0.010380
v 0.067767 0.002975 -0.008834
v 0.067767 0.003793 -0.008834
v 0.067831 0.002918 -0.010379
v 0.067803 0.002975 -0.010380
v 0.067795 0.002918 -0.008834
v 0.067767 0.002975 -0.008834
v 0.067758 0.002918 -0.007288
v 0.067731 0.002975 -0.007289
v 0.067831 0.002918 -0.010379
v 0.067795 0.002918 -0.008834
v 0.068932 0.002918 -0.010353
v 0.068896 0.002918 -0.008808
v 0.070530 0.002467 -0.008770
v 0.070525 0.001915 -0.008570
v 0.070566 0.002467 -0.010315
v 0.070566 0.001915 -0.010315
v 0.065846 0.002718 -0.010426
v 0.065836 0.001916 -0.010081
v 0.065810 0.002718 -0.008880
v 0.065844 0.001916 -0.010426
v 0.065808 0.001916 -0.008880
v 0.070566 0.000222 -0.010315
v 0.070566 0.001915 -0.010315
v 0.070525 0.000222 -0.008570
v 0.070525 0.001915 -0.008570
v 0.065807 0.004257 -0.008880
v 0.065810 0.002718 -0.008880
v 0.065771 0.004257 -0.007335
v 0.065773 0.002718 -0.007334
v 0.065807 0.005127 -0.008880
v 0.065807 0.004257 -0.008880
v 0.065771 0.005127 -0.007335
v 0.065771 0.004257 -0.007335
v 0.066061 0.004314 -0.008874
v 0.066060 0.005127 -0.008874
v 0.066025 0.004314 -0.007329
v 0.066024 0.005127 -0.007329
v 0.067038 0.004257 -0.008851
v 0.066117 0.004257 -0.008873
v 0.067002 0.004257 -0.007306
v 0.066081 0.004257 -0.007327
v 0.067767 0.002975 -0.008834
v 0.067767 0.003793 -0.008834
v 0.067731 0.002975 -0.007289
v 0.067731 0.003793 -0.007289
v 0.067795 0.002918 -0.008834
v 0.067758 0.002918 -0.007288
v 0.068896 0.002918 -0.008808
v 0.068860 0.002918 -0.007262
v 0.070498 0.001915 -0.007390
v 0.070525 0.001915 -0.008570
v 0.070494 0.002467 -0.007224
v 0.070530 0.002467 -0.008770
v 0.067959 0.004257 -0.008830
v 0.067038 0.004257 -0.008851
v 0.067923 0.004257 -0.007284
v 0.067002 0.004257 -0.007306
v 0.067995 0.004257 -0.010375
v 0.067074 0.004257 -0.010397
v 0.067959 0.004257 -0.008830
v 0.067038 0.004257 -0.008851
v 0.069875 0.002918 -0.008785
v 0.068896 0.002918 -0.008808
v 0.069839 0.002918 -0.007239
v 0.068860 0.002918 -0.007262
v 0.069911 0.002918 -0.010331
v 0.068932 0.002918 -0.010353
v 0.069875 0.002918 -0.008785
v 0.068896 0.002918 -0.008808
v 0.070836 0.002918 -0.008763
v 0.069875 0.002918 -0.008785
v 0.070799 0.002918 -0.007217
v 0.069839 0.002918 -0.007239
v 0.070872 0.002918 -0.010308
v 0.069911 0.002918 -0.010331
v 0.070836 0.002918 -0.008763
v 0.069875 0.002918 -0.008785
v 0.066188 0.002924 -0.010494
v 0.067836 0.003000 -0.010455
v 0.067893 0.002952 -0.010454
v 0.067895 0.002520 -0.010454
v 0.067836 0.003793 -0.010455
v 0.066188 0.002517 -0.010494
v 0.066187 0.004291 -0.010494
v 0.065815 0.002918 -0.010502
v 0.067895 0.001916 -0.010454
v 0.065815 0.004257 -0.010502
v 0.067893 0.003850 -0.010454
v 0.066188 0.001916 -0.010494
v 0.065815 0.002517 -0.010502
v 0.066130 0.004350 -0.010495
v 0.068028 0.004291 -0.010451
v 0.065815 0.001916 -0.010502
v 0.065815 0.005127 -0.010502
v 0.068028 0.003850 -0.010451
v 0.066129 0.005127 -0.010495
v 0.068085 0.004228 -0.010449
v 0.068085 0.003907 -0.010449
v 0.066041 0.005184 -0.010497
v 0.065872 0.005184 -0.010501
v 0.070905 0.002952 -0.010383
v 0.070984 0.002861 -0.010381
v 0.070905 0.002507 -0.010383
v 0.070652 0.002507 -0.010389
v 0.070984 0.002556 -0.010381
v 0.067893 0.002952 -0.010454
v 0.067895 0.002520 -0.010454
v 0.070599 0.002467 -0.010390
v 0.067895 0.001916 -0.010454
v 0.070599 0.001915 -0.010390
v 0.067895 0.000222 -0.010454
v 0.070599 0.000222 -0.010390
v 0.067895 0.000136 -0.010490
v 0.067895 0.001916 -0.010454
v 0.070652 0.000136 -0.010425
v 0.070599 0.001915 -0.010390
v 0.066188 0.000222 -0.010494
v 0.066188 0.001916 -0.010494
v 0.067895 0.000222 -0.010454
v 0.067895 0.000136 -0.010490
v 0.067895 0.001916 -0.010454
v 0.066188 0.000136 -0.010529
v 0.065815 0.001916 -0.010502
v 0.065815 0.000222 -0.010502
v 0.065764 0.000136 -0.010539
v 0.066004 0.006094 -0.010652
v 0.066049 0.006094 -0.010702
v 0.066068 0.006201 -0.010546
v 0.066161 0.006201 -0.010648
v 0.066092 0.006359 -0.010507
v 0.066061 0.006094 -0.010769
v 0.066202 0.006359 -0.010628
v 0.066184 0.006201 -0.010784
v 0.066068 0.006516 -0.010546
v 0.066034 0.006094 -0.010832
v 0.066229 0.006359 -0.010790
v 0.066161 0.006516 -0.010648
v 0.066129 0.006201 -0.010911
v 0.066004 0.006623 -0.010652
v 0.065977 0.006094 -0.010870
v 0.066165 0.006359 -0.010940
v 0.066184 0.006516 -0.010784
v 0.066049 0.006623 -0.010702
v 0.066015 0.006201 -0.010988
v 0.065941 0.006653 -0.010755
v 0.066129 0.006516 -0.010911
v 0.065909 0.006094 -0.010872
v 0.066061 0.006623 -0.010769
v 0.066029 0.006359 -0.011032
v 0.065877 0.006201 -0.010991
v 0.065941 0.006653 -0.010755
v 0.066015 0.006516 -0.010988
v 0.065851 0.006094 -0.010836
v 0.066034 0.006623 -0.010832
v 0.065865 0.006359 -0.011036
v 0.065759 0.006201 -0.010920
v 0.065941 0.006653 -0.010755
v 0.065877 0.006516 -0.010991
v 0.065821 0.006094 -0.010775
v 0.065977 0.006623 -0.010870
v 0.065725 0.006359 -0.010951
v 0.065699 0.006201 -0.010795
v 0.065941 0.006653 -0.010755
v 0.065759 0.006516 -0.010920
v 0.065830 0.006094 -0.010707
v 0.065909 0.006623 -0.010872
v 0.065654 0.006359 -0.010803
v 0.065716 0.006201 -0.010659
v 0.065941 0.006653 -0.010755
v 0.065699 0.006516 -0.010795
v 0.065873 0.006094 -0.010655
v 0.065851 0.006623 -0.010836
v 0.065673 0.006359 -0.010640
v 0.065804 0.006201 -0.010552
v 0.065941 0.006653 -0.010755
v 0.065716 0.006516 -0.010659
v 0.065938 0.006094 -0.010634
v 0.065821 0.006623 -0.010775
v 0.065778 0.006359 -0.010514
v 0.065935 0.006201 -0.010510
v 0.065941 0.006653 -0.010755
v 0.065804 0.006516 -0.010552
v 0.066004 0.006094 -0.010652
v 0.065830 0.006623 -0.010707
v 0.065934 0.006359 -0.010464
v 0.066068 0.006201 -0.010546
v 0.065941 0.006653 -0.010755
v 0.065935 0.006516 -0.010510
v 0.065873 0.006623 -0.010655
v 0.066092 0.006359 -0.010507
v 0.065941 0.006653 -0.010755
v 0.066068 0.006516 -0.010546
v 0.065938 0.006623 -0.010634
v 0.065941 0.006653 -0.010755
v 0.066004 0.006623 -0.010652
v 0.065941 0.006653 -0.010755
v 0.065916 0.006094 -0.006914
v 0.065962 0.006094 -0.006965
v 0.065981 0.006201 -0.006809
v 0.066073 0.006201 -0.006911
v 0.066005 0.006359 -0.006769
v 0.065973 0.006094 -0.007032
v 0.066115 0.006359 -0.006891
v 0.066096 0.006201 -0.007047
v 0.065981 0.006516 -0.006809
v 0.065946 0.006094 -0.007095
v 0.066142 0.006359 -0.007052
v 0.066073 0.006516 -0.006911
v 0.066042 0.006201 -0.007173
v 0.065916 0.006623 -0.006914
v 0.065890 0.006094 -0.007133
v 0.066078 0.006359 -0.007203
v 0.066096 0.006516 -0.007047
v 0.065962 0.006623 -0.006965
v 0.065928 0.006201 -0.007251
v 0.065853 0.006653 -0.007018
v 0.066042 0.006516 -0.007173
v 0.065822 0.006094 -0.007134
v 0.065973 0.006623 -0.007032
v 0.065942 0.006359 -0.007295
v 0.065790 0.006201 -0.007254
v 0.065853 0.006653 -0.007018
v 0.065928 0.006516 -0.007251
v 0.065764 0.006094 -0.007099
v 0.065946 0.006623 -0.007095
v 0.065778 0.006359 -0.007299
v 0.065672 0.006201 -0.007182
v 0.065853 0.006653 -0.007018
v 0.065790 0.006516 -0.007254
v 0.065734 0.006094 -0.007038
v 0.065890 0.006623 -0.007133
v 0.065638 0.006359 -0.007213
v 0.065612 0.006201 -0.007058
v 0.065853 0.006653 -0.007018
v 0.065672 0.006516 -0.007182
v 0.065742 0.006094 -0.006970
v 0.065822 0.006623 -0.007134
v 0.065566 0.006359 -0.007066
v 0.065628 0.006201 -0.006921
v 0.065853 0.006653 -0.007018
v 0.065612 0.006516 -0.007058
v 0.065786 0.006094 -0.006917
v 0.065764 0.006623 -0.007099
v 0.065586 0.006359 -0.006903
v 0.065716 0.006201 -0.006815
v 0.065853 0.006653 -0.007018
v 0.065628 0.006516 -0.006921
v 0.065850 0.006094 -0.006897
v 0.065734 0.006623 -0.007038
v 0.065690 0.006359 -0.006777
v 0.065848 0.006201 -0.006773
v 0.065853 0.006653 -0.007018
v 0.065716 0.006516 -0.006815
v 0.065916 0.006094 -0.006914
v 0.065742 0.006623 -0.006970
v 0.065846 0.006359 -0.006727
v 0.065981 0.006201 -0.006809
v 0.065853 0.006653 -0.007018
v 0.065848 0.006516 -0.006773
v 0.065786 0.006623 -0.006917
v 0.066005 0.006359 -0.006769
v 0.065853 0.006653 -0.007018
v 0.065981 0.006516 -0.006809
v 0.065850 0.006623 -0.006897
v 0.065853 0.006653 -0.007018
v 0.065916 0.006623 -0.006914
v 0.065853 0.006653 -0.007018
v 0.064614 0.002910 -0.007682
v 0.064579 0.002850 -0.007635
v 0.064220 0.002805 -0.007691
v 0.064253 0.002765 -0.007642
v 0.064579 0.000222 -0.007635
v 0.064253 0.000222 -0.007642
v 0.064225 0.000136 -0.007678
v 0.064609 0.000136 -0.007669
v 0.064195 0.002751 -0.007587
v 0.064150 0.002788 -0.007624
v 0.064253 0.002765 -0.007642
v 0.064140 0.002788 -0.007208
v 0.064220 0.002805 -0.007691
v 0.064187 0.002751 -0.007243
v 0.064253 0.000222 -0.007642
v 0.064242 0.002765 -0.007185
v 0.064195 0.000222 -0.007587
v 0.064207 0.002805 -0.007138
v 0.064225 0.000136 -0.007678
v 0.064187 0.000222 -0.007243
v 0.064242 0.000222 -0.007185
v 0.064157 0.000136 -0.007613
v 0.064213 0.000136 -0.007151
v 0.064147 0.000136 -0.007219
v 0.064601 0.002910 -0.007129
v 0.064207 0.002805 -0.007138
v 0.064569 0.002850 -0.007177
v 0.064242 0.002765 -0.007185
v 0.064569 0.000222 -0.007177
v 0.064242 0.000222 -0.007185
v 0.064213 0.000136 -0.007151
v 0.064596 0.000136 -0.007142
v 0.064672 0.002927 -0.007196
v 0.064601 0.002910 -0.007129
v 0.064627 0.002864 -0.007233
v 0.064635 0.002864 -0.007577
v 0.064569 0.002850 -0.007177
v 0.064681 0.002927 -0.007611
v 0.064627 0.000222 -0.007233
v 0.064614 0.002910 -0.007682
v 0.064635 0.000222 -0.007577
v 0.064569 0.000222 -0.007177
v 0.064579 0.002850 -0.007635
v 0.064596 0.000136 -0.007142
v 0.064674 0.000136 -0.007601
v 0.064579 0.000222 -0.007635
v 0.064665 0.000136 -0.007207
v 0.064609 0.000136 -0.007669
v 0.067360 0.000719 -0.007037
v 0.067530 0.000889 -0.007033
v 0.067339 0.000754 -0.006991
v 0.067130 0.000667 -0.007039
v 0.067494 0.000909 -0.006988
v 0.067129 0.000706 -0.006995
v 0.067582 0.001119 -0.007029
v 0.066922 0.000762 -0.007000
v 0.067329 0.000765 -0.006841
v 0.067541 0.001119 -0.006985
v 0.066904 0.000728 -0.007045
v 0.067125 0.000719 -0.006849
v 0.067521 0.001346 -0.007030
v 0.066771 0.000913 -0.007003
v 0.066925 0.000773 -0.006853
v 0.067480 0.000916 -0.006838
v 0.066738 0.000893 -0.007048
v 0.067486 0.001326 -0.006986
v 0.066716 0.001119 -0.007004
v 0.066778 0.000919 -0.006857
v 0.067526 0.001119 -0.006839
v 0.066678 0.001119 -0.007050
v 0.066725 0.001119 -0.006858
v 0.067356 0.001511 -0.007034
v 0.066771 0.001326 -0.007003
v 0.067472 0.001320 -0.006841
v 0.067335 0.001477 -0.006990
v 0.066738 0.001346 -0.007048
v 0.066778 0.001320 -0.006857
v 0.066922 0.001477 -0.007000
v 0.067130 0.001572 -0.007039
v 0.067325 0.001466 -0.006844
v 0.066904 0.001511 -0.007045
v 0.066925 0.001466 -0.006853
v 0.067129 0.001532 -0.006995
v 0.067125 0.001520 -0.006849
v 0.067530 0.000889 -0.007033
v 0.067360 0.000719 -0.007037
v 0.067629 0.000832 -0.007045
v 0.067692 0.001119 -0.007040
v 0.067417 0.000620 -0.007050
v 0.067582 0.001119 -0.007029
v 0.067725 0.001119 -0.007076
v 0.067130 0.000557 -0.007053
v 0.067617 0.001401 -0.007042
v 0.067658 0.000816 -0.007082
v 0.067130 0.000667 -0.007039
v 0.067521 0.001346 -0.007030
v 0.067652 0.000819 -0.007137
v 0.066904 0.000728 -0.007045
v 0.067411 0.001607 -0.007047
v 0.067432 0.000599 -0.007142
v 0.067733 0.001119 -0.007135
v 0.066849 0.000632 -0.007060
v 0.067646 0.001417 -0.007078
v 0.067704 0.000789 -0.007162
v 0.066738 0.000893 -0.007048
v 0.067356 0.001511 -0.007034
v 0.067793 0.001119 -0.007160
v 0.067463 0.000548 -0.007167
v 0.067130 0.001682 -0.007053
v 0.067652 0.001420 -0.007137
v 0.067704 0.000789 -0.007162
v 0.067130 0.001572 -0.007039
v 0.067428 0.001634 -0.007083
v 0.067704 0.001450 -0.007162
v 0.066849 0.001607 -0.007060
v 0.067432 0.001640 -0.007142
v 0.067793 0.001119 -0.007160
v 0.067131 0.001714 -0.007090
v 0.067463 0.001691 -0.007167
v 0.066904 0.001511 -0.007045
v 0.067132 0.001720 -0.007149
v 0.067704 0.001450 -0.007162
v 0.066643 0.001401 -0.007065
v 0.066834 0.001634 -0.007097
v 0.067133 0.001780 -0.007175
v 0.067463 0.001691 -0.007167
v 0.066738 0.001346 -0.007048
v 0.066832 0.001640 -0.007156
v 0.066567 0.001119 -0.007066
v 0.066616 0.001417 -0.007102
v 0.066803 0.001691 -0.007183
v 0.067133 0.001780 -0.007175
v 0.066678 0.001119 -0.007050
v 0.066612 0.001420 -0.007161
v 0.066643 0.000838 -0.007065
v 0.066536 0.001119 -0.007104
v 0.066561 0.001450 -0.007188
v 0.066803 0.001691 -0.007183
v 0.066532 0.001119 -0.007163
v 0.066616 0.000822 -0.007102
v 0.066473 0.001119 -0.007191
v 0.066561 0.001450 -0.007188
v 0.066834 0.000605 -0.007097
v 0.066612 0.000819 -0.007161
v 0.066561 0.000789 -0.007188
v 0.066473 0.001119 -0.007191
v 0.066832 0.000599 -0.007156
v 0.067131 0.000525 -0.007090
v 0.066803 0.000548 -0.007183
v 0.066561 0.000789 -0.007188
v 0.067132 0.000519 -0.007149
v 0.067434 0.000592 -0.007087
v 0.067133 0.000459 -0.007175
v 0.066803 0.000548 -0.007183
v 0.067463 0.000548 -0.007167
v 0.067133 0.000459 -0.007175
v 0.066947 0.001424 -0.006799
v 0.067295 0.001424 -0.006791
v 0.067121 0.001470 -0.006795
v 0.066925 0.001466 -0.006853
v 0.067125 0.001520 -0.006849
v 0.066820 0.001296 -0.006802
v 0.067325 0.001466 -0.006844
v 0.067423 0.001296 -0.006788
v 0.066778 0.001320 -0.006857
v 0.067472 0.001320 -0.006841
v 0.066773 0.001122 -0.006803
v 0.067469 0.001122 -0.006787
v 0.066725 0.001119 -0.006858
v 0.067526 0.001119 -0.006839
v 0.066820 0.000948 -0.006802
v 0.067423 0.000948 -0.006788
v 0.066778 0.000919 -0.006857
v 0.067480 0.000916 -0.006838
v 0.066947 0.000820 -0.006799
v 0.067329 0.000765 -0.006841
v 0.067295 0.000820 -0.006791
v 0.066925 0.000773 -0.006853
v 0.067125 0.000719 -0.006849
v 0.067121 0.000774 -0.006795
v 0.068229 0.001901 -0.010522
v 0.068266 0.001861 -0.010522
v 0.067774 0.001901 -0.010533
v 0.067737 0.001861 -0.010534
v 0.067737 0.001431 -0.010534
v 0.068266 0.001431 -0.010522
v 0.067737 0.001002 -0.010534
v 0.068266 0.001002 -0.010522
v 0.067774 0.000962 -0.010533
v 0.068229 0.000962 -0.010522
v 0.068291 0.001877 -0.010557
v 0.068266 0.001861 -0.010522
v 0.068250 0.001918 -0.010558
v 0.068264 0.001931 -0.010687
v 0.068229 0.001901 -0.010522
v 0.067747 0.001931 -0.010699
v 0.068311 0.001889 -0.010686
v 0.068291 0.001427 -0.010557
v 0.067774 0.001901 -0.010533
v 0.067754 0.001918 -0.010569
v 0.068303 0.001971 -0.010724
v 0.068266 0.001431 -0.010522
v 0.068349 0.001922 -0.010723
v 0.067709 0.001971 -0.010738
v 0.067737 0.001861 -0.010534
v 0.068429 0.002082 -0.010721
v 0.067583 0.002082 -0.010741
v 0.067714 0.001877 -0.010570
v 0.068470 0.002038 -0.010720
v 0.067700 0.001889 -0.010700
v 0.067714 0.001427 -0.010570
v 0.068449 0.002106 -0.010664
v 0.067663 0.001922 -0.010739
v 0.067700 0.001427 -0.010700
v 0.068496 0.002061 -0.010663
v 0.067543 0.002038 -0.010742
v 0.068449 0.002106 -0.010484
v 0.067663 0.001427 -0.010739
v 0.067561 0.002106 -0.010685
v 0.067543 0.001427 -0.010742
v 0.067714 0.000977 -0.010570
v 0.067663 0.000933 -0.010739
v 0.067737 0.001002 -0.010534
v 0.067514 0.002061 -0.010686
v 0.067700 0.000966 -0.010700
v 0.067774 0.000962 -0.010533
v 0.067552 0.002106 -0.010505
v 0.067754 0.000937 -0.010569
v 0.067747 0.000923 -0.010699
v 0.067510 0.002064 -0.010506
v 0.068488 0.002137 -0.010436
v 0.067709 0.000884 -0.010738
v 0.067510 0.001427 -0.010506
v 0.067512 0.002137 -0.010459
v 0.068250 0.000937 -0.010558
v 0.067514 0.001427 -0.010686
v 0.068229 0.000962 -0.010522
v 0.068264 0.000923 -0.010687
v 0.067514 0.000794 -0.010686
v 0.068291 0.000977 -0.010557
v 0.067543 0.000816 -0.010742
v 0.067510 0.000790 -0.010506
v 0.068311 0.000966 -0.010686
v 0.067473 0.001427 -0.010460
v 0.068303 0.000884 -0.010724
v 0.067473 0.000758 -0.010460
v 0.068311 0.001427 -0.010686
v 0.067512 0.000717 -0.010459
v 0.067552 0.000748 -0.010505
v 0.068266 0.001002 -0.010522
v 0.068349 0.001427 -0.010723
v 0.068488 0.000717 -0.010436
v 0.068349 0.000933 -0.010723
v 0.068449 0.000748 -0.010484
v 0.068491 0.000790 -0.010483
v 0.068449 0.000748 -0.010664
v 0.068526 0.000758 -0.010435
v 0.067561 0.000748 -0.010685
v 0.068526 0.001427 -0.010435
v 0.068429 0.000772 -0.010721
v 0.068470 0.001427 -0.010720
v 0.068491 0.001427 -0.010483
v 0.068470 0.000816 -0.010720
v 0.068496 0.000794 -0.010663
v 0.068496 0.001427 -0.010663
v 0.067583 0.000772 -0.010741
v 0.068491 0.002064 -0.010483
v 0.068526 0.002097 -0.010435
v 0.067737 0.001431 -0.010534
v 0.067473 0.002097 -0.010460
v 0.070527 0.001970 -0.008570
v 0.070499 0.001970 -0.007365
v 0.070573 0.001939 -0.008529
v 0.070574 0.001898 -0.008571
v 0.070547 0.001939 -0.007404
v 0.070528 0.001930 -0.008609
v 0.070688 0.001939 -0.007405
v 0.070546 0.001898 -0.007362
v 0.070715 0.001894 -0.008568
v 0.070687 0.001894 -0.007358
v 0.070498 0.001930 -0.007327
v 0.070714 0.001939 -0.008522
v 0.070745 0.001916 -0.007424
v 0.070770 0.001916 -0.008499
v 0.070498 0.001930 -0.007327
v 0.070498 0.001536 -0.007327
v 0.070546 0.001898 -0.007362
v 0.070546 0.001536 -0.007362
v 0.070687 0.001894 -0.007358
v 0.070498 0.000136 -0.007327
v 0.070687 0.001536 -0.007358
v 0.070546 0.000136 -0.007362
v 0.070744 0.001872 -0.007384
v 0.070687 0.000136 -0.007358
v 0.070744 0.001536 -0.007385
v 0.070744 0.000136 -0.007386
v 0.070745 0.001916 -0.007424
v 0.070748 0.001804 -0.007551
v 0.070770 0.001916 -0.008499
v 0.070747 0.001755 -0.007505
v 0.070767 0.001804 -0.008373
v 0.070744 0.001872 -0.007384
v 0.070768 0.001755 -0.008419
v 0.070710 0.001722 -0.007543
v 0.070688 0.001939 -0.007405
v 0.070730 0.001722 -0.008383
v 0.070771 0.001872 -0.008540
v 0.070711 0.001765 -0.007590
v 0.070687 0.001894 -0.007358
v 0.070714 0.001939 -0.008522
v 0.070728 0.001765 -0.008335
v 0.070771 0.001872 -0.008540
v 0.070771 0.001536 -0.008539
v 0.070715 0.001894 -0.008568
v 0.070768 0.001536 -0.008420
v 0.070771 0.000136 -0.008538
v 0.070768 0.000136 -0.008421
v 0.070551 0.001536 -0.007562
v 0.070551 0.001712 -0.007562
v 0.070710 0.001536 -0.007543
v 0.070710 0.000136 -0.007543
v 0.070710 0.001722 -0.007543
v 0.070747 0.001536 -0.007504
v 0.070551 0.000136 -0.007562
v 0.070711 0.001765 -0.007590
v 0.070747 0.001755 -0.007505
v 0.070747 0.000136 -0.007503
v 0.070552 0.001753 -0.007603
v 0.070569 0.001753 -0.008330
v 0.070711 0.001765 -0.007590
v 0.070728 0.001765 -0.008335
v 0.070570 0.001712 -0.008371
v 0.070730 0.001722 -0.008383
v 0.070730 0.001722 -0.008383
v 0.070570 0.001712 -0.008371
v 0.070730 0.001536 -0.008383
v 0.070768 0.001536 -0.008420
v 0.070570 0.001536 -0.008371
v 0.070768 0.001755 -0.008419
v 0.070730 0.000136 -0.008383
v 0.070768 0.000136 -0.008421
v 0.070570 0.000136 -0.008371
v 0.070528 0.001930 -0.008609
v 0.070574 0.001898 -0.008571
v 0.070528 0.001536 -0.008609
v 0.070574 0.001536 -0.008571
v 0.070528 0.000136 -0.008609
v 0.070715 0.001894 -0.008568
v 0.070574 0.000136 -0.008571
v 0.070715 0.001536 -0.008568
v 0.070771 0.001872 -0.008540
v 0.070715 0.000136 -0.008568
v 0.070771 0.001536 -0.008539
v 0.070771 0.000136 -0.008538
v 0.070744 0.001872 -0.007384
v 0.070744 0.001536 -0.007385
v 0.070747 0.001536 -0.007504
v 0.070747 0.000136 -0.007503
v 0.070744 0.000136 -0.007386
v 0.070528 0.001720 -0.007626
v 0.070528 0.001694 -0.007601
v 0.070544 0.001720 -0.008308
v 0.070552 0.001753 -0.007603
v 0.070545 0.001694 -0.008334
v 0.070551 0.001712 -0.007562
v 0.070569 0.001753 -0.008330
v 0.070551 0.001536 -0.007562
v 0.070570 0.001712 -0.008371
v 0.070528 0.001536 -0.007601
v 0.070570 0.001536 -0.008371
v 0.070545 0.001536 -0.008334
v 0.070551 0.000136 -0.007562
v 0.070545 0.000136 -0.008334
v 0.070528 0.000136 -0.007601
v 0.070570 0.000136 -0.008371
vn -0.4627 0.0026 0.8865
vn 0.4288 0.0015 0.9034
vn -0.4628 0.0026 0.8865
vn 0.4288 0.0028 0.9034
vn -0.0000 1.0000 -0.0000
vn -0.0000 1.0000 0.0001
vn 0.8854 0.0027 0.4649
vn -0.9199 0.0026 0.3922
vn 0.9997 -0.0000 0.0234
vn -0.9199 0.0015 0.3921
vn 0.8853 0.0037 0.4649
vn -0.9006 0.0026 -0.4347
vn 0.9997 0.0015 0.0235
vn -0.9006 0.0025 -0.4347
vn -0.4208 0.0026 -0.9071
vn -0.4209 0.0026 -0.9071
vn 0.9997 -0.0000 0.0233
vn 0.0239 -0.0001 -0.9997
vn 0.0001 1.0000 -0.0000
vn 0.0240 -0.0001 -0.9997
vn 0.9061 0.0027 -0.4230
vn 0.0240 0.0015 -0.9997
vn 0.9061 0.0027 -0.4231
vn -0.4628 0.0036 0.8865
vn -0.9997 -0.0012 -0.0234
vn -0.9997 -0.0000 -0.0234
vn -0.0236 0.0001 0.9997
vn -0.0234 -0.0000 0.9997
vn -0.9997 -0.0000 -0.0233
vn -0.0242 -0.0002 0.9997
vn -0.9993 -0.0252 -0.0283
vn -0.0238 0.0008 0.9997
vn -0.9993 0.0283 -0.0234
vn -0.0236 -0.0001 0.9997
vn -0.9993 0.0283 -0.0233
vn -0.0234 -0.0001 0.9997
vn -0.9997 -0.0147 0.0186
vn -0.0883 -0.0027 0.9961
vn -0.9997 -0.0148 0.0185
vn 0.0453 -0.0326 -0.9984
vn 0.0234 -0.0000 -0.9997
vn 0.0987 -0.0038 -0.9951
vn 0.0988 -0.0038 -0.9951
vn 0.1166 -0.0061 -0.9932
vn 0.1167 -0.0061 -0.9932
vn 0.0226 0.0149 -0.9996
vn 0.0224 0.0148 -0.9996
vn 0.0225 0.0148 -0.9996
vn 0.9966 0.0271 -0.0774
vn 0.9966 0.0271 -0.0773
vn 0.9977 0.0017 -0.0676
vn 0.9977 0.0017 -0.0677
vn 0.9977 -0.0143 -0.0659
vn 0.9977 -0.0143 -0.0658
vn 0.9994 -0.0164 -0.0297
vn 0.9972 0.0131 -0.0733
vn 0.2527 -0.9675 0.0059
vn 0.2527 -0.9675 0.0060
vn -0.0233 -0.0000 0.9997
vn 0.0233 -0.0000 -0.9997
vn -0.2527 0.9675 -0.0059
vn -0.2528 0.9675 -0.0059
vn -0.4500 -0.8930 -0.0105
vn -0.2528 0.9675 -0.0060
vn -0.4292 -0.8340 0.3468
vn -0.2056 -0.3644 0.9083
vn -0.4126 -0.8340 -0.3664
vn -0.7711 0.5847 0.2519
vn -0.4098 0.2975 0.8623
vn -0.7941 0.6076 -0.0186
vn -0.1630 -0.3644 -0.9169
vn -0.2527 0.9675 -0.0060
vn -0.7585 0.5847 -0.2877
vn -0.2517 0.9678 -0.0068
vn -0.3690 0.2974 -0.8805
vn 0.4137 -0.7007 -0.5813
vn -0.0422 -0.7772 -0.6278
vn 0.0234 0.0001 -0.9997
vn 0.0216 0.3787 -0.9253
vn -0.4791 -0.8349 -0.2707
vn -0.4913 -0.8349 0.2481
vn -0.0423 -0.7773 -0.6278
vn 0.0234 -0.0001 -0.9997
vn -0.0716 -0.7772 0.6251
vn 0.0217 0.3787 -0.9253
vn -0.9997 0.0001 -0.0234
vn -0.9127 0.4081 -0.0214
vn -0.0216 0.3787 0.9253
vn -0.9127 0.4080 -0.0213
vn 0.3861 -0.7007 0.6000
vn -0.0715 -0.7772 0.6252
vn -0.0234 0.0001 0.9997
vn 0.7194 -0.6523 0.2385
vn 0.7298 -0.6523 -0.2046
vn -0.0217 0.3787 0.9253
vn 0.9127 0.4081 0.0213
vn 0.9127 0.4081 0.0214
vn -0.6767 0.6947 0.2440
vn -0.6645 0.6947 -0.2754
vn -0.7113 0.2532 0.6557
vn -0.6798 0.2533 -0.6882
vn -0.6798 0.2532 -0.6883
vn -0.5904 -0.0000 -0.8071
vn -0.9997 -0.0002 -0.0236
vn -0.1171 -0.7247 0.6791
vn -0.0852 -0.7247 -0.6838
vn -0.1171 -0.7247 0.6790
vn -0.0744 -0.9972 -0.0017
vn -0.1167 -0.0000 0.9932
vn -0.1171 -0.7246 0.6791
vn -0.1166 -0.0000 0.9932
vn -0.0694 -0.9976 -0.0020
vn -0.0744 -0.9972 -0.0018
vn -0.0852 -0.7247 -0.6837
vn -0.0853 -0.7247 -0.6837
vn -0.0701 -0.0000 -0.9975
vn -0.7113 0.2532 0.6558
vn -0.6275 -0.0000 0.7786
vn -0.0234 -0.0005 0.9997
vn -0.9997 -0.0001 -0.0233
vn -0.9997 0.0001 -0.0233
vn 0.0211 0.4291 -0.9030
vn -0.0001 1.0000 -0.0000
vn 0.9232 0.3836 0.0216
vn 0.9232 0.3837 0.0216
vn 0.9997 -0.0001 0.0234
vn -0.0211 0.4291 0.9030
vn -0.0212 0.4291 0.9030
vn -0.9232 0.3836 -0.0216
vn 0.0006 -1.0000 -0.0000
vn 0.0007 -1.0000 -0.0000
vn -0.0000 -1.0000 -0.0000
vn -0.0003 1.0000 -0.0000
vn -0.0002 1.0000 -0.0000
vn -0.0001 -1.0000 -0.0000
vn -0.0000 1.0000 -0.0001
vn 0.0233 -0.0001 -0.9997
vn -0.0000 -1.0000 -0.0001
vn 0.9219 0.3868 0.0215
vn 0.0185 0.6069 -0.7946
vn -0.0186 0.6065 0.7949
vn 0.0185 0.6068 -0.7946
vn 0.9219 0.3869 0.0216
vn -0.9219 0.3868 -0.0215
vn -0.9219 0.3869 -0.0215
vn -0.0186 0.6065 0.7948
vn 0.0028 1.0000 0.0034
vn -0.9232 0.3837 -0.0216
vn -0.9997 -0.0001 -0.0234
vn 0.0006 -1.0000 -0.0001
vn -0.0001 1.0000 -0.0001
vn 0.0001 1.0000 0.0001
vn -0.0269 0.0036 0.9996
vn -0.0235 -0.0000 0.9997
vn -0.0000 -1.0000 0.0001
vn 0.3104 -0.8138 0.4913
vn 0.4018 -0.8171 0.4134
vn 0.4207 -0.8171 -0.3942
vn 0.3330 -0.8138 -0.4762
vn 0.9997 0.0001 0.0234
vn -0.0233 -0.0001 0.9997
vn 0.0001 -1.0000 -0.0000
vn -0.0235 0.0001 0.9997
vn -0.9235 0.3830 -0.0215
vn -0.0211 0.4284 0.9033
vn -0.0212 0.4284 0.9033
vn 0.9235 0.3830 0.0215
vn 0.3109 -0.8140 0.4907
vn 0.3465 -0.8317 0.4339
vn 0.9235 0.3830 0.0216
vn 0.4156 -0.8182 -0.3972
vn 0.0199 0.5265 -0.8499
vn 0.3335 -0.8140 -0.4756
vn 0.0198 0.5265 -0.8500
vn -0.9222 0.3862 -0.0216
vn -0.9235 0.3830 -0.0216
vn 0.9222 0.3862 0.0216
vn -0.0210 0.4368 0.8993
vn -0.0211 0.4368 0.8993
vn 0.9222 0.3862 0.0215
vn 0.0215 0.4015 -0.9156
vn 0.0214 0.4015 -0.9156
vn -0.1547 -0.0000 0.9880
vn -0.1050 -0.9945 -0.0025
vn -0.1050 -0.9945 -0.0024
vn -0.1548 -0.0000 0.9879
vn -0.1084 -0.0000 -0.9941
vn -0.1085 -0.0000 -0.9941
vn -0.1050 0.9945 -0.0025
vn -0.6767 0.6947 0.2441
vn -0.1050 0.9945 -0.0024
vn -0.7112 -0.2532 0.6558
vn -0.1548 -0.0000 0.9880
vn -0.6767 -0.6947 0.2441
vn -0.6645 -0.6947 -0.2754
vn -0.6798 -0.2532 -0.6882
vn -0.7112 0.2532 0.6558
vn -0.0216 0.3862 0.9221
vn -0.0215 0.3858 0.9223
vn -0.0249 -0.0000 0.9997
vn -0.0216 0.3855 0.9225
vn -0.0216 0.3854 0.9225
vn -0.9997 0.0008 -0.0233
vn -0.8546 0.5189 -0.0200
vn -0.9203 0.0004 -0.3911
vn -0.8412 0.4589 -0.2859
vn -0.9997 0.0008 -0.0234
vn -0.9997 0.0018 -0.0233
vn -0.9139 0.0008 -0.4060
vn -0.9203 0.0004 -0.3912
vn -0.9997 -0.0019 -0.0234
vn -0.9235 -0.0000 -0.3836
vn -0.6755 0.6819 -0.2806
vn -0.9997 0.0009 -0.0234
vn -0.9997 0.0019 -0.0234
vn -0.9139 0.0008 -0.4059
vn -0.9997 -0.0018 -0.0234
vn 0.6149 0.7807 -0.1112
vn 0.9997 0.0005 0.0234
vn 0.6150 0.7807 -0.1112
vn -0.6878 0.6819 0.2487
vn 0.6209 0.5958 -0.5094
vn 0.6091 0.7807 0.1398
vn -0.6879 0.6819 0.2488
vn 0.9997 0.0006 0.0233
vn -0.9404 -0.0000 0.3400
vn 0.9997 0.0005 0.0233
vn -0.9997 0.0018 -0.0235
vn 0.5964 0.5958 0.5378
vn 0.9997 0.0006 0.0234
vn -0.9319 0.0008 0.3628
vn -0.9376 0.0005 0.3477
vn -0.8546 0.5189 -0.0199
vn -0.9997 0.0017 -0.0235
vn -0.8537 0.4589 0.2463
vn -0.8546 0.5190 -0.0200
vn 0.0095 0.9143 -0.4050
vn 0.6210 0.5958 -0.5094
vn 0.0095 0.9143 -0.4049
vn 0.9338 -0.0000 -0.3577
vn -0.0094 0.9143 0.4050
vn 0.5965 0.5958 0.5378
vn 0.9338 -0.0001 -0.3577
vn -0.0095 0.9143 0.4050
vn 0.9997 -0.0001 0.0233
vn 0.9161 -0.0000 0.4010
vn 0.6854 -0.6791 -0.2626
vn 0.9161 -0.0001 0.4010
vn 0.6724 -0.6791 0.2943
vn 0.6492 0.5078 -0.5663
vn 0.8317 0.0001 -0.5552
vn 0.8318 -0.0000 -0.5551
vn 0.0049 -0.9778 -0.2096
vn 0.8049 0.0001 0.5934
vn 0.6286 -0.7217 -0.2897
vn 0.8049 -0.0000 0.5934
vn -0.0049 -0.9778 0.2096
vn 0.6144 -0.7217 0.3187
vn 0.6221 0.5078 0.5960
vn 0.6286 -0.7218 -0.2897
vn 0.9338 -0.0000 -0.3578
vn 0.9997 0.0001 0.0233
vn 0.9161 -0.0000 0.4009
vn 0.6144 -0.7218 0.3187
vn 0.9338 0.0001 -0.3578
vn 0.8540 0.5198 0.0199
vn 0.8513 0.4555 -0.2604
vn 0.8540 0.5198 0.0200
vn -0.9997 0.0018 -0.0234
vn 0.8382 0.4555 0.2999
vn 0.8540 0.5199 0.0200
vn 0.0216 0.3858 -0.9223
vn 0.0216 0.3862 -0.9221
vn 0.0219 0.0001 -0.9998
vn 0.0216 0.3855 -0.9225
vn 0.0216 0.3854 -0.9225
vn 0.1738 -0.7421 0.6473
vn 0.6610 -0.7422 0.1109
vn 0.2495 -0.2712 0.9296
vn 0.9493 -0.2712 0.1593
vn 0.2495 0.2712 0.9296
vn 0.6160 -0.7422 -0.2641
vn 0.9493 0.2712 0.1593
vn 0.8847 -0.2712 -0.3792
vn 0.1737 0.7421 0.6473
vn 0.3755 -0.7422 -0.5552
vn 0.8847 0.2712 -0.3792
vn 0.6610 0.7421 0.1109
vn 0.5392 -0.2712 -0.7973
vn 0.0635 0.9696 0.2365
vn 0.0157 -0.7422 -0.6700
vn 0.5392 0.2711 -0.7974
vn 0.6160 0.7421 -0.2641
vn 0.2415 0.9696 0.0405
vn 0.0225 -0.2712 -0.9623
vn 0.0635 0.9696 0.2364
vn 0.3755 0.7421 -0.5552
vn -0.3490 -0.7422 -0.5722
vn 0.2251 0.9696 -0.0964
vn 0.0226 0.2712 -0.9623
vn -0.5013 -0.2712 -0.8217
vn 0.0157 0.7421 -0.6701
vn -0.6030 -0.7422 -0.2926
vn 0.1372 0.9696 -0.2028
vn -0.5013 0.2712 -0.8217
vn -0.8659 -0.2712 -0.4202
vn -0.3491 0.7421 -0.5722
vn -0.6654 -0.7422 0.0798
vn 0.0057 0.9696 -0.2448
vn -0.8659 0.2712 -0.4202
vn -0.9557 -0.2712 0.1146
vn -0.6030 0.7421 -0.2926
vn -0.5167 -0.7422 0.4269
vn -0.1275 0.9696 -0.2090
vn -0.9557 0.2712 0.1146
vn -0.7420 -0.2712 0.6131
vn 0.0634 0.9696 0.2365
vn -0.6655 0.7422 0.0798
vn -0.2038 -0.7422 0.6385
vn -0.2203 0.9696 -0.1069
vn -0.7420 0.2712 0.6131
vn -0.2927 -0.2712 0.9169
vn -0.5167 0.7421 0.4269
vn 0.1737 -0.7422 0.6473
vn -0.2431 0.9696 0.0291
vn -0.2927 0.2711 0.9170
vn -0.2038 0.7421 0.6385
vn -0.1888 0.9696 0.1560
vn 0.0634 0.9696 0.2364
vn -0.0745 0.9696 0.2333
vn 0.2495 0.2711 0.9296
vn 0.1738 -0.7422 0.6473
vn 0.3754 -0.7422 -0.5552
vn 0.8847 0.2711 -0.3793
vn 0.5392 0.2712 -0.7973
vn 0.2251 0.9696 -0.0965
vn -0.8660 -0.2712 -0.4202
vn -0.5166 -0.7422 0.4269
vn -0.2431 0.9696 0.0292
vn -0.2927 0.2712 0.9169
vn 0.1737 -0.7421 0.6473
vn -0.4791 -0.8350 -0.2707
vn -0.4912 -0.8350 0.2480
vn -0.0716 -0.7773 0.6251
vn -0.9127 0.4081 -0.0213
vn -0.0715 -0.7772 0.6251
vn 0.7195 -0.6523 0.2385
vn 0.3862 -0.7007 0.5999
vn 0.4138 -0.7007 -0.5812
vn 0.9127 0.4080 0.0213
vn 0.9127 0.4080 0.0214
vn 0.0178 -0.1527 0.9881
vn 0.1295 -0.0409 0.9907
vn 0.2559 -0.9627 0.0878
vn 0.0178 -0.1526 0.9881
vn 0.7026 -0.7047 0.0982
vn -0.2598 -0.9627 0.0758
vn 0.1295 0.0409 0.9907
vn -0.7065 -0.7047 0.0653
vn 0.2558 -0.9625 0.0907
vn 0.9605 -0.2579 0.1043
vn -0.0639 -0.1527 0.9862
vn -0.2597 -0.9627 0.0758
vn 0.0886 0.1118 0.9898
vn -0.9643 -0.2579 0.0593
vn -0.7064 -0.7048 0.0653
vn -0.1348 -0.1118 0.9845
vn 0.9605 0.2579 0.1043
vn -0.9643 -0.2580 0.0593
vn -0.1757 -0.0409 0.9836
vn -0.9644 -0.2579 0.0593
vn 0.0178 0.1527 0.9881
vn -0.7065 0.7047 0.0653
vn 0.9605 0.2580 0.1043
vn 0.7026 0.7048 0.0983
vn -0.1757 0.0409 0.9836
vn -0.2598 0.9627 0.0758
vn -0.0640 0.1527 0.9862
vn 0.7026 0.7048 0.0982
vn -0.1348 0.1117 0.9845
vn -0.2598 0.9627 0.0757
vn 0.2559 0.9627 0.0878
vn 0.1296 -0.0409 0.9907
vn 0.1296 -0.0410 0.9907
vn 0.1296 0.0409 0.9907
vn 0.9588 0.2576 0.1197
vn 0.0887 0.1117 0.9898
vn 0.9588 -0.2577 0.1197
vn 0.0887 0.1118 0.9898
vn 0.9588 -0.2576 0.1197
vn -0.0640 -0.1527 0.9862
vn 0.2553 -0.9613 0.1032
vn 0.7013 0.7037 0.1137
vn 0.2681 -0.2895 0.9189
vn 0.3740 -0.1060 0.9214
vn 0.7013 0.7037 0.1136
vn 0.3740 -0.1059 0.9214
vn 0.2553 0.9613 0.1032
vn 0.3740 0.1060 0.9214
vn -0.1349 0.1118 0.9845
vn 0.3740 0.1059 0.9214
vn -0.2598 0.9613 0.0912
vn 0.2681 0.2895 0.9189
vn -0.1348 0.1118 0.9845
vn -0.2598 0.9613 0.0911
vn -0.1757 0.0410 0.9836
vn -0.7058 0.7038 0.0808
vn 0.0846 0.3954 0.9146
vn -0.7058 0.7038 0.0807
vn -0.9633 0.2577 0.0748
vn -0.1273 0.3954 0.9096
vn -0.9634 0.2575 0.0747
vn -0.1349 -0.1118 0.9845
vn -0.9634 -0.2575 0.0748
vn -0.3107 0.2895 0.9054
vn -0.9634 -0.2576 0.0747
vn -0.7059 -0.7037 0.0808
vn -0.4166 0.1060 0.9029
vn -0.4166 0.1059 0.9029
vn -0.2598 -0.9613 0.0912
vn -0.7058 -0.7038 0.0807
vn -0.4166 -0.1060 0.9029
vn -0.4167 -0.1060 0.9029
vn -0.2598 -0.9614 0.0912
vn -0.3107 -0.2895 0.9054
vn -0.3107 -0.2894 0.9054
vn -0.2598 -0.9613 0.0911
vn 0.2553 -0.9613 0.1033
vn -0.1273 -0.3954 0.9096
vn 0.0846 -0.3954 0.9146
vn 0.2560 0.9627 0.0878
vn 0.7026 0.7047 0.0982
vn 0.9605 0.2579 0.1042
vn 0.9605 -0.2579 0.1042
vn -0.9643 -0.2580 0.0592
vn 0.7026 -0.7048 0.0982
vn -0.2598 -0.9627 0.0757
vn -0.9880 -0.0000 -0.1547
vn 0.0024 -0.9945 -0.1050
vn -0.9880 -0.0000 -0.1548
vn -0.9879 -0.0000 -0.1548
vn 0.9941 -0.0000 -0.1084
vn 0.9941 -0.0000 -0.1085
vn 0.0025 0.9945 -0.1050
vn 0.0024 0.9945 -0.1050
vn 0.2754 0.6947 -0.6645
vn -0.2441 0.6947 -0.6767
vn -0.7787 -0.0000 -0.6274
vn -0.6557 -0.2533 -0.7113
vn -0.2441 -0.6947 -0.6767
vn 0.2754 -0.6946 -0.6645
vn 0.6883 -0.2532 -0.6798
vn 0.8071 -0.0000 -0.5904
vn 0.6883 0.2532 -0.6798
vn -0.6557 0.2532 -0.7113
vn 0.6767 0.6946 -0.2441
vn 0.6645 0.6946 0.2754
vn 0.7112 0.2532 -0.6558
vn 0.6799 0.2532 0.6882
vn 0.0001 1.0000 -0.0001
vn 0.6798 0.2531 0.6883
vn 0.5904 -0.0000 0.8071
vn 0.9997 -0.0002 0.0236
vn 0.1171 -0.7247 -0.6790
vn 0.0852 -0.7247 0.6838
vn 0.1170 -0.7247 -0.6790
vn 0.0744 -0.9972 0.0018
vn 0.1166 -0.0000 -0.9932
vn 0.1171 -0.7247 -0.6791
vn 0.1167 -0.0000 -0.9932
vn 0.1167 -0.0003 -0.9932
vn 0.0693 -0.9976 0.0020
vn 0.1171 -0.7246 -0.6791
vn 0.0853 -0.7247 0.6837
vn 0.0852 -0.7247 0.6837
vn 0.0702 -0.0000 0.9975
vn 0.0701 -0.0000 0.9975
vn 0.7113 0.2532 -0.6558
vn 0.6274 -0.0000 -0.7787
vn 0.0234 -0.0005 -0.9997
vn 0.0234 -0.0003 -0.9997
vn 0.9997 -0.0003 0.0233
vt 0.535828 0.926966
vt 0.591788 0.926939
vt 0.535835 0.926966
vt 0.591781 0.926939
vt 0.591604 0.926782
vt 0.536013 0.926782
vt 0.535205 0.926454
vt 0.536013 0.925758
vt 0.534834 0.925758
vt 0.535025 0.926619
vt 0.592398 0.926437
vt 0.591604 0.925758
vt 0.592582 0.926588
vt 0.534650 0.925904
vt 0.592973 0.925904
vt 0.534650 0.925909
vt 0.591604 0.925571
vt 0.592585 0.926591
vt 0.534650 0.925717
vt 0.536013 0.925571
vt 0.592973 0.925909
vt 0.534834 0.925571
vt 0.592783 0.925758
vt 0.534650 0.925722
vt 0.535205 0.926267
vt 0.535025 0.926432
vt 0.536013 0.926595
vt 0.592783 0.925571
vt 0.535021 0.926434
vt 0.592973 0.925717
vt 0.535835 0.926779
vt 0.591604 0.926595
vt 0.592398 0.926249
vt 0.535828 0.926779
vt 0.592973 0.925722
vt 0.591781 0.926752
vt 0.592582 0.926401
vt 0.591788 0.926752
vt 0.592585 0.926403
vt 0.535021 0.926622
vt -8.101610 -2.858336
vt -8.102201 -2.935223
vt -7.800511 -2.858713
vt -7.796690 -2.844936
vt -7.800670 -2.935827
vt -8.101593 -2.847361
vt -7.560149 -2.859127
vt -8.171356 -2.858201
vt -7.550644 -2.927471
vt -8.171336 -2.847857
vt -8.171506 -2.935087
vt -8.101439 -2.752455
vt -7.559077 -2.845438
vt -8.171155 -2.752323
vt -7.251295 -2.858519
vt -7.771111 -2.752463
vt -7.251147 -2.936135
vt -7.251277 -2.845284
vt -7.003187 -2.861642
vt -7.551902 -2.753812
vt -7.002814 -2.935485
vt -7.003207 -2.848310
vt -7.251153 -2.756694
vt -7.003344 -2.759064
vt -6.536534 -2.858297
vt -6.536534 -2.843913
vt -6.734829 -2.858298
vt -6.536534 -2.935184
vt -6.734841 -2.844511
vt -6.734830 -2.935184
vt -6.734919 -2.752231
vt -6.536532 -2.747636
vt -8.107796 -2.681440
vt -7.800284 -2.687660
vt -8.171020 -2.675436
vt -8.149930 -2.569619
vt -8.170725 -2.569559
vt -6.536534 -2.974625
vt -6.736526 -2.974625
vt -7.013927 -2.974943
vt -7.138954 -2.974005
vt -7.251206 -2.971158
vt -7.800717 -2.975345
vt -7.571126 -2.975617
vt -8.053738 -2.975045
vt -8.053691 -2.935604
vt -7.454618 -2.975596
vt -6.537589 -2.703326
vt -6.688587 -2.707130
vt -7.251886 -2.712356
vt -7.567935 -2.708790
vt -6.983580 -2.709830
vt -7.741042 -2.706491
vt 0.006242 0.561960
vt 0.006242 0.986653
vt 0.010100 0.986653
vt 0.010100 0.561960
vt 0.006242 0.561680
vt 0.010233 0.555169
vt 0.032070 0.561960
vt 0.010100 0.561681
vt 0.010232 0.554889
vt 0.032070 0.986653
vt 0.032070 0.561680
vt 0.032078 0.555168
vt 0.036134 0.986653
vt 0.036134 0.561960
vt 0.036134 0.555169
vt 0.036134 0.561681
vt 0.036134 0.554889
vt 0.032078 0.554889
vt 0.004316 0.576816
vt 0.004316 0.571976
vt 0.015722 0.576816
vt 0.015722 0.571976
vt 0.004316 0.567135
vt 0.015722 0.567135
vt 0.015722 0.557454
vt 0.004316 0.557454
vt 0.019969 0.571976
vt 0.019969 0.576816
vt 0.017760 0.571896
vt 0.031001 0.576816
vt 0.017762 0.576817
vt 0.031001 0.571976
vt 0.017757 0.566975
vt 0.033205 0.571896
vt 0.019969 0.567135
vt 0.033208 0.576816
vt 0.017752 0.557134
vt 0.031001 0.567135
vt 0.033202 0.566975
vt 0.019969 0.557454
vt 0.033197 0.557134
vt 0.031001 0.557454
vt 0.046654 0.576816
vt 0.035248 0.576816
vt 0.046654 0.571976
vt 0.035248 0.571976
vt 0.046654 0.567135
vt 0.035248 0.567135
vt 0.035248 0.557454
vt 0.046654 0.557454
vt 0.024574 0.562814
vt 0.026781 0.562814
vt 0.024574 0.567654
vt 0.013543 0.567654
vt 0.026783 0.567735
vt 0.013543 0.562814
vt 0.024574 0.572495
vt 0.011336 0.562814
vt 0.013543 0.572495
vt 0.026786 0.572655
vt 0.011338 0.567735
vt 0.026791 0.582497
vt 0.013543 0.582176
vt 0.011341 0.572656
vt 0.024574 0.582176
vt 0.011346 0.582497
vt 0.139834 0.158448
vt 0.130286 0.158448
vt 0.139821 0.156482
vt 0.140177 0.156445
vt 0.130298 0.156482
vt 0.140177 0.158402
vt 0.130337 0.150585
vt 0.129943 0.155842
vt 0.140177 0.150575
vt 0.129943 0.150402
vt 0.129943 0.157656
vt 0.139783 0.150585
vt 0.130571 0.148450
vt 0.139542 0.148214
vt 0.119709 0.147939
vt 0.119709 0.137980
vt 0.121675 0.147930
vt 0.121675 0.137980
vt 0.127572 0.147905
vt 0.127572 0.137980
vt 0.129808 0.147764
vt 0.129943 0.137980
vt 0.133010 0.147845
vt 0.136959 0.147296
vt 0.137110 0.147845
vt 0.137402 0.146962
vt 0.133161 0.147296
vt 0.134516 0.147642
vt 0.132718 0.146962
vt 0.139727 0.146935
vt 0.130353 0.148214
vt 0.130393 0.146935
vt 0.135199 0.147592
vt 0.139912 0.146935
vt 0.132398 0.147907
vt 0.139767 0.148214
vt 0.130208 0.146935
vt 0.137391 0.147546
vt 0.137309 0.137980
vt 0.137165 0.147838
vt 0.132811 0.137980
vt 0.142548 0.146625
vt 0.142548 0.137980
vt 0.149375 0.146655
vt 0.147469 0.146935
vt 0.149374 0.137980
vt 0.140177 0.137980
vt 0.140177 0.146615
vt 0.149374 0.146935
vt 0.142548 0.146935
vt 0.150081 0.146935
vt 0.148201 0.146935
vt 0.127572 0.146625
vt 0.120744 0.146655
vt 0.120745 0.137980
vt 0.129943 0.146615
vt 0.150411 0.147939
vt 0.148445 0.147930
vt 0.150411 0.137980
vt 0.148445 0.137980
vt 0.142548 0.147905
vt 0.140311 0.147764
vt 0.132729 0.147546
vt 0.025953 0.521225
vt 0.017518 0.513052
vt 0.252032 0.521225
vt 0.018565 0.531403
vt 0.260468 0.513052
vt 0.004849 0.518713
vt 0.259421 0.531403
vt 0.004848 0.000262
vt 0.273138 0.518713
vt 0.017518 0.000262
vt 0.273139 0.000262
vt 0.260468 0.000262
vt 0.039825 0.673054
vt 0.039825 0.674482
vt 0.039825 0.675384
vt 0.039825 0.675115
vt 0.039825 0.677564
vt 0.040193 0.675433
vt 0.039825 0.673326
vt 0.039825 0.677565
vt 0.040193 0.674482
vt 0.039825 0.654784
vt 0.040193 0.675705
vt 0.040193 0.677838
vt 0.039560 0.654378
vt 0.042664 0.675433
vt 0.040357 0.673259
vt 0.042664 0.675705
vt 0.040357 0.654784
vt 0.040180 0.654378
vt 0.043032 0.675384
vt 0.042664 0.654784
vt 0.043032 0.675115
vt 0.043032 0.678910
vt 0.042868 0.654378
vt 0.042664 0.678911
vt 0.043032 0.654784
vt 0.043032 0.682402
vt 0.043032 0.673849
vt 0.043297 0.654378
vt 0.042664 0.682402
vt 0.040193 0.679983
vt 0.039825 0.678107
vt 0.039452 0.677837
vt 0.040193 0.682402
vt 0.040193 0.682670
vt 0.039452 0.677836
vt 0.039825 0.682402
vt 0.039825 0.680256
vt 0.029271 0.677837
vt 0.039825 0.680256
vt 0.029271 0.678107
vt 0.039825 0.673849
vt 0.029271 0.679714
vt 0.039825 0.673580
vt 0.039825 0.679714
vt 0.040193 0.679982
vt 0.040193 0.673531
vt 0.039452 0.679984
vt 0.042664 0.682670
vt 0.029271 0.679984
vt 0.042664 0.673531
vt 0.029271 0.679984
vt 0.039452 0.679984
vt 0.042664 0.673259
vt 0.040193 0.673259
vt 0.040193 0.669642
vt 0.039825 0.669384
vt 0.042664 0.669642
vt 0.043032 0.669384
vt 0.042664 0.669371
vt 0.043032 0.678910
vt 0.043032 0.669116
vt 0.039825 0.667577
vt 0.043032 0.673580
vt 0.039825 0.669116
vt 0.042664 0.678910
vt 0.039825 0.667243
vt 0.040357 0.667734
vt 0.043032 0.674482
vt 0.040357 0.667462
vt 0.042664 0.674482
vt 0.040193 0.677837
vt 0.039825 0.679714
vt 0.039825 0.667511
vt 0.040357 0.673531
vt 0.039825 0.666971
vt 0.040357 0.667191
vt 0.039825 0.667164
vt 0.039825 0.654785
vt 0.042664 0.667734
vt 0.040193 0.654784
vt 0.043032 0.668049
vt 0.040193 0.667191
vt 0.042664 0.667191
vt 0.040193 0.667462
vt 0.043032 0.654785
vt 0.039865 0.654377
vt 0.043032 0.667511
vt 0.043032 0.667780
vt 0.039399 0.654378
vt 0.042664 0.667462
vt 0.043458 0.654378
vt 0.039399 0.654377
vt 0.042992 0.654377
vt 0.040072 0.654377
vt 0.040193 0.669371
vt 0.042707 0.669051
vt 0.039825 0.667780
vt 0.042707 0.667806
vt 0.040026 0.667806
vt 0.040005 0.669051
vt 0.040164 0.675089
vt 0.042693 0.675089
vt 0.040164 0.673875
vt 0.042693 0.673875
vt 0.039989 0.654378
vt 0.039825 0.678106
vt 0.029271 0.678106
vt 0.029271 0.677836
vt 0.029271 0.679714
vt 0.019091 0.677836
vt 0.018718 0.678106
vt 0.019091 0.677837
vt 0.018718 0.679714
vt 0.018718 0.677565
vt 0.018350 0.677837
vt 0.018718 0.678107
vt 0.019091 0.679984
vt 0.018350 0.677838
vt 0.019091 0.679984
vt 0.018350 0.675705
vt 0.018718 0.680256
vt 0.018718 0.679714
vt 0.015879 0.675705
vt 0.018718 0.680256
vt 0.018350 0.679983
vt 0.015879 0.675433
vt 0.018718 0.682402
vt 0.018350 0.675433
vt 0.018350 0.682402
vt 0.015879 0.678911
vt 0.018350 0.682670
vt 0.018718 0.675115
vt 0.015879 0.682402
vt 0.015511 0.675115
vt 0.015879 0.682670
vt 0.018718 0.675384
vt 0.018718 0.673326
vt 0.018718 0.673580
vt 0.018186 0.673531
vt 0.018186 0.673259
vt 0.018718 0.673849
vt 0.015879 0.673531
vt 0.018350 0.679982
vt 0.018379 0.675089
vt 0.015511 0.673849
vt 0.018350 0.673531
vt 0.015850 0.675089
vt 0.018350 0.673259
vt 0.018379 0.673875
vt 0.015850 0.673875
vt 0.015511 0.673580
vt 0.015879 0.673259
vt 0.015511 0.675384
vt 0.018350 0.669642
vt 0.018186 0.667734
vt 0.018718 0.673231
vt 0.015879 0.667734
vt 0.015511 0.668049
vt 0.018718 0.673054
vt 0.015511 0.667780
vt 0.015511 0.654785
vt 0.018718 0.667577
vt 0.015511 0.669384
vt 0.018186 0.667462
vt 0.015879 0.667462
vt 0.018718 0.667243
vt 0.018186 0.667191
vt 0.018718 0.669116
vt 0.015879 0.667191
vt 0.018718 0.674482
vt 0.018718 0.677564
vt 0.018186 0.654785
vt 0.018350 0.669371
vt 0.018350 0.674482
vt 0.015879 0.654785
vt 0.018718 0.654785
vt 0.015511 0.654786
vt 0.015879 0.669371
vt 0.015511 0.667511
vt 0.018350 0.654785
vt 0.018554 0.654378
vt 0.015511 0.669116
vt 0.018983 0.654378
vt 0.015879 0.669642
vt 0.018363 0.654378
vt 0.018718 0.667780
vt 0.018718 0.667511
vt 0.018350 0.667462
vt 0.018718 0.666971
vt 0.015675 0.654378
vt 0.015165 0.654378
vt 0.015836 0.667806
vt 0.018367 0.654377
vt 0.015836 0.669051
vt 0.018517 0.667806
vt 0.018538 0.669051
vt 0.015511 0.674482
vt 0.015511 0.678910
vt 0.015511 0.678910
vt 0.015879 0.674482
vt 0.015879 0.678910
vt 0.015511 0.682402
vt 0.018559 0.654377
vt 0.018350 0.667191
vt 0.018718 0.667164
vt 0.018718 0.654786
vt 0.018990 0.654378
vt 0.018990 0.654377
vt 0.015670 0.654377
vt 0.015266 0.654378
vt 0.018718 0.669384
vt 0.303463 0.994511
vt 0.286779 0.977447
vt 0.507679 0.994511
vt 0.524364 0.977447
vt 0.524364 0.764240
vt 0.286779 0.764240
vt 0.524364 0.978999
vt 0.286779 0.978999
vt 0.507679 0.996063
vt 0.303463 0.996063
vt 0.111019 0.167082
vt 0.113537 0.165798
vt 0.115262 0.170232
vt 0.114170 0.171297
vt 0.117426 0.168916
vt 0.168292 0.171297
vt 0.109215 0.167982
vt 0.111019 0.132110
vt 0.165035 0.168916
vt 0.167199 0.170232
vt 0.110101 0.174373
vt 0.113537 0.132411
vt 0.105271 0.170543
vt 0.172360 0.174373
vt 0.168925 0.165798
vt 0.096889 0.183038
vt 0.185573 0.183038
vt 0.171443 0.167082
vt 0.092658 0.179614
vt 0.173246 0.167982
vt 0.171443 0.132110
vt 0.094702 0.184886
vt 0.177190 0.170543
vt 0.173246 0.132110
vt 0.089822 0.181342
vt 0.189804 0.179614
vt 0.094224 0.184886
vt 0.177190 0.132110
vt 0.187760 0.184886
vt 0.189804 0.132110
vt 0.171443 0.097137
vt 0.177190 0.093676
vt 0.168925 0.099023
vt 0.192640 0.181342
vt 0.173246 0.096237
vt 0.165035 0.095906
vt 0.188237 0.184886
vt 0.167199 0.093987
vt 0.168292 0.092922
vt 0.192640 0.181638
vt 0.090105 0.187300
vt 0.172360 0.089846
vt 0.192640 0.132110
vt 0.192357 0.187300
vt 0.115262 0.093987
vt 0.117426 0.095906
vt 0.114170 0.092922
vt 0.192640 0.082877
vt 0.111019 0.097137
vt 0.189804 0.084605
vt 0.192640 0.082581
vt 0.109215 0.096237
vt 0.196422 0.132110
vt 0.110101 0.089846
vt 0.196422 0.080068
vt 0.109215 0.132110
vt 0.192357 0.076919
vt 0.188237 0.079333
vt 0.113537 0.099023
vt 0.105271 0.132110
vt 0.090105 0.076919
vt 0.105271 0.093676
vt 0.094224 0.079333
vt 0.089822 0.082581
vt 0.094702 0.079333
vt 0.086040 0.080068
vt 0.187760 0.079333
vt 0.086040 0.132110
vt 0.096889 0.081182
vt 0.092658 0.132110
vt 0.089822 0.132110
vt 0.092658 0.084605
vt 0.089822 0.082877
vt 0.185573 0.081182
vt 0.089822 0.181638
vt 0.086040 0.184151
vt 0.168925 0.132411
vt 0.196422 0.184151
vt 0.669887 0.411206
vt 0.983072 0.415660
vt 0.972660 0.423323
vt 0.983496 0.347279
vt 0.972664 0.548923
vt 0.669890 0.346860
vt 0.669696 0.627692
vt 0.601493 0.410234
vt 0.983487 0.251537
vt 0.983076 0.557906
vt 0.601493 0.622362
vt 0.601493 0.346768
vt 0.669896 0.251536
vt 0.978722 0.627692
vt 0.601493 0.251536
vt 0.659277 0.637082
vt 0.978718 0.557907
vt 0.601493 0.655436
vt 0.989134 0.617770
vt 0.989131 0.566889
vt 0.659194 0.655436
vt 0.643056 0.664419
vt 0.611906 0.664419
vt 0.320416 0.379587
vt 0.320416 0.358861
vt 0.303582 0.359476
vt 0.374330 0.358861
vt 0.303582 0.369747
vt 0.963375 0.379591
vt 0.962882 0.361718
vt 0.385633 0.349864
vt 0.962893 0.227195
vt 0.385633 0.227188
vt 0.985816 0.006555
vt 0.977316 0.028201
vt 0.322502 0.006555
vt 0.322614 0.028233
vt 0.322622 0.381232
vt 0.977316 0.381224
vt 0.618947 0.334028
vt 0.292698 0.334010
vt 0.618954 0.721741
vt 0.292830 0.314334
vt 0.292689 0.721741
vt 0.618981 0.314334
vt 0.690122 0.721741
vt 0.690122 0.334032
vt 0.700096 0.314334
vt 0.366147 0.449165
vt 0.375579 0.449165
vt 0.364025 0.473531
vt 0.375906 0.443073
vt 0.374273 0.473531
vt 0.366677 0.443073
vt 0.619283 0.378443
vt 0.619283 0.017819
vt 0.647966 0.735490
vt 0.647966 0.374866
vt 0.346187 0.449165
vt 0.361939 0.448784
vt 0.341938 0.473531
vt 0.342224 0.449165
vt 0.359413 0.473531
vt 0.341938 0.473531
vt 0.364732 0.449165
vt 0.365293 0.443073
vt 0.362487 0.473531
vt 0.361921 0.448974
vt 0.341938 0.449165
vt 0.341938 0.449095
vt 0.341938 0.449165
vt 0.341938 0.473531
vt 0.341938 0.449165
vt 0.341938 0.449165
vt 0.361902 0.449165
vt 0.366412 0.446119
vt 0.365012 0.446119
vt 0.375742 0.446119
vt 0.155752 0.127114
vt 0.155752 0.125499
vt 0.157075 0.128001
vt 0.155752 0.153321
vt 0.157075 0.126386
vt 0.128810 0.125499
vt 0.157075 0.154208
vt 0.128810 0.127114
vt 0.155752 0.179529
vt 0.101869 0.125499
vt 0.157075 0.180415
vt 0.101869 0.127114
vt 0.157075 0.182029
vt 0.100545 0.128001
vt 0.155752 0.181143
vt 0.100545 0.126386
vt 0.101869 0.153321
vt 0.157075 0.182029
vt 0.128810 0.179529
vt 0.100545 0.154208
vt 0.155752 0.181142
vt 0.128810 0.181143
vt 0.101869 0.179529
vt 0.157075 0.180415
vt 0.100545 0.180415
vt 0.101869 0.181143
vt 0.155752 0.179528
vt 0.100545 0.182029
vt 0.128810 0.181142
vt 0.157075 0.176579
vt 0.100545 0.182029
vt 0.155752 0.175693
vt 0.101869 0.181142
vt 0.157075 0.174965
vt 0.128810 0.179528
vt 0.100545 0.180415
vt 0.155752 0.174078
vt 0.101869 0.179528
vt 0.128810 0.175693
vt 0.100545 0.176579
vt 0.128810 0.174078
vt 0.101869 0.175693
vt 0.100545 0.174965
vt 0.101869 0.174078
vt 0.170578 0.101492
vt 0.170578 0.101492
vt 0.172450 0.102275
vt 0.170578 0.102176
vt 0.172450 0.102275
vt 0.172450 0.103701
vt 0.170578 0.129874
vt 0.172450 0.131641
vt 0.170578 0.154495
vt 0.172450 0.155999
vt 0.170578 0.178648
vt 0.172450 0.179431
vt 0.170578 0.180073
vt 0.132489 0.178648
vt 0.172450 0.181414
vt 0.132489 0.180073
vt 0.094399 0.178648
vt 0.094399 0.180073
vt 0.092528 0.179431
vt 0.170578 0.178648
vt 0.092528 0.181414
vt 0.092528 0.155999
vt 0.172450 0.173081
vt 0.094399 0.154495
vt 0.170578 0.172470
vt 0.132489 0.178648
vt 0.092528 0.131641
vt 0.094399 0.129874
vt 0.132489 0.172470
vt 0.094399 0.178648
vt 0.092528 0.103701
vt 0.092528 0.173081
vt 0.094399 0.172470
vt 0.094399 0.102176
vt 0.092528 0.102275
vt 0.094399 0.101492
vt 0.094399 0.101492
vt 0.092528 0.102275
vt 0.494730 0.946811
vt 0.482824 1.000000
vt 0.494730 0.527454
vt 0.482824 0.500000
vt 0.275521 0.568109
vt 0.275521 0.739086
vt 0.258961 0.568109
vt 0.258961 0.042832
vt 0.258961 0.739086
vt 0.275521 0.042832
vt 0.311635 0.568109
vt 0.275521 0.016216
vt 0.311635 0.042832
vt 0.251126 0.016216
vt 0.311635 0.016216
vt 0.575204 0.444114
vt 0.575204 0.004813
vt 0.993931 0.444114
vt 0.993931 0.004813
vt 0.949601 0.568109
vt 0.966162 0.568109
vt 0.949601 0.739086
vt 0.966162 0.024731
vt 0.966162 0.739086
vt 0.949601 0.024731
vt 0.949601 0.016216
vt 0.973996 0.016216
vt 0.569034 0.024731
vt 0.569034 0.016216
vt 0.704498 0.182463
vt 0.704498 0.612573
vt 0.310158 0.182463
vt 0.310158 0.612573
vt 0.971585 0.025201
vt 0.971585 0.324173
vt 0.447857 0.025201
vt 0.447857 0.324173
vt 0.288084 0.695791
vt 0.288084 0.539353
vt 0.610389 0.695791
vt 0.610389 0.539353
vt 0.263912 0.668779
vt 0.083768 0.668779
vt 0.263912 0.992819
vt 0.083768 0.992819
vt 0.318944 0.388579
vt 0.318944 0.541152
vt 0.632827 0.388579
vt 0.632827 0.541152
vt 0.037807 0.509670
vt 0.055160 0.500224
vt 0.061217 0.673371
vt 0.061217 0.991833
vt 0.252007 0.673371
vt 0.252007 0.991833
vt 0.919204 0.723500
vt 0.964622 0.601709
vt 0.567523 0.723500
vt 0.567523 0.601709
vt 0.385525 0.347425
vt 0.460111 0.182571
vt 0.719793 0.347425
vt 0.385525 0.182571
vt 0.719793 0.182571
vt 0.978672 0.010002
vt 0.978672 0.449269
vt 0.498967 0.010002
vt 0.498967 0.449269
vt 0.337834 0.398034
vt 0.337834 0.018933
vt 0.693695 0.398034
vt 0.693695 0.018933
vt 0.810194 0.392020
vt 0.810194 0.182877
vt 0.353079 0.392020
vt 0.353079 0.182877
vt 0.894397 0.689343
vt 0.894397 0.543163
vt 0.593227 0.689343
vt 0.593227 0.543163
vt 0.247811 0.992819
vt 0.067667 0.992819
vt 0.247811 0.668897
vt 0.067667 0.668897
vt 0.577140 0.361297
vt 0.577140 0.553129
vt 0.971789 0.361297
vt 0.971789 0.553129
vt 0.060950 0.671925
vt 0.060950 0.992849
vt 0.251905 0.671925
vt 0.251905 0.992849
vt 0.396355 0.173715
vt 0.691887 0.173715
vt 0.354891 0.344693
vt 0.741863 0.344693
vt 0.270275 0.821921
vt 0.069807 0.821921
vt 0.270275 0.520730
vt 0.069807 0.520730
vt 0.268191 0.992819
vt 0.088047 0.992819
vt 0.268191 0.671251
vt 0.088047 0.671251
vt 0.271960 0.551418
vt 0.089604 0.551418
vt 0.271959 0.823552
vt 0.089604 0.823552
vt 0.277681 0.670984
vt 0.089807 0.670984
vt 0.277681 0.991810
vt 0.089807 0.991810
vt 0.270323 0.810293
vt 0.062648 0.810293
vt 0.270323 0.512949
vt 0.062648 0.512949
vt 0.261808 0.820719
vt 0.071676 0.820719
vt 0.261808 0.552814
vt 0.071676 0.552814
vt 0.007287 0.651053
vt 0.010299 0.651053
vt 0.007287 0.657078
vt 0.010299 0.657078
vt 0.007287 0.663103
vt 0.013312 0.651053
vt 0.010299 0.663103
vt 0.013312 0.657078
vt 0.007287 0.669128
vt 0.016324 0.651053
vt 0.013312 0.663103
vt 0.010299 0.669128
vt 0.016324 0.657078
vt 0.007287 0.675153
vt 0.019337 0.651053
vt 0.016324 0.663103
vt 0.013312 0.669128
vt 0.010299 0.675153
vt 0.019337 0.657078
vt 0.008793 0.679672
vt 0.016324 0.669128
vt 0.022350 0.651053
vt 0.013312 0.675153
vt 0.019337 0.663103
vt 0.022350 0.657078
vt 0.011806 0.679672
vt 0.019337 0.669128
vt 0.025362 0.651053
vt 0.016324 0.675153
vt 0.022350 0.663103
vt 0.025362 0.657078
vt 0.014818 0.679672
vt 0.022350 0.669128
vt 0.028375 0.651053
vt 0.019337 0.675153
vt 0.025362 0.663103
vt 0.028375 0.657078
vt 0.017831 0.679672
vt 0.025362 0.669128
vt 0.031387 0.651053
vt 0.022350 0.675153
vt 0.028375 0.663103
vt 0.031387 0.657078
vt 0.020843 0.679672
vt 0.028375 0.669128
vt 0.034400 0.651053
vt 0.025362 0.675153
vt 0.031387 0.663103
vt 0.034400 0.657078
vt 0.023856 0.679672
vt 0.031387 0.669128
vt 0.037412 0.651053
vt 0.028375 0.675153
vt 0.034400 0.663103
vt 0.037412 0.657078
vt 0.026868 0.679672
vt 0.034400 0.669128
vt 0.040425 0.651053
vt 0.031387 0.675153
vt 0.037412 0.663103
vt 0.040425 0.657078
vt 0.029881 0.679672
vt 0.037412 0.669128
vt 0.034400 0.675153
vt 0.040425 0.663103
vt 0.032894 0.679672
vt 0.040425 0.669128
vt 0.037412 0.675153
vt 0.035906 0.679672
vt 0.040425 0.675153
vt 0.038919 0.679672
vt 0.156147 0.129204
vt 0.163814 0.136871
vt 0.155242 0.130772
vt 0.145673 0.126398
vt 0.162246 0.137776
vt 0.145673 0.128208
vt 0.166620 0.147345
vt 0.136105 0.130772
vt 0.154954 0.131270
vt 0.164810 0.147345
vt 0.135200 0.129204
vt 0.145673 0.128783
vt 0.163814 0.157818
vt 0.129100 0.137776
vt 0.136392 0.131270
vt 0.161749 0.138064
vt 0.127533 0.136871
vt 0.162246 0.156913
vt 0.126537 0.147345
vt 0.129598 0.138064
vt 0.164235 0.147345
vt 0.124727 0.147345
vt 0.127111 0.147345
vt 0.156147 0.165485
vt 0.129100 0.156913
vt 0.161749 0.156626
vt 0.155242 0.163918
vt 0.127533 0.157818
vt 0.129598 0.156626
vt 0.136105 0.163918
vt 0.145673 0.168291
vt 0.154954 0.163420
vt 0.135200 0.165485
vt 0.136392 0.163420
vt 0.145673 0.166482
vt 0.145673 0.165907
vt 0.953715 1.778116
vt 0.946984 1.771385
vt 0.957614 1.775866
vt 0.960681 1.787311
vt 0.949235 1.767487
vt 0.956179 1.787311
vt 0.961977 1.787311
vt 0.937790 1.764420
vt 0.957614 1.798757
vt 0.958737 1.775218
vt 0.937790 1.768922
vt 0.953715 1.796506
vt 0.958948 1.775096
vt 0.928595 1.771385
vt 0.949235 1.807136
vt 0.950005 1.766153
vt 0.962221 1.787311
vt 0.926344 1.767487
vt 0.958737 1.799405
vt 0.961047 1.773884
vt 0.921864 1.778116
vt 0.946984 1.803237
vt 0.964645 1.787311
vt 0.951217 1.764054
vt 0.937790 1.810203
vt 0.958948 1.799527
vt 0.937790 1.805701
vt 0.949883 1.808259
vt 0.961047 1.800739
vt 0.926344 1.807136
vt 0.950005 1.808469
vt 0.937790 1.811499
vt 0.951217 1.810569
vt 0.928595 1.803237
vt 0.937790 1.811743
vt 0.917965 1.798757
vt 0.925696 1.808259
vt 0.937790 1.814167
vt 0.921864 1.796506
vt 0.925574 1.808469
vt 0.914898 1.787311
vt 0.916843 1.799405
vt 0.924362 1.810569
vt 0.919400 1.787311
vt 0.916632 1.799527
vt 0.917965 1.775866
vt 0.913602 1.787311
vt 0.914532 1.800739
vt 0.913359 1.787311
vt 0.916843 1.775218
vt 0.910934 1.787311
vt 0.925696 1.766364
vt 0.916632 1.775096
vt 0.914532 1.773884
vt 0.925574 1.766153
vt 0.937790 1.763124
vt 0.924362 1.764054
vt 0.937790 1.762880
vt 0.949884 1.766364
vt 0.937790 1.760456
vt 0.749796 0.965737
vt 0.910997 0.965737
vt 0.830397 0.987334
vt 0.750571 0.964396
vt 0.830397 0.985786
vt 0.690793 0.906733
vt 0.910223 0.964396
vt 0.970001 0.906733
vt 0.692134 0.905959
vt 0.968660 0.905959
vt 0.669196 0.826133
vt 0.991598 0.826133
vt 0.670744 0.826133
vt 0.990050 0.826133
vt 0.690793 0.907661
vt 0.970001 0.907661
vt 0.692134 0.906887
vt 0.968660 0.906887
vt 0.749796 0.966664
vt 0.910223 0.965324
vt 0.910997 0.966664
vt 0.750571 0.965324
vt 0.830397 0.986713
vt 0.830397 0.988261
vt 0.119709 0.142960
vt 0.121675 0.142955
vt 0.127572 0.142942
vt 0.129876 0.142872
vt 0.137350 0.142763
vt 0.132764 0.142471
vt 0.149374 0.142318
vt 0.142548 0.142303
vt 0.140177 0.142298
vt 0.127572 0.142303
vt 0.129943 0.142298
vt 0.120745 0.142318
vt 0.150411 0.142960
vt 0.148445 0.142955
vt 0.142548 0.142942
vt 0.140244 0.142872
vt 0.132770 0.142763
vt 0.137355 0.142471
vt 0.004848 0.463952
vt 0.017518 0.463952
vt 0.273139 0.463952
vt 0.260468 0.463952
s 1
g polySurface261_GUI_Map_BarberShop:GUI_Map_BarberShop1_GUI_Map_BarberShop:GUI_Map_BarberShop1
usemtl GUI_Map_BarberShop:GUI_Map_BarberShop1
f 1/1/1 2/2/2 3/3/3
f 3/3/3 2/2/2 4/4/4
f 4/4/4 5/5/5 3/3/3
f 3/3/3 5/5/5 6/6/5
f 7/7/5 3/3/3 6/6/5
f 6/6/5 8/8/5 7/7/5
f 7/7/5 8/8/5 9/9/5
f 10/10/3 1/1/1 3/3/3
f 4/4/4 11/11/6 5/5/5
f 10/10/3 3/3/3 7/7/5
f 8/8/5 6/6/5 12/12/5
f 13/13/7 11/11/6 4/4/4
f 12/12/5 6/6/5 5/5/5
f 2/2/2 13/13/7 4/4/4
f 10/10/3 7/7/5 14/14/8
f 5/5/5 11/11/6 12/12/5
f 14/14/8 7/7/5 9/9/5
f 13/13/7 15/15/9 11/11/6
f 16/16/10 10/10/3 14/14/8
f 17/17/5 8/8/5 12/12/5
f 18/18/11 13/13/7 2/2/2
f 19/19/12 16/16/10 14/14/8
f 14/14/8 9/9/5 19/19/12
f 20/20/5 8/8/5 17/17/5
f 15/15/9 13/13/7 21/21/13
f 21/21/13 13/13/7 18/18/11
f 19/19/12 9/9/5 22/22/5
f 9/9/5 8/8/5 22/22/5
f 22/22/5 8/8/5 20/20/5
f 11/11/6 15/15/9 23/23/5
f 12/12/5 23/23/5 17/17/5
f 24/24/14 16/16/10 19/19/12
f 22/22/5 20/20/5 25/25/5
f 12/12/5 11/11/6 23/23/5
f 19/19/12 26/26/15 24/24/14
f 22/22/5 25/25/5 19/19/12
f 25/25/5 20/20/5 27/27/5
f 20/20/5 17/17/5 27/27/5
f 23/23/5 15/15/9 28/28/5
f 19/19/12 25/25/5 26/26/15
f 24/24/14 26/26/15 29/29/16
f 17/17/5 23/23/5 28/28/5
f 28/28/5 15/15/9 30/30/17
f 27/27/5 31/31/18 25/25/5
f 25/25/5 31/31/18 26/26/15
f 27/27/5 17/17/5 32/32/19
f 28/28/5 30/30/17 33/33/5
f 15/15/9 21/21/13 30/30/17
f 31/31/18 34/34/18 26/26/15
f 17/17/5 33/33/5 32/32/19
f 28/28/5 33/33/5 17/17/5
f 26/26/15 34/34/18 29/29/16
f 30/30/17 21/21/13 35/35/17
f 32/32/19 33/33/5 36/36/20
f 31/31/18 27/27/5 36/36/20
f 36/36/20 34/34/18 31/31/18
f 33/33/5 30/30/17 37/37/21
f 30/30/17 35/35/17 37/37/21
f 36/36/20 27/27/5 32/32/19
f 38/38/22 34/34/18 36/36/20
f 36/36/20 33/33/5 37/37/21
f 37/37/21 38/38/22 36/36/20
f 37/37/21 35/35/17 39/39/23
f 39/39/23 38/38/22 37/37/21
f 40/40/24 10/10/3 16/16/10
f 40/40/24 1/1/1 10/10/3
f 41/41/25 42/42/26 43/43/26
f 44/44/27 41/41/25 43/43/26
f 43/43/26 42/42/26 45/45/26
f 46/46/28 41/41/25 44/44/27
f 47/47/26 44/44/27 43/43/26
f 41/41/25 48/48/29 42/42/26
f 45/45/26 49/49/26 43/43/26
f 46/46/28 50/50/28 41/41/25
f 43/43/26 49/49/26 47/47/26
f 41/41/25 50/50/28 48/48/29
f 42/42/26 48/48/29 51/51/26
f 46/46/28 44/44/27 52/52/28
f 53/53/30 44/44/27 47/47/26
f 46/46/28 54/54/28 50/50/28
f 47/47/26 49/49/26 55/55/31
f 52/52/28 54/54/28 46/46/28
f 47/47/26 55/55/31 53/53/30
f 53/53/30 56/56/32 44/44/27
f 55/55/31 49/49/26 57/57/31
f 52/52/28 44/44/27 56/56/32
f 53/53/30 55/55/31 58/58/28
f 57/57/31 59/59/33 55/55/31
f 60/60/34 56/56/32 53/53/30
f 58/58/28 60/60/34 53/53/30
f 61/61/35 59/59/33 57/57/31
f 59/59/33 62/62/28 55/55/31
f 55/55/31 62/62/28 58/58/28
f 63/63/28 60/60/34 58/58/28
f 62/62/28 64/64/28 58/58/28
f 58/58/28 64/64/28 63/63/28
f 65/65/29 66/66/36 67/67/29
f 67/67/29 68/68/26 65/65/29
f 67/67/29 66/66/36 69/69/28
f 70/70/26 68/68/26 67/67/29
f 66/66/36 71/71/28 69/69/28
f 72/59/37 70/70/26 67/67/29
f 73/72/28 71/71/28 66/66/36
f 69/69/28 74/62/38 67/67/29
f 67/67/29 74/62/38 72/59/37
f 75/61/39 70/70/26 72/59/37
f 71/71/28 76/64/38 69/69/28
f 69/69/28 76/64/38 74/62/38
f 77/73/9 78/52/9 79/74/9
f 77/73/9 80/54/9 78/52/9
f 79/74/9 78/52/9 81/56/9
f 82/75/9 80/54/9 77/73/9
f 83/76/40 84/77/40 85/73/40
f 85/73/40 84/77/40 86/75/40
f 87/78/41 88/68/41 89/79/41
f 89/79/41 88/68/41 90/70/41
f 90/70/41 91/80/41 89/79/41
f 92/61/41 91/80/41 90/70/41
f 93/81/41 92/61/41 94/82/41
f 94/82/41 92/61/41 95/57/41
f 96/83/42 97/84/42 98/45/43
f 98/45/43 97/84/42 99/49/42
f 100/85/44 101/83/44 102/86/45
f 102/86/45 101/83/44 103/45/45
f 104/57/46 105/49/47 106/82/46
f 106/82/46 105/49/47 107/87/48
f 108/88/49 109/89/50 110/72/49
f 110/72/49 109/89/50 111/71/49
f 112/63/51 113/90/52 114/60/52
f 114/60/52 113/90/52 115/91/51
f 116/92/53 117/90/53 118/64/54
f 118/64/54 117/90/53 119/63/53
f 120/93/55 121/56/55 122/91/55
f 122/91/55 121/56/55 123/60/55
f 124/89/56 125/92/56 126/71/56
f 126/71/56 125/92/56 127/64/56
f 128/94/26 129/94/26 130/95/26
f 130/95/26 131/96/57 128/94/26
f 130/95/26 129/94/26 132/95/26
f 128/94/26 131/96/57 133/97/57
f 130/95/26 132/95/26 134/98/26
f 128/94/26 135/99/28 129/94/26
f 133/97/57 135/99/28 128/94/26
f 131/96/57 136/100/57 133/97/57
f 134/98/26 137/101/58 130/95/26
f 129/94/26 135/99/28 138/99/59
f 130/95/26 137/101/58 131/96/57
f 133/97/57 136/100/57 135/99/28
f 139/102/60 137/101/58 134/98/26
f 138/99/59 140/97/61 129/94/26
f 140/97/61 132/95/26 129/94/26
f 141/103/57 136/100/57 131/96/57
f 137/101/58 141/103/57 131/96/57
f 134/98/26 142/98/26 139/102/60
f 134/98/26 132/95/26 142/98/26
f 143/96/62 132/95/26 140/97/61
f 139/102/60 144/104/57 137/101/58
f 144/104/57 141/103/57 137/101/58
f 135/99/28 136/100/57 145/105/36
f 143/96/62 142/98/26 132/95/26
f 145/105/36 138/99/59 135/99/28
f 146/106/63 136/100/57 141/103/57
f 140/97/61 147/103/64 143/96/62
f 148/105/28 138/99/59 145/105/36
f 149/107/65 136/100/57 146/106/63
f 138/99/59 148/105/28 140/97/61
f 150/100/61 147/103/64 140/97/61
f 145/105/36 136/100/57 151/108/66
f 151/108/66 136/100/57 149/107/65
f 146/106/63 141/103/57 152/109/67
f 140/97/61 148/105/28 150/100/61
f 151/108/66 148/105/28 145/105/36
f 153/107/68 147/103/64 150/100/61
f 152/109/67 141/103/57 144/104/57
f 154/108/69 148/105/28 151/108/66
f 150/100/61 154/108/69 153/107/68
f 155/106/70 147/103/64 153/107/68
f 144/104/57 156/110/71 152/109/67
f 148/105/28 154/108/69 150/100/61
f 155/106/70 157/104/72 147/103/64
f 158/111/41 156/110/71 144/104/57
f 159/109/73 157/104/72 155/106/70
f 160/101/74 147/103/64 157/104/72
f 158/111/41 144/104/57 139/102/60
f 158/111/41 161/111/41 156/110/71
f 162/110/75 157/104/72 159/109/73
f 157/104/72 161/111/41 160/101/74
f 143/96/62 147/103/64 160/101/74
f 161/111/41 158/111/41 163/102/41
f 156/110/71 161/111/41 162/110/75
f 161/111/41 157/104/72 162/110/75
f 163/102/41 158/111/41 139/102/60
f 160/101/74 142/98/26 143/96/62
f 160/101/74 161/111/41 163/102/41
f 139/102/60 142/98/26 163/102/41
f 160/101/74 163/102/41 142/98/26
f 164/112/76 165/113/41 166/114/77
f 166/114/77 165/113/41 167/115/41
f 165/113/41 168/116/78 167/115/41
f 167/115/41 168/116/78 169/117/41
f 169/117/41 168/116/78 170/118/79
f 170/118/79 168/116/78 171/119/79
f 172/120/29 173/121/80 174/122/41
f 172/120/29 175/123/81 173/121/80
f 174/122/41 173/121/80 176/124/82
f 177/125/26 175/123/81 172/120/29
f 178/126/83 172/120/29 174/122/41
f 177/125/26 179/127/59 175/123/81
f 180/128/26 172/120/29 178/126/83
f 180/128/26 177/125/26 172/120/29
f 175/123/81 179/127/59 181/129/84
f 182/130/85 180/128/26 178/126/83
f 183/131/86 177/125/26 180/128/26
f 177/125/26 184/132/59 179/127/59
f 183/131/86 184/132/59 177/125/26
f 185/133/87 180/128/26 182/130/85
f 185/133/87 183/131/86 180/128/26
f 183/131/86 186/134/88 184/132/59
f 187/135/89 183/131/86 185/133/87
f 187/135/89 186/134/88 183/131/86
f 188/136/90 189/137/91 190/138/28
f 190/138/28 189/137/91 191/139/28
f 190/138/28 191/139/28 192/140/92
f 192/140/92 191/139/28 193/141/92
f 194/142/88 192/140/92 193/141/92
f 195/143/88 192/140/92 194/142/88
f 196/144/93 197/145/90 198/146/9
f 199/147/17 196/144/93 198/146/9
f 198/146/9 197/145/90 200/148/92
f 201/149/94 196/144/93 199/147/17
f 198/146/9 200/148/92 202/150/9
f 201/149/94 199/147/17 203/151/76
f 199/147/17 198/146/9 204/152/9
f 204/152/9 198/146/9 202/150/9
f 202/150/9 200/148/92 205/153/28
f 203/151/76 199/147/17 206/154/41
f 199/147/17 204/152/9 206/154/41
f 205/153/28 207/155/95 202/150/9
f 204/152/9 202/150/9 208/156/96
f 206/154/41 204/152/9 209/157/60
f 202/150/9 207/155/95 210/158/97
f 208/156/96 202/150/9 210/158/97
f 209/157/60 204/152/9 211/159/79
f 211/159/79 204/152/9 208/156/96
f 212/160/98 213/161/99 214/162/5
f 214/162/5 215/163/59 212/160/98
f 214/162/5 213/161/99 216/164/5
f 212/160/98 215/163/59 217/165/100
f 216/164/5 218/166/5 214/162/5
f 216/164/5 213/161/99 219/167/41
f 215/163/59 214/162/5 220/168/28
f 218/166/5 216/164/5 221/169/41
f 221/169/41 216/164/5 219/167/41
f 219/167/41 213/161/99 222/170/101
f 214/162/5 218/166/5 223/171/5
f 220/168/28 214/162/5 223/171/5
f 218/166/5 224/172/26 223/171/5
f 223/171/5 224/172/26 225/173/86
f 226/174/102 227/175/103 228/176/60
f 228/176/60 227/175/103 229/177/60
f 228/176/60 229/177/60 230/178/60
f 230/178/60 229/177/60 231/179/60
f 230/178/60 231/179/60 232/180/26
f 232/180/26 231/179/60 233/181/26
f 234/182/26 235/183/26 236/184/26
f 234/182/26 237/185/29 235/183/26
f 236/184/26 235/183/26 238/186/26
f 239/187/104 237/185/29 234/182/26
f 238/186/26 240/188/26 236/184/26
f 237/185/29 241/189/105 235/183/26
f 242/190/5 239/187/104 234/182/26
f 240/188/26 238/186/26 243/191/106
f 236/184/26 240/188/26 244/192/26
f 235/183/26 241/189/105 245/193/107
f 246/194/41 239/187/104 242/190/5
f 235/183/26 245/193/107 238/186/26
f 244/192/26 247/195/5 236/184/26
f 243/191/106 238/186/26 248/196/108
f 249/197/26 240/188/26 250/198/26
f 238/186/26 245/193/107 248/196/108
f 251/199/28 247/195/5 244/192/26
f 250/198/26 240/188/26 252/200/26
f 253/201/107 254/202/109 255/203/110
f 253/201/107 255/203/110 256/204/105
f 255/203/110 254/202/109 257/205/111
f 253/201/107 258/206/26 254/202/109
f 259/207/26 258/206/26 253/201/107
f 256/204/105 255/203/110 260/208/105
f 261/208/112 262/209/110 260/208/110
f 263/209/113 262/209/110 261/208/112
f 264/210/114 263/209/113 261/208/112
f 265/211/115 263/209/113 264/210/114
f 266/212/106 267/213/114 268/179/116
f 269/181/29 266/212/106 268/179/116
f 268/179/116 267/213/114 270/214/116
f 271/215/29 266/212/106 269/181/29
f 272/216/117 273/217/28 274/218/118
f 274/218/118 273/217/28 275/219/28
f 273/217/28 276/220/28 275/219/28
f 275/219/28 276/220/28 277/202/119
f 276/220/28 278/221/29 277/202/119
f 277/202/119 278/221/29 279/206/120
f 280/222/26 281/200/26 237/185/26
f 237/185/26 281/200/26 282/198/26
f 283/223/26 284/224/29 285/225/29
f 283/223/26 286/226/105 284/224/29
f 283/223/26 285/225/29 286/226/105
f 285/225/29 284/224/29 287/227/26
f 284/224/29 286/226/105 288/228/105
f 287/227/26 289/229/113 285/225/29
f 286/226/105 285/225/29 289/229/113
f 290/230/111 284/224/29 288/228/105
f 291/231/106 289/229/113 287/227/26
f 292/232/121 284/224/29 290/230/111
f 291/231/106 287/227/26 293/233/116
f 294/234/26 284/224/29 292/232/121
f 293/233/116 287/227/26 294/234/26
f 287/227/26 284/224/29 294/234/26
f 295/235/78 296/236/60 297/237/41
f 298/238/78 295/235/78 297/237/41
f 299/239/41 297/237/41 296/236/60
f 298/238/78 297/237/41 300/240/5
f 301/241/41 295/235/78 298/238/78
f 302/242/60 297/237/41 299/239/41
f 296/236/60 303/243/26 299/239/41
f 298/238/78 300/240/5 304/238/41
f 295/235/78 305/244/41 296/236/60
f 300/240/5 297/237/41 306/245/9
f 296/236/60 305/244/41 303/243/26
f 302/242/60 306/245/9 297/237/41
f 304/238/41 300/240/5 307/240/5
f 308/244/41 305/244/41 295/235/78
f 309/246/17 306/245/9 302/242/60
f 310/241/41 298/238/78 304/238/41
f 301/241/41 298/238/78 310/241/41
f 308/244/41 311/247/122 305/244/41
f 300/240/5 306/245/9 312/248/123
f 300/240/5 312/248/123 307/240/5
f 295/235/78 301/241/41 313/249/9
f 314/247/122 311/247/122 308/244/41
f 312/248/123 306/245/9 315/250/17
f 308/244/41 295/235/78 316/251/9
f 316/251/9 295/235/78 313/249/9
f 314/247/122 308/244/41 317/252/124
f 307/240/5 312/248/123 318/248/5
f 317/252/124 308/244/41 316/251/9
f 315/250/17 319/253/28 312/248/123
f 313/249/9 320/254/9 316/251/9
f 312/248/123 321/255/28 318/248/5
f 320/254/9 317/252/124 316/251/9
f 315/250/17 322/256/59 319/253/28
f 323/255/59 321/255/28 312/248/123
f 324/257/125 317/252/124 320/254/9
f 325/258/126 322/256/59 315/250/17
f 312/248/123 319/253/28 323/255/59
f 320/254/9 326/259/28 324/257/125
f 325/258/126 327/260/92 322/256/59
f 325/258/126 315/250/17 309/246/17
f 323/255/59 328/261/28 321/255/28
f 324/257/125 326/259/28 329/262/127
f 330/263/9 327/260/92 325/258/126
f 331/261/59 328/261/28 323/255/59
f 332/261/28 321/255/28 328/261/28
f 329/262/127 326/259/28 333/262/128
f 325/258/126 334/264/17 330/263/9
f 309/246/17 334/264/17 325/258/126
f 321/255/28 332/261/28 335/255/59
f 333/262/128 326/259/28 336/259/28
f 337/265/17 334/264/17 309/246/17
f 321/255/28 335/255/59 318/248/5
f 333/262/128 336/259/28 338/257/129
f 309/246/17 339/266/130 337/265/17
f 330/263/9 334/264/17 340/267/126
f 318/248/5 335/255/59 341/248/5
f 302/242/60 339/266/130 309/246/17
f 340/267/126 342/268/5 330/263/9
f 343/240/5 318/248/5 341/248/5
f 302/242/60 344/269/131 339/266/130
f 340/267/126 345/270/41 342/268/5
f 307/240/5 318/248/5 343/240/5
f 299/239/41 344/269/131 302/242/60
f 345/270/41 340/267/126 346/271/60
f 346/271/60 340/267/126 334/264/17
f 347/238/41 307/240/5 343/240/5
f 339/266/130 344/269/131 348/272/131
f 349/273/41 345/270/41 346/271/60
f 304/238/41 307/240/5 347/238/41
f 350/274/9 339/266/130 348/272/131
f 351/270/41 345/270/41 349/273/41
f 304/238/41 347/238/41 352/275/41
f 337/265/17 339/266/130 350/274/9
f 351/270/41 353/268/5 345/270/41
f 310/241/41 304/238/41 352/275/41
f 354/276/9 337/265/17 350/274/9
f 353/268/5 351/270/41 355/267/26
f 349/273/41 355/267/26 351/270/41
f 356/277/41 310/241/41 352/275/41
f 357/278/9 337/265/17 354/276/9
f 358/279/26 355/267/26 349/273/41
f 352/275/41 359/280/132 356/277/41
f 357/278/9 354/276/9 360/281/133
f 358/279/26 361/263/26 355/267/26
f 352/275/41 362/275/41 359/280/132
f 360/281/133 334/264/17 357/278/9
f 357/278/9 334/264/17 337/265/17
f 363/282/5 355/267/26 361/263/26
f 359/280/132 362/275/41 364/280/132
f 360/281/133 354/276/9 365/283/123
f 353/268/5 355/267/26 363/282/5
f 366/284/132 359/280/132 364/280/132
f 367/285/134 360/281/133 365/283/123
f 363/282/5 368/282/5 353/268/5
f 369/284/135 359/280/132 366/284/132
f 370/286/134 360/281/133 367/285/134
f 363/282/5 371/260/28 368/282/5
f 371/260/28 363/282/5 361/263/26
f 372/287/9 359/280/132 369/284/135
f 349/273/41 360/281/133 370/286/134
f 368/282/5 371/260/28 327/260/92
f 373/288/9 359/280/132 372/287/9
f 346/271/60 360/281/133 349/273/41
f 353/268/5 368/282/5 342/268/5
f 373/288/9 372/287/9 374/289/9
f 346/271/60 334/264/17 360/281/133
f 345/270/41 353/268/5 342/268/5
f 375/290/41 373/288/9 374/289/9
f 374/289/9 372/287/9 376/291/126
f 330/263/9 342/268/5 368/282/5
f 327/260/92 330/263/9 368/282/5
f 356/277/41 373/288/9 375/290/41
f 372/287/9 377/292/59 376/291/126
f 376/291/126 378/293/136 374/289/9
f 322/256/59 327/260/92 379/294/92
f 375/290/41 380/235/41 356/277/41
f 377/292/59 381/295/59 376/291/126
f 376/291/126 381/295/59 378/293/136
f 379/294/92 327/260/92 371/260/28
f 382/296/137 380/235/41 375/290/41
f 383/297/59 377/292/59 372/287/9
f 361/263/26 379/294/92 371/260/28
f 375/290/41 384/298/41 382/296/137
f 372/287/9 369/284/135 383/297/59
f 385/299/121 379/294/92 361/263/26
f 374/289/9 384/298/41 375/290/41
f 382/296/137 384/298/41 386/300/83
f 383/297/59 369/284/135 332/261/28
f 385/299/121 361/263/26 358/279/26
f 382/296/137 387/301/29 380/235/41
f 328/261/28 383/297/59 332/261/28
f 385/299/121 388/302/28 379/294/92
f 386/300/83 389/303/132 382/296/137
f 382/296/137 389/303/132 387/301/29
f 390/297/28 383/297/59 328/261/28
f 391/304/86 388/302/28 385/299/121
f 386/300/83 392/300/41 389/303/132
f 393/284/132 390/297/28 328/261/28
f 394/305/26 391/304/86 385/299/121
f 386/300/83 384/298/41 392/300/41
f 331/261/59 393/284/132 328/261/28
f 303/243/26 391/304/86 394/305/26
f 358/279/26 394/305/26 385/299/121
f 392/300/41 384/298/41 395/298/41
f 396/284/135 393/284/132 331/261/59
f 397/306/26 394/305/26 358/279/26
f 392/300/41 395/298/41 398/307/41
f 393/284/132 396/284/135 399/308/132
f 358/279/26 370/286/134 397/306/26
f 392/300/41 398/307/41 400/309/83
f 401/249/29 393/284/132 399/308/132
f 349/273/41 370/286/134 358/279/26
f 400/309/83 402/310/26 392/300/41
f 403/287/26 393/284/132 401/249/29
f 399/308/132 396/284/135 404/308/138
f 400/309/83 398/307/41 405/311/41
f 387/301/29 403/287/26 401/249/29
f 301/241/41 399/308/132 404/308/138
f 405/311/41 406/312/41 400/309/83
f 407/313/26 403/287/26 387/301/29
f 313/249/9 301/241/41 404/308/138
f 405/311/41 408/314/9 406/312/41
f 409/315/28 403/287/26 407/313/26
f 404/308/138 410/287/17 313/249/9
f 396/284/135 410/287/17 404/308/138
f 411/316/9 408/314/9 405/311/41
f 390/297/28 403/287/26 409/315/28
f 410/287/17 396/284/135 412/297/59
f 411/316/9 413/317/9 408/314/9
f 403/287/26 390/297/28 393/284/132
f 410/287/17 320/254/9 313/249/9
f 411/316/9 414/318/132 413/317/9
f 408/314/9 413/317/9 415/254/9
f 377/292/59 390/297/28 409/315/28
f 410/287/17 326/259/28 320/254/9
f 412/297/59 326/259/28 410/287/17
f 415/254/9 413/317/9 416/319/28
f 383/297/59 390/297/28 377/292/59
f 326/259/28 412/297/59 336/259/28
f 408/314/9 415/254/9 417/320/139
f 416/319/28 413/317/9 418/321/59
f 409/315/28 419/322/36 377/292/59
f 408/314/9 417/320/139 406/312/41
f 418/321/59 420/321/28 416/319/28
f 407/313/26 419/322/36 409/315/28
f 377/292/59 419/322/36 381/295/59
f 406/312/41 417/320/139 421/323/140
f 416/319/28 420/321/28 422/319/28
f 423/324/138 419/322/36 407/313/26
f 421/323/140 424/244/60 406/312/41
f 416/319/28 422/319/28 425/325/141
f 423/324/138 426/324/132 419/322/36
f 427/326/142 424/244/60 421/323/140
f 428/327/143 416/319/28 425/325/141
f 426/324/132 423/324/138 429/303/132
f 427/326/142 430/328/144 424/244/60
f 417/320/139 415/254/9 428/327/143
f 415/254/9 416/319/28 428/327/143
f 429/303/132 423/324/138 389/303/132
f 424/244/60 430/328/144 431/251/29
f 419/322/36 426/324/132 432/322/36
f 402/310/26 426/324/132 429/303/132
f 423/324/138 407/313/26 389/303/132
f 431/251/29 433/317/26 402/310/26
f 419/322/36 432/322/36 381/295/59
f 433/317/26 426/324/132 402/310/26
f 389/303/132 407/313/26 387/301/29
f 434/254/26 433/317/26 431/251/29
f 430/328/144 434/254/26 431/251/29
f 433/317/26 420/321/28 426/324/132
f 426/324/132 420/321/28 432/322/36
f 389/303/132 392/300/41 429/303/132
f 392/300/41 402/310/26 429/303/132
f 400/309/83 431/251/29 402/310/26
f 420/321/28 433/317/26 422/319/28
f 422/319/28 433/317/26 434/254/26
f 381/295/59 432/322/36 435/295/28
f 424/244/60 431/251/29 400/309/83
f 434/254/26 436/327/145 422/319/28
f 381/295/59 435/295/28 378/293/136
f 400/309/83 406/312/41 424/244/60
f 436/327/145 434/254/26 430/328/144
f 422/319/28 436/327/145 437/325/146
f 378/293/136 435/295/28 438/293/5
f 432/322/36 439/322/28 435/295/28
f 425/325/141 422/319/28 437/325/146
f 440/329/136 378/293/136 438/293/5
f 432/322/36 418/321/59 439/322/28
f 435/295/28 441/295/28 438/293/5
f 435/295/28 439/322/28 441/295/28
f 442/329/5 378/293/136 440/329/136
f 420/321/28 418/321/59 432/322/36
f 438/293/5 441/295/28 443/293/5
f 395/298/41 442/329/5 440/329/136
f 374/289/9 378/293/136 442/329/5
f 418/321/59 444/324/138 439/322/28
f 445/329/147 438/293/5 443/293/5
f 440/329/136 438/293/5 445/329/147
f 442/329/5 384/298/41 374/289/9
f 384/298/41 442/329/5 395/298/41
f 439/322/28 444/324/138 446/322/28
f 441/295/28 439/322/28 446/322/28
f 447/298/60 440/329/136 445/329/147
f 441/295/28 448/330/9 443/293/5
f 395/298/41 440/329/136 447/298/60
f 446/322/28 444/324/138 449/324/132
f 441/295/28 446/322/28 448/330/9
f 443/293/5 448/330/9 445/329/147
f 395/298/41 447/298/60 450/331/41
f 414/318/132 449/324/132 444/324/138
f 448/330/9 446/322/28 451/332/9
f 398/307/41 395/298/41 450/331/41
f 450/331/41 414/318/132 398/307/41
f 451/332/9 446/322/28 449/324/132
f 413/317/9 414/318/132 444/324/138
f 452/333/9 448/330/9 451/332/9
f 398/307/41 414/318/132 411/316/9
f 453/318/132 449/324/132 414/318/132
f 413/317/9 444/324/138 418/321/59
f 449/324/132 453/318/132 451/332/9
f 451/332/9 453/318/132 452/333/9
f 398/307/41 411/316/9 405/311/41
f 453/318/132 414/318/132 454/331/41
f 454/331/41 414/318/132 450/331/41
f 455/334/9 448/330/9 452/333/9
f 452/333/9 453/318/132 454/331/41
f 454/331/41 455/334/9 452/333/9
f 450/331/41 447/298/60 454/331/41
f 447/298/60 455/334/9 454/331/41
f 445/329/147 448/330/9 455/334/9
f 445/329/147 455/334/9 447/298/60
f 309/246/17 315/250/17 306/245/9
f 456/335/9 457/336/17 458/337/9
f 343/240/5 457/336/17 456/335/9
f 458/337/9 457/336/17 459/338/9
f 341/248/5 457/336/17 343/240/5
f 343/240/5 456/335/9 347/238/41
f 459/338/9 366/284/132 458/337/9
f 457/336/17 341/248/5 335/255/59
f 457/336/17 335/255/59 459/338/9
f 347/238/41 456/335/9 362/275/41
f 458/337/9 366/284/132 364/280/132
f 362/275/41 456/335/9 458/337/9
f 458/337/9 364/280/132 362/275/41
f 352/275/41 347/238/41 362/275/41
f 459/338/9 335/255/59 460/261/59
f 366/284/132 459/338/9 460/261/59
f 335/255/59 332/261/28 460/261/59
f 460/261/59 369/284/135 366/284/132
f 332/261/28 369/284/135 460/261/59
f 311/247/122 461/339/148 305/244/41
f 305/244/41 461/339/148 462/314/26
f 303/243/26 305/244/41 462/314/26
f 461/339/148 463/254/29 462/314/26
f 462/314/26 463/254/29 303/243/26
f 338/257/129 463/254/29 461/339/148
f 303/243/26 463/254/29 391/304/86
f 338/257/129 336/259/28 463/254/29
f 391/304/86 463/254/29 388/302/28
f 388/302/28 463/254/29 336/259/28
f 336/259/28 412/297/59 388/302/28
f 388/302/28 412/297/59 319/253/28
f 319/253/28 379/294/92 388/302/28
f 299/239/41 303/243/26 394/305/26
f 412/297/59 323/255/59 319/253/28
f 322/256/59 379/294/92 319/253/28
f 299/239/41 394/305/26 344/269/131
f 331/261/59 323/255/59 412/297/59
f 412/297/59 396/284/135 331/261/59
f 344/269/131 394/305/26 464/340/149
f 464/340/149 465/341/26 344/269/131
f 464/340/149 394/305/26 397/306/26
f 464/340/149 397/306/26 465/341/26
f 344/269/131 465/341/26 466/342/130
f 465/341/26 397/306/26 467/343/26
f 348/272/131 344/269/131 466/342/130
f 466/342/130 465/341/26 468/344/150
f 468/344/150 348/272/131 466/342/130
f 397/306/26 370/286/134 467/343/26
f 468/344/150 465/341/26 469/345/149
f 470/346/130 348/272/131 468/344/150
f 467/343/26 370/286/134 367/285/134
f 469/345/149 465/341/26 471/347/29
f 470/346/130 350/274/9 348/272/131
f 471/347/29 465/341/26 467/343/26
f 468/344/150 472/348/36 470/346/130
f 469/345/149 473/349/29 468/344/150
f 474/350/9 350/274/9 470/346/130
f 469/345/149 471/347/29 473/349/29
f 471/347/29 467/343/26 475/351/123
f 475/351/123 467/343/26 367/285/134
f 474/350/9 354/276/9 350/274/9
f 472/348/36 476/352/9 470/346/130
f 475/351/123 367/285/134 477/353/151
f 470/346/130 476/352/9 474/350/9
f 365/283/123 354/276/9 477/353/151
f 472/348/36 478/354/9 476/352/9
f 477/353/151 367/285/134 365/283/123
f 477/353/151 479/355/28 475/351/123
f 477/353/151 354/276/9 480/356/9
f 480/356/9 354/276/9 474/350/9
f 478/354/9 481/357/126 476/352/9
f 482/358/28 479/355/28 477/353/151
f 480/356/9 483/359/9 477/353/151
f 480/356/9 474/350/9 483/359/9
f 478/354/9 484/360/152 481/357/126
f 477/353/151 483/359/9 482/358/28
f 483/359/9 474/350/9 476/352/9
f 485/361/153 479/355/28 482/358/28
f 486/362/5 484/360/152 478/354/9
f 487/363/9 482/358/28 483/359/9
f 476/352/9 481/357/126 488/364/9
f 485/361/153 482/358/28 487/363/9
f 486/362/5 489/362/5 484/360/152
f 476/352/9 488/364/9 483/359/9
f 487/363/9 490/365/5 485/361/153
f 486/362/5 491/366/28 489/362/5
f 484/360/152 489/362/5 492/360/5
f 487/363/9 483/359/9 493/367/9
f 487/363/9 493/367/9 490/365/5
f 493/367/9 483/359/9 488/364/9
f 494/366/92 491/366/28 486/362/5
f 492/360/5 495/368/60 484/360/152
f 490/365/5 493/367/9 496/369/136
f 494/366/92 486/362/5 497/370/59
f 492/360/5 498/368/41 495/368/60
f 496/369/136 499/365/5 490/365/5
f 491/366/28 494/366/92 500/371/59
f 501/360/5 498/368/41 492/360/5
f 502/369/5 499/365/5 496/369/136
f 500/371/59 503/372/59 491/366/28
f 492/360/5 504/362/5 501/360/5
f 499/365/5 502/369/5 505/363/29
f 500/371/59 494/366/92 506/371/154
f 489/362/5 504/362/5 492/360/5
f 499/365/5 485/361/153 490/365/5
f 506/371/154 507/373/132 500/371/59
f 491/366/28 508/366/59 489/362/5
f 489/362/5 508/366/59 504/362/5
f 509/361/28 485/361/153 499/365/5
f 499/365/5 505/363/29 509/361/28
f 507/373/132 510/374/26 500/371/59
f 511/375/59 508/366/59 491/366/28
f 509/361/28 479/355/28 485/361/153
f 509/361/28 505/363/29 479/355/28
f 512/376/155 510/374/26 507/373/132
f 513/375/28 508/366/59 511/375/59
f 491/366/28 503/372/59 511/375/59
f 479/355/28 505/363/29 514/377/29
f 512/376/155 507/373/132 515/376/132
f 508/366/59 513/375/28 516/378/9
f 479/355/28 514/377/29 475/351/123
f 517/379/41 512/376/155 515/376/132
f 504/362/5 508/366/59 516/378/9
f 518/380/156 513/375/28 511/375/59
f 503/372/59 518/380/156 511/375/59
f 519/379/83 512/376/155 517/379/41
f 520/381/17 504/362/5 516/378/9
f 521/382/17 518/380/156 503/372/59
f 522/368/78 519/379/83 517/379/41
f 516/378/9 523/383/126 520/381/17
f 516/378/9 513/375/28 523/383/126
f 524/380/157 513/375/28 518/380/156
f 495/368/60 519/379/83 522/368/78
f 520/381/17 523/383/126 525/384/9
f 523/383/126 513/375/28 524/380/157
f 518/380/156 526/376/158 524/380/157
f 527/379/83 519/379/83 495/368/60
f 525/384/9 523/383/126 526/376/158
f 501/360/5 504/362/5 520/381/17
f 526/376/158 523/383/126 524/380/157
f 528/385/83 519/379/83 527/379/83
f 520/381/17 498/368/41 501/360/5
f 520/381/17 525/384/9 498/368/41
f 495/368/60 498/368/41 527/379/83
f 529/376/159 526/376/158 518/380/156
f 529/376/159 528/385/83 527/379/83
f 530/385/41 519/379/83 528/385/83
f 526/376/158 531/379/41 525/384/9
f 527/379/83 498/368/41 531/379/41
f 527/379/83 531/379/41 529/376/159
f 519/379/83 530/385/41 512/376/155
f 529/376/159 531/379/41 526/376/158
f 498/368/41 525/384/9 531/379/41
f 532/386/160 528/385/83 529/376/159
f 518/380/156 532/386/160 529/376/159
f 512/376/155 530/385/41 533/386/26
f 484/360/152 495/368/60 522/368/78
f 521/382/17 532/386/160 518/380/156
f 533/386/26 510/374/26 512/376/155
f 522/368/78 534/387/78 484/360/152
f 521/382/17 535/388/17 532/386/160
f 533/386/26 536/389/26 510/374/26
f 522/368/78 537/385/41 534/387/78
f 521/382/17 538/390/59 535/388/17
f 539/391/29 536/389/26 533/386/26
f 517/379/41 537/385/41 522/368/78
f 503/372/59 538/390/59 521/382/17
f 539/391/29 533/386/26 540/392/60
f 515/376/132 537/385/41 517/379/41
f 538/390/59 503/372/59 541/393/161
f 510/374/26 536/389/26 541/393/161
f 540/392/60 533/386/26 530/385/41
f 542/386/9 537/385/41 515/376/132
f 500/371/59 510/374/26 541/393/161
f 541/393/161 503/372/59 500/371/59
f 540/392/60 543/394/41 539/391/29
f 537/385/41 542/386/9 544/395/41
f 541/393/161 536/389/26 545/396/92
f 540/392/60 530/385/41 546/397/41
f 546/397/41 543/394/41 540/392/60
f 515/376/132 547/373/132 542/386/9
f 539/391/29 548/398/132 536/389/26
f 536/389/26 548/398/132 545/396/92
f 539/391/29 543/394/41 549/399/132
f 515/376/132 507/373/132 547/373/132
f 542/386/9 547/373/132 550/374/9
f 549/399/132 548/398/132 539/391/29
f 543/394/41 551/399/162 549/399/132
f 547/373/132 507/373/132 506/371/154
f 506/371/154 550/374/9 547/373/132
f 549/399/132 552/398/135 548/398/132
f 553/394/83 551/399/162 543/394/41
f 554/393/28 550/374/9 506/371/154
f 551/399/162 552/398/135 549/399/132
f 545/396/92 548/398/132 555/400/161
f 494/366/92 554/393/28 506/371/154
f 551/399/162 556/401/29 552/398/135
f 555/400/161 557/402/28 545/396/92
f 497/370/59 554/393/28 494/366/92
f 558/403/29 556/401/29 551/399/162
f 559/400/163 557/402/28 555/400/161
f 559/400/163 548/398/132 552/398/135
f 554/393/28 497/370/59 560/404/28
f 552/398/135 556/401/29 559/400/163
f 561/402/28 557/402/28 559/400/163
f 555/400/161 548/398/132 559/400/163
f 560/404/28 497/370/59 562/405/59
f 558/403/29 563/406/86 556/401/29
f 557/402/28 561/402/28 564/407/5
f 560/404/28 562/405/59 565/408/29
f 566/409/26 563/406/86 558/403/29
f 535/388/17 557/402/28 564/407/5
f 560/404/28 565/408/29 567/410/28
f 558/403/29 568/411/41 566/409/26
f 569/412/5 535/388/17 564/407/5
f 560/404/28 567/410/28 554/393/28
f 570/413/60 568/411/41 558/403/29
f 564/407/5 571/407/6 569/412/5
f 564/407/5 561/402/28 571/407/6
f 567/410/28 565/408/29 572/414/26
f 570/413/60 573/411/41 568/411/41
f 569/412/5 571/407/6 574/412/5
f 575/415/164 567/410/28 572/414/26
f 551/399/162 570/413/60 558/403/29
f 574/412/5 576/416/41 569/412/5
f 577/417/165 567/410/28 575/415/164
f 553/394/83 570/413/60 551/399/162
f 574/412/5 578/416/60 576/416/41
f 577/417/165 579/410/59 567/410/28
f 576/416/41 553/394/83 580/416/41
f 569/412/5 576/416/41 580/416/41
f 581/412/5 578/416/60 574/412/5
f 582/417/166 579/410/59 577/417/165
f 580/416/41 583/418/9 569/412/5
f 574/412/5 584/407/5 581/412/5
f 585/419/167 579/410/59 582/417/166
f 580/416/41 553/394/83 543/394/41
f 571/407/6 584/407/5 574/412/5
f 586/406/17 579/410/59 585/419/167
f 546/397/41 583/418/9 580/416/41
f 580/416/41 543/394/41 546/397/41
f 571/407/6 587/402/28 584/407/5
f 579/410/59 586/406/17 554/393/28
f 583/418/9 546/397/41 532/386/160
f 561/402/28 587/402/28 571/407/6
f 554/393/28 567/410/28 579/410/59
f 532/386/160 535/388/17 583/418/9
f 588/420/59 587/402/28 561/402/28
f 554/393/28 586/406/17 550/374/9
f 532/386/160 546/397/41 528/385/83
f 589/420/36 587/402/28 588/420/59
f 561/402/28 590/421/59 588/420/59
f 591/409/17 550/374/9 586/406/17
f 546/397/41 530/385/41 528/385/83
f 559/400/163 590/421/59 561/402/28
f 586/406/17 585/419/167 591/409/17
f 542/386/9 550/374/9 591/409/17
f 588/420/59 592/422/168 589/420/36
f 590/421/59 592/422/168 588/420/59
f 559/400/163 593/423/36 590/421/59
f 544/395/41 542/386/9 591/409/17
f 589/420/36 592/422/168 594/422/169
f 559/400/163 556/401/29 593/423/36
f 591/409/17 595/424/170 544/395/41
f 591/409/17 585/419/167 595/424/170
f 594/422/169 592/422/168 596/399/171
f 556/401/29 563/406/86 593/423/36
f 544/395/41 595/424/170 597/425/172
f 598/426/9 594/422/169 596/399/171
f 596/399/171 592/422/168 599/399/173
f 593/423/36 563/406/86 600/410/28
f 597/425/172 601/425/174 544/395/41
f 599/399/173 602/394/41 596/399/171
f 598/426/9 596/399/171 602/394/41
f 563/406/86 603/427/175 600/410/28
f 544/395/41 601/425/174 604/395/41
f 598/426/9 602/394/41 605/428/9
f 563/406/86 566/409/26 603/427/175
f 604/395/41 537/385/41 544/395/41
f 605/428/9 606/429/160 598/426/9
f 607/394/41 602/394/41 599/399/173
f 608/424/176 604/395/41 601/425/174
f 609/430/126 606/429/160 605/428/9
f 607/394/41 578/416/60 602/394/41
f 610/409/26 604/395/41 608/424/176
f 605/428/9 584/407/5 609/430/126
f 576/416/41 578/416/60 607/394/41
f 605/428/9 602/394/41 578/416/60
f 611/431/60 537/385/41 604/395/41
f 610/409/26 611/431/60 604/395/41
f 553/394/83 576/416/41 607/394/41
f 578/416/60 581/412/5 605/428/9
f 581/412/5 584/407/5 605/428/9
f 611/431/60 534/387/78 537/385/41
f 612/413/41 553/394/83 607/394/41
f 608/424/176 575/415/164 610/409/26
f 611/431/60 613/432/60 534/387/78
f 599/399/173 612/413/41 607/394/41
f 570/413/60 553/394/83 612/413/41
f 610/409/26 575/415/164 572/414/26
f 534/387/78 613/432/60 614/433/41
f 612/413/41 573/411/41 570/413/60
f 615/434/26 611/431/60 610/409/26
f 614/433/41 481/357/126 534/387/78
f 616/403/9 573/411/41 612/413/41
f 616/403/9 612/413/41 599/399/173
f 615/434/26 617/435/26 611/431/60
f 611/431/60 617/435/26 613/432/60
f 484/360/152 534/387/78 481/357/126
f 618/409/9 573/411/41 616/403/9
f 615/434/26 473/349/29 617/435/26
f 617/435/26 619/367/26 613/432/60
f 488/364/9 481/357/126 614/433/41
f 616/403/9 620/414/9 618/409/9
f 514/377/29 619/367/26 617/435/26
f 514/377/29 617/435/26 473/349/29
f 621/436/41 488/364/9 614/433/41
f 614/433/41 613/432/60 621/436/41
f 620/414/9 622/437/177 618/409/9
f 505/363/29 619/367/26 514/377/29
f 493/367/9 488/364/9 621/436/41
f 623/438/9 620/414/9 616/403/9
f 505/363/29 502/369/5 619/367/26
f 621/436/41 496/369/136 493/367/9
f 624/439/59 620/414/9 623/438/9
f 623/438/9 616/403/9 592/422/168
f 625/436/41 619/367/26 502/369/5
f 502/369/5 496/369/136 625/436/41
f 625/436/41 496/369/136 621/436/41
f 626/440/59 620/414/9 624/439/59
f 623/438/9 592/422/168 590/421/59
f 592/422/168 616/403/9 599/399/173
f 621/436/41 613/432/60 625/436/41
f 613/432/60 619/367/26 625/436/41
f 590/421/59 624/439/59 623/438/9
f 626/440/59 622/437/177 620/414/9
f 590/421/59 593/423/36 624/439/59
f 593/423/36 626/440/59 624/439/59
f 627/441/178 622/437/177 626/440/59
f 600/410/28 626/440/59 593/423/36
f 626/440/59 600/410/28 627/441/178
f 627/441/178 600/410/28 628/442/179
f 600/410/28 603/427/175 628/442/179
f 618/409/9 622/437/177 629/443/180
f 629/443/180 630/444/181 618/409/9
f 618/409/9 630/444/181 573/411/41
f 573/411/41 630/444/181 568/411/41
f 568/411/41 630/444/181 631/444/182
f 603/427/175 566/409/26 632/443/175
f 568/411/41 631/444/182 566/409/26
f 566/409/26 631/444/182 632/443/175
f 356/277/41 359/280/132 373/288/9
f 380/235/41 310/241/41 356/277/41
f 380/235/41 401/249/29 310/241/41
f 380/235/41 387/301/29 401/249/29
f 310/241/41 401/249/29 399/308/132
f 310/241/41 399/308/132 301/241/41
f 497/370/59 486/362/5 478/354/9
f 497/370/59 478/354/9 472/348/36
f 562/405/59 497/370/59 472/348/36
f 562/405/59 472/348/36 468/344/150
f 468/344/150 473/349/29 562/405/59
f 565/408/29 562/405/59 473/349/29
f 565/408/29 473/349/29 615/434/26
f 610/409/26 565/408/29 615/434/26
f 572/414/26 565/408/29 610/409/26
f 473/349/29 471/347/29 514/377/29
f 475/351/123 514/377/29 471/347/29
f 583/418/9 535/388/17 569/412/5
f 633/445/59 557/402/28 535/388/17
f 545/396/92 557/402/28 633/445/59
f 535/388/17 538/390/59 633/445/59
f 545/396/92 633/445/59 541/393/161
f 541/393/161 633/445/59 538/390/59
f 606/429/160 594/422/169 598/426/9
f 606/429/160 589/420/36 594/422/169
f 609/430/126 589/420/36 606/429/160
f 587/402/28 589/420/36 609/430/126
f 584/407/5 587/402/28 609/430/126
f 634/446/26 635/447/26 636/448/26
f 636/448/26 635/447/26 637/449/26
f 637/449/26 635/447/26 638/450/26
f 638/450/26 635/447/26 639/451/26
f 638/450/26 639/451/26 640/452/26
f 640/452/26 639/451/26 641/453/26
f 641/453/26 642/454/149 640/452/26
f 643/455/26 642/454/149 641/453/26
f 644/456/183 645/457/26 646/458/184
f 647/459/185 644/456/183 646/458/184
f 646/458/184 645/457/26 648/460/26
f 647/459/185 646/458/184 649/461/185
f 650/462/183 644/456/183 647/459/185
f 644/456/183 651/463/186 645/457/26
f 652/464/26 646/458/184 648/460/26
f 649/461/185 646/458/184 653/465/184
f 654/466/149 650/462/183 647/459/185
f 645/457/26 651/463/186 655/467/26
f 653/465/184 646/458/184 652/464/26
f 656/468/29 650/462/183 654/466/149
f 654/466/149 647/459/185 657/469/149
f 657/469/149 647/459/185 649/461/185
f 658/470/29 653/465/184 652/464/26
f 659/471/26 656/468/29 654/466/149
f 660/472/26 654/466/149 657/469/149
f 661/473/187 649/461/185 653/465/184
f 661/473/187 653/465/184 658/470/29
f 659/471/26 654/466/149 660/472/26
f 662/474/149 656/468/29 659/471/26
f 663/475/187 649/461/185 661/473/187
f 663/475/187 657/469/149 649/461/185
f 658/470/29 664/476/188 661/473/187
f 665/477/5 662/474/149 659/471/26
f 666/478/26 657/469/149 663/475/187
f 657/469/149 666/478/26 660/472/26
f 667/479/188 661/473/187 664/476/188
f 668/480/41 662/474/149 665/477/5
f 663/475/187 661/473/187 667/479/188
f 660/472/26 666/478/26 669/481/26
f 665/477/5 670/482/5 668/480/41
f 666/478/26 663/475/187 671/483/26
f 671/483/26 663/475/187 667/479/188
f 669/481/26 672/484/5 660/472/26
f 665/477/5 659/471/26 672/484/5
f 669/481/26 666/478/26 673/485/26
f 673/485/26 666/478/26 671/483/26
f 664/476/188 674/486/187 667/479/188
f 672/484/5 659/471/26 660/472/26
f 671/483/26 675/487/26 673/485/26
f 664/476/188 676/488/29 674/486/187
f 677/489/28 672/484/5 669/481/26
f 667/479/188 678/490/187 671/483/26
f 671/483/26 678/490/187 675/487/26
f 679/491/26 674/486/187 676/488/29
f 680/492/5 665/477/5 672/484/5
f 667/479/188 674/486/187 678/490/187
f 677/489/28 680/492/5 672/484/5
f 681/493/189 674/486/187 679/491/26
f 670/482/5 665/477/5 680/492/5
f 678/490/187 674/486/187 682/494/189
f 683/495/59 680/492/5 677/489/28
f 682/494/189 674/486/187 681/493/189
f 680/492/5 684/496/99 670/482/5
f 682/494/189 685/497/26 678/490/187
f 678/490/187 685/497/26 675/487/26
f 683/495/59 677/489/28 686/498/28
f 687/499/190 684/496/99 680/492/5
f 688/500/191 682/494/189 681/493/189
f 680/492/5 683/495/59 687/499/190
f 686/498/28 677/489/28 689/498/28
f 688/500/191 681/493/189 690/501/120
f 691/502/189 682/494/189 688/500/191
f 691/502/189 685/497/26 682/494/189
f 689/498/28 692/503/28 686/498/28
f 690/501/120 681/493/189 679/491/26
f 688/500/191 693/504/183 691/502/189
f 689/498/28 694/505/26 692/503/28
f 688/500/191 690/501/120 693/504/183
f 686/498/28 692/503/28 695/506/59
f 691/502/189 693/504/183 696/507/183
f 673/485/26 694/505/26 689/498/28
f 695/506/59 697/508/118 686/498/28
f 696/507/183 698/509/121 691/502/189
f 673/485/26 675/487/26 694/505/26
f 699/510/192 697/508/118 695/506/59
f 693/504/183 700/511/193 696/507/183
f 689/498/28 669/481/26 673/485/26
f 695/506/59 701/512/194 699/510/192
f 651/463/186 700/511/193 693/504/183
f 677/489/28 669/481/26 689/498/28
f 702/513/132 701/512/194 695/506/59
f 703/514/26 651/463/186 693/504/183
f 700/511/193 704/515/29 696/507/183
f 701/512/194 702/513/132 705/516/195
f 655/467/26 651/463/186 703/514/26
f 693/504/183 690/501/120 703/514/26
f 696/507/183 704/515/29 706/517/29
f 705/516/195 702/513/132 707/518/132
f 651/463/186 644/456/183 700/511/193
f 706/517/29 698/509/121 696/507/183
f 708/519/41 705/516/195 707/518/132
f 707/518/132 702/513/132 709/520/132
f 700/511/193 644/456/183 650/462/183
f 650/462/183 704/515/29 700/511/193
f 710/521/196 705/516/195 708/519/41
f 709/520/132 702/513/132 711/522/132
f 656/468/29 704/515/29 650/462/183
f 708/519/41 712/523/103 710/521/196
f 709/520/132 711/522/132 713/524/29
f 656/468/29 714/525/26 704/515/29
f 715/526/60 712/523/103 708/519/41
f 716/527/26 709/520/132 713/524/29
f 662/474/149 714/525/26 656/468/29
f 717/528/60 715/526/60 708/519/41
f 717/528/60 709/520/132 716/527/26
f 713/524/29 706/517/29 716/527/26
f 704/515/29 714/525/26 706/517/29
f 718/526/60 715/526/60 717/528/60
f 662/474/149 718/526/60 714/525/26
f 698/509/121 706/517/29 713/524/29
f 706/517/29 714/525/26 716/527/26
f 668/480/41 715/526/60 718/526/60
f 668/480/41 718/526/60 662/474/149
f 716/527/26 718/526/60 717/528/60
f 713/524/29 719/529/26 698/509/121
f 714/525/26 718/526/60 716/527/26
f 720/530/41 715/526/60 668/480/41
f 713/524/29 711/522/132 719/529/26
f 698/509/121 719/529/26 685/497/26
f 709/520/132 717/528/60 707/518/132
f 668/480/41 670/482/5 720/530/41
f 698/509/121 685/497/26 691/502/189
f 685/497/26 719/529/26 675/487/26
f 707/518/132 717/528/60 708/519/41
f 670/482/5 684/496/99 720/530/41
f 719/529/26 711/522/132 694/505/26
f 675/487/26 719/529/26 694/505/26
f 720/530/41 684/496/99 721/531/102
f 694/505/26 711/522/132 692/503/28
f 721/531/102 712/523/103 720/530/41
f 720/530/41 712/523/103 715/526/60
f 711/522/132 702/513/132 692/503/28
f 692/503/28 702/513/132 695/506/59
f 722/532/26 676/488/29 664/476/188
f 722/532/26 664/476/188 658/470/29
f 687/499/190 683/495/59 723/533/197
f 723/533/197 683/495/59 697/508/118
f 697/508/118 683/495/59 686/498/28
f 724/534/28 725/535/28 726/536/28
f 724/534/28 727/537/28 725/535/28
f 724/534/28 726/536/28 728/538/28
f 729/539/28 727/537/28 724/534/28
f 724/534/28 728/538/28 730/540/28
f 731/541/28 729/539/28 724/534/28
f 729/539/28 732/542/28 727/537/28
f 733/543/28 730/540/28 728/538/28
f 731/541/28 724/534/28 734/544/28
f 735/545/28 729/539/28 731/541/28
f 736/546/28 732/542/28 729/539/28
f 734/544/28 724/534/28 730/540/28
f 730/540/28 733/543/28 737/547/28
f 735/545/28 736/546/28 729/539/28
f 738/548/28 736/546/28 735/545/28
f 739/549/28 734/544/28 730/540/28
f 740/550/28 737/547/28 733/543/28
f 739/549/28 741/551/28 734/544/28
f 737/547/28 740/550/28 742/552/28
f 742/552/28 740/550/28 743/553/28
f 744/554/28 741/551/28 739/549/28
f 744/554/28 745/555/28 741/551/28
f 741/551/28 745/555/28 746/556/28
f 747/557/28 748/558/28 749/559/59
f 750/560/28 748/558/28 747/557/28
f 749/559/59 748/558/28 751/561/28
f 752/562/28 750/560/28 747/557/28
f 753/563/28 750/560/28 752/562/28
f 753/563/28 754/564/28 750/560/28
f 755/565/28 754/564/28 753/563/28
f 756/566/28 754/564/28 755/565/28
f 757/567/198 758/568/28 759/569/199
f 759/569/199 758/568/28 760/570/200
f 760/570/200 758/568/28 761/571/28
f 761/571/28 758/568/28 762/572/28
f 763/573/28 764/574/92 765/575/28
f 763/573/28 766/576/199 764/574/92
f 765/575/28 764/574/92 767/577/28
f 768/578/201 766/576/199 763/573/28
f 769/579/28 763/573/28 765/575/28
f 770/580/92 768/578/201 763/573/28
f 770/580/92 763/573/28 769/579/28
f 771/581/202 768/578/201 770/580/92
f 772/582/203 773/583/204 774/584/205
f 772/582/203 775/585/204 773/583/204
f 774/584/205 773/583/204 776/586/206
f 777/587/207 775/585/204 772/582/203
f 778/588/208 779/589/26 780/590/209
f 780/590/209 779/589/26 781/591/210
f 782/592/26 783/593/211 784/594/212
f 784/594/212 785/595/26 782/592/26
f 784/594/212 783/593/211 786/596/209
f 787/597/213 785/595/26 784/594/212
f 783/593/211 788/598/214 786/596/209
f 787/597/213 789/594/213 785/595/26
f 783/593/211 790/599/215 788/598/214
f 786/596/209 788/598/214 791/600/216
f 792/601/217 790/599/215 783/593/211
f 785/595/26 789/594/213 793/602/5
f 793/602/5 794/603/26 785/595/26
f 795/594/218 793/602/5 789/594/213
f 796/602/5 794/603/26 793/602/5
f 797/602/5 793/602/5 795/594/218
f 797/602/5 796/602/5 793/602/5
f 796/602/5 798/595/26 794/603/26
f 795/594/218 799/604/219 797/602/5
f 800/602/123 798/595/26 796/602/5
f 801/605/220 799/604/219 795/594/218
f 802/602/5 796/602/5 797/602/5
f 802/602/5 800/602/123 796/602/5
f 799/604/219 802/602/5 797/602/5
f 803/594/221 798/595/26 800/602/123
f 804/605/222 799/604/219 801/605/220
f 805/602/5 800/602/123 802/602/5
f 803/594/221 800/602/123 806/605/223
f 807/594/224 798/595/26 803/594/221
f 808/606/225 799/604/219 804/605/222
f 806/605/223 800/602/123 805/602/5
f 807/594/224 809/594/226 798/595/26
f 810/604/227 805/602/5 802/602/5
f 810/604/227 802/602/5 799/604/219
f 805/602/5 811/607/219 806/605/223
f 811/607/219 805/602/5 810/604/227
f 798/595/26 809/594/226 812/592/29
f 806/605/223 811/607/219 813/605/223
f 812/592/29 809/594/226 814/608/228
f 813/605/223 811/607/219 815/605/229
f 815/605/229 811/607/219 816/606/230
f 814/608/228 809/594/226 817/596/231
f 814/608/228 817/596/231 818/598/228
f 818/598/228 817/596/231 819/600/231
f 818/598/228 819/600/231 820/582/214
f 821/609/214 818/598/228 820/582/214
f 820/582/214 819/600/231 822/584/232
f 820/582/214 823/583/233 821/609/214
f 822/584/232 823/583/233 820/582/214
f 824/610/234 818/598/228 821/609/214
f 825/586/235 823/583/233 822/584/232
f 821/609/214 823/583/233 826/611/236
f 827/612/6 828/613/219 829/614/237
f 827/612/6 829/614/237 830/615/5
f 829/614/237 828/613/219 831/616/238
f 827/612/6 832/617/227 828/613/219
f 830/615/5 829/614/237 833/618/237
f 834/619/5 832/617/227 827/612/6
f 830/615/5 833/618/237 835/620/5
f 834/619/5 836/621/219 832/617/227
f 835/620/5 833/618/237 837/622/239
f 838/623/5 836/621/219 834/619/5
f 839/624/240 835/620/5 837/622/239
f 840/625/241 836/621/219 838/623/5
f 841/626/9 835/620/5 839/624/240
f 842/627/242 836/621/219 840/625/241
f 843/628/5 840/625/241 838/623/5
f 844/629/243 841/626/9 839/624/240
f 841/626/9 845/630/5 835/620/5
f 846/631/244 840/625/241 843/628/5
f 847/632/245 841/626/9 844/629/243
f 848/633/17 845/630/5 841/626/9
f 847/632/245 848/633/17 841/626/9
f 849/634/5 846/631/244 843/628/5
f 848/633/17 849/634/5 845/630/5
f 850/635/132 847/632/245 844/629/243
f 851/636/241 846/631/244 849/634/5
f 852/637/9 849/634/5 848/633/17
f 853/638/132 847/632/245 850/635/132
f 849/634/5 854/639/246 851/636/241
f 852/637/9 854/639/246 849/634/5
f 855/640/126 852/637/9 848/633/17
f 853/638/132 855/640/126 847/632/245
f 856/641/247 853/638/132 850/635/132
f 854/639/246 852/637/9 857/642/248
f 855/640/126 848/633/17 847/632/245
f 858/643/132 853/638/132 856/641/247
f 857/642/248 852/637/9 859/644/245
f 859/644/245 852/637/9 855/640/126
f 860/645/240 858/643/132 856/641/247
f 861/646/132 855/640/126 853/638/132
f 859/644/245 862/647/132 857/642/248
f 863/648/9 858/643/132 860/645/240
f 861/646/132 859/644/245 855/640/126
f 858/643/132 861/646/132 853/638/132
f 864/649/132 862/647/132 859/644/245
f 863/648/9 865/650/132 858/643/132
f 864/649/132 859/644/245 861/646/132
f 865/650/132 864/649/132 861/646/132
f 865/650/132 861/646/132 858/643/132
f 862/647/132 864/649/132 866/651/249
f 867/652/17 865/650/132 863/648/9
f 866/651/249 864/649/132 868/653/132
f 867/652/17 868/653/132 865/650/132
f 868/653/132 864/649/132 865/650/132
f 868/653/132 869/654/246 866/651/249
f 870/655/9 868/653/132 867/652/17
f 870/655/9 869/654/246 868/653/132
f 871/656/17 872/657/17 873/658/250
f 871/656/17 873/658/250 874/659/5
f 873/658/250 872/657/17 875/660/240
f 874/659/5 873/658/250 876/661/237
f 874/659/5 876/661/237 877/662/5
f 877/662/5 876/661/237 878/663/237
f 877/662/5 878/663/237 879/664/5
f 879/664/5 878/663/237 880/665/237
f 879/664/5 880/665/237 881/666/5
f 881/666/5 880/665/237 882/667/237
f 881/666/5 882/667/237 883/668/9
f 883/668/9 884/669/5 881/666/5
f 883/668/9 882/667/237 885/670/251
f 886/671/17 884/669/5 883/668/9
f 885/670/251 887/668/9 883/668/9
f 887/668/9 886/671/17 883/668/9
f 886/671/17 888/672/5 884/669/5
f 889/670/252 887/668/9 885/670/251
f 890/673/9 888/672/5 886/671/17
f 891/667/253 887/668/9 889/670/252
f 890/673/9 892/674/244 888/672/5
f 893/671/9 890/673/9 886/671/17
f 893/671/9 886/671/17 887/668/9
f 894/675/132 887/668/9 891/667/253
f 894/675/132 893/671/9 887/668/9
f 895/676/254 892/674/244 890/673/9
f 892/674/244 896/677/244 888/672/5
f 897/678/255 894/675/132 891/667/253
f 898/673/9 890/673/9 893/671/9
f 898/673/9 895/676/254 890/673/9
f 888/672/5 896/677/244 899/679/5
f 900/680/132 894/675/132 897/678/255
f 901/676/256 895/676/254 898/673/9
f 902/681/162 898/673/9 893/671/9
f 896/677/244 903/682/244 899/679/5
f 902/681/162 893/671/9 894/675/132
f 900/680/132 902/681/162 894/675/132
f 898/673/9 904/674/257 901/676/256
f 899/679/5 903/682/244 905/683/5
f 906/684/132 902/681/162 900/680/132
f 907/685/155 904/674/257 898/673/9
f 906/684/132 907/685/155 902/681/162
f 907/685/155 898/673/9 902/681/162
f 903/682/244 908/686/241 905/683/5
f 904/674/257 907/685/155 909/687/258
f 910/688/132 907/685/155 906/684/132
f 909/687/258 907/685/155 910/688/132
f 905/683/5 908/686/241 911/689/5
f 908/686/241 912/690/259 911/689/5
f 911/689/5 912/690/259 913/691/9
f 912/690/259 914/692/9 913/691/9
f 915/693/246 914/692/9 912/690/259
f 916/694/260 917/695/261 918/696/132
f 918/696/132 917/695/261 919/697/262
f 919/697/262 920/696/135 918/696/132
f 921/697/9 920/696/135 919/697/262
f 921/697/9 922/696/132 920/696/135
f 923/697/17 922/696/132 921/697/9
f 924/695/263 922/696/132 923/697/17
f 925/694/264 922/696/132 924/695/263
f 926/698/17 927/699/17 928/700/261
f 929/701/265 926/698/17 928/700/261
f 928/700/261 927/699/17 930/702/261
f 931/703/9 926/698/17 929/701/265
f 932/704/9 927/699/17 926/698/17
f 931/703/9 932/704/9 926/698/17
f 931/703/9 929/701/265 933/705/266
f 934/706/17 932/704/9 931/703/9
f 933/705/266 934/706/17 931/703/9
f 933/705/266 929/701/265 935/707/267
f 936/708/268 934/706/17 933/705/266
f 937/709/269 938/710/203 939/711/208
f 939/711/208 938/710/203 940/712/207
f 941/713/9 942/714/246 943/715/9
f 941/713/9 944/716/246 942/714/246
f 943/715/9 942/714/246 945/717/246
f 946/718/9 944/716/246 941/713/9
f 947/719/268 944/716/246 946/718/9
f 948/720/270 944/716/246 947/719/268
f 949/721/9 947/719/268 946/718/9
f 950/722/271 947/719/268 949/721/9
f 951/723/26 952/724/228 953/725/26
f 953/725/26 952/724/228 954/726/211
f 955/727/26 956/728/26 957/729/26
f 957/729/26 956/728/26 958/730/26
f 959/731/230 960/732/230 961/733/230
f 961/733/230 960/732/230 962/734/219
f 963/735/5 964/736/5 965/737/5
f 965/737/5 964/736/5 966/738/5
f 967/739/9 968/740/9 969/741/9
f 969/741/9 968/740/9 970/742/126
f 971/743/5 972/744/9 973/743/5
f 973/743/5 972/744/9 974/744/9
f 973/743/5 974/744/9 975/743/5
f 975/743/5 974/744/9 976/744/9
f 977/745/5 978/746/5 979/747/5
f 979/747/5 978/746/5 980/748/5
f 981/749/9 982/750/9 983/751/9
f 984/752/9 983/751/9 982/750/9
f 985/753/269 986/754/269 987/755/211
f 986/754/269 985/753/269 988/756/228
f 987/755/211 986/754/269 989/757/215
f 990/758/9 991/759/9 992/760/9
f 992/760/9 991/759/9 993/761/9
f 994/762/149 995/763/211 996/764/26
f 996/764/26 995/763/211 997/765/211
f 998/766/26 999/767/26 1000/768/26
f 1000/768/26 999/767/26 1001/769/26
f 1002/770/219 1003/771/219 1004/772/230
f 1004/772/230 1003/771/219 1005/773/230
f 1006/774/5 1007/775/5 1008/776/5
f 1008/776/5 1007/775/5 1009/777/5
f 1010/778/9 1011/779/9 1012/780/9
f 1012/780/9 1011/779/9 1013/781/9
f 1014/782/5 1015/783/5 1016/784/5
f 1016/784/5 1015/783/5 1017/785/5
f 1018/786/9 1019/787/9 1020/788/9
f 1020/788/9 1019/787/9 1021/789/9
f 1022/790/5 1023/791/5 1024/792/5
f 1024/792/5 1023/791/5 1025/793/5
f 1026/794/5 1027/795/5 1028/796/5
f 1028/796/5 1027/795/5 1029/797/5
f 1030/798/5 1031/799/5 1032/800/5
f 1032/800/5 1031/799/5 1033/801/5
f 1034/802/5 1035/803/5 1036/804/5
f 1036/804/5 1035/803/5 1037/805/5
f 1038/806/5 1039/807/5 1040/808/5
f 1040/808/5 1039/807/5 1041/809/5
f 1042/810/5 1043/811/5 1044/812/5
f 1044/812/5 1043/811/5 1045/813/5
f 1046/534/41 1047/536/41 1048/535/41
f 1049/537/41 1046/534/41 1048/535/41
f 1046/534/41 1050/538/41 1047/536/41
f 1051/539/41 1046/534/41 1049/537/41
f 1046/534/41 1052/540/41 1050/538/41
f 1051/539/41 1053/541/41 1046/534/41
f 1054/542/41 1051/539/41 1049/537/41
f 1046/534/41 1055/544/41 1052/540/41
f 1053/541/41 1055/544/41 1046/534/41
f 1056/543/41 1050/538/41 1052/540/41
f 1057/546/41 1051/539/41 1054/542/41
f 1058/545/41 1053/541/41 1051/539/41
f 1059/549/41 1052/540/41 1055/544/41
f 1052/540/41 1060/547/41 1056/543/41
f 1057/546/41 1058/545/41 1051/539/41
f 1061/548/41 1058/545/41 1057/546/41
f 1055/544/41 1062/551/41 1059/549/41
f 1063/550/41 1056/543/41 1060/547/41
f 1059/549/41 1062/551/41 1064/554/41
f 1060/547/41 1065/552/41 1063/550/41
f 1063/550/41 1065/552/41 1066/553/41
f 1062/551/41 1067/555/41 1064/554/41
f 1068/556/41 1067/555/41 1062/551/41
f 1069/557/41 1070/559/41 1071/558/41
f 1072/560/41 1069/557/41 1071/558/41
f 1071/558/41 1070/559/41 1073/561/41
f 1072/560/41 1074/562/41 1069/557/41
f 1075/563/41 1074/562/41 1072/560/41
f 1075/563/41 1072/560/41 1076/564/41
f 1075/563/41 1076/564/41 1077/565/41
f 1077/565/41 1076/564/41 1078/566/41
f 1079/570/60 1080/568/41 1081/569/272
f 1079/570/60 1082/571/41 1080/568/41
f 1081/569/272 1080/568/41 1083/567/273
f 1080/568/41 1082/571/41 1084/572/41
f 1085/573/41 1086/575/41 1087/574/274
f 1088/576/272 1085/573/41 1087/574/274
f 1087/574/274 1086/575/41 1089/577/41
f 1090/578/275 1085/573/41 1088/576/272
f 1085/573/41 1091/579/41 1086/575/41
f 1090/578/275 1092/580/78 1085/573/41
f 1092/580/78 1091/579/41 1085/573/41
f 1093/581/276 1092/580/78 1090/578/275
f 1094/814/277 1095/815/278 1096/816/279
f 1096/816/279 1095/815/278 1097/817/280
f 1096/816/279 1097/817/280 1098/818/281
f 1095/815/278 1099/819/282 1097/817/280
f 1098/818/281 1097/817/280 1100/820/283
f 1097/817/280 1099/819/282 1101/821/284
f 1097/817/280 1101/821/284 1100/820/283
f 1098/818/281 1100/820/283 1102/822/285
f 1099/819/282 1103/823/286 1101/821/284
f 1100/820/283 1101/821/284 1104/824/287
f 1102/822/285 1100/820/283 1105/825/288
f 1100/820/283 1104/824/287 1105/825/288
f 1101/821/284 1103/823/286 1106/826/289
f 1101/821/284 1106/826/289 1104/824/287
f 1102/822/285 1105/825/288 1107/827/290
f 1103/823/286 1108/828/291 1106/826/289
f 1104/824/287 1106/826/289 1109/829/292
f 1105/825/288 1104/824/287 1110/830/293
f 1104/824/287 1109/829/292 1110/830/293
f 1107/827/290 1105/825/288 1111/831/294
f 1105/825/288 1110/830/293 1111/831/294
f 1106/826/289 1108/828/291 1112/832/295
f 1106/826/289 1112/832/295 1109/829/292
f 1107/827/290 1111/831/294 1113/833/296
f 1110/830/293 1109/829/292 1114/834/297
f 1108/828/291 1115/835/298 1112/832/295
f 1111/831/294 1110/830/293 1116/836/299
f 1110/830/293 1114/834/297 1116/836/299
f 1109/829/292 1112/832/295 1117/837/300
f 1109/829/292 1117/837/300 1114/834/297
f 1112/832/295 1115/835/298 1118/838/301
f 1111/831/294 1116/836/299 1119/839/296
f 1112/832/295 1118/838/301 1117/837/300
f 1114/834/297 1117/837/300 1120/840/302
f 1115/835/298 1121/841/303 1118/838/301
f 1116/836/299 1114/834/297 1122/842/304
f 1114/834/297 1120/840/302 1122/842/304
f 1117/837/300 1118/838/301 1123/843/305
f 1117/837/300 1123/843/305 1120/840/302
f 1118/838/301 1121/841/303 1124/844/306
f 1116/836/299 1122/842/304 1125/845/296
f 1118/838/301 1124/844/306 1123/843/305
f 1120/840/302 1123/843/305 1126/846/307
f 1121/841/303 1127/847/308 1124/844/306
f 1122/842/304 1120/840/302 1128/848/309
f 1120/840/302 1126/846/307 1128/848/309
f 1123/843/305 1124/844/306 1129/849/310
f 1123/843/305 1129/849/310 1126/846/307
f 1124/844/306 1127/847/308 1130/850/311
f 1122/842/304 1128/848/309 1131/851/296
f 1124/844/306 1130/850/311 1129/849/310
f 1126/846/307 1129/849/310 1132/852/312
f 1127/847/308 1133/853/313 1130/850/311
f 1128/848/309 1126/846/307 1134/854/314
f 1126/846/307 1132/852/312 1134/854/314
f 1129/849/310 1130/850/311 1135/855/315
f 1129/849/310 1135/855/315 1132/852/312
f 1130/850/311 1133/853/313 1136/856/316
f 1128/848/309 1134/854/314 1137/857/317
f 1130/850/311 1136/856/316 1135/855/315
f 1132/852/312 1135/855/315 1138/858/318
f 1133/853/313 1139/859/319 1136/856/316
f 1134/854/314 1132/852/312 1140/860/320
f 1132/852/312 1138/858/318 1140/860/320
f 1135/855/315 1136/856/316 1141/861/321
f 1135/855/315 1141/861/321 1138/858/318
f 1136/856/316 1139/859/319 1142/862/322
f 1134/854/314 1140/860/320 1143/863/317
f 1136/856/316 1142/862/322 1141/861/321
f 1138/858/318 1141/861/321 1144/864/323
f 1139/859/319 1145/865/324 1142/862/322
f 1140/860/320 1138/858/318 1146/866/325
f 1138/858/318 1144/864/323 1146/866/325
f 1141/861/321 1142/862/322 1147/867/326
f 1141/861/321 1147/867/326 1144/864/323
f 1142/862/322 1145/865/324 1148/868/279
f 1140/860/320 1146/866/325 1149/869/296
f 1142/862/322 1148/868/279 1147/867/326
f 1144/864/323 1147/867/326 1150/870/327
f 1145/865/324 1151/871/324 1148/868/279
f 1146/866/325 1144/864/323 1152/872/328
f 1144/864/323 1150/870/327 1152/872/328
f 1147/867/326 1148/868/279 1153/873/281
f 1147/867/326 1153/873/281 1150/870/327
f 1148/868/279 1151/871/324 1154/874/279
f 1146/866/325 1152/872/328 1155/875/329
f 1148/868/279 1154/874/279 1153/873/281
f 1150/870/327 1153/873/281 1156/876/285
f 1152/872/328 1150/870/327 1157/877/330
f 1150/870/327 1156/876/285 1157/877/330
f 1153/873/281 1154/874/279 1158/878/331
f 1153/873/281 1158/878/331 1156/876/285
f 1152/872/328 1157/877/330 1159/879/329
f 1156/876/285 1158/878/331 1160/880/285
f 1157/877/330 1156/876/285 1161/881/290
f 1156/876/285 1160/880/285 1161/881/290
f 1157/877/330 1161/881/290 1162/882/317
f 1161/881/290 1160/880/285 1163/883/290
f 1161/881/290 1163/883/290 1164/884/290
f 1165/814/332 1166/815/278 1167/816/279
f 1167/816/279 1166/815/278 1168/817/280
f 1167/816/279 1168/817/280 1169/818/281
f 1166/815/278 1170/819/282 1168/817/280
f 1169/818/281 1168/817/280 1171/820/283
f 1168/817/280 1170/819/282 1172/821/284
f 1168/817/280 1172/821/284 1171/820/283
f 1169/818/281 1171/820/283 1173/822/285
f 1170/819/282 1174/823/333 1172/821/284
f 1171/820/283 1172/821/284 1175/824/334
f 1173/822/285 1171/820/283 1176/825/288
f 1171/820/283 1175/824/334 1176/825/288
f 1172/821/284 1174/823/333 1177/826/289
f 1172/821/284 1177/826/289 1175/824/334
f 1173/822/285 1176/825/288 1178/827/290
f 1174/823/333 1179/828/291 1177/826/289
f 1175/824/334 1177/826/289 1180/829/335
f 1176/825/288 1175/824/334 1181/830/293
f 1175/824/334 1180/829/335 1181/830/293
f 1178/827/290 1176/825/288 1182/831/294
f 1176/825/288 1181/830/293 1182/831/294
f 1177/826/289 1179/828/291 1183/832/295
f 1177/826/289 1183/832/295 1180/829/335
f 1178/827/290 1182/831/294 1184/833/296
f 1181/830/293 1180/829/335 1185/834/297
f 1179/828/291 1186/835/298 1183/832/295
f 1182/831/294 1181/830/293 1187/836/336
f 1181/830/293 1185/834/297 1187/836/336
f 1180/829/335 1183/832/295 1188/837/300
f 1180/829/335 1188/837/300 1185/834/297
f 1183/832/295 1186/835/298 1189/838/301
f 1182/831/294 1187/836/336 1190/839/290
f 1183/832/295 1189/838/301 1188/837/300
f 1185/834/297 1188/837/300 1191/840/302
f 1186/835/298 1192/841/303 1189/838/301
f 1187/836/336 1185/834/297 1193/842/304
f 1185/834/297 1191/840/302 1193/842/304
f 1188/837/300 1189/838/301 1194/843/305
f 1188/837/300 1194/843/305 1191/840/302
f 1189/838/301 1192/841/303 1195/844/337
f 1187/836/336 1193/842/304 1196/845/296
f 1189/838/301 1195/844/337 1194/843/305
f 1191/840/302 1194/843/305 1197/846/307
f 1192/841/303 1198/847/308 1195/844/337
f 1193/842/304 1191/840/302 1199/848/309
f 1191/840/302 1197/846/307 1199/848/309
f 1194/843/305 1195/844/337 1200/849/310
f 1194/843/305 1200/849/310 1197/846/307
f 1195/844/337 1198/847/308 1201/850/311
f 1193/842/304 1199/848/309 1202/851/296
f 1195/844/337 1201/850/311 1200/849/310
f 1197/846/307 1200/849/310 1203/852/312
f 1198/847/308 1204/853/338 1201/850/311
f 1199/848/309 1197/846/307 1205/854/314
f 1197/846/307 1203/852/312 1205/854/314
f 1200/849/310 1201/850/311 1206/855/315
f 1200/849/310 1206/855/315 1203/852/312
f 1201/850/311 1204/853/338 1207/856/316
f 1199/848/309 1205/854/314 1208/857/290
f 1201/850/311 1207/856/316 1206/855/315
f 1203/852/312 1206/855/315 1209/858/318
f 1204/853/338 1210/859/319 1207/856/316
f 1205/854/314 1203/852/312 1211/860/320
f 1203/852/312 1209/858/318 1211/860/320
f 1206/855/315 1207/856/316 1212/861/321
f 1206/855/315 1212/861/321 1209/858/318
f 1207/856/316 1210/859/319 1213/862/322
f 1205/854/314 1211/860/320 1214/863/317
f 1207/856/316 1213/862/322 1212/861/321
f 1209/858/318 1212/861/321 1215/864/323
f 1210/859/319 1216/865/324 1213/862/322
f 1211/860/320 1209/858/318 1217/866/339
f 1209/858/318 1215/864/323 1217/866/339
f 1212/861/321 1213/862/322 1218/867/340
f 1212/861/321 1218/867/340 1215/864/323
f 1213/862/322 1216/865/324 1219/868/279
f 1211/860/320 1217/866/339 1220/869/296
f 1213/862/322 1219/868/279 1218/867/340
f 1215/864/323 1218/867/340 1221/870/327
f 1216/865/324 1222/871/341 1219/868/279
f 1217/866/339 1215/864/323 1223/872/328
f 1215/864/323 1221/870/327 1223/872/328
f 1218/867/340 1219/868/279 1224/873/281
f 1218/867/340 1224/873/281 1221/870/327
f 1219/868/279 1222/871/341 1225/874/279
f 1217/866/339 1223/872/328 1226/875/290
f 1219/868/279 1225/874/279 1224/873/281
f 1221/870/327 1224/873/281 1227/876/285
f 1223/872/328 1221/870/327 1228/877/330
f 1221/870/327 1227/876/285 1228/877/330
f 1224/873/281 1225/874/279 1229/878/331
f 1224/873/281 1229/878/331 1227/876/285
f 1223/872/328 1228/877/330 1230/879/317
f 1227/876/285 1229/878/331 1231/880/285
f 1228/877/330 1227/876/285 1232/881/290
f 1227/876/285 1231/880/285 1232/881/290
f 1228/877/330 1232/881/290 1233/882/290
f 1232/881/290 1231/880/285 1234/883/290
f 1232/881/290 1234/883/290 1235/884/296
f 1236/112/76 1237/113/41 1238/114/77
f 1238/114/77 1237/113/41 1239/115/60
f 1237/113/41 1240/116/41 1239/115/60
f 1239/115/60 1240/116/41 1241/117/78
f 1241/117/78 1240/116/41 1242/118/79
f 1242/118/79 1240/116/41 1243/119/79
f 1244/120/29 1245/121/342 1246/122/41
f 1244/120/29 1247/123/343 1245/121/342
f 1246/122/41 1245/121/342 1248/124/82
f 1249/125/26 1247/123/343 1244/120/29
f 1250/126/41 1244/120/29 1246/122/41
f 1249/125/26 1251/127/28 1247/123/343
f 1252/128/26 1244/120/29 1250/126/41
f 1252/128/26 1249/125/26 1244/120/29
f 1247/123/343 1251/127/28 1253/129/344
f 1254/130/85 1252/128/26 1250/126/41
f 1255/131/29 1249/125/26 1252/128/26
f 1249/125/26 1256/132/59 1251/127/28
f 1255/131/29 1256/132/59 1249/125/26
f 1257/133/345 1252/128/26 1254/130/85
f 1257/133/345 1255/131/29 1252/128/26
f 1255/131/29 1258/134/88 1256/132/59
f 1259/135/89 1255/131/29 1257/133/345
f 1259/135/89 1258/134/88 1255/131/29
f 1260/136/90 1261/137/346 1262/138/28
f 1262/138/28 1261/137/346 1263/139/59
f 1262/138/28 1263/139/59 1264/140/28
f 1264/140/28 1263/139/59 1265/141/28
f 1266/142/88 1264/140/28 1265/141/28
f 1267/143/88 1264/140/28 1266/142/88
f 1268/144/347 1269/145/348 1270/146/9
f 1271/147/17 1268/144/347 1270/146/9
f 1270/146/9 1269/145/348 1272/148/92
f 1273/149/94 1268/144/347 1271/147/17
f 1270/146/9 1272/148/92 1274/150/9
f 1273/149/94 1271/147/17 1275/151/349
f 1271/147/17 1270/146/9 1276/152/9
f 1276/152/9 1270/146/9 1274/150/9
f 1274/150/9 1272/148/92 1277/153/28
f 1275/151/349 1271/147/17 1278/154/41
f 1271/147/17 1276/152/9 1278/154/41
f 1277/153/28 1279/155/95 1274/150/9
f 1276/152/9 1274/150/9 1280/156/350
f 1278/154/41 1276/152/9 1281/157/41
f 1274/150/9 1279/155/95 1282/158/351
f 1280/156/350 1274/150/9 1282/158/351
f 1281/157/41 1276/152/9 1283/159/79
f 1283/159/79 1276/152/9 1280/156/350
f 1284/885/352 1285/886/353 1286/887/354
f 1284/885/352 1286/887/354 1287/888/355
f 1286/887/354 1285/886/353 1288/889/356
f 1287/888/355 1286/887/354 1289/890/357
f 1285/886/353 1290/891/358 1288/889/356
f 1291/892/359 1287/888/355 1289/890/357
f 1286/887/354 1288/889/356 1292/893/360
f 1288/889/356 1290/891/358 1293/894/361
f 1294/895/362 1287/888/355 1291/892/359
f 1289/890/357 1286/887/354 1295/896/363
f 1295/896/363 1286/887/354 1292/893/360
f 1290/891/358 1296/897/364 1293/894/361
f 1297/898/365 1294/895/362 1291/892/359
f 1298/899/366 1289/890/357 1295/896/363
f 1292/893/360 1288/889/356 1299/900/356
f 1288/889/356 1293/894/361 1299/900/356
f 1300/901/367 1294/895/362 1297/898/365
f 1291/892/359 1289/890/357 1298/899/366
f 1293/894/361 1296/897/364 1301/902/368
f 1302/903/365 1300/901/367 1297/898/365
f 1297/898/365 1291/892/359 1303/904/369
f 1303/904/369 1291/892/359 1298/899/366
f 1293/894/361 1301/902/368 1304/905/361
f 1299/900/356 1293/894/361 1304/905/361
f 1305/906/370 1300/901/367 1302/903/365
f 1306/907/371 1297/898/365 1303/904/369
f 1296/897/364 1307/908/372 1301/902/368
f 1308/909/373 1305/906/370 1302/903/365
f 1302/903/365 1297/898/365 1306/907/371
f 1304/905/361 1301/902/368 1309/910/374
f 1301/902/368 1307/908/372 1310/911/375
f 1311/912/376 1305/906/370 1308/909/373
f 1312/913/373 1302/903/365 1306/907/371
f 1301/902/368 1310/911/375 1309/910/374
f 1313/914/377 1311/912/376 1308/909/373
f 1308/909/373 1302/903/365 1312/913/373
f 1307/908/372 1314/915/378 1310/911/375
f 1309/910/374 1310/911/375 1315/916/379
f 1316/917/380 1311/912/376 1313/914/377
f 1317/918/381 1308/909/373 1312/913/373
f 1310/911/375 1314/915/378 1318/919/382
f 1314/915/378 1316/917/380 1318/919/382
f 1310/911/375 1318/919/382 1315/916/379
f 1318/919/382 1316/917/380 1313/914/377
f 1313/914/377 1308/909/373 1317/918/381
f 1315/916/379 1318/919/382 1319/920/382
f 1318/919/382 1313/914/377 1319/920/382
f 1319/920/382 1313/914/377 1317/918/381
f 1320/921/383 1321/922/352 1322/923/384
f 1323/924/385 1320/921/383 1322/923/384
f 1322/923/384 1321/922/352 1324/925/352
f 1325/926/385 1320/921/383 1323/924/385
f 1322/923/384 1326/927/386 1323/924/385
f 1321/922/352 1327/928/352 1324/925/352
f 1328/929/387 1325/926/385 1323/924/385
f 1323/924/385 1326/927/386 1328/929/387
f 1329/930/388 1326/927/386 1322/923/384
f 1330/931/352 1327/928/352 1321/922/352
f 1331/932/389 1325/926/385 1328/929/387
f 1329/930/388 1332/933/390 1326/927/386
f 1330/931/352 1333/934/391 1327/928/352
f 1334/935/372 1331/932/389 1328/929/387
f 1329/930/388 1335/936/392 1332/933/390
f 1326/927/386 1332/933/390 1336/937/386
f 1327/928/352 1333/934/391 1337/938/391
f 1328/929/387 1338/939/393 1334/935/372
f 1328/929/387 1326/927/386 1338/939/393
f 1332/933/390 1335/936/392 1339/940/394
f 1333/934/391 1340/941/367 1337/938/391
f 1341/942/372 1331/932/389 1334/935/372
f 1336/937/386 1332/933/390 1342/943/395
f 1339/940/394 1335/936/392 1343/944/394
f 1344/945/378 1341/942/372 1334/935/372
f 1345/946/396 1326/927/386 1336/937/386
f 1338/939/393 1326/927/386 1345/946/396
f 1342/943/395 1332/933/390 1346/940/397
f 1347/947/378 1341/942/372 1344/945/378
f 1338/939/393 1345/946/396 1348/948/398
f 1334/935/372 1348/948/398 1344/945/378
f 1345/946/396 1336/937/386 1349/949/399
f 1350/950/400 1347/947/378 1344/945/378
f 1334/935/372 1338/939/393 1348/948/398
f 1348/948/398 1345/946/396 1351/951/398
f 1349/949/399 1336/937/386 1352/943/401
f 1344/945/378 1353/952/402 1350/950/400
f 1348/948/398 1351/951/398 1353/952/402
f 1351/951/398 1345/946/396 1354/953/403
f 1355/954/404 1347/947/378 1350/950/400
f 1344/945/378 1348/948/398 1353/952/402
f 1353/952/402 1351/951/398 1356/955/405
f 1354/953/403 1345/946/396 1357/949/403
f 1358/956/406 1355/954/404 1350/950/400
f 1353/952/402 1356/955/405 1359/957/407
f 1356/955/405 1351/951/398 1360/958/408
f 1350/950/400 1359/957/407 1358/956/406
f 1350/950/400 1353/952/402 1359/957/407
f 1360/958/408 1351/951/398 1361/953/408
f 1362/959/376 1355/954/404 1358/956/406
f 1359/957/407 1356/955/405 1363/960/409
f 1364/961/370 1362/959/376 1358/956/406
f 1359/957/407 1363/960/409 1365/962/410
f 1358/956/406 1365/962/410 1364/961/370
f 1358/956/406 1359/957/407 1365/962/410
f 1363/960/409 1356/955/405 1366/963/411
f 1366/963/411 1356/955/405 1367/958/411
f 1368/964/370 1362/959/376 1364/961/370
f 1365/962/410 1363/960/409 1369/965/412
f 1370/966/413 1368/964/370 1364/961/370
f 1365/962/410 1369/965/412 1371/967/414
f 1364/961/370 1371/967/414 1370/966/413
f 1364/961/370 1365/962/410 1371/967/414
f 1369/965/412 1363/960/409 1372/968/415
f 1372/968/415 1363/960/409 1373/963/415
f 1340/941/367 1368/964/370 1370/966/413
f 1371/967/414 1369/965/412 1374/969/416
f 1337/938/391 1340/941/367 1370/966/413
f 1371/967/414 1374/969/416 1375/970/417
f 1370/966/413 1375/970/417 1337/938/391
f 1370/966/413 1371/967/414 1375/970/417
f 1374/969/416 1369/965/412 1376/971/418
f 1376/971/418 1369/965/412 1377/968/419
f 1337/938/391 1375/970/417 1378/972/420
f 1375/970/417 1374/969/416 1379/973/421
f 1375/970/417 1379/973/421 1378/972/420
f 1337/938/391 1378/972/420 1327/928/352
f 1379/973/421 1374/969/416 1380/974/422
f 1380/974/422 1374/969/416 1381/971/423
f 1378/972/420 1379/973/421 1382/975/424
f 1327/928/352 1378/972/420 1383/976/424
f 1378/972/420 1382/975/424 1383/976/424
f 1382/975/424 1379/973/421 1384/977/425
f 1384/977/425 1379/973/421 1385/974/426
f 1383/976/424 1324/925/352 1327/928/352
f 1383/976/424 1382/975/424 1386/978/427
f 1387/979/428 1324/925/352 1383/976/424
f 1386/978/427 1382/975/424 1388/980/429
f 1388/980/429 1382/975/424 1389/977/429
f 1387/979/428 1383/976/424 1335/936/392
f 1335/936/392 1383/976/424 1386/978/427
f 1324/925/352 1387/979/428 1322/923/384
f 1335/936/392 1386/978/427 1390/944/430
f 1390/944/430 1386/978/427 1391/980/430
f 1387/979/428 1335/936/392 1329/930/388
f 1322/923/384 1387/979/428 1329/930/388
f 1392/981/28 1393/982/28 1394/983/28
f 1394/983/28 1395/984/381 1392/981/28
f 1393/982/28 1396/985/431 1394/983/28
f 1396/985/431 1395/984/381 1394/983/28
f 1392/981/28 1395/984/381 1397/986/28
f 1398/987/432 1396/985/431 1393/982/28
f 1397/986/28 1399/988/59 1392/981/28
f 1399/988/59 1398/987/432 1393/982/28
f 1392/981/28 1399/988/59 1393/982/28
f 1397/986/28 1395/984/381 1400/989/373
f 1401/990/433 1398/987/432 1399/988/59
f 1397/986/28 1400/989/373 1402/991/28
f 1403/992/59 1401/990/433 1399/988/59
f 1402/991/28 1403/992/59 1397/986/28
f 1397/986/28 1403/992/59 1399/988/59
f 1402/991/28 1400/989/373 1404/993/369
f 1405/994/434 1401/990/433 1403/992/59
f 1402/991/28 1404/993/369 1406/995/28
f 1406/995/28 1403/992/59 1402/991/28
f 1407/996/28 1405/994/434 1403/992/59
f 1407/996/28 1403/992/59 1406/995/28
f 1406/995/28 1404/993/369 1408/997/435
f 1409/998/436 1405/994/434 1407/996/28
f 1406/995/28 1408/997/435 1410/999/28
f 1407/996/28 1411/1000/354 1409/998/436
f 1407/996/28 1406/995/28 1412/1001/59
f 1412/1001/59 1406/995/28 1410/999/28
f 1412/1001/59 1411/1000/354 1407/996/28
f 1410/999/28 1408/997/435 1413/1002/359
f 1411/1000/354 1412/1001/59 1414/1003/437
f 1410/999/28 1413/1002/359 1415/1004/28
f 1414/1003/437 1412/1001/59 1415/1004/28
f 1412/1001/59 1410/999/28 1415/1004/28
f 1415/1004/28 1413/1002/359 1414/1003/437
f 1416/446/41 1417/447/41 1418/448/41
f 1418/448/41 1417/447/41 1419/449/41
f 1419/449/41 1417/447/41 1420/450/41
f 1420/450/41 1417/447/41 1421/451/41
f 1420/450/41 1421/451/41 1422/452/41
f 1422/452/41 1421/451/41 1423/453/41
f 1423/453/41 1424/454/41 1422/452/41
f 1425/455/41 1424/454/41 1423/453/41
f 1426/456/438 1427/457/41 1428/458/439
f 1429/459/439 1426/456/438 1428/458/439
f 1428/458/439 1427/457/41 1430/460/41
f 1429/459/439 1428/458/439 1431/461/439
f 1432/462/440 1426/456/438 1429/459/439
f 1426/456/438 1433/463/441 1427/457/41
f 1434/464/41 1428/458/439 1430/460/41
f 1431/461/439 1428/458/439 1435/465/439
f 1436/466/60 1432/462/440 1429/459/439
f 1427/457/41 1433/463/441 1437/467/41
f 1435/465/439 1428/458/439 1434/464/41
f 1438/468/60 1432/462/440 1436/466/60
f 1436/466/60 1429/459/439 1439/469/41
f 1439/469/41 1429/459/439 1431/461/439
f 1440/470/60 1435/465/439 1434/464/41
f 1441/471/41 1438/468/60 1436/466/60
f 1442/472/41 1436/466/60 1439/469/41
f 1443/473/442 1431/461/439 1435/465/439
f 1443/473/442 1435/465/439 1440/470/60
f 1441/471/41 1436/466/60 1442/472/41
f 1444/474/60 1438/468/60 1441/471/41
f 1445/475/442 1431/461/439 1443/473/442
f 1445/475/442 1439/469/41 1431/461/439
f 1440/470/60 1446/476/443 1443/473/442
f 1447/477/5 1444/474/60 1441/471/41
f 1448/478/41 1439/469/41 1445/475/442
f 1439/469/41 1448/478/41 1442/472/41
f 1449/479/443 1443/473/442 1446/476/443
f 1450/480/9 1444/474/60 1447/477/5
f 1445/475/442 1443/473/442 1449/479/443
f 1442/472/41 1448/478/41 1451/481/41
f 1447/477/5 1452/482/5 1450/480/9
f 1448/478/41 1445/475/442 1453/483/41
f 1453/483/41 1445/475/442 1449/479/443
f 1451/481/41 1454/484/5 1442/472/41
f 1447/477/5 1441/471/41 1454/484/5
f 1451/481/41 1448/478/41 1455/485/41
f 1455/485/41 1448/478/41 1453/483/41
f 1446/476/443 1456/486/442 1449/479/443
f 1454/484/5 1441/471/41 1442/472/41
f 1453/483/41 1457/487/41 1455/485/41
f 1446/476/443 1458/488/60 1456/486/442
f 1459/489/26 1454/484/5 1451/481/41
f 1449/479/443 1460/490/442 1453/483/41
f 1453/483/41 1460/490/442 1457/487/41
f 1461/491/41 1456/486/442 1458/488/60
f 1462/492/5 1447/477/5 1454/484/5
f 1449/479/443 1456/486/442 1460/490/442
f 1459/489/26 1462/492/5 1454/484/5
f 1463/493/444 1456/486/442 1461/491/41
f 1452/482/5 1447/477/5 1462/492/5
f 1460/490/442 1456/486/442 1464/494/445
f 1465/495/26 1462/492/5 1459/489/26
f 1464/494/445 1456/486/442 1463/493/444
f 1462/492/5 1466/496/446 1452/482/5
f 1464/494/445 1467/497/41 1460/490/442
f 1460/490/442 1467/497/41 1457/487/41
f 1465/495/26 1459/489/26 1468/498/26
f 1469/499/447 1466/496/446 1462/492/5
f 1470/500/444 1464/494/445 1463/493/444
f 1462/492/5 1465/495/26 1469/499/447
f 1468/498/26 1459/489/26 1471/498/26
f 1470/500/444 1463/493/444 1472/501/41
f 1473/502/444 1464/494/445 1470/500/444
f 1473/502/444 1467/497/41 1464/494/445
f 1471/498/26 1474/503/26 1468/498/26
f 1472/501/41 1463/493/444 1461/491/41
f 1470/500/444 1475/504/441 1473/502/444
f 1471/498/26 1476/505/78 1474/503/26
f 1470/500/444 1472/501/41 1475/504/441
f 1468/498/26 1474/503/26 1477/506/26
f 1473/502/444 1475/504/441 1478/507/438
f 1455/485/41 1476/505/78 1471/498/26
f 1477/506/26 1479/508/448 1468/498/26
f 1478/507/438 1480/509/60 1473/502/444
f 1455/485/41 1457/487/41 1476/505/78
f 1481/510/449 1479/508/448 1477/506/26
f 1475/504/441 1482/511/441 1478/507/438
f 1471/498/26 1451/481/41 1455/485/41
f 1477/506/26 1483/512/450 1481/510/449
f 1433/463/441 1482/511/441 1475/504/441
f 1459/489/26 1451/481/41 1471/498/26
f 1484/513/132 1483/512/450 1477/506/26
f 1485/514/41 1433/463/441 1475/504/441
f 1482/511/441 1486/515/60 1478/507/438
f 1483/512/450 1484/513/132 1487/516/451
f 1437/467/41 1433/463/441 1485/514/41
f 1475/504/441 1472/501/41 1485/514/41
f 1478/507/438 1486/515/60 1488/517/41
f 1487/516/451 1484/513/132 1489/518/132
f 1433/463/441 1426/456/438 1482/511/441
f 1488/517/41 1480/509/60 1478/507/438
f 1490/519/9 1487/516/451 1489/518/132
f 1489/518/132 1484/513/132 1491/520/132
f 1482/511/441 1426/456/438 1432/462/440
f 1432/462/440 1486/515/60 1482/511/441
f 1492/521/452 1487/516/451 1490/519/9
f 1491/520/132 1484/513/132 1493/522/132
f 1438/468/60 1486/515/60 1432/462/440
f 1490/519/9 1494/523/453 1492/521/452
f 1491/520/132 1493/522/132 1495/524/60
f 1438/468/60 1496/525/60 1486/515/60
f 1497/526/17 1494/523/453 1490/519/9
f 1498/527/60 1491/520/132 1495/524/60
f 1444/474/60 1496/525/60 1438/468/60
f 1499/528/17 1497/526/17 1490/519/9
f 1499/528/17 1491/520/132 1498/527/60
f 1495/524/60 1488/517/41 1498/527/60
f 1486/515/60 1496/525/60 1488/517/41
f 1500/526/17 1497/526/17 1499/528/17
f 1444/474/60 1500/526/17 1496/525/60
f 1480/509/60 1488/517/41 1495/524/60
f 1488/517/41 1496/525/60 1498/527/60
f 1450/480/9 1497/526/17 1500/526/17
f 1450/480/9 1500/526/17 1444/474/60
f 1498/527/60 1500/526/17 1499/528/17
f 1495/524/60 1501/529/41 1480/509/60
f 1496/525/60 1500/526/17 1498/527/60
f 1502/530/9 1497/526/17 1450/480/9
f 1495/524/60 1493/522/132 1501/529/41
f 1480/509/60 1501/529/41 1467/497/41
f 1491/520/132 1499/528/17 1489/518/132
f 1450/480/9 1452/482/5 1502/530/9
f 1480/509/60 1467/497/41 1473/502/444
f 1467/497/41 1501/529/41 1457/487/41
f 1489/518/132 1499/528/17 1490/519/9
f 1452/482/5 1466/496/446 1502/530/9
f 1501/529/41 1493/522/132 1476/505/78
f 1457/487/41 1501/529/41 1476/505/78
f 1502/530/9 1466/496/446 1503/531/454
f 1476/505/78 1493/522/132 1474/503/26
f 1503/531/454 1494/523/453 1502/530/9
f 1502/530/9 1494/523/453 1497/526/17
f 1493/522/132 1484/513/132 1474/503/26
f 1474/503/26 1484/513/132 1477/506/26
f 1504/532/41 1458/488/60 1446/476/443
f 1504/532/41 1446/476/443 1440/470/60
f 1469/499/447 1465/495/26 1505/533/455
f 1505/533/455 1465/495/26 1479/508/448
f 1479/508/448 1465/495/26 1468/498/26
f 1506/160/456 1507/161/457 1508/162/5
f 1508/162/5 1509/163/60 1506/160/456
f 1508/162/5 1507/161/457 1510/164/5
f 1506/160/456 1509/163/60 1511/165/458
f 1510/164/5 1512/166/5 1508/162/5
f 1510/164/5 1507/161/457 1513/167/28
f 1509/163/60 1508/162/5 1514/168/83
f 1512/166/5 1510/164/5 1515/169/59
f 1515/169/59 1510/164/5 1513/167/28
f 1513/167/28 1507/161/457 1516/170/459
f 1508/162/5 1512/166/5 1517/171/460
f 1514/168/83 1508/162/5 1517/171/460
f 1512/166/5 1518/172/9 1517/171/460
f 1517/171/460 1518/172/9 1519/173/160
f 1520/174/461 1521/1005/462 1522/176/59
f 1522/176/59 1521/1005/462 1523/1006/59
f 1522/176/59 1523/1006/59 1524/178/59
f 1521/1005/462 1525/175/462 1523/1006/59
f 1524/178/59 1523/1006/59 1526/1007/59
f 1523/1006/59 1525/175/462 1527/177/59
f 1524/178/59 1526/1007/59 1528/180/126
f 1527/177/59 1529/179/59 1523/1006/59
f 1523/1006/59 1529/179/59 1526/1007/59
f 1528/180/126 1526/1007/59 1530/1008/9
f 1529/179/59 1531/181/126 1526/1007/59
f 1526/1007/59 1531/181/126 1530/1008/9
f 1532/182/9 1533/183/9 1534/184/17
f 1532/182/9 1535/185/17 1533/183/9
f 1534/184/17 1533/183/9 1536/186/9
f 1537/187/463 1535/185/17 1532/182/9
f 1536/186/9 1538/188/9 1534/184/17
f 1535/185/17 1539/189/464 1533/183/9
f 1540/190/5 1537/187/463 1532/182/9
f 1538/188/9 1536/186/9 1541/191/465
f 1534/184/17 1538/188/9 1542/192/9
f 1533/183/9 1539/189/464 1543/193/466
f 1544/194/28 1537/187/463 1540/190/5
f 1533/183/9 1543/193/466 1536/186/9
f 1542/192/9 1545/195/5 1534/184/17
f 1541/191/465 1536/186/9 1546/196/467
f 1547/197/17 1538/188/17 1548/1009/17
f 1536/186/9 1543/193/466 1546/196/467
f 1549/199/60 1545/195/5 1542/192/9
f 1548/1009/17 1538/188/17 1550/1010/17
f 1550/1010/17 1551/198/17 1548/1009/17
f 1552/200/17 1551/198/17 1550/1010/17
f 1553/1011/468 1554/203/469 1555/1012/470
f 1555/1012/470 1556/202/471 1553/1011/468
f 1555/1012/470 1554/203/469 1557/201/469
f 1558/1013/9 1556/202/471 1555/1012/470
f 1557/201/469 1558/1013/9 1555/1012/470
f 1553/1011/468 1556/202/471 1559/205/468
f 1557/201/469 1554/203/469 1560/204/469
f 1561/207/160 1558/1013/9 1557/201/469
f 1562/206/126 1556/202/471 1558/1013/9
f 1560/204/469 1554/203/469 1563/208/469
f 1564/208/472 1565/209/473 1563/208/473
f 1566/209/467 1565/209/473 1564/208/472
f 1567/210/465 1566/209/467 1564/208/472
f 1568/211/474 1566/209/467 1567/210/465
f 1569/212/465 1570/213/475 1571/1014/476
f 1572/1015/17 1569/212/465 1571/1014/476
f 1571/1014/476 1570/213/475 1573/1016/477
f 1574/215/245 1569/212/465 1572/1015/17
f 1573/1016/477 1575/179/477 1571/1014/476
f 1571/1014/476 1576/181/17 1572/1015/17
f 1575/179/477 1576/181/17 1571/1014/476
f 1577/214/477 1575/179/477 1573/1016/477
f 1578/216/478 1579/217/41 1580/1017/479
f 1580/1017/479 1579/217/41 1581/1018/41
f 1581/1018/41 1582/218/479 1580/1017/479
f 1579/217/41 1583/220/41 1581/1018/41
f 1584/219/41 1582/218/479 1581/1018/41
f 1581/1018/41 1583/220/41 1585/1019/480
f 1585/1019/480 1584/219/41 1581/1018/41
f 1583/220/41 1586/221/17 1585/1019/480
f 1587/202/481 1584/219/41 1585/1019/480
f 1585/1019/480 1586/221/17 1588/1020/17
f 1588/1020/17 1587/202/481 1585/1019/480
f 1589/206/482 1587/202/481 1588/1020/17
f 1590/222/9 1591/1021/9 1535/185/9
f 1535/185/9 1591/1021/9 1592/1022/17
f 1591/1021/9 1593/198/9 1592/1022/17
f 1594/200/9 1593/198/9 1591/1021/9
f 1595/223/9 1596/224/17 1597/225/9
f 1595/223/9 1598/226/464 1596/224/17
f 1595/223/9 1597/225/9 1598/226/464
f 1597/225/9 1596/224/17 1599/227/9
f 1596/224/17 1598/226/464 1600/228/469
f 1599/227/9 1601/229/467 1597/225/9
f 1598/226/464 1597/225/9 1601/229/467
f 1600/228/469 1602/1023/468 1596/224/17
f 1603/231/465 1601/229/467 1599/227/9
f 1596/224/17 1602/1023/468 1604/1024/17
f 1603/231/465 1599/227/9 1605/1025/477
f 1599/227/9 1596/224/17 1606/1026/9
f 1606/1026/9 1596/224/17 1604/1024/17
f 1605/1025/477 1599/227/9 1606/1026/9
f 1607/230/468 1604/1024/17 1602/1023/468
f 1608/234/9 1605/1025/477 1606/1026/9
f 1606/1026/9 1604/1024/17 1608/234/9
f 1609/232/17 1604/1024/17 1607/230/468
f 1608/234/9 1604/1024/17 1609/232/17
f 1610/233/477 1605/1025/477 1608/234/9
