# Blender 4.1.1
# www.blender.org
mtllib Theatre.mtl
o GUI_Map_Theater1_pieces:GUI_Map_Theater1:GUI_Map_Theater_D
v -0.002460 0.002359 -0.019998
v -0.002371 0.002574 -0.020068
v -0.002423 0.002788 -0.019998
v -0.006418 0.002359 -0.019998
v -0.006455 0.002788 -0.019998
v -0.006506 0.002574 -0.020068
v -0.004273 0.002981 -0.017920
v -0.004252 0.002990 -0.017979
v -0.004352 0.003060 -0.017920
v -0.004252 0.002861 -0.017979
v -0.004343 0.003081 -0.017979
v -0.004273 0.002870 -0.017920
v -0.004463 0.003060 -0.017920
v -0.004343 0.002770 -0.017979
v -0.004370 0.003015 -0.017878
v -0.004472 0.003081 -0.017979
v -0.004352 0.002791 -0.017920
v -0.004318 0.002962 -0.017878
v -0.004563 0.002990 -0.017967
v -0.004472 0.002770 -0.017979
v -0.004444 0.003015 -0.017878
v -0.004463 0.002791 -0.017920
v -0.004318 0.002888 -0.017878
v -0.004542 0.002981 -0.017910
v -0.004563 0.002861 -0.017967
v -0.004370 0.002836 -0.017878
v -0.004497 0.002962 -0.017868
v -0.004542 0.002870 -0.017910
v -0.004407 0.002925 -0.017849
v -0.004497 0.002888 -0.017868
v -0.004444 0.002836 -0.017878
v -0.004273 0.002344 -0.017920
v -0.004252 0.002353 -0.017979
v -0.004352 0.002423 -0.017920
v -0.004252 0.002224 -0.017979
v -0.004343 0.002444 -0.017979
v -0.004273 0.002233 -0.017920
v -0.004463 0.002423 -0.017920
v -0.004343 0.002133 -0.017979
v -0.004370 0.002378 -0.017878
v -0.004472 0.002444 -0.017979
v -0.004352 0.002154 -0.017920
v -0.004318 0.002325 -0.017878
v -0.004563 0.002353 -0.017967
v -0.004472 0.002133 -0.017979
v -0.004444 0.002378 -0.017878
v -0.004463 0.002154 -0.017920
v -0.004318 0.002251 -0.017878
v -0.004542 0.002344 -0.017910
v -0.004563 0.002224 -0.017967
v -0.004370 0.002199 -0.017878
v -0.004497 0.002325 -0.017868
v -0.004542 0.002233 -0.017910
v -0.004407 0.002288 -0.017849
v -0.004497 0.002251 -0.017868
v -0.004444 0.002199 -0.017878
v -0.002370 0.001814 -0.019893
v -0.002370 0.000850 -0.019892
v -0.002350 0.001774 -0.019828
v -0.002392 0.001844 -0.019998
v -0.002350 0.000888 -0.019828
v -0.002314 0.001814 -0.019828
v -0.002392 0.000819 -0.019998
v -0.002314 0.000850 -0.019828
v -0.002341 0.001843 -0.019893
v -0.002416 0.000836 -0.020068
v -0.002341 0.000820 -0.019892
v -0.001695 0.001843 -0.019893
v -0.002415 0.001855 -0.020068
v -0.001722 0.001814 -0.019828
v -0.002384 0.001899 -0.020068
v -0.002354 0.000791 -0.020068
v -0.001666 0.001813 -0.019893
v -0.001723 0.000850 -0.019828
v -0.002361 0.001875 -0.019998
v -0.001686 0.001775 -0.019828
v -0.001695 0.000820 -0.019892
v -0.001655 0.001900 -0.020068
v -0.001666 0.000850 -0.019892
v -0.002361 0.000789 -0.019998
v -0.001675 0.001874 -0.019998
v -0.001686 0.000887 -0.019828
v -0.001644 0.000819 -0.019998
v -0.001675 0.000789 -0.019998
v -0.001644 0.001844 -0.019998
v -0.001581 0.001868 -0.020068
v -0.001665 0.000790 -0.020072
v -0.001607 0.000841 -0.020068
v -0.002350 0.001774 -0.019828
v -0.002350 0.000888 -0.019828
v -0.002284 0.001714 -0.019828
v -0.002256 0.001743 -0.019828
v -0.002314 0.001814 -0.019828
v -0.002284 0.000943 -0.019828
v -0.002314 0.000850 -0.019828
v -0.002255 0.000915 -0.019828
v -0.002255 0.000915 -0.019828
v -0.002314 0.000850 -0.019828
v -0.001784 0.000913 -0.019828
v -0.001723 0.000850 -0.019828
v -0.001755 0.000941 -0.019828
v -0.001686 0.000887 -0.019828
v -0.001686 0.001775 -0.019828
v -0.001754 0.001714 -0.019828
v -0.001686 0.000887 -0.019828
v -0.001783 0.001742 -0.019828
v -0.001755 0.000941 -0.019828
v -0.001722 0.001814 -0.019828
v -0.001722 0.001814 -0.019828
v -0.002314 0.001814 -0.019828
v -0.001783 0.001742 -0.019828
v -0.002256 0.001743 -0.019828
v -0.002880 0.004559 -0.022678
v -0.002883 0.004559 -0.023612
v -0.002940 0.004625 -0.022678
v -0.002940 0.004624 -0.023656
v -0.002228 0.004162 -0.019978
v -0.001058 0.004162 -0.019978
v -0.002187 0.004489 -0.019978
v -0.001082 0.004111 -0.019998
v -0.001057 0.004489 -0.019978
v -0.002234 0.004110 -0.019999
v -0.001092 0.004559 -0.020048
v -0.000987 0.004162 -0.020049
v -0.001141 0.004060 -0.020048
v -0.000987 0.004489 -0.020048
v -0.002177 0.004559 -0.020046
v -0.002239 0.004060 -0.020047
v -0.002180 0.004559 -0.021363
v -0.000987 0.004162 -0.021366
v -0.001168 0.004009 -0.020068
v -0.001057 0.004559 -0.020106
v -0.000987 0.004489 -0.021366
v -0.002244 0.004009 -0.020068
v -0.001057 0.004559 -0.021366
v -0.000987 0.004489 -0.021643
v -0.001097 0.004009 -0.020138
v -0.001057 0.004559 -0.021643
v -0.001072 0.004058 -0.020120
v -0.000987 0.004161 -0.021643
v -0.002252 0.004559 -0.021432
v -0.001070 0.004058 -0.021366
v -0.001057 0.004559 -0.022678
v -0.001010 0.004112 -0.021366
v -0.001096 0.004009 -0.021366
v -0.002249 0.004559 -0.022678
v -0.001010 0.004111 -0.021643
v -0.001071 0.004058 -0.021643
v -0.001057 0.004559 -0.023537
v -0.000987 0.004489 -0.022678
v -0.000987 0.004161 -0.022678
v -0.000987 0.004489 -0.023606
v -0.001096 0.004009 -0.021643
v -0.001057 0.004489 -0.023676
v -0.001010 0.004111 -0.022678
v -0.000987 0.004160 -0.023605
v -0.001131 0.004559 -0.023606
v -0.001010 0.004111 -0.023582
v -0.001071 0.004058 -0.022678
v -0.002257 0.004489 -0.023676
v -0.001097 0.004009 -0.022678
v -0.001058 0.004160 -0.023676
v -0.002248 0.004559 -0.023606
v -0.001097 0.004009 -0.023495
v -0.002298 0.004160 -0.023676
v -0.001080 0.004111 -0.023653
v -0.001071 0.004058 -0.023518
v -0.002874 0.004489 -0.023676
v -0.002889 0.004160 -0.023676
v -0.001143 0.004058 -0.023589
v -0.002883 0.004559 -0.023612
v -0.002304 0.004111 -0.023653
v -0.001168 0.004009 -0.023566
v -0.002880 0.004559 -0.022678
v -0.002309 0.004058 -0.023589
v -0.002878 0.004559 -0.021643
v -0.002883 0.004559 -0.023612
v -0.002314 0.004009 -0.023566
v -0.002250 0.004559 -0.021643
v -0.002891 0.004111 -0.023653
v -0.002893 0.004058 -0.023589
v -0.002871 0.004559 -0.021436
v -0.002895 0.004009 -0.023566
v -0.001009 0.004112 -0.020068
v -0.002771 0.006330 -0.023942
v -0.002771 0.006330 -0.022679
v -0.002771 0.006176 -0.023941
v -0.002841 0.006330 -0.024012
v -0.002771 0.006176 -0.022679
v -0.002870 0.006400 -0.023942
v -0.002843 0.006176 -0.024012
v -0.002848 0.006400 -0.023882
v -0.002771 0.006330 -0.021643
v -0.004439 0.006330 -0.024012
v -0.002841 0.006400 -0.022678
v -0.002841 0.006400 -0.021643
v -0.004439 0.006176 -0.024012
v -0.004439 0.006400 -0.023888
v -0.002863 0.006120 -0.023996
v -0.004439 0.006400 -0.022678
v -0.002841 0.006400 -0.021484
v -0.004439 0.006120 -0.023996
v -0.003842 0.006400 -0.021535
v -0.004439 0.006400 -0.023942
v -0.002921 0.006044 -0.023949
v -0.003833 0.006400 -0.020404
v -0.006008 0.006400 -0.023942
v -0.004439 0.006045 -0.023950
v -0.002842 0.006400 -0.020461
v -0.006030 0.006400 -0.023882
v -0.002942 0.005989 -0.023934
v -0.002771 0.006330 -0.021481
v -0.002852 0.006042 -0.023878
v -0.002772 0.006330 -0.020405
v -0.006037 0.006400 -0.022678
v -0.002871 0.005989 -0.023864
v -0.002842 0.006330 -0.020335
v -0.006107 0.006330 -0.022679
v -0.002851 0.006043 -0.022679
v -0.002907 0.006400 -0.020405
v -0.006107 0.006330 -0.023942
v -0.002790 0.006122 -0.022679
v -0.003831 0.006330 -0.020334
v -0.006107 0.006176 -0.023941
v -0.002789 0.006122 -0.023926
v -0.006107 0.006176 -0.022679
v -0.002790 0.006122 -0.021643
v -0.002843 0.006176 -0.020335
v -0.006107 0.006330 -0.021643
v -0.003831 0.006176 -0.020334
v -0.006037 0.006400 -0.021643
v -0.006036 0.006400 -0.021484
v -0.002771 0.006176 -0.021643
v -0.005036 0.006400 -0.021535
v -0.005045 0.006400 -0.020404
v -0.004936 0.006400 -0.021638
v -0.006036 0.006400 -0.020461
v -0.002771 0.006176 -0.021479
v -0.006106 0.006330 -0.021481
v -0.006106 0.006330 -0.020405
v -0.002772 0.006176 -0.020407
v -0.004439 0.006400 -0.021636
v -0.006036 0.006330 -0.020335
v -0.003942 0.006400 -0.021638
v -0.006034 0.006176 -0.020335
v -0.005971 0.006400 -0.020405
v -0.002861 0.006124 -0.020354
v -0.002789 0.006123 -0.020427
v -0.005047 0.006330 -0.020334
v -0.002924 0.006041 -0.020423
v -0.003831 0.006123 -0.020353
v -0.002852 0.006042 -0.020494
v -0.005047 0.006176 -0.020334
v -0.003831 0.006042 -0.020421
v -0.002790 0.006122 -0.021480
v -0.006017 0.006124 -0.020354
v -0.002942 0.005998 -0.020442
v -0.005047 0.006123 -0.020353
v -0.002851 0.006043 -0.021482
v -0.003831 0.005989 -0.020440
v -0.005954 0.006041 -0.020423
v -0.002871 0.005989 -0.020513
v -0.006088 0.006123 -0.020427
v -0.005047 0.006042 -0.020421
v -0.006106 0.006176 -0.020407
v -0.002851 0.006043 -0.021643
v -0.002871 0.005989 -0.021482
v -0.005935 0.005998 -0.020442
v -0.006026 0.006042 -0.020494
v -0.006088 0.006122 -0.021480
v -0.002871 0.005989 -0.021643
v -0.005047 0.005989 -0.020440
v -0.006026 0.006043 -0.021482
v -0.006106 0.006176 -0.021479
v -0.002871 0.005989 -0.022679
v -0.006088 0.006122 -0.021643
v -0.006026 0.006043 -0.021643
v -0.006107 0.006176 -0.021643
v -0.006026 0.006043 -0.022679
v -0.006007 0.005989 -0.021482
v -0.006088 0.006122 -0.022679
v -0.006007 0.005989 -0.021643
v -0.006007 0.005989 -0.020513
v -0.006007 0.005989 -0.022679
v -0.006026 0.006042 -0.023878
v -0.006088 0.006122 -0.023926
v -0.006007 0.005989 -0.023864
v -0.005957 0.006044 -0.023949
v -0.006015 0.006120 -0.023996
v -0.006035 0.006176 -0.024012
v -0.005936 0.005989 -0.023934
v -0.006036 0.006330 -0.024012
v -0.004439 0.005989 -0.023934
v -0.002871 0.005989 -0.023864
v -0.002871 0.005989 -0.022679
v -0.002906 0.005181 -0.023864
v -0.002942 0.005989 -0.023934
v -0.002906 0.005181 -0.022679
v -0.002976 0.005181 -0.023934
v -0.002871 0.005989 -0.021643
v -0.004439 0.005989 -0.023934
v -0.002906 0.005177 -0.021643
v -0.004439 0.005181 -0.023934
v -0.002891 0.005470 -0.021544
v -0.003002 0.004706 -0.023934
v -0.005901 0.005181 -0.023934
v -0.002883 0.005582 -0.021479
v -0.002904 0.005233 -0.021546
v -0.002932 0.004706 -0.023864
v -0.005936 0.005989 -0.023934
v -0.002905 0.005203 -0.021529
v -0.002906 0.005181 -0.023864
v -0.004439 0.004706 -0.023934
v -0.002907 0.005159 -0.021454
v -0.002940 0.004624 -0.023656
v -0.003028 0.004156 -0.023934
v -0.002908 0.005129 -0.021436
v -0.002906 0.005181 -0.022679
v -0.002960 0.004160 -0.023859
v -0.004439 0.004150 -0.023934
v -0.002940 0.004625 -0.022678
v -0.002944 0.004516 -0.023746
v -0.005850 0.004156 -0.023934
v -0.002906 0.005177 -0.021643
v -0.005876 0.004706 -0.023934
v -0.002939 0.004626 -0.021643
v -0.003035 0.004009 -0.023934
v -0.002937 0.004628 -0.021506
v -0.002965 0.004009 -0.023864
v -0.002959 0.004160 -0.023748
v -0.005946 0.004706 -0.023864
v -0.003006 0.003209 -0.023864
v -0.002933 0.004698 -0.021436
v -0.005918 0.004160 -0.023859
v -0.002965 0.004009 -0.023637
v -0.003076 0.003209 -0.023934
v -0.005971 0.005181 -0.023864
v -0.004439 0.004009 -0.023934
v -0.003006 0.003209 -0.023636
v -0.005913 0.004009 -0.023864
v -0.004439 0.003209 -0.023934
v -0.003039 0.002573 -0.023636
v -0.005843 0.004009 -0.023934
v -0.003109 0.002573 -0.023934
v -0.002936 0.003209 -0.023566
v -0.005801 0.003209 -0.023934
v -0.004439 0.002573 -0.023934
v -0.002895 0.004009 -0.023566
v -0.005871 0.003209 -0.023864
v -0.003139 0.001990 -0.023934
v -0.005769 0.002573 -0.023934
v -0.003069 0.001990 -0.023864
v -0.005839 0.002573 -0.023864
v -0.003039 0.002573 -0.023864
v -0.005839 0.002573 -0.023636
v -0.005738 0.001990 -0.023934
v -0.003069 0.001990 -0.023636
v -0.005872 0.003209 -0.023636
v -0.005808 0.001990 -0.023864
v -0.005913 0.004009 -0.023637
v -0.005809 0.001990 -0.023636
v -0.003126 0.000784 -0.023864
v -0.005909 0.002573 -0.023566
v -0.003126 0.000784 -0.023636
v -0.005915 0.004057 -0.023672
v -0.005879 0.001990 -0.023566
v -0.005942 0.003209 -0.023566
v -0.005822 0.000784 -0.023566
v -0.003196 0.000784 -0.023934
v -0.005983 0.004009 -0.023566
v -0.005752 0.000784 -0.023636
v -0.004439 0.001990 -0.023934
v -0.005916 0.004114 -0.023715
v -0.005752 0.000784 -0.023864
v -0.004439 0.000784 -0.023934
v -0.005918 0.004160 -0.023748
v -0.005682 0.000784 -0.023934
v -0.005934 0.004516 -0.023746
v -0.005937 0.004624 -0.023656
v -0.005971 0.005181 -0.022679
v -0.005938 0.004625 -0.022678
v -0.005971 0.005177 -0.021643
v -0.005939 0.004626 -0.021643
v -0.005941 0.004628 -0.021506
v -0.005969 0.005129 -0.021436
v -0.005945 0.004698 -0.021436
v -0.005971 0.005177 -0.021643
v -0.005971 0.005159 -0.021454
v -0.005972 0.005203 -0.021529
v -0.005974 0.005233 -0.021546
v -0.005987 0.005470 -0.021544
v -0.006007 0.005989 -0.021643
v -0.005994 0.005582 -0.021479
v -0.005971 0.005181 -0.022679
v -0.006007 0.005989 -0.021482
v -0.006007 0.005989 -0.022679
v -0.006007 0.005989 -0.020513
v -0.005971 0.005181 -0.023864
v -0.005993 0.005582 -0.020512
v -0.006007 0.005989 -0.023864
v -0.005923 0.005582 -0.020442
v -0.005935 0.005998 -0.020442
v -0.002115 0.005511 -0.019970
v -0.002887 0.005512 -0.019970
v -0.002116 0.005511 -0.019788
v -0.002046 0.005441 -0.019970
v -0.002177 0.005511 -0.019718
v -0.002046 0.005441 -0.021403
v -0.002888 0.005512 -0.020342
v -0.002046 0.005441 -0.019718
v -0.002046 0.005233 -0.021401
v -0.002115 0.005511 -0.021403
v -0.003831 0.005512 -0.019972
v -0.002046 0.005233 -0.019720
v -0.002825 0.005512 -0.020446
v -0.002887 0.005511 -0.019718
v -0.002046 0.005233 -0.019970
v -0.003830 0.005512 -0.020369
v -0.002892 0.005441 -0.019648
v -0.002063 0.005204 -0.021385
v -0.002116 0.005441 -0.019648
v -0.003833 0.005511 -0.019698
v -0.002119 0.005233 -0.021473
v -0.002063 0.005204 -0.019970
v -0.002119 0.005233 -0.019648
v -0.003831 0.005441 -0.019648
v -0.002145 0.005159 -0.021310
v -0.002904 0.005233 -0.019648
v -0.002062 0.005205 -0.019731
v -0.002144 0.005159 -0.019970
v -0.003831 0.005233 -0.019648
v -0.002136 0.005204 -0.021457
v -0.002146 0.005158 -0.019790
v -0.002140 0.005202 -0.019663
v -0.002218 0.005159 -0.021381
v -0.002164 0.005130 -0.021294
v -0.002835 0.005203 -0.021456
v -0.002164 0.005130 -0.019970
v -0.002214 0.005161 -0.019716
v -0.002834 0.005233 -0.021474
v -0.002237 0.005129 -0.021365
v -0.002906 0.005201 -0.019664
v -0.002837 0.005160 -0.021383
v -0.002907 0.005162 -0.019714
v -0.002821 0.005442 -0.021473
v -0.002838 0.005129 -0.021365
v -0.003831 0.005201 -0.019664
v -0.002238 0.005129 -0.019730
v -0.002116 0.005441 -0.021473
v -0.003831 0.005162 -0.019714
v -0.002164 0.005130 -0.019801
v -0.002817 0.005512 -0.021403
v -0.002908 0.005129 -0.019730
v -0.003831 0.005129 -0.019730
v -0.002237 0.005129 -0.021365
v -0.002309 0.004629 -0.021365
v -0.002838 0.005129 -0.021365
v -0.002866 0.004629 -0.021366
v -0.002164 0.005130 -0.019801
v -0.002242 0.004616 -0.019971
v -0.002164 0.005130 -0.019970
v -0.002249 0.004559 -0.019800
v -0.002238 0.004628 -0.021295
v -0.002244 0.004511 -0.019908
v -0.002164 0.005130 -0.021294
v -0.002908 0.005129 -0.019730
v -0.003831 0.005129 -0.019730
v -0.002940 0.004559 -0.019730
v -0.002319 0.004559 -0.019730
v -0.003831 0.004559 -0.019730
v -0.002238 0.005129 -0.019730
v -0.002959 0.004161 -0.019730
v -0.002249 0.004559 -0.019800
v -0.003831 0.004162 -0.019730
v -0.002369 0.004161 -0.019730
v -0.002164 0.005130 -0.019801
v -0.002965 0.004009 -0.019730
v -0.002384 0.004009 -0.019730
v -0.002298 0.004161 -0.019800
v -0.003831 0.004009 -0.019730
v -0.002456 0.003279 -0.019730
v -0.002314 0.004009 -0.019800
v -0.003003 0.003279 -0.019730
v -0.002388 0.003209 -0.019800
v -0.003831 0.003279 -0.019730
v -0.002314 0.004009 -0.019997
v -0.002314 0.004009 -0.019800
v -0.002388 0.003209 -0.019998
v -0.002318 0.003209 -0.020068
v -0.002388 0.003209 -0.019800
v -0.002244 0.004009 -0.020068
v -0.002423 0.002788 -0.019801
v -0.002305 0.004066 -0.019971
v -0.002423 0.002788 -0.019998
v -0.002295 0.004106 -0.019932
v -0.002460 0.002359 -0.019801
v -0.002298 0.004161 -0.019800
v -0.002453 0.002788 -0.019667
v -0.002460 0.002359 -0.019998
v -0.002285 0.004161 -0.019907
v -0.002490 0.002359 -0.019667
v -0.002485 0.001990 -0.019998
v -0.002244 0.004511 -0.019908
v -0.002249 0.004559 -0.019800
v -0.002485 0.001990 -0.019788
v -0.002578 0.000784 -0.019800
v -0.002578 0.000784 -0.019998
v -0.002485 0.001990 -0.019998
v -0.002431 0.001932 -0.020068
v -0.002410 0.001972 -0.020062
v -0.002506 0.000791 -0.020062
v -0.002410 0.001972 -0.020062
v -0.002460 0.002359 -0.019998
v -0.002371 0.002574 -0.020068
v -0.001379 0.001973 -0.020071
v -0.001307 0.002574 -0.020068
v -0.002506 0.000791 -0.020062
v -0.002415 0.001855 -0.020068
v -0.001655 0.001900 -0.020068
v -0.002384 0.001899 -0.020068
v -0.002318 0.003209 -0.020068
v -0.002416 0.000836 -0.020068
v -0.002384 0.001899 -0.020068
v -0.002354 0.000791 -0.020068
v -0.002423 0.002788 -0.019998
v -0.002410 0.001972 -0.020062
v -0.001243 0.003209 -0.020068
v -0.002388 0.003209 -0.019998
v -0.002244 0.004009 -0.020068
v -0.001168 0.004009 -0.020068
v -0.003901 0.005511 -0.019578
v -0.003901 0.005581 -0.019648
v -0.003901 0.005964 -0.019021
v -0.003901 0.005511 -0.019050
v -0.003901 0.005964 -0.019648
v -0.003901 0.005233 -0.019069
v -0.003901 0.005964 -0.019956
v -0.003971 0.005511 -0.018979
v -0.003901 0.005233 -0.019576
v -0.003901 0.006017 -0.019954
v -0.003971 0.005233 -0.018998
v -0.003901 0.005129 -0.019074
v -0.003901 0.006017 -0.020353
v -0.004439 0.005511 -0.018979
v -0.003971 0.005130 -0.019004
v -0.003901 0.006122 -0.020282
v -0.004439 0.005964 -0.018952
v -0.004439 0.005233 -0.018998
v -0.003901 0.006122 -0.019951
v -0.003971 0.005964 -0.018951
v -0.003901 0.006184 -0.020262
v -0.004439 0.006016 -0.018948
v -0.004439 0.005130 -0.019003
v -0.003901 0.006184 -0.019948
v -0.003901 0.006017 -0.019018
v -0.004439 0.004559 -0.019048
v -0.003901 0.006375 -0.020267
v -0.003901 0.006017 -0.019648
v -0.004907 0.005233 -0.018998
v -0.003971 0.004559 -0.019048
v -0.004907 0.005130 -0.019004
v -0.004907 0.004559 -0.019048
v -0.003901 0.004559 -0.019118
v -0.004977 0.005129 -0.019074
v -0.003901 0.005129 -0.019660
v -0.003901 0.006122 -0.019648
v -0.004977 0.005233 -0.019069
v -0.004977 0.005233 -0.019576
v -0.003901 0.004559 -0.019660
v -0.003901 0.006184 -0.019648
v -0.004977 0.005511 -0.019578
v -0.003831 0.004559 -0.019730
v -0.003901 0.007124 -0.019648
v -0.004977 0.005511 -0.019050
v -0.003831 0.005129 -0.019730
v -0.003901 0.007124 -0.019948
v -0.004907 0.005511 -0.018979
v -0.004977 0.005964 -0.019021
v -0.003831 0.004162 -0.019730
v -0.003968 0.007212 -0.019648
v -0.004977 0.005581 -0.019648
v -0.003901 0.004162 -0.019660
v -0.003968 0.007212 -0.018982
v -0.003831 0.004009 -0.019730
v -0.003968 0.007212 -0.019948
v -0.003901 0.007124 -0.018944
v -0.004273 0.007295 -0.019648
v -0.004439 0.005964 -0.018952
v -0.003901 0.006184 -0.019007
v -0.004907 0.005964 -0.018951
v -0.003971 0.006184 -0.018937
v -0.004273 0.007295 -0.019948
v -0.004439 0.007295 -0.019648
v -0.004977 0.006017 -0.019018
v -0.004273 0.007295 -0.020322
v -0.003901 0.006123 -0.019012
v -0.004907 0.006017 -0.018948
v -0.003968 0.007212 -0.020322
v -0.004977 0.006123 -0.019012
v -0.003968 0.007212 -0.021411
v -0.004907 0.006123 -0.018941
v -0.004273 0.007293 -0.021428
v -0.004977 0.006184 -0.019007
v -0.004439 0.007293 -0.021427
v -0.003901 0.007124 -0.020323
v -0.004907 0.006184 -0.018937
v -0.004004 0.007212 -0.021478
v -0.004439 0.007295 -0.020322
v -0.004977 0.007124 -0.018944
v -0.003900 0.007124 -0.021490
v -0.004439 0.007293 -0.021490
v -0.004977 0.007124 -0.019648
v -0.003970 0.007140 -0.021560
v -0.004273 0.007293 -0.021490
v -0.004907 0.007141 -0.018873
v -0.004273 0.007221 -0.021560
v -0.004439 0.007222 -0.021560
v -0.004881 0.007212 -0.018938
v -0.003971 0.006470 -0.021560
v -0.004605 0.007224 -0.018869
v -0.004439 0.006470 -0.021560
v -0.004605 0.007295 -0.018934
v -0.004439 0.006184 -0.018937
v -0.004605 0.007293 -0.021490
v -0.004605 0.007221 -0.021560
v -0.003901 0.006470 -0.021490
v -0.004439 0.007225 -0.018869
v -0.003901 0.006471 -0.020355
v -0.004874 0.007212 -0.021478
v -0.004273 0.007224 -0.018869
v -0.004439 0.007295 -0.018934
v -0.004605 0.007293 -0.021428
v -0.004273 0.007295 -0.018934
v -0.004910 0.007212 -0.021411
v -0.004273 0.007295 -0.018978
v -0.004605 0.007295 -0.020322
v -0.004439 0.007295 -0.018993
v -0.003971 0.007141 -0.018873
v -0.004910 0.007212 -0.020322
v -0.003997 0.007212 -0.018938
v -0.004605 0.007295 -0.019648
v -0.004605 0.007295 -0.019948
v -0.004605 0.007295 -0.018978
v -0.004910 0.007212 -0.019948
v -0.004910 0.007212 -0.019648
v -0.004439 0.007295 -0.019948
v -0.004910 0.007212 -0.018982
v -0.004977 0.007124 -0.019948
v -0.004977 0.007124 -0.020323
v -0.004977 0.006375 -0.020267
v -0.004977 0.006184 -0.019948
v -0.004977 0.007124 -0.021490
v -0.004977 0.006184 -0.019648
v -0.004977 0.006471 -0.020355
v -0.004977 0.006184 -0.020262
v -0.004907 0.007140 -0.021560
v -0.004977 0.006122 -0.019951
v -0.004977 0.006470 -0.021490
v -0.004977 0.006122 -0.019648
v -0.004907 0.006470 -0.021560
v -0.004977 0.006122 -0.020282
v -0.004977 0.006017 -0.019648
v -0.004977 0.006017 -0.019954
v -0.004977 0.006017 -0.020353
v -0.004977 0.005964 -0.019956
v -0.004977 0.005964 -0.019648
v -0.004977 0.005964 -0.020370
v -0.004977 0.005582 -0.019970
v -0.004977 0.005582 -0.020371
v -0.003901 0.005582 -0.019970
v -0.003901 0.005964 -0.020370
v -0.003901 0.005582 -0.020371
v -0.003901 0.004162 -0.019143
v -0.003971 0.004162 -0.019073
v -0.003901 0.004009 -0.019150
v -0.003971 0.004009 -0.019079
v -0.003901 0.004009 -0.019660
v -0.004439 0.004162 -0.019072
v -0.003902 0.003279 -0.019201
v -0.004439 0.004009 -0.019079
v -0.003831 0.003279 -0.019730
v -0.003901 0.003279 -0.019660
v -0.004906 0.004162 -0.019073
v -0.004439 0.003279 -0.019131
v -0.004977 0.004559 -0.019118
v -0.003972 0.003279 -0.019131
v -0.004906 0.004009 -0.019079
v -0.004976 0.004162 -0.019143
v -0.004906 0.003279 -0.019131
v -0.004977 0.004559 -0.019660
v -0.004976 0.004009 -0.019150
v -0.004977 0.005129 -0.019660
v -0.004976 0.003279 -0.019201
v -0.004977 0.004162 -0.019660
v -0.004977 0.004009 -0.019660
v -0.005047 0.004559 -0.019730
v -0.004976 0.003279 -0.019660
v -0.005047 0.005129 -0.019730
v -0.005047 0.004162 -0.019730
v -0.005046 0.003279 -0.019730
v -0.005047 0.004009 -0.019730
v -0.002314 0.004009 -0.023566
v -0.002388 0.003209 -0.023566
v -0.002895 0.004009 -0.023566
v -0.001243 0.003209 -0.023566
v -0.002936 0.003209 -0.023566
v -0.001168 0.004009 -0.023566
v -0.002441 0.002573 -0.023566
v -0.001173 0.003209 -0.023496
v -0.002969 0.002573 -0.023566
v -0.001307 0.002573 -0.023566
v -0.001097 0.004009 -0.023495
v -0.002485 0.001990 -0.023566
v -0.001237 0.002573 -0.023496
v -0.002999 0.001990 -0.023566
v -0.001369 0.001990 -0.023566
v -0.001299 0.001990 -0.023496
v -0.002578 0.000783 -0.023566
v -0.001486 0.000783 -0.023566
v -0.003055 0.000784 -0.023566
v -0.001416 0.000783 -0.023496
v -0.001097 0.004009 -0.023495
v -0.001097 0.004009 -0.022678
v -0.001173 0.003209 -0.023496
v -0.001173 0.003209 -0.022678
v -0.001237 0.002573 -0.022678
v -0.001173 0.003209 -0.021643
v -0.001237 0.002573 -0.023496
v -0.001237 0.002573 -0.021643
v -0.001096 0.004009 -0.021643
v -0.001299 0.001990 -0.022677
v -0.001237 0.002573 -0.021366
v -0.001096 0.004009 -0.021366
v -0.001299 0.001990 -0.021643
v -0.001299 0.001990 -0.023496
v -0.001173 0.003209 -0.021366
v -0.001299 0.001990 -0.021366
v -0.001416 0.000783 -0.022677
v -0.001097 0.004009 -0.020138
v -0.001237 0.002573 -0.020138
v -0.001416 0.000784 -0.021643
v -0.001173 0.003209 -0.020138
v -0.001415 0.000784 -0.021366
v -0.001416 0.000783 -0.023496
v -0.001299 0.001990 -0.020138
v -0.001453 0.000320 -0.021366
v -0.001453 0.000320 -0.022677
v -0.001416 0.000784 -0.020138
v -0.001453 0.000320 -0.021643
v -0.001453 0.000320 -0.023496
v -0.001453 0.000320 -0.020138
v -0.002727 0.002060 -0.019200
v -0.002510 0.002060 -0.019667
v -0.002709 0.002359 -0.019199
v -0.002768 0.002359 -0.019072
v -0.002490 0.002359 -0.019667
v -0.002786 0.002060 -0.019072
v -0.002460 0.002359 -0.019801
v -0.002805 0.001990 -0.019206
v -0.003083 0.002359 -0.018349
v -0.002485 0.001990 -0.019788
v -0.002588 0.001990 -0.019667
v -0.003098 0.002060 -0.018349
v -0.002870 0.001990 -0.019066
v -0.003207 0.002359 -0.018081
v -0.002563 0.001920 -0.019730
v -0.004439 0.001990 -0.019206
v -0.003223 0.002060 -0.018081
v -0.003566 0.001920 -0.019730
v -0.003598 0.001990 -0.019696
v -0.003178 0.001990 -0.018349
v -0.003706 0.001990 -0.019771
v -0.004439 0.001990 -0.019066
v -0.003636 0.001920 -0.019800
v -0.003301 0.001990 -0.018087
v -0.004439 0.001990 -0.018349
v -0.003706 0.001988 -0.020284
v -0.006008 0.001990 -0.019066
v -0.004439 0.001990 -0.018087
v -0.003636 0.001918 -0.020343
v -0.005700 0.001990 -0.018349
v -0.003321 0.002060 -0.018017
v -0.003721 0.001921 -0.020413
v -0.005577 0.001990 -0.018087
v -0.004439 0.002060 -0.018016
v -0.003772 0.001988 -0.020343
v -0.005780 0.002060 -0.018349
v -0.004439 0.002359 -0.018016
v -0.004274 0.001918 -0.020413
v -0.005654 0.002060 -0.018081
v -0.003304 0.002359 -0.018017
v -0.004274 0.001988 -0.020343
v -0.005671 0.002359 -0.018081
v -0.004439 0.001988 -0.020343
v -0.005795 0.002359 -0.018349
v -0.006092 0.002060 -0.019072
v -0.005574 0.002359 -0.018017
v -0.006110 0.002359 -0.019072
v -0.005557 0.002060 -0.018017
v -0.004604 0.001988 -0.020343
v -0.004604 0.001918 -0.020413
v -0.006072 0.001990 -0.019206
v -0.004439 0.001918 -0.020413
v -0.006150 0.002060 -0.019200
v -0.006169 0.002359 -0.019199
v -0.006290 0.001990 -0.019667
v -0.005106 0.001988 -0.020343
v -0.005279 0.001990 -0.019696
v -0.006368 0.002060 -0.019667
v -0.006388 0.002359 -0.019667
v -0.005156 0.001921 -0.020413
v -0.005172 0.001990 -0.019771
v -0.006418 0.002359 -0.019801
v -0.005172 0.001988 -0.020284
v -0.005312 0.001920 -0.019730
v -0.006392 0.001990 -0.019788
v -0.005242 0.001920 -0.019800
v -0.006315 0.001920 -0.019730
v -0.005242 0.001918 -0.020343
v -0.001459 0.000250 -0.019730
v -0.001681 0.000250 -0.019730
v -0.001459 0.000250 -0.018891
v -0.001675 0.000250 -0.019998
v -0.001693 0.000250 -0.018891
v -0.001459 0.000250 -0.019998
v -0.001459 0.000250 -0.018088
v -0.002381 0.000250 -0.019998
v -0.000846 0.000250 -0.019730
v -0.001705 0.000250 -0.018088
v -0.000846 0.000250 -0.018898
v -0.002381 0.000250 -0.019730
v -0.001220 0.000250 -0.018174
v -0.002542 0.000250 -0.019998
v -0.000776 0.000180 -0.019730
v -0.001016 0.000250 -0.018345
v -0.002382 0.000250 -0.018891
v -0.000776 0.000180 -0.018896
v -0.001197 0.000180 -0.018103
v -0.002382 0.000250 -0.018088
v -0.000776 0.000051 -0.019730
v -0.001459 0.000180 -0.018018
v -0.001705 0.000180 -0.018018
v -0.000776 0.000051 -0.018891
v -0.001198 0.000051 -0.018096
v -0.000821 0.000180 -0.018556
v -0.000776 0.000051 -0.020068
v -0.001459 0.000051 -0.018018
v -0.000821 0.000051 -0.018551
v -0.000776 0.000180 -0.020068
v -0.000971 0.000051 -0.018279
v -0.000971 0.000180 -0.018286
v -0.000846 0.000250 -0.020068
v -0.000884 0.000250 -0.018592
v -0.001220 0.000250 -0.018174
v -0.001016 0.000250 -0.018345
v -0.001389 0.000250 -0.020068
v -0.004275 0.000250 -0.019730
v -0.004275 0.000250 -0.018891
v -0.003706 0.000250 -0.019730
v -0.003706 0.000250 -0.020342
v -0.003636 0.000250 -0.019660
v -0.004274 0.000250 -0.020342
v -0.003636 0.000323 -0.019799
v -0.003636 0.000250 -0.018891
v -0.004439 0.000250 -0.020342
v -0.003636 0.000320 -0.020343
v -0.004439 0.000250 -0.018891
v -0.003566 0.000320 -0.019730
v -0.003706 0.000320 -0.020413
v -0.004439 0.000250 -0.019730
v -0.003636 0.000784 -0.020343
v -0.002612 0.000250 -0.019660
v -0.004276 0.000250 -0.018088
v -0.004603 0.000250 -0.019730
v -0.002677 0.000320 -0.019730
v -0.002542 0.000250 -0.019730
v -0.004604 0.000250 -0.020342
v -0.003636 0.000250 -0.018088
v -0.004439 0.000250 -0.018088
v -0.002607 0.000320 -0.019800
v -0.004604 0.000320 -0.020413
v -0.004439 0.000180 -0.018018
v -0.004603 0.000250 -0.018891
v -0.005171 0.000250 -0.020342
v -0.004276 0.000180 -0.018018
v -0.004602 0.000250 -0.018088
v -0.005171 0.000320 -0.020413
v -0.003636 0.000180 -0.018018
v -0.005172 0.000250 -0.019730
v -0.004275 0.000051 -0.018018
v -0.005242 0.000323 -0.019799
v -0.005241 0.000250 -0.018088
v -0.005241 0.000320 -0.020343
v -0.005242 0.000250 -0.018891
v -0.004439 0.000051 -0.018018
v -0.003636 0.000051 -0.018018
v -0.005241 0.000784 -0.020343
v -0.005242 0.000250 -0.019660
v -0.004602 0.000051 -0.018018
v -0.005171 0.000784 -0.020413
v -0.005312 0.000320 -0.019730
v -0.004602 0.000180 -0.018018
v -0.006266 0.000250 -0.019660
v -0.005241 0.000051 -0.018018
v -0.006200 0.000320 -0.019730
v -0.005241 0.000180 -0.018018
v -0.006336 0.000250 -0.019730
v -0.006271 0.000320 -0.019800
v -0.006336 0.000250 -0.019998
v -0.006271 0.000320 -0.019998
v -0.006341 0.000320 -0.020068
v -0.006497 0.000250 -0.019998
v -0.006496 0.000320 -0.020068
v -0.007203 0.000250 -0.019998
v -0.007205 0.000320 -0.020068
v -0.007354 0.000320 -0.020068
v -0.007419 0.000250 -0.019998
v -0.007489 0.000250 -0.020068
v -0.007425 0.000320 -0.020138
v -0.007489 0.000250 -0.021366
v -0.007425 0.000320 -0.021366
v -0.007487 0.000250 -0.021643
v -0.007425 0.000320 -0.021643
v -0.007425 0.000320 -0.022677
v -0.007487 0.000250 -0.022677
v -0.007425 0.000320 -0.023496
v -0.007486 0.000250 -0.023585
v -0.007354 0.000320 -0.023566
v -0.007419 0.000250 -0.023636
v -0.006251 0.000250 -0.023636
v -0.006271 0.000320 -0.023566
v -0.005808 0.000321 -0.023566
v -0.005806 0.000251 -0.023636
v -0.005738 0.000321 -0.023636
v -0.005752 0.000784 -0.023636
v -0.005738 0.000320 -0.023864
v -0.005822 0.000784 -0.023566
v -0.005752 0.000784 -0.023864
v -0.005805 0.000250 -0.023920
v -0.005682 0.000784 -0.023934
v -0.005667 0.000320 -0.023934
v -0.005688 0.000250 -0.024004
v -0.004439 0.000784 -0.023934
v -0.004439 0.000250 -0.024004
v -0.004439 0.000320 -0.023934
v -0.003210 0.000320 -0.023934
v -0.004439 0.000250 -0.024004
v -0.003196 0.000784 -0.023934
v -0.003190 0.000250 -0.024004
v -0.003140 0.000320 -0.023864
v -0.003072 0.000250 -0.023920
v -0.003126 0.000784 -0.023864
v -0.003072 0.000251 -0.023636
v -0.003140 0.000321 -0.023636
v -0.003126 0.000784 -0.023636
v -0.003070 0.000321 -0.023566
v -0.002627 0.000250 -0.023636
v -0.003055 0.000784 -0.023566
v -0.002607 0.000320 -0.023566
v -0.001523 0.000320 -0.023566
v -0.001459 0.000250 -0.023636
v -0.001392 0.000250 -0.023585
v -0.001453 0.000320 -0.023496
v -0.001391 0.000250 -0.022677
v -0.001453 0.000320 -0.022677
v -0.001391 0.000250 -0.021643
v -0.001453 0.000320 -0.021643
v -0.001453 0.000320 -0.021366
v -0.001389 0.000250 -0.021366
v -0.001453 0.000320 -0.020138
v -0.001389 0.000250 -0.020068
v -0.001523 0.000320 -0.020068
v -0.001459 0.000250 -0.019998
v -0.001675 0.000250 -0.019998
v -0.001672 0.000320 -0.020068
v -0.002381 0.000320 -0.020068
v -0.002381 0.000250 -0.019998
v -0.002537 0.000320 -0.020068
v -0.002542 0.000250 -0.019998
v -0.002607 0.000320 -0.019998
v -0.003721 0.001921 -0.020413
v -0.004274 0.001918 -0.020413
v -0.003799 0.001797 -0.020413
v -0.003706 0.000784 -0.020413
v -0.004274 0.001796 -0.020413
v -0.003803 0.000784 -0.020413
v -0.003805 0.000442 -0.020413
v -0.003706 0.000320 -0.020413
v -0.004274 0.000320 -0.020413
v -0.004274 0.000442 -0.020413
v -0.004274 0.000442 -0.020413
v -0.003805 0.000442 -0.020413
v -0.004274 0.000784 -0.020413
v -0.003803 0.000784 -0.020413
v -0.004274 0.001796 -0.020413
v -0.003799 0.001797 -0.020413
v -0.004274 0.001918 -0.020413
v -0.004439 0.001918 -0.020413
v -0.004274 0.001796 -0.020413
v -0.004439 0.001796 -0.020413
v -0.004439 0.000784 -0.020413
v -0.004604 0.001796 -0.020413
v -0.004274 0.000784 -0.020413
v -0.004604 0.001918 -0.020413
v -0.004439 0.000784 -0.020413
v -0.004274 0.000442 -0.020413
v -0.004604 0.000784 -0.020413
v -0.004439 0.000320 -0.020413
v -0.004274 0.000320 -0.020413
v -0.004604 0.000442 -0.020413
v -0.004439 0.000320 -0.020413
v -0.004604 0.000320 -0.020413
v -0.003636 0.000784 -0.019800
v -0.003636 0.000784 -0.020343
v -0.003636 0.000323 -0.019799
v -0.003566 0.000784 -0.019730
v -0.003636 0.000320 -0.020343
v -0.003566 0.000320 -0.019730
v -0.004439 0.003209 -0.019066
v -0.004439 0.003209 -0.018350
v -0.003902 0.003209 -0.019066
v -0.004976 0.003209 -0.019066
v -0.003416 0.003209 -0.018350
v -0.005462 0.003209 -0.018350
v -0.003189 0.003209 -0.019066
v -0.005689 0.003209 -0.019066
v -0.003832 0.003209 -0.019206
v -0.005046 0.003209 -0.019206
v -0.003148 0.003209 -0.019206
v -0.005730 0.003209 -0.019206
v -0.003831 0.003209 -0.019660
v -0.003025 0.003209 -0.019660
v -0.005046 0.003209 -0.019660
v -0.005853 0.003209 -0.019660
v -0.001607 0.000841 -0.020068
v -0.001487 0.000790 -0.020073
v -0.001581 0.001868 -0.020068
v -0.001665 0.000790 -0.020072
v -0.001379 0.001973 -0.020071
v -0.001655 0.001900 -0.020068
v -0.003566 0.000784 -0.019730
v -0.002648 0.000784 -0.019730
v -0.003566 0.001920 -0.019730
v -0.002677 0.000320 -0.019730
v -0.002563 0.001920 -0.019730
v -0.003566 0.000320 -0.019730
v -0.003636 0.000784 -0.020343
v -0.003636 0.000784 -0.019800
v -0.003636 0.001918 -0.020343
v -0.003636 0.001920 -0.019800
v -0.002677 0.002788 -0.019199
v -0.002453 0.002788 -0.019667
v -0.002651 0.003139 -0.019199
v -0.002711 0.003139 -0.019073
v -0.002424 0.003139 -0.019667
v -0.002720 0.003209 -0.019206
v -0.002737 0.002788 -0.019072
v -0.002423 0.002788 -0.019801
v -0.002493 0.003209 -0.019668
v -0.003041 0.003139 -0.018349
v -0.002388 0.003209 -0.019800
v -0.003025 0.003209 -0.019660
v -0.003057 0.002788 -0.018349
v -0.002456 0.003279 -0.019730
v -0.003148 0.003209 -0.019206
v -0.003165 0.003139 -0.018081
v -0.002787 0.003209 -0.019066
v -0.003003 0.003279 -0.019730
v -0.003189 0.003209 -0.019066
v -0.003115 0.003209 -0.018349
v -0.003831 0.003279 -0.019730
v -0.003183 0.002788 -0.018081
v -0.003831 0.003209 -0.019660
v -0.003416 0.003209 -0.018350
v -0.003261 0.003139 -0.018017
v -0.003901 0.003279 -0.019660
v -0.003229 0.003209 -0.018078
v -0.003280 0.002788 -0.018017
v -0.003832 0.003209 -0.019206
v -0.004439 0.003139 -0.018017
v -0.004439 0.003209 -0.018087
v -0.003902 0.003279 -0.019201
v -0.004439 0.002788 -0.018016
v -0.003902 0.003209 -0.019066
v -0.005598 0.002788 -0.018017
v -0.004439 0.003209 -0.018350
v -0.003972 0.003279 -0.019131
v -0.005617 0.003139 -0.018017
v -0.005462 0.003209 -0.018350
v -0.004439 0.003209 -0.019066
v -0.005695 0.002788 -0.018081
v -0.005649 0.003209 -0.018078
v -0.004439 0.003279 -0.019131
v -0.005713 0.003139 -0.018081
v -0.005763 0.003209 -0.018349
v -0.004906 0.003279 -0.019131
v -0.005820 0.002788 -0.018349
v -0.004976 0.003209 -0.019066
v -0.005689 0.003209 -0.019066
v -0.005837 0.003139 -0.018349
v -0.004976 0.003279 -0.019201
v -0.006091 0.003209 -0.019066
v -0.006141 0.002788 -0.019072
v -0.005046 0.003209 -0.019206
v -0.005730 0.003209 -0.019206
v -0.006166 0.003139 -0.019073
v -0.004976 0.003279 -0.019660
v -0.006158 0.003209 -0.019206
v -0.006200 0.002788 -0.019199
v -0.005046 0.003209 -0.019660
v -0.005853 0.003209 -0.019660
v -0.006227 0.003139 -0.019199
v -0.005046 0.003279 -0.019730
v -0.006425 0.002788 -0.019667
v -0.006385 0.003209 -0.019668
v -0.005875 0.003279 -0.019730
v -0.006453 0.003139 -0.019667
v -0.006422 0.003279 -0.019730
v -0.006455 0.002788 -0.019801
v -0.006490 0.003209 -0.019800
v -0.002709 0.002359 -0.019199
v -0.002490 0.002359 -0.019667
v -0.002677 0.002788 -0.019199
v -0.002737 0.002788 -0.019072
v -0.002453 0.002788 -0.019667
v -0.002768 0.002359 -0.019072
v -0.003057 0.002788 -0.018349
v -0.003083 0.002359 -0.018349
v -0.003183 0.002788 -0.018081
v -0.003207 0.002359 -0.018081
v -0.003280 0.002788 -0.018017
v -0.003304 0.002359 -0.018017
v -0.004439 0.002788 -0.018016
v -0.004439 0.002359 -0.018016
v -0.005574 0.002359 -0.018017
v -0.005598 0.002788 -0.018017
v -0.005671 0.002359 -0.018081
v -0.005695 0.002788 -0.018081
v -0.005795 0.002359 -0.018349
v -0.005820 0.002788 -0.018349
v -0.006110 0.002359 -0.019072
v -0.006141 0.002788 -0.019072
v -0.006169 0.002359 -0.019199
v -0.006200 0.002788 -0.019199
v -0.006388 0.002359 -0.019667
v -0.006425 0.002788 -0.019667
v -0.001459 0.000250 -0.023636
v -0.001459 0.000250 -0.024645
v -0.002627 0.000250 -0.023636
v -0.001179 0.000250 -0.024586
v -0.002856 0.000250 -0.024648
v -0.001007 0.000250 -0.024415
v -0.002850 0.000180 -0.024719
v -0.000971 0.000180 -0.024485
v -0.001459 0.000180 -0.024719
v -0.003072 0.000250 -0.023920
v -0.003072 0.000251 -0.023636
v -0.001160 0.000180 -0.024658
v -0.002849 0.000051 -0.024726
v -0.002856 0.000250 -0.024648
v -0.000971 0.000051 -0.024492
v -0.001459 0.000051 -0.024726
v -0.004439 0.000250 -0.024645
v -0.003190 0.000250 -0.024004
v -0.001160 0.000051 -0.024665
v -0.004439 0.000250 -0.024004
v -0.004439 0.000181 -0.024719
v -0.003072 0.000250 -0.023920
v -0.002850 0.000180 -0.024719
v -0.004439 0.000051 -0.024727
v -0.002849 0.000051 -0.024726
v -0.004439 0.000051 -0.024727
v -0.006028 0.000180 -0.024719
v -0.006029 0.000051 -0.024726
v -0.006022 0.000250 -0.024648
v -0.004439 0.000250 -0.024645
v -0.005688 0.000250 -0.024004
v -0.005805 0.000250 -0.023920
v -0.004439 0.000250 -0.024004
v -0.006251 0.000250 -0.023636
v -0.005805 0.000250 -0.023920
v -0.005806 0.000251 -0.023636
v -0.006022 0.000250 -0.024648
v -0.007419 0.000250 -0.024645
v -0.006028 0.000180 -0.024719
v -0.007419 0.000250 -0.023636
v -0.007419 0.000180 -0.024719
v -0.007699 0.000250 -0.024586
v -0.006029 0.000051 -0.024726
v -0.007871 0.000250 -0.024415
v -0.007717 0.000180 -0.024658
v -0.007419 0.000051 -0.024726
v -0.007906 0.000180 -0.024485
v -0.007717 0.000051 -0.024665
v -0.007906 0.000051 -0.024492
v -0.000846 0.000250 -0.020068
v -0.000846 0.000250 -0.021365
v -0.001389 0.000250 -0.020068
v -0.000776 0.000180 -0.020068
v -0.001389 0.000250 -0.021366
v -0.000776 0.000180 -0.021365
v -0.000846 0.000250 -0.021643
v -0.000776 0.000051 -0.021365
v -0.001391 0.000250 -0.021643
v -0.000776 0.000180 -0.021643
v -0.000776 0.000051 -0.020068
v -0.000846 0.000250 -0.022677
v -0.000776 0.000051 -0.021643
v -0.001391 0.000250 -0.022677
v -0.000776 0.000180 -0.022677
v -0.001392 0.000250 -0.023585
v -0.000776 0.000051 -0.022677
v -0.000846 0.000250 -0.023744
v -0.000776 0.000180 -0.023765
v -0.000878 0.000250 -0.024174
v -0.000776 0.000051 -0.023767
v -0.001459 0.000250 -0.023636
v -0.000822 0.000180 -0.024236
v -0.001007 0.000250 -0.024415
v -0.000821 0.000051 -0.024241
v -0.000971 0.000180 -0.024485
v -0.000971 0.000051 -0.024492
v -0.002962 0.004114 -0.023715
v -0.002962 0.004057 -0.023672
v -0.002969 0.002573 -0.023566
v -0.002999 0.001990 -0.023566
v -0.003055 0.000784 -0.023566
v -0.003070 0.000321 -0.023566
v -0.003055 0.000784 -0.023566
v -0.002607 0.000320 -0.023566
v -0.002578 0.000783 -0.023566
v -0.001523 0.000320 -0.023566
v -0.001486 0.000783 -0.023566
v -0.001453 0.000320 -0.023496
v -0.001416 0.000783 -0.023496
v -0.002612 0.000180 -0.018018
v -0.003636 0.000180 -0.018018
v -0.002612 0.000051 -0.018018
v -0.002612 0.000250 -0.018088
v -0.003636 0.000051 -0.018018
v -0.003636 0.000250 -0.018088
v -0.002382 0.000180 -0.018018
v -0.002382 0.000051 -0.018018
v -0.001705 0.000180 -0.018018
v -0.001705 0.000051 -0.018018
v -0.001459 0.000180 -0.018018
v -0.001459 0.000051 -0.018018
v -0.003636 0.000250 -0.018891
v -0.002612 0.000250 -0.018891
v -0.003636 0.000250 -0.019660
v -0.002612 0.000250 -0.018088
v -0.002612 0.000250 -0.019660
v -0.003636 0.000250 -0.018088
v -0.002612 0.000180 -0.018018
v -0.002382 0.000180 -0.018018
v -0.002542 0.000250 -0.019730
v -0.002578 0.000784 -0.019800
v -0.002607 0.000320 -0.019800
v -0.002578 0.000784 -0.019998
v -0.002648 0.000784 -0.019730
v -0.002607 0.000320 -0.019998
v -0.002677 0.000320 -0.019730
v -0.002889 0.004160 -0.023676
v -0.002959 0.004160 -0.023748
v -0.002874 0.004489 -0.023676
v -0.002962 0.004114 -0.023715
v -0.002944 0.004516 -0.023746
v -0.002891 0.004111 -0.023653
v -0.002940 0.004624 -0.023656
v -0.002883 0.004559 -0.023612
v -0.002962 0.004057 -0.023672
v -0.002893 0.004058 -0.023589
v -0.002965 0.004009 -0.023637
v -0.002895 0.004009 -0.023566
v -0.002228 0.004162 -0.019978
v -0.002187 0.004489 -0.019978
v -0.002285 0.004161 -0.019907
v -0.002295 0.004106 -0.019932
v -0.002244 0.004511 -0.019908
v -0.002234 0.004110 -0.019999
v -0.002305 0.004066 -0.019971
v -0.002239 0.004060 -0.020047
v -0.002314 0.004009 -0.019997
v -0.002244 0.004009 -0.020068
v -0.002485 0.001990 -0.019788
v -0.002563 0.001920 -0.019730
v -0.002578 0.000784 -0.019800
v -0.002648 0.000784 -0.019730
v -0.001237 0.002573 -0.020138
v -0.001307 0.002574 -0.020068
v -0.001299 0.001990 -0.020138
v -0.001379 0.001973 -0.020071
v -0.001173 0.003209 -0.020138
v -0.001243 0.003209 -0.020068
v -0.001307 0.002574 -0.020068
v -0.001379 0.001973 -0.020071
v -0.001416 0.000784 -0.020138
v -0.001487 0.000790 -0.020073
v -0.001243 0.003209 -0.020068
v -0.001168 0.004009 -0.020068
v -0.001097 0.004009 -0.020138
v -0.001487 0.000790 -0.020073
v -0.001453 0.000320 -0.020138
v -0.001523 0.000320 -0.020068
v -0.003636 0.000784 -0.020343
v -0.003636 0.001918 -0.020343
v -0.003706 0.000784 -0.020413
v -0.003721 0.001921 -0.020413
v -0.003706 0.000784 -0.020413
v -0.004274 0.000320 -0.020413
v -0.004439 0.000320 -0.020413
v -0.004439 0.000320 -0.020413
v -0.003566 0.000784 -0.019730
v -0.003566 0.001920 -0.019730
v -0.003636 0.000784 -0.019800
v -0.003636 0.001920 -0.019800
v -0.002177 0.004559 -0.020046
v -0.002242 0.004616 -0.019971
v -0.002187 0.004489 -0.019978
v -0.002238 0.004628 -0.021295
v -0.002244 0.004511 -0.019908
v -0.002180 0.004559 -0.021363
v -0.002309 0.004629 -0.021365
v -0.002252 0.004559 -0.021432
v -0.002871 0.004559 -0.021436
v -0.002866 0.004629 -0.021366
v -0.003901 0.005233 -0.019576
v -0.003831 0.005201 -0.019664
v -0.003831 0.005233 -0.019648
v -0.003831 0.005441 -0.019648
v -0.003901 0.005129 -0.019660
v -0.003901 0.005511 -0.019578
v -0.003831 0.005162 -0.019714
v -0.003831 0.005129 -0.019730
v -0.003833 0.005511 -0.019698
v -0.003901 0.005581 -0.019648
v -0.003901 0.005582 -0.019970
v -0.003831 0.005512 -0.019972
v -0.003901 0.005582 -0.020371
v -0.003830 0.005512 -0.020369
v -0.003761 0.005582 -0.020441
v -0.002955 0.005582 -0.020442
v -0.003831 0.005652 -0.020441
v -0.002888 0.005512 -0.020342
v -0.003901 0.005964 -0.020370
v -0.002825 0.005512 -0.020446
v -0.003831 0.005989 -0.020440
v -0.002885 0.005582 -0.020512
v -0.003901 0.006017 -0.020353
v -0.002817 0.005512 -0.021403
v -0.003831 0.006042 -0.020421
v -0.002883 0.005582 -0.021479
v -0.003831 0.006123 -0.020353
v -0.002821 0.005442 -0.021473
v -0.003901 0.006122 -0.020282
v -0.002891 0.005470 -0.021544
v -0.003831 0.006176 -0.020334
v -0.002904 0.005233 -0.021546
v -0.003901 0.006184 -0.020262
v -0.002834 0.005233 -0.021474
v -0.003831 0.006330 -0.020334
v -0.002905 0.005203 -0.021529
v -0.003901 0.006375 -0.020267
v -0.002835 0.005203 -0.021456
v -0.003833 0.006400 -0.020404
v -0.002907 0.005159 -0.021454
v -0.003901 0.006471 -0.020355
v -0.002837 0.005160 -0.021383
v -0.003901 0.006470 -0.021490
v -0.002908 0.005129 -0.021436
v -0.003842 0.006400 -0.021535
v -0.002838 0.005129 -0.021365
v -0.003971 0.006470 -0.021560
v -0.002933 0.004698 -0.021436
v -0.003942 0.006400 -0.021638
v -0.002866 0.004629 -0.021366
v -0.004439 0.006400 -0.021636
v -0.002871 0.004559 -0.021436
v -0.004439 0.006470 -0.021560
v -0.002937 0.004628 -0.021506
v -0.004907 0.006470 -0.021560
v -0.002878 0.004559 -0.021643
v -0.004936 0.006400 -0.021638
v -0.002939 0.004626 -0.021643
v -0.005036 0.006400 -0.021535
v -0.002940 0.004625 -0.022678
v -0.002880 0.004559 -0.022678
v -0.004977 0.006470 -0.021490
v -0.005045 0.006400 -0.020404
v -0.004977 0.006471 -0.020355
v -0.004977 0.006375 -0.020267
v -0.005047 0.006330 -0.020334
v -0.004977 0.006184 -0.020262
v -0.005047 0.006176 -0.020334
v -0.004977 0.006122 -0.020282
v -0.005047 0.006123 -0.020353
v -0.004977 0.006017 -0.020353
v -0.005047 0.006042 -0.020421
v -0.005047 0.005989 -0.020440
v -0.004977 0.005964 -0.020370
v -0.005047 0.005652 -0.020441
v -0.004977 0.005582 -0.020371
v -0.005117 0.005582 -0.020441
v -0.005047 0.005512 -0.020369
v -0.005047 0.005512 -0.019972
v -0.005923 0.005582 -0.020442
v -0.004977 0.005582 -0.019970
v -0.005990 0.005512 -0.020342
v -0.005044 0.005511 -0.019698
v -0.006053 0.005512 -0.020446
v -0.004977 0.005581 -0.019648
v -0.005993 0.005582 -0.020512
v -0.004977 0.005511 -0.019578
v -0.006060 0.005512 -0.021403
v -0.005047 0.005441 -0.019648
v -0.005994 0.005582 -0.021479
v -0.004977 0.005233 -0.019576
v -0.006056 0.005442 -0.021473
v -0.005047 0.005233 -0.019648
v -0.005987 0.005470 -0.021544
v -0.005047 0.005201 -0.019664
v -0.005974 0.005233 -0.021546
v -0.004977 0.005129 -0.019660
v -0.006044 0.005233 -0.021474
v -0.005047 0.005162 -0.019714
v -0.005047 0.005129 -0.019730
v -0.005972 0.005203 -0.021529
v -0.006042 0.005203 -0.021456
v -0.005971 0.005159 -0.021454
v -0.006041 0.005160 -0.021383
v -0.005969 0.005129 -0.021436
v -0.006040 0.005129 -0.021365
v -0.005945 0.004698 -0.021436
v -0.006011 0.004629 -0.021366
v -0.006007 0.004559 -0.021436
v -0.005941 0.004628 -0.021506
v -0.006000 0.004559 -0.021643
v -0.005939 0.004626 -0.021643
v -0.005938 0.004625 -0.022678
v -0.005998 0.004559 -0.022678
v -0.005995 0.004559 -0.023612
v -0.005937 0.004624 -0.023656
v -0.006004 0.004489 -0.023676
v -0.005934 0.004516 -0.023746
v -0.005918 0.004160 -0.023748
v -0.005988 0.004160 -0.023676
v -0.005916 0.004114 -0.023715
v -0.005987 0.004111 -0.023653
v -0.005915 0.004057 -0.023672
v -0.005985 0.004058 -0.023589
v -0.005913 0.004009 -0.023637
v -0.005983 0.004009 -0.023566
v -0.002942 0.005998 -0.020442
v -0.003831 0.005989 -0.020440
v -0.003831 0.005652 -0.020441
v -0.002955 0.005582 -0.020442
v -0.003761 0.005582 -0.020441
v -0.002885 0.005582 -0.020512
v -0.002871 0.005989 -0.020513
v -0.002955 0.005582 -0.020442
v -0.002942 0.005998 -0.020442
v -0.002871 0.005989 -0.021482
v -0.002164 0.005130 -0.021294
v -0.002238 0.004628 -0.021295
v -0.002237 0.005129 -0.021365
v -0.002309 0.004629 -0.021365
v -0.003971 0.006123 -0.018941
v -0.003971 0.006017 -0.018948
v -0.004439 0.006123 -0.018941
v -0.004439 0.006016 -0.018948
v -0.001754 0.001714 -0.019828
v -0.001783 0.001742 -0.019828
v -0.002284 0.001714 -0.019828
v -0.002284 0.000943 -0.019828
v -0.002256 0.001743 -0.019828
v -0.001755 0.000941 -0.019828
v -0.001784 0.000913 -0.019828
v -0.002255 0.000915 -0.019828
v -0.002506 0.000791 -0.020062
v -0.002578 0.000784 -0.019998
v -0.002537 0.000320 -0.020068
v -0.002381 0.000320 -0.020068
v -0.002607 0.000320 -0.019998
v -0.002354 0.000791 -0.020068
v -0.001672 0.000320 -0.020068
v -0.002354 0.000791 -0.020068
v -0.001665 0.000790 -0.020072
v -0.001523 0.000320 -0.020068
v -0.001487 0.000790 -0.020073
v -0.006528 0.000888 -0.019828
v -0.006508 0.000850 -0.019892
v -0.006528 0.001774 -0.019828
v -0.006564 0.000850 -0.019828
v -0.006508 0.001814 -0.019893
v -0.006537 0.000820 -0.019892
v -0.006563 0.001814 -0.019828
v -0.007155 0.000850 -0.019828
v -0.006486 0.001844 -0.019998
v -0.006537 0.001843 -0.019893
v -0.007183 0.000820 -0.019892
v -0.006486 0.000819 -0.019998
v -0.007183 0.001843 -0.019893
v -0.007212 0.000850 -0.019892
v -0.007156 0.001814 -0.019828
v -0.007202 0.001874 -0.019998
v -0.006462 0.000836 -0.020068
v -0.006517 0.000789 -0.019998
v -0.007212 0.001813 -0.019893
v -0.006462 0.001855 -0.020068
v -0.007233 0.001844 -0.019998
v -0.006524 0.000791 -0.020068
v -0.006494 0.001899 -0.020068
v -0.007234 0.000819 -0.019998
v -0.007203 0.000789 -0.019998
v -0.006516 0.001875 -0.019998
v -0.007271 0.000841 -0.020068
v -0.007213 0.000790 -0.020072
v -0.007296 0.001868 -0.020068
v -0.007223 0.001900 -0.020068
v -0.007192 0.001775 -0.019828
v -0.007192 0.000887 -0.019828
v -0.006594 0.000943 -0.019828
v -0.006528 0.000888 -0.019828
v -0.006593 0.001714 -0.019828
v -0.006564 0.000850 -0.019828
v -0.006623 0.000915 -0.019828
v -0.006528 0.001774 -0.019828
v -0.006622 0.001743 -0.019828
v -0.006563 0.001814 -0.019828
v -0.006623 0.000915 -0.019828
v -0.007094 0.000913 -0.019828
v -0.006564 0.000850 -0.019828
v -0.007155 0.000850 -0.019828
v -0.007122 0.000941 -0.019828
v -0.007192 0.000887 -0.019828
v -0.007192 0.001775 -0.019828
v -0.007192 0.000887 -0.019828
v -0.007124 0.001714 -0.019828
v -0.007095 0.001742 -0.019828
v -0.007122 0.000941 -0.019828
v -0.007156 0.001814 -0.019828
v -0.006622 0.001743 -0.019828
v -0.006563 0.001814 -0.019828
v -0.007095 0.001742 -0.019828
v -0.007156 0.001814 -0.019828
v -0.005995 0.004559 -0.023612
v -0.006629 0.004559 -0.023606
v -0.005998 0.004559 -0.022678
v -0.006621 0.004489 -0.023676
v -0.006629 0.004559 -0.022678
v -0.006004 0.004489 -0.023676
v -0.006000 0.004559 -0.021643
v -0.007747 0.004559 -0.023606
v -0.006580 0.004160 -0.023676
v -0.006628 0.004559 -0.021643
v -0.007821 0.004489 -0.023676
v -0.005988 0.004160 -0.023676
v -0.006007 0.004559 -0.021436
v -0.007821 0.004559 -0.023537
v -0.007819 0.004160 -0.023676
v -0.006626 0.004559 -0.021432
v -0.007821 0.004559 -0.022678
v -0.007821 0.004559 -0.021643
v -0.007797 0.004111 -0.023653
v -0.007891 0.004489 -0.023606
v -0.006574 0.004111 -0.023653
v -0.007891 0.004160 -0.023605
v -0.006698 0.004559 -0.021363
v -0.007821 0.004559 -0.021366
v -0.007734 0.004058 -0.023589
v -0.007891 0.004489 -0.022678
v -0.007821 0.004559 -0.020106
v -0.006569 0.004058 -0.023589
v -0.007785 0.004559 -0.020048
v -0.005987 0.004111 -0.023653
v -0.007891 0.004161 -0.022678
v -0.006701 0.004559 -0.020046
v -0.005985 0.004058 -0.023589
v -0.007868 0.004111 -0.023582
v -0.006564 0.004009 -0.023566
v -0.006691 0.004489 -0.019978
v -0.007710 0.004009 -0.023566
v -0.005983 0.004009 -0.023566
v -0.007821 0.004489 -0.019978
v -0.007868 0.004111 -0.022678
v -0.007819 0.004162 -0.019978
v -0.007891 0.004489 -0.020048
v -0.007806 0.004058 -0.023518
v -0.006650 0.004162 -0.019978
v -0.007891 0.004162 -0.020049
v -0.007781 0.004009 -0.023495
v -0.007795 0.004111 -0.019998
v -0.007807 0.004058 -0.022678
v -0.007869 0.004112 -0.020068
v -0.006644 0.004110 -0.019999
v -0.007781 0.004009 -0.022678
v -0.007807 0.004058 -0.021643
v -0.007737 0.004060 -0.020048
v -0.007891 0.004162 -0.021366
v -0.007781 0.004009 -0.021643
v -0.006639 0.004060 -0.020047
v -0.007806 0.004058 -0.020120
v -0.007710 0.004009 -0.020068
v -0.007868 0.004112 -0.021366
v -0.007891 0.004489 -0.021366
v -0.006634 0.004009 -0.020068
v -0.007781 0.004009 -0.020138
v -0.007891 0.004489 -0.021643
v -0.007807 0.004058 -0.021366
v -0.007868 0.004111 -0.021643
v -0.007782 0.004009 -0.021366
v -0.007891 0.004161 -0.021643
v -0.006762 0.005511 -0.019970
v -0.006762 0.005511 -0.019788
v -0.005990 0.005512 -0.019970
v -0.006832 0.005441 -0.019970
v -0.006701 0.005511 -0.019718
v -0.006832 0.005441 -0.021403
v -0.006832 0.005441 -0.019718
v -0.005990 0.005512 -0.020342
v -0.006832 0.005233 -0.021401
v -0.006761 0.005441 -0.019648
v -0.006762 0.005511 -0.021403
v -0.005047 0.005512 -0.019972
v -0.006832 0.005233 -0.019720
v -0.006053 0.005512 -0.020446
v -0.005990 0.005511 -0.019718
v -0.006832 0.005233 -0.019970
v -0.006060 0.005512 -0.021403
v -0.005044 0.005511 -0.019698
v -0.005047 0.005512 -0.020369
v -0.006815 0.005204 -0.021385
v -0.006762 0.005441 -0.021473
v -0.005986 0.005441 -0.019648
v -0.006759 0.005233 -0.021473
v -0.006056 0.005442 -0.021473
v -0.005047 0.005441 -0.019648
v -0.006815 0.005204 -0.019970
v -0.005974 0.005233 -0.019648
v -0.006733 0.005159 -0.021310
v -0.005047 0.005233 -0.019648
v -0.006759 0.005233 -0.019648
v -0.006816 0.005205 -0.019731
v -0.006734 0.005159 -0.019970
v -0.005972 0.005201 -0.019664
v -0.006732 0.005158 -0.019790
v -0.005047 0.005201 -0.019664
v -0.006713 0.005130 -0.021294
v -0.005971 0.005162 -0.019714
v -0.006660 0.005159 -0.021381
v -0.006663 0.005161 -0.019716
v -0.005047 0.005162 -0.019714
v -0.006713 0.005130 -0.019970
v -0.006742 0.005204 -0.021457
v -0.006738 0.005202 -0.019663
v -0.006713 0.005130 -0.019801
v -0.006042 0.005203 -0.021456
v -0.006041 0.005160 -0.021383
v -0.006640 0.005129 -0.021365
v -0.006640 0.005129 -0.019730
v -0.006040 0.005129 -0.021365
v -0.006044 0.005233 -0.021474
v -0.005969 0.005129 -0.019730
v -0.005047 0.005129 -0.019730
v -0.006011 0.004629 -0.021366
v -0.006569 0.004629 -0.021365
v -0.006040 0.005129 -0.021365
v -0.006640 0.005129 -0.021365
v -0.006713 0.005130 -0.019801
v -0.006713 0.005130 -0.019970
v -0.006636 0.004616 -0.019971
v -0.006629 0.004559 -0.019800
v -0.006639 0.004628 -0.021295
v -0.006634 0.004511 -0.019908
v -0.006713 0.005130 -0.021294
v -0.005969 0.005129 -0.019730
v -0.005937 0.004559 -0.019730
v -0.005047 0.005129 -0.019730
v -0.006559 0.004559 -0.019730
v -0.005047 0.004559 -0.019730
v -0.006640 0.005129 -0.019730
v -0.005918 0.004161 -0.019730
v -0.006509 0.004161 -0.019730
v -0.006629 0.004559 -0.019800
v -0.005047 0.004162 -0.019730
v -0.006493 0.004009 -0.019730
v -0.006713 0.005130 -0.019801
v -0.006579 0.004161 -0.019800
v -0.005913 0.004009 -0.019730
v -0.005047 0.004009 -0.019730
v -0.006422 0.003279 -0.019730
v -0.006564 0.004009 -0.019800
v -0.005875 0.003279 -0.019730
v -0.006490 0.003209 -0.019800
v -0.005046 0.003279 -0.019730
v -0.006564 0.004009 -0.019997
v -0.006490 0.003209 -0.019998
v -0.006564 0.004009 -0.019800
v -0.006560 0.003209 -0.020068
v -0.006490 0.003209 -0.019800
v -0.006634 0.004009 -0.020068
v -0.006573 0.004066 -0.019971
v -0.006455 0.002788 -0.019801
v -0.006583 0.004106 -0.019932
v -0.006455 0.002788 -0.019998
v -0.006579 0.004161 -0.019800
v -0.006418 0.002359 -0.019801
v -0.006592 0.004161 -0.019907
v -0.006425 0.002788 -0.019667
v -0.006418 0.002359 -0.019998
v -0.006634 0.004511 -0.019908
v -0.006629 0.004559 -0.019800
v -0.006388 0.002359 -0.019667
v -0.006393 0.001990 -0.019998
v -0.006392 0.001990 -0.019788
v -0.006300 0.000784 -0.019800
v -0.006300 0.000784 -0.019998
v -0.006371 0.000791 -0.020062
v -0.006447 0.001932 -0.020068
v -0.006393 0.001990 -0.019998
v -0.006468 0.001972 -0.020062
v -0.006462 0.001855 -0.020068
v -0.006371 0.000791 -0.020062
v -0.006462 0.000836 -0.020068
v -0.006524 0.000791 -0.020068
v -0.006494 0.001899 -0.020068
v -0.006468 0.001972 -0.020062
v -0.006418 0.002359 -0.019998
v -0.006468 0.001972 -0.020062
v -0.006506 0.002574 -0.020068
v -0.007499 0.001973 -0.020071
v -0.007223 0.001900 -0.020068
v -0.006494 0.001899 -0.020068
v -0.007571 0.002574 -0.020068
v -0.006560 0.003209 -0.020068
v -0.007635 0.003209 -0.020068
v -0.006455 0.002788 -0.019998
v -0.006634 0.004009 -0.020068
v -0.006490 0.003209 -0.019998
v -0.007710 0.004009 -0.020068
v -0.005942 0.003209 -0.023566
v -0.006490 0.003209 -0.023566
v -0.005983 0.004009 -0.023566
v -0.006436 0.002573 -0.023566
v -0.006564 0.004009 -0.023566
v -0.005909 0.002573 -0.023566
v -0.007635 0.003209 -0.023566
v -0.006393 0.001990 -0.023566
v -0.007571 0.002573 -0.023566
v -0.007710 0.004009 -0.023566
v -0.005879 0.001990 -0.023566
v -0.007509 0.001990 -0.023566
v -0.007705 0.003209 -0.023496
v -0.006300 0.000783 -0.023566
v -0.007641 0.002573 -0.023496
v -0.007392 0.000783 -0.023566
v -0.007781 0.004009 -0.023495
v -0.005822 0.000784 -0.023566
v -0.007579 0.001990 -0.023496
v -0.007462 0.000783 -0.023496
v -0.007781 0.004009 -0.023495
v -0.007705 0.003209 -0.023496
v -0.007781 0.004009 -0.022678
v -0.007705 0.003209 -0.022678
v -0.007705 0.003209 -0.021643
v -0.007641 0.002573 -0.022678
v -0.007781 0.004009 -0.021643
v -0.007641 0.002573 -0.021643
v -0.007641 0.002573 -0.023496
v -0.007782 0.004009 -0.021366
v -0.007641 0.002573 -0.021366
v -0.007579 0.001990 -0.022677
v -0.007705 0.003209 -0.021366
v -0.007579 0.001990 -0.021366
v -0.007579 0.001990 -0.021643
v -0.007781 0.004009 -0.020138
v -0.007641 0.002573 -0.020138
v -0.007579 0.001990 -0.023496
v -0.007705 0.003209 -0.020138
v -0.007462 0.000784 -0.021366
v -0.007462 0.000783 -0.022677
v -0.007579 0.001990 -0.020138
v -0.007462 0.000783 -0.023496
v -0.007462 0.000784 -0.021643
v -0.007462 0.000784 -0.020138
v -0.007425 0.000320 -0.022677
v -0.007425 0.000320 -0.021366
v -0.007425 0.000320 -0.021643
v -0.007425 0.000320 -0.023496
v -0.007425 0.000320 -0.020138
v -0.007185 0.000250 -0.018891
v -0.007196 0.000250 -0.019730
v -0.007419 0.000250 -0.018891
v -0.007419 0.000250 -0.018088
v -0.007419 0.000250 -0.019730
v -0.007173 0.000250 -0.018088
v -0.008032 0.000250 -0.018898
v -0.007203 0.000250 -0.019998
v -0.007419 0.000180 -0.018018
v -0.006496 0.000250 -0.019730
v -0.007993 0.000250 -0.018592
v -0.007681 0.000180 -0.018103
v -0.006496 0.000250 -0.018891
v -0.008032 0.000250 -0.019730
v -0.007679 0.000051 -0.018096
v -0.007172 0.000180 -0.018018
v -0.006495 0.000250 -0.018088
v -0.008102 0.000180 -0.018896
v -0.007907 0.000051 -0.018279
v -0.007419 0.000051 -0.018018
v -0.008056 0.000180 -0.018556
v -0.006495 0.000180 -0.018018
v -0.007906 0.000180 -0.018286
v -0.007862 0.000250 -0.018345
v -0.006266 0.000180 -0.018018
v -0.008057 0.000051 -0.018551
v -0.006266 0.000250 -0.018088
v -0.007658 0.000250 -0.018174
v -0.006266 0.000250 -0.018891
v -0.008102 0.000051 -0.018891
v -0.005242 0.000250 -0.018891
v -0.007658 0.000250 -0.018174
v -0.008102 0.000051 -0.019730
v -0.005242 0.000250 -0.019660
v -0.007862 0.000250 -0.018345
v -0.005241 0.000250 -0.018088
v -0.008102 0.000180 -0.019730
v -0.006266 0.000250 -0.019660
v -0.008102 0.000051 -0.020068
v -0.008102 0.000180 -0.020068
v -0.006336 0.000250 -0.019730
v -0.008032 0.000250 -0.020068
v -0.006336 0.000250 -0.019998
v -0.007419 0.000250 -0.019998
v -0.006497 0.000250 -0.019998
v -0.007489 0.000250 -0.020068
v -0.005156 0.001921 -0.020413
v -0.005079 0.001797 -0.020413
v -0.004604 0.001918 -0.020413
v -0.005171 0.000784 -0.020413
v -0.004604 0.001796 -0.020413
v -0.005075 0.000784 -0.020413
v -0.005073 0.000442 -0.020413
v -0.005171 0.000320 -0.020413
v -0.004604 0.000320 -0.020413
v -0.004604 0.000442 -0.020413
v -0.004604 0.000442 -0.020413
v -0.004604 0.000784 -0.020413
v -0.005073 0.000442 -0.020413
v -0.005075 0.000784 -0.020413
v -0.004604 0.001796 -0.020413
v -0.005079 0.001797 -0.020413
v -0.005241 0.000320 -0.020343
v -0.005241 0.000784 -0.020343
v -0.005242 0.000323 -0.019799
v -0.005242 0.000784 -0.019800
v -0.005312 0.000784 -0.019730
v -0.005312 0.000320 -0.019730
v -0.007271 0.000841 -0.020068
v -0.007296 0.001868 -0.020068
v -0.007391 0.000790 -0.020073
v -0.007213 0.000790 -0.020072
v -0.007499 0.001973 -0.020071
v -0.007223 0.001900 -0.020068
v -0.005312 0.000784 -0.019730
v -0.005312 0.001920 -0.019730
v -0.006229 0.000784 -0.019730
v -0.006200 0.000320 -0.019730
v -0.006315 0.001920 -0.019730
v -0.005312 0.000320 -0.019730
v -0.005241 0.000784 -0.020343
v -0.005242 0.001918 -0.020343
v -0.005242 0.000784 -0.019800
v -0.005242 0.001920 -0.019800
v -0.008032 0.000250 -0.020068
v -0.007489 0.000250 -0.020068
v -0.008032 0.000250 -0.021365
v -0.008102 0.000180 -0.020068
v -0.007489 0.000250 -0.021366
v -0.008102 0.000180 -0.021365
v -0.008032 0.000250 -0.021643
v -0.008102 0.000051 -0.021365
v -0.007487 0.000250 -0.021643
v -0.008102 0.000180 -0.021643
v -0.008102 0.000051 -0.020068
v -0.008032 0.000250 -0.022677
v -0.008102 0.000051 -0.021643
v -0.007487 0.000250 -0.022677
v -0.008102 0.000180 -0.022677
v -0.007486 0.000250 -0.023585
v -0.008102 0.000051 -0.022677
v -0.008032 0.000250 -0.023744
v -0.008102 0.000180 -0.023765
v -0.008000 0.000250 -0.024174
v -0.008102 0.000051 -0.023767
v -0.007419 0.000250 -0.023636
v -0.008056 0.000180 -0.024236
v -0.007871 0.000250 -0.024415
v -0.008056 0.000051 -0.024241
v -0.007906 0.000180 -0.024485
v -0.007906 0.000051 -0.024492
v -0.006300 0.000783 -0.023566
v -0.005822 0.000784 -0.023566
v -0.006271 0.000320 -0.023566
v -0.007354 0.000320 -0.023566
v -0.005808 0.000321 -0.023566
v -0.007392 0.000783 -0.023566
v -0.007425 0.000320 -0.023496
v -0.007462 0.000783 -0.023496
v -0.006266 0.000180 -0.018018
v -0.006266 0.000051 -0.018018
v -0.005241 0.000180 -0.018018
v -0.006266 0.000250 -0.018088
v -0.005241 0.000051 -0.018018
v -0.005241 0.000250 -0.018088
v -0.006495 0.000180 -0.018018
v -0.006496 0.000051 -0.018018
v -0.007172 0.000180 -0.018018
v -0.007173 0.000051 -0.018018
v -0.007419 0.000180 -0.018018
v -0.007419 0.000051 -0.018018
v -0.006300 0.000784 -0.019800
v -0.006300 0.000784 -0.019998
v -0.006271 0.000320 -0.019800
v -0.006229 0.000784 -0.019730
v -0.006271 0.000320 -0.019998
v -0.006200 0.000320 -0.019730
v -0.006634 0.004511 -0.019908
v -0.006691 0.004489 -0.019978
v -0.006592 0.004161 -0.019907
v -0.006650 0.004162 -0.019978
v -0.006583 0.004106 -0.019932
v -0.006644 0.004110 -0.019999
v -0.006573 0.004066 -0.019971
v -0.006639 0.004060 -0.020047
v -0.006564 0.004009 -0.019997
v -0.006634 0.004009 -0.020068
v -0.006229 0.000784 -0.019730
v -0.006315 0.001920 -0.019730
v -0.006300 0.000784 -0.019800
v -0.006392 0.001990 -0.019788
v -0.007641 0.002573 -0.020138
v -0.007579 0.001990 -0.020138
v -0.007571 0.002574 -0.020068
v -0.007499 0.001973 -0.020071
v -0.007705 0.003209 -0.020138
v -0.007635 0.003209 -0.020068
v -0.007571 0.002574 -0.020068
v -0.007462 0.000784 -0.020138
v -0.007499 0.001973 -0.020071
v -0.007391 0.000790 -0.020073
v -0.007635 0.003209 -0.020068
v -0.007710 0.004009 -0.020068
v -0.007781 0.004009 -0.020138
v -0.007425 0.000320 -0.020138
v -0.007391 0.000790 -0.020073
v -0.007354 0.000320 -0.020068
v -0.005241 0.000784 -0.020343
v -0.005171 0.000784 -0.020413
v -0.005242 0.001918 -0.020343
v -0.005156 0.001921 -0.020413
v -0.005312 0.000784 -0.019730
v -0.005242 0.000784 -0.019800
v -0.005312 0.001920 -0.019730
v -0.005242 0.001920 -0.019800
v -0.006701 0.004559 -0.020046
v -0.006691 0.004489 -0.019978
v -0.006636 0.004616 -0.019971
v -0.006639 0.004628 -0.021295
v -0.006634 0.004511 -0.019908
v -0.006698 0.004559 -0.021363
v -0.006569 0.004629 -0.021365
v -0.006626 0.004559 -0.021432
v -0.006007 0.004559 -0.021436
v -0.006011 0.004629 -0.021366
v -0.005935 0.005998 -0.020442
v -0.005047 0.005652 -0.020441
v -0.005047 0.005989 -0.020440
v -0.005923 0.005582 -0.020442
v -0.005117 0.005582 -0.020441
v -0.006569 0.004629 -0.021365
v -0.006639 0.004628 -0.021295
v -0.006640 0.005129 -0.021365
v -0.006713 0.005130 -0.021294
v -0.007124 0.001714 -0.019828
v -0.006593 0.001714 -0.019828
v -0.007095 0.001742 -0.019828
v -0.006622 0.001743 -0.019828
v -0.006371 0.000791 -0.020062
v -0.006341 0.000320 -0.020068
v -0.006300 0.000784 -0.019998
v -0.006496 0.000320 -0.020068
v -0.006271 0.000320 -0.019998
v -0.006524 0.000791 -0.020068
v -0.006524 0.000791 -0.020068
v -0.007205 0.000320 -0.020068
v -0.007213 0.000790 -0.020072
v -0.007354 0.000320 -0.020068
v -0.007391 0.000790 -0.020073
v -0.007122 0.000941 -0.019828
v -0.006594 0.000943 -0.019828
v -0.007124 0.001714 -0.019828
v -0.006593 0.001714 -0.019828
v -0.007122 0.000941 -0.019828
v -0.007094 0.000913 -0.019828
v -0.006594 0.000943 -0.019828
v -0.006623 0.000915 -0.019828
v -0.003343 0.002981 -0.017920
v -0.003322 0.002990 -0.017979
v -0.003422 0.003060 -0.017920
v -0.003322 0.002861 -0.017979
v -0.003413 0.003081 -0.017979
v -0.003343 0.002870 -0.017920
v -0.003533 0.003060 -0.017920
v -0.003413 0.002770 -0.017979
v -0.003440 0.003015 -0.017878
v -0.003542 0.003081 -0.017979
v -0.003422 0.002791 -0.017920
v -0.003388 0.002962 -0.017878
v -0.003633 0.002990 -0.017967
v -0.003542 0.002770 -0.017979
v -0.003514 0.003015 -0.017878
v -0.003533 0.002791 -0.017920
v -0.003388 0.002888 -0.017878
v -0.003612 0.002981 -0.017910
v -0.003633 0.002861 -0.017967
v -0.003440 0.002836 -0.017878
v -0.003567 0.002962 -0.017868
v -0.003612 0.002870 -0.017910
v -0.003477 0.002925 -0.017849
v -0.003567 0.002888 -0.017868
v -0.003514 0.002836 -0.017878
v -0.003807 0.002344 -0.017920
v -0.003786 0.002353 -0.017979
v -0.003886 0.002423 -0.017920
v -0.003786 0.002224 -0.017979
v -0.003877 0.002444 -0.017979
v -0.003807 0.002233 -0.017920
v -0.003997 0.002423 -0.017920
v -0.003877 0.002133 -0.017979
v -0.003905 0.002378 -0.017878
v -0.004006 0.002444 -0.017979
v -0.003886 0.002154 -0.017920
v -0.003852 0.002325 -0.017878
v -0.004097 0.002353 -0.017967
v -0.004006 0.002133 -0.017979
v -0.003979 0.002378 -0.017878
v -0.003997 0.002154 -0.017920
v -0.003852 0.002251 -0.017878
v -0.004076 0.002344 -0.017910
v -0.004097 0.002224 -0.017967
v -0.003905 0.002199 -0.017878
v -0.004031 0.002325 -0.017868
v -0.004076 0.002233 -0.017910
v -0.003942 0.002288 -0.017849
v -0.004031 0.002251 -0.017868
v -0.003979 0.002199 -0.017878
v -0.003343 0.002344 -0.017920
v -0.003322 0.002353 -0.017979
v -0.003422 0.002423 -0.017920
v -0.003322 0.002224 -0.017979
v -0.003413 0.002444 -0.017979
v -0.003343 0.002233 -0.017920
v -0.003533 0.002423 -0.017920
v -0.003413 0.002133 -0.017979
v -0.003440 0.002378 -0.017878
v -0.003542 0.002444 -0.017979
v -0.003422 0.002154 -0.017920
v -0.003388 0.002325 -0.017878
v -0.003633 0.002353 -0.017967
v -0.003542 0.002133 -0.017979
v -0.003514 0.002378 -0.017878
v -0.003533 0.002154 -0.017920
v -0.003388 0.002251 -0.017878
v -0.003612 0.002344 -0.017910
v -0.003633 0.002224 -0.017967
v -0.003440 0.002199 -0.017878
v -0.003567 0.002325 -0.017868
v -0.003612 0.002233 -0.017910
v -0.003477 0.002288 -0.017849
v -0.003567 0.002251 -0.017868
v -0.003514 0.002199 -0.017878
v -0.002932 0.002973 -0.018359
v -0.002975 0.002986 -0.018402
v -0.002960 0.003058 -0.018284
v -0.002938 0.002879 -0.018364
v -0.003008 0.003084 -0.018315
v -0.002982 0.002875 -0.018407
v -0.002913 0.002959 -0.018302
v -0.003006 0.003056 -0.018182
v -0.002974 0.002790 -0.018296
v -0.002917 0.002885 -0.018305
v -0.002932 0.003010 -0.018252
v -0.003061 0.003081 -0.018197
v -0.002926 0.002919 -0.018210
v -0.003043 0.002976 -0.018114
v -0.003025 0.002773 -0.018329
v -0.002962 0.003009 -0.018184
v -0.002942 0.002832 -0.018260
v -0.003078 0.002771 -0.018211
v -0.003020 0.002788 -0.018194
v -0.002987 0.002956 -0.018139
v -0.003110 0.002860 -0.018124
v -0.002991 0.002882 -0.018142
v -0.002972 0.002831 -0.018192
v -0.003049 0.002865 -0.018119
v -0.003103 0.002989 -0.018118
v -0.002687 0.002967 -0.018913
v -0.002731 0.002979 -0.018956
v -0.002713 0.003056 -0.018841
v -0.002695 0.002873 -0.018913
v -0.002760 0.003081 -0.018873
v -0.002740 0.002868 -0.018956
v -0.002668 0.002955 -0.018855
v -0.002757 0.003060 -0.018739
v -0.002733 0.002788 -0.018841
v -0.002685 0.003009 -0.018807
v -0.002812 0.003085 -0.018755
v -0.002784 0.002771 -0.018872
v -0.002674 0.002881 -0.018855
v -0.002795 0.002983 -0.018667
v -0.002836 0.002775 -0.018755
v -0.002681 0.002919 -0.018762
v -0.002856 0.002997 -0.018671
v -0.002778 0.002792 -0.018739
v -0.002803 0.002872 -0.018667
v -0.002715 0.003011 -0.018740
v -0.002865 0.002868 -0.018671
v -0.002740 0.002961 -0.018692
v -0.002729 0.002833 -0.018739
v -0.002746 0.002887 -0.018692
v -0.002699 0.002831 -0.018807
v -0.002431 0.002966 -0.019492
v -0.002475 0.002979 -0.019535
v -0.002457 0.003056 -0.019420
v -0.002440 0.002873 -0.019492
v -0.002504 0.003081 -0.019452
v -0.002485 0.002868 -0.019535
v -0.002413 0.002955 -0.019434
v -0.002501 0.003060 -0.019318
v -0.002478 0.002788 -0.019420
v -0.002429 0.003009 -0.019386
v -0.002556 0.003085 -0.019334
v -0.002529 0.002771 -0.019451
v -0.002418 0.002881 -0.019434
v -0.002539 0.002984 -0.019246
v -0.002580 0.002775 -0.019333
v -0.002425 0.002919 -0.019341
v -0.002600 0.002997 -0.019250
v -0.002522 0.002792 -0.019318
v -0.002548 0.002873 -0.019246
v -0.002459 0.003011 -0.019319
v -0.002610 0.002869 -0.019250
v -0.002484 0.002961 -0.019271
v -0.002473 0.002833 -0.019318
v -0.002490 0.002887 -0.019271
v -0.002443 0.002831 -0.019386
v -0.002485 0.002313 -0.019526
v -0.002529 0.002326 -0.019568
v -0.002510 0.002399 -0.019451
v -0.002493 0.002219 -0.019530
v -0.002558 0.002425 -0.019481
v -0.002538 0.002215 -0.019572
v -0.002465 0.002299 -0.019468
v -0.002554 0.002399 -0.019348
v -0.002530 0.002131 -0.019460
v -0.002471 0.002225 -0.019471
v -0.002482 0.002351 -0.019419
v -0.002609 0.002424 -0.019362
v -0.002477 0.002259 -0.019377
v -0.002591 0.002320 -0.019279
v -0.002581 0.002115 -0.019492
v -0.002511 0.002350 -0.019351
v -0.002495 0.002173 -0.019425
v -0.002631 0.002114 -0.019373
v -0.002573 0.002131 -0.019358
v -0.002536 0.002298 -0.019304
v -0.002661 0.002205 -0.019286
v -0.002541 0.002224 -0.019307
v -0.002524 0.002172 -0.019357
v -0.002599 0.002209 -0.019283
v -0.002651 0.002333 -0.019282
v -0.002735 0.002309 -0.018948
v -0.002779 0.002321 -0.018991
v -0.002760 0.002398 -0.018876
v -0.002743 0.002215 -0.018948
v -0.002808 0.002423 -0.018907
v -0.002788 0.002210 -0.018991
v -0.002715 0.002297 -0.018890
v -0.002804 0.002401 -0.018774
v -0.002780 0.002130 -0.018876
v -0.002732 0.002351 -0.018842
v -0.002859 0.002427 -0.018789
v -0.002831 0.002113 -0.018907
v -0.002721 0.002223 -0.018890
v -0.002841 0.002325 -0.018702
v -0.002882 0.002117 -0.018789
v -0.002727 0.002261 -0.018797
v -0.002902 0.002339 -0.018705
v -0.002824 0.002133 -0.018774
v -0.002849 0.002214 -0.018702
v -0.002762 0.002353 -0.018775
v -0.002911 0.002210 -0.018705
v -0.002786 0.002302 -0.018727
v -0.002775 0.002175 -0.018775
v -0.002792 0.002229 -0.018727
v -0.002746 0.002173 -0.018842
v -0.002976 0.002315 -0.018394
v -0.003020 0.002327 -0.018437
v -0.003004 0.002400 -0.018319
v -0.002982 0.002221 -0.018399
v -0.003052 0.002425 -0.018350
v -0.003026 0.002216 -0.018442
v -0.002957 0.002301 -0.018337
v -0.003050 0.002398 -0.018218
v -0.003018 0.002132 -0.018330
v -0.002961 0.002227 -0.018340
v -0.002976 0.002352 -0.018287
v -0.003105 0.002423 -0.018232
v -0.002970 0.002261 -0.018245
v -0.003086 0.002319 -0.018149
v -0.003068 0.002115 -0.018363
v -0.003006 0.002351 -0.018219
v -0.002985 0.002174 -0.018294
v -0.003121 0.002113 -0.018245
v -0.003064 0.002130 -0.018229
v -0.003030 0.002298 -0.018174
v -0.003154 0.002202 -0.018158
v -0.003034 0.002224 -0.018177
v -0.003016 0.002173 -0.018227
v -0.003092 0.002208 -0.018154
v -0.003147 0.002331 -0.018153
v -0.005535 0.002981 -0.017920
v -0.005456 0.003060 -0.017920
v -0.005556 0.002990 -0.017979
v -0.005556 0.002861 -0.017979
v -0.005465 0.003081 -0.017979
v -0.005535 0.002870 -0.017920
v -0.005345 0.003060 -0.017920
v -0.005465 0.002770 -0.017979
v -0.005437 0.003015 -0.017878
v -0.005336 0.003081 -0.017979
v -0.005456 0.002791 -0.017920
v -0.005490 0.002962 -0.017878
v -0.005363 0.003015 -0.017878
v -0.005336 0.002770 -0.017979
v -0.005400 0.002925 -0.017849
v -0.005345 0.002791 -0.017920
v -0.005490 0.002888 -0.017878
v -0.005266 0.002981 -0.017910
v -0.005245 0.002861 -0.017967
v -0.005311 0.002962 -0.017868
v -0.005437 0.002836 -0.017878
v -0.005266 0.002870 -0.017910
v -0.005245 0.002990 -0.017967
v -0.005363 0.002836 -0.017878
v -0.005311 0.002888 -0.017868
v -0.005070 0.002344 -0.017920
v -0.004992 0.002423 -0.017920
v -0.005091 0.002353 -0.017979
v -0.005091 0.002224 -0.017979
v -0.005000 0.002444 -0.017979
v -0.005070 0.002233 -0.017920
v -0.004880 0.002423 -0.017920
v -0.005000 0.002133 -0.017979
v -0.004973 0.002378 -0.017878
v -0.004872 0.002444 -0.017979
v -0.004992 0.002154 -0.017920
v -0.005025 0.002325 -0.017878
v -0.004899 0.002378 -0.017878
v -0.004872 0.002133 -0.017979
v -0.004936 0.002288 -0.017849
v -0.004880 0.002154 -0.017920
v -0.005025 0.002251 -0.017878
v -0.004802 0.002344 -0.017910
v -0.004781 0.002224 -0.017967
v -0.004847 0.002325 -0.017868
v -0.004973 0.002199 -0.017878
v -0.004802 0.002233 -0.017910
v -0.004781 0.002353 -0.017967
v -0.004899 0.002199 -0.017878
v -0.004847 0.002251 -0.017868
v -0.005535 0.002344 -0.017920
v -0.005456 0.002423 -0.017920
v -0.005556 0.002353 -0.017979
v -0.005556 0.002224 -0.017979
v -0.005465 0.002444 -0.017979
v -0.005535 0.002233 -0.017920
v -0.005345 0.002423 -0.017920
v -0.005465 0.002133 -0.017979
v -0.005437 0.002378 -0.017878
v -0.005336 0.002444 -0.017979
v -0.005456 0.002154 -0.017920
v -0.005490 0.002325 -0.017878
v -0.005363 0.002378 -0.017878
v -0.005336 0.002133 -0.017979
v -0.005400 0.002288 -0.017849
v -0.005345 0.002154 -0.017920
v -0.005490 0.002251 -0.017878
v -0.005266 0.002344 -0.017910
v -0.005245 0.002224 -0.017967
v -0.005311 0.002325 -0.017868
v -0.005437 0.002199 -0.017878
v -0.005266 0.002233 -0.017910
v -0.005245 0.002353 -0.017967
v -0.005363 0.002199 -0.017878
v -0.005311 0.002251 -0.017868
v -0.005946 0.002973 -0.018359
v -0.005918 0.003058 -0.018284
v -0.005903 0.002986 -0.018402
v -0.005940 0.002879 -0.018364
v -0.005870 0.003084 -0.018315
v -0.005965 0.002959 -0.018302
v -0.005896 0.002875 -0.018407
v -0.005872 0.003056 -0.018182
v -0.005946 0.003010 -0.018252
v -0.005961 0.002885 -0.018305
v -0.005903 0.002790 -0.018296
v -0.005817 0.003081 -0.018197
v -0.005952 0.002919 -0.018210
v -0.005853 0.002773 -0.018329
v -0.005835 0.002976 -0.018114
v -0.005800 0.002771 -0.018211
v -0.005915 0.003009 -0.018184
v -0.005936 0.002832 -0.018260
v -0.005857 0.002788 -0.018194
v -0.005767 0.002860 -0.018124
v -0.005891 0.002956 -0.018139
v -0.005906 0.002831 -0.018192
v -0.005829 0.002865 -0.018119
v -0.005887 0.002882 -0.018142
v -0.005774 0.002989 -0.018118
v -0.006191 0.002967 -0.018913
v -0.006165 0.003056 -0.018841
v -0.006147 0.002979 -0.018956
v -0.006182 0.002873 -0.018913
v -0.006117 0.003081 -0.018873
v -0.006209 0.002955 -0.018855
v -0.006137 0.002868 -0.018956
v -0.006120 0.003060 -0.018739
v -0.006192 0.003009 -0.018807
v -0.006145 0.002788 -0.018841
v -0.006066 0.003085 -0.018755
v -0.006163 0.003011 -0.018740
v -0.006204 0.002881 -0.018855
v -0.006083 0.002983 -0.018667
v -0.006094 0.002771 -0.018872
v -0.006197 0.002919 -0.018762
v -0.006022 0.002997 -0.018671
v -0.006042 0.002775 -0.018755
v -0.006138 0.002961 -0.018692
v -0.006074 0.002872 -0.018667
v -0.006100 0.002792 -0.018739
v -0.006132 0.002887 -0.018692
v -0.006012 0.002868 -0.018671
v -0.006149 0.002833 -0.018739
v -0.006179 0.002831 -0.018807
v -0.006447 0.002966 -0.019492
v -0.006421 0.003056 -0.019420
v -0.006403 0.002979 -0.019535
v -0.006438 0.002873 -0.019492
v -0.006373 0.003081 -0.019452
v -0.006465 0.002955 -0.019434
v -0.006393 0.002868 -0.019535
v -0.006376 0.003060 -0.019318
v -0.006448 0.003009 -0.019386
v -0.006400 0.002788 -0.019420
v -0.006322 0.003085 -0.019334
v -0.006419 0.003011 -0.019319
v -0.006459 0.002881 -0.019434
v -0.006339 0.002984 -0.019246
v -0.006349 0.002771 -0.019451
v -0.006453 0.002919 -0.019341
v -0.006278 0.002997 -0.019250
v -0.006297 0.002775 -0.019333
v -0.006394 0.002961 -0.019271
v -0.006330 0.002873 -0.019246
v -0.006355 0.002792 -0.019318
v -0.006388 0.002887 -0.019271
v -0.006268 0.002869 -0.019250
v -0.006405 0.002833 -0.019318
v -0.006434 0.002831 -0.019386
v -0.006393 0.002313 -0.019526
v -0.006368 0.002399 -0.019451
v -0.006349 0.002326 -0.019568
v -0.006385 0.002219 -0.019530
v -0.006320 0.002425 -0.019481
v -0.006412 0.002299 -0.019468
v -0.006340 0.002215 -0.019572
v -0.006324 0.002399 -0.019348
v -0.006395 0.002351 -0.019419
v -0.006407 0.002225 -0.019471
v -0.006348 0.002131 -0.019460
v -0.006269 0.002424 -0.019362
v -0.006401 0.002259 -0.019377
v -0.006297 0.002115 -0.019492
v -0.006287 0.002320 -0.019279
v -0.006246 0.002114 -0.019373
v -0.006366 0.002350 -0.019351
v -0.006382 0.002173 -0.019425
v -0.006304 0.002131 -0.019358
v -0.006217 0.002205 -0.019286
v -0.006342 0.002298 -0.019304
v -0.006353 0.002172 -0.019357
v -0.006279 0.002209 -0.019283
v -0.006336 0.002224 -0.019307
v -0.006226 0.002333 -0.019282
v -0.006143 0.002309 -0.018948
v -0.006118 0.002398 -0.018876
v -0.006099 0.002321 -0.018991
v -0.006135 0.002215 -0.018948
v -0.006070 0.002423 -0.018907
v -0.006162 0.002297 -0.018890
v -0.006090 0.002210 -0.018991
v -0.006074 0.002401 -0.018774
v -0.006145 0.002351 -0.018842
v -0.006098 0.002130 -0.018876
v -0.006019 0.002427 -0.018789
v -0.006116 0.002353 -0.018775
v -0.006157 0.002223 -0.018890
v -0.006037 0.002325 -0.018702
v -0.006047 0.002113 -0.018907
v -0.006150 0.002261 -0.018797
v -0.005976 0.002339 -0.018705
v -0.005996 0.002117 -0.018789
v -0.006092 0.002302 -0.018727
v -0.006028 0.002214 -0.018702
v -0.006054 0.002133 -0.018774
v -0.006086 0.002229 -0.018727
v -0.005966 0.002210 -0.018705
v -0.006103 0.002175 -0.018775
v -0.006132 0.002173 -0.018842
v -0.005902 0.002315 -0.018394
v -0.005874 0.002400 -0.018319
v -0.005858 0.002327 -0.018437
v -0.005896 0.002221 -0.018399
v -0.005826 0.002425 -0.018350
v -0.005921 0.002301 -0.018337
v -0.005851 0.002216 -0.018442
v -0.005828 0.002398 -0.018218
v -0.005902 0.002352 -0.018287
v -0.005917 0.002227 -0.018340
v -0.005860 0.002132 -0.018330
v -0.005773 0.002423 -0.018232
v -0.005908 0.002261 -0.018245
v -0.005809 0.002115 -0.018363
v -0.005792 0.002319 -0.018149
v -0.005757 0.002113 -0.018245
v -0.005872 0.002351 -0.018219
v -0.005893 0.002174 -0.018294
v -0.005814 0.002130 -0.018229
v -0.005724 0.002202 -0.018158
v -0.005847 0.002298 -0.018174
v -0.005862 0.002173 -0.018227
v -0.005786 0.002208 -0.018154
v -0.005844 0.002224 -0.018177
v -0.005731 0.002331 -0.018153
v -0.005070 0.002980 -0.017920
v -0.004992 0.003059 -0.017920
v -0.005091 0.002989 -0.017979
v -0.005091 0.002860 -0.017979
v -0.005000 0.003080 -0.017979
v -0.005070 0.002869 -0.017920
v -0.004880 0.003059 -0.017920
v -0.005000 0.002769 -0.017979
v -0.004973 0.003014 -0.017878
v -0.004872 0.003080 -0.017979
v -0.004992 0.002790 -0.017920
v -0.005025 0.002962 -0.017878
v -0.004899 0.003014 -0.017878
v -0.004872 0.002769 -0.017979
v -0.004936 0.002925 -0.017849
v -0.004880 0.002790 -0.017920
v -0.005025 0.002888 -0.017878
v -0.004802 0.002980 -0.017910
v -0.004781 0.002860 -0.017967
v -0.004847 0.002962 -0.017868
v -0.004973 0.002836 -0.017878
v -0.004802 0.002869 -0.017910
v -0.004781 0.002989 -0.017967
v -0.004899 0.002836 -0.017878
v -0.004847 0.002888 -0.017868
v -0.003807 0.002980 -0.017920
v -0.003786 0.002989 -0.017979
v -0.003886 0.003059 -0.017920
v -0.003786 0.002860 -0.017979
v -0.003877 0.003080 -0.017979
v -0.003807 0.002869 -0.017920
v -0.003997 0.003059 -0.017920
v -0.003877 0.002769 -0.017979
v -0.003905 0.003014 -0.017878
v -0.004006 0.003080 -0.017979
v -0.003886 0.002790 -0.017920
v -0.003852 0.002962 -0.017878
v -0.004097 0.002989 -0.017967
v -0.004006 0.002769 -0.017979
v -0.003979 0.003014 -0.017878
v -0.003997 0.002790 -0.017920
v -0.003852 0.002888 -0.017878
v -0.004076 0.002980 -0.017910
v -0.004097 0.002860 -0.017967
v -0.003905 0.002836 -0.017878
v -0.004031 0.002962 -0.017868
v -0.004076 0.002869 -0.017910
v -0.003942 0.002925 -0.017849
v -0.004031 0.002888 -0.017868
v -0.003979 0.002836 -0.017878
vn 0.9962 -0.0866 0.0002
vn 0.0002 -0.0000 1.0000
vn 0.9962 -0.0867 0.0002
vn -0.9962 -0.0867 0.0002
vn -0.9962 -0.0866 0.0002
vn -0.0002 -0.0000 1.0000
vn 0.7523 0.3116 0.5805
vn 0.8617 0.3569 0.3605
vn 0.3116 0.7523 0.5805
vn 0.8617 -0.3569 0.3605
vn 0.3570 0.8617 0.3605
vn 0.7523 -0.3116 0.5805
vn -0.2870 0.7658 0.5754
vn 0.3569 -0.8617 0.3605
vn 0.1819 0.4392 0.8798
vn -0.3428 0.8677 0.3601
vn 0.3116 -0.7523 0.5805
vn 0.4392 0.1819 0.8798
vn -0.8532 0.3700 0.3677
vn -0.3428 -0.8677 0.3601
vn -0.1319 0.4653 0.8753
vn -0.2871 -0.7658 0.5754
vn 0.4392 -0.1819 0.8798
vn -0.7364 0.3351 0.5877
vn -0.8532 -0.3700 0.3677
vn 0.1819 -0.4392 0.8798
vn -0.3697 0.2147 0.9040
vn -0.7364 -0.3352 0.5877
vn 0.0472 -0.0000 0.9989
vn -0.3698 -0.2148 0.9040
vn -0.1319 -0.4653 0.8753
vn 0.8618 0.3569 0.3605
vn -0.3698 0.2147 0.9040
vn 0.0474 -0.0000 0.9989
vn -0.9797 -0.0001 0.2005
vn -0.0000 0.0004 1.0000
vn 0.0001 0.0003 1.0000
vn -0.0000 0.0003 1.0000
vn -0.0001 0.0005 1.0000
vn 0.0002 0.9584 0.2855
vn 0.0297 0.0584 0.9978
vn -0.0002 -0.9592 0.2829
vn 0.0003 0.9584 0.2855
vn -0.0320 -0.0459 0.9984
vn 0.0395 -0.0363 0.9986
vn 0.9797 0.0001 0.2006
vn -0.0001 0.0004 1.0000
vn -0.0001 -0.9592 0.2829
vn 0.0063 0.0143 0.9999
vn -0.0001 -0.9592 0.2828
vn 0.0002 0.9584 0.2854
vn -0.0001 0.0003 1.0000
vn 0.0162 -0.1028 0.9946
vn 0.0163 -0.1029 0.9946
vn 0.0001 0.0004 1.0000
vn -0.0000 0.0005 1.0000
vn -0.0002 0.0003 1.0000
vn -0.0000 1.0000 -0.0000
vn 0.9982 -0.0607 -0.0000
vn 0.9984 -0.0540 0.0185
vn 0.0003 0.0004 1.0000
vn 0.0002 0.0005 1.0000
vn 0.3911 -0.8311 0.3953
vn 0.0003 0.0005 1.0000
vn 0.5861 -0.6128 0.5300
vn 1.0000 -0.0002 -0.0000
vn 0.3911 -0.8311 0.3954
vn 1.0000 -0.0001 -0.0000
vn 0.5862 -0.6128 0.5300
vn 1.0000 -0.0001 -0.0001
vn 0.0002 -0.0001 1.0000
vn -0.0000 1.0000 0.0010
vn 0.9954 -0.0954 0.0003
vn 0.3912 -0.8311 0.3953
vn 1.0000 -0.0002 0.0001
vn 0.6568 -0.7540 0.0002
vn 0.6569 -0.7540 0.0002
vn 0.9954 -0.0955 -0.0009
vn 0.6540 -0.7565 -0.0000
vn 1.0000 -0.0003 -0.0000
vn 0.9955 -0.0952 -0.0001
vn 0.0001 -0.0000 -1.0000
vn 0.6540 -0.7565 0.0001
vn 0.6524 -0.7579 -0.0000
vn 0.9955 -0.0949 -0.0001
vn 0.0001 -0.0001 -1.0000
vn 0.0002 -0.7686 -0.6398
vn -0.0000 -0.0000 -1.0000
vn 0.0001 -0.7685 -0.6398
vn 0.0002 -0.0002 -1.0000
vn -0.0000 -0.7681 -0.6403
vn -0.0000 -0.0003 -1.0000
vn 1.0000 -0.0008 0.0001
vn 1.0000 -0.0006 0.0001
vn 0.0001 -0.0002 -1.0000
vn 1.0000 -0.0007 0.0001
vn -0.0000 1.0000 -0.0001
vn -0.0000 -0.0001 -1.0000
vn 0.0001 1.0000 -0.0003
vn 0.0001 1.0000 -0.0002
vn 0.0003 -0.5212 -0.8534
vn -0.0000 -0.5238 -0.8518
vn 0.0001 1.0000 0.0001
vn 0.0002 -0.5242 -0.8516
vn 1.0000 -0.0004 0.0013
vn 0.7891 -0.6143 -0.0000
vn 1.0000 -0.0001 0.0002
vn -0.0001 1.0000 -0.0013
vn 0.9990 -0.0439 -0.0000
vn 0.0005 0.0011 1.0000
vn -1.0000 -0.0006 0.0001
vn 0.7897 -0.6135 -0.0000
vn -1.0000 -0.0008 0.0001
vn 0.7897 -0.6135 0.0004
vn 0.0004 0.0011 1.0000
vn -1.0000 -0.0007 0.0001
vn 0.0006 0.0011 1.0000
vn -0.0001 1.0000 -0.0002
vn -0.0001 1.0000 0.0001
vn 0.0034 1.0000 -0.0001
vn -0.0000 1.0000 -0.0002
vn 1.0000 -0.0004 0.0012
vn -1.0000 -0.0004 0.0012
vn -1.0000 -0.0001 0.0002
vn -0.0006 0.0011 1.0000
vn 0.0010 -0.6441 0.7649
vn 0.7916 -0.6110 0.0001
vn 0.0011 -0.6442 0.7649
vn 0.0009 -0.6441 0.7649
vn -0.0008 0.0011 1.0000
vn 0.0030 -0.6441 0.7649
vn 0.7906 -0.6124 0.0003
vn -0.0010 -0.6442 0.7649
vn 0.0011 0.0007 1.0000
vn -0.0010 -0.6441 0.7649
vn 0.0017 -0.0007 1.0000
vn -0.0011 -0.6442 0.7649
vn 0.9994 -0.0334 0.0009
vn -0.7916 -0.6110 0.0001
vn 0.9991 -0.0373 -0.0183
vn -0.0010 0.0007 1.0000
vn -0.7906 -0.6123 0.0003
vn 0.9987 -0.0436 -0.0268
vn -0.0049 -0.0007 1.0000
vn 0.9990 -0.0438 -0.0002
vn -0.7897 -0.6135 -0.0000
vn -0.9991 -0.0373 -0.0183
vn -0.7897 -0.6135 0.0004
vn -0.9987 -0.0436 -0.0268
vn -0.9994 -0.0334 0.0009
vn -0.9990 -0.0438 -0.0002
vn -0.7891 -0.6143 -0.0000
vn -0.9990 -0.0439 -0.0000
vn -0.0002 -0.5242 -0.8516
vn -0.0001 -0.0002 -1.0000
vn -0.0002 -0.0002 -1.0000
vn 0.9991 -0.0434 -0.0001
vn 0.9991 -0.0435 -0.0001
vn 0.9995 -0.0319 -0.0001
vn 0.9994 -0.0343 -0.0002
vn 0.9987 -0.0435 -0.0268
vn -0.0000 -0.0002 -1.0000
vn 0.0002 -0.0000 -1.0000
vn -0.0001 -0.0000 -1.0000
vn 0.9985 -0.0548 0.0035
vn 0.9984 -0.0539 0.0185
vn 0.9992 -0.0388 0.0017
vn 0.9982 -0.0574 0.0185
vn 0.9992 -0.0406 -0.0006
vn 0.9984 -0.0563 -0.0007
vn 0.9982 -0.0606 -0.0004
vn 0.9996 -0.0294 -0.0009
vn 0.9982 -0.0607 -0.0004
vn 0.9990 -0.0442 -0.0001
vn -0.0002 -0.0000 -1.0000
vn 0.9981 -0.0600 -0.0144
vn -0.0002 -0.0001 -1.0000
vn 0.9989 -0.0475 -0.0002
vn 0.9990 -0.0444 -0.0001
vn -0.9984 -0.0539 0.0185
vn 0.9987 -0.0512 -0.0005
vn -0.9996 -0.0294 -0.0009
vn 0.9989 -0.0474 -0.0003
vn -0.9989 -0.0475 -0.0002
vn 0.9987 -0.0518 -0.0012
vn -0.9987 -0.0512 -0.0005
vn 0.9989 -0.0469 -0.0011
vn -0.9987 -0.0518 -0.0012
vn 0.9989 -0.0468 -0.0011
vn -0.9989 -0.0468 -0.0011
vn -0.9989 -0.0475 -0.0003
vn 0.9995 -0.0310 -0.0009
vn 0.9995 -0.0311 -0.0009
vn 0.0001 0.0002 -1.0000
vn 0.0003 -0.0000 -1.0000
vn -0.9994 -0.0336 -0.0008
vn -0.9995 -0.0311 -0.0009
vn -0.9990 -0.0442 -0.0001
vn -0.0003 -0.0000 -1.0000
vn -0.9982 -0.0605 -0.0004
vn -0.9982 -0.0607 -0.0004
vn -0.9981 -0.0600 -0.0144
vn -0.9984 -0.0563 -0.0007
vn -0.9987 -0.0435 -0.0268
vn -0.9992 -0.0406 -0.0006
vn -0.9992 -0.0388 0.0017
vn -0.9985 -0.0548 0.0035
vn -0.9994 -0.0343 -0.0002
vn -0.9991 -0.0435 -0.0001
vn -0.9995 -0.0326 0.0010
vn -0.9995 -0.0319 -0.0001
vn -0.9994 -0.0334 0.0010
vn -0.9990 -0.0439 -0.0001
vn -0.0011 0.0008 1.0000
vn 0.0005 1.0000 0.0004
vn 0.0002 1.0000 0.0012
vn 0.0005 1.0000 0.0006
vn 1.0000 -0.0008 -0.0001
vn 0.0002 1.0000 0.0016
vn 1.0000 -0.0009 -0.0001
vn 0.0003 1.0000 0.0003
vn 1.0000 -0.0008 0.0005
vn 0.0007 1.0000 -0.0000
vn -0.0000 1.0000 0.0002
vn 0.0006 1.0000 0.0002
vn 0.0044 1.0000 0.0015
vn 1.0000 -0.0009 -0.0006
vn 0.4825 -0.8759 -0.0000
vn -0.0000 1.0000 0.0014
vn 0.0004 0.0015 -1.0000
vn 0.4829 -0.8757 0.0004
vn 0.0001 0.0002 1.0000
vn 0.0004 -0.8621 -0.5068
vn 0.4828 -0.8757 0.0004
vn 0.0002 -0.7904 0.6126
vn 0.9891 -0.1476 0.0008
vn 0.9890 -0.1476 0.0008
vn 0.0010 -0.0000 -1.0000
vn 0.0001 -0.7904 0.6126
vn 0.0001 -0.7903 0.6127
vn 0.0004 0.0016 -1.0000
vn 0.0010 -0.0001 -1.0000
vn -0.0000 -0.7902 0.6128
vn -0.0000 -0.7902 0.6129
vn 0.9919 -0.1270 -0.0052
vn -0.0024 1.0000 -0.0000
vn 0.0003 -0.0000 1.0000
vn -0.0000 -0.0000 1.0000
vn 0.0011 -0.0000 -1.0000
vn 0.9919 -0.1270 -0.0051
vn 0.9891 -0.1476 0.0007
vn 0.0001 -0.0000 1.0000
vn 0.0003 -0.0001 1.0000
vn 0.9919 -0.1269 -0.0052
vn 0.9896 -0.1381 0.0399
vn 0.9966 -0.0829 0.0004
vn 0.9871 -0.1603 0.0001
vn 0.9962 -0.0865 0.0002
vn 0.9015 -0.0721 0.4267
vn 0.9680 -0.2219 0.1168
vn 0.9970 -0.0768 0.0007
vn 0.9971 -0.0767 0.0007
vn 0.9980 -0.0625 0.0007
vn 0.9980 -0.0625 0.0008
vn 0.9980 -0.0626 0.0006
vn -0.0320 -0.0460 0.9984
vn 0.0196 -0.0060 0.9998
vn -0.0319 -0.0459 0.9984
vn 0.0197 -0.0061 0.9998
vn -0.0319 -0.0460 0.9984
vn 0.9966 -0.0829 0.0003
vn 1.0000 -0.0002 0.0002
vn 1.0000 -0.0003 0.0003
vn 0.0012 -0.0687 0.9976
vn 1.0000 -0.0003 0.0002
vn -0.0000 -0.0687 0.9976
vn 0.0014 -0.0516 0.9987
vn -0.0017 -0.0643 0.9979
vn -0.0011 -0.0614 0.9981
vn -0.0017 -0.0644 0.9979
vn -0.0000 -0.0509 0.9987
vn 1.0000 -0.0002 0.0003
vn -0.0000 -0.0783 0.9969
vn 1.0000 -0.0001 0.0001
vn -0.0012 -0.0687 0.9976
vn 0.0007 -0.0778 0.9970
vn -0.0014 -0.0517 0.9987
vn -0.0007 -0.0778 0.9970
vn -1.0000 -0.0003 0.0002
vn -1.0000 -0.0002 0.0002
vn -1.0000 -0.0003 0.0003
vn -0.0000 -0.0001 1.0000
vn 0.2615 0.9652 0.0001
vn -1.0000 -0.0002 0.0001
vn 0.2615 0.9652 -0.0000
vn 0.0018 -0.0643 0.9979
vn 0.0010 -0.0609 0.9981
vn 0.0010 -0.0680 0.9977
vn -1.0000 -0.0002 0.0003
vn 0.2587 0.9659 -0.0012
vn 0.0011 -0.0609 0.9981
vn 0.2588 0.9659 -0.0002
vn 0.2588 0.9659 -0.0013
vn -0.0004 -0.0619 0.9981
vn -0.0000 1.0000 -0.0021
vn -0.0010 -0.0680 0.9977
vn 0.2735 0.9587 -0.0776
vn 0.0001 1.0000 -0.0021
vn -0.0000 1.0000 -0.0022
vn 0.0002 0.0003 -1.0000
vn 0.0002 1.0000 -0.0021
vn 0.0022 -0.0663 0.9978
vn -0.0000 0.0004 -1.0000
vn -0.2733 0.9579 0.0881
vn 0.0022 -0.0662 0.9978
vn -0.0000 0.0003 -1.0000
vn -0.2732 0.9579 0.0882
vn 0.0002 -0.0645 0.9979
vn -0.0001 1.0000 -0.0021
vn -0.0002 0.0003 -1.0000
vn 1.0000 -0.0002 -0.0001
vn -0.0000 -0.0655 0.9979
vn -0.2735 0.9587 -0.0776
vn -0.0022 -0.0662 0.9978
vn -0.2587 0.9659 -0.0012
vn 0.2732 0.9579 0.0882
vn -0.2588 0.9659 -0.0013
vn -0.0022 -0.0663 0.9978
vn -0.2588 0.9659 -0.0002
vn 0.2733 0.9579 0.0881
vn -0.2615 0.9652 -0.0000
vn -0.2615 0.9652 0.0001
vn -1.0000 -0.0001 0.0001
vn -1.0000 -0.0002 -0.0000
vn -0.0002 0.0002 -1.0000
vn -1.0000 0.0002 -0.0001
vn 0.0007 -0.0614 0.9981
vn 1.0000 -0.0002 0.0004
vn 0.0016 -0.0429 0.9991
vn 1.0000 -0.0003 0.0004
vn -0.0000 -0.0608 0.9982
vn -0.0000 -0.0429 0.9991
vn 1.0000 -0.0001 0.0004
vn -0.0007 -0.0614 0.9981
vn 0.0001 -0.0707 0.9975
vn 0.0010 -0.0706 0.9975
vn -0.0016 -0.0429 0.9991
vn -0.0010 -0.0707 0.9975
vn -1.0000 -0.0003 0.0004
vn -1.0000 -0.0002 0.0004
vn 0.0001 -0.0003 -1.0000
vn 0.0003 -0.0002 -1.0000
vn 0.9950 -0.1001 -0.0000
vn 0.9955 -0.0950 -0.0001
vn 0.9953 -0.0963 -0.0000
vn 0.0003 0.0001 -1.0000
vn 0.9967 -0.0807 -0.0000
vn 0.9955 -0.0948 -0.0002
vn 0.9950 -0.1000 -0.0000
vn 0.9944 -0.1058 -0.0000
vn 0.9955 -0.0951 -0.0002
vn 0.9954 -0.0963 -0.0000
vn 0.9944 -0.1059 -0.0002
vn 0.9954 -0.0955 -0.0004
vn 0.9950 -0.0999 -0.0003
vn 0.9954 -0.0963 -0.0003
vn 0.9967 -0.0808 -0.0000
vn 0.9955 -0.0953 0.0003
vn 0.9950 -0.1000 0.0001
vn 0.9967 -0.0809 -0.0000
vn 0.9967 -0.0810 -0.0004
vn 0.9953 -0.0963 0.0001
vn 0.9967 -0.0810 -0.0001
vn 0.9967 -0.0809 0.0001
vn 0.9967 -0.0809 -0.0001
vn 0.9967 -0.0810 0.0002
vn 0.9072 -0.0554 0.4169
vn 0.9046 -0.0583 0.4223
vn 0.9073 -0.0554 0.4169
vn 0.9962 -0.0866 0.0003
vn -0.0000 -1.0000 -0.0000
vn 0.9053 -0.0465 0.4221
vn -0.0000 -1.0000 -0.0001
vn 0.9053 -0.0466 0.4221
vn 0.9053 -0.0465 0.4222
vn -0.0000 -1.0000 0.0001
vn 0.0001 -1.0000 -0.0000
vn -0.0002 -1.0000 0.0026
vn -1.0000 0.0001 0.0006
vn -0.0001 -1.0000 0.0026
vn -1.0000 -0.0000 0.0006
vn -0.0001 -1.0000 -0.0000
vn 0.0003 -0.0008 1.0000
vn -0.0000 -0.0011 1.0000
vn -0.9053 -0.0465 0.4222
vn -0.0000 0.0001 1.0000
vn -0.9053 -0.0466 0.4222
vn 0.0005 -0.0000 1.0000
vn -0.0011 -1.0000 0.0026
vn -0.0000 -1.0000 0.0014
vn -0.9053 -0.0465 0.4221
vn -0.9073 -0.0554 0.4169
vn -0.0005 -0.0000 1.0000
vn -0.0004 -0.0008 1.0000
vn 0.0001 -1.0000 0.0026
vn 0.0002 -1.0000 0.0026
vn -0.9046 -0.0583 0.4222
vn -0.9015 -0.0721 0.4267
vn -0.0001 -0.0000 1.0000
vn -0.9971 -0.0767 0.0007
vn 1.0000 -0.0000 0.0006
vn 0.9233 0.3841 -0.0000
vn 0.9216 0.3835 0.0607
vn 0.4363 0.4067 0.8027
vn 1.0000 0.0020 -0.0000
vn 0.1432 0.3944 0.9077
vn -0.0001 0.3843 0.9232
vn 0.9978 0.0047 0.0665
vn 0.4713 0.0327 0.8814
vn 0.8739 0.3933 0.2858
vn 0.1507 0.0134 0.9885
vn 0.9495 0.0162 0.3135
vn 0.9233 0.3840 -0.0000
vn 0.7656 0.0323 0.6425
vn 0.7024 0.4060 0.5847
vn 0.0001 1.0000 -0.0000
vn -1.0000 0.0002 0.0008
vn -1.0000 0.0002 0.0007
vn -0.0000 0.0002 1.0000
vn -0.0011 0.0003 1.0000
vn -1.0000 0.0006 0.0006
vn 0.0002 1.0000 -0.0000
vn -0.0001 1.0000 -0.0000
vn 0.9980 -0.0626 0.0007
vn -0.0000 0.0021 1.0000
vn -0.0000 0.3836 0.9235
vn -0.0001 0.3836 0.9235
vn 0.0011 0.0003 1.0000
vn -0.0002 0.3843 0.9232
vn -0.0001 0.0014 1.0000
vn 1.0000 0.0002 0.0007
vn -0.0000 0.0014 1.0000
vn -0.0002 0.0022 1.0000
vn 0.0002 0.0014 1.0000
vn 0.0001 0.3840 0.9233
vn 0.0002 0.0023 1.0000
vn -0.0001 0.0002 1.0000
vn -0.0000 0.3839 0.9234
vn -0.9980 -0.0626 0.0007
vn -0.9980 -0.0626 0.0006
vn -0.0197 -0.0061 0.9998
vn -0.0028 0.0052 1.0000
vn -0.0032 0.0101 0.9999
vn -0.9967 -0.0809 0.0001
vn -0.9967 -0.0810 -0.0004
vn -0.9967 -0.0809 -0.0000
vn -0.9967 -0.0808 -0.0001
vn -0.0000 1.0000 0.0001
vn -0.0003 0.0001 -1.0000
vn -0.0015 1.0000 -0.0003
vn -0.0002 0.0001 -1.0000
vn -0.0016 1.0000 -0.0006
vn -0.9995 -0.0310 -0.0008
vn -0.9995 -0.0310 -0.0009
vn -0.0000 0.0002 -1.0000
vn -0.0014 1.0000 -0.0003
vn 0.0035 1.0000 -0.0018
vn -0.0000 0.0001 -1.0000
vn 0.0032 1.0000 -0.0000
vn 0.0002 0.0001 -1.0000
vn 0.0003 1.0000 0.0001
vn -0.0035 1.0000 -0.0018
vn 0.0014 1.0000 -0.0003
vn 0.0016 1.0000 -0.0006
vn 0.9995 -0.0310 -0.0008
vn 0.0015 1.0000 -0.0003
vn 0.9967 -0.0808 -0.0001
vn 0.9967 -0.0809 0.0002
vn 0.0032 0.0101 0.9999
vn 0.0029 0.0052 1.0000
vn -0.0002 0.0001 1.0000
vn -0.0011 0.0004 1.0000
vn -0.0000 0.0022 1.0000
vn 0.0006 0.0004 1.0000
vn 0.0005 0.0002 1.0000
vn -0.0012 0.0003 1.0000
vn 0.0004 0.0002 1.0000
vn -0.0005 0.0002 1.0000
vn 0.0007 0.0010 1.0000
vn 0.0007 0.0003 1.0000
vn -0.0007 0.0010 1.0000
vn -0.0007 0.0003 1.0000
vn -1.0000 0.0016 0.0006
vn 0.0163 -0.1028 0.9946
vn 0.0032 0.0102 0.9999
vn 0.0028 0.0053 1.0000
vn 0.0001 0.0001 1.0000
vn -1.0000 -0.0000 0.0007
vn -1.0000 -0.0001 0.0005
vn 0.9045 -0.0663 0.4213
vn 0.9015 -0.0662 0.4276
vn 0.9015 -0.0661 0.4277
vn 0.8989 -0.0706 0.4323
vn 0.9045 -0.0663 0.4212
vn 0.9057 -0.0447 0.4217
vn 0.9050 -0.0529 0.4222
vn 0.9056 -0.0447 0.4217
vn 0.0002 0.0007 1.0000
vn 0.0003 0.0007 1.0000
vn -0.0000 0.0012 1.0000
vn -0.0003 0.0007 1.0000
vn 0.0011 -0.0707 0.9975
vn -0.0002 0.0007 1.0000
vn -0.9050 -0.0529 0.4222
vn -0.0000 -0.0709 0.9975
vn -0.9057 -0.0447 0.4217
vn -0.9050 -0.0529 0.4221
vn -0.9054 -0.0446 0.4222
vn -0.9045 -0.0663 0.4212
vn -0.9015 -0.0661 0.4277
vn -0.9045 -0.0663 0.4213
vn -0.9015 -0.0662 0.4276
vn -0.0003 -0.0001 1.0000
vn -0.8989 -0.0706 0.4323
vn -0.9962 -0.0866 0.0003
vn -0.9966 -0.0829 0.0004
vn 0.9045 -0.0664 0.4213
vn 0.9045 -0.0664 0.4212
vn 0.9050 -0.0529 0.4221
vn 0.9054 -0.0444 0.4222
vn -0.0000 0.0011 1.0000
vn 0.0003 0.4161 -0.9093
vn 0.7118 0.4074 -0.5722
vn 0.0922 0.4185 -0.9035
vn 0.0015 1.0000 -0.0005
vn 0.0013 1.0000 -0.0002
vn 0.0017 1.0000 -0.0006
vn 0.4157 0.4237 -0.8048
vn 0.0002 0.0548 -0.9985
vn 0.7737 0.0327 -0.6328
vn 0.1002 0.0534 -0.9935
vn -0.0003 1.0000 -0.0000
vn -0.0034 1.0000 -0.0018
vn 0.0015 1.0000 -0.0004
vn 0.4529 0.0477 -0.8903
vn -0.0033 1.0000 -0.0000
vn 0.0001 0.4170 -0.9089
vn 0.0005 0.0561 -0.9984
vn 0.0002 0.0549 -0.9985
vn -0.0005 0.0561 -0.9984
vn -0.0003 0.4161 -0.9093
vn 0.0001 0.4169 -0.9089
vn -0.0002 0.0549 -0.9985
vn -0.0014 1.0000 -0.0004
vn 0.0033 1.0000 -0.0000
vn 0.0034 1.0000 -0.0018
vn -0.0015 1.0000 -0.0005
vn -0.0013 1.0000 -0.0002
vn -0.0017 1.0000 -0.0006
vn -0.0002 0.4161 -0.9093
vn -0.0922 0.4185 -0.9035
vn -0.0002 0.0548 -0.9985
vn -0.4157 0.4237 -0.8048
vn -0.1006 0.0533 -0.9935
vn -0.7118 0.4074 -0.5722
vn -0.4529 0.0477 -0.8903
vn -0.7737 0.0328 -0.6328
vn 0.9233 0.3840 0.0001
vn 0.9235 0.3835 -0.0000
vn 0.9236 0.3833 -0.0000
vn 0.9246 0.3785 -0.0428
vn 0.9988 0.0032 -0.0482
vn 0.8745 0.3967 -0.2792
vn 0.9498 0.0153 -0.3125
vn 0.7118 0.4074 -0.5721
vn 0.7737 0.0327 -0.6327
vn -0.0001 0.0002 -1.0000
vn 0.0001 0.3844 0.9232
vn -0.0001 0.0015 1.0000
vn -0.0000 0.0020 1.0000
vn 0.0001 1.0000 -0.0001
vn -0.0001 0.3839 0.9234
vn -0.0002 0.0014 1.0000
vn -0.0001 0.3842 0.9232
vn 0.1506 0.0134 0.9885
vn -0.0001 0.3840 0.9233
vn 0.9981 -0.0624 0.0007
vn 0.9980 -0.0626 0.0005
vn 0.9996 -0.0294 -0.0008
vn -0.0000 -0.7682 -0.6403
vn 0.9989 -0.0474 -0.0002
vn -0.0000 -0.0004 -1.0000
vn 0.0002 0.0004 1.0000
vn 0.9896 -0.1380 0.0399
vn 0.5861 -0.6128 0.5301
vn 0.5861 -0.6127 0.5301
vn 0.9871 -0.1603 -0.0000
vn 0.9980 -0.0625 0.0006
vn 0.9950 -0.0999 -0.0000
vn 0.9954 -0.0963 0.0001
vn 0.9950 -0.0999 0.0001
vn 0.9954 -0.0962 0.0001
vn 0.0031 0.0101 0.9999
vn -0.0000 -0.0005 1.0000
vn 0.0001 -0.0001 1.0000
vn -1.0000 0.0001 0.0005
vn 0.9890 -0.1476 0.0007
vn 0.0011 -0.0001 -1.0000
vn -0.0000 -0.7903 0.6128
vn 1.0000 -0.0003 0.0001
vn -0.0000 1.0000 0.0015
vn -0.0001 1.0000 0.0003
vn 0.0011 0.0006 1.0000
vn 0.0010 0.0007 1.0000
vn 0.0005 1.0000 0.0003
vn 0.9994 -0.0334 0.0010
vn 0.0009 -0.6442 0.7649
vn 0.0003 0.0016 -1.0000
vn 0.5743 -0.6017 -0.5552
vn 0.5688 -0.6042 -0.5580
vn 0.9984 -0.0562 -0.0007
vn 0.0009 -0.0000 -1.0000
vn 0.0002 0.0002 -1.0000
vn -0.0000 1.0000 -0.0026
vn -1.0000 -0.0003 -0.0000
vn -1.0000 -0.0001 -0.0000
vn -0.0005 0.0011 1.0000
vn -0.0009 -0.6442 0.7649
vn -0.0017 -0.0007 1.0000
vn 0.0001 1.0000 0.0002
vn -0.0011 0.0007 1.0000
vn -0.0005 1.0000 0.0003
vn -0.9994 -0.0335 0.0010
vn -0.0007 1.0000 -0.0000
vn -0.0003 0.0016 -1.0000
vn 0.0001 -0.7902 0.6128
vn -0.0003 0.0015 -1.0000
vn -0.5743 -0.6016 -0.5552
vn -0.0004 -0.8621 -0.5068
vn -0.5688 -0.6042 -0.5580
vn -0.0004 -0.8621 -0.5067
vn -0.0010 -0.0000 -1.0000
vn -0.0010 -0.0001 -1.0000
vn -0.9990 -0.0443 -0.0001
vn -0.9996 -0.0293 -0.0009
vn 0.0001 -0.7681 -0.6403
vn 0.0012 0.0005 1.0000
vn 0.0011 0.0008 1.0000
vn 0.9994 -0.0342 0.0010
vn 0.0004 -0.0619 0.9981
vn -0.0010 -0.0609 0.9981
vn -0.0002 -0.0668 0.9978
vn 0.0198 -0.0061 0.9998
vn 0.0029 0.0053 1.0000
vn 0.0031 0.0102 0.9999
vn 0.9797 -0.0001 0.2005
vn 0.0002 -0.9592 0.2828
vn -0.0002 0.9584 0.2855
vn 0.0001 -0.9592 0.2829
vn -0.0003 0.9584 0.2854
vn -0.9797 0.0001 0.2006
vn -0.0297 0.0584 0.9978
vn 0.0002 -0.9592 0.2829
vn -0.9797 0.0002 0.2006
vn 0.0320 -0.0460 0.9984
vn -0.9797 0.0001 0.2005
vn -0.0395 -0.0363 0.9986
vn 0.0320 -0.0459 0.9984
vn 0.0001 -0.9592 0.2828
vn -0.0163 -0.1028 0.9946
vn -0.0063 0.0143 0.9999
vn -0.0001 -0.0001 -1.0000
vn -0.0002 -0.7686 -0.6398
vn -0.0001 -0.7685 -0.6398
vn 0.0004 1.0000 -0.0000
vn -0.6524 -0.7579 -0.0000
vn -0.0002 0.0005 1.0000
vn -0.0003 0.0005 1.0000
vn -0.6540 -0.7565 0.0001
vn -0.0003 0.0004 1.0000
vn -0.9955 -0.0949 -0.0001
vn -0.3912 -0.8311 0.3953
vn -0.6540 -0.7565 -0.0000
vn -0.5861 -0.6128 0.5300
vn -0.9955 -0.0952 -0.0001
vn -0.3911 -0.8311 0.3954
vn -1.0000 -0.0001 -0.0001
vn -0.5862 -0.6128 0.5300
vn -0.6569 -0.7540 0.0002
vn -0.0002 -0.0001 1.0000
vn -0.9954 -0.0954 0.0003
vn -0.6568 -0.7540 0.0002
vn -0.9954 -0.0955 -0.0009
vn -0.0005 1.0000 0.0007
vn -0.0002 1.0000 0.0012
vn -1.0000 -0.0008 -0.0001
vn -0.0003 1.0000 0.0016
vn -1.0000 -0.0009 -0.0001
vn -1.0000 -0.0008 0.0005
vn -0.0003 1.0000 0.0003
vn -0.0002 0.0002 1.0000
vn -0.0000 1.0000 0.0003
vn -0.0006 1.0000 0.0002
vn -0.0002 1.0000 0.0016
vn -0.0056 1.0000 0.0015
vn -0.4825 -0.8759 -0.0000
vn -0.0004 0.0016 -1.0000
vn -0.0004 0.0015 -1.0000
vn -0.4829 -0.8757 0.0004
vn -0.0001 -0.7904 0.6126
vn -0.9890 -0.1476 0.0008
vn -0.0001 -0.7903 0.6127
vn -0.0002 -0.7904 0.6126
vn -0.9890 -0.1476 0.0007
vn -0.0005 -0.8621 -0.5068
vn -0.9919 -0.1269 -0.0051
vn -0.0004 -0.8620 -0.5068
vn -0.0003 -0.0000 1.0000
vn -0.0011 -0.0000 -1.0000
vn -0.9919 -0.1270 -0.0051
vn -0.9890 -0.1477 0.0008
vn -0.9919 -0.1270 -0.0052
vn -0.9896 -0.1381 0.0399
vn -0.9871 -0.1603 0.0001
vn -0.9962 -0.0865 0.0002
vn -0.9896 -0.1381 0.0400
vn -0.9680 -0.2219 0.1168
vn -0.9962 -0.0866 0.0001
vn -0.9970 -0.0768 0.0007
vn -0.9980 -0.0625 0.0007
vn -0.0196 -0.0061 0.9998
vn 0.0319 -0.0459 0.9984
vn 0.0321 -0.0458 0.9984
vn 0.0319 -0.0460 0.9984
vn -0.9966 -0.0829 0.0003
vn -0.0001 -0.0003 -1.0000
vn -0.0003 -0.0002 -1.0000
vn -0.9950 -0.1000 -0.0000
vn -0.9950 -0.1001 -0.0000
vn -0.9955 -0.0949 -0.0000
vn -0.9953 -0.0963 -0.0000
vn -0.9967 -0.0808 -0.0000
vn -0.9955 -0.0948 -0.0002
vn -0.9955 -0.0950 -0.0001
vn -0.9944 -0.1058 -0.0000
vn -0.9955 -0.0951 -0.0002
vn -0.9954 -0.0955 -0.0007
vn -0.9944 -0.1059 -0.0002
vn -0.9954 -0.0963 -0.0000
vn -0.9950 -0.0999 -0.0003
vn -0.9954 -0.0963 -0.0003
vn -0.9954 -0.0963 -0.0001
vn -0.9955 -0.0953 0.0003
vn -0.9950 -0.1000 0.0001
vn -0.9953 -0.0963 0.0001
vn -0.9967 -0.0809 0.0002
vn -0.9967 -0.0810 -0.0001
vn -0.9967 -0.0809 -0.0001
vn -0.9967 -0.0807 -0.0000
vn -0.9967 -0.0810 0.0002
vn -0.1432 0.3944 0.9077
vn -0.4363 0.4067 0.8027
vn -0.4713 0.0327 0.8814
vn 0.0001 0.3843 0.9232
vn -0.0002 1.0000 -0.0000
vn -0.9216 0.3835 0.0607
vn -0.7656 0.0323 0.6425
vn -0.1507 0.0134 0.9885
vn -0.8739 0.3933 0.2858
vn 0.0002 0.3840 0.9233
vn -0.7024 0.4060 0.5847
vn -0.9495 0.0162 0.3135
vn -0.9978 0.0047 0.0665
vn -1.0000 0.0020 -0.0000
vn -0.9233 0.3841 -0.0000
vn -0.9233 0.3840 -0.0000
vn 0.0002 0.0001 1.0000
vn 0.0011 0.0004 1.0000
vn -0.0006 0.0004 1.0000
vn -0.0004 0.0002 1.0000
vn 0.0012 0.0003 1.0000
vn 1.0000 0.0002 0.0008
vn 1.0000 -0.0020 0.0008
vn -0.0032 0.0102 0.9999
vn -0.0028 0.0053 1.0000
vn -0.0001 0.0001 1.0000
vn 1.0000 -0.0000 0.0007
vn 1.0000 -0.0001 0.0005
vn -0.9233 0.3840 0.0001
vn -0.9235 0.3835 -0.0000
vn -0.9236 0.3833 -0.0000
vn -0.9246 0.3786 -0.0428
vn -0.9988 0.0033 -0.0481
vn -0.8745 0.3967 -0.2792
vn -0.9498 0.0153 -0.3125
vn -0.7118 0.4074 -0.5721
vn -0.7737 0.0328 -0.6327
vn 0.0001 0.0015 1.0000
vn -0.0000 0.3841 0.9233
vn 0.0001 0.3839 0.9234
vn 0.0001 0.3842 0.9232
vn -0.1506 0.0134 0.9885
vn -0.9981 -0.0624 0.0007
vn -0.9980 -0.0625 0.0008
vn -0.9680 -0.2220 0.1168
vn -0.5861 -0.6128 0.5301
vn -0.5861 -0.6127 0.5301
vn -0.9871 -0.1602 -0.0000
vn -0.9954 -0.0962 0.0001
vn -0.0063 0.0142 0.9999
vn -0.0031 0.0101 0.9999
vn -0.0031 0.0102 0.9999
vn 1.0000 0.0002 0.0006
vn 1.0000 -0.0000 0.0005
vn -0.0001 -0.0001 1.0000
vn -0.0003 0.0006 1.0000
vn -0.0012 0.0005 1.0000
vn -0.9891 -0.1476 0.0008
vn -0.0198 -0.0061 0.9998
vn -0.9980 -0.0625 0.0006
vn -0.3698 0.2148 0.9040
vn 0.0473 -0.0000 0.9989
vn -0.7364 -0.3351 0.5878
vn 0.8527 0.2735 -0.4450
vn 0.7079 0.3260 -0.6266
vn 0.7035 0.7101 -0.0278
vn 0.8183 -0.3249 -0.4741
vn 0.5378 0.8293 -0.1520
vn 0.6713 -0.3429 -0.6572
vn 0.9907 0.1297 -0.0401
vn 0.4429 0.7033 0.5561
vn 0.6226 -0.7764 -0.0975
vn 0.9704 -0.2343 -0.0587
vn 0.9000 0.3838 0.2065
vn 0.2337 0.8258 0.5133
vn 0.9092 -0.0679 0.4107
vn 0.2376 0.2568 0.9368
vn 0.4465 -0.8649 -0.2293
vn 0.7487 0.3751 0.5466
vn 0.8523 -0.4964 0.1650
vn 0.1403 -0.8886 0.4367
vn 0.3613 -0.7938 0.4892
vn 0.6285 0.1137 0.7694
vn -0.0401 -0.3956 0.9175
vn 0.6087 -0.2492 0.7532
vn 0.7009 -0.5012 0.5074
vn 0.2038 -0.3633 0.9091
vn -0.0014 0.3145 0.9493
vn 0.8538 0.2327 -0.4657
vn 0.7078 0.2798 -0.6486
vn 0.7178 0.6931 -0.0661
vn 0.8043 -0.3653 -0.4686
vn 0.5528 0.8105 -0.1937
vn 0.6548 -0.3886 -0.6482
vn 0.9928 0.1054 -0.0562
vn 0.4643 0.7174 0.5193
vn 0.6051 -0.7930 -0.0707
vn 0.9103 0.3729 0.1799
vn 0.2572 0.8424 0.4734
vn 0.4260 -0.8832 -0.1964
vn 0.9642 -0.2586 -0.0595
vn 0.2541 0.2928 0.9218
vn 0.1267 -0.8712 0.4742
vn 0.9124 -0.0693 0.4033
vn 0.0166 0.3561 0.9343
vn 0.3503 -0.7790 0.5200
vn 0.2069 -0.3271 0.9221
vn 0.7629 0.3826 0.5211
vn -0.0375 -0.3537 0.9346
vn 0.6399 0.1340 0.7566
vn 0.6962 -0.4933 0.5215
vn 0.6123 -0.2288 0.7568
vn 0.8436 -0.5070 0.1770
vn 0.8542 0.2301 -0.4663
vn 0.7082 0.2776 -0.6491
vn 0.7197 0.6911 -0.0666
vn 0.8029 -0.3678 -0.4692
vn 0.5549 0.8089 -0.1941
vn 0.6533 -0.3906 -0.6486
vn 0.9931 0.1025 -0.0568
vn 0.4667 0.7162 0.5190
vn 0.6028 -0.7947 -0.0712
vn 0.9114 0.3703 0.1793
vn 0.2599 0.8417 0.4732
vn 0.4234 -0.8843 -0.1967
vn 0.9634 -0.2614 -0.0602
vn 0.2556 0.2921 0.9216
vn 0.1245 -0.8716 0.4742
vn 0.9125 -0.0719 0.4027
vn 0.0182 0.3562 0.9342
vn 0.3484 -0.7800 0.5199
vn 0.2066 -0.3276 0.9220
vn 0.7644 0.3805 0.5206
vn -0.0379 -0.3535 0.9347
vn 0.6408 0.1323 0.7562
vn 0.6952 -0.4952 0.5211
vn 0.6121 -0.2304 0.7564
vn 0.8423 -0.5094 0.1764
vn 0.8488 0.2540 -0.4637
vn 0.7012 0.3077 -0.6432
vn 0.7151 0.6974 -0.0467
vn 0.8023 -0.3438 -0.4880
vn 0.5489 0.8187 -0.1687
vn 0.6515 -0.3605 -0.6675
vn 0.9920 0.1113 -0.0604
vn 0.4662 0.6994 0.5417
vn 0.6069 -0.7879 -0.1043
vn 0.9646 -0.2524 -0.0765
vn 0.9105 0.3692 0.1860
vn 0.2584 0.8253 0.5021
vn 0.9159 -0.0810 0.3931
vn 0.2607 0.2595 0.9299
vn 0.4268 -0.8741 -0.2317
vn 0.7660 0.3658 0.5287
vn 0.8466 -0.5102 0.1516
vn 0.1333 -0.8877 0.4407
vn 0.3570 -0.7964 0.4881
vn 0.6457 0.1083 0.7559
vn -0.0288 -0.3880 0.9212
vn 0.6192 -0.2544 0.7429
vn 0.7020 -0.5097 0.4973
vn 0.2155 -0.3601 0.9077
vn 0.0231 0.3215 0.9466
vn 0.8504 0.2342 -0.4711
vn 0.7032 0.2812 -0.6530
vn 0.7164 0.6941 -0.0704
vn 0.8018 -0.3639 -0.4740
vn 0.5505 0.8113 -0.1969
vn 0.6512 -0.3873 -0.6527
vn 0.9923 0.1068 -0.0625
vn 0.4667 0.7178 0.5167
vn 0.6057 -0.7922 -0.0751
vn 0.9109 0.3740 0.1742
vn 0.2592 0.8425 0.4722
vn 0.4259 -0.8825 -0.1996
vn 0.9641 -0.2572 -0.0659
vn 0.2597 0.2926 0.9203
vn 0.1309 -0.8713 0.4729
vn 0.9151 -0.0683 0.3974
vn 0.0221 0.3557 0.9344
vn 0.3547 -0.7788 0.5173
vn 0.2133 -0.3273 0.9205
vn 0.7658 0.3833 0.5164
vn -0.0310 -0.3543 0.9346
vn 0.6446 0.1345 0.7526
vn 0.7002 -0.4926 0.5167
vn 0.6175 -0.2284 0.7527
vn 0.8454 -0.5060 0.1713
vn 0.8504 0.2742 -0.4490
vn 0.7048 0.3258 -0.6302
vn 0.7017 0.7117 -0.0325
vn 0.8173 -0.3243 -0.4762
vn 0.5353 0.8301 -0.1564
vn 0.6696 -0.3433 -0.6586
vn 0.9903 0.1320 -0.0441
vn 0.4433 0.7059 0.5524
vn 0.6241 -0.7752 -0.0975
vn 0.9707 -0.2322 -0.0616
vn 0.8999 0.3865 0.2021
vn 0.2337 0.8278 0.5100
vn 0.9109 -0.0646 0.4075
vn 0.2405 0.2601 0.9352
vn 0.4477 -0.8645 -0.2285
vn 0.7499 0.3784 0.5427
vn 0.8541 -0.4939 0.1633
vn 0.1440 -0.8870 0.4388
vn 0.3650 -0.7915 0.4902
vn 0.6311 0.1174 0.7667
vn -0.0358 -0.3930 0.9188
vn 0.6121 -0.2456 0.7517
vn 0.7040 -0.4981 0.5063
vn 0.2080 -0.3602 0.9094
vn 0.0014 0.3173 0.9483
vn -0.7523 0.3116 0.5805
vn -0.3116 0.7523 0.5805
vn -0.8617 0.3569 0.3605
vn -0.8617 -0.3570 0.3605
vn -0.3570 0.8617 0.3605
vn -0.7523 -0.3116 0.5805
vn 0.2870 0.7658 0.5754
vn -0.3569 -0.8618 0.3605
vn -0.1819 0.4392 0.8798
vn 0.3428 0.8677 0.3601
vn -0.3116 -0.7523 0.5805
vn -0.4392 0.1819 0.8798
vn 0.1319 0.4653 0.8753
vn 0.3428 -0.8677 0.3601
vn -0.0474 -0.0000 0.9989
vn 0.2871 -0.7658 0.5754
vn -0.4392 -0.1819 0.8798
vn 0.7364 0.3352 0.5877
vn 0.8532 -0.3700 0.3677
vn 0.3698 0.2148 0.9040
vn -0.1819 -0.4392 0.8798
vn 0.7364 -0.3351 0.5878
vn 0.8532 0.3700 0.3677
vn 0.1319 -0.4653 0.8753
vn 0.3698 -0.2148 0.9040
vn -0.8618 0.3569 0.3605
vn -0.8617 -0.3569 0.3605
vn -0.3569 -0.8617 0.3605
vn 0.7364 0.3351 0.5877
vn 0.3698 0.2147 0.9040
vn 0.7364 -0.3352 0.5877
vn 0.8532 0.3700 0.3676
vn 0.7364 -0.3351 0.5877
vn -0.8527 0.2735 -0.4450
vn -0.7035 0.7101 -0.0278
vn -0.7079 0.3260 -0.6265
vn -0.8183 -0.3249 -0.4741
vn -0.5377 0.8293 -0.1519
vn -0.9907 0.1297 -0.0401
vn -0.6713 -0.3429 -0.6572
vn -0.4429 0.7033 0.5561
vn -0.9000 0.3838 0.2066
vn -0.9704 -0.2343 -0.0587
vn -0.6226 -0.7764 -0.0975
vn -0.2337 0.8258 0.5133
vn -0.9092 -0.0679 0.4107
vn -0.4465 -0.8649 -0.2293
vn -0.2376 0.2568 0.9368
vn -0.1403 -0.8886 0.4367
vn -0.7487 0.3751 0.5466
vn -0.8523 -0.4964 0.1650
vn -0.3613 -0.7938 0.4892
vn 0.0401 -0.3956 0.9175
vn -0.6285 0.1137 0.7694
vn -0.7009 -0.5012 0.5074
vn -0.2038 -0.3633 0.9091
vn -0.6087 -0.2492 0.7532
vn 0.0014 0.3145 0.9493
vn -0.8538 0.2327 -0.4657
vn -0.7178 0.6931 -0.0661
vn -0.7079 0.2798 -0.6485
vn -0.8043 -0.3653 -0.4686
vn -0.5528 0.8105 -0.1937
vn -0.9928 0.1054 -0.0562
vn -0.6548 -0.3886 -0.6482
vn -0.4643 0.7174 0.5193
vn -0.9103 0.3729 0.1799
vn -0.6051 -0.7930 -0.0707
vn -0.2572 0.8424 0.4734
vn -0.7629 0.3826 0.5211
vn -0.9642 -0.2586 -0.0595
vn -0.2541 0.2928 0.9218
vn -0.4260 -0.8831 -0.1964
vn -0.9124 -0.0693 0.4033
vn -0.0166 0.3561 0.9343
vn -0.1267 -0.8713 0.4742
vn -0.6399 0.1340 0.7566
vn -0.2069 -0.3271 0.9221
vn -0.3503 -0.7790 0.5200
vn -0.6123 -0.2288 0.7568
vn 0.0375 -0.3537 0.9346
vn -0.6962 -0.4933 0.5215
vn -0.8436 -0.5070 0.1770
vn -0.8542 0.2301 -0.4663
vn -0.7197 0.6911 -0.0665
vn -0.7082 0.2776 -0.6491
vn -0.8029 -0.3678 -0.4692
vn -0.5550 0.8089 -0.1941
vn -0.9931 0.1025 -0.0568
vn -0.6533 -0.3906 -0.6486
vn -0.4667 0.7162 0.5190
vn -0.9114 0.3703 0.1793
vn -0.6028 -0.7947 -0.0712
vn -0.2599 0.8417 0.4732
vn -0.7644 0.3805 0.5206
vn -0.9634 -0.2614 -0.0602
vn -0.2556 0.2921 0.9216
vn -0.4234 -0.8843 -0.1967
vn -0.9125 -0.0719 0.4027
vn -0.0182 0.3562 0.9342
vn -0.1245 -0.8716 0.4742
vn -0.6408 0.1323 0.7562
vn -0.2066 -0.3276 0.9220
vn -0.3484 -0.7800 0.5199
vn -0.6121 -0.2304 0.7564
vn 0.0379 -0.3535 0.9347
vn -0.6952 -0.4952 0.5211
vn -0.8423 -0.5094 0.1764
vn -0.8488 0.2540 -0.4637
vn -0.7151 0.6974 -0.0467
vn -0.7012 0.3077 -0.6432
vn -0.8023 -0.3438 -0.4880
vn -0.5490 0.8187 -0.1687
vn -0.9920 0.1113 -0.0604
vn -0.6515 -0.3606 -0.6675
vn -0.4662 0.6994 0.5417
vn -0.9105 0.3692 0.1860
vn -0.9646 -0.2524 -0.0765
vn -0.6069 -0.7879 -0.1043
vn -0.2584 0.8253 0.5021
vn -0.9159 -0.0810 0.3931
vn -0.4268 -0.8741 -0.2317
vn -0.2607 0.2595 0.9299
vn -0.1333 -0.8877 0.4407
vn -0.7659 0.3658 0.5287
vn -0.8466 -0.5102 0.1516
vn -0.3570 -0.7964 0.4881
vn 0.0288 -0.3880 0.9212
vn -0.6457 0.1083 0.7559
vn -0.7020 -0.5097 0.4973
vn -0.2155 -0.3601 0.9077
vn -0.6192 -0.2544 0.7429
vn -0.0231 0.3215 0.9466
vn -0.8504 0.2342 -0.4711
vn -0.7164 0.6941 -0.0704
vn -0.7032 0.2812 -0.6530
vn -0.8018 -0.3639 -0.4740
vn -0.5505 0.8113 -0.1968
vn -0.9923 0.1068 -0.0625
vn -0.6512 -0.3873 -0.6526
vn -0.4667 0.7178 0.5167
vn -0.9109 0.3740 0.1742
vn -0.6057 -0.7922 -0.0751
vn -0.2591 0.8425 0.4722
vn -0.7658 0.3833 0.5164
vn -0.9641 -0.2572 -0.0659
vn -0.2597 0.2926 0.9203
vn -0.4259 -0.8825 -0.1996
vn -0.9151 -0.0683 0.3974
vn -0.0221 0.3557 0.9344
vn -0.1309 -0.8713 0.4729
vn -0.6446 0.1345 0.7526
vn -0.2133 -0.3273 0.9205
vn -0.3547 -0.7788 0.5173
vn -0.6175 -0.2284 0.7527
vn 0.0310 -0.3543 0.9346
vn -0.7002 -0.4927 0.5167
vn -0.8454 -0.5060 0.1713
vn -0.8504 0.2742 -0.4490
vn -0.7017 0.7117 -0.0325
vn -0.7048 0.3258 -0.6301
vn -0.8173 -0.3243 -0.4762
vn -0.5353 0.8301 -0.1564
vn -0.9903 0.1320 -0.0441
vn -0.6696 -0.3432 -0.6587
vn -0.4433 0.7059 0.5524
vn -0.8999 0.3865 0.2021
vn -0.9707 -0.2322 -0.0616
vn -0.6241 -0.7752 -0.0975
vn -0.2337 0.8278 0.5100
vn -0.9109 -0.0646 0.4075
vn -0.4477 -0.8645 -0.2285
vn -0.2405 0.2601 0.9352
vn -0.1440 -0.8870 0.4388
vn -0.7499 0.3784 0.5427
vn -0.8541 -0.4938 0.1633
vn -0.3650 -0.7915 0.4902
vn 0.0358 -0.3930 0.9188
vn -0.6311 0.1174 0.7667
vn -0.7040 -0.4981 0.5063
vn -0.2080 -0.3602 0.9094
vn -0.6121 -0.2456 0.7517
vn -0.0014 0.3173 0.9483
vn -0.0473 -0.0000 0.9989
vt 0.083563 0.456139
vt 0.081755 0.455692
vt 0.083554 0.456137
vt 0.301188 0.739155
vt 0.322462 0.749261
vt 0.272387 0.765811
vt 0.326669 0.692018
vt 0.280827 0.787877
vt 0.304013 0.699799
vt 0.232738 0.765552
vt 0.287677 0.650937
vt 0.265086 0.746248
vt 0.223056 0.787745
vt 0.278327 0.672740
vt 0.282339 0.730316
vt 0.185198 0.745103
vt 0.231087 0.650784
vt 0.241649 0.746140
vt 0.239370 0.672501
vt 0.284139 0.706978
vt 0.207813 0.737580
vt 0.189915 0.688553
vt 0.269745 0.691875
vt 0.227686 0.730575
vt 0.210880 0.698661
vt 0.255603 0.718657
vt 0.229518 0.707477
vt 0.246592 0.691783
vt 0.239064 0.901711
vt 0.239021 0.843031
vt 0.221293 0.899319
vt 0.268212 0.903560
vt 0.221211 0.845338
vt 0.221297 0.901710
vt 0.268215 0.841165
vt 0.221207 0.843015
vt 0.239066 0.903510
vt 0.287600 0.842150
vt 0.239020 0.841233
vt 0.239075 0.903504
vt 0.287599 0.904215
vt 0.221295 0.901709
vt 0.287600 0.906942
vt 0.287792 0.839437
vt 0.239074 0.901705
vt 0.221203 0.843004
vt 0.268213 0.905422
vt 0.221291 0.899337
vt 0.239028 0.841224
vt 0.287627 0.906982
vt 0.239030 0.843021
vt 0.268216 0.839337
vt 0.268235 0.905410
vt 0.221207 0.845277
vt 0.268239 0.841163
vt 0.268238 0.839332
vt 0.268236 0.903547
vt 0.287630 0.905047
vt 0.288853 0.839372
vt 0.287638 0.842514
vt 0.203619 0.872488
vt 0.203619 0.823957
vt 0.207591 0.869047
vt 0.207591 0.870592
vt 0.205697 0.872522
vt 0.207591 0.827475
vt 0.205870 0.824170
vt 0.207591 0.825930
vt 0.209137 0.825930
vt 0.205601 0.821869
vt 0.234565 0.825930
vt 0.238057 0.821869
vt 0.236111 0.825930
vt 0.237853 0.824148
vt 0.240081 0.872506
vt 0.236111 0.869051
vt 0.240081 0.823914
vt 0.236111 0.870592
vt 0.236111 0.827471
vt 0.238058 0.872576
vt 0.238113 0.874638
vt 0.205568 0.874638
vt 0.234571 0.870592
vt 0.209132 0.870592
vt 0.463606 0.716748
vt 0.516732 0.716748
vt 0.463606 0.769874
vt 0.516732 0.769874
vt 0.077388 0.821009
vt 0.157057 0.821022
vt 0.080150 0.821017
vt 0.155416 0.821733
vt 0.157136 0.821025
vt 0.076983 0.821741
vt 0.154735 0.823486
vt 0.161916 0.823516
vt 0.151414 0.823474
vt 0.161922 0.823491
vt 0.080869 0.823417
vt 0.076632 0.823443
vt 0.080615 0.869700
vt 0.161922 0.869796
vt 0.149592 0.824183
vt 0.157153 0.825529
vt 0.161924 0.869796
vt 0.076292 0.824175
vt 0.157155 0.869795
vt 0.161922 0.879528
vt 0.154457 0.826654
vt 0.157154 0.879528
vt 0.156154 0.826005
vt 0.161919 0.879528
vt 0.075739 0.872103
vt 0.156238 0.869796
vt 0.157153 0.915916
vt 0.160384 0.869796
vt 0.154505 0.869796
vt 0.075920 0.915893
vt 0.160374 0.879528
vt 0.156212 0.879528
vt 0.157153 0.946089
vt 0.161922 0.915916
vt 0.161917 0.915914
vt 0.161921 0.948519
vt 0.154473 0.879528
vt 0.157136 0.950988
vt 0.160378 0.915913
vt 0.161916 0.948478
vt 0.152101 0.948528
vt 0.160382 0.947665
vt 0.156192 0.915912
vt 0.075377 0.950990
vt 0.154459 0.915911
vt 0.157058 0.950987
vt 0.075972 0.948530
vt 0.154448 0.944635
vt 0.072587 0.950990
vt 0.155553 0.950189
vt 0.156175 0.945444
vt 0.033362 0.950990
vt 0.032304 0.950990
vt 0.151273 0.947910
vt 0.032759 0.948744
vt 0.072199 0.950181
vt 0.149584 0.947113
vt 0.032927 0.915894
vt 0.071831 0.947936
vt 0.033095 0.879528
vt 0.030429 0.949680
vt 0.071510 0.947126
vt 0.075869 0.879528
vt 0.032174 0.950178
vt 0.032082 0.947938
vt 0.033562 0.872261
vt 0.031942 0.947126
vt 0.160410 0.824168
vt 0.143030 0.962117
vt 0.143021 0.921292
vt 0.143020 0.962089
vt 0.138003 0.964392
vt 0.143013 0.921292
vt 0.135986 0.962130
vt 0.137896 0.964391
vt 0.137534 0.960182
vt 0.143012 0.887800
vt 0.024122 0.964396
vt 0.138040 0.921283
vt 0.138030 0.887800
vt 0.024122 0.964395
vt 0.024122 0.960371
vt 0.136490 0.963886
vt 0.024127 0.921283
vt 0.138013 0.882683
vt 0.024122 0.963887
vt 0.066746 0.884321
vt 0.024122 0.962134
vt 0.132328 0.962369
vt 0.067418 0.847768
vt 0.024122 0.962383
vt 0.137997 0.849588
vt 0.130852 0.961865
vt 0.142996 0.882555
vt 0.137281 0.960054
vt 0.142981 0.847797
vt 0.135886 0.959594
vt 0.137955 0.845511
vt 0.137296 0.921285
vt 0.133328 0.847773
vt 0.141700 0.921291
vt 0.067563 0.845500
vt 0.141716 0.961623
vt 0.141695 0.887800
vt 0.137864 0.845513
vt 0.067560 0.845488
vt 0.143006 0.887800
vt 0.059652 0.887642
vt 0.142993 0.882513
vt 0.142982 0.847850
vt 0.024132 0.887594
vt 0.136633 0.846123
vt 0.141710 0.848484
vt 0.132156 0.848374
vt 0.067559 0.846109
vt 0.137278 0.850658
vt 0.067559 0.848308
vt 0.141686 0.882526
vt 0.130821 0.848982
vt 0.137307 0.882599
vt 0.067558 0.848932
vt 0.135932 0.851277
vt 0.137300 0.887801
vt 0.135933 0.882614
vt 0.135896 0.887800
vt 0.135891 0.921283
vt 0.024122 0.961875
vt 0.141280 0.556272
vt 0.094482 0.556273
vt 0.141287 0.533106
vt 0.144054 0.556271
vt 0.094482 0.533106
vt 0.144052 0.533106
vt 0.053583 0.556273
vt 0.144066 0.556271
vt 0.053583 0.532992
vt 0.144058 0.533106
vt 0.049687 0.541376
vt 0.144051 0.519485
vt 0.047132 0.544591
vt 0.049777 0.534591
vt 0.141286 0.519485
vt 0.049101 0.533732
vt 0.144057 0.519485
vt 0.046120 0.532481
vt 0.133091 0.517128
vt 0.144050 0.503717
vt 0.045435 0.531621
vt 0.141113 0.503806
vt 0.144056 0.503540
vt 0.094451 0.517155
vt 0.136653 0.514024
vt 0.053583 0.517181
vt 0.144049 0.499480
vt 0.048164 0.517248
vt 0.141285 0.499481
vt 0.136700 0.503826
vt 0.141283 0.476538
vt 0.045405 0.519256
vt 0.132321 0.499481
vt 0.144048 0.476539
vt 0.144056 0.499480
vt 0.132291 0.476538
vt 0.144055 0.476539
vt 0.132291 0.458317
vt 0.144047 0.458317
vt 0.129527 0.476538
vt 0.144055 0.458317
vt 0.129538 0.499480
vt 0.144046 0.441580
vt 0.141281 0.441580
vt 0.141282 0.458317
vt 0.132291 0.441580
vt 0.141280 0.406994
vt 0.129527 0.458317
vt 0.132291 0.406994
vt 0.133696 0.500858
vt 0.129527 0.441580
vt 0.129527 0.406992
vt 0.144044 0.406994
vt 0.144054 0.441580
vt 0.135395 0.502491
vt 0.144054 0.406994
vt 0.047247 0.556273
vt 0.008969 0.556273
vt 0.008916 0.544592
vt 0.006149 0.544592
vt 0.006165 0.556539
vt 0.138378 0.866487
vt 0.087039 0.866487
vt 0.138375 0.854591
vt 0.143030 0.866487
vt 0.134283 0.850058
vt 0.143027 0.959798
vt 0.087030 0.890676
vt 0.143025 0.850083
vt 0.143011 0.959644
vt 0.138378 0.959794
vt 0.024297 0.866622
vt 0.143011 0.850154
vt 0.091200 0.897475
vt 0.087039 0.850053
vt 0.143023 0.866487
vt 0.024328 0.892437
vt 0.086762 0.845492
vt 0.141883 0.958614
vt 0.138316 0.845498
vt 0.024122 0.848718
vt 0.138160 0.964371
vt 0.141857 0.866487
vt 0.138145 0.845496
vt 0.024295 0.845493
vt 0.136442 0.953713
vt 0.085940 0.845488
vt 0.141953 0.850888
vt 0.136487 0.866487
vt 0.024292 0.845488
vt 0.136996 0.963323
vt 0.136347 0.854742
vt 0.136753 0.846456
vt 0.131584 0.958359
vt 0.135124 0.952702
vt 0.090500 0.963274
vt 0.135123 0.866489
vt 0.131803 0.849909
vt 0.090601 0.964396
vt 0.130262 0.957320
vt 0.085835 0.846517
vt 0.090407 0.958483
vt 0.085750 0.849821
vt 0.091426 0.964367
vt 0.090310 0.957358
vt 0.024292 0.846519
vt 0.130249 0.850861
vt 0.138372 0.964357
vt 0.024291 0.849819
vt 0.135119 0.855452
vt 0.091693 0.959798
vt 0.085649 0.850850
vt 0.024291 0.850850
vt 0.047457 0.559111
vt 0.047386 0.539714
vt 0.026899 0.559111
vt 0.027053 0.539715
vt 0.106219 0.559160
vt 0.100072 0.538218
vt 0.100159 0.559081
vt 0.052487 0.539650
vt 0.105857 0.536208
vt 0.052508 0.559118
vt 0.699978 0.928525
vt 0.806284 0.928525
vt 0.703678 0.887907
vt 0.632101 0.887907
vt 0.806302 0.887907
vt 0.622705 0.928525
vt 0.705856 0.859660
vt 0.623954 0.887907
vt 0.806311 0.859662
vt 0.637820 0.859661
vt 0.614268 0.928540
vt 0.706470 0.848793
vt 0.639617 0.848792
vt 0.629689 0.859648
vt 0.806314 0.848793
vt 0.647808 0.796846
vt 0.631499 0.848801
vt 0.710832 0.796872
vt 0.640020 0.791891
vt 0.806322 0.796872
vt 0.099903 0.518568
vt 0.106645 0.518568
vt 0.099892 0.489684
vt 0.097496 0.489916
vt 0.106645 0.489684
vt 0.097496 0.518572
vt 0.106644 0.475022
vt 0.100722 0.520265
vt 0.099893 0.475022
vt 0.102713 0.521768
vt 0.106644 0.460110
vt 0.106480 0.522776
vt 0.108982 0.474946
vt 0.099893 0.460110
vt 0.102711 0.522718
vt 0.109041 0.460110
vt 0.099892 0.446034
vt 0.102680 0.533860
vt 0.107132 0.446015
vt 0.106645 0.402314
vt 0.099892 0.402314
vt 0.081022 0.453996
vt 0.081403 0.456432
vt 0.097650 0.403406
vt 0.080311 0.455867
vt 0.083563 0.477227
vt 0.079818 0.488398
vt 0.023818 0.455779
vt 0.023072 0.488398
vt 0.079574 0.396864
vt 0.079633 0.450100
vt 0.039649 0.450452
vt 0.078010 0.452297
vt 0.079847 0.521536
vt 0.077460 0.398157
vt 0.079729 0.452380
vt 0.077396 0.396628
vt 0.083563 0.499569
vt 0.023039 0.521536
vt 0.083562 0.521535
vt 0.079854 0.560862
vt 0.023085 0.560862
vt -0.027952 0.542569
vt -0.025188 0.544576
vt -0.049957 0.555566
vt -0.048821 0.542569
vt -0.025190 0.555563
vt -0.048066 0.534600
vt -0.013015 0.555562
vt -0.051595 0.542569
vt -0.028021 0.534600
vt -0.013089 0.557069
vt -0.050839 0.534598
vt -0.047848 0.531622
vt 0.002646 0.557065
vt -0.051609 0.542569
vt -0.050624 0.531623
vt -0.000136 0.560098
vt -0.052691 0.555554
vt -0.050853 0.534598
vt -0.013227 0.560098
vt -0.052724 0.555565
vt -0.000944 0.561862
vt -0.052826 0.557043
vt -0.050644 0.531623
vt -0.013332 0.561863
vt -0.050078 0.557079
vt -0.048873 0.515248
vt -0.000734 0.567345
vt -0.025191 0.557073
vt -0.048877 0.515248
vt -0.046106 0.515248
vt -0.024726 0.531622
vt -0.025191 0.560099
vt -0.024705 0.515248
vt -0.025192 0.561863
vt -0.021941 0.515248
vt -0.025192 0.588825
vt -0.021941 0.531622
vt -0.013331 0.588825
vt -0.021941 0.503863
vt -0.025191 0.591357
vt -0.024705 0.503863
vt -0.051489 0.591357
vt -0.021941 0.499481
vt -0.013335 0.591357
vt -0.053004 0.588825
vt -0.025191 0.593724
vt -0.050492 0.561863
vt -0.053263 0.561863
vt -0.013335 0.593724
vt 0.001421 0.593724
vt -0.050317 0.560099
vt -0.052846 0.557075
vt 0.001421 0.591357
vt 0.044423 0.591345
vt -0.053092 0.560100
vt 0.045114 0.593657
vt 0.045061 0.593658
vt 0.001465 0.588825
vt 0.047065 0.591344
vt 0.047540 0.588824
vt 0.047539 0.593654
vt 0.050304 0.589285
vt 0.047539 0.593654
vt -0.055803 0.589301
vt 0.050304 0.591609
vt 0.050304 0.591643
vt -0.053224 0.591357
vt 0.050309 0.570063
vt -0.055963 0.591686
vt 0.050313 0.570054
vt -0.053377 0.593724
vt -0.053268 0.561863
vt 0.047545 0.570066
vt -0.055966 0.591721
vt 0.002745 0.570106
vt -0.053377 0.593724
vt -0.051628 0.593724
vt -0.051045 0.593724
vt 0.003337 0.555560
vt -0.012473 0.544589
vt 0.003350 0.544612
vt -0.045128 0.503865
vt -0.047900 0.503863
vt -0.044867 0.499481
vt -0.047641 0.499483
vt -0.024705 0.499481
vt -0.047919 0.503864
vt -0.042835 0.478552
vt -0.047660 0.499483
vt -0.021941 0.478552
vt -0.024705 0.478552
vt -0.045611 0.478547
vt -0.045606 0.478547
vt 0.051964 0.560863
vt 0.051964 0.521536
vt 0.022883 0.560863
vt 0.113189 0.521536
vt 0.023067 0.521536
vt 0.113142 0.560863
vt 0.051964 0.488398
vt 0.116950 0.521536
vt 0.023199 0.488398
vt 0.113155 0.488398
vt 0.116951 0.560869
vt 0.051964 0.456139
vt 0.116951 0.488399
vt 0.023285 0.456140
vt 0.113097 0.456139
vt 0.116951 0.456139
vt 0.051964 0.395692
vt 0.113020 0.395692
vt 0.023541 0.395693
vt 0.116951 0.395694
vt 0.474927 0.570031
vt 0.371254 0.570032
vt 0.474981 0.452775
vt 0.371227 0.452780
vt 0.371206 0.359665
vt 0.239940 0.452786
vt 0.474980 0.359661
vt 0.239941 0.359670
vt 0.239940 0.570033
vt 0.371187 0.274130
vt 0.204819 0.359684
vt 0.204819 0.570037
vt 0.239942 0.274130
vt 0.474979 0.274129
vt 0.204819 0.452802
vt 0.204819 0.274131
vt 0.371147 0.097342
vt 0.049108 0.570036
vt 0.049069 0.359684
vt 0.239943 0.097367
vt 0.049069 0.452802
vt 0.204819 0.097453
vt 0.474977 0.097316
vt 0.049070 0.274131
vt 0.204819 0.029378
vt 0.371132 0.029378
vt 0.049070 0.097456
vt 0.239943 0.029378
vt 0.474983 0.029378
vt 0.049067 0.029378
vt 0.312107 0.874901
vt 0.324305 0.896564
vt 0.313137 0.874881
vt 0.309844 0.868986
vt 0.325436 0.896576
vt 0.308819 0.868965
vt 0.327104 0.902761
vt 0.307738 0.875185
vt 0.292147 0.835453
vt 0.325695 0.902181
vt 0.319959 0.896572
vt 0.291317 0.835448
vt 0.304124 0.868697
vt 0.285185 0.823051
vt 0.321359 0.899507
vt 0.215993 0.875186
vt 0.284282 0.823051
vt 0.265056 0.899502
vt 0.263235 0.897912
vt 0.286833 0.835448
vt 0.257199 0.901401
vt 0.215998 0.868696
vt 0.261126 0.902746
vt 0.279935 0.823304
vt 0.216022 0.835470
vt 0.257185 0.925158
vt 0.216032 0.823295
vt 0.261111 0.927898
vt 0.278828 0.820058
vt 0.256328 0.931143
vt 0.216034 0.820046
vt 0.253507 0.927898
vt 0.216032 0.820032
vt 0.225311 0.931143
vt 0.279751 0.820051
vt 0.225328 0.927898
vt 0.216061 0.927898
vt 0.216072 0.931143
vt 0.519489 0.187690
vt 0.521808 0.187690
vt 0.519489 0.139419
vt 0.521696 0.203156
vt 0.521924 0.139419
vt 0.519489 0.203156
vt 0.519409 0.094613
vt 0.528187 0.203154
vt 0.519411 0.187690
vt 0.521990 0.094566
vt 0.519411 0.139419
vt 0.528451 0.187690
vt 0.519410 0.095265
vt 0.530540 0.203154
vt 0.519167 0.187690
vt 0.519410 0.095355
vt 0.528659 0.139419
vt 0.519167 0.139419
vt 0.519167 0.090920
vt 0.528910 0.094439
vt 0.518731 0.187690
vt 0.519166 0.090773
vt 0.521994 0.090645
vt 0.518731 0.139419
vt 0.518731 0.090920
vt 0.519167 0.115145
vt 0.518731 0.207200
vt 0.518731 0.115169
vt 0.519166 0.207200
vt 0.519167 0.090920
vt 0.519411 0.207200
vt 0.519411 0.117532
vt 0.519402 0.090920
vt 0.519489 0.207199
vt 0.081455 0.036658
vt 0.073728 0.036658
vt 0.081455 0.036658
vt 0.087093 0.036658
vt 0.080810 0.036658
vt 0.082087 0.042155
vt 0.073728 0.036658
vt 0.087094 0.041917
vt 0.081455 0.041917
vt 0.087739 0.041917
vt 0.087097 0.076813
vt 0.080810 0.036658
vt 0.066330 0.036658
vt 0.081455 0.041917
vt 0.081455 0.036658
vt 0.066330 0.036658
vt 0.082100 0.041907
vt 0.087739 0.041917
vt 0.065684 0.031399
vt 0.065683 0.031399
vt 0.065683 0.021680
vt 0.065681 0.021680
vt 0.087741 0.076815
vt 0.083918 0.036658
vt 0.083918 0.041907
vt 0.084563 0.041917
vt 0.083918 0.036658
vt 0.084563 0.041917
vt 0.083920 0.036658
vt 0.084564 0.041917
vt 0.084565 0.041917
vt 0.083920 0.036658
vt 0.084565 0.036658
vt 0.085210 0.041900
vt 0.096518 0.036658
vt 0.096519 0.041900
vt 0.099069 0.036658
vt 0.099069 0.041900
vt 0.108595 0.041900
vt 0.108595 0.036658
vt 0.116136 0.041900
vt 0.116961 0.036658
vt 0.116781 0.041917
vt 0.117425 0.036658
vt 0.117428 0.036658
vt 0.116783 0.041917
vt 0.116783 0.041988
vt 0.117428 0.036714
vt 0.117428 0.041981
vt 0.117427 0.076768
vt 0.119523 0.041930
vt 0.116782 0.076763
vt 0.119523 0.076769
vt 0.120044 0.036700
vt 0.120168 0.076769
vt 0.120168 0.041917
vt 0.120813 0.036658
vt 0.120170 0.076768
vt 0.120815 0.036699
vt 0.120171 0.041958
vt -0.403743 0.197036
vt -0.431821 0.196858
vt -0.407663 0.190618
vt -0.402974 0.138590
vt -0.431821 0.190593
vt -0.407885 0.138590
vt -0.407985 0.120971
vt -0.402980 0.114717
vt -0.431821 0.114717
vt -0.431821 0.120971
vt -0.904182 0.654633
vt -0.864380 0.654633
vt -0.904182 0.682629
vt -0.864212 0.682629
vt -0.904183 0.765262
vt -0.863841 0.765303
vt -0.398316 0.603711
vt -0.447631 0.603711
vt -0.398316 0.566771
vt -0.447632 0.566740
vt -0.447633 0.260131
vt -0.398314 0.260131
vt -0.398313 0.156242
vt -0.447634 0.119363
vt -0.398312 0.119363
vt 0.466822 0.763292
vt 0.466522 0.763316
vt 0.466763 0.709504
vt 0.520619 0.763289
vt 0.466437 0.709134
vt 0.520564 0.709134
vt 0.029088 0.886531
vt 0.029088 0.829770
vt 0.068597 0.886539
vt 0.104282 0.829770
vt 0.120934 0.886534
vt 0.073738 0.897632
vt 0.123949 0.897627
vt 0.073756 0.933640
vt 0.132959 0.933640
vt 0.028896 0.398295
vt 0.023960 0.396797
vt 0.035421 0.448695
vt 0.033439 0.396730
vt 0.023812 0.454411
vt 0.035624 0.450259
vt 0.355496 -0.206433
vt 0.488317 -0.206433
vt 0.354169 -0.026476
vt 0.487989 -0.278651
vt 0.488150 -0.026450
vt 0.356002 -0.277349
vt 0.366972 0.366972
vt 0.481982 0.366972
vt 0.366972 0.481982
vt 0.481982 0.481982
vt 0.263289 0.880666
vt 0.270310 0.893235
vt 0.264114 0.880664
vt 0.262217 0.877272
vt 0.271214 0.893236
vt 0.261960 0.880845
vt 0.261423 0.877265
vt 0.271257 0.896809
vt 0.269058 0.893239
vt 0.251896 0.857863
vt 0.272355 0.896804
vt 0.252392 0.893043
vt 0.251381 0.857858
vt 0.270237 0.894925
vt 0.248547 0.880849
vt 0.248021 0.850679
vt 0.259846 0.877098
vt 0.253098 0.894921
vt 0.247260 0.877093
vt 0.249589 0.857866
vt 0.227130 0.894921
vt 0.247444 0.850672
vt 0.227128 0.893043
vt 0.240155 0.857874
vt 0.244993 0.848941
vt 0.224935 0.893043
vt 0.245994 0.850581
vt 0.244399 0.848939
vt 0.227121 0.880851
vt 0.208068 0.848939
vt 0.208068 0.850820
vt 0.224928 0.880724
vt 0.208069 0.848928
vt 0.224927 0.877095
vt 0.208068 0.857874
vt 0.222734 0.878841
vt 0.208068 0.877092
vt 0.208067 0.878837
vt 0.082890 0.220764
vt 0.124321 0.220761
vt 0.082869 0.366956
vt 0.071647 0.366957
vt 0.124342 0.366950
vt 0.071632 0.220765
vt 0.007608 0.366959
vt 0.007594 0.220766
vt -0.016102 0.366960
vt -0.016090 0.220766
vt -0.021821 0.366960
vt -0.021821 0.220766
vt -0.021857 0.366960
vt -0.021857 0.220766
vt 0.581285 0.163308
vt 0.582633 0.172558
vt 0.571091 0.164636
vt 0.585390 0.172173
vt 0.572247 0.173796
vt 0.587867 0.171737
vt 0.572252 0.174881
vt 0.588486 0.172749
vt 0.582772 0.173499
vt 0.580968 0.159202
vt 0.569339 0.163450
vt 0.585662 0.173120
vt 0.572346 0.175434
vt 0.575644 0.160828
vt 0.588631 0.173294
vt 0.582839 0.174055
vt 0.575527 0.146554
vt 0.581836 0.158098
vt 0.585625 0.173689
vt 0.581278 0.146654
vt 0.574610 0.146547
vt 0.582523 0.158483
vt 0.574823 0.161310
vt 0.574072 0.146555
vt 0.574287 0.161331
vt 0.580658 0.110248
vt 0.580658 0.110250
vt 0.580658 0.110248
vt 0.580658 0.110248
vt 0.580657 0.110249
vt 0.580655 0.110256
vt 0.580658 0.110250
vt 0.580653 0.110255
vt 0.580655 0.110256
vt 0.580658 0.110248
vt 0.580654 0.110259
vt 0.580656 0.110257
vt 0.580651 0.110257
vt 0.580654 0.110259
vt 0.580650 0.110259
vt 0.580655 0.110259
vt 0.580653 0.110262
vt 0.580653 0.110262
vt 0.580651 0.110265
vt 0.580653 0.110263
vt 0.580650 0.110259
vt 0.580651 0.110265
vt 0.580650 0.110268
vt 0.580652 0.110265
vt 0.580650 0.110268
vt 0.580650 0.110269
vt 0.027741 0.815440
vt 0.027581 0.842740
vt 0.061478 0.815437
vt 0.061478 0.842740
vt 0.134176 0.815437
vt 0.134172 0.842740
vt 0.138852 0.815424
vt 0.138852 0.842740
vt 0.531540 0.089244
vt 0.541180 0.089244
vt 0.531561 0.086982
vt 0.531528 0.090468
vt 0.541180 0.086982
vt 0.541179 0.090468
vt 0.528899 0.089244
vt 0.528802 0.086982
vt 0.522065 0.089244
vt 0.522067 0.086982
vt 0.519489 0.089244
vt 0.519489 0.086982
vt 0.541180 0.139419
vt 0.531471 0.139419
vt 0.541180 0.183662
vt 0.531524 0.094391
vt 0.531507 0.183662
vt 0.541180 0.094391
vt 0.531528 0.090468
vt 0.528871 0.090517
vt 0.530780 0.187690
vt 0.130597 0.842649
vt 0.130598 0.812337
vt 0.118262 0.842649
vt 0.134972 0.842360
vt 0.118261 0.812337
vt 0.134972 0.812060
vt 0.583276 0.727917
vt 0.581883 0.727916
vt 0.583584 0.736491
vt 0.581844 0.726700
vt 0.582196 0.737204
vt 0.583238 0.726631
vt 0.582262 0.740031
vt 0.583409 0.738319
vt 0.581826 0.725213
vt 0.583212 0.725243
vt 0.581781 0.723958
vt 0.583171 0.723957
vt 0.093666 0.852904
vt 0.093609 0.861477
vt 0.095798 0.852854
vt 0.095798 0.851683
vt 0.095798 0.861492
vt 0.093634 0.851538
vt 0.095798 0.851013
vt 0.093546 0.850193
vt 0.095798 0.850559
vt 0.093777 0.849725
vt 0.034088 0.448725
vt 0.045342 0.449517
vt 0.031685 0.462402
vt 0.045342 0.462402
vt 0.479859 0.362325
vt 0.489861 0.329288
vt 0.479811 0.270508
vt 0.488297 0.271977
vt 0.479909 0.456643
vt 0.489931 0.455602
vt 0.489897 0.394120
vt 0.488293 0.264738
vt 0.479712 0.098461
vt 0.488206 0.100866
vt 0.489932 0.456643
vt 0.489997 0.567665
vt 0.479928 0.568596
vt 0.488184 0.095713
vt 0.479254 0.033139
vt 0.489229 0.032377
vt 0.596069 -0.206433
vt 0.596070 -0.027237
vt 0.606796 -0.206433
vt 0.606796 -0.027325
vt 0.045353 0.462403
vt 0.045362 0.449519
vt 0.031697 0.462403
vt 0.031708 0.449521
vt 0.078451 0.840252
vt 0.075884 0.837957
vt 0.078037 0.838167
vt 0.076030 0.878380
vt 0.075797 0.836024
vt 0.078305 0.880469
vt 0.073276 0.880523
vt 0.075499 0.882557
vt 0.051231 0.882694
vt 0.051400 0.880541
vt 0.563209 0.755945
vt 0.564598 0.755102
vt 0.564598 0.755945
vt 0.564599 0.761374
vt 0.563209 0.753232
vt 0.563210 0.763203
vt 0.564597 0.754075
vt 0.564597 0.753232
vt 0.564547 0.763204
vt 0.563211 0.765031
vt 0.563211 0.765043
vt 0.564599 0.763214
vt 0.563211 0.765064
vt 0.564608 0.763216
vt 0.565988 0.765045
vt 0.581970 0.765046
vt 0.564600 0.766873
vt 0.583311 0.763217
vt 0.563213 0.775035
vt 0.584554 0.763217
vt 0.564602 0.775684
vt 0.583360 0.765045
vt 0.563213 0.776406
vt 0.584701 0.763218
vt 0.564602 0.777069
vt 0.583396 0.765045
vt 0.564602 0.779187
vt 0.584622 0.761390
vt 0.563213 0.779169
vt 0.583241 0.762117
vt 0.564602 0.780571
vt 0.582984 0.755937
vt 0.563214 0.780775
vt 0.584376 0.755938
vt 0.564603 0.784591
vt 0.582955 0.755154
vt 0.563214 0.785769
vt 0.584346 0.755150
vt 0.564563 0.786419
vt 0.582927 0.754015
vt 0.563215 0.788285
vt 0.584318 0.754019
vt 0.563213 0.788247
vt 0.582899 0.753232
vt 0.564375 0.786414
vt 0.584289 0.753231
vt 0.561824 0.788245
vt 0.582418 0.741970
vt 0.562399 0.786418
vt 0.583728 0.740147
vt 0.552538 0.786409
vt 0.583643 0.738319
vt 0.552538 0.788237
vt 0.582337 0.740141
vt 0.543251 0.788245
vt 0.583507 0.738319
vt 0.542676 0.786418
vt 0.582295 0.740080
vt 0.540700 0.786414
vt 0.582278 0.740056
vt 0.583458 0.738319
vt 0.541862 0.788247
vt 0.540513 0.786419
vt 0.541860 0.788285
vt 0.541861 0.785769
vt 0.540472 0.784591
vt 0.541862 0.780775
vt 0.540473 0.780571
vt 0.541862 0.779169
vt 0.540473 0.779187
vt 0.541862 0.776406
vt 0.540473 0.777069
vt 0.540474 0.775684
vt 0.541862 0.775035
vt 0.540475 0.766873
vt 0.541864 0.765064
vt 0.539087 0.765045
vt 0.540467 0.763216
vt 0.540476 0.763214
vt 0.523105 0.765046
vt 0.541864 0.765043
vt 0.521765 0.763217
vt 0.540528 0.763204
vt 0.520521 0.763217
vt 0.541864 0.765031
vt 0.521716 0.765045
vt 0.541865 0.763203
vt 0.520374 0.763218
vt 0.540477 0.761374
vt 0.521680 0.765045
vt 0.541866 0.755945
vt 0.520453 0.761390
vt 0.540478 0.755945
vt 0.521834 0.762117
vt 0.540478 0.755102
vt 0.522092 0.755937
vt 0.541867 0.753232
vt 0.520699 0.755938
vt 0.540478 0.754075
vt 0.540478 0.753232
vt 0.522120 0.755154
vt 0.520729 0.755150
vt 0.522148 0.754015
vt 0.520757 0.754019
vt 0.522177 0.753232
vt 0.520786 0.753231
vt 0.522658 0.741970
vt 0.521347 0.740147
vt 0.521433 0.738319
vt 0.522738 0.740141
vt 0.521569 0.738319
vt 0.522780 0.740080
vt 0.522797 0.740056
vt 0.521618 0.738319
vt 0.521666 0.738319
vt 0.522813 0.740031
vt 0.521491 0.736491
vt 0.522879 0.737204
vt 0.523192 0.727916
vt 0.521799 0.727917
vt 0.523232 0.726700
vt 0.521837 0.726631
vt 0.523249 0.725213
vt 0.521864 0.725243
vt 0.523295 0.723958
vt 0.521904 0.723957
vt 0.648609 0.921294
vt 0.805512 0.918837
vt 0.805528 0.829664
vt 0.650867 0.811177
vt 0.793169 0.811164
vt 0.453038 0.367556
vt 0.453038 0.478667
vt 0.341927 0.367556
vt 0.341927 0.478667
vt -0.053115 0.560103
vt 0.078797 0.752053
vt 0.075594 0.755264
vt 0.019396 0.752098
vt 0.019425 0.665746
vt 0.022604 0.755305
vt 0.078640 0.665462
vt 0.075425 0.662269
vt 0.022635 0.662521
vt 0.093857 0.842307
vt 0.099100 0.842740
vt 0.094446 0.815429
vt 0.079720 0.815429
vt 0.099100 0.815421
vt 0.084449 0.842631
vt 0.037107 0.815429
vt 0.039720 0.842027
vt 0.027232 0.815429
vt 0.028203 0.841872
vt -0.824662 0.654633
vt -0.824661 0.682629
vt -0.864464 0.654633
vt -0.864632 0.682629
vt -0.824661 0.765262
vt -0.865003 0.765303
vt 0.451620 0.471735
vt 0.451620 0.528265
vt 0.395090 0.471735
vt 0.395090 0.528265
vt 0.019554 0.665462
vt 0.078768 0.665746
vt 0.019396 0.752053
vt 0.078797 0.752098
vt 0.210678 0.739155
vt 0.239479 0.765811
vt 0.189404 0.749261
vt 0.185198 0.692018
vt 0.231039 0.787877
vt 0.207854 0.699799
vt 0.279128 0.765552
vt 0.224190 0.650937
vt 0.246780 0.746248
vt 0.288810 0.787745
vt 0.233540 0.672740
vt 0.229528 0.730316
vt 0.270217 0.746140
vt 0.280780 0.650784
vt 0.256263 0.718657
vt 0.272496 0.672501
vt 0.227727 0.706978
vt 0.304054 0.737580
vt 0.321952 0.688553
vt 0.284181 0.730575
vt 0.242121 0.691875
vt 0.300986 0.698661
vt 0.326669 0.745103
vt 0.265274 0.691783
vt 0.282348 0.707477
s 1
g GUI_Map_Theater1_pieces:GUI_Map_Theater1:GUI_Map_Theater_D_pieces:GUI_Map_Theater1:GUI_Map_Theater_D
usemtl pieces:GUI_Map_Theater1:GUI_Map_Theater_D
f 1/1/1 2/2/2 3/3/3
f 4/1/4 5/3/5 6/2/6
f 7/4/7 8/5/8 9/6/9
f 7/4/7 10/7/10 8/5/8
f 9/6/9 8/5/8 11/8/11
f 12/9/12 10/7/10 7/4/7
f 9/6/9 11/8/11 13/10/13
f 12/9/12 14/11/14 10/7/10
f 15/12/15 7/4/7 9/6/9
f 13/10/13 11/8/11 16/13/16
f 17/14/17 14/11/14 12/9/12
f 18/15/18 7/4/7 15/12/15
f 16/13/16 19/16/19 13/10/13
f 17/14/17 20/17/20 14/11/14
f 18/15/18 12/9/12 7/4/7
f 15/12/15 9/6/9 21/18/21
f 21/18/21 9/6/9 13/10/13
f 22/19/22 20/17/20 17/14/17
f 23/20/23 17/14/17 12/9/12
f 23/20/23 12/9/12 18/15/18
f 13/10/13 24/21/24 21/18/21
f 13/10/13 19/16/19 24/21/24
f 22/19/22 25/22/25 20/17/20
f 26/23/26 17/14/17 23/20/23
f 21/18/21 24/21/24 27/24/27
f 26/23/26 22/19/22 17/14/17
f 28/25/28 19/16/19 25/22/25
f 29/26/29 15/12/15 21/18/21
f 29/26/29 26/23/26 23/20/23
f 28/25/28 25/22/25 22/19/22
f 24/21/24 19/16/19 28/25/28
f 29/26/29 21/18/21 27/24/27
f 29/26/29 23/20/23 18/15/18
f 29/26/29 18/15/18 15/12/15
f 27/24/27 24/21/24 30/27/30
f 30/27/30 24/21/24 28/25/28
f 31/28/31 28/25/28 22/19/22
f 29/26/29 27/24/27 30/27/30
f 31/28/31 22/19/22 26/23/26
f 30/27/30 28/25/28 31/28/31
f 29/26/29 30/27/30 31/28/31
f 29/26/29 31/28/31 26/23/26
f 32/4/7 33/5/32 34/6/9
f 32/4/7 35/7/10 33/5/32
f 34/6/9 33/5/32 36/8/11
f 37/9/12 35/7/10 32/4/7
f 34/6/9 36/8/11 38/10/13
f 37/9/12 39/11/14 35/7/10
f 40/12/15 32/4/7 34/6/9
f 38/10/13 36/8/11 41/13/16
f 42/14/17 39/11/14 37/9/12
f 43/15/18 32/4/7 40/12/15
f 41/13/16 44/16/19 38/10/13
f 42/14/17 45/17/20 39/11/14
f 43/15/18 37/9/12 32/4/7
f 40/12/15 34/6/9 46/18/21
f 46/18/21 34/6/9 38/10/13
f 47/19/22 45/17/20 42/14/17
f 48/20/23 42/14/17 37/9/12
f 48/20/23 37/9/12 43/15/18
f 38/10/13 49/21/24 46/18/21
f 38/10/13 44/16/19 49/21/24
f 47/19/22 50/22/25 45/17/20
f 51/23/26 42/14/17 48/20/23
f 46/18/21 49/21/24 52/24/33
f 51/23/26 47/19/22 42/14/17
f 53/25/28 44/16/19 50/22/25
f 54/26/34 40/12/15 46/18/21
f 54/26/34 51/23/26 48/20/23
f 53/25/28 50/22/25 47/19/22
f 49/21/24 44/16/19 53/25/28
f 54/26/34 46/18/21 52/24/33
f 54/26/34 48/20/23 43/15/18
f 54/26/34 43/15/18 40/12/15
f 52/24/33 49/21/24 55/27/30
f 55/27/30 49/21/24 53/25/28
f 56/28/31 53/25/28 47/19/22
f 54/26/34 52/24/33 55/27/30
f 56/28/31 47/19/22 51/23/26
f 55/27/30 53/25/28 56/28/31
f 54/26/34 55/27/30 56/28/31
f 54/26/34 56/28/31 51/23/26
f 57/29/35 58/30/35 59/31/36
f 57/29/35 60/32/35 58/30/35
f 59/31/36 58/30/35 61/33/37
f 59/31/36 62/34/38 57/29/35
f 58/30/35 60/32/35 63/35/35
f 61/33/37 58/30/35 64/36/39
f 57/29/35 62/34/38 65/37/40
f 65/37/40 60/32/35 57/29/35
f 60/32/35 66/38/41 63/35/35
f 64/36/39 58/30/35 67/39/42
f 62/34/38 68/40/43 65/37/40
f 69/41/44 66/38/41 60/32/35
f 63/35/35 67/39/42 58/30/35
f 70/42/38 68/40/43 62/34/38
f 69/41/44 60/32/35 71/43/44
f 66/38/41 72/44/45 63/35/35
f 70/42/38 73/45/46 68/40/43
f 64/36/39 67/39/42 74/46/36
f 71/43/44 60/32/35 75/47/40
f 75/47/40 60/32/35 65/37/40
f 76/48/47 73/45/46 70/42/38
f 74/46/36 67/39/42 77/49/48
f 71/43/44 75/47/40 78/50/49
f 73/45/46 76/48/47 79/51/46
f 79/51/46 74/46/36 77/49/48
f 67/39/42 80/52/50 77/49/48
f 80/52/50 67/39/42 63/35/35
f 78/50/49 75/47/40 81/53/51
f 65/37/40 81/53/51 75/47/40
f 82/54/52 74/46/36 79/51/46
f 79/51/46 76/48/47 82/54/52
f 63/35/35 72/44/45 80/52/50
f 68/40/43 81/53/51 65/37/40
f 79/51/46 83/55/46 73/45/46
f 77/49/48 83/55/46 79/51/46
f 80/52/50 72/44/45 84/56/50
f 85/57/46 78/50/49 81/53/51
f 77/49/48 80/52/50 84/56/50
f 73/45/46 83/55/46 85/57/46
f 81/53/51 68/40/43 85/57/46
f 86/58/49 78/50/49 85/57/46
f 84/56/50 83/55/46 77/49/48
f 85/57/46 68/40/43 73/45/46
f 84/56/50 72/44/45 87/59/53
f 85/57/46 88/60/54 86/58/49
f 83/55/46 88/60/54 85/57/46
f 87/59/53 83/55/46 84/56/50
f 88/60/54 83/55/46 87/59/53
f 89/61/37 90/62/55 91/63/37
f 92/64/38 89/61/37 91/63/37
f 93/65/37 89/61/37 92/64/38
f 91/63/37 90/62/55 94/66/55
f 90/62/55 95/67/55 94/66/55
f 94/66/55 95/67/55 96/68/36
f 97/69/56 98/70/56 99/71/36
f 99/71/36 98/70/56 100/72/47
f 100/72/47 101/73/47 99/71/36
f 102/74/47 101/73/47 100/72/47
f 103/75/52 104/76/52 105/77/57
f 103/75/52 106/78/38 104/76/52
f 105/77/57 104/76/52 107/79/57
f 108/80/52 106/78/38 103/75/52
f 109/81/38 110/82/38 111/83/38
f 111/83/38 110/82/38 112/84/38
f 113/85/58 114/86/58 115/87/59
f 115/87/59 114/86/58 116/88/60
f 117/89/61 118/90/61 119/91/62
f 117/89/61 120/92/63 118/90/61
f 119/91/62 118/90/61 121/93/64
f 122/94/65 120/92/63 117/89/61
f 123/95/58 119/91/62 121/93/64
f 124/96/66 121/93/64 118/90/61
f 122/94/65 125/97/67 120/92/63
f 126/98/68 123/95/58 121/93/64
f 127/99/58 119/91/62 123/95/58
f 126/98/68 121/93/64 124/96/66
f 128/100/69 125/97/67 122/94/65
f 129/101/58 127/99/58 123/95/58
f 130/102/70 126/98/68 124/96/66
f 128/100/69 131/103/2 125/97/67
f 132/104/58 129/101/58 123/95/58
f 133/105/70 126/98/68 130/102/70
f 134/106/71 131/103/2 128/100/69
f 133/105/70 132/104/58 126/98/68
f 129/101/58 132/104/58 135/107/72
f 132/104/58 123/95/58 126/98/68
f 130/102/70 136/108/66 133/105/70
f 137/109/73 125/97/67 131/103/2
f 135/107/72 132/104/58 133/105/70
f 138/110/58 129/101/58 135/107/72
f 138/110/58 135/107/72 136/108/66
f 139/111/74 125/97/67 137/109/73
f 140/112/75 136/108/66 130/102/70
f 136/108/66 135/107/72 133/105/70
f 141/113/58 129/101/58 138/110/58
f 137/109/73 142/114/76 139/111/74
f 136/108/66 143/115/58 138/110/58
f 130/102/70 144/116/77 140/112/75
f 145/117/78 142/114/76 137/109/73
f 144/116/77 139/111/74 142/114/76
f 143/115/58 146/118/58 138/110/58
f 140/112/75 144/116/77 147/119/79
f 142/114/76 145/117/78 148/120/79
f 149/121/58 146/118/58 143/115/58
f 140/112/75 150/122/66 136/108/66
f 144/116/77 142/114/76 147/119/79
f 143/115/58 150/122/66 149/121/58
f 147/119/79 142/114/76 148/120/79
f 151/123/66 150/122/66 140/112/75
f 150/122/66 143/115/58 136/108/66
f 149/121/58 150/122/66 152/124/80
f 147/119/79 151/123/66 140/112/75
f 148/120/79 145/117/78 153/125/81
f 152/124/80 154/126/82 149/121/58
f 155/127/83 151/123/66 147/119/79
f 148/120/79 155/127/83 147/119/79
f 152/124/80 150/122/66 156/128/66
f 156/128/66 154/126/82 152/124/80
f 149/121/58 154/126/82 157/129/58
f 156/128/66 150/122/66 151/123/66
f 158/130/84 151/123/66 155/127/83
f 159/131/79 155/127/83 148/120/79
f 153/125/81 159/131/79 148/120/79
f 160/132/82 157/129/58 154/126/82
f 156/128/66 151/123/66 158/130/84
f 161/133/81 159/131/79 153/125/81
f 154/126/82 162/134/82 160/132/82
f 162/134/82 154/126/82 156/128/66
f 163/135/58 157/129/58 160/132/82
f 164/136/85 159/131/79 161/133/81
f 160/132/82 162/134/82 165/137/86
f 158/130/84 166/138/87 156/128/66
f 167/139/84 159/131/79 164/136/85
f 160/132/82 165/137/86 168/140/88
f 166/138/87 165/137/86 162/134/82
f 156/128/66 166/138/87 162/134/82
f 158/130/84 155/127/83 167/139/84
f 167/139/84 155/127/83 159/131/79
f 168/140/88 165/137/86 169/141/88
f 166/138/87 158/130/84 170/142/87
f 170/142/87 158/130/84 167/139/84
f 164/136/85 170/142/87 167/139/84
f 163/135/58 160/132/82 171/143/58
f 171/143/58 160/132/82 168/140/88
f 166/138/87 170/142/87 172/144/89
f 165/137/86 172/144/89 169/141/88
f 173/145/90 170/142/87 164/136/85
f 146/118/58 163/135/58 174/146/58
f 172/144/89 165/137/86 166/138/87
f 173/145/90 175/147/89 170/142/87
f 174/146/58 176/148/58 146/118/58
f 172/144/89 170/142/87 175/147/89
f 174/146/58 163/135/58 177/149/58
f 178/150/90 175/147/89 173/145/90
f 146/118/58 176/148/58 179/151/58
f 172/144/89 175/147/89 180/152/91
f 169/141/88 172/144/89 180/152/91
f 175/147/89 178/150/90 181/153/91
f 138/110/58 146/118/58 179/151/58
f 176/148/58 182/154/58 179/151/58
f 180/152/91 175/147/89 181/153/91
f 181/153/91 178/150/90 183/155/92
f 157/129/58 163/135/58 146/118/58
f 179/151/58 182/154/58 141/113/58
f 138/110/58 179/151/58 141/113/58
f 149/121/58 157/129/58 146/118/58
f 184/156/74 139/111/74 144/116/77
f 184/156/74 120/92/63 139/111/74
f 144/116/77 130/102/70 184/156/74
f 139/111/74 120/92/63 125/97/67
f 184/156/74 130/102/70 124/96/66
f 184/156/74 118/90/61 120/92/63
f 124/96/66 118/90/61 184/156/74
f 185/157/93 186/158/94 187/159/93
f 185/157/93 187/159/93 188/160/95
f 187/159/93 186/158/94 189/161/96
f 190/162/58 185/157/93 188/160/95
f 188/160/95 187/159/93 191/163/95
f 185/157/93 192/164/97 186/158/94
f 192/164/97 185/157/93 190/162/58
f 193/165/94 189/161/96 186/158/94
f 191/163/95 194/166/98 188/160/95
f 186/158/94 192/164/97 195/167/99
f 188/160/95 194/166/98 190/162/58
f 186/158/94 196/168/100 193/165/94
f 197/169/98 194/166/98 191/163/95
f 195/167/99 196/168/100 186/158/94
f 190/162/58 198/170/58 192/164/97
f 191/163/95 199/171/101 197/169/98
f 192/164/97 200/172/97 195/167/99
f 196/168/100 201/173/97 193/165/94
f 198/170/58 200/172/97 192/164/97
f 197/169/98 199/171/101 202/174/102
f 196/168/100 203/175/103 201/173/97
f 204/176/58 198/170/58 190/162/58
f 190/162/58 194/166/98 204/176/58
f 205/177/104 202/174/102 199/171/101
f 203/175/103 206/178/97 201/173/97
f 204/176/58 207/162/97 198/170/58
f 204/176/58 194/166/98 207/162/97
f 208/179/102 202/174/102 205/177/104
f 201/173/97 206/178/97 209/180/97
f 198/170/58 207/162/97 210/164/58
f 205/177/104 211/181/90 208/179/102
f 201/173/97 209/180/97 212/182/105
f 198/170/58 210/164/58 200/172/97
f 199/171/101 213/183/106 205/177/104
f 193/165/94 201/173/97 212/182/105
f 212/182/105 209/180/97 214/184/107
f 200/172/97 210/164/58 215/167/108
f 211/181/90 205/177/104 216/185/109
f 216/185/109 205/177/104 213/183/106
f 209/180/97 217/186/110 214/184/107
f 210/164/58 218/158/111 215/167/108
f 213/183/106 219/187/112 216/185/109
f 220/188/97 217/186/110 209/180/97
f 221/157/113 218/158/111 210/164/58
f 213/183/106 222/189/114 219/187/112
f 220/188/97 223/190/115 217/186/110
f 221/157/113 224/159/113 218/158/111
f 225/191/106 222/189/114 213/183/106
f 206/178/97 223/190/115 220/188/97
f 206/178/97 220/188/97 209/180/97
f 218/158/111 224/159/113 226/161/116
f 222/189/114 227/192/112 219/187/112
f 217/186/110 223/190/115 228/193/117
f 226/161/116 229/165/111 218/158/111
f 225/191/106 189/161/96 222/189/114
f 189/161/96 227/192/112 222/189/114
f 228/193/117 223/190/115 230/194/110
f 231/168/118 218/158/111 229/165/111
f 187/159/93 189/161/96 225/191/106
f 217/186/110 228/193/117 214/184/107
f 231/168/118 229/165/111 232/173/97
f 225/191/106 191/163/95 187/159/93
f 233/195/96 227/192/112 189/161/96
f 232/173/97 234/175/119 231/168/118
f 199/171/101 191/163/95 225/191/106
f 233/195/96 189/161/96 193/165/94
f 234/175/119 232/173/97 235/178/120
f 225/191/106 213/183/106 199/171/101
f 212/182/105 233/195/96 193/165/94
f 231/168/118 234/175/119 236/196/121
f 232/173/97 237/180/97 235/178/120
f 238/197/122 233/195/96 212/182/105
f 236/196/121 215/167/108 231/168/118
f 232/173/97 239/182/123 237/180/97
f 214/184/107 238/197/122 212/182/105
f 200/172/97 215/167/108 236/196/121
f 215/167/108 218/158/111 231/168/118
f 237/180/97 239/182/123 240/184/124
f 241/198/107 238/197/122 214/184/107
f 200/172/97 236/196/121 242/199/58
f 240/184/124 243/186/125 237/180/97
f 214/184/107 228/193/117 241/198/107
f 244/196/121 200/172/97 242/199/58
f 240/184/124 245/193/125 243/186/125
f 237/180/97 243/186/125 246/188/97
f 228/193/117 247/200/126 241/198/107
f 200/172/97 244/196/121 195/167/99
f 237/180/97 246/188/97 235/178/120
f 230/194/110 247/200/126 228/193/117
f 241/198/107 247/200/126 248/201/127
f 195/167/99 244/196/121 196/168/100
f 246/188/97 249/190/125 235/178/120
f 243/186/125 245/193/125 249/190/125
f 247/200/126 250/202/128 248/201/127
f 244/196/121 203/175/103 196/168/100
f 243/186/125 249/190/125 246/188/97
f 247/200/126 251/203/129 250/202/128
f 251/203/129 247/200/126 230/194/110
f 248/201/127 250/202/128 252/204/127
f 249/190/125 245/193/125 253/194/130
f 250/202/128 251/203/129 254/205/131
f 248/201/127 252/204/127 255/206/132
f 245/193/125 256/200/133 253/194/130
f 254/205/131 257/207/134 250/202/128
f 238/197/122 248/201/127 255/206/132
f 250/202/128 257/207/134 252/204/127
f 253/194/130 256/200/133 258/203/135
f 241/198/107 248/201/127 238/197/122
f 255/206/132 252/204/127 259/208/132
f 260/209/136 257/207/134 254/205/131
f 256/200/133 261/202/137 258/203/135
f 255/206/132 259/208/132 227/192/112
f 252/204/127 257/207/134 262/210/138
f 263/201/139 261/202/137 256/200/133
f 238/197/122 255/206/132 233/195/96
f 252/204/127 262/210/138 259/208/132
f 233/195/96 255/206/132 227/192/112
f 258/203/135 261/202/137 264/205/135
f 256/200/133 265/198/124 263/201/139
f 227/192/112 259/208/132 266/211/112
f 259/208/132 262/210/138 267/212/140
f 261/202/137 268/207/141 264/205/135
f 269/204/139 261/202/137 263/201/139
f 259/208/132 267/212/140 266/211/112
f 219/187/112 227/192/112 266/211/112
f 261/202/137 269/204/139 268/207/141
f 270/206/142 269/204/139 263/201/139
f 266/211/112 267/212/140 271/213/143
f 266/211/112 271/213/143 219/187/112
f 264/205/135 268/207/141 272/209/144
f 273/208/142 269/204/139 270/206/142
f 265/198/124 274/197/123 263/201/139
f 219/187/112 271/213/143 275/214/145
f 276/192/146 273/208/142 270/206/142
f 265/198/124 240/184/124 274/197/123
f 263/201/139 274/197/123 270/206/142
f 216/185/109 219/187/112 275/214/145
f 277/211/146 273/208/142 276/192/146
f 265/198/124 245/193/125 240/184/124
f 274/197/123 278/195/116 270/206/142
f 276/192/146 279/187/146 277/211/146
f 245/193/125 265/198/124 256/200/133
f 274/197/123 240/184/124 239/182/123
f 270/206/142 278/195/116 276/192/146
f 277/211/146 280/212/147 273/208/142
f 274/197/123 239/182/123 278/195/116
f 281/189/148 279/187/146 276/192/146
f 282/213/149 280/212/147 277/211/146
f 283/210/150 273/208/142 280/212/147
f 278/195/116 239/182/123 229/165/111
f 277/211/146 279/187/146 282/213/149
f 269/204/139 273/208/142 283/210/150
f 278/195/116 229/165/111 226/161/116
f 278/195/116 226/161/116 276/192/146
f 276/192/146 226/161/116 281/189/148
f 232/173/97 229/165/111 239/182/123
f 268/207/141 269/204/139 283/210/150
f 282/213/149 279/187/146 284/214/151
f 281/189/148 285/183/152 279/187/146
f 281/189/148 226/161/116 286/191/152
f 286/191/152 285/183/152 281/189/148
f 284/214/151 279/187/146 287/185/153
f 287/185/153 279/187/146 285/183/152
f 286/191/152 226/161/116 224/159/113
f 285/183/152 288/177/154 287/185/153
f 289/171/154 285/183/152 286/191/152
f 288/177/154 285/183/152 289/171/154
f 290/163/155 286/191/152 224/159/113
f 289/171/154 286/191/152 290/163/155
f 287/185/153 288/177/154 291/181/156
f 290/163/155 224/159/113 292/160/155
f 289/171/154 202/174/102 288/177/154
f 288/177/154 208/179/102 291/181/156
f 288/177/154 202/174/102 208/179/102
f 292/160/155 194/166/98 290/163/155
f 292/160/155 224/159/113 221/157/113
f 291/181/156 208/179/102 293/215/92
f 289/171/154 197/169/98 202/174/102
f 290/163/155 194/166/98 197/169/98
f 221/157/113 207/162/97 292/160/155
f 208/179/102 211/181/90 293/215/92
f 290/163/155 197/169/98 289/171/154
f 207/162/97 194/166/98 292/160/155
f 210/164/58 207/162/97 221/157/113
f 294/216/157 295/217/158 296/218/159
f 294/216/157 296/218/159 297/219/90
f 296/218/159 295/217/158 298/220/160
f 297/219/90 296/218/159 299/221/82
f 295/217/158 300/222/161 298/220/160
f 299/221/82 301/223/162 297/219/90
f 298/220/160 300/222/161 302/224/161
f 303/225/162 301/223/162 299/221/82
f 300/222/161 304/226/161 302/224/161
f 305/227/163 303/225/162 299/221/82
f 303/225/162 306/221/164 301/223/162
f 300/222/161 307/228/140 304/226/161
f 302/224/161 304/226/161 308/229/165
f 299/221/82 309/230/166 305/227/163
f 301/223/162 306/221/164 310/219/156
f 302/224/161 308/229/165 311/231/167
f 312/218/168 309/230/166 299/221/82
f 313/232/88 303/225/162 305/227/163
f 302/224/161 311/231/167 314/233/169
f 312/218/168 315/234/166 309/230/166
f 305/227/163 316/235/163 313/232/88
f 302/224/161 314/233/169 317/236/170
f 318/220/171 315/234/166 312/218/168
f 309/230/166 319/237/172 305/227/163
f 305/227/163 319/237/172 316/235/163
f 313/232/88 316/235/163 320/238/88
f 321/239/173 315/234/166 318/220/171
f 309/230/166 322/240/174 319/237/172
f 323/235/175 313/232/88 320/238/88
f 324/224/176 321/239/173 318/220/171
f 309/230/166 315/234/166 322/240/174
f 325/227/177 313/232/88 323/235/175
f 326/241/176 321/239/173 324/224/176
f 316/235/163 327/242/82 320/238/88
f 325/227/177 303/225/162 313/232/88
f 324/224/176 328/243/176 326/241/176
f 319/237/172 329/244/178 316/235/163
f 316/235/163 329/244/178 327/242/82
f 306/221/164 303/225/162 325/227/177
f 324/224/176 317/236/170 328/243/176
f 330/245/179 319/237/172 322/240/174
f 325/227/177 331/230/180 306/221/164
f 329/244/178 332/246/181 327/242/82
f 328/243/176 317/236/170 333/247/170
f 325/227/177 334/237/182 331/230/180
f 329/244/178 335/248/183 332/246/181
f 327/242/82 332/246/181 336/249/163
f 306/221/164 331/230/180 337/218/180
f 323/235/175 334/237/182 325/227/177
f 336/249/163 338/250/88 327/242/82
f 332/246/181 335/248/183 339/251/181
f 323/235/175 340/244/184 334/237/182
f 341/252/88 338/250/88 336/249/163
f 339/251/181 342/253/185 332/246/181
f 343/242/175 340/244/184 323/235/175
f 344/254/163 341/252/88 336/249/163
f 335/248/183 345/255/164 339/251/181
f 338/250/88 346/249/175 343/242/175
f 347/256/88 341/252/88 344/254/163
f 348/257/92 345/255/164 335/248/183
f 341/252/88 346/249/175 338/250/88
f 346/249/175 349/246/186 343/242/175
f 343/242/175 349/246/186 340/244/184
f 350/258/163 347/256/88 344/254/163
f 346/249/175 341/252/88 351/254/177
f 323/235/175 320/238/88 343/242/175
f 343/242/175 320/238/88 338/250/88
f 351/254/177 341/252/88 347/256/88
f 344/254/163 352/259/187 350/258/163
f 349/246/186 346/249/175 353/260/188
f 353/260/188 346/249/175 351/254/177
f 320/238/88 327/242/82 338/250/88
f 354/260/185 352/259/187 344/254/163
f 355/253/188 349/246/186 353/260/188
f 351/254/177 347/256/88 356/258/175
f 354/260/185 357/261/189 352/259/187
f 358/251/186 349/246/186 355/253/188
f 353/260/188 351/254/177 359/259/190
f 359/259/190 351/254/177 356/258/175
f 342/253/185 357/261/189 354/260/185
f 360/248/191 349/246/186 358/251/186
f 361/261/190 353/260/188 359/259/190
f 355/253/188 353/260/188 361/261/190
f 357/261/189 362/262/192 352/259/187
f 340/244/184 349/246/186 360/248/191
f 355/253/188 363/263/82 358/251/186
f 364/264/193 362/262/192 357/261/189
f 340/244/184 360/248/191 365/265/184
f 363/263/82 355/253/188 366/266/88
f 366/266/88 355/253/188 361/261/190
f 352/259/187 362/262/192 350/258/163
f 358/251/186 367/255/82 360/248/191
f 358/251/186 363/263/82 367/255/82
f 361/261/190 368/267/194 366/266/88
f 350/258/163 362/262/192 369/268/195
f 360/248/191 367/255/82 370/257/92
f 371/264/196 368/267/194 361/261/190
f 369/268/195 372/269/88 350/258/163
f 373/270/182 340/244/184 365/265/184
f 371/264/196 361/261/190 374/262/197
f 375/271/88 372/269/88 369/268/195
f 334/237/182 340/244/184 373/270/182
f 372/269/88 347/256/88 350/258/163
f 374/262/197 361/261/190 359/259/190
f 334/237/182 373/270/182 376/245/198
f 356/258/175 347/256/88 372/269/88
f 359/259/190 356/258/175 374/262/197
f 377/268/199 372/269/88 375/271/88
f 376/245/198 378/240/198 334/237/182
f 356/258/175 372/269/88 377/268/199
f 374/262/197 356/258/175 377/268/199
f 331/230/180 334/237/182 378/240/198
f 378/240/198 379/234/180 331/230/180
f 331/230/180 379/234/180 337/218/180
f 337/218/180 379/234/180 380/220/200
f 380/220/200 379/234/180 381/239/201
f 380/220/200 381/239/201 382/224/202
f 382/224/202 381/239/201 383/241/202
f 382/224/202 383/241/202 384/243/202
f 382/224/202 384/243/202 385/236/203
f 385/236/203 384/243/202 386/247/203
f 387/224/204 385/236/203 388/233/205
f 387/224/204 388/233/205 389/231/206
f 387/224/204 389/231/206 390/229/207
f 387/224/204 390/229/207 391/226/204
f 392/222/204 387/224/204 391/226/204
f 393/228/147 392/222/204 391/226/204
f 387/224/204 392/222/204 394/220/208
f 395/272/147 392/222/204 393/228/147
f 394/220/208 392/222/204 396/217/209
f 395/272/147 393/228/147 397/273/210
f 396/217/209 398/218/211 394/220/208
f 397/273/210 393/228/147 399/274/212
f 400/216/213 398/218/211 396/217/209
f 401/275/141 397/273/210 399/274/212
f 402/276/214 397/273/210 401/275/141
f 400/216/213 310/219/156 398/218/211
f 398/218/211 310/219/156 306/221/164
f 403/277/215 404/278/216 405/279/217
f 405/279/217 406/280/218 403/277/215
f 404/278/216 407/281/219 405/279/217
f 406/280/218 408/282/220 403/277/215
f 403/277/215 409/283/221 404/278/216
f 407/281/219 410/284/222 405/279/217
f 410/284/222 406/280/218 405/279/217
f 406/280/218 411/285/218 408/282/220
f 403/277/215 408/282/220 412/286/223
f 409/283/221 413/287/224 404/278/216
f 410/284/222 414/288/222 406/280/218
f 403/277/215 412/286/223 415/289/225
f 415/289/225 409/283/221 403/277/215
f 413/287/224 416/290/226 404/278/216
f 407/281/219 404/278/216 416/290/226
f 406/280/218 414/288/222 417/291/227
f 417/291/227 411/285/218 406/280/218
f 418/292/224 413/287/224 409/283/221
f 419/293/37 407/281/219 416/290/226
f 417/291/227 420/294/228 411/285/218
f 421/295/37 414/288/222 410/284/222
f 421/295/37 407/281/219 419/293/37
f 422/296/229 416/290/226 413/287/224
f 420/294/228 423/297/230 411/285/218
f 421/295/37 410/284/222 407/281/219
f 422/296/229 419/293/37 416/290/226
f 424/298/231 420/294/228 417/291/227
f 419/293/37 425/299/232 421/295/37
f 425/299/232 414/288/222 421/295/37
f 426/300/47 419/293/37 422/296/229
f 420/294/228 424/298/231 427/301/228
f 428/302/232 425/299/232 419/293/37
f 429/303/231 417/291/227 414/288/222
f 419/293/37 426/300/47 428/302/232
f 424/298/231 417/291/227 429/303/231
f 427/301/228 424/298/231 430/304/231
f 414/288/222 425/299/232 429/303/231
f 428/302/232 426/300/47 431/305/52
f 420/294/228 427/301/228 432/306/233
f 424/298/231 433/307/234 430/304/231
f 429/303/231 433/307/234 424/298/231
f 428/302/232 434/308/235 425/299/232
f 432/306/233 427/301/228 435/309/233
f 434/308/235 433/307/234 429/303/231
f 430/304/231 436/310/236 427/301/228
f 429/303/231 425/299/232 434/308/235
f 435/309/233 437/311/233 432/306/233
f 438/312/237 436/310/236 430/304/231
f 436/310/236 435/309/233 427/301/228
f 439/313/235 433/307/234 434/308/235
f 437/311/233 440/314/230 432/306/233
f 441/315/238 435/309/233 436/310/236
f 442/316/239 439/313/235 434/308/235
f 442/316/239 434/308/235 428/302/232
f 432/306/233 440/314/230 423/297/230
f 443/317/233 437/311/233 435/309/233
f 441/315/238 443/317/233 435/309/233
f 444/318/240 439/313/235 442/316/239
f 440/314/230 445/319/241 423/297/230
f 446/320/242 443/317/233 441/315/238
f 442/316/239 447/321/243 444/318/240
f 444/318/240 448/322/2 439/313/235
f 423/297/230 445/319/241 449/323/241
f 432/306/233 423/297/230 420/294/228
f 444/318/240 447/321/243 450/324/244
f 451/325/245 439/313/235 448/322/2
f 452/326/246 449/323/241 445/319/241
f 453/327/247 448/322/2 444/318/240
f 444/318/240 450/324/244 453/327/247
f 433/307/234 439/313/235 451/325/245
f 412/286/223 449/323/241 452/326/246
f 442/316/239 431/305/52 447/321/243
f 453/327/247 450/324/244 454/328/248
f 415/289/225 412/286/223 452/326/246
f 428/302/232 431/305/52 442/316/239
f 412/286/223 408/282/220 449/323/241
f 451/325/245 430/304/231 433/307/234
f 438/312/237 430/304/231 451/325/245
f 408/282/220 411/285/218 449/323/241
f 449/323/241 411/285/218 423/297/230
f 455/329/242 456/330/242 457/331/238
f 457/331/238 456/330/242 458/332/249
f 459/333/250 460/334/250 461/335/237
f 462/334/250 460/334/250 459/333/250
f 463/336/251 461/335/237 460/334/250
f 464/337/250 460/334/250 462/334/250
f 465/338/237 461/335/237 463/336/251
f 466/339/252 467/340/248 468/341/252
f 469/342/247 466/339/252 468/341/252
f 468/341/252 467/340/248 470/343/248
f 471/344/253 466/339/252 469/342/247
f 470/343/248 472/345/252 468/341/252
f 473/346/245 471/344/253 469/342/247
f 474/347/248 472/345/252 470/343/248
f 472/345/252 475/348/247 468/341/252
f 468/341/252 475/348/247 469/342/247
f 476/349/254 471/344/253 473/346/245
f 472/345/252 474/347/248 477/350/252
f 472/345/252 478/351/247 475/348/247
f 473/346/245 469/342/247 479/352/255
f 477/350/252 478/351/247 472/345/252
f 479/352/255 469/342/247 475/348/247
f 477/350/252 474/347/248 480/353/248
f 477/350/252 481/354/247 478/351/247
f 479/352/255 475/348/247 482/355/255
f 481/354/247 482/355/255 478/351/247
f 482/355/255 475/348/247 478/351/247
f 477/350/252 480/353/248 483/356/2
f 483/356/2 481/354/247 477/350/252
f 484/357/256 482/355/255 481/354/247
f 483/356/2 480/353/248 485/358/248
f 486/359/257 487/360/255 488/361/256
f 489/362/252 486/359/257 488/361/256
f 488/361/256 487/360/255 490/363/256
f 491/364/252 486/359/257 489/362/252
f 490/363/256 492/365/1 488/361/256
f 493/366/255 487/360/255 486/359/257
f 488/361/256 492/365/1 494/367/258
f 493/366/255 495/368/255 487/360/255
f 492/365/1 496/369/1 494/367/258
f 487/360/255 495/368/255 497/370/255
f 498/371/259 496/369/1 492/365/1
f 494/367/258 496/369/1 499/372/1
f 497/370/255 495/368/255 500/373/260
f 501/374/259 496/369/1 498/371/259
f 496/369/1 502/375/261 499/372/1
f 503/376/250 497/370/255 500/373/260
f 504/337/250 497/370/255 503/376/250
f 505/377/262 502/375/261 496/369/1
f 506/378/263 502/375/261 505/377/262
f 507/379/264 502/375/261 506/378/263
f 508/1/262 507/379/265 509/380/44
f 509/380/44 510/381/266 508/1/262
f 509/380/44 507/379/265 511/382/267
f 508/1/261 512/383/268 513/384/1
f 513/384/1 512/383/268 514/385/2
f 515/386/49 514/385/2 512/383/268
f 516/387/2 514/385/2 515/386/49
f 509/380/268 517/388/269 518/389/268
f 512/383/268 519/390/49 515/386/49
f 520/391/270 519/390/49 512/383/268
f 514/385/2 516/387/2 521/392/247
f 518/389/268 517/388/269 522/393/41
f 523/394/268 509/380/268 518/389/268
f 517/388/269 524/395/45 522/393/41
f 521/392/247 525/396/3 514/385/2
f 526/394/270 509/380/268 523/394/268
f 521/392/247 516/387/2 527/397/2
f 528/398/271 525/396/3 521/392/247
f 527/397/2 529/399/2 521/392/247
f 530/400/2 529/399/2 527/397/2
f 531/401/272 532/402/75 533/403/272
f 531/401/272 533/403/272 534/404/273
f 532/402/75 535/405/75 533/403/272
f 536/406/272 531/401/272 534/404/273
f 535/405/75 532/402/75 537/407/66
f 534/404/273 533/403/272 538/408/274
f 539/409/275 531/401/272 536/406/272
f 540/410/66 535/405/75 537/407/66
f 536/406/272 534/404/273 541/411/274
f 541/411/274 534/404/273 538/408/274
f 536/406/272 542/412/275 539/409/275
f 540/410/66 537/407/66 543/413/66
f 538/408/274 544/414/276 541/411/274
f 541/411/274 545/415/277 536/406/272
f 536/406/272 545/415/277 542/412/275
f 546/416/66 540/410/66 543/413/66
f 538/408/274 547/417/278 544/414/276
f 548/418/276 545/415/277 541/411/274
f 549/419/66 540/410/66 546/416/66
f 550/420/279 547/417/278 538/408/274
f 541/411/274 544/414/276 548/418/276
f 551/421/66 549/419/66 546/416/66
f 538/408/274 533/403/272 550/420/279
f 550/420/279 552/422/280 547/417/278
f 553/423/281 545/415/277 548/418/276
f 554/424/66 549/419/66 551/421/66
f 533/403/272 555/425/282 550/420/279
f 553/423/281 556/426/283 545/415/277
f 551/421/66 557/427/284 554/424/66
f 533/403/272 558/428/75 555/425/282
f 559/411/285 553/423/281 548/418/276
f 545/415/277 556/426/283 560/429/286
f 535/405/75 558/428/75 533/403/272
f 561/415/287 553/423/281 559/411/285
f 560/429/286 542/412/275 545/415/277
f 558/428/75 535/405/75 540/410/66
f 561/415/287 562/429/288 553/423/281
f 553/423/281 562/429/288 556/426/283
f 563/430/272 542/412/275 560/429/286
f 549/419/66 558/428/75 540/410/66
f 561/415/287 564/412/289 562/429/288
f 542/412/275 563/430/272 565/431/275
f 566/432/75 558/428/75 549/419/66
f 564/412/289 561/415/287 567/406/290
f 539/409/275 542/412/275 565/431/275
f 554/424/66 566/432/75 549/419/66
f 567/406/290 568/409/289 564/412/289
f 567/406/290 561/415/287 559/411/285
f 565/431/275 563/430/272 569/433/272
f 570/434/75 566/432/75 554/424/66
f 567/406/290 571/401/290 568/409/289
f 572/435/248 565/431/275 569/433/272
f 570/434/75 554/424/66 573/436/284
f 574/404/291 571/401/290 567/406/290
f 559/411/285 574/404/291 567/406/290
f 575/437/292 565/431/275 572/435/248
f 573/436/284 554/424/66 576/438/284
f 577/408/285 574/404/291 559/411/285
f 571/401/290 574/404/291 578/403/290
f 572/435/248 569/433/272 579/439/248
f 576/438/284 580/440/293 573/436/284
f 577/408/285 578/403/290 574/404/291
f 571/401/290 578/403/290 581/402/294
f 579/439/248 569/433/272 582/441/272
f 580/440/293 583/442/293 573/436/284
f 548/418/276 577/408/285 559/411/285
f 579/439/248 582/441/272 584/443/248
f 585/444/295 580/440/293 576/438/284
f 544/414/276 577/408/285 548/418/276
f 573/436/284 583/442/293 586/445/272
f 585/444/295 587/446/58 580/440/293
f 588/417/296 577/408/285 544/414/276
f 586/445/272 589/447/273 573/436/284
f 587/446/58 583/442/293 580/440/293
f 590/420/297 577/408/285 588/417/296
f 589/447/273 586/445/272 591/448/298
f 592/449/295 587/446/58 585/444/295
f 590/420/297 578/403/290 577/408/285
f 573/436/284 589/447/273 570/434/75
f 592/449/295 593/446/58 587/446/58
f 590/420/297 594/425/299 578/403/290
f 585/444/295 595/450/300 592/449/295
f 596/451/272 570/434/75 589/447/273
f 597/452/301 594/425/299 590/420/297
f 598/453/302 595/450/300 585/444/295
f 566/432/75 570/434/75 596/451/272
f 597/452/301 599/451/290 594/425/299
f 600/454/303 595/450/300 598/453/302
f 555/425/282 566/432/75 596/451/272
f 601/455/304 599/451/290 597/452/301
f 602/456/300 595/450/300 600/454/303
f 558/428/75 566/432/75 555/425/282
f 601/455/304 603/447/289 599/451/290
f 602/456/300 604/457/305 595/450/300
f 598/453/302 605/458/68 600/454/303
f 606/448/306 603/447/289 601/455/304
f 600/454/303 607/459/307 602/456/300
f 595/450/300 604/457/305 608/450/308
f 606/448/306 609/445/124 603/447/289
f 610/460/66 607/459/307 600/454/303
f 600/454/303 605/458/68 610/460/66
f 602/456/300 611/461/309 604/457/305
f 609/445/124 612/436/124 603/447/289
f 613/462/310 607/459/307 610/460/66
f 602/456/300 607/459/307 614/463/311
f 614/463/311 611/461/309 602/456/300
f 615/464/312 609/445/124 606/448/306
f 613/462/310 616/465/310 607/459/307
f 607/459/307 616/465/310 614/463/311
f 614/463/311 617/466/313 611/461/309
f 615/464/312 618/467/314 609/445/124
f 613/462/310 610/460/66 619/468/90
f 616/465/310 617/466/313 614/463/311
f 620/469/315 618/467/314 615/464/312
f 619/468/90 616/465/310 613/462/310
f 606/448/306 620/469/315 615/464/312
f 617/466/313 616/465/310 621/470/316
f 622/471/317 618/467/314 620/469/315
f 621/470/316 616/465/310 619/468/90
f 606/448/306 623/472/318 620/469/315
f 617/466/313 624/463/319 611/461/309
f 621/470/316 625/465/320 617/466/313
f 619/468/90 610/460/66 626/473/321
f 620/469/315 623/472/318 627/474/322
f 625/465/320 624/463/319 617/466/313
f 627/474/322 622/471/317 620/469/315
f 626/473/321 610/460/66 628/475/107
f 625/465/320 629/459/323 624/463/319
f 627/474/322 623/472/318 630/469/324
f 631/476/58 622/471/317 627/474/322
f 628/475/107 610/460/66 605/458/68
f 629/459/323 632/456/325 624/463/319
f 631/476/58 627/474/322 633/471/326
f 633/471/326 627/474/322 630/469/324
f 628/475/107 605/458/68 557/427/284
f 634/454/327 632/456/325 629/459/323
f 635/477/58 631/476/58 633/471/326
f 630/469/324 623/472/318 591/448/298
f 634/454/327 636/450/325 632/456/325
f 637/478/58 631/476/58 635/477/58
f 630/469/324 591/448/298 638/464/328
f 639/453/329 636/450/325 634/454/327
f 587/446/58 637/478/58 635/477/58
f 638/464/328 640/467/330 630/469/324
f 640/467/330 635/477/58 633/471/326
f 632/456/325 636/450/325 604/457/305
f 593/446/58 637/478/58 587/446/58
f 630/469/324 640/467/330 633/471/326
f 611/461/309 632/456/325 604/457/305
f 593/446/58 641/446/58 637/478/58
f 635/477/58 583/442/293 587/446/58
f 583/442/293 635/477/58 640/467/330
f 624/463/319 632/456/325 611/461/309
f 593/446/58 642/449/331 641/446/58
f 640/467/330 586/445/272 583/442/293
f 637/478/58 641/446/58 643/477/58
f 604/457/305 636/450/325 608/450/308
f 636/450/325 642/449/331 608/450/308
f 638/464/328 586/445/272 640/467/330
f 642/449/331 644/444/331 641/446/58
f 637/478/58 643/477/58 631/476/58
f 636/450/325 644/444/331 642/449/331
f 591/448/298 586/445/272 638/464/328
f 641/446/58 644/444/331 645/440/331
f 631/476/58 643/477/58 622/471/317
f 608/450/308 642/449/331 646/449/58
f 643/477/58 641/446/58 647/442/332
f 647/442/332 641/446/58 645/440/331
f 639/453/329 644/444/331 636/450/325
f 646/449/58 642/449/331 593/446/58
f 618/467/314 643/477/58 647/442/332
f 622/471/317 643/477/58 618/467/314
f 644/444/331 648/438/333 645/440/331
f 639/453/329 648/438/333 644/444/331
f 646/449/58 593/446/58 592/449/295
f 592/449/295 608/450/308 646/449/58
f 609/445/124 618/467/314 647/442/332
f 645/440/331 648/438/333 612/436/124
f 595/450/300 608/450/308 592/449/295
f 609/445/124 647/442/332 612/436/124
f 649/458/333 648/438/333 639/453/329
f 612/436/124 647/442/332 645/440/331
f 649/458/333 650/427/333 648/438/333
f 634/454/327 649/458/333 639/453/329
f 651/424/334 612/436/124 648/438/333
f 648/438/333 650/427/333 651/424/334
f 652/460/334 649/458/333 634/454/327
f 653/434/294 612/436/124 651/424/334
f 654/475/124 650/427/333 649/458/333
f 649/458/333 652/460/334 654/475/124
f 629/459/323 652/460/334 634/454/327
f 603/447/289 612/436/124 653/434/294
f 651/424/334 650/427/333 655/421/334
f 656/462/335 652/460/334 629/459/323
f 603/447/289 653/434/294 599/451/290
f 651/424/334 655/421/334 657/419/334
f 656/462/335 629/459/323 625/465/320
f 654/475/124 652/460/334 658/473/336
f 653/434/294 651/424/334 659/432/294
f 659/432/294 651/424/334 657/419/334
f 599/451/290 653/434/294 659/432/294
f 660/468/335 656/462/335 625/465/320
f 652/460/334 660/468/335 658/473/336
f 657/419/334 655/421/334 661/416/334
f 659/432/294 657/419/334 662/428/294
f 656/462/335 660/468/335 652/460/334
f 660/468/335 625/465/320 621/470/316
f 657/419/334 661/416/334 663/410/334
f 662/428/294 657/419/334 663/410/334
f 599/451/290 659/432/294 594/425/299
f 594/425/299 659/432/294 662/428/294
f 663/410/334 661/416/334 664/413/334
f 594/425/299 662/428/294 578/403/290
f 663/410/334 664/413/334 665/407/334
f 662/428/294 663/410/334 666/405/294
f 578/403/290 662/428/294 666/405/294
f 666/405/294 663/410/334 665/407/334
f 665/407/334 664/413/334 667/479/334
f 578/403/290 666/405/294 581/402/294
f 666/405/294 665/407/334 581/402/294
f 665/407/334 667/479/334 668/480/334
f 581/402/294 665/407/334 668/480/334
f 668/480/334 667/479/334 669/481/334
f 537/407/66 532/402/75 670/480/66
f 537/407/66 670/480/66 671/479/66
f 543/413/66 537/407/66 671/479/66
f 671/479/66 670/480/66 672/481/66
f 563/430/272 673/482/107 569/433/272
f 673/482/107 563/430/272 674/483/337
f 569/433/272 673/482/107 582/441/272
f 674/483/337 563/430/272 560/429/286
f 673/482/107 675/484/338 582/441/272
f 560/429/286 556/426/283 674/483/337
f 674/483/337 676/485/339 673/482/107
f 673/482/107 676/485/339 675/484/338
f 582/441/272 675/484/338 677/486/340
f 674/483/337 556/426/283 678/487/341
f 678/487/341 676/485/339 674/483/337
f 584/443/248 582/441/272 677/486/340
f 675/484/338 679/488/338 677/486/340
f 556/426/283 562/429/288 678/487/341
f 680/489/342 676/485/339 678/487/341
f 677/486/340 681/490/248 584/443/248
f 677/486/340 679/488/338 682/491/343
f 678/487/341 562/429/288 683/483/344
f 683/483/344 680/489/342 678/487/341
f 682/491/343 681/490/248 677/486/340
f 680/489/342 684/492/345 676/485/339
f 562/429/288 685/430/290 683/483/344
f 679/488/338 675/484/338 686/493/346
f 687/485/347 680/489/342 683/483/344
f 676/485/339 684/492/345 686/493/346
f 683/483/344 685/430/290 688/482/124
f 686/493/346 675/484/338 676/485/339
f 688/482/124 687/485/347 683/483/344
f 687/485/347 689/493/348 680/489/342
f 680/489/342 689/493/348 684/492/345
f 685/430/290 690/433/290 688/482/124
f 562/429/288 564/412/289 685/430/290
f 687/485/347 691/484/349 689/493/348
f 691/484/349 687/485/347 688/482/124
f 690/433/290 685/430/290 692/431/290
f 692/431/290 685/430/290 564/412/289
f 689/493/348 691/484/349 693/488/350
f 688/482/124 690/433/290 694/441/124
f 564/412/289 568/409/289 692/431/290
f 688/482/124 694/441/124 691/484/349
f 695/486/350 693/488/350 691/484/349
f 692/431/290 696/435/248 690/433/290
f 691/484/349 694/441/124 695/486/350
f 697/491/349 693/488/350 695/486/350
f 698/437/248 696/435/248 692/431/290
f 696/435/248 699/439/248 690/433/290
f 690/433/290 699/439/248 694/441/124
f 697/491/349 695/486/350 700/490/292
f 699/439/248 701/443/248 694/441/124
f 700/490/292 695/486/350 701/443/248
f 694/441/124 701/443/248 695/486/350
f 702/494/351 703/495/95 704/496/92
f 702/494/351 705/497/163 703/495/95
f 704/496/92 703/495/95 706/498/162
f 707/499/352 705/497/163 702/494/351
f 708/500/82 706/498/162 703/495/95
f 705/497/163 707/499/352 709/501/353
f 710/502/88 706/498/162 708/500/82
f 705/497/163 711/503/163 703/495/95
f 703/495/95 711/503/163 708/500/82
f 709/501/353 707/499/352 712/504/354
f 713/505/82 710/502/88 708/500/82
f 711/503/163 705/497/163 714/506/353
f 714/506/353 705/497/163 709/501/353
f 715/507/88 710/502/88 713/505/82
f 711/503/163 716/508/163 708/500/82
f 717/509/355 711/503/163 714/506/353
f 708/500/82 716/508/163 713/505/82
f 716/508/163 711/503/163 717/509/355
f 713/505/82 718/510/82 715/507/88
f 719/511/356 713/505/82 716/508/163
f 718/510/82 713/505/82 719/511/356
f 715/507/88 718/510/82 720/512/88
f 721/513/357 716/508/163 717/509/355
f 719/511/356 716/508/163 721/513/357
f 722/514/358 723/515/354 724/516/359
f 724/516/359 723/515/354 725/517/359
f 725/517/359 726/518/360 724/516/359
f 725/517/359 723/515/354 727/519/359
f 724/516/359 726/518/360 728/520/353
f 727/519/359 729/521/360 725/517/359
f 725/517/359 729/521/360 726/518/360
f 727/519/359 723/515/354 730/522/361
f 726/518/360 731/523/362 728/520/353
f 727/519/359 732/524/363 729/521/360
f 730/522/361 733/525/364 727/519/359
f 729/521/360 734/526/362 726/518/360
f 726/518/360 734/526/362 731/523/362
f 728/520/353 731/523/362 735/527/355
f 736/528/365 732/524/363 727/519/359
f 727/519/359 733/525/364 736/528/365
f 732/524/363 737/529/366 729/521/360
f 729/521/360 737/529/366 734/526/362
f 731/523/362 738/530/367 735/527/355
f 733/525/364 739/531/368 736/528/365
f 732/524/363 740/532/369 737/529/366
f 734/526/362 741/533/370 731/523/362
f 731/523/362 741/533/370 738/530/367
f 736/528/365 739/531/368 742/534/369
f 732/524/363 742/534/369 740/532/369
f 737/529/366 743/535/371 734/526/362
f 734/526/362 743/535/371 741/533/370
f 736/528/365 742/534/369 732/524/363
f 735/527/355 738/530/367 744/536/367
f 737/529/366 740/532/369 745/537/372
f 745/537/372 743/535/371 737/529/366
f 743/535/371 746/538/373 741/533/370
f 738/530/367 747/539/367 744/536/367
f 748/540/374 743/535/371 745/537/372
f 743/535/371 748/540/374 746/538/373
f 741/533/370 746/538/373 749/541/375
f 741/533/370 749/541/375 738/530/367
f 738/530/367 749/541/375 747/539/367
f 744/536/367 747/539/367 750/542/357
f 746/538/373 748/540/374 751/543/376
f 752/544/377 753/545/378 754/546/377
f 754/546/377 755/547/379 752/544/377
f 754/546/377 753/545/378 756/548/259
f 752/544/377 755/547/379 757/549/379
f 753/545/378 758/550/380 756/548/259
f 752/544/377 757/549/379 759/551/381
f 760/552/382 757/549/379 755/547/379
f 761/553/262 758/550/380 753/545/378
f 753/545/378 752/544/377 762/554/383
f 762/554/383 752/544/377 759/551/381
f 763/555/384 757/549/379 760/552/382
f 753/545/378 762/554/383 761/553/262
f 759/551/381 757/549/379 764/556/381
f 757/549/379 763/555/384 764/556/381
f 765/557/385 763/555/384 760/552/382
f 761/553/262 762/554/383 766/558/248
f 759/551/381 764/556/381 767/559/386
f 768/560/385 763/555/384 765/557/385
f 766/558/248 762/554/383 769/561/252
f 759/551/381 767/559/386 770/562/381
f 763/555/384 768/560/385 771/563/387
f 764/556/381 763/555/384 771/563/387
f 769/561/252 762/554/383 770/562/381
f 759/551/381 770/562/381 762/554/383
f 770/562/381 767/559/386 772/564/388
f 771/563/387 773/565/381 764/556/381
f 769/561/252 770/562/381 774/566/389
f 771/563/387 768/560/385 775/567/381
f 774/566/389 770/562/381 772/564/388
f 767/559/386 764/556/381 773/565/381
f 776/568/381 773/565/381 771/563/387
f 775/567/381 776/568/381 771/563/387
f 777/569/390 774/566/389 772/564/388
f 773/565/381 778/556/381 767/559/386
f 779/570/386 776/568/381 775/567/381
f 780/571/391 774/566/389 777/569/390
f 776/568/381 781/563/392 773/565/381
f 773/565/381 781/563/392 778/556/381
f 782/572/393 779/570/386 775/567/381
f 782/572/393 775/567/381 768/560/385
f 777/569/390 783/573/248 780/571/391
f 781/563/392 776/568/381 784/567/381
f 784/567/381 776/568/381 779/570/386
f 785/574/394 779/570/386 782/572/393
f 786/575/390 783/573/248 777/569/390
f 781/563/392 787/555/395 778/556/381
f 785/574/394 782/572/393 788/576/396
f 786/575/390 789/577/248 783/573/248
f 784/567/381 790/560/397 781/563/392
f 781/563/392 790/560/397 787/555/395
f 788/576/396 782/572/393 791/578/398
f 792/579/399 789/577/248 786/575/390
f 792/579/399 786/575/390 777/569/390
f 793/557/395 787/555/395 790/560/397
f 768/560/385 791/578/398 782/572/393
f 792/579/399 794/580/400 789/577/248
f 795/552/401 787/555/395 793/557/395
f 765/557/385 791/578/398 768/560/385
f 772/564/388 792/579/399 777/569/390
f 787/555/395 795/552/401 796/549/402
f 793/557/395 790/560/397 797/578/403
f 772/564/388 767/559/386 792/579/399
f 794/580/400 792/579/399 767/559/386
f 796/549/402 795/552/401 798/547/402
f 797/578/403 790/560/397 799/572/404
f 794/580/400 767/559/386 800/579/405
f 778/556/381 787/555/395 796/549/402
f 797/578/403 799/572/404 788/576/396
f 801/577/248 794/580/400 800/579/405
f 767/559/386 778/556/381 802/551/381
f 796/549/402 802/551/381 778/556/381
f 788/576/396 799/572/404 785/574/394
f 803/581/248 794/580/400 801/577/248
f 798/547/402 804/544/402 796/549/402
f 804/544/402 802/551/381 796/549/402
f 785/574/394 799/572/404 779/570/386
f 789/577/248 794/580/400 803/581/248
f 805/546/402 804/544/402 798/547/402
f 802/551/381 804/544/402 806/554/383
f 779/570/386 799/572/404 784/567/381
f 800/579/405 807/575/406 801/577/248
f 802/551/381 806/554/383 808/562/381
f 805/546/402 809/545/407 804/544/402
f 799/572/404 790/560/397 784/567/381
f 802/551/381 808/562/381 767/559/386
f 806/554/383 804/544/402 809/545/407
f 810/548/408 809/545/407 805/546/402
f 801/577/248 807/575/406 811/573/248
f 767/559/386 808/562/381 812/564/406
f 767/559/386 812/564/406 800/579/405
f 810/548/408 813/550/5 809/545/407
f 807/575/406 814/569/405 811/573/248
f 806/554/383 815/561/409 808/562/381
f 812/564/406 814/569/405 800/579/405
f 809/545/407 813/550/5 816/553/410
f 809/545/407 816/553/410 806/554/383
f 814/569/405 807/575/406 800/579/405
f 815/561/409 817/566/411 808/562/381
f 808/562/381 817/566/411 812/564/406
f 806/554/383 816/553/410 818/558/409
f 812/564/406 817/566/411 814/569/405
f 811/573/248 814/569/405 819/571/411
f 818/558/409 815/561/409 806/554/383
f 814/569/405 817/566/411 819/571/411
f 820/582/58 821/583/58 822/584/58
f 820/582/58 823/585/58 821/583/58
f 822/584/58 821/583/58 824/586/58
f 825/587/58 823/585/58 820/582/58
f 824/586/58 826/588/58 822/584/58
f 823/585/58 827/589/58 821/583/58
f 828/590/58 825/587/58 820/582/58
f 829/591/58 826/588/58 824/586/58
f 822/584/58 830/592/58 820/582/58
f 821/583/58 827/589/58 831/593/58
f 820/582/58 830/592/58 828/590/58
f 822/584/58 826/588/58 832/594/58
f 821/583/58 831/593/58 824/586/58
f 827/589/58 833/595/58 831/593/58
f 830/592/58 834/596/412 828/590/58
f 822/584/58 832/594/58 835/597/58
f 824/586/58 831/593/58 836/598/58
f 836/598/58 829/591/58 824/586/58
f 837/599/413 834/596/412 830/592/58
f 826/588/58 838/600/414 832/594/58
f 839/601/58 829/591/58 836/598/58
f 837/599/413 840/602/415 834/596/412
f 841/603/416 838/600/414 826/588/58
f 829/591/58 839/601/58 842/604/417
f 843/605/418 840/602/415 837/599/413
f 826/588/58 829/591/58 841/603/416
f 838/600/414 841/603/416 844/606/419
f 841/603/416 829/591/58 842/604/417
f 845/607/420 843/605/418 837/599/413
f 846/608/415 834/596/412 840/602/415
f 844/606/419 841/603/416 847/606/421
f 848/609/422 843/605/418 845/607/420
f 849/610/423 834/596/412 846/608/415
f 850/606/424 838/600/414 844/606/419
f 850/606/424 848/609/422 851/611/425
f 851/611/425 848/609/422 845/607/420
f 852/612/58 834/596/412 849/610/423
f 851/611/425 838/600/414 850/606/424
f 845/607/420 837/599/413 853/613/58
f 828/590/58 834/596/412 852/612/58
f 838/600/414 851/611/425 854/614/97
f 851/611/425 845/607/420 835/597/58
f 835/597/58 845/607/420 853/613/58
f 852/612/58 825/587/58 828/590/58
f 853/613/58 837/599/413 830/592/58
f 854/614/97 851/611/425 855/614/97
f 856/615/58 825/587/58 852/612/58
f 822/584/58 853/613/58 830/592/58
f 822/584/58 835/597/58 853/613/58
f 557/427/284 605/458/68 576/438/284
f 554/424/66 557/427/284 576/438/284
f 598/453/302 576/438/284 605/458/68
f 585/444/295 576/438/284 598/453/302
f 857/616/58 858/617/58 859/618/58
f 860/619/58 857/616/58 859/618/58
f 859/618/58 858/617/58 861/620/58
f 862/619/426 857/616/58 860/619/58
f 863/621/427 860/619/58 859/618/58
f 858/617/58 864/622/58 861/620/58
f 862/619/426 865/619/58 857/616/58
f 866/623/428 860/619/58 863/621/427
f 857/616/58 867/617/58 858/617/58
f 861/620/58 868/624/429 859/618/58
f 860/619/58 866/623/428 869/625/430
f 859/618/58 868/624/429 863/621/427
f 870/616/58 867/617/58 857/616/58
f 857/616/58 865/619/58 870/616/58
f 866/623/428 871/626/431 869/625/430
f 872/627/97 868/624/429 861/620/58
f 858/617/58 867/617/58 873/628/432
f 865/619/58 874/616/58 870/616/58
f 875/629/429 868/624/429 872/627/97
f 858/617/58 873/628/432 864/622/58
f 870/616/58 874/616/58 867/617/58
f 872/627/97 876/630/97 875/629/429
f 877/619/433 874/616/58 865/619/58
f 864/622/58 873/628/432 878/631/426
f 873/628/432 867/617/58 879/628/58
f 875/629/429 876/630/97 880/632/434
f 877/619/433 865/619/58 881/633/435
f 882/634/436 873/628/432 879/628/58
f 867/617/58 874/616/58 883/617/58
f 877/619/433 884/619/58 874/616/58
f 877/619/433 881/633/435 884/619/58
f 885/634/437 873/628/432 882/634/436
f 883/617/58 886/628/426 867/617/58
f 867/617/58 886/628/426 879/628/58
f 884/619/58 881/633/435 887/625/438
f 888/635/439 873/628/432 885/634/437
f 886/628/426 882/634/436 879/628/58
f 874/616/58 884/619/58 889/618/58
f 874/616/58 889/618/58 883/617/58
f 878/631/426 873/628/432 888/635/439
f 885/634/437 882/634/436 890/636/440
f 884/619/58 891/621/441 889/618/58
f 883/617/58 892/631/58 886/628/426
f 885/634/437 890/636/440 888/635/439
f 893/623/441 891/621/441 884/619/58
f 884/619/58 887/625/438 893/623/441
f 894/622/58 892/631/58 883/617/58
f 890/636/440 882/634/436 895/636/442
f 888/635/439 890/636/440 896/637/443
f 893/623/441 887/625/438 897/626/411
f 889/618/58 898/620/58 883/617/58
f 894/622/58 883/617/58 898/620/58
f 882/634/436 899/636/444 895/636/442
f 897/626/411 887/625/438 900/638/429
f 898/620/58 889/618/58 901/624/429
f 902/634/445 899/636/444 882/634/436
f 898/620/58 901/624/429 903/627/426
f 901/624/429 889/618/58 891/621/441
f 902/634/445 904/637/446 899/636/444
f 902/634/445 882/634/436 886/628/426
f 903/627/426 901/624/429 905/629/447
f 906/635/448 904/637/446 902/634/445
f 886/628/426 892/631/58 902/634/445
f 902/634/445 892/631/58 906/635/448
f 905/629/447 907/630/58 903/627/426
f 908/632/449 907/630/58 905/629/447
f 907/630/58 908/632/449 909/639/58
f 909/639/58 908/632/449 910/640/450
f 910/640/450 911/641/451 909/639/58
f 909/639/58 911/641/451 912/642/58
f 912/642/58 911/641/451 913/643/451
f 912/642/58 913/643/451 914/644/58
f 914/644/58 913/643/451 915/645/452
f 916/646/453 914/644/58 915/645/452
f 917/647/58 914/644/58 916/646/453
f 917/647/58 916/646/453 918/648/58
f 918/648/58 916/646/453 919/649/454
f 918/648/58 919/649/454 920/650/58
f 920/650/58 919/649/454 921/651/455
f 920/650/58 921/651/455 922/652/58
f 922/652/58 921/651/455 923/653/456
f 924/654/456 922/652/58 923/653/456
f 925/655/426 922/652/58 924/654/456
f 926/656/457 925/655/426 924/654/456
f 927/657/458 925/655/426 926/656/457
f 928/658/459 927/657/458 926/656/457
f 929/659/58 927/657/458 928/658/459
f 929/659/58 928/658/459 930/660/460
f 930/660/460 928/658/459 931/661/461
f 932/662/194 930/660/460 931/661/461
f 933/663/462 930/660/460 932/662/194
f 932/662/194 934/664/463 933/663/462
f 934/664/463 932/662/194 935/665/464
f 934/664/463 936/666/197 933/663/462
f 935/665/464 932/662/194 937/667/465
f 935/665/464 938/668/197 934/664/463
f 934/664/463 938/668/197 936/666/197
f 933/663/462 936/666/197 939/669/466
f 938/668/197 940/670/175 936/666/197
f 936/666/197 941/671/175 939/669/466
f 936/666/197 940/670/175 941/671/175
f 939/669/466 941/671/175 942/672/467
f 940/670/175 943/673/468 941/671/175
f 942/672/467 941/671/175 944/674/469
f 941/671/175 943/673/468 945/675/468
f 944/674/469 941/671/175 945/675/468
f 945/675/468 943/673/468 946/671/470
f 946/671/470 947/674/471 945/675/468
f 946/671/470 943/673/468 948/670/163
f 949/672/472 947/674/471 946/671/470
f 948/670/163 950/666/193 946/671/470
f 946/671/470 951/669/473 949/672/472
f 950/666/193 951/669/473 946/671/470
f 952/668/193 950/666/193 948/670/163
f 950/666/193 953/663/474 951/669/473
f 952/668/193 954/664/475 950/666/193
f 954/664/475 953/663/474 950/666/193
f 955/665/192 954/664/475 952/668/193
f 956/662/468 953/663/474 954/664/475
f 955/665/192 956/662/468 954/664/475
f 953/663/474 956/662/468 957/660/476
f 958/667/465 956/662/468 955/665/192
f 957/660/476 956/662/468 959/661/470
f 959/661/470 960/658/470 957/660/476
f 957/660/476 960/658/470 961/659/433
f 961/659/433 960/658/470 962/657/433
f 962/657/433 960/658/470 963/656/477
f 962/657/433 963/656/477 964/655/433
f 964/655/433 963/656/477 965/654/370
f 964/655/433 965/654/370 966/652/433
f 966/652/433 965/654/370 967/653/370
f 967/653/370 968/651/371 966/652/433
f 966/652/433 968/651/371 969/650/58
f 968/651/371 970/649/478 969/650/58
f 969/650/58 970/649/478 971/648/58
f 970/649/478 972/646/479 971/648/58
f 971/648/58 972/646/479 973/647/58
f 973/647/58 972/646/479 974/644/58
f 974/644/58 972/646/479 975/645/480
f 975/645/480 976/643/269 974/644/58
f 974/644/58 976/643/269 977/642/58
f 976/643/269 978/641/269 977/642/58
f 977/642/58 978/641/269 979/639/58
f 980/640/434 979/639/58 978/641/269
f 980/640/434 880/632/434 979/639/58
f 979/639/58 880/632/434 876/630/97
f 981/676/248 982/677/248 983/678/248
f 983/678/248 984/679/481 981/676/248
f 983/678/248 982/677/248 985/680/248
f 986/681/248 984/679/481 983/678/248
f 986/681/248 987/682/482 984/679/481
f 984/679/481 987/682/482 988/683/430
f 987/682/482 989/684/483 988/683/430
f 990/685/484 989/684/483 987/682/482
f 991/686/485 992/687/486 993/688/487
f 993/688/487 992/687/486 994/689/248
f 993/688/487 994/689/248 995/690/248
f 995/690/248 994/689/248 996/691/248
f 997/692/248 998/693/248 999/694/248
f 999/694/248 998/693/248 1000/695/248
f 1000/695/248 1001/696/485 999/694/248
f 998/693/248 1002/694/248 1000/695/248
f 999/694/248 1001/696/485 1003/697/485
f 1004/692/248 1002/694/248 998/693/248
f 1000/695/248 1002/694/248 1005/696/488
f 1001/696/485 1006/698/489 1003/697/485
f 1005/696/488 1002/694/248 1007/697/488
f 1008/699/490 1006/698/489 1001/696/485
f 1008/699/490 1009/700/483 1006/698/489
f 1010/698/491 1005/696/488 1007/697/488
f 1011/699/492 1005/696/488 1010/698/491
f 1011/699/492 1010/698/491 1012/700/483
f 1013/701/493 1014/702/427 1015/703/427
f 1013/701/493 1015/703/427 1016/704/232
f 1015/703/427 1014/702/427 1017/705/427
f 1016/704/232 1015/703/427 1018/706/232
f 1019/707/58 1020/708/58 1021/709/58
f 1022/709/58 1020/708/58 1019/707/58
f 1021/709/58 1020/708/58 1023/710/58
f 1024/710/58 1020/708/58 1022/709/58
f 1025/711/58 1021/709/58 1023/710/58
f 1026/711/58 1024/710/58 1022/709/58
f 1025/711/58 1027/712/58 1021/709/58
f 1022/709/58 1028/712/58 1026/711/58
f 1029/713/58 1027/712/58 1025/711/58
f 1026/711/58 1028/712/58 1030/713/58
f 1029/713/58 1031/714/58 1027/712/58
f 1032/715/58 1031/714/58 1029/713/58
f 1033/714/58 1030/713/58 1028/712/58
f 1034/715/58 1030/713/58 1033/714/58
f 1035/716/494 1036/717/495 1037/718/49
f 1038/719/496 1036/717/495 1035/716/494
f 1037/718/49 1036/717/495 1039/720/49
f 1039/720/49 1040/721/49 1037/718/49
f 1041/722/497 1042/723/497 1043/724/252
f 1041/722/497 1044/725/232 1042/723/497
f 1043/724/252 1042/723/497 1045/726/252
f 1046/727/232 1044/725/232 1041/722/497
f 1047/728/498 1048/729/498 1049/730/391
f 1049/730/391 1048/729/498 1050/731/499
f 1051/732/500 1052/733/259 1053/734/501
f 1054/735/502 1051/732/500 1053/734/501
f 1053/734/501 1052/733/259 1055/736/503
f 1056/737/426 1054/735/502 1053/734/501
f 1057/738/504 1051/732/500 1054/735/502
f 1058/739/380 1055/736/503 1052/733/259
f 1053/734/501 1059/740/58 1056/737/426
f 1054/735/502 1060/741/505 1057/738/504
f 1061/742/256 1055/736/503 1058/739/380
f 1055/736/503 1059/740/58 1053/734/501
f 1062/743/58 1056/737/426 1059/740/58
f 1057/738/504 1060/741/505 1063/744/506
f 1061/742/256 1064/745/2 1055/736/503
f 1065/746/426 1056/737/426 1062/743/58
f 1055/736/503 1064/745/2 1059/740/58
f 1060/741/505 1066/747/507 1063/744/506
f 1065/746/426 1067/748/426 1056/737/426
f 1054/735/502 1067/748/426 1060/741/505
f 1068/749/253 1059/740/58 1064/745/2
f 1062/743/58 1059/740/58 1068/749/253
f 1069/750/426 1067/748/426 1065/746/426
f 1067/748/426 1054/735/502 1056/737/426
f 1060/741/505 1067/748/426 1070/751/103
f 1070/751/103 1066/747/507 1060/741/505
f 1071/752/248 1062/743/58 1068/749/253
f 1067/748/426 1069/750/426 1070/751/103
f 1063/744/506 1066/747/507 1072/753/506
f 1073/754/58 1062/743/58 1071/752/248
f 1070/751/103 1069/750/426 1074/755/458
f 1075/756/508 1072/753/506 1066/747/507
f 1076/757/273 1073/754/58 1071/752/248
f 1077/758/103 1070/751/103 1074/755/458
f 1077/758/103 1075/756/508 1066/747/507
f 1078/759/509 1072/753/506 1075/756/508
f 1073/754/58 1076/757/273 1079/760/433
f 1077/758/103 1066/747/507 1070/751/103
f 1080/761/510 1078/759/509 1075/756/508
f 1074/755/458 1081/762/224 1077/758/103
f 1079/760/433 1076/757/273 1082/763/340
f 1080/761/510 1075/756/508 1081/762/224
f 1083/764/510 1078/759/509 1080/761/510
f 1081/762/224 1075/756/508 1077/758/103
f 1082/763/340 1084/765/58 1079/760/433
f 1080/761/510 1085/759/511 1083/764/510
f 1086/766/458 1081/762/224 1074/755/458
f 1087/767/512 1084/765/58 1082/763/340
f 1088/756/513 1085/759/511 1080/761/510
f 1086/766/458 1089/755/458 1081/762/224
f 1084/765/58 1087/767/512 1090/768/58
f 1080/761/510 1081/762/224 1088/756/513
f 1085/759/511 1088/756/513 1091/753/514
f 1081/762/224 1089/755/458 1092/758/458
f 1090/768/58 1087/767/512 1093/769/515
f 1088/756/513 1081/762/224 1092/758/458
f 1091/753/514 1088/756/513 1094/747/516
f 1092/758/458 1089/755/458 1095/751/119
f 1096/767/348 1090/768/58 1093/769/515
f 1091/753/514 1094/747/516 1097/744/517
f 1092/758/458 1095/751/119 1094/747/516
f 1092/758/458 1094/747/516 1088/756/513
f 1098/765/58 1090/768/58 1096/767/348
f 1089/755/458 1099/750/433 1095/751/119
f 1097/744/517 1094/747/516 1100/741/518
f 1101/763/291 1098/765/58 1096/767/348
f 1094/747/516 1095/751/119 1100/741/518
f 1095/751/119 1099/750/433 1102/748/433
f 1097/744/517 1100/741/518 1103/738/519
f 1104/760/426 1098/765/58 1101/763/291
f 1102/748/433 1100/741/518 1095/751/119
f 1105/746/433 1102/748/433 1099/750/433
f 1103/738/519 1100/741/518 1106/735/520
f 1107/757/349 1104/760/426 1101/763/291
f 1108/737/433 1102/748/433 1105/746/433
f 1103/738/519 1106/735/520 1109/732/521
f 1106/735/520 1100/741/518 1102/748/433
f 1110/754/58 1104/760/426 1107/757/349
f 1108/737/433 1106/735/520 1102/748/433
f 1105/746/433 1111/743/58 1108/737/433
f 1109/732/521 1106/735/520 1112/734/522
f 1113/752/248 1111/743/58 1110/754/58
f 1107/757/349 1113/752/248 1110/754/58
f 1112/734/522 1106/735/520 1108/737/433
f 1112/734/522 1114/733/408 1109/732/521
f 1108/737/433 1111/743/58 1115/740/58
f 1116/749/523 1111/743/58 1113/752/248
f 1115/740/58 1112/734/522 1108/737/433
f 1116/749/523 1115/740/58 1111/743/58
f 1117/736/524 1114/733/408 1112/734/522
f 1117/736/524 1112/734/522 1115/740/58
f 1118/745/6 1115/740/58 1116/749/523
f 1118/745/6 1117/736/524 1115/740/58
f 1117/736/524 1119/739/525 1114/733/408
f 1120/742/526 1117/736/524 1118/745/6
f 1120/742/526 1119/739/525 1117/736/524
f 1121/770/379 1122/771/259 1123/772/527
f 1123/772/527 1124/773/528 1121/770/379
f 1123/772/527 1122/771/259 1125/774/259
f 1121/770/379 1124/773/528 1126/775/379
f 1124/773/528 1127/776/529 1126/775/379
f 1126/775/379 1127/776/529 1128/777/382
f 1127/776/529 1129/778/506 1128/777/382
f 1128/777/382 1129/778/506 1130/779/530
f 1131/780/509 1130/779/530 1129/778/506
f 1132/781/398 1130/779/530 1131/780/509
f 1133/782/531 1132/781/398 1131/780/509
f 1134/783/248 1132/781/398 1133/782/531
f 1133/782/531 1135/781/403 1134/783/248
f 1136/780/511 1135/781/403 1133/782/531
f 1135/781/403 1136/780/511 1137/779/395
f 1137/779/395 1136/780/511 1138/778/514
f 1137/779/395 1138/778/514 1139/777/401
f 1139/777/401 1138/778/514 1140/776/517
f 1139/777/401 1140/776/517 1141/775/402
f 1141/775/402 1140/776/517 1142/773/519
f 1142/773/519 1143/770/402 1141/775/402
f 1144/772/521 1143/770/402 1142/773/519
f 1144/772/521 1145/771/408 1143/770/402
f 1146/774/408 1145/771/408 1144/772/521
f 1147/784/58 1148/785/426 1149/786/473
f 1150/787/58 1148/785/426 1147/784/58
f 1149/786/473 1148/785/426 1151/788/476
f 1152/789/58 1150/787/58 1147/784/58
f 1151/788/476 1148/785/426 1153/790/532
f 1152/789/58 1154/791/533 1150/787/58
f 1153/790/532 1148/785/426 1155/792/534
f 1149/786/535 1156/793/536 1157/794/537
f 1150/787/58 1154/791/533 1158/795/538
f 1153/790/532 1155/792/534 1159/796/539
f 1155/792/534 1148/785/426 1158/795/538
f 1160/797/476 1156/793/536 1149/786/535
f 1158/795/538 1148/785/426 1150/787/58
f 1161/798/540 1158/795/538 1154/791/533
f 1159/796/539 1155/792/534 1162/799/541
f 1163/800/542 1164/801/543 1160/797/544
f 1165/802/545 1158/795/538 1161/798/540
f 1162/799/541 1155/792/534 1165/802/545
f 1165/802/545 1155/792/534 1158/795/538
f 1166/803/546 1164/801/543 1163/800/542
f 1160/797/544 1167/804/547 1163/800/542
f 1160/797/544 1164/801/543 1168/805/476
f 1169/806/532 1167/804/547 1160/797/544
f 1169/806/532 1170/807/548 1167/804/547
f 1171/808/549 1170/807/548 1169/806/532
f 1172/807/550 1173/806/551 1167/804/552
f 1174/808/553 1173/806/551 1172/807/550
f 1173/806/551 1175/797/554 1167/804/552
f 1167/804/552 1175/797/554 1176/800/555
f 1175/797/554 1177/801/556 1176/800/555
f 1175/797/554 1178/805/460 1177/801/556
f 1176/800/555 1177/801/556 1179/803/555
f 1175/797/460 1180/786/557 1181/793/558
f 1180/786/557 1182/794/559 1181/793/558
f 1183/788/460 1184/785/433 1180/786/466
f 1185/790/560 1184/785/433 1183/788/460
f 1180/786/466 1184/785/433 1186/784/58
f 1187/792/561 1184/785/433 1185/790/560
f 1188/787/58 1186/784/58 1184/785/433
f 1185/790/560 1189/796/562 1187/792/561
f 1190/789/58 1186/784/58 1188/787/58
f 1187/792/561 1191/795/563 1184/785/433
f 1184/785/433 1191/795/563 1188/787/58
f 1187/792/561 1189/796/562 1192/799/564
f 1190/789/58 1188/787/58 1193/791/565
f 1193/791/565 1188/787/58 1191/795/563
f 1192/799/564 1194/802/566 1187/792/561
f 1187/792/561 1194/802/566 1191/795/563
f 1191/795/563 1195/798/567 1193/791/565
f 1194/802/566 1195/798/567 1191/795/563
f 1196/809/58 1197/810/103 1198/811/58
f 1196/809/58 1199/812/412 1197/810/103
f 1198/811/58 1197/810/103 1200/813/58
f 1197/810/103 1199/812/412 1201/810/568
f 1197/810/103 1202/814/58 1200/813/58
f 1197/810/103 1201/810/568 1202/814/58
f 1201/810/568 1199/812/412 1203/815/415
f 1200/813/58 1202/814/58 1204/816/58
f 1202/814/58 1201/810/568 1205/817/569
f 1203/815/415 1205/817/569 1201/810/568
f 1203/815/415 1199/812/412 1206/818/415
f 1202/814/58 1207/819/58 1204/816/58
f 1202/814/58 1205/817/569 1207/819/58
f 1208/820/415 1205/817/569 1203/815/415
f 1204/816/58 1207/819/58 1209/821/58
f 1208/820/415 1210/822/570 1205/817/569
f 1207/819/58 1205/817/569 1210/822/570
f 1207/819/58 1211/823/58 1209/821/58
f 1212/824/415 1210/822/570 1208/820/415
f 1213/825/58 1211/823/58 1207/819/58
f 1207/819/58 1210/822/570 1213/825/58
f 1210/822/570 1212/824/415 1214/826/571
f 1213/825/58 1210/822/570 1214/826/571
f 1211/823/58 1213/825/58 1215/827/58
f 1213/825/58 1214/826/571 1215/827/58
f 1214/826/571 1212/824/415 1216/828/572
f 1215/827/58 1217/829/58 1211/823/58
f 1216/828/572 1218/830/573 1214/826/571
f 1215/827/58 1214/826/571 1218/830/573
f 1219/831/58 1217/829/58 1215/827/58
f 1218/830/573 1219/831/58 1215/827/58
f 1220/832/574 1218/830/573 1216/828/572
f 1221/833/575 1219/831/58 1218/830/573
f 1220/832/574 1221/833/575 1218/830/573
f 1222/834/576 1221/833/575 1220/832/574
f 319/237/172 330/245/179 1223/270/172
f 319/237/172 1223/270/172 329/244/178
f 329/244/178 1223/270/172 1224/265/178
f 329/244/178 1224/265/178 335/248/183
f 332/246/181 342/253/185 354/260/185
f 332/246/181 354/260/185 336/249/163
f 336/249/163 354/260/185 344/254/163
f 339/251/181 1225/263/164 342/253/185
f 345/255/164 1225/263/164 339/251/181
f 1226/266/88 342/253/185 1225/263/164
f 357/261/189 342/253/185 1226/266/88
f 1227/267/577 357/261/189 1226/266/88
f 364/264/193 357/261/189 1227/267/577
f 1228/835/465 1229/836/465 1230/837/194
f 1230/837/194 1229/836/465 1231/838/194
f 1231/838/194 1232/839/470 1230/837/194
f 1233/840/470 1232/839/470 1231/838/194
f 1232/839/470 1233/840/470 1234/841/357
f 1234/841/357 1233/840/470 1235/842/367
f 1236/843/448 1237/844/578 1238/845/579
f 1236/843/448 1239/846/97 1237/844/578
f 1238/845/579 1237/844/578 1240/847/580
f 1237/844/578 1239/846/97 1241/848/581
f 1238/845/579 1242/849/582 1236/843/448
f 1243/850/583 1242/849/582 1238/845/579
f 1243/850/583 1244/851/584 1242/849/582
f 1245/852/583 1244/851/584 1243/850/583
f 1244/851/584 1245/852/583 1246/853/416
f 1246/853/416 1245/852/583 1247/854/585
f 1248/855/58 1249/856/58 1250/857/58
f 1248/855/58 1251/858/458 1249/856/58
f 1250/857/58 1249/856/58 1252/859/58
f 1253/860/58 1251/858/458 1248/855/58
f 1251/858/458 839/601/58 1249/856/58
f 836/598/58 1252/859/58 1249/856/58
f 1249/856/58 839/601/58 836/598/58
f 1254/861/448 839/601/58 1251/858/458
f 831/593/58 1252/859/58 836/598/58
f 1255/862/586 839/601/58 1254/861/448
f 842/604/417 839/601/58 1255/862/586
f 1252/859/58 831/593/58 1256/863/58
f 831/593/58 833/595/58 1256/863/58
f 1257/864/263 1258/865/587 1259/866/263
f 1257/864/263 1260/867/38 1258/865/587
f 1259/866/263 1258/865/587 1261/868/588
f 1258/865/587 1260/867/38 1262/869/429
f 1263/870/468 1264/871/174 1265/872/88
f 1263/870/468 1266/873/589 1264/871/174
f 1265/872/88 1264/871/174 1267/874/174
f 1268/875/590 1266/873/589 1263/870/468
f 1269/876/166 1265/872/88 1267/874/174
f 1270/877/426 1265/872/88 1269/876/166
f 1266/873/589 1268/875/590 1271/878/178
f 1271/878/178 1268/875/590 1272/879/91
f 1271/878/178 1272/879/91 1273/880/591
f 1273/880/591 1272/879/91 1274/881/592
f 1275/882/593 1276/883/62 1277/884/260
f 1277/884/260 1278/885/594 1275/882/593
f 1277/884/260 1276/883/62 1279/886/245
f 1275/882/593 1278/885/594 1280/887/595
f 1278/885/594 1281/888/255 1280/887/595
f 1280/887/595 1281/888/255 1282/889/596
f 1281/888/255 1283/890/597 1282/889/596
f 1282/889/596 1283/890/597 1284/891/2
f 1285/892/261 1286/893/248 1287/894/598
f 1287/894/598 1286/893/248 1288/895/429
f 1289/896/599 1290/897/252 1291/898/600
f 1291/898/600 1290/897/252 1292/899/49
f 1293/900/601 1294/901/252 1289/896/599
f 1289/896/599 1294/901/252 1295/902/2
f 1291/898/602 1296/903/49 1297/904/374
f 1297/904/374 1296/903/49 1298/905/603
f 1299/906/2 1293/900/599 1300/907/2
f 1300/907/2 1293/900/599 1301/908/73
f 1302/909/603 1303/910/374 1297/904/374
f 1304/911/603 1303/910/374 1302/909/603
f 1305/912/391 1306/913/391 1307/914/604
f 1307/914/604 1306/913/391 1308/915/248
f 869/625/430 871/626/431 1309/638/248
f 1310/633/435 860/619/58 869/625/430
f 862/619/426 860/619/58 1310/633/435
f 862/619/426 1310/633/435 865/619/58
f 865/619/58 1310/633/435 1311/633/38
f 881/633/435 865/619/58 1312/633/492
f 1313/916/232 1314/917/605 1315/918/606
f 1315/918/606 1314/917/605 1316/919/391
f 1317/920/433 1318/921/245 1319/922/64
f 1318/921/245 1317/920/433 1320/923/607
f 1319/922/64 1318/921/245 1321/924/245
f 1320/923/607 1317/920/433 1322/925/433
f 1322/925/433 1323/926/608 1320/923/607
f 1324/927/58 1323/926/608 1322/925/433
f 1325/928/426 1323/926/608 1324/927/58
f 1326/929/242 1323/926/608 1325/928/426
f 1327/930/275 1328/931/609 1329/932/52
f 1329/932/52 1330/933/47 1327/930/275
f 1331/934/610 1328/931/609 1327/930/275
f 1327/930/275 1330/933/47 1332/935/275
f 1333/936/243 1328/931/609 1331/934/610
f 1333/936/243 1331/934/610 1334/937/248
f 1330/933/47 1335/938/611 1332/935/275
f 1332/935/275 1335/938/611 1336/939/66
f 1335/938/611 1337/940/66 1336/939/66
f 1338/941/612 1337/940/66 1335/938/611
f 1337/940/66 1338/941/612 1339/942/80
f 1339/942/80 1338/941/612 1340/943/224
f 1340/943/224 1341/944/613 1339/942/80
f 1341/944/613 1340/943/224 1342/945/134
f 1339/942/80 1341/944/613 1343/946/614
f 1342/945/134 1340/943/224 1344/947/615
f 1339/942/80 1343/946/614 1345/948/66
f 1344/947/615 1346/949/615 1342/945/134
f 1345/948/66 1343/946/614 1347/950/136
f 1342/945/134 1346/949/615 1348/951/616
f 1347/950/136 1349/952/66 1345/948/66
f 1350/953/223 1348/951/616 1346/949/615
f 1351/954/129 1349/952/66 1347/950/136
f 1352/955/140 1348/951/616 1350/953/223
f 1351/954/129 1353/956/617 1349/952/66
f 1350/953/223 1354/957/618 1352/955/140
f 1349/952/66 1353/956/617 1355/958/68
f 1352/955/140 1354/957/618 1356/959/161
f 1353/956/617 1357/960/110 1355/958/68
f 1356/959/161 1354/957/618 1358/961/165
f 1355/958/68 1357/960/110 1359/962/66
f 1358/961/165 1354/957/618 1360/963/241
f 1361/964/110 1359/962/66 1357/960/110
f 1360/963/241 1362/965/619 1358/961/165
f 1363/966/66 1359/962/66 1361/964/110
f 1364/967/233 1362/965/619 1360/963/241
f 1365/968/97 1363/966/66 1361/964/110
f 1362/965/619 1364/967/233 1366/969/620
f 1367/970/66 1363/966/66 1365/968/97
f 1366/969/620 1364/967/233 1368/971/233
f 1367/970/66 1365/968/97 1369/972/66
f 1368/971/233 1370/973/621 1366/969/620
f 1369/972/66 1365/968/97 1371/974/458
f 1372/975/622 1370/973/621 1368/971/233
f 1369/972/66 1371/974/458 1373/976/623
f 1370/973/621 1372/975/622 1374/977/170
f 1373/976/623 1371/974/458 1375/978/121
f 1374/977/170 1372/975/622 1376/979/238
f 1377/980/458 1373/976/623 1375/978/121
f 1376/979/238 1378/981/58 1374/977/170
f 1379/982/316 1373/976/623 1377/980/458
f 1374/977/170 1378/981/58 1380/983/176
f 1379/982/316 1377/980/458 1381/984/335
f 1378/981/58 1382/985/433 1380/983/176
f 1381/984/335 1377/980/458 1383/986/118
f 1380/983/176 1382/985/433 1384/987/176
f 1385/988/458 1381/984/335 1383/986/118
f 1384/987/176 1382/985/433 1386/989/173
f 1386/989/173 1382/985/433 1387/990/624
f 1388/991/625 1381/984/335 1385/988/458
f 1389/992/97 1388/991/625 1385/988/458
f 1390/993/626 1388/991/625 1389/992/97
f 1389/992/97 1391/994/626 1390/993/626
f 1392/995/627 1391/994/626 1389/992/97
f 1391/994/626 1392/995/627 1393/996/334
f 1393/996/334 1392/995/627 1394/997/627
f 1394/997/627 1395/998/334 1393/996/334
f 1396/999/628 1395/998/334 1394/997/627
f 1395/998/334 1396/999/628 1397/1000/334
f 1397/1000/334 1396/999/628 1398/1001/133
f 1399/1002/629 1397/1000/334 1398/1001/133
f 1400/1003/334 1397/1000/334 1399/1002/629
f 1401/1004/141 1400/1003/334 1399/1002/629
f 1402/1005/334 1400/1003/334 1401/1004/141
f 1401/1004/141 1403/1006/141 1402/1005/334
f 1402/1005/334 1403/1006/141 1404/1007/630
f 1405/1008/630 1402/1005/334 1404/1007/630
f 1403/1006/141 1406/1009/631 1404/1007/630
f 1407/1010/334 1402/1005/334 1405/1008/630
f 1404/1007/630 1406/1009/631 1408/1011/632
f 1405/1008/630 1409/1012/229 1407/1010/334
f 1408/1011/632 1406/1009/631 1410/1013/632
f 1407/1010/334 1409/1012/229 1411/1014/334
f 1410/1013/632 1406/1009/631 1412/1015/633
f 1411/1014/334 1409/1012/229 1413/1016/290
f 1410/1013/632 1412/1015/633 1414/1017/634
f 1413/1016/290 1409/1012/229 1415/1018/37
f 1414/1017/634 1412/1015/633 1416/1019/147
f 1413/1016/290 1415/1018/37 1417/1020/290
f 1416/1019/147 1418/1021/635 1414/1017/634
f 1417/1020/290 1415/1018/37 1419/1022/36
f 1420/1023/149 1418/1021/635 1416/1019/147
f 1417/1020/290 1419/1022/36 1421/1024/636
f 1420/1023/149 1422/1025/207 1418/1021/635
f 1421/1024/636 1423/1026/289 1417/1020/290
f 1418/1021/635 1422/1025/207 1424/1027/637
f 1425/1028/609 1423/1026/289 1421/1024/636
f 1425/1028/609 1426/1029/248 1423/1026/289
f 1422/1025/207 1427/1030/638 1424/1027/637
f 1424/1027/637 1427/1030/638 1428/1031/639
f 1427/1030/638 1429/1032/640 1428/1031/639
f 1428/1031/639 1429/1032/640 1430/1033/641
f 1429/1032/640 1431/1034/203 1430/1033/641
f 1430/1033/641 1431/1034/203 1432/1035/642
f 1431/1034/203 1433/1036/203 1432/1035/642
f 1432/1035/642 1433/1036/203 1434/1037/643
f 1434/1037/643 1433/1036/203 1435/1038/58
f 1435/1038/58 1433/1036/203 1436/1039/202
f 1436/1039/202 1437/1040/426 1435/1038/58
f 1438/1041/202 1437/1040/426 1436/1039/202
f 1438/1041/202 1439/1042/201 1437/1040/426
f 1437/1040/426 1439/1042/201 1440/1043/58
f 1439/1042/201 1441/1044/58 1440/1043/58
f 1442/1045/180 1441/1044/58 1439/1042/201
f 1442/1045/180 1443/1046/88 1441/1044/58
f 1444/1047/644 1443/1046/88 1442/1045/180
f 1445/1048/644 1443/1046/88 1444/1047/644
f 1446/1049/82 1443/1046/88 1445/1048/644
f 1445/1048/644 1447/1050/645 1446/1049/82
f 1446/1049/82 1447/1050/645 1448/1051/91
f 1447/1050/645 1449/1052/184 1448/1051/91
f 1448/1051/91 1449/1052/184 1450/1053/646
f 1451/1054/184 1450/1053/646 1449/1052/184
f 1452/1055/92 1450/1053/646 1451/1054/184
f 1453/1056/647 1454/1057/136 1455/1058/134
f 1453/1056/647 1455/1058/134 1456/1059/648
f 1456/1059/648 1455/1058/134 1457/1060/134
f 1458/274/649 1459/273/616 1460/275/614
f 307/228/140 1459/273/616 1458/274/649
f 1460/275/614 1459/273/616 1461/276/614
f 1462/272/140 1459/273/616 307/228/140
f 1462/272/140 307/228/140 300/222/161
f 1463/1061/237 1464/1062/237 1465/1063/242
f 1465/1063/242 1464/1062/237 1466/1064/238
f 596/451/272 589/447/273 1467/455/650
f 1468/452/651 596/451/272 1467/455/650
f 1467/455/650 589/447/273 591/448/298
f 555/425/282 596/451/272 1468/452/651
f 591/448/298 623/472/318 1467/455/650
f 550/420/279 555/425/282 1468/452/651
f 1467/455/650 623/472/318 1469/1065/652
f 1467/455/650 1469/1065/652 1468/452/651
f 1468/452/651 552/422/280 550/420/279
f 1468/452/651 1469/1065/652 552/422/280
f 623/472/318 606/448/306 1469/1065/652
f 1469/1065/652 606/448/306 601/455/304
f 601/455/304 597/452/301 1469/1065/652
f 1469/1065/652 597/452/301 1470/422/296
f 1470/422/296 597/452/301 588/417/296
f 588/417/296 597/452/301 590/420/297
f 1471/1066/38 1472/1067/36 1473/1068/38
f 1473/1068/38 1474/1069/38 1471/1066/38
f 1473/1068/38 1472/1067/36 1475/1070/38
f 1471/1066/38 1474/1069/38 1476/1071/38
f 1476/1071/38 1474/1069/38 1477/1072/36
f 1477/1072/36 1474/1069/38 1478/1073/38
f 1479/1074/653 1480/1075/265 1481/1076/269
f 1481/1076/269 1482/1077/269 1479/1074/653
f 1481/1076/269 1480/1075/265 1483/1078/265
f 1479/1074/653 1482/1077/269 1484/1079/45
f 1482/1077/269 1485/1080/654 1486/1079/269
f 1486/1079/269 1485/1080/654 1487/1081/496
f 1485/1080/654 1488/1082/655 1487/1081/496
f 1487/1081/496 1488/1082/655 1489/1083/495
f 1490/33/52 1491/30/656 1492/31/47
f 1493/36/56 1491/30/656 1490/33/52
f 1492/31/47 1491/30/656 1494/29/656
f 1495/39/657 1491/30/656 1493/36/56
f 1492/31/47 1494/29/656 1496/34/38
f 1493/36/56 1497/46/56 1495/39/657
f 1494/29/656 1491/30/656 1498/32/656
f 1496/34/38 1494/29/656 1499/37/658
f 1498/32/656 1499/37/658 1494/29/656
f 1495/39/657 1497/46/56 1500/49/659
f 1498/32/656 1491/30/656 1501/35/656
f 1502/40/660 1496/34/38 1499/37/658
f 1491/30/656 1495/39/657 1501/35/656
f 1497/46/56 1503/51/661 1500/49/659
f 1504/42/38 1496/34/38 1502/40/660
f 1502/40/660 1499/37/658 1505/53/660
f 1501/35/656 1506/38/662 1498/32/656
f 1495/39/657 1500/49/659 1507/52/663
f 1502/40/660 1508/45/664 1504/42/38
f 1501/35/656 1495/39/657 1507/52/663
f 1498/32/656 1506/38/662 1509/41/665
f 1508/45/664 1502/40/660 1510/57/666
f 1510/57/666 1502/40/660 1505/53/660
f 1506/38/662 1501/35/656 1511/44/667
f 1511/44/667 1501/35/656 1507/52/663
f 1512/43/668 1498/32/656 1509/41/665
f 1513/55/661 1508/45/664 1510/57/666
f 1507/52/663 1514/56/669 1511/44/667
f 1507/52/663 1500/49/659 1514/56/669
f 1515/47/658 1498/32/656 1512/43/668
f 1514/56/669 1500/49/659 1513/55/661
f 1513/55/661 1510/57/666 1516/60/670
f 1511/44/667 1514/56/669 1517/59/670
f 1515/47/658 1499/37/658 1498/32/656
f 1514/56/669 1513/55/661 1517/59/670
f 1516/60/670 1510/57/666 1518/58/671
f 1512/43/668 1519/50/671 1515/47/658
f 1505/53/660 1499/37/658 1515/47/658
f 1517/59/670 1513/55/661 1516/60/670
f 1518/58/671 1510/57/666 1519/50/671
f 1515/47/658 1519/50/671 1505/53/660
f 1513/55/661 1500/49/659 1503/51/661
f 1519/50/671 1510/57/666 1505/53/660
f 1503/51/661 1508/45/664 1513/55/661
f 1508/45/664 1503/51/661 1520/48/55
f 1504/42/38 1508/45/664 1520/48/55
f 1520/48/55 1503/51/661 1521/54/37
f 1521/54/37 1503/51/661 1497/46/56
f 1522/66/47 1523/62/47 1524/63/52
f 1523/62/47 1522/66/47 1525/67/47
f 1525/67/47 1522/66/47 1526/68/36
f 1524/63/52 1523/62/47 1527/61/52
f 1527/61/52 1528/64/38 1524/63/52
f 1529/65/52 1528/64/38 1527/61/52
f 1530/69/56 1531/71/55 1532/70/56
f 1532/70/56 1531/71/55 1533/72/55
f 1531/71/55 1534/73/55 1533/72/55
f 1533/72/55 1534/73/55 1535/74/55
f 1536/75/37 1537/77/37 1538/76/37
f 1538/76/37 1539/78/38 1536/75/37
f 1538/76/37 1537/77/37 1540/79/57
f 1536/75/37 1539/78/38 1541/80/37
f 1542/84/38 1543/82/38 1544/83/38
f 1544/83/38 1543/82/38 1545/81/38
f 1546/143/58 1547/135/97 1548/146/58
f 1546/143/58 1549/132/164 1547/135/97
f 1548/146/58 1547/135/97 1550/118/58
f 1551/140/468 1549/132/164 1546/143/58
f 1550/118/58 1552/148/58 1548/146/58
f 1547/135/97 1549/132/164 1553/129/58
f 1553/129/58 1550/118/58 1547/135/97
f 1551/140/468 1554/137/672 1549/132/164
f 1555/151/58 1552/148/58 1550/118/58
f 1553/129/58 1549/132/164 1556/126/164
f 1557/141/88 1554/137/672 1551/140/468
f 1555/151/58 1558/154/58 1552/148/58
f 1556/126/164 1559/121/58 1553/129/58
f 1559/121/58 1550/118/58 1553/129/58
f 1554/137/672 1560/134/164 1549/132/164
f 1561/113/58 1558/154/58 1555/151/58
f 1549/132/164 1560/134/164 1556/126/164
f 1550/118/58 1559/121/58 1562/115/224
f 1563/110/58 1561/113/58 1555/151/58
f 1554/137/672 1564/138/673 1560/134/164
f 1562/115/224 1563/110/58 1550/118/58
f 1565/124/625 1559/121/58 1556/126/164
f 1550/118/58 1563/110/58 1555/151/58
f 1566/144/674 1564/138/673 1554/137/672
f 1556/126/164 1567/128/334 1565/124/625
f 1560/134/164 1567/128/334 1556/126/164
f 1563/110/58 1568/101/58 1561/113/58
f 1564/138/673 1567/128/334 1560/134/164
f 1554/137/672 1557/141/88 1566/144/674
f 1569/107/72 1568/101/58 1563/110/58
f 1566/144/674 1570/142/673 1564/138/673
f 1565/124/625 1567/128/334 1571/122/334
f 1568/101/58 1569/107/72 1572/104/58
f 1573/147/674 1570/142/673 1566/144/674
f 1565/124/625 1571/122/334 1559/121/58
f 1572/104/58 1574/95/58 1568/101/58
f 1575/152/91 1573/147/674 1566/144/674
f 1566/144/674 1557/141/88 1575/152/91
f 1571/122/334 1567/128/334 1576/123/334
f 1568/101/58 1574/95/58 1577/99/675
f 1578/153/91 1573/147/674 1575/152/91
f 1559/121/58 1571/122/334 1562/115/224
f 1579/130/676 1576/123/334 1567/128/334
f 1573/147/674 1578/153/91 1580/150/156
f 1574/95/58 1581/91/677 1577/99/675
f 1579/130/676 1567/128/334 1564/138/673
f 1580/150/156 1582/145/156 1573/147/674
f 1580/150/156 1578/153/91 1583/155/592
f 1584/93/678 1581/91/677 1574/95/58
f 1570/142/673 1579/130/676 1564/138/673
f 1573/147/674 1582/145/156 1570/142/673
f 1585/127/679 1576/123/334 1579/130/676
f 1586/90/680 1581/91/677 1584/93/678
f 1574/95/58 1587/98/294 1584/93/678
f 1588/139/676 1579/130/676 1570/142/673
f 1579/130/676 1588/139/676 1585/127/679
f 1589/89/680 1581/91/677 1586/90/680
f 1587/98/294 1590/96/333 1584/93/678
f 1588/139/676 1570/142/673 1591/136/681
f 1591/136/681 1570/142/673 1582/145/156
f 1586/90/680 1592/92/682 1589/89/680
f 1584/93/678 1590/96/333 1586/90/680
f 1585/127/679 1588/139/676 1593/131/683
f 1591/136/681 1593/131/683 1588/139/676
f 1592/92/682 1586/90/680 1594/156/682
f 1589/89/680 1592/92/682 1595/94/684
f 1594/156/682 1586/90/680 1590/96/333
f 1596/133/685 1593/131/683 1591/136/681
f 1593/131/683 1597/120/683 1585/127/679
f 1598/97/686 1595/94/684 1592/92/682
f 1599/102/687 1594/156/682 1590/96/333
f 1596/133/685 1600/125/685 1593/131/683
f 1593/131/683 1600/125/685 1597/120/683
f 1601/100/688 1595/94/684 1598/97/686
f 1594/156/682 1602/111/682 1592/92/682
f 1587/98/294 1599/102/687 1590/96/333
f 1598/97/686 1603/103/409 1601/100/688
f 1604/116/689 1602/111/682 1594/156/682
f 1592/92/682 1602/111/682 1598/97/686
f 1604/116/689 1594/156/682 1599/102/687
f 1605/105/626 1599/102/687 1587/98/294
f 1601/100/688 1603/103/409 1606/106/690
f 1603/103/409 1598/97/686 1607/109/691
f 1607/109/691 1598/97/686 1602/111/682
f 1572/104/58 1605/105/626 1587/98/294
f 1605/105/626 1608/108/334 1599/102/687
f 1609/114/692 1602/111/682 1604/116/689
f 1609/114/692 1607/109/691 1602/111/682
f 1569/107/72 1605/105/626 1572/104/58
f 1569/107/72 1608/108/334 1605/105/626
f 1572/104/58 1587/98/294 1574/95/58
f 1610/119/683 1609/114/692 1604/116/689
f 1563/110/58 1608/108/334 1569/107/72
f 1611/117/693 1607/109/691 1609/114/692
f 1599/102/687 1608/108/334 1612/112/334
f 1599/102/687 1612/112/334 1604/116/689
f 1604/116/689 1612/112/334 1610/119/683
f 1562/115/224 1608/108/334 1563/110/58
f 1609/114/692 1597/120/683 1611/117/693
f 1597/120/683 1609/114/692 1610/119/683
f 1571/122/334 1612/112/334 1608/108/334
f 1571/122/334 1608/108/334 1562/115/224
f 1611/117/693 1597/120/683 1600/125/685
f 1576/123/334 1610/119/683 1612/112/334
f 1576/123/334 1612/112/334 1571/122/334
f 1585/127/679 1597/120/683 1610/119/683
f 1585/127/679 1610/119/683 1576/123/334
f 1613/277/632 1614/279/694 1615/278/695
f 1616/280/696 1614/279/694 1613/277/632
f 1614/279/694 1617/281/697 1615/278/695
f 1616/280/696 1613/277/632 1618/282/698
f 1619/284/699 1617/281/697 1614/279/694
f 1619/284/699 1614/279/694 1616/280/696
f 1613/277/632 1615/278/695 1620/283/700
f 1621/285/698 1616/280/696 1618/282/698
f 1622/295/701 1617/281/697 1619/284/699
f 1618/282/698 1613/277/632 1623/286/634
f 1615/278/695 1624/287/702 1620/283/700
f 1625/288/699 1622/295/701 1619/284/699
f 1616/280/696 1625/288/699 1619/284/699
f 1613/277/632 1626/289/703 1623/286/634
f 1615/278/695 1627/290/704 1624/287/702
f 1626/289/703 1613/277/632 1620/283/700
f 1617/281/697 1627/290/704 1615/278/695
f 1628/291/698 1625/288/699 1616/280/696
f 1628/291/698 1616/280/696 1621/285/698
f 1623/286/634 1626/289/703 1629/326/634
f 1624/287/702 1627/290/704 1630/296/705
f 1620/283/700 1624/287/702 1631/292/224
f 1621/285/698 1632/294/706 1628/291/698
f 1629/326/634 1633/323/707 1623/286/634
f 1634/293/52 1630/296/705 1627/290/704
f 1635/297/708 1621/285/698 1633/323/707
f 1635/297/708 1632/294/706 1621/285/698
f 1636/319/707 1633/323/707 1629/326/634
f 1637/300/36 1630/296/705 1634/293/52
f 1633/323/707 1636/319/707 1635/297/708
f 1628/291/698 1632/294/706 1638/298/709
f 1634/293/52 1639/302/447 1637/300/36
f 1633/323/707 1621/285/698 1618/282/698
f 1623/286/634 1633/323/707 1618/282/698
f 1632/294/706 1640/301/706 1638/298/709
f 1637/300/36 1639/302/447 1641/305/38
f 1639/302/447 1634/293/52 1642/299/447
f 1638/298/709 1643/303/709 1628/291/698
f 1638/298/709 1640/301/706 1644/304/709
f 1645/316/710 1641/305/38 1639/302/447
f 1642/299/447 1634/293/52 1622/295/701
f 1644/304/709 1646/307/709 1638/298/709
f 1638/298/709 1646/307/709 1643/303/709
f 1647/321/243 1641/305/38 1645/316/710
f 1634/293/52 1617/281/697 1622/295/701
f 1640/301/706 1648/310/711 1644/304/709
f 1645/316/710 1649/318/712 1647/321/243
f 1627/290/704 1617/281/697 1634/293/52
f 1650/309/639 1648/310/711 1640/301/706
f 1649/318/712 1645/316/710 1651/313/713
f 1647/321/243 1649/318/712 1652/324/244
f 1644/304/709 1648/310/711 1653/312/714
f 1650/309/639 1640/301/706 1654/306/715
f 1651/313/713 1645/316/710 1655/308/713
f 1656/325/716 1644/304/709 1653/312/714
f 1654/306/715 1657/311/717 1650/309/639
f 1651/313/713 1655/308/713 1646/307/709
f 1646/307/709 1644/304/709 1656/325/716
f 1639/302/447 1655/308/713 1645/316/710
f 1650/309/639 1657/311/717 1658/317/639
f 1656/325/716 1651/313/713 1646/307/709
f 1642/299/447 1655/308/713 1639/302/447
f 1658/317/639 1659/315/642 1650/309/639
f 1659/315/642 1648/310/711 1650/309/639
f 1660/322/6 1651/313/713 1656/325/716
f 1646/307/709 1655/308/713 1643/303/709
f 1655/308/713 1642/299/447 1643/303/709
f 1661/320/643 1659/315/642 1658/317/639
f 1651/313/713 1660/322/6 1649/318/712
f 1657/311/717 1654/306/715 1662/314/708
f 1643/303/709 1642/299/447 1625/288/699
f 1649/318/712 1660/322/6 1663/327/718
f 1662/314/708 1654/306/715 1635/297/708
f 1628/291/698 1643/303/709 1625/288/699
f 1642/299/447 1622/295/701 1625/288/699
f 1663/327/718 1652/324/244 1649/318/712
f 1635/297/708 1636/319/707 1662/314/708
f 1654/306/715 1632/294/706 1635/297/708
f 1664/328/409 1652/324/244 1663/327/718
f 1654/306/715 1640/301/706 1632/294/706
f 1665/332/719 1666/330/643 1667/331/642
f 1667/331/642 1666/330/643 1668/329/643
f 1669/333/720 1670/335/721 1671/334/720
f 1671/334/720 1672/334/720 1669/333/720
f 1670/335/721 1673/336/711 1671/334/720
f 1674/337/720 1672/334/720 1671/334/720
f 1675/338/711 1673/336/711 1670/335/721
f 1676/339/409 1677/341/409 1678/340/248
f 1677/341/409 1676/339/409 1679/342/718
f 1678/340/248 1677/341/409 1680/343/248
f 1679/342/718 1676/339/409 1681/344/523
f 1677/341/409 1682/345/409 1680/343/248
f 1683/348/718 1677/341/409 1679/342/718
f 1682/345/409 1677/341/409 1683/348/718
f 1681/344/523 1684/346/722 1679/342/718
f 1680/343/248 1682/345/409 1685/347/248
f 1683/348/718 1686/351/718 1682/345/409
f 1687/349/722 1684/346/722 1681/344/523
f 1684/346/722 1688/352/723 1679/342/718
f 1682/345/409 1689/350/409 1685/347/248
f 1682/345/409 1686/351/718 1689/350/409
f 1679/342/718 1688/352/723 1683/348/718
f 1685/347/248 1689/350/409 1690/353/248
f 1691/354/718 1689/350/409 1686/351/718
f 1688/352/723 1692/355/723 1683/348/718
f 1686/351/718 1692/355/723 1691/354/718
f 1683/348/718 1692/355/723 1686/351/718
f 1689/350/409 1693/356/6 1690/353/248
f 1693/356/6 1689/350/409 1691/354/718
f 1691/354/718 1692/355/723 1694/357/526
f 1690/353/248 1693/356/6 1695/358/248
f 1696/359/724 1697/361/526 1698/360/723
f 1696/359/724 1699/362/6 1697/361/526
f 1698/360/723 1697/361/526 1700/363/526
f 1701/364/409 1699/362/6 1696/359/724
f 1702/366/723 1696/359/724 1698/360/723
f 1700/363/526 1697/361/526 1703/365/5
f 1702/366/723 1698/360/723 1704/368/723
f 1703/365/5 1697/361/526 1705/367/725
f 1704/368/723 1698/360/723 1706/370/726
f 1703/365/5 1705/367/725 1707/369/5
f 1706/370/726 1708/373/727 1704/368/723
f 1707/369/5 1709/371/408 1703/365/5
f 1707/369/5 1705/367/725 1710/372/728
f 1706/370/726 1711/376/720 1708/373/727
f 1712/337/720 1711/376/720 1706/370/726
f 1713/374/408 1709/371/408 1707/369/5
f 1710/372/728 1714/375/729 1707/369/5
f 1707/369/5 1714/375/729 1715/377/410
f 1715/377/410 1714/375/729 1716/378/730
f 1716/378/730 1714/375/729 1717/379/730
f 1718/382/731 1717/379/450 1719/380/665
f 1719/380/665 1717/379/450 1720/1/729
f 1719/380/665 1720/1/729 1721/381/668
f 1722/389/732 1723/388/451 1719/380/732
f 1724/393/662 1723/388/451 1722/389/732
f 1723/388/451 1724/393/662 1725/395/667
f 1719/380/732 1726/394/733 1722/389/732
f 1727/394/734 1726/394/733 1719/380/732
f 1720/1/410 1728/384/5 1729/383/732
f 1729/383/732 1728/384/5 1730/385/6
f 1729/383/732 1730/385/6 1731/386/671
f 1731/386/671 1732/390/671 1729/383/732
f 1729/383/732 1732/390/671 1733/391/734
f 1731/386/671 1730/385/6 1734/387/6
f 1735/392/718 1734/387/6 1730/385/6
f 1736/397/6 1734/387/6 1735/392/718
f 1730/385/6 1737/396/5 1735/392/718
f 1735/392/718 1738/399/6 1736/397/6
f 1735/392/718 1737/396/5 1739/398/735
f 1736/397/6 1738/399/6 1740/400/6
f 1741/498/162 1742/495/155 1743/496/92
f 1742/495/155 1741/498/162 1744/500/164
f 1743/496/92 1742/495/155 1745/494/736
f 1744/500/164 1741/498/162 1746/502/88
f 1742/495/155 1747/497/175 1745/494/736
f 1744/500/164 1746/502/88 1748/505/164
f 1747/497/175 1742/495/155 1749/503/175
f 1749/503/175 1742/495/155 1744/500/164
f 1745/494/736 1747/497/175 1750/499/737
f 1748/505/164 1746/502/88 1751/507/88
f 1749/503/175 1744/500/164 1752/508/175
f 1752/508/175 1744/500/164 1748/505/164
f 1753/501/738 1750/499/737 1747/497/175
f 1748/505/164 1751/507/88 1754/510/164
f 1749/503/175 1755/506/739 1747/497/175
f 1752/508/175 1748/505/164 1756/511/459
f 1747/497/175 1755/506/739 1753/501/738
f 1757/504/740 1750/499/737 1753/501/738
f 1756/511/459 1748/505/164 1754/510/164
f 1754/510/164 1751/507/88 1758/512/88
f 1749/503/175 1759/509/741 1755/506/739
f 1752/508/175 1759/509/741 1749/503/175
f 1756/511/459 1760/513/742 1752/508/175
f 1752/508/175 1760/513/742 1759/509/741
f 1761/514/743 1762/516/738 1763/515/744
f 1763/515/744 1762/516/738 1764/517/738
f 1764/517/738 1765/519/738 1763/515/744
f 1764/517/738 1762/516/738 1766/518/745
f 1763/515/744 1765/519/738 1767/522/746
f 1765/519/738 1764/517/738 1768/521/745
f 1768/521/745 1764/517/738 1766/518/745
f 1766/518/745 1762/516/738 1769/520/739
f 1767/522/746 1765/519/738 1770/525/747
f 1771/524/748 1765/519/738 1768/521/745
f 1766/518/745 1769/520/739 1772/523/749
f 1770/525/747 1765/519/738 1773/528/750
f 1773/528/750 1765/519/738 1771/524/748
f 1771/524/748 1768/521/745 1774/529/751
f 1768/521/745 1766/518/745 1775/526/752
f 1775/526/752 1766/518/745 1772/523/749
f 1770/525/747 1773/528/750 1776/531/753
f 1771/524/748 1774/529/751 1777/532/754
f 1774/529/751 1768/521/745 1775/526/752
f 1772/523/749 1769/520/739 1778/527/741
f 1776/531/753 1773/528/750 1779/534/754
f 1779/534/754 1771/524/748 1777/532/754
f 1774/529/751 1775/526/752 1780/535/455
f 1772/523/749 1778/527/741 1781/530/742
f 1773/528/750 1771/524/748 1779/534/754
f 1777/532/754 1774/529/751 1782/537/755
f 1780/535/455 1782/537/755 1774/529/751
f 1781/530/742 1778/527/741 1783/536/742
f 1775/526/752 1772/523/749 1784/533/456
f 1780/535/455 1775/526/752 1784/533/456
f 1785/540/756 1782/537/755 1780/535/455
f 1784/533/456 1772/523/749 1781/530/742
f 1781/530/742 1783/536/742 1786/539/742
f 1780/535/455 1787/538/757 1785/540/756
f 1780/535/455 1784/533/456 1787/538/757
f 1784/533/456 1781/530/742 1788/541/758
f 1788/541/758 1781/530/742 1786/539/742
f 1787/538/757 1784/533/456 1788/541/758
f 1786/539/742 1783/536/742 1789/542/759
f 1785/540/756 1787/538/757 1790/543/760
f 1791/586/58 1792/583/58 1793/584/58
f 1794/588/58 1791/586/58 1793/584/58
f 1793/584/58 1792/583/58 1795/582/58
f 1796/591/58 1791/586/58 1794/588/58
f 1795/582/58 1797/592/58 1793/584/58
f 1798/585/58 1795/582/58 1792/583/58
f 1799/603/761 1796/591/58 1794/588/58
f 1791/586/58 1800/593/58 1792/583/58
f 1793/584/58 1797/592/58 1801/613/58
f 1794/588/58 1802/600/762 1799/603/761
f 1803/598/58 1800/593/58 1791/586/58
f 1796/591/58 1803/598/58 1791/586/58
f 1804/590/58 1797/592/58 1795/582/58
f 1805/606/763 1799/603/761 1802/600/762
f 1806/604/764 1796/591/58 1799/603/761
f 1807/601/765 1803/598/58 1796/591/58
f 1797/592/58 1808/599/766 1801/613/58
f 1802/600/762 1809/606/767 1805/606/763
f 1806/604/764 1807/601/765 1796/591/58
f 1810/606/768 1799/603/761 1805/606/763
f 1801/613/58 1808/599/766 1811/607/769
f 1812/862/770 1807/601/765 1806/604/764
f 1813/611/771 1809/606/767 1802/600/762
f 1801/613/58 1811/607/769 1814/597/58
f 1812/862/770 1815/861/448 1807/601/765
f 1814/597/58 1811/607/769 1813/611/771
f 1809/606/767 1813/611/771 1816/609/772
f 1793/584/58 1801/613/58 1814/597/58
f 1807/601/765 1815/861/448 1817/858/458
f 1816/609/772 1813/611/771 1811/607/769
f 1793/584/58 1814/597/58 1818/594/458
f 1817/858/458 1819/856/58 1807/601/765
f 1816/609/772 1811/607/769 1820/605/773
f 1793/584/58 1818/594/458 1794/588/58
f 1818/594/458 1802/600/762 1794/588/58
f 1817/858/458 1821/855/58 1819/856/58
f 1820/605/773 1811/607/769 1808/599/766
f 1807/601/765 1819/856/58 1803/598/58
f 1822/614/426 1813/611/771 1802/600/762
f 1820/605/773 1808/599/766 1823/602/774
f 1821/855/58 1824/857/58 1819/856/58
f 1825/614/58 1813/611/771 1822/614/426
f 1826/860/58 1821/855/58 1817/858/458
f 1823/602/774 1808/599/766 1827/596/775
f 1819/856/58 1824/857/58 1828/859/58
f 1819/856/58 1828/859/58 1803/598/58
f 1827/596/775 1829/608/774 1823/602/774
f 1797/592/58 1827/596/775 1808/599/766
f 1803/598/58 1828/859/58 1800/593/58
f 1830/610/776 1829/608/774 1827/596/775
f 1804/590/58 1827/596/775 1797/592/58
f 1828/859/58 1831/863/58 1800/593/58
f 1827/596/775 1832/612/58 1830/610/776
f 1804/590/58 1832/612/58 1827/596/775
f 1831/863/58 1833/595/58 1800/593/58
f 1834/587/58 1832/612/58 1804/590/58
f 1800/593/58 1833/595/58 1835/589/58
f 1836/615/58 1832/612/58 1834/587/58
f 1804/590/58 1795/582/58 1834/587/58
f 1800/593/58 1835/589/58 1792/583/58
f 1834/587/58 1795/582/58 1798/585/58
f 1792/583/58 1835/589/58 1798/585/58
f 1837/676/248 1838/678/248 1839/677/248
f 1837/676/248 1840/679/777 1838/678/248
f 1839/677/248 1838/678/248 1841/680/248
f 1838/678/248 1840/679/777 1842/681/248
f 1840/679/777 1843/682/778 1842/681/248
f 1844/683/778 1843/682/778 1840/679/777
f 1844/683/778 1845/684/483 1843/682/778
f 1843/682/778 1845/684/483 1846/685/779
f 1847/1084/488 1848/1085/780 1849/1086/781
f 1849/1086/781 1848/1085/780 1850/1087/248
f 1851/1088/248 1850/1087/248 1848/1085/780
f 1852/1089/248 1850/1087/248 1851/1088/248
f 1853/705/782 1854/702/782 1855/703/783
f 1855/703/783 1854/702/782 1856/701/411
f 1857/704/447 1855/703/783 1856/701/411
f 1858/706/447 1855/703/783 1857/704/447
f 1859/716/670 1860/718/671 1861/717/784
f 1862/719/785 1859/716/670 1861/717/784
f 1861/717/784 1860/718/671 1863/720/671
f 1863/720/671 1860/718/671 1864/721/671
f 1865/722/786 1866/724/409 1867/723/786
f 1867/723/786 1868/725/447 1865/722/786
f 1867/723/786 1866/724/409 1869/726/409
f 1865/722/786 1868/725/447 1870/727/447
f 1871/728/787 1872/730/411 1873/729/787
f 1873/729/787 1872/730/411 1874/731/788
f 1875/809/58 1876/811/58 1877/810/433
f 1875/809/58 1877/810/433 1878/812/775
f 1877/810/433 1876/811/58 1879/813/58
f 1878/812/775 1877/810/433 1880/810/789
f 1877/810/433 1879/813/58 1881/814/58
f 1877/810/433 1881/814/58 1880/810/789
f 1880/810/789 1882/815/774 1878/812/775
f 1881/814/58 1879/813/58 1883/816/58
f 1880/810/789 1881/814/58 1884/817/790
f 1884/817/790 1882/815/774 1880/810/789
f 1878/812/775 1882/815/774 1885/818/774
f 1881/814/58 1883/816/58 1886/819/58
f 1881/814/58 1886/819/58 1884/817/790
f 1887/820/774 1882/815/774 1884/817/790
f 1886/819/58 1883/816/58 1888/821/58
f 1889/822/791 1887/820/774 1884/817/790
f 1884/817/790 1886/819/58 1889/822/791
f 1888/821/58 1890/823/58 1886/819/58
f 1891/824/774 1887/820/774 1889/822/791
f 1886/819/58 1890/823/58 1892/825/58
f 1886/819/58 1892/825/58 1889/822/791
f 1893/826/792 1891/824/774 1889/822/791
f 1889/822/791 1892/825/58 1893/826/792
f 1890/823/58 1894/827/58 1892/825/58
f 1892/825/58 1894/827/58 1893/826/792
f 1895/828/793 1891/824/774 1893/826/792
f 1896/829/58 1894/827/58 1890/823/58
f 1897/830/794 1895/828/793 1893/826/792
f 1893/826/792 1894/827/58 1897/830/794
f 1898/831/58 1894/827/58 1896/829/58
f 1898/831/58 1897/830/794 1894/827/58
f 1899/832/795 1895/828/793 1897/830/794
f 1900/833/796 1897/830/794 1898/831/58
f 1897/830/794 1900/833/796 1899/832/795
f 1899/832/795 1900/833/796 1901/834/797
f 1902/838/577 1903/836/465 1904/837/577
f 1904/837/577 1905/839/461 1902/838/577
f 1904/837/577 1903/836/465 1906/835/465
f 1902/838/577 1905/839/461 1907/840/461
f 1905/839/461 1908/841/759 1907/840/461
f 1907/840/461 1908/841/759 1909/842/759
f 1910/843/448 1911/845/798 1912/844/799
f 1910/843/448 1912/844/799 1913/846/97
f 1912/844/799 1911/845/798 1914/847/435
f 1913/846/97 1912/844/799 1915/848/581
f 1916/849/800 1911/845/798 1910/843/448
f 1917/850/444 1911/845/798 1916/849/800
f 1918/851/801 1917/850/444 1916/849/800
f 1919/852/444 1917/850/444 1918/851/801
f 1920/853/761 1919/852/444 1918/851/801
f 1921/854/802 1919/852/444 1920/853/761
f 1922/864/803 1923/866/730 1924/865/449
f 1922/864/803 1924/865/449 1925/867/429
f 1924/865/449 1923/866/730 1926/868/804
f 1925/867/429 1924/865/449 1927/869/429
f 1928/886/722 1929/883/677 1930/884/805
f 1930/884/805 1929/883/677 1931/882/678
f 1930/884/805 1931/882/678 1932/885/723
f 1932/885/723 1931/882/678 1933/887/806
f 1933/887/806 1934/888/723 1932/885/723
f 1935/889/807 1934/888/723 1933/887/806
f 1934/888/723 1935/889/807 1936/890/808
f 1936/890/808 1935/889/807 1937/891/6
f 1938/895/429 1939/893/248 1940/894/450
f 1940/894/450 1939/893/248 1941/892/729
f 1942/896/738 1943/898/809 1944/897/409
f 1944/897/409 1943/898/809 1945/899/671
f 1946/900/754 1942/896/738 1947/901/409
f 1947/901/409 1942/896/738 1948/902/6
f 1949/904/454 1950/903/810 1943/898/755
f 1951/905/811 1950/903/810 1949/904/454
f 1952/906/690 1953/907/6 1946/900/738
f 1946/900/738 1953/907/6 1954/908/691
f 1955/910/454 1956/909/812 1949/904/454
f 1957/911/812 1956/909/812 1955/910/454
f 1958/912/813 1959/914/248 1960/913/411
f 1960/913/411 1959/914/248 1961/915/248
f 1962/916/786 1963/918/814 1964/917/815
f 1964/917/815 1963/918/814 1965/919/411
f 1966/920/426 1967/922/816 1968/921/722
f 1968/921/722 1969/923/711 1966/920/426
f 1968/921/722 1967/922/816 1970/924/722
f 1966/920/426 1969/923/711 1971/925/458
f 1972/926/643 1971/925/458 1969/923/711
f 1973/927/58 1971/925/458 1972/926/643
f 1973/927/58 1972/926/643 1974/928/58
f 1974/928/58 1972/926/643 1975/929/643
f 1976/1056/817 1977/1058/631 1978/1057/629
f 1976/1056/817 1979/1059/214 1977/1058/631
f 1977/1058/631 1979/1059/214 1980/1060/631
f 1981/1090/642 1982/1091/818 1983/1092/643
f 1983/1092/643 1982/1091/818 1984/1093/711
f 1985/1066/36 1986/1068/38 1987/1067/36
f 1987/1067/36 1986/1068/38 1988/1070/38
f 1989/1074/819 1990/1076/451 1991/1075/820
f 1989/1074/819 1992/1077/451 1990/1076/451
f 1991/1075/820 1990/1076/451 1993/1078/820
f 1994/1079/667 1992/1077/451 1989/1074/819
f 1995/1079/451 1996/1080/785 1992/1077/451
f 1997/1081/785 1996/1080/785 1995/1079/451
f 1997/1081/785 1998/1082/812 1996/1080/785
f 1999/1083/812 1998/1082/812 1997/1081/785
f 2000/1094/38 2001/1095/38 2002/1096/38
f 2002/1096/38 2001/1095/38 2003/1097/38
f 2004/1071/36 2005/1072/36 2006/1069/36
f 2006/1069/36 2005/1072/36 2007/1073/38
f 2008/4/7 2009/5/8 2010/6/9
f 2008/4/7 2011/7/10 2009/5/8
f 2010/6/9 2009/5/8 2012/8/11
f 2013/9/12 2011/7/10 2008/4/7
f 2010/6/9 2012/8/11 2014/10/13
f 2013/9/12 2015/11/14 2011/7/10
f 2016/12/15 2008/4/7 2010/6/9
f 2014/10/13 2012/8/11 2017/13/16
f 2018/14/17 2015/11/14 2013/9/12
f 2019/15/18 2008/4/7 2016/12/15
f 2017/13/16 2020/16/19 2014/10/13
f 2018/14/17 2021/17/20 2015/11/14
f 2019/15/18 2013/9/12 2008/4/7
f 2016/12/15 2010/6/9 2022/18/21
f 2022/18/21 2010/6/9 2014/10/13
f 2023/19/22 2021/17/20 2018/14/17
f 2024/20/23 2018/14/17 2013/9/12
f 2024/20/23 2013/9/12 2019/15/18
f 2014/10/13 2025/21/24 2022/18/21
f 2014/10/13 2020/16/19 2025/21/24
f 2023/19/22 2026/22/25 2021/17/20
f 2027/23/26 2018/14/17 2024/20/23
f 2022/18/21 2025/21/24 2028/24/821
f 2027/23/26 2023/19/22 2018/14/17
f 2029/25/28 2020/16/19 2026/22/25
f 2030/26/822 2016/12/15 2022/18/21
f 2030/26/822 2027/23/26 2024/20/23
f 2029/25/28 2026/22/25 2023/19/22
f 2025/21/24 2020/16/19 2029/25/28
f 2030/26/822 2022/18/21 2028/24/821
f 2030/26/822 2024/20/23 2019/15/18
f 2030/26/822 2019/15/18 2016/12/15
f 2028/24/821 2025/21/24 2031/27/30
f 2031/27/30 2025/21/24 2029/25/28
f 2032/28/31 2029/25/28 2023/19/22
f 2030/26/822 2028/24/821 2031/27/30
f 2032/28/31 2023/19/22 2027/23/26
f 2031/27/30 2029/25/28 2032/28/31
f 2030/26/822 2031/27/30 2032/28/31
f 2030/26/822 2032/28/31 2027/23/26
f 2033/4/7 2034/5/8 2035/6/9
f 2033/4/7 2036/7/10 2034/5/8
f 2035/6/9 2034/5/8 2037/8/11
f 2038/9/12 2036/7/10 2033/4/7
f 2035/6/9 2037/8/11 2039/10/13
f 2038/9/12 2040/11/14 2036/7/10
f 2041/12/15 2033/4/7 2035/6/9
f 2039/10/13 2037/8/11 2042/13/16
f 2043/14/17 2040/11/14 2038/9/12
f 2044/15/18 2033/4/7 2041/12/15
f 2042/13/16 2045/16/19 2039/10/13
f 2043/14/17 2046/17/20 2040/11/14
f 2044/15/18 2038/9/12 2033/4/7
f 2041/12/15 2035/6/9 2047/18/21
f 2047/18/21 2035/6/9 2039/10/13
f 2048/19/22 2046/17/20 2043/14/17
f 2049/20/23 2043/14/17 2038/9/12
f 2049/20/23 2038/9/12 2044/15/18
f 2039/10/13 2050/21/24 2047/18/21
f 2039/10/13 2045/16/19 2050/21/24
f 2048/19/22 2051/22/25 2046/17/20
f 2052/23/26 2043/14/17 2049/20/23
f 2047/18/21 2050/21/24 2053/24/33
f 2052/23/26 2048/19/22 2043/14/17
f 2054/25/823 2045/16/19 2051/22/25
f 2055/26/822 2041/12/15 2047/18/21
f 2055/26/822 2052/23/26 2049/20/23
f 2054/25/823 2051/22/25 2048/19/22
f 2050/21/24 2045/16/19 2054/25/823
f 2055/26/822 2047/18/21 2053/24/33
f 2055/26/822 2049/20/23 2044/15/18
f 2055/26/822 2044/15/18 2041/12/15
f 2053/24/33 2050/21/24 2056/27/30
f 2056/27/30 2050/21/24 2054/25/823
f 2057/28/31 2054/25/823 2048/19/22
f 2055/26/822 2053/24/33 2056/27/30
f 2057/28/31 2048/19/22 2052/23/26
f 2056/27/30 2054/25/823 2057/28/31
f 2055/26/822 2056/27/30 2057/28/31
f 2055/26/822 2057/28/31 2052/23/26
f 2058/4/7 2059/5/8 2060/6/9
f 2058/4/7 2061/7/10 2059/5/8
f 2060/6/9 2059/5/8 2062/8/11
f 2063/9/12 2061/7/10 2058/4/7
f 2060/6/9 2062/8/11 2064/10/13
f 2063/9/12 2065/11/14 2061/7/10
f 2066/12/15 2058/4/7 2060/6/9
f 2064/10/13 2062/8/11 2067/13/16
f 2068/14/17 2065/11/14 2063/9/12
f 2069/15/18 2058/4/7 2066/12/15
f 2067/13/16 2070/16/19 2064/10/13
f 2068/14/17 2071/17/20 2065/11/14
f 2069/15/18 2063/9/12 2058/4/7
f 2066/12/15 2060/6/9 2072/18/21
f 2072/18/21 2060/6/9 2064/10/13
f 2073/19/22 2071/17/20 2068/14/17
f 2074/20/23 2068/14/17 2063/9/12
f 2074/20/23 2063/9/12 2069/15/18
f 2064/10/13 2075/21/24 2072/18/21
f 2064/10/13 2070/16/19 2075/21/24
f 2073/19/22 2076/22/25 2071/17/20
f 2077/23/26 2068/14/17 2074/20/23
f 2072/18/21 2075/21/24 2078/24/33
f 2077/23/26 2073/19/22 2068/14/17
f 2079/25/823 2070/16/19 2076/22/25
f 2080/26/822 2066/12/15 2072/18/21
f 2080/26/822 2077/23/26 2074/20/23
f 2079/25/823 2076/22/25 2073/19/22
f 2075/21/24 2070/16/19 2079/25/823
f 2080/26/822 2072/18/21 2078/24/33
f 2080/26/822 2074/20/23 2069/15/18
f 2080/26/822 2069/15/18 2066/12/15
f 2078/24/33 2075/21/24 2081/27/30
f 2081/27/30 2075/21/24 2079/25/823
f 2082/28/31 2079/25/823 2073/19/22
f 2080/26/822 2078/24/33 2081/27/30
f 2082/28/31 2073/19/22 2077/23/26
f 2081/27/30 2079/25/823 2082/28/31
f 2080/26/822 2081/27/30 2082/28/31
f 2080/26/822 2082/28/31 2077/23/26
f 2083/4/824 2084/5/825 2085/6/826
f 2086/9/827 2084/5/825 2083/4/824
f 2085/6/826 2084/5/825 2087/8/828
f 2088/7/829 2084/5/825 2086/9/827
f 2083/4/824 2085/6/826 2089/15/830
f 2085/6/826 2087/8/828 2090/10/831
f 2091/14/832 2088/7/829 2086/9/827
f 2086/9/827 2083/4/824 2092/20/833
f 2092/20/833 2083/4/824 2089/15/830
f 2089/15/830 2085/6/826 2093/12/834
f 2090/10/831 2087/8/828 2094/13/835
f 2092/20/833 2091/14/832 2086/9/827
f 2095/26/836 2089/15/830 2093/12/834
f 2090/10/831 2094/13/835 2096/21/837
f 2095/26/836 2092/20/833 2089/15/830
f 2097/11/838 2088/7/829 2091/14/832
f 2098/18/839 2085/6/826 2090/10/831
f 2095/26/836 2093/12/834 2098/18/839
f 2099/23/840 2091/14/832 2092/20/833
f 2091/14/832 2100/17/841 2097/11/838
f 2093/12/834 2085/6/826 2098/18/839
f 2095/26/836 2099/23/840 2092/20/833
f 2101/19/842 2100/17/841 2091/14/832
f 2098/18/839 2090/10/831 2102/24/843
f 2095/26/836 2098/18/839 2102/24/843
f 2099/23/840 2101/19/842 2091/14/832
f 2102/24/843 2090/10/831 2096/21/837
f 2101/19/842 2103/22/844 2100/17/841
f 2095/26/836 2102/24/843 2104/27/845
f 2105/28/846 2101/19/842 2099/23/840
f 2102/24/843 2096/21/837 2104/27/845
f 2106/25/847 2103/22/844 2101/19/842
f 2095/26/836 2104/27/845 2105/28/846
f 2095/26/836 2105/28/846 2099/23/840
f 2104/27/845 2096/21/837 2106/25/847
f 2105/28/846 2106/25/847 2101/19/842
f 2104/27/845 2106/25/847 2105/28/846
f 2106/25/847 2107/16/848 2103/22/844
f 2096/21/837 2107/16/848 2106/25/847
f 2096/21/837 2094/13/835 2107/16/848
f 2108/4/849 2109/5/850 2110/6/851
f 2111/9/852 2109/5/850 2108/4/849
f 2110/6/851 2109/5/850 2112/8/853
f 2113/7/854 2109/5/850 2111/9/852
f 2108/4/849 2110/6/851 2114/15/855
f 2114/15/855 2111/9/852 2108/4/849
f 2110/6/851 2112/8/853 2115/10/856
f 2116/14/857 2113/7/854 2111/9/852
f 2114/15/855 2110/6/851 2117/12/858
f 2115/10/856 2112/8/853 2118/13/859
f 2119/11/860 2113/7/854 2116/14/857
f 2120/20/861 2111/9/852 2114/15/855
f 2115/10/856 2118/13/859 2121/21/862
f 2116/14/857 2122/17/863 2119/11/860
f 2120/20/861 2116/14/857 2111/9/852
f 2123/26/864 2114/15/855 2117/12/858
f 2121/21/862 2118/13/859 2124/16/865
f 2123/26/864 2120/20/861 2114/15/855
f 2125/19/866 2122/17/863 2116/14/857
f 2121/21/862 2124/16/865 2126/25/867
f 2123/26/864 2117/12/858 2127/18/868
f 2126/25/867 2128/22/869 2125/19/866
f 2125/19/866 2128/22/869 2122/17/863
f 2129/24/870 2115/10/856 2121/21/862
f 2123/26/864 2127/18/868 2129/24/870
f 2126/25/867 2124/16/865 2128/22/869
f 2130/28/871 2126/25/867 2125/19/866
f 2127/18/868 2115/10/856 2129/24/870
f 2123/26/864 2129/24/870 2131/27/872
f 2129/24/870 2121/21/862 2131/27/872
f 2131/27/872 2126/25/867 2130/28/871
f 2130/28/871 2125/19/866 2132/23/873
f 2132/23/873 2125/19/866 2116/14/857
f 2123/26/864 2131/27/872 2130/28/871
f 2127/18/868 2110/6/851 2115/10/856
f 2131/27/872 2121/21/862 2126/25/867
f 2117/12/858 2110/6/851 2127/18/868
f 2123/26/864 2130/28/871 2132/23/873
f 2132/23/873 2116/14/857 2120/20/861
f 2123/26/864 2132/23/873 2120/20/861
f 2133/4/874 2134/5/875 2135/6/876
f 2136/9/877 2134/5/875 2133/4/874
f 2135/6/876 2134/5/875 2137/8/878
f 2138/7/879 2134/5/875 2136/9/877
f 2133/4/874 2135/6/876 2139/15/880
f 2139/15/880 2136/9/877 2133/4/874
f 2135/6/876 2137/8/878 2140/10/881
f 2141/14/882 2138/7/879 2136/9/877
f 2139/15/880 2135/6/876 2142/12/883
f 2140/10/881 2137/8/878 2143/13/884
f 2144/11/885 2138/7/879 2141/14/882
f 2145/20/886 2136/9/877 2139/15/880
f 2140/10/881 2143/13/884 2146/21/887
f 2141/14/882 2147/17/888 2144/11/885
f 2145/20/886 2141/14/882 2136/9/877
f 2148/26/889 2139/15/880 2142/12/883
f 2146/21/887 2143/13/884 2149/16/890
f 2148/26/889 2145/20/886 2139/15/880
f 2150/19/891 2147/17/888 2141/14/882
f 2146/21/887 2149/16/890 2151/25/892
f 2148/26/889 2142/12/883 2152/18/893
f 2151/25/892 2153/22/894 2150/19/891
f 2150/19/891 2153/22/894 2147/17/888
f 2154/24/895 2140/10/881 2146/21/887
f 2148/26/889 2152/18/893 2154/24/895
f 2151/25/892 2149/16/890 2153/22/894
f 2155/28/896 2151/25/892 2150/19/891
f 2152/18/893 2140/10/881 2154/24/895
f 2148/26/889 2154/24/895 2156/27/897
f 2154/24/895 2146/21/887 2156/27/897
f 2156/27/897 2151/25/892 2155/28/896
f 2155/28/896 2150/19/891 2157/23/898
f 2157/23/898 2150/19/891 2141/14/882
f 2148/26/889 2156/27/897 2155/28/896
f 2152/18/893 2135/6/876 2140/10/881
f 2156/27/897 2146/21/887 2151/25/892
f 2142/12/883 2135/6/876 2152/18/893
f 2148/26/889 2155/28/896 2157/23/898
f 2157/23/898 2141/14/882 2145/20/886
f 2148/26/889 2157/23/898 2145/20/886
f 2158/4/899 2159/5/900 2160/6/901
f 2161/9/902 2159/5/900 2158/4/899
f 2160/6/901 2159/5/900 2162/8/903
f 2163/7/904 2159/5/900 2161/9/902
f 2158/4/899 2160/6/901 2164/15/905
f 2160/6/901 2162/8/903 2165/10/906
f 2166/14/907 2163/7/904 2161/9/902
f 2161/9/902 2158/4/899 2167/20/908
f 2167/20/908 2158/4/899 2164/15/905
f 2164/15/905 2160/6/901 2168/12/909
f 2165/10/906 2162/8/903 2169/13/910
f 2167/20/908 2166/14/907 2161/9/902
f 2170/26/911 2164/15/905 2168/12/909
f 2165/10/906 2169/13/910 2171/21/912
f 2170/26/911 2167/20/908 2164/15/905
f 2172/11/913 2163/7/904 2166/14/907
f 2173/18/914 2160/6/901 2165/10/906
f 2170/26/911 2168/12/909 2173/18/914
f 2174/23/915 2166/14/907 2167/20/908
f 2166/14/907 2175/17/916 2172/11/913
f 2168/12/909 2160/6/901 2173/18/914
f 2170/26/911 2174/23/915 2167/20/908
f 2176/19/917 2175/17/916 2166/14/907
f 2173/18/914 2165/10/906 2177/24/918
f 2170/26/911 2173/18/914 2177/24/918
f 2174/23/915 2176/19/917 2166/14/907
f 2177/24/918 2165/10/906 2171/21/912
f 2176/19/917 2178/22/919 2175/17/916
f 2170/26/911 2177/24/918 2179/27/920
f 2180/28/921 2176/19/917 2174/23/915
f 2177/24/918 2171/21/912 2179/27/920
f 2181/25/922 2178/22/919 2176/19/917
f 2170/26/911 2179/27/920 2180/28/921
f 2170/26/911 2180/28/921 2174/23/915
f 2179/27/920 2171/21/912 2181/25/922
f 2180/28/921 2181/25/922 2176/19/917
f 2179/27/920 2181/25/922 2180/28/921
f 2181/25/922 2182/16/923 2178/22/919
f 2171/21/912 2182/16/923 2181/25/922
f 2171/21/912 2169/13/910 2182/16/923
f 2183/4/924 2184/5/925 2185/6/926
f 2186/9/927 2184/5/925 2183/4/924
f 2185/6/926 2184/5/925 2187/8/928
f 2188/7/929 2184/5/925 2186/9/927
f 2183/4/924 2185/6/926 2189/15/930
f 2189/15/930 2186/9/927 2183/4/924
f 2185/6/926 2187/8/928 2190/10/931
f 2191/14/932 2188/7/929 2186/9/927
f 2189/15/930 2185/6/926 2192/12/933
f 2190/10/931 2187/8/928 2193/13/934
f 2194/11/935 2188/7/929 2191/14/932
f 2195/20/936 2186/9/927 2189/15/930
f 2190/10/931 2193/13/934 2196/21/937
f 2191/14/932 2197/17/938 2194/11/935
f 2195/20/936 2191/14/932 2186/9/927
f 2198/26/939 2189/15/930 2192/12/933
f 2196/21/937 2193/13/934 2199/16/940
f 2198/26/939 2195/20/936 2189/15/930
f 2200/19/941 2197/17/938 2191/14/932
f 2196/21/937 2199/16/940 2201/25/942
f 2198/26/939 2192/12/933 2202/18/943
f 2201/25/942 2203/22/944 2200/19/941
f 2200/19/941 2203/22/944 2197/17/938
f 2204/24/945 2190/10/931 2196/21/937
f 2198/26/939 2202/18/943 2204/24/945
f 2201/25/942 2199/16/940 2203/22/944
f 2205/28/946 2201/25/942 2200/19/941
f 2202/18/943 2190/10/931 2204/24/945
f 2198/26/939 2204/24/945 2206/27/947
f 2204/24/945 2196/21/937 2206/27/947
f 2206/27/947 2201/25/942 2205/28/946
f 2205/28/946 2200/19/941 2207/23/948
f 2207/23/948 2200/19/941 2191/14/932
f 2198/26/939 2206/27/947 2205/28/946
f 2202/18/943 2185/6/926 2190/10/931
f 2206/27/947 2196/21/937 2201/25/942
f 2192/12/933 2185/6/926 2202/18/943
f 2198/26/939 2205/28/946 2207/23/948
f 2207/23/948 2191/14/932 2195/20/936
f 2198/26/939 2207/23/948 2195/20/936
f 2208/4/949 2209/5/950 2210/6/951
f 2211/9/952 2209/5/950 2208/4/949
f 2210/6/951 2209/5/950 2212/8/953
f 2213/7/954 2209/5/950 2211/9/952
f 2208/4/949 2210/6/951 2214/15/955
f 2210/6/951 2212/8/953 2215/10/956
f 2216/14/957 2213/7/954 2211/9/952
f 2211/9/952 2208/4/949 2217/20/958
f 2217/20/958 2208/4/949 2214/15/955
f 2214/15/955 2210/6/951 2218/12/959
f 2215/10/956 2212/8/953 2219/13/960
f 2217/20/958 2216/14/957 2211/9/952
f 2220/26/961 2214/15/955 2218/12/959
f 2215/10/956 2219/13/960 2221/21/962
f 2220/26/961 2217/20/958 2214/15/955
f 2222/11/963 2213/7/954 2216/14/957
f 2223/18/964 2210/6/951 2215/10/956
f 2220/26/961 2218/12/959 2223/18/964
f 2224/23/965 2216/14/957 2217/20/958
f 2216/14/957 2225/17/966 2222/11/963
f 2218/12/959 2210/6/951 2223/18/964
f 2220/26/961 2224/23/965 2217/20/958
f 2226/19/967 2225/17/966 2216/14/957
f 2223/18/964 2215/10/956 2227/24/968
f 2220/26/961 2223/18/964 2227/24/968
f 2224/23/965 2226/19/967 2216/14/957
f 2227/24/968 2215/10/956 2221/21/962
f 2226/19/967 2228/22/969 2225/17/966
f 2220/26/961 2227/24/968 2229/27/970
f 2230/28/971 2226/19/967 2224/23/965
f 2227/24/968 2221/21/962 2229/27/970
f 2231/25/972 2228/22/969 2226/19/967
f 2220/26/961 2229/27/970 2230/28/971
f 2220/26/961 2230/28/971 2224/23/965
f 2229/27/970 2221/21/962 2231/25/972
f 2230/28/971 2231/25/972 2226/19/967
f 2229/27/970 2231/25/972 2230/28/971
f 2231/25/972 2232/16/973 2228/22/969
f 2221/21/962 2232/16/973 2231/25/972
f 2221/21/962 2219/13/960 2232/16/973
f 2233/1098/974 2234/1099/975 2235/1100/976
f 2236/1101/977 2233/1098/974 2235/1100/976
f 2235/1100/976 2234/1099/975 2237/1102/978
f 2238/1103/979 2233/1098/974 2236/1101/977
f 2234/1099/975 2239/1104/980 2237/1102/978
f 2240/1105/981 2238/1103/979 2236/1101/977
f 2233/1098/974 2241/1106/982 2234/1099/975
f 2237/1102/978 2239/1104/980 2242/1107/983
f 2243/1108/984 2238/1103/979 2240/1105/981
f 2244/1109/985 2241/1106/982 2233/1098/974
f 2241/1106/982 2245/1110/986 2234/1099/975
f 2234/1099/975 2245/1110/986 2239/1104/980
f 2246/1111/987 2243/1108/984 2240/1105/981
f 2238/1103/979 2244/1109/985 2233/1098/974
f 2247/1112/988 2241/1106/982 2244/1109/985
f 2247/1112/988 2245/1110/986 2241/1106/982
f 2248/1113/989 2243/1108/984 2246/1111/987
f 2243/1108/984 2249/1114/990 2238/1103/979
f 2249/1114/990 2244/1109/985 2238/1103/979
f 2247/1112/988 2244/1109/985 2249/1114/990
f 2245/1110/986 2250/1115/991 2239/1104/980
f 2251/1116/992 2248/1113/989 2246/1111/987
f 2247/1112/988 2252/1117/993 2245/1110/986
f 2253/1118/994 2249/1114/990 2243/1108/984
f 2252/1117/993 2250/1115/991 2245/1110/986
f 2248/1113/989 2253/1118/994 2243/1108/984
f 2254/1119/995 2248/1113/989 2251/1116/992
f 2247/1112/988 2249/1114/990 2253/1118/994
f 2250/1115/991 2255/1120/996 2239/1104/980
f 2250/1115/991 2254/1119/995 2255/1120/996
f 2254/1119/995 2256/1121/997 2248/1113/989
f 2247/1112/988 2253/1118/994 2256/1121/997
f 2255/1120/996 2254/1119/995 2251/1116/992
f 2239/1104/980 2255/1120/996 2242/1107/983
f 2256/1121/997 2253/1118/994 2248/1113/989
f 2247/1112/988 2257/1122/998 2252/1117/993
f 2250/1115/991 2257/1122/998 2254/1119/995
f 2257/1122/998 2256/1121/997 2254/1119/995
f 2247/1112/988 2256/1121/997 2257/1122/998
f 2252/1117/993 2257/1122/998 2250/1115/991
f 2258/1098/974 2259/1099/975 2260/1100/999
f 2261/1101/1000 2258/1098/974 2260/1100/999
f 2260/1100/999 2259/1099/975 2262/1102/978
f 2263/1103/979 2258/1098/974 2261/1101/1000
f 2259/1099/975 2264/1104/980 2262/1102/978
f 2265/1105/1001 2263/1103/979 2261/1101/1000
f 2258/1098/974 2266/1106/982 2259/1099/975
f 2262/1102/978 2264/1104/980 2267/1107/983
f 2268/1108/984 2263/1103/979 2265/1105/1001
f 2269/1109/985 2266/1106/982 2258/1098/974
f 2266/1106/982 2270/1110/986 2259/1099/975
f 2259/1099/975 2270/1110/986 2264/1104/980
f 2271/1111/987 2268/1108/984 2265/1105/1001
f 2263/1103/979 2269/1109/985 2258/1098/974
f 2272/1112/988 2266/1106/982 2269/1109/985
f 2272/1112/988 2270/1110/986 2266/1106/982
f 2273/1113/989 2268/1108/984 2271/1111/987
f 2268/1108/984 2274/1114/990 2263/1103/979
f 2274/1114/990 2269/1109/985 2263/1103/979
f 2272/1112/988 2269/1109/985 2274/1114/990
f 2270/1110/986 2275/1115/1002 2264/1104/980
f 2276/1116/992 2273/1113/989 2271/1111/987
f 2272/1112/988 2277/1117/1003 2270/1110/986
f 2278/1118/994 2274/1114/990 2268/1108/984
f 2277/1117/1003 2275/1115/1002 2270/1110/986
f 2273/1113/989 2278/1118/994 2268/1108/984
f 2279/1119/1004 2273/1113/989 2276/1116/992
f 2272/1112/988 2274/1114/990 2278/1118/994
f 2275/1115/1002 2280/1120/1005 2264/1104/980
f 2275/1115/1002 2279/1119/1004 2280/1120/1005
f 2279/1119/1004 2281/1121/997 2273/1113/989
f 2272/1112/988 2278/1118/994 2281/1121/997
f 2280/1120/1005 2279/1119/1004 2276/1116/992
f 2264/1104/980 2280/1120/1005 2267/1107/983
f 2281/1121/997 2278/1118/994 2273/1113/989
f 2272/1112/988 2282/1122/998 2277/1117/1003
f 2275/1115/1002 2282/1122/998 2279/1119/1004
f 2282/1122/998 2281/1121/997 2279/1119/1004
f 2272/1112/988 2281/1121/997 2282/1122/998
f 2277/1117/1003 2282/1122/998 2275/1115/1002
f 2283/1098/974 2284/1099/975 2285/1100/976
f 2286/1101/977 2283/1098/974 2285/1100/976
f 2285/1100/976 2284/1099/975 2287/1102/978
f 2288/1103/979 2283/1098/974 2286/1101/977
f 2284/1099/975 2289/1104/980 2287/1102/978
f 2290/1105/1001 2288/1103/979 2286/1101/977
f 2283/1098/974 2291/1106/982 2284/1099/975
f 2287/1102/978 2289/1104/980 2292/1107/983
f 2293/1108/984 2288/1103/979 2290/1105/1001
f 2294/1109/985 2291/1106/982 2283/1098/974
f 2291/1106/982 2295/1110/986 2284/1099/975
f 2284/1099/975 2295/1110/986 2289/1104/980
f 2296/1111/987 2293/1108/984 2290/1105/1001
f 2288/1103/979 2294/1109/985 2283/1098/974
f 2297/1112/988 2291/1106/982 2294/1109/985
f 2297/1112/988 2295/1110/986 2291/1106/982
f 2298/1113/989 2293/1108/984 2296/1111/987
f 2293/1108/984 2299/1114/990 2288/1103/979
f 2299/1114/990 2294/1109/985 2288/1103/979
f 2297/1112/988 2294/1109/985 2299/1114/990
f 2295/1110/986 2300/1115/1002 2289/1104/980
f 2301/1116/992 2298/1113/989 2296/1111/987
f 2297/1112/988 2302/1117/1003 2295/1110/986
f 2303/1118/994 2299/1114/990 2293/1108/984
f 2302/1117/1003 2300/1115/1002 2295/1110/986
f 2298/1113/989 2303/1118/994 2293/1108/984
f 2304/1119/1006 2298/1113/989 2301/1116/992
f 2297/1112/988 2299/1114/990 2303/1118/994
f 2300/1115/1002 2305/1120/996 2289/1104/980
f 2300/1115/1002 2304/1119/1006 2305/1120/996
f 2304/1119/1006 2306/1121/997 2298/1113/989
f 2297/1112/988 2303/1118/994 2306/1121/997
f 2305/1120/996 2304/1119/1006 2301/1116/992
f 2289/1104/980 2305/1120/996 2292/1107/983
f 2306/1121/997 2303/1118/994 2298/1113/989
f 2297/1112/988 2307/1122/998 2302/1117/1003
f 2300/1115/1002 2307/1122/998 2304/1119/1006
f 2307/1122/998 2306/1121/997 2304/1119/1006
f 2297/1112/988 2306/1121/997 2307/1122/998
f 2302/1117/1003 2307/1122/998 2300/1115/1002
f 2308/1098/1007 2309/1099/1008 2310/1100/1009
f 2308/1098/1007 2310/1100/1009 2311/1103/1010
f 2310/1100/1009 2309/1099/1008 2312/1102/1011
f 2313/1109/1012 2309/1099/1008 2308/1098/1007
f 2311/1103/1010 2310/1100/1009 2314/1101/1013
f 2309/1099/1008 2315/1104/1014 2312/1102/1011
f 2316/1106/1015 2309/1099/1008 2313/1109/1012
f 2313/1109/1012 2308/1098/1007 2317/1114/1016
f 2317/1114/1016 2308/1098/1007 2311/1103/1010
f 2311/1103/1010 2314/1101/1013 2318/1108/1017
f 2312/1102/1011 2315/1104/1014 2319/1107/1018
f 2320/1112/1019 2316/1106/1015 2313/1109/1012
f 2318/1108/1017 2317/1114/1016 2311/1103/1010
f 2318/1108/1017 2314/1101/1013 2321/1105/1020
f 2315/1104/1014 2322/1115/1021 2319/1107/1018
f 2320/1112/1019 2313/1109/1012 2317/1114/1016
f 2323/1111/1022 2318/1108/1017 2321/1105/1020
f 2309/1099/1008 2324/1110/1023 2315/1104/1014
f 2320/1112/1019 2324/1110/1023 2316/1106/1015
f 2325/1118/1024 2317/1114/1016 2318/1108/1017
f 2326/1113/1025 2318/1108/1017 2323/1111/1022
f 2316/1106/1015 2324/1110/1023 2309/1099/1008
f 2320/1112/1019 2317/1114/1016 2325/1118/1024
f 2326/1113/1025 2325/1118/1024 2318/1108/1017
f 2327/1116/1026 2326/1113/1025 2323/1111/1022
f 2324/1110/1023 2328/1117/1027 2315/1104/1014
f 2320/1112/1019 2328/1117/1027 2324/1110/1023
f 2315/1104/1014 2328/1117/1027 2322/1115/1021
f 2329/1121/1028 2325/1118/1024 2326/1113/1025
f 2330/1119/1029 2326/1113/1025 2327/1116/1026
f 2320/1112/1019 2325/1118/1024 2329/1121/1028
f 2330/1119/1029 2329/1121/1028 2326/1113/1025
f 2328/1117/1027 2331/1122/1030 2322/1115/1021
f 2332/1120/1031 2330/1119/1029 2327/1116/1026
f 2320/1112/1019 2331/1122/1030 2328/1117/1027
f 2331/1122/1030 2329/1121/1028 2330/1119/1029
f 2322/1115/1021 2330/1119/1029 2332/1120/1031
f 2320/1112/1019 2329/1121/1028 2331/1122/1030
f 2322/1115/1021 2331/1122/1030 2330/1119/1029
f 2319/1107/1018 2322/1115/1021 2332/1120/1031
f 2333/1098/1032 2334/1099/1033 2335/1100/1034
f 2333/1098/1032 2335/1100/1034 2336/1103/1035
f 2335/1100/1034 2334/1099/1033 2337/1102/1036
f 2338/1109/1037 2334/1099/1033 2333/1098/1032
f 2336/1103/1035 2338/1109/1037 2333/1098/1032
f 2336/1103/1035 2335/1100/1034 2339/1101/1038
f 2334/1099/1033 2340/1104/1039 2337/1102/1036
f 2341/1106/1040 2334/1099/1033 2338/1109/1037
f 2336/1103/1035 2339/1101/1038 2342/1108/1041
f 2337/1102/1036 2340/1104/1039 2343/1107/1042
f 2341/1106/1040 2344/1110/1043 2334/1099/1033
f 2342/1108/1041 2345/1114/1044 2336/1103/1035
f 2345/1114/1044 2338/1109/1037 2336/1103/1035
f 2334/1099/1033 2344/1110/1043 2340/1104/1039
f 2340/1104/1039 2346/1115/1045 2343/1107/1042
f 2342/1108/1041 2339/1101/1038 2347/1105/1046
f 2348/1112/1047 2341/1106/1040 2338/1109/1037
f 2348/1112/1047 2344/1110/1043 2341/1106/1040
f 2348/1112/1047 2338/1109/1037 2345/1114/1044
f 2343/1107/1042 2346/1115/1045 2349/1120/1048
f 2350/1111/1049 2342/1108/1041 2347/1105/1046
f 2348/1112/1047 2351/1117/1050 2344/1110/1043
f 2344/1110/1043 2351/1117/1050 2340/1104/1039
f 2340/1104/1039 2351/1117/1050 2346/1115/1045
f 2346/1115/1045 2352/1119/1051 2349/1120/1048
f 2353/1113/1052 2342/1108/1041 2350/1111/1049
f 2348/1112/1047 2354/1122/1053 2351/1117/1050
f 2351/1117/1050 2354/1122/1053 2346/1115/1045
f 2346/1115/1045 2354/1122/1053 2352/1119/1051
f 2349/1120/1048 2352/1119/1051 2355/1116/1054
f 2352/1119/1051 2353/1113/1052 2355/1116/1054
f 2355/1116/1054 2353/1113/1052 2350/1111/1049
f 2348/1112/1047 2356/1121/1055 2354/1122/1053
f 2353/1113/1052 2357/1118/1056 2342/1108/1041
f 2354/1122/1053 2356/1121/1055 2352/1119/1051
f 2348/1112/1047 2357/1118/1056 2356/1121/1055
f 2352/1119/1051 2356/1121/1055 2353/1113/1052
f 2356/1121/1055 2357/1118/1056 2353/1113/1052
f 2357/1118/1056 2345/1114/1044 2342/1108/1041
f 2348/1112/1047 2345/1114/1044 2357/1118/1056
f 2358/1098/1057 2359/1099/1058 2360/1100/1059
f 2358/1098/1057 2360/1100/1059 2361/1103/1060
f 2360/1100/1059 2359/1099/1058 2362/1102/1061
f 2363/1109/1062 2359/1099/1058 2358/1098/1057
f 2361/1103/1060 2363/1109/1062 2358/1098/1057
f 2361/1103/1060 2360/1100/1059 2364/1101/1063
f 2359/1099/1058 2365/1104/1064 2362/1102/1061
f 2366/1106/1065 2359/1099/1058 2363/1109/1062
f 2361/1103/1060 2364/1101/1063 2367/1108/1066
f 2362/1102/1061 2365/1104/1064 2368/1107/1067
f 2366/1106/1065 2369/1110/1068 2359/1099/1058
f 2367/1108/1066 2370/1114/1069 2361/1103/1060
f 2370/1114/1069 2363/1109/1062 2361/1103/1060
f 2359/1099/1058 2369/1110/1068 2365/1104/1064
f 2365/1104/1064 2371/1115/1070 2368/1107/1067
f 2367/1108/1066 2364/1101/1063 2372/1105/1071
f 2373/1112/1072 2366/1106/1065 2363/1109/1062
f 2373/1112/1072 2369/1110/1068 2366/1106/1065
f 2373/1112/1072 2363/1109/1062 2370/1114/1069
f 2368/1107/1067 2371/1115/1070 2374/1120/1073
f 2375/1111/1074 2367/1108/1066 2372/1105/1071
f 2373/1112/1072 2376/1117/1075 2369/1110/1068
f 2369/1110/1068 2376/1117/1075 2365/1104/1064
f 2365/1104/1064 2376/1117/1075 2371/1115/1070
f 2371/1115/1070 2377/1119/1076 2374/1120/1073
f 2378/1113/1077 2367/1108/1066 2375/1111/1074
f 2373/1112/1072 2379/1122/1078 2376/1117/1075
f 2376/1117/1075 2379/1122/1078 2371/1115/1070
f 2371/1115/1070 2379/1122/1078 2377/1119/1076
f 2374/1120/1073 2377/1119/1076 2380/1116/1079
f 2377/1119/1076 2378/1113/1077 2380/1116/1079
f 2380/1116/1079 2378/1113/1077 2375/1111/1074
f 2373/1112/1072 2381/1121/1080 2379/1122/1078
f 2378/1113/1077 2382/1118/1081 2367/1108/1066
f 2379/1122/1078 2381/1121/1080 2377/1119/1076
f 2373/1112/1072 2382/1118/1081 2381/1121/1080
f 2377/1119/1076 2381/1121/1080 2378/1113/1077
f 2381/1121/1080 2382/1118/1081 2378/1113/1077
f 2382/1118/1081 2370/1114/1069 2367/1108/1066
f 2373/1112/1072 2370/1114/1069 2382/1118/1081
f 2383/1098/1082 2384/1099/1083 2385/1100/1084
f 2383/1098/1082 2385/1100/1084 2386/1103/1085
f 2385/1100/1084 2384/1099/1083 2387/1102/1086
f 2388/1109/1087 2384/1099/1083 2383/1098/1082
f 2386/1103/1085 2385/1100/1084 2389/1101/1088
f 2384/1099/1083 2390/1104/1089 2387/1102/1086
f 2391/1106/1090 2384/1099/1083 2388/1109/1087
f 2388/1109/1087 2383/1098/1082 2392/1114/1091
f 2392/1114/1091 2383/1098/1082 2386/1103/1085
f 2386/1103/1085 2389/1101/1088 2393/1108/1092
f 2387/1102/1086 2390/1104/1089 2394/1107/1093
f 2395/1112/1094 2391/1106/1090 2388/1109/1087
f 2393/1108/1092 2392/1114/1091 2386/1103/1085
f 2393/1108/1092 2389/1101/1088 2396/1105/1095
f 2390/1104/1089 2397/1115/1096 2394/1107/1093
f 2395/1112/1094 2388/1109/1087 2392/1114/1091
f 2398/1111/1097 2393/1108/1092 2396/1105/1095
f 2384/1099/1083 2399/1110/1098 2390/1104/1089
f 2395/1112/1094 2399/1110/1098 2391/1106/1090
f 2400/1118/1099 2392/1114/1091 2393/1108/1092
f 2401/1113/1100 2393/1108/1092 2398/1111/1097
f 2391/1106/1090 2399/1110/1098 2384/1099/1083
f 2395/1112/1094 2392/1114/1091 2400/1118/1099
f 2401/1113/1100 2400/1118/1099 2393/1108/1092
f 2402/1116/1101 2401/1113/1100 2398/1111/1097
f 2399/1110/1098 2403/1117/1102 2390/1104/1089
f 2395/1112/1094 2403/1117/1102 2399/1110/1098
f 2390/1104/1089 2403/1117/1102 2397/1115/1096
f 2404/1121/1103 2400/1118/1099 2401/1113/1100
f 2405/1119/1104 2401/1113/1100 2402/1116/1101
f 2395/1112/1094 2400/1118/1099 2404/1121/1103
f 2405/1119/1104 2404/1121/1103 2401/1113/1100
f 2403/1117/1102 2406/1122/1105 2397/1115/1096
f 2407/1120/1106 2405/1119/1104 2402/1116/1101
f 2395/1112/1094 2406/1122/1105 2403/1117/1102
f 2406/1122/1105 2404/1121/1103 2405/1119/1104
f 2397/1115/1096 2405/1119/1104 2407/1120/1106
f 2395/1112/1094 2404/1121/1103 2406/1122/1105
f 2397/1115/1096 2406/1122/1105 2405/1119/1104
f 2394/1107/1093 2397/1115/1096 2407/1120/1106
f 2408/1098/1107 2409/1099/1108 2410/1100/1109
f 2408/1098/1107 2410/1100/1109 2411/1103/1110
f 2410/1100/1109 2409/1099/1108 2412/1102/1111
f 2413/1109/1112 2409/1099/1108 2408/1098/1107
f 2411/1103/1110 2413/1109/1112 2408/1098/1107
f 2411/1103/1110 2410/1100/1109 2414/1101/1113
f 2409/1099/1108 2415/1104/1114 2412/1102/1111
f 2416/1106/1115 2409/1099/1108 2413/1109/1112
f 2411/1103/1110 2414/1101/1113 2417/1108/1116
f 2412/1102/1111 2415/1104/1114 2418/1107/1117
f 2416/1106/1115 2419/1110/1118 2409/1099/1108
f 2417/1108/1116 2420/1114/1119 2411/1103/1110
f 2420/1114/1119 2413/1109/1112 2411/1103/1110
f 2409/1099/1108 2419/1110/1118 2415/1104/1114
f 2415/1104/1114 2421/1115/1120 2418/1107/1117
f 2417/1108/1116 2414/1101/1113 2422/1105/1121
f 2423/1112/1122 2416/1106/1115 2413/1109/1112
f 2423/1112/1122 2419/1110/1118 2416/1106/1115
f 2423/1112/1122 2413/1109/1112 2420/1114/1119
f 2418/1107/1117 2421/1115/1120 2424/1120/1123
f 2425/1111/1124 2417/1108/1116 2422/1105/1121
f 2423/1112/1122 2426/1117/1125 2419/1110/1118
f 2419/1110/1118 2426/1117/1125 2415/1104/1114
f 2415/1104/1114 2426/1117/1125 2421/1115/1120
f 2421/1115/1120 2427/1119/1126 2424/1120/1123
f 2428/1113/1127 2417/1108/1116 2425/1111/1124
f 2423/1112/1122 2429/1122/1128 2426/1117/1125
f 2426/1117/1125 2429/1122/1128 2421/1115/1120
f 2421/1115/1120 2429/1122/1128 2427/1119/1126
f 2424/1120/1123 2427/1119/1126 2430/1116/1129
f 2427/1119/1126 2428/1113/1127 2430/1116/1129
f 2430/1116/1129 2428/1113/1127 2425/1111/1124
f 2423/1112/1122 2431/1121/1130 2429/1122/1128
f 2428/1113/1127 2432/1118/1131 2417/1108/1116
f 2429/1122/1128 2431/1121/1130 2427/1119/1126
f 2423/1112/1122 2432/1118/1131 2431/1121/1130
f 2427/1119/1126 2431/1121/1130 2428/1113/1127
f 2431/1121/1130 2432/1118/1131 2428/1113/1127
f 2432/1118/1131 2420/1114/1119 2417/1108/1116
f 2423/1112/1122 2420/1114/1119 2432/1118/1131
f 2433/1098/1132 2434/1099/1133 2435/1100/1134
f 2433/1098/1132 2435/1100/1134 2436/1103/1135
f 2435/1100/1134 2434/1099/1133 2437/1102/1136
f 2438/1109/1137 2434/1099/1133 2433/1098/1132
f 2436/1103/1135 2435/1100/1134 2439/1101/1138
f 2434/1099/1133 2440/1104/1139 2437/1102/1136
f 2441/1106/1140 2434/1099/1133 2438/1109/1137
f 2438/1109/1137 2433/1098/1132 2442/1114/1141
f 2442/1114/1141 2433/1098/1132 2436/1103/1135
f 2436/1103/1135 2439/1101/1138 2443/1108/1142
f 2437/1102/1136 2440/1104/1139 2444/1107/1143
f 2445/1112/1144 2441/1106/1140 2438/1109/1137
f 2443/1108/1142 2442/1114/1141 2436/1103/1135
f 2443/1108/1142 2439/1101/1138 2446/1105/1145
f 2440/1104/1139 2447/1115/1146 2444/1107/1143
f 2445/1112/1144 2438/1109/1137 2442/1114/1141
f 2448/1111/1147 2443/1108/1142 2446/1105/1145
f 2434/1099/1133 2449/1110/1148 2440/1104/1139
f 2445/1112/1144 2449/1110/1148 2441/1106/1140
f 2450/1118/1149 2442/1114/1141 2443/1108/1142
f 2451/1113/1150 2443/1108/1142 2448/1111/1147
f 2441/1106/1140 2449/1110/1148 2434/1099/1133
f 2445/1112/1144 2442/1114/1141 2450/1118/1149
f 2451/1113/1150 2450/1118/1149 2443/1108/1142
f 2452/1116/1151 2451/1113/1150 2448/1111/1147
f 2449/1110/1148 2453/1117/1152 2440/1104/1139
f 2445/1112/1144 2453/1117/1152 2449/1110/1148
f 2440/1104/1139 2453/1117/1152 2447/1115/1146
f 2454/1121/1153 2450/1118/1149 2451/1113/1150
f 2455/1119/1154 2451/1113/1150 2452/1116/1151
f 2445/1112/1144 2450/1118/1149 2454/1121/1153
f 2455/1119/1154 2454/1121/1153 2451/1113/1150
f 2453/1117/1152 2456/1122/1155 2447/1115/1146
f 2457/1120/1156 2455/1119/1154 2452/1116/1151
f 2445/1112/1144 2456/1122/1155 2453/1117/1152
f 2456/1122/1155 2454/1121/1153 2455/1119/1154
f 2447/1115/1146 2455/1119/1154 2457/1120/1156
f 2445/1112/1144 2454/1121/1153 2456/1122/1155
f 2447/1115/1146 2456/1122/1155 2455/1119/1154
f 2444/1107/1143 2447/1115/1146 2457/1120/1156
f 2458/1098/974 2459/1099/975 2460/1100/976
f 2461/1101/1000 2458/1098/974 2460/1100/976
f 2460/1100/976 2459/1099/975 2462/1102/978
f 2463/1103/979 2458/1098/974 2461/1101/1000
f 2459/1099/975 2464/1104/980 2462/1102/978
f 2465/1105/1001 2463/1103/979 2461/1101/1000
f 2458/1098/974 2466/1106/982 2459/1099/975
f 2462/1102/978 2464/1104/980 2467/1107/983
f 2468/1108/984 2463/1103/979 2465/1105/1001
f 2469/1109/985 2466/1106/982 2458/1098/974
f 2466/1106/982 2470/1110/986 2459/1099/975
f 2459/1099/975 2470/1110/986 2464/1104/980
f 2471/1111/987 2468/1108/984 2465/1105/1001
f 2463/1103/979 2469/1109/985 2458/1098/974
f 2472/1112/1157 2466/1106/982 2469/1109/985
f 2472/1112/1157 2470/1110/986 2466/1106/982
f 2473/1113/989 2468/1108/984 2471/1111/987
f 2468/1108/984 2474/1114/990 2463/1103/979
f 2474/1114/990 2469/1109/985 2463/1103/979
f 2472/1112/1157 2469/1109/985 2474/1114/990
f 2470/1110/986 2475/1115/1002 2464/1104/980
f 2476/1116/992 2473/1113/989 2471/1111/987
f 2472/1112/1157 2477/1117/1003 2470/1110/986
f 2478/1118/994 2474/1114/990 2468/1108/984
f 2477/1117/1003 2475/1115/1002 2470/1110/986
f 2473/1113/989 2478/1118/994 2468/1108/984
f 2479/1119/995 2473/1113/989 2476/1116/992
f 2472/1112/1157 2474/1114/990 2478/1118/994
f 2475/1115/1002 2480/1120/996 2464/1104/980
f 2475/1115/1002 2479/1119/995 2480/1120/996
f 2479/1119/995 2481/1121/997 2473/1113/989
f 2472/1112/1157 2478/1118/994 2481/1121/997
f 2480/1120/996 2479/1119/995 2476/1116/992
f 2464/1104/980 2480/1120/996 2467/1107/983
f 2481/1121/997 2478/1118/994 2473/1113/989
f 2472/1112/1157 2482/1122/998 2477/1117/1003
f 2475/1115/1002 2482/1122/998 2479/1119/995
f 2482/1122/998 2481/1121/997 2479/1119/995
f 2472/1112/1157 2481/1121/997 2482/1122/998
f 2477/1117/1003 2482/1122/998 2475/1115/1002
f 2483/4/7 2484/5/8 2485/6/9
f 2483/4/7 2486/7/10 2484/5/8
f 2485/6/9 2484/5/8 2487/8/11
f 2488/9/12 2486/7/10 2483/4/7
f 2485/6/9 2487/8/11 2489/10/13
f 2488/9/12 2490/11/14 2486/7/10
f 2491/12/15 2483/4/7 2485/6/9
f 2489/10/13 2487/8/11 2492/13/16
f 2493/14/17 2490/11/14 2488/9/12
f 2494/15/18 2483/4/7 2491/12/15
f 2492/13/16 2495/16/19 2489/10/13
f 2493/14/17 2496/17/20 2490/11/14
f 2494/15/18 2488/9/12 2483/4/7
f 2491/12/15 2485/6/9 2497/18/21
f 2497/18/21 2485/6/9 2489/10/13
f 2498/19/22 2496/17/20 2493/14/17
f 2499/20/23 2493/14/17 2488/9/12
f 2499/20/23 2488/9/12 2494/15/18
f 2489/10/13 2500/21/24 2497/18/21
f 2489/10/13 2495/16/19 2500/21/24
f 2498/19/22 2501/22/25 2496/17/20
f 2502/23/26 2493/14/17 2499/20/23
f 2497/18/21 2500/21/24 2503/24/33
f 2502/23/26 2498/19/22 2493/14/17
f 2504/25/28 2495/16/19 2501/22/25
f 2505/26/822 2491/12/15 2497/18/21
f 2505/26/822 2502/23/26 2499/20/23
f 2504/25/28 2501/22/25 2498/19/22
f 2500/21/24 2495/16/19 2504/25/28
f 2505/26/822 2497/18/21 2503/24/33
f 2505/26/822 2499/20/23 2494/15/18
f 2505/26/822 2494/15/18 2491/12/15
f 2503/24/33 2500/21/24 2506/27/30
f 2506/27/30 2500/21/24 2504/25/28
f 2507/28/31 2504/25/28 2498/19/22
f 2505/26/822 2503/24/33 2506/27/30
f 2507/28/31 2498/19/22 2502/23/26
f 2506/27/30 2504/25/28 2507/28/31
f 2505/26/822 2506/27/30 2507/28/31
f 2505/26/822 2507/28/31 2502/23/26
