# Blender 4.1.0
# www.blender.org
mtllib 2levelhouse_FLIPPED.mtl
o c.004
v -0.091811 2.820130 5.251331
v -0.091811 3.471460 5.251331
v 1.821998 3.471460 -4.893403
v 3.281201 3.125658 -4.900293
v 5.586119 6.542422 0.156767
v 5.586119 6.756081 0.156767
v 5.589542 6.542422 0.882935
v 5.598330 6.756080 2.745524
v 0.588183 3.471461 -4.887574
v 0.588183 2.828123 -4.887573
v -0.919845 2.992260 -4.880455
v 7.008013 8.565094 3.786727
v 5.770959 8.575379 3.787379
v -5.742671 7.254272 5.539249
v -5.741771 7.104154 5.730126
v -2.741804 7.104128 5.715964
v -2.794056 7.104128 -5.366096
v -5.794023 7.104154 -5.351967
v -5.793123 7.254273 -5.161090
v 5.727612 7.104151 -5.406291
v 3.205877 7.104126 -5.394385
v 7.016902 7.104184 5.669974
v 6.999440 7.086908 1.969514
v 5.763668 7.086946 1.975317
v 3.258129 7.104126 5.687675
v 5.780492 7.104150 5.675799
v -4.385721 4.850725 5.271577
v -3.364528 4.850725 5.266762
v -1.435410 4.850724 5.257667
v -1.435410 6.542452 5.257667
v -3.364528 6.542453 5.266762
v 6.789348 6.749067 5.218758
v -5.610790 6.749069 5.277387
v -5.658602 6.749069 -4.858114
v -5.742805 7.050565 5.508887
v -5.792985 7.050565 -5.130671
v 5.562213 6.749068 -4.911064
v 6.776357 6.749067 2.471384
v 5.764728 7.050563 2.198715
v 5.597038 6.749067 2.476869
v 5.729910 7.050563 -5.185037
v 7.015837 7.050562 5.448616
v 7.000489 7.050562 2.192966
v 2.426016 6.973610 5.239443
v 6.789328 6.973609 5.218748
v 2.426016 6.749067 5.239443
v 6.789328 6.749071 5.218748
v 6.776374 6.973609 2.471379
v 5.582540 6.973609 2.476979
v 5.607020 6.749069 2.476863
v 6.776374 6.749071 2.471379
v 5.598176 0.414364 2.745544
v 2.426024 0.414410 5.239485
v 2.414340 0.414405 2.760555
v 2.426017 6.966791 5.239382
v 2.414338 3.471460 2.760503
v 2.426018 3.471460 5.239483
v 5.598334 6.966791 2.745491
v 2.414322 6.966792 2.760504
v 3.420452 2.853475 2.755759
v 3.420451 0.414353 2.755760
v 3.446344 6.355534 2.755637
v 3.446343 3.937438 2.755638
v 5.598333 3.937437 2.745491
v 4.831665 6.355533 2.749105
v 4.831665 3.937438 2.749106
v 5.598333 3.471459 2.745492
v 4.862453 2.853475 2.748961
v 4.862453 0.414352 2.748961
v 2.412680 3.471460 2.411445
v 6.788549 3.471459 2.390813
v 6.801883 3.471459 5.218828
v 1.282168 2.820130 5.244853
v 2.426030 0.414383 5.239461
v 2.426031 3.471460 5.239460
v 1.282167 0.414384 5.244853
v -4.383280 1.324847 5.271565
v -0.091812 0.414384 5.251331
v -3.354214 3.009665 5.266714
v -3.354916 1.324847 5.266717
v -4.383279 3.009665 5.271565
v -5.632894 3.014484 0.589982
v -5.636425 1.431654 -0.159227
v -5.636426 3.014484 -0.159227
v -5.658580 0.414386 -4.858085
v 5.562255 3.471459 -4.911027
v 5.573045 3.128765 -2.615855
v 5.567408 3.122741 -3.811622
v 5.573044 1.995732 -2.615855
v 5.562254 0.414385 -4.911027
v 5.567403 1.995732 -3.812247
v 5.586117 0.414387 0.156767
v 5.596687 3.937432 2.396429
v 6.788564 3.471459 2.390882
v 5.596688 3.471459 2.396473
v 6.801912 3.471459 5.218839
v 5.598341 7.049408 2.745487
v 5.595582 6.756081 2.161226
v 5.595582 7.049408 2.161226
v 1.169893 6.542451 5.245382
v -4.385720 6.542453 5.271576
v 1.821997 2.828123 -4.893403
v -4.531259 1.324895 -4.863404
v -4.531258 2.992261 -4.863405
v 4.488837 1.991623 -4.905995
v 4.488838 3.125658 -4.905995
v 5.562256 6.756073 -4.911027
v 5.584718 6.542422 -0.140257
v 5.589542 4.844819 0.882935
v 5.598324 3.471459 2.745554
v 5.584718 4.844819 -0.140257
v 5.586118 4.844819 0.156767
v 0.818983 4.850760 -4.888661
v 0.818983 6.756067 -4.888661
v 1.834810 6.756067 -4.893463
v 1.834809 6.542435 -4.893463
v 0.818983 6.542435 -4.888661
v -4.495932 4.849617 -4.863578
v -4.500010 6.542436 -4.863563
v 4.432690 4.850760 -4.905729
v 4.432691 6.542434 -4.905730
v -3.475095 4.850761 -4.868398
v -5.658565 3.471462 -4.858091
v -3.475094 6.542436 -4.868399
v -1.881661 6.756068 -4.875915
v 3.401650 6.542434 -4.900861
v -5.645926 6.542436 -2.174636
v -5.650815 6.542436 -3.211381
v -5.634686 6.756083 0.209671
v -5.622517 4.850714 2.790505
v -5.622516 6.542436 2.790506
v -5.617665 4.850714 3.819478
v -5.617666 6.542436 3.819479
v -5.645926 4.850714 -2.174637
v -5.634685 3.471462 0.209671
v -5.658564 6.756076 -4.858093
v -5.650815 4.850714 -3.211381
v -5.610797 6.756085 5.277391
v -0.415170 6.756086 5.252856
v 5.586118 3.471459 0.156767
v 5.598324 3.471459 2.745570
v 5.598323 0.414386 2.745570
v 5.596473 -4.383916 2.396619
v 6.788695 0.414369 2.390769
v 6.788731 -4.383919 2.390772
v -5.658583 -4.383899 -4.858078
v -5.610787 0.414377 5.277392
v -5.610791 -4.383911 5.277391
v 5.596477 0.414374 2.396590
v 5.562237 -4.383898 -4.911026
v 6.802058 0.414379 5.218937
v 6.802052 -4.383909 5.218941
v -5.792970 7.050570 -5.130692
v 5.728648 7.050566 -5.185014
v -5.742826 7.266872 5.508848
v 5.779443 7.266869 5.454527
v -5.742824 7.050570 5.508849
v 7.000495 7.262715 2.192893
v 7.015851 7.050568 5.448697
v 7.000495 7.050568 2.192893
v 5.780073 7.050566 5.454524
v 7.015850 7.266869 5.448697
v 5.764717 7.262715 2.198728
v 5.764717 7.050568 2.198728
v 6.802063 0.414376 5.218901
v 6.788690 0.414376 2.390807
v 5.596453 0.414371 2.396605
v 5.581561 -4.383886 -0.810496
v 5.586095 0.414384 0.149738
v 6.285102 -4.383887 0.146446
v 6.285106 0.414384 0.146446
v 5.586091 -4.383887 0.149737
v 6.280579 0.414384 -0.813793
v 6.280574 -4.383887 -0.813793
v 5.581567 0.414385 -0.810497
v 6.169415 0.414608 -0.681150
v 5.637954 1.592109 -0.678629
v 5.638179 0.414167 -0.678645
v 5.642890 1.594101 0.009981
v 5.639360 0.414213 0.010019
v 6.169415 1.599245 -0.681139
v 6.172662 1.598341 0.007490
v 6.172662 0.414748 0.007505
v 5.740774 9.278813 -2.614973
v 3.232005 11.431931 0.146644
v 5.753739 11.431931 0.134755
v 3.219039 9.278812 -2.603083
v 0.232037 11.431931 0.160789
v 5.728512 7.254270 -5.215414
v 0.205911 7.104128 -5.380240
v 0.219072 9.278814 -2.588939
v -2.780895 9.278815 -2.574794
v -5.780861 9.278816 -2.560649
v 5.766703 9.278813 2.884482
v 3.244968 9.278812 2.896372
v 0.245002 9.278814 2.910517
v -5.767896 11.431930 0.189079
v -2.767929 11.431932 0.174934
v 0.258162 7.104127 5.701819
v -2.754965 9.278815 2.924661
v -5.754931 9.278816 2.938806
v 7.008018 8.568577 3.786693
v 7.015999 7.254270 5.479077
v 7.000071 7.226814 2.102850
v 5.613163 4.882010 2.457049
v 6.722349 4.882010 2.451819
v 5.613164 3.984840 2.457049
v 6.722350 3.984840 2.451819
v 6.823402 4.768620 4.855974
v 6.813539 4.051068 2.763780
v 6.813909 4.944824 2.841973
v 6.823034 3.874864 4.777781
v 6.735209 4.882010 5.179306
v 2.787016 3.984841 5.197921
v 6.735209 3.984840 5.179306
v 2.787015 4.882010 5.197921
v 2.436941 1.352193 5.199572
v 6.385136 0.455023 5.180956
v 6.385136 1.352193 5.180956
v 2.436941 0.455024 5.199572
v 6.787410 1.352193 4.821923
v 6.777879 0.455023 2.800228
v 6.777878 1.352193 2.800228
v 6.787410 0.455023 4.821923
v 5.613163 1.347583 2.457049
v 6.722348 1.347583 2.451819
v 5.613163 0.450414 2.457049
v 6.722349 0.450414 2.451819
v -1.953128 2.992260 -4.875578
v -0.919846 1.324894 -4.880455
v 0.588181 0.414384 -4.887573
v -1.953128 1.324894 -4.875577
v 3.401650 4.850760 -4.900861
v 1.834809 4.850760 -4.893463
v 1.834809 3.471460 -4.893463
v -0.415170 3.471460 5.252855
v 1.169893 4.850724 5.245382
v 0.151251 4.850724 5.250185
v -0.415170 4.850724 5.252856
v 0.151251 6.542452 5.250185
v -0.415170 6.542452 5.252856
v 2.426026 6.756085 5.239460
v -5.767893 11.428448 0.189079
v -5.792970 7.270283 -5.130692
v 5.753731 11.428448 0.134755
v 5.728648 7.270279 -5.185017
v 5.778816 7.050566 5.454530
v 5.454051 3.961444 0.800837
v 3.877252 3.961444 0.808272
v 5.462421 3.961444 2.576130
v 2.263023 3.961444 2.591215
v 3.858168 3.961444 -3.239183
v 5.427920 3.961444 -4.741133
v 5.434967 3.961444 -3.246618
v -5.513345 3.961446 -4.689545
v -5.467063 3.961446 5.126283
v 2.274804 3.961444 5.089781
v 2.426025 3.937435 5.239474
v 5.596949 3.937432 2.745497
v 2.414330 3.937437 2.760504
v 6.802030 3.937431 5.218905
v 6.788681 3.937432 2.390851
v 5.595303 3.937432 2.396439
v -5.434429 0.439222 5.159853
v 2.259573 0.439220 5.123577
v 2.247077 0.439220 2.562774
v -5.480815 0.439222 -4.673269
v 5.407410 0.439219 -4.724607
v 5.441699 0.439219 2.547712
v -5.610799 0.414385 5.277392
v -5.614463 1.431653 4.498923
v -5.624845 1.431654 2.296760
v -5.632893 0.414386 0.589982
v -5.632893 1.431654 0.589982
v -5.624846 3.014484 2.296761
v -5.632894 3.471462 0.589982
v -5.610798 3.471462 5.277391
v -5.614463 3.014484 4.498923
v 2.030937 2.828123 -4.894390
v 3.281201 1.991623 -4.900293
v 2.030935 0.414384 -4.894389
v -1.881662 4.850760 -4.875914
v -0.862785 4.850760 -4.880724
v -1.881663 3.471461 -4.875914
v 0.818981 3.471461 -4.888666
v -0.862785 6.542435 -4.880724
v -1.881661 6.542436 -4.875915
v -3.503112 1.324894 -4.868260
v -1.953129 0.414385 -4.875577
v -3.503112 2.992261 -4.868260
v -1.953128 3.471461 -4.875577
v -5.658579 3.471462 -4.858086
v 5.693520 7.066552 -5.128349
v -5.706884 7.066554 5.465534
v -5.710282 7.066555 -5.115606
v 5.696919 7.066551 5.452791
v 2.410717 6.964594 2.295914
v 2.425341 6.970660 5.397518
v 6.934455 6.964592 2.274585
v 6.949080 6.970659 5.376188
v -0.416100 3.961445 5.055635
v -4.386651 4.850725 5.074358
v -1.436340 6.542452 5.060447
v -1.436340 4.850724 5.060447
v -3.365458 4.850725 5.069543
v 1.168963 4.850724 5.048163
v -0.416099 6.542452 5.055636
v -0.416099 7.066572 5.055636
v -3.365458 6.542453 5.069543
v -5.408651 3.961446 5.079216
v -4.386650 6.542453 5.074356
v 2.274283 3.961444 5.042947
v 0.150321 4.850724 5.052966
v -0.416100 4.850724 5.055636
v 0.150321 6.542452 5.052966
v 2.274282 7.066571 5.042952
v 1.168963 6.542451 5.048163
v 2.253742 7.067091 2.077825
v -0.930270 7.067091 2.092837
v 0.101752 6.355534 2.087971
v -0.930262 3.961444 2.092837
v 0.101751 3.961445 2.087971
v 2.253741 3.961444 2.077825
v 1.487073 6.355534 2.081439
v 1.487073 3.961444 2.081440
v 2.274283 7.066552 5.042947
v 2.274282 3.962768 5.042947
v 2.260274 7.066552 2.071863
v 2.260273 3.962768 2.071862
v 2.262630 7.066552 2.571572
v 2.262629 3.962768 2.571572
v 4.722847 3.961444 2.570001
v 4.722847 6.355533 2.570000
v 5.489516 7.067090 2.566386
v 5.489515 3.961444 2.566386
v 3.337526 3.961444 2.576533
v 3.337526 6.355534 2.576532
v 2.305513 3.961443 2.581398
v 2.305505 7.067091 2.581399
v -5.454432 3.961446 -4.634984
v -5.414588 6.542436 3.818521
v -5.431608 3.961446 0.208714
v -5.419439 6.542436 2.789548
v -5.419440 4.850714 2.789548
v -5.431608 7.066568 0.208714
v -5.447737 6.542436 -3.212338
v -5.442849 6.542436 -2.175594
v -5.454431 7.066562 -4.634986
v -0.925627 7.066553 2.147954
v -0.925628 3.962769 2.147955
v -3.497480 6.966254 2.160081
v -3.497481 3.962769 2.160081
v 2.254008 7.067091 2.134240
v -0.930004 7.067091 2.149253
v 1.487339 6.355534 2.137854
v -0.929996 3.961444 2.149252
v 0.102018 6.355534 2.144386
v 0.102017 3.961445 2.144387
v 2.254007 3.961444 2.134240
v 1.487339 3.961444 2.137855
v -3.472347 6.966254 2.159962
v -3.472347 3.962769 2.159963
v -5.534262 6.966255 2.169684
v -5.534263 3.962770 2.169684
v -0.925905 7.066553 2.088999
v -0.925906 3.962769 2.088999
v -3.497758 7.066554 2.101125
v -3.497759 3.962769 2.101126
v -3.472625 7.066554 2.101007
v -3.472625 3.962769 2.101007
v -5.534540 7.066554 2.110728
v -5.534541 3.962770 2.110729
v -0.740773 3.471508 -1.561835
v -0.740773 0.399911 -1.561835
v -0.728647 3.471508 1.010019
v -0.728647 0.399911 1.010019
v -0.092332 2.820130 5.140737
v 1.281646 2.820130 5.134259
v 2.252622 0.414383 5.129682
v 1.281646 0.414384 5.134259
v -5.445352 0.414385 5.166016
v -3.355438 1.324847 5.156123
v -4.383801 1.324847 5.160971
v -3.354736 3.009665 5.156119
v -0.092333 0.414384 5.140737
v -4.383801 3.009665 5.160971
v 2.252623 3.471460 5.129681
v -0.092332 3.471460 5.140737
v -5.470457 3.014484 -0.160010
v -5.448493 3.014484 4.498141
v -5.445351 3.471462 5.166015
v -5.470457 1.431654 -0.160010
v -5.448494 1.431653 4.498141
v -5.458877 1.431653 2.295978
v -5.466924 0.414385 0.589199
v -5.466924 1.431654 0.589200
v -5.458877 3.014484 2.295978
v -5.466924 3.014484 0.589200
v -5.466925 3.471462 0.589200
v -0.918847 2.992260 -4.668729
v 1.822996 2.828123 -4.681676
v 0.589181 2.828123 -4.675846
v -5.491612 3.471462 -4.647141
v -4.530261 1.324895 -4.651678
v -5.491613 0.414386 -4.647141
v 5.391160 3.471459 -4.698489
v 1.822996 3.471460 -4.681676
v 3.282199 3.125658 -4.688567
v 4.489836 3.125658 -4.694268
v -1.952130 3.471461 -4.663851
v 0.589182 3.471461 -4.675847
v -0.918847 1.324894 -4.668728
v 0.589180 0.414384 -4.675846
v -1.952130 0.414385 -4.663851
v -1.952130 1.324894 -4.663851
v 2.031935 2.828123 -4.682663
v 3.282199 1.991623 -4.688567
v 2.031933 0.414384 -4.682662
v 5.391160 0.414385 -4.698489
v 4.489836 1.991622 -4.694268
v -3.502114 1.324894 -4.656533
v -3.502113 2.992261 -4.656533
v -1.952129 2.992260 -4.663851
v -4.530260 2.992261 -4.651679
v 5.395315 3.122741 -3.810811
v 5.400952 3.128765 -2.615043
v 5.400952 1.995732 -2.615043
v 5.395311 1.995732 -3.811436
v 5.414025 3.471459 0.157579
v 5.425126 3.471459 2.511845
v 5.414025 0.414387 0.157579
v 5.425125 0.414387 2.511845
v -0.759828 3.471461 -4.730396
v -0.748286 2.853477 -2.282281
v -0.759881 0.414406 -4.730393
v -0.755084 2.853477 -3.724282
v -0.755085 0.414354 -3.724282
v -0.744869 0.414366 -1.546557
v -0.744816 3.471460 -1.546400
v -0.748286 0.414353 -2.282280
v -0.728886 3.471508 0.959274
v -0.728886 0.399911 0.959274
v -0.716760 3.471508 3.531128
v -0.716760 0.399911 3.531128
v -0.716889 3.471508 3.503801
v -0.716889 0.399911 3.503801
v -0.709159 3.471508 5.143323
v -0.709159 0.399911 5.143323
v -0.686630 3.471508 -1.562090
v -0.686630 0.399911 -1.562090
v -0.674503 3.471508 1.009763
v -0.674503 0.399911 1.009763
v -0.690673 3.471460 -1.546656
v -0.700940 2.853477 -3.724537
v -0.694142 2.853477 -2.282536
v -0.705684 3.471461 -4.730651
v -0.705737 0.414406 -4.730649
v -0.700941 0.414354 -3.724537
v -0.690725 0.414366 -1.546812
v -0.694142 0.414353 -2.282535
v -0.674743 3.471508 0.959019
v -0.674743 0.399911 0.959019
v -0.662616 3.471508 3.530873
v -0.662616 0.399911 3.530873
v -0.662745 3.471508 3.503546
v -0.662745 0.399911 3.503546
v -0.655015 3.471508 5.143068
v -0.655015 0.399911 5.143068
v 2.240340 3.471460 2.524552
v 2.252795 3.471460 5.167980
v 2.240342 0.414405 2.524607
v 2.252802 0.414410 5.167981
v 4.802044 2.853475 2.514782
v 2.241672 3.471460 2.526854
v 2.241674 0.414405 2.526906
v 3.293921 2.853475 2.521892
v 3.293921 0.414353 2.521893
v 5.425109 0.414364 2.511897
v 5.425273 3.471459 2.511844
v 4.802045 0.414352 2.514782
v 2.263023 3.462762 2.591215
v 5.462421 3.462761 2.576130
v 3.877252 3.462762 0.808272
v 5.454051 3.462761 0.800837
v 3.858168 3.462762 -3.239183
v 5.427920 3.462762 -4.741133
v 5.434967 3.462762 -3.246618
v -5.513345 3.462764 -4.689545
v -5.467063 3.462764 5.126283
v 2.274804 3.462762 5.089781
v -5.414588 4.850714 3.818521
v -5.408650 7.066571 5.079214
v -5.442849 4.850714 -2.175594
v -5.447738 4.850714 -3.212339
v 1.835865 4.850760 -4.669397
v 1.835865 3.961445 -4.669397
v 0.820039 4.850760 -4.664596
v 0.820040 7.066553 -4.664596
v -4.494875 4.849617 -4.639513
v -4.498954 6.542436 -4.639498
v 5.360935 3.961444 -4.686008
v -1.880606 3.961446 -4.651849
v -3.474038 4.850761 -4.644333
v -1.880605 4.850760 -4.651849
v -3.474038 6.542436 -4.644333
v -1.880604 7.066554 -4.651850
v 5.360936 7.066559 -4.686008
v 3.402706 6.542434 -4.676796
v 1.835866 7.066553 -4.669398
v 4.433747 6.542434 -4.681665
v 1.835866 6.542435 -4.669398
v 3.402706 4.850760 -4.676796
v 4.433747 4.850760 -4.681664
v -0.861729 4.850760 -4.656659
v 0.820038 3.961445 -4.664601
v -0.861729 6.542435 -4.656660
v 0.820040 6.542435 -4.664596
v -1.880604 6.542436 -4.651850
v 5.387167 6.542422 0.883889
v 5.383743 7.066566 0.157722
v 5.387167 4.844819 0.883889
v 5.383742 3.961444 0.157722
v 5.383743 4.844819 0.157722
v 5.360937 7.066559 -4.686043
v 5.382343 6.542422 -0.139303
v 5.383743 6.542422 0.157722
v 5.360936 3.961444 -4.686043
v 5.382342 4.844819 -0.139303
v 5.395107 7.066566 2.566831
v 5.395101 3.961444 2.566862
v 3.977080 0.719172 -2.384239
v 3.966086 0.719172 -4.716032
v 5.565460 0.719171 -2.391729
v 5.556751 0.719172 -4.723532
v 3.777074 0.568539 -2.384968
v 3.977067 0.569249 -2.387074
v 3.777070 0.568539 -2.385992
v 3.766219 0.568539 -4.687391
v 3.766219 0.367936 -4.687391
v 3.777070 0.367935 -2.385992
v 3.966213 0.674656 -4.689149
v 3.977067 0.719172 -2.386935
v 3.966212 0.719172 -4.689238
v 3.977067 0.674656 -2.386935
v 3.977067 0.569248 -2.386935
v 3.966211 0.569249 -4.689497
v 3.977075 0.367809 -2.385323
v 3.777074 0.367936 -2.384968
v 3.978585 2.113680 -0.985356
v 3.978585 2.314283 -0.985356
v 3.980336 2.314993 -0.785362
v 3.977642 2.113680 -1.185354
v 3.976699 1.913077 -1.385352
v 3.976698 1.705034 -1.385352
v 3.975755 1.705034 -1.585350
v 3.974844 1.311268 -1.778585
v 3.974813 1.511871 -1.785348
v 3.973891 1.110665 -1.980770
v 3.973870 1.311268 -1.985346
v 3.972926 0.910061 -2.185343
v 3.972926 1.110665 -2.185343
v 3.971983 0.709458 -2.385341
v 3.971983 0.910061 -2.385341
v 3.975787 1.511871 -1.578587
v 3.975469 1.241231 -1.661591
v 3.977642 1.913077 -1.185354
v 3.978781 1.913076 -1.385362
v 5.577727 1.705033 -1.592903
v 3.977838 1.511871 -1.585360
v 3.981610 2.314992 -0.785369
v 5.582308 2.314992 -0.792916
v 3.980667 2.314283 -0.985366
v 5.580557 2.314283 -0.992910
v 5.579613 2.113680 -1.192908
v 3.979724 2.113679 -1.185364
v 5.580556 2.113680 -0.992910
v 3.980667 2.113679 -0.985366
v 5.579613 1.913077 -1.192908
v 5.578670 1.913077 -1.392905
v 3.979724 1.913076 -1.185364
v 3.977838 1.705034 -1.585360
v 5.578670 1.705033 -1.392905
v 3.978781 1.705034 -1.385362
v 5.576784 1.511871 -1.792901
v 5.577759 1.511871 -1.586141
v 3.976895 1.511871 -1.785357
v 5.576816 1.311267 -1.786138
v 3.976895 1.311267 -1.785357
v 3.975952 1.311267 -1.985355
v 5.575841 1.311267 -1.992899
v 5.575863 1.110664 -1.988323
v 3.975952 1.110664 -1.985355
v 3.975009 1.110664 -2.185353
v 5.574898 1.110664 -2.192896
v 5.573956 0.910061 -2.392894
v 3.974066 0.910061 -2.385351
v 5.574898 0.910061 -2.192896
v 3.975009 0.910061 -2.185353
v 5.573956 0.709457 -2.392894
v 3.974066 0.709458 -2.385351
v 3.972884 0.709458 -2.208248
v 3.979117 2.113553 -0.785357
v 3.977876 1.816369 -1.083875
v 3.986152 3.914425 0.619580
v 3.985209 3.513219 0.419582
v 3.985209 3.713822 0.419582
v 3.984266 3.513219 0.219584
v 3.983323 3.305175 0.019587
v 3.982412 2.911409 -0.173649
v 3.982380 3.112012 -0.180411
v 3.981437 2.911409 -0.380409
v 3.980494 2.510203 -0.580407
v 3.980494 2.710806 -0.580407
v 3.979551 2.510203 -0.780404
v 3.983037 2.841372 -0.056654
v 3.981458 2.710806 -0.375834
v 3.983355 3.112012 0.026349
v 3.984266 3.305175 0.219584
v 3.985443 3.416510 0.521061
v 5.586238 3.513218 0.212031
v 3.985406 3.112012 0.019577
v 3.989178 3.915134 0.819567
v 5.589875 3.915133 0.812020
v 3.988235 3.914425 0.619570
v 5.588124 3.914424 0.612026
v 5.588124 3.713821 0.612026
v 3.988235 3.713820 0.619570
v 3.987292 3.713820 0.419572
v 5.587181 3.713821 0.412029
v 5.587181 3.513218 0.412029
v 3.986349 3.513217 0.219574
v 3.987292 3.513217 0.419572
v 5.585295 3.305174 0.012033
v 3.985406 3.305175 0.019577
v 5.586238 3.305174 0.212031
v 3.986349 3.305175 0.219574
v 5.584352 3.112012 -0.187964
v 5.585327 3.112012 0.018796
v 3.984463 3.112012 -0.180421
v 5.584384 2.911409 -0.181202
v 3.984463 2.911408 -0.180421
v 3.983520 2.911408 -0.380419
v 5.583409 2.911409 -0.387962
v 3.983520 2.710805 -0.380419
v 5.582466 2.710805 -0.587960
v 5.583431 2.710805 -0.383387
v 3.982577 2.710805 -0.580417
v 5.581523 2.510202 -0.787958
v 5.582466 2.510202 -0.587960
v 3.982577 2.510202 -0.580417
v 3.981633 2.510202 -0.780414
v 5.581523 2.309598 -0.787958
v 3.981633 2.309598 -0.780414
v 3.979551 2.309599 -0.780404
v 3.980452 2.309599 -0.603312
v 3.986685 3.713695 0.819579
v 3.986152 3.713822 0.619580
v 3.987904 3.915134 0.819573
v 3.979623 2.323132 -0.780092
v 3.979471 2.101219 -0.796795
v 3.980470 2.330657 -0.585045
v 3.974556 0.367936 -2.385900
v 4.174556 0.367809 -2.386254
v 4.174548 0.569249 -2.388006
v 3.974556 0.568539 -2.385900
v 3.974556 0.516368 -2.385900
v 4.174556 0.516241 -2.386254
v 4.174548 0.717681 -2.388006
v 3.974556 0.716971 -2.385900
v 3.972814 0.713148 -2.209290
v 3.971870 0.512544 -2.409288
v 3.972045 0.713148 -2.386383
v 5.528926 3.797530 0.892181
v 3.981758 2.197531 -0.705366
v 3.989322 3.797531 0.899440
v 5.572421 2.197530 -0.712866
v 5.521438 2.205162 -0.695825
v 3.973374 0.415648 -2.483457
v 3.981835 2.205162 -0.688566
v 5.564037 0.415647 -2.490957
v 3.739789 3.461824 -3.351965
v 5.342495 3.459397 -3.242730
v 3.740341 3.461823 -3.234792
v 5.468616 3.459206 -3.375067
v 5.341696 3.975340 -3.242714
v 5.427165 3.975206 -3.353599
v 3.739016 3.977763 -3.355530
v 3.739584 3.977281 -3.235161
v 3.757472 3.461824 -1.630246
v 3.874645 3.461823 -1.630798
v 3.734370 3.459207 -3.359073
v 3.866706 3.459397 -3.232952
v 3.874277 3.977281 -1.630041
v 3.866723 3.975341 -3.232153
v 3.755838 3.975207 -3.317622
v 3.753907 3.977762 -1.629472
v 3.765026 3.461824 -0.028135
v 3.882198 3.461823 -0.028688
v 3.741924 3.459207 -1.756962
v 3.874260 3.459397 -1.630842
v 3.881831 3.977281 -0.027930
v 3.763392 3.975207 -1.715512
v 3.761461 3.977762 -0.027362
v 3.874277 3.975341 -1.630042
v 3.769433 3.461824 0.906519
v 3.886605 3.461823 0.905967
v 3.749639 3.459207 -0.120534
v 3.881733 3.459397 -0.045860
v 3.886236 3.977281 0.906417
v 3.771028 3.975207 -0.095949
v 3.765866 3.977762 0.906986
v 3.881749 3.975341 -0.045384
v 5.479220 3.461824 0.905597
v 3.750392 3.459207 0.928699
v 5.478668 3.461823 0.788424
v 3.876513 3.459397 0.796363
v 3.877313 3.975341 0.796346
v 3.791844 3.975207 0.907231
v 5.479994 3.977762 0.909162
v 5.479426 3.977281 0.788792
v 5.484168 3.461824 -0.808851
v 5.507270 3.459206 0.919976
v 5.366995 3.461823 -0.808299
v 5.374935 3.459397 0.793856
v 5.367362 3.977281 -0.809058
v 5.485803 3.975206 0.878526
v 5.487733 3.977762 -0.809625
v 5.374918 3.975340 0.793056
v 5.476613 3.461824 -2.411158
v 5.359440 3.461823 -2.410605
v 5.499716 3.459206 -0.682330
v 5.367380 3.459397 -0.808450
v 5.359807 3.977281 -2.411364
v 5.367363 3.975340 -0.809250
v 5.478248 3.975206 -0.723781
v 5.480178 3.977762 -2.411932
v 5.472375 3.461824 -3.309941
v 5.359858 3.459397 -2.403889
v 5.355202 3.461823 -3.309388
v 5.491933 3.459206 -2.332879
v 5.355571 3.977281 -3.309817
v 5.359842 3.975340 -2.404342
v 5.470551 3.975206 -2.356262
v 5.475942 3.977762 -3.310385
v 4.069303 1.868750 -2.262410
v 4.069306 0.900514 -2.262410
v 4.019827 1.868910 -2.262177
v 4.019827 0.900356 -2.262177
v 4.044799 1.868752 -2.212817
v 4.044798 0.900276 -2.212817
v 4.024272 1.910356 -1.319380
v 4.073751 1.910515 -1.319613
v 4.073748 2.878751 -1.319613
v 4.024272 2.878911 -1.319380
v 4.049244 2.878753 -1.270021
v 4.049244 1.910277 -1.270021
v 4.031949 3.503985 0.308690
v 4.081428 3.504144 0.308457
v 4.081425 4.472380 0.308457
v 4.056920 3.503906 0.358049
v 4.031949 4.472540 0.308690
v 4.056921 4.472382 0.358049
v 3.806396 3.930193 0.014238
v 3.855876 3.930351 0.014005
v 3.855872 4.898588 0.014005
v 3.831368 3.930114 0.063598
v 3.806396 4.898747 0.014238
v 3.831368 4.898589 0.063598
v 3.840226 4.898588 -3.304450
v 3.840229 3.930352 -3.304450
v 3.790750 4.898747 -3.304216
v 3.790750 3.930193 -3.304216
v 3.815722 4.898590 -3.254858
v 3.815722 3.930114 -3.254858
v 3.749808 4.912214 -3.353892
v 3.766762 4.893038 0.228247
v 3.856008 4.827620 -3.420585
v 3.749560 4.827620 -3.420083
v 3.873278 4.893089 0.227110
v 3.873892 4.977750 0.353219
v 3.767292 4.977685 0.354378
v 3.856377 4.912214 -3.354394
v 4.075434 2.719744 -1.372213
v 4.075414 2.838676 -1.372249
v 4.075363 2.837774 -1.379906
v 3.968992 2.746772 -1.351172
v 3.968795 2.837774 -1.379404
v 4.075440 2.746772 -1.351673
v 3.968894 2.838418 -1.372082
v 3.976855 4.491718 0.329856
v 4.083233 4.582719 0.301122
v 3.976786 4.582719 0.301624
v 4.083423 4.491718 0.329354
v 3.972306 3.478101 -0.648494
v 4.078843 3.596775 -0.649367
v 3.964217 1.824801 -2.350432
v 4.070862 1.733800 -2.322702
v 3.964414 1.733800 -2.322200
v 4.078823 3.477842 -0.649332
v 3.972241 3.597034 -0.648510
v 4.070785 1.824801 -2.350934
v 3.968830 2.719485 -1.372066
v 6.791724 1.382383 5.165335
v 6.732379 0.370075 5.195478
v 6.791724 0.370075 5.165336
v 6.732378 1.382383 5.195477
v 6.732097 0.370075 5.135719
v 6.732096 1.382383 5.135718
v 6.791725 2.376987 5.165335
v 6.732379 1.364678 5.195478
v 6.732378 2.376987 5.195477
v 6.732097 1.364678 5.135719
v 6.732096 2.376987 5.135718
v 6.791724 1.364678 5.165336
v 6.732379 2.353961 5.195478
v 6.791725 2.353961 5.165336
v 6.732378 3.366269 5.195477
v 6.732098 2.353961 5.135719
v 6.732096 3.366269 5.135718
v 6.791725 3.366269 5.165335
v 6.791725 4.360873 5.165335
v 6.732379 3.348565 5.195478
v 6.791725 3.348565 5.165336
v 6.732378 4.360873 5.195477
v 6.732098 3.348565 5.135719
v 6.732097 4.360873 5.135718
v 6.791725 5.359356 5.165335
v 6.732380 4.347048 5.195478
v 6.732378 5.359356 5.195477
v 6.732098 4.347048 5.135719
v 6.732097 5.359356 5.135718
v 6.791725 4.347048 5.165336
v 6.791725 6.348639 5.165335
v 6.732380 5.336331 5.195478
v 6.791725 5.336331 5.165336
v 6.732378 6.348639 5.195477
v 6.732098 5.336331 5.135719
v 6.732097 6.348639 5.135718
v 6.791726 7.343244 5.165335
v 6.732380 6.330935 5.195478
v 6.791725 6.330935 5.165336
v 6.732379 7.343244 5.195477
v 6.732098 6.330935 5.135719
v 6.732097 7.343244 5.135718
v 6.780923 1.382383 2.582879
v 6.721577 0.370075 2.613023
v 6.780923 0.370075 2.582880
v 6.721576 1.382383 2.613021
v 6.721295 0.370075 2.553264
v 6.721294 1.382383 2.553263
v 6.721577 1.364679 2.613023
v 6.721576 2.376987 2.613021
v 6.721295 1.364679 2.553264
v 6.721295 2.376987 2.553263
v 6.780923 2.376987 2.582879
v 6.780923 1.364679 2.582880
v 6.780923 3.366269 2.582879
v 6.721577 2.353961 2.613023
v 6.780923 2.353961 2.582880
v 6.721576 3.366269 2.613021
v 6.721296 2.353961 2.553264
v 6.721295 3.366269 2.553263
v 6.721577 3.348565 2.613023
v 6.721577 4.360873 2.613021
v 6.721296 3.348565 2.553264
v 6.721295 4.360873 2.553263
v 6.780924 4.360873 2.582879
v 6.780923 3.348565 2.582880
v 6.780924 5.359356 2.582879
v 6.721578 4.347049 2.613023
v 6.721577 5.359356 2.613021
v 6.721296 4.347049 2.553264
v 6.721295 5.359356 2.553263
v 6.780924 4.347049 2.582880
v 6.721578 5.336331 2.613023
v 6.780924 5.336331 2.582880
v 6.721577 6.348639 2.613021
v 6.721296 5.336331 2.553264
v 6.721295 6.348639 2.553263
v 6.780924 6.348639 2.582879
v 6.721578 6.330935 2.613023
v 6.780924 6.330935 2.582880
v 6.721577 7.343244 2.613022
v 6.721296 6.330935 2.553264
v 6.721296 7.343244 2.553263
v 6.780924 7.343244 2.582879
v 6.791671 1.316479 5.153930
v 6.727411 1.286616 4.141914
v 6.786898 1.316478 4.141634
v 6.732183 1.286617 5.154211
v 6.727411 1.346375 4.141914
v 6.732183 1.346376 5.154210
v 6.755019 1.286616 2.576156
v 6.755300 1.316478 2.635643
v 5.598953 1.286617 2.581605
v 6.755019 1.346375 2.576156
v 5.598953 1.346376 2.581605
v 5.599234 1.316479 2.641093
v 6.731904 1.316479 5.094721
v 5.719889 1.286616 5.158981
v 5.719608 1.316478 5.099494
v 5.719889 1.346375 5.158981
v 5.715787 1.316480 5.099513
v 4.703772 1.286616 5.163772
v 4.703491 1.316478 5.104284
v 5.716068 1.286617 5.159000
v 4.703772 1.346375 5.163772
v 5.716068 1.346376 5.159000
v 3.705533 1.286617 5.168478
v 4.717829 1.286618 5.163706
v 3.705533 1.346376 5.168478
v 4.717829 1.346377 5.163706
v 4.717548 1.316480 5.104219
v 3.705252 1.316479 5.108991
v 3.719824 1.316480 5.108923
v 2.433711 1.286617 5.174475
v 3.720104 1.286618 5.168411
v 2.433711 1.346376 5.174475
v 3.720104 1.346377 5.168411
v 2.433431 1.316479 5.114988
v 6.727412 4.724781 4.141914
v 6.786899 4.754643 4.141634
v 6.727412 4.784540 4.141914
v 6.791672 4.754644 5.153930
v 6.784328 4.754644 3.596318
v 6.720068 4.724781 2.584302
v 6.724840 4.724782 3.596599
v 6.720068 4.784540 2.584302
v 6.724840 4.784541 3.596599
v 6.779554 4.754643 2.584022
v 6.731905 4.754644 5.094721
v 5.719890 4.724781 5.158981
v 5.719609 4.754643 5.099494
v 6.732185 4.724782 5.154209
v 5.719890 4.784540 5.158981
v 6.732185 4.784541 5.154209
v 4.703773 4.724782 5.163772
v 4.703492 4.754643 5.104284
v 5.716069 4.724782 5.159000
v 4.703773 4.784540 5.163772
v 5.716069 4.784541 5.159000
v 5.715788 4.754644 5.099513
v 3.705533 4.724782 5.168478
v 3.705253 4.754643 5.108991
v 4.717830 4.724782 5.163706
v 3.705533 4.784541 5.168478
v 4.717830 4.784542 5.163706
v 4.717549 4.754644 5.104219
v 2.433712 4.724782 5.174475
v 3.720105 4.724783 5.168411
v 2.433712 4.784541 5.174475
v 3.720105 4.784542 5.168411
v 3.719825 4.754645 5.108923
v 2.433432 4.754644 5.114988
v 5.602160 4.749770 2.625614
v 6.754822 4.719906 2.560692
v 5.601879 4.719908 2.566127
v 6.754822 4.779665 2.560692
v 5.601879 4.779666 2.566127
v 6.755102 4.749768 2.620179
v 6.718069 1.286616 2.589857
v 6.722826 1.286617 3.599001
v 6.718069 1.346375 2.589857
v 6.722826 1.346376 3.599001
v 6.782314 1.316479 3.598721
v 6.777557 1.316478 2.589577
v 3.810860 3.746307 5.169057
v 3.870206 3.746307 5.138915
v 3.810859 4.758615 5.169056
v 3.810578 3.746307 5.109299
v 3.810577 4.758615 5.109297
v 3.870205 4.758615 5.138914
v 5.438326 4.758615 5.131520
v 5.378980 3.746307 5.161663
v 5.438326 3.746307 5.131521
v 5.378980 4.758615 5.161662
v 5.378698 3.746307 5.101905
v 5.378698 4.758615 5.101903
v 6.734250 3.746307 3.795357
v 6.793595 3.746307 3.765214
v 6.734249 4.758615 3.795355
v 6.733968 3.746307 3.735598
v 6.733967 4.758615 3.735597
v 6.793595 4.758615 3.765213
v 3.810859 0.301024 5.169057
v 3.870205 0.301024 5.138915
v 3.810858 1.313332 5.169056
v 3.810577 0.301024 5.109299
v 3.810576 1.313332 5.109297
v 3.870204 1.313332 5.138914
v 5.378980 0.301024 5.161663
v 5.378979 1.313332 5.161662
v 5.378698 0.301024 5.101905
v 5.378697 1.313332 5.101903
v 5.438325 1.313332 5.131520
v 5.438326 0.301024 5.131521
v 6.793594 1.313332 3.765213
v 6.734249 0.301024 3.795357
v 6.793594 0.301024 3.765214
v 6.734248 1.313332 3.795355
v 6.733967 0.301024 3.735598
v 6.733966 1.313332 3.735597
v -5.530834 3.391707 -4.021242
v -5.505002 3.391705 1.457494
v 1.340031 3.506683 5.359805
v 1.431475 3.391705 5.172549
v -5.487333 3.391706 5.205171
v 6.721014 3.391705 5.147610
v 1.382681 3.391705 5.172780
v 6.917253 3.506682 5.333509
v -5.728036 3.506684 -4.215082
v -5.728037 3.704762 -4.215082
v -5.576232 3.801137 -4.072085
v 1.320324 3.801135 5.244069
v -5.532156 3.801137 5.276377
v 1.340031 3.704760 5.359805
v -5.701033 3.506684 1.512218
v -5.682737 3.506685 5.392916
v -5.701033 3.704762 1.512218
v -5.549878 3.801137 1.517465
v -5.682737 3.704762 5.392916
v 1.291237 3.506683 5.360035
v 1.291237 3.704760 5.360035
v 6.917253 3.704759 5.333509
v 6.798887 3.801134 5.218239
v 1.271530 3.801135 5.244299
v 1.806834 3.391705 -4.820836
v -1.855631 3.506683 -4.999857
v -1.800907 3.391705 -4.803827
v -5.530843 3.391706 -1.023167
v -5.548584 3.391707 -4.786157
v -5.736330 3.506685 -4.981561
v 1.827063 3.506682 -5.017220
v 1.827065 3.704760 -5.017220
v -5.718098 3.506685 -1.114612
v -1.855631 3.704761 -4.999857
v 1.857677 3.801136 -4.866234
v -1.860878 3.801136 -4.848702
v -5.602362 3.801137 -1.134319
v -5.619791 3.801137 -4.830980
v -5.718098 3.704762 -1.114612
v -5.736330 3.704762 -4.981561
v 5.508750 3.400121 2.160218
v 5.493399 3.400120 -1.096251
v 1.804183 3.507382 -5.013441
v 1.712738 3.400122 -4.826185
v 5.475729 3.400121 -4.843927
v 5.689430 3.507380 -1.150974
v 5.705954 3.507380 2.354057
v 5.705955 3.692159 2.354059
v 5.671134 3.507381 -5.031673
v 1.804183 3.692161 -5.013441
v 5.554150 3.782065 2.211062
v 1.823890 3.782066 -4.897705
v 5.520552 3.782065 -4.915135
v 5.671134 3.692160 -5.031673
v 5.689430 3.692160 -1.150974
v 5.538273 3.782065 -1.156221
v 6.722247 3.391705 2.416379
v 6.729255 3.391704 5.158991
v 6.902565 3.506683 2.292392
v 6.916903 3.506682 5.333598
v 6.916903 3.704759 5.333598
v 6.902565 3.704759 2.292392
v 6.787201 3.801135 2.391137
v 6.800534 3.801134 5.218920
v 5.612468 3.391706 2.483825
v 6.728927 3.391704 2.413298
v 6.902558 3.506683 2.290917
v 5.557113 3.506683 2.297261
v 6.902558 3.704759 2.290917
v 5.557113 3.704759 2.297261
v 5.590352 3.801135 2.412932
v 6.785245 3.803528 2.392434
v 1.963219 0.379016 -4.897241
v 1.963223 0.440380 -4.897240
v 2.066537 2.899597 -4.897727
v 1.964556 2.795802 -4.664039
v 0.659157 0.430116 -4.891087
v 2.067746 0.429144 -4.664522
v 1.964556 0.430117 -4.664035
v 2.066514 0.429144 -4.897723
v 0.560651 2.899607 -4.657418
v 0.660256 0.430117 -4.657886
v 0.559548 0.429143 -4.890617
v 0.559486 2.899596 -4.890622
v 0.662082 2.795801 -4.891106
v 0.560648 0.429143 -4.657415
v 1.963332 0.430117 -4.897236
v 2.067746 2.899608 -4.664526
v 0.663230 2.795801 -4.657904
v 1.963352 2.795802 -4.897241
v 0.660264 0.379015 -4.657892
v 0.659115 0.379016 -4.891092
v 1.964514 0.440391 -4.664042
v 0.660305 0.440390 -4.657893
v 1.963305 0.440380 -4.897243
v 1.311184 0.379016 -4.894168
v 1.964458 0.379016 -4.664042
v 1.311222 0.440380 -4.894168
v 0.659140 0.440379 -4.891094
v 1.312410 0.440391 -4.660967
v 1.312361 0.379016 -4.660967
v -4.504170 4.807321 -4.913620
v -3.486837 6.537367 -4.918415
v -3.485391 6.537373 -4.613131
v -3.570432 4.889566 -4.612692
v -3.571884 4.889578 -4.917970
v -4.418653 4.889577 -4.913980
v -4.417222 4.889566 -4.608702
v -4.418652 6.454972 -4.913980
v -4.417222 6.454984 -4.608702
v -3.486836 4.807321 -4.918417
v -3.571883 6.454972 -4.917972
v -4.504171 6.537367 -4.913620
v -4.502736 4.807315 -4.608334
v -3.570427 6.454983 -4.612692
v -4.502736 6.537373 -4.608335
v -3.485387 4.807316 -4.613131
v -5.625898 1.445692 3.358713
v -5.450546 1.445692 3.357891
v -5.450426 2.971459 3.394650
v -5.450426 1.446246 3.394650
v -5.450545 2.972809 3.357891
v -5.625898 2.972809 3.358713
v -5.625773 1.446246 3.395467
v -5.625772 2.971459 3.395463
v -5.379296 1.413113 2.261901
v -5.734026 1.413108 2.263568
v -5.368546 1.413115 4.541792
v -5.723275 3.005082 4.543471
v -5.723539 1.478821 4.496127
v -5.379135 2.939182 2.307276
v -5.733852 1.478820 2.308939
v -5.733852 2.939196 2.308937
v -5.379136 1.478832 2.307276
v -5.368823 1.478834 4.494444
v -5.368822 2.939182 4.494444
v -5.379296 3.005076 2.261901
v -5.368549 3.005076 4.541791
v -5.723275 1.413108 4.543474
v -5.734024 3.005082 2.263568
v -5.723539 2.939194 4.496132
v -0.857552 4.807321 -4.930814
v -1.874887 4.807320 -4.926018
v -0.856108 6.537372 -4.625528
v -0.856104 4.807315 -4.625528
v -0.942600 6.454971 -4.930369
v -1.787939 6.454983 -4.621099
v -1.789368 4.889576 -4.926376
v -1.874888 6.537367 -4.926018
v -1.789368 6.454972 -4.926376
v -1.787939 4.889565 -4.621099
v -1.873453 4.807314 -4.620731
v -0.857554 6.537366 -4.930812
v -0.942600 4.889577 -4.930367
v -0.941144 6.454982 -4.625089
v -1.873452 6.537372 -4.620733
v -0.941149 4.889566 -4.625089
v 1.857390 4.807320 -4.943615
v 1.858838 4.807314 -4.638329
v 1.858834 6.537371 -4.638329
v 1.773798 6.454982 -4.637890
v 1.772342 6.454970 -4.943170
v 0.925573 4.889575 -4.939178
v 0.840054 6.537366 -4.938818
v 0.925573 6.454971 -4.939178
v 0.840055 4.807319 -4.938818
v 0.841490 6.537372 -4.633533
v 0.927003 4.889565 -4.633900
v 0.927003 6.454983 -4.633900
v 1.772341 4.889576 -4.943168
v 1.857388 6.537366 -4.943613
v 1.773793 4.889565 -4.637890
v 0.841489 4.807313 -4.633532
v 5.678267 6.537370 0.862626
v 5.372983 6.537365 0.864061
v 5.368186 4.807319 -0.153275
v 5.368187 6.537365 -0.153273
v 5.673471 4.807313 -0.154723
v 5.372623 6.454970 0.778542
v 5.677900 4.889564 0.777112
v 5.372623 4.889574 0.778542
v 5.372982 4.807318 0.864060
v 5.677901 6.454981 0.777112
v 5.368633 4.889575 -0.068226
v 5.368631 6.454969 -0.068227
v 5.678268 4.807312 0.862626
v 5.673472 6.537370 -0.154719
v 5.673911 4.889565 -0.069678
v 5.673911 6.454981 -0.069683
v -4.504171 1.277009 -4.913620
v -4.504172 3.007056 -4.913620
v -3.485388 1.277004 -4.613131
v -4.502737 3.007061 -4.608335
v -4.418653 2.924661 -4.913980
v -3.570428 2.924671 -4.612692
v -4.418653 1.359265 -4.913980
v -3.570433 1.359255 -4.612692
v -3.571885 1.359266 -4.917970
v -4.417223 1.359255 -4.608702
v -4.502737 1.277003 -4.608334
v -4.417223 2.924672 -4.608702
v -3.486836 1.277010 -4.918417
v -3.571884 2.924660 -4.917972
v -3.486838 3.007055 -4.918415
v -3.485392 3.007061 -4.613131
v -1.957117 3.007055 -4.925630
v -1.955681 3.007061 -4.620345
v -0.939783 3.007055 -4.930424
v -1.870168 2.924672 -4.620711
v -1.023377 1.359255 -4.624701
v -1.871598 1.359265 -4.925989
v -1.870168 1.359254 -4.620711
v -1.871597 2.924661 -4.925989
v -1.957115 1.277008 -4.925630
v -1.955682 1.277003 -4.620344
v -1.024828 2.924659 -4.929981
v -1.024829 1.359266 -4.929979
v -0.939781 1.277009 -4.930427
v -0.938336 3.007060 -4.625140
v -1.023373 2.924671 -4.624701
v -0.938333 1.277004 -4.625140
v -5.673225 6.537367 -3.231256
v -5.367942 4.807316 -3.232707
v -5.367481 4.889567 -3.143049
v -5.363274 4.889566 -2.250333
v -5.668551 6.454973 -2.248903
v -5.668170 6.537367 -2.158745
v -5.668552 4.889577 -2.248903
v -5.668170 4.807321 -2.158748
v -5.362885 6.537373 -2.160181
v -5.362885 4.807315 -2.160181
v -5.672759 4.889578 -3.141597
v -5.672760 6.454972 -3.141598
v -5.673227 4.807322 -3.231258
v -5.367941 6.537373 -3.232703
v -5.363274 6.454984 -2.250332
v -5.367481 6.454983 -3.143054
v -4.402632 4.807321 5.326540
v -4.402629 6.537367 5.326539
v -4.404081 4.807315 5.021254
v -4.404076 6.537373 5.021254
v -4.314424 4.889566 5.020793
v -4.312970 4.889577 5.326071
v -3.420277 4.889576 5.321864
v -3.420276 6.454972 5.321864
v -3.421706 4.889565 5.016586
v -3.331555 4.807314 5.016197
v -3.330121 4.807320 5.321483
v -3.330119 6.537367 5.321483
v -4.312971 6.454972 5.326073
v -4.314427 6.454983 5.020794
v -3.331554 6.537372 5.016198
v -3.421705 6.454983 5.016586
v -0.368951 6.537366 5.307521
v -0.370387 4.807313 5.002235
v -1.441464 4.807321 5.312579
v -1.442908 6.537372 5.007292
v -1.351803 6.454971 5.312111
v -0.460538 6.454983 5.002625
v -1.351803 4.889577 5.312109
v -1.353260 6.454982 5.006832
v -1.353256 4.889566 5.006832
v -0.460539 4.889565 5.002625
v -0.459109 6.454971 5.307902
v -0.370386 6.537372 5.002236
v -0.368953 4.807319 5.307521
v -0.459109 4.889575 5.307902
v -1.441461 6.537366 5.312577
v -1.442913 4.807315 5.007292
v 1.205245 4.807319 5.300099
v 1.205248 6.537365 5.300099
v 0.132737 6.537366 5.305154
v 0.131285 4.807314 4.999870
v 0.222395 4.889576 5.304688
v 0.220943 4.889565 4.999410
v 1.113660 4.889565 4.995203
v 1.115090 6.454971 5.300480
v 1.203812 6.537371 4.994814
v 1.113661 6.454982 4.995203
v 1.115089 4.889575 5.300480
v 0.222395 6.454970 5.304689
v 0.132735 4.807320 5.305156
v 1.203811 4.807313 4.994813
v 0.131290 6.537371 4.999870
v 0.220939 6.454982 4.999410
v -5.669108 6.537367 3.878573
v -5.674163 6.537367 2.806063
v -5.368879 6.537373 2.804616
v -5.364211 6.454984 3.786986
v -5.669489 4.889576 3.788415
v -5.673696 4.889578 2.895721
v -5.669109 4.807321 3.878571
v -5.673698 6.454972 2.895720
v -5.669489 6.454972 3.788415
v -5.674166 4.807322 2.806061
v -5.368419 4.889567 2.894269
v -5.363822 4.807314 3.877137
v -5.364212 4.889566 3.786985
v -5.368418 6.454983 2.894264
v -5.363823 6.537373 3.877138
v -5.368879 4.807316 2.804611
v -5.379079 1.402354 0.641591
v -5.688320 1.402360 -0.195838
v -5.684365 3.067755 0.643028
v -5.379375 1.481531 0.571079
v -5.687943 1.481542 -0.125710
v -5.687945 2.988438 -0.125710
v -5.684653 1.481541 0.572511
v -5.379079 3.067760 0.641591
v -5.684365 1.402359 0.643026
v -5.684653 2.988439 0.572511
v -5.688318 3.067755 -0.195837
v -5.382665 2.988449 -0.127163
v -5.383034 3.067760 -0.197282
v -5.379375 2.988450 0.571079
v -5.382666 1.481532 -0.127159
v -5.383034 1.402354 -0.197285
v -3.330122 1.308836 5.321483
v -3.330120 3.038883 5.321483
v -3.331556 1.308830 5.016197
v -4.402633 1.308837 5.326540
v -3.331555 3.038888 5.016198
v -4.404082 1.308832 5.021254
v -3.420278 1.391093 5.321864
v -3.421707 1.391082 5.016586
v -3.420277 2.956489 5.321864
v -3.421706 2.956500 5.016586
v -4.312971 1.391094 5.326071
v -4.312972 2.956488 5.326073
v -4.402630 3.038883 5.326539
v -4.404077 3.038889 5.021254
v -4.314425 1.391083 5.020793
v -4.314428 2.956499 5.020794
v 5.356911 3.128150 -2.544381
v 5.662197 1.970365 -2.545815
v 5.356911 1.970369 -2.544384
v 5.656146 3.128153 -3.829197
v 5.656689 2.025410 -3.721918
v 5.661724 3.073017 -2.653691
v 5.356446 3.073010 -2.652264
v 5.661723 2.025409 -2.653691
v 5.350860 1.970369 -3.827751
v 5.356446 2.025416 -2.652264
v 5.351410 3.073009 -3.720464
v 5.350862 3.128150 -3.827749
v 5.351412 2.025417 -3.720463
v 5.656690 3.073017 -3.721923
v 5.662196 3.128153 -2.545815
v 5.656146 1.970366 -3.829202
v 4.548177 3.128154 -4.942081
v 4.549608 1.970369 -4.636796
v 3.266243 3.128150 -4.630747
v 3.264795 3.128154 -4.936031
v 3.372069 3.073017 -4.936574
v 3.373529 3.073010 -4.631295
v 4.440301 3.073018 -4.941610
v 3.372074 2.025411 -4.936574
v 4.441728 2.025417 -4.636332
v 4.440300 2.025409 -4.941610
v 4.549612 3.128150 -4.636796
v 4.441728 3.073010 -4.636332
v 3.266241 1.970370 -4.630745
v 3.373529 2.025418 -4.631297
v 4.548176 1.970365 -4.942082
v 3.264790 1.970366 -4.936031
v 4.486048 6.537371 -4.650716
v 4.484603 4.807320 -4.956002
v 4.486052 4.807314 -4.650716
v 4.399556 6.454970 -4.955557
v 3.554217 6.454982 -4.646287
v 4.401007 4.889565 -4.650277
v 3.552787 4.889575 -4.951565
v 3.467268 6.537365 -4.951206
v 3.467269 4.807319 -4.951206
v 4.399555 4.889576 -4.955555
v 3.552787 6.454971 -4.951565
v 4.484602 6.537365 -4.956000
v 3.468703 4.807313 -4.645919
v 3.554217 4.889565 -4.646287
v 3.468704 6.537371 -4.645921
v 4.401012 6.454981 -4.650278
v -0.787243 0.440381 -3.696130
v -0.693620 0.429144 -3.799995
v -0.787729 0.429145 -3.799420
v -0.686983 0.430117 -2.392507
v -0.781093 0.430116 -2.392063
v -0.686514 2.899607 -2.292901
v -0.693620 2.899609 -3.799995
v -0.787730 2.899598 -3.799442
v -0.686513 0.429143 -2.292898
v -0.780623 0.429143 -2.292454
v -0.787242 0.430117 -3.696238
v -0.693134 2.795803 -3.696806
v -0.693133 0.430118 -3.696806
v -0.686998 2.795801 -2.395480
v -0.780624 2.899596 -2.292391
v -0.787244 2.795803 -3.696258
v -0.781108 2.795801 -2.394988
v -0.686986 0.379016 -2.392514
v -0.781095 0.379016 -2.392021
v -0.787245 0.440381 -3.696211
v -0.686986 0.440390 -2.392555
v -0.784170 0.379017 -3.044091
v -0.787244 0.379017 -3.696126
v -0.690061 0.379016 -3.044611
v -0.693136 0.379017 -3.696708
v -0.690061 0.440391 -3.044660
v -0.781096 0.440379 -2.392046
v -0.693136 0.440392 -3.696764
v -0.784170 0.440380 -3.044128
v 1.484811 3.973531 2.153654
v 0.180727 3.973532 2.159803
v 0.076861 3.962296 2.066179
v 0.077436 3.962296 2.160289
v 1.481377 6.328953 2.059558
v 0.180051 6.328954 2.065695
v 1.481869 6.328953 2.153668
v 1.484350 3.963269 2.059543
v 0.180050 3.963269 2.065693
v 0.180600 6.328954 2.159804
v 1.583958 3.962294 2.059073
v 1.584402 3.962294 2.153183
v 1.484794 3.963268 2.153653
v 1.584466 6.432747 2.153184
v 0.180619 3.963269 2.159802
v 1.583956 6.432758 2.059074
v 0.076861 6.432760 2.066181
v 0.077415 6.432749 2.160291
v 1.484343 3.912167 2.059546
v 0.180092 3.973543 2.065695
v 0.832728 3.973531 2.156730
v 1.484301 3.973542 2.059546
v 0.832245 3.912168 2.062620
v 0.180731 3.912169 2.159804
v 0.832766 3.912168 2.156730
v 0.180645 3.973532 2.159805
v 0.180148 3.912169 2.065695
v 0.832196 3.973542 2.062620
v 1.484836 3.912168 2.153655
v 1.214479 0.440380 5.102215
v 1.318654 2.899608 5.261415
v -0.086663 2.795801 5.108349
v 1.215465 2.795802 5.261901
v -0.085861 2.795801 5.268037
v 1.318654 0.429143 5.261417
v 1.215464 0.430117 5.261904
v 1.317769 0.429144 5.101731
v -0.088835 0.430117 5.268053
v -0.189197 0.429143 5.108837
v -0.089588 0.430116 5.108366
v -0.189259 2.899596 5.108834
v -0.188444 0.429143 5.268523
v -0.188441 2.899607 5.268521
v 1.214587 0.430116 5.102218
v 1.317792 2.899597 5.101727
v 1.214607 2.795802 5.102214
v 0.562439 0.379016 5.105288
v 0.563269 0.379016 5.264974
v -0.089630 0.379016 5.108363
v 1.214560 0.440380 5.102213
v 0.563318 0.440390 5.264974
v 0.562477 0.440379 5.105288
v -0.088828 0.379015 5.268048
v 1.214474 0.379016 5.102214
v -0.088787 0.440390 5.268048
v 1.215366 0.379016 5.261899
v 1.215423 0.440391 5.261899
v -0.089605 0.440379 5.108362
v 4.741360 0.440379 2.501295
v 4.848535 0.429143 2.757628
v 4.847189 0.429143 2.500801
v 4.741491 2.795801 2.501294
v 4.742811 2.795801 2.758122
v 3.405257 0.430115 2.507600
v 3.408254 2.795800 2.507580
v 3.406468 0.430116 2.764427
v 4.742810 0.430116 2.758126
v 4.847211 2.899596 2.500795
v 3.304413 0.429142 2.764909
v 3.303138 2.899595 2.508076
v 3.304416 2.899606 2.764905
v 3.303202 0.429142 2.508082
v 4.741471 0.430116 2.501299
v 4.848535 2.899607 2.757624
v 3.409515 2.795800 2.764409
v 3.406476 0.379015 2.764419
v 4.073303 0.379015 2.504442
v 4.074593 0.379015 2.761269
v 4.741443 0.440379 2.501292
v 4.742768 0.440390 2.758119
v 3.406518 0.440389 2.764419
v 4.074642 0.440390 2.761269
v 4.741356 0.379015 2.501294
v 3.405240 0.440378 2.507592
v 4.742710 0.379015 2.758119
v 3.405214 0.379015 2.507594
v 4.073341 0.440379 2.504442
v 4.664677 3.896720 2.558282
v 4.664680 3.958083 2.558283
v 4.763094 3.946847 2.814656
v 4.761758 3.946847 2.557830
v 4.666111 6.313505 2.815110
v 3.439052 3.947819 2.564066
v 4.666110 3.947820 2.815114
v 4.664783 3.947820 2.558287
v 3.443058 6.313504 2.820877
v 3.440263 3.947820 2.820894
v 3.441801 6.313504 2.564048
v 4.763095 6.417311 2.814653
v 3.345376 6.417299 2.564503
v 3.346646 3.946846 2.821336
v 3.345435 3.946846 2.564509
v 3.346649 6.417310 2.821332
v 4.761780 6.417300 2.557824
v 4.664802 6.313505 2.558281
v 3.440270 3.896719 2.820886
v 4.664757 3.958083 2.558280
v 4.666071 3.958094 2.815106
v 4.053144 3.896719 2.817996
v 4.051861 3.896719 2.561170
v 4.051896 3.958083 2.561169
v 3.440309 3.958093 2.820886
v 3.439036 3.958082 2.564059
v 4.053190 3.958094 2.817996
v 4.666018 3.896720 2.815106
v 3.439013 3.896719 2.564061
v -0.372996 0.433987 5.478685
v -0.374447 0.434070 5.171847
v -0.373000 0.232922 5.478744
v 1.466506 0.434049 5.163326
v 1.473613 -0.369197 6.671906
v 1.473613 -0.570572 6.671813
v 1.472198 -0.369088 6.371801
v -0.374448 -4.368850 5.171927
v -0.341928 -4.368851 12.067986
v -0.365918 -0.771157 6.979794
v 1.469361 0.028008 5.769977
v 1.466499 -4.368851 5.163245
v -0.368743 -0.170574 6.380628
v -0.370147 -0.171177 6.082863
v -0.371581 0.028009 5.778650
v 1.469360 0.232898 5.769870
v 1.470795 0.027985 6.074173
v 1.498966 -4.368851 12.049252
v -0.371542 0.232902 5.778642
v -0.368743 -0.369206 6.380657
v 1.467952 0.232911 5.470068
v 1.467952 0.433987 5.470005
v -0.370084 0.027986 6.082838
v 1.475024 -0.570739 6.971194
v -0.367329 -0.570572 6.680493
v 1.470795 -0.171178 6.074183
v 1.472199 -0.170574 6.371948
v -0.367329 -0.369197 6.680585
v 1.475024 -0.771157 6.971114
v -0.365917 -0.570739 6.979874
v 2.222961 0.433987 -5.128363
v 2.224413 0.434070 -4.821525
v 2.221547 0.028009 -5.428328
v 2.215883 -0.570739 -6.629552
v 2.215883 -0.771157 -6.629471
v 0.382015 0.433988 -5.119683
v 2.217295 -0.570572 -6.330171
v 2.217294 -0.369197 -6.330263
v 2.224411 -4.368851 -4.821606
v 2.220113 -0.171177 -5.732541
v 0.383465 -4.368850 -4.812924
v 0.379171 -0.171177 -5.723861
v 2.218709 -0.170574 -6.030305
v 2.218709 -0.369206 -6.030335
v 0.380606 0.232899 -5.419548
v 0.379171 0.027986 -5.723851
v 0.350998 -4.368850 -11.698928
v 2.191892 -4.368850 -11.717664
v 2.221508 0.232902 -5.428319
v 0.377768 -0.369088 -6.021479
v 0.377767 -0.170573 -6.021626
v 2.222966 0.232922 -5.128421
v 0.382015 0.232912 -5.119746
v 2.220049 0.027986 -5.732515
v 0.383461 0.434050 -4.813004
v 0.380606 0.028009 -5.419655
v 0.376353 -0.570572 -6.321491
v 0.376353 -0.369197 -6.321583
v 0.374942 -0.771157 -6.620791
v 0.374942 -0.570738 -6.620872
v 6.786899 1.316479 4.141917
v 6.724844 1.286616 3.597302
v 6.784330 1.316478 3.597022
v 6.727411 1.286617 4.142198
v 6.724844 1.346375 3.597302
v 6.727411 1.346376 4.142198
v 6.786900 4.754644 4.141917
v 6.724844 4.724781 3.597302
v 6.784331 4.754643 3.597022
v 6.727412 4.724782 4.142198
v 6.724844 4.784540 3.597302
v 6.727412 4.784541 4.142198
v -2.851120 0.478744 2.695883
v -4.026468 0.478744 2.849369
v -4.269161 0.478744 1.011964
v -3.331098 0.478744 -0.979631
v -4.509150 0.478745 -0.825791
v -1.913959 0.478743 0.704403
v -1.673970 0.478743 2.542161
v -2.153948 0.478743 -1.133353
v -3.091106 0.478744 0.858125
v 0.955036 3.967316 -0.099752
v 0.010661 3.967317 0.616596
v -1.111585 3.967317 -0.858368
v -0.165035 3.967316 -1.576367
v -2.231657 3.967317 -2.334980
v 0.780787 3.967316 -2.293812
v 1.900860 3.967315 -0.817200
v -1.285109 3.967317 -3.052976
v -0.339285 3.967316 -3.770424
v 2.279821 0.478742 1.668411
v 1.104473 0.478743 1.821897
v 2.039834 0.478742 -0.169347
v 1.799843 0.478743 -2.007103
v 0.861780 0.478743 -0.015507
v 0.621791 0.478743 -1.853263
v 3.456971 0.478742 1.514689
v 3.216981 0.478742 -0.323068
v 2.976993 0.478742 -2.160824
v -0.715164 0.400270 5.166528
v -1.837234 0.400270 5.171819
v -2.913272 0.400270 4.147969
v -1.842086 0.400270 4.142918
v -1.837234 1.285246 5.171819
v -2.908420 1.285246 5.176870
v -2.913272 1.285246 4.147969
v -2.908420 0.400270 5.176870
v -1.842086 1.285246 4.142918
v -0.720016 1.285245 4.137627
v -0.715164 1.285245 5.166528
v -0.720016 0.400270 4.137627
v 4.891690 0.400269 -1.621389
v 3.868080 1.285244 -0.494466
v 3.862789 0.400269 -1.616537
v 4.902033 0.400269 0.571867
v 4.896982 0.400269 -0.499318
v 3.873131 0.400269 0.576719
v 3.868080 0.400269 -0.494466
v 4.896981 1.285244 -0.499318
v 3.873131 1.285244 0.576719
v 4.902033 1.285244 0.571867
v 4.891690 1.285244 -1.621389
v 3.862789 1.285244 -1.616537
v 6.735209 4.882010 5.179306
v 2.787016 3.984841 5.197921
v 6.735209 3.984840 5.179306
v 2.787015 4.882010 5.197921
v 5.613163 4.882010 2.457049
v 6.722349 4.882010 2.451819
v 5.613164 3.984840 2.457049
v 6.722350 3.984840 2.451819
v 6.823402 4.768620 4.855974
v 6.813539 4.051068 2.763780
v 6.813909 4.944824 2.841973
v 6.823034 3.874864 4.777781
v 5.613163 1.347583 2.457049
v 6.722348 1.347583 2.451819
v 5.613163 0.450414 2.457049
v 6.722349 0.450414 2.451819
v 6.787410 1.352193 4.821923
v 6.777879 0.455023 2.800228
v 6.777878 1.352193 2.800228
v 6.787410 0.455023 4.821923
v 6.793594 1.313332 3.765213
v 6.734249 0.301024 3.795357
v 6.793594 0.301024 3.765214
v 2.436941 1.352193 5.199572
v 6.385136 0.455023 5.180956
v 6.385136 1.352193 5.180956
v 2.436941 0.455024 5.199572
vn 0.0047 -0.0000 1.0000
vn -0.0047 -0.0000 -1.0000
vn 1.0000 -0.0000 -0.0047
vn 0.1618 -0.0000 0.9868
vn 0.9953 -0.0000 0.0970
vn 0.0029 0.7889 0.6146
vn -0.0012 0.9740 -0.2266
vn 0.0029 0.7888 0.6146
vn 0.0031 0.7890 0.6144
vn 0.0029 0.7860 0.6182
vn 0.0029 0.7874 0.6164
vn -0.0029 0.7874 -0.6164
vn -0.0029 0.7860 -0.6182
vn -0.0027 0.7890 -0.6144
vn -0.0032 0.7890 -0.6144
vn -0.0030 0.7872 -0.6166
vn 0.0028 0.7893 0.6140
vn 0.0027 0.7872 0.6167
vn 0.0029 0.7861 0.6181
vn -0.0145 0.7783 -0.6277
vn -0.0034 0.6899 -0.7239
vn -0.0082 0.7125 -0.7016
vn -0.9332 0.3523 0.0708
vn 0.0047 -0.0001 1.0000
vn 0.0051 -0.6087 0.7934
vn -0.8897 -0.4498 0.0785
vn -0.0437 -0.6204 0.7830
vn 0.7999 -0.6001 -0.0011
vn -0.9261 -0.3751 0.0417
vn 0.0908 -0.6453 -0.7585
vn 0.0381 -0.6836 -0.7289
vn 0.8421 -0.5344 -0.0726
vn 0.0139 -0.6839 -0.7294
vn 0.0395 -0.6893 -0.7234
vn 0.7853 -0.6180 -0.0370
vn 0.8408 -0.5363 -0.0744
vn -1.0000 0.0003 0.0048
vn 0.0047 0.0003 1.0000
vn -1.0000 -0.0002 0.0047
vn -0.0000 1.0000 -0.0000
vn -0.0001 1.0000 0.0003
vn 0.6697 -0.3333 0.6636
vn 0.9414 0.2636 -0.2105
vn 0.0048 -0.0000 1.0000
vn 0.0046 -0.0000 1.0000
vn -0.0000 -1.0000 -0.0000
vn -0.0198 0.2186 0.9756
vn -0.8418 -0.5151 0.1614
vn -1.0000 -0.0000 0.0047
vn -0.0047 0.0003 -1.0000
vn -0.0028 0.0628 -0.9980
vn -0.0053 -0.0004 -1.0000
vn 0.4323 0.8310 0.3502
vn 0.1651 0.8150 -0.5554
vn 0.0047 0.0001 1.0000
vn 0.9950 -0.1000 0.0003
vn 0.9980 0.0021 -0.0637
vn -0.4365 -0.7019 0.5629
vn -0.0047 0.0001 -1.0000
vn -0.1743 0.5318 -0.8288
vn -0.9976 -0.0690 0.0024
vn -0.0049 -0.0000 -1.0000
vn 1.0000 -0.0000 -0.0046
vn -0.0049 -0.0115 -0.9999
vn -0.0050 -0.0000 -1.0000
vn 0.0089 0.1641 -0.9864
vn -1.0000 -0.0000 0.0048
vn -0.6565 0.6708 0.3449
vn 0.0047 -0.0019 1.0000
vn 0.0045 -0.0209 0.9998
vn 1.0000 -0.0000 -0.0048
vn 0.0980 -0.0000 -0.9952
vn -0.0047 -0.0052 -1.0000
vn -0.1618 -0.0000 -0.9868
vn -0.0980 -0.0000 0.9952
vn 1.0000 -0.0016 -0.0052
vn 0.1630 -0.0041 0.9866
vn -1.0000 0.0002 0.0046
vn -0.0048 -0.0000 -1.0000
vn 0.6683 0.6666 0.3302
vn 0.0166 -0.0000 0.9999
vn 0.0623 0.9963 -0.0592
vn -0.0150 0.9999 -0.0050
vn 1.0000 0.0001 -0.0050
vn -0.0047 -0.0033 -1.0000
vn -0.0102 0.9999 0.0022
vn 0.0045 0.0003 1.0000
vn 1.0000 -0.0021 -0.0017
vn -0.4327 0.7873 0.4392
vn -0.6165 0.7873 0.0029
vn -0.0030 0.7888 -0.6146
vn 0.5036 0.7873 0.3557
vn -0.0029 0.7881 -0.6155
vn 0.6089 0.7873 -0.0966
vn 0.0029 0.7873 0.6165
vn -0.0029 0.7882 -0.6154
vn -0.0029 0.7889 -0.6146
vn 0.0029 0.7881 0.6155
vn 0.0029 0.7882 0.6154
vn 0.0041 0.7830 -0.6220
vn -0.0000 -1.0000 0.0020
vn 0.9510 -0.3046 -0.0530
vn 0.2396 0.6070 -0.7577
vn 0.9959 0.0909 -0.0007
vn 0.0283 -0.2160 0.9760
vn 0.0375 -0.2842 -0.9580
vn 0.6961 0.6496 -0.3057
vn 0.9051 -0.4154 0.0911
vn -0.0000 -0.0974 0.9952
vn -0.9944 0.1048 0.0100
vn -1.0000 0.0001 0.0047
vn -1.0000 -0.0000 0.0046
vn -0.0046 -0.0000 -1.0000
vn 0.0061 0.0044 1.0000
vn 0.0062 0.0043 1.0000
vn 0.0105 -0.0000 0.9999
vn -0.0023 1.0000 0.0003
vn -0.0053 0.9979 0.0652
vn -0.0043 1.0000 -0.0000
vn -1.0000 -0.0001 0.0047
vn 0.0018 0.0087 1.0000
vn -1.0000 0.0001 0.0058
vn -1.0000 0.0030 0.0057
vn -1.0000 -0.0000 0.0088
vn -1.0000 0.0007 0.0039
vn -1.0000 -0.0003 0.0050
vn -1.0000 -0.0002 0.0050
vn -1.0000 -0.0002 0.0049
vn -1.0000 0.0002 0.0043
vn -1.0000 0.0011 0.0032
vn 0.0734 0.0030 -0.9973
vn -0.0774 0.0026 -0.9970
vn 0.7048 0.5000 -0.5033
vn -0.0047 -0.0332 -0.9994
vn -0.0357 0.9994 -0.0005
vn -0.5215 0.1230 -0.8443
vn -0.0000 1.0000 0.0009
vn -0.0000 1.0000 -0.0026
vn -0.0000 1.0000 -0.0035
vn -0.3644 0.9287 -0.0696
vn 0.3594 0.0713 -0.9304
vn -0.5007 0.8536 -0.1440
vn -0.5006 0.8536 -0.1440
vn 0.3595 0.0712 -0.9304
vn -0.0008 -0.0027 -1.0000
vn -0.0047 -0.0320 -0.9995
vn 0.0003 1.0000 0.0001
vn -0.0021 -0.0018 -1.0000
vn -0.0047 -0.0217 -0.9998
vn -0.0000 1.0000 0.0007
vn -0.0000 1.0000 0.0001
vn -0.3682 0.0712 -0.9270
vn 0.3593 0.0711 -0.9305
vn 0.6466 0.3029 -0.7001
vn 0.6467 0.3031 -0.6999
vn -1.0000 -0.0004 0.0051
vn -1.0000 0.0045 0.0027
vn 1.0000 -0.0000 -0.0058
vn 1.0000 -0.0000 -0.0088
vn 1.0000 -0.0030 -0.0057
vn -1.0000 0.0001 0.0045
vn -1.0000 0.0011 0.0033
vn -1.0000 -0.0000 0.0059
vn -0.1685 0.0136 -0.9856
vn -0.1106 0.0056 -0.9938
vn 0.7048 0.5000 -0.5032
vn -0.0083 1.0000 -0.0000
vn -0.7216 0.4915 -0.4875
vn -0.0045 -0.0000 -1.0000
vn 0.0731 0.0030 -0.9973
vn -0.0002 1.0000 0.0001
vn -0.5041 0.1464 -0.8512
vn 0.6466 0.3029 -0.7002
vn 0.6466 0.3030 -0.7000
vn -0.5039 0.1463 -0.8513
vn 1.0000 -0.0045 -0.0027
vn 1.0000 -0.0011 -0.0032
vn -1.0000 0.0004 0.0043
vn -0.0061 -0.0044 -1.0000
vn -0.0062 -0.0043 -1.0000
vn -0.0018 -0.0087 -1.0000
vn -0.0105 -0.0000 -0.9999
vn 0.0033 -0.7082 0.7060
vn -0.0015 -1.0000 -0.0000
vn 0.0005 -0.1748 0.9846
vn -0.0013 -1.0000 0.0010
vn 0.0076 0.0011 1.0000
vn 0.0009 0.9918 -0.1278
vn 0.0015 1.0000 -0.0000
vn 0.0012 1.0000 0.0038
vn -0.0000 -1.0000 0.0015
vn 0.9846 -0.1748 -0.0005
vn 0.0010 -1.0000 0.0013
vn 1.0000 0.0011 -0.0076
vn -0.1278 0.9918 -0.0009
vn -0.0000 1.0000 -0.0015
vn 0.0038 1.0000 -0.0012
vn -0.0000 -1.0000 0.0025
vn 0.9913 -0.1314 -0.0003
vn 0.0012 -1.0000 0.0021
vn 1.0000 0.0011 -0.0079
vn -0.0862 0.9963 -0.0021
vn -0.0000 1.0000 -0.0025
vn 0.0037 1.0000 -0.0021
vn 0.0015 -1.0000 -0.0000
vn -0.0005 -0.1748 -0.9846
vn 0.0013 -1.0000 -0.0010
vn -0.0076 0.0011 -1.0000
vn -0.0009 0.9918 0.1278
vn -0.0015 1.0000 -0.0000
vn -0.0012 1.0000 -0.0038
vn -0.0000 -1.0000 -0.0015
vn -0.9846 -0.1748 0.0005
vn -0.0010 -1.0000 -0.0013
vn -1.0000 0.0011 0.0076
vn 0.1278 0.9918 0.0009
vn -0.0000 1.0000 0.0015
vn -0.0038 1.0000 0.0012
vn -0.0000 -1.0000 -0.0027
vn -0.9919 -0.1273 0.0003
vn -0.0012 -1.0000 -0.0022
vn -1.0000 0.0011 0.0080
vn 0.0826 0.9966 0.0022
vn -0.0000 1.0000 0.0027
vn -0.0037 1.0000 0.0022
vn -0.0071 -0.0001 -1.0000
vn -0.0049 -0.0052 -1.0000
vn -0.0058 -0.0000 -1.0000
vn 0.8963 -0.0000 0.4434
vn 0.8957 -0.0000 0.4446
vn 0.8956 0.0086 0.4447
vn -0.0058 -0.0001 -1.0000
vn -0.0071 -0.0000 -1.0000
vn -0.0058 0.0004 -1.0000
vn -0.1605 0.9869 -0.0167
vn -0.9828 0.1845 0.0014
vn -0.9413 0.3376 -0.0015
vn 0.2145 -0.9766 0.0165
vn 0.9911 -0.1328 -0.0023
vn 0.2067 -0.9781 0.0248
vn 0.9725 -0.2330 -0.0004
vn 0.8846 0.4662 -0.0124
vn 0.4173 0.6203 0.6642
vn 0.1765 0.6774 -0.7142
vn 0.9946 -0.0995 -0.0300
vn 0.9267 -0.2624 0.2690
vn -0.9876 -0.1062 0.1154
vn 0.4948 0.8467 0.1958
vn -0.0045 -0.2963 -0.9551
vn -0.4128 -0.8528 0.3199
vn -0.9609 -0.1896 0.2020
vn -0.4158 0.8528 -0.3160
vn -0.9887 0.1062 -0.1061
vn -0.9627 0.1896 -0.1929
vn 0.4929 -0.8466 -0.2005
vn 0.4110 -0.6203 -0.6681
vn 0.1832 -0.6774 0.7125
vn 0.9948 0.0995 0.0206
vn 0.9241 0.2624 -0.2777
vn 0.4449 0.1266 -0.8866
vn -0.5210 -0.0000 0.8535
vn 0.4449 -0.0809 -0.8919
vn -0.5211 -0.0000 0.8535
vn -0.5289 -0.0000 -0.8487
vn 0.4449 -0.1015 -0.8898
vn 0.4449 0.1269 -0.8865
vn 0.4449 0.1540 -0.8822
vn 0.4449 -0.1184 -0.8877
vn 0.4529 -0.0716 0.8887
vn 0.4449 -0.0620 -0.8934
vn 0.4529 -0.0651 0.8892
vn 0.4449 -0.0734 -0.8926
vn 0.4529 -0.0897 0.8871
vn 0.4529 -0.0749 0.8884
vn 0.4449 -0.0536 -0.8940
vn 0.4491 0.8934 0.0138
vn -0.5250 -0.8511 0.0025
vn 0.4482 0.8743 -0.1862
vn -0.5251 -0.8511 0.0025
vn -0.5248 0.8512 0.0025
vn -0.5249 0.8512 0.0025
vn 0.0807 -0.8902 0.4483
vn -0.0025 -0.8511 -0.5250
vn 0.0895 0.8892 0.4487
vn -0.0025 -0.8511 -0.5251
vn -0.0025 0.8512 -0.5249
vn -0.8956 0.0142 -0.4447
vn 0.0025 -0.8511 0.5250
vn -0.2730 0.8514 -0.4478
vn 0.0025 -0.8511 0.5251
vn 0.0025 0.8512 0.5249
vn 0.0025 0.8512 0.5248
vn -0.0492 -0.8925 -0.4484
vn -0.2730 0.8515 -0.4478
vn -0.0413 -0.8928 -0.4485
vn -0.2239 0.8655 -0.4480
vn -0.0718 -0.8910 -0.4483
vn -0.0994 0.8882 -0.4486
vn 0.4525 -0.4323 0.7800
vn 0.4487 0.8901 -0.0802
vn 0.4481 -0.8868 -0.1130
vn -0.0455 -0.8926 -0.4485
vn -0.1023 0.8879 -0.4486
vn -0.0517 -0.8923 -0.4484
vn -0.2803 0.8491 -0.4478
vn -0.0663 -0.8914 -0.4483
vn -0.1149 0.8863 -0.4485
vn 0.2557 -0.8570 0.4475
vn 0.0994 0.8882 0.4486
vn 0.4485 -0.8925 -0.0488
vn 0.4488 0.8911 -0.0673
vn 0.4457 -0.5494 -0.7068
vn 0.4449 -0.1124 -0.8885
vn 0.4457 0.5494 -0.7067
vn 0.4449 -0.1127 -0.8885
vn 0.4529 -0.0826 0.8878
vn 0.4449 -0.0649 -0.8932
vn -0.5054 -0.8629 0.0024
vn -0.6224 -0.7827 0.0029
vn 0.0047 -0.0592 0.9982
vn -0.5034 -0.8640 0.0052
vn 0.0025 -0.8516 0.5241
vn -0.8527 -0.4982 -0.1572
vn 0.0027 -0.8249 0.5652
vn 0.0047 0.1350 0.9908
vn -0.9929 -0.1187 0.0047
vn -0.5377 0.8431 0.0026
vn 0.1287 0.4206 0.8981
vn 0.0031 0.7605 0.6494
vn -0.5377 0.8432 0.0025
vn -0.5377 0.8431 0.0025
vn 0.0030 0.7687 0.6396
vn -0.5277 0.8492 0.0204
vn 0.0047 0.0178 0.9998
vn 0.0034 0.6948 0.7192
vn -0.0024 -0.8629 -0.5054
vn -0.0024 -0.8629 -0.5055
vn -0.0025 -0.8541 -0.5202
vn -0.9982 -0.0592 0.0047
vn -0.0052 -0.8640 -0.5034
vn -0.5241 -0.8516 0.0025
vn 0.1572 -0.4982 -0.8527
vn -0.0047 0.0177 -0.9998
vn -0.0026 0.8431 -0.5377
vn -0.8981 0.4206 0.1287
vn -0.6493 0.7605 0.0031
vn -0.0025 0.8431 -0.5377
vn -0.6396 0.7687 0.0030
vn -0.0205 0.8492 -0.5277
vn 0.4795 -0.8775 -0.0023
vn 0.6042 -0.7968 -0.0028
vn -0.0047 -0.0622 -0.9981
vn 0.4775 -0.8786 -0.0049
vn -0.0023 -0.8672 -0.4979
vn 0.8411 -0.5146 0.1662
vn 0.9921 -0.1256 -0.0047
vn 0.5113 0.8594 -0.0024
vn -0.1385 0.4389 -0.8878
vn -0.0029 0.7815 -0.6239
vn -0.0029 0.7900 -0.6132
vn 0.5013 0.8650 -0.0196
vn 0.5359 -0.8443 -0.0025
vn 0.5945 -0.8041 -0.0018
vn 0.5234 -0.8521 -0.0013
vn 0.9966 0.0827 -0.0047
vn 0.7178 0.6962 -0.0034
vn 0.7087 0.7055 -0.0033
vn 0.6396 0.7687 -0.0030
vn -0.0054 -0.8425 -0.5386
vn -0.0338 -0.6769 -0.7353
vn -0.0453 -0.6952 -0.7174
vn -0.0047 0.0331 -0.9994
vn -0.0116 0.6415 -0.7670
vn -0.0031 0.7472 -0.6646
vn -0.0036 0.7653 -0.6437
vn -0.0135 0.7088 -0.7053
vn 0.0046 0.0001 1.0000
vn 0.0077 0.0003 1.0000
vn 0.6795 -0.3330 -0.6537
vn -0.0027 0.0094 -1.0000
vn -0.4315 0.0750 -0.8990
vn 0.1790 -0.8524 -0.4913
vn 0.6988 -0.6995 0.1496
vn -0.8501 0.1809 0.4945
vn 1.0000 -0.0012 -0.0070
vn 1.0000 -0.0013 -0.0013
vn -1.0000 -0.0000 0.0082
vn -1.0000 -0.0000 0.0033
vn 0.0016 0.0098 1.0000
vn 0.2483 0.3333 0.9095
vn -0.0067 -0.0000 -1.0000
vn -0.3376 -0.2441 -0.9091
vn -0.0002 -1.0000 -0.0002
vn -0.0101 -0.9999 -0.0000
vn -0.0019 -1.0000 -0.0000
vn -0.0043 -0.0001 -1.0000
vn -0.0001 1.0000 0.0004
vn 0.0019 1.0000 -0.0001
vn 0.0004 1.0000 -0.0000
vn -0.0001 1.0000 0.0001
vn 0.0006 -1.0000 -0.0003
vn 0.0056 0.0003 1.0000
vn -0.0049 -0.0002 -1.0000
vn -0.4530 0.8424 -0.2918
vn -0.3373 0.2442 -0.9092
vn 0.2482 -0.3334 0.9095
vn -0.0046 -0.0003 -1.0000
vn -0.1754 -0.2071 -0.9625
vn 0.2121 0.1705 0.9623
vn -0.0047 -0.0005 -1.0000
vn 0.0046 0.0004 1.0000
vn -0.6997 -0.6986 -0.1497
vn -0.1788 -0.8525 0.4913
vn 0.8502 0.1809 -0.4944
vn 0.3078 -0.7520 0.5828
vn 0.6995 0.6987 0.1500
vn -0.2840 0.9396 -0.1909
vn -0.3872 0.6659 -0.6377
vn -0.9387 0.2830 0.1970
vn 0.0033 -0.0000 -1.0000
vn 1.0000 -0.0000 -0.0080
vn -1.0000 -0.0000 0.0003
vn 0.9999 -0.0000 -0.0150
vn -0.0068 -0.0000 1.0000
vn -0.0001 -0.0000 1.0000
vn 0.0078 -0.0000 1.0000
vn 0.9999 -0.0000 -0.0111
vn -1.0000 0.0004 0.0046
vn 0.9624 0.1709 -0.2113
vn -0.9625 -0.2075 0.1748
vn 1.0000 -0.0004 -0.0044
vn -0.9089 0.2439 0.3383
vn 0.9093 -0.3334 -0.2489
vn 0.2507 0.9471 -0.2002
vn -1.0000 0.0002 0.0050
vn -0.4946 0.1811 -0.8501
vn -0.3170 -0.9424 0.1068
vn 0.4913 -0.8525 0.1784
vn 0.3214 -0.1058 0.9410
vn 0.1496 0.6992 -0.6991
vn -0.0828 0.7044 0.7049
vn -0.5506 -0.2420 -0.7989
vn 0.2082 0.6918 0.6914
vn -0.4552 0.8409 -0.2926
vn 0.3075 -0.7523 0.5826
vn -0.3881 0.6647 -0.6384
vn -0.4538 0.8419 -0.2921
vn -0.3872 0.6660 -0.6377
vn -0.2916 0.8428 0.4524
vn -0.9092 0.2442 0.3373
vn 0.9095 -0.3334 -0.2482
vn -1.0000 -0.0003 0.0046
vn -0.9625 -0.2071 0.1754
vn 0.9623 0.1705 -0.2121
vn -1.0000 -0.0005 0.0047
vn 1.0000 0.0001 -0.0049
vn -0.1497 -0.6986 0.6997
vn 0.4913 -0.8525 0.1788
vn -0.4945 0.1809 -0.8502
vn 0.5822 -0.7529 -0.3068
vn 0.1500 0.6987 -0.6995
vn -0.1910 0.9396 0.2840
vn -0.6385 0.6645 0.3883
vn 0.1970 0.2830 0.9387
vn -0.4509 0.8437 -0.2911
vn -0.0045 -0.0003 -1.0000
vn 0.3072 -0.7526 0.5825
vn -0.3874 0.6657 -0.6378
vn 0.3071 -0.7526 0.5824
vn -0.3888 0.6638 -0.6389
vn -0.2659 0.8836 0.3854
vn 0.9095 -0.3334 -0.2481
vn -1.0000 -0.0005 0.0046
vn 0.4913 -0.8524 0.1787
vn -0.4944 0.1809 -0.8502
vn 0.5733 -0.7654 -0.2924
vn 0.1501 0.6987 -0.6995
vn -0.6341 0.6721 0.3824
vn 0.3846 0.8840 0.2655
vn 0.3373 0.2442 0.9092
vn -0.2481 -0.3334 -0.9095
vn 0.0046 -0.0003 1.0000
vn 0.1754 -0.2071 0.9625
vn -0.2121 0.1705 -0.9623
vn 0.0047 -0.0005 1.0000
vn -0.0049 0.0001 -1.0000
vn 0.6997 -0.6986 0.1497
vn 0.1787 -0.8524 -0.4913
vn -0.8502 0.1809 0.4944
vn -0.2927 -0.7651 -0.5735
vn -0.6995 0.6987 -0.1501
vn 0.2840 0.9396 0.1910
vn 0.3831 0.6712 0.6346
vn 0.9387 0.2830 -0.1970
vn 0.3821 0.8855 0.2644
vn -0.2924 -0.7654 -0.5733
vn 0.3871 0.8827 0.2666
vn -0.2928 -0.7651 -0.5736
vn -0.2652 0.8845 0.3839
vn 0.5733 -0.7655 -0.2923
vn -0.6339 0.6724 0.3821
vn -0.3290 0.6333 0.7005
vn -0.9092 0.2442 0.3372
vn -1.0000 -0.0002 0.0044
vn -0.9625 -0.2070 0.1754
vn 0.9623 0.1704 -0.2121
vn -1.0000 -0.0004 0.0048
vn 1.0000 0.0004 -0.0047
vn -0.1497 -0.6986 0.6996
vn 0.4913 -0.8524 0.1789
vn 0.6074 -0.7152 -0.3457
vn 0.1501 0.6986 -0.6996
vn -0.1910 0.9396 0.2839
vn -0.6453 0.6527 0.3969
vn 0.1971 0.2829 0.9387
vn 0.3849 0.8839 0.2657
vn 0.3826 0.6718 0.6342
vn 0.1398 0.9825 -0.1234
vn -0.9091 0.2442 0.3374
vn 0.9095 -0.3335 -0.2482
vn -1.0000 -0.0004 0.0047
vn -0.9626 -0.2068 0.1752
vn 0.9623 0.1703 -0.2120
vn -1.0000 -0.0009 0.0043
vn 1.0000 0.0006 -0.0046
vn -0.1497 -0.6985 0.6998
vn 0.4914 -0.8524 0.1787
vn -0.4946 0.1808 -0.8501
vn 0.4894 -0.8617 -0.1338
vn -0.1909 0.9396 0.2839
vn -0.5292 0.8210 0.2144
vn 0.1970 0.2829 0.9387
vn -0.1248 0.9820 -0.1417
vn 0.3374 0.2442 0.9091
vn -0.2482 -0.3335 -0.9095
vn 0.0047 -0.0004 1.0000
vn 0.1752 -0.2068 0.9626
vn -0.2120 0.1703 -0.9623
vn 0.0044 -0.0008 1.0000
vn -0.0050 0.0002 -1.0000
vn 0.6998 -0.6985 0.1497
vn 0.1787 -0.8524 -0.4914
vn -0.8501 0.1808 0.4946
vn -0.1327 -0.8622 -0.4889
vn 0.2839 0.9396 0.1909
vn 0.2129 0.8219 0.5284
vn 0.9387 0.2829 -0.1970
vn -0.3871 0.6661 -0.6376
vn 1.0000 0.0004 -0.0044
vn 1.0000 0.0003 -0.0077
vn -0.6983 -0.3322 -0.6340
vn -1.0000 0.0094 0.0027
vn -0.7700 -0.3868 0.5074
vn -0.4912 -0.8524 -0.1793
vn 0.1495 -0.6999 -0.6985
vn 0.4946 0.1806 0.8501
vn -0.0070 -0.0012 -1.0000
vn -0.0013 -0.0013 -1.0000
vn 0.0090 -0.0000 1.0000
vn 0.0041 -0.0000 1.0000
vn 1.0000 0.0098 -0.0016
vn 0.9096 0.3331 -0.2484
vn -1.0000 -0.0000 0.0067
vn -0.9091 -0.2441 0.3375
vn -0.0003 -1.0000 0.0005
vn -0.0000 -1.0000 -0.0008
vn 0.0002 -0.9999 0.0170
vn -0.0000 -1.0000 -0.0003
vn 0.0005 1.0000 -0.0000
vn -0.0001 0.9998 -0.0179
vn -0.0001 1.0000 0.0012
vn -0.0002 0.9999 0.0170
vn 0.0012 0.9989 0.0464
vn 1.0000 0.0006 -0.0056
vn -1.0000 -0.0003 0.0047
vn -0.0044 0.0004 -1.0000
vn -0.0077 0.0003 -1.0000
vn -0.6337 -0.3322 0.6986
vn 0.0027 0.0094 1.0000
vn 0.5077 -0.3847 0.7709
vn -0.1793 -0.8524 0.4912
vn -0.6985 -0.6999 -0.1495
vn 0.8501 0.1806 -0.4946
vn -1.0000 -0.0012 0.0070
vn -1.0000 -0.0013 0.0013
vn 1.0000 -0.0000 -0.0090
vn 1.0000 -0.0000 -0.0041
vn -0.0016 0.0098 -1.0000
vn -0.2484 0.3331 -0.9096
vn 0.0067 -0.0002 1.0000
vn 0.3375 -0.2441 0.9091
vn 0.0005 -1.0000 0.0003
vn -0.0910 -0.9958 0.0046
vn 0.0116 -0.9999 -0.0001
vn -0.0010 -1.0000 -0.0000
vn 0.0001 1.0000 -0.0005
vn -0.0119 0.9999 0.0001
vn 0.0012 1.0000 0.0001
vn -0.1242 0.9922 0.0085
vn 0.3974 0.9134 -0.0884
vn 0.0027 -0.0000 1.0000
vn -0.0056 0.0006 -1.0000
vn 0.0051 -0.0003 1.0000
vn 0.0046 0.0002 1.0000
vn 0.0077 -0.0000 1.0000
vn 0.6497 -0.3330 -0.6834
vn -0.4856 -0.0586 -0.8722
vn 0.1791 -0.8524 -0.4912
vn 0.6987 -0.6996 0.1496
vn -0.8501 0.1808 0.4945
vn -1.0000 -0.0000 0.0084
vn -1.0000 -0.0000 0.0035
vn 0.2483 0.3332 0.9096
vn -0.3375 -0.2441 -0.9091
vn -0.0003 -1.0000 -0.0002
vn -0.0024 -1.0000 -0.0000
vn -0.0043 -0.0000 -1.0000
vn 0.0001 1.0000 0.0004
vn 0.0024 1.0000 -0.0001
vn 0.0040 -0.0000 1.0000
vn 0.0126 0.9999 -0.0002
vn 0.0009 -1.0000 -0.0002
vn 0.0056 0.0004 1.0000
vn -0.0044 -0.0002 -1.0000
vn 0.0076 -0.0000 1.0000
vn 0.6944 -0.3322 -0.6383
vn -0.0028 0.0092 -1.0000
vn -0.4234 0.0904 -0.9014
vn 0.6988 -0.6994 0.1497
vn 1.0000 -0.0013 -0.0070
vn 1.0000 -0.0013 -0.0014
vn -1.0000 -0.0000 0.0081
vn 0.0017 0.0096 1.0000
vn -0.0100 -1.0000 -0.0000
vn -0.0000 1.0000 0.0004
vn 0.0043 0.0001 1.0000
vn 0.0126 0.9999 -0.0001
vn 0.0057 0.0004 1.0000
vn -0.0050 -0.0002 -1.0000
vn 0.0079 -0.0000 1.0000
vn 0.6968 -0.3321 -0.6357
vn -0.0026 -0.0000 -1.0000
vn -0.4223 0.0924 -0.9017
vn 0.1789 -0.8524 -0.4913
vn 0.6989 -0.6994 0.1497
vn 1.0000 -0.0012 -0.0071
vn 1.0000 -0.0012 -0.0011
vn -1.0000 -0.0000 0.0083
vn -1.0000 -0.0000 0.0031
vn 0.0015 -0.0000 1.0000
vn 0.2484 0.3332 0.9095
vn -0.0069 -0.0004 -1.0000
vn -0.3375 -0.2440 -0.9091
vn -0.0145 -0.9999 -0.0000
vn 0.0006 -1.0000 -0.0000
vn -0.0000 1.0000 -0.0001
vn 0.0048 0.0001 1.0000
vn 0.0129 0.9999 -0.0001
vn -0.0006 1.0000 0.0001
vn 0.0005 -1.0000 -0.0003
vn 0.3363 0.6667 0.6651
vn -1.0000 -0.0000 0.0050
vn -0.9406 -0.2423 -0.2380
vn -0.9406 -0.2422 -0.2381
vn 0.3365 0.6667 0.6651
vn 0.3365 0.6667 0.6650
vn -0.9403 -0.2432 -0.2380
vn -0.4913 0.8526 -0.1782
vn -0.2315 0.8265 0.5132
vn 0.2085 0.6922 0.6909
vn 1.0000 -0.0000 -0.0036
vn -0.3300 0.6666 0.6684
vn -0.0002 1.0000 0.0004
vn 0.4944 -0.1814 0.8501
vn 0.4944 -0.1815 0.8501
vn 0.0046 -0.0006 1.0000
vn -0.4913 0.8524 -0.1788
vn -0.9446 0.2659 0.1925
vn 0.2088 0.6928 0.6903
vn 0.3371 0.6672 0.6642
vn -0.3261 0.6046 0.7267
vn -0.3294 0.6973 0.6367
vn -0.0000 1.0000 0.0005
vn 0.2388 -0.0605 0.9692
vn 0.8962 0.3642 0.2533
vn 1.0000 -0.0003 -0.0051
vn -0.3363 0.6667 -0.6651
vn 1.0000 -0.0000 -0.0050
vn 0.9406 -0.2423 0.2380
vn 0.9406 -0.2422 0.2381
vn -0.3365 0.6667 -0.6651
vn -0.3365 0.6667 -0.6650
vn 0.9403 -0.2432 0.2380
vn -0.0047 -0.0004 -1.0000
vn 0.4913 0.8526 0.1782
vn 0.2315 0.8265 -0.5132
vn -0.2085 0.6922 -0.6909
vn -1.0000 -0.0000 0.0024
vn 0.3300 0.6668 -0.6681
vn -0.0002 1.0000 -0.0001
vn -0.4944 -0.1814 -0.8501
vn -0.4944 -0.1815 -0.8501
vn -0.0046 -0.0006 -1.0000
vn 0.4913 0.8524 0.1788
vn 0.9446 0.2659 -0.1925
vn -0.2088 0.6928 -0.6903
vn -0.3371 0.6672 -0.6642
vn 0.3261 0.6046 -0.7267
vn 0.3294 0.6973 -0.6367
vn -0.0000 1.0000 -0.0005
vn -0.2388 -0.0605 -0.9692
vn -0.8962 0.3642 -0.2533
vn -1.0000 -0.0004 0.0050
vn 0.4484 -0.8921 -0.0559
vn 0.4489 0.8925 -0.0450
vn 0.4484 -0.8919 -0.0584
vn 0.4489 0.8921 -0.0510
vn -0.1980 -0.1675 0.9658
vn -0.0047 -0.0001 -1.0000
vn -0.0003 1.0000 -0.0000
vn 0.1981 0.1674 -0.9658
vn 0.0564 -0.0577 -0.9967
vn 0.6651 0.6667 -0.3365
vn 0.3302 0.6667 -0.6682
vn -0.6634 -0.3333 0.6699
vn 0.6635 0.3333 -0.6698
vn -0.6650 -0.6668 0.3365
vn -0.0564 0.0576 0.9967
vn 0.9647 -0.1696 0.2013
vn -0.0003 1.0000 0.0003
vn -0.9648 0.1695 -0.2012
vn -0.7880 -0.3171 -0.5277
vn -0.6682 0.6667 -0.3302
vn 0.6700 -0.3333 0.6634
vn -0.6699 0.3334 -0.6634
vn 0.3365 -0.6667 0.6650
vn 0.7880 0.3172 0.5277
vn -0.2553 0.7515 -0.6084
vn -0.3968 -0.6793 -0.6173
vn -0.4528 -0.0000 -0.8916
vt 0.229248 0.842407
vt 0.229248 0.864990
vt 0.101624 0.849609
vt 0.087463 0.864990
vt 0.095642 0.842773
vt 0.087463 0.842773
vt 0.144531 0.854004
vt 0.866211 0.764893
vt 0.866211 0.758301
vt 0.839844 0.764893
vt 0.772461 0.758301
vt 0.060852 0.864990
vt 0.060852 0.842773
vt 0.119812 0.848999
vt 0.884277 0.820679
vt 0.950684 0.765381
vt 0.828613 0.765259
vt 0.260254 0.380859
vt 0.353760 0.459473
vt 0.260254 0.496582
vt 0.260254 0.389160
vt 0.364258 0.380859
vt 0.364258 0.389160
vt 0.264160 0.389160
vt 0.264160 0.380859
vt 0.353760 0.380859
vt 0.302246 0.389160
vt 0.260986 0.380859
vt 0.302002 0.380859
vt 0.281006 0.387695
vt 0.281006 0.380859
vt 0.322021 0.380859
vt 0.353760 0.496582
vt 0.353760 0.381348
vt 0.914551 0.829102
vt 0.953613 0.829102
vt 0.999023 0.872192
vt 0.803711 0.872192
vt 0.803711 0.829102
vt 0.842285 0.829102
vt 0.842285 0.764893
vt 0.914551 0.764893
vt 0.803711 0.758301
vt 0.803711 0.764893
vt 0.496582 0.743164
vt 0.341064 0.748779
vt 0.341064 0.743164
vt 0.497314 0.748779
vt 0.271240 0.743164
vt 0.395752 0.748779
vt 0.270264 0.748779
vt 0.395752 0.743164
vt 0.256836 0.743164
vt 0.396240 0.748779
vt 0.254883 0.748779
vt 0.396240 0.743164
vt 0.372070 0.743164
vt 0.387451 0.748779
vt 0.372070 0.748779
vt 0.387451 0.743164
vt 0.342529 0.743164
vt 0.426514 0.743164
vt 0.342529 0.748779
vt 0.427490 0.748779
vt 0.352539 0.748779
vt 0.391357 0.743164
vt 0.391357 0.748779
vt 0.352539 0.743164
vt 0.176636 0.877075
vt 0.093201 0.877075
vt 0.093201 0.873169
vt 0.176636 0.873169
vt 0.180176 0.877136
vt 0.124268 0.877136
vt 0.124268 0.873291
vt 0.180176 0.873291
vt 0.143677 0.873291
vt 0.165894 0.873291
vt 0.165894 0.877136
vt 0.143677 0.877136
vt 0.795898 0.463379
vt 0.849609 0.394043
vt 0.849609 0.489746
vt 0.795898 0.394043
vt 0.216797 0.744141
vt 0.113708 0.744141
vt 0.216797 0.630615
vt 0.113708 0.630615
vt 0.860840 0.744141
vt 0.758301 0.744141
vt 0.860840 0.630859
vt 0.758301 0.630859
vt 0.105004 0.744141
vt 0.236656 0.744141
vt 0.193932 0.724121
vt 0.136559 0.724121
vt 0.889648 0.744141
vt 0.848145 0.722412
vt 0.788574 0.722412
vt 0.889648 0.630859
vt 0.848145 0.630859
vt 0.236656 0.630859
vt 0.193932 0.630859
vt 0.105004 0.630859
vt 0.136559 0.630859
vt 0.788574 0.630859
vt 0.849121 0.395020
vt 0.849121 0.484863
vt 0.791016 0.395020
vt 0.791016 0.484863
vt 0.188965 0.842407
vt 0.233765 0.750977
vt 0.233765 0.864990
vt 0.188965 0.750977
vt 0.013283 0.750977
vt 0.101624 0.785645
vt 0.061279 0.785645
vt 0.229248 0.750977
vt 0.013283 0.864990
vt 0.061279 0.849609
vt 0.135254 0.864990
vt 0.135254 0.842407
vt 0.233398 0.864990
vt 0.046936 0.849854
vt 0.017212 0.864990
vt 0.017212 0.849854
vt 0.017212 0.750977
vt 0.046936 0.789673
vt 0.233398 0.750977
vt 0.017212 0.789673
vt 0.202759 0.849854
vt 0.202759 0.789673
vt 0.233032 0.864990
vt 0.233032 0.750977
vt 0.059509 0.811157
vt 0.059509 0.854126
vt 0.109863 0.854126
vt 0.226440 0.864990
vt 0.109863 0.811157
vt 0.226440 0.750977
vt 0.936035 0.762573
vt 0.983887 0.762573
vt 0.983887 0.751709
vt 0.936035 0.751709
vt 0.808105 0.751709
vt 0.808105 0.762573
vt 0.870117 0.762573
vt 0.870117 0.751709
vt 0.812988 0.855835
vt 0.800781 0.862793
vt 0.801270 0.855835
vt 0.812988 0.862793
vt 0.772949 0.758301
vt 0.821777 0.829224
vt 0.772949 0.872314
vt 0.821777 0.764893
vt 0.999023 0.758301
vt 0.953613 0.764893
vt 0.087769 0.842773
vt 0.135986 0.842773
vt 0.087769 0.864990
vt 0.135986 0.864990
vt 0.057373 0.785645
vt 0.057373 0.848999
vt 0.191772 0.810913
vt 0.191772 0.854004
vt 0.976074 0.764893
vt 0.976074 0.829346
vt 0.772949 0.872192
vt 0.839844 0.829346
vt 0.866211 0.872192
vt 0.866211 0.829346
vt 0.772461 0.872192
vt 0.988770 0.758301
vt 0.988770 0.764893
vt 0.988770 0.872192
vt 0.988770 0.829346
vt 0.847656 0.826782
vt 0.847656 0.872192
vt 0.811523 0.826782
vt 0.811523 0.872192
vt 0.876953 0.864990
vt 0.836914 0.864990
vt 0.836914 0.860840
vt 0.876953 0.860840
vt 0.818359 0.826782
vt 0.818359 0.762451
vt 0.954102 0.826782
vt 0.954102 0.762451
vt 0.858398 0.826782
vt 0.920410 0.872192
vt 0.920410 0.826782
vt 0.858398 0.762451
vt 0.920410 0.762451
vt 0.920410 0.758301
vt 0.912598 0.762451
vt 0.849609 0.758301
vt 0.888672 0.764893
vt 0.791016 0.758301
vt 0.931641 0.764893
vt 0.962402 0.758301
vt 0.865723 0.829102
vt 0.865723 0.764893
vt 0.962402 0.872192
vt 0.827148 0.829102
vt 0.827148 0.764893
vt 0.889160 0.828979
vt 0.931641 0.829102
vt 0.791016 0.872192
vt 0.108276 0.864990
vt 0.013138 0.864990
vt 0.108276 0.750977
vt 0.013138 0.750977
vt 0.832031 0.928711
vt 0.832031 0.980301
vt 0.818848 0.980301
vt 0.818848 0.928711
vt 0.927734 0.946808
vt 0.806641 0.895264
vt 0.927734 0.895264
vt 0.806641 0.946808
vt 0.822754 0.914673
vt 0.956055 0.914673
vt 0.822754 0.966248
vt 0.956055 0.966248
vt 0.783691 0.926697
vt 0.892578 0.978256
vt 0.783691 0.978256
vt 0.892578 0.926697
vt 0.863770 0.969376
vt 0.785156 0.969376
vt 0.863770 0.917786
vt 0.785156 0.917786
vt 0.825195 0.959900
vt 0.825195 0.908325
vt 0.855469 0.959900
vt 0.855469 0.908325
vt 0.863281 0.757812
vt 0.974609 0.752197
vt 0.974609 0.757812
vt 0.863281 0.752197
vt 0.967773 0.757812
vt 0.874023 0.752197
vt 0.874023 0.757812
vt 0.967773 0.752197
vt 0.950684 0.759766
vt 0.828613 0.759521
vt 0.935059 0.752197
vt 0.903809 0.757812
vt 0.935059 0.757812
vt 0.903809 0.752197
vt 0.788086 0.489746
vt 0.788086 0.463379
vt 0.804688 0.990295
vt 0.789551 0.935303
vt 0.804688 0.935303
vt 0.789551 0.990295
vt 0.752930 0.990295
vt 0.767090 0.935303
vt 0.767090 0.990295
vt 0.752930 0.935303
vt 0.780273 0.908203
vt 0.817383 0.908203
vt 0.780273 0.932678
vt 0.817383 0.932678
vt 0.200562 0.050781
vt 0.200562 0.001953
vt 0.225952 0.050781
vt 0.225952 0.001953
vt 0.396484 0.029297
vt 0.357422 0.058594
vt 0.357422 0.029297
vt 0.396484 0.058594
vt 0.396240 0.109375
vt 0.363037 0.109375
vt 0.396240 0.060547
vt 0.363037 0.060547
vt 0.353760 0.497070
vt 0.264160 0.497070
vt 0.364258 0.496582
vt 0.264160 0.496582
vt 0.302002 0.470703
vt 0.260986 0.470703
vt 0.322021 0.462891
vt 0.281006 0.462891
vt 0.410645 0.499023
vt 0.375732 0.499023
vt 0.410645 0.458008
vt 0.375732 0.458008
vt 0.439453 0.458008
vt 0.439453 0.499023
vt 0.500488 0.499023
vt 0.500488 0.458008
vt 0.160156 0.848999
vt 0.160156 0.864990
vt 0.119812 0.785645
vt 0.060852 0.750977
vt 0.160156 0.750977
vt 0.160156 0.785645
vt 0.849609 0.762451
vt 0.912598 0.826782
vt 0.849609 0.826782
vt 0.849609 0.872192
vt 0.883789 0.872314
vt 0.861816 0.829224
vt 0.883789 0.829224
vt 0.861816 0.764893
vt 0.883789 0.764893
vt 0.883789 0.758301
vt 0.881836 0.811401
vt 0.853027 0.811157
vt 0.853516 0.811890
vt 0.887695 0.781616
vt 0.888184 0.782349
vt 0.888672 0.841064
vt 0.889160 0.840210
vt 0.853027 0.812744
vt 0.070429 0.372970
vt 0.070429 0.356138
vt 0.091667 0.372970
vt 0.091667 0.338420
vt 0.022105 0.356138
vt 0.004237 0.372970
vt 0.022105 0.372970
vt 0.004237 0.252487
vt 0.121497 0.252487
vt 0.121497 0.338420
vt 0.795410 0.463379
vt 0.795410 0.394043
vt 0.120219 0.252081
vt 0.120219 0.336833
vt 0.089553 0.336833
vt 0.002322 0.252081
vt 0.002322 0.372252
vt 0.089553 0.372252
vt 0.117188 0.789673
vt 0.050903 0.750977
vt 0.050903 0.789673
vt 0.117188 0.849854
vt 0.050903 0.849854
vt 0.050903 0.864990
vt 0.144531 0.810913
vt 0.095642 0.750977
vt 0.916992 0.826782
vt 0.876953 0.826782
vt 0.916992 0.872192
vt 0.876953 0.762451
vt 0.811523 0.762451
vt 0.811523 0.758301
vt 0.916992 0.758301
vt 0.916992 0.762451
vt 0.097534 0.785645
vt 0.158203 0.750977
vt 0.158203 0.785645
vt 0.097534 0.848999
vt 0.158203 0.848999
vt 0.158203 0.864990
vt 0.751953 0.377930
vt 0.874023 0.499512
vt 0.751953 0.499512
vt 0.874023 0.377930
vt 0.000363 0.374134
vt 0.124947 0.374134
vt 0.124947 0.249550
vt 0.000363 0.249550
vt 0.149012 0.207307
vt 0.233485 0.250398
vt 0.188074 0.207307
vt 0.038172 0.250398
vt 0.076746 0.207307
vt 0.038172 0.207307
vt 0.076746 0.143098
vt 0.149012 0.143098
vt 0.038172 0.136506
vt 0.038172 0.143098
vt 0.007410 0.136506
vt 0.007410 0.250520
vt 0.056238 0.207429
vt 0.056238 0.143098
vt 0.233485 0.136506
vt 0.188074 0.143098
vt 0.118250 0.250520
vt 0.096277 0.207429
vt 0.118250 0.207429
vt 0.096277 0.143098
vt 0.118250 0.143098
vt 0.118250 0.136506
vt 0.001526 0.616429
vt 0.090455 0.596409
vt 0.133179 0.616429
vt 0.033082 0.596409
vt 0.133179 0.503147
vt 0.090455 0.594367
vt 0.090455 0.501106
vt 0.133179 0.501106
vt 0.001526 0.503147
vt 0.033082 0.594367
vt 0.001526 0.501106
vt 0.033082 0.501106
vt 0.116179 0.246886
vt 0.129057 0.246886
vt 0.129057 0.127722
vt 0.116179 0.127722
vt -0.000607 0.247240
vt 0.117122 0.247240
vt 0.117122 0.126497
vt -0.000607 0.126497
vt 0.133179 0.615635
vt 0.090455 0.595615
vt 0.133179 0.502353
vt 0.001526 0.615635
vt 0.033082 0.595615
vt 0.090455 0.502353
vt 0.001526 0.502353
vt 0.033082 0.502353
vt 0.102746 0.583043
vt 0.064172 0.583043
vt 0.009484 0.626134
vt 0.199425 0.626134
vt 0.236047 0.626134
vt 0.168664 0.583043
vt 0.126183 0.582921
vt 0.028039 0.626134
vt 0.009484 0.512242
vt 0.064172 0.518834
vt 0.199425 0.512242
vt 0.102746 0.518834
vt 0.125695 0.518834
vt 0.168664 0.518834
vt 0.236047 0.512242
vt 0.028039 0.512242
vt 0.022236 0.249198
vt 0.139966 0.249198
vt 0.139966 0.128455
vt 0.022236 0.128455
vt -0.000850 0.241668
vt 0.130803 0.241668
vt 0.088078 0.221648
vt 0.030705 0.221648
vt 0.130803 0.128386
vt 0.088078 0.128386
vt -0.000850 0.128386
vt 0.030705 0.128386
vt 0.119803 0.621787
vt 0.119803 0.501045
vt 0.237533 0.501045
vt 0.237533 0.621787
vt 0.119803 0.244031
vt 0.119803 0.135001
vt 0.237533 0.135001
vt 0.237533 0.244031
vt 0.229248 0.592721
vt 0.101624 0.599923
vt 0.229248 0.615304
vt 0.188965 0.592721
vt 0.233765 0.615304
vt 0.233765 0.501290
vt 0.188965 0.501290
vt 0.013283 0.501290
vt 0.061279 0.535958
vt 0.101624 0.535958
vt 0.229248 0.501290
vt 0.013283 0.615304
vt 0.061279 0.599923
vt 0.135254 0.615304
vt 0.135254 0.592721
vt 0.233398 0.243598
vt 0.017212 0.243598
vt 0.046936 0.228462
vt 0.017212 0.228462
vt 0.017212 0.129585
vt 0.233398 0.129585
vt 0.046936 0.168281
vt 0.017212 0.168281
vt 0.202759 0.228462
vt 0.233032 0.243598
vt 0.202759 0.168281
vt 0.233032 0.129585
vt 0.117188 0.168281
vt 0.050903 0.129585
vt 0.050903 0.168281
vt 0.117188 0.228462
vt 0.050903 0.228462
vt 0.050903 0.243598
vt 0.087463 0.615651
vt 0.087463 0.593434
vt 0.095642 0.593434
vt 0.144531 0.604664
vt 0.060852 0.615651
vt 0.119812 0.599660
vt 0.060852 0.593434
vt 0.087769 0.593434
vt 0.087769 0.615651
vt 0.135986 0.593434
vt 0.135986 0.615651
vt 0.013283 0.615651
vt 0.013283 0.501637
vt 0.057373 0.536305
vt 0.057373 0.599660
vt 0.233765 0.615651
vt 0.191772 0.604664
vt 0.191772 0.561574
vt 0.233765 0.501637
vt 0.160156 0.599660
vt 0.160156 0.615651
vt 0.119812 0.536305
vt 0.060852 0.501637
vt 0.160156 0.501637
vt 0.160156 0.536305
vt 0.144531 0.561574
vt 0.095642 0.501637
vt 0.097534 0.536305
vt 0.158203 0.501637
vt 0.158203 0.536305
vt 0.097534 0.599660
vt 0.158203 0.599660
vt 0.158203 0.615651
vt 0.059509 0.561818
vt 0.059509 0.604787
vt 0.109863 0.604787
vt 0.226440 0.615651
vt 0.109863 0.561818
vt 0.226440 0.501637
vt 0.108276 0.615651
vt 0.108276 0.501637
vt 0.013138 0.615651
vt 0.013138 0.501637
vt 0.047674 0.243711
vt 0.179022 0.243711
vt 0.137518 0.221982
vt 0.077947 0.221982
vt 0.179022 0.130429
vt 0.137518 0.130429
vt 0.047674 0.130429
vt 0.077947 0.130429
vt 0.047674 0.616256
vt 0.137518 0.594527
vt 0.179022 0.616256
vt 0.077947 0.594527
vt 0.179022 0.502975
vt 0.137518 0.502975
vt 0.047674 0.502975
vt 0.077947 0.502975
vt 0.167786 0.613239
vt 0.167786 0.499957
vt 0.065247 0.613239
vt 0.065247 0.499957
vt 0.155091 0.591510
vt 0.196595 0.613239
vt 0.095521 0.591510
vt 0.196595 0.499957
vt 0.155091 0.499957
vt 0.095521 0.499957
vt 0.820934 0.498054
vt 0.842172 0.498054
vt 0.820934 0.481222
vt 0.842172 0.463504
vt 0.772609 0.481222
vt 0.754741 0.498054
vt 0.772609 0.498054
vt 0.754741 0.377571
vt 0.872002 0.377571
vt 0.872002 0.463504
vt 0.080763 0.580724
vt 0.044631 0.580724
vt 0.080763 0.626134
vt 0.044631 0.626134
vt 0.110060 0.618932
vt 0.070021 0.614781
vt 0.070021 0.618932
vt 0.110060 0.614781
vt 0.051466 0.580724
vt 0.051466 0.516393
vt 0.006056 0.512242
vt 0.006056 0.626134
vt 0.232131 0.512242
vt 0.187209 0.516393
vt 0.187209 0.580724
vt 0.232131 0.626134
vt 0.091506 0.580724
vt 0.153517 0.626134
vt 0.153517 0.580724
vt 0.091506 0.516393
vt 0.153517 0.516393
vt 0.153517 0.512242
vt 0.082716 0.512242
vt 0.145705 0.516393
vt 0.082716 0.516393
vt 0.145705 0.580724
vt 0.082716 0.580724
vt 0.082716 0.626134
vt 0.150099 0.580724
vt 0.150099 0.626134
vt 0.110060 0.580724
vt 0.110060 0.516393
vt 0.044631 0.516393
vt 0.044631 0.512242
vt 0.150099 0.512242
vt 0.150099 0.516393
vt 0.114330 0.518182
vt 0.087962 0.518182
vt 0.114330 0.511590
vt 0.020580 0.511590
vt 0.021068 0.511590
vt 0.224193 0.582635
vt 0.224193 0.518182
vt 0.021068 0.625481
vt 0.087962 0.582635
vt 0.114330 0.582635
vt 0.114330 0.625481
vt 0.020580 0.625481
vt 0.236888 0.511590
vt 0.236888 0.518182
vt 0.236888 0.625481
vt 0.236888 0.582635
vt 0.755859 0.420898
vt 0.832031 0.420898
vt 0.832031 0.491211
vt 0.755859 0.491211
vt 0.762695 0.312012
vt 0.763184 0.330078
vt 0.771973 0.320801
vt 0.786133 0.328613
vt 0.795410 0.257324
vt 0.795410 0.328613
vt 0.786133 0.257324
vt 0.777344 0.328613
vt 0.777344 0.257324
vt 0.784180 0.262207
vt 0.786621 0.349121
vt 0.786621 0.262207
vt 0.784180 0.349121
vt 0.757812 0.257324
vt 0.751465 0.328613
vt 0.757812 0.328613
vt 0.751465 0.257324
vt 0.869629 0.350098
vt 0.854980 0.338379
vt 0.869629 0.327148
vt 0.761719 0.293457
vt 0.771484 0.302734
vt 0.770508 0.284180
vt 0.762207 0.276367
vt 0.762207 0.259277
vt 0.770996 0.267090
vt 0.762695 0.311523
vt 0.762207 0.329102
vt 0.771484 0.319336
vt 0.762695 0.294434
vt 0.771484 0.302246
vt 0.763184 0.276855
vt 0.771973 0.284668
vt 0.763672 0.259766
vt 0.771973 0.267578
vt 0.855469 0.314453
vt 0.869141 0.292969
vt 0.869141 0.273438
vt 0.868652 0.312012
vt 0.855469 0.306152
vt 0.868652 0.326172
vt 0.869141 0.303223
vt 0.869141 0.348145
vt 0.869629 0.371094
vt 0.855469 0.371582
vt 0.869629 0.372559
vt 0.855469 0.372559
vt 0.811523 0.257324
vt 0.811523 0.328613
vt 0.803223 0.328613
vt 0.803223 0.257324
vt 0.759766 0.257324
vt 0.759766 0.328613
vt 0.769043 0.257324
vt 0.769043 0.328613
vt 0.750977 0.257324
vt 0.750977 0.328613
vt 0.820801 0.328613
vt 0.820801 0.257324
vt 0.769531 0.328613
vt 0.786133 0.349609
vt 0.795410 0.278320
vt 0.795410 0.349609
vt 0.786133 0.278320
vt 0.777344 0.349609
vt 0.777344 0.278320
vt 0.769531 0.257324
vt 0.869141 0.254395
vt 0.856934 0.263184
vt 0.259277 0.618896
vt 0.326904 0.618896
vt 0.326904 0.512207
vt 0.259277 0.512207
vt 0.821777 0.371094
vt 0.768555 0.375488
vt 0.821289 0.375488
vt 0.763672 0.371094
vt 0.827637 0.351074
vt 0.750977 0.351074
vt 0.827637 0.375000
vt 0.750977 0.375000
vt 0.816895 0.371582
vt 0.751953 0.371582
vt 0.813477 0.375000
vt 0.751953 0.375000
vt 0.853516 0.375000
vt 0.853516 0.250977
vt 0.847656 0.250977
vt 0.847656 0.375000
vt 0.838379 0.253906
vt 0.842773 0.366699
vt 0.838379 0.371094
vt 0.842773 0.251953
vt 0.842773 0.253906
vt 0.838379 0.366699
vt 0.838379 0.251953
vt 0.842773 0.370605
vt 0.836914 0.374512
vt 0.836914 0.273926
vt 0.830566 0.374512
vt 0.830566 0.273926
vt 0.830566 0.366211
vt 0.836914 0.252930
vt 0.836914 0.366211
vt 0.830566 0.252930
vt 0.837891 0.375000
vt 0.842773 0.372070
vt 0.842773 0.375000
vt 0.837891 0.372070
vt 0.645020 0.362305
vt 0.636719 0.249512
vt 0.645020 0.249512
vt 0.636719 0.362305
vt 0.630859 0.249512
vt 0.630859 0.362305
vt 0.625977 0.362305
vt 0.625977 0.249512
vt 0.256836 0.749268
vt 0.496338 0.743652
vt 0.256836 0.743652
vt 0.496338 0.749268
vt 0.426270 0.743652
vt 0.259521 0.749268
vt 0.426270 0.749268
vt 0.259521 0.743652
vt 0.332031 0.749268
vt 0.497070 0.749268
vt 0.332031 0.743652
vt 0.497070 0.743652
vt 0.494141 0.749268
vt 0.261475 0.743652
vt 0.261475 0.749268
vt 0.494141 0.743652
vt 0.499268 0.743652
vt 0.253662 0.743652
vt 0.499268 0.749268
vt 0.253662 0.749268
vt 0.497559 0.743652
vt 0.329346 0.743652
vt 0.497559 0.749268
vt 0.329346 0.749268
vt 0.486328 0.743652
vt 0.254395 0.743652
vt 0.421631 0.749268
vt 0.264160 0.749268
vt 0.421631 0.743652
vt 0.252197 0.743652
vt 0.417969 0.743652
vt 0.250488 0.743652
vt 0.417969 0.749268
vt 0.250488 0.749268
vt 0.260498 0.743652
vt 0.418457 0.743652
vt 0.494385 0.743652
vt 0.494385 0.749268
vt 0.252197 0.749268
vt 0.257324 0.743652
vt 0.485840 0.749268
vt 0.257324 0.749268
vt 0.859375 0.251953
vt 0.856934 0.283691
vt 0.856445 0.251953
vt 0.859375 0.283691
vt 0.874023 0.374512
vt 0.874023 0.251465
vt 0.860352 0.374512
vt 0.860352 0.251465
vt 0.874023 0.314941
vt 0.860352 0.314941
vt 0.858887 0.251465
vt 0.858887 0.374512
vt 0.855469 0.369629
vt 0.855469 0.251465
vt 0.859375 0.310059
vt 0.855469 0.370117
vt 0.859375 0.374512
vt 0.860352 0.251953
vt 0.874023 0.283691
vt 0.860352 0.283691
vt 0.874023 0.251953
vt 0.856934 0.251953
vt 0.860352 0.313477
vt 0.874023 0.313477
vt 0.874023 0.366211
vt 0.860352 0.366211
vt 0.860352 0.365234
vt 0.874023 0.328613
vt 0.860352 0.328613
vt 0.874023 0.365234
vt 0.874023 0.355469
vt 0.860352 0.323730
vt 0.860352 0.355469
vt 0.874023 0.323730
vt 0.874023 0.375000
vt 0.860352 0.375000
vt 0.858398 0.300293
vt 0.855469 0.374023
vt 0.855469 0.296387
vt 0.858398 0.370117
vt 0.858398 0.316895
vt 0.855469 0.354004
vt 0.855469 0.313477
vt 0.858398 0.350098
vt 0.858398 0.293945
vt 0.855469 0.331543
vt 0.858398 0.327637
vt 0.855469 0.291016
vt 0.858398 0.334473
vt 0.855469 0.297852
vt 0.858398 0.300781
vt 0.855469 0.337891
vt 0.855469 0.312500
vt 0.858398 0.349609
vt 0.858398 0.315918
vt 0.855469 0.352539
vt 0.863281 0.314453
vt 0.870117 0.373535
vt 0.863281 0.373535
vt 0.870117 0.314453
vt 0.870605 0.375977
vt 0.870605 0.312012
vt 0.863770 0.312012
vt 0.863770 0.375977
vt 0.857910 0.288086
vt 0.857910 0.372070
vt 0.855469 0.287598
vt 0.858398 0.289551
vt 0.855469 0.285645
vt 0.858398 0.369629
vt 0.855469 0.271973
vt 0.858398 0.370605
vt 0.858398 0.273926
vt 0.858398 0.274414
vt 0.934082 0.998121
vt 0.941406 0.998224
vt 0.934082 0.993317
vt 0.926758 0.988327
vt 0.926758 0.993217
vt 0.919434 0.988220
vt 0.919922 0.983475
vt 0.898438 0.973648
vt 0.905762 0.973740
vt 0.898438 0.968857
vt 0.934082 0.993320
vt 0.941406 0.998192
vt 0.934082 0.998127
vt 0.942383 0.883423
vt 0.905762 0.978668
vt 0.905762 0.973862
vt 0.912598 0.978745
vt 0.905762 0.978546
vt 0.912598 0.978638
vt 0.942871 0.883484
vt 0.777832 0.881287
vt 0.927246 0.988358
vt 0.919922 0.983536
vt 0.912598 0.983383
vt 0.927246 0.993259
vt 0.919922 0.988297
vt 0.898438 0.973785
vt 0.898438 0.968994
vt 0.777832 0.881897
vt 0.970215 0.981857
vt 0.753418 0.981873
vt 0.753418 0.911621
vt 0.970215 0.911621
vt 0.912598 0.983490
vt 0.786133 0.266602
vt 0.777832 0.349609
vt 0.777832 0.266602
vt 0.811035 0.267578
vt 0.811035 0.350586
vt 0.827148 0.267578
vt 0.827148 0.350586
vt 0.777832 0.350586
vt 0.777832 0.267578
vt 0.786133 0.350586
vt 0.786133 0.267578
vt 0.801758 0.349609
vt 0.785645 0.266602
vt 0.785645 0.349609
vt 0.801758 0.266602
vt 0.803223 0.267578
vt 0.803223 0.350586
vt 0.759766 0.350586
vt 0.750488 0.267578
vt 0.759766 0.267578
vt 0.750488 0.350586
vt 0.776367 0.267578
vt 0.776367 0.350586
vt 0.801758 0.267578
vt 0.801758 0.350586
vt 0.785645 0.350586
vt 0.785645 0.267578
vt 0.559570 0.126953
vt 0.608398 0.126953
vt 0.608398 0.204102
vt 0.559570 0.204102
vt 0.479055 0.139802
vt 0.386141 0.139802
vt 0.386141 0.197561
vt 0.479055 0.197561
vt 0.471601 0.194811
vt 0.378687 0.137052
vt 0.471601 0.137052
vt 0.378687 0.194811
vt 0.470806 0.194811
vt 0.377892 0.194811
vt 0.377892 0.137052
vt 0.470806 0.137052
vt 0.474729 0.139802
vt 0.474729 0.197561
vt 0.474729 0.140587
vt 0.474729 0.198346
vt 0.386141 0.198346
vt 0.386141 0.140587
vt 0.488085 0.194811
vt 0.488085 0.137052
vt 0.399497 0.194811
vt 0.399497 0.137052
vt 0.555145 0.192785
vt 0.506218 0.192785
vt 0.506218 0.143203
vt 0.555145 0.143203
vt 0.479055 0.198346
vt 0.479055 0.140587
vt 0.552510 0.191494
vt 0.503606 0.191494
vt 0.503606 0.141913
vt 0.552510 0.141913
s 1
usemtl HouseT3
f 1/1/1 2/2/1 79/3/1
f 3/4/2 279/5/2 102/6/2
f 3/4/2 4/7/2 279/5/2
f 5/8/3 6/9/3 7/10/3
f 7/10/3 6/9/3 8/11/3
f 9/12/2 10/13/2 11/14/2
f 12/15/3 162/16/4 158/17/5
f 25/18/6 13/19/7 195/20/8
f 14/21/9 15/18/10 16/22/11
f 17/18/12 18/22/13 19/23/14
f 189/24/15 20/25/13 21/26/16
f 203/27/17 26/28/18 22/29/19
f 204/30/20 23/31/21 24/32/22
f 13/19/7 194/33/11 195/20/8
f 25/18/6 26/34/18 13/19/7
f 28/35/1 27/36/1 277/37/23
f 277/37/23 236/38/1 28/35/1
f 239/39/1 29/40/1 236/38/1
f 28/35/1 236/38/1 29/40/1
f 30/41/1 28/35/1 29/40/1
f 30/41/1 31/42/24 28/35/1
f 30/41/1 139/43/1 31/42/24
f 30/41/1 241/44/1 139/43/1
f 32/45/25 35/46/26 33/47/27
f 42/48/28 35/46/26 32/45/25
f 34/49/29 35/50/26 36/51/30
f 35/50/26 34/49/29 33/52/27
f 37/53/31 36/54/30 41/55/32
f 36/54/30 37/53/31 34/56/29
f 38/57/33 39/58/34 43/59/35
f 39/58/34 38/57/33 40/60/36
f 40/61/36 37/62/31 39/63/34
f 41/64/32 39/63/34 37/62/31
f 42/65/28 38/66/33 43/67/35
f 38/66/33 42/65/28 32/68/25
f 44/69/2 45/70/37 47/71/2
f 44/69/2 47/71/2 46/72/2
f 45/73/37 48/74/38 51/75/39
f 45/73/37 51/75/39 47/76/2
f 48/77/38 49/78/1 50/79/1
f 48/77/38 50/79/1 51/80/39
f 52/81/40 53/82/41 165/83/40
f 53/82/41 52/81/40 54/84/42
f 59/85/1 55/86/3 260/87/42
f 55/86/3 258/88/43 260/87/42
f 56/89/1 57/90/3 54/91/42
f 57/90/3 53/92/41 54/91/42
f 58/93/1 59/94/1 62/95/1
f 58/93/1 62/95/1 65/96/1
f 67/90/1 56/97/1 60/98/1
f 67/90/1 60/98/1 68/99/1
f 56/97/1 54/100/42 60/98/1
f 60/98/1 54/100/42 61/101/44
f 59/94/1 260/102/42 62/95/1
f 62/95/1 260/102/42 63/103/1
f 64/104/1 58/93/1 65/96/1
f 65/96/1 66/105/1 64/104/1
f 52/92/1 67/90/1 68/99/1
f 68/99/1 69/106/45 52/92/1
f 70/107/46 71/108/46 75/109/46
f 75/109/46 71/108/46 72/110/46
f 73/111/1 74/112/1 75/113/1
f 74/112/1 73/111/1 76/114/1
f 270/115/47 80/116/1 77/117/1
f 80/116/1 270/115/47 78/118/1
f 277/119/48 77/117/1 81/120/24
f 77/117/1 277/119/48 270/115/47
f 1/1/1 79/3/1 80/116/1
f 1/1/1 80/116/1 78/118/1
f 2/2/1 277/119/48 79/3/1
f 79/3/1 277/119/48 81/120/24
f 75/113/1 2/121/1 73/111/1
f 2/121/1 1/122/1 73/111/1
f 292/123/2 84/124/49 276/125/49
f 84/124/49 82/126/49 276/125/49
f 273/127/49 83/128/49 85/129/50
f 273/127/49 274/130/49 83/128/49
f 278/131/49 271/132/49 277/133/48
f 270/134/47 277/133/48 271/132/49
f 292/123/2 83/128/49 84/124/49
f 83/128/49 292/123/2 85/129/50
f 90/115/51 86/119/2 91/135/3
f 86/119/2 88/136/3 91/135/3
f 86/119/2 87/137/3 88/136/3
f 86/119/2 140/138/3 87/137/3
f 89/139/3 90/115/51 91/135/3
f 92/140/3 90/115/51 89/139/3
f 140/138/3 89/139/3 87/137/3
f 140/138/3 92/140/3 89/139/3
f 93/141/52 262/142/53 94/143/54
f 93/141/52 94/143/54 95/144/55
f 258/142/43 96/145/56 261/146/57
f 96/145/56 258/142/43 75/143/1
f 262/147/53 261/142/57 96/143/56
f 262/147/53 96/143/56 94/148/54
f 97/149/3 98/150/3 99/151/3
f 98/150/3 97/149/3 8/152/3
f 242/153/1 237/154/1 75/155/1
f 242/153/1 100/156/1 237/154/1
f 138/157/58 27/36/1 101/158/24
f 27/36/1 138/157/58 277/37/23
f 102/159/2 10/160/2 3/161/2
f 9/162/2 3/161/2 10/160/2
f 292/119/2 103/163/2 85/115/50
f 292/119/2 104/164/2 103/163/2
f 86/113/2 105/165/2 106/166/59
f 105/165/2 86/113/2 90/112/51
f 3/4/2 86/113/2 4/7/2
f 4/7/2 86/113/2 106/166/59
f 107/153/50 108/167/3 111/168/3
f 107/153/50 111/168/3 86/169/2
f 109/170/3 140/171/3 112/172/3
f 140/171/3 109/170/3 110/173/3
f 107/153/50 6/174/3 108/167/3
f 6/174/3 5/175/3 108/167/3
f 86/169/2 111/168/3 140/176/3
f 112/177/3 140/176/3 111/168/3
f 234/178/2 235/179/2 113/180/2
f 113/180/2 235/179/2 285/181/2
f 114/182/2 115/183/2 116/184/2
f 114/182/2 116/184/2 117/185/2
f 118/186/2 136/153/60 119/187/2
f 123/169/61 136/153/60 118/186/2
f 107/157/50 120/188/2 121/189/59
f 120/188/2 107/157/50 86/37/2
f 122/190/2 123/169/61 118/186/2
f 284/191/2 123/169/61 122/190/2
f 284/191/2 122/190/2 282/192/2
f 124/193/2 282/192/2 122/190/2
f 282/192/2 124/193/2 287/194/2
f 125/195/2 287/194/2 124/193/2
f 124/193/2 136/153/60 125/195/2
f 136/153/60 124/193/2 119/187/2
f 107/157/50 126/196/2 115/197/2
f 126/196/2 107/157/50 121/189/59
f 136/157/60 127/198/49 129/199/49
f 127/198/49 136/157/60 128/200/49
f 129/201/49 130/202/49 131/203/49
f 130/202/49 129/201/49 135/204/49
f 138/11/58 132/205/49 277/173/23
f 138/11/58 133/206/49 132/205/49
f 123/37/61 134/207/49 137/208/49
f 134/207/49 123/37/61 135/209/49
f 135/204/49 277/173/23 130/202/49
f 130/202/49 277/173/23 132/205/49
f 131/203/49 138/11/58 129/201/49
f 138/11/58 131/203/49 133/206/49
f 129/199/49 134/207/49 135/209/49
f 134/207/49 129/199/49 127/198/49
f 136/157/60 137/208/49 128/200/49
f 137/208/49 136/157/60 123/37/61
f 138/157/58 31/42/24 139/43/1
f 31/42/24 138/157/58 101/158/24
f 140/210/3 141/211/3 92/212/3
f 141/211/3 142/213/3 92/212/3
f 7/10/3 8/11/3 109/170/3
f 8/11/3 110/173/3 109/170/3
f 143/214/62 149/215/63 144/216/64
f 144/216/64 145/217/65 143/214/62
f 150/218/2 85/219/2 90/220/66
f 85/219/2 150/218/2 146/221/67
f 148/222/68 152/223/69 147/224/70
f 151/225/71 147/224/70 152/223/69
f 146/226/67 147/227/70 85/228/2
f 147/227/70 146/226/67 148/229/68
f 90/230/66 149/231/63 150/232/2
f 149/231/63 143/233/62 150/232/2
f 151/234/71 152/235/69 144/236/64
f 144/236/64 152/235/69 145/237/65
f 246/238/72 153/239/73 244/240/74
f 153/239/73 246/238/72 154/241/63
f 155/242/75 247/243/76 156/244/77
f 247/243/76 155/242/75 157/245/78
f 158/17/5 162/16/4 159/246/71
f 158/17/5 159/246/71 160/247/79
f 161/248/1 162/249/4 156/250/1
f 162/249/4 161/248/1 159/251/71
f 163/248/2 158/251/5 160/249/79
f 163/248/2 160/249/79 164/250/2
f 52/81/40 165/83/40 166/252/40
f 166/252/40 167/253/40 52/81/40
f 175/254/2 174/255/79 168/256/2
f 174/255/79 175/254/2 173/257/80
f 169/258/81 170/259/3 171/260/82
f 170/259/3 169/258/81 172/261/1
f 173/257/80 170/259/3 174/255/79
f 170/259/3 173/257/80 171/260/82
f 171/262/82 173/263/80 169/264/81
f 173/263/80 175/265/2 169/264/81
f 181/266/83 176/267/84 177/268/85
f 177/268/85 176/267/84 178/269/2
f 179/266/86 183/269/87 182/268/88
f 183/269/87 179/266/86 180/267/1
f 181/270/83 179/271/86 182/272/88
f 179/271/86 181/270/83 177/273/85
f 181/274/83 182/275/88 176/276/84
f 182/275/88 183/277/87 176/276/84
f 184/25/12 185/278/89 186/279/90
f 185/278/89 184/25/12 187/26/91
f 187/18/91 188/280/92 185/20/89
f 188/280/92 187/18/91 191/22/93
f 191/18/93 198/280/94 188/20/92
f 198/280/94 191/18/93 192/22/93
f 192/18/93 197/280/95 198/20/94
f 197/280/95 192/18/93 193/22/96
f 189/24/15 187/33/91 184/281/12
f 187/33/91 189/24/15 21/26/16
f 21/18/16 190/22/97 187/20/91
f 187/20/91 190/22/97 191/280/93
f 190/18/97 17/22/12 191/20/93
f 191/20/93 17/22/12 192/280/93
f 192/20/93 17/18/12 19/23/14
f 192/20/93 19/23/14 193/280/96
f 194/26/11 185/20/89 195/18/8
f 185/20/89 194/26/11 186/33/90
f 195/22/8 188/20/92 196/18/98
f 188/20/92 195/22/8 185/280/89
f 196/22/98 198/20/94 200/18/98
f 198/20/94 196/22/98 188/280/92
f 200/22/98 197/20/95 201/18/99
f 197/20/95 200/22/98 198/280/94
f 195/280/8 199/18/6 25/22/6
f 199/18/6 195/280/8 196/20/98
f 196/280/98 16/18/11 199/22/6
f 16/18/11 196/280/98 200/20/98
f 200/280/98 14/21/9 16/22/11
f 14/21/9 200/280/98 201/20/99
f 202/282/100 13/283/7 203/27/17
f 203/27/17 13/283/7 26/28/18
f 204/30/20 13/284/7 202/285/100
f 13/284/7 204/30/20 24/32/22
f 205/286/2 206/287/2 207/288/2
f 206/287/2 208/289/2 207/288/2
f 209/287/3 210/290/3 211/291/3
f 210/290/3 209/287/3 212/289/3
f 213/292/1 214/289/1 215/293/1
f 214/289/1 213/292/1 216/287/1
f 217/287/1 218/293/1 219/292/1
f 218/293/1 217/287/1 220/289/1
f 221/287/3 222/290/3 223/291/3
f 222/290/3 221/287/3 224/289/3
f 225/286/2 226/287/2 227/288/2
f 226/287/2 228/289/2 227/288/2
f 229/294/2 291/295/2 11/14/2
f 291/295/2 9/12/2 11/14/2
f 10/13/2 230/296/2 11/14/2
f 230/296/2 10/13/2 231/297/2
f 289/298/2 230/296/2 231/297/2
f 289/298/2 232/299/2 230/296/2
f 115/197/2 126/196/2 116/300/2
f 126/196/2 233/301/2 116/300/2
f 116/300/2 233/301/2 234/302/2
f 233/301/2 235/303/2 234/302/2
f 233/301/2 86/37/2 235/303/2
f 86/37/2 233/301/2 120/188/2
f 236/304/1 75/155/1 237/154/1
f 236/304/1 237/154/1 238/305/1
f 238/305/1 239/306/1 236/304/1
f 240/307/1 239/306/1 238/305/1
f 241/308/1 239/306/1 240/307/1
f 240/307/1 139/309/1 241/308/1
f 240/307/1 242/153/1 139/309/1
f 242/153/1 240/307/1 100/156/1
f 243/310/49 157/311/78 155/312/75
f 243/310/49 153/313/73 157/311/78
f 153/313/73 243/310/49 244/314/74
f 245/310/3 154/315/63 246/316/72
f 245/310/3 247/317/76 154/315/63
f 247/317/76 245/310/3 156/312/77
f 248/318/40 249/319/40 250/320/40
f 251/321/40 250/320/40 249/319/40
f 252/322/40 251/321/40 249/319/40
f 253/323/40 252/322/40 254/324/40
f 252/322/40 253/323/40 255/325/40
f 252/322/40 255/325/40 251/321/40
f 256/326/40 251/321/40 255/325/40
f 251/321/40 256/326/40 257/327/40
f 258/82/43 259/328/40 260/329/42
f 259/328/40 258/82/43 261/83/57
f 259/328/40 261/83/57 262/252/53
f 262/252/53 263/253/40 259/328/40
f 264/330/40 265/331/40 266/332/40
f 266/332/40 267/333/40 264/330/40
f 268/334/40 267/333/40 266/332/40
f 268/334/40 266/332/40 269/335/40
f 270/134/47 271/132/49 272/336/49
f 272/336/49 273/337/49 270/134/47
f 272/336/49 274/338/49 273/337/49
f 275/339/49 274/338/49 272/336/49
f 275/339/49 82/340/49 274/338/49
f 82/340/49 275/339/49 276/341/49
f 275/339/49 277/133/48 276/341/49
f 275/339/49 278/131/49 277/133/48
f 279/5/2 4/7/2 280/342/2
f 281/343/2 279/5/2 280/342/2
f 280/342/2 90/112/51 281/343/2
f 90/112/51 280/342/2 105/165/2
f 282/344/2 283/345/2 284/346/2
f 283/345/2 285/181/2 284/346/2
f 285/181/2 283/345/2 113/180/2
f 286/347/2 113/180/2 283/345/2
f 286/347/2 117/348/2 113/180/2
f 117/348/2 286/347/2 114/349/2
f 125/350/2 114/349/2 286/347/2
f 286/347/2 287/351/2 125/350/2
f 288/352/2 85/115/50 103/163/2
f 85/115/50 288/352/2 289/353/2
f 289/353/2 288/352/2 232/354/2
f 290/355/2 232/354/2 288/352/2
f 290/355/2 229/356/2 232/354/2
f 229/356/2 290/355/2 291/357/2
f 292/119/2 291/357/2 290/355/2
f 292/119/2 290/355/2 104/164/2
f 293/358/46 294/359/46 295/360/46
f 294/359/46 293/358/46 296/361/46
f 297/362/101 299/363/101 300/364/101 298/365/101
f 305/366/2 310/367/102 302/368/2
f 310/367/102 305/366/2 301/369/2
f 305/366/2 304/370/2 301/369/2
f 314/371/2 301/369/2 304/370/2
f 303/372/2 304/370/2 305/366/2
f 303/372/2 305/366/2 309/373/2
f 303/372/2 309/373/2 308/374/2
f 303/372/2 308/374/2 307/375/2
f 316/376/2 312/377/2 306/378/2
f 316/376/2 306/378/2 317/379/2
f 492/380/103 311/381/2 302/368/2
f 302/368/2 310/367/102 492/380/103
f 492/380/103 308/374/2 309/373/2
f 309/373/2 311/381/2 492/380/103
f 301/382/2 306/378/2 312/377/2
f 301/382/2 313/383/2 306/378/2
f 313/383/2 301/382/2 314/384/2
f 315/385/2 313/383/2 314/384/2
f 307/386/2 315/385/2 314/384/2
f 315/385/2 307/386/2 308/387/2
f 315/385/2 308/387/2 316/376/2
f 316/376/2 317/379/2 315/385/2
f 318/388/2 320/389/2 319/390/2
f 318/388/2 324/391/2 320/389/2
f 319/390/2 320/389/2 321/392/2
f 320/393/2 322/394/2 321/395/2
f 323/396/2 324/391/2 318/388/2
f 324/397/2 323/398/2 325/399/2
f 330/400/49 328/401/49 329/402/49 331/403/49
f 326/404/49 330/405/49 331/406/49 327/407/49
f 339/408/2 337/409/2 338/410/2
f 334/411/2 333/412/2 337/409/2
f 337/409/2 336/413/2 338/410/2
f 334/411/2 337/409/2 339/408/2
f 335/414/2 333/412/2 334/411/2
f 333/412/2 335/414/2 332/415/2
f 344/416/3 491/417/3 310/418/102
f 342/419/3 344/416/3 310/418/102
f 340/420/104 494/421/3 493/422/3
f 493/422/3 342/423/3 340/420/104
f 492/424/103 491/417/3 341/425/3
f 492/424/103 310/418/102 491/417/3
f 344/416/3 342/419/3 345/426/3
f 345/426/3 343/427/3 344/416/3
f 347/428/3 346/429/3 348/430/105
f 348/430/105 345/431/3 347/428/3
f 349/432/1 351/433/1 352/434/1 350/435/1
f 353/436/1 354/437/1 357/438/1
f 353/436/1 357/438/1 355/439/1
f 354/437/1 356/440/1 357/438/1
f 357/438/1 356/440/1 358/441/1
f 359/442/1 353/436/1 355/439/1
f 355/439/1 360/443/1 359/442/1
f 361/404/1 363/405/1 364/406/1 362/407/1
f 365/444/2 366/445/2 368/446/2 367/447/2
f 369/444/2 370/445/2 372/446/2 371/447/2
f 373/448/49 374/449/49 376/450/49 375/451/49
f 377/452/2 384/453/2 388/454/2
f 378/455/2 387/456/2 379/457/2
f 379/457/2 380/458/2 378/455/2
f 381/459/106 383/460/2 382/461/2
f 382/461/2 385/462/2 381/459/106
f 391/463/107 386/464/2 383/460/2
f 383/460/2 381/459/106 391/463/107
f 377/452/2 382/461/2 384/453/2
f 377/452/2 385/462/2 382/461/2
f 388/454/2 384/453/2 391/463/107
f 384/453/2 386/464/2 391/463/107
f 387/456/2 378/455/2 388/465/2
f 388/465/2 378/455/2 377/466/2
f 403/467/1 399/468/3 389/469/3
f 389/469/3 399/468/3 398/470/3
f 395/471/3 405/472/108 392/473/3
f 395/471/3 392/473/3 396/474/3
f 390/475/3 391/476/107 393/477/3
f 381/478/106 393/477/3 391/476/107
f 403/467/1 389/469/3 392/473/3
f 392/473/3 405/472/108 403/467/1
f 381/478/106 394/479/3 393/477/3
f 394/479/3 381/478/106 395/480/3
f 394/479/3 395/480/3 396/481/3
f 397/482/3 394/479/3 396/481/3
f 397/482/3 396/481/3 398/483/3
f 398/483/3 399/484/3 397/482/3
f 397/482/3 399/484/3 391/476/107
f 397/482/3 391/476/107 390/475/3
f 407/485/1 401/486/1 416/487/1
f 407/485/1 416/487/1 408/488/1
f 411/489/1 400/490/1 402/491/1
f 401/492/1 407/493/1 402/494/1
f 411/495/1 402/494/1 407/493/1
f 403/496/1 405/497/108 404/498/1
f 403/496/1 404/498/1 424/499/1
f 406/500/109 409/501/24 420/502/1
f 420/502/1 419/503/110 406/500/109
f 407/485/1 408/488/1 406/500/109
f 408/488/1 409/501/24 406/500/109
f 423/504/1 400/490/1 410/505/1
f 410/505/1 400/490/1 411/489/1
f 402/491/1 400/490/1 412/506/1
f 412/506/1 413/507/1 402/491/1
f 414/508/1 413/507/1 412/506/1
f 414/508/1 412/506/1 415/509/1
f 416/487/1 417/510/1 408/488/1
f 418/511/1 417/510/1 416/487/1
f 417/510/1 418/511/1 419/503/110
f 419/503/110 420/502/1 417/510/1
f 421/512/1 404/498/1 405/497/108
f 405/497/108 414/513/1 421/512/1
f 414/513/1 415/514/1 421/512/1
f 422/515/1 421/512/1 415/514/1
f 422/515/1 415/514/1 423/516/1
f 423/516/1 410/517/1 422/515/1
f 403/496/1 422/515/1 410/517/1
f 403/496/1 424/499/1 422/515/1
f 419/497/110 428/518/49 406/496/109
f 406/496/109 428/518/49 425/519/111
f 406/496/109 425/519/111 426/520/49
f 406/496/109 426/520/49 429/521/49
f 427/522/49 428/518/49 419/497/110
f 431/523/49 427/522/49 419/497/110
f 429/521/49 426/520/49 427/522/49
f 429/521/49 427/522/49 431/523/49
f 429/524/49 431/525/49 430/526/49
f 430/526/49 431/525/49 432/527/49
f 439/528/49 433/529/49 436/530/49
f 439/528/49 436/530/49 434/531/49
f 433/529/49 435/532/67 436/530/49
f 436/530/49 435/532/67 437/533/67
f 438/534/49 439/528/49 434/531/49
f 434/531/49 440/535/112 438/534/49
f 441/448/49 442/449/49 444/450/49 443/451/49
f 445/448/49 446/449/49 448/450/49 447/451/49
f 449/444/3 451/447/3 452/446/3 450/445/3
f 453/536/3 454/537/3 456/538/3
f 453/536/3 455/539/3 454/537/3
f 456/538/3 454/537/3 457/540/71
f 454/537/3 458/541/71 457/540/71
f 459/542/3 455/539/3 453/536/3
f 455/539/3 459/542/3 460/543/63
f 461/444/3 463/447/3 464/446/3 462/445/3
f 465/444/3 467/447/3 468/446/3 466/445/3
f 469/544/49 471/545/49 470/546/49
f 470/546/49 471/545/49 472/547/49
f 479/546/2 476/548/2 474/549/2
f 479/546/2 473/550/2 476/548/2
f 474/549/2 476/548/2 475/551/79
f 476/548/2 477/552/79 475/551/79
f 478/547/113 473/550/2 479/546/2
f 473/550/2 478/547/113 480/553/113
f 484/554/46 482/555/46 483/556/46
f 481/557/46 483/556/46 482/555/46
f 485/558/46 483/556/46 481/557/46
f 486/559/46 487/560/46 485/558/46
f 485/558/46 488/561/46 486/559/46
f 485/558/46 481/557/46 488/561/46
f 489/562/46 488/561/46 481/557/46
f 481/557/46 490/563/46 489/562/46
f 343/427/3 345/426/3 492/424/103
f 492/424/103 341/425/3 343/427/3
f 345/431/3 342/423/3 493/422/3
f 493/422/3 347/428/3 345/431/3
f 348/430/105 346/429/3 494/421/3
f 494/421/3 340/420/104 348/430/105
f 495/564/1 497/565/1 496/566/1
f 497/565/1 515/567/1 496/566/1
f 498/568/1 511/569/1 509/570/1
f 498/568/1 517/571/1 511/569/1
f 499/572/1 500/573/1 348/574/105
f 340/575/104 499/572/1 348/574/105
f 507/576/1 510/577/1 513/578/1
f 513/578/1 501/579/1 507/576/1
f 503/580/1 499/572/1 340/575/104
f 502/581/1 503/580/1 340/575/104
f 502/581/1 504/582/1 503/580/1
f 505/583/1 503/580/1 504/582/1
f 504/582/1 518/584/1 505/583/1
f 506/585/1 505/583/1 518/584/1
f 505/583/1 506/585/1 348/574/105
f 348/574/105 500/573/1 505/583/1
f 507/576/1 509/586/1 508/587/1
f 508/587/1 510/577/1 507/576/1
f 509/586/1 511/588/1 508/587/1
f 508/587/1 511/588/1 512/589/1
f 511/588/1 495/590/1 512/589/1
f 512/589/1 495/590/1 496/591/1
f 512/589/1 496/591/1 501/579/1
f 501/579/1 513/578/1 512/589/1
f 504/592/1 502/593/1 514/594/1
f 514/594/1 502/593/1 515/567/1
f 515/567/1 497/565/1 514/594/1
f 516/595/1 514/594/1 497/565/1
f 516/595/1 497/565/1 517/596/1
f 517/596/1 498/597/1 516/595/1
f 506/598/1 516/595/1 498/597/1
f 516/595/1 506/598/1 518/599/1
f 526/600/49 519/601/49 520/602/49
f 519/601/49 529/603/49 520/602/49
f 524/604/49 528/605/49 525/606/49
f 524/604/49 527/607/49 528/605/49
f 521/608/49 523/609/49 522/610/49
f 522/610/49 530/611/49 521/608/49
f 524/604/49 525/606/49 520/612/49
f 520/612/49 525/606/49 526/613/49
f 527/607/49 522/614/49 528/605/49
f 523/615/49 528/605/49 522/614/49
f 519/601/49 521/608/49 529/603/49
f 529/603/49 521/608/49 530/611/49
f 532/616/40 531/617/40 533/618/40
f 532/616/40 533/618/40 534/619/40
f 548/620/114 536/621/115 535/622/116
f 538/623/117 545/624/118 546/625/119
f 545/624/118 538/623/117 537/626/120
f 537/626/120 538/623/117 539/627/49
f 537/626/120 539/627/49 540/628/49
f 541/629/49 542/630/49 543/631/49
f 542/630/49 541/629/49 544/632/49
f 541/633/49 545/634/118 544/635/49
f 545/634/118 541/633/49 546/636/119
f 548/637/114 547/638/121 536/639/115
f 549/620/122 551/621/123 550/622/124
f 566/640/125 549/620/122 552/641/49
f 553/642/49 554/643/126 566/640/125
f 564/644/126 554/643/126 555/645/49
f 556/646/126 564/647/126 557/648/49
f 558/649/126 556/646/126 559/650/49
f 560/651/127 558/649/126 561/652/49
f 562/653/128 560/651/127 563/654/49
f 565/655/129 558/656/126 560/657/127
f 565/655/129 556/658/126 558/656/126
f 565/659/129 564/660/126 556/661/126
f 565/659/129 554/662/126 564/660/126
f 565/659/129 566/663/125 554/662/126
f 565/659/129 603/664/130 566/663/125
f 566/665/125 603/666/130 549/637/122
f 567/667/65 579/668/131 582/669/132
f 567/667/65 582/669/132 583/670/133
f 585/670/134 581/668/135 568/667/136
f 581/668/135 585/670/134 569/669/137
f 573/623/138 570/624/139 571/625/139
f 570/624/139 573/623/138 572/626/2
f 572/626/2 573/623/138 576/627/140
f 572/626/2 576/627/140 577/628/131
f 574/671/141 575/672/142 576/673/140
f 576/673/140 575/672/142 577/674/131
f 575/672/142 574/671/141 578/675/143
f 575/672/142 578/675/143 580/676/144
f 579/668/131 567/667/65 578/677/143
f 578/677/143 567/667/65 580/678/144
f 568/667/136 581/668/135 582/678/132
f 582/678/132 581/668/135 583/677/133
f 584/672/40 569/673/137 585/679/134
f 569/673/137 584/672/40 586/671/145
f 586/671/145 584/672/40 587/676/146
f 586/671/145 587/676/146 588/675/137
f 590/680/147 588/681/137 587/682/146
f 588/681/137 590/680/147 589/683/148
f 589/683/148 590/680/147 591/684/149
f 589/683/148 591/684/149 592/685/150
f 594/671/151 592/674/150 591/686/149
f 592/674/150 594/671/151 593/672/2
f 593/672/2 594/671/151 597/675/152
f 593/672/2 597/675/152 598/676/153
f 595/668/154 596/667/155 597/677/152
f 597/677/152 596/667/155 598/678/153
f 596/667/155 595/668/154 599/669/2
f 596/667/155 599/669/2 600/670/2
f 562/687/128 601/688/156 560/657/127
f 565/655/129 560/657/127 601/688/156
f 602/638/157 549/637/122 603/666/130
f 549/637/122 602/638/157 551/639/123
f 657/620/158 604/622/159 658/621/160
f 605/640/3 606/641/3 657/620/158
f 607/642/49 618/643/126 605/640/49
f 617/644/126 618/643/126 608/645/49
f 609/646/126 617/647/126 610/648/49
f 616/649/126 609/646/126 611/650/49
f 612/651/127 616/649/126 613/652/49
f 654/653/128 612/651/127 614/654/49
f 615/655/161 616/656/126 612/657/127
f 615/655/161 609/658/126 616/656/126
f 615/659/161 617/660/126 609/661/126
f 615/659/161 618/662/126 617/660/126
f 615/659/161 605/663/49 618/662/126
f 615/659/161 619/664/162 605/663/49
f 605/665/49 619/666/162 657/637/163
f 631/667/164 620/668/131 635/669/165
f 631/667/164 635/669/165 636/670/166
f 638/670/134 634/668/167 633/667/168
f 634/668/167 638/670/134 621/669/137
f 625/623/138 622/624/139 623/625/139
f 622/624/139 625/623/138 624/626/169
f 624/626/169 625/623/138 626/627/140
f 624/626/169 626/627/140 627/628/131
f 629/671/141 628/672/142 626/673/140
f 626/673/140 628/672/142 627/674/131
f 628/672/142 629/671/141 630/675/143
f 628/672/142 630/675/143 632/676/170
f 620/668/131 631/667/164 630/677/143
f 630/677/143 631/667/164 632/678/170
f 633/667/168 634/668/167 635/678/165
f 635/678/165 634/668/167 636/677/166
f 637/672/40 621/673/137 638/679/134
f 621/673/137 637/672/40 639/671/145
f 639/671/145 637/672/40 640/676/146
f 639/671/145 640/676/146 641/675/137
f 643/680/171 641/681/137 640/682/146
f 641/681/137 643/680/171 642/683/148
f 642/683/148 643/680/171 646/684/149
f 642/683/148 646/684/149 644/685/150
f 645/671/147 644/674/150 646/686/149
f 644/674/150 645/671/147 647/672/2
f 647/672/2 645/671/147 649/675/172
f 647/672/2 649/675/172 650/676/173
f 648/668/174 651/667/175 649/677/172
f 649/677/172 651/667/175 650/678/173
f 651/667/175 648/668/174 652/669/2
f 651/667/175 652/669/2 653/670/2
f 654/687/128 655/688/156 612/657/127
f 615/655/161 612/657/127 655/688/156
f 656/638/176 619/666/177 657/637/158
f 657/637/158 658/639/160 656/638/176
f 661/687/178 659/688/178 660/657/178
f 662/637/114 663/638/121 664/639/115
f 662/620/114 664/621/115 665/622/116
f 666/637/179 668/639/180 667/638/181
f 666/620/179 669/622/182 668/621/180
f 670/687/178 672/688/178 671/657/178
f 673/689/183 675/690/183 674/691/183
f 674/691/183 676/692/183 673/689/183
f 677/689/183 679/690/183 678/691/183
f 678/691/183 680/692/183 677/689/183
f 681/693/184 682/694/185 683/695/186
f 681/693/184 684/696/184 682/694/185
f 683/697/186 682/698/185 688/699/187
f 685/700/188 688/699/187 682/698/185
f 686/701/189 687/702/190 685/703/188
f 685/703/188 687/702/190 688/704/187
f 689/693/191 692/694/192 690/695/193
f 689/693/191 691/696/191 692/694/192
f 690/697/193 692/698/192 693/699/194
f 694/700/195 693/699/194 692/698/192
f 695/701/196 696/702/197 694/703/195
f 694/703/195 696/702/197 693/704/194
f 697/693/191 700/694/192 698/695/193
f 697/693/191 699/696/191 700/694/192
f 698/697/193 700/698/192 701/699/194
f 704/700/195 701/699/194 700/698/192
f 702/701/196 703/702/197 704/703/195
f 704/703/195 703/702/197 701/704/194
f 705/693/198 708/694/199 706/695/200
f 705/693/198 707/696/198 708/694/199
f 706/697/200 708/698/199 709/699/201
f 712/700/202 709/699/201 708/698/199
f 710/701/203 711/702/204 712/703/202
f 712/703/202 711/702/204 709/704/201
f 713/693/205 716/694/206 715/695/207
f 713/693/205 714/696/205 716/694/206
f 715/697/207 716/698/206 720/699/208
f 717/700/209 720/699/208 716/698/206
f 718/701/210 719/702/211 717/703/209
f 717/703/209 719/702/211 720/704/208
f 721/693/212 724/694/213 723/695/214
f 721/693/212 722/696/212 724/694/213
f 723/697/214 724/698/213 725/699/215
f 728/700/216 725/699/215 724/698/213
f 726/701/217 727/702/218 728/703/216
f 728/703/216 727/702/218 725/704/215
f 729/693/212 732/694/213 730/695/214
f 729/693/212 731/696/212 732/694/213
f 730/697/214 732/698/213 733/699/215
f 734/700/216 733/699/215 732/698/213
f 735/701/217 736/702/218 734/703/216
f 734/703/216 736/702/218 733/704/215
f 737/693/219 738/694/220 739/695/221
f 737/693/219 740/696/219 738/694/220
f 739/697/221 738/698/220 741/699/222
f 742/700/223 741/699/222 738/698/220
f 743/701/224 744/702/225 742/703/223
f 742/703/223 744/702/225 741/704/222
f 748/705/226 747/706/227 745/707/228
f 745/707/228 746/708/229 748/705/226
f 749/707/230 746/705/229 745/706/228
f 746/705/229 749/707/230 750/708/231
f 747/707/227 748/708/226 749/706/230
f 749/706/230 748/708/226 750/705/231
f 751/705/226 754/706/227 753/707/232
f 753/707/232 752/708/229 751/705/226
f 755/707/230 752/705/229 753/706/232
f 752/705/229 755/707/230 756/708/231
f 754/707/227 751/708/226 755/706/230
f 755/706/230 751/708/226 756/705/231
f 757/705/233 761/706/227 759/707/232
f 759/707/232 758/708/229 757/705/233
f 762/707/230 758/705/229 759/706/232
f 758/705/229 762/707/230 760/708/231
f 761/707/227 757/708/233 762/706/230
f 762/706/230 757/708/233 760/705/231
f 763/705/233 767/706/227 765/707/232
f 765/707/232 764/708/229 763/705/233
f 768/707/230 764/705/229 765/706/232
f 764/705/229 768/707/230 766/708/231
f 767/707/227 763/708/233 768/706/230
f 768/706/230 763/708/233 766/705/231
f 772/705/233 771/706/227 769/707/234
f 769/707/234 770/708/229 772/705/233
f 773/707/230 770/705/229 769/706/234
f 770/705/229 773/707/230 774/708/231
f 771/707/227 772/708/233 773/706/230
f 773/706/230 772/708/233 774/705/231
f 775/709/235 776/710/236 781/711/237
f 776/710/236 775/709/235 778/712/238
f 782/713/239 779/714/240 777/715/241
f 779/714/240 782/713/239 780/716/242
f 776/717/236 778/718/238 779/719/240
f 779/719/240 778/718/238 777/720/241
f 780/721/242 775/722/235 781/723/237
f 775/722/235 780/721/242 782/724/239
f 793/713/243 784/714/244 791/715/245
f 784/714/244 793/713/243 783/716/246
f 789/717/247 792/718/248 784/719/244
f 784/719/244 792/718/248 791/720/245
f 785/725/249 786/726/249 787/727/249
f 786/726/249 785/725/249 788/728/249
f 789/710/247 790/709/250 792/712/248
f 790/709/250 789/710/247 802/711/251
f 793/725/243 792/726/248 790/727/250
f 792/726/248 793/725/243 791/728/245
f 796/709/252 794/710/253 800/711/254
f 794/710/253 796/709/252 798/712/255
f 801/713/256 799/714/257 797/715/258
f 799/714/257 801/713/256 795/716/259
f 801/725/256 798/726/255 796/727/252
f 798/726/255 801/725/256 797/728/258
f 794/717/253 798/718/255 799/719/257
f 799/719/257 798/718/255 797/720/258
f 795/721/259 796/722/252 800/723/254
f 796/722/252 795/721/259 801/724/256
f 790/722/250 783/721/246 793/724/243
f 783/721/246 790/722/250 802/723/251
f 803/729/260 804/730/261 805/731/262
f 806/732/263 804/730/261 803/729/260
f 806/732/263 807/733/264 804/730/261
f 808/734/264 807/733/264 806/732/263
f 803/735/260 807/733/264 808/734/264
f 807/733/264 803/735/260 805/736/262
f 809/729/260 810/730/261 814/731/265
f 811/732/263 810/730/261 809/729/260
f 811/732/263 812/733/264 810/730/261
f 813/734/264 812/733/264 811/732/263
f 809/735/260 812/733/264 813/734/264
f 812/733/264 809/735/260 814/736/265
f 820/729/260 815/730/261 816/731/262
f 817/732/263 815/730/261 820/729/260
f 817/732/263 818/733/264 815/730/261
f 819/734/264 818/733/264 817/732/263
f 820/735/260 818/733/264 819/734/264
f 818/733/264 820/735/260 816/736/262
f 821/729/260 822/730/261 823/731/262
f 824/732/263 822/730/261 821/729/260
f 824/732/263 825/733/264 822/730/261
f 826/734/264 825/733/264 824/732/263
f 821/735/260 825/733/264 826/734/264
f 825/733/264 821/735/260 823/736/262
f 827/729/266 828/730/261 832/731/262
f 829/732/263 828/730/261 827/729/266
f 829/732/263 830/733/264 828/730/261
f 831/734/264 830/733/264 829/732/263
f 827/735/266 830/733/264 831/734/264
f 830/733/264 827/735/266 832/736/262
f 833/729/267 834/730/261 835/731/268
f 836/732/263 834/730/261 833/729/267
f 836/732/263 837/733/264 834/730/261
f 838/734/264 837/733/264 836/732/263
f 833/735/267 837/733/264 838/734/264
f 837/733/264 833/735/267 835/736/268
f 839/729/267 840/730/261 841/731/268
f 842/732/263 840/730/261 839/729/267
f 842/732/263 843/733/264 840/730/261
f 844/734/264 843/733/264 842/732/263
f 839/735/267 843/733/264 844/734/264
f 843/733/264 839/735/267 841/736/268
f 845/729/269 846/730/261 847/731/270
f 848/732/263 846/730/261 845/729/269
f 848/732/263 849/733/264 846/730/261
f 850/734/264 849/733/264 848/732/263
f 845/735/269 849/733/264 850/734/264
f 849/733/264 845/735/269 847/736/270
f 855/729/271 851/730/261 856/731/272
f 852/732/263 851/730/261 855/729/271
f 852/732/263 853/733/264 851/730/261
f 854/734/264 853/733/264 852/732/263
f 855/735/271 853/733/264 854/734/264
f 853/733/264 855/735/271 856/736/272
f 857/729/273 858/730/261 859/731/272
f 860/732/263 858/730/261 857/729/273
f 860/732/263 861/733/264 858/730/261
f 862/734/264 861/733/264 860/732/263
f 857/735/273 861/733/264 862/734/264
f 861/733/264 857/735/273 859/736/272
f 867/729/273 863/730/261 868/731/272
f 864/732/263 863/730/261 867/729/273
f 864/732/263 865/733/264 863/730/261
f 866/734/264 865/733/264 864/732/263
f 867/735/273 865/733/264 866/734/264
f 865/733/264 867/735/273 868/736/272
f 869/729/273 870/730/261 874/731/272
f 871/732/263 870/730/261 869/729/273
f 871/732/263 872/733/264 870/730/261
f 873/734/264 872/733/264 871/732/263
f 869/735/273 872/733/264 873/734/264
f 872/733/264 869/735/273 874/736/272
f 880/729/274 875/730/261 876/731/275
f 877/732/263 875/730/261 880/729/274
f 877/732/263 878/733/264 875/730/261
f 879/734/264 878/733/264 877/732/263
f 880/735/274 878/733/264 879/734/264
f 878/733/264 880/735/274 876/736/275
f 886/729/274 881/730/261 882/731/275
f 883/732/263 881/730/261 886/729/274
f 883/732/263 884/733/264 881/730/261
f 885/734/264 884/733/264 883/732/263
f 886/735/274 884/733/264 885/734/264
f 884/733/264 886/735/274 882/736/275
f 887/729/276 888/730/277 889/731/278
f 890/732/279 888/730/277 887/729/276
f 890/732/279 891/733/280 888/730/277
f 892/734/281 891/733/280 890/732/279
f 887/735/276 891/733/280 892/734/281
f 891/733/280 887/735/276 889/736/278
f 898/729/282 893/730/283 894/731/284
f 895/732/285 893/730/283 898/729/282
f 895/732/285 896/733/286 893/730/283
f 897/734/286 896/733/286 895/732/285
f 898/735/282 896/733/286 897/734/286
f 896/733/286 898/735/282 894/736/284
f 899/729/287 900/730/288 901/731/289
f 890/732/290 900/730/288 899/729/287
f 890/732/290 902/733/291 900/730/288
f 892/734/292 902/733/291 890/732/290
f 899/735/287 902/733/291 892/734/292
f 902/733/291 899/735/287 901/736/289
f 903/729/293 904/730/288 905/731/294
f 906/732/290 904/730/288 903/729/293
f 906/732/290 907/733/291 904/730/288
f 908/734/291 907/733/291 906/732/290
f 903/735/293 907/733/291 908/734/291
f 907/733/291 903/735/293 905/736/294
f 913/729/295 909/730/288 914/731/296
f 910/732/290 909/730/288 913/729/295
f 910/732/290 911/733/291 909/730/288
f 912/734/291 911/733/291 910/732/290
f 913/735/295 911/733/291 912/734/291
f 911/733/291 913/735/295 914/736/296
f 915/729/297 916/730/288 920/731/298
f 917/732/290 916/730/288 915/729/297
f 917/732/290 918/733/291 916/730/288
f 919/734/291 918/733/291 917/732/290
f 915/735/297 918/733/291 919/734/291
f 918/733/291 915/735/297 920/736/298
f 924/729/299 921/730/277 922/731/300
f 934/732/277 921/730/277 924/729/299
f 934/732/277 923/733/280 921/730/277
f 936/734/280 923/733/280 934/732/277
f 924/735/299 923/733/280 936/734/280
f 923/733/280 924/735/299 922/736/300
f 925/729/301 926/730/277 930/731/300
f 927/732/279 926/730/277 925/729/301
f 927/732/279 928/733/280 926/730/277
f 929/734/281 928/733/280 927/732/279
f 925/735/301 928/733/280 929/734/281
f 928/733/280 925/735/301 930/736/300
f 931/729/302 932/730/288 933/731/303
f 934/732/290 932/730/288 931/729/302
f 934/732/290 935/733/291 932/730/288
f 936/734/291 935/733/291 934/732/290
f 931/735/302 935/733/291 936/734/291
f 935/733/291 931/735/302 933/736/303
f 942/729/302 937/730/288 938/731/303
f 939/732/290 937/730/288 942/729/302
f 939/732/290 940/733/291 937/730/288
f 941/734/291 940/733/291 939/732/290
f 942/735/302 940/733/291 941/734/291
f 940/733/291 942/735/302 938/736/303
f 948/729/304 943/730/288 944/731/305
f 945/732/290 943/730/288 948/729/304
f 945/732/290 946/733/291 943/730/288
f 947/734/291 946/733/291 945/732/290
f 948/735/304 946/733/291 947/734/291
f 946/733/291 948/735/304 944/736/305
f 953/729/306 949/730/288 954/731/307
f 950/732/290 949/730/288 953/729/306
f 950/732/290 951/733/291 949/730/288
f 952/734/291 951/733/291 950/732/290
f 953/735/306 951/733/291 952/734/291
f 951/733/291 953/735/306 954/736/307
f 955/729/308 956/730/283 960/731/309
f 957/732/285 956/730/283 955/729/308
f 957/732/285 958/733/286 956/730/283
f 959/734/286 958/733/286 957/732/285
f 955/735/308 958/733/286 959/734/286
f 958/733/286 955/735/308 960/736/309
f 965/729/310 961/730/277 966/731/311
f 962/732/279 961/730/277 965/729/310
f 962/732/279 963/733/281 961/730/277
f 964/734/281 963/733/281 962/732/279
f 965/735/310 963/733/281 964/734/281
f 963/733/281 965/735/310 966/736/311
f 972/729/312 967/730/261 968/731/313
f 969/732/263 967/730/261 972/729/312
f 969/732/263 970/733/264 967/730/261
f 971/734/264 970/733/264 969/732/263
f 972/735/312 970/733/264 971/734/264
f 970/733/264 972/735/312 968/736/313
f 973/729/314 974/730/261 975/731/315
f 976/732/263 974/730/261 973/729/314
f 976/732/263 977/733/264 974/730/261
f 978/734/264 977/733/264 976/732/263
f 973/735/314 977/733/264 978/734/264
f 977/733/264 973/735/314 975/736/315
f 984/729/316 979/730/261 980/731/317
f 981/732/263 979/730/261 984/729/316
f 981/732/263 982/733/264 979/730/261
f 983/734/264 982/733/264 981/732/263
f 984/735/316 982/733/264 983/734/264
f 982/733/264 984/735/316 980/736/317
f 990/729/312 985/730/261 986/731/313
f 987/732/263 985/730/261 990/729/312
f 987/732/263 988/733/264 985/730/261
f 989/734/264 988/733/264 987/732/263
f 990/735/312 988/733/264 989/734/264
f 988/733/264 990/735/312 986/736/313
f 995/729/314 991/730/261 996/731/315
f 992/732/263 991/730/261 995/729/314
f 992/732/263 993/733/264 991/730/261
f 994/734/264 993/733/264 992/732/263
f 995/735/314 993/733/264 994/734/264
f 993/733/264 995/735/314 996/736/315
f 997/729/316 998/730/261 999/731/317
f 1000/732/263 998/730/261 997/729/316
f 1000/732/263 1001/733/264 998/730/261
f 1002/734/264 1001/733/264 1000/732/263
f 997/735/316 1001/733/264 1002/734/264
f 1001/733/264 997/735/316 999/736/317
f 1003/737/318 1017/738/318 1011/739/319
f 1017/738/318 1003/737/318 1004/740/318
f 1005/741/320 1007/742/321 1006/743/322
f 1007/742/321 1005/741/320 1018/744/323
f 1004/745/318 1007/746/321 1017/747/318
f 1018/748/323 1017/747/318 1007/746/321
f 1008/749/322 1022/750/324 1009/751/322
f 1010/752/325 1022/750/324 1008/749/322
f 1011/753/319 1017/754/318 1012/755/326
f 1019/756/327 1012/755/326 1017/754/318
f 1018/757/323 1005/758/320 1021/759/328
f 1016/760/329 1021/759/328 1005/758/320
f 1012/755/326 1019/756/327 1013/761/330
f 1020/762/331 1013/761/330 1019/756/327
f 1014/763/332 1015/764/333 1016/765/329
f 1021/766/328 1016/765/329 1015/764/333
f 1017/767/318 1018/768/323 1019/769/327
f 1021/770/328 1019/769/327 1018/768/323
f 1015/771/333 1020/772/331 1019/769/327
f 1015/771/333 1019/769/327 1021/770/328
f 1022/773/324 1010/766/325 1023/774/334
f 1024/775/335 1023/774/334 1010/766/325
f 1023/776/334 1024/757/335 1025/777/332
f 1025/777/332 1026/778/332 1023/776/334
f 1027/737/336 1028/738/337 1033/739/338
f 1028/738/337 1027/737/336 1029/740/336
f 1035/741/339 1031/742/340 1030/743/341
f 1031/742/340 1035/741/339 1032/744/342
f 1029/745/336 1031/746/340 1028/747/337
f 1032/748/342 1028/747/337 1031/746/340
f 1033/753/338 1028/754/337 1034/755/343
f 1036/756/344 1034/755/343 1028/754/337
f 1032/757/342 1035/758/339 1042/759/345
f 1041/760/346 1042/759/345 1035/758/339
f 1034/755/343 1036/756/344 1037/761/347
f 1038/762/347 1037/761/347 1036/756/344
f 1039/763/348 1040/764/349 1041/765/346
f 1042/766/345 1041/765/346 1040/764/349
f 1028/767/337 1032/768/342 1036/769/344
f 1042/770/345 1036/769/344 1032/768/342
f 1040/771/349 1038/772/347 1036/769/344
f 1040/771/349 1036/769/344 1042/770/345
f 1043/737/350 1048/738/350 1049/739/351
f 1048/738/350 1043/737/350 1044/740/350
f 1045/741/352 1047/742/353 1046/743/354
f 1047/742/353 1045/741/352 1051/744/355
f 1044/745/350 1047/746/353 1048/747/350
f 1051/748/355 1048/747/350 1047/746/353
f 1049/753/351 1048/754/350 1050/755/356
f 1057/756/357 1050/755/356 1048/754/350
f 1051/757/355 1045/758/352 1056/759/358
f 1052/760/359 1056/759/358 1045/758/352
f 1050/755/356 1057/756/357 1053/761/357
f 1058/762/357 1053/761/357 1057/756/357
f 1054/763/360 1055/764/361 1052/765/359
f 1056/766/358 1052/765/359 1055/764/361
f 1048/767/350 1051/768/355 1057/769/357
f 1056/770/358 1057/769/357 1051/768/355
f 1055/771/361 1058/772/357 1057/769/357
f 1055/771/361 1057/769/357 1056/770/358
f 1059/749/362 1062/750/363 1060/751/364
f 1061/752/365 1062/750/363 1059/749/362
f 1062/773/363 1061/766/365 1063/774/366
f 1064/775/367 1063/774/366 1061/766/365
f 1063/776/366 1064/757/367 1065/777/368
f 1065/777/368 1066/778/368 1063/776/366
f 1067/749/369 1069/750/370 1068/751/371
f 1070/752/372 1069/750/370 1067/749/369
f 1069/773/370 1070/766/372 1071/774/373
f 1072/775/374 1071/774/373 1070/766/372
f 1071/776/373 1072/757/374 1073/777/375
f 1073/777/375 1074/778/376 1071/776/373
f 1101/779/2 1075/780/2 1094/781/2
f 1075/780/2 1101/779/2 1076/782/2
f 1090/783/377 1080/784/378 1077/785/379
f 1077/785/379 1080/784/378 1082/786/380
f 1087/787/381 1092/783/382 1091/788/383
f 1091/788/383 1092/783/382 1078/785/384
f 1091/785/383 1079/784/385 1087/783/381
f 1079/784/385 1091/785/383 1084/786/386
f 1080/789/378 1090/790/377 1078/791/384
f 1080/789/378 1078/791/384 1081/792/387
f 1082/789/380 1092/791/382 1077/790/379
f 1092/791/382 1082/789/380 1089/792/388
f 1088/789/389 1091/791/383 1083/790/390
f 1091/791/383 1088/789/389 1084/792/386
f 1085/789/391 1086/790/392 1087/791/381
f 1085/789/391 1087/791/381 1079/792/385
f 1083/788/390 1090/785/377 1077/783/379
f 1077/783/379 1086/787/392 1083/788/390
f 1086/785/392 1088/784/389 1083/783/390
f 1088/784/389 1086/785/392 1085/786/391
f 1092/783/382 1089/784/388 1078/785/384
f 1078/785/384 1089/784/388 1081/786/387
f 1083/793/390 1078/794/384 1090/795/377
f 1078/794/384 1083/793/390 1091/655/383
f 1086/793/392 1077/795/379 1092/794/382
f 1086/793/392 1092/794/382 1087/655/381
f 1093/796/393 1098/797/394 1103/798/395
f 1098/797/394 1093/796/393 1094/799/396
f 1097/799/397 1102/798/398 1095/796/55
f 1102/798/398 1097/799/397 1100/797/399
f 1096/779/400 1103/780/395 1102/782/398
f 1103/780/395 1096/779/400 1093/800/393
f 1100/782/399 1075/800/401 1098/780/394
f 1075/800/401 1100/782/399 1097/779/397
f 1098/797/394 1075/799/401 1103/798/395
f 1103/798/395 1075/799/401 1099/796/402
f 1100/797/399 1096/796/400 1102/798/398
f 1096/796/400 1100/797/399 1101/799/403
f 1102/782/398 1099/781/402 1095/779/55
f 1099/781/402 1102/782/398 1103/780/395
f 1101/779/403 1098/780/394 1094/781/396
f 1098/780/394 1101/779/403 1100/782/399
f 1118/801/404 1104/783/405 1116/785/406
f 1115/802/407 1104/783/405 1118/801/404
f 1116/788/406 1113/803/408 1119/804/409
f 1104/787/405 1113/803/408 1116/788/406
f 1118/788/404 1105/803/410 1115/787/407
f 1105/803/410 1118/788/404 1106/804/411
f 1105/783/410 1119/801/409 1113/802/408
f 1106/785/411 1119/801/409 1105/783/410
f 1114/805/412 1112/806/413 1111/807/414
f 1112/806/413 1114/805/412 1117/808/415
f 1110/809/416 1108/810/417 1109/811/418
f 1108/810/417 1110/809/416 1107/812/419
f 1107/813/419 1114/801/412 1108/814/417
f 1114/801/412 1107/813/419 1117/802/415
f 1110/802/416 1111/814/414 1112/813/413
f 1111/814/414 1110/802/416 1109/801/418
f 1111/815/414 1104/816/405 1115/817/407
f 1104/816/405 1111/815/414 1109/818/418
f 1116/817/406 1112/818/413 1118/816/404
f 1112/818/413 1116/817/406 1110/815/416
f 1109/819/418 1113/820/408 1104/821/405
f 1109/819/418 1108/822/417 1113/820/408
f 1111/823/414 1105/824/410 1114/825/412
f 1115/826/407 1105/824/410 1111/823/414
f 1114/815/412 1113/816/408 1108/818/417
f 1105/817/410 1113/816/408 1114/815/412
f 1110/827/416 1119/828/409 1107/829/419
f 1119/828/409 1110/827/416 1116/830/406
f 1106/831/411 1112/832/413 1117/833/415
f 1112/832/413 1106/831/411 1118/834/404
f 1119/817/409 1117/818/415 1107/815/419
f 1119/817/409 1106/816/411 1117/818/415
f 1125/835/420 1121/836/421 1120/837/422
f 1124/838/423 1121/836/421 1125/835/420
f 1127/839/424 1126/840/425 1123/841/426
f 1123/841/426 1122/842/427 1127/839/424
f 1121/666/421 1122/843/427 1123/844/426
f 1122/843/427 1121/666/421 1124/845/423
f 1120/845/422 1127/844/424 1125/666/420
f 1127/844/424 1120/845/422 1126/843/425
f 1142/801/428 1128/783/429 1129/785/430
f 1139/802/431 1128/783/429 1142/801/428
f 1141/785/432 1129/785/430 1130/783/433
f 1128/783/429 1130/783/433 1129/785/430
f 1140/783/434 1142/785/428 1131/785/435
f 1140/783/434 1139/783/431 1142/785/428
f 1140/783/434 1141/801/432 1130/802/433
f 1131/785/435 1141/801/432 1140/783/434
f 1143/783/436 1135/783/437 1138/785/438
f 1133/785/439 1138/785/438 1135/783/437
f 1137/785/440 1134/783/441 1132/783/442
f 1134/783/441 1137/785/440 1136/785/443
f 1137/785/440 1143/802/436 1138/801/438
f 1143/802/436 1137/785/440 1132/783/442
f 1134/802/441 1133/785/439 1135/783/437
f 1133/785/439 1134/802/441 1136/801/443
f 1133/846/439 1128/816/429 1139/847/431
f 1128/816/429 1133/846/439 1136/848/443
f 1129/847/430 1135/848/437 1142/816/428
f 1135/848/437 1129/847/430 1134/846/441
f 1128/849/429 1137/850/440 1130/666/433
f 1137/850/440 1128/849/429 1136/851/443
f 1138/850/438 1139/849/431 1140/666/434
f 1139/849/431 1138/850/438 1133/852/439
f 1138/846/438 1130/816/433 1137/848/440
f 1140/847/434 1130/816/433 1138/846/438
f 1132/851/442 1129/666/430 1141/849/432
f 1132/851/442 1134/850/441 1129/666/430
f 1143/850/436 1142/849/428 1135/852/437
f 1142/849/428 1143/850/436 1131/666/435
f 1141/847/432 1143/848/436 1132/846/442
f 1141/847/432 1131/816/435 1143/848/436
f 1158/801/444 1145/783/405 1154/785/406
f 1151/802/407 1145/783/405 1158/801/444
f 1154/788/406 1144/803/408 1147/804/409
f 1145/787/405 1144/803/408 1154/788/406
f 1158/788/444 1155/803/410 1151/787/407
f 1155/803/410 1158/788/444 1146/804/38
f 1155/783/410 1147/801/409 1144/802/408
f 1146/785/38 1147/801/409 1155/783/410
f 1148/805/412 1149/806/413 1152/807/414
f 1149/806/413 1148/805/412 1157/808/445
f 1153/809/416 1156/810/417 1150/811/446
f 1156/810/417 1153/809/416 1159/812/419
f 1159/813/419 1148/801/412 1156/814/417
f 1148/801/412 1159/813/419 1157/802/445
f 1153/802/416 1152/814/414 1149/813/413
f 1152/814/414 1153/802/416 1150/801/446
f 1152/815/414 1145/816/405 1151/817/407
f 1145/816/405 1152/815/414 1150/818/446
f 1154/817/406 1149/818/413 1158/816/444
f 1149/818/413 1154/817/406 1153/815/416
f 1150/819/446 1144/820/408 1145/821/405
f 1150/819/446 1156/822/417 1144/820/408
f 1152/823/414 1155/824/410 1148/825/412
f 1151/826/407 1155/824/410 1152/823/414
f 1148/815/412 1144/816/408 1156/818/417
f 1155/817/410 1144/816/408 1148/815/412
f 1153/827/416 1147/828/409 1159/829/419
f 1147/828/409 1153/827/416 1154/830/406
f 1146/831/38 1149/832/413 1157/833/445
f 1149/832/413 1146/831/38 1158/834/444
f 1147/817/409 1157/818/445 1159/815/419
f 1147/817/409 1146/816/38 1157/818/445
f 1169/801/447 1168/783/405 1175/785/406
f 1166/802/407 1168/783/405 1169/801/447
f 1175/788/406 1160/803/408 1161/804/409
f 1168/787/405 1160/803/408 1175/788/406
f 1169/788/447 1173/803/410 1166/787/407
f 1173/803/410 1169/788/447 1162/804/38
f 1173/783/410 1161/801/409 1160/802/408
f 1162/785/38 1161/801/409 1173/783/410
f 1164/805/412 1171/806/413 1167/807/414
f 1171/806/413 1164/805/412 1163/808/445
f 1170/809/416 1172/810/417 1165/811/448
f 1172/810/417 1170/809/416 1174/812/419
f 1174/813/419 1164/801/412 1172/814/417
f 1164/801/412 1174/813/419 1163/802/445
f 1170/802/416 1167/814/414 1171/813/413
f 1167/814/414 1170/802/416 1165/801/448
f 1167/815/414 1168/816/405 1166/817/407
f 1168/816/405 1167/815/414 1165/818/448
f 1175/817/406 1171/818/413 1169/816/447
f 1171/818/413 1175/817/406 1170/815/416
f 1165/819/448 1160/820/408 1168/821/405
f 1165/819/448 1172/822/417 1160/820/408
f 1167/823/414 1173/824/410 1164/825/412
f 1166/826/407 1173/824/410 1167/823/414
f 1164/815/412 1160/816/408 1172/818/417
f 1173/817/410 1160/816/408 1164/815/412
f 1170/827/416 1161/828/409 1174/829/419
f 1161/828/409 1170/827/416 1175/830/406
f 1162/831/38 1171/832/413 1163/833/445
f 1171/832/413 1162/831/38 1169/834/447
f 1161/817/409 1163/818/445 1174/815/419
f 1161/817/409 1162/816/38 1163/818/445
f 1176/801/449 1184/783/450 1188/785/451
f 1177/802/452 1184/783/450 1176/801/449
f 1188/788/451 1178/803/453 1180/804/454
f 1184/787/450 1178/803/453 1188/788/451
f 1176/788/449 1179/803/455 1177/787/452
f 1179/803/455 1176/788/449 1189/804/456
f 1179/783/455 1180/801/454 1178/802/453
f 1189/785/456 1180/801/454 1179/783/455
f 1187/805/457 1185/806/458 1181/807/459
f 1185/806/458 1187/805/457 1191/808/460
f 1182/809/461 1186/810/462 1183/811/463
f 1186/810/462 1182/809/461 1190/812/464
f 1190/813/464 1187/801/457 1186/814/462
f 1187/801/457 1190/813/464 1191/802/460
f 1182/802/461 1181/814/459 1185/813/458
f 1181/814/459 1182/802/461 1183/801/463
f 1181/815/459 1184/816/450 1177/817/452
f 1184/816/450 1181/815/459 1183/818/463
f 1188/817/451 1185/818/458 1176/816/449
f 1185/818/458 1188/817/451 1182/815/461
f 1183/819/463 1178/820/453 1184/821/450
f 1183/819/463 1186/822/462 1178/820/453
f 1181/823/459 1179/824/455 1187/825/457
f 1177/826/452 1179/824/455 1181/823/459
f 1187/815/457 1178/816/453 1186/818/462
f 1179/817/455 1178/816/453 1187/815/457
f 1182/827/461 1180/828/454 1190/829/464
f 1180/828/454 1182/827/461 1188/830/451
f 1189/831/456 1185/832/458 1191/833/460
f 1185/832/458 1189/831/456 1176/834/449
f 1180/817/454 1191/818/460 1190/815/464
f 1180/817/454 1189/816/456 1191/818/460
f 1195/801/465 1192/783/405 1202/785/406
f 1193/802/466 1192/783/405 1195/801/465
f 1202/788/406 1204/803/408 1194/804/409
f 1192/787/405 1204/803/408 1202/788/406
f 1195/788/465 1206/803/410 1193/787/466
f 1206/803/410 1195/788/465 1207/804/38
f 1206/783/410 1194/801/409 1204/802/408
f 1207/785/38 1194/801/409 1206/783/410
f 1205/805/412 1203/806/413 1196/807/414
f 1203/806/413 1205/805/412 1197/808/467
f 1201/809/416 1200/810/417 1198/811/468
f 1200/810/417 1201/809/416 1199/812/419
f 1199/813/419 1205/801/412 1200/814/417
f 1205/801/412 1199/813/419 1197/802/467
f 1201/802/416 1196/814/414 1203/813/413
f 1196/814/414 1201/802/416 1198/801/468
f 1196/815/414 1192/816/405 1193/817/466
f 1192/816/405 1196/815/414 1198/818/468
f 1202/817/406 1203/818/413 1195/816/465
f 1203/818/413 1202/817/406 1201/815/416
f 1198/819/468 1204/820/408 1192/821/405
f 1198/819/468 1200/822/417 1204/820/408
f 1196/823/414 1206/824/410 1205/825/412
f 1193/826/466 1206/824/410 1196/823/414
f 1205/815/412 1204/816/408 1200/818/417
f 1206/817/410 1204/816/408 1205/815/412
f 1201/827/416 1194/828/409 1199/829/419
f 1194/828/409 1201/827/416 1202/830/406
f 1207/831/38 1203/832/413 1197/833/467
f 1203/832/413 1207/831/38 1195/834/465
f 1194/817/409 1197/818/467 1199/815/419
f 1194/817/409 1207/816/38 1197/818/467
f 1209/801/465 1216/783/405 1217/785/406
f 1208/802/407 1216/783/405 1209/801/465
f 1217/788/406 1220/803/408 1223/804/409
f 1216/787/405 1220/803/408 1217/788/406
f 1209/788/465 1210/803/410 1208/787/407
f 1210/803/410 1209/788/465 1221/804/38
f 1210/783/410 1223/801/409 1220/802/408
f 1221/785/38 1223/801/409 1210/783/410
f 1218/805/412 1211/806/413 1215/807/414
f 1211/806/413 1218/805/412 1222/808/469
f 1214/809/416 1219/810/417 1213/811/470
f 1219/810/417 1214/809/416 1212/812/419
f 1212/813/419 1218/801/412 1219/814/417
f 1218/801/412 1212/813/419 1222/802/469
f 1214/802/416 1215/814/414 1211/813/413
f 1215/814/414 1214/802/416 1213/801/470
f 1215/815/414 1216/816/405 1208/817/407
f 1216/816/405 1215/815/414 1213/818/470
f 1217/817/406 1211/818/413 1209/816/465
f 1211/818/413 1217/817/406 1214/815/416
f 1213/819/470 1220/820/408 1216/821/405
f 1213/819/470 1219/822/417 1220/820/408
f 1215/823/414 1210/824/410 1218/825/412
f 1208/826/407 1210/824/410 1215/823/414
f 1218/815/412 1220/816/408 1219/818/417
f 1210/817/410 1220/816/408 1218/815/412
f 1214/827/416 1223/828/409 1212/829/419
f 1223/828/409 1214/827/416 1217/830/406
f 1221/831/38 1211/832/413 1222/833/469
f 1211/832/413 1221/831/38 1209/834/465
f 1223/817/409 1222/818/469 1212/815/419
f 1223/817/409 1221/816/38 1222/818/469
f 1232/801/471 1231/783/450 1233/785/472
f 1229/802/452 1231/783/450 1232/801/471
f 1233/788/472 1236/803/453 1225/804/454
f 1231/787/450 1236/803/453 1233/788/472
f 1232/788/471 1224/803/473 1229/787/452
f 1224/803/473 1232/788/471 1237/804/456
f 1224/783/473 1225/801/454 1236/802/453
f 1237/785/456 1225/801/454 1224/783/473
f 1235/805/457 1238/806/474 1228/807/475
f 1238/806/474 1235/805/457 1239/808/476
f 1227/809/477 1234/810/462 1230/811/478
f 1234/810/462 1227/809/477 1226/812/464
f 1226/813/464 1235/801/457 1234/814/462
f 1235/801/457 1226/813/464 1239/802/476
f 1227/802/477 1228/814/475 1238/813/474
f 1228/814/475 1227/802/477 1230/801/478
f 1228/815/475 1231/816/450 1229/817/452
f 1231/816/450 1228/815/475 1230/818/478
f 1233/817/472 1238/818/474 1232/816/471
f 1238/818/474 1233/817/472 1227/815/477
f 1230/819/478 1236/820/453 1231/821/450
f 1230/819/478 1234/822/462 1236/820/453
f 1228/823/475 1224/824/473 1235/825/457
f 1229/826/452 1224/824/473 1228/823/475
f 1235/815/457 1236/816/453 1234/818/462
f 1224/817/473 1236/816/453 1235/815/457
f 1227/827/477 1225/828/454 1226/829/464
f 1225/828/454 1227/827/477 1233/830/472
f 1237/831/456 1238/832/474 1239/833/476
f 1238/832/474 1237/831/456 1232/834/471
f 1225/817/454 1239/818/476 1226/815/464
f 1225/817/454 1237/816/456 1239/818/476
f 1254/801/479 1250/783/480 1249/785/481
f 1251/802/482 1250/783/480 1254/801/479
f 1249/788/481 1240/803/483 1242/804/484
f 1250/787/480 1240/803/483 1249/788/481
f 1254/788/479 1241/803/485 1251/787/482
f 1241/803/485 1254/788/479 1243/804/486
f 1241/783/485 1242/801/484 1240/802/483
f 1243/785/486 1242/801/484 1241/783/485
f 1252/805/487 1255/806/488 1247/807/489
f 1255/806/488 1252/805/487 1253/808/490
f 1248/809/491 1245/810/492 1246/811/493
f 1245/810/492 1248/809/491 1244/812/494
f 1244/813/494 1252/801/487 1245/814/492
f 1252/801/487 1244/813/494 1253/802/490
f 1248/802/491 1247/814/489 1255/813/488
f 1247/814/489 1248/802/491 1246/801/493
f 1247/815/489 1250/816/480 1251/817/482
f 1250/816/480 1247/815/489 1246/818/493
f 1249/817/481 1255/818/488 1254/816/479
f 1255/818/488 1249/817/481 1248/815/491
f 1246/819/493 1240/820/483 1250/821/480
f 1246/819/493 1245/822/492 1240/820/483
f 1247/823/489 1241/824/485 1252/825/487
f 1251/826/482 1241/824/485 1247/823/489
f 1252/815/487 1240/816/483 1245/818/492
f 1241/817/485 1240/816/483 1252/815/487
f 1248/827/491 1242/828/484 1244/829/494
f 1242/828/484 1248/827/491 1249/830/481
f 1243/831/486 1255/832/488 1253/833/490
f 1255/832/488 1243/831/486 1254/834/479
f 1242/817/484 1253/818/490 1244/815/494
f 1242/817/484 1243/816/486 1253/818/490
f 1267/801/495 1268/783/480 1257/785/481
f 1256/802/482 1268/783/480 1267/801/495
f 1257/788/481 1258/803/483 1271/804/484
f 1268/787/480 1258/803/483 1257/788/481
f 1267/788/495 1270/803/485 1256/787/482
f 1270/803/485 1267/788/495 1259/804/486
f 1270/783/485 1271/801/484 1258/802/483
f 1259/785/486 1271/801/484 1270/783/485
f 1260/805/487 1261/806/488 1266/807/489
f 1261/806/488 1260/805/487 1263/808/496
f 1265/809/491 1262/810/492 1269/811/493
f 1262/810/492 1265/809/491 1264/812/494
f 1264/813/494 1260/801/487 1262/814/492
f 1260/801/487 1264/813/494 1263/802/496
f 1265/802/491 1266/814/489 1261/813/488
f 1266/814/489 1265/802/491 1269/801/493
f 1266/815/489 1268/816/480 1256/817/482
f 1268/816/480 1266/815/489 1269/818/493
f 1257/817/481 1261/818/488 1267/816/495
f 1261/818/488 1257/817/481 1265/815/491
f 1269/819/493 1258/820/483 1268/821/480
f 1269/819/493 1262/822/492 1258/820/483
f 1266/823/489 1270/824/485 1260/825/487
f 1256/826/482 1270/824/485 1266/823/489
f 1260/815/487 1258/816/483 1262/818/492
f 1270/817/485 1258/816/483 1260/815/487
f 1265/827/491 1271/828/484 1264/829/494
f 1271/828/484 1265/827/491 1257/830/481
f 1259/831/486 1261/832/488 1263/833/496
f 1261/832/488 1259/831/486 1267/834/495
f 1271/817/484 1263/818/496 1264/815/494
f 1271/817/484 1259/816/486 1263/818/496
f 1280/801/497 1272/783/480 1285/785/481
f 1273/802/482 1272/783/480 1280/801/497
f 1285/788/481 1284/803/483 1275/804/484
f 1272/787/480 1284/803/483 1285/788/481
f 1280/788/497 1274/803/485 1273/787/482
f 1274/803/485 1280/788/497 1286/804/486
f 1274/783/485 1275/801/484 1284/802/483
f 1286/785/486 1275/801/484 1274/783/485
f 1283/805/487 1281/806/488 1279/807/489
f 1281/806/488 1283/805/487 1287/808/498
f 1278/809/491 1276/810/492 1282/811/493
f 1276/810/492 1278/809/491 1277/812/494
f 1277/813/494 1283/801/487 1276/814/492
f 1283/801/487 1277/813/494 1287/802/498
f 1278/802/491 1279/814/489 1281/813/488
f 1279/814/489 1278/802/491 1282/801/493
f 1279/815/489 1272/816/480 1273/817/482
f 1272/816/480 1279/815/489 1282/818/493
f 1285/817/481 1281/818/488 1280/816/497
f 1281/818/488 1285/817/481 1278/815/491
f 1282/819/493 1284/820/483 1272/821/480
f 1282/819/493 1276/822/492 1284/820/483
f 1279/823/489 1274/824/485 1283/825/487
f 1273/826/482 1274/824/485 1279/823/489
f 1283/815/487 1284/816/483 1276/818/492
f 1274/817/485 1284/816/483 1283/815/487
f 1278/827/491 1275/828/484 1277/829/494
f 1275/828/484 1278/827/491 1285/830/481
f 1286/831/486 1281/832/488 1287/833/498
f 1281/832/488 1286/831/486 1280/834/497
f 1275/817/484 1287/818/498 1277/815/494
f 1275/817/484 1286/816/486 1287/818/498
f 1302/801/499 1294/783/450 1299/785/472
f 1288/802/452 1294/783/450 1302/801/499
f 1299/788/472 1297/803/453 1303/804/454
f 1294/787/450 1297/803/453 1299/788/472
f 1302/788/499 1289/803/473 1288/787/452
f 1289/803/473 1302/788/499 1290/804/456
f 1289/783/473 1303/801/454 1297/802/453
f 1290/785/456 1303/801/454 1289/783/473
f 1295/805/457 1291/806/474 1296/807/475
f 1291/806/474 1295/805/457 1301/808/500
f 1300/809/477 1293/810/462 1292/811/501
f 1293/810/462 1300/809/477 1298/812/464
f 1298/813/464 1295/801/457 1293/814/462
f 1295/801/457 1298/813/464 1301/802/500
f 1300/802/477 1296/814/475 1291/813/474
f 1296/814/475 1300/802/477 1292/801/501
f 1296/815/475 1294/816/450 1288/817/452
f 1294/816/450 1296/815/475 1292/818/501
f 1299/817/472 1291/818/474 1302/816/499
f 1291/818/474 1299/817/472 1300/815/477
f 1292/819/501 1297/820/453 1294/821/450
f 1292/819/501 1293/822/462 1297/820/453
f 1296/823/475 1289/824/473 1295/825/457
f 1288/826/452 1289/824/473 1296/823/475
f 1295/815/457 1297/816/453 1293/818/462
f 1289/817/473 1297/816/453 1295/815/457
f 1300/827/477 1303/828/454 1298/829/464
f 1303/828/454 1300/827/477 1299/830/472
f 1290/831/456 1291/832/474 1301/833/500
f 1291/832/474 1290/831/456 1302/834/499
f 1303/817/454 1301/818/500 1298/815/464
f 1303/817/454 1290/816/456 1301/818/500
f 1311/801/502 1312/783/503 1304/785/472
f 1306/802/504 1312/783/503 1311/801/502
f 1304/788/472 1305/803/505 1319/804/506
f 1312/787/503 1305/803/505 1304/788/472
f 1311/788/502 1314/803/507 1306/787/504
f 1314/803/507 1311/788/502 1316/804/508
f 1314/783/507 1319/801/506 1305/802/505
f 1316/785/508 1319/801/506 1314/783/507
f 1309/805/509 1317/806/510 1313/807/475
f 1317/806/510 1309/805/509 1315/808/511
f 1307/809/512 1308/810/513 1310/811/514
f 1308/810/513 1307/809/512 1318/812/515
f 1318/813/515 1309/801/509 1308/814/513
f 1309/801/509 1318/813/515 1315/802/511
f 1307/802/512 1313/814/475 1317/813/510
f 1313/814/475 1307/802/512 1310/801/514
f 1313/815/475 1312/816/503 1306/817/504
f 1312/816/503 1313/815/475 1310/818/514
f 1304/817/472 1317/818/510 1311/816/502
f 1317/818/510 1304/817/472 1307/815/512
f 1310/819/514 1305/820/505 1312/821/503
f 1310/819/514 1308/822/513 1305/820/505
f 1313/823/475 1314/824/507 1309/825/509
f 1306/826/504 1314/824/507 1313/823/475
f 1309/815/509 1305/816/505 1308/818/513
f 1314/817/507 1305/816/505 1309/815/509
f 1307/827/512 1319/828/506 1318/829/515
f 1319/828/506 1307/827/512 1304/830/472
f 1316/831/508 1317/832/510 1315/833/511
f 1317/832/510 1316/831/508 1311/834/502
f 1319/817/506 1315/818/511 1318/815/515
f 1319/817/506 1316/816/508 1315/818/511
f 1324/801/516 1320/783/480 1322/785/481
f 1321/802/482 1320/783/480 1324/801/516
f 1322/788/481 1323/803/483 1325/804/484
f 1320/787/480 1323/803/483 1322/788/481
f 1324/788/516 1332/803/485 1321/787/482
f 1332/803/485 1324/788/516 1333/804/486
f 1332/783/485 1325/801/484 1323/802/483
f 1333/785/486 1325/801/484 1332/783/485
f 1331/805/487 1329/806/488 1328/807/489
f 1329/806/488 1331/805/487 1335/808/490
f 1327/809/491 1330/810/492 1326/811/517
f 1330/810/492 1327/809/491 1334/812/494
f 1334/813/494 1331/801/487 1330/814/492
f 1331/801/487 1334/813/494 1335/802/490
f 1327/802/491 1328/814/489 1329/813/488
f 1328/814/489 1327/802/491 1326/801/517
f 1328/815/489 1320/816/480 1321/817/482
f 1320/816/480 1328/815/489 1326/818/517
f 1322/817/481 1329/818/488 1324/816/516
f 1329/818/488 1322/817/481 1327/815/491
f 1326/819/517 1323/820/483 1320/821/480
f 1326/819/517 1330/822/492 1323/820/483
f 1328/823/489 1332/824/485 1331/825/487
f 1321/826/482 1332/824/485 1328/823/489
f 1331/815/487 1323/816/483 1330/818/492
f 1332/817/485 1323/816/483 1331/815/487
f 1327/827/491 1325/828/484 1334/829/494
f 1325/828/484 1327/827/491 1322/830/481
f 1333/831/486 1329/832/488 1335/833/490
f 1329/832/488 1333/831/486 1324/834/516
f 1325/817/484 1335/818/490 1334/815/494
f 1325/817/484 1333/816/486 1335/818/490
f 1350/801/518 1338/783/519 1337/785/520
f 1336/802/521 1338/783/519 1350/801/518
f 1337/788/520 1344/803/522 1351/804/523
f 1338/787/519 1344/803/522 1337/788/520
f 1350/788/518 1347/803/524 1336/787/521
f 1347/803/524 1350/788/518 1339/804/525
f 1347/783/524 1351/801/523 1344/802/522
f 1339/785/525 1351/801/523 1347/783/524
f 1346/805/526 1341/806/527 1342/807/528
f 1341/806/527 1346/805/526 1349/808/529
f 1343/809/477 1348/810/530 1345/811/531
f 1348/810/530 1343/809/477 1340/812/532
f 1340/813/532 1346/801/526 1348/814/530
f 1346/801/526 1340/813/532 1349/802/529
f 1343/802/477 1342/814/528 1341/813/527
f 1342/814/528 1343/802/477 1345/801/531
f 1342/815/528 1338/816/519 1336/817/521
f 1338/816/519 1342/815/528 1345/818/531
f 1337/817/520 1341/818/527 1350/816/518
f 1341/818/527 1337/817/520 1343/815/477
f 1345/819/531 1344/820/522 1338/821/519
f 1345/819/531 1348/822/530 1344/820/522
f 1342/823/528 1347/824/524 1346/825/526
f 1336/826/521 1347/824/524 1342/823/528
f 1346/815/526 1344/816/522 1348/818/530
f 1347/817/524 1344/816/522 1346/815/526
f 1343/827/477 1351/828/523 1340/829/532
f 1351/828/523 1343/827/477 1337/830/520
f 1339/831/525 1341/832/527 1349/833/529
f 1341/832/527 1339/831/525 1350/834/518
f 1351/817/523 1349/818/529 1340/815/532
f 1351/817/523 1339/816/525 1349/818/529
f 1352/801/533 1353/783/534 1366/785/535
f 1362/802/536 1353/783/534 1352/801/533
f 1366/788/535 1364/803/537 1367/804/538
f 1353/787/534 1364/803/537 1366/788/535
f 1352/788/533 1354/803/539 1362/787/536
f 1354/803/539 1352/788/533 1355/804/540
f 1354/783/539 1367/801/538 1364/802/537
f 1355/785/540 1367/801/538 1354/783/539
f 1357/805/541 1358/806/542 1363/807/543
f 1358/806/542 1357/805/541 1356/808/544
f 1361/809/491 1365/810/545 1360/811/546
f 1365/810/545 1361/809/491 1359/812/547
f 1359/813/547 1357/801/541 1365/814/545
f 1357/801/541 1359/813/547 1356/802/544
f 1361/802/491 1363/814/543 1358/813/542
f 1363/814/543 1361/802/491 1360/801/546
f 1363/815/543 1353/816/534 1362/817/536
f 1353/816/534 1363/815/543 1360/818/546
f 1366/817/535 1358/818/542 1352/816/533
f 1358/818/542 1366/817/535 1361/815/491
f 1360/819/546 1364/820/537 1353/821/534
f 1360/819/546 1365/822/545 1364/820/537
f 1363/823/543 1354/824/539 1357/825/541
f 1362/826/536 1354/824/539 1363/823/543
f 1357/815/541 1364/816/537 1365/818/545
f 1354/817/539 1364/816/537 1357/815/541
f 1361/827/491 1367/828/538 1359/829/547
f 1367/828/538 1361/827/491 1366/830/535
f 1355/831/540 1358/832/542 1356/833/544
f 1358/832/542 1355/831/540 1352/834/533
f 1367/817/538 1356/818/544 1359/815/547
f 1367/817/538 1355/816/540 1356/818/544
f 1382/801/444 1376/783/405 1380/785/406
f 1375/802/407 1376/783/405 1382/801/444
f 1380/788/406 1369/803/408 1370/804/409
f 1376/787/405 1369/803/408 1380/788/406
f 1382/788/444 1379/803/410 1375/787/407
f 1379/803/410 1382/788/444 1368/804/38
f 1379/783/410 1370/801/409 1369/802/408
f 1368/785/38 1370/801/409 1379/783/410
f 1371/805/412 1372/806/413 1378/807/414
f 1372/806/413 1371/805/412 1383/808/467
f 1381/809/416 1377/810/417 1374/811/548
f 1377/810/417 1381/809/416 1373/812/419
f 1373/813/419 1371/801/412 1377/814/417
f 1371/801/412 1373/813/419 1383/802/467
f 1381/802/416 1378/814/414 1372/813/413
f 1378/814/414 1381/802/416 1374/801/548
f 1378/815/414 1376/816/405 1375/817/407
f 1376/816/405 1378/815/414 1374/818/548
f 1380/817/406 1372/818/413 1382/816/444
f 1372/818/413 1380/817/406 1381/815/416
f 1374/819/548 1369/820/408 1376/821/405
f 1374/819/548 1377/822/417 1369/820/408
f 1378/823/414 1379/824/410 1371/825/412
f 1375/826/407 1379/824/410 1378/823/414
f 1371/815/412 1369/816/408 1377/818/417
f 1379/817/410 1369/816/408 1371/815/412
f 1381/827/416 1370/828/409 1373/829/419
f 1370/828/409 1381/827/416 1380/830/406
f 1368/831/38 1372/832/413 1383/833/467
f 1372/832/413 1368/831/38 1382/834/444
f 1370/817/409 1383/818/467 1373/815/419
f 1370/817/409 1368/816/38 1383/818/467
f 1410/779/49 1406/780/49 1402/781/49
f 1406/780/49 1410/779/49 1384/782/49
f 1390/783/549 1385/784/550 1391/785/551
f 1391/785/551 1385/784/550 1386/786/552
f 1400/787/553 1399/783/554 1397/788/555
f 1397/788/555 1399/783/554 1395/785/556
f 1397/785/555 1388/784/557 1400/783/553
f 1388/784/557 1397/785/555 1387/786/558
f 1385/789/550 1390/790/549 1395/791/556
f 1385/789/550 1395/791/556 1396/792/559
f 1386/789/552 1399/791/554 1391/790/551
f 1399/791/554 1386/789/552 1394/792/560
f 1392/789/561 1397/791/555 1389/790/562
f 1397/791/555 1392/789/561 1387/792/558
f 1393/789/563 1398/790/564 1400/791/553
f 1393/789/563 1400/791/553 1388/792/557
f 1389/788/562 1390/785/549 1391/783/551
f 1391/783/551 1398/787/564 1389/788/562
f 1398/785/564 1392/784/561 1389/783/562
f 1392/784/561 1398/785/564 1393/786/563
f 1399/783/554 1394/784/560 1395/785/556
f 1395/785/556 1394/784/560 1396/786/559
f 1389/793/562 1395/794/556 1390/795/549
f 1395/794/556 1389/793/562 1397/655/555
f 1398/793/564 1391/795/551 1399/794/554
f 1398/793/564 1399/794/554 1400/655/553
f 1401/796/565 1405/797/566 1407/798/567
f 1405/797/566 1401/796/565 1402/799/568
f 1403/799/569 1409/798/570 1411/796/571
f 1409/798/570 1403/799/569 1412/797/572
f 1404/779/573 1407/780/567 1409/782/570
f 1407/780/567 1404/779/573 1401/800/565
f 1412/782/572 1406/800/49 1405/780/566
f 1406/800/49 1412/782/572 1403/779/569
f 1405/797/566 1406/799/49 1407/798/567
f 1407/798/567 1406/799/49 1408/796/574
f 1412/797/572 1404/796/573 1409/798/570
f 1404/796/573 1412/797/572 1410/799/575
f 1409/782/570 1408/781/574 1411/779/571
f 1408/781/574 1409/782/570 1407/780/567
f 1410/779/575 1405/780/566 1402/781/568
f 1405/780/566 1410/779/575 1412/782/572
f 1413/779/1 1436/780/1 1441/781/1
f 1436/780/1 1413/779/1 1414/782/1
f 1429/783/576 1415/784/577 1430/785/578
f 1430/785/578 1415/784/577 1416/786/579
f 1419/787/580 1422/783/581 1417/788/582
f 1417/788/582 1422/783/581 1418/785/583
f 1417/785/582 1425/784/584 1419/783/580
f 1425/784/584 1417/785/582 1420/786/585
f 1415/789/577 1429/790/576 1418/791/583
f 1415/789/577 1418/791/583 1421/792/586
f 1416/789/579 1422/791/581 1430/790/578
f 1422/791/581 1416/789/579 1427/792/587
f 1423/789/588 1417/791/582 1428/790/589
f 1417/791/582 1423/789/588 1420/792/585
f 1424/789/590 1426/790/591 1419/791/580
f 1424/789/590 1419/791/580 1425/792/584
f 1428/788/589 1429/785/576 1430/783/578
f 1430/783/578 1426/787/591 1428/788/589
f 1426/785/591 1423/784/588 1428/783/589
f 1423/784/588 1426/785/591 1424/786/590
f 1422/783/581 1427/784/587 1418/785/583
f 1418/785/583 1427/784/587 1421/786/586
f 1428/793/589 1418/794/583 1429/795/576
f 1418/794/583 1428/793/589 1417/655/582
f 1426/793/591 1430/795/578 1422/794/581
f 1426/793/591 1422/794/581 1419/655/580
f 1431/796/592 1437/797/593 1435/798/594
f 1437/797/593 1431/796/592 1441/799/595
f 1438/799/596 1440/798/597 1432/796/598
f 1440/798/597 1438/799/596 1433/797/599
f 1434/779/600 1435/780/594 1440/782/597
f 1435/780/594 1434/779/600 1431/800/592
f 1433/782/599 1436/800/601 1437/780/593
f 1436/800/601 1433/782/599 1438/779/596
f 1437/797/593 1436/799/601 1435/798/594
f 1435/798/594 1436/799/601 1439/796/602
f 1433/797/599 1434/796/600 1440/798/597
f 1434/796/600 1433/797/599 1413/799/603
f 1440/782/597 1439/781/602 1432/779/598
f 1439/781/602 1440/782/597 1435/780/594
f 1413/779/603 1437/780/593 1441/781/595
f 1437/780/593 1413/779/603 1433/782/599
f 1470/779/2 1466/780/2 1461/781/2
f 1466/780/2 1470/779/2 1442/782/2
f 1443/783/604 1447/784/605 1457/785/606
f 1457/785/606 1447/784/605 1449/786/380
f 1444/787/607 1458/783/608 1446/788/609
f 1446/788/609 1458/783/608 1445/785/610
f 1446/785/609 1452/784/385 1444/783/607
f 1452/784/385 1446/785/609 1450/786/386
f 1447/789/605 1443/790/604 1445/791/610
f 1447/789/605 1445/791/610 1448/792/611
f 1449/789/380 1458/791/608 1457/790/606
f 1458/791/608 1449/789/380 1456/792/612
f 1454/789/389 1446/791/609 1455/790/613
f 1446/791/609 1454/789/389 1450/792/386
f 1451/789/391 1453/790/614 1444/791/607
f 1451/789/391 1444/791/607 1452/792/385
f 1455/788/613 1443/785/604 1457/783/606
f 1457/783/606 1453/787/614 1455/788/613
f 1453/785/614 1454/784/389 1455/783/613
f 1454/784/389 1453/785/614 1451/786/391
f 1458/783/608 1456/784/612 1445/785/610
f 1445/785/610 1456/784/612 1448/786/611
f 1455/793/613 1445/794/610 1443/795/604
f 1445/794/610 1455/793/613 1446/655/609
f 1453/793/614 1457/795/606 1458/794/608
f 1453/793/614 1458/794/608 1444/655/607
f 1465/796/615 1459/797/394 1460/798/616
f 1459/797/394 1465/796/615 1461/799/617
f 1462/799/618 1463/798/619 1469/796/620
f 1463/798/619 1462/799/618 1464/797/621
f 1467/779/40 1460/780/616 1463/782/619
f 1460/780/616 1467/779/40 1465/800/615
f 1464/782/621 1466/800/622 1459/780/394
f 1466/800/622 1464/782/621 1462/779/618
f 1459/797/394 1466/799/622 1460/798/616
f 1460/798/616 1466/799/622 1468/796/623
f 1464/797/621 1467/796/40 1463/798/619
f 1467/796/40 1464/797/621 1470/799/624
f 1463/782/619 1468/781/623 1469/779/620
f 1468/781/623 1463/782/619 1460/780/616
f 1470/779/624 1459/780/394 1461/781/617
f 1459/780/394 1470/779/624 1464/782/621
f 1496/779/2 1495/780/2 1498/781/2
f 1495/780/2 1496/779/2 1471/782/2
f 1486/783/377 1472/784/625 1480/785/626
f 1480/785/626 1472/784/625 1473/786/627
f 1477/787/628 1474/783/382 1487/788/629
f 1487/788/629 1474/783/382 1475/785/384
f 1487/785/629 1476/784/630 1477/783/628
f 1476/784/630 1487/785/629 1478/786/631
f 1472/789/625 1486/790/377 1475/791/384
f 1472/789/625 1475/791/384 1479/792/632
f 1473/789/627 1474/791/382 1480/790/626
f 1474/791/382 1473/789/627 1485/792/388
f 1481/789/633 1487/791/629 1483/790/390
f 1487/791/629 1481/789/633 1478/792/631
f 1484/789/391 1482/790/392 1477/791/628
f 1484/789/391 1477/791/628 1476/792/630
f 1483/788/390 1486/785/377 1480/783/626
f 1480/783/626 1482/787/392 1483/788/390
f 1482/785/392 1481/784/633 1483/783/390
f 1481/784/633 1482/785/392 1484/786/391
f 1474/783/382 1485/784/388 1475/785/384
f 1475/785/384 1485/784/388 1479/786/632
f 1483/793/390 1475/794/384 1486/795/377
f 1475/794/384 1483/793/390 1487/655/629
f 1482/793/392 1480/795/626 1474/794/382
f 1482/793/392 1474/794/382 1477/655/628
f 1488/796/393 1489/797/634 1490/798/395
f 1489/797/634 1488/796/393 1498/799/396
f 1491/799/635 1494/798/398 1492/796/636
f 1494/798/398 1491/799/635 1499/797/637
f 1493/779/151 1490/780/395 1494/782/398
f 1490/780/395 1493/779/151 1488/800/393
f 1499/782/637 1495/800/401 1489/780/634
f 1495/800/401 1499/782/637 1491/779/635
f 1489/797/634 1495/799/401 1490/798/395
f 1490/798/395 1495/799/401 1497/796/638
f 1499/797/637 1493/796/151 1494/798/398
f 1493/796/151 1499/797/637 1496/799/639
f 1494/782/398 1497/781/638 1492/779/636
f 1497/781/638 1494/782/398 1490/780/395
f 1496/779/639 1489/780/634 1498/781/396
f 1489/780/634 1496/779/639 1499/782/637
f 1525/779/2 1500/780/2 1528/781/2
f 1500/780/2 1525/779/2 1501/782/2
f 1511/783/377 1502/784/640 1516/785/641
f 1516/785/641 1502/784/640 1503/786/642
f 1510/787/643 1517/783/644 1508/788/645
f 1508/788/645 1517/783/644 1504/785/384
f 1508/785/645 1505/784/646 1510/783/643
f 1505/784/646 1508/785/645 1509/786/647
f 1502/789/640 1511/790/377 1504/791/384
f 1502/789/640 1504/791/384 1506/792/648
f 1503/789/642 1517/791/644 1516/790/641
f 1517/791/644 1503/789/642 1507/792/649
f 1513/789/650 1508/791/645 1515/790/651
f 1508/791/645 1513/789/650 1509/792/647
f 1514/789/652 1512/790/653 1510/791/643
f 1514/789/652 1510/791/643 1505/792/646
f 1515/788/651 1511/785/377 1516/783/641
f 1516/783/641 1512/787/653 1515/788/651
f 1512/785/653 1513/784/650 1515/783/651
f 1513/784/650 1512/785/653 1514/786/652
f 1517/783/644 1507/784/649 1504/785/384
f 1504/785/384 1507/784/649 1506/786/648
f 1515/793/651 1504/794/384 1511/795/377
f 1504/794/384 1515/793/651 1508/655/645
f 1512/793/653 1516/795/641 1517/794/644
f 1512/793/653 1517/794/644 1510/655/643
f 1518/796/393 1522/797/654 1521/798/655
f 1522/797/654 1518/796/393 1528/799/396
f 1519/799/618 1526/798/656 1520/796/657
f 1526/798/656 1519/799/618 1523/797/658
f 1524/779/659 1521/780/655 1526/782/656
f 1521/780/655 1524/779/659 1518/800/393
f 1523/782/658 1500/800/660 1522/780/654
f 1500/800/660 1523/782/658 1519/779/618
f 1522/797/654 1500/799/660 1521/798/655
f 1521/798/655 1500/799/660 1527/796/623
f 1523/797/658 1524/796/659 1526/798/656
f 1524/796/659 1523/797/658 1525/799/403
f 1526/782/656 1527/781/623 1520/779/657
f 1527/781/623 1526/782/656 1521/780/655
f 1525/779/403 1522/780/654 1528/781/396
f 1522/780/654 1525/779/403 1523/782/658
f 1529/853/661 1530/854/662 1531/855/663
f 1531/855/663 1543/856/664 1547/857/665
f 1551/858/666 1543/856/664 1542/859/667
f 1558/860/536 1553/861/668 1538/862/669
f 1549/863/670 1532/864/671 1550/865/672
f 1532/864/671 1549/863/670 1540/866/3
f 1533/867/673 1534/868/674 1535/869/675
f 1553/861/668 1556/870/676 1548/871/677
f 1536/872/49 1537/873/678 1538/862/669
f 1536/872/49 1538/862/669 1553/861/668
f 1536/872/49 1553/861/668 1548/871/677
f 1536/872/49 1548/871/677 1542/859/667
f 1531/855/663 1530/854/662 1536/872/49
f 1549/863/670 1539/874/670 1540/866/3
f 1539/874/670 1554/875/679 1540/866/3
f 1541/876/680 1542/859/667 1548/871/677
f 1536/872/49 1542/859/667 1543/856/664
f 1531/855/663 1536/872/49 1543/856/664
f 1544/877/681 1539/874/670 1549/863/670
f 1554/875/679 1539/874/670 1545/878/682
f 1535/869/675 1534/868/674 1540/866/3
f 1552/879/683 1557/880/684 1534/868/674
f 1534/868/674 1557/880/684 1540/866/3
f 1557/880/684 1546/881/685 1540/866/3
f 1546/882/685 1557/883/684 1538/884/669
f 1538/884/669 1537/885/678 1546/882/685
f 1555/886/686 1535/869/675 1554/875/679
f 1554/875/679 1535/869/675 1540/866/3
f 1547/887/665 1539/888/670 1544/680/681
f 1539/888/670 1547/887/665 1543/889/664
f 1556/890/676 1533/891/673 1548/892/677
f 1535/893/675 1548/892/677 1533/891/673
f 1548/894/677 1535/895/675 1541/896/680
f 1555/897/686 1541/896/680 1535/895/675
f 1549/898/670 1547/899/665 1544/900/681
f 1547/899/665 1549/898/670 1531/901/663
f 1529/891/661 1549/902/670 1550/890/672
f 1549/902/670 1529/891/661 1531/903/663
f 1551/904/666 1554/905/679 1545/906/682
f 1554/905/679 1551/904/666 1542/907/667
f 1532/892/671 1530/893/662 1529/891/661
f 1532/892/671 1529/891/661 1550/890/672
f 1551/904/666 1539/908/670 1543/909/664
f 1539/908/670 1551/904/666 1545/906/682
f 1558/904/536 1552/906/683 1553/909/668
f 1534/908/674 1553/909/668 1552/906/683
f 1554/910/679 1542/911/667 1541/912/680
f 1554/910/679 1541/912/680 1555/913/686
f 1553/902/668 1534/903/674 1556/890/676
f 1533/891/673 1556/890/676 1534/903/674
f 1538/907/669 1557/905/684 1558/904/536
f 1552/906/683 1558/904/536 1557/905/684
f 1559/853/687 1560/854/688 1580/855/689
f 1580/855/689 1561/856/690 1577/857/691
f 1582/858/692 1561/856/690 1568/859/693
f 1562/860/694 1565/861/695 1563/862/696
f 1581/863/697 1583/864/698 1564/865/699
f 1583/864/698 1581/863/697 1569/866/49
f 1586/867/700 1585/868/701 1578/869/702
f 1565/861/695 1566/870/703 1572/871/704
f 1567/872/3 1576/873/705 1563/862/696
f 1567/872/3 1563/862/696 1565/861/695
f 1567/872/3 1565/861/695 1572/871/704
f 1567/872/3 1572/871/704 1568/859/693
f 1580/855/689 1560/854/688 1567/872/3
f 1581/863/697 1584/874/697 1569/866/49
f 1584/874/697 1570/875/706 1569/866/49
f 1571/876/707 1568/859/693 1572/871/704
f 1567/872/3 1568/859/693 1561/856/690
f 1580/855/689 1567/872/3 1561/856/690
f 1573/877/708 1584/874/697 1581/863/697
f 1570/875/706 1584/874/697 1574/878/709
f 1578/869/702 1585/868/701 1569/866/49
f 1588/879/710 1587/880/711 1585/868/701
f 1585/868/701 1587/880/711 1569/866/49
f 1587/880/711 1575/881/712 1569/866/49
f 1575/882/712 1587/883/711 1563/884/696
f 1563/884/696 1576/885/705 1575/882/712
f 1579/886/713 1578/869/702 1570/875/706
f 1570/875/706 1578/869/702 1569/866/49
f 1577/887/691 1584/888/697 1573/680/708
f 1584/888/697 1577/887/691 1561/889/690
f 1566/890/703 1586/891/700 1572/892/704
f 1578/893/702 1572/892/704 1586/891/700
f 1572/894/704 1578/895/702 1571/896/707
f 1579/897/713 1571/896/707 1578/895/702
f 1581/898/697 1577/899/691 1573/900/708
f 1577/899/691 1581/898/697 1580/901/689
f 1559/891/687 1581/902/697 1564/890/699
f 1581/902/697 1559/891/687 1580/903/689
f 1582/904/692 1570/905/706 1574/906/709
f 1570/905/706 1582/904/692 1568/907/693
f 1583/892/698 1560/893/688 1559/891/687
f 1583/892/698 1559/891/687 1564/890/699
f 1582/904/692 1584/908/697 1561/909/690
f 1584/908/697 1582/904/692 1574/906/709
f 1562/904/694 1588/906/710 1565/909/695
f 1585/908/701 1565/909/695 1588/906/710
f 1570/910/706 1568/911/693 1571/912/707
f 1570/910/706 1571/912/707 1579/913/713
f 1565/902/695 1585/903/701 1566/890/703
f 1586/891/700 1566/890/703 1585/903/701
f 1563/907/696 1587/905/711 1562/904/694
f 1588/906/710 1562/904/694 1587/905/711
f 1589/729/714 1590/730/277 1591/731/715
f 1592/732/279 1590/730/277 1589/729/714
f 1592/732/279 1593/733/281 1590/730/277
f 1594/734/281 1593/733/281 1592/732/279
f 1589/735/714 1593/733/281 1594/734/281
f 1593/733/281 1589/735/714 1591/736/715
f 1595/729/716 1596/730/277 1597/731/717
f 1598/732/279 1596/730/277 1595/729/716
f 1598/732/279 1599/733/281 1596/730/277
f 1600/734/281 1599/733/281 1598/732/279
f 1595/735/716 1599/733/281 1600/734/281
f 1599/733/281 1595/735/716 1597/736/717
f 1602/914/40 1601/915/40 1609/916/40
f 1603/917/40 1602/914/40 1609/916/40
f 1603/917/40 1609/916/40 1604/915/40
f 1605/914/40 1603/917/40 1604/915/40
f 1609/916/40 1607/914/40 1606/917/40
f 1609/916/40 1601/915/40 1607/914/40
f 1608/914/40 1609/916/40 1606/917/40
f 1609/916/40 1608/914/40 1604/915/40
f 1611/914/40 1610/915/40 1613/916/40
f 1612/917/40 1611/914/40 1613/916/40
f 1612/917/40 1613/916/40 1617/915/40
f 1614/914/40 1612/917/40 1617/915/40
f 1613/916/40 1616/914/40 1615/917/40
f 1613/916/40 1610/915/40 1616/914/40
f 1618/914/40 1613/916/40 1615/917/40
f 1613/916/40 1618/914/40 1617/915/40
f 1620/914/40 1619/915/40 1621/916/40
f 1623/917/40 1620/914/40 1621/916/40
f 1623/917/40 1621/916/40 1622/915/40
f 1624/914/40 1623/917/40 1622/915/40
f 1621/916/40 1625/914/40 1626/917/40
f 1621/916/40 1619/915/40 1625/914/40
f 1627/914/40 1621/916/40 1626/917/40
f 1621/916/40 1627/914/40 1622/915/40
f 1629/918/40 1628/919/2 1639/920/718
f 1629/918/40 1639/920/718 1631/921/44
f 1632/922/46 1628/923/2 1629/924/40
f 1628/923/2 1632/922/46 1638/925/49
f 1636/926/719 1637/927/720 1639/928/721
f 1639/928/721 1631/929/2 1636/926/719
f 1635/919/722 1629/930/40 1630/920/723
f 1629/930/40 1631/931/44 1630/920/723
f 1632/932/40 1636/933/719 1634/934/724
f 1634/934/724 1633/935/725 1632/932/40
f 1632/936/46 1629/937/40 1633/938/726
f 1633/938/726 1629/937/40 1635/939/722
f 1633/940/725 1634/941/724 1630/942/727
f 1630/942/727 1635/943/728 1633/940/725
f 1634/938/724 1636/936/719 1631/937/2
f 1631/937/2 1630/939/727 1634/938/724
f 1637/934/720 1636/944/719 1632/945/40
f 1632/945/40 1638/935/63 1637/934/720
f 1638/946/49 1637/947/46 1639/948/718
f 1638/946/49 1639/948/718 1628/949/2
f 1644/918/40 1640/919/120 1642/920/729
f 1644/918/40 1642/920/729 1646/921/71
f 1647/922/46 1640/923/120 1644/924/40
f 1640/923/120 1647/922/46 1650/925/1
f 1641/926/39 1651/927/730 1642/928/731
f 1642/928/731 1646/929/49 1641/926/39
f 1643/919/732 1644/930/40 1645/920/691
f 1644/930/40 1646/931/71 1645/920/691
f 1647/932/40 1641/933/39 1648/934/733
f 1648/934/733 1649/935/734 1647/932/40
f 1647/936/46 1644/937/40 1649/938/735
f 1649/938/735 1644/937/40 1643/939/732
f 1649/940/734 1648/941/733 1645/942/736
f 1645/942/736 1643/943/737 1649/940/734
f 1648/938/733 1641/936/39 1646/937/49
f 1646/937/49 1645/939/736 1648/938/733
f 1651/934/730 1641/944/39 1647/945/40
f 1647/945/40 1650/935/2 1651/934/730
f 1650/946/2 1642/948/731 1651/947/730
f 1650/946/2 1640/949/3 1642/948/731
f 1652/292/2 1654/293/2 1653/289/2
f 1653/289/2 1655/287/2 1652/292/2
f 1656/286/2 1658/288/2 1657/287/2
f 1657/287/2 1658/288/2 1659/289/79
f 1660/287/49 1662/291/49 1661/290/49
f 1661/290/49 1663/289/49 1660/287/49
f 1664/286/2 1666/288/2 1665/287/2
f 1665/287/2 1666/288/2 1667/289/79
f 1668/287/49 1670/291/49 1669/290/49
f 1669/290/49 1671/289/49 1668/287/49
f 1672/729/738 1674/731/739 1673/730/740
f 1675/287/2 1677/292/2 1676/293/2
f 1676/293/2 1678/289/2 1675/287/2
