# Blender 3.5.0
# www.blender.org
mtllib CannonExhaustCylinder.mtl
o Cylinder.001_PurpleGLow_0
v 0.155502 -0.402524 0.967164
v 0.155502 -0.402524 0.632986
v 0.151103 -0.400345 0.630323
v 0.151061 -0.400125 0.971143
v 0.155502 -0.402524 0.632986
v 0.155502 -0.402524 0.967164
v 0.152579 -0.407935 0.971143
v 0.152536 -0.407716 0.627692
v 0.155502 -0.402524 0.632986
v 0.435474 -0.287984 0.632986
v 0.437900 -0.283263 0.630986
v 0.151103 -0.400345 0.630323
v 0.435474 -0.287984 0.632986
v 0.155502 -0.402524 0.632986
v 0.152536 -0.407716 0.627692
v 0.440412 -0.289692 0.627028
v 0.435474 -0.287984 0.632986
v 0.435474 -0.287984 0.967164
v 0.439172 -0.282499 0.971143
v 0.437900 -0.283263 0.630986
v 0.435474 -0.287984 0.967164
v 0.435474 -0.287984 0.632986
v 0.440412 -0.289692 0.627028
v 0.439140 -0.290456 0.971143
v 0.435474 -0.287984 0.967164
v 0.155502 -0.402524 0.967164
v 0.151061 -0.400125 0.971143
v 0.439172 -0.282499 0.971143
v 0.155502 -0.402524 0.967164
v 0.435474 -0.287984 0.967164
v 0.439140 -0.290456 0.971143
v 0.152579 -0.407935 0.971143
v 0.661173 -0.064246 0.967164
v 0.661173 -0.064246 0.632986
v 0.656431 -0.066631 0.630986
v 0.655656 -0.067896 0.971142
v 0.661173 -0.064246 0.632986
v 0.661173 -0.064246 0.967164
v 0.663613 -0.067934 0.971142
v 0.662838 -0.069198 0.627028
v 0.661173 -0.064246 0.632986
v 0.778151 0.214716 0.632986
v 0.776011 0.219133 0.630323
v 0.656431 -0.066631 0.630986
v 0.778151 0.214716 0.632986
v 0.661173 -0.064246 0.632986
v 0.662838 -0.069198 0.627028
v 0.783369 0.217636 0.627692
v 0.778151 0.214716 0.632986
v 0.778151 0.214716 0.967164
v 0.775791 0.219178 0.971142
v 0.776011 0.219133 0.630323
v 0.778151 0.214716 0.967164
v 0.778151 0.214716 0.632986
v 0.783369 0.217636 0.627692
v 0.783588 0.217592 0.971142
v 0.778151 0.214716 0.967164
v 0.661173 -0.064246 0.967164
v 0.655656 -0.067896 0.971142
v 0.775791 0.219178 0.971142
v 0.661173 -0.064246 0.967164
v 0.778151 0.214716 0.967164
v 0.783588 0.217592 0.971142
v 0.663613 -0.067934 0.971142
v 0.779707 0.222363 0.967164
v 0.779707 0.222363 0.632986
v 0.776011 0.219133 0.630323
v 0.775791 0.219178 0.971142
v 0.779707 0.222363 0.632986
v 0.779707 0.222363 0.967164
v 0.783588 0.217592 0.971142
v 0.783369 0.217636 0.627692
v 0.779707 0.222363 0.632986
v 0.781027 0.524856 0.632985
v 0.777359 0.528118 0.630323
v 0.776011 0.219133 0.630323
v 0.781027 0.524856 0.632985
v 0.779707 0.222363 0.632986
v 0.783369 0.217636 0.627692
v 0.784730 0.529551 0.627692
v 0.781027 0.524856 0.632985
v 0.781027 0.524856 0.967164
v 0.777139 0.528075 0.971142
v 0.777359 0.528118 0.630323
v 0.781027 0.524856 0.967164
v 0.781027 0.524856 0.632985
v 0.784730 0.529551 0.627692
v 0.784950 0.529593 0.971142
v 0.781027 0.524856 0.967164
v 0.779707 0.222363 0.967164
v 0.775791 0.219178 0.971142
v 0.777139 0.528075 0.971142
v 0.779707 0.222363 0.967164
v 0.781027 0.524856 0.967164
v 0.784950 0.529593 0.971142
v 0.783588 0.217592 0.971142
v 0.779538 0.532516 0.967164
v 0.779538 0.532516 0.632985
v 0.777359 0.528118 0.630323
v 0.777139 0.528075 0.971142
v 0.779538 0.532516 0.632985
v 0.779538 0.532516 0.967164
v 0.784950 0.529593 0.971142
v 0.784730 0.529551 0.627692
v 0.779538 0.532516 0.632985
v 0.664998 0.812488 0.632985
v 0.660277 0.814915 0.630986
v 0.777359 0.528118 0.630323
v 0.664998 0.812488 0.632985
v 0.779538 0.532516 0.632985
v 0.784730 0.529551 0.627692
v 0.666707 0.817426 0.627028
v 0.664998 0.812488 0.632985
v 0.664998 0.812488 0.967164
v 0.659514 0.816186 0.971142
v 0.660277 0.814915 0.630986
v 0.664998 0.812488 0.967164
v 0.664998 0.812488 0.632985
v 0.666707 0.817426 0.627028
v 0.667470 0.816155 0.971142
v 0.664998 0.812488 0.967164
v 0.779538 0.532516 0.967164
v 0.777139 0.528075 0.971142
v 0.659514 0.816186 0.971142
v 0.779538 0.532516 0.967164
v 0.664998 0.812488 0.967164
v 0.667470 0.816155 0.971142
v 0.784950 0.529593 0.971142
v 0.661942 0.822568 0.631067
v 0.451313 1.035043 0.631067
v 0.443645 1.033446 0.630986
v 0.660277 0.814915 0.630986
v 0.451313 1.035043 0.631067
v 0.661942 0.822568 0.631067
v 0.666707 0.817426 0.627028
v 0.446213 1.039852 0.627028
v 0.451313 1.035043 0.631067
v 0.544351 1.073018 0.687245
v 0.543813 1.073878 0.690854
v 0.443645 1.033446 0.630986
v 0.544351 1.073018 0.687245
v 0.451313 1.035043 0.631067
v 0.446213 1.039852 0.627028
v 0.545768 1.080940 0.687756
v 0.544351 1.073018 0.687245
v 0.700727 0.915271 0.687245
v 0.701582 0.914725 0.690854
v 0.543813 1.073878 0.690854
v 0.700727 0.915271 0.687245
v 0.544351 1.073018 0.687245
v 0.545768 1.080940 0.687756
v 0.708662 0.916619 0.687756
v 0.700727 0.915271 0.687245
v 0.661942 0.822568 0.631067
v 0.660277 0.814915 0.630986
v 0.701582 0.914725 0.690854
v 0.661942 0.822568 0.631067
v 0.700727 0.915271 0.687245
v 0.708662 0.916619 0.687756
v 0.666707 0.817426 0.627028
v 0.441260 1.038188 0.967164
v 0.441260 1.038188 0.632985
v 0.443645 1.033446 0.630986
v 0.444910 1.032671 0.971142
v 0.441260 1.038188 0.632985
v 0.441260 1.038188 0.967164
v 0.444948 1.040627 0.971142
v 0.446213 1.039852 0.627028
v 0.441260 1.038188 0.632985
v 0.162298 1.155166 0.632985
v 0.157881 1.153025 0.630322
v 0.443645 1.033446 0.630986
v 0.162298 1.155166 0.632985
v 0.441260 1.038188 0.632985
v 0.446213 1.039852 0.627028
v 0.159378 1.160383 0.627691
v 0.162298 1.155166 0.632985
v 0.162298 1.155166 0.967164
v 0.157837 1.152806 0.971142
v 0.157881 1.153025 0.630322
v 0.162298 1.155166 0.967164
v 0.162298 1.155166 0.632985
v 0.159378 1.160383 0.627691
v 0.159423 1.160603 0.971142
v 0.162298 1.155166 0.967164
v 0.441260 1.038188 0.967164
v 0.444910 1.032671 0.971142
v 0.157837 1.152806 0.971142
v 0.441260 1.038188 0.967164
v 0.162298 1.155166 0.967164
v 0.159423 1.160603 0.971142
v 0.444948 1.040627 0.971142
v 0.154651 1.156722 0.967164
v 0.154651 1.156722 0.632985
v 0.157881 1.153025 0.630322
v 0.157837 1.152806 0.971142
v 0.154651 1.156722 0.632985
v 0.154651 1.156722 0.967164
v 0.159423 1.160603 0.971142
v 0.159378 1.160383 0.627691
v 0.154651 1.156722 0.632985
v -0.147841 1.158041 0.632985
v -0.151103 1.154374 0.630322
v 0.157881 1.153025 0.630322
v -0.147841 1.158041 0.632985
v 0.154651 1.156722 0.632985
v 0.159378 1.160383 0.627691
v -0.152536 1.161744 0.627691
v -0.147841 1.158041 0.632985
v -0.147841 1.158042 0.967164
v -0.151060 1.154154 0.971142
v -0.151103 1.154374 0.630322
v -0.147841 1.158042 0.967164
v -0.147841 1.158041 0.632985
v -0.152536 1.161744 0.627691
v -0.152579 1.161964 0.971142
v -0.147841 1.158042 0.967164
v 0.154651 1.156722 0.967164
v 0.157837 1.152806 0.971142
v -0.151060 1.154154 0.971142
v 0.154651 1.156722 0.967164
v -0.147841 1.158042 0.967164
v -0.152579 1.161964 0.971142
v 0.159423 1.160603 0.971142
v -0.155502 1.156553 0.967164
v -0.155502 1.156553 0.632985
v -0.151103 1.154374 0.630322
v -0.151060 1.154154 0.971142
v -0.155502 1.156553 0.632985
v -0.155502 1.156553 0.967164
v -0.152579 1.161964 0.971142
v -0.152536 1.161744 0.627691
v -0.155502 1.156553 0.632985
v -0.435474 1.042013 0.632985
v -0.437900 1.037292 0.630986
v -0.151103 1.154374 0.630322
v -0.435474 1.042013 0.632985
v -0.155502 1.156553 0.632985
v -0.152536 1.161744 0.627691
v -0.440411 1.043721 0.627028
v -0.435474 1.042013 0.632985
v -0.435474 1.042013 0.967164
v -0.439171 1.036529 0.971142
v -0.437900 1.037292 0.630986
v -0.435474 1.042013 0.967164
v -0.435474 1.042013 0.632985
v -0.440411 1.043721 0.627028
v -0.439140 1.044485 0.971142
v -0.435474 1.042013 0.967164
v -0.155502 1.156553 0.967164
v -0.151060 1.154154 0.971142
v -0.439171 1.036529 0.971142
v -0.155502 1.156553 0.967164
v -0.435474 1.042013 0.967164
v -0.439140 1.044485 0.971142
v -0.152579 1.161964 0.971142
v -0.665027 -0.065812 0.967164
v -0.665027 -0.065812 0.635789
v -0.660277 -0.060886 0.630986
v -0.659514 -0.062157 0.971142
v -0.665027 -0.065812 0.635789
v -0.665027 -0.065812 0.967164
v -0.667470 -0.062126 0.971142
v -0.666706 -0.063397 0.627028
v -0.665027 -0.065812 0.635789
v -0.703586 -0.157974 0.691639
v -0.701582 -0.160697 0.690854
v -0.660277 -0.060886 0.630986
v -0.703586 -0.157974 0.691639
v -0.665027 -0.065812 0.635789
v -0.666706 -0.063397 0.627028
v -0.708661 -0.162590 0.687756
v -0.703586 -0.157974 0.691639
v -0.703586 -0.157973 0.967168
v -0.701217 -0.160883 0.971146
v -0.701582 -0.160697 0.690854
v -0.703586 -0.157973 0.967168
v -0.703586 -0.157974 0.691639
v -0.708661 -0.162590 0.687756
v -0.709026 -0.162404 0.971146
v -0.703586 -0.157973 0.967168
v -0.665027 -0.065812 0.967164
v -0.659514 -0.062157 0.971142
v -0.701217 -0.160883 0.971146
v -0.665027 -0.065812 0.967164
v -0.703586 -0.157973 0.967168
v -0.709026 -0.162404 0.971146
v -0.667470 -0.062126 0.971142
v -0.661173 0.818275 0.967164
v -0.661173 0.818275 0.632985
v -0.656431 0.820660 0.630986
v -0.655656 0.821925 0.971142
v -0.661173 0.818275 0.632985
v -0.661173 0.818275 0.967164
v -0.663613 0.821963 0.971142
v -0.662838 0.823227 0.627028
v -0.661173 0.818275 0.632985
v -0.778151 0.539313 0.632985
v -0.776011 0.534896 0.630323
v -0.656431 0.820660 0.630986
v -0.778151 0.539313 0.632985
v -0.661173 0.818275 0.632985
v -0.662838 0.823227 0.627028
v -0.783369 0.536393 0.627692
v -0.778151 0.539313 0.632985
v -0.778151 0.539313 0.967164
v -0.775791 0.534851 0.971142
v -0.776011 0.534896 0.630323
v -0.778151 0.539313 0.967164
v -0.778151 0.539313 0.632985
v -0.783369 0.536393 0.627692
v -0.783588 0.536437 0.971142
v -0.778151 0.539313 0.967164
v -0.661173 0.818275 0.967164
v -0.655656 0.821925 0.971142
v -0.775791 0.534851 0.971142
v -0.661173 0.818275 0.967164
v -0.778151 0.539313 0.967164
v -0.783588 0.536437 0.971142
v -0.663613 0.821963 0.971142
v -0.779707 0.531666 0.967164
v -0.779707 0.531666 0.632985
v -0.776011 0.534896 0.630323
v -0.775791 0.534851 0.971142
v -0.779707 0.531666 0.632985
v -0.779707 0.531666 0.967164
v -0.783588 0.536437 0.971142
v -0.783369 0.536393 0.627692
v -0.779707 0.531666 0.632985
v -0.781027 0.229173 0.632986
v -0.777359 0.225911 0.630323
v -0.776011 0.534896 0.630323
v -0.781027 0.229173 0.632986
v -0.779707 0.531666 0.632985
v -0.783369 0.536393 0.627692
v -0.784730 0.224478 0.627692
v -0.781027 0.229173 0.632986
v -0.781027 0.229173 0.967164
v -0.777139 0.225954 0.971142
v -0.777359 0.225911 0.630323
v -0.781027 0.229173 0.967164
v -0.781027 0.229173 0.632986
v -0.784730 0.224478 0.627692
v -0.784950 0.224436 0.971142
v -0.781027 0.229173 0.967164
v -0.779707 0.531666 0.967164
v -0.775791 0.534851 0.971142
v -0.777139 0.225954 0.971142
v -0.779707 0.531666 0.967164
v -0.781027 0.229173 0.967164
v -0.784950 0.224436 0.971142
v -0.783588 0.536437 0.971142
v -0.779538 0.221513 0.967164
v -0.779538 0.221513 0.632986
v -0.777359 0.225911 0.630323
v -0.777139 0.225954 0.971142
v -0.779538 0.221513 0.632986
v -0.779538 0.221513 0.967164
v -0.784950 0.224436 0.971142
v -0.784730 0.224478 0.627692
v -0.779538 0.221513 0.632986
v -0.664998 -0.058460 0.632986
v -0.660277 -0.060886 0.630986
v -0.777359 0.225911 0.630323
v -0.664998 -0.058460 0.632986
v -0.779538 0.221513 0.632986
v -0.784730 0.224478 0.627692
v -0.666706 -0.063397 0.627028
v -0.664998 -0.058460 0.632986
v -0.664998 -0.058459 0.967164
v -0.659514 -0.062157 0.971142
v -0.660277 -0.060886 0.630986
v -0.664998 -0.058459 0.967164
v -0.664998 -0.058460 0.632986
v -0.666706 -0.063397 0.627028
v -0.667470 -0.062126 0.971142
v -0.664998 -0.058459 0.967164
v -0.779538 0.221513 0.967164
v -0.777139 0.225954 0.971142
v -0.659514 -0.062157 0.971142
v -0.779538 0.221513 0.967164
v -0.664998 -0.058459 0.967164
v -0.667470 -0.062126 0.971142
v -0.784950 0.224436 0.971142
v -0.441260 -0.284159 0.967164
v -0.441260 -0.284159 0.632986
v -0.443645 -0.279417 0.630986
v -0.444910 -0.278642 0.971143
v -0.441260 -0.284159 0.632986
v -0.441260 -0.284159 0.967164
v -0.444948 -0.286598 0.971143
v -0.446212 -0.285824 0.627028
v -0.441260 -0.284159 0.632986
v -0.162298 -0.401137 0.632986
v -0.157881 -0.398997 0.630323
v -0.443645 -0.279417 0.630986
v -0.162298 -0.401137 0.632986
v -0.441260 -0.284159 0.632986
v -0.446212 -0.285824 0.627028
v -0.159378 -0.406355 0.627692
v -0.162298 -0.401137 0.632986
v -0.162298 -0.401137 0.967164
v -0.157836 -0.398777 0.971143
v -0.157881 -0.398997 0.630323
v -0.162298 -0.401137 0.967164
v -0.162298 -0.401137 0.632986
v -0.159378 -0.406355 0.627692
v -0.159422 -0.406574 0.971143
v -0.162298 -0.401137 0.967164
v -0.441260 -0.284159 0.967164
v -0.444910 -0.278642 0.971143
v -0.157836 -0.398777 0.971143
v -0.441260 -0.284159 0.967164
v -0.162298 -0.401137 0.967164
v -0.159422 -0.406574 0.971143
v -0.444948 -0.286598 0.971143
v -0.154651 -0.402693 0.967164
v -0.154651 -0.402693 0.632986
v -0.157881 -0.398997 0.630323
v -0.157836 -0.398777 0.971143
v -0.154651 -0.402693 0.632986
v -0.154651 -0.402693 0.967164
v -0.159422 -0.406574 0.971143
v -0.159378 -0.406355 0.627692
v -0.154651 -0.402693 0.632986
v 0.147841 -0.404013 0.632986
v 0.151103 -0.400345 0.630323
v -0.157881 -0.398997 0.630323
v 0.147841 -0.404013 0.632986
v -0.154651 -0.402693 0.632986
v -0.159378 -0.406355 0.627692
v 0.152536 -0.407716 0.627692
v 0.147841 -0.404013 0.632986
v 0.147841 -0.404013 0.967164
v 0.151061 -0.400125 0.971143
v 0.151103 -0.400345 0.630323
v 0.147841 -0.404013 0.967164
v 0.147841 -0.404013 0.632986
v 0.152536 -0.407716 0.627692
v 0.152579 -0.407935 0.971143
v 0.147841 -0.404013 0.967164
v -0.154651 -0.402693 0.967164
v -0.157836 -0.398777 0.971143
v 0.151061 -0.400125 0.971143
v -0.154651 -0.402693 0.967164
v 0.147841 -0.404013 0.967164
v 0.152579 -0.407935 0.971143
v -0.159422 -0.406574 0.971143
v 0.778485 0.524330 0.625945
v 0.777170 0.222911 0.625945
v 0.776011 0.219133 0.630323
v 0.777359 0.528118 0.630323
v 0.777170 0.222911 0.625945
v 0.778485 0.524330 0.625945
v 0.784730 0.529551 0.627692
v 0.783369 0.217636 0.627692
v 0.777170 0.222911 0.625945
v 0.741362 0.230196 0.582720
v 0.737005 0.227069 0.583185
v 0.776011 0.219133 0.630323
v 0.741362 0.230196 0.582720
v 0.777170 0.222911 0.625945
v 0.783369 0.217636 0.627692
v 0.740609 0.226336 0.576130
v 0.741362 0.230196 0.582720
v 0.742615 0.517357 0.582720
v 0.738285 0.520523 0.583185
v 0.737005 0.227069 0.583185
v 0.742615 0.517357 0.582720
v 0.741362 0.230196 0.582720
v 0.740609 0.226336 0.576130
v 0.741896 0.521224 0.576130
v 0.742615 0.517357 0.582720
v 0.778485 0.524330 0.625945
v 0.777359 0.528118 0.630323
v 0.738285 0.520523 0.583185
v 0.778485 0.524330 0.625945
v 0.742615 0.517357 0.582720
v 0.741896 0.521224 0.576130
v 0.784730 0.529551 0.627692
v -0.434015 1.039866 0.625944
v -0.155037 1.153999 0.625944
v -0.151103 1.154374 0.630322
v -0.437900 1.037292 0.630986
v -0.155037 1.153999 0.625944
v -0.434015 1.039866 0.625944
v -0.440411 1.043721 0.627028
v -0.152536 1.161744 0.627691
v -0.155037 1.153999 0.625944
v -0.148065 1.118128 0.582720
v -0.143508 1.115300 0.583185
v -0.151103 1.154374 0.630322
v -0.148065 1.118128 0.582720
v -0.155037 1.153999 0.625944
v -0.152536 1.161744 0.627691
v -0.144210 1.118911 0.576130
v -0.148065 1.118128 0.582720
v -0.413846 1.009394 0.582720
v -0.415114 1.004183 0.583185
v -0.143508 1.115300 0.583185
v -0.413846 1.009394 0.582720
v -0.148065 1.118128 0.582720
v -0.144210 1.118911 0.576130
v -0.417144 1.007250 0.576130
v -0.413846 1.009394 0.582720
v -0.434015 1.039866 0.625944
v -0.437900 1.037292 0.630986
v -0.415114 1.004183 0.583185
v -0.434015 1.039866 0.625944
v -0.413846 1.009394 0.582720
v -0.417144 1.007250 0.576130
v -0.440411 1.043721 0.627028
v -0.446304 -0.277626 0.625945
v -0.658510 -0.063561 0.625945
v -0.660277 -0.060886 0.630986
v -0.443645 -0.279417 0.630986
v -0.658510 -0.063561 0.625945
v -0.446304 -0.277626 0.625945
v -0.446212 -0.285824 0.627028
v -0.666706 -0.063397 0.627028
v -0.658510 -0.063561 0.625945
v -0.628038 -0.043392 0.582720
v -0.627168 -0.038100 0.583185
v -0.660277 -0.060886 0.630986
v -0.628038 -0.043392 0.582720
v -0.658510 -0.063561 0.625945
v -0.666706 -0.063397 0.627028
v -0.630236 -0.040130 0.576130
v -0.628038 -0.043392 0.582720
v -0.425870 -0.247331 0.582720
v -0.420571 -0.246508 0.583185
v -0.627168 -0.038100 0.583185
v -0.425870 -0.247331 0.582720
v -0.628038 -0.043392 0.582720
v -0.630236 -0.040130 0.576130
v -0.422628 -0.249557 0.576130
v -0.425870 -0.247331 0.582720
v -0.446304 -0.277626 0.625945
v -0.443645 -0.279417 0.630986
v -0.420571 -0.246508 0.583185
v -0.446304 -0.277626 0.625945
v -0.425870 -0.247331 0.582720
v -0.422628 -0.249557 0.576130
v -0.446212 -0.285824 0.627028
v 0.654640 -0.069290 0.625945
v 0.440575 -0.281495 0.625945
v 0.437900 -0.283263 0.630986
v 0.656431 -0.066631 0.630986
v 0.440575 -0.281495 0.625945
v 0.654640 -0.069290 0.625945
v 0.662838 -0.069198 0.627028
v 0.440412 -0.289692 0.627028
v 0.440575 -0.281495 0.625945
v 0.420406 -0.251023 0.582720
v 0.415114 -0.250154 0.583185
v 0.437900 -0.283263 0.630986
v 0.420406 -0.251023 0.582720
v 0.440575 -0.281495 0.625945
v 0.440412 -0.289692 0.627028
v 0.417144 -0.253221 0.576130
v 0.420406 -0.251023 0.582720
v 0.624345 -0.048856 0.582720
v 0.623522 -0.043557 0.583185
v 0.415114 -0.250154 0.583185
v 0.624345 -0.048856 0.582720
v 0.420406 -0.251023 0.582720
v 0.417144 -0.253221 0.576130
v 0.626571 -0.045613 0.576130
v 0.624345 -0.048856 0.582720
v 0.654640 -0.069290 0.625945
v 0.656431 -0.066631 0.630986
v 0.623522 -0.043557 0.583185
v 0.654640 -0.069290 0.625945
v 0.624345 -0.048856 0.582720
v 0.626571 -0.045613 0.576130
v 0.662838 -0.069198 0.627028
v 0.161812 1.152616 0.625944
v 0.439783 1.036053 0.625944
v 0.443645 1.033446 0.630986
v 0.157881 1.153025 0.630322
v 0.439783 1.036053 0.625944
v 0.161812 1.152616 0.625944
v 0.159378 1.160383 0.627691
v 0.446213 1.039852 0.627028
v 0.439783 1.036053 0.625944
v 0.419349 1.005759 0.582720
v 0.420571 1.000537 0.583185
v 0.443645 1.033446 0.630986
v 0.419349 1.005759 0.582720
v 0.439783 1.036053 0.625944
v 0.446213 1.039852 0.627028
v 0.422628 1.003586 0.576130
v 0.419349 1.005759 0.582720
v 0.154526 1.116808 0.582720
v 0.149945 1.114019 0.583185
v 0.420571 1.000537 0.583185
v 0.154526 1.116808 0.582720
v 0.419349 1.005759 0.582720
v 0.422628 1.003586 0.576130
v 0.150679 1.117624 0.576130
v 0.154526 1.116808 0.582720
v 0.161812 1.152616 0.625944
v 0.157881 1.153025 0.630322
v 0.149945 1.114019 0.583185
v 0.161812 1.152616 0.625944
v 0.154526 1.116808 0.582720
v 0.150679 1.117624 0.576130
v 0.159378 1.160383 0.627691
v -0.778485 0.229699 0.625945
v -0.777170 0.531118 0.625945
v -0.776011 0.534896 0.630323
v -0.777359 0.225911 0.630323
v -0.777170 0.531118 0.625945
v -0.778485 0.229699 0.625945
v -0.784730 0.224478 0.627692
v -0.783369 0.536393 0.627692
v -0.777170 0.531118 0.625945
v -0.741362 0.523832 0.582720
v -0.737005 0.526960 0.583185
v -0.776011 0.534896 0.630323
v -0.741362 0.523832 0.582720
v -0.777170 0.531118 0.625945
v -0.783369 0.536393 0.627692
v -0.740609 0.527693 0.576130
v -0.741362 0.523832 0.582720
v -0.742615 0.236672 0.582720
v -0.738285 0.233506 0.583185
v -0.737005 0.526960 0.583185
v -0.742615 0.236672 0.582720
v -0.741362 0.523832 0.582720
v -0.740609 0.527693 0.576130
v -0.741896 0.232804 0.576130
v -0.742615 0.236672 0.582720
v -0.778485 0.229699 0.625945
v -0.777359 0.225911 0.630323
v -0.738285 0.233506 0.583185
v -0.778485 0.229699 0.625945
v -0.742615 0.236672 0.582720
v -0.741896 0.232804 0.576130
v -0.784730 0.224478 0.627692
v 0.662851 0.811030 0.625945
v 0.776984 0.532052 0.625945
v 0.777359 0.528118 0.630323
v 0.660277 0.814915 0.630986
v 0.776984 0.532052 0.625945
v 0.662851 0.811030 0.625945
v 0.666707 0.817426 0.627028
v 0.784730 0.529551 0.627692
v 0.776984 0.532052 0.625945
v 0.741114 0.525079 0.582720
v 0.738285 0.520523 0.583185
v 0.777359 0.528118 0.630323
v 0.741114 0.525079 0.582720
v 0.776984 0.532052 0.625945
v 0.784730 0.529551 0.627692
v 0.741896 0.521224 0.576130
v 0.741114 0.525079 0.582720
v 0.632379 0.790861 0.582720
v 0.627168 0.792128 0.583185
v 0.738285 0.520523 0.583185
v 0.632379 0.790861 0.582720
v 0.741114 0.525079 0.582720
v 0.741896 0.521224 0.576130
v 0.630236 0.794158 0.576130
v 0.632379 0.790861 0.582720
v 0.662851 0.811030 0.625945
v 0.660277 0.814915 0.630986
v 0.627168 0.792128 0.583185
v 0.662851 0.811030 0.625945
v 0.632379 0.790861 0.582720
v 0.630236 0.794158 0.576130
v 0.666707 0.817426 0.627028
v -0.654640 0.823319 0.625945
v -0.440575 1.035524 0.625944
v -0.437900 1.037292 0.630986
v -0.656431 0.820660 0.630986
v -0.440575 1.035524 0.625944
v -0.654640 0.823319 0.625945
v -0.662838 0.823227 0.627028
v -0.440411 1.043721 0.627028
v -0.440575 1.035524 0.625944
v -0.420406 1.005052 0.582720
v -0.415114 1.004183 0.583185
v -0.437900 1.037292 0.630986
v -0.420406 1.005052 0.582720
v -0.440575 1.035524 0.625944
v -0.440411 1.043721 0.627028
v -0.417144 1.007250 0.576130
v -0.420406 1.005052 0.582720
v -0.624345 0.802885 0.582720
v -0.623522 0.797586 0.583185
v -0.415114 1.004183 0.583185
v -0.624345 0.802885 0.582720
v -0.420406 1.005052 0.582720
v -0.417144 1.007250 0.576130
v -0.626571 0.799642 0.576130
v -0.624345 0.802885 0.582720
v -0.654640 0.823319 0.625945
v -0.656431 0.820660 0.630986
v -0.623522 0.797586 0.583185
v -0.654640 0.823319 0.625945
v -0.624345 0.802885 0.582720
v -0.626571 0.799642 0.576130
v -0.662838 0.823227 0.627028
v -0.161811 -0.398588 0.625945
v -0.439783 -0.282025 0.625945
v -0.443645 -0.279417 0.630986
v -0.157881 -0.398997 0.630323
v -0.439783 -0.282025 0.625945
v -0.161811 -0.398588 0.625945
v -0.159378 -0.406355 0.627692
v -0.446212 -0.285824 0.627028
v -0.439783 -0.282025 0.625945
v -0.419349 -0.251730 0.582720
v -0.420571 -0.246508 0.583185
v -0.443645 -0.279417 0.630986
v -0.419349 -0.251730 0.582720
v -0.439783 -0.282025 0.625945
v -0.446212 -0.285824 0.627028
v -0.422628 -0.249557 0.576130
v -0.419349 -0.251730 0.582720
v -0.154526 -0.362779 0.582720
v -0.149945 -0.359991 0.583185
v -0.420571 -0.246508 0.583185
v -0.154526 -0.362779 0.582720
v -0.419349 -0.251730 0.582720
v -0.422628 -0.249557 0.576130
v -0.150678 -0.363595 0.576130
v -0.154526 -0.362779 0.582720
v -0.161811 -0.398588 0.625945
v -0.157881 -0.398997 0.630323
v -0.149945 -0.359991 0.583185
v -0.161811 -0.398588 0.625945
v -0.154526 -0.362779 0.582720
v -0.150678 -0.363595 0.576130
v -0.159378 -0.406355 0.627692
v 0.775602 0.215203 0.625945
v 0.659039 -0.062769 0.625945
v 0.656431 -0.066631 0.630986
v 0.776011 0.219133 0.630323
v 0.659039 -0.062769 0.625945
v 0.775602 0.215203 0.625945
v 0.783369 0.217636 0.627692
v 0.662838 -0.069198 0.627028
v 0.659039 -0.062769 0.625945
v 0.628744 -0.042335 0.582720
v 0.623522 -0.043557 0.583185
v 0.656431 -0.066631 0.630986
v 0.628744 -0.042335 0.582720
v 0.659039 -0.062769 0.625945
v 0.662838 -0.069198 0.627028
v 0.626571 -0.045613 0.576130
v 0.628744 -0.042335 0.582720
v 0.739793 0.222488 0.582720
v 0.737005 0.227069 0.583185
v 0.623522 -0.043557 0.583185
v 0.739793 0.222488 0.582720
v 0.628744 -0.042335 0.582720
v 0.626571 -0.045613 0.576130
v 0.740609 0.226336 0.576130
v 0.739793 0.222488 0.582720
v 0.775602 0.215203 0.625945
v 0.776011 0.219133 0.630323
v 0.737005 0.227069 0.583185
v 0.775602 0.215203 0.625945
v 0.739793 0.222488 0.582720
v 0.740609 0.226336 0.576130
v 0.783369 0.217636 0.627692
v -0.147315 1.155500 0.625944
v 0.154103 1.154185 0.625944
v 0.157881 1.153025 0.630322
v -0.151103 1.154374 0.630322
v 0.154103 1.154185 0.625944
v -0.147315 1.155500 0.625944
v -0.152536 1.161744 0.627691
v 0.159378 1.160383 0.627691
v 0.154103 1.154185 0.625944
v 0.146818 1.118376 0.582720
v 0.149945 1.114019 0.583185
v 0.157881 1.153025 0.630322
v 0.146818 1.118376 0.582720
v 0.154103 1.154185 0.625944
v 0.159378 1.160383 0.627691
v 0.150679 1.117624 0.576130
v 0.146818 1.118376 0.582720
v -0.140343 1.119629 0.582720
v -0.143508 1.115300 0.583185
v 0.149945 1.114019 0.583185
v -0.140343 1.119629 0.582720
v 0.146818 1.118376 0.582720
v 0.150679 1.117624 0.576130
v -0.144210 1.118911 0.576130
v -0.140343 1.119629 0.582720
v -0.147315 1.155500 0.625944
v -0.151103 1.154374 0.630322
v -0.143508 1.115300 0.583185
v -0.147315 1.155500 0.625944
v -0.140343 1.119629 0.582720
v -0.144210 1.118911 0.576130
v -0.152536 1.161744 0.627691
v -0.662851 -0.057001 0.625945
v -0.776984 0.221977 0.625945
v -0.777359 0.225911 0.630323
v -0.660277 -0.060886 0.630986
v -0.776984 0.221977 0.625945
v -0.662851 -0.057001 0.625945
v -0.666706 -0.063397 0.627028
v -0.784730 0.224478 0.627692
v -0.776984 0.221977 0.625945
v -0.741114 0.228950 0.582720
v -0.738285 0.233506 0.583185
v -0.777359 0.225911 0.630323
v -0.741114 0.228950 0.582720
v -0.776984 0.221977 0.625945
v -0.784730 0.224478 0.627692
v -0.741896 0.232804 0.576130
v -0.741114 0.228950 0.582720
v -0.632379 -0.036832 0.582720
v -0.627168 -0.038100 0.583185
v -0.738285 0.233506 0.583185
v -0.632379 -0.036832 0.582720
v -0.741114 0.228950 0.582720
v -0.741896 0.232804 0.576130
v -0.630236 -0.040130 0.576130
v -0.632379 -0.036832 0.582720
v -0.662851 -0.057001 0.625945
v -0.660277 -0.060886 0.630986
v -0.627168 -0.038100 0.583185
v -0.662851 -0.057001 0.625945
v -0.632379 -0.036832 0.582720
v -0.630236 -0.040130 0.576130
v -0.666706 -0.063397 0.627028
v 0.434015 -0.285837 0.625945
v 0.155037 -0.399970 0.625945
v 0.151103 -0.400345 0.630323
v 0.437900 -0.283263 0.630986
v 0.155037 -0.399970 0.625945
v 0.434015 -0.285837 0.625945
v 0.440412 -0.289692 0.627028
v 0.152536 -0.407716 0.627692
v 0.155037 -0.399970 0.625945
v 0.148065 -0.364099 0.582720
v 0.143508 -0.361271 0.583185
v 0.151103 -0.400345 0.630323
v 0.148065 -0.364099 0.582720
v 0.155037 -0.399970 0.625945
v 0.152536 -0.407716 0.627692
v 0.144210 -0.364882 0.576130
v 0.148065 -0.364099 0.582720
v 0.413846 -0.255365 0.582720
v 0.415114 -0.250154 0.583185
v 0.143508 -0.361271 0.583185
v 0.413846 -0.255365 0.582720
v 0.148065 -0.364099 0.582720
v 0.144210 -0.364882 0.576130
v 0.417144 -0.253221 0.576130
v 0.413846 -0.255365 0.582720
v 0.434015 -0.285837 0.625945
v 0.437900 -0.283263 0.630986
v 0.415114 -0.250154 0.583185
v 0.434015 -0.285837 0.625945
v 0.413846 -0.255365 0.582720
v 0.417144 -0.253221 0.576130
v 0.440412 -0.289692 0.627028
v 0.446305 1.031655 0.625944
v 0.658510 0.817589 0.625945
v 0.660277 0.814915 0.630986
v 0.443645 1.033446 0.630986
v 0.658510 0.817589 0.625945
v 0.446305 1.031655 0.625944
v 0.446213 1.039852 0.627028
v 0.666707 0.817426 0.627028
v 0.658510 0.817589 0.625945
v 0.628038 0.797420 0.582720
v 0.627168 0.792128 0.583185
v 0.660277 0.814915 0.630986
v 0.628038 0.797420 0.582720
v 0.658510 0.817589 0.625945
v 0.666707 0.817426 0.627028
v 0.630236 0.794158 0.576130
v 0.628038 0.797420 0.582720
v 0.425870 1.001360 0.582720
v 0.420571 1.000537 0.583185
v 0.627168 0.792128 0.583185
v 0.425870 1.001360 0.582720
v 0.628038 0.797420 0.582720
v 0.630236 0.794158 0.576130
v 0.422628 1.003586 0.576130
v 0.425870 1.001360 0.582720
v 0.446305 1.031655 0.625944
v 0.443645 1.033446 0.630986
v 0.420571 1.000537 0.583185
v 0.446305 1.031655 0.625944
v 0.425870 1.001360 0.582720
v 0.422628 1.003586 0.576130
v 0.446213 1.039852 0.627028
v -0.775602 0.538826 0.625945
v -0.659039 0.816798 0.625945
v -0.656431 0.820660 0.630986
v -0.776011 0.534896 0.630323
v -0.659039 0.816798 0.625945
v -0.775602 0.538826 0.625945
v -0.783369 0.536393 0.627692
v -0.662838 0.823227 0.627028
v -0.659039 0.816798 0.625945
v -0.628744 0.796364 0.582720
v -0.623522 0.797586 0.583185
v -0.656431 0.820660 0.630986
v -0.628744 0.796364 0.582720
v -0.659039 0.816798 0.625945
v -0.662838 0.823227 0.627028
v -0.626571 0.799642 0.576130
v -0.628744 0.796364 0.582720
v -0.739793 0.531541 0.582720
v -0.737005 0.526960 0.583185
v -0.623522 0.797586 0.583185
v -0.739793 0.531541 0.582720
v -0.628744 0.796364 0.582720
v -0.626571 0.799642 0.576130
v -0.740609 0.527693 0.576130
v -0.739793 0.531541 0.582720
v -0.775602 0.538826 0.625945
v -0.776011 0.534896 0.630323
v -0.737005 0.526960 0.583185
v -0.775602 0.538826 0.625945
v -0.739793 0.531541 0.582720
v -0.740609 0.527693 0.576130
v -0.783369 0.536393 0.627692
v 0.147315 -0.401471 0.625945
v -0.154103 -0.400156 0.625945
v -0.157881 -0.398997 0.630323
v 0.151103 -0.400345 0.630323
v -0.154103 -0.400156 0.625945
v 0.147315 -0.401471 0.625945
v 0.152536 -0.407716 0.627692
v -0.159378 -0.406355 0.627692
v -0.154103 -0.400156 0.625945
v -0.146818 -0.364347 0.582720
v -0.149945 -0.359991 0.583185
v -0.157881 -0.398997 0.630323
v -0.146818 -0.364347 0.582720
v -0.154103 -0.400156 0.625945
v -0.159378 -0.406355 0.627692
v -0.150678 -0.363595 0.576130
v -0.146818 -0.364347 0.582720
v 0.140343 -0.365600 0.582720
v 0.143508 -0.361271 0.583185
v -0.149945 -0.359991 0.583185
v 0.140343 -0.365600 0.582720
v -0.146818 -0.364347 0.582720
v -0.150678 -0.363595 0.576130
v 0.144210 -0.364882 0.576130
v 0.140343 -0.365600 0.582720
v 0.147315 -0.401471 0.625945
v 0.151103 -0.400345 0.630323
v 0.143508 -0.361271 0.583185
v 0.147315 -0.401471 0.625945
v 0.140343 -0.365600 0.582720
v 0.144210 -0.364882 0.576130
v 0.152536 -0.407716 0.627692
v -0.139029 1.113106 0.579657
v 0.145447 1.111864 0.579657
v 0.149945 1.114019 0.583185
v -0.143508 1.115300 0.583185
v 0.145447 1.111864 0.579657
v -0.139029 1.113106 0.579657
v -0.144210 1.118911 0.576130
v 0.150679 1.117624 0.576130
v 0.145447 1.111864 0.579657
v 0.139487 1.082572 0.579657
v 0.143256 1.081141 0.582656
v 0.149945 1.114019 0.583185
v 0.139487 1.082572 0.579657
v 0.145447 1.111864 0.579657
v 0.150679 1.117624 0.576130
v 0.142214 1.076018 0.576659
v 0.139487 1.082572 0.579657
v -0.133325 1.083762 0.579657
v -0.137106 1.082365 0.582656
v 0.143256 1.081141 0.582656
v -0.133325 1.083762 0.579657
v 0.139487 1.082572 0.579657
v 0.142214 1.076018 0.576659
v -0.136108 1.077232 0.576659
v -0.133325 1.083762 0.579657
v -0.139029 1.113106 0.579657
v -0.143508 1.115300 0.583185
v -0.137106 1.082365 0.582656
v -0.139029 1.113106 0.579657
v -0.133325 1.083762 0.579657
v -0.136108 1.077232 0.576659
v -0.144210 1.118911 0.576130
v 0.410136 -0.249841 0.579658
v 0.146839 -0.357559 0.579658
v 0.143508 -0.361271 0.583185
v 0.415114 -0.250154 0.583185
v 0.146839 -0.357559 0.579658
v 0.410136 -0.249841 0.579658
v 0.417144 -0.253221 0.576130
v 0.144210 -0.364882 0.576130
v 0.146839 -0.357559 0.579658
v 0.141136 -0.328215 0.579658
v 0.137106 -0.328336 0.582656
v 0.143508 -0.361271 0.583185
v 0.141136 -0.328215 0.579658
v 0.146839 -0.357559 0.579658
v 0.144210 -0.364882 0.576130
v 0.136109 -0.323203 0.576659
v 0.141136 -0.328215 0.579658
v 0.393637 -0.224914 0.579658
v 0.396595 -0.222176 0.582656
v 0.137106 -0.328336 0.582656
v 0.393637 -0.224914 0.579658
v 0.141136 -0.328215 0.579658
v 0.136109 -0.323203 0.576659
v 0.393710 -0.217816 0.576659
v 0.393637 -0.224914 0.579658
v 0.410136 -0.249841 0.579658
v 0.415114 -0.250154 0.583185
v 0.396595 -0.222176 0.582656
v 0.410136 -0.249841 0.579658
v 0.393637 -0.224914 0.579658
v 0.393710 -0.217816 0.576659
v 0.417144 -0.253221 0.576130
v 0.139029 -0.359077 0.579658
v -0.145447 -0.357836 0.579658
v -0.149945 -0.359991 0.583185
v 0.143508 -0.361271 0.583185
v -0.145447 -0.357836 0.579658
v 0.139029 -0.359077 0.579658
v 0.144210 -0.364882 0.576130
v -0.150678 -0.363595 0.576130
v -0.145447 -0.357836 0.579658
v -0.139487 -0.328543 0.579658
v -0.143256 -0.327113 0.582656
v -0.149945 -0.359991 0.583185
v -0.139487 -0.328543 0.579658
v -0.145447 -0.357836 0.579658
v -0.150678 -0.363595 0.576130
v -0.142213 -0.321989 0.576659
v -0.139487 -0.328543 0.579658
v 0.133325 -0.329734 0.579658
v 0.137106 -0.328336 0.582656
v -0.143256 -0.327113 0.582656
v 0.133325 -0.329734 0.579658
v -0.139487 -0.328543 0.579658
v -0.142213 -0.321989 0.576659
v 0.136109 -0.323203 0.576659
v 0.133325 -0.329734 0.579658
v 0.139029 -0.359077 0.579658
v 0.143508 -0.361271 0.583185
v 0.137106 -0.328336 0.582656
v 0.139029 -0.359077 0.579658
v 0.133325 -0.329734 0.579658
v 0.136109 -0.323203 0.576659
v 0.144210 -0.364882 0.576130
v -0.410136 1.003870 0.579657
v -0.146839 1.111588 0.579657
v -0.143508 1.115300 0.583185
v -0.415114 1.004183 0.583185
v -0.146839 1.111588 0.579657
v -0.410136 1.003870 0.579657
v -0.417144 1.007250 0.576130
v -0.144210 1.118911 0.576130
v -0.146839 1.111588 0.579657
v -0.141135 1.082244 0.579657
v -0.137106 1.082365 0.582656
v -0.143508 1.115300 0.583185
v -0.141135 1.082244 0.579657
v -0.146839 1.111588 0.579657
v -0.144210 1.118911 0.576130
v -0.136108 1.077232 0.576659
v -0.141135 1.082244 0.579657
v -0.393637 0.978943 0.579657
v -0.396595 0.976205 0.582656
v -0.137106 1.082365 0.582656
v -0.393637 0.978943 0.579657
v -0.141135 1.082244 0.579657
v -0.136108 1.077232 0.576659
v -0.393709 0.971845 0.576659
v -0.393637 0.978943 0.579657
v -0.410136 1.003870 0.579657
v -0.415114 1.004183 0.583185
v -0.396595 0.976205 0.582656
v -0.410136 1.003870 0.579657
v -0.393637 0.978943 0.579657
v -0.393709 0.971845 0.576659
v -0.417144 1.007250 0.576130
v 0.618803 -0.045172 0.579658
v 0.416771 -0.245450 0.579658
v 0.415114 -0.250154 0.583185
v 0.623522 -0.043557 0.583185
v 0.416771 -0.245450 0.579658
v 0.618803 -0.045172 0.579658
v 0.626571 -0.045613 0.576130
v 0.417144 -0.253221 0.576130
v 0.416771 -0.245450 0.579658
v 0.400272 -0.220523 0.579658
v 0.396595 -0.222176 0.582656
v 0.415114 -0.250154 0.583185
v 0.400272 -0.220523 0.579658
v 0.416771 -0.245450 0.579658
v 0.417144 -0.253221 0.576130
v 0.393710 -0.217816 0.576659
v 0.400272 -0.220523 0.579658
v 0.594021 -0.028457 0.579658
v 0.595706 -0.024795 0.582656
v 0.396595 -0.222176 0.582656
v 0.594021 -0.028457 0.579658
v 0.400272 -0.220523 0.579658
v 0.393710 -0.217816 0.576659
v 0.591372 -0.021871 0.576659
v 0.594021 -0.028457 0.579658
v 0.618803 -0.045172 0.579658
v 0.623522 -0.043557 0.583185
v 0.595706 -0.024795 0.582656
v 0.618803 -0.045172 0.579658
v 0.594021 -0.028457 0.579658
v 0.591372 -0.021871 0.576659
v 0.626571 -0.045613 0.576130
v -0.618803 0.799201 0.579657
v -0.416771 0.999479 0.579657
v -0.415114 1.004183 0.583185
v -0.623522 0.797586 0.583185
v -0.416771 0.999479 0.579657
v -0.618803 0.799201 0.579657
v -0.626571 0.799642 0.576130
v -0.417144 1.007250 0.576130
v -0.416771 0.999479 0.579657
v -0.400272 0.974552 0.579657
v -0.396595 0.976205 0.582656
v -0.415114 1.004183 0.583185
v -0.400272 0.974552 0.579657
v -0.416771 0.999479 0.579657
v -0.417144 1.007250 0.576130
v -0.393709 0.971845 0.576659
v -0.400272 0.974552 0.579657
v -0.594021 0.782486 0.579657
v -0.595706 0.778824 0.582656
v -0.396595 0.976205 0.582656
v -0.594021 0.782486 0.579657
v -0.400272 0.974552 0.579657
v -0.393709 0.971845 0.576659
v -0.591372 0.775900 0.576659
v -0.594021 0.782486 0.579657
v -0.618803 0.799201 0.579657
v -0.623522 0.797586 0.583185
v -0.595706 0.778824 0.582656
v -0.618803 0.799201 0.579657
v -0.594021 0.782486 0.579657
v -0.591372 0.775900 0.576659
v -0.626571 0.799642 0.576130
v 0.733264 0.223770 0.579657
v 0.623253 -0.038576 0.579658
v 0.623522 -0.043557 0.583185
v 0.737005 0.227069 0.583185
v 0.623253 -0.038576 0.579658
v 0.733264 0.223770 0.579657
v 0.740609 0.226336 0.576130
v 0.626571 -0.045613 0.576130
v 0.623253 -0.038576 0.579658
v 0.598471 -0.021860 0.579658
v 0.595706 -0.024795 0.582656
v 0.623522 -0.043557 0.583185
v 0.598471 -0.021860 0.579658
v 0.623253 -0.038576 0.579658
v 0.626571 -0.045613 0.576130
v 0.591372 -0.021871 0.576659
v 0.598471 -0.021860 0.579658
v 0.703971 0.229730 0.579657
v 0.704127 0.233758 0.582656
v 0.595706 -0.024795 0.582656
v 0.703971 0.229730 0.579657
v 0.598471 -0.021860 0.579658
v 0.591372 -0.021871 0.576659
v 0.699003 0.234801 0.576659
v 0.703971 0.229730 0.579657
v 0.733264 0.223770 0.579657
v 0.737005 0.227069 0.583185
v 0.704127 0.233758 0.582656
v 0.733264 0.223770 0.579657
v 0.703971 0.229730 0.579657
v 0.699003 0.234801 0.576659
v 0.740609 0.226336 0.576130
v -0.733264 0.530258 0.579657
v -0.623253 0.792605 0.579657
v -0.623522 0.797586 0.583185
v -0.737005 0.526960 0.583185
v -0.623253 0.792605 0.579657
v -0.733264 0.530258 0.579657
v -0.740609 0.527693 0.576130
v -0.626571 0.799642 0.576130
v -0.623253 0.792605 0.579657
v -0.598470 0.775889 0.579657
v -0.595706 0.778824 0.582656
v -0.623522 0.797586 0.583185
v -0.598470 0.775889 0.579657
v -0.623253 0.792605 0.579657
v -0.626571 0.799642 0.576130
v -0.591372 0.775900 0.576659
v -0.598470 0.775889 0.579657
v -0.703971 0.524299 0.579657
v -0.704127 0.520271 0.582656
v -0.595706 0.778824 0.582656
v -0.703971 0.524299 0.579657
v -0.598470 0.775889 0.579657
v -0.591372 0.775900 0.576659
v -0.699003 0.519228 0.576659
v -0.703971 0.524299 0.579657
v -0.733264 0.530258 0.579657
v -0.737005 0.526960 0.583185
v -0.704127 0.520271 0.582656
v -0.733264 0.530258 0.579657
v -0.703971 0.524299 0.579657
v -0.699003 0.519228 0.576659
v -0.740609 0.527693 0.576130
v 0.736091 0.516043 0.579657
v 0.734850 0.231567 0.579657
v 0.737005 0.227069 0.583185
v 0.738285 0.520523 0.583185
v 0.734850 0.231567 0.579657
v 0.736091 0.516043 0.579657
v 0.741896 0.521224 0.576130
v 0.740609 0.226336 0.576130
v 0.734850 0.231567 0.579657
v 0.705557 0.237527 0.579657
v 0.704127 0.233758 0.582656
v 0.737005 0.227069 0.583185
v 0.705557 0.237527 0.579657
v 0.734850 0.231567 0.579657
v 0.740609 0.226336 0.576130
v 0.699003 0.234801 0.576659
v 0.705557 0.237527 0.579657
v 0.706748 0.510340 0.579657
v 0.705350 0.514121 0.582656
v 0.704127 0.233758 0.582656
v 0.706748 0.510340 0.579657
v 0.705557 0.237527 0.579657
v 0.699003 0.234801 0.576659
v 0.700218 0.513123 0.576659
v 0.706748 0.510340 0.579657
v 0.736091 0.516043 0.579657
v 0.738285 0.520523 0.583185
v 0.705350 0.514121 0.582656
v 0.736091 0.516043 0.579657
v 0.706748 0.510340 0.579657
v 0.700218 0.513123 0.576659
v 0.741896 0.521224 0.576130
v -0.736091 0.237985 0.579657
v -0.734850 0.522462 0.579657
v -0.737005 0.526960 0.583185
v -0.738285 0.233506 0.583185
v -0.734850 0.522462 0.579657
v -0.736091 0.237985 0.579657
v -0.741896 0.232804 0.576130
v -0.740609 0.527693 0.576130
v -0.734850 0.522462 0.579657
v -0.705557 0.516502 0.579657
v -0.704127 0.520271 0.582656
v -0.737005 0.526960 0.583185
v -0.705557 0.516502 0.579657
v -0.734850 0.522462 0.579657
v -0.740609 0.527693 0.576130
v -0.699003 0.519228 0.576659
v -0.705557 0.516502 0.579657
v -0.706748 0.243689 0.579657
v -0.705350 0.239908 0.582656
v -0.704127 0.520271 0.582656
v -0.706748 0.243689 0.579657
v -0.705557 0.516502 0.579657
v -0.699003 0.519228 0.576659
v -0.700218 0.240906 0.576659
v -0.706748 0.243689 0.579657
v -0.736091 0.237985 0.579657
v -0.738285 0.233506 0.583185
v -0.705350 0.239908 0.582656
v -0.736091 0.237985 0.579657
v -0.706748 0.243689 0.579657
v -0.700218 0.240906 0.576659
v -0.741896 0.232804 0.576130
v 0.626855 0.787150 0.579657
v 0.734573 0.523854 0.579657
v 0.738285 0.520523 0.583185
v 0.627168 0.792128 0.583185
v 0.734573 0.523854 0.579657
v 0.626855 0.787150 0.579657
v 0.630236 0.794158 0.576130
v 0.741896 0.521224 0.576130
v 0.734573 0.523854 0.579657
v 0.705230 0.518150 0.579657
v 0.705350 0.514121 0.582656
v 0.738285 0.520523 0.583185
v 0.705230 0.518150 0.579657
v 0.734573 0.523854 0.579657
v 0.741896 0.521224 0.576130
v 0.700218 0.513123 0.576659
v 0.705230 0.518150 0.579657
v 0.601928 0.770652 0.579657
v 0.599190 0.773610 0.582656
v 0.705350 0.514121 0.582656
v 0.601928 0.770652 0.579657
v 0.705230 0.518150 0.579657
v 0.700218 0.513123 0.576659
v 0.594830 0.770724 0.576659
v 0.601928 0.770652 0.579657
v 0.626855 0.787150 0.579657
v 0.627168 0.792128 0.583185
v 0.599190 0.773610 0.582656
v 0.626855 0.787150 0.579657
v 0.601928 0.770652 0.579657
v 0.594830 0.770724 0.576659
v 0.630236 0.794158 0.576130
v -0.626855 -0.033122 0.579658
v -0.734573 0.230175 0.579657
v -0.738285 0.233506 0.583185
v -0.627168 -0.038100 0.583185
v -0.734573 0.230175 0.579657
v -0.626855 -0.033122 0.579658
v -0.630236 -0.040130 0.576130
v -0.741896 0.232804 0.576130
v -0.734573 0.230175 0.579657
v -0.705230 0.235879 0.579657
v -0.705350 0.239908 0.582656
v -0.738285 0.233506 0.583185
v -0.705230 0.235879 0.579657
v -0.734573 0.230175 0.579657
v -0.741896 0.232804 0.576130
v -0.700218 0.240906 0.576659
v -0.705230 0.235879 0.579657
v -0.601928 -0.016623 0.579658
v -0.599190 -0.019581 0.582656
v -0.705350 0.239908 0.582656
v -0.601928 -0.016623 0.579658
v -0.705230 0.235879 0.579657
v -0.700218 0.240906 0.576659
v -0.594830 -0.016695 0.576659
v -0.601928 -0.016623 0.579658
v -0.626855 -0.033122 0.579658
v -0.627168 -0.038100 0.583185
v -0.599190 -0.019581 0.582656
v -0.626855 -0.033122 0.579658
v -0.601928 -0.016623 0.579658
v -0.594830 -0.016695 0.576659
v -0.630236 -0.040130 0.576130
v 0.422187 0.995818 0.579657
v 0.622464 0.793785 0.579657
v 0.627168 0.792128 0.583185
v 0.420571 1.000537 0.583185
v 0.622464 0.793785 0.579657
v 0.422187 0.995818 0.579657
v 0.422628 1.003586 0.576130
v 0.630236 0.794158 0.576130
v 0.622464 0.793785 0.579657
v 0.597537 0.777286 0.579657
v 0.599190 0.773610 0.582656
v 0.627168 0.792128 0.583185
v 0.597537 0.777286 0.579657
v 0.622464 0.793785 0.579657
v 0.630236 0.794158 0.576130
v 0.594830 0.770724 0.576659
v 0.597537 0.777286 0.579657
v 0.405471 0.971036 0.579657
v 0.401809 0.972721 0.582656
v 0.599190 0.773610 0.582656
v 0.405471 0.971036 0.579657
v 0.597537 0.777286 0.579657
v 0.594830 0.770724 0.576659
v 0.398885 0.968386 0.576659
v 0.405471 0.971036 0.579657
v 0.422187 0.995818 0.579657
v 0.420571 1.000537 0.583185
v 0.401809 0.972721 0.582656
v 0.422187 0.995818 0.579657
v 0.405471 0.971036 0.579657
v 0.398885 0.968386 0.576659
v 0.422628 1.003586 0.576130
v -0.422187 -0.241789 0.579658
v -0.622464 -0.039757 0.579658
v -0.627168 -0.038100 0.583185
v -0.420571 -0.246508 0.583185
v -0.622464 -0.039757 0.579658
v -0.422187 -0.241789 0.579658
v -0.422628 -0.249557 0.576130
v -0.630236 -0.040130 0.576130
v -0.622464 -0.039757 0.579658
v -0.597537 -0.023258 0.579658
v -0.599190 -0.019581 0.582656
v -0.627168 -0.038100 0.583185
v -0.597537 -0.023258 0.579658
v -0.622464 -0.039757 0.579658
v -0.630236 -0.040130 0.576130
v -0.594830 -0.016695 0.576659
v -0.597537 -0.023258 0.579658
v -0.405471 -0.217007 0.579658
v -0.401809 -0.218692 0.582656
v -0.599190 -0.019581 0.582656
v -0.405471 -0.217007 0.579658
v -0.597537 -0.023258 0.579658
v -0.594830 -0.016695 0.576659
v -0.398885 -0.214358 0.576659
v -0.405471 -0.217007 0.579658
v -0.422187 -0.241789 0.579658
v -0.420571 -0.246508 0.583185
v -0.401809 -0.218692 0.582656
v -0.422187 -0.241789 0.579658
v -0.405471 -0.217007 0.579658
v -0.398885 -0.214358 0.576659
v -0.422628 -0.249557 0.576130
v 0.153244 1.110278 0.579657
v 0.415590 1.000267 0.579657
v 0.420571 1.000537 0.583185
v 0.149945 1.114019 0.583185
v 0.415590 1.000267 0.579657
v 0.153244 1.110278 0.579657
v 0.150679 1.117624 0.576130
v 0.422628 1.003586 0.576130
v 0.415590 1.000267 0.579657
v 0.398875 0.975485 0.579657
v 0.401809 0.972721 0.582656
v 0.420571 1.000537 0.583185
v 0.398875 0.975485 0.579657
v 0.415590 1.000267 0.579657
v 0.422628 1.003586 0.576130
v 0.398885 0.968386 0.576659
v 0.398875 0.975485 0.579657
v 0.147284 1.080986 0.579657
v 0.143256 1.081141 0.582656
v 0.401809 0.972721 0.582656
v 0.147284 1.080986 0.579657
v 0.398875 0.975485 0.579657
v 0.398885 0.968386 0.576659
v 0.142214 1.076018 0.576659
v 0.147284 1.080986 0.579657
v 0.153244 1.110278 0.579657
v 0.149945 1.114019 0.583185
v 0.143256 1.081141 0.582656
v 0.153244 1.110278 0.579657
v 0.147284 1.080986 0.579657
v 0.142214 1.076018 0.576659
v 0.150679 1.117624 0.576130
v -0.153244 -0.356249 0.579658
v -0.415590 -0.246238 0.579658
v -0.420571 -0.246508 0.583185
v -0.149945 -0.359991 0.583185
v -0.415590 -0.246238 0.579658
v -0.153244 -0.356249 0.579658
v -0.150678 -0.363595 0.576130
v -0.422628 -0.249557 0.576130
v -0.415590 -0.246238 0.579658
v -0.398874 -0.221456 0.579658
v -0.401809 -0.218692 0.582656
v -0.420571 -0.246508 0.583185
v -0.398874 -0.221456 0.579658
v -0.415590 -0.246238 0.579658
v -0.422628 -0.249557 0.576130
v -0.398885 -0.214358 0.576659
v -0.398874 -0.221456 0.579658
v -0.147284 -0.326957 0.579658
v -0.143256 -0.327113 0.582656
v -0.401809 -0.218692 0.582656
v -0.147284 -0.326957 0.579658
v -0.398874 -0.221456 0.579658
v -0.398885 -0.214358 0.576659
v -0.142213 -0.321989 0.576659
v -0.147284 -0.326957 0.579658
v -0.153244 -0.356249 0.579658
v -0.149945 -0.359991 0.583185
v -0.143256 -0.327113 0.582656
v -0.153244 -0.356249 0.579658
v -0.147284 -0.326957 0.579658
v -0.142213 -0.321989 0.576659
v -0.150678 -0.363595 0.576130
v -0.598516 -0.014456 0.583636
v -0.701277 0.236725 0.583636
v -0.705350 0.239908 0.582656
v -0.599190 -0.019581 0.582656
v -0.701277 0.236725 0.583636
v -0.598516 -0.014456 0.583636
v -0.594830 -0.016695 0.576659
v -0.700218 0.240906 0.576659
v -0.701277 0.236725 0.583636
v -0.701277 0.236725 0.738178
v -0.706689 0.239648 0.742156
v -0.705350 0.239908 0.582656
v -0.701277 0.236725 0.738178
v -0.701277 0.236725 0.583636
v -0.700218 0.240906 0.576659
v -0.698879 0.241166 0.742156
v -0.701277 0.236725 0.738178
v -0.598516 -0.014456 0.738178
v -0.600327 -0.020334 0.742156
v -0.706689 0.239648 0.742156
v -0.598516 -0.014456 0.738178
v -0.701277 0.236725 0.738178
v -0.698879 0.241166 0.742156
v -0.593693 -0.015942 0.742156
v -0.598516 -0.014456 0.738178
v -0.598516 -0.014456 0.583636
v -0.599190 -0.019581 0.582656
v -0.600327 -0.020334 0.742156
v -0.598516 -0.014456 0.583636
v -0.598516 -0.014456 0.738178
v -0.593693 -0.015942 0.742156
v -0.594830 -0.016695 0.576659
v 0.403148 0.967728 0.583636
v 0.594209 0.774992 0.583636
v 0.599190 0.773610 0.582656
v 0.401809 0.972721 0.582656
v 0.594209 0.774992 0.583636
v 0.403148 0.967728 0.583636
v 0.398885 0.968386 0.576659
v 0.594830 0.770724 0.576659
v 0.594209 0.774992 0.583636
v 0.594209 0.774992 0.738178
v 0.600328 0.774363 0.742156
v 0.599190 0.773610 0.582656
v 0.594209 0.774992 0.738178
v 0.594209 0.774992 0.583636
v 0.594830 0.770724 0.576659
v 0.593693 0.769971 0.742156
v 0.594209 0.774992 0.738178
v 0.403148 0.967728 0.738177
v 0.402572 0.973852 0.742156
v 0.600328 0.774363 0.742156
v 0.403148 0.967728 0.738177
v 0.594209 0.774992 0.738178
v 0.593693 0.769971 0.742156
v 0.398123 0.967256 0.742156
v 0.403148 0.967728 0.738177
v 0.403148 0.967728 0.583636
v 0.401809 0.972721 0.582656
v 0.402572 0.973852 0.742156
v 0.403148 0.967728 0.583636
v 0.403148 0.967728 0.738177
v 0.398123 0.967256 0.742156
v 0.398885 0.968386 0.576659
v -0.403148 -0.213700 0.583636
v -0.594209 -0.020964 0.583636
v -0.599190 -0.019581 0.582656
v -0.401809 -0.218692 0.582656
v -0.594209 -0.020964 0.583636
v -0.403148 -0.213700 0.583636
v -0.398885 -0.214358 0.576659
v -0.594830 -0.016695 0.576659
v -0.594209 -0.020964 0.583636
v -0.594209 -0.020963 0.738178
v -0.600327 -0.020334 0.742156
v -0.599190 -0.019581 0.582656
v -0.594209 -0.020963 0.738178
v -0.594209 -0.020964 0.583636
v -0.594830 -0.016695 0.576659
v -0.593693 -0.015942 0.742156
v -0.594209 -0.020963 0.738178
v -0.403148 -0.213700 0.738178
v -0.402571 -0.219823 0.742156
v -0.600327 -0.020334 0.742156
v -0.403148 -0.213700 0.738178
v -0.594209 -0.020963 0.738178
v -0.593693 -0.015942 0.742156
v -0.398122 -0.213227 0.742156
v -0.403148 -0.213700 0.738178
v -0.403148 -0.213700 0.583636
v -0.401809 -0.218692 0.582656
v -0.402571 -0.219823 0.742156
v -0.403148 -0.213700 0.583636
v -0.403148 -0.213700 0.738178
v -0.398122 -0.213227 0.742156
v -0.398885 -0.214358 0.576659
v 0.146404 1.077041 0.583636
v 0.396678 0.972092 0.583636
v 0.401809 0.972721 0.582656
v 0.143256 1.081141 0.582656
v 0.396678 0.972092 0.583636
v 0.146404 1.077041 0.583636
v 0.142214 1.076018 0.576659
v 0.398885 0.968386 0.576659
v 0.396678 0.972092 0.583636
v 0.396678 0.972092 0.738177
v 0.402572 0.973852 0.742156
v 0.401809 0.972721 0.582656
v 0.396678 0.972092 0.738177
v 0.396678 0.972092 0.583636
v 0.398885 0.968386 0.576659
v 0.398123 0.967256 0.742156
v 0.396678 0.972092 0.738177
v 0.146404 1.077041 0.738177
v 0.143528 1.082478 0.742156
v 0.402572 0.973852 0.742156
v 0.146404 1.077041 0.738177
v 0.396678 0.972092 0.738177
v 0.398123 0.967256 0.742156
v 0.141942 1.074681 0.742156
v 0.146404 1.077041 0.738177
v 0.146404 1.077041 0.583636
v 0.143256 1.081141 0.582656
v 0.143528 1.082478 0.742156
v 0.146404 1.077041 0.583636
v 0.146404 1.077041 0.738177
v 0.141942 1.074681 0.742156
v 0.142214 1.076018 0.576659
v -0.146403 -0.323012 0.583636
v -0.396678 -0.218063 0.583636
v -0.401809 -0.218692 0.582656
v -0.143256 -0.327113 0.582656
v -0.396678 -0.218063 0.583636
v -0.146403 -0.323012 0.583636
v -0.142213 -0.321989 0.576659
v -0.398885 -0.214358 0.576659
v -0.396678 -0.218063 0.583636
v -0.396678 -0.218063 0.738178
v -0.402571 -0.219823 0.742156
v -0.401809 -0.218692 0.582656
v -0.396678 -0.218063 0.738178
v -0.396678 -0.218063 0.583636
v -0.398885 -0.214358 0.576659
v -0.398122 -0.213227 0.742156
v -0.396678 -0.218063 0.738178
v -0.146403 -0.323012 0.738178
v -0.143528 -0.328449 0.742156
v -0.402571 -0.219823 0.742156
v -0.146403 -0.323012 0.738178
v -0.396678 -0.218063 0.738178
v -0.398122 -0.213227 0.742156
v -0.141941 -0.320652 0.742156
v -0.146403 -0.323012 0.738178
v -0.146403 -0.323012 0.583636
v -0.143256 -0.327113 0.582656
v -0.143528 -0.328449 0.742156
v -0.146403 -0.323012 0.583636
v -0.146403 -0.323012 0.738178
v -0.141941 -0.320652 0.742156
v -0.142213 -0.321989 0.576659
v -0.132629 1.079781 0.583636
v 0.138757 1.078597 0.583636
v 0.143256 1.081141 0.582656
v -0.137106 1.082365 0.582656
v 0.138757 1.078597 0.583636
v -0.132629 1.079781 0.583636
v -0.136108 1.077232 0.576659
v 0.142214 1.076018 0.576659
v 0.138757 1.078597 0.583636
v 0.138757 1.078597 0.738177
v 0.143528 1.082478 0.742156
v 0.143256 1.081141 0.582656
v 0.138757 1.078597 0.738177
v 0.138757 1.078597 0.583636
v 0.142214 1.076018 0.576659
v 0.141942 1.074681 0.742156
v 0.138757 1.078597 0.738177
v -0.132629 1.079781 0.738177
v -0.137366 1.083704 0.742156
v 0.143528 1.082478 0.742156
v -0.132629 1.079781 0.738177
v 0.138757 1.078597 0.738177
v 0.141942 1.074681 0.742156
v -0.135848 1.075893 0.742156
v -0.132629 1.079781 0.738177
v -0.132629 1.079781 0.583636
v -0.137106 1.082365 0.582656
v -0.137366 1.083704 0.742156
v -0.132629 1.079781 0.583636
v -0.132629 1.079781 0.738177
v -0.135848 1.075893 0.742156
v -0.136108 1.077232 0.576659
v 0.391470 -0.221502 0.583636
v 0.140289 -0.324263 0.583636
v 0.137106 -0.328336 0.582656
v 0.396595 -0.222176 0.582656
v 0.140289 -0.324263 0.583636
v 0.391470 -0.221502 0.583636
v 0.393710 -0.217816 0.576659
v 0.136109 -0.323203 0.576659
v 0.140289 -0.324263 0.583636
v 0.140289 -0.324263 0.738178
v 0.137366 -0.329675 0.742156
v 0.137106 -0.328336 0.582656
v 0.140289 -0.324263 0.738178
v 0.140289 -0.324263 0.583636
v 0.136109 -0.323203 0.576659
v 0.135848 -0.321864 0.742156
v 0.140289 -0.324263 0.738178
v 0.391470 -0.221502 0.738178
v 0.397348 -0.223313 0.742156
v 0.137366 -0.329675 0.742156
v 0.391470 -0.221502 0.738178
v 0.140289 -0.324263 0.738178
v 0.135848 -0.321864 0.742156
v 0.392957 -0.216678 0.742156
v 0.391470 -0.221502 0.738178
v 0.391470 -0.221502 0.583636
v 0.396595 -0.222176 0.582656
v 0.397348 -0.223313 0.742156
v 0.391470 -0.221502 0.583636
v 0.391470 -0.221502 0.738178
v 0.392957 -0.216678 0.742156
v 0.393710 -0.217816 0.576659
v 0.132629 -0.325752 0.583636
v -0.138756 -0.324568 0.583636
v -0.143256 -0.327113 0.582656
v 0.137106 -0.328336 0.582656
v -0.138756 -0.324568 0.583636
v 0.132629 -0.325752 0.583636
v 0.136109 -0.323203 0.576659
v -0.142213 -0.321989 0.576659
v -0.138756 -0.324568 0.583636
v -0.138756 -0.324568 0.738178
v -0.143528 -0.328449 0.742156
v -0.143256 -0.327113 0.582656
v -0.138756 -0.324568 0.738178
v -0.138756 -0.324568 0.583636
v -0.142213 -0.321989 0.576659
v -0.141941 -0.320652 0.742156
v -0.138756 -0.324568 0.738178
v 0.132629 -0.325752 0.738178
v 0.137366 -0.329675 0.742156
v -0.143528 -0.328449 0.742156
v 0.132629 -0.325752 0.738178
v -0.138756 -0.324568 0.738178
v -0.141941 -0.320652 0.742156
v 0.135848 -0.321864 0.742156
v 0.132629 -0.325752 0.738178
v 0.132629 -0.325752 0.583636
v 0.137106 -0.328336 0.582656
v 0.137366 -0.329675 0.742156
v 0.132629 -0.325752 0.583636
v 0.132629 -0.325752 0.738178
v 0.135848 -0.321864 0.742156
v 0.136109 -0.323203 0.576659
v -0.391470 0.975531 0.583636
v -0.140289 1.078292 0.583636
v -0.137106 1.082365 0.582656
v -0.396595 0.976205 0.582656
v -0.140289 1.078292 0.583636
v -0.391470 0.975531 0.583636
v -0.393709 0.971845 0.576659
v -0.136108 1.077232 0.576659
v -0.140289 1.078292 0.583636
v -0.140289 1.078292 0.738177
v -0.137366 1.083704 0.742156
v -0.137106 1.082365 0.582656
v -0.140289 1.078292 0.738177
v -0.140289 1.078292 0.583636
v -0.136108 1.077232 0.576659
v -0.135848 1.075893 0.742156
v -0.140289 1.078292 0.738177
v -0.391470 0.975531 0.738177
v -0.397348 0.977342 0.742156
v -0.137366 1.083704 0.742156
v -0.391470 0.975531 0.738177
v -0.140289 1.078292 0.738177
v -0.135848 1.075893 0.742156
v -0.392957 0.970707 0.742156
v -0.391470 0.975531 0.738177
v -0.391470 0.975531 0.583636
v -0.396595 0.976205 0.582656
v -0.397348 0.977342 0.742156
v -0.391470 0.975531 0.583636
v -0.391470 0.975531 0.738177
v -0.392957 0.970707 0.742156
v -0.393709 0.971845 0.576659
v 0.590714 -0.026134 0.583636
v 0.397978 -0.217195 0.583636
v 0.396595 -0.222176 0.582656
v 0.595706 -0.024795 0.582656
v 0.397978 -0.217195 0.583636
v 0.590714 -0.026134 0.583636
v 0.591372 -0.021871 0.576659
v 0.393710 -0.217816 0.576659
v 0.397978 -0.217195 0.583636
v 0.397978 -0.217195 0.738178
v 0.397348 -0.223313 0.742156
v 0.396595 -0.222176 0.582656
v 0.397978 -0.217195 0.738178
v 0.397978 -0.217195 0.583636
v 0.393710 -0.217816 0.576659
v 0.392957 -0.216678 0.742156
v 0.397978 -0.217195 0.738178
v 0.590714 -0.026134 0.738178
v 0.596837 -0.025557 0.742156
v 0.397348 -0.223313 0.742156
v 0.590714 -0.026134 0.738178
v 0.397978 -0.217195 0.738178
v 0.392957 -0.216678 0.742156
v 0.590241 -0.021108 0.742156
v 0.590714 -0.026134 0.738178
v 0.590714 -0.026134 0.583636
v 0.595706 -0.024795 0.582656
v 0.596837 -0.025557 0.742156
v 0.590714 -0.026134 0.583636
v 0.590714 -0.026134 0.738178
v 0.590241 -0.021108 0.742156
v 0.591372 -0.021871 0.576659
v -0.590714 0.780163 0.583636
v -0.397978 0.971224 0.583636
v -0.396595 0.976205 0.582656
v -0.595706 0.778824 0.582656
v -0.397978 0.971224 0.583636
v -0.590714 0.780163 0.583636
v -0.591372 0.775900 0.576659
v -0.393709 0.971845 0.576659
v -0.397978 0.971224 0.583636
v -0.397978 0.971224 0.738177
v -0.397348 0.977342 0.742156
v -0.396595 0.976205 0.582656
v -0.397978 0.971224 0.738177
v -0.397978 0.971224 0.583636
v -0.393709 0.971845 0.576659
v -0.392957 0.970707 0.742156
v -0.397978 0.971224 0.738177
v -0.590714 0.780163 0.738177
v -0.596837 0.779586 0.742156
v -0.397348 0.977342 0.742156
v -0.590714 0.780163 0.738177
v -0.397978 0.971224 0.738177
v -0.392957 0.970707 0.742156
v -0.590241 0.775137 0.742156
v -0.590714 0.780163 0.738177
v -0.590714 0.780163 0.583636
v -0.595706 0.778824 0.582656
v -0.596837 0.779586 0.742156
v -0.590714 0.780163 0.583636
v -0.590714 0.780163 0.738177
v -0.590241 0.775137 0.742156
v -0.591372 0.775900 0.576659
v 0.700026 0.230611 0.583636
v 0.595078 -0.019664 0.583636
v 0.595706 -0.024795 0.582656
v 0.704127 0.233758 0.582656
v 0.595078 -0.019664 0.583636
v 0.700026 0.230611 0.583636
v 0.699003 0.234801 0.576659
v 0.591372 -0.021871 0.576659
v 0.595078 -0.019664 0.583636
v 0.595078 -0.019664 0.738178
v 0.596837 -0.025557 0.742156
v 0.595706 -0.024795 0.582656
v 0.595078 -0.019664 0.738178
v 0.595078 -0.019664 0.583636
v 0.591372 -0.021871 0.576659
v 0.590241 -0.021108 0.742156
v 0.595078 -0.019664 0.738178
v 0.700026 0.230611 0.738178
v 0.705463 0.233486 0.742156
v 0.596837 -0.025557 0.742156
v 0.700026 0.230611 0.738178
v 0.595078 -0.019664 0.738178
v 0.590241 -0.021108 0.742156
v 0.697667 0.235073 0.742156
v 0.700026 0.230611 0.738178
v 0.700026 0.230611 0.583636
v 0.704127 0.233758 0.582656
v 0.705463 0.233486 0.742156
v 0.700026 0.230611 0.583636
v 0.700026 0.230611 0.738178
v 0.697667 0.235073 0.742156
v 0.699003 0.234801 0.576659
v -0.700026 0.523418 0.583636
v -0.595078 0.773693 0.583636
v -0.595706 0.778824 0.582656
v -0.704127 0.520271 0.582656
v -0.595078 0.773693 0.583636
v -0.700026 0.523418 0.583636
v -0.699003 0.519228 0.576659
v -0.591372 0.775900 0.576659
v -0.595078 0.773693 0.583636
v -0.595078 0.773693 0.738177
v -0.596837 0.779586 0.742156
v -0.595706 0.778824 0.582656
v -0.595078 0.773693 0.738177
v -0.595078 0.773693 0.583636
v -0.591372 0.775900 0.576659
v -0.590241 0.775137 0.742156
v -0.595078 0.773693 0.738177
v -0.700026 0.523418 0.738178
v -0.705463 0.520543 0.742156
v -0.596837 0.779586 0.742156
v -0.700026 0.523418 0.738178
v -0.595078 0.773693 0.738177
v -0.590241 0.775137 0.742156
v -0.697667 0.518956 0.742156
v -0.700026 0.523418 0.738178
v -0.700026 0.523418 0.583636
v -0.704127 0.520271 0.582656
v -0.705463 0.520543 0.742156
v -0.700026 0.523418 0.583636
v -0.700026 0.523418 0.738178
v -0.697667 0.518956 0.742156
v -0.699003 0.519228 0.576659
v 0.702766 0.509644 0.583636
v 0.701582 0.238258 0.583636
v 0.704127 0.233758 0.582656
v 0.705350 0.514121 0.582656
v 0.701582 0.238258 0.583636
v 0.702766 0.509644 0.583636
v 0.700218 0.513123 0.576659
v 0.699003 0.234801 0.576659
v 0.701582 0.238258 0.583636
v 0.701582 0.238258 0.738178
v 0.705463 0.233486 0.742156
v 0.704127 0.233758 0.582656
v 0.701582 0.238258 0.738178
v 0.701582 0.238258 0.583636
v 0.699003 0.234801 0.576659
v 0.697667 0.235073 0.742156
v 0.701582 0.238258 0.738178
v 0.702766 0.509644 0.738178
v 0.706689 0.514381 0.742156
v 0.705463 0.233486 0.742156
v 0.702766 0.509644 0.738178
v 0.701582 0.238258 0.738178
v 0.697667 0.235073 0.742156
v 0.698879 0.512863 0.742156
v 0.702766 0.509644 0.738178
v 0.702766 0.509644 0.583636
v 0.705350 0.514121 0.582656
v 0.706689 0.514381 0.742156
v 0.702766 0.509644 0.583636
v 0.702766 0.509644 0.738178
v 0.698879 0.512863 0.742156
v 0.700218 0.513123 0.576659
v -0.702766 0.244385 0.583636
v -0.701582 0.515771 0.583636
v -0.704127 0.520271 0.582656
v -0.705350 0.239908 0.582656
v -0.701582 0.515771 0.583636
v -0.702766 0.244385 0.583636
v -0.700218 0.240906 0.576659
v -0.699003 0.519228 0.576659
v -0.701582 0.515771 0.583636
v -0.701582 0.515771 0.738178
v -0.705463 0.520543 0.742156
v -0.704127 0.520271 0.582656
v -0.701582 0.515771 0.738178
v -0.701582 0.515771 0.583636
v -0.699003 0.519228 0.576659
v -0.697667 0.518956 0.742156
v -0.701582 0.515771 0.738178
v -0.702766 0.244385 0.738178
v -0.706689 0.239648 0.742156
v -0.705463 0.520543 0.742156
v -0.702766 0.244385 0.738178
v -0.701582 0.515771 0.738178
v -0.697667 0.518956 0.742156
v -0.698879 0.241166 0.742156
v -0.702766 0.244385 0.738178
v -0.702766 0.244385 0.583636
v -0.705350 0.239908 0.582656
v -0.706689 0.239648 0.742156
v -0.702766 0.244385 0.583636
v -0.702766 0.244385 0.738178
v -0.698879 0.241166 0.742156
v -0.700218 0.240906 0.576659
v 0.598517 0.768485 0.583636
v 0.701277 0.517304 0.583636
v 0.705350 0.514121 0.582656
v 0.599190 0.773610 0.582656
v 0.701277 0.517304 0.583636
v 0.598517 0.768485 0.583636
v 0.594830 0.770724 0.576659
v 0.700218 0.513123 0.576659
v 0.701277 0.517304 0.583636
v 0.701277 0.517304 0.738178
v 0.706689 0.514381 0.742156
v 0.705350 0.514121 0.582656
v 0.701277 0.517304 0.738178
v 0.701277 0.517304 0.583636
v 0.700218 0.513123 0.576659
v 0.698879 0.512863 0.742156
v 0.701277 0.517304 0.738178
v 0.598517 0.768485 0.738178
v 0.600328 0.774363 0.742156
v 0.706689 0.514381 0.742156
v 0.598517 0.768485 0.738178
v 0.701277 0.517304 0.738178
v 0.698879 0.512863 0.742156
v 0.593693 0.769971 0.742156
v 0.598517 0.768485 0.738178
v 0.598517 0.768485 0.583636
v 0.599190 0.773610 0.582656
v 0.600328 0.774363 0.742156
v 0.598517 0.768485 0.583636
v 0.598517 0.768485 0.738178
v 0.593693 0.769971 0.742156
v 0.594830 0.770724 0.576659
v -0.105653 0.941082 0.738591
v 0.110572 0.940138 0.738591
v 0.114216 0.938405 0.743949
v -0.109313 0.939381 0.743949
v 0.110572 0.940138 0.738591
v -0.105653 0.941082 0.738591
v -0.110668 0.946352 0.740362
v 0.115632 0.945365 0.740362
v 0.110572 0.940138 0.738591
v 0.104526 0.910426 0.678560
v 0.107727 0.906510 0.678324
v 0.114216 0.938405 0.743949
v 0.104526 0.910426 0.678560
v 0.110572 0.940138 0.738591
v 0.115632 0.945365 0.740362
v 0.108595 0.910778 0.671666
v 0.104526 0.910426 0.678560
v -0.099868 0.911318 0.678560
v -0.103102 0.907430 0.678324
v 0.107727 0.906510 0.678324
v -0.099868 0.911318 0.678560
v 0.104526 0.910426 0.678560
v 0.108595 0.910778 0.671666
v -0.103933 0.911705 0.671666
v -0.099868 0.911318 0.678560
v -0.105653 0.941082 0.738591
v -0.109313 0.939381 0.743949
v -0.103102 0.907430 0.678324
v -0.105653 0.941082 0.738591
v -0.099868 0.911318 0.678560
v -0.103933 0.911705 0.671666
v -0.110668 0.946352 0.740362
v 0.313470 -0.103684 0.738591
v 0.113343 -0.185558 0.738591
v 0.109313 -0.185352 0.743950
v 0.316200 -0.100712 0.743950
v 0.113343 -0.185558 0.738591
v 0.313470 -0.103684 0.738591
v 0.320120 -0.106634 0.740363
v 0.110668 -0.192323 0.740363
v 0.113343 -0.185558 0.738591
v 0.107558 -0.155794 0.678560
v 0.103102 -0.153401 0.678325
v 0.109313 -0.185352 0.743950
v 0.107558 -0.155794 0.678560
v 0.113343 -0.185558 0.738591
v 0.110668 -0.192323 0.740363
v 0.103933 -0.157676 0.671666
v 0.107558 -0.155794 0.678560
v 0.296735 -0.078400 0.678560
v 0.298235 -0.073570 0.678324
v 0.103102 -0.153401 0.678325
v 0.296735 -0.078400 0.678560
v 0.107558 -0.155794 0.678560
v 0.103933 -0.157676 0.671666
v 0.300639 -0.077202 0.671666
v 0.296735 -0.078400 0.678560
v 0.313470 -0.103684 0.738591
v 0.316200 -0.100712 0.743950
v 0.298235 -0.073570 0.678324
v 0.313470 -0.103684 0.738591
v 0.296735 -0.078400 0.678560
v 0.300639 -0.077202 0.671666
v 0.320120 -0.106634 0.740363
v 0.105653 -0.187053 0.738591
v -0.110571 -0.186109 0.738591
v -0.114216 -0.184377 0.743950
v 0.109313 -0.185352 0.743950
v -0.110571 -0.186109 0.738591
v 0.105653 -0.187053 0.738591
v 0.110668 -0.192323 0.740363
v -0.115632 -0.191336 0.740363
v -0.110571 -0.186109 0.738591
v -0.104526 -0.156397 0.678560
v -0.107727 -0.152481 0.678325
v -0.114216 -0.184377 0.743950
v -0.104526 -0.156397 0.678560
v -0.110571 -0.186109 0.738591
v -0.115632 -0.191336 0.740363
v -0.108595 -0.156749 0.671666
v -0.104526 -0.156397 0.678560
v 0.099868 -0.157289 0.678560
v 0.103102 -0.153401 0.678325
v -0.107727 -0.152481 0.678325
v 0.099868 -0.157289 0.678560
v -0.104526 -0.156397 0.678560
v -0.108595 -0.156749 0.671666
v 0.103933 -0.157676 0.671666
v 0.099868 -0.157289 0.678560
v 0.105653 -0.187053 0.738591
v 0.109313 -0.185352 0.743950
v 0.103102 -0.153401 0.678325
v 0.105653 -0.187053 0.738591
v 0.099868 -0.157289 0.678560
v 0.103933 -0.157676 0.671666
v 0.110668 -0.192323 0.740363
v -0.313470 0.857713 0.738591
v -0.113343 0.939587 0.738591
v -0.109313 0.939381 0.743949
v -0.316200 0.854741 0.743949
v -0.113343 0.939587 0.738591
v -0.313470 0.857713 0.738591
v -0.320120 0.860663 0.740362
v -0.110668 0.946352 0.740362
v -0.113343 0.939587 0.738591
v -0.107558 0.909823 0.678560
v -0.103102 0.907430 0.678324
v -0.109313 0.939381 0.743949
v -0.107558 0.909823 0.678560
v -0.113343 0.939587 0.738591
v -0.110668 0.946352 0.740362
v -0.103933 0.911705 0.671666
v -0.107558 0.909823 0.678560
v -0.296734 0.832428 0.678560
v -0.298235 0.827599 0.678324
v -0.103102 0.907430 0.678324
v -0.296734 0.832428 0.678560
v -0.107558 0.909823 0.678560
v -0.103933 0.911705 0.671666
v -0.300639 0.831231 0.671666
v -0.296734 0.832428 0.678560
v -0.313470 0.857713 0.738591
v -0.316200 0.854741 0.743949
v -0.298235 0.827599 0.678324
v -0.313470 0.857713 0.738591
v -0.296734 0.832428 0.678560
v -0.300639 0.831231 0.671666
v -0.320120 0.860663 0.740362
v 0.473564 0.052867 0.738591
v 0.320003 -0.099360 0.738591
v 0.316200 -0.100712 0.743950
v 0.474949 0.056657 0.743950
v 0.320003 -0.099360 0.738591
v 0.473564 0.052867 0.738591
v 0.480837 0.052686 0.740363
v 0.320120 -0.106634 0.740363
v 0.320003 -0.099360 0.738591
v 0.303267 -0.074076 0.678560
v 0.298235 -0.073570 0.678324
v 0.316200 -0.100712 0.743950
v 0.303267 -0.074076 0.678560
v 0.320003 -0.099360 0.738591
v 0.320120 -0.106634 0.740363
v 0.300639 -0.077202 0.671666
v 0.303267 -0.074076 0.678560
v 0.448426 0.069822 0.678560
v 0.447965 0.074859 0.678324
v 0.298235 -0.073570 0.678324
v 0.448426 0.069822 0.678560
v 0.303267 -0.074076 0.678560
v 0.300639 -0.077202 0.671666
v 0.451575 0.072423 0.671666
v 0.448426 0.069822 0.678560
v 0.473564 0.052867 0.738591
v 0.474949 0.056657 0.743950
v 0.447965 0.074859 0.678324
v 0.473564 0.052867 0.738591
v 0.448426 0.069822 0.678560
v 0.451575 0.072423 0.671666
v 0.480837 0.052686 0.740363
v -0.473564 0.701162 0.738591
v -0.320003 0.853389 0.738591
v -0.316200 0.854741 0.743949
v -0.474949 0.697372 0.743949
v -0.320003 0.853389 0.738591
v -0.473564 0.701162 0.738591
v -0.480837 0.701343 0.740362
v -0.320120 0.860663 0.740362
v -0.320003 0.853389 0.738591
v -0.303267 0.828105 0.678560
v -0.298235 0.827599 0.678324
v -0.316200 0.854741 0.743949
v -0.303267 0.828105 0.678560
v -0.320003 0.853389 0.738591
v -0.320120 0.860663 0.740362
v -0.300639 0.831231 0.671666
v -0.303267 0.828105 0.678560
v -0.448426 0.684207 0.678560
v -0.447964 0.679170 0.678324
v -0.298235 0.827599 0.678324
v -0.448426 0.684207 0.678560
v -0.303267 0.828105 0.678560
v -0.300639 0.831231 0.671666
v -0.451575 0.681606 0.671666
v -0.448426 0.684207 0.678560
v -0.473564 0.701162 0.738591
v -0.474949 0.697372 0.743949
v -0.447964 0.679170 0.678324
v -0.473564 0.701162 0.738591
v -0.448426 0.684207 0.678560
v -0.451575 0.681606 0.671666
v -0.480837 0.701343 0.740362
v 0.561562 0.258766 0.738591
v 0.477944 0.059362 0.738591
v 0.474949 0.056657 0.743950
v 0.561391 0.262798 0.743949
v 0.477944 0.059362 0.738591
v 0.561562 0.258766 0.738591
v 0.568350 0.261382 0.740362
v 0.480837 0.052686 0.740363
v 0.477944 0.059362 0.738591
v 0.452807 0.076317 0.678560
v 0.447965 0.074859 0.678324
v 0.474949 0.056657 0.743950
v 0.452807 0.076317 0.678560
v 0.477944 0.059362 0.738591
v 0.480837 0.052686 0.740363
v 0.451575 0.072423 0.671666
v 0.452807 0.076317 0.678560
v 0.531849 0.264811 0.678560
v 0.529495 0.269287 0.678324
v 0.447965 0.074859 0.678324
v 0.531849 0.264811 0.678560
v 0.452807 0.076317 0.678560
v 0.451575 0.072423 0.671666
v 0.533763 0.268419 0.671666
v 0.531849 0.264811 0.678560
v 0.561562 0.258766 0.738591
v 0.561391 0.262798 0.743949
v 0.529495 0.269287 0.678324
v 0.561562 0.258766 0.738591
v 0.531849 0.264811 0.678560
v 0.533763 0.268419 0.671666
v 0.568350 0.261382 0.740362
v -0.561562 0.495263 0.738591
v -0.477944 0.694667 0.738591
v -0.474949 0.697372 0.743949
v -0.561391 0.491231 0.743949
v -0.477944 0.694667 0.738591
v -0.561562 0.495263 0.738591
v -0.568350 0.492647 0.740362
v -0.480837 0.701343 0.740362
v -0.477944 0.694667 0.738591
v -0.452807 0.677712 0.678560
v -0.447964 0.679170 0.678324
v -0.474949 0.697372 0.743949
v -0.452807 0.677712 0.678560
v -0.477944 0.694667 0.738591
v -0.480837 0.701343 0.740362
v -0.451575 0.681606 0.671666
v -0.452807 0.677712 0.678560
v -0.531849 0.489218 0.678560
v -0.529495 0.484742 0.678324
v -0.447964 0.679170 0.678324
v -0.531849 0.489218 0.678560
v -0.452807 0.677712 0.678560
v -0.451575 0.681606 0.671666
v -0.533763 0.485610 0.671666
v -0.531849 0.489218 0.678560
v -0.561562 0.495263 0.738591
v -0.561391 0.491231 0.743949
v -0.529495 0.484742 0.678324
v -0.561562 0.495263 0.738591
v -0.531849 0.489218 0.678560
v -0.533763 0.485610 0.671666
v -0.568350 0.492647 0.740362
v 0.564067 0.482668 0.738591
v 0.563124 0.266443 0.738591
v 0.561391 0.262798 0.743949
v 0.562366 0.486327 0.743949
v 0.563124 0.266443 0.738591
v 0.564067 0.482668 0.738591
v 0.569338 0.487683 0.740362
v 0.568350 0.261382 0.740362
v 0.563124 0.266443 0.738591
v 0.533411 0.272488 0.678560
v 0.529495 0.269287 0.678324
v 0.561391 0.262798 0.743949
v 0.533411 0.272488 0.678560
v 0.563124 0.266443 0.738591
v 0.568350 0.261382 0.740362
v 0.533763 0.268419 0.671666
v 0.533411 0.272488 0.678560
v 0.534303 0.476882 0.678560
v 0.530415 0.480117 0.678324
v 0.529495 0.269287 0.678324
v 0.534303 0.476882 0.678560
v 0.533411 0.272488 0.678560
v 0.533763 0.268419 0.671666
v 0.534691 0.480948 0.671666
v 0.534303 0.476882 0.678560
v 0.564067 0.482668 0.738591
v 0.562366 0.486327 0.743949
v 0.530415 0.480117 0.678324
v 0.564067 0.482668 0.738591
v 0.534303 0.476882 0.678560
v 0.534691 0.480948 0.671666
v 0.569338 0.487683 0.740362
v -0.564067 0.271361 0.738591
v -0.563124 0.487586 0.738591
v -0.561391 0.491231 0.743949
v -0.562366 0.267701 0.743949
v -0.563124 0.487586 0.738591
v -0.564067 0.271361 0.738591
v -0.569338 0.266346 0.740362
v -0.568350 0.492647 0.740362
v -0.563124 0.487586 0.738591
v -0.533411 0.481541 0.678560
v -0.529495 0.484742 0.678324
v -0.561391 0.491231 0.743949
v -0.533411 0.481541 0.678560
v -0.563124 0.487586 0.738591
v -0.568350 0.492647 0.740362
v -0.533763 0.485610 0.671666
v -0.533411 0.481541 0.678560
v -0.534303 0.277147 0.678560
v -0.530415 0.273912 0.678324
v -0.529495 0.484742 0.678324
v -0.534303 0.277147 0.678560
v -0.533411 0.481541 0.678560
v -0.533763 0.485610 0.671666
v -0.534691 0.273081 0.671666
v -0.534303 0.277147 0.678560
v -0.564067 0.271361 0.738591
v -0.562366 0.267701 0.743949
v -0.530415 0.273912 0.678324
v -0.564067 0.271361 0.738591
v -0.534303 0.277147 0.678560
v -0.534691 0.273081 0.671666
v -0.569338 0.266346 0.740362
v 0.480698 0.690484 0.738591
v 0.562572 0.490358 0.738591
v 0.562366 0.486327 0.743949
v 0.477726 0.693215 0.743949
v 0.562572 0.490358 0.738591
v 0.480698 0.690484 0.738591
v 0.483649 0.697135 0.740362
v 0.569338 0.487683 0.740362
v 0.562572 0.490358 0.738591
v 0.532808 0.484572 0.678560
v 0.530415 0.480117 0.678324
v 0.562366 0.486327 0.743949
v 0.532808 0.484572 0.678560
v 0.562572 0.490358 0.738591
v 0.569338 0.487683 0.740362
v 0.534691 0.480948 0.671666
v 0.532808 0.484572 0.678560
v 0.455414 0.673749 0.678560
v 0.450584 0.675250 0.678324
v 0.530415 0.480117 0.678324
v 0.455414 0.673749 0.678560
v 0.532808 0.484572 0.678560
v 0.534691 0.480948 0.671666
v 0.454216 0.677654 0.671666
v 0.455414 0.673749 0.678560
v 0.480698 0.690484 0.738591
v 0.477726 0.693215 0.743949
v 0.450584 0.675250 0.678324
v 0.480698 0.690484 0.738591
v 0.455414 0.673749 0.678560
v 0.454216 0.677654 0.671666
v 0.483649 0.697135 0.740362
v -0.480698 0.063544 0.738591
v -0.562572 0.263671 0.738591
v -0.562366 0.267701 0.743949
v -0.477726 0.060814 0.743950
v -0.562572 0.263671 0.738591
v -0.480698 0.063544 0.738591
v -0.483649 0.056894 0.740363
v -0.569338 0.266346 0.740362
v -0.562572 0.263671 0.738591
v -0.532808 0.269457 0.678560
v -0.530415 0.273912 0.678324
v -0.562366 0.267701 0.743949
v -0.532808 0.269457 0.678560
v -0.562572 0.263671 0.738591
v -0.569338 0.266346 0.740362
v -0.534691 0.273081 0.671666
v -0.532808 0.269457 0.678560
v -0.455414 0.080280 0.678560
v -0.450584 0.078779 0.678324
v -0.530415 0.273912 0.678324
v -0.455414 0.080280 0.678560
v -0.532808 0.269457 0.678560
v -0.534691 0.273081 0.671666
v -0.454216 0.076375 0.671666
v -0.455414 0.080280 0.678560
v -0.480698 0.063544 0.738591
v -0.477726 0.060814 0.743950
v -0.450584 0.078779 0.678324
v -0.480698 0.063544 0.738591
v -0.455414 0.080280 0.678560
v -0.454216 0.076375 0.671666
v -0.483649 0.056894 0.740363
v 0.324148 0.850578 0.738591
v 0.476374 0.697017 0.738591
v 0.477726 0.693215 0.743949
v 0.320357 0.851963 0.743949
v 0.476374 0.697017 0.738591
v 0.324148 0.850578 0.738591
v 0.324328 0.857851 0.740362
v 0.483649 0.697135 0.740362
v 0.476374 0.697017 0.738591
v 0.451090 0.680282 0.678560
v 0.450584 0.675250 0.678324
v 0.477726 0.693215 0.743949
v 0.451090 0.680282 0.678560
v 0.476374 0.697017 0.738591
v 0.483649 0.697135 0.740362
v 0.454216 0.677654 0.671666
v 0.451090 0.680282 0.678560
v 0.307192 0.825441 0.678560
v 0.302156 0.824979 0.678324
v 0.450584 0.675250 0.678324
v 0.307192 0.825441 0.678560
v 0.451090 0.680282 0.678560
v 0.454216 0.677654 0.671666
v 0.304591 0.828590 0.671666
v 0.307192 0.825441 0.678560
v 0.324148 0.850578 0.738591
v 0.320357 0.851963 0.743949
v 0.302156 0.824979 0.678324
v 0.324148 0.850578 0.738591
v 0.307192 0.825441 0.678560
v 0.304591 0.828590 0.671666
v 0.324328 0.857851 0.740362
v -0.324147 -0.096549 0.738591
v -0.476374 0.057012 0.738591
v -0.477726 0.060814 0.743950
v -0.320357 -0.097935 0.743950
v -0.476374 0.057012 0.738591
v -0.324147 -0.096549 0.738591
v -0.324328 -0.103822 0.740363
v -0.483649 0.056894 0.740363
v -0.476374 0.057012 0.738591
v -0.451090 0.073747 0.678560
v -0.450584 0.078779 0.678324
v -0.477726 0.060814 0.743950
v -0.451090 0.073747 0.678560
v -0.476374 0.057012 0.738591
v -0.483649 0.056894 0.740363
v -0.454216 0.076375 0.671666
v -0.451090 0.073747 0.678560
v -0.307192 -0.071412 0.678560
v -0.302156 -0.070950 0.678324
v -0.450584 0.078779 0.678324
v -0.307192 -0.071412 0.678560
v -0.451090 0.073747 0.678560
v -0.454216 0.076375 0.671666
v -0.304591 -0.074561 0.671666
v -0.307192 -0.071412 0.678560
v -0.324147 -0.096549 0.738591
v -0.320357 -0.097935 0.743950
v -0.302156 -0.070950 0.678324
v -0.324147 -0.096549 0.738591
v -0.307192 -0.071412 0.678560
v -0.304591 -0.074561 0.671666
v -0.324328 -0.103822 0.740363
v 0.118248 0.938576 0.738591
v 0.317653 0.854959 0.738591
v 0.320357 0.851963 0.743949
v 0.114216 0.938405 0.743949
v 0.317653 0.854959 0.738591
v 0.118248 0.938576 0.738591
v 0.115632 0.945365 0.740362
v 0.324328 0.857851 0.740362
v 0.317653 0.854959 0.738591
v 0.300697 0.829822 0.678560
v 0.302156 0.824979 0.678324
v 0.320357 0.851963 0.743949
v 0.300697 0.829822 0.678560
v 0.317653 0.854959 0.738591
v 0.324328 0.857851 0.740362
v 0.304591 0.828590 0.671666
v 0.300697 0.829822 0.678560
v 0.112203 0.908864 0.678560
v 0.107727 0.906510 0.678324
v 0.302156 0.824979 0.678324
v 0.112203 0.908864 0.678560
v 0.300697 0.829822 0.678560
v 0.304591 0.828590 0.671666
v 0.108595 0.910778 0.671666
v 0.112203 0.908864 0.678560
v 0.118248 0.938576 0.738591
v 0.114216 0.938405 0.743949
v 0.107727 0.906510 0.678324
v 0.118248 0.938576 0.738591
v 0.112203 0.908864 0.678560
v 0.108595 0.910778 0.671666
v 0.115632 0.945365 0.740362
v -0.118248 -0.184547 0.738591
v -0.317653 -0.100930 0.738591
v -0.320357 -0.097935 0.743950
v -0.114216 -0.184377 0.743950
v -0.317653 -0.100930 0.738591
v -0.118248 -0.184547 0.738591
v -0.115632 -0.191336 0.740363
v -0.324328 -0.103822 0.740363
v -0.317653 -0.100930 0.738591
v -0.300697 -0.075793 0.678560
v -0.302156 -0.070950 0.678324
v -0.320357 -0.097935 0.743950
v -0.300697 -0.075793 0.678560
v -0.317653 -0.100930 0.738591
v -0.324328 -0.103822 0.740363
v -0.304591 -0.074561 0.671666
v -0.300697 -0.075793 0.678560
v -0.112203 -0.154835 0.678560
v -0.107727 -0.152481 0.678325
v -0.302156 -0.070950 0.678324
v -0.112203 -0.154835 0.678560
v -0.300697 -0.075793 0.678560
v -0.304591 -0.074561 0.671666
v -0.108595 -0.156749 0.671666
v -0.112203 -0.154835 0.678560
v -0.118248 -0.184547 0.738591
v -0.114216 -0.184377 0.743950
v -0.107727 -0.152481 0.678325
v -0.118248 -0.184547 0.738591
v -0.112203 -0.154835 0.678560
v -0.108595 -0.156749 0.671666
v -0.115632 -0.191336 0.740363
v -0.450559 0.083566 0.675227
v -0.527042 0.270515 0.675227
v -0.530415 0.273912 0.678324
v -0.450584 0.078779 0.678324
v -0.527042 0.270515 0.675227
v -0.450559 0.083566 0.675227
v -0.454216 0.076375 0.671666
v -0.534691 0.273081 0.671666
v -0.527042 0.270515 0.675227
v -0.289340 0.316720 0.689066
v -0.289561 0.320729 0.692210
v -0.530415 0.273912 0.678324
v -0.289340 0.316720 0.689066
v -0.527042 0.270515 0.675227
v -0.534691 0.273081 0.671666
v -0.284240 0.321764 0.686385
v -0.289340 0.316720 0.689066
v -0.248632 0.217219 0.689066
v -0.245980 0.214204 0.692210
v -0.289561 0.320729 0.692210
v -0.248632 0.217219 0.689066
v -0.289340 0.316720 0.689066
v -0.284240 0.321764 0.686385
v -0.241460 0.217195 0.686385
v -0.248632 0.217219 0.689066
v -0.450559 0.083566 0.675227
v -0.450584 0.078779 0.678324
v -0.245980 0.214204 0.692210
v -0.450559 0.083566 0.675227
v -0.248632 0.217219 0.689066
v -0.241460 0.217195 0.686385
v -0.454216 0.076375 0.671666
v 0.303965 0.820547 0.675226
v 0.446168 0.677097 0.675226
v 0.450584 0.675250 0.678324
v 0.302156 0.824979 0.678324
v 0.446168 0.677097 0.675226
v 0.303965 0.820547 0.675226
v 0.304591 0.828590 0.671666
v 0.454216 0.677654 0.671666
v 0.446168 0.677097 0.675226
v 0.244241 0.543445 0.689066
v 0.245980 0.539825 0.692210
v 0.450584 0.675250 0.678324
v 0.244241 0.543445 0.689066
v 0.446168 0.677097 0.675226
v 0.454216 0.677654 0.671666
v 0.241460 0.536833 0.686385
v 0.244241 0.543445 0.689066
v 0.168555 0.619794 0.689066
v 0.164951 0.621564 0.692210
v 0.245980 0.539825 0.692210
v 0.168555 0.619794 0.689066
v 0.244241 0.543445 0.689066
v 0.241460 0.536833 0.686385
v 0.161920 0.617071 0.686385
v 0.168555 0.619794 0.689066
v 0.303965 0.820547 0.675226
v 0.302156 0.824979 0.678324
v 0.164951 0.621564 0.692210
v 0.303965 0.820547 0.675226
v 0.168555 0.619794 0.689066
v 0.161920 0.617071 0.686385
v 0.304591 0.828590 0.671666
v -0.303964 -0.066518 0.675227
v -0.446168 0.076932 0.675227
v -0.450584 0.078779 0.678324
v -0.302156 -0.070950 0.678324
v -0.446168 0.076932 0.675227
v -0.303964 -0.066518 0.675227
v -0.304591 -0.074561 0.671666
v -0.454216 0.076375 0.671666
v -0.446168 0.076932 0.675227
v -0.244241 0.210584 0.689066
v -0.245980 0.214204 0.692210
v -0.450584 0.078779 0.678324
v -0.244241 0.210584 0.689066
v -0.446168 0.076932 0.675227
v -0.454216 0.076375 0.671666
v -0.241460 0.217195 0.686385
v -0.244241 0.210584 0.689066
v -0.168555 0.134235 0.689066
v -0.164951 0.132464 0.692210
v -0.245980 0.214204 0.692210
v -0.168555 0.134235 0.689066
v -0.244241 0.210584 0.689066
v -0.241460 0.217195 0.686385
v -0.161920 0.136958 0.686385
v -0.168555 0.134235 0.689066
v -0.303964 -0.066518 0.675227
v -0.302156 -0.070950 0.678324
v -0.164951 0.132464 0.692210
v -0.303964 -0.066518 0.675227
v -0.168555 0.134235 0.689066
v -0.161920 0.136958 0.686385
v -0.304591 -0.074561 0.671666
v 0.111094 0.903107 0.675226
v 0.297369 0.824996 0.675226
v 0.302156 0.824979 0.678324
v 0.107727 0.906510 0.678324
v 0.297369 0.824996 0.675226
v 0.111094 0.903107 0.675226
v 0.108595 0.910778 0.671666
v 0.304591 0.828590 0.671666
v 0.297369 0.824996 0.675226
v 0.161959 0.624243 0.689066
v 0.164951 0.621564 0.692210
v 0.302156 0.824979 0.678324
v 0.161959 0.624243 0.689066
v 0.297369 0.824996 0.675226
v 0.304591 0.828590 0.671666
v 0.161920 0.617071 0.686385
v 0.161959 0.624243 0.689066
v 0.062817 0.665817 0.689066
v 0.058810 0.666073 0.692210
v 0.164951 0.621564 0.692210
v 0.062817 0.665817 0.689066
v 0.161959 0.624243 0.689066
v 0.161920 0.617071 0.686385
v 0.057729 0.660761 0.686385
v 0.062817 0.665817 0.689066
v 0.111094 0.903107 0.675226
v 0.107727 0.906510 0.678324
v 0.058810 0.666073 0.692210
v 0.111094 0.903107 0.675226
v 0.062817 0.665817 0.689066
v 0.057729 0.660761 0.686385
v 0.108595 0.910778 0.671666
v -0.111094 -0.149078 0.675227
v -0.297369 -0.070967 0.675227
v -0.302156 -0.070950 0.678324
v -0.107727 -0.152481 0.678325
v -0.297369 -0.070967 0.675227
v -0.111094 -0.149078 0.675227
v -0.108595 -0.156749 0.671666
v -0.304591 -0.074561 0.671666
v -0.297369 -0.070967 0.675227
v -0.161959 0.129786 0.689066
v -0.164951 0.132464 0.692210
v -0.302156 -0.070950 0.678324
v -0.161959 0.129786 0.689066
v -0.297369 -0.070967 0.675227
v -0.304591 -0.074561 0.671666
v -0.161920 0.136958 0.686385
v -0.161959 0.129786 0.689066
v -0.062817 0.088212 0.689066
v -0.058809 0.087956 0.692210
v -0.164951 0.132464 0.692210
v -0.062817 0.088212 0.689066
v -0.161959 0.129786 0.689066
v -0.161920 0.136958 0.686385
v -0.057729 0.093267 0.686385
v -0.062817 0.088212 0.689066
v -0.111094 -0.149078 0.675227
v -0.107727 -0.152481 0.678325
v -0.058809 0.087956 0.692210
v -0.111094 -0.149078 0.675227
v -0.062817 0.088212 0.689066
v -0.057729 0.093267 0.686385
v -0.108595 -0.156749 0.671666
v -0.098689 0.905575 0.675226
v 0.103298 0.904693 0.675226
v 0.107727 0.906510 0.678324
v -0.103102 0.907430 0.678324
v 0.103298 0.904693 0.675226
v -0.098689 0.905575 0.675226
v -0.103933 0.911705 0.671666
v 0.108595 0.910778 0.671666
v 0.103298 0.904693 0.675226
v 0.055021 0.667403 0.689066
v 0.058810 0.666073 0.692210
v 0.107727 0.906510 0.678324
v 0.055021 0.667403 0.689066
v 0.103298 0.904693 0.675226
v 0.108595 0.910778 0.671666
v 0.057729 0.660761 0.686385
v 0.055021 0.667403 0.689066
v -0.052484 0.667872 0.689066
v -0.056285 0.666575 0.692210
v 0.058810 0.666073 0.692210
v -0.052484 0.667872 0.689066
v 0.055021 0.667403 0.689066
v 0.057729 0.660761 0.686385
v -0.055251 0.661255 0.686385
v -0.052484 0.667872 0.689066
v -0.098689 0.905575 0.675226
v -0.103102 0.907430 0.678324
v -0.056285 0.666575 0.692210
v -0.098689 0.905575 0.675226
v -0.052484 0.667872 0.689066
v -0.055251 0.661255 0.686385
v -0.103933 0.911705 0.671666
v 0.293448 -0.073545 0.675227
v 0.106499 -0.150028 0.675227
v 0.103102 -0.153401 0.678325
v 0.298235 -0.073570 0.678324
v 0.106499 -0.150028 0.675227
v 0.293448 -0.073545 0.675227
v 0.300639 -0.077202 0.671666
v 0.103933 -0.157676 0.671666
v 0.106499 -0.150028 0.675227
v 0.060294 0.087675 0.689066
v 0.056285 0.087454 0.692210
v 0.103102 -0.153401 0.678325
v 0.060294 0.087675 0.689066
v 0.106499 -0.150028 0.675227
v 0.103933 -0.157676 0.671666
v 0.055251 0.092774 0.686385
v 0.060294 0.087675 0.689066
v 0.159796 0.128382 0.689066
v 0.162811 0.131034 0.692210
v 0.056285 0.087454 0.692210
v 0.159796 0.128382 0.689066
v 0.060294 0.087675 0.689066
v 0.055251 0.092774 0.686385
v 0.159819 0.135554 0.686385
v 0.159796 0.128382 0.689066
v 0.293448 -0.073545 0.675227
v 0.298235 -0.073570 0.678324
v 0.162811 0.131034 0.692210
v 0.293448 -0.073545 0.675227
v 0.159796 0.128382 0.689066
v 0.159819 0.135554 0.686385
v 0.300639 -0.077202 0.671666
v 0.098689 -0.151546 0.675227
v -0.103298 -0.150665 0.675227
v -0.107727 -0.152481 0.678325
v 0.103102 -0.153401 0.678325
v -0.103298 -0.150665 0.675227
v 0.098689 -0.151546 0.675227
v 0.103933 -0.157676 0.671666
v -0.108595 -0.156749 0.671666
v -0.103298 -0.150665 0.675227
v -0.055020 0.086626 0.689066
v -0.058809 0.087956 0.692210
v -0.107727 -0.152481 0.678325
v -0.055020 0.086626 0.689066
v -0.103298 -0.150665 0.675227
v -0.108595 -0.156749 0.671666
v -0.057729 0.093267 0.686385
v -0.055020 0.086626 0.689066
v 0.052485 0.086157 0.689066
v 0.056285 0.087454 0.692210
v -0.058809 0.087956 0.692210
v 0.052485 0.086157 0.689066
v -0.055020 0.086626 0.689066
v -0.057729 0.093267 0.686385
v 0.055251 0.092774 0.686385
v 0.052485 0.086157 0.689066
v 0.098689 -0.151546 0.675227
v 0.103102 -0.153401 0.678325
v 0.056285 0.087454 0.692210
v 0.098689 -0.151546 0.675227
v 0.052485 0.086157 0.689066
v 0.055251 0.092774 0.686385
v 0.103933 -0.157676 0.671666
v -0.293448 0.827574 0.675226
v -0.106499 0.904057 0.675226
v -0.103102 0.907430 0.678324
v -0.298235 0.827599 0.678324
v -0.106499 0.904057 0.675226
v -0.293448 0.827574 0.675226
v -0.300639 0.831231 0.671666
v -0.103933 0.911705 0.671666
v -0.106499 0.904057 0.675226
v -0.060294 0.666354 0.689066
v -0.056285 0.666575 0.692210
v -0.103102 0.907430 0.678324
v -0.060294 0.666354 0.689066
v -0.106499 0.904057 0.675226
v -0.103933 0.911705 0.671666
v -0.055251 0.661255 0.686385
v -0.060294 0.666354 0.689066
v -0.159796 0.625647 0.689066
v -0.162810 0.622995 0.692210
v -0.056285 0.666575 0.692210
v -0.159796 0.625647 0.689066
v -0.060294 0.666354 0.689066
v -0.055251 0.661255 0.686385
v -0.159819 0.618475 0.686385
v -0.159796 0.625647 0.689066
v -0.293448 0.827574 0.675226
v -0.298235 0.827599 0.678324
v -0.162810 0.622995 0.692210
v -0.293448 0.827574 0.675226
v -0.159796 0.625647 0.689066
v -0.159819 0.618475 0.686385
v -0.300639 0.831231 0.671666
v 0.443532 0.073050 0.675227
v 0.300083 -0.069154 0.675227
v 0.298235 -0.073570 0.678324
v 0.447965 0.074859 0.678324
v 0.300083 -0.069154 0.675227
v 0.443532 0.073050 0.675227
v 0.451575 0.072423 0.671666
v 0.300639 -0.077202 0.671666
v 0.300083 -0.069154 0.675227
v 0.166430 0.132773 0.689066
v 0.162811 0.131034 0.692210
v 0.298235 -0.073570 0.678324
v 0.166430 0.132773 0.689066
v 0.300083 -0.069154 0.675227
v 0.300639 -0.077202 0.671666
v 0.159819 0.135554 0.686385
v 0.166430 0.132773 0.689066
v 0.242780 0.208459 0.689066
v 0.244550 0.212063 0.692210
v 0.162811 0.131034 0.692210
v 0.242780 0.208459 0.689066
v 0.166430 0.132773 0.689066
v 0.159819 0.135554 0.686385
v 0.240056 0.215095 0.686385
v 0.242780 0.208459 0.689066
v 0.443532 0.073050 0.675227
v 0.447965 0.074859 0.678324
v 0.244550 0.212063 0.692210
v 0.443532 0.073050 0.675227
v 0.242780 0.208459 0.689066
v 0.240056 0.215095 0.686385
v 0.451575 0.072423 0.671666
v -0.443532 0.680979 0.675226
v -0.300083 0.823183 0.675226
v -0.298235 0.827599 0.678324
v -0.447964 0.679170 0.678324
v -0.300083 0.823183 0.675226
v -0.443532 0.680979 0.675226
v -0.451575 0.681606 0.671666
v -0.300639 0.831231 0.671666
v -0.300083 0.823183 0.675226
v -0.166430 0.621256 0.689066
v -0.162810 0.622995 0.692210
v -0.298235 0.827599 0.678324
v -0.166430 0.621256 0.689066
v -0.300083 0.823183 0.675226
v -0.300639 0.831231 0.671666
v -0.159819 0.618475 0.686385
v -0.166430 0.621256 0.689066
v -0.242780 0.545570 0.689066
v -0.244550 0.541965 0.692210
v -0.162810 0.622995 0.692210
v -0.242780 0.545570 0.689066
v -0.166430 0.621256 0.689066
v -0.159819 0.618475 0.686385
v -0.240056 0.538934 0.686385
v -0.242780 0.545570 0.689066
v -0.443532 0.680979 0.675226
v -0.447964 0.679170 0.678324
v -0.244550 0.541965 0.692210
v -0.443532 0.680979 0.675226
v -0.242780 0.545570 0.689066
v -0.240056 0.538934 0.686385
v -0.451575 0.681606 0.671666
v 0.526093 0.265920 0.675227
v 0.447981 0.079646 0.675227
v 0.447965 0.074859 0.678324
v 0.529495 0.269287 0.678324
v 0.447981 0.079646 0.675227
v 0.526093 0.265920 0.675227
v 0.533763 0.268419 0.671666
v 0.451575 0.072423 0.671666
v 0.447981 0.079646 0.675227
v 0.247229 0.215055 0.689066
v 0.244550 0.212063 0.692210
v 0.447965 0.074859 0.678324
v 0.247229 0.215055 0.689066
v 0.447981 0.079646 0.675227
v 0.451575 0.072423 0.671666
v 0.240056 0.215095 0.686385
v 0.247229 0.215055 0.689066
v 0.288802 0.314197 0.689066
v 0.289059 0.318205 0.692210
v 0.244550 0.212063 0.692210
v 0.288802 0.314197 0.689066
v 0.247229 0.215055 0.689066
v 0.240056 0.215095 0.686385
v 0.283747 0.319285 0.686385
v 0.288802 0.314197 0.689066
v 0.526093 0.265920 0.675227
v 0.529495 0.269287 0.678324
v 0.289059 0.318205 0.692210
v 0.526093 0.265920 0.675227
v 0.288802 0.314197 0.689066
v 0.283747 0.319285 0.686385
v 0.533763 0.268419 0.671666
v -0.526093 0.488109 0.675227
v -0.447981 0.674383 0.675226
v -0.447964 0.679170 0.678324
v -0.529495 0.484742 0.678324
v -0.447981 0.674383 0.675226
v -0.526093 0.488109 0.675227
v -0.533763 0.485610 0.671666
v -0.451575 0.681606 0.671666
v -0.447981 0.674383 0.675226
v -0.247229 0.538974 0.689066
v -0.244550 0.541965 0.692210
v -0.447964 0.679170 0.678324
v -0.247229 0.538974 0.689066
v -0.447981 0.674383 0.675226
v -0.451575 0.681606 0.671666
v -0.240056 0.538934 0.686385
v -0.247229 0.538974 0.689066
v -0.288802 0.439832 0.689066
v -0.289059 0.435824 0.692210
v -0.244550 0.541965 0.692210
v -0.288802 0.439832 0.689066
v -0.247229 0.538974 0.689066
v -0.240056 0.538934 0.686385
v -0.283747 0.434743 0.686385
v -0.288802 0.439832 0.689066
v -0.526093 0.488109 0.675227
v -0.529495 0.484742 0.678324
v -0.289059 0.435824 0.692210
v -0.526093 0.488109 0.675227
v -0.288802 0.439832 0.689066
v -0.283747 0.434743 0.686385
v -0.533763 0.485610 0.671666
v 0.528560 0.475704 0.675227
v 0.527679 0.273717 0.675227
v 0.529495 0.269287 0.678324
v 0.530415 0.480117 0.678324
v 0.527679 0.273717 0.675227
v 0.528560 0.475704 0.675227
v 0.534691 0.480948 0.671666
v 0.533763 0.268419 0.671666
v 0.527679 0.273717 0.675227
v 0.290389 0.321994 0.689066
v 0.289059 0.318205 0.692210
v 0.529495 0.269287 0.678324
v 0.290389 0.321994 0.689066
v 0.527679 0.273717 0.675227
v 0.533763 0.268419 0.671666
v 0.283747 0.319285 0.686385
v 0.290389 0.321994 0.689066
v 0.290858 0.429499 0.689066
v 0.289561 0.433299 0.692210
v 0.289059 0.318205 0.692210
v 0.290858 0.429499 0.689066
v 0.290389 0.321994 0.689066
v 0.283747 0.319285 0.686385
v 0.284240 0.432265 0.686385
v 0.290858 0.429499 0.689066
v 0.528560 0.475704 0.675227
v 0.530415 0.480117 0.678324
v 0.289561 0.433299 0.692210
v 0.528560 0.475704 0.675227
v 0.290858 0.429499 0.689066
v 0.284240 0.432265 0.686385
v 0.534691 0.480948 0.671666
v -0.528560 0.278325 0.675227
v -0.527679 0.480312 0.675227
v -0.529495 0.484742 0.678324
v -0.530415 0.273912 0.678324
v -0.527679 0.480312 0.675227
v -0.528560 0.278325 0.675227
v -0.534691 0.273081 0.671666
v -0.533763 0.485610 0.671666
v -0.527679 0.480312 0.675227
v -0.290389 0.432035 0.689066
v -0.289059 0.435824 0.692210
v -0.529495 0.484742 0.678324
v -0.290389 0.432035 0.689066
v -0.527679 0.480312 0.675227
v -0.533763 0.485610 0.671666
v -0.283747 0.434743 0.686385
v -0.290389 0.432035 0.689066
v -0.290858 0.324530 0.689066
v -0.289561 0.320729 0.692210
v -0.289059 0.435824 0.692210
v -0.290858 0.324530 0.689066
v -0.290389 0.432035 0.689066
v -0.283747 0.434743 0.686385
v -0.284240 0.321764 0.686385
v -0.290858 0.324530 0.689066
v -0.528560 0.278325 0.675227
v -0.530415 0.273912 0.678324
v -0.289561 0.320729 0.692210
v -0.528560 0.278325 0.675227
v -0.290858 0.324530 0.689066
v -0.284240 0.321764 0.686385
v -0.534691 0.273081 0.671666
v 0.450559 0.670463 0.675226
v 0.527042 0.483514 0.675227
v 0.530415 0.480117 0.678324
v 0.450584 0.675250 0.678324
v 0.527042 0.483514 0.675227
v 0.450559 0.670463 0.675226
v 0.454216 0.677654 0.671666
v 0.534691 0.480948 0.671666
v 0.527042 0.483514 0.675227
v 0.289340 0.437309 0.689066
v 0.289561 0.433299 0.692210
v 0.530415 0.480117 0.678324
v 0.289340 0.437309 0.689066
v 0.527042 0.483514 0.675227
v 0.534691 0.480948 0.671666
v 0.284240 0.432265 0.686385
v 0.289340 0.437309 0.689066
v 0.248632 0.536810 0.689066
v 0.245980 0.539825 0.692210
v 0.289561 0.433299 0.692210
v 0.248632 0.536810 0.689066
v 0.289340 0.437309 0.689066
v 0.284240 0.432265 0.686385
v 0.241460 0.536833 0.686385
v 0.248632 0.536810 0.689066
v 0.450559 0.670463 0.675226
v 0.450584 0.675250 0.678324
v 0.245980 0.539825 0.692210
v 0.450559 0.670463 0.675226
v 0.248632 0.536810 0.689066
v 0.241460 0.536833 0.686385
v 0.454216 0.677654 0.671666
v -0.284864 0.438953 0.693276
v -0.243841 0.536781 0.693276
v -0.244550 0.541965 0.692210
v -0.289059 0.435824 0.692210
v -0.243841 0.536781 0.693276
v -0.284864 0.438953 0.693276
v -0.283747 0.434743 0.686385
v -0.240056 0.538934 0.686385
v -0.243841 0.536781 0.693276
v -0.243841 0.536781 0.733782
v -0.245601 0.542675 0.737761
v -0.244550 0.541965 0.692210
v -0.243841 0.536781 0.733782
v -0.243841 0.536781 0.693276
v -0.240056 0.538934 0.686385
v -0.239005 0.538225 0.737761
v -0.243841 0.536781 0.733782
v -0.284864 0.438953 0.733782
v -0.290301 0.436077 0.737761
v -0.245601 0.542675 0.737761
v -0.284864 0.438953 0.733782
v -0.243841 0.536781 0.733782
v -0.239005 0.538225 0.737761
v -0.282504 0.434491 0.737761
v -0.284864 0.438953 0.733782
v -0.284864 0.438953 0.693276
v -0.289059 0.435824 0.692210
v -0.290301 0.436077 0.737761
v -0.284864 0.438953 0.693276
v -0.284864 0.438953 0.733782
v -0.282504 0.434491 0.737761
v -0.283747 0.434743 0.686385
v 0.286883 0.428804 0.693276
v 0.286420 0.322723 0.693276
v 0.289059 0.318205 0.692210
v 0.289561 0.433299 0.692210
v 0.286420 0.322723 0.693276
v 0.286883 0.428804 0.693276
v 0.284240 0.432265 0.686385
v 0.283747 0.319285 0.686385
v 0.286420 0.322723 0.693276
v 0.286420 0.322723 0.733782
v 0.290301 0.317952 0.737761
v 0.289059 0.318205 0.692210
v 0.286420 0.322723 0.733782
v 0.286420 0.322723 0.693276
v 0.283747 0.319285 0.686385
v 0.282504 0.319538 0.737761
v 0.286420 0.322723 0.733782
v 0.286883 0.428804 0.733782
v 0.290806 0.433541 0.737761
v 0.290301 0.317952 0.737761
v 0.286883 0.428804 0.733782
v 0.286420 0.322723 0.733782
v 0.282504 0.319538 0.737761
v 0.282995 0.432023 0.737761
v 0.286883 0.428804 0.733782
v 0.286883 0.428804 0.693276
v 0.289561 0.433299 0.692210
v 0.290806 0.433541 0.737761
v 0.286883 0.428804 0.693276
v 0.286883 0.428804 0.733782
v 0.282995 0.432023 0.737761
v 0.284240 0.432265 0.686385
v -0.286883 0.325225 0.693276
v -0.286420 0.431305 0.693276
v -0.289059 0.435824 0.692210
v -0.289561 0.320729 0.692210
v -0.286420 0.431305 0.693276
v -0.286883 0.325225 0.693276
v -0.284240 0.321764 0.686385
v -0.283747 0.434743 0.686385
v -0.286420 0.431305 0.693276
v -0.286420 0.431306 0.733782
v -0.290301 0.436077 0.737761
v -0.289059 0.435824 0.692210
v -0.286420 0.431306 0.733782
v -0.286420 0.431305 0.693276
v -0.283747 0.434743 0.686385
v -0.282504 0.434491 0.737761
v -0.286420 0.431306 0.733782
v -0.286883 0.325225 0.733782
v -0.290806 0.320488 0.737761
v -0.290301 0.436077 0.737761
v -0.286883 0.325225 0.733782
v -0.286420 0.431306 0.733782
v -0.282504 0.434491 0.737761
v -0.282995 0.322006 0.737761
v -0.286883 0.325225 0.733782
v -0.286883 0.325225 0.693276
v -0.289561 0.320729 0.692210
v -0.290806 0.320488 0.737761
v -0.286883 0.325225 0.693276
v -0.286883 0.325225 0.733782
v -0.282995 0.322006 0.737761
v -0.284240 0.321764 0.686385
v 0.245226 0.534647 0.693276
v 0.285394 0.436464 0.693276
v 0.289561 0.433299 0.692210
v 0.245980 0.539825 0.692210
v 0.285394 0.436464 0.693276
v 0.245226 0.534647 0.693276
v 0.241460 0.536833 0.686385
v 0.284240 0.432265 0.686385
v 0.285394 0.436464 0.693276
v 0.285394 0.436464 0.733782
v 0.290806 0.433541 0.737761
v 0.289561 0.433299 0.692210
v 0.285394 0.436464 0.733782
v 0.285394 0.436464 0.693276
v 0.284240 0.432265 0.686385
v 0.282995 0.432023 0.737761
v 0.285394 0.436464 0.733782
v 0.245226 0.534647 0.733782
v 0.247037 0.540525 0.737761
v 0.290806 0.433541 0.737761
v 0.245226 0.534647 0.733782
v 0.285394 0.436464 0.733782
v 0.282995 0.432023 0.737761
v 0.240403 0.536134 0.737761
v 0.245226 0.534647 0.733782
v 0.245226 0.534647 0.693276
v 0.245980 0.539825 0.692210
v 0.247037 0.540525 0.737761
v 0.245226 0.534647 0.693276
v 0.245226 0.534647 0.733782
v 0.240403 0.536134 0.737761
v 0.241460 0.536833 0.686385
v -0.245226 0.219382 0.693276
v -0.285394 0.317565 0.693276
v -0.289561 0.320729 0.692210
v -0.245980 0.214204 0.692210
v -0.285394 0.317565 0.693276
v -0.245226 0.219382 0.693276
v -0.241460 0.217195 0.686385
v -0.284240 0.321764 0.686385
v -0.285394 0.317565 0.693276
v -0.285394 0.317565 0.733782
v -0.290806 0.320488 0.737761
v -0.289561 0.320729 0.692210
v -0.285394 0.317565 0.733782
v -0.285394 0.317565 0.693276
v -0.284240 0.321764 0.686385
v -0.282995 0.322006 0.737761
v -0.285394 0.317565 0.733782
v -0.245226 0.219382 0.733782
v -0.247037 0.213504 0.737761
v -0.290806 0.320488 0.737761
v -0.245226 0.219382 0.733782
v -0.285394 0.317565 0.733782
v -0.282995 0.322006 0.737761
v -0.240403 0.217895 0.737761
v -0.245226 0.219382 0.733782
v -0.245226 0.219382 0.693276
v -0.245980 0.214204 0.692210
v -0.247037 0.213504 0.737761
v -0.245226 0.219382 0.693276
v -0.245226 0.219382 0.733782
v -0.240403 0.217895 0.737761
v -0.241460 0.217195 0.686385
v 0.166236 0.616492 0.693276
v 0.240919 0.541155 0.693276
v 0.245980 0.539825 0.692210
v 0.164951 0.621564 0.692210
v 0.240919 0.541155 0.693276
v 0.166236 0.616492 0.693276
v 0.161920 0.617071 0.686385
v 0.241460 0.536833 0.686385
v 0.240919 0.541155 0.693276
v 0.240919 0.541155 0.733782
v 0.247037 0.540525 0.737761
v 0.245980 0.539825 0.692210
v 0.240919 0.541155 0.733782
v 0.240919 0.541155 0.693276
v 0.241460 0.536833 0.686385
v 0.240403 0.536134 0.737761
v 0.240919 0.541155 0.733782
v 0.166236 0.616492 0.733782
v 0.165660 0.622616 0.737761
v 0.247037 0.540525 0.737761
v 0.166236 0.616492 0.733782
v 0.240919 0.541155 0.733782
v 0.240403 0.536134 0.737761
v 0.161211 0.616019 0.737761
v 0.166236 0.616492 0.733782
v 0.166236 0.616492 0.693276
v 0.164951 0.621564 0.692210
v 0.165660 0.622616 0.737761
v 0.166236 0.616492 0.693276
v 0.166236 0.616492 0.733782
v 0.161211 0.616019 0.737761
v 0.161920 0.617071 0.686385
v -0.166236 0.137537 0.693276
v -0.240919 0.212874 0.693276
v -0.245980 0.214204 0.692210
v -0.164951 0.132464 0.692210
v -0.240919 0.212874 0.693276
v -0.166236 0.137537 0.693276
v -0.161920 0.136958 0.686385
v -0.241460 0.217195 0.686385
v -0.240919 0.212874 0.693276
v -0.240919 0.212874 0.733782
v -0.247037 0.213504 0.737761
v -0.245980 0.214204 0.692210
v -0.240919 0.212874 0.733782
v -0.240919 0.212874 0.693276
v -0.241460 0.217195 0.686385
v -0.240403 0.217895 0.737761
v -0.240919 0.212874 0.733782
v -0.166236 0.137537 0.733783
v -0.165660 0.131413 0.737761
v -0.247037 0.213504 0.737761
v -0.166236 0.137537 0.733783
v -0.240919 0.212874 0.733782
v -0.240403 0.217895 0.737761
v -0.161211 0.138009 0.737761
v -0.166236 0.137537 0.733783
v -0.166236 0.137537 0.693276
v -0.164951 0.132464 0.692210
v -0.165660 0.131413 0.737761
v -0.166236 0.137537 0.693276
v -0.166236 0.137537 0.733783
v -0.161211 0.138009 0.737761
v -0.161920 0.136958 0.686385
v 0.061938 0.661879 0.693276
v 0.159767 0.620856 0.693276
v 0.164951 0.621564 0.692210
v 0.058810 0.666073 0.692210
v 0.159767 0.620856 0.693276
v 0.061938 0.661879 0.693276
v 0.057729 0.660761 0.686385
v 0.161920 0.617071 0.686385
v 0.159767 0.620856 0.693276
v 0.159767 0.620856 0.733782
v 0.165660 0.622616 0.737761
v 0.164951 0.621564 0.692210
v 0.159767 0.620856 0.733782
v 0.159767 0.620856 0.693276
v 0.161920 0.617071 0.686385
v 0.161211 0.616019 0.737761
v 0.159767 0.620856 0.733782
v 0.061938 0.661879 0.733782
v 0.059062 0.667316 0.737761
v 0.165660 0.622616 0.737761
v 0.061938 0.661879 0.733782
v 0.159767 0.620856 0.733782
v 0.161211 0.616019 0.737761
v 0.057476 0.659519 0.737761
v 0.061938 0.661879 0.733782
v 0.061938 0.661879 0.693276
v 0.058810 0.666073 0.692210
v 0.059062 0.667316 0.737761
v 0.061938 0.661879 0.693276
v 0.061938 0.661879 0.733782
v 0.057476 0.659519 0.737761
v 0.057729 0.660761 0.686385
v -0.061938 0.092150 0.693276
v -0.159766 0.133173 0.693276
v -0.164951 0.132464 0.692210
v -0.058809 0.087956 0.692210
v -0.159766 0.133173 0.693276
v -0.061938 0.092150 0.693276
v -0.057729 0.093267 0.686385
v -0.161920 0.136958 0.686385
v -0.159766 0.133173 0.693276
v -0.159766 0.133173 0.733783
v -0.165660 0.131413 0.737761
v -0.164951 0.132464 0.692210
v -0.159766 0.133173 0.733783
v -0.159766 0.133173 0.693276
v -0.161920 0.136958 0.686385
v -0.161211 0.138009 0.737761
v -0.159766 0.133173 0.733783
v -0.061938 0.092150 0.733783
v -0.059062 0.086713 0.737761
v -0.165660 0.131413 0.737761
v -0.061938 0.092150 0.733783
v -0.159766 0.133173 0.733783
v -0.161211 0.138009 0.737761
v -0.057476 0.094510 0.737761
v -0.061938 0.092150 0.733783
v -0.061938 0.092150 0.693276
v -0.058809 0.087956 0.692210
v -0.059062 0.086713 0.737761
v -0.061938 0.092150 0.693276
v -0.061938 0.092150 0.733783
v -0.057476 0.094510 0.737761
v -0.057729 0.093267 0.686385
v -0.051789 0.663898 0.693276
v 0.054291 0.663435 0.693276
v 0.058810 0.666073 0.692210
v -0.056285 0.666575 0.692210
v 0.054291 0.663435 0.693276
v -0.051789 0.663898 0.693276
v -0.055251 0.661255 0.686385
v 0.057729 0.660761 0.686385
v 0.054291 0.663435 0.693276
v 0.054291 0.663435 0.733782
v 0.059062 0.667316 0.737761
v 0.058810 0.666073 0.692210
v 0.054291 0.663435 0.733782
v 0.054291 0.663435 0.693276
v 0.057729 0.660761 0.686385
v 0.057476 0.659519 0.737761
v 0.054291 0.663435 0.733782
v -0.051789 0.663898 0.733782
v -0.056527 0.667820 0.737761
v 0.059062 0.667316 0.737761
v -0.051789 0.663898 0.733782
v 0.054291 0.663435 0.733782
v 0.057476 0.659519 0.737761
v -0.055009 0.660010 0.737761
v -0.051789 0.663898 0.733782
v -0.051789 0.663898 0.693276
v -0.056285 0.666575 0.692210
v -0.056527 0.667820 0.737761
v -0.051789 0.663898 0.693276
v -0.051789 0.663898 0.733782
v -0.055009 0.660010 0.737761
v -0.055251 0.661255 0.686385
v 0.157633 0.131788 0.693276
v 0.059450 0.091620 0.693276
v 0.056285 0.087454 0.692210
v 0.162811 0.131034 0.692210
v 0.059450 0.091620 0.693276
v 0.157633 0.131788 0.693276
v 0.159819 0.135554 0.686385
v 0.055251 0.092774 0.686385
v 0.059450 0.091620 0.693276
v 0.059450 0.091620 0.733783
v 0.056527 0.086209 0.737761
v 0.056285 0.087454 0.692210
v 0.059450 0.091620 0.733783
v 0.059450 0.091620 0.693276
v 0.055251 0.092774 0.686385
v 0.055009 0.094019 0.737761
v 0.059450 0.091620 0.733783
v 0.157633 0.131788 0.733783
v 0.163510 0.129977 0.737761
v 0.056527 0.086209 0.737761
v 0.157633 0.131788 0.733783
v 0.059450 0.091620 0.733783
v 0.055009 0.094019 0.737761
v 0.159119 0.136612 0.737761
v 0.157633 0.131788 0.733783
v 0.157633 0.131788 0.693276
v 0.162811 0.131034 0.692210
v 0.163510 0.129977 0.737761
v 0.157633 0.131788 0.693276
v 0.157633 0.131788 0.733783
v 0.159119 0.136612 0.737761
v 0.159819 0.135554 0.686385
v 0.051790 0.090131 0.693276
v -0.054291 0.090594 0.693276
v -0.058809 0.087956 0.692210
v 0.056285 0.087454 0.692210
v -0.054291 0.090594 0.693276
v 0.051790 0.090131 0.693276
v 0.055251 0.092774 0.686385
v -0.057729 0.093267 0.686385
v -0.054291 0.090594 0.693276
v -0.054291 0.090594 0.733783
v -0.059062 0.086713 0.737761
v -0.058809 0.087956 0.692210
v -0.054291 0.090594 0.733783
v -0.054291 0.090594 0.693276
v -0.057729 0.093267 0.686385
v -0.057476 0.094510 0.737761
v -0.054291 0.090594 0.733783
v 0.051790 0.090131 0.733783
v 0.056527 0.086209 0.737761
v -0.059062 0.086713 0.737761
v 0.051790 0.090131 0.733783
v -0.054291 0.090594 0.733783
v -0.057476 0.094510 0.737761
v 0.055009 0.094019 0.737761
v 0.051790 0.090131 0.733783
v 0.051790 0.090131 0.693276
v 0.056285 0.087454 0.692210
v 0.056527 0.086209 0.737761
v 0.051790 0.090131 0.693276
v 0.051790 0.090131 0.733783
v 0.055009 0.094019 0.737761
v 0.055251 0.092774 0.686385
v -0.157633 0.622241 0.693276
v -0.059450 0.662408 0.693276
v -0.056285 0.666575 0.692210
v -0.162810 0.622995 0.692210
v -0.059450 0.662408 0.693276
v -0.157633 0.622241 0.693276
v -0.159819 0.618475 0.686385
v -0.055251 0.661255 0.686385
v -0.059450 0.662408 0.693276
v -0.059450 0.662408 0.733782
v -0.056527 0.667820 0.737761
v -0.056285 0.666575 0.692210
v -0.059450 0.662408 0.733782
v -0.059450 0.662408 0.693276
v -0.055251 0.661255 0.686385
v -0.055009 0.660010 0.737761
v -0.059450 0.662408 0.733782
v -0.157633 0.622241 0.733782
v -0.163510 0.624052 0.737761
v -0.056527 0.667820 0.737761
v -0.157633 0.622241 0.733782
v -0.059450 0.662408 0.733782
v -0.055009 0.660010 0.737761
v -0.159119 0.617417 0.737761
v -0.157633 0.622241 0.733782
v -0.157633 0.622241 0.693276
v -0.162810 0.622995 0.692210
v -0.163510 0.624052 0.737761
v -0.157633 0.622241 0.693276
v -0.157633 0.622241 0.733782
v -0.159119 0.617417 0.737761
v -0.159819 0.618475 0.686385
v 0.239478 0.210778 0.693276
v 0.164140 0.136095 0.693276
v 0.162811 0.131034 0.692210
v 0.244550 0.212063 0.692210
v 0.164140 0.136095 0.693276
v 0.239478 0.210778 0.693276
v 0.240056 0.215095 0.686385
v 0.159819 0.135554 0.686385
v 0.164140 0.136095 0.693276
v 0.164140 0.136095 0.733783
v 0.163510 0.129977 0.737761
v 0.162811 0.131034 0.692210
v 0.164140 0.136095 0.733783
v 0.164140 0.136095 0.693276
v 0.159819 0.135554 0.686385
v 0.159119 0.136612 0.737761
v 0.164140 0.136095 0.733783
v 0.239478 0.210778 0.733782
v 0.245601 0.211354 0.737761
v 0.163510 0.129977 0.737761
v 0.239478 0.210778 0.733782
v 0.164140 0.136095 0.733783
v 0.159119 0.136612 0.737761
v 0.239005 0.215804 0.737761
v 0.239478 0.210778 0.733782
v 0.239478 0.210778 0.693276
v 0.244550 0.212063 0.692210
v 0.245601 0.211354 0.737761
v 0.239478 0.210778 0.693276
v 0.239478 0.210778 0.733782
v 0.239005 0.215804 0.737761
v 0.240056 0.215095 0.686385
v -0.239478 0.543251 0.693276
v -0.164140 0.617934 0.693276
v -0.162810 0.622995 0.692210
v -0.244550 0.541965 0.692210
v -0.164140 0.617934 0.693276
v -0.239478 0.543251 0.693276
v -0.240056 0.538934 0.686385
v -0.159819 0.618475 0.686385
v -0.164140 0.617934 0.693276
v -0.164140 0.617934 0.733782
v -0.163510 0.624052 0.737761
v -0.162810 0.622995 0.692210
v -0.164140 0.617934 0.733782
v -0.164140 0.617934 0.693276
v -0.159819 0.618475 0.686385
v -0.159119 0.617417 0.737761
v -0.164140 0.617934 0.733782
v -0.239478 0.543251 0.733782
v -0.245601 0.542675 0.737761
v -0.163510 0.624052 0.737761
v -0.239478 0.543251 0.733782
v -0.164140 0.617934 0.733782
v -0.159119 0.617417 0.737761
v -0.239005 0.538225 0.737761
v -0.239478 0.543251 0.733782
v -0.239478 0.543251 0.693276
v -0.244550 0.541965 0.692210
v -0.245601 0.542675 0.737761
v -0.239478 0.543251 0.693276
v -0.239478 0.543251 0.733782
v -0.239005 0.538225 0.737761
v -0.240056 0.538934 0.686385
v 0.284864 0.315076 0.693276
v 0.243841 0.217248 0.693276
v 0.244550 0.212063 0.692210
v 0.289059 0.318205 0.692210
v 0.243841 0.217248 0.693276
v 0.284864 0.315076 0.693276
v 0.283747 0.319285 0.686385
v 0.240056 0.215095 0.686385
v 0.243841 0.217248 0.693276
v 0.243841 0.217248 0.733782
v 0.245601 0.211354 0.737761
v 0.244550 0.212063 0.692210
v 0.243841 0.217248 0.733782
v 0.243841 0.217248 0.693276
v 0.240056 0.215095 0.686385
v 0.239005 0.215804 0.737761
v 0.243841 0.217248 0.733782
v 0.284864 0.315076 0.733782
v 0.290301 0.317952 0.737761
v 0.245601 0.211354 0.737761
v 0.284864 0.315076 0.733782
v 0.243841 0.217248 0.733782
v 0.239005 0.215804 0.737761
v 0.282504 0.319538 0.737761
v 0.284864 0.315076 0.733782
v 0.284864 0.315076 0.693276
v 0.289059 0.318205 0.692210
v 0.290301 0.317952 0.737761
v 0.284864 0.315076 0.693276
v 0.284864 0.315076 0.733782
v 0.282504 0.319538 0.737761
v 0.283747 0.319285 0.686385
v 0.099427 0.517444 0.756041
v 0.141292 0.475213 0.756041
v 0.147410 0.474583 0.752063
v 0.098851 0.523567 0.752063
v 0.141292 0.475213 0.756041
v 0.099427 0.517444 0.756041
v 0.094402 0.516971 0.752063
v 0.140775 0.470192 0.752063
v 0.141292 0.475213 0.756041
v 0.141292 0.475213 0.881211
v 0.146568 0.474026 0.887838
v 0.147410 0.474583 0.752063
v 0.141292 0.475213 0.881211
v 0.141292 0.475213 0.756041
v 0.140775 0.470192 0.752063
v 0.141617 0.470749 0.882541
v 0.141292 0.475213 0.881211
v 0.099427 0.517444 0.881211
v 0.098287 0.522730 0.887838
v 0.146568 0.474026 0.887838
v 0.099427 0.517444 0.881211
v 0.141292 0.475213 0.881211
v 0.141617 0.470749 0.882541
v 0.094967 0.517808 0.882541
v 0.099427 0.517444 0.881211
v 0.099427 0.517444 0.756041
v 0.098851 0.523567 0.752063
v 0.098287 0.522730 0.887838
v 0.099427 0.517444 0.756041
v 0.099427 0.517444 0.881211
v 0.094967 0.517808 0.882541
v 0.094402 0.516971 0.752063
v -0.099427 0.236585 0.756041
v -0.141292 0.278816 0.756041
v -0.147410 0.279446 0.752063
v -0.098851 0.230461 0.752063
v -0.141292 0.278816 0.756041
v -0.099427 0.236585 0.756041
v -0.094402 0.237058 0.752063
v -0.140775 0.283837 0.752063
v -0.141292 0.278816 0.756041
v -0.141292 0.278816 0.881211
v -0.146568 0.280003 0.887838
v -0.147410 0.279446 0.752063
v -0.141292 0.278816 0.881211
v -0.141292 0.278816 0.756041
v -0.140775 0.283837 0.752063
v -0.141617 0.283280 0.882541
v -0.141292 0.278816 0.881211
v -0.099427 0.236585 0.881211
v -0.098287 0.231299 0.887838
v -0.146568 0.280003 0.887838
v -0.099427 0.236585 0.881211
v -0.141292 0.278816 0.881211
v -0.141617 0.283280 0.882541
v -0.094967 0.236221 0.882541
v -0.099427 0.236585 0.881211
v -0.099427 0.236585 0.756041
v -0.098851 0.230461 0.752063
v -0.098287 0.231299 0.887838
v -0.099427 0.236585 0.756041
v -0.099427 0.236585 0.881211
v -0.094967 0.236221 0.882541
v -0.094402 0.237058 0.752063
v 0.038119 0.544804 0.756041
v 0.092958 0.521808 0.756041
v 0.098851 0.523567 0.752063
v 0.035243 0.550241 0.752063
v 0.092958 0.521808 0.756041
v 0.038119 0.544804 0.756041
v 0.033657 0.542444 0.752063
v 0.094402 0.516971 0.752063
v 0.092958 0.521808 0.756041
v 0.092958 0.521808 0.881211
v 0.098287 0.522730 0.887838
v 0.098851 0.523567 0.752063
v 0.092958 0.521808 0.881211
v 0.092958 0.521808 0.756041
v 0.094402 0.516971 0.752063
v 0.094967 0.517808 0.882541
v 0.092958 0.521808 0.881211
v 0.038119 0.544804 0.881211
v 0.035042 0.549251 0.887838
v 0.098287 0.522730 0.887838
v 0.038119 0.544804 0.881211
v 0.092958 0.521808 0.881211
v 0.094967 0.517808 0.882541
v 0.033858 0.543433 0.882541
v 0.038119 0.544804 0.881211
v 0.038119 0.544804 0.756041
v 0.035243 0.550241 0.752063
v 0.035042 0.549251 0.887838
v 0.038119 0.544804 0.756041
v 0.038119 0.544804 0.881211
v 0.033858 0.543433 0.882541
v 0.033657 0.542444 0.752063
v -0.038119 0.209225 0.756041
v -0.092958 0.232221 0.756041
v -0.098851 0.230461 0.752063
v -0.035243 0.203788 0.752063
v -0.092958 0.232221 0.756041
v -0.038119 0.209225 0.756041
v -0.033657 0.211585 0.752063
v -0.094402 0.237058 0.752063
v -0.092958 0.232221 0.756041
v -0.092958 0.232221 0.881211
v -0.098287 0.231299 0.887838
v -0.098851 0.230461 0.752063
v -0.092958 0.232221 0.881211
v -0.092958 0.232221 0.756041
v -0.094402 0.237058 0.752063
v -0.094967 0.236221 0.882541
v -0.092958 0.232221 0.881211
v -0.038119 0.209225 0.881211
v -0.035042 0.204778 0.887838
v -0.098287 0.231299 0.887838
v -0.038119 0.209225 0.881211
v -0.092958 0.232221 0.881211
v -0.094967 0.236221 0.882541
v -0.033858 0.210596 0.882541
v -0.038119 0.209225 0.881211
v -0.038119 0.209225 0.756041
v -0.035243 0.203788 0.752063
v -0.035042 0.204778 0.887838
v -0.038119 0.209225 0.756041
v -0.038119 0.209225 0.881211
v -0.033858 0.210596 0.882541
v -0.033657 0.211585 0.752063
v -0.028993 0.546619 0.756041
v 0.030472 0.546360 0.756041
v 0.035243 0.550241 0.752063
v -0.033730 0.550542 0.752063
v 0.030472 0.546360 0.756041
v -0.028993 0.546619 0.756041
v -0.032212 0.542731 0.752063
v 0.033657 0.542444 0.752063
v 0.030472 0.546360 0.756041
v 0.030472 0.546360 0.881211
v 0.035042 0.549251 0.887838
v 0.035243 0.550241 0.752063
v 0.030472 0.546360 0.881211
v 0.030472 0.546360 0.756041
v 0.033657 0.542444 0.752063
v 0.033858 0.543433 0.882541
v 0.030472 0.546360 0.881211
v -0.028993 0.546619 0.881211
v -0.033538 0.549550 0.887838
v 0.035042 0.549251 0.887838
v -0.028993 0.546619 0.881211
v 0.030472 0.546360 0.881211
v 0.033858 0.543433 0.882541
v -0.032405 0.543722 0.882541
v -0.028993 0.546619 0.881211
v -0.028993 0.546619 0.756041
v -0.033730 0.550542 0.752063
v -0.033538 0.549550 0.887838
v -0.028993 0.546619 0.756041
v -0.028993 0.546619 0.881211
v -0.032405 0.543722 0.882541
v -0.032212 0.542731 0.752063
v 0.091691 0.231415 0.756041
v 0.036653 0.208899 0.756041
v 0.033730 0.203487 0.752063
v 0.097569 0.229604 0.752063
v 0.036653 0.208899 0.756041
v 0.091691 0.231415 0.756041
v 0.093177 0.236239 0.752063
v 0.032212 0.211298 0.752063
v 0.036653 0.208899 0.756041
v 0.036653 0.208899 0.881211
v 0.033538 0.204479 0.887838
v 0.033730 0.203487 0.752063
v 0.036653 0.208899 0.881211
v 0.036653 0.208899 0.756041
v 0.032212 0.211298 0.752063
v 0.032405 0.210307 0.882541
v 0.036653 0.208899 0.881211
v 0.091691 0.231415 0.881211
v 0.097011 0.230446 0.887838
v 0.033538 0.204479 0.887838
v 0.091691 0.231415 0.881211
v 0.036653 0.208899 0.881211
v 0.032405 0.210307 0.882541
v 0.093735 0.235397 0.882541
v 0.091691 0.231415 0.881211
v 0.091691 0.231415 0.756041
v 0.097569 0.229604 0.752063
v 0.097011 0.230446 0.887838
v 0.091691 0.231415 0.756041
v 0.091691 0.231415 0.881211
v 0.093735 0.235397 0.882541
v 0.093177 0.236239 0.752063
v 0.028993 0.207410 0.756041
v -0.030472 0.207669 0.756041
v -0.035243 0.203788 0.752063
v 0.033730 0.203487 0.752063
v -0.030472 0.207669 0.756041
v 0.028993 0.207410 0.756041
v 0.032212 0.211298 0.752063
v -0.033657 0.211585 0.752063
v -0.030472 0.207669 0.756041
v -0.030472 0.207669 0.881211
v -0.035042 0.204778 0.887838
v -0.035243 0.203788 0.752063
v -0.030472 0.207669 0.881211
v -0.030472 0.207669 0.756041
v -0.033657 0.211585 0.752063
v -0.033858 0.210596 0.882541
v -0.030472 0.207669 0.881211
v 0.028993 0.207410 0.881211
v 0.033538 0.204479 0.887838
v -0.035042 0.204778 0.887838
v 0.028993 0.207410 0.881211
v -0.030472 0.207669 0.881211
v -0.033858 0.210596 0.882541
v 0.032405 0.210307 0.882541
v 0.028993 0.207410 0.881211
v 0.028993 0.207410 0.756041
v 0.033730 0.203487 0.752063
v 0.033538 0.204479 0.887838
v 0.028993 0.207410 0.756041
v 0.028993 0.207410 0.881211
v 0.032405 0.210307 0.882541
v 0.032212 0.211298 0.752063
v -0.091691 0.522614 0.756041
v -0.036653 0.545130 0.756041
v -0.033730 0.550542 0.752063
v -0.097568 0.524425 0.752063
v -0.036653 0.545130 0.756041
v -0.091691 0.522614 0.756041
v -0.093177 0.517790 0.752063
v -0.032212 0.542731 0.752063
v -0.036653 0.545130 0.756041
v -0.036653 0.545130 0.881211
v -0.033538 0.549550 0.887838
v -0.033730 0.550542 0.752063
v -0.036653 0.545130 0.881211
v -0.036653 0.545130 0.756041
v -0.032212 0.542731 0.752063
v -0.032405 0.543722 0.882541
v -0.036653 0.545130 0.881211
v -0.091691 0.522614 0.881211
v -0.097011 0.523583 0.887838
v -0.033538 0.549550 0.887838
v -0.091691 0.522614 0.881211
v -0.036653 0.545130 0.881211
v -0.032405 0.543722 0.882541
v -0.093734 0.518632 0.882541
v -0.091691 0.522614 0.881211
v -0.091691 0.522614 0.756041
v -0.097568 0.524425 0.752063
v -0.097011 0.523583 0.887838
v -0.091691 0.522614 0.756041
v -0.091691 0.522614 0.881211
v -0.093734 0.518632 0.882541
v -0.093177 0.517790 0.752063
v 0.140430 0.277587 0.756041
v 0.098198 0.235723 0.756041
v 0.097569 0.229604 0.752063
v 0.146553 0.278163 0.752063
v 0.098198 0.235723 0.756041
v 0.140430 0.277587 0.756041
v 0.139957 0.282612 0.752063
v 0.093177 0.236239 0.752063
v 0.098198 0.235723 0.756041
v 0.098198 0.235723 0.881211
v 0.097011 0.230446 0.887838
v 0.097569 0.229604 0.752063
v 0.098198 0.235723 0.881211
v 0.098198 0.235723 0.756041
v 0.093177 0.236239 0.752063
v 0.093735 0.235397 0.882541
v 0.098198 0.235723 0.881211
v 0.140430 0.277587 0.881211
v 0.145716 0.278728 0.887838
v 0.097011 0.230446 0.887838
v 0.140430 0.277587 0.881211
v 0.098198 0.235723 0.881211
v 0.093735 0.235397 0.882541
v 0.140794 0.282048 0.882541
v 0.140430 0.277587 0.881211
v 0.140430 0.277587 0.756041
v 0.146553 0.278163 0.752063
v 0.145716 0.278728 0.887838
v 0.140430 0.277587 0.756041
v 0.140430 0.277587 0.881211
v 0.140794 0.282048 0.882541
v 0.139957 0.282612 0.752063
v -0.140429 0.476442 0.756041
v -0.098198 0.518306 0.756041
v -0.097568 0.524425 0.752063
v -0.146553 0.475866 0.752063
v -0.098198 0.518306 0.756041
v -0.140429 0.476442 0.756041
v -0.139957 0.471417 0.752063
v -0.093177 0.517790 0.752063
v -0.098198 0.518306 0.756041
v -0.098198 0.518306 0.881211
v -0.097011 0.523583 0.887838
v -0.097568 0.524425 0.752063
v -0.098198 0.518306 0.881211
v -0.098198 0.518306 0.756041
v -0.093177 0.517790 0.752063
v -0.093734 0.518632 0.882541
v -0.098198 0.518306 0.881211
v -0.140429 0.476442 0.881211
v -0.145716 0.475301 0.887838
v -0.097011 0.523583 0.887838
v -0.140429 0.476442 0.881211
v -0.098198 0.518306 0.881211
v -0.093734 0.518632 0.882541
v -0.140794 0.471981 0.882541
v -0.140429 0.476442 0.881211
v -0.140429 0.476442 0.756041
v -0.146553 0.475866 0.752063
v -0.145716 0.475301 0.887838
v -0.140429 0.476442 0.756041
v -0.140429 0.476442 0.881211
v -0.140794 0.471981 0.882541
v -0.139957 0.471417 0.752063
v 0.167789 0.338896 0.756041
v 0.144793 0.284057 0.756041
v 0.146553 0.278163 0.752063
v 0.173226 0.341771 0.752063
v 0.144793 0.284057 0.756041
v 0.167789 0.338896 0.756041
v 0.165429 0.343357 0.752063
v 0.139957 0.282612 0.752063
v 0.144793 0.284057 0.756041
v 0.144793 0.284057 0.881211
v 0.145716 0.278728 0.887838
v 0.146553 0.278163 0.752063
v 0.144793 0.284057 0.881211
v 0.144793 0.284057 0.756041
v 0.139957 0.282612 0.752063
v 0.140794 0.282048 0.882541
v 0.144793 0.284057 0.881211
v 0.167789 0.338896 0.881211
v 0.172237 0.341973 0.887838
v 0.145716 0.278728 0.887838
v 0.167789 0.338896 0.881211
v 0.144793 0.284057 0.881211
v 0.140794 0.282048 0.882541
v 0.166419 0.343156 0.882541
v 0.167789 0.338896 0.881211
v 0.167789 0.338896 0.756041
v 0.173226 0.341771 0.752063
v 0.172237 0.341973 0.887838
v 0.167789 0.338896 0.756041
v 0.167789 0.338896 0.881211
v 0.166419 0.343156 0.882541
v 0.165429 0.343357 0.752063
v -0.167789 0.415133 0.756041
v -0.144793 0.469972 0.756041
v -0.146553 0.475866 0.752063
v -0.173226 0.412258 0.752063
v -0.144793 0.469972 0.756041
v -0.167789 0.415133 0.756041
v -0.165429 0.410671 0.752063
v -0.139957 0.471417 0.752063
v -0.144793 0.469972 0.756041
v -0.144793 0.469972 0.881211
v -0.145716 0.475301 0.887838
v -0.146553 0.475866 0.752063
v -0.144793 0.469972 0.881211
v -0.144793 0.469972 0.756041
v -0.139957 0.471417 0.752063
v -0.140794 0.471981 0.882541
v -0.144793 0.469972 0.881211
v -0.167789 0.415133 0.881211
v -0.172237 0.412056 0.887838
v -0.145716 0.475301 0.887838
v -0.167789 0.415133 0.881211
v -0.144793 0.469972 0.881211
v -0.140794 0.471981 0.882541
v -0.166419 0.410873 0.882541
v -0.167789 0.415133 0.881211
v -0.167789 0.415133 0.756041
v -0.173226 0.412258 0.752063
v -0.172237 0.412056 0.887838
v -0.167789 0.415133 0.756041
v -0.167789 0.415133 0.881211
v -0.166419 0.410873 0.882541
v -0.165429 0.410671 0.752063
v 0.169605 0.406007 0.756041
v 0.169345 0.346543 0.756041
v 0.173226 0.341771 0.752063
v 0.173527 0.410745 0.752063
v 0.169345 0.346543 0.756041
v 0.169605 0.406007 0.756041
v 0.165717 0.409227 0.752063
v 0.165429 0.343357 0.752063
v 0.169345 0.346543 0.756041
v 0.169345 0.346543 0.881211
v 0.172237 0.341973 0.887838
v 0.173226 0.341771 0.752063
v 0.169345 0.346543 0.881211
v 0.169345 0.346543 0.756041
v 0.165429 0.343357 0.752063
v 0.166419 0.343156 0.882541
v 0.169345 0.346543 0.881211
v 0.169605 0.406007 0.881211
v 0.172536 0.410552 0.887838
v 0.172237 0.341973 0.887838
v 0.169605 0.406007 0.881211
v 0.169345 0.346543 0.881211
v 0.166419 0.343156 0.882541
v 0.166708 0.409419 0.882541
v 0.169605 0.406007 0.881211
v 0.169605 0.406007 0.756041
v 0.173527 0.410745 0.752063
v 0.172536 0.410552 0.887838
v 0.169605 0.406007 0.756041
v 0.169605 0.406007 0.881211
v 0.166708 0.409419 0.882541
v 0.165717 0.409227 0.752063
v -0.169604 0.348022 0.756041
v -0.169345 0.407486 0.756041
v -0.173226 0.412258 0.752063
v -0.173527 0.343284 0.752063
v -0.169345 0.407486 0.756041
v -0.169604 0.348022 0.756041
v -0.165717 0.344802 0.752063
v -0.165429 0.410671 0.752063
v -0.169345 0.407486 0.756041
v -0.169345 0.407486 0.881211
v -0.172237 0.412056 0.887838
v -0.173226 0.412258 0.752063
v -0.169345 0.407486 0.881211
v -0.169345 0.407486 0.756041
v -0.165429 0.410671 0.752063
v -0.166419 0.410873 0.882541
v -0.169345 0.407486 0.881211
v -0.169604 0.348022 0.881211
v -0.172536 0.343477 0.887838
v -0.172237 0.412056 0.887838
v -0.169604 0.348022 0.881211
v -0.169345 0.407486 0.881211
v -0.166419 0.410873 0.882541
v -0.166708 0.344610 0.882541
v -0.169604 0.348022 0.881211
v -0.169604 0.348022 0.756041
v -0.173527 0.343284 0.752063
v -0.172536 0.343477 0.887838
v -0.169604 0.348022 0.756041
v -0.169604 0.348022 0.881211
v -0.166708 0.344610 0.882541
v -0.165717 0.344802 0.752063
v 0.145599 0.468705 0.756041
v 0.168116 0.413668 0.756041
v 0.173527 0.410745 0.752063
v 0.147410 0.474583 0.752063
v 0.168116 0.413668 0.756041
v 0.145599 0.468705 0.756041
v 0.140775 0.470192 0.752063
v 0.165717 0.409227 0.752063
v 0.168116 0.413668 0.756041
v 0.168116 0.413668 0.881211
v 0.172536 0.410552 0.887838
v 0.173527 0.410745 0.752063
v 0.168116 0.413668 0.881211
v 0.168116 0.413668 0.756041
v 0.165717 0.409227 0.752063
v 0.166708 0.409419 0.882541
v 0.168116 0.413668 0.881211
v 0.145599 0.468705 0.881211
v 0.146568 0.474026 0.887838
v 0.172536 0.410552 0.887838
v 0.145599 0.468705 0.881211
v 0.168116 0.413668 0.881211
v 0.166708 0.409419 0.882541
v 0.141617 0.470749 0.882541
v 0.145599 0.468705 0.881211
v 0.145599 0.468705 0.756041
v 0.147410 0.474583 0.752063
v 0.146568 0.474026 0.887838
v 0.145599 0.468705 0.756041
v 0.145599 0.468705 0.881211
v 0.141617 0.470749 0.882541
v 0.140775 0.470192 0.752063
v -0.145599 0.285324 0.756041
v -0.168115 0.340361 0.756041
v -0.173527 0.343284 0.752063
v -0.147410 0.279446 0.752063
v -0.168115 0.340361 0.756041
v -0.145599 0.285324 0.756041
v -0.140775 0.283837 0.752063
v -0.165717 0.344802 0.752063
v -0.168115 0.340361 0.756041
v -0.168115 0.340361 0.881211
v -0.172536 0.343477 0.887838
v -0.173527 0.343284 0.752063
v -0.168115 0.340361 0.881211
v -0.168115 0.340361 0.756041
v -0.165717 0.344802 0.752063
v -0.166708 0.344610 0.882541
v -0.168115 0.340361 0.881211
v -0.145599 0.285324 0.881211
v -0.146568 0.280003 0.887838
v -0.172536 0.343477 0.887838
v -0.145599 0.285324 0.881211
v -0.168115 0.340361 0.881211
v -0.166708 0.344610 0.882541
v -0.141617 0.283280 0.882541
v -0.145599 0.285324 0.881211
v -0.145599 0.285324 0.756041
v -0.147410 0.279446 0.752063
v -0.146568 0.280003 0.887838
v -0.145599 0.285324 0.756041
v -0.145599 0.285324 0.881211
v -0.141617 0.283280 0.882541
v -0.140775 0.283837 0.752063
v 0.023469 0.542412 0.885189
v -0.021904 0.504825 0.885189
v -0.020966 0.500436 0.889168
v 0.035042 0.549251 0.887838
v -0.021904 0.504825 0.885189
v 0.023469 0.542412 0.885189
v 0.033858 0.543433 0.882541
v -0.020966 0.500436 0.881211
v -0.021904 0.504825 0.885189
v -0.083105 0.521828 0.885189
v -0.097011 0.523583 0.887838
v -0.020966 0.500436 0.889168
v -0.083105 0.521828 0.885189
v -0.021904 0.504825 0.885189
v -0.020966 0.500436 0.881211
v -0.093734 0.518632 0.882541
v -0.083105 0.521828 0.885189
v -0.032197 0.542655 0.885189
v -0.033538 0.549550 0.887838
v -0.097011 0.523583 0.887838
v -0.032197 0.542655 0.885189
v -0.083105 0.521828 0.885189
v -0.093734 0.518632 0.882541
v -0.032405 0.543722 0.882541
v -0.032197 0.542655 0.885189
v 0.023469 0.542412 0.885189
v 0.035042 0.549251 0.887838
v -0.033538 0.549550 0.887838
v 0.023469 0.542412 0.885189
v -0.032197 0.542655 0.885189
v -0.032405 0.543722 0.882541
v 0.033858 0.543433 0.882541
v -0.027819 0.498211 0.885189
v -0.078353 0.434663 0.885189
v -0.077529 0.429308 0.889168
v -0.020966 0.500436 0.889168
v -0.078353 0.434663 0.885189
v -0.027819 0.498211 0.885189
v -0.020966 0.500436 0.881211
v -0.077529 0.429308 0.881211
v -0.078353 0.434663 0.885189
v -0.137011 0.474229 0.885189
v -0.145716 0.475301 0.887838
v -0.077529 0.429308 0.889168
v -0.137011 0.474229 0.885189
v -0.078353 0.434663 0.885189
v -0.077529 0.429308 0.881211
v -0.140794 0.471981 0.882541
v -0.137011 0.474229 0.885189
v -0.094212 0.516656 0.885189
v -0.097011 0.523583 0.887838
v -0.145716 0.475301 0.887838
v -0.094212 0.516656 0.885189
v -0.137011 0.474229 0.885189
v -0.140794 0.471981 0.882541
v -0.093734 0.518632 0.882541
v -0.094212 0.516656 0.885189
v -0.027819 0.498211 0.885189
v -0.020966 0.500436 0.889168
v -0.097011 0.523583 0.887838
v -0.027819 0.498211 0.885189
v -0.094212 0.516656 0.885189
v -0.093734 0.518632 0.882541
v -0.020966 0.500436 0.881211
v -0.082803 0.428067 0.885189
v -0.122792 0.357407 0.885189
v -0.122288 0.350220 0.889168
v -0.077529 0.429308 0.889168
v -0.122792 0.357407 0.885189
v -0.082803 0.428067 0.885189
v -0.077529 0.429308 0.881211
v -0.122288 0.350220 0.881211
v -0.122792 0.357407 0.885189
v -0.164766 0.412056 0.885189
v -0.172237 0.412056 0.887838
v -0.122288 0.350220 0.889168
v -0.164766 0.412056 0.885189
v -0.122792 0.357407 0.885189
v -0.122288 0.350220 0.881211
v -0.166419 0.410873 0.882541
v -0.164766 0.412056 0.885189
v -0.141461 0.467632 0.885189
v -0.145716 0.475301 0.887838
v -0.172237 0.412056 0.887838
v -0.141461 0.467632 0.885189
v -0.164766 0.412056 0.885189
v -0.166419 0.410873 0.882541
v -0.140794 0.471981 0.882541
v -0.141461 0.467632 0.885189
v -0.082803 0.428067 0.885189
v -0.077529 0.429308 0.889168
v -0.145716 0.475301 0.887838
v -0.082803 0.428067 0.885189
v -0.141461 0.467632 0.885189
v -0.140794 0.471981 0.882541
v -0.077529 0.429308 0.881211
v -0.126709 0.349445 0.885189
v -0.144562 0.293295 0.885189
v -0.146568 0.280003 0.887838
v -0.122288 0.350220 0.889168
v -0.144562 0.293295 0.885189
v -0.126709 0.349445 0.885189
v -0.122288 0.350220 0.881211
v -0.141617 0.283280 0.882541
v -0.144562 0.293295 0.885189
v -0.165640 0.344817 0.885189
v -0.172536 0.343477 0.887838
v -0.146568 0.280003 0.887838
v -0.165640 0.344817 0.885189
v -0.144562 0.293295 0.885189
v -0.141617 0.283280 0.882541
v -0.166708 0.344610 0.882541
v -0.165640 0.344817 0.885189
v -0.165400 0.399820 0.885189
v -0.172237 0.412056 0.887838
v -0.172536 0.343477 0.887838
v -0.165400 0.399820 0.885189
v -0.165640 0.344817 0.885189
v -0.166708 0.344610 0.882541
v -0.166419 0.410873 0.882541
v -0.165400 0.399820 0.885189
v -0.126709 0.349445 0.885189
v -0.122288 0.350220 0.889168
v -0.172237 0.412056 0.887838
v -0.126709 0.349445 0.885189
v -0.165400 0.399820 0.885189
v -0.166419 0.410873 0.882541
v -0.122288 0.350220 0.881211
v 0.090618 0.518475 0.885189
v 0.054182 0.464457 0.885189
v 0.055466 0.459246 0.889168
v 0.098287 0.522730 0.887838
v 0.054182 0.464457 0.885189
v 0.090618 0.518475 0.885189
v 0.094967 0.517808 0.882541
v 0.055466 0.459246 0.881211
v 0.054182 0.464457 0.885189
v -0.013883 0.501138 0.885189
v -0.020966 0.500436 0.889168
v 0.055466 0.459246 0.889168
v -0.013883 0.501138 0.885189
v 0.054182 0.464457 0.885189
v 0.055466 0.459246 0.881211
v -0.020966 0.500436 0.881211
v -0.013883 0.501138 0.885189
v 0.035133 0.541742 0.885189
v 0.035042 0.549251 0.887838
v -0.020966 0.500436 0.889168
v 0.035133 0.541742 0.885189
v -0.013883 0.501138 0.885189
v -0.020966 0.500436 0.881211
v 0.033858 0.543433 0.882541
v 0.035133 0.541742 0.885189
v 0.090618 0.518475 0.885189
v 0.098287 0.522730 0.887838
v 0.035042 0.549251 0.887838
v 0.090618 0.518475 0.885189
v 0.035133 0.541742 0.885189
v 0.033858 0.543433 0.882541
v 0.094967 0.517808 0.882541
v 0.049711 0.457829 0.885189
v -0.001073 0.382537 0.885189
v 0.000000 0.377015 0.889168
v 0.055466 0.459246 0.889168
v -0.001073 0.382537 0.885189
v 0.049711 0.457829 0.885189
v 0.055466 0.459246 0.881211
v 0.000000 0.377015 0.881211
v -0.001073 0.382537 0.885189
v -0.071737 0.430200 0.885189
v -0.077529 0.429308 0.889168
v 0.000000 0.377015 0.889168
v -0.071737 0.430200 0.885189
v -0.001073 0.382537 0.885189
v 0.000000 0.377015 0.881211
v -0.077529 0.429308 0.881211
v -0.071737 0.430200 0.885189
v -0.019924 0.495355 0.885189
v -0.020966 0.500436 0.889168
v -0.077529 0.429308 0.889168
v -0.019924 0.495355 0.885189
v -0.071737 0.430200 0.885189
v -0.077529 0.429308 0.881211
v -0.020966 0.500436 0.881211
v -0.019924 0.495355 0.885189
v 0.049711 0.457829 0.885189
v 0.055466 0.459246 0.889168
v -0.020966 0.500436 0.889168
v 0.049711 0.457829 0.885189
v -0.019924 0.495355 0.885189
v -0.020966 0.500436 0.881211
v 0.055466 0.459246 0.881211
v -0.005523 0.375941 0.885189
v -0.056307 0.300650 0.885189
v -0.055466 0.294783 0.889168
v 0.000000 0.377015 0.889168
v -0.056307 0.300650 0.885189
v -0.005523 0.375941 0.885189
v 0.000000 0.377015 0.881211
v -0.055466 0.294783 0.881211
v -0.056307 0.300650 0.885189
v -0.117187 0.351157 0.885189
v -0.122288 0.350220 0.889168
v -0.055466 0.294783 0.889168
v -0.117187 0.351157 0.885189
v -0.056307 0.300650 0.885189
v -0.055466 0.294783 0.881211
v -0.122288 0.350220 0.881211
v -0.117187 0.351157 0.885189
v -0.076186 0.423604 0.885189
v -0.077529 0.429308 0.889168
v -0.122288 0.350220 0.889168
v -0.076186 0.423604 0.885189
v -0.117187 0.351157 0.885189
v -0.122288 0.350220 0.881211
v -0.077529 0.429308 0.881211
v -0.076186 0.423604 0.885189
v -0.005523 0.375941 0.885189
v 0.000000 0.377015 0.889168
v -0.077529 0.429308 0.889168
v -0.005523 0.375941 0.885189
v -0.076186 0.423604 0.885189
v -0.077529 0.429308 0.881211
v 0.000000 0.377015 0.881211
v -0.060779 0.294021 0.885189
v -0.097214 0.240003 0.885189
v -0.098287 0.231299 0.887838
v -0.055466 0.294783 0.889168
v -0.097214 0.240003 0.885189
v -0.060779 0.294021 0.885189
v -0.055466 0.294783 0.881211
v -0.094967 0.236221 0.882541
v -0.097214 0.240003 0.885189
v -0.139571 0.282732 0.885189
v -0.146568 0.280003 0.887838
v -0.098287 0.231299 0.887838
v -0.139571 0.282732 0.885189
v -0.097214 0.240003 0.885189
v -0.094967 0.236221 0.882541
v -0.141617 0.283280 0.882541
v -0.139571 0.282732 0.885189
v -0.120286 0.343389 0.885189
v -0.122288 0.350220 0.889168
v -0.146568 0.280003 0.887838
v -0.120286 0.343389 0.885189
v -0.139571 0.282732 0.885189
v -0.141617 0.283280 0.882541
v -0.122288 0.350220 0.881211
v -0.120286 0.343389 0.885189
v -0.060779 0.294021 0.885189
v -0.055466 0.294783 0.889168
v -0.122288 0.350220 0.889168
v -0.060779 0.294021 0.885189
v -0.120286 0.343389 0.885189
v -0.122288 0.350220 0.881211
v -0.055466 0.294783 0.881211
v 0.139572 0.471297 0.885189
v 0.120286 0.410640 0.885189
v 0.122289 0.403809 0.889168
v 0.146568 0.474026 0.887838
v 0.120286 0.410640 0.885189
v 0.139572 0.471297 0.885189
v 0.141617 0.470749 0.882541
v 0.122289 0.403809 0.881211
v 0.120286 0.410640 0.885189
v 0.060779 0.460008 0.885189
v 0.055466 0.459246 0.889168
v 0.122289 0.403809 0.889168
v 0.060779 0.460008 0.885189
v 0.120286 0.410640 0.885189
v 0.122289 0.403809 0.881211
v 0.055466 0.459246 0.881211
v 0.060779 0.460008 0.885189
v 0.097214 0.514026 0.885189
v 0.098287 0.522730 0.887838
v 0.055466 0.459246 0.889168
v 0.097214 0.514026 0.885189
v 0.060779 0.460008 0.885189
v 0.055466 0.459246 0.881211
v 0.094967 0.517808 0.882541
v 0.097214 0.514026 0.885189
v 0.139572 0.471297 0.885189
v 0.146568 0.474026 0.887838
v 0.098287 0.522730 0.887838
v 0.139572 0.471297 0.885189
v 0.097214 0.514026 0.885189
v 0.094967 0.517808 0.882541
v 0.141617 0.470749 0.882541
v 0.117187 0.402872 0.885189
v 0.076186 0.330425 0.885189
v 0.077529 0.324721 0.889168
v 0.122289 0.403809 0.889168
v 0.076186 0.330425 0.885189
v 0.117187 0.402872 0.885189
v 0.122289 0.403809 0.881211
v 0.077529 0.324721 0.881211
v 0.076186 0.330425 0.885189
v 0.005523 0.378088 0.885189
v 0.000000 0.377015 0.889168
v 0.077529 0.324721 0.889168
v 0.005523 0.378088 0.885189
v 0.076186 0.330425 0.885189
v 0.077529 0.324721 0.881211
v 0.000000 0.377015 0.881211
v 0.005523 0.378088 0.885189
v 0.056307 0.453379 0.885189
v 0.055466 0.459246 0.889168
v 0.000000 0.377015 0.889168
v 0.056307 0.453379 0.885189
v 0.005523 0.378088 0.885189
v 0.000000 0.377015 0.881211
v 0.055466 0.459246 0.881211
v 0.056307 0.453379 0.885189
v 0.117187 0.402872 0.885189
v 0.122289 0.403809 0.889168
v 0.055466 0.459246 0.889168
v 0.117187 0.402872 0.885189
v 0.056307 0.453379 0.885189
v 0.055466 0.459246 0.881211
v 0.122289 0.403809 0.881211
v 0.071737 0.323829 0.885189
v 0.019924 0.258674 0.885189
v 0.020966 0.253593 0.889168
v 0.077529 0.324721 0.889168
v 0.019924 0.258674 0.885189
v 0.071737 0.323829 0.885189
v 0.077529 0.324721 0.881211
v 0.020966 0.253593 0.881211
v 0.019924 0.258674 0.885189
v -0.049711 0.296200 0.885189
v -0.055466 0.294783 0.889168
v 0.020966 0.253593 0.889168
v -0.049711 0.296200 0.885189
v 0.019924 0.258674 0.885189
v 0.020966 0.253593 0.881211
v -0.055466 0.294783 0.881211
v -0.049711 0.296200 0.885189
v 0.001074 0.371492 0.885189
v 0.000000 0.377015 0.889168
v -0.055466 0.294783 0.889168
v 0.001074 0.371492 0.885189
v -0.049711 0.296200 0.885189
v -0.055466 0.294783 0.881211
v 0.000000 0.377015 0.881211
v 0.001074 0.371492 0.885189
v 0.071737 0.323829 0.885189
v 0.077529 0.324721 0.889168
v 0.000000 0.377015 0.889168
v 0.071737 0.323829 0.885189
v 0.001074 0.371492 0.885189
v 0.000000 0.377015 0.881211
v 0.077529 0.324721 0.881211
v 0.013883 0.252891 0.885189
v -0.035133 0.212287 0.885189
v -0.035042 0.204778 0.887838
v 0.020966 0.253593 0.889168
v -0.035133 0.212287 0.885189
v 0.013883 0.252891 0.885189
v 0.020966 0.253593 0.881211
v -0.033858 0.210596 0.882541
v -0.035133 0.212287 0.885189
v -0.090618 0.235554 0.885189
v -0.098287 0.231299 0.887838
v -0.035042 0.204778 0.887838
v -0.090618 0.235554 0.885189
v -0.035133 0.212287 0.885189
v -0.033858 0.210596 0.882541
v -0.094967 0.236221 0.882541
v -0.090618 0.235554 0.885189
v -0.054182 0.289571 0.885189
v -0.055466 0.294783 0.889168
v -0.098287 0.231299 0.887838
v -0.054182 0.289571 0.885189
v -0.090618 0.235554 0.885189
v -0.094967 0.236221 0.882541
v -0.055466 0.294783 0.881211
v -0.054182 0.289571 0.885189
v 0.013883 0.252891 0.885189
v 0.020966 0.253593 0.889168
v -0.055466 0.294783 0.889168
v 0.013883 0.252891 0.885189
v -0.054182 0.289571 0.885189
v -0.055466 0.294783 0.881211
v 0.020966 0.253593 0.881211
v 0.165640 0.409212 0.885189
v 0.165400 0.354209 0.885189
v 0.172237 0.341973 0.887838
v 0.172536 0.410552 0.887838
v 0.165400 0.354209 0.885189
v 0.165640 0.409212 0.885189
v 0.166708 0.409419 0.882541
v 0.166419 0.343156 0.882541
v 0.165400 0.354209 0.885189
v 0.126710 0.404584 0.885189
v 0.122289 0.403809 0.889168
v 0.172237 0.341973 0.887838
v 0.126710 0.404584 0.885189
v 0.165400 0.354209 0.885189
v 0.166419 0.343156 0.882541
v 0.122289 0.403809 0.881211
v 0.126710 0.404584 0.885189
v 0.144562 0.460734 0.885189
v 0.146568 0.474026 0.887838
v 0.122289 0.403809 0.889168
v 0.144562 0.460734 0.885189
v 0.126710 0.404584 0.885189
v 0.122289 0.403809 0.881211
v 0.141617 0.470749 0.882541
v 0.144562 0.460734 0.885189
v 0.165640 0.409212 0.885189
v 0.172536 0.410552 0.887838
v 0.146568 0.474026 0.887838
v 0.165640 0.409212 0.885189
v 0.144562 0.460734 0.885189
v 0.141617 0.470749 0.882541
v 0.166708 0.409419 0.882541
v 0.164766 0.341973 0.885189
v 0.141461 0.286397 0.885189
v 0.145716 0.278728 0.887838
v 0.172237 0.341973 0.887838
v 0.141461 0.286397 0.885189
v 0.164766 0.341973 0.885189
v 0.166419 0.343156 0.882541
v 0.140794 0.282048 0.882541
v 0.141461 0.286397 0.885189
v 0.082803 0.325962 0.885189
v 0.077529 0.324721 0.889168
v 0.145716 0.278728 0.887838
v 0.082803 0.325962 0.885189
v 0.141461 0.286397 0.885189
v 0.140794 0.282048 0.882541
v 0.077529 0.324721 0.881211
v 0.082803 0.325962 0.885189
v 0.122792 0.396622 0.885189
v 0.122289 0.403809 0.889168
v 0.077529 0.324721 0.889168
v 0.122792 0.396622 0.885189
v 0.082803 0.325962 0.885189
v 0.077529 0.324721 0.881211
v 0.122289 0.403809 0.881211
v 0.122792 0.396622 0.885189
v 0.164766 0.341973 0.885189
v 0.172237 0.341973 0.887838
v 0.122289 0.403809 0.889168
v 0.164766 0.341973 0.885189
v 0.122792 0.396622 0.885189
v 0.122289 0.403809 0.881211
v 0.166419 0.343156 0.882541
v 0.137011 0.279800 0.885189
v 0.094212 0.237373 0.885189
v 0.097011 0.230446 0.887838
v 0.145716 0.278728 0.887838
v 0.094212 0.237373 0.885189
v 0.137011 0.279800 0.885189
v 0.140794 0.282048 0.882541
v 0.093735 0.235397 0.882541
v 0.094212 0.237373 0.885189
v 0.027819 0.255818 0.885189
v 0.020966 0.253593 0.889168
v 0.097011 0.230446 0.887838
v 0.027819 0.255818 0.885189
v 0.094212 0.237373 0.885189
v 0.093735 0.235397 0.882541
v 0.020966 0.253593 0.881211
v 0.027819 0.255818 0.885189
v 0.078354 0.319366 0.885189
v 0.077529 0.324721 0.889168
v 0.020966 0.253593 0.889168
v 0.078354 0.319366 0.885189
v 0.027819 0.255818 0.885189
v 0.020966 0.253593 0.881211
v 0.077529 0.324721 0.881211
v 0.078354 0.319366 0.885189
v 0.137011 0.279800 0.885189
v 0.145716 0.278728 0.887838
v 0.077529 0.324721 0.889168
v 0.137011 0.279800 0.885189
v 0.078354 0.319366 0.885189
v 0.077529 0.324721 0.881211
v 0.140794 0.282048 0.882541
v 0.083105 0.232201 0.885189
v 0.032197 0.211374 0.885189
v 0.033538 0.204479 0.887838
v 0.097011 0.230446 0.887838
v 0.032197 0.211374 0.885189
v 0.083105 0.232201 0.885189
v 0.093735 0.235397 0.882541
v 0.032405 0.210307 0.882541
v 0.032197 0.211374 0.885189
v -0.023469 0.211617 0.885189
v -0.035042 0.204778 0.887838
v 0.033538 0.204479 0.887838
v -0.023469 0.211617 0.885189
v 0.032197 0.211374 0.885189
v 0.032405 0.210307 0.882541
v -0.033858 0.210596 0.882541
v -0.023469 0.211617 0.885189
v 0.021904 0.249204 0.885189
v 0.020966 0.253593 0.889168
v -0.035042 0.204778 0.887838
v 0.021904 0.249204 0.885189
v -0.023469 0.211617 0.885189
v -0.033858 0.210596 0.882541
v 0.020966 0.253593 0.881211
v 0.021904 0.249204 0.885189
v 0.083105 0.232201 0.885189
v 0.097011 0.230446 0.887838
v 0.020966 0.253593 0.889168
v 0.083105 0.232201 0.885189
v 0.021904 0.249204 0.885189
v 0.020966 0.253593 0.881211
v 0.093735 0.235397 0.882541
v 0.442826 -0.288013 0.967164
v 0.442826 -0.288013 0.635789
v 0.437900 -0.283263 0.630986
v 0.439172 -0.282499 0.971143
v 0.442826 -0.288013 0.635789
v 0.442826 -0.288013 0.967164
v 0.439140 -0.290456 0.971143
v 0.440412 -0.289692 0.627028
v 0.442826 -0.288013 0.635789
v 0.534988 -0.326572 0.691639
v 0.537711 -0.324568 0.690854
v 0.437900 -0.283263 0.630986
v 0.534988 -0.326572 0.691639
v 0.442826 -0.288013 0.635789
v 0.440412 -0.289692 0.627028
v 0.539605 -0.331647 0.687756
v 0.534988 -0.326572 0.691639
v 0.534988 -0.326572 0.967168
v 0.537897 -0.324202 0.971146
v 0.537711 -0.324568 0.690854
v 0.534988 -0.326572 0.967168
v 0.534988 -0.326572 0.691639
v 0.539605 -0.331647 0.687756
v 0.539418 -0.332012 0.971146
v 0.534988 -0.326572 0.967168
v 0.442826 -0.288013 0.967164
v 0.439172 -0.282499 0.971143
v 0.537897 -0.324202 0.971146
v 0.442826 -0.288013 0.967164
v 0.534988 -0.326572 0.967168
v 0.539418 -0.332012 0.971146
v 0.439140 -0.290456 0.971143
v 0.448612 1.038152 0.635789
v 0.448612 1.038152 0.967164
v 0.444910 1.032671 0.971142
v 0.443645 1.033446 0.630986
v 0.448612 1.038152 0.967164
v 0.448612 1.038152 0.635789
v 0.446213 1.039852 0.627028
v 0.444948 1.040627 0.971142
v 0.448612 1.038152 0.967164
v 0.541107 1.075906 0.967167
v 0.543996 1.073511 0.971146
v 0.444910 1.032671 0.971142
v 0.541107 1.075906 0.967167
v 0.448612 1.038152 0.967164
v 0.444948 1.040627 0.971142
v 0.545585 1.081307 0.971146
v 0.541107 1.075906 0.967167
v 0.541107 1.075906 0.691639
v 0.543813 1.073878 0.690854
v 0.543996 1.073511 0.971146
v 0.541107 1.075906 0.691639
v 0.541107 1.075906 0.967167
v 0.545585 1.081307 0.971146
v 0.545768 1.080940 0.687756
v 0.541107 1.075906 0.691639
v 0.448612 1.038152 0.635789
v 0.443645 1.033446 0.630986
v 0.543813 1.073878 0.690854
v 0.448612 1.038152 0.635789
v 0.541107 1.075906 0.691639
v 0.545768 1.080940 0.687756
v 0.446213 1.039852 0.627028
v -0.661942 -0.068539 0.631067
v -0.451313 -0.281015 0.631067
v -0.443645 -0.279417 0.630986
v -0.660277 -0.060886 0.630986
v -0.451313 -0.281015 0.631067
v -0.661942 -0.068539 0.631067
v -0.666706 -0.063397 0.627028
v -0.446212 -0.285824 0.627028
v -0.451313 -0.281015 0.631067
v -0.544351 -0.318989 0.687245
v -0.543813 -0.319849 0.690854
v -0.443645 -0.279417 0.630986
v -0.544351 -0.318989 0.687245
v -0.451313 -0.281015 0.631067
v -0.446212 -0.285824 0.627028
v -0.545768 -0.326912 0.687756
v -0.544351 -0.318989 0.687245
v -0.700727 -0.161242 0.687245
v -0.701582 -0.160697 0.690854
v -0.543813 -0.319849 0.690854
v -0.700727 -0.161242 0.687245
v -0.544351 -0.318989 0.687245
v -0.545768 -0.326912 0.687756
v -0.708661 -0.162590 0.687756
v -0.700727 -0.161242 0.687245
v -0.661942 -0.068539 0.631067
v -0.660277 -0.060886 0.630986
v -0.701582 -0.160697 0.690854
v -0.661942 -0.068539 0.631067
v -0.700727 -0.161242 0.687245
v -0.708661 -0.162590 0.687756
v -0.666706 -0.063397 0.627028
v -0.442826 1.042042 0.967164
v -0.442826 1.042042 0.635789
v -0.437900 1.037292 0.630986
v -0.439171 1.036529 0.971142
v -0.442826 1.042042 0.635789
v -0.442826 1.042042 0.967164
v -0.439140 1.044485 0.971142
v -0.440411 1.043721 0.627028
v -0.442826 1.042042 0.635789
v -0.534988 1.080601 0.691639
v -0.537711 1.078597 0.690854
v -0.437900 1.037292 0.630986
v -0.534988 1.080601 0.691639
v -0.442826 1.042042 0.635789
v -0.440411 1.043721 0.627028
v -0.539604 1.085676 0.687756
v -0.534988 1.080601 0.691639
v -0.534988 1.080601 0.967167
v -0.537897 1.078232 0.971146
v -0.537711 1.078597 0.690854
v -0.534988 1.080601 0.967167
v -0.534988 1.080601 0.691639
v -0.539604 1.085676 0.687756
v -0.539418 1.086041 0.971146
v -0.534988 1.080601 0.967167
v -0.442826 1.042042 0.967164
v -0.439171 1.036529 0.971142
v -0.537897 1.078232 0.971146
v -0.442826 1.042042 0.967164
v -0.534988 1.080601 0.967167
v -0.539418 1.086041 0.971146
v -0.439140 1.044485 0.971142
v -0.448612 -0.284124 0.635789
v -0.448612 -0.284124 0.967164
v -0.444910 -0.278642 0.971143
v -0.443645 -0.279417 0.630986
v -0.448612 -0.284124 0.967164
v -0.448612 -0.284124 0.635789
v -0.446212 -0.285824 0.627028
v -0.444948 -0.286598 0.971143
v -0.448612 -0.284124 0.967164
v -0.541107 -0.321877 0.967168
v -0.543996 -0.319482 0.971146
v -0.444910 -0.278642 0.971143
v -0.541107 -0.321877 0.967168
v -0.448612 -0.284124 0.967164
v -0.444948 -0.286598 0.971143
v -0.545585 -0.327278 0.971146
v -0.541107 -0.321877 0.967168
v -0.541107 -0.321877 0.691639
v -0.543813 -0.319849 0.690854
v -0.543996 -0.319482 0.971146
v -0.541107 -0.321877 0.691639
v -0.541107 -0.321877 0.967168
v -0.545585 -0.327278 0.971146
v -0.545768 -0.326912 0.687756
v -0.541107 -0.321877 0.691639
v -0.448612 -0.284124 0.635789
v -0.443645 -0.279417 0.630986
v -0.543813 -0.319849 0.690854
v -0.448612 -0.284124 0.635789
v -0.541107 -0.321877 0.691639
v -0.545768 -0.326912 0.687756
v -0.446212 -0.285824 0.627028
v 0.445554 -0.284928 0.631068
v 0.658029 -0.074299 0.631067
v 0.656431 -0.066631 0.630986
v 0.437900 -0.283263 0.630986
v 0.658029 -0.074299 0.631067
v 0.445554 -0.284928 0.631068
v 0.440412 -0.289692 0.627028
v 0.662838 -0.069198 0.627028
v 0.658029 -0.074299 0.631067
v 0.696003 -0.167337 0.687245
v 0.696863 -0.166798 0.690854
v 0.656431 -0.066631 0.630986
v 0.696003 -0.167337 0.687245
v 0.658029 -0.074299 0.631067
v 0.662838 -0.069198 0.627028
v 0.703926 -0.168754 0.687756
v 0.696003 -0.167337 0.687245
v 0.538257 -0.323713 0.687245
v 0.537711 -0.324568 0.690854
v 0.696863 -0.166798 0.690854
v 0.538257 -0.323713 0.687245
v 0.696003 -0.167337 0.687245
v 0.703926 -0.168754 0.687756
v 0.539605 -0.331647 0.687756
v 0.538257 -0.323713 0.687245
v 0.445554 -0.284928 0.631068
v 0.437900 -0.283263 0.630986
v 0.537711 -0.324568 0.690854
v 0.445554 -0.284928 0.631068
v 0.538257 -0.323713 0.687245
v 0.539605 -0.331647 0.687756
v 0.440412 -0.289692 0.627028
v 0.661138 -0.071598 0.635789
v 0.661138 -0.071598 0.967164
v 0.655656 -0.067896 0.971142
v 0.656431 -0.066631 0.630986
v 0.661138 -0.071598 0.967164
v 0.661138 -0.071598 0.635789
v 0.662838 -0.069198 0.627028
v 0.663613 -0.067934 0.971142
v 0.661138 -0.071598 0.967164
v 0.698891 -0.164093 0.967168
v 0.696496 -0.166981 0.971146
v 0.655656 -0.067896 0.971142
v 0.698891 -0.164093 0.967168
v 0.661138 -0.071598 0.967164
v 0.663613 -0.067934 0.971142
v 0.704292 -0.168571 0.971146
v 0.698891 -0.164093 0.967168
v 0.698891 -0.164093 0.691639
v 0.696863 -0.166798 0.690854
v 0.696496 -0.166981 0.971146
v 0.698891 -0.164093 0.691639
v 0.698891 -0.164093 0.967168
v 0.704292 -0.168571 0.971146
v 0.703926 -0.168754 0.687756
v 0.698891 -0.164093 0.691639
v 0.661138 -0.071598 0.635789
v 0.656431 -0.066631 0.630986
v 0.696863 -0.166798 0.690854
v 0.661138 -0.071598 0.635789
v 0.698891 -0.164093 0.691639
v 0.703926 -0.168754 0.687756
v 0.662838 -0.069198 0.627028
v -0.445553 1.038957 0.631067
v -0.658029 0.828328 0.631067
v -0.656431 0.820660 0.630986
v -0.437900 1.037292 0.630986
v -0.658029 0.828328 0.631067
v -0.445553 1.038957 0.631067
v -0.440411 1.043721 0.627028
v -0.662838 0.823227 0.627028
v -0.658029 0.828328 0.631067
v -0.696003 0.921366 0.687245
v -0.696863 0.920827 0.690854
v -0.656431 0.820660 0.630986
v -0.696003 0.921366 0.687245
v -0.658029 0.828328 0.631067
v -0.662838 0.823227 0.627028
v -0.703926 0.922783 0.687756
v -0.696003 0.921366 0.687245
v -0.538256 1.077742 0.687245
v -0.537711 1.078597 0.690854
v -0.696863 0.920827 0.690854
v -0.538256 1.077742 0.687245
v -0.696003 0.921366 0.687245
v -0.703926 0.922783 0.687756
v -0.539604 1.085676 0.687756
v -0.538256 1.077742 0.687245
v -0.445553 1.038957 0.631067
v -0.437900 1.037292 0.630986
v -0.537711 1.078597 0.690854
v -0.445553 1.038957 0.631067
v -0.538256 1.077742 0.687245
v -0.539604 1.085676 0.687756
v -0.440411 1.043721 0.627028
v 0.665027 0.819840 0.967164
v 0.665027 0.819840 0.635789
v 0.660277 0.814915 0.630986
v 0.659514 0.816186 0.971142
v 0.665027 0.819840 0.635789
v 0.665027 0.819840 0.967164
v 0.667470 0.816155 0.971142
v 0.666707 0.817426 0.627028
v 0.665027 0.819840 0.635789
v 0.703586 0.912002 0.691639
v 0.701582 0.914725 0.690854
v 0.660277 0.814915 0.630986
v 0.703586 0.912002 0.691639
v 0.665027 0.819840 0.635789
v 0.666707 0.817426 0.627028
v 0.708662 0.916619 0.687756
v 0.703586 0.912002 0.691639
v 0.703586 0.912002 0.967167
v 0.701217 0.914912 0.971146
v 0.701582 0.914725 0.690854
v 0.703586 0.912002 0.967167
v 0.703586 0.912002 0.691639
v 0.708662 0.916619 0.687756
v 0.709027 0.916433 0.971146
v 0.703586 0.912002 0.967167
v 0.665027 0.819840 0.967164
v 0.659514 0.816186 0.971142
v 0.701217 0.914912 0.971146
v 0.665027 0.819840 0.967164
v 0.703586 0.912002 0.967167
v 0.709027 0.916433 0.971146
v 0.667470 0.816155 0.971142
v -0.661138 0.825627 0.635789
v -0.661138 0.825627 0.967164
v -0.655656 0.821925 0.971142
v -0.656431 0.820660 0.630986
v -0.661138 0.825627 0.967164
v -0.661138 0.825627 0.635789
v -0.662838 0.823227 0.627028
v -0.663613 0.821963 0.971142
v -0.661138 0.825627 0.967164
v -0.698891 0.918122 0.967167
v -0.696496 0.921011 0.971146
v -0.655656 0.821925 0.971142
v -0.698891 0.918122 0.967167
v -0.661138 0.825627 0.967164
v -0.663613 0.821963 0.971142
v -0.704292 0.922600 0.971146
v -0.698891 0.918122 0.967167
v -0.698891 0.918122 0.691639
v -0.696863 0.920827 0.690854
v -0.696496 0.921011 0.971146
v -0.698891 0.918122 0.691639
v -0.698891 0.918122 0.967167
v -0.704292 0.922600 0.971146
v -0.703926 0.922783 0.687756
v -0.698891 0.918122 0.691639
v -0.661138 0.825627 0.635789
v -0.656431 0.820660 0.630986
v -0.696863 0.920827 0.690854
v -0.661138 0.825627 0.635789
v -0.698891 0.918122 0.691639
v -0.703926 0.922783 0.687756
v -0.662838 0.823227 0.627028
v -0.702321 -0.164469 0.967168
v -0.702321 -0.164469 0.693283
v -0.701582 -0.160697 0.690854
v -0.701217 -0.160883 0.971146
v -0.702321 -0.164469 0.693283
v -0.702321 -0.164469 0.967168
v -0.709026 -0.162404 0.971146
v -0.708661 -0.162590 0.687756
v -0.702321 -0.164469 0.693283
v -0.547591 -0.320555 0.693284
v -0.543813 -0.319849 0.690854
v -0.701582 -0.160697 0.690854
v -0.547591 -0.320555 0.693284
v -0.702321 -0.164469 0.693283
v -0.708661 -0.162590 0.687756
v -0.545768 -0.326912 0.687756
v -0.547591 -0.320555 0.693284
v -0.547591 -0.320555 0.967168
v -0.543996 -0.319482 0.971146
v -0.543813 -0.319849 0.690854
v -0.547591 -0.320555 0.967168
v -0.547591 -0.320555 0.693284
v -0.545768 -0.326912 0.687756
v -0.545585 -0.327278 0.971146
v -0.547591 -0.320555 0.967168
v -0.702321 -0.164469 0.967168
v -0.701217 -0.160883 0.971146
v -0.543996 -0.319482 0.971146
v -0.702321 -0.164469 0.967168
v -0.547591 -0.320555 0.967168
v -0.545585 -0.327278 0.971146
v -0.709026 -0.162404 0.971146
v -0.697569 0.924606 0.693283
v -0.697569 0.924606 0.967168
v -0.696496 0.921011 0.971146
v -0.696863 0.920827 0.690854
v -0.697569 0.924606 0.967168
v -0.697569 0.924606 0.693283
v -0.703926 0.922783 0.687756
v -0.704292 0.922600 0.971146
v -0.697569 0.924606 0.967168
v -0.541483 1.079336 0.967167
v -0.537897 1.078232 0.971146
v -0.696496 0.921011 0.971146
v -0.541483 1.079336 0.967167
v -0.697569 0.924606 0.967168
v -0.704292 0.922600 0.971146
v -0.539418 1.086041 0.971146
v -0.541483 1.079336 0.967167
v -0.541483 1.079336 0.693283
v -0.537711 1.078597 0.690854
v -0.537897 1.078232 0.971146
v -0.541483 1.079336 0.693283
v -0.541483 1.079336 0.967167
v -0.539418 1.086041 0.971146
v -0.539604 1.085676 0.687756
v -0.541483 1.079336 0.693283
v -0.697569 0.924606 0.693283
v -0.696863 0.920827 0.690854
v -0.537711 1.078597 0.690854
v -0.697569 0.924606 0.693283
v -0.541483 1.079336 0.693283
v -0.539604 1.085676 0.687756
v -0.703926 0.922783 0.687756
v 0.541483 -0.325307 0.967168
v 0.541483 -0.325307 0.693284
v 0.537711 -0.324568 0.690854
v 0.537897 -0.324202 0.971146
v 0.541483 -0.325307 0.693284
v 0.541483 -0.325307 0.967168
v 0.539418 -0.332012 0.971146
v 0.539605 -0.331647 0.687756
v 0.541483 -0.325307 0.693284
v 0.697569 -0.170577 0.693284
v 0.696863 -0.166798 0.690854
v 0.537711 -0.324568 0.690854
v 0.697569 -0.170577 0.693284
v 0.541483 -0.325307 0.693284
v 0.539605 -0.331647 0.687756
v 0.703926 -0.168754 0.687756
v 0.697569 -0.170577 0.693284
v 0.697569 -0.170577 0.967168
v 0.696496 -0.166981 0.971146
v 0.696863 -0.166798 0.690854
v 0.697569 -0.170577 0.967168
v 0.697569 -0.170577 0.693284
v 0.703926 -0.168754 0.687756
v 0.704292 -0.168571 0.971146
v 0.697569 -0.170577 0.967168
v 0.541483 -0.325307 0.967168
v 0.537897 -0.324202 0.971146
v 0.696496 -0.166981 0.971146
v 0.541483 -0.325307 0.967168
v 0.697569 -0.170577 0.967168
v 0.704292 -0.168571 0.971146
v 0.539418 -0.332012 0.971146
v 0.547591 1.074584 0.967167
v 0.702321 0.918498 0.967168
v 0.701217 0.914912 0.971146
v 0.543996 1.073511 0.971146
v 0.702321 0.918498 0.967168
v 0.547591 1.074584 0.967167
v 0.545585 1.081307 0.971146
v 0.709027 0.916433 0.971146
v 0.702321 0.918498 0.967168
v 0.702321 0.918498 0.693283
v 0.701582 0.914725 0.690854
v 0.701217 0.914912 0.971146
v 0.702321 0.918498 0.693283
v 0.702321 0.918498 0.967168
v 0.709027 0.916433 0.971146
v 0.708662 0.916619 0.687756
v 0.702321 0.918498 0.693283
v 0.547591 1.074584 0.693283
v 0.543813 1.073878 0.690854
v 0.701582 0.914725 0.690854
v 0.547591 1.074584 0.693283
v 0.702321 0.918498 0.693283
v 0.708662 0.916619 0.687756
v 0.545768 1.080940 0.687756
v 0.547591 1.074584 0.693283
v 0.547591 1.074584 0.967167
v 0.543996 1.073511 0.971146
v 0.543813 1.073878 0.690854
v 0.547591 1.074584 0.967167
v 0.547591 1.074584 0.693283
v 0.545768 1.080940 0.687756
v 0.545585 1.081307 0.971146
vn 0.4598 0.8880 -0.0003
vn 0.4599 0.8880 -0.0003
vn 0.8742 -0.4855 -0.0002
vn -0.2078 0.5062 0.8370
vn 0.3206 -0.7814 0.5354
vn -0.8575 0.5144 0.0010
vn -0.4373 -0.8993 -0.0018
vn -0.2739 0.6703 -0.6897
vn 0.2745 -0.6701 -0.6896
vn 0.2745 -0.6702 -0.6896
vn -0.5069 0.8620 0.0010
vn 0.9031 0.4294 -0.0018
vn -0.5043 0.2122 0.8370
vn 0.7786 -0.3274 0.5354
vn 0.7785 -0.3274 0.5354
vn -0.8920 -0.4521 -0.0003
vn 0.4778 -0.8784 -0.0002
vn 0.4779 -0.8784 -0.0002
vn -0.6679 0.2798 -0.6897
vn 0.6677 -0.2803 -0.6896
vn -0.6444 0.7647 -0.0003
vn -0.6445 0.7646 -0.0003
vn 0.7831 0.6219 -0.0002
vn -0.5860 0.0026 0.8103
vn 0.8209 -0.0036 0.5710
vn -0.6511 -0.7590 -0.0003
vn 0.7776 -0.6287 -0.0002
vn 0.7777 -0.6287 -0.0002
vn -0.7139 0.0031 -0.7002
vn 0.7139 -0.0031 -0.7002
vn -0.8880 0.4599 -0.0003
vn -0.8880 0.4598 -0.0003
vn 0.4855 0.8742 -0.0002
vn -0.5062 -0.2078 0.8370
vn 0.7814 0.3206 0.5354
vn -0.5144 -0.8575 0.0010
vn -0.5144 -0.8576 0.0010
vn 0.8993 -0.4373 -0.0018
vn -0.6703 -0.2739 -0.6897
vn 0.6701 0.2745 -0.6896
vn 0.6702 0.2745 -0.6896
vn -0.0088 -0.0087 0.9999
vn 0.7090 0.7028 -0.0584
vn 0.7090 0.7028 -0.0585
vn 0.2074 -0.9353 0.2866
vn 0.2074 -0.9353 0.2867
vn 0.5400 -0.0761 -0.8382
vn -0.7088 -0.7027 0.0616
vn 0.0550 0.0545 -0.9970
vn -0.9335 0.2156 0.2866
vn -0.9335 0.2155 0.2867
vn -0.0713 0.5407 -0.8382
vn -0.8620 -0.5069 0.0010
vn -0.4295 0.9031 -0.0018
vn -0.4294 0.9031 -0.0018
vn -0.2122 -0.5043 0.8370
vn 0.3274 0.7785 0.5354
vn 0.3275 0.7786 0.5354
vn 0.3274 0.7786 0.5354
vn 0.4521 -0.8920 -0.0003
vn 0.4520 -0.8920 -0.0003
vn 0.8784 0.4778 -0.0002
vn 0.8785 0.4778 -0.0002
vn -0.2798 -0.6679 -0.6897
vn 0.2803 0.6677 -0.6896
vn -0.7647 -0.6444 -0.0003
vn -0.7646 -0.6445 -0.0003
vn -0.7646 -0.6444 -0.0003
vn -0.6219 0.7831 -0.0002
vn -0.0026 -0.5860 0.8103
vn 0.0036 0.8209 0.5710
vn 0.7590 -0.6511 -0.0003
vn 0.6287 0.7776 -0.0002
vn -0.0031 -0.7139 -0.7002
vn 0.0031 0.7139 -0.7002
vn -0.4598 -0.8880 -0.0003
vn -0.4599 -0.8880 -0.0003
vn -0.8742 0.4855 -0.0002
vn 0.2078 -0.5061 0.8370
vn 0.2078 -0.5062 0.8370
vn -0.3206 0.7814 0.5354
vn 0.8575 -0.5144 0.0010
vn 0.8576 -0.5144 0.0010
vn 0.4373 0.8993 -0.0018
vn 0.2739 -0.6703 -0.6897
vn -0.2744 0.6701 -0.6896
vn -0.2745 0.6701 -0.6896
vn -0.2745 0.6702 -0.6896
vn 0.6413 -0.7673 -0.0022
vn -0.8286 -0.5598 0.0001
vn 0.5729 0.2350 0.7852
vn 0.5730 0.2349 0.7852
vn -0.7836 0.5286 0.3265
vn 0.7899 0.6132 -0.0003
vn -0.6522 0.7580 -0.0007
vn 0.6931 -0.2914 -0.6593
vn 0.6930 -0.2914 -0.6594
vn -0.6935 0.2887 -0.6601
vn 0.5069 -0.8620 0.0010
vn -0.9031 -0.4295 -0.0018
vn -0.9031 -0.4294 -0.0018
vn 0.5043 -0.2122 0.8370
vn -0.7786 0.3274 0.5354
vn -0.7785 0.3274 0.5354
vn 0.8920 0.4521 -0.0003
vn -0.4778 0.8784 -0.0002
vn -0.4778 0.8785 -0.0002
vn 0.6679 -0.2798 -0.6897
vn -0.6677 0.2803 -0.6896
vn 0.6444 -0.7647 -0.0003
vn 0.6445 -0.7646 -0.0003
vn -0.7831 -0.6219 -0.0002
vn 0.5860 -0.0026 0.8103
vn -0.8209 0.0036 0.5710
vn 0.6511 0.7590 -0.0003
vn -0.7776 0.6287 -0.0002
vn 0.8880 -0.4599 -0.0003
vn 0.8880 -0.4598 -0.0003
vn -0.4855 -0.8742 -0.0002
vn 0.5062 0.2078 0.8370
vn -0.7814 -0.3206 0.5354
vn 0.5144 0.8575 0.0010
vn 0.5144 0.8576 0.0010
vn -0.8993 0.4373 -0.0018
vn 0.6703 0.2739 -0.6897
vn -0.6702 -0.2745 -0.6896
vn 0.8620 0.5069 0.0010
vn 0.4295 -0.9031 -0.0018
vn 0.2122 0.5043 0.8370
vn -0.3274 -0.7785 0.5354
vn -0.3274 -0.7786 0.5354
vn -0.4520 0.8920 -0.0003
vn -0.4521 0.8920 -0.0003
vn -0.8784 -0.4778 -0.0002
vn -0.8784 -0.4779 -0.0002
vn 0.2798 0.6678 -0.6897
vn 0.2798 0.6679 -0.6897
vn -0.2803 -0.6677 -0.6896
vn 0.7646 0.6445 -0.0003
vn 0.7647 0.6444 -0.0003
vn 0.6219 -0.7831 -0.0002
vn 0.0026 0.5860 0.8103
vn -0.0036 -0.8209 0.5710
vn -0.7590 0.6511 -0.0003
vn -0.6287 -0.7776 -0.0002
vn -0.9676 0.0042 -0.2526
vn 0.2703 -0.0012 -0.9628
vn -0.4643 0.7264 0.5068
vn -0.4643 0.7263 0.5068
vn -0.4644 0.7263 0.5068
vn -0.4643 0.7264 0.5067
vn 0.6522 0.6201 -0.4360
vn 0.6522 0.6200 -0.4361
vn 0.6522 0.6201 -0.4361
vn 0.1065 -0.0005 0.9943
vn 0.9938 -0.0043 -0.1109
vn -0.4706 -0.7223 0.5068
vn -0.4707 -0.7223 0.5068
vn 0.6468 -0.6257 -0.4361
vn 0.6468 -0.6256 -0.4361
vn 0.6468 -0.6258 -0.4360
vn 0.3694 -0.9045 -0.2131
vn -0.0846 0.2093 -0.9742
vn -0.4933 -0.7069 0.5068
vn -0.4934 -0.7069 0.5068
vn -0.8224 0.3653 -0.4361
vn -0.8225 0.3653 -0.4360
vn -0.0403 0.0986 0.9943
vn -0.3763 0.9198 -0.1109
vn 0.8336 -0.1830 0.5212
vn 0.8336 -0.1831 0.5212
vn 0.3806 0.8275 -0.4129
vn 0.7047 0.6986 -0.1235
vn -0.1325 -0.1313 -0.9824
vn 0.8454 -0.2359 0.4792
vn -0.0551 -0.8911 -0.4504
vn -0.0550 -0.8911 -0.4504
vn -0.0756 -0.0750 0.9943
vn -0.7058 -0.6997 -0.1109
vn -0.2285 0.8474 0.4792
vn -0.8916 -0.0473 -0.4504
vn -0.6986 0.7047 -0.1235
vn 0.1313 -0.1325 -0.9824
vn 0.2359 0.8454 0.4792
vn 0.8911 -0.0551 -0.4504
vn 0.0750 -0.0756 0.9943
vn 0.6997 -0.7058 -0.1109
vn -0.8474 -0.2285 0.4792
vn 0.0473 -0.8916 -0.4504
vn -0.3773 -0.9013 -0.2131
vn -0.3773 -0.9012 -0.2131
vn 0.0864 0.2085 -0.9742
vn -0.8351 -0.1757 0.5212
vn -0.8351 -0.1758 0.5212
vn -0.3734 0.8307 -0.4129
vn 0.0412 0.0982 0.9943
vn 0.3843 0.9165 -0.1109
vn 0.4872 -0.7112 0.5068
vn 0.8255 0.3582 -0.4361
vn 0.8256 0.3582 -0.4361
vn 0.8256 0.3581 -0.4361
vn 0.9676 -0.0042 -0.2526
vn -0.2703 0.0012 -0.9628
vn 0.4643 -0.7263 0.5068
vn 0.4643 -0.7264 0.5068
vn -0.6522 -0.6200 -0.4361
vn -0.6523 -0.6200 -0.4361
vn -0.1065 0.0005 0.9943
vn -0.9938 0.0043 -0.1109
vn 0.4707 0.7222 0.5068
vn 0.4706 0.7223 0.5068
vn -0.6468 0.6257 -0.4361
vn -0.6468 0.6256 -0.4361
vn -0.9045 -0.3694 -0.2131
vn 0.2093 0.0846 -0.9742
vn -0.7069 0.4933 0.5068
vn -0.7069 0.4934 0.5068
vn 0.3653 0.8224 -0.4361
vn 0.0986 0.0403 0.9943
vn 0.9198 0.3763 -0.1109
vn -0.1830 -0.8336 0.5212
vn -0.1831 -0.8336 0.5212
vn 0.8275 -0.3806 -0.4129
vn 0.6986 -0.7047 -0.1235
vn -0.1313 0.1325 -0.9824
vn -0.2359 -0.8454 0.4792
vn -0.8911 0.0551 -0.4504
vn -0.8911 0.0550 -0.4504
vn -0.0750 0.0756 0.9943
vn -0.6997 0.7058 -0.1109
vn 0.8474 0.2285 0.4792
vn -0.0473 0.8916 -0.4504
vn 0.3773 0.9012 -0.2131
vn -0.0864 -0.2085 -0.9742
vn -0.0864 -0.2086 -0.9742
vn 0.8351 0.1758 0.5212
vn 0.8351 0.1757 0.5212
vn 0.3734 -0.8307 -0.4129
vn 0.3733 -0.8307 -0.4129
vn -0.0412 -0.0982 0.9943
vn -0.3843 -0.9165 -0.1109
vn -0.4872 0.7112 0.5068
vn -0.8256 -0.3581 -0.4361
vn -0.8256 -0.3582 -0.4361
vn -0.9012 0.3773 -0.2131
vn -0.9012 0.3773 -0.2132
vn 0.2085 -0.0864 -0.9742
vn -0.1758 0.8351 0.5212
vn -0.1757 0.8351 0.5212
vn 0.8307 0.3734 -0.4129
vn 0.0982 -0.0412 0.9943
vn 0.9165 -0.3843 -0.1109
vn -0.7112 -0.4872 0.5068
vn 0.3581 -0.8256 -0.4361
vn -0.0042 -0.9676 -0.2526
vn 0.0012 0.2703 -0.9628
vn -0.7264 -0.4643 0.5068
vn -0.7263 -0.4643 0.5068
vn -0.6200 0.6522 -0.4361
vn -0.6201 0.6522 -0.4360
vn 0.0005 0.1065 0.9943
vn 0.0043 0.9938 -0.1109
vn 0.7223 -0.4707 0.5068
vn 0.7223 -0.4706 0.5068
vn 0.6257 0.6468 -0.4361
vn 0.6256 0.6468 -0.4361
vn 0.9045 0.3694 -0.2131
vn -0.2093 -0.0846 -0.9742
vn 0.7069 -0.4934 0.5068
vn -0.3654 -0.8224 -0.4361
vn -0.3653 -0.8225 -0.4360
vn -0.3653 -0.8224 -0.4361
vn -0.0986 -0.0403 0.9943
vn -0.9198 -0.3763 -0.1109
vn 0.1830 0.8336 0.5212
vn 0.1831 0.8336 0.5212
vn -0.8275 0.3806 -0.4129
vn -0.3694 0.9045 -0.2131
vn 0.0846 -0.2093 -0.9742
vn 0.4934 0.7069 0.5068
vn 0.8224 -0.3653 -0.4361
vn 0.0403 -0.0986 0.9943
vn 0.3763 -0.9198 -0.1109
vn -0.8336 0.1830 0.5212
vn -0.3806 -0.8275 -0.4129
vn -0.7047 -0.6986 -0.1235
vn 0.1325 0.1313 -0.9824
vn -0.8454 0.2359 0.4792
vn 0.0551 0.8911 -0.4504
vn 0.0550 0.8911 -0.4504
vn 0.0756 0.0750 0.9943
vn 0.7058 0.6997 -0.1109
vn 0.2285 -0.8474 0.4792
vn 0.8916 0.0473 -0.4504
vn 0.9012 -0.3773 -0.2131
vn 0.9012 -0.3773 -0.2132
vn -0.2085 0.0864 -0.9742
vn -0.2086 0.0864 -0.9742
vn 0.1757 -0.8351 0.5212
vn 0.1758 -0.8351 0.5212
vn -0.8307 -0.3734 -0.4129
vn -0.8307 -0.3733 -0.4129
vn -0.0982 0.0412 0.9943
vn -0.9165 0.3843 -0.1109
vn 0.7112 0.4871 0.5068
vn 0.7112 0.4872 0.5068
vn -0.3582 0.8255 -0.4361
vn -0.3582 0.8256 -0.4361
vn -0.3581 0.8256 -0.4361
vn 0.0042 0.9676 -0.2526
vn -0.0012 -0.2703 -0.9628
vn 0.7263 0.4643 0.5068
vn 0.7263 0.4644 0.5068
vn 0.7264 0.4643 0.5068
vn 0.6200 -0.6523 -0.4361
vn 0.6201 -0.6522 -0.4360
vn 0.6199 -0.6523 -0.4362
vn -0.0005 -0.1065 0.9943
vn -0.0043 -0.9938 -0.1109
vn -0.7223 0.4706 0.5068
vn -0.6257 -0.6468 -0.4361
vn -0.0037 -0.8513 0.5247
vn -0.0023 -0.5208 -0.8537
vn -0.6216 0.1199 0.7741
vn -0.6222 0.1208 -0.7734
vn -0.6222 0.1208 -0.7735
vn 0.0039 0.9044 0.4266
vn 0.0018 0.4167 -0.9091
vn 0.6226 0.1145 0.7741
vn 0.6232 0.1154 -0.7735
vn 0.6233 0.1154 -0.7735
vn 0.6233 0.1154 -0.7734
vn -0.3223 0.7879 0.5247
vn -0.1972 0.4820 -0.8537
vn 0.6202 0.1271 0.7741
vn 0.6211 0.1265 -0.7734
vn 0.6211 0.1265 -0.7735
vn 0.3425 -0.8371 0.4266
vn 0.1578 -0.3856 -0.9091
vn -0.5314 -0.3440 0.7741
vn -0.5317 -0.3451 -0.7734
vn -0.5317 -0.3451 -0.7735
vn 0.0037 0.8513 0.5247
vn 0.0023 0.5208 -0.8537
vn 0.6216 -0.1199 0.7741
vn 0.6222 -0.1208 -0.7734
vn 0.6223 -0.1208 -0.7734
vn -0.0039 -0.9044 0.4266
vn -0.0018 -0.4167 -0.9091
vn -0.6226 -0.1145 0.7741
vn -0.6226 -0.1144 0.7741
vn -0.6233 -0.1154 -0.7734
vn -0.6233 -0.1154 -0.7735
vn 0.3223 -0.7879 0.5247
vn 0.3223 -0.7879 0.5248
vn 0.1972 -0.4820 -0.8537
vn -0.6202 -0.1271 0.7741
vn -0.6201 -0.1271 0.7741
vn -0.6211 -0.1265 -0.7734
vn -0.6211 -0.1265 -0.7735
vn -0.3425 0.8371 0.4266
vn -0.1578 0.3856 -0.9091
vn 0.5314 0.3440 0.7741
vn 0.5317 0.3451 -0.7735
vn 0.5317 0.3451 -0.7734
vn -0.5993 0.6045 0.5248
vn -0.5993 0.6046 0.5247
vn -0.3667 0.3699 -0.8537
vn 0.5243 0.3548 0.7741
vn 0.5254 0.3545 -0.7735
vn 0.5254 0.3546 -0.7734
vn 0.6367 -0.6423 0.4266
vn 0.6368 -0.6423 0.4266
vn 0.2933 -0.2959 -0.9091
vn -0.3593 -0.5212 0.7741
vn -0.3591 -0.5223 -0.7734
vn -0.3591 -0.5223 -0.7735
vn 0.5993 -0.6045 0.5248
vn 0.5993 -0.6046 0.5247
vn 0.3667 -0.3699 -0.8537
vn -0.5243 -0.3548 0.7741
vn -0.5254 -0.3546 -0.7734
vn -0.5254 -0.3545 -0.7735
vn -0.6367 0.6423 0.4266
vn -0.6368 0.6423 0.4266
vn -0.2933 0.2959 -0.9091
vn 0.3593 0.5212 0.7741
vn 0.3591 0.5223 -0.7735
vn 0.3591 0.5223 -0.7734
vn -0.7850 0.3292 0.5248
vn -0.4803 0.2014 -0.8537
vn 0.3486 0.5284 0.7741
vn 0.3498 0.5286 -0.7734
vn 0.3497 0.5286 -0.7735
vn 0.8341 -0.3498 0.4266
vn 0.3842 -0.1611 -0.9091
vn -0.1325 -0.6190 0.7741
vn -0.1325 -0.6191 0.7741
vn -0.1319 -0.6200 -0.7734
vn -0.1319 -0.6200 -0.7735
vn 0.7850 -0.3292 0.5247
vn 0.7850 -0.3292 0.5248
vn 0.4803 -0.2014 -0.8537
vn -0.3486 -0.5284 0.7741
vn -0.3498 -0.5286 -0.7734
vn -0.3497 -0.5286 -0.7735
vn -0.3497 -0.5286 -0.7734
vn -0.8341 0.3498 0.4266
vn -0.3843 0.1611 -0.9091
vn -0.3842 0.1611 -0.9091
vn 0.1325 0.6190 0.7741
vn 0.1325 0.6191 0.7741
vn 0.1319 0.6200 -0.7734
vn 0.1319 0.6200 -0.7735
vn -0.8512 0.0037 0.5248
vn -0.8513 0.0037 0.5247
vn -0.5208 0.0023 -0.8537
vn 0.1199 0.6216 0.7741
vn 0.1208 0.6222 -0.7734
vn 0.1208 0.6222 -0.7735
vn 0.9044 -0.0039 0.4266
vn 0.4167 -0.0018 -0.9091
vn 0.1145 -0.6226 0.7741
vn 0.1154 -0.6232 -0.7735
vn 0.1154 -0.6233 -0.7734
vn 0.1154 -0.6233 -0.7735
vn 0.8513 -0.0037 0.5247
vn 0.5208 -0.0023 -0.8537
vn -0.1199 -0.6216 0.7741
vn -0.1208 -0.6222 -0.7734
vn -0.1208 -0.6222 -0.7735
vn -0.9044 0.0039 0.4266
vn -0.9045 0.0039 0.4265
vn -0.4167 0.0018 -0.9091
vn -0.1145 0.6226 0.7741
vn -0.1154 0.6232 -0.7735
vn -0.1154 0.6233 -0.7735
vn -0.1154 0.6233 -0.7734
vn -0.7879 -0.3223 0.5247
vn -0.4820 -0.1972 -0.8537
vn -0.1271 0.6202 0.7741
vn -0.1265 0.6211 -0.7734
vn -0.1265 0.6211 -0.7735
vn 0.8371 0.3425 0.4266
vn 0.3856 0.1578 -0.9091
vn 0.3440 -0.5314 0.7741
vn 0.3451 -0.5317 -0.7735
vn 0.3451 -0.5317 -0.7734
vn 0.7879 0.3223 0.5247
vn 0.4820 0.1972 -0.8537
vn 0.1271 -0.6202 0.7741
vn 0.1265 -0.6211 -0.7734
vn 0.1265 -0.6211 -0.7735
vn -0.8371 -0.3425 0.4266
vn -0.8371 -0.3425 0.4265
vn -0.3856 -0.1578 -0.9091
vn -0.3440 0.5314 0.7741
vn -0.3451 0.5317 -0.7734
vn -0.3451 0.5317 -0.7735
vn -0.6045 -0.5993 0.5248
vn -0.6046 -0.5993 0.5247
vn -0.3699 -0.3667 -0.8537
vn -0.3548 0.5243 0.7741
vn -0.3546 0.5254 -0.7734
vn -0.3545 0.5254 -0.7735
vn 0.6423 0.6367 0.4266
vn 0.6423 0.6368 0.4266
vn 0.2959 0.2933 -0.9091
vn 0.5212 -0.3593 0.7741
vn 0.5223 -0.3591 -0.7734
vn 0.5223 -0.3591 -0.7735
vn 0.6046 0.5993 0.5247
vn 0.3699 0.3667 -0.8537
vn 0.3548 -0.5243 0.7741
vn 0.3546 -0.5254 -0.7734
vn 0.3545 -0.5254 -0.7735
vn -0.6423 -0.6367 0.4266
vn -0.2959 -0.2933 -0.9091
vn -0.5212 0.3593 0.7741
vn -0.5223 0.3591 -0.7735
vn -0.5223 0.3591 -0.7734
vn -0.3292 -0.7850 0.5248
vn -0.2014 -0.4803 -0.8537
vn -0.5284 0.3486 0.7741
vn -0.5286 0.3497 -0.7734
vn -0.5286 0.3498 -0.7734
vn -0.5286 0.3497 -0.7735
vn 0.3498 0.8341 0.4266
vn 0.1611 0.3843 -0.9091
vn 0.1611 0.3842 -0.9091
vn 0.6190 -0.1325 0.7741
vn 0.6191 -0.1325 0.7741
vn 0.6200 -0.1319 -0.7734
vn 0.6200 -0.1319 -0.7735
vn 0.3292 0.7850 0.5247
vn 0.3292 0.7850 0.5248
vn 0.2014 0.4803 -0.8537
vn 0.5284 -0.3486 0.7741
vn 0.5286 -0.3497 -0.7735
vn 0.5286 -0.3498 -0.7734
vn -0.3498 -0.8341 0.4266
vn -0.1611 -0.3843 -0.9091
vn -0.1611 -0.3842 -0.9091
vn -0.6190 0.1325 0.7741
vn -0.6191 0.1325 0.7741
vn -0.6200 0.1319 -0.7734
vn -0.6200 0.1319 -0.7735
vn -0.3303 -0.1351 0.9341
vn 0.8687 0.3554 0.3449
vn -0.5420 -0.8404 -0.0030
vn 0.9277 -0.3734 -0.0036
vn -0.6608 -0.2703 -0.7002
vn 0.6608 0.2703 -0.7002
vn -0.9756 0.2195 -0.0030
vn 0.4000 0.9165 -0.0036
vn 0.2535 0.2513 0.9341
vn -0.6666 -0.6608 0.3449
vn 0.1791 0.9838 -0.0030
vn 0.1792 0.9838 -0.0030
vn -0.9999 -0.0101 -0.0036
vn 0.5070 0.5026 -0.7002
vn -0.5070 -0.5026 -0.7002
vn 0.9853 0.1706 -0.0030
vn -0.0188 -0.9998 -0.0036
vn -0.2535 -0.2513 0.9341
vn 0.6666 0.6608 0.3449
vn -0.1792 -0.9838 -0.0030
vn -0.1791 -0.9838 -0.0030
vn 0.9999 0.0101 -0.0036
vn -0.9853 -0.1706 -0.0030
vn 0.0188 0.9998 -0.0036
vn 0.1380 0.3292 0.9341
vn 0.1380 0.3291 0.9341
vn -0.3630 -0.8656 0.3449
vn -0.2110 0.9775 -0.0030
vn -0.2109 0.9775 -0.0030
vn -0.9200 -0.3920 -0.0036
vn 0.2761 0.6584 -0.7002
vn -0.2761 -0.6584 -0.7002
vn 0.8451 0.5346 -0.0030
vn 0.8451 0.5347 -0.0030
vn 0.3653 -0.9309 -0.0036
vn 0.3652 -0.9309 -0.0036
vn -0.1380 -0.3292 0.9341
vn -0.1380 -0.3291 0.9341
vn 0.3630 0.8656 0.3449
vn 0.2110 -0.9775 -0.0030
vn 0.2109 -0.9775 -0.0030
vn 0.9200 0.3920 -0.0036
vn -0.8451 -0.5346 -0.0030
vn -0.8451 -0.5347 -0.0030
vn -0.3653 0.9309 -0.0036
vn -0.3652 0.9309 -0.0036
vn 0.0016 0.3569 0.9341
vn -0.0041 -0.9386 0.3449
vn -0.5690 0.8223 -0.0030
vn -0.5690 0.8224 -0.0030
vn -0.6999 -0.7142 -0.0036
vn -0.7000 -0.7142 -0.0036
vn 0.5761 0.8173 -0.0030
vn 0.5761 0.8174 -0.0030
vn 0.5762 0.8173 -0.0030
vn 0.6937 -0.7203 -0.0036
vn 0.6937 -0.7202 -0.0036
vn 0.1351 -0.3304 0.9341
vn 0.1351 -0.3303 0.9341
vn -0.3554 0.8687 0.3449
vn 0.8404 -0.5420 -0.0030
vn 0.3734 0.9277 -0.0036
vn 0.2703 -0.6608 -0.7002
vn -0.2703 0.6608 -0.7002
vn -0.2195 -0.9756 -0.0030
vn -0.9165 0.4000 -0.0036
vn -0.0016 -0.3569 0.9341
vn 0.0041 0.9386 0.3449
vn 0.5690 -0.8224 -0.0030
vn 0.5690 -0.8223 -0.0030
vn 0.7000 0.7142 -0.0036
vn 0.6999 0.7142 -0.0036
vn -0.5762 -0.8173 -0.0030
vn -0.5761 -0.8174 -0.0030
vn -0.5761 -0.8173 -0.0030
vn -0.6937 0.7203 -0.0036
vn -0.6937 0.7202 -0.0036
vn -0.1351 0.3303 0.9341
vn 0.3554 -0.8687 0.3449
vn -0.8404 0.5420 -0.0030
vn -0.3734 -0.9277 -0.0036
vn 0.2195 0.9756 -0.0030
vn 0.9165 -0.4000 -0.0036
vn 0.2513 -0.2535 0.9341
vn -0.6608 0.6666 0.3449
vn 0.9838 -0.1791 -0.0030
vn 0.9838 -0.1792 -0.0030
vn -0.0101 0.9999 -0.0036
vn 0.5026 -0.5070 -0.7002
vn -0.5026 0.5070 -0.7002
vn 0.1706 -0.9853 -0.0030
vn -0.9998 0.0188 -0.0036
vn -0.2513 0.2535 0.9341
vn 0.6608 -0.6666 0.3449
vn -0.9838 0.1791 -0.0030
vn -0.9838 0.1792 -0.0030
vn 0.0101 -0.9999 -0.0036
vn -0.1706 0.9853 -0.0030
vn 0.9998 -0.0188 -0.0036
vn 0.3292 -0.1380 0.9341
vn 0.3291 -0.1380 0.9341
vn -0.8656 0.3630 0.3449
vn 0.9775 0.2110 -0.0030
vn 0.9775 0.2109 -0.0030
vn -0.3920 0.9200 -0.0036
vn 0.6584 -0.2761 -0.7002
vn -0.6584 0.2761 -0.7002
vn 0.5346 -0.8451 -0.0030
vn 0.5347 -0.8451 -0.0030
vn -0.9309 -0.3652 -0.0036
vn -0.9309 -0.3653 -0.0036
vn -0.3292 0.1380 0.9341
vn -0.3291 0.1380 0.9341
vn 0.8656 -0.3630 0.3450
vn 0.8656 -0.3630 0.3449
vn -0.9775 -0.2110 -0.0030
vn 0.3920 -0.9200 -0.0036
vn -0.5347 0.8451 -0.0030
vn 0.9309 0.3652 -0.0036
vn 0.9309 0.3653 -0.0036
vn 0.3569 -0.0016 0.9341
vn -0.9386 0.0041 0.3450
vn -0.9386 0.0041 0.3449
vn 0.8224 0.5690 -0.0030
vn 0.8223 0.5690 -0.0030
vn -0.7142 0.7000 -0.0036
vn -0.7142 0.6999 -0.0036
vn 0.8173 -0.5761 -0.0030
vn 0.8174 -0.5761 -0.0030
vn -0.7202 -0.6937 -0.0036
vn -0.7203 -0.6937 -0.0036
vn -0.3569 0.0016 0.9341
vn 0.9386 -0.0041 0.3450
vn 0.9386 -0.0041 0.3449
vn -0.8224 -0.5690 -0.0030
vn -0.8223 -0.5690 -0.0030
vn 0.7142 -0.7000 -0.0036
vn 0.7142 -0.6999 -0.0036
vn -0.8173 0.5761 -0.0030
vn -0.8174 0.5761 -0.0030
vn 0.7202 0.6937 -0.0036
vn 0.7203 0.6937 -0.0036
vn 0.3303 0.1351 0.9341
vn -0.8687 -0.3554 0.3449
vn 0.5420 0.8404 -0.0030
vn -0.9277 0.3734 -0.0036
vn 0.9756 -0.2195 -0.0030
vn -0.4000 -0.9165 -0.0036
vn -0.0042 -0.9523 -0.3051
vn 0.0014 0.3198 -0.9475
vn -0.7386 -0.5733 0.3548
vn -0.7385 -0.5733 0.3548
vn -0.6146 0.7289 -0.3016
vn -0.0003 -0.0603 0.9982
vn 0.0044 0.9986 0.0536
vn 0.7335 -0.5797 0.3548
vn 0.6210 0.7235 -0.3016
vn -0.3606 0.8814 -0.3051
vn 0.1211 -0.2960 -0.9475
vn 0.4629 0.8123 0.3548
vn 0.4630 0.8123 0.3548
vn 0.8468 -0.4382 -0.3016
vn -0.0228 0.0558 0.9982
vn 0.3781 -0.9242 0.0536
vn -0.8995 0.2549 0.3548
vn -0.2968 -0.9060 -0.3016
vn -0.2969 -0.9060 -0.3016
vn 0.0042 0.9523 -0.3051
vn -0.0014 -0.3198 -0.9475
vn 0.7386 0.5733 0.3548
vn 0.7385 0.5733 0.3548
vn 0.6146 -0.7289 -0.3016
vn 0.0003 0.0603 0.9982
vn -0.0044 -0.9986 0.0536
vn -0.7335 0.5797 0.3548
vn -0.6210 -0.7235 -0.3016
vn 0.3606 -0.8814 -0.3051
vn -0.1211 0.2960 -0.9475
vn -0.4629 -0.8123 0.3548
vn -0.4630 -0.8123 0.3548
vn -0.8468 0.4382 -0.3016
vn 0.0228 -0.0558 0.9982
vn -0.3781 0.9242 0.0536
vn 0.8995 -0.2549 0.3548
vn 0.2969 0.9060 -0.3016
vn 0.2968 0.9060 -0.3016
vn 0.2968 0.9061 -0.3016
vn -0.6704 0.6763 -0.3051
vn 0.2251 -0.2271 -0.9475
vn 0.1169 0.9276 0.3548
vn 0.9500 -0.0808 -0.3016
vn -0.0424 0.0428 0.9982
vn 0.7030 -0.7092 0.0536
vn -0.9286 -0.1088 0.3548
vn 0.0725 -0.9507 -0.3016
vn 0.6704 -0.6763 -0.3051
vn -0.2251 0.2271 -0.9475
vn -0.1169 -0.9276 0.3548
vn -0.1168 -0.9276 0.3548
vn -0.1169 -0.9276 0.3547
vn -0.9500 0.0808 -0.3016
vn 0.0424 -0.0428 0.9982
vn -0.7030 0.7092 0.0536
vn 0.9286 0.1088 0.3548
vn 0.9286 0.1087 0.3548
vn -0.0725 0.9507 -0.3016
vn -0.8782 0.3683 -0.3051
vn 0.2949 -0.1237 -0.9475
vn -0.2470 0.9017 0.3548
vn -0.2471 0.9017 0.3548
vn 0.9086 0.2889 -0.3016
vn -0.0556 0.0233 0.9982
vn 0.9209 -0.3862 0.0536
vn -0.8163 -0.4559 0.3547
vn -0.8163 -0.4558 0.3548
vn -0.8163 -0.4559 0.3548
vn 0.4308 -0.8506 -0.3016
vn 0.8782 -0.3683 -0.3051
vn -0.2949 0.1237 -0.9475
vn 0.2470 -0.9017 0.3548
vn 0.2471 -0.9017 0.3548
vn -0.9086 -0.2889 -0.3016
vn 0.0556 -0.0233 0.9982
vn -0.9209 0.3862 0.0536
vn 0.8163 0.4559 0.3548
vn 0.8163 0.4558 0.3548
vn -0.4308 0.8506 -0.3016
vn -0.9523 0.0042 -0.3051
vn 0.3198 -0.0014 -0.9475
vn -0.5733 0.7386 0.3548
vn 0.7289 0.6146 -0.3016
vn 0.7289 0.6147 -0.3016
vn -0.0603 0.0003 0.9982
vn 0.9986 -0.0044 0.0536
vn -0.5797 -0.7335 0.3548
vn 0.7235 -0.6210 -0.3016
vn 0.9523 -0.0042 -0.3051
vn -0.3198 0.0014 -0.9475
vn 0.5733 -0.7385 0.3548
vn 0.5733 -0.7386 0.3548
vn -0.7289 -0.6146 -0.3016
vn -0.7289 -0.6147 -0.3016
vn 0.0603 -0.0003 0.9982
vn -0.9986 0.0044 0.0536
vn 0.5797 0.7335 0.3548
vn -0.7235 0.6210 -0.3016
vn -0.7235 0.6209 -0.3016
vn -0.8814 -0.3606 -0.3051
vn 0.2960 0.1211 -0.9475
vn -0.8123 0.4629 0.3548
vn -0.8123 0.4630 0.3548
vn 0.4382 0.8468 -0.3016
vn -0.0558 -0.0228 0.9982
vn 0.9242 0.3781 0.0536
vn -0.2549 -0.8995 0.3548
vn 0.9060 -0.2968 -0.3016
vn 0.8814 0.3606 -0.3051
vn -0.2960 -0.1211 -0.9475
vn 0.8123 -0.4629 0.3548
vn 0.8123 -0.4630 0.3548
vn -0.4382 -0.8468 -0.3016
vn 0.0558 0.0228 0.9982
vn -0.9242 -0.3781 0.0536
vn 0.2549 0.8995 0.3548
vn -0.9060 0.2968 -0.3016
vn -0.9061 0.2968 -0.3016
vn -0.6763 -0.6705 -0.3051
vn -0.6763 -0.6704 -0.3051
vn 0.2271 0.2251 -0.9475
vn -0.9276 0.1169 0.3548
vn -0.9276 0.1168 0.3548
vn 0.0808 0.9500 -0.3016
vn -0.0428 -0.0424 0.9982
vn 0.7092 0.7030 0.0536
vn 0.1088 -0.9286 0.3548
vn 0.1087 -0.9286 0.3548
vn 0.9507 0.0725 -0.3016
vn 0.6763 0.6704 -0.3051
vn -0.2271 -0.2251 -0.9475
vn 0.9276 -0.1169 0.3548
vn 0.9276 -0.1168 0.3548
vn 0.9276 -0.1169 0.3547
vn -0.0808 -0.9500 -0.3016
vn 0.0428 0.0424 0.9982
vn -0.7092 -0.7030 0.0536
vn -0.1088 0.9286 0.3548
vn -0.1087 0.9286 0.3548
vn -0.1088 0.9286 0.3547
vn -0.9507 -0.0725 -0.3016
vn -0.3683 -0.8782 -0.3051
vn 0.1237 0.2949 -0.9475
vn -0.9017 -0.2470 0.3548
vn -0.9017 -0.2471 0.3548
vn -0.2889 0.9086 -0.3016
vn -0.0233 -0.0556 0.9982
vn 0.3862 0.9209 0.0536
vn 0.4559 -0.8163 0.3548
vn 0.4558 -0.8163 0.3548
vn 0.8506 0.4308 -0.3016
vn 0.3683 0.8782 -0.3051
vn -0.1237 -0.2949 -0.9475
vn 0.9017 0.2470 0.3548
vn 0.9017 0.2470 0.3547
vn 0.2889 -0.9086 -0.3016
vn 0.0233 0.0556 0.9982
vn -0.3862 -0.9209 0.0536
vn -0.4559 0.8163 0.3548
vn -0.4558 0.8163 0.3548
vn -0.8506 -0.4308 -0.3016
vn 0.7962 0.3258 0.5098
vn 0.4662 0.1907 -0.8639
vn 0.4661 0.1907 -0.8639
vn 0.0755 -0.6209 0.7802
vn 0.0755 -0.6209 0.7803
vn 0.1614 -0.5930 -0.7889
vn -0.8540 -0.3494 0.3855
vn -0.3470 -0.1420 -0.9271
vn -0.3470 -0.1419 -0.9271
vn -0.3813 0.4958 0.7803
vn -0.3814 0.4958 0.7803
vn -0.3814 0.4958 0.7802
vn -0.3005 0.5361 -0.7889
vn -0.6110 -0.6057 0.5098
vn -0.3577 -0.3546 -0.8639
vn -0.3074 0.5448 0.7802
vn -0.3073 0.5447 0.7802
vn -0.3073 0.5447 0.7803
vn -0.3761 0.4861 -0.7889
vn -0.3760 0.4861 -0.7889
vn 0.6553 0.6496 0.3855
vn 0.2662 0.2639 -0.9271
vn 0.5420 -0.3121 0.7803
vn 0.5420 -0.3121 0.7802
vn 0.5421 -0.3121 0.7802
vn 0.4828 -0.3803 -0.7889
vn 0.6110 0.6057 0.5098
vn 0.3577 0.3546 -0.8639
vn 0.3074 -0.5448 0.7802
vn 0.3073 -0.5447 0.7803
vn 0.3761 -0.4861 -0.7889
vn -0.6553 -0.6496 0.3855
vn -0.2662 -0.2639 -0.9271
vn -0.5420 0.3121 0.7803
vn -0.5420 0.3121 0.7802
vn -0.5421 0.3121 0.7802
vn -0.4828 0.3803 -0.7889
vn -0.3327 -0.7934 0.5098
vn -0.1948 -0.4645 -0.8639
vn -0.4924 0.3857 0.7802
vn -0.4924 0.3857 0.7803
vn -0.5334 0.3052 -0.7889
vn -0.5335 0.3052 -0.7889
vn 0.3568 0.8509 0.3855
vn 0.1450 0.3457 -0.9271
vn 0.6202 -0.0809 0.7803
vn 0.6202 -0.0809 0.7802
vn 0.5916 -0.1666 -0.7889
vn 0.5915 -0.1666 -0.7889
vn 0.3327 0.7934 0.5098
vn 0.1948 0.4645 -0.8639
vn 0.4924 -0.3857 0.7802
vn 0.5334 -0.3052 -0.7889
vn 0.5335 -0.3052 -0.7889
vn -0.3568 -0.8509 0.3855
vn -0.1450 -0.3457 -0.9271
vn -0.6202 0.0809 0.7803
vn -0.6202 0.0809 0.7802
vn -0.5916 0.1666 -0.7889
vn -0.5915 0.1666 -0.7889
vn -0.0038 -0.8603 0.5098
vn -0.0022 -0.5037 -0.8639
vn -0.0022 -0.5036 -0.8639
vn -0.6025 0.1679 0.7802
vn -0.6025 0.1679 0.7803
vn -0.6096 0.0778 -0.7889
vn 0.0040 0.9227 0.3855
vn 0.0016 0.3749 -0.9271
vn 0.6040 0.1626 0.7803
vn 0.6040 0.1626 0.7802
vn 0.6103 0.0725 -0.7889
vn -0.3258 0.7962 0.5098
vn -0.3258 0.7963 0.5098
vn -0.1907 0.4662 -0.8639
vn 0.6209 0.0755 0.7802
vn 0.6209 0.0755 0.7803
vn 0.5930 0.1614 -0.7889
vn 0.3494 -0.8540 0.3855
vn 0.1420 -0.3470 -0.9271
vn 0.1419 -0.3470 -0.9271
vn -0.4958 -0.3813 0.7803
vn -0.4958 -0.3814 0.7802
vn -0.4957 -0.3813 0.7803
vn -0.5361 -0.3005 -0.7889
vn 0.0038 0.8603 0.5098
vn 0.0022 0.5037 -0.8639
vn 0.0022 0.5036 -0.8639
vn 0.6025 -0.1679 0.7802
vn 0.6025 -0.1679 0.7803
vn 0.6096 -0.0778 -0.7889
vn -0.0040 -0.9227 0.3855
vn -0.0016 -0.3749 -0.9271
vn -0.6040 -0.1626 0.7803
vn -0.6040 -0.1626 0.7802
vn -0.6103 -0.0725 -0.7889
vn -0.6102 -0.0725 -0.7889
vn 0.3258 -0.7962 0.5098
vn 0.3258 -0.7963 0.5098
vn 0.1907 -0.4662 -0.8639
vn -0.6209 -0.0755 0.7802
vn -0.6209 -0.0755 0.7803
vn -0.5930 -0.1614 -0.7889
vn -0.3494 0.8540 0.3855
vn -0.1419 0.3470 -0.9271
vn 0.4958 0.3814 0.7803
vn 0.4958 0.3813 0.7803
vn 0.4957 0.3813 0.7803
vn 0.5361 0.3005 -0.7889
vn -0.6057 0.6110 0.5098
vn -0.3546 0.3577 -0.8639
vn 0.5448 0.3074 0.7802
vn 0.5447 0.3073 0.7802
vn 0.5447 0.3073 0.7803
vn 0.4861 0.3761 -0.7889
vn 0.4861 0.3760 -0.7889
vn 0.6496 -0.6553 0.3855
vn 0.2639 -0.2662 -0.9271
vn -0.3121 -0.5420 0.7803
vn -0.3121 -0.5420 0.7802
vn -0.3121 -0.5421 0.7802
vn -0.3803 -0.4828 -0.7889
vn 0.6057 -0.6110 0.5098
vn 0.3546 -0.3577 -0.8639
vn -0.5448 -0.3074 0.7802
vn -0.5447 -0.3073 0.7803
vn -0.4861 -0.3761 -0.7889
vn -0.4861 -0.3760 -0.7889
vn -0.6496 0.6553 0.3855
vn -0.2639 0.2662 -0.9271
vn 0.3121 0.5420 0.7803
vn 0.3121 0.5421 0.7802
vn 0.3803 0.4828 -0.7889
vn -0.7934 0.3327 0.5098
vn -0.4645 0.1948 -0.8639
vn 0.3857 0.4924 0.7802
vn 0.3857 0.4924 0.7803
vn 0.3052 0.5334 -0.7889
vn 0.8509 -0.3568 0.3855
vn 0.3457 -0.1450 -0.9271
vn -0.0809 -0.6202 0.7803
vn -0.0809 -0.6202 0.7802
vn -0.1666 -0.5915 -0.7889
vn -0.1666 -0.5916 -0.7889
vn 0.7934 -0.3327 0.5098
vn 0.4645 -0.1948 -0.8639
vn -0.3857 -0.4924 0.7802
vn -0.3857 -0.4924 0.7803
vn -0.3052 -0.5334 -0.7889
vn -0.3052 -0.5335 -0.7889
vn -0.8509 0.3568 0.3855
vn -0.3457 0.1450 -0.9271
vn 0.0809 0.6202 0.7803
vn 0.0809 0.6202 0.7802
vn 0.1666 0.5915 -0.7889
vn 0.1666 0.5916 -0.7889
vn -0.8603 0.0038 0.5098
vn -0.5036 0.0022 -0.8639
vn -0.5037 0.0022 -0.8639
vn 0.1679 0.6025 0.7802
vn 0.1679 0.6025 0.7803
vn 0.0778 0.6096 -0.7889
vn 0.9227 -0.0040 0.3855
vn 0.3749 -0.0016 -0.9271
vn 0.1626 -0.6040 0.7803
vn 0.1626 -0.6040 0.7802
vn 0.1626 -0.6039 0.7803
vn 0.0725 -0.6103 -0.7888
vn 0.0725 -0.6103 -0.7889
vn 0.0725 -0.6102 -0.7889
vn 0.8603 -0.0038 0.5098
vn 0.5036 -0.0022 -0.8639
vn 0.5037 -0.0022 -0.8639
vn -0.1679 -0.6025 0.7802
vn -0.1679 -0.6025 0.7803
vn -0.0778 -0.6096 -0.7889
vn -0.9227 0.0040 0.3855
vn -0.3749 0.0016 -0.9271
vn -0.1626 0.6040 0.7803
vn -0.1626 0.6040 0.7802
vn -0.0725 0.6103 -0.7889
vn -0.0725 0.6102 -0.7889
vn -0.7962 -0.3257 0.5098
vn -0.7963 -0.3258 0.5097
vn -0.4661 -0.1907 -0.8639
vn -0.4662 -0.1907 -0.8639
vn -0.0755 0.6209 0.7802
vn -0.0755 0.6209 0.7803
vn -0.1614 0.5930 -0.7889
vn 0.8540 0.3494 0.3855
vn 0.3470 0.1419 -0.9271
vn 0.3470 0.1420 -0.9271
vn 0.3813 -0.4958 0.7803
vn 0.3813 -0.4957 0.7803
vn 0.3005 -0.5361 -0.7889
vn -0.3433 0.1439 0.9281
vn 0.8604 -0.3608 0.3599
vn -0.9766 -0.2149 -0.0102
vn 0.3817 -0.9242 -0.0115
vn -0.5312 0.8472 -0.0102
vn 0.9267 0.3755 -0.0115
vn 0.9268 0.3755 -0.0115
vn 0.3722 -0.0016 0.9281
vn -0.9330 0.0041 0.3599
vn 0.8200 0.5722 -0.0102
vn 0.8200 0.5723 -0.0102
vn -0.7064 0.7078 -0.0115
vn -0.7064 0.7077 -0.0115
vn 0.8150 -0.5794 -0.0102
vn -0.7125 -0.7016 -0.0115
vn -0.3722 0.0016 0.9281
vn 0.9330 -0.0041 0.3599
vn -0.8200 -0.5722 -0.0102
vn -0.8200 -0.5723 -0.0102
vn 0.7064 -0.7078 -0.0115
vn 0.7063 -0.7078 -0.0115
vn -0.8150 0.5794 -0.0102
vn 0.7125 0.7016 -0.0115
vn 0.3445 0.1409 0.9281
vn -0.8635 -0.3533 0.3599
vn 0.5386 0.8425 -0.0102
vn -0.9234 0.3836 -0.0115
vn 0.9747 -0.2234 -0.0102
vn -0.3898 -0.9208 -0.0115
vn -0.3445 -0.1409 0.9281
vn 0.8635 0.3533 0.3599
vn -0.5386 -0.8425 -0.0102
vn 0.9234 -0.3836 -0.0115
vn -0.9747 0.2234 -0.0102
vn 0.3898 0.9208 -0.0115
vn 0.2643 0.2621 0.9281
vn 0.2643 0.2620 0.9281
vn -0.6626 -0.6568 0.3599
vn 0.1752 0.9845 -0.0102
vn -0.9999 0.0010 -0.0115
vn 0.9860 0.1666 -0.0102
vn -0.0077 -0.9999 -0.0115
vn -0.0078 -0.9999 -0.0115
vn -0.2643 -0.2621 0.9281
vn -0.2643 -0.2620 0.9281
vn 0.6626 0.6568 0.3599
vn -0.1752 -0.9845 -0.0102
vn 0.9999 -0.0010 -0.0115
vn -0.9860 -0.1666 -0.0102
vn 0.0077 0.9999 -0.0115
vn 0.1439 0.3433 0.9281
vn -0.3608 -0.8604 0.3599
vn -0.2149 0.9766 -0.0102
vn -0.9242 -0.3817 -0.0115
vn 0.8472 0.5312 -0.0102
vn 0.3755 -0.9267 -0.0115
vn 0.3755 -0.9268 -0.0115
vn -0.1439 -0.3433 0.9281
vn 0.3608 0.8604 0.3599
vn 0.2149 -0.9766 -0.0102
vn 0.9242 0.3817 -0.0115
vn -0.8472 -0.5312 -0.0102
vn -0.3755 0.9267 -0.0115
vn -0.3755 0.9268 -0.0115
vn 0.0016 0.3722 0.9281
vn -0.0041 -0.9330 0.3599
vn -0.5723 0.8200 -0.0102
vn -0.5722 0.8200 -0.0102
vn -0.7078 -0.7064 -0.0115
vn -0.7078 -0.7063 -0.0115
vn 0.5794 0.8150 -0.0102
vn 0.7016 -0.7125 -0.0115
vn 0.1409 -0.3445 0.9281
vn -0.3533 0.8635 0.3599
vn 0.8425 -0.5386 -0.0102
vn 0.3836 0.9234 -0.0115
vn -0.2234 -0.9747 -0.0102
vn -0.9208 0.3898 -0.0115
vn -0.0016 -0.3722 0.9281
vn 0.0041 0.9330 0.3599
vn 0.5723 -0.8200 -0.0102
vn 0.5722 -0.8200 -0.0102
vn 0.7078 0.7064 -0.0115
vn 0.7078 0.7063 -0.0115
vn -0.5794 -0.8150 -0.0102
vn -0.7016 0.7125 -0.0115
vn -0.1409 0.3445 0.9281
vn 0.3533 -0.8635 0.3599
vn -0.8425 0.5386 -0.0102
vn -0.3836 -0.9234 -0.0115
vn 0.2234 0.9747 -0.0102
vn 0.9208 -0.3898 -0.0115
vn 0.2621 -0.2643 0.9281
vn 0.2620 -0.2643 0.9281
vn -0.6568 0.6626 0.3599
vn 0.9845 -0.1752 -0.0102
vn 0.0010 0.9999 -0.0115
vn 0.1666 -0.9860 -0.0102
vn -0.9999 0.0077 -0.0115
vn -0.9999 0.0078 -0.0115
vn -0.2621 0.2643 0.9281
vn -0.2620 0.2643 0.9281
vn 0.6568 -0.6626 0.3599
vn -0.9845 0.1752 -0.0102
vn -0.0010 -0.9999 -0.0115
vn -0.1666 0.9860 -0.0102
vn 0.9999 -0.0077 -0.0115
vn 0.9999 -0.0078 -0.0115
vn 0.3433 -0.1439 0.9281
vn -0.8604 0.3608 0.3599
vn 0.9766 0.2149 -0.0102
vn -0.3817 0.9242 -0.0115
vn 0.5312 -0.8472 -0.0102
vn -0.9267 -0.3755 -0.0115
vn -0.9268 -0.3755 -0.0115
vn 0.5070 0.5026 0.7002
vn -0.5070 -0.5026 0.7002
vn 0.1569 0.9876 0.0026
vn 0.1568 0.9876 0.0026
vn -0.9998 0.0192 0.0032
vn -0.9998 0.0193 0.0032
vn -0.9998 0.0192 0.0033
vn -0.9998 0.0193 0.0033
vn 0.6502 0.6445 -0.4023
vn 0.6502 0.6445 -0.4022
vn -0.2951 -0.2925 -0.9096
vn 0.9889 0.1482 0.0026
vn 0.9890 0.1482 0.0026
vn 0.0105 -0.9999 0.0032
vn 0.0105 -0.9999 0.0033
vn -0.1569 -0.9876 0.0026
vn -0.1568 -0.9876 0.0026
vn 0.9998 -0.0193 0.0032
vn 0.9998 -0.0192 0.0033
vn -0.6502 -0.6445 -0.4023
vn -0.6502 -0.6445 -0.4022
vn 0.2951 0.2925 -0.9096
vn -0.9889 -0.1482 0.0026
vn -0.9890 -0.1482 0.0026
vn -0.0105 0.9999 0.0032
vn -0.0105 0.9999 0.0033
vn 0.2761 0.6584 0.7002
vn -0.2761 -0.6584 0.7002
vn -0.2331 0.9725 0.0026
vn -0.2330 0.9725 0.0026
vn -0.9311 -0.3648 0.0032
vn -0.9311 -0.3648 0.0033
vn 0.3540 0.8443 -0.4022
vn 0.3540 0.8443 -0.4023
vn -0.1607 -0.3832 -0.9096
vn 0.8570 0.5154 0.0026
vn 0.3924 -0.9198 0.0032
vn 0.3924 -0.9198 0.0033
vn 0.2331 -0.9725 0.0026
vn 0.2330 -0.9725 0.0026
vn 0.9311 0.3648 0.0032
vn 0.9311 0.3648 0.0033
vn -0.3540 -0.8443 -0.4022
vn -0.3540 -0.8443 -0.4023
vn 0.1607 0.3832 -0.9096
vn -0.8570 -0.5154 0.0026
vn -0.3924 0.9198 0.0032
vn -0.3924 0.9198 0.0033
vn 0.0031 0.7139 0.7002
vn -0.0031 -0.7139 0.7002
vn -0.5875 0.8092 0.0026
vn -0.5874 0.8093 0.0026
vn -0.5875 0.8093 0.0026
vn -0.7206 -0.6934 0.0032
vn -0.7206 -0.6933 0.0032
vn -0.7206 -0.6934 0.0033
vn 0.0040 0.9155 -0.4022
vn -0.0018 -0.4155 -0.9096
vn 0.5945 0.8041 0.0026
vn 0.7145 -0.6996 0.0032
vn 0.7145 -0.6996 0.0033
vn 0.2703 -0.6608 0.7002
vn -0.2703 0.6608 0.7002
vn 0.8524 -0.5228 0.0026
vn 0.4004 0.9163 0.0032
vn 0.4004 0.9163 0.0033
vn 0.3467 -0.8474 -0.4022
vn -0.1573 0.3846 -0.9096
vn -0.2415 -0.9704 0.0026
vn -0.9279 0.3729 0.0032
vn -0.9279 0.3729 0.0033
vn 0.5875 -0.8092 0.0026
vn 0.5874 -0.8093 0.0026
vn 0.5875 -0.8093 0.0026
vn 0.7206 0.6934 0.0032
vn 0.7206 0.6934 0.0033
vn -0.0040 -0.9155 -0.4022
vn 0.0018 0.4155 -0.9096
vn -0.5945 -0.8041 0.0026
vn -0.7145 0.6996 0.0032
vn -0.7145 0.6996 0.0033
vn -0.8524 0.5228 0.0026
vn -0.4004 -0.9163 0.0032
vn -0.4004 -0.9163 0.0033
vn -0.3467 0.8474 -0.4022
vn 0.1573 -0.3846 -0.9096
vn 0.2415 0.9704 0.0026
vn 0.9279 -0.3729 0.0032
vn 0.9279 -0.3729 0.0033
vn 0.5026 -0.5070 0.7002
vn -0.5026 0.5070 0.7002
vn 0.9876 -0.1569 0.0026
vn 0.9876 -0.1568 0.0026
vn 0.0192 0.9998 0.0032
vn 0.0193 0.9998 0.0032
vn 0.0192 0.9998 0.0033
vn 0.0193 0.9998 0.0033
vn 0.6445 -0.6502 -0.4023
vn 0.6445 -0.6502 -0.4022
vn -0.2925 0.2951 -0.9096
vn 0.1482 -0.9889 0.0026
vn 0.1482 -0.9890 0.0026
vn -0.9999 -0.0105 0.0032
vn -0.9999 -0.0106 0.0032
vn -0.9999 -0.0105 0.0033
vn -0.9876 0.1569 0.0026
vn -0.9876 0.1568 0.0026
vn -0.0192 -0.9998 0.0032
vn -0.0193 -0.9998 0.0032
vn -0.0192 -0.9998 0.0033
vn -0.0193 -0.9998 0.0033
vn -0.6445 0.6502 -0.4023
vn -0.6445 0.6502 -0.4022
vn 0.2925 -0.2951 -0.9096
vn -0.1482 0.9889 0.0026
vn -0.1482 0.9890 0.0026
vn 0.9999 0.0105 0.0032
vn 0.9999 0.0105 0.0033
vn 0.6584 -0.2761 0.7002
vn -0.6584 0.2761 0.7002
vn 0.9725 0.2331 0.0026
vn 0.9725 0.2330 0.0026
vn -0.3648 0.9311 0.0032
vn -0.3648 0.9311 0.0033
vn 0.8443 -0.3540 -0.4022
vn 0.8443 -0.3540 -0.4023
vn -0.3832 0.1607 -0.9096
vn 0.5154 -0.8570 0.0026
vn 0.5154 -0.8569 0.0026
vn -0.9198 -0.3924 0.0032
vn -0.9198 -0.3924 0.0033
vn -0.9725 -0.2331 0.0026
vn -0.9725 -0.2330 0.0026
vn 0.3648 -0.9311 0.0032
vn 0.3648 -0.9311 0.0033
vn -0.8443 0.3540 -0.4022
vn 0.3832 -0.1607 -0.9096
vn -0.5154 0.8570 0.0026
vn 0.9198 0.3924 0.0032
vn 0.9198 0.3924 0.0033
vn 0.7139 -0.0031 0.7002
vn -0.7139 0.0031 0.7002
vn 0.8092 0.5875 0.0026
vn 0.8093 0.5874 0.0026
vn 0.8093 0.5875 0.0026
vn -0.6934 0.7206 0.0032
vn -0.6933 0.7206 0.0032
vn -0.6934 0.7206 0.0033
vn 0.9155 -0.0040 -0.4023
vn 0.9155 -0.0040 -0.4022
vn -0.4155 0.0018 -0.9096
vn 0.8041 -0.5945 0.0026
vn -0.6996 -0.7145 0.0033
vn -0.6996 -0.7145 0.0032
vn -0.8092 -0.5875 0.0026
vn -0.8093 -0.5874 0.0026
vn -0.8093 -0.5875 0.0026
vn 0.6934 -0.7206 0.0032
vn 0.6933 -0.7206 0.0032
vn 0.6934 -0.7206 0.0033
vn -0.9155 0.0040 -0.4022
vn 0.4155 -0.0018 -0.9096
vn -0.8041 0.5945 0.0026
vn 0.6996 0.7145 0.0032
vn 0.6996 0.7145 0.0033
vn 0.6608 0.2703 0.7002
vn -0.6608 -0.2703 0.7002
vn 0.5229 0.8524 0.0026
vn 0.5228 0.8524 0.0026
vn -0.9163 0.4004 0.0032
vn -0.9163 0.4004 0.0033
vn 0.8474 0.3467 -0.4022
vn -0.3846 -0.1573 -0.9096
vn 0.9704 -0.2415 0.0026
vn -0.3729 -0.9279 0.0032
vn -0.3729 -0.9279 0.0033
vn -0.5229 -0.8524 0.0026
vn -0.5228 -0.8524 0.0026
vn 0.9163 -0.4004 0.0032
vn 0.9163 -0.4004 0.0033
vn -0.8474 -0.3467 -0.4022
vn 0.3846 0.1573 -0.9096
vn -0.9704 0.2415 0.0026
vn 0.3729 0.9279 0.0032
vn 0.3729 0.9279 0.0033
vn 0.3730 0.9278 0.0033
vn -0.4704 0.5624 0.6801
vn -0.4704 0.5624 0.6800
vn -0.3488 0.4473 -0.8235
vn -0.3488 0.4473 -0.8236
vn 0.2010 0.7095 0.6755
vn 0.2010 0.7095 0.6754
vn 0.1357 0.5478 -0.8256
vn 0.1357 0.5478 -0.8255
vn 0.1359 -0.3321 0.9334
vn 0.3512 -0.8585 -0.3736
vn -0.0016 -0.3588 0.9334
vn -0.0040 -0.9276 -0.3736
vn -0.5534 0.4401 0.7071
vn -0.5534 0.4401 -0.7071
vn 0.3535 0.5360 0.7667
vn 0.3516 0.5337 -0.7692
vn 0.3516 0.5336 -0.7692
vn 0.2526 -0.2548 0.9334
vn 0.6530 -0.6588 -0.3736
vn 0.6530 -0.6587 -0.3737
vn -0.1626 -0.5304 0.8320
vn -0.1950 -0.7164 -0.6699
vn -0.6154 0.3483 0.7071
vn -0.6154 0.3483 -0.7071
vn 0.4309 0.3495 0.8320
vn 0.4308 0.3495 0.8320
vn 0.5912 0.4492 -0.6699
vn 0.5911 0.4492 -0.6699
vn 0.3309 -0.1387 0.9334
vn 0.8554 -0.3587 -0.3737
vn 0.8554 -0.3587 -0.3736
vn -0.3645 -0.5285 0.7667
vn -0.3631 -0.5259 -0.7692
vn -0.6976 0.2254 0.6801
vn -0.6976 0.2254 0.6800
vn -0.5454 0.1559 -0.8236
vn -0.5454 0.1558 -0.8236
vn -0.5454 0.1559 -0.8235
vn 0.3321 0.1359 0.9334
vn 0.8585 0.3512 -0.3736
vn 0.8585 0.3512 -0.3737
vn 0.3588 -0.0016 0.9334
vn 0.9276 -0.0040 -0.3736
vn 0.9276 -0.0040 -0.3737
vn -0.5825 -0.4521 0.6755
vn -0.4571 -0.3310 -0.8255
vn -0.4570 -0.3310 -0.8256
vn -0.5284 0.3651 0.7665
vn -0.5255 0.3636 -0.7692
vn 0.3355 0.6225 0.7071
vn 0.3354 0.6225 -0.7071
vn 0.3355 0.6225 -0.7071
vn 0.3680 -0.4198 0.8297
vn 0.3679 -0.4198 0.8297
vn 0.4678 -0.5703 -0.6752
vn -0.1387 -0.3309 0.9334
vn -0.3587 -0.8554 -0.3737
vn -0.3587 -0.8554 -0.3736
vn -0.5862 0.3954 0.7071
vn -0.5862 0.3954 -0.7071
vn 0.3954 0.5862 0.7071
vn 0.3954 0.5862 -0.7071
vn 0.5534 -0.4401 0.7071
vn 0.5534 -0.4401 -0.7071
vn -0.3355 -0.6225 0.7071
vn -0.3355 -0.6225 -0.7071
vn 0.4515 0.5442 0.7071
vn 0.4515 0.5442 -0.7071
vn 0.6154 -0.3483 0.7071
vn 0.6154 -0.3483 -0.7071
vn -0.3954 -0.5862 0.7071
vn -0.3954 -0.5862 -0.7071
vn -0.5364 0.3532 0.7665
vn -0.5364 0.3531 0.7665
vn -0.5339 0.3511 -0.7692
vn -0.5340 0.3511 -0.7692
vn 0.2548 0.2526 0.9334
vn 0.6588 0.6530 -0.3736
vn 0.6587 0.6530 -0.3737
vn 0.5271 -0.1839 0.8297
vn 0.7040 -0.2201 -0.6752
vn -0.4515 -0.5442 0.7071
vn -0.4515 -0.5442 -0.7071
vn -0.5271 0.1839 0.8297
vn -0.7040 0.2201 -0.6752
vn 0.5364 -0.3532 0.7665
vn 0.5364 -0.3531 0.7665
vn 0.5339 -0.3511 -0.7692
vn 0.5340 -0.3511 -0.7692
vn -0.2548 -0.2526 0.9334
vn -0.6588 -0.6530 -0.3736
vn -0.6587 -0.6530 -0.3737
vn 0.5862 -0.3954 0.7071
vn 0.5862 -0.3954 -0.7071
vn -0.3680 0.4198 0.8297
vn -0.3679 0.4198 0.8297
vn -0.4678 0.5703 -0.6752
vn 0.1387 0.3309 0.9334
vn 0.1388 0.3309 0.9334
vn 0.3587 0.8554 -0.3737
vn 0.3587 0.8554 -0.3736
vn 0.5284 -0.3651 0.7665
vn 0.5255 -0.3635 -0.7692
vn 0.5255 -0.3636 -0.7692
vn -0.3588 0.0016 0.9334
vn -0.9276 0.0040 -0.3736
vn -0.9276 0.0040 -0.3737
vn 0.5825 0.4521 0.6755
vn 0.5825 0.4522 0.6754
vn 0.4571 0.3310 -0.8255
vn 0.4570 0.3310 -0.8256
vn 0.6976 -0.2254 0.6801
vn 0.6976 -0.2254 0.6800
vn 0.5454 -0.1559 -0.8236
vn 0.5454 -0.1559 -0.8235
vn 0.5454 -0.1558 -0.8236
vn -0.3321 -0.1359 0.9334
vn -0.8585 -0.3512 -0.3737
vn -0.8585 -0.3512 -0.3736
vn -0.3309 0.1387 0.9334
vn -0.8554 0.3587 -0.3737
vn -0.8554 0.3587 -0.3736
vn 0.3645 0.5285 0.7667
vn 0.3631 0.5259 -0.7692
vn -0.4309 -0.3495 0.8320
vn -0.4308 -0.3495 0.8320
vn -0.5912 -0.4492 -0.6699
vn -0.5911 -0.4492 -0.6699
vn -0.2526 0.2548 0.9334
vn -0.6530 0.6588 -0.3736
vn -0.6530 0.6587 -0.3737
vn 0.1626 0.5304 0.8320
vn 0.1950 0.7164 -0.6699
vn -0.3535 -0.5360 0.7667
vn -0.3516 -0.5337 -0.7692
vn -0.3516 -0.5337 -0.7691
vn -0.1359 0.3321 0.9334
vn -0.3512 0.8585 -0.3736
vn 0.0016 0.3588 0.9334
vn 0.0040 0.9276 -0.3736
vn 0.4704 -0.5624 0.6801
vn 0.4704 -0.5624 0.6800
vn 0.3488 -0.4473 -0.8236
vn 0.3488 -0.4473 -0.8235
vn -0.2010 -0.7095 0.6755
vn -0.2010 -0.7095 0.6754
vn -0.1357 -0.5478 -0.8256
vn -0.1357 -0.5478 -0.8255
vn 0.7673 0.6413 -0.0022
vn 0.5598 -0.8286 0.0001
vn -0.2350 0.5729 0.7852
vn -0.2349 0.5729 0.7852
vn -0.5286 -0.7836 0.3265
vn -0.6132 0.7899 -0.0003
vn -0.7580 -0.6522 -0.0007
vn 0.2914 0.6931 -0.6593
vn 0.2914 0.6930 -0.6594
vn -0.2887 -0.6935 -0.6600
vn -0.2887 -0.6935 -0.6601
vn 0.7617 -0.6479 -0.0022
vn 0.5670 0.8237 0.0001
vn 0.2854 -0.6956 -0.6593
vn 0.2854 -0.6956 -0.6594
vn -0.2826 0.6960 -0.6601
vn -0.6201 -0.7846 -0.0003
vn -0.6200 -0.7846 -0.0003
vn -0.7523 0.6588 -0.0007
vn -0.2399 -0.5709 0.7852
vn -0.2400 -0.5709 0.7852
vn -0.5217 0.7881 0.3265
vn 0.0088 0.0087 0.9999
vn -0.7090 -0.7028 -0.0585
vn -0.2074 0.9353 0.2866
vn -0.5400 0.0761 -0.8382
vn -0.5400 0.0760 -0.8382
vn 0.7088 0.7027 0.0616
vn -0.0550 -0.0545 -0.9970
vn 0.9335 -0.2156 0.2866
vn 0.9335 -0.2155 0.2867
vn 0.9335 -0.2155 0.2866
vn 0.0713 -0.5407 -0.8382
vn -0.7673 -0.6413 -0.0022
vn -0.5598 0.8286 0.0001
vn 0.2350 -0.5729 0.7852
vn 0.2349 -0.5729 0.7852
vn 0.2349 -0.5730 0.7852
vn 0.5286 0.7836 0.3265
vn 0.6132 -0.7899 -0.0003
vn 0.7580 0.6522 -0.0007
vn -0.2914 -0.6931 -0.6593
vn -0.2914 -0.6931 -0.6594
vn -0.2914 -0.6930 -0.6594
vn 0.2887 0.6935 -0.6601
vn -0.7617 0.6479 -0.0022
vn -0.5670 -0.8237 0.0001
vn -0.2854 0.6956 -0.6593
vn -0.2854 0.6956 -0.6594
vn 0.2826 -0.6960 -0.6601
vn 0.6201 0.7846 -0.0003
vn 0.6200 0.7846 -0.0003
vn 0.7523 -0.6588 -0.0007
vn 0.2399 0.5709 0.7852
vn 0.2400 0.5709 0.7852
vn 0.5218 -0.7881 0.3265
vn 0.5217 -0.7881 0.3265
vn -0.0087 0.0088 0.9999
vn 0.7028 -0.7090 -0.0584
vn 0.7028 -0.7090 -0.0585
vn -0.9353 -0.2074 0.2866
vn -0.9353 -0.2074 0.2867
vn -0.0761 -0.5400 -0.8382
vn -0.0760 -0.5400 -0.8382
vn -0.7027 0.7088 0.0616
vn 0.0545 -0.0550 -0.9970
vn 0.2156 0.9335 0.2866
vn 0.2155 0.9335 0.2867
vn 0.5407 0.0713 -0.8382
vn -0.6479 -0.7617 -0.0022
vn 0.8237 -0.5670 0.0001
vn -0.6956 -0.2854 -0.6593
vn -0.6956 -0.2854 -0.6594
vn 0.6960 0.2826 -0.6601
vn -0.7845 0.6201 -0.0003
vn 0.6588 0.7523 -0.0007
vn -0.5709 0.2399 0.7852
vn -0.5709 0.2400 0.7852
vn 0.7881 0.5217 0.3265
vn 0.7882 0.5217 0.3265
vn 0.0087 -0.0088 0.9999
vn -0.7028 0.7090 -0.0585
vn 0.9353 0.2074 0.2867
vn 0.9353 0.2074 0.2866
vn 0.0761 0.5400 -0.8382
vn 0.0760 0.5400 -0.8382
vn 0.7027 -0.7088 0.0616
vn -0.0545 0.0550 -0.9970
vn -0.2156 -0.9335 0.2867
vn -0.2156 -0.9335 0.2866
vn -0.5407 -0.0713 -0.8382
vn -0.6413 0.7673 -0.0022
vn 0.8286 0.5598 0.0001
vn 0.8287 0.5598 0.0001
vn -0.5729 -0.2350 0.7852
vn -0.5730 -0.2349 0.7852
vn -0.5730 -0.2350 0.7852
vn 0.7836 -0.5286 0.3265
vn -0.7899 -0.6132 -0.0003
vn -0.7900 -0.6132 -0.0003
vn 0.6522 -0.7580 -0.0007
vn -0.6931 0.2914 -0.6593
vn -0.6930 0.2914 -0.6594
vn 0.6935 -0.2887 -0.6601
vn 0.6479 0.7617 -0.0022
vn -0.8237 0.5670 0.0001
vn 0.6956 0.2854 -0.6594
vn -0.6960 -0.2826 -0.6601
vn 0.7845 -0.6201 -0.0003
vn -0.6588 -0.7523 -0.0007
vn 0.5709 -0.2399 0.7852
vn -0.7882 -0.5217 0.3265
vn -0.7881 -0.5218 0.3265
vn -0.7881 -0.5217 0.3265
vn 0.9701 -0.2428 -0.0007
vn -0.2893 -0.9572 0.0001
vn -0.2894 -0.9572 0.0001
vn 0.4311 0.4273 0.7947
vn 0.4311 0.4274 0.7947
vn -0.6156 -0.6102 0.4987
vn -0.2344 0.9721 -0.0007
vn -0.2344 0.9722 -0.0007
vn -0.2343 0.9722 -0.0007
vn -0.9597 -0.2810 0.0001
vn -0.9597 -0.2809 0.0001
vn 0.5460 0.5413 -0.6394
vn -0.5460 -0.5413 -0.6394
vn 0.9722 0.2343 -0.0007
vn -0.2810 0.9597 0.0001
vn 0.5413 -0.5460 -0.6394
vn -0.5413 0.5460 -0.6394
vn -0.2428 -0.9701 -0.0007
vn -0.9572 0.2893 0.0001
vn -0.9572 0.2894 0.0001
vn 0.4273 -0.4311 0.7947
vn -0.6102 0.6156 0.4987
vn 0.2428 0.9701 -0.0007
vn 0.2429 0.9701 -0.0007
vn 0.9572 -0.2893 0.0001
vn 0.9572 -0.2894 0.0001
vn -0.4273 0.4311 0.7947
vn 0.6102 -0.6155 0.4988
vn 0.6102 -0.6156 0.4987
vn -0.9721 -0.2344 -0.0007
vn -0.9722 -0.2343 -0.0007
vn 0.2810 -0.9597 0.0001
vn 0.2809 -0.9597 0.0001
vn -0.9701 0.2428 -0.0007
vn 0.2893 0.9572 0.0001
vn 0.2894 0.9572 0.0001
vn -0.4311 -0.4273 0.7947
vn 0.6156 0.6102 0.4987
vn 0.6155 0.6102 0.4988
vn 0.2344 -0.9721 -0.0007
vn 0.2343 -0.9722 -0.0007
vn 0.2344 -0.9722 -0.0007
vn 0.9597 0.2810 0.0001
vt 1.000000 1.000000
vt 1.000000 0.000000
vt 1.000000 0.000000
vt 1.000000 1.000000
vt 1.000000 0.000000
vt 1.000000 1.000000
vt 1.000000 1.000000
vt 1.000000 0.000000
vt 1.000000 0.000000
vt 0.937500 0.000000
vt 0.937500 0.000000
vt 1.000000 0.000000
vt 0.937500 0.000000
vt 1.000000 0.000000
vt 1.000000 0.000000
vt 0.937500 0.000000
vt 0.937500 0.000000
vt 0.937500 1.000000
vt 0.937500 1.000000
vt 0.937500 0.000000
vt 0.937500 1.000000
vt 0.937500 0.000000
vt 0.937500 0.000000
vt 0.937500 1.000000
vt 0.937500 1.000000
vt 1.000000 1.000000
vt 1.000000 1.000000
vt 0.937500 1.000000
vt 1.000000 1.000000
vt 0.937500 1.000000
vt 0.937500 1.000000
vt 1.000000 1.000000
vt 0.875000 1.000000
vt 0.875000 0.000000
vt 0.875000 0.000000
vt 0.875000 1.000000
vt 0.875000 0.000000
vt 0.875000 1.000000
vt 0.875000 1.000000
vt 0.875000 0.000000
vt 0.875000 0.000000
vt 0.812500 0.000000
vt 0.812500 0.000000
vt 0.875000 0.000000
vt 0.812500 0.000000
vt 0.875000 0.000000
vt 0.875000 0.000000
vt 0.812500 0.000000
vt 0.812500 0.000000
vt 0.812500 1.000000
vt 0.812500 1.000000
vt 0.812500 0.000000
vt 0.812500 1.000000
vt 0.812500 0.000000
vt 0.812500 0.000000
vt 0.812500 1.000000
vt 0.812500 1.000000
vt 0.875000 1.000000
vt 0.875000 1.000000
vt 0.812500 1.000000
vt 0.875000 1.000000
vt 0.812500 1.000000
vt 0.812500 1.000000
vt 0.875000 1.000000
vt 0.812500 1.000000
vt 0.812500 0.000000
vt 0.812500 0.000000
vt 0.812500 1.000000
vt 0.812500 0.000000
vt 0.812500 1.000000
vt 0.812500 1.000000
vt 0.812500 0.000000
vt 0.812500 0.000000
vt 0.750000 0.000000
vt 0.750000 0.000000
vt 0.812500 0.000000
vt 0.750000 0.000000
vt 0.812500 0.000000
vt 0.812500 0.000000
vt 0.750000 0.000000
vt 0.750000 0.000000
vt 0.750000 1.000000
vt 0.750000 1.000000
vt 0.750000 0.000000
vt 0.750000 1.000000
vt 0.750000 0.000000
vt 0.750000 0.000000
vt 0.750000 1.000000
vt 0.750000 1.000000
vt 0.812500 1.000000
vt 0.812500 1.000000
vt 0.750000 1.000000
vt 0.812500 1.000000
vt 0.750000 1.000000
vt 0.750000 1.000000
vt 0.812500 1.000000
vt 0.750000 1.000000
vt 0.750000 0.000000
vt 0.750000 0.000000
vt 0.750000 1.000000
vt 0.750000 0.000000
vt 0.750000 1.000000
vt 0.750000 1.000000
vt 0.750000 0.000000
vt 0.750000 0.000000
vt 0.687500 0.000000
vt 0.687500 0.000000
vt 0.750000 0.000000
vt 0.687500 0.000000
vt 0.750000 0.000000
vt 0.750000 0.000000
vt 0.687500 0.000000
vt 0.687500 0.000000
vt 0.687500 1.000000
vt 0.687500 1.000000
vt 0.687500 0.000000
vt 0.687500 1.000000
vt 0.687500 0.000000
vt 0.687500 0.000000
vt 0.687500 1.000000
vt 0.687500 1.000000
vt 0.750000 1.000000
vt 0.750000 1.000000
vt 0.687500 1.000000
vt 0.750000 1.000000
vt 0.687500 1.000000
vt 0.687500 1.000000
vt 0.750000 1.000000
vt 0.687500 0.000000
vt 0.625000 0.000000
vt 0.625000 0.000000
vt 0.687500 0.000000
vt 0.625000 0.000000
vt 0.687500 0.000000
vt 0.687500 0.000000
vt 0.625000 0.000000
vt 0.625000 0.000000
vt 0.625000 0.000000
vt 0.625000 0.000000
vt 0.625000 0.000000
vt 0.625000 0.000000
vt 0.625000 0.000000
vt 0.625000 0.000000
vt 0.625000 0.000000
vt 0.625000 0.000000
vt 0.687500 0.000000
vt 0.687500 0.000000
vt 0.625000 0.000000
vt 0.687500 0.000000
vt 0.625000 0.000000
vt 0.625000 0.000000
vt 0.687500 0.000000
vt 0.687500 0.000000
vt 0.687500 0.000000
vt 0.687500 0.000000
vt 0.687500 0.000000
vt 0.687500 0.000000
vt 0.687500 0.000000
vt 0.687500 0.000000
vt 0.687500 0.000000
vt 0.625000 1.000000
vt 0.625000 0.000000
vt 0.625000 0.000000
vt 0.625000 1.000000
vt 0.625000 0.000000
vt 0.625000 1.000000
vt 0.625000 1.000000
vt 0.625000 0.000000
vt 0.625000 0.000000
vt 0.562500 0.000000
vt 0.562500 0.000000
vt 0.625000 0.000000
vt 0.562500 0.000000
vt 0.625000 0.000000
vt 0.625000 0.000000
vt 0.562500 0.000000
vt 0.562500 0.000000
vt 0.562500 1.000000
vt 0.562500 1.000000
vt 0.562500 0.000000
vt 0.562500 1.000000
vt 0.562500 0.000000
vt 0.562500 0.000000
vt 0.562500 1.000000
vt 0.562500 1.000000
vt 0.625000 1.000000
vt 0.625000 1.000000
vt 0.562500 1.000000
vt 0.625000 1.000000
vt 0.562500 1.000000
vt 0.562500 1.000000
vt 0.625000 1.000000
vt 0.562500 1.000000
vt 0.562500 0.000000
vt 0.562500 0.000000
vt 0.562500 1.000000
vt 0.562500 0.000000
vt 0.562500 1.000000
vt 0.562500 1.000000
vt 0.562500 0.000000
vt 0.562500 0.000000
vt 0.500000 0.000000
vt 0.500000 0.000000
vt 0.562500 0.000000
vt 0.500000 0.000000
vt 0.562500 0.000000
vt 0.562500 0.000000
vt 0.500000 0.000000
vt 0.500000 0.000000
vt 0.500000 1.000000
vt 0.500000 1.000000
vt 0.500000 0.000000
vt 0.500000 1.000000
vt 0.500000 0.000000
vt 0.500000 0.000000
vt 0.500000 1.000000
vt 0.500000 1.000000
vt 0.562500 1.000000
vt 0.562500 1.000000
vt 0.500000 1.000000
vt 0.562500 1.000000
vt 0.500000 1.000000
vt 0.500000 1.000000
vt 0.562500 1.000000
vt 0.500000 1.000000
vt 0.500000 0.000000
vt 0.500000 0.000000
vt 0.500000 1.000000
vt 0.500000 0.000000
vt 0.500000 1.000000
vt 0.500000 1.000000
vt 0.500000 0.000000
vt 0.500000 0.000000
vt 0.437500 0.000000
vt 0.437500 0.000000
vt 0.500000 0.000000
vt 0.437500 0.000000
vt 0.500000 0.000000
vt 0.500000 0.000000
vt 0.437500 0.000000
vt 0.437500 0.000000
vt 0.437500 1.000000
vt 0.437500 1.000000
vt 0.437500 0.000000
vt 0.437500 1.000000
vt 0.437500 0.000000
vt 0.437500 0.000000
vt 0.437500 1.000000
vt 0.437500 1.000000
vt 0.500000 1.000000
vt 0.500000 1.000000
vt 0.437500 1.000000
vt 0.500000 1.000000
vt 0.437500 1.000000
vt 0.437500 1.000000
vt 0.500000 1.000000
vt 0.187500 1.000000
vt 0.187500 0.000000
vt 0.187500 0.000000
vt 0.187500 1.000000
vt 0.187500 0.000000
vt 0.187500 1.000000
vt 0.187500 1.000000
vt 0.187500 0.000000
vt 0.187500 0.000000
vt 0.187500 0.000000
vt 0.187500 0.000000
vt 0.187500 0.000000
vt 0.187500 0.000000
vt 0.187500 0.000000
vt 0.187500 0.000000
vt 0.187500 0.000000
vt 0.187500 0.000000
vt 0.187500 1.000000
vt 0.187500 1.000000
vt 0.187500 0.000000
vt 0.187500 1.000000
vt 0.187500 0.000000
vt 0.187500 0.000000
vt 0.187500 1.000000
vt 0.187500 1.000000
vt 0.187500 1.000000
vt 0.187500 1.000000
vt 0.187500 1.000000
vt 0.187500 1.000000
vt 0.187500 1.000000
vt 0.187500 1.000000
vt 0.187500 1.000000
vt 0.375000 1.000000
vt 0.375000 0.000000
vt 0.375000 0.000000
vt 0.375000 1.000000
vt 0.375000 0.000000
vt 0.375000 1.000000
vt 0.375000 1.000000
vt 0.375000 0.000000
vt 0.375000 0.000000
vt 0.312500 0.000000
vt 0.312500 0.000000
vt 0.375000 0.000000
vt 0.312500 0.000000
vt 0.375000 0.000000
vt 0.375000 0.000000
vt 0.312500 0.000000
vt 0.312500 0.000000
vt 0.312500 1.000000
vt 0.312500 1.000000
vt 0.312500 0.000000
vt 0.312500 1.000000
vt 0.312500 0.000000
vt 0.312500 0.000000
vt 0.312500 1.000000
vt 0.312500 1.000000
vt 0.375000 1.000000
vt 0.375000 1.000000
vt 0.312500 1.000000
vt 0.375000 1.000000
vt 0.312500 1.000000
vt 0.312500 1.000000
vt 0.375000 1.000000
vt 0.312500 1.000000
vt 0.312500 0.000000
vt 0.312500 0.000000
vt 0.312500 1.000000
vt 0.312500 0.000000
vt 0.312500 1.000000
vt 0.312500 1.000000
vt 0.312500 0.000000
vt 0.312500 0.000000
vt 0.250000 0.000000
vt 0.250000 0.000000
vt 0.312500 0.000000
vt 0.250000 0.000000
vt 0.312500 0.000000
vt 0.312500 0.000000
vt 0.250000 0.000000
vt 0.250000 0.000000
vt 0.250000 1.000000
vt 0.250000 1.000000
vt 0.250000 0.000000
vt 0.250000 1.000000
vt 0.250000 0.000000
vt 0.250000 0.000000
vt 0.250000 1.000000
vt 0.250000 1.000000
vt 0.312500 1.000000
vt 0.312500 1.000000
vt 0.250000 1.000000
vt 0.312500 1.000000
vt 0.250000 1.000000
vt 0.250000 1.000000
vt 0.312500 1.000000
vt 0.250000 1.000000
vt 0.250000 0.000000
vt 0.250000 0.000000
vt 0.250000 1.000000
vt 0.250000 0.000000
vt 0.250000 1.000000
vt 0.250000 1.000000
vt 0.250000 0.000000
vt 0.250000 0.000000
vt 0.187500 0.000000
vt 0.187500 0.000000
vt 0.250000 0.000000
vt 0.187500 0.000000
vt 0.250000 0.000000
vt 0.250000 0.000000
vt 0.187500 0.000000
vt 0.187500 0.000000
vt 0.187500 1.000000
vt 0.187500 1.000000
vt 0.187500 0.000000
vt 0.187500 1.000000
vt 0.187500 0.000000
vt 0.187500 0.000000
vt 0.187500 1.000000
vt 0.187500 1.000000
vt 0.250000 1.000000
vt 0.250000 1.000000
vt 0.187500 1.000000
vt 0.250000 1.000000
vt 0.187500 1.000000
vt 0.187500 1.000000
vt 0.250000 1.000000
vt 0.125000 1.000000
vt 0.125000 0.000000
vt 0.125000 0.000000
vt 0.125000 1.000000
vt 0.125000 0.000000
vt 0.125000 1.000000
vt 0.125000 1.000000
vt 0.125000 0.000000
vt 0.125000 0.000000
vt 0.062500 0.000000
vt 0.062500 0.000000
vt 0.125000 0.000000
vt 0.062500 0.000000
vt 0.125000 0.000000
vt 0.125000 0.000000
vt 0.062500 0.000000
vt 0.062500 0.000000
vt 0.062500 1.000000
vt 0.062500 1.000000
vt 0.062500 0.000000
vt 0.062500 1.000000
vt 0.062500 0.000000
vt 0.062500 0.000000
vt 0.062500 1.000000
vt 0.062500 1.000000
vt 0.125000 1.000000
vt 0.125000 1.000000
vt 0.062500 1.000000
vt 0.125000 1.000000
vt 0.062500 1.000000
vt 0.062500 1.000000
vt 0.125000 1.000000
vt 0.062500 1.000000
vt 0.062500 0.000000
vt 0.062500 0.000000
vt 0.062500 1.000000
vt 0.062500 0.000000
vt 0.062500 1.000000
vt 0.062500 1.000000
vt 0.062500 0.000000
vt 0.062500 0.000000
vt 0.000000 0.000000
vt 0.000000 0.000000
vt 0.062500 0.000000
vt 0.000000 0.000000
vt 0.062500 0.000000
vt 0.062500 0.000000
vt 0.000000 0.000000
vt 0.000000 0.000000
vt 0.000000 1.000000
vt 0.000000 1.000000
vt 0.000000 0.000000
vt 0.000000 1.000000
vt 0.000000 0.000000
vt 0.000000 0.000000
vt 0.000000 1.000000
vt 0.000000 1.000000
vt 0.062500 1.000000
vt 0.062500 1.000000
vt 0.000000 1.000000
vt 0.062500 1.000000
vt 0.000000 1.000000
vt 0.000000 1.000000
vt 0.062500 1.000000
vt 0.750000 0.000000
vt 0.812500 0.000000
vt 0.812500 0.000000
vt 0.750000 0.000000
vt 0.812500 0.000000
vt 0.750000 0.000000
vt 0.750000 0.000000
vt 0.812500 0.000000
vt 0.812500 0.000000
vt 0.812500 0.000000
vt 0.812500 0.000000
vt 0.812500 0.000000
vt 0.812500 0.000000
vt 0.812500 0.000000
vt 0.812500 0.000000
vt 0.812500 0.000000
vt 0.812500 0.000000
vt 0.750000 0.000000
vt 0.750000 0.000000
vt 0.812500 0.000000
vt 0.750000 0.000000
vt 0.812500 0.000000
vt 0.812500 0.000000
vt 0.750000 0.000000
vt 0.750000 0.000000
vt 0.750000 0.000000
vt 0.750000 0.000000
vt 0.750000 0.000000
vt 0.750000 0.000000
vt 0.750000 0.000000
vt 0.750000 0.000000
vt 0.750000 0.000000
vt 0.437500 0.000000
vt 0.500000 0.000000
vt 0.500000 0.000000
vt 0.437500 0.000000
vt 0.500000 0.000000
vt 0.437500 0.000000
vt 0.437500 0.000000
vt 0.500000 0.000000
vt 0.500000 0.000000
vt 0.500000 0.000000
vt 0.500000 0.000000
vt 0.500000 0.000000
vt 0.500000 0.000000
vt 0.500000 0.000000
vt 0.500000 0.000000
vt 0.500000 0.000000
vt 0.500000 0.000000
vt 0.437500 0.000000
vt 0.437500 0.000000
vt 0.500000 0.000000
vt 0.437500 0.000000
vt 0.500000 0.000000
vt 0.500000 0.000000
vt 0.437500 0.000000
vt 0.437500 0.000000
vt 0.437500 0.000000
vt 0.437500 0.000000
vt 0.437500 0.000000
vt 0.437500 0.000000
vt 0.437500 0.000000
vt 0.437500 0.000000
vt 0.437500 0.000000
vt 0.125000 0.000000
vt 0.187500 0.000000
vt 0.187500 0.000000
vt 0.125000 0.000000
vt 0.187500 0.000000
vt 0.125000 0.000000
vt 0.125000 0.000000
vt 0.187500 0.000000
vt 0.187500 0.000000
vt 0.187500 0.000000
vt 0.187500 0.000000
vt 0.187500 0.000000
vt 0.187500 0.000000
vt 0.187500 0.000000
vt 0.187500 0.000000
vt 0.187500 0.000000
vt 0.187500 0.000000
vt 0.125000 0.000000
vt 0.125000 0.000000
vt 0.187500 0.000000
vt 0.125000 0.000000
vt 0.187500 0.000000
vt 0.187500 0.000000
vt 0.125000 0.000000
vt 0.125000 0.000000
vt 0.125000 0.000000
vt 0.125000 0.000000
vt 0.125000 0.000000
vt 0.125000 0.000000
vt 0.125000 0.000000
vt 0.125000 0.000000
vt 0.125000 0.000000
vt 0.875000 0.000000
vt 0.937500 0.000000
vt 0.937500 0.000000
vt 0.875000 0.000000
vt 0.937500 0.000000
vt 0.875000 0.000000
vt 0.875000 0.000000
vt 0.937500 0.000000
vt 0.937500 0.000000
vt 0.937500 0.000000
vt 0.937500 0.000000
vt 0.937500 0.000000
vt 0.937500 0.000000
vt 0.937500 0.000000
vt 0.937500 0.000000
vt 0.937500 0.000000
vt 0.937500 0.000000
vt 0.875000 0.000000
vt 0.875000 0.000000
vt 0.937500 0.000000
vt 0.875000 0.000000
vt 0.937500 0.000000
vt 0.937500 0.000000
vt 0.875000 0.000000
vt 0.875000 0.000000
vt 0.875000 0.000000
vt 0.875000 0.000000
vt 0.875000 0.000000
vt 0.875000 0.000000
vt 0.875000 0.000000
vt 0.875000 0.000000
vt 0.875000 0.000000
vt 0.562500 0.000000
vt 0.625000 0.000000
vt 0.625000 0.000000
vt 0.562500 0.000000
vt 0.625000 0.000000
vt 0.562500 0.000000
vt 0.562500 0.000000
vt 0.625000 0.000000
vt 0.625000 0.000000
vt 0.625000 0.000000
vt 0.625000 0.000000
vt 0.625000 0.000000
vt 0.625000 0.000000
vt 0.625000 0.000000
vt 0.625000 0.000000
vt 0.625000 0.000000
vt 0.625000 0.000000
vt 0.562500 0.000000
vt 0.562500 0.000000
vt 0.625000 0.000000
vt 0.562500 0.000000
vt 0.625000 0.000000
vt 0.625000 0.000000
vt 0.562500 0.000000
vt 0.562500 0.000000
vt 0.562500 0.000000
vt 0.562500 0.000000
vt 0.562500 0.000000
vt 0.562500 0.000000
vt 0.562500 0.000000
vt 0.562500 0.000000
vt 0.562500 0.000000
vt 0.250000 0.000000
vt 0.312500 0.000000
vt 0.312500 0.000000
vt 0.250000 0.000000
vt 0.312500 0.000000
vt 0.250000 0.000000
vt 0.250000 0.000000
vt 0.312500 0.000000
vt 0.312500 0.000000
vt 0.312500 0.000000
vt 0.312500 0.000000
vt 0.312500 0.000000
vt 0.312500 0.000000
vt 0.312500 0.000000
vt 0.312500 0.000000
vt 0.312500 0.000000
vt 0.312500 0.000000
vt 0.250000 0.000000
vt 0.250000 0.000000
vt 0.312500 0.000000
vt 0.250000 0.000000
vt 0.312500 0.000000
vt 0.312500 0.000000
vt 0.250000 0.000000
vt 0.250000 0.000000
vt 0.250000 0.000000
vt 0.250000 0.000000
vt 0.250000 0.000000
vt 0.250000 0.000000
vt 0.250000 0.000000
vt 0.250000 0.000000
vt 0.250000 0.000000
vt 0.687500 0.000000
vt 0.750000 0.000000
vt 0.750000 0.000000
vt 0.687500 0.000000
vt 0.750000 0.000000
vt 0.687500 0.000000
vt 0.687500 0.000000
vt 0.750000 0.000000
vt 0.750000 0.000000
vt 0.750000 0.000000
vt 0.750000 0.000000
vt 0.750000 0.000000
vt 0.750000 0.000000
vt 0.750000 0.000000
vt 0.750000 0.000000
vt 0.750000 0.000000
vt 0.750000 0.000000
vt 0.687500 0.000000
vt 0.687500 0.000000
vt 0.750000 0.000000
vt 0.687500 0.000000
vt 0.750000 0.000000
vt 0.750000 0.000000
vt 0.687500 0.000000
vt 0.687500 0.000000
vt 0.687500 0.000000
vt 0.687500 0.000000
vt 0.687500 0.000000
vt 0.687500 0.000000
vt 0.687500 0.000000
vt 0.687500 0.000000
vt 0.687500 0.000000
vt 0.375000 0.000000
vt 0.437500 0.000000
vt 0.437500 0.000000
vt 0.375000 0.000000
vt 0.437500 0.000000
vt 0.375000 0.000000
vt 0.375000 0.000000
vt 0.437500 0.000000
vt 0.437500 0.000000
vt 0.437500 0.000000
vt 0.437500 0.000000
vt 0.437500 0.000000
vt 0.437500 0.000000
vt 0.437500 0.000000
vt 0.437500 0.000000
vt 0.437500 0.000000
vt 0.437500 0.000000
vt 0.375000 0.000000
vt 0.375000 0.000000
vt 0.437500 0.000000
vt 0.375000 0.000000
vt 0.437500 0.000000
vt 0.437500 0.000000
vt 0.375000 0.000000
vt 0.375000 0.000000
vt 0.375000 0.000000
vt 0.375000 0.000000
vt 0.375000 0.000000
vt 0.375000 0.000000
vt 0.375000 0.000000
vt 0.375000 0.000000
vt 0.375000 0.000000
vt 0.062500 0.000000
vt 0.125000 0.000000
vt 0.125000 0.000000
vt 0.062500 0.000000
vt 0.125000 0.000000
vt 0.062500 0.000000
vt 0.062500 0.000000
vt 0.125000 0.000000
vt 0.125000 0.000000
vt 0.125000 0.000000
vt 0.125000 0.000000
vt 0.125000 0.000000
vt 0.125000 0.000000
vt 0.125000 0.000000
vt 0.125000 0.000000
vt 0.125000 0.000000
vt 0.125000 0.000000
vt 0.062500 0.000000
vt 0.062500 0.000000
vt 0.125000 0.000000
vt 0.062500 0.000000
vt 0.125000 0.000000
vt 0.125000 0.000000
vt 0.062500 0.000000
vt 0.062500 0.000000
vt 0.062500 0.000000
vt 0.062500 0.000000
vt 0.062500 0.000000
vt 0.062500 0.000000
vt 0.062500 0.000000
vt 0.062500 0.000000
vt 0.062500 0.000000
vt 0.812500 0.000000
vt 0.875000 0.000000
vt 0.875000 0.000000
vt 0.812500 0.000000
vt 0.875000 0.000000
vt 0.812500 0.000000
vt 0.812500 0.000000
vt 0.875000 0.000000
vt 0.875000 0.000000
vt 0.875000 0.000000
vt 0.875000 0.000000
vt 0.875000 0.000000
vt 0.875000 0.000000
vt 0.875000 0.000000
vt 0.875000 0.000000
vt 0.875000 0.000000
vt 0.875000 0.000000
vt 0.812500 0.000000
vt 0.812500 0.000000
vt 0.875000 0.000000
vt 0.812500 0.000000
vt 0.875000 0.000000
vt 0.875000 0.000000
vt 0.812500 0.000000
vt 0.812500 0.000000
vt 0.812500 0.000000
vt 0.812500 0.000000
vt 0.812500 0.000000
vt 0.812500 0.000000
vt 0.812500 0.000000
vt 0.812500 0.000000
vt 0.812500 0.000000
vt 0.500000 0.000000
vt 0.562500 0.000000
vt 0.562500 0.000000
vt 0.500000 0.000000
vt 0.562500 0.000000
vt 0.500000 0.000000
vt 0.500000 0.000000
vt 0.562500 0.000000
vt 0.562500 0.000000
vt 0.562500 0.000000
vt 0.562500 0.000000
vt 0.562500 0.000000
vt 0.562500 0.000000
vt 0.562500 0.000000
vt 0.562500 0.000000
vt 0.562500 0.000000
vt 0.562500 0.000000
vt 0.500000 0.000000
vt 0.500000 0.000000
vt 0.562500 0.000000
vt 0.500000 0.000000
vt 0.562500 0.000000
vt 0.562500 0.000000
vt 0.500000 0.000000
vt 0.500000 0.000000
vt 0.500000 0.000000
vt 0.500000 0.000000
vt 0.500000 0.000000
vt 0.500000 0.000000
vt 0.500000 0.000000
vt 0.500000 0.000000
vt 0.500000 0.000000
vt 0.187500 0.000000
vt 0.250000 0.000000
vt 0.250000 0.000000
vt 0.187500 0.000000
vt 0.250000 0.000000
vt 0.187500 0.000000
vt 0.187500 0.000000
vt 0.250000 0.000000
vt 0.250000 0.000000
vt 0.250000 0.000000
vt 0.250000 0.000000
vt 0.250000 0.000000
vt 0.250000 0.000000
vt 0.250000 0.000000
vt 0.250000 0.000000
vt 0.250000 0.000000
vt 0.250000 0.000000
vt 0.187500 0.000000
vt 0.187500 0.000000
vt 0.250000 0.000000
vt 0.187500 0.000000
vt 0.250000 0.000000
vt 0.250000 0.000000
vt 0.187500 0.000000
vt 0.187500 0.000000
vt 0.187500 0.000000
vt 0.187500 0.000000
vt 0.187500 0.000000
vt 0.187500 0.000000
vt 0.187500 0.000000
vt 0.187500 0.000000
vt 0.187500 0.000000
vt 0.937500 0.000000
vt 1.000000 0.000000
vt 1.000000 0.000000
vt 0.937500 0.000000
vt 1.000000 0.000000
vt 0.937500 0.000000
vt 0.937500 0.000000
vt 1.000000 0.000000
vt 1.000000 0.000000
vt 1.000000 0.000000
vt 1.000000 0.000000
vt 1.000000 0.000000
vt 1.000000 0.000000
vt 1.000000 0.000000
vt 1.000000 0.000000
vt 1.000000 0.000000
vt 1.000000 0.000000
vt 0.937500 0.000000
vt 0.937500 0.000000
vt 1.000000 0.000000
vt 0.937500 0.000000
vt 1.000000 0.000000
vt 1.000000 0.000000
vt 0.937500 0.000000
vt 0.937500 0.000000
vt 0.937500 0.000000
vt 0.937500 0.000000
vt 0.937500 0.000000
vt 0.937500 0.000000
vt 0.937500 0.000000
vt 0.937500 0.000000
vt 0.937500 0.000000
vt 0.625000 0.000000
vt 0.687500 0.000000
vt 0.687500 0.000000
vt 0.625000 0.000000
vt 0.687500 0.000000
vt 0.625000 0.000000
vt 0.625000 0.000000
vt 0.687500 0.000000
vt 0.687500 0.000000
vt 0.687500 0.000000
vt 0.687500 0.000000
vt 0.687500 0.000000
vt 0.687500 0.000000
vt 0.687500 0.000000
vt 0.687500 0.000000
vt 0.687500 0.000000
vt 0.687500 0.000000
vt 0.625000 0.000000
vt 0.625000 0.000000
vt 0.687500 0.000000
vt 0.625000 0.000000
vt 0.687500 0.000000
vt 0.687500 0.000000
vt 0.625000 0.000000
vt 0.625000 0.000000
vt 0.625000 0.000000
vt 0.625000 0.000000
vt 0.625000 0.000000
vt 0.625000 0.000000
vt 0.625000 0.000000
vt 0.625000 0.000000
vt 0.625000 0.000000
vt 0.312500 0.000000
vt 0.375000 0.000000
vt 0.375000 0.000000
vt 0.312500 0.000000
vt 0.375000 0.000000
vt 0.312500 0.000000
vt 0.312500 0.000000
vt 0.375000 0.000000
vt 0.375000 0.000000
vt 0.375000 0.000000
vt 0.375000 0.000000
vt 0.375000 0.000000
vt 0.375000 0.000000
vt 0.375000 0.000000
vt 0.375000 0.000000
vt 0.375000 0.000000
vt 0.375000 0.000000
vt 0.312500 0.000000
vt 0.312500 0.000000
vt 0.375000 0.000000
vt 0.312500 0.000000
vt 0.375000 0.000000
vt 0.375000 0.000000
vt 0.312500 0.000000
vt 0.312500 0.000000
vt 0.312500 0.000000
vt 0.312500 0.000000
vt 0.312500 0.000000
vt 0.312500 0.000000
vt 0.312500 0.000000
vt 0.312500 0.000000
vt 0.312500 0.000000
vt 0.000000 0.000000
vt 0.062500 0.000000
vt 0.062500 0.000000
vt 0.000000 0.000000
vt 0.062500 0.000000
vt 0.000000 0.000000
vt 0.000000 0.000000
vt 0.062500 0.000000
vt 0.062500 0.000000
vt 0.062500 0.000000
vt 0.062500 0.000000
vt 0.062500 0.000000
vt 0.062500 0.000000
vt 0.062500 0.000000
vt 0.062500 0.000000
vt 0.062500 0.000000
vt 0.062500 0.000000
vt 0.000000 0.000000
vt 0.000000 0.000000
vt 0.062500 0.000000
vt 0.000000 0.000000
vt 0.062500 0.000000
vt 0.062500 0.000000
vt 0.000000 0.000000
vt 0.000000 0.000000
vt 0.000000 0.000000
vt 0.000000 0.000000
vt 0.000000 0.000000
vt 0.000000 0.000000
vt 0.000000 0.000000
vt 0.000000 0.000000
vt 0.000000 0.000000
vt 0.500000 0.000000
vt 0.562500 0.000000
vt 0.562500 0.000000
vt 0.500000 0.000000
vt 0.562500 0.000000
vt 0.500000 0.000000
vt 0.500000 0.000000
vt 0.562500 0.000000
vt 0.562500 0.000000
vt 0.562500 0.000000
vt 0.562500 0.000000
vt 0.562500 0.000000
vt 0.562500 0.000000
vt 0.562500 0.000000
vt 0.562500 0.000000
vt 0.562500 0.000000
vt 0.562500 0.000000
vt 0.500000 0.000000
vt 0.500000 0.000000
vt 0.562500 0.000000
vt 0.500000 0.000000
vt 0.562500 0.000000
vt 0.562500 0.000000
vt 0.500000 0.000000
vt 0.500000 0.000000
vt 0.500000 0.000000
vt 0.500000 0.000000
vt 0.500000 0.000000
vt 0.500000 0.000000
vt 0.500000 0.000000
vt 0.500000 0.000000
vt 0.500000 0.000000
vt 0.937500 0.000000
vt 1.000000 0.000000
vt 1.000000 0.000000
vt 0.937500 0.000000
vt 1.000000 0.000000
vt 0.937500 0.000000
vt 0.937500 0.000000
vt 1.000000 0.000000
vt 1.000000 0.000000
vt 1.000000 0.000000
vt 1.000000 0.000000
vt 1.000000 0.000000
vt 1.000000 0.000000
vt 1.000000 0.000000
vt 1.000000 0.000000
vt 1.000000 0.000000
vt 1.000000 0.000000
vt 0.937500 0.000000
vt 0.937500 0.000000
vt 1.000000 0.000000
vt 0.937500 0.000000
vt 1.000000 0.000000
vt 1.000000 0.000000
vt 0.937500 0.000000
vt 0.937500 0.000000
vt 0.937500 0.000000
vt 0.937500 0.000000
vt 0.937500 0.000000
vt 0.937500 0.000000
vt 0.937500 0.000000
vt 0.937500 0.000000
vt 0.937500 0.000000
vt 0.000000 0.000000
vt 0.062500 0.000000
vt 0.062500 0.000000
vt 0.000000 0.000000
vt 0.062500 0.000000
vt 0.000000 0.000000
vt 0.000000 0.000000
vt 0.062500 0.000000
vt 0.062500 0.000000
vt 0.062500 0.000000
vt 0.062500 0.000000
vt 0.062500 0.000000
vt 0.062500 0.000000
vt 0.062500 0.000000
vt 0.062500 0.000000
vt 0.062500 0.000000
vt 0.062500 0.000000
vt 0.000000 0.000000
vt 0.000000 0.000000
vt 0.062500 0.000000
vt 0.000000 0.000000
vt 0.062500 0.000000
vt 0.062500 0.000000
vt 0.000000 0.000000
vt 0.000000 0.000000
vt 0.000000 0.000000
vt 0.000000 0.000000
vt 0.000000 0.000000
vt 0.000000 0.000000
vt 0.000000 0.000000
vt 0.000000 0.000000
vt 0.000000 0.000000
vt 0.437500 0.000000
vt 0.500000 0.000000
vt 0.500000 0.000000
vt 0.437500 0.000000
vt 0.500000 0.000000
vt 0.437500 0.000000
vt 0.437500 0.000000
vt 0.500000 0.000000
vt 0.500000 0.000000
vt 0.500000 0.000000
vt 0.500000 0.000000
vt 0.500000 0.000000
vt 0.500000 0.000000
vt 0.500000 0.000000
vt 0.500000 0.000000
vt 0.500000 0.000000
vt 0.500000 0.000000
vt 0.437500 0.000000
vt 0.437500 0.000000
vt 0.500000 0.000000
vt 0.437500 0.000000
vt 0.500000 0.000000
vt 0.500000 0.000000
vt 0.437500 0.000000
vt 0.437500 0.000000
vt 0.437500 0.000000
vt 0.437500 0.000000
vt 0.437500 0.000000
vt 0.437500 0.000000
vt 0.437500 0.000000
vt 0.437500 0.000000
vt 0.437500 0.000000
vt 0.875000 0.000000
vt 0.937500 0.000000
vt 0.937500 0.000000
vt 0.875000 0.000000
vt 0.937500 0.000000
vt 0.875000 0.000000
vt 0.875000 0.000000
vt 0.937500 0.000000
vt 0.937500 0.000000
vt 0.937500 0.000000
vt 0.937500 0.000000
vt 0.937500 0.000000
vt 0.937500 0.000000
vt 0.937500 0.000000
vt 0.937500 0.000000
vt 0.937500 0.000000
vt 0.937500 0.000000
vt 0.875000 0.000000
vt 0.875000 0.000000
vt 0.937500 0.000000
vt 0.875000 0.000000
vt 0.937500 0.000000
vt 0.937500 0.000000
vt 0.875000 0.000000
vt 0.875000 0.000000
vt 0.875000 0.000000
vt 0.875000 0.000000
vt 0.875000 0.000000
vt 0.875000 0.000000
vt 0.875000 0.000000
vt 0.875000 0.000000
vt 0.875000 0.000000
vt 0.375000 0.000000
vt 0.437500 0.000000
vt 0.437500 0.000000
vt 0.375000 0.000000
vt 0.437500 0.000000
vt 0.375000 0.000000
vt 0.375000 0.000000
vt 0.437500 0.000000
vt 0.437500 0.000000
vt 0.437500 0.000000
vt 0.437500 0.000000
vt 0.437500 0.000000
vt 0.437500 0.000000
vt 0.437500 0.000000
vt 0.437500 0.000000
vt 0.437500 0.000000
vt 0.437500 0.000000
vt 0.375000 0.000000
vt 0.375000 0.000000
vt 0.437500 0.000000
vt 0.375000 0.000000
vt 0.437500 0.000000
vt 0.437500 0.000000
vt 0.375000 0.000000
vt 0.375000 0.000000
vt 0.375000 0.000000
vt 0.375000 0.000000
vt 0.375000 0.000000
vt 0.375000 0.000000
vt 0.375000 0.000000
vt 0.375000 0.000000
vt 0.375000 0.000000
vt 0.812500 0.000000
vt 0.875000 0.000000
vt 0.875000 0.000000
vt 0.812500 0.000000
vt 0.875000 0.000000
vt 0.812500 0.000000
vt 0.812500 0.000000
vt 0.875000 0.000000
vt 0.875000 0.000000
vt 0.875000 0.000000
vt 0.875000 0.000000
vt 0.875000 0.000000
vt 0.875000 0.000000
vt 0.875000 0.000000
vt 0.875000 0.000000
vt 0.875000 0.000000
vt 0.875000 0.000000
vt 0.812500 0.000000
vt 0.812500 0.000000
vt 0.875000 0.000000
vt 0.812500 0.000000
vt 0.875000 0.000000
vt 0.875000 0.000000
vt 0.812500 0.000000
vt 0.812500 0.000000
vt 0.812500 0.000000
vt 0.812500 0.000000
vt 0.812500 0.000000
vt 0.812500 0.000000
vt 0.812500 0.000000
vt 0.812500 0.000000
vt 0.812500 0.000000
vt 0.312500 0.000000
vt 0.375000 0.000000
vt 0.375000 0.000000
vt 0.312500 0.000000
vt 0.375000 0.000000
vt 0.312500 0.000000
vt 0.312500 0.000000
vt 0.375000 0.000000
vt 0.375000 0.000000
vt 0.375000 0.000000
vt 0.375000 0.000000
vt 0.375000 0.000000
vt 0.375000 0.000000
vt 0.375000 0.000000
vt 0.375000 0.000000
vt 0.375000 0.000000
vt 0.375000 0.000000
vt 0.312500 0.000000
vt 0.312500 0.000000
vt 0.375000 0.000000
vt 0.312500 0.000000
vt 0.375000 0.000000
vt 0.375000 0.000000
vt 0.312500 0.000000
vt 0.312500 0.000000
vt 0.312500 0.000000
vt 0.312500 0.000000
vt 0.312500 0.000000
vt 0.312500 0.000000
vt 0.312500 0.000000
vt 0.312500 0.000000
vt 0.312500 0.000000
vt 0.750000 0.000000
vt 0.812500 0.000000
vt 0.812500 0.000000
vt 0.750000 0.000000
vt 0.812500 0.000000
vt 0.750000 0.000000
vt 0.750000 0.000000
vt 0.812500 0.000000
vt 0.812500 0.000000
vt 0.812500 0.000000
vt 0.812500 0.000000
vt 0.812500 0.000000
vt 0.812500 0.000000
vt 0.812500 0.000000
vt 0.812500 0.000000
vt 0.812500 0.000000
vt 0.812500 0.000000
vt 0.750000 0.000000
vt 0.750000 0.000000
vt 0.812500 0.000000
vt 0.750000 0.000000
vt 0.812500 0.000000
vt 0.812500 0.000000
vt 0.750000 0.000000
vt 0.750000 0.000000
vt 0.750000 0.000000
vt 0.750000 0.000000
vt 0.750000 0.000000
vt 0.750000 0.000000
vt 0.750000 0.000000
vt 0.750000 0.000000
vt 0.750000 0.000000
vt 0.250000 0.000000
vt 0.312500 0.000000
vt 0.312500 0.000000
vt 0.250000 0.000000
vt 0.312500 0.000000
vt 0.250000 0.000000
vt 0.250000 0.000000
vt 0.312500 0.000000
vt 0.312500 0.000000
vt 0.312500 0.000000
vt 0.312500 0.000000
vt 0.312500 0.000000
vt 0.312500 0.000000
vt 0.312500 0.000000
vt 0.312500 0.000000
vt 0.312500 0.000000
vt 0.312500 0.000000
vt 0.250000 0.000000
vt 0.250000 0.000000
vt 0.312500 0.000000
vt 0.250000 0.000000
vt 0.312500 0.000000
vt 0.312500 0.000000
vt 0.250000 0.000000
vt 0.250000 0.000000
vt 0.250000 0.000000
vt 0.250000 0.000000
vt 0.250000 0.000000
vt 0.250000 0.000000
vt 0.250000 0.000000
vt 0.250000 0.000000
vt 0.250000 0.000000
vt 0.687500 0.000000
vt 0.750000 0.000000
vt 0.750000 0.000000
vt 0.687500 0.000000
vt 0.750000 0.000000
vt 0.687500 0.000000
vt 0.687500 0.000000
vt 0.750000 0.000000
vt 0.750000 0.000000
vt 0.750000 0.000000
vt 0.750000 0.000000
vt 0.750000 0.000000
vt 0.750000 0.000000
vt 0.750000 0.000000
vt 0.750000 0.000000
vt 0.750000 0.000000
vt 0.750000 0.000000
vt 0.687500 0.000000
vt 0.687500 0.000000
vt 0.750000 0.000000
vt 0.687500 0.000000
vt 0.750000 0.000000
vt 0.750000 0.000000
vt 0.687500 0.000000
vt 0.687500 0.000000
vt 0.687500 0.000000
vt 0.687500 0.000000
vt 0.687500 0.000000
vt 0.687500 0.000000
vt 0.687500 0.000000
vt 0.687500 0.000000
vt 0.687500 0.000000
vt 0.187500 0.000000
vt 0.250000 0.000000
vt 0.250000 0.000000
vt 0.187500 0.000000
vt 0.250000 0.000000
vt 0.187500 0.000000
vt 0.187500 0.000000
vt 0.250000 0.000000
vt 0.250000 0.000000
vt 0.250000 0.000000
vt 0.250000 0.000000
vt 0.250000 0.000000
vt 0.250000 0.000000
vt 0.250000 0.000000
vt 0.250000 0.000000
vt 0.250000 0.000000
vt 0.250000 0.000000
vt 0.187500 0.000000
vt 0.187500 0.000000
vt 0.250000 0.000000
vt 0.187500 0.000000
vt 0.250000 0.000000
vt 0.250000 0.000000
vt 0.187500 0.000000
vt 0.187500 0.000000
vt 0.187500 0.000000
vt 0.187500 0.000000
vt 0.187500 0.000000
vt 0.187500 0.000000
vt 0.187500 0.000000
vt 0.187500 0.000000
vt 0.187500 0.000000
vt 0.625000 0.000000
vt 0.687500 0.000000
vt 0.687500 0.000000
vt 0.625000 0.000000
vt 0.687500 0.000000
vt 0.625000 0.000000
vt 0.625000 0.000000
vt 0.687500 0.000000
vt 0.687500 0.000000
vt 0.687500 0.000000
vt 0.687500 0.000000
vt 0.687500 0.000000
vt 0.687500 0.000000
vt 0.687500 0.000000
vt 0.687500 0.000000
vt 0.687500 0.000000
vt 0.687500 0.000000
vt 0.625000 0.000000
vt 0.625000 0.000000
vt 0.687500 0.000000
vt 0.625000 0.000000
vt 0.687500 0.000000
vt 0.687500 0.000000
vt 0.625000 0.000000
vt 0.625000 0.000000
vt 0.625000 0.000000
vt 0.625000 0.000000
vt 0.625000 0.000000
vt 0.625000 0.000000
vt 0.625000 0.000000
vt 0.625000 0.000000
vt 0.625000 0.000000
vt 0.125000 0.000000
vt 0.187500 0.000000
vt 0.187500 0.000000
vt 0.125000 0.000000
vt 0.187500 0.000000
vt 0.125000 0.000000
vt 0.125000 0.000000
vt 0.187500 0.000000
vt 0.187500 0.000000
vt 0.187500 0.000000
vt 0.187500 0.000000
vt 0.187500 0.000000
vt 0.187500 0.000000
vt 0.187500 0.000000
vt 0.187500 0.000000
vt 0.187500 0.000000
vt 0.187500 0.000000
vt 0.125000 0.000000
vt 0.125000 0.000000
vt 0.187500 0.000000
vt 0.125000 0.000000
vt 0.187500 0.000000
vt 0.187500 0.000000
vt 0.125000 0.000000
vt 0.125000 0.000000
vt 0.125000 0.000000
vt 0.125000 0.000000
vt 0.125000 0.000000
vt 0.125000 0.000000
vt 0.125000 0.000000
vt 0.125000 0.000000
vt 0.125000 0.000000
vt 0.562500 0.000000
vt 0.625000 0.000000
vt 0.625000 0.000000
vt 0.562500 0.000000
vt 0.625000 0.000000
vt 0.562500 0.000000
vt 0.562500 0.000000
vt 0.625000 0.000000
vt 0.625000 0.000000
vt 0.625000 0.000000
vt 0.625000 0.000000
vt 0.625000 0.000000
vt 0.625000 0.000000
vt 0.625000 0.000000
vt 0.625000 0.000000
vt 0.625000 0.000000
vt 0.625000 0.000000
vt 0.562500 0.000000
vt 0.562500 0.000000
vt 0.625000 0.000000
vt 0.562500 0.000000
vt 0.625000 0.000000
vt 0.625000 0.000000
vt 0.562500 0.000000
vt 0.562500 0.000000
vt 0.562500 0.000000
vt 0.562500 0.000000
vt 0.562500 0.000000
vt 0.562500 0.000000
vt 0.562500 0.000000
vt 0.562500 0.000000
vt 0.562500 0.000000
vt 0.062500 0.000000
vt 0.125000 0.000000
vt 0.125000 0.000000
vt 0.062500 0.000000
vt 0.125000 0.000000
vt 0.062500 0.000000
vt 0.062500 0.000000
vt 0.125000 0.000000
vt 0.125000 0.000000
vt 0.125000 0.000000
vt 0.125000 0.000000
vt 0.125000 0.000000
vt 0.125000 0.000000
vt 0.125000 0.000000
vt 0.125000 0.000000
vt 0.125000 0.000000
vt 0.125000 0.000000
vt 0.062500 0.000000
vt 0.062500 0.000000
vt 0.125000 0.000000
vt 0.062500 0.000000
vt 0.125000 0.000000
vt 0.125000 0.000000
vt 0.062500 0.000000
vt 0.062500 0.000000
vt 0.062500 0.000000
vt 0.062500 0.000000
vt 0.062500 0.000000
vt 0.062500 0.000000
vt 0.062500 0.000000
vt 0.062500 0.000000
vt 0.062500 0.000000
vt 0.187500 0.000000
vt 0.250000 0.000000
vt 0.250000 0.000000
vt 0.187500 0.000000
vt 0.250000 0.000000
vt 0.187500 0.000000
vt 0.187500 0.000000
vt 0.250000 0.000000
vt 0.250000 0.000000
vt 0.250000 0.000000
vt 0.250000 0.000000
vt 0.250000 0.000000
vt 0.250000 0.000000
vt 0.250000 0.000000
vt 0.250000 0.000000
vt 0.250000 0.000000
vt 0.250000 0.000000
vt 0.187500 0.000000
vt 0.187500 0.000000
vt 0.250000 0.000000
vt 0.187500 0.000000
vt 0.250000 0.000000
vt 0.250000 0.000000
vt 0.187500 0.000000
vt 0.187500 0.000000
vt 0.187500 0.000000
vt 0.187500 0.000000
vt 0.187500 0.000000
vt 0.187500 0.000000
vt 0.187500 0.000000
vt 0.187500 0.000000
vt 0.187500 0.000000
vt 0.625000 0.000000
vt 0.687500 0.000000
vt 0.687500 0.000000
vt 0.625000 0.000000
vt 0.687500 0.000000
vt 0.625000 0.000000
vt 0.625000 0.000000
vt 0.687500 0.000000
vt 0.687500 0.000000
vt 0.687500 0.000000
vt 0.687500 0.000000
vt 0.687500 0.000000
vt 0.687500 0.000000
vt 0.687500 0.000000
vt 0.687500 0.000000
vt 0.687500 0.000000
vt 0.687500 0.000000
vt 0.625000 0.000000
vt 0.625000 0.000000
vt 0.687500 0.000000
vt 0.625000 0.000000
vt 0.687500 0.000000
vt 0.687500 0.000000
vt 0.625000 0.000000
vt 0.625000 0.000000
vt 0.625000 0.000000
vt 0.625000 0.000000
vt 0.625000 0.000000
vt 0.625000 0.000000
vt 0.625000 0.000000
vt 0.625000 0.000000
vt 0.625000 0.000000
vt 0.125000 0.000000
vt 0.187500 0.000000
vt 0.187500 0.000000
vt 0.125000 0.000000
vt 0.187500 0.000000
vt 0.125000 0.000000
vt 0.125000 0.000000
vt 0.187500 0.000000
vt 0.187500 0.000000
vt 0.187500 0.000000
vt 0.187500 0.000000
vt 0.187500 0.000000
vt 0.187500 0.000000
vt 0.187500 0.000000
vt 0.187500 0.000000
vt 0.187500 0.000000
vt 0.187500 0.000000
vt 0.125000 0.000000
vt 0.125000 0.000000
vt 0.187500 0.000000
vt 0.125000 0.000000
vt 0.187500 0.000000
vt 0.187500 0.000000
vt 0.125000 0.000000
vt 0.125000 0.000000
vt 0.125000 0.000000
vt 0.125000 0.000000
vt 0.125000 0.000000
vt 0.125000 0.000000
vt 0.125000 0.000000
vt 0.125000 0.000000
vt 0.125000 0.000000
vt 0.562500 0.000000
vt 0.625000 0.000000
vt 0.625000 0.000000
vt 0.562500 0.000000
vt 0.625000 0.000000
vt 0.562500 0.000000
vt 0.562500 0.000000
vt 0.625000 0.000000
vt 0.625000 0.000000
vt 0.625000 0.000000
vt 0.625000 0.000000
vt 0.625000 0.000000
vt 0.625000 0.000000
vt 0.625000 0.000000
vt 0.625000 0.000000
vt 0.625000 0.000000
vt 0.625000 0.000000
vt 0.562500 0.000000
vt 0.562500 0.000000
vt 0.625000 0.000000
vt 0.562500 0.000000
vt 0.625000 0.000000
vt 0.625000 0.000000
vt 0.562500 0.000000
vt 0.562500 0.000000
vt 0.562500 0.000000
vt 0.562500 0.000000
vt 0.562500 0.000000
vt 0.562500 0.000000
vt 0.562500 0.000000
vt 0.562500 0.000000
vt 0.562500 0.000000
vt 0.062500 0.000000
vt 0.125000 0.000000
vt 0.125000 0.000000
vt 0.062500 0.000000
vt 0.125000 0.000000
vt 0.062500 0.000000
vt 0.062500 0.000000
vt 0.125000 0.000000
vt 0.125000 0.000000
vt 0.125000 0.000000
vt 0.125000 0.000000
vt 0.125000 0.000000
vt 0.125000 0.000000
vt 0.125000 0.000000
vt 0.125000 0.000000
vt 0.125000 0.000000
vt 0.125000 0.000000
vt 0.062500 0.000000
vt 0.062500 0.000000
vt 0.125000 0.000000
vt 0.062500 0.000000
vt 0.125000 0.000000
vt 0.125000 0.000000
vt 0.062500 0.000000
vt 0.062500 0.000000
vt 0.062500 0.000000
vt 0.062500 0.000000
vt 0.062500 0.000000
vt 0.062500 0.000000
vt 0.062500 0.000000
vt 0.062500 0.000000
vt 0.062500 0.000000
vt 0.500000 0.000000
vt 0.562500 0.000000
vt 0.562500 0.000000
vt 0.500000 0.000000
vt 0.562500 0.000000
vt 0.500000 0.000000
vt 0.500000 0.000000
vt 0.562500 0.000000
vt 0.562500 0.000000
vt 0.562500 0.000000
vt 0.562500 0.000000
vt 0.562500 0.000000
vt 0.562500 0.000000
vt 0.562500 0.000000
vt 0.562500 0.000000
vt 0.562500 0.000000
vt 0.562500 0.000000
vt 0.500000 0.000000
vt 0.500000 0.000000
vt 0.562500 0.000000
vt 0.500000 0.000000
vt 0.562500 0.000000
vt 0.562500 0.000000
vt 0.500000 0.000000
vt 0.500000 0.000000
vt 0.500000 0.000000
vt 0.500000 0.000000
vt 0.500000 0.000000
vt 0.500000 0.000000
vt 0.500000 0.000000
vt 0.500000 0.000000
vt 0.500000 0.000000
vt 0.937500 0.000000
vt 1.000000 0.000000
vt 1.000000 0.000000
vt 0.937500 0.000000
vt 1.000000 0.000000
vt 0.937500 0.000000
vt 0.937500 0.000000
vt 1.000000 0.000000
vt 1.000000 0.000000
vt 1.000000 0.000000
vt 1.000000 0.000000
vt 1.000000 0.000000
vt 1.000000 0.000000
vt 1.000000 0.000000
vt 1.000000 0.000000
vt 1.000000 0.000000
vt 1.000000 0.000000
vt 0.937500 0.000000
vt 0.937500 0.000000
vt 1.000000 0.000000
vt 0.937500 0.000000
vt 1.000000 0.000000
vt 1.000000 0.000000
vt 0.937500 0.000000
vt 0.937500 0.000000
vt 0.937500 0.000000
vt 0.937500 0.000000
vt 0.937500 0.000000
vt 0.937500 0.000000
vt 0.937500 0.000000
vt 0.937500 0.000000
vt 0.937500 0.000000
vt 0.000000 0.000000
vt 0.062500 0.000000
vt 0.062500 0.000000
vt 0.000000 0.000000
vt 0.062500 0.000000
vt 0.000000 0.000000
vt 0.000000 0.000000
vt 0.062500 0.000000
vt 0.062500 0.000000
vt 0.062500 0.000000
vt 0.062500 0.000000
vt 0.062500 0.000000
vt 0.062500 0.000000
vt 0.062500 0.000000
vt 0.062500 0.000000
vt 0.062500 0.000000
vt 0.062500 0.000000
vt 0.000000 0.000000
vt 0.000000 0.000000
vt 0.062500 0.000000
vt 0.000000 0.000000
vt 0.062500 0.000000
vt 0.062500 0.000000
vt 0.000000 0.000000
vt 0.000000 0.000000
vt 0.000000 0.000000
vt 0.000000 0.000000
vt 0.000000 0.000000
vt 0.000000 0.000000
vt 0.000000 0.000000
vt 0.000000 0.000000
vt 0.000000 0.000000
vt 0.437500 0.000000
vt 0.500000 0.000000
vt 0.500000 0.000000
vt 0.437500 0.000000
vt 0.500000 0.000000
vt 0.437500 0.000000
vt 0.437500 0.000000
vt 0.500000 0.000000
vt 0.500000 0.000000
vt 0.500000 0.000000
vt 0.500000 0.000000
vt 0.500000 0.000000
vt 0.500000 0.000000
vt 0.500000 0.000000
vt 0.500000 0.000000
vt 0.500000 0.000000
vt 0.500000 0.000000
vt 0.437500 0.000000
vt 0.437500 0.000000
vt 0.500000 0.000000
vt 0.437500 0.000000
vt 0.500000 0.000000
vt 0.500000 0.000000
vt 0.437500 0.000000
vt 0.437500 0.000000
vt 0.437500 0.000000
vt 0.437500 0.000000
vt 0.437500 0.000000
vt 0.437500 0.000000
vt 0.437500 0.000000
vt 0.437500 0.000000
vt 0.437500 0.000000
vt 0.875000 0.000000
vt 0.937500 0.000000
vt 0.937500 0.000000
vt 0.875000 0.000000
vt 0.937500 0.000000
vt 0.875000 0.000000
vt 0.875000 0.000000
vt 0.937500 0.000000
vt 0.937500 0.000000
vt 0.937500 0.000000
vt 0.937500 0.000000
vt 0.937500 0.000000
vt 0.937500 0.000000
vt 0.937500 0.000000
vt 0.937500 0.000000
vt 0.937500 0.000000
vt 0.937500 0.000000
vt 0.875000 0.000000
vt 0.875000 0.000000
vt 0.937500 0.000000
vt 0.875000 0.000000
vt 0.937500 0.000000
vt 0.937500 0.000000
vt 0.875000 0.000000
vt 0.875000 0.000000
vt 0.875000 0.000000
vt 0.875000 0.000000
vt 0.875000 0.000000
vt 0.875000 0.000000
vt 0.875000 0.000000
vt 0.875000 0.000000
vt 0.875000 0.000000
vt 0.375000 0.000000
vt 0.437500 0.000000
vt 0.437500 0.000000
vt 0.375000 0.000000
vt 0.437500 0.000000
vt 0.375000 0.000000
vt 0.375000 0.000000
vt 0.437500 0.000000
vt 0.437500 0.000000
vt 0.437500 0.000000
vt 0.437500 0.000000
vt 0.437500 0.000000
vt 0.437500 0.000000
vt 0.437500 0.000000
vt 0.437500 0.000000
vt 0.437500 0.000000
vt 0.437500 0.000000
vt 0.375000 0.000000
vt 0.375000 0.000000
vt 0.437500 0.000000
vt 0.375000 0.000000
vt 0.437500 0.000000
vt 0.437500 0.000000
vt 0.375000 0.000000
vt 0.375000 0.000000
vt 0.375000 0.000000
vt 0.375000 0.000000
vt 0.375000 0.000000
vt 0.375000 0.000000
vt 0.375000 0.000000
vt 0.375000 0.000000
vt 0.375000 0.000000
vt 0.812500 0.000000
vt 0.875000 0.000000
vt 0.875000 0.000000
vt 0.812500 0.000000
vt 0.875000 0.000000
vt 0.812500 0.000000
vt 0.812500 0.000000
vt 0.875000 0.000000
vt 0.875000 0.000000
vt 0.875000 0.000000
vt 0.875000 0.000000
vt 0.875000 0.000000
vt 0.875000 0.000000
vt 0.875000 0.000000
vt 0.875000 0.000000
vt 0.875000 0.000000
vt 0.875000 0.000000
vt 0.812500 0.000000
vt 0.812500 0.000000
vt 0.875000 0.000000
vt 0.812500 0.000000
vt 0.875000 0.000000
vt 0.875000 0.000000
vt 0.812500 0.000000
vt 0.812500 0.000000
vt 0.812500 0.000000
vt 0.812500 0.000000
vt 0.812500 0.000000
vt 0.812500 0.000000
vt 0.812500 0.000000
vt 0.812500 0.000000
vt 0.812500 0.000000
vt 0.312500 0.000000
vt 0.375000 0.000000
vt 0.375000 0.000000
vt 0.312500 0.000000
vt 0.375000 0.000000
vt 0.312500 0.000000
vt 0.312500 0.000000
vt 0.375000 0.000000
vt 0.375000 0.000000
vt 0.375000 0.000000
vt 0.375000 0.000000
vt 0.375000 0.000000
vt 0.375000 0.000000
vt 0.375000 0.000000
vt 0.375000 0.000000
vt 0.375000 0.000000
vt 0.375000 0.000000
vt 0.312500 0.000000
vt 0.312500 0.000000
vt 0.375000 0.000000
vt 0.312500 0.000000
vt 0.375000 0.000000
vt 0.375000 0.000000
vt 0.312500 0.000000
vt 0.312500 0.000000
vt 0.312500 0.000000
vt 0.312500 0.000000
vt 0.312500 0.000000
vt 0.312500 0.000000
vt 0.312500 0.000000
vt 0.312500 0.000000
vt 0.312500 0.000000
vt 0.750000 0.000000
vt 0.812500 0.000000
vt 0.812500 0.000000
vt 0.750000 0.000000
vt 0.812500 0.000000
vt 0.750000 0.000000
vt 0.750000 0.000000
vt 0.812500 0.000000
vt 0.812500 0.000000
vt 0.812500 0.000000
vt 0.812500 0.000000
vt 0.812500 0.000000
vt 0.812500 0.000000
vt 0.812500 0.000000
vt 0.812500 0.000000
vt 0.812500 0.000000
vt 0.812500 0.000000
vt 0.750000 0.000000
vt 0.750000 0.000000
vt 0.812500 0.000000
vt 0.750000 0.000000
vt 0.812500 0.000000
vt 0.812500 0.000000
vt 0.750000 0.000000
vt 0.750000 0.000000
vt 0.750000 0.000000
vt 0.750000 0.000000
vt 0.750000 0.000000
vt 0.750000 0.000000
vt 0.750000 0.000000
vt 0.750000 0.000000
vt 0.750000 0.000000
vt 0.250000 0.000000
vt 0.312500 0.000000
vt 0.312500 0.000000
vt 0.250000 0.000000
vt 0.312500 0.000000
vt 0.250000 0.000000
vt 0.250000 0.000000
vt 0.312500 0.000000
vt 0.312500 0.000000
vt 0.312500 0.000000
vt 0.312500 0.000000
vt 0.312500 0.000000
vt 0.312500 0.000000
vt 0.312500 0.000000
vt 0.312500 0.000000
vt 0.312500 0.000000
vt 0.312500 0.000000
vt 0.250000 0.000000
vt 0.250000 0.000000
vt 0.312500 0.000000
vt 0.250000 0.000000
vt 0.312500 0.000000
vt 0.312500 0.000000
vt 0.250000 0.000000
vt 0.250000 0.000000
vt 0.250000 0.000000
vt 0.250000 0.000000
vt 0.250000 0.000000
vt 0.250000 0.000000
vt 0.250000 0.000000
vt 0.250000 0.000000
vt 0.250000 0.000000
vt 0.687500 0.000000
vt 0.750000 0.000000
vt 0.750000 0.000000
vt 0.687500 0.000000
vt 0.750000 0.000000
vt 0.687500 0.000000
vt 0.687500 0.000000
vt 0.750000 0.000000
vt 0.750000 0.000000
vt 0.750000 0.000000
vt 0.750000 0.000000
vt 0.750000 0.000000
vt 0.750000 0.000000
vt 0.750000 0.000000
vt 0.750000 0.000000
vt 0.750000 0.000000
vt 0.750000 0.000000
vt 0.687500 0.000000
vt 0.687500 0.000000
vt 0.750000 0.000000
vt 0.687500 0.000000
vt 0.750000 0.000000
vt 0.750000 0.000000
vt 0.687500 0.000000
vt 0.687500 0.000000
vt 0.687500 0.000000
vt 0.687500 0.000000
vt 0.687500 0.000000
vt 0.687500 0.000000
vt 0.687500 0.000000
vt 0.687500 0.000000
vt 0.687500 0.000000
vt 0.500000 0.000000
vt 0.562500 0.000000
vt 0.562500 0.000000
vt 0.500000 0.000000
vt 0.562500 0.000000
vt 0.500000 0.000000
vt 0.500000 0.000000
vt 0.562500 0.000000
vt 0.562500 0.000000
vt 0.562500 0.000000
vt 0.562500 0.000000
vt 0.562500 0.000000
vt 0.562500 0.000000
vt 0.562500 0.000000
vt 0.562500 0.000000
vt 0.562500 0.000000
vt 0.562500 0.000000
vt 0.500000 0.000000
vt 0.500000 0.000000
vt 0.562500 0.000000
vt 0.500000 0.000000
vt 0.562500 0.000000
vt 0.562500 0.000000
vt 0.500000 0.000000
vt 0.500000 0.000000
vt 0.500000 0.000000
vt 0.500000 0.000000
vt 0.500000 0.000000
vt 0.500000 0.000000
vt 0.500000 0.000000
vt 0.500000 0.000000
vt 0.500000 0.000000
vt 0.937500 0.000000
vt 1.000000 0.000000
vt 1.000000 0.000000
vt 0.937500 0.000000
vt 1.000000 0.000000
vt 0.937500 0.000000
vt 0.937500 0.000000
vt 1.000000 0.000000
vt 1.000000 0.000000
vt 1.000000 0.000000
vt 1.000000 0.000000
vt 1.000000 0.000000
vt 1.000000 0.000000
vt 1.000000 0.000000
vt 1.000000 0.000000
vt 1.000000 0.000000
vt 1.000000 0.000000
vt 0.937500 0.000000
vt 0.937500 0.000000
vt 1.000000 0.000000
vt 0.937500 0.000000
vt 1.000000 0.000000
vt 1.000000 0.000000
vt 0.937500 0.000000
vt 0.937500 0.000000
vt 0.937500 0.000000
vt 0.937500 0.000000
vt 0.937500 0.000000
vt 0.937500 0.000000
vt 0.937500 0.000000
vt 0.937500 0.000000
vt 0.937500 0.000000
vt 0.000000 0.000000
vt 0.062500 0.000000
vt 0.062500 0.000000
vt 0.000000 0.000000
vt 0.062500 0.000000
vt 0.000000 0.000000
vt 0.000000 0.000000
vt 0.062500 0.000000
vt 0.062500 0.000000
vt 0.062500 0.000000
vt 0.062500 0.000000
vt 0.062500 0.000000
vt 0.062500 0.000000
vt 0.062500 0.000000
vt 0.062500 0.000000
vt 0.062500 0.000000
vt 0.062500 0.000000
vt 0.000000 0.000000
vt 0.000000 0.000000
vt 0.062500 0.000000
vt 0.000000 0.000000
vt 0.062500 0.000000
vt 0.062500 0.000000
vt 0.000000 0.000000
vt 0.000000 0.000000
vt 0.000000 0.000000
vt 0.000000 0.000000
vt 0.000000 0.000000
vt 0.000000 0.000000
vt 0.000000 0.000000
vt 0.000000 0.000000
vt 0.000000 0.000000
vt 0.437500 0.000000
vt 0.500000 0.000000
vt 0.500000 0.000000
vt 0.437500 0.000000
vt 0.500000 0.000000
vt 0.437500 0.000000
vt 0.437500 0.000000
vt 0.500000 0.000000
vt 0.500000 0.000000
vt 0.500000 0.000000
vt 0.500000 0.000000
vt 0.500000 0.000000
vt 0.500000 0.000000
vt 0.500000 0.000000
vt 0.500000 0.000000
vt 0.500000 0.000000
vt 0.500000 0.000000
vt 0.437500 0.000000
vt 0.437500 0.000000
vt 0.500000 0.000000
vt 0.437500 0.000000
vt 0.500000 0.000000
vt 0.500000 0.000000
vt 0.437500 0.000000
vt 0.437500 0.000000
vt 0.437500 0.000000
vt 0.437500 0.000000
vt 0.437500 0.000000
vt 0.437500 0.000000
vt 0.437500 0.000000
vt 0.437500 0.000000
vt 0.437500 0.000000
vt 0.875000 0.000000
vt 0.937500 0.000000
vt 0.937500 0.000000
vt 0.875000 0.000000
vt 0.937500 0.000000
vt 0.875000 0.000000
vt 0.875000 0.000000
vt 0.937500 0.000000
vt 0.937500 0.000000
vt 0.937500 0.000000
vt 0.937500 0.000000
vt 0.937500 0.000000
vt 0.937500 0.000000
vt 0.937500 0.000000
vt 0.937500 0.000000
vt 0.937500 0.000000
vt 0.937500 0.000000
vt 0.875000 0.000000
vt 0.875000 0.000000
vt 0.937500 0.000000
vt 0.875000 0.000000
vt 0.937500 0.000000
vt 0.937500 0.000000
vt 0.875000 0.000000
vt 0.875000 0.000000
vt 0.875000 0.000000
vt 0.875000 0.000000
vt 0.875000 0.000000
vt 0.875000 0.000000
vt 0.875000 0.000000
vt 0.875000 0.000000
vt 0.875000 0.000000
vt 0.375000 0.000000
vt 0.437500 0.000000
vt 0.437500 0.000000
vt 0.375000 0.000000
vt 0.437500 0.000000
vt 0.375000 0.000000
vt 0.375000 0.000000
vt 0.437500 0.000000
vt 0.437500 0.000000
vt 0.437500 0.000000
vt 0.437500 0.000000
vt 0.437500 0.000000
vt 0.437500 0.000000
vt 0.437500 0.000000
vt 0.437500 0.000000
vt 0.437500 0.000000
vt 0.437500 0.000000
vt 0.375000 0.000000
vt 0.375000 0.000000
vt 0.437500 0.000000
vt 0.375000 0.000000
vt 0.437500 0.000000
vt 0.437500 0.000000
vt 0.375000 0.000000
vt 0.375000 0.000000
vt 0.375000 0.000000
vt 0.375000 0.000000
vt 0.375000 0.000000
vt 0.375000 0.000000
vt 0.375000 0.000000
vt 0.375000 0.000000
vt 0.375000 0.000000
vt 0.812500 0.000000
vt 0.875000 0.000000
vt 0.875000 0.000000
vt 0.812500 0.000000
vt 0.875000 0.000000
vt 0.812500 0.000000
vt 0.812500 0.000000
vt 0.875000 0.000000
vt 0.875000 0.000000
vt 0.875000 0.000000
vt 0.875000 0.000000
vt 0.875000 0.000000
vt 0.875000 0.000000
vt 0.875000 0.000000
vt 0.875000 0.000000
vt 0.875000 0.000000
vt 0.875000 0.000000
vt 0.812500 0.000000
vt 0.812500 0.000000
vt 0.875000 0.000000
vt 0.812500 0.000000
vt 0.875000 0.000000
vt 0.875000 0.000000
vt 0.812500 0.000000
vt 0.812500 0.000000
vt 0.812500 0.000000
vt 0.812500 0.000000
vt 0.812500 0.000000
vt 0.812500 0.000000
vt 0.812500 0.000000
vt 0.812500 0.000000
vt 0.812500 0.000000
vt 0.312500 0.000000
vt 0.375000 0.000000
vt 0.375000 0.000000
vt 0.312500 0.000000
vt 0.375000 0.000000
vt 0.312500 0.000000
vt 0.312500 0.000000
vt 0.375000 0.000000
vt 0.375000 0.000000
vt 0.375000 0.000000
vt 0.375000 0.000000
vt 0.375000 0.000000
vt 0.375000 0.000000
vt 0.375000 0.000000
vt 0.375000 0.000000
vt 0.375000 0.000000
vt 0.375000 0.000000
vt 0.312500 0.000000
vt 0.312500 0.000000
vt 0.375000 0.000000
vt 0.312500 0.000000
vt 0.375000 0.000000
vt 0.375000 0.000000
vt 0.312500 0.000000
vt 0.312500 0.000000
vt 0.312500 0.000000
vt 0.312500 0.000000
vt 0.312500 0.000000
vt 0.312500 0.000000
vt 0.312500 0.000000
vt 0.312500 0.000000
vt 0.312500 0.000000
vt 0.750000 0.000000
vt 0.812500 0.000000
vt 0.812500 0.000000
vt 0.750000 0.000000
vt 0.812500 0.000000
vt 0.750000 0.000000
vt 0.750000 0.000000
vt 0.812500 0.000000
vt 0.812500 0.000000
vt 0.812500 0.000000
vt 0.812500 0.000000
vt 0.812500 0.000000
vt 0.812500 0.000000
vt 0.812500 0.000000
vt 0.812500 0.000000
vt 0.812500 0.000000
vt 0.812500 0.000000
vt 0.750000 0.000000
vt 0.750000 0.000000
vt 0.812500 0.000000
vt 0.750000 0.000000
vt 0.812500 0.000000
vt 0.812500 0.000000
vt 0.750000 0.000000
vt 0.750000 0.000000
vt 0.750000 0.000000
vt 0.750000 0.000000
vt 0.750000 0.000000
vt 0.750000 0.000000
vt 0.750000 0.000000
vt 0.750000 0.000000
vt 0.750000 0.000000
vt 0.250000 0.000000
vt 0.312500 0.000000
vt 0.312500 0.000000
vt 0.250000 0.000000
vt 0.312500 0.000000
vt 0.250000 0.000000
vt 0.250000 0.000000
vt 0.312500 0.000000
vt 0.312500 0.000000
vt 0.312500 0.000000
vt 0.312500 0.000000
vt 0.312500 0.000000
vt 0.312500 0.000000
vt 0.312500 0.000000
vt 0.312500 0.000000
vt 0.312500 0.000000
vt 0.312500 0.000000
vt 0.250000 0.000000
vt 0.250000 0.000000
vt 0.312500 0.000000
vt 0.250000 0.000000
vt 0.312500 0.000000
vt 0.312500 0.000000
vt 0.250000 0.000000
vt 0.250000 0.000000
vt 0.250000 0.000000
vt 0.250000 0.000000
vt 0.250000 0.000000
vt 0.250000 0.000000
vt 0.250000 0.000000
vt 0.250000 0.000000
vt 0.250000 0.000000
vt 0.687500 0.000000
vt 0.750000 0.000000
vt 0.750000 0.000000
vt 0.687500 0.000000
vt 0.750000 0.000000
vt 0.687500 0.000000
vt 0.687500 0.000000
vt 0.750000 0.000000
vt 0.750000 0.000000
vt 0.750000 0.000000
vt 0.750000 0.000000
vt 0.750000 0.000000
vt 0.750000 0.000000
vt 0.750000 0.000000
vt 0.750000 0.000000
vt 0.750000 0.000000
vt 0.750000 0.000000
vt 0.687500 0.000000
vt 0.687500 0.000000
vt 0.750000 0.000000
vt 0.687500 0.000000
vt 0.750000 0.000000
vt 0.750000 0.000000
vt 0.687500 0.000000
vt 0.687500 0.000000
vt 0.687500 0.000000
vt 0.687500 0.000000
vt 0.687500 0.000000
vt 0.687500 0.000000
vt 0.687500 0.000000
vt 0.687500 0.000000
vt 0.687500 0.000000
vt 0.187500 0.000000
vt 0.250000 0.000000
vt 0.250000 0.000000
vt 0.187500 0.000000
vt 0.250000 0.000000
vt 0.187500 0.000000
vt 0.187500 0.000000
vt 0.250000 0.000000
vt 0.250000 0.000000
vt 0.250000 0.000000
vt 0.250000 0.000000
vt 0.250000 0.000000
vt 0.250000 0.000000
vt 0.250000 0.000000
vt 0.250000 0.000000
vt 0.250000 0.000000
vt 0.250000 0.000000
vt 0.187500 0.000000
vt 0.187500 0.000000
vt 0.250000 0.000000
vt 0.187500 0.000000
vt 0.250000 0.000000
vt 0.250000 0.000000
vt 0.187500 0.000000
vt 0.187500 0.000000
vt 0.187500 0.000000
vt 0.187500 0.000000
vt 0.187500 0.000000
vt 0.187500 0.000000
vt 0.187500 0.000000
vt 0.187500 0.000000
vt 0.187500 0.000000
vt 0.625000 0.000000
vt 0.687500 0.000000
vt 0.687500 0.000000
vt 0.625000 0.000000
vt 0.687500 0.000000
vt 0.625000 0.000000
vt 0.625000 0.000000
vt 0.687500 0.000000
vt 0.687500 0.000000
vt 0.687500 0.000000
vt 0.687500 0.000000
vt 0.687500 0.000000
vt 0.687500 0.000000
vt 0.687500 0.000000
vt 0.687500 0.000000
vt 0.687500 0.000000
vt 0.687500 0.000000
vt 0.625000 0.000000
vt 0.625000 0.000000
vt 0.687500 0.000000
vt 0.625000 0.000000
vt 0.687500 0.000000
vt 0.687500 0.000000
vt 0.625000 0.000000
vt 0.625000 0.000000
vt 0.625000 0.000000
vt 0.625000 0.000000
vt 0.625000 0.000000
vt 0.625000 0.000000
vt 0.625000 0.000000
vt 0.625000 0.000000
vt 0.625000 0.000000
vt 0.125000 0.000000
vt 0.187500 0.000000
vt 0.187500 0.000000
vt 0.125000 0.000000
vt 0.187500 0.000000
vt 0.125000 0.000000
vt 0.125000 0.000000
vt 0.187500 0.000000
vt 0.187500 0.000000
vt 0.187500 0.000000
vt 0.187500 0.000000
vt 0.187500 0.000000
vt 0.187500 0.000000
vt 0.187500 0.000000
vt 0.187500 0.000000
vt 0.187500 0.000000
vt 0.187500 0.000000
vt 0.125000 0.000000
vt 0.125000 0.000000
vt 0.187500 0.000000
vt 0.125000 0.000000
vt 0.187500 0.000000
vt 0.187500 0.000000
vt 0.125000 0.000000
vt 0.125000 0.000000
vt 0.125000 0.000000
vt 0.125000 0.000000
vt 0.125000 0.000000
vt 0.125000 0.000000
vt 0.125000 0.000000
vt 0.125000 0.000000
vt 0.125000 0.000000
vt 0.562500 0.000000
vt 0.625000 0.000000
vt 0.625000 0.000000
vt 0.562500 0.000000
vt 0.625000 0.000000
vt 0.562500 0.000000
vt 0.562500 0.000000
vt 0.625000 0.000000
vt 0.625000 0.000000
vt 0.625000 0.000000
vt 0.625000 0.000000
vt 0.625000 0.000000
vt 0.625000 0.000000
vt 0.625000 0.000000
vt 0.625000 0.000000
vt 0.625000 0.000000
vt 0.625000 0.000000
vt 0.562500 0.000000
vt 0.562500 0.000000
vt 0.625000 0.000000
vt 0.562500 0.000000
vt 0.625000 0.000000
vt 0.625000 0.000000
vt 0.562500 0.000000
vt 0.562500 0.000000
vt 0.562500 0.000000
vt 0.562500 0.000000
vt 0.562500 0.000000
vt 0.562500 0.000000
vt 0.562500 0.000000
vt 0.562500 0.000000
vt 0.562500 0.000000
vt 0.062500 0.000000
vt 0.125000 0.000000
vt 0.125000 0.000000
vt 0.062500 0.000000
vt 0.125000 0.000000
vt 0.062500 0.000000
vt 0.062500 0.000000
vt 0.125000 0.000000
vt 0.125000 0.000000
vt 0.125000 0.000000
vt 0.125000 0.000000
vt 0.125000 0.000000
vt 0.125000 0.000000
vt 0.125000 0.000000
vt 0.125000 0.000000
vt 0.125000 0.000000
vt 0.125000 0.000000
vt 0.062500 0.000000
vt 0.062500 0.000000
vt 0.125000 0.000000
vt 0.062500 0.000000
vt 0.125000 0.000000
vt 0.125000 0.000000
vt 0.062500 0.000000
vt 0.062500 0.000000
vt 0.062500 0.000000
vt 0.062500 0.000000
vt 0.062500 0.000000
vt 0.062500 0.000000
vt 0.062500 0.000000
vt 0.062500 0.000000
vt 0.062500 0.000000
vt 0.187500 0.000000
vt 0.250000 0.000000
vt 0.250000 0.000000
vt 0.187500 0.000000
vt 0.250000 0.000000
vt 0.187500 0.000000
vt 0.187500 0.000000
vt 0.250000 0.000000
vt 0.250000 0.000000
vt 0.250000 0.000000
vt 0.250000 0.000000
vt 0.250000 0.000000
vt 0.250000 0.000000
vt 0.250000 0.000000
vt 0.250000 0.000000
vt 0.250000 0.000000
vt 0.250000 0.000000
vt 0.187500 0.000000
vt 0.187500 0.000000
vt 0.250000 0.000000
vt 0.187500 0.000000
vt 0.250000 0.000000
vt 0.250000 0.000000
vt 0.187500 0.000000
vt 0.187500 0.000000
vt 0.187500 0.000000
vt 0.187500 0.000000
vt 0.187500 0.000000
vt 0.187500 0.000000
vt 0.187500 0.000000
vt 0.187500 0.000000
vt 0.187500 0.000000
vt 0.625000 0.000000
vt 0.687500 0.000000
vt 0.687500 0.000000
vt 0.625000 0.000000
vt 0.687500 0.000000
vt 0.625000 0.000000
vt 0.625000 0.000000
vt 0.687500 0.000000
vt 0.687500 0.000000
vt 0.687500 0.000000
vt 0.687500 0.000000
vt 0.687500 0.000000
vt 0.687500 0.000000
vt 0.687500 0.000000
vt 0.687500 0.000000
vt 0.687500 0.000000
vt 0.687500 0.000000
vt 0.625000 0.000000
vt 0.625000 0.000000
vt 0.687500 0.000000
vt 0.625000 0.000000
vt 0.687500 0.000000
vt 0.687500 0.000000
vt 0.625000 0.000000
vt 0.625000 0.000000
vt 0.625000 0.000000
vt 0.625000 0.000000
vt 0.625000 0.000000
vt 0.625000 0.000000
vt 0.625000 0.000000
vt 0.625000 0.000000
vt 0.625000 0.000000
vt 0.125000 0.000000
vt 0.187500 0.000000
vt 0.187500 0.000000
vt 0.125000 0.000000
vt 0.187500 0.000000
vt 0.125000 0.000000
vt 0.125000 0.000000
vt 0.187500 0.000000
vt 0.187500 0.000000
vt 0.187500 0.000000
vt 0.187500 0.000000
vt 0.187500 0.000000
vt 0.187500 0.000000
vt 0.187500 0.000000
vt 0.187500 0.000000
vt 0.187500 0.000000
vt 0.187500 0.000000
vt 0.125000 0.000000
vt 0.125000 0.000000
vt 0.187500 0.000000
vt 0.125000 0.000000
vt 0.187500 0.000000
vt 0.187500 0.000000
vt 0.125000 0.000000
vt 0.125000 0.000000
vt 0.125000 0.000000
vt 0.125000 0.000000
vt 0.125000 0.000000
vt 0.125000 0.000000
vt 0.125000 0.000000
vt 0.125000 0.000000
vt 0.125000 0.000000
vt 0.562500 0.000000
vt 0.625000 0.000000
vt 0.625000 0.000000
vt 0.562500 0.000000
vt 0.625000 0.000000
vt 0.562500 0.000000
vt 0.562500 0.000000
vt 0.625000 0.000000
vt 0.625000 0.000000
vt 0.625000 0.000000
vt 0.625000 0.000000
vt 0.625000 0.000000
vt 0.625000 0.000000
vt 0.625000 0.000000
vt 0.625000 0.000000
vt 0.625000 0.000000
vt 0.625000 0.000000
vt 0.562500 0.000000
vt 0.562500 0.000000
vt 0.625000 0.000000
vt 0.562500 0.000000
vt 0.625000 0.000000
vt 0.625000 0.000000
vt 0.562500 0.000000
vt 0.562500 0.000000
vt 0.562500 0.000000
vt 0.562500 0.000000
vt 0.562500 0.000000
vt 0.562500 0.000000
vt 0.562500 0.000000
vt 0.562500 0.000000
vt 0.562500 0.000000
vt 0.062500 0.000000
vt 0.125000 0.000000
vt 0.125000 0.000000
vt 0.062500 0.000000
vt 0.125000 0.000000
vt 0.062500 0.000000
vt 0.062500 0.000000
vt 0.125000 0.000000
vt 0.125000 0.000000
vt 0.125000 0.000000
vt 0.125000 0.000000
vt 0.125000 0.000000
vt 0.125000 0.000000
vt 0.125000 0.000000
vt 0.125000 0.000000
vt 0.125000 0.000000
vt 0.125000 0.000000
vt 0.062500 0.000000
vt 0.062500 0.000000
vt 0.125000 0.000000
vt 0.062500 0.000000
vt 0.125000 0.000000
vt 0.125000 0.000000
vt 0.062500 0.000000
vt 0.062500 0.000000
vt 0.062500 0.000000
vt 0.062500 0.000000
vt 0.062500 0.000000
vt 0.062500 0.000000
vt 0.062500 0.000000
vt 0.062500 0.000000
vt 0.062500 0.000000
vt 0.500000 0.000000
vt 0.562500 0.000000
vt 0.562500 0.000000
vt 0.500000 0.000000
vt 0.562500 0.000000
vt 0.500000 0.000000
vt 0.500000 0.000000
vt 0.562500 0.000000
vt 0.562500 0.000000
vt 0.562500 0.000000
vt 0.562500 0.000000
vt 0.562500 0.000000
vt 0.562500 0.000000
vt 0.562500 0.000000
vt 0.562500 0.000000
vt 0.562500 0.000000
vt 0.562500 0.000000
vt 0.500000 0.000000
vt 0.500000 0.000000
vt 0.562500 0.000000
vt 0.500000 0.000000
vt 0.562500 0.000000
vt 0.562500 0.000000
vt 0.500000 0.000000
vt 0.500000 0.000000
vt 0.500000 0.000000
vt 0.500000 0.000000
vt 0.500000 0.000000
vt 0.500000 0.000000
vt 0.500000 0.000000
vt 0.500000 0.000000
vt 0.500000 0.000000
vt 0.937500 0.000000
vt 1.000000 0.000000
vt 1.000000 0.000000
vt 0.937500 0.000000
vt 1.000000 0.000000
vt 0.937500 0.000000
vt 0.937500 0.000000
vt 1.000000 0.000000
vt 1.000000 0.000000
vt 1.000000 0.000000
vt 1.000000 0.000000
vt 1.000000 0.000000
vt 1.000000 0.000000
vt 1.000000 0.000000
vt 1.000000 0.000000
vt 1.000000 0.000000
vt 1.000000 0.000000
vt 0.937500 0.000000
vt 0.937500 0.000000
vt 1.000000 0.000000
vt 0.937500 0.000000
vt 1.000000 0.000000
vt 1.000000 0.000000
vt 0.937500 0.000000
vt 0.937500 0.000000
vt 0.937500 0.000000
vt 0.937500 0.000000
vt 0.937500 0.000000
vt 0.937500 0.000000
vt 0.937500 0.000000
vt 0.937500 0.000000
vt 0.937500 0.000000
vt 0.000000 0.000000
vt 0.062500 0.000000
vt 0.062500 0.000000
vt 0.000000 0.000000
vt 0.062500 0.000000
vt 0.000000 0.000000
vt 0.000000 0.000000
vt 0.062500 0.000000
vt 0.062500 0.000000
vt 0.062500 0.000000
vt 0.062500 0.000000
vt 0.062500 0.000000
vt 0.062500 0.000000
vt 0.062500 0.000000
vt 0.062500 0.000000
vt 0.062500 0.000000
vt 0.062500 0.000000
vt 0.000000 0.000000
vt 0.000000 0.000000
vt 0.062500 0.000000
vt 0.000000 0.000000
vt 0.062500 0.000000
vt 0.062500 0.000000
vt 0.000000 0.000000
vt 0.000000 0.000000
vt 0.000000 0.000000
vt 0.000000 0.000000
vt 0.000000 0.000000
vt 0.000000 0.000000
vt 0.000000 0.000000
vt 0.000000 0.000000
vt 0.000000 0.000000
vt 0.437500 0.000000
vt 0.500000 0.000000
vt 0.500000 0.000000
vt 0.437500 0.000000
vt 0.500000 0.000000
vt 0.437500 0.000000
vt 0.437500 0.000000
vt 0.500000 0.000000
vt 0.500000 0.000000
vt 0.500000 0.000000
vt 0.500000 0.000000
vt 0.500000 0.000000
vt 0.500000 0.000000
vt 0.500000 0.000000
vt 0.500000 0.000000
vt 0.500000 0.000000
vt 0.500000 0.000000
vt 0.437500 0.000000
vt 0.437500 0.000000
vt 0.500000 0.000000
vt 0.437500 0.000000
vt 0.500000 0.000000
vt 0.500000 0.000000
vt 0.437500 0.000000
vt 0.437500 0.000000
vt 0.437500 0.000000
vt 0.437500 0.000000
vt 0.437500 0.000000
vt 0.437500 0.000000
vt 0.437500 0.000000
vt 0.437500 0.000000
vt 0.437500 0.000000
vt 0.875000 0.000000
vt 0.937500 0.000000
vt 0.937500 0.000000
vt 0.875000 0.000000
vt 0.937500 0.000000
vt 0.875000 0.000000
vt 0.875000 0.000000
vt 0.937500 0.000000
vt 0.937500 0.000000
vt 0.937500 0.000000
vt 0.937500 0.000000
vt 0.937500 0.000000
vt 0.937500 0.000000
vt 0.937500 0.000000
vt 0.937500 0.000000
vt 0.937500 0.000000
vt 0.937500 0.000000
vt 0.875000 0.000000
vt 0.875000 0.000000
vt 0.937500 0.000000
vt 0.875000 0.000000
vt 0.937500 0.000000
vt 0.937500 0.000000
vt 0.875000 0.000000
vt 0.875000 0.000000
vt 0.875000 0.000000
vt 0.875000 0.000000
vt 0.875000 0.000000
vt 0.875000 0.000000
vt 0.875000 0.000000
vt 0.875000 0.000000
vt 0.875000 0.000000
vt 0.375000 0.000000
vt 0.437500 0.000000
vt 0.437500 0.000000
vt 0.375000 0.000000
vt 0.437500 0.000000
vt 0.375000 0.000000
vt 0.375000 0.000000
vt 0.437500 0.000000
vt 0.437500 0.000000
vt 0.437500 0.000000
vt 0.437500 0.000000
vt 0.437500 0.000000
vt 0.437500 0.000000
vt 0.437500 0.000000
vt 0.437500 0.000000
vt 0.437500 0.000000
vt 0.437500 0.000000
vt 0.375000 0.000000
vt 0.375000 0.000000
vt 0.437500 0.000000
vt 0.375000 0.000000
vt 0.437500 0.000000
vt 0.437500 0.000000
vt 0.375000 0.000000
vt 0.375000 0.000000
vt 0.375000 0.000000
vt 0.375000 0.000000
vt 0.375000 0.000000
vt 0.375000 0.000000
vt 0.375000 0.000000
vt 0.375000 0.000000
vt 0.375000 0.000000
vt 0.812500 0.000000
vt 0.875000 0.000000
vt 0.875000 0.000000
vt 0.812500 0.000000
vt 0.875000 0.000000
vt 0.812500 0.000000
vt 0.812500 0.000000
vt 0.875000 0.000000
vt 0.875000 0.000000
vt 0.875000 0.000000
vt 0.875000 0.000000
vt 0.875000 0.000000
vt 0.875000 0.000000
vt 0.875000 0.000000
vt 0.875000 0.000000
vt 0.875000 0.000000
vt 0.875000 0.000000
vt 0.812500 0.000000
vt 0.812500 0.000000
vt 0.875000 0.000000
vt 0.812500 0.000000
vt 0.875000 0.000000
vt 0.875000 0.000000
vt 0.812500 0.000000
vt 0.812500 0.000000
vt 0.812500 0.000000
vt 0.812500 0.000000
vt 0.812500 0.000000
vt 0.812500 0.000000
vt 0.812500 0.000000
vt 0.812500 0.000000
vt 0.812500 0.000000
vt 0.312500 0.000000
vt 0.375000 0.000000
vt 0.375000 0.000000
vt 0.312500 0.000000
vt 0.375000 0.000000
vt 0.312500 0.000000
vt 0.312500 0.000000
vt 0.375000 0.000000
vt 0.375000 0.000000
vt 0.375000 0.000000
vt 0.375000 0.000000
vt 0.375000 0.000000
vt 0.375000 0.000000
vt 0.375000 0.000000
vt 0.375000 0.000000
vt 0.375000 0.000000
vt 0.375000 0.000000
vt 0.312500 0.000000
vt 0.312500 0.000000
vt 0.375000 0.000000
vt 0.312500 0.000000
vt 0.375000 0.000000
vt 0.375000 0.000000
vt 0.312500 0.000000
vt 0.312500 0.000000
vt 0.312500 0.000000
vt 0.312500 0.000000
vt 0.312500 0.000000
vt 0.312500 0.000000
vt 0.312500 0.000000
vt 0.312500 0.000000
vt 0.312500 0.000000
vt 0.750000 0.000000
vt 0.812500 0.000000
vt 0.812500 0.000000
vt 0.750000 0.000000
vt 0.812500 0.000000
vt 0.750000 0.000000
vt 0.750000 0.000000
vt 0.812500 0.000000
vt 0.812500 0.000000
vt 0.812500 0.000000
vt 0.812500 0.000000
vt 0.812500 0.000000
vt 0.812500 0.000000
vt 0.812500 0.000000
vt 0.812500 0.000000
vt 0.812500 0.000000
vt 0.812500 0.000000
vt 0.750000 0.000000
vt 0.750000 0.000000
vt 0.812500 0.000000
vt 0.750000 0.000000
vt 0.812500 0.000000
vt 0.812500 0.000000
vt 0.750000 0.000000
vt 0.750000 0.000000
vt 0.750000 0.000000
vt 0.750000 0.000000
vt 0.750000 0.000000
vt 0.750000 0.000000
vt 0.750000 0.000000
vt 0.750000 0.000000
vt 0.750000 0.000000
vt 0.250000 0.000000
vt 0.312500 0.000000
vt 0.312500 0.000000
vt 0.250000 0.000000
vt 0.312500 0.000000
vt 0.250000 0.000000
vt 0.250000 0.000000
vt 0.312500 0.000000
vt 0.312500 0.000000
vt 0.312500 0.000000
vt 0.312500 0.000000
vt 0.312500 0.000000
vt 0.312500 0.000000
vt 0.312500 0.000000
vt 0.312500 0.000000
vt 0.312500 0.000000
vt 0.312500 0.000000
vt 0.250000 0.000000
vt 0.250000 0.000000
vt 0.312500 0.000000
vt 0.250000 0.000000
vt 0.312500 0.000000
vt 0.312500 0.000000
vt 0.250000 0.000000
vt 0.250000 0.000000
vt 0.250000 0.000000
vt 0.250000 0.000000
vt 0.250000 0.000000
vt 0.250000 0.000000
vt 0.250000 0.000000
vt 0.250000 0.000000
vt 0.250000 0.000000
vt 0.687500 0.000000
vt 0.750000 0.000000
vt 0.750000 0.000000
vt 0.687500 0.000000
vt 0.750000 0.000000
vt 0.687500 0.000000
vt 0.687500 0.000000
vt 0.750000 0.000000
vt 0.750000 0.000000
vt 0.750000 0.000000
vt 0.750000 0.000000
vt 0.750000 0.000000
vt 0.750000 0.000000
vt 0.750000 0.000000
vt 0.750000 0.000000
vt 0.750000 0.000000
vt 0.750000 0.000000
vt 0.687500 0.000000
vt 0.687500 0.000000
vt 0.750000 0.000000
vt 0.687500 0.000000
vt 0.750000 0.000000
vt 0.750000 0.000000
vt 0.687500 0.000000
vt 0.687500 0.000000
vt 0.687500 0.000000
vt 0.687500 0.000000
vt 0.687500 0.000000
vt 0.687500 0.000000
vt 0.687500 0.000000
vt 0.687500 0.000000
vt 0.687500 0.000000
vt 0.312500 0.000000
vt 0.375000 0.000000
vt 0.375000 0.000000
vt 0.312500 0.000000
vt 0.375000 0.000000
vt 0.312500 0.000000
vt 0.312500 0.000000
vt 0.375000 0.000000
vt 0.375000 0.000000
vt 0.375000 0.000000
vt 0.375000 0.000000
vt 0.375000 0.000000
vt 0.375000 0.000000
vt 0.375000 0.000000
vt 0.375000 0.000000
vt 0.375000 0.000000
vt 0.375000 0.000000
vt 0.312500 0.000000
vt 0.312500 0.000000
vt 0.375000 0.000000
vt 0.312500 0.000000
vt 0.375000 0.000000
vt 0.375000 0.000000
vt 0.312500 0.000000
vt 0.312500 0.000000
vt 0.312500 0.000000
vt 0.312500 0.000000
vt 0.312500 0.000000
vt 0.312500 0.000000
vt 0.312500 0.000000
vt 0.312500 0.000000
vt 0.312500 0.000000
vt 0.750000 0.000000
vt 0.812500 0.000000
vt 0.812500 0.000000
vt 0.750000 0.000000
vt 0.812500 0.000000
vt 0.750000 0.000000
vt 0.750000 0.000000
vt 0.812500 0.000000
vt 0.812500 0.000000
vt 0.812500 0.000000
vt 0.812500 0.000000
vt 0.812500 0.000000
vt 0.812500 0.000000
vt 0.812500 0.000000
vt 0.812500 0.000000
vt 0.812500 0.000000
vt 0.812500 0.000000
vt 0.750000 0.000000
vt 0.750000 0.000000
vt 0.812500 0.000000
vt 0.750000 0.000000
vt 0.812500 0.000000
vt 0.812500 0.000000
vt 0.750000 0.000000
vt 0.750000 0.000000
vt 0.750000 0.000000
vt 0.750000 0.000000
vt 0.750000 0.000000
vt 0.750000 0.000000
vt 0.750000 0.000000
vt 0.750000 0.000000
vt 0.750000 0.000000
vt 0.250000 0.000000
vt 0.312500 0.000000
vt 0.312500 0.000000
vt 0.250000 0.000000
vt 0.312500 0.000000
vt 0.250000 0.000000
vt 0.250000 0.000000
vt 0.312500 0.000000
vt 0.312500 0.000000
vt 0.312500 0.000000
vt 0.312500 0.000000
vt 0.312500 0.000000
vt 0.312500 0.000000
vt 0.312500 0.000000
vt 0.312500 0.000000
vt 0.312500 0.000000
vt 0.312500 0.000000
vt 0.250000 0.000000
vt 0.250000 0.000000
vt 0.312500 0.000000
vt 0.250000 0.000000
vt 0.312500 0.000000
vt 0.312500 0.000000
vt 0.250000 0.000000
vt 0.250000 0.000000
vt 0.250000 0.000000
vt 0.250000 0.000000
vt 0.250000 0.000000
vt 0.250000 0.000000
vt 0.250000 0.000000
vt 0.250000 0.000000
vt 0.250000 0.000000
vt 0.687500 0.000000
vt 0.750000 0.000000
vt 0.750000 0.000000
vt 0.687500 0.000000
vt 0.750000 0.000000
vt 0.687500 0.000000
vt 0.687500 0.000000
vt 0.750000 0.000000
vt 0.750000 0.000000
vt 0.750000 0.000000
vt 0.750000 0.000000
vt 0.750000 0.000000
vt 0.750000 0.000000
vt 0.750000 0.000000
vt 0.750000 0.000000
vt 0.750000 0.000000
vt 0.750000 0.000000
vt 0.687500 0.000000
vt 0.687500 0.000000
vt 0.750000 0.000000
vt 0.687500 0.000000
vt 0.750000 0.000000
vt 0.750000 0.000000
vt 0.687500 0.000000
vt 0.687500 0.000000
vt 0.687500 0.000000
vt 0.687500 0.000000
vt 0.687500 0.000000
vt 0.687500 0.000000
vt 0.687500 0.000000
vt 0.687500 0.000000
vt 0.687500 0.000000
vt 0.187500 0.000000
vt 0.250000 0.000000
vt 0.250000 0.000000
vt 0.187500 0.000000
vt 0.250000 0.000000
vt 0.187500 0.000000
vt 0.187500 0.000000
vt 0.250000 0.000000
vt 0.250000 0.000000
vt 0.250000 0.000000
vt 0.250000 0.000000
vt 0.250000 0.000000
vt 0.250000 0.000000
vt 0.250000 0.000000
vt 0.250000 0.000000
vt 0.250000 0.000000
vt 0.250000 0.000000
vt 0.187500 0.000000
vt 0.187500 0.000000
vt 0.250000 0.000000
vt 0.187500 0.000000
vt 0.250000 0.000000
vt 0.250000 0.000000
vt 0.187500 0.000000
vt 0.187500 0.000000
vt 0.187500 0.000000
vt 0.187500 0.000000
vt 0.187500 0.000000
vt 0.187500 0.000000
vt 0.187500 0.000000
vt 0.187500 0.000000
vt 0.187500 0.000000
vt 0.625000 0.000000
vt 0.687500 0.000000
vt 0.687500 0.000000
vt 0.625000 0.000000
vt 0.687500 0.000000
vt 0.625000 0.000000
vt 0.625000 0.000000
vt 0.687500 0.000000
vt 0.687500 0.000000
vt 0.687500 0.000000
vt 0.687500 0.000000
vt 0.687500 0.000000
vt 0.687500 0.000000
vt 0.687500 0.000000
vt 0.687500 0.000000
vt 0.687500 0.000000
vt 0.687500 0.000000
vt 0.625000 0.000000
vt 0.625000 0.000000
vt 0.687500 0.000000
vt 0.625000 0.000000
vt 0.687500 0.000000
vt 0.687500 0.000000
vt 0.625000 0.000000
vt 0.625000 0.000000
vt 0.625000 0.000000
vt 0.625000 0.000000
vt 0.625000 0.000000
vt 0.625000 0.000000
vt 0.625000 0.000000
vt 0.625000 0.000000
vt 0.625000 0.000000
vt 0.125000 0.000000
vt 0.187500 0.000000
vt 0.187500 0.000000
vt 0.125000 0.000000
vt 0.187500 0.000000
vt 0.125000 0.000000
vt 0.125000 0.000000
vt 0.187500 0.000000
vt 0.187500 0.000000
vt 0.187500 0.000000
vt 0.187500 0.000000
vt 0.187500 0.000000
vt 0.187500 0.000000
vt 0.187500 0.000000
vt 0.187500 0.000000
vt 0.187500 0.000000
vt 0.187500 0.000000
vt 0.125000 0.000000
vt 0.125000 0.000000
vt 0.187500 0.000000
vt 0.125000 0.000000
vt 0.187500 0.000000
vt 0.187500 0.000000
vt 0.125000 0.000000
vt 0.125000 0.000000
vt 0.125000 0.000000
vt 0.125000 0.000000
vt 0.125000 0.000000
vt 0.125000 0.000000
vt 0.125000 0.000000
vt 0.125000 0.000000
vt 0.125000 0.000000
vt 0.562500 0.000000
vt 0.625000 0.000000
vt 0.625000 0.000000
vt 0.562500 0.000000
vt 0.625000 0.000000
vt 0.562500 0.000000
vt 0.562500 0.000000
vt 0.625000 0.000000
vt 0.625000 0.000000
vt 0.625000 0.000000
vt 0.625000 0.000000
vt 0.625000 0.000000
vt 0.625000 0.000000
vt 0.625000 0.000000
vt 0.625000 0.000000
vt 0.625000 0.000000
vt 0.625000 0.000000
vt 0.562500 0.000000
vt 0.562500 0.000000
vt 0.625000 0.000000
vt 0.562500 0.000000
vt 0.625000 0.000000
vt 0.625000 0.000000
vt 0.562500 0.000000
vt 0.562500 0.000000
vt 0.562500 0.000000
vt 0.562500 0.000000
vt 0.562500 0.000000
vt 0.562500 0.000000
vt 0.562500 0.000000
vt 0.562500 0.000000
vt 0.562500 0.000000
vt 0.062500 0.000000
vt 0.125000 0.000000
vt 0.125000 0.000000
vt 0.062500 0.000000
vt 0.125000 0.000000
vt 0.062500 0.000000
vt 0.062500 0.000000
vt 0.125000 0.000000
vt 0.125000 0.000000
vt 0.125000 0.000000
vt 0.125000 0.000000
vt 0.125000 0.000000
vt 0.125000 0.000000
vt 0.125000 0.000000
vt 0.125000 0.000000
vt 0.125000 0.000000
vt 0.125000 0.000000
vt 0.062500 0.000000
vt 0.062500 0.000000
vt 0.125000 0.000000
vt 0.062500 0.000000
vt 0.125000 0.000000
vt 0.125000 0.000000
vt 0.062500 0.000000
vt 0.062500 0.000000
vt 0.062500 0.000000
vt 0.062500 0.000000
vt 0.062500 0.000000
vt 0.062500 0.000000
vt 0.062500 0.000000
vt 0.062500 0.000000
vt 0.062500 0.000000
vt 0.500000 0.000000
vt 0.562500 0.000000
vt 0.562500 0.000000
vt 0.500000 0.000000
vt 0.562500 0.000000
vt 0.500000 0.000000
vt 0.500000 0.000000
vt 0.562500 0.000000
vt 0.562500 0.000000
vt 0.562500 0.000000
vt 0.562500 0.000000
vt 0.562500 0.000000
vt 0.562500 0.000000
vt 0.562500 0.000000
vt 0.562500 0.000000
vt 0.562500 0.000000
vt 0.562500 0.000000
vt 0.500000 0.000000
vt 0.500000 0.000000
vt 0.562500 0.000000
vt 0.500000 0.000000
vt 0.562500 0.000000
vt 0.562500 0.000000
vt 0.500000 0.000000
vt 0.500000 0.000000
vt 0.500000 0.000000
vt 0.500000 0.000000
vt 0.500000 0.000000
vt 0.500000 0.000000
vt 0.500000 0.000000
vt 0.500000 0.000000
vt 0.500000 0.000000
vt 0.937500 0.000000
vt 1.000000 0.000000
vt 1.000000 0.000000
vt 0.937500 0.000000
vt 1.000000 0.000000
vt 0.937500 0.000000
vt 0.937500 0.000000
vt 1.000000 0.000000
vt 1.000000 0.000000
vt 1.000000 0.000000
vt 1.000000 0.000000
vt 1.000000 0.000000
vt 1.000000 0.000000
vt 1.000000 0.000000
vt 1.000000 0.000000
vt 1.000000 0.000000
vt 1.000000 0.000000
vt 0.937500 0.000000
vt 0.937500 0.000000
vt 1.000000 0.000000
vt 0.937500 0.000000
vt 1.000000 0.000000
vt 1.000000 0.000000
vt 0.937500 0.000000
vt 0.937500 0.000000
vt 0.937500 0.000000
vt 0.937500 0.000000
vt 0.937500 0.000000
vt 0.937500 0.000000
vt 0.937500 0.000000
vt 0.937500 0.000000
vt 0.937500 0.000000
vt 0.000000 0.000000
vt 0.062500 0.000000
vt 0.062500 0.000000
vt 0.000000 0.000000
vt 0.062500 0.000000
vt 0.000000 0.000000
vt 0.000000 0.000000
vt 0.062500 0.000000
vt 0.062500 0.000000
vt 0.062500 0.000000
vt 0.062500 0.000000
vt 0.062500 0.000000
vt 0.062500 0.000000
vt 0.062500 0.000000
vt 0.062500 0.000000
vt 0.062500 0.000000
vt 0.062500 0.000000
vt 0.000000 0.000000
vt 0.000000 0.000000
vt 0.062500 0.000000
vt 0.000000 0.000000
vt 0.062500 0.000000
vt 0.062500 0.000000
vt 0.000000 0.000000
vt 0.000000 0.000000
vt 0.000000 0.000000
vt 0.000000 0.000000
vt 0.000000 0.000000
vt 0.000000 0.000000
vt 0.000000 0.000000
vt 0.000000 0.000000
vt 0.000000 0.000000
vt 0.437500 0.000000
vt 0.500000 0.000000
vt 0.500000 0.000000
vt 0.437500 0.000000
vt 0.500000 0.000000
vt 0.437500 0.000000
vt 0.437500 0.000000
vt 0.500000 0.000000
vt 0.500000 0.000000
vt 0.500000 0.000000
vt 0.500000 0.000000
vt 0.500000 0.000000
vt 0.500000 0.000000
vt 0.500000 0.000000
vt 0.500000 0.000000
vt 0.500000 0.000000
vt 0.500000 0.000000
vt 0.437500 0.000000
vt 0.437500 0.000000
vt 0.500000 0.000000
vt 0.437500 0.000000
vt 0.500000 0.000000
vt 0.500000 0.000000
vt 0.437500 0.000000
vt 0.437500 0.000000
vt 0.437500 0.000000
vt 0.437500 0.000000
vt 0.437500 0.000000
vt 0.437500 0.000000
vt 0.437500 0.000000
vt 0.437500 0.000000
vt 0.437500 0.000000
vt 0.875000 0.000000
vt 0.937500 0.000000
vt 0.937500 0.000000
vt 0.875000 0.000000
vt 0.937500 0.000000
vt 0.875000 0.000000
vt 0.875000 0.000000
vt 0.937500 0.000000
vt 0.937500 0.000000
vt 0.937500 0.000000
vt 0.937500 0.000000
vt 0.937500 0.000000
vt 0.937500 0.000000
vt 0.937500 0.000000
vt 0.937500 0.000000
vt 0.937500 0.000000
vt 0.937500 0.000000
vt 0.875000 0.000000
vt 0.875000 0.000000
vt 0.937500 0.000000
vt 0.875000 0.000000
vt 0.937500 0.000000
vt 0.937500 0.000000
vt 0.875000 0.000000
vt 0.875000 0.000000
vt 0.875000 0.000000
vt 0.875000 0.000000
vt 0.875000 0.000000
vt 0.875000 0.000000
vt 0.875000 0.000000
vt 0.875000 0.000000
vt 0.875000 0.000000
vt 0.375000 0.000000
vt 0.437500 0.000000
vt 0.437500 0.000000
vt 0.375000 0.000000
vt 0.437500 0.000000
vt 0.375000 0.000000
vt 0.375000 0.000000
vt 0.437500 0.000000
vt 0.437500 0.000000
vt 0.437500 0.000000
vt 0.437500 0.000000
vt 0.437500 0.000000
vt 0.437500 0.000000
vt 0.437500 0.000000
vt 0.437500 0.000000
vt 0.437500 0.000000
vt 0.437500 0.000000
vt 0.375000 0.000000
vt 0.375000 0.000000
vt 0.437500 0.000000
vt 0.375000 0.000000
vt 0.437500 0.000000
vt 0.437500 0.000000
vt 0.375000 0.000000
vt 0.375000 0.000000
vt 0.375000 0.000000
vt 0.375000 0.000000
vt 0.375000 0.000000
vt 0.375000 0.000000
vt 0.375000 0.000000
vt 0.375000 0.000000
vt 0.375000 0.000000
vt 0.812500 0.000000
vt 0.875000 0.000000
vt 0.875000 0.000000
vt 0.812500 0.000000
vt 0.875000 0.000000
vt 0.812500 0.000000
vt 0.812500 0.000000
vt 0.875000 0.000000
vt 0.875000 0.000000
vt 0.875000 0.000000
vt 0.875000 0.000000
vt 0.875000 0.000000
vt 0.875000 0.000000
vt 0.875000 0.000000
vt 0.875000 0.000000
vt 0.875000 0.000000
vt 0.875000 0.000000
vt 0.812500 0.000000
vt 0.812500 0.000000
vt 0.875000 0.000000
vt 0.812500 0.000000
vt 0.875000 0.000000
vt 0.875000 0.000000
vt 0.812500 0.000000
vt 0.812500 0.000000
vt 0.812500 0.000000
vt 0.812500 0.000000
vt 0.812500 0.000000
vt 0.812500 0.000000
vt 0.812500 0.000000
vt 0.812500 0.000000
vt 0.812500 0.000000
vt 0.625000 0.000000
vt 0.687500 0.000000
vt 0.687500 0.000000
vt 0.625000 0.000000
vt 0.687500 0.000000
vt 0.625000 0.000000
vt 0.625000 0.000000
vt 0.687500 0.000000
vt 0.687500 0.000000
vt 0.687500 0.000000
vt 0.687500 0.000000
vt 0.687500 0.000000
vt 0.687500 0.000000
vt 0.687500 0.000000
vt 0.687500 0.000000
vt 0.687500 0.000000
vt 0.687500 0.000000
vt 0.625000 0.000000
vt 0.625000 0.000000
vt 0.687500 0.000000
vt 0.625000 0.000000
vt 0.687500 0.000000
vt 0.687500 0.000000
vt 0.625000 0.000000
vt 0.625000 0.000000
vt 0.625000 0.000000
vt 0.625000 0.000000
vt 0.625000 0.000000
vt 0.625000 0.000000
vt 0.625000 0.000000
vt 0.625000 0.000000
vt 0.625000 0.000000
vt 0.125000 0.000000
vt 0.187500 0.000000
vt 0.187500 0.000000
vt 0.125000 0.000000
vt 0.187500 0.000000
vt 0.125000 0.000000
vt 0.125000 0.000000
vt 0.187500 0.000000
vt 0.187500 0.000000
vt 0.187500 0.000000
vt 0.187500 0.000000
vt 0.187500 0.000000
vt 0.187500 0.000000
vt 0.187500 0.000000
vt 0.187500 0.000000
vt 0.187500 0.000000
vt 0.187500 0.000000
vt 0.125000 0.000000
vt 0.125000 0.000000
vt 0.187500 0.000000
vt 0.125000 0.000000
vt 0.187500 0.000000
vt 0.187500 0.000000
vt 0.125000 0.000000
vt 0.125000 0.000000
vt 0.125000 0.000000
vt 0.125000 0.000000
vt 0.125000 0.000000
vt 0.125000 0.000000
vt 0.125000 0.000000
vt 0.125000 0.000000
vt 0.125000 0.000000
vt 0.562500 0.000000
vt 0.625000 0.000000
vt 0.625000 0.000000
vt 0.562500 0.000000
vt 0.625000 0.000000
vt 0.562500 0.000000
vt 0.562500 0.000000
vt 0.625000 0.000000
vt 0.625000 0.000000
vt 0.625000 0.000000
vt 0.625000 0.000000
vt 0.625000 0.000000
vt 0.625000 0.000000
vt 0.625000 0.000000
vt 0.625000 0.000000
vt 0.625000 0.000000
vt 0.625000 0.000000
vt 0.562500 0.000000
vt 0.562500 0.000000
vt 0.625000 0.000000
vt 0.562500 0.000000
vt 0.625000 0.000000
vt 0.625000 0.000000
vt 0.562500 0.000000
vt 0.562500 0.000000
vt 0.562500 0.000000
vt 0.562500 0.000000
vt 0.562500 0.000000
vt 0.562500 0.000000
vt 0.562500 0.000000
vt 0.562500 0.000000
vt 0.562500 0.000000
vt 0.062500 0.000000
vt 0.125000 0.000000
vt 0.125000 0.000000
vt 0.062500 0.000000
vt 0.125000 0.000000
vt 0.062500 0.000000
vt 0.062500 0.000000
vt 0.125000 0.000000
vt 0.125000 0.000000
vt 0.125000 0.000000
vt 0.125000 0.000000
vt 0.125000 0.000000
vt 0.125000 0.000000
vt 0.125000 0.000000
vt 0.125000 0.000000
vt 0.125000 0.000000
vt 0.125000 0.000000
vt 0.062500 0.000000
vt 0.062500 0.000000
vt 0.125000 0.000000
vt 0.062500 0.000000
vt 0.125000 0.000000
vt 0.125000 0.000000
vt 0.062500 0.000000
vt 0.062500 0.000000
vt 0.062500 0.000000
vt 0.062500 0.000000
vt 0.062500 0.000000
vt 0.062500 0.000000
vt 0.062500 0.000000
vt 0.062500 0.000000
vt 0.062500 0.000000
vt 0.500000 0.000000
vt 0.562500 0.000000
vt 0.562500 0.000000
vt 0.500000 0.000000
vt 0.562500 0.000000
vt 0.500000 0.000000
vt 0.500000 0.000000
vt 0.562500 0.000000
vt 0.562500 0.000000
vt 0.562500 0.000000
vt 0.562500 0.000000
vt 0.562500 0.000000
vt 0.562500 0.000000
vt 0.562500 0.000000
vt 0.562500 0.000000
vt 0.562500 0.000000
vt 0.562500 0.000000
vt 0.500000 0.000000
vt 0.500000 0.000000
vt 0.562500 0.000000
vt 0.500000 0.000000
vt 0.562500 0.000000
vt 0.562500 0.000000
vt 0.500000 0.000000
vt 0.500000 0.000000
vt 0.500000 0.000000
vt 0.500000 0.000000
vt 0.500000 0.000000
vt 0.500000 0.000000
vt 0.500000 0.000000
vt 0.500000 0.000000
vt 0.500000 0.000000
vt 0.937500 0.000000
vt 1.000000 0.000000
vt 1.000000 0.000000
vt 0.937500 0.000000
vt 1.000000 0.000000
vt 0.937500 0.000000
vt 0.937500 0.000000
vt 1.000000 0.000000
vt 1.000000 0.000000
vt 1.000000 0.000000
vt 1.000000 0.000000
vt 1.000000 0.000000
vt 1.000000 0.000000
vt 1.000000 0.000000
vt 1.000000 0.000000
vt 1.000000 0.000000
vt 1.000000 0.000000
vt 0.937500 0.000000
vt 0.937500 0.000000
vt 1.000000 0.000000
vt 0.937500 0.000000
vt 1.000000 0.000000
vt 1.000000 0.000000
vt 0.937500 0.000000
vt 0.937500 0.000000
vt 0.937500 0.000000
vt 0.937500 0.000000
vt 0.937500 0.000000
vt 0.937500 0.000000
vt 0.937500 0.000000
vt 0.937500 0.000000
vt 0.937500 0.000000
vt 0.000000 0.000000
vt 0.062500 0.000000
vt 0.062500 0.000000
vt 0.000000 0.000000
vt 0.062500 0.000000
vt 0.000000 0.000000
vt 0.000000 0.000000
vt 0.062500 0.000000
vt 0.062500 0.000000
vt 0.062500 0.000000
vt 0.062500 0.000000
vt 0.062500 0.000000
vt 0.062500 0.000000
vt 0.062500 0.000000
vt 0.062500 0.000000
vt 0.062500 0.000000
vt 0.062500 0.000000
vt 0.000000 0.000000
vt 0.000000 0.000000
vt 0.062500 0.000000
vt 0.000000 0.000000
vt 0.062500 0.000000
vt 0.062500 0.000000
vt 0.000000 0.000000
vt 0.000000 0.000000
vt 0.000000 0.000000
vt 0.000000 0.000000
vt 0.000000 0.000000
vt 0.000000 0.000000
vt 0.000000 0.000000
vt 0.000000 0.000000
vt 0.000000 0.000000
vt 0.437500 0.000000
vt 0.500000 0.000000
vt 0.500000 0.000000
vt 0.437500 0.000000
vt 0.500000 0.000000
vt 0.437500 0.000000
vt 0.437500 0.000000
vt 0.500000 0.000000
vt 0.500000 0.000000
vt 0.500000 0.000000
vt 0.500000 0.000000
vt 0.500000 0.000000
vt 0.500000 0.000000
vt 0.500000 0.000000
vt 0.500000 0.000000
vt 0.500000 0.000000
vt 0.500000 0.000000
vt 0.437500 0.000000
vt 0.437500 0.000000
vt 0.500000 0.000000
vt 0.437500 0.000000
vt 0.500000 0.000000
vt 0.500000 0.000000
vt 0.437500 0.000000
vt 0.437500 0.000000
vt 0.437500 0.000000
vt 0.437500 0.000000
vt 0.437500 0.000000
vt 0.437500 0.000000
vt 0.437500 0.000000
vt 0.437500 0.000000
vt 0.437500 0.000000
vt 0.875000 0.000000
vt 0.937500 0.000000
vt 0.937500 0.000000
vt 0.875000 0.000000
vt 0.937500 0.000000
vt 0.875000 0.000000
vt 0.875000 0.000000
vt 0.937500 0.000000
vt 0.937500 0.000000
vt 0.937500 0.000000
vt 0.937500 0.000000
vt 0.937500 0.000000
vt 0.937500 0.000000
vt 0.937500 0.000000
vt 0.937500 0.000000
vt 0.937500 0.000000
vt 0.937500 0.000000
vt 0.875000 0.000000
vt 0.875000 0.000000
vt 0.937500 0.000000
vt 0.875000 0.000000
vt 0.937500 0.000000
vt 0.937500 0.000000
vt 0.875000 0.000000
vt 0.875000 0.000000
vt 0.875000 0.000000
vt 0.875000 0.000000
vt 0.875000 0.000000
vt 0.875000 0.000000
vt 0.875000 0.000000
vt 0.875000 0.000000
vt 0.875000 0.000000
vt 0.375000 0.000000
vt 0.437500 0.000000
vt 0.437500 0.000000
vt 0.375000 0.000000
vt 0.437500 0.000000
vt 0.375000 0.000000
vt 0.375000 0.000000
vt 0.437500 0.000000
vt 0.437500 0.000000
vt 0.437500 0.000000
vt 0.437500 0.000000
vt 0.437500 0.000000
vt 0.437500 0.000000
vt 0.437500 0.000000
vt 0.437500 0.000000
vt 0.437500 0.000000
vt 0.437500 0.000000
vt 0.375000 0.000000
vt 0.375000 0.000000
vt 0.437500 0.000000
vt 0.375000 0.000000
vt 0.437500 0.000000
vt 0.437500 0.000000
vt 0.375000 0.000000
vt 0.375000 0.000000
vt 0.375000 0.000000
vt 0.375000 0.000000
vt 0.375000 0.000000
vt 0.375000 0.000000
vt 0.375000 0.000000
vt 0.375000 0.000000
vt 0.375000 0.000000
vt 0.812500 0.000000
vt 0.875000 0.000000
vt 0.875000 0.000000
vt 0.812500 0.000000
vt 0.875000 0.000000
vt 0.812500 0.000000
vt 0.812500 0.000000
vt 0.875000 0.000000
vt 0.875000 0.000000
vt 0.875000 0.000000
vt 0.875000 0.000000
vt 0.875000 0.000000
vt 0.875000 0.000000
vt 0.875000 0.000000
vt 0.875000 0.000000
vt 0.875000 0.000000
vt 0.875000 0.000000
vt 0.812500 0.000000
vt 0.812500 0.000000
vt 0.875000 0.000000
vt 0.812500 0.000000
vt 0.875000 0.000000
vt 0.875000 0.000000
vt 0.812500 0.000000
vt 0.812500 0.000000
vt 0.812500 0.000000
vt 0.812500 0.000000
vt 0.812500 0.000000
vt 0.812500 0.000000
vt 0.812500 0.000000
vt 0.812500 0.000000
vt 0.812500 0.000000
vt 0.312500 0.000000
vt 0.375000 0.000000
vt 0.375000 0.000000
vt 0.312500 0.000000
vt 0.375000 0.000000
vt 0.312500 0.000000
vt 0.312500 0.000000
vt 0.375000 0.000000
vt 0.375000 0.000000
vt 0.375000 0.000000
vt 0.375000 0.000000
vt 0.375000 0.000000
vt 0.375000 0.000000
vt 0.375000 0.000000
vt 0.375000 0.000000
vt 0.375000 0.000000
vt 0.375000 0.000000
vt 0.312500 0.000000
vt 0.312500 0.000000
vt 0.375000 0.000000
vt 0.312500 0.000000
vt 0.375000 0.000000
vt 0.375000 0.000000
vt 0.312500 0.000000
vt 0.312500 0.000000
vt 0.312500 0.000000
vt 0.312500 0.000000
vt 0.312500 0.000000
vt 0.312500 0.000000
vt 0.312500 0.000000
vt 0.312500 0.000000
vt 0.312500 0.000000
vt 0.750000 0.000000
vt 0.812500 0.000000
vt 0.812500 0.000000
vt 0.750000 0.000000
vt 0.812500 0.000000
vt 0.750000 0.000000
vt 0.750000 0.000000
vt 0.812500 0.000000
vt 0.812500 0.000000
vt 0.812500 0.000000
vt 0.812500 0.000000
vt 0.812500 0.000000
vt 0.812500 0.000000
vt 0.812500 0.000000
vt 0.812500 0.000000
vt 0.812500 0.000000
vt 0.812500 0.000000
vt 0.750000 0.000000
vt 0.750000 0.000000
vt 0.812500 0.000000
vt 0.750000 0.000000
vt 0.812500 0.000000
vt 0.812500 0.000000
vt 0.750000 0.000000
vt 0.750000 0.000000
vt 0.750000 0.000000
vt 0.750000 0.000000
vt 0.750000 0.000000
vt 0.750000 0.000000
vt 0.750000 0.000000
vt 0.750000 0.000000
vt 0.750000 0.000000
vt 0.250000 0.000000
vt 0.312500 0.000000
vt 0.312500 0.000000
vt 0.250000 0.000000
vt 0.312500 0.000000
vt 0.250000 0.000000
vt 0.250000 0.000000
vt 0.312500 0.000000
vt 0.312500 0.000000
vt 0.312500 0.000000
vt 0.312500 0.000000
vt 0.312500 0.000000
vt 0.312500 0.000000
vt 0.312500 0.000000
vt 0.312500 0.000000
vt 0.312500 0.000000
vt 0.312500 0.000000
vt 0.250000 0.000000
vt 0.250000 0.000000
vt 0.312500 0.000000
vt 0.250000 0.000000
vt 0.312500 0.000000
vt 0.312500 0.000000
vt 0.250000 0.000000
vt 0.250000 0.000000
vt 0.250000 0.000000
vt 0.250000 0.000000
vt 0.250000 0.000000
vt 0.250000 0.000000
vt 0.250000 0.000000
vt 0.250000 0.000000
vt 0.250000 0.000000
vt 0.687500 0.000000
vt 0.750000 0.000000
vt 0.750000 0.000000
vt 0.687500 0.000000
vt 0.750000 0.000000
vt 0.687500 0.000000
vt 0.687500 0.000000
vt 0.750000 0.000000
vt 0.750000 0.000000
vt 0.750000 0.000000
vt 0.750000 0.000000
vt 0.750000 0.000000
vt 0.750000 0.000000
vt 0.750000 0.000000
vt 0.750000 0.000000
vt 0.750000 0.000000
vt 0.750000 0.000000
vt 0.687500 0.000000
vt 0.687500 0.000000
vt 0.750000 0.000000
vt 0.687500 0.000000
vt 0.750000 0.000000
vt 0.750000 0.000000
vt 0.687500 0.000000
vt 0.687500 0.000000
vt 0.687500 0.000000
vt 0.687500 0.000000
vt 0.687500 0.000000
vt 0.687500 0.000000
vt 0.687500 0.000000
vt 0.687500 0.000000
vt 0.687500 0.000000
vt 0.187500 0.000000
vt 0.250000 0.000000
vt 0.250000 0.000000
vt 0.187500 0.000000
vt 0.250000 0.000000
vt 0.187500 0.000000
vt 0.187500 0.000000
vt 0.250000 0.000000
vt 0.250000 0.000000
vt 0.250000 0.000000
vt 0.250000 0.000000
vt 0.250000 0.000000
vt 0.250000 0.000000
vt 0.250000 0.000000
vt 0.250000 0.000000
vt 0.250000 0.000000
vt 0.250000 0.000000
vt 0.187500 0.000000
vt 0.187500 0.000000
vt 0.250000 0.000000
vt 0.187500 0.000000
vt 0.250000 0.000000
vt 0.250000 0.000000
vt 0.187500 0.000000
vt 0.187500 0.000000
vt 0.187500 0.000000
vt 0.187500 0.000000
vt 0.187500 0.000000
vt 0.187500 0.000000
vt 0.187500 0.000000
vt 0.187500 0.000000
vt 0.187500 0.000000
vt 0.562500 0.000000
vt 0.500000 -0.000000
vt 0.500000 -0.000000
vt 0.562500 0.000000
vt 0.500000 -0.000000
vt 0.562500 0.000000
vt 0.562500 0.000000
vt 0.500000 -0.000000
vt 0.500000 -0.000000
vt 0.437500 0.000000
vt 0.437500 0.000000
vt 0.500000 -0.000000
vt 0.437500 0.000000
vt 0.500000 -0.000000
vt 0.500000 -0.000000
vt 0.437500 0.000000
vt 0.437500 0.000000
vt 0.500000 0.000000
vt 0.500000 0.000000
vt 0.437500 0.000000
vt 0.500000 0.000000
vt 0.437500 0.000000
vt 0.437500 0.000000
vt 0.500000 0.000000
vt 0.500000 0.000000
vt 0.562500 0.000000
vt 0.562500 0.000000
vt 0.500000 0.000000
vt 0.562500 0.000000
vt 0.500000 0.000000
vt 0.500000 0.000000
vt 0.562500 0.000000
vt 0.500000 -0.000000
vt 0.446429 0.000000
vt 0.446429 0.000000
vt 0.500000 -0.000000
vt 0.446429 0.000000
vt 0.500000 -0.000000
vt 0.500000 -0.000000
vt 0.446429 0.000000
vt 0.446429 0.000000
vt 0.375000 0.000000
vt 0.375000 0.000000
vt 0.446429 0.000000
vt 0.375000 0.000000
vt 0.446429 0.000000
vt 0.446429 0.000000
vt 0.375000 0.000000
vt 0.375000 0.000000
vt 0.437500 0.000000
vt 0.437500 0.000000
vt 0.375000 0.000000
vt 0.437500 0.000000
vt 0.375000 0.000000
vt 0.375000 0.000000
vt 0.437500 0.000000
vt 0.437500 0.000000
vt 0.500000 -0.000000
vt 0.500000 -0.000000
vt 0.437500 0.000000
vt 0.500000 -0.000000
vt 0.437500 0.000000
vt 0.437500 0.000000
vt 0.500000 -0.000000
vt 0.446429 0.000000
vt 0.375000 0.000000
vt 0.375000 0.000000
vt 0.446429 0.000000
vt 0.375000 0.000000
vt 0.446429 0.000000
vt 0.446429 0.000000
vt 0.375000 0.000000
vt 0.375000 0.000000
vt 0.312500 0.000000
vt 0.312500 0.000000
vt 0.375000 0.000000
vt 0.312500 0.000000
vt 0.375000 0.000000
vt 0.375000 0.000000
vt 0.312500 0.000000
vt 0.312500 0.000000
vt 0.375000 0.000000
vt 0.375000 0.000000
vt 0.312500 0.000000
vt 0.375000 0.000000
vt 0.312500 0.000000
vt 0.312500 0.000000
vt 0.375000 0.000000
vt 0.375000 0.000000
vt 0.446429 0.000000
vt 0.446429 0.000000
vt 0.375000 0.000000
vt 0.446429 0.000000
vt 0.375000 0.000000
vt 0.375000 0.000000
vt 0.446429 0.000000
vt 0.375000 0.000000
vt 0.187500 0.000000
vt 0.187500 0.000000
vt 0.375000 0.000000
vt 0.187500 0.000000
vt 0.375000 0.000000
vt 0.375000 0.000000
vt 0.187500 0.000000
vt 0.187500 0.000000
vt 0.250000 0.000000
vt 0.250000 0.000000
vt 0.187500 0.000000
vt 0.250000 0.000000
vt 0.187500 0.000000
vt 0.187500 0.000000
vt 0.250000 0.000000
vt 0.250000 0.000000
vt 0.312500 0.000000
vt 0.312500 0.000000
vt 0.250000 0.000000
vt 0.312500 0.000000
vt 0.250000 0.000000
vt 0.250000 0.000000
vt 0.312500 0.000000
vt 0.312500 0.000000
vt 0.375000 0.000000
vt 0.375000 0.000000
vt 0.312500 0.000000
vt 0.375000 0.000000
vt 0.312500 0.000000
vt 0.312500 0.000000
vt 0.375000 0.000000
vt 0.625000 0.000000
vt 0.553571 0.000000
vt 0.553571 0.000000
vt 0.625000 0.000000
vt 0.553571 0.000000
vt 0.625000 0.000000
vt 0.625000 0.000000
vt 0.553571 0.000000
vt 0.553571 0.000000
vt 0.500000 -0.000000
vt 0.500000 -0.000000
vt 0.553571 0.000000
vt 0.500000 -0.000000
vt 0.553571 0.000000
vt 0.553571 0.000000
vt 0.500000 -0.000000
vt 0.500000 -0.000000
vt 0.562500 0.000000
vt 0.562500 0.000000
vt 0.500000 -0.000000
vt 0.562500 0.000000
vt 0.500000 -0.000000
vt 0.500000 -0.000000
vt 0.562500 0.000000
vt 0.562500 0.000000
vt 0.625000 0.000000
vt 0.625000 0.000000
vt 0.562500 0.000000
vt 0.625000 0.000000
vt 0.562500 0.000000
vt 0.562500 0.000000
vt 0.625000 0.000000
vt 0.553571 0.000000
vt 0.500000 0.000000
vt 0.500000 0.000000
vt 0.553571 0.000000
vt 0.500000 0.000000
vt 0.553571 0.000000
vt 0.553571 0.000000
vt 0.500000 0.000000
vt 0.500000 0.000000
vt 0.446429 0.000000
vt 0.446429 0.000000
vt 0.500000 0.000000
vt 0.446429 0.000000
vt 0.500000 0.000000
vt 0.500000 0.000000
vt 0.446429 0.000000
vt 0.446429 0.000000
vt 0.500000 -0.000000
vt 0.500000 -0.000000
vt 0.446429 0.000000
vt 0.500000 -0.000000
vt 0.446429 0.000000
vt 0.446429 0.000000
vt 0.500000 -0.000000
vt 0.500000 -0.000000
vt 0.553571 0.000000
vt 0.553571 0.000000
vt 0.500000 -0.000000
vt 0.553571 0.000000
vt 0.500000 -0.000000
vt 0.500000 -0.000000
vt 0.553571 0.000000
vt 0.500000 0.000000
vt 0.410714 0.000000
vt 0.410714 0.000000
vt 0.500000 0.000000
vt 0.410714 0.000000
vt 0.500000 0.000000
vt 0.500000 0.000000
vt 0.410714 0.000000
vt 0.410714 0.000000
vt 0.375000 0.000000
vt 0.375000 0.000000
vt 0.410714 0.000000
vt 0.375000 0.000000
vt 0.410714 0.000000
vt 0.410714 0.000000
vt 0.375000 0.000000
vt 0.375000 0.000000
vt 0.446429 0.000000
vt 0.446429 0.000000
vt 0.375000 0.000000
vt 0.446429 0.000000
vt 0.375000 0.000000
vt 0.375000 0.000000
vt 0.446429 0.000000
vt 0.446429 0.000000
vt 0.500000 0.000000
vt 0.500000 0.000000
vt 0.446429 0.000000
vt 0.500000 0.000000
vt 0.446429 0.000000
vt 0.446429 0.000000
vt 0.500000 0.000000
vt 0.410714 0.000000
vt 0.125000 0.000000
vt 0.125000 0.000000
vt 0.410714 0.000000
vt 0.125000 0.000000
vt 0.410714 0.000000
vt 0.410714 0.000000
vt 0.125000 0.000000
vt 0.125000 0.000000
vt 0.187500 0.000000
vt 0.187500 0.000000
vt 0.125000 0.000000
vt 0.187500 0.000000
vt 0.125000 0.000000
vt 0.125000 0.000000
vt 0.187500 0.000000
vt 0.187500 0.000000
vt 0.375000 0.000000
vt 0.375000 0.000000
vt 0.187500 0.000000
vt 0.375000 0.000000
vt 0.187500 0.000000
vt 0.187500 0.000000
vt 0.375000 0.000000
vt 0.375000 0.000000
vt 0.410714 0.000000
vt 0.410714 0.000000
vt 0.375000 0.000000
vt 0.410714 0.000000
vt 0.375000 0.000000
vt 0.375000 0.000000
vt 0.410714 0.000000
vt 0.687500 0.000000
vt 0.625000 0.000000
vt 0.625000 0.000000
vt 0.687500 0.000000
vt 0.625000 0.000000
vt 0.687500 0.000000
vt 0.687500 0.000000
vt 0.625000 0.000000
vt 0.625000 0.000000
vt 0.553571 0.000000
vt 0.553571 0.000000
vt 0.625000 0.000000
vt 0.553571 0.000000
vt 0.625000 0.000000
vt 0.625000 0.000000
vt 0.553571 0.000000
vt 0.553571 0.000000
vt 0.625000 0.000000
vt 0.625000 0.000000
vt 0.553571 0.000000
vt 0.625000 0.000000
vt 0.553571 0.000000
vt 0.553571 0.000000
vt 0.625000 0.000000
vt 0.625000 0.000000
vt 0.687500 0.000000
vt 0.687500 0.000000
vt 0.625000 0.000000
vt 0.687500 0.000000
vt 0.625000 0.000000
vt 0.625000 0.000000
vt 0.687500 0.000000
vt 0.625000 0.000000
vt 0.589286 0.000000
vt 0.589286 0.000000
vt 0.625000 0.000000
vt 0.589286 0.000000
vt 0.625000 0.000000
vt 0.625000 0.000000
vt 0.589286 0.000000
vt 0.589286 0.000000
vt 0.500000 0.000000
vt 0.500000 0.000000
vt 0.589286 0.000000
vt 0.500000 0.000000
vt 0.589286 0.000000
vt 0.589286 0.000000
vt 0.500000 0.000000
vt 0.500000 0.000000
vt 0.553571 0.000000
vt 0.553571 0.000000
vt 0.500000 0.000000
vt 0.553571 0.000000
vt 0.500000 0.000000
vt 0.500000 0.000000
vt 0.553571 0.000000
vt 0.553571 0.000000
vt 0.625000 0.000000
vt 0.625000 0.000000
vt 0.553571 0.000000
vt 0.625000 0.000000
vt 0.553571 0.000000
vt 0.553571 0.000000
vt 0.625000 0.000000
vt 0.589286 0.000000
vt 0.500000 0.000000
vt 0.500000 0.000000
vt 0.589286 0.000000
vt 0.500000 0.000000
vt 0.589286 0.000000
vt 0.589286 0.000000
vt 0.500000 0.000000
vt 0.500000 0.000000
vt 0.410714 0.000000
vt 0.410714 0.000000
vt 0.500000 0.000000
vt 0.410714 0.000000
vt 0.500000 0.000000
vt 0.500000 0.000000
vt 0.410714 0.000000
vt 0.410714 0.000000
vt 0.500000 0.000000
vt 0.500000 0.000000
vt 0.410714 0.000000
vt 0.500000 0.000000
vt 0.410714 0.000000
vt 0.410714 0.000000
vt 0.500000 0.000000
vt 0.500000 0.000000
vt 0.589286 0.000000
vt 0.589286 0.000000
vt 0.500000 0.000000
vt 0.589286 0.000000
vt 0.500000 0.000000
vt 0.500000 0.000000
vt 0.589286 0.000000
vt 0.500000 0.000000
vt 0.062500 0.000000
vt 0.062500 0.000000
vt 0.500000 0.000000
vt 0.062500 0.000000
vt 0.500000 0.000000
vt 0.500000 0.000000
vt 0.062500 0.000000
vt 0.062500 0.000000
vt 0.125000 0.000000
vt 0.125000 0.000000
vt 0.062500 0.000000
vt 0.125000 0.000000
vt 0.062500 0.000000
vt 0.062500 0.000000
vt 0.125000 0.000000
vt 0.125000 0.000000
vt 0.410714 0.000000
vt 0.410714 0.000000
vt 0.125000 0.000000
vt 0.410714 0.000000
vt 0.125000 0.000000
vt 0.125000 0.000000
vt 0.410714 0.000000
vt 0.410714 0.000000
vt 0.500000 0.000000
vt 0.500000 0.000000
vt 0.410714 0.000000
vt 0.500000 0.000000
vt 0.410714 0.000000
vt 0.410714 0.000000
vt 0.500000 0.000000
vt 0.750000 0.000000
vt 0.812500 0.000000
vt 0.812500 0.000000
vt 0.750000 0.000000
vt 0.812500 0.000000
vt 0.750000 0.000000
vt 0.750000 0.000000
vt 0.812500 0.000000
vt 0.812500 0.000000
vt 0.625000 0.000000
vt 0.625000 0.000000
vt 0.812500 0.000000
vt 0.625000 0.000000
vt 0.812500 0.000000
vt 0.812500 0.000000
vt 0.625000 0.000000
vt 0.625000 0.000000
vt 0.687500 0.000000
vt 0.687500 0.000000
vt 0.625000 0.000000
vt 0.687500 0.000000
vt 0.625000 0.000000
vt 0.625000 0.000000
vt 0.687500 0.000000
vt 0.687500 0.000000
vt 0.750000 0.000000
vt 0.750000 0.000000
vt 0.687500 0.000000
vt 0.750000 0.000000
vt 0.687500 0.000000
vt 0.687500 0.000000
vt 0.750000 0.000000
vt 0.812500 0.000000
vt 0.875000 0.000000
vt 0.875000 0.000000
vt 0.812500 0.000000
vt 0.875000 0.000000
vt 0.812500 0.000000
vt 0.812500 0.000000
vt 0.875000 0.000000
vt 0.875000 0.000000
vt 0.589286 0.000000
vt 0.589286 0.000000
vt 0.875000 0.000000
vt 0.589286 0.000000
vt 0.875000 0.000000
vt 0.875000 0.000000
vt 0.589286 0.000000
vt 0.589286 0.000000
vt 0.625000 0.000000
vt 0.625000 0.000000
vt 0.589286 0.000000
vt 0.625000 0.000000
vt 0.589286 0.000000
vt 0.589286 0.000000
vt 0.625000 0.000000
vt 0.625000 0.000000
vt 0.812500 0.000000
vt 0.812500 0.000000
vt 0.625000 0.000000
vt 0.812500 0.000000
vt 0.625000 0.000000
vt 0.625000 0.000000
vt 0.812500 0.000000
vt 0.875000 0.000000
vt 0.937500 0.000000
vt 0.937500 0.000000
vt 0.875000 0.000000
vt 0.937500 0.000000
vt 0.875000 0.000000
vt 0.875000 0.000000
vt 0.937500 0.000000
vt 0.937500 0.000000
vt 0.500000 0.000000
vt 0.500000 0.000000
vt 0.937500 0.000000
vt 0.500000 0.000000
vt 0.937500 0.000000
vt 0.937500 0.000000
vt 0.500000 0.000000
vt 0.500000 0.000000
vt 0.589286 0.000000
vt 0.589286 0.000000
vt 0.500000 0.000000
vt 0.589286 0.000000
vt 0.500000 0.000000
vt 0.500000 0.000000
vt 0.589286 0.000000
vt 0.589286 0.000000
vt 0.875000 0.000000
vt 0.875000 0.000000
vt 0.589286 0.000000
vt 0.875000 0.000000
vt 0.589286 0.000000
vt 0.589286 0.000000
vt 0.875000 0.000000
vt 0.937500 0.000000
vt 0.000000 0.000000
vt 0.000000 0.000000
vt 0.937500 0.000000
vt 0.000000 0.000000
vt 0.937500 0.000000
vt 0.937500 0.000000
vt 0.000000 0.000000
vt 0.000000 0.000000
vt 0.062500 0.000000
vt 0.062500 0.000000
vt 0.000000 0.000000
vt 0.062500 0.000000
vt 0.000000 0.000000
vt 0.000000 0.000000
vt 0.062500 0.000000
vt 0.062500 0.000000
vt 0.500000 0.000000
vt 0.500000 0.000000
vt 0.062500 0.000000
vt 0.500000 0.000000
vt 0.062500 0.000000
vt 0.062500 0.000000
vt 0.500000 0.000000
vt 0.500000 0.000000
vt 0.937500 0.000000
vt 0.937500 0.000000
vt 0.500000 0.000000
vt 0.937500 0.000000
vt 0.500000 0.000000
vt 0.500000 0.000000
vt 0.937500 0.000000
vt 0.937500 1.000000
vt 0.937500 0.000000
vt 0.937500 0.000000
vt 0.937500 1.000000
vt 0.937500 0.000000
vt 0.937500 1.000000
vt 0.937500 1.000000
vt 0.937500 0.000000
vt 0.937500 0.000000
vt 0.937500 0.000000
vt 0.937500 0.000000
vt 0.937500 0.000000
vt 0.937500 0.000000
vt 0.937500 0.000000
vt 0.937500 0.000000
vt 0.937500 0.000000
vt 0.937500 0.000000
vt 0.937500 1.000000
vt 0.937500 1.000000
vt 0.937500 0.000000
vt 0.937500 1.000000
vt 0.937500 0.000000
vt 0.937500 0.000000
vt 0.937500 1.000000
vt 0.937500 1.000000
vt 0.937500 1.000000
vt 0.937500 1.000000
vt 0.937500 1.000000
vt 0.937500 1.000000
vt 0.937500 1.000000
vt 0.937500 1.000000
vt 0.937500 1.000000
vt 0.625000 0.000000
vt 0.625000 1.000000
vt 0.625000 1.000000
vt 0.625000 0.000000
vt 0.625000 1.000000
vt 0.625000 0.000000
vt 0.625000 0.000000
vt 0.625000 1.000000
vt 0.625000 1.000000
vt 0.625000 1.000000
vt 0.625000 1.000000
vt 0.625000 1.000000
vt 0.625000 1.000000
vt 0.625000 1.000000
vt 0.625000 1.000000
vt 0.625000 1.000000
vt 0.625000 1.000000
vt 0.625000 0.000000
vt 0.625000 0.000000
vt 0.625000 1.000000
vt 0.625000 0.000000
vt 0.625000 1.000000
vt 0.625000 1.000000
vt 0.625000 0.000000
vt 0.625000 0.000000
vt 0.625000 0.000000
vt 0.625000 0.000000
vt 0.625000 0.000000
vt 0.625000 0.000000
vt 0.625000 0.000000
vt 0.625000 0.000000
vt 0.625000 0.000000
vt 0.187500 0.000000
vt 0.125000 0.000000
vt 0.125000 0.000000
vt 0.187500 0.000000
vt 0.125000 0.000000
vt 0.187500 0.000000
vt 0.187500 0.000000
vt 0.125000 0.000000
vt 0.125000 0.000000
vt 0.125000 0.000000
vt 0.125000 0.000000
vt 0.125000 0.000000
vt 0.125000 0.000000
vt 0.125000 0.000000
vt 0.125000 0.000000
vt 0.125000 0.000000
vt 0.125000 0.000000
vt 0.187500 0.000000
vt 0.187500 0.000000
vt 0.125000 0.000000
vt 0.187500 0.000000
vt 0.125000 0.000000
vt 0.125000 0.000000
vt 0.187500 0.000000
vt 0.187500 0.000000
vt 0.187500 0.000000
vt 0.187500 0.000000
vt 0.187500 0.000000
vt 0.187500 0.000000
vt 0.187500 0.000000
vt 0.187500 0.000000
vt 0.187500 0.000000
vt 0.437500 1.000000
vt 0.437500 0.000000
vt 0.437500 0.000000
vt 0.437500 1.000000
vt 0.437500 0.000000
vt 0.437500 1.000000
vt 0.437500 1.000000
vt 0.437500 0.000000
vt 0.437500 0.000000
vt 0.437500 0.000000
vt 0.437500 0.000000
vt 0.437500 0.000000
vt 0.437500 0.000000
vt 0.437500 0.000000
vt 0.437500 0.000000
vt 0.437500 0.000000
vt 0.437500 0.000000
vt 0.437500 1.000000
vt 0.437500 1.000000
vt 0.437500 0.000000
vt 0.437500 1.000000
vt 0.437500 0.000000
vt 0.437500 0.000000
vt 0.437500 1.000000
vt 0.437500 1.000000
vt 0.437500 1.000000
vt 0.437500 1.000000
vt 0.437500 1.000000
vt 0.437500 1.000000
vt 0.437500 1.000000
vt 0.437500 1.000000
vt 0.437500 1.000000
vt 0.125000 0.000000
vt 0.125000 1.000000
vt 0.125000 1.000000
vt 0.125000 0.000000
vt 0.125000 1.000000
vt 0.125000 0.000000
vt 0.125000 0.000000
vt 0.125000 1.000000
vt 0.125000 1.000000
vt 0.125000 1.000000
vt 0.125000 1.000000
vt 0.125000 1.000000
vt 0.125000 1.000000
vt 0.125000 1.000000
vt 0.125000 1.000000
vt 0.125000 1.000000
vt 0.125000 1.000000
vt 0.125000 0.000000
vt 0.125000 0.000000
vt 0.125000 1.000000
vt 0.125000 0.000000
vt 0.125000 1.000000
vt 0.125000 1.000000
vt 0.125000 0.000000
vt 0.125000 0.000000
vt 0.125000 0.000000
vt 0.125000 0.000000
vt 0.125000 0.000000
vt 0.125000 0.000000
vt 0.125000 0.000000
vt 0.125000 0.000000
vt 0.125000 0.000000
vt 0.937500 0.000000
vt 0.875000 0.000000
vt 0.875000 0.000000
vt 0.937500 0.000000
vt 0.875000 0.000000
vt 0.937500 0.000000
vt 0.937500 0.000000
vt 0.875000 0.000000
vt 0.875000 0.000000
vt 0.875000 0.000000
vt 0.875000 0.000000
vt 0.875000 0.000000
vt 0.875000 0.000000
vt 0.875000 0.000000
vt 0.875000 0.000000
vt 0.875000 0.000000
vt 0.875000 0.000000
vt 0.937500 0.000000
vt 0.937500 0.000000
vt 0.875000 0.000000
vt 0.937500 0.000000
vt 0.875000 0.000000
vt 0.875000 0.000000
vt 0.937500 0.000000
vt 0.937500 0.000000
vt 0.937500 0.000000
vt 0.937500 0.000000
vt 0.937500 0.000000
vt 0.937500 0.000000
vt 0.937500 0.000000
vt 0.937500 0.000000
vt 0.937500 0.000000
vt 0.875000 0.000000
vt 0.875000 1.000000
vt 0.875000 1.000000
vt 0.875000 0.000000
vt 0.875000 1.000000
vt 0.875000 0.000000
vt 0.875000 0.000000
vt 0.875000 1.000000
vt 0.875000 1.000000
vt 0.875000 1.000000
vt 0.875000 1.000000
vt 0.875000 1.000000
vt 0.875000 1.000000
vt 0.875000 1.000000
vt 0.875000 1.000000
vt 0.875000 1.000000
vt 0.875000 1.000000
vt 0.875000 0.000000
vt 0.875000 0.000000
vt 0.875000 1.000000
vt 0.875000 0.000000
vt 0.875000 1.000000
vt 0.875000 1.000000
vt 0.875000 0.000000
vt 0.875000 0.000000
vt 0.875000 0.000000
vt 0.875000 0.000000
vt 0.875000 0.000000
vt 0.875000 0.000000
vt 0.875000 0.000000
vt 0.875000 0.000000
vt 0.875000 0.000000
vt 0.437500 0.000000
vt 0.375000 0.000000
vt 0.375000 0.000000
vt 0.437500 0.000000
vt 0.375000 0.000000
vt 0.437500 0.000000
vt 0.437500 0.000000
vt 0.375000 0.000000
vt 0.375000 0.000000
vt 0.375000 0.000000
vt 0.375000 0.000000
vt 0.375000 0.000000
vt 0.375000 0.000000
vt 0.375000 0.000000
vt 0.375000 0.000000
vt 0.375000 0.000000
vt 0.375000 0.000000
vt 0.437500 0.000000
vt 0.437500 0.000000
vt 0.375000 0.000000
vt 0.437500 0.000000
vt 0.375000 0.000000
vt 0.375000 0.000000
vt 0.437500 0.000000
vt 0.437500 0.000000
vt 0.437500 0.000000
vt 0.437500 0.000000
vt 0.437500 0.000000
vt 0.437500 0.000000
vt 0.437500 0.000000
vt 0.437500 0.000000
vt 0.437500 0.000000
vt 0.687500 1.000000
vt 0.687500 0.000000
vt 0.687500 0.000000
vt 0.687500 1.000000
vt 0.687500 0.000000
vt 0.687500 1.000000
vt 0.687500 1.000000
vt 0.687500 0.000000
vt 0.687500 0.000000
vt 0.687500 0.000000
vt 0.687500 0.000000
vt 0.687500 0.000000
vt 0.687500 0.000000
vt 0.687500 0.000000
vt 0.687500 0.000000
vt 0.687500 0.000000
vt 0.687500 0.000000
vt 0.687500 1.000000
vt 0.687500 1.000000
vt 0.687500 0.000000
vt 0.687500 1.000000
vt 0.687500 0.000000
vt 0.687500 0.000000
vt 0.687500 1.000000
vt 0.687500 1.000000
vt 0.687500 1.000000
vt 0.687500 1.000000
vt 0.687500 1.000000
vt 0.687500 1.000000
vt 0.687500 1.000000
vt 0.687500 1.000000
vt 0.687500 1.000000
vt 0.375000 0.000000
vt 0.375000 1.000000
vt 0.375000 1.000000
vt 0.375000 0.000000
vt 0.375000 1.000000
vt 0.375000 0.000000
vt 0.375000 0.000000
vt 0.375000 1.000000
vt 0.375000 1.000000
vt 0.375000 1.000000
vt 0.375000 1.000000
vt 0.375000 1.000000
vt 0.375000 1.000000
vt 0.375000 1.000000
vt 0.375000 1.000000
vt 0.375000 1.000000
vt 0.375000 1.000000
vt 0.375000 0.000000
vt 0.375000 0.000000
vt 0.375000 1.000000
vt 0.375000 0.000000
vt 0.375000 1.000000
vt 0.375000 1.000000
vt 0.375000 0.000000
vt 0.375000 0.000000
vt 0.375000 0.000000
vt 0.375000 0.000000
vt 0.375000 0.000000
vt 0.375000 0.000000
vt 0.375000 0.000000
vt 0.375000 0.000000
vt 0.375000 0.000000
vt 0.187500 1.000000
vt 0.187500 0.000000
vt 0.187500 0.000000
vt 0.187500 1.000000
vt 0.187500 0.000000
vt 0.187500 1.000000
vt 0.187500 1.000000
vt 0.187500 0.000000
vt 0.187500 0.000000
vt 0.125000 0.000000
vt 0.125000 0.000000
vt 0.187500 0.000000
vt 0.125000 0.000000
vt 0.187500 0.000000
vt 0.187500 0.000000
vt 0.125000 0.000000
vt 0.125000 0.000000
vt 0.000000 1.000000
vt 0.000000 1.000000
vt 0.125000 0.000000
vt 0.000000 1.000000
vt 0.125000 0.000000
vt 0.125000 0.000000
vt 0.000000 1.000000
vt 0.000000 1.000000
vt 0.187500 1.000000
vt 0.187500 1.000000
vt 0.000000 1.000000
vt 0.187500 1.000000
vt 0.000000 1.000000
vt 0.000000 1.000000
vt 0.187500 1.000000
vt 0.375000 0.000000
vt 0.000000 1.000000
vt 0.000000 1.000000
vt 0.375000 0.000000
vt 0.000000 1.000000
vt 0.375000 0.000000
vt 0.375000 0.000000
vt 0.000000 1.000000
vt 0.000000 1.000000
vt 0.437500 1.000000
vt 0.437500 1.000000
vt 0.000000 1.000000
vt 0.437500 1.000000
vt 0.000000 1.000000
vt 0.000000 1.000000
vt 0.437500 1.000000
vt 0.437500 1.000000
vt 0.437500 0.000000
vt 0.437500 0.000000
vt 0.437500 1.000000
vt 0.437500 0.000000
vt 0.437500 1.000000
vt 0.437500 1.000000
vt 0.437500 0.000000
vt 0.437500 0.000000
vt 0.375000 0.000000
vt 0.375000 0.000000
vt 0.437500 0.000000
vt 0.375000 0.000000
vt 0.437500 0.000000
vt 0.437500 0.000000
vt 0.375000 0.000000
vt 0.937500 1.000000
vt 0.937500 0.000000
vt 0.937500 0.000000
vt 0.937500 1.000000
vt 0.937500 0.000000
vt 0.937500 1.000000
vt 0.937500 1.000000
vt 0.937500 0.000000
vt 0.937500 0.000000
vt 0.875000 0.000000
vt 0.875000 0.000000
vt 0.937500 0.000000
vt 0.875000 0.000000
vt 0.937500 0.000000
vt 0.937500 0.000000
vt 0.875000 0.000000
vt 0.875000 0.000000
vt 0.000000 1.000000
vt 0.000000 1.000000
vt 0.875000 0.000000
vt 0.000000 1.000000
vt 0.875000 0.000000
vt 0.875000 0.000000
vt 0.000000 1.000000
vt 0.000000 1.000000
vt 0.937500 1.000000
vt 0.937500 1.000000
vt 0.000000 1.000000
vt 0.937500 1.000000
vt 0.000000 1.000000
vt 0.000000 1.000000
vt 0.937500 1.000000
vt 0.000000 1.000000
vt 0.687500 1.000000
vt 0.687500 1.000000
vt 0.000000 1.000000
vt 0.687500 1.000000
vt 0.000000 1.000000
vt 0.000000 1.000000
vt 0.687500 1.000000
vt 0.687500 1.000000
vt 0.687500 0.000000
vt 0.687500 0.000000
vt 0.687500 1.000000
vt 0.687500 0.000000
vt 0.687500 1.000000
vt 0.687500 1.000000
vt 0.687500 0.000000
vt 0.687500 0.000000
vt 0.625000 0.000000
vt 0.625000 0.000000
vt 0.687500 0.000000
vt 0.625000 0.000000
vt 0.687500 0.000000
vt 0.687500 0.000000
vt 0.625000 0.000000
vt 0.625000 0.000000
vt 0.000000 1.000000
vt 0.000000 1.000000
vt 0.625000 0.000000
vt 0.000000 1.000000
vt 0.625000 0.000000
vt 0.625000 0.000000
vt 0.000000 1.000000
s 1
usemtl PurpleGLow
f 1/1/1 2/2/2 3/3/1
f 1/1/1 3/3/1 4/4/1
f 5/5/3 6/6/3 7/7/3
f 5/5/3 7/7/3 8/8/3
f 9/9/4 10/10/4 11/11/4
f 9/9/4 11/11/4 12/12/4
f 13/13/5 14/14/5 15/15/5
f 13/13/5 15/15/5 16/16/5
f 17/17/6 18/18/6 19/19/6
f 17/17/6 19/19/6 20/20/6
f 21/21/7 22/22/7 23/23/7
f 21/21/7 23/23/7 24/24/7
f 25/25/8 26/26/8 27/27/8
f 25/25/8 27/27/8 28/28/8
f 29/29/9 30/30/9 31/31/10
f 29/29/9 31/31/10 32/32/9
f 33/33/11 34/34/11 35/35/11
f 33/33/11 35/35/11 36/36/11
f 37/37/12 38/38/12 39/39/12
f 37/37/12 39/39/12 40/40/12
f 41/41/13 42/42/13 43/43/13
f 41/41/13 43/43/13 44/44/13
f 45/45/14 46/46/15 47/47/14
f 45/45/14 47/47/14 48/48/14
f 49/49/16 50/50/16 51/51/16
f 49/49/16 51/51/16 52/52/16
f 53/53/17 54/54/17 55/55/18
f 53/53/17 55/55/18 56/56/17
f 57/57/19 58/58/19 59/59/19
f 57/57/19 59/59/19 60/60/19
f 61/61/20 62/62/20 63/63/20
f 61/61/20 63/63/20 64/64/20
f 65/65/21 66/66/22 67/67/22
f 65/65/21 67/67/22 68/68/21
f 69/69/23 70/70/23 71/71/23
f 69/69/23 71/71/23 72/72/23
s 0
f 73/73/24 74/74/24 75/75/24
f 73/73/24 75/75/24 76/76/24
s 1
f 77/77/25 78/78/25 79/79/25
s 0
f 77/77/25 79/79/25 80/80/25
s 1
f 81/81/26 82/82/26 83/83/26
f 81/81/26 83/83/26 84/84/26
f 85/85/27 86/86/28 87/87/27
f 85/85/27 87/87/27 88/88/27
s 0
f 89/89/29 90/90/29 91/91/29
f 89/89/29 91/91/29 92/92/29
f 93/93/30 94/94/30 95/95/30
f 93/93/30 95/95/30 96/96/30
s 1
f 97/97/31 98/98/32 99/99/32
f 97/97/31 99/99/32 100/100/32
f 101/101/33 102/102/33 103/103/33
f 101/101/33 103/103/33 104/104/33
f 105/105/34 106/106/34 107/107/34
f 105/105/34 107/107/34 108/108/34
f 109/109/35 110/110/35 111/111/35
f 109/109/35 111/111/35 112/112/35
f 113/113/36 114/114/37 115/115/36
f 113/113/36 115/115/36 116/116/37
f 117/117/38 118/118/38 119/119/38
f 117/117/38 119/119/38 120/120/38
f 121/121/39 122/122/39 123/123/39
f 121/121/39 123/123/39 124/124/39
f 125/125/40 126/126/40 127/127/41
f 125/125/40 127/127/41 128/128/40
s 0
f 129/129/42 130/130/42 131/131/42
f 129/129/42 131/131/42 132/132/42
f 133/133/43 134/134/43 135/135/43
f 133/133/44 135/135/44 136/136/44
s 1
f 137/137/45 138/138/46 139/139/45
f 137/137/45 139/139/45 140/140/46
f 141/141/47 142/142/47 143/143/47
f 141/141/47 143/143/47 144/144/47
s 0
f 145/145/48 146/146/48 147/147/48
f 145/145/48 147/147/48 148/148/48
f 149/149/49 150/150/49 151/151/49
f 149/149/49 151/151/49 152/152/49
s 1
f 153/153/50 154/154/51 155/155/50
f 153/153/50 155/155/50 156/156/50
f 157/157/52 158/158/52 159/159/52
f 157/157/52 159/159/52 160/160/52
f 161/161/53 162/162/53 163/163/53
f 161/161/53 163/163/53 164/164/53
f 165/165/54 166/166/55 167/167/54
f 165/165/54 167/167/54 168/168/54
f 169/169/56 170/170/56 171/171/56
f 169/169/56 171/171/56 172/172/56
f 173/173/57 174/174/57 175/175/58
f 173/173/57 175/175/58 176/176/59
f 177/177/60 178/178/60 179/179/61
f 177/177/60 179/179/61 180/180/60
f 181/181/62 182/182/62 183/183/63
f 181/181/62 183/183/63 184/184/62
f 185/185/64 186/186/64 187/187/64
f 185/185/64 187/187/64 188/188/64
f 189/189/65 190/190/65 191/191/65
f 189/189/65 191/191/65 192/192/65
f 193/193/66 194/194/67 195/195/68
f 193/193/66 195/195/68 196/196/66
f 197/197/69 198/198/69 199/199/69
f 197/197/69 199/199/69 200/200/69
s 0
f 201/201/70 202/202/70 203/203/70
f 201/201/70 203/203/70 204/204/70
f 205/205/71 206/206/71 207/207/71
f 205/205/71 207/207/71 208/208/71
s 1
f 209/209/72 210/210/72 211/211/72
f 209/209/72 211/211/72 212/212/72
f 213/213/73 214/214/73 215/215/73
f 213/213/73 215/215/73 216/216/73
s 0
f 217/217/74 218/218/74 219/219/74
f 217/217/74 219/219/74 220/220/74
f 221/221/75 222/222/75 223/223/75
f 221/221/75 223/223/75 224/224/75
s 1
f 225/225/76 226/226/76 227/227/76
f 225/225/76 227/227/76 228/228/77
f 229/229/78 230/230/78 231/231/78
f 229/229/78 231/231/78 232/232/78
f 233/233/79 234/234/80 235/235/80
f 233/233/79 235/235/80 236/236/80
f 237/237/81 238/238/81 239/239/81
f 237/237/81 239/239/81 240/240/81
f 241/241/82 242/242/82 243/243/82
f 241/241/82 243/243/82 244/244/83
f 245/245/84 246/246/84 247/247/84
f 245/245/84 247/247/84 248/248/84
f 249/249/85 250/250/85 251/251/85
f 249/249/85 251/251/85 252/252/85
f 253/253/86 254/254/87 255/255/88
f 253/253/86 255/255/88 256/256/87
f 257/257/89 258/258/89 259/259/89
f 257/257/89 259/259/89 260/260/89
f 261/261/90 262/262/90 263/263/90
f 261/261/90 263/263/90 264/264/90
f 265/265/91 266/266/92 267/267/91
f 265/265/91 267/267/91 268/268/91
f 269/269/93 270/270/93 271/271/93
f 269/269/93 271/271/93 272/272/93
f 273/273/94 274/274/94 275/275/94
f 273/273/94 275/275/94 276/276/94
f 277/277/95 278/278/95 279/279/95
f 277/277/95 279/279/95 280/280/95
f 281/281/96 282/282/97 283/283/97
f 281/281/96 283/283/97 284/284/97
f 285/285/98 286/286/98 287/287/98
f 285/285/98 287/287/98 288/288/98
f 289/289/99 290/290/99 291/291/99
f 289/289/99 291/291/99 292/292/99
f 293/293/100 294/294/101 295/295/100
f 293/293/100 295/295/100 296/296/101
f 297/297/102 298/298/102 299/299/102
f 297/297/102 299/299/102 300/300/102
f 301/301/103 302/302/104 303/303/103
f 301/301/103 303/303/103 304/304/103
f 305/305/105 306/306/105 307/307/105
f 305/305/105 307/307/105 308/308/105
f 309/309/106 310/310/106 311/311/107
f 309/309/106 311/311/107 312/312/106
f 313/313/108 314/314/108 315/315/108
f 313/313/108 315/315/108 316/316/108
f 317/317/109 318/318/109 319/319/109
f 317/317/109 319/319/109 320/320/109
f 321/321/110 322/322/110 323/323/110
f 321/321/110 323/323/110 324/324/111
f 325/325/112 326/326/112 327/327/112
f 325/325/112 327/327/112 328/328/112
f 329/329/113 330/330/113 331/331/113
s 0
f 329/329/113 331/331/113 332/332/113
f 333/333/114 334/334/114 335/335/114
f 333/333/114 335/335/114 336/336/114
s 1
f 337/337/115 338/338/115 339/339/115
f 337/337/115 339/339/115 340/340/115
f 341/341/116 342/342/116 343/343/116
f 341/341/116 343/343/116 344/344/116
s 0
f 345/345/30 346/346/30 347/347/30
f 345/345/30 347/347/30 348/348/30
f 349/349/29 350/350/29 351/351/29
f 349/349/29 351/351/29 352/352/29
s 1
f 353/353/117 354/354/118 355/355/118
f 353/353/117 355/355/118 356/356/118
f 357/357/119 358/358/119 359/359/119
f 357/357/119 359/359/119 360/360/119
f 361/361/120 362/362/120 363/363/120
f 361/361/120 363/363/120 364/364/120
f 365/365/121 366/366/121 367/367/121
f 365/365/121 367/367/121 368/368/121
f 369/369/122 370/370/123 371/371/122
f 369/369/122 371/371/122 372/372/122
f 373/373/124 374/374/124 375/375/124
f 373/373/124 375/375/124 376/376/124
f 377/377/125 378/378/125 379/379/125
f 377/377/125 379/379/125 380/380/125
f 381/381/126 382/382/126 383/383/126
f 381/381/126 383/383/126 384/384/126
f 385/385/127 386/386/127 387/387/127
f 385/385/127 387/387/127 388/388/127
f 389/389/128 390/390/128 391/391/128
f 389/389/128 391/391/128 392/392/128
f 393/393/129 394/394/129 395/395/129
f 393/393/129 395/395/129 396/396/129
f 397/397/130 398/398/130 399/399/130
f 397/397/130 399/399/130 400/400/131
f 401/401/132 402/402/133 403/403/133
f 401/401/132 403/403/133 404/404/133
f 405/405/134 406/406/134 407/407/135
f 405/405/134 407/407/135 408/408/134
f 409/409/136 410/410/137 411/411/137
f 409/409/136 411/411/137 412/412/137
f 413/413/138 414/414/138 415/415/138
f 413/413/138 415/415/138 416/416/138
f 417/417/139 418/418/139 419/419/139
f 417/417/139 419/419/139 420/420/140
f 421/421/141 422/422/141 423/423/141
f 421/421/141 423/423/141 424/424/141
s 0
f 425/425/142 426/426/142 427/427/142
f 425/425/142 427/427/142 428/428/142
f 429/429/143 430/430/143 431/431/143
s 1
f 429/429/143 431/431/143 432/432/143
f 433/433/144 434/434/144 435/435/144
f 433/433/144 435/435/144 436/436/144
f 437/437/145 438/438/145 439/439/145
f 437/437/145 439/439/145 440/440/145
s 0
f 441/441/75 442/442/75 443/443/75
f 441/441/75 443/443/75 444/444/75
f 445/445/74 446/446/74 447/447/74
f 445/445/74 447/447/74 448/448/74
f 449/449/146 450/450/146 451/451/146
f 449/449/146 451/451/146 452/452/146
f 453/453/147 454/454/147 455/455/147
f 453/453/147 455/455/147 456/456/147
s 1
f 457/457/148 458/458/149 459/459/150
f 457/457/148 459/459/150 460/460/151
f 461/461/152 462/462/153 463/463/154
f 461/461/152 463/463/154 464/464/153
s 0
f 465/465/155 466/466/155 467/467/155
f 465/465/155 467/467/155 468/468/155
f 469/469/156 470/470/156 471/471/156
f 469/469/156 471/471/156 472/472/156
s 1
f 473/473/157 474/474/157 475/475/157
f 473/473/157 475/475/157 476/476/158
f 477/477/159 478/478/159 479/479/160
f 477/477/159 479/479/160 480/480/161
f 481/481/162 482/482/162 483/483/162
f 481/481/162 483/483/162 484/484/162
f 485/485/163 486/486/163 487/487/163
f 485/485/163 487/487/163 488/488/163
f 489/489/164 490/490/165 491/491/165
f 489/489/164 491/491/165 492/492/165
f 493/493/166 494/494/167 495/495/167
f 493/493/166 495/495/167 496/496/166
s 0
f 497/497/168 498/498/168 499/499/168
f 497/497/168 499/499/168 500/500/168
f 501/501/169 502/502/169 503/503/169
f 501/501/169 503/503/169 504/504/169
s 1
f 505/505/170 506/506/171 507/507/170
f 505/505/170 507/507/170 508/508/170
f 509/509/172 510/510/172 511/511/172
f 509/509/172 511/511/172 512/512/172
s 0
f 513/513/173 514/514/173 515/515/173
f 513/513/173 515/515/173 516/516/173
f 517/517/174 518/518/174 519/519/174
f 517/517/174 519/519/174 520/520/174
s 1
f 521/521/175 522/522/175 523/523/175
f 521/521/175 523/523/175 524/524/175
f 525/525/176 526/526/177 527/527/176
f 525/525/176 527/527/176 528/528/176
s 0
f 529/529/178 530/530/178 531/531/178
f 529/529/178 531/531/178 532/532/178
f 533/533/179 534/534/179 535/535/179
f 533/533/179 535/535/179 536/536/179
s 1
f 537/537/180 538/538/180 539/539/180
f 537/537/180 539/539/180 540/540/180
f 541/541/181 542/542/181 543/543/181
f 541/541/181 543/543/181 544/544/181
s 0
f 545/545/182 546/546/182 547/547/182
f 545/545/182 547/547/182 548/548/182
f 549/549/183 550/550/183 551/551/183
f 549/549/183 551/551/183 552/552/183
s 1
f 553/553/184 554/554/184 555/555/184
f 553/553/184 555/555/184 556/556/184
f 557/557/185 558/558/185 559/559/185
f 557/557/185 559/559/185 560/560/185
f 561/561/186 562/562/186 563/563/186
s 0
f 561/561/186 563/563/186 564/564/186
f 565/565/187 566/566/187 567/567/187
f 565/565/187 567/567/187 568/568/187
s 1
f 569/569/188 570/570/188 571/571/188
f 569/569/188 571/571/188 572/572/188
f 573/573/189 574/574/189 575/575/189
f 573/573/189 575/575/189 576/576/189
f 577/577/190 578/578/191 579/579/190
f 577/577/190 579/579/190 580/580/191
f 581/581/192 582/582/192 583/583/192
f 581/581/192 583/583/192 584/584/192
f 585/585/193 586/586/193 587/587/193
f 585/585/193 587/587/193 588/588/194
f 589/589/195 590/590/195 591/591/195
f 589/589/195 591/591/195 592/592/195
s 0
f 593/593/196 594/594/196 595/595/196
f 593/593/196 595/595/196 596/596/196
f 597/597/197 598/598/197 599/599/197
f 597/597/197 599/599/197 600/600/197
s 1
f 601/601/198 602/602/198 603/603/198
f 601/601/198 603/603/198 604/604/198
f 605/605/199 606/606/200 607/607/201
f 605/605/199 607/607/201 608/608/201
s 0
f 609/609/202 610/610/202 611/611/202
f 609/609/202 611/611/202 612/612/202
f 613/613/203 614/614/203 615/615/203
f 613/613/203 615/615/203 616/616/203
s 1
f 617/617/204 618/618/204 619/619/205
f 617/617/204 619/619/205 620/620/205
f 621/621/206 622/622/207 623/623/207
f 621/621/206 623/623/207 624/624/206
s 0
f 625/625/208 626/626/208 627/627/208
f 625/625/208 627/627/208 628/628/208
f 629/629/209 630/630/209 631/631/209
f 629/629/209 631/631/209 632/632/209
s 1
f 633/633/210 634/634/211 635/635/211
f 633/633/210 635/635/211 636/636/210
f 637/637/212 638/638/212 639/639/213
f 637/637/212 639/639/213 640/640/212
f 641/641/214 642/642/214 643/643/214
f 641/641/214 643/643/214 644/644/214
f 645/645/215 646/646/215 647/647/215
f 645/645/215 647/647/215 648/648/215
f 649/649/216 650/650/217 651/651/217
f 649/649/216 651/651/217 652/652/217
f 653/653/218 654/654/218 655/655/218
f 653/653/218 655/655/218 656/656/218
s 0
f 657/657/219 658/658/219 659/659/219
f 657/657/219 659/659/219 660/660/219
f 661/661/220 662/662/220 663/663/220
f 661/661/220 663/663/220 664/664/220
s 1
f 665/665/221 666/666/222 667/667/222
f 665/665/221 667/667/222 668/668/221
f 669/669/223 670/670/223 671/671/223
f 669/669/223 671/671/223 672/672/223
s 0
f 673/673/224 674/674/224 675/675/224
f 673/673/224 675/675/224 676/676/224
f 677/677/225 678/678/225 679/679/225
f 677/677/225 679/679/225 680/680/225
s 1
f 681/681/226 682/682/226 683/683/226
f 681/681/226 683/683/226 684/684/226
f 685/685/227 686/686/228 687/687/227
f 685/685/227 687/687/227 688/688/227
s 0
f 689/689/229 690/690/229 691/691/229
f 689/689/229 691/691/229 692/692/229
f 693/693/230 694/694/230 695/695/230
f 693/693/230 695/695/230 696/696/230
s 1
f 697/697/231 698/698/231 699/699/231
f 697/697/231 699/699/231 700/700/231
f 701/701/232 702/702/232 703/703/232
f 701/701/232 703/703/232 704/704/232
f 705/705/233 706/706/233 707/707/233
f 705/705/233 707/707/233 708/708/233
f 709/709/234 710/710/234 711/711/235
f 709/709/234 711/711/235 712/712/234
f 713/713/236 714/714/237 715/715/237
f 713/713/236 715/715/237 716/716/237
f 717/717/238 718/718/238 719/719/238
f 717/717/238 719/719/238 720/720/239
s 0
f 721/721/240 722/722/240 723/723/240
f 721/721/240 723/723/240 724/724/240
f 725/725/241 726/726/241 727/727/241
s 1
f 725/725/241 727/727/241 728/728/241
f 729/729/242 730/730/242 731/731/242
f 729/729/242 731/731/242 732/732/242
f 733/733/243 734/734/244 735/735/243
f 733/733/243 735/735/243 736/736/243
f 737/737/245 738/738/245 739/739/245
f 737/737/245 739/739/245 740/740/246
f 741/741/247 742/742/247 743/743/247
f 741/741/247 743/743/247 744/744/247
f 745/745/248 746/746/249 747/747/249
f 745/745/248 747/747/249 748/748/249
f 749/749/250 750/750/250 751/751/250
f 749/749/250 751/751/250 752/752/250
s 0
f 753/753/251 754/754/251 755/755/251
f 753/753/251 755/755/251 756/756/251
f 757/757/252 758/758/252 759/759/252
f 757/757/252 759/759/252 760/760/252
s 1
f 761/761/253 762/762/253 763/763/253
f 761/761/253 763/763/253 764/764/253
f 765/765/254 766/766/254 767/767/254
f 765/765/254 767/767/254 768/768/254
s 0
f 769/769/255 770/770/255 771/771/255
f 769/769/255 771/771/255 772/772/255
f 773/773/256 774/774/256 775/775/256
f 773/773/256 775/775/256 776/776/256
s 1
f 777/777/257 778/778/258 779/779/257
f 777/777/257 779/779/257 780/780/257
f 781/781/259 782/782/260 783/783/259
f 781/781/259 783/783/259 784/784/259
s 0
f 785/785/261 786/786/261 787/787/261
f 785/785/261 787/787/261 788/788/261
f 789/789/262 790/790/262 791/791/262
f 789/789/262 791/791/262 792/792/262
s 1
f 793/793/263 794/794/264 795/795/264
f 793/793/263 795/795/264 796/796/264
f 797/797/265 798/798/265 799/799/266
f 797/797/265 799/799/266 800/800/265
f 801/801/267 802/802/267 803/803/267
f 801/801/267 803/803/267 804/804/267
f 805/805/268 806/806/268 807/807/268
f 805/805/268 807/807/268 808/808/268
f 809/809/269 810/810/269 811/811/269
f 809/809/269 811/811/269 812/812/269
f 813/813/270 814/814/271 815/815/271
f 813/813/270 815/815/271 816/816/272
s 0
f 817/817/273 818/818/273 819/819/273
f 817/817/273 819/819/273 820/820/273
f 821/821/274 822/822/274 823/823/274
f 821/821/274 823/823/274 824/824/274
s 1
f 825/825/275 826/826/276 827/827/275
f 825/825/275 827/827/275 828/828/275
f 829/829/277 830/830/277 831/831/277
f 829/829/277 831/831/277 832/832/277
f 833/833/278 834/834/278 835/835/278
f 833/833/278 835/835/278 836/836/278
f 837/837/279 838/838/279 839/839/279
f 837/837/279 839/839/279 840/840/279
f 841/841/280 842/842/280 843/843/280
f 841/841/280 843/843/280 844/844/280
f 845/845/281 846/846/281 847/847/281
f 845/845/281 847/847/281 848/848/281
s 0
f 849/849/282 850/850/282 851/851/282
f 849/849/282 851/851/282 852/852/282
f 853/853/283 854/854/283 855/855/283
f 853/853/283 855/855/283 856/856/283
s 1
f 857/857/284 858/858/284 859/859/284
f 857/857/284 859/859/284 860/860/284
f 861/861/285 862/862/285 863/863/285
f 861/861/285 863/863/285 864/864/285
s 0
f 865/865/286 866/866/286 867/867/286
f 865/865/286 867/867/286 868/868/286
f 869/869/287 870/870/287 871/871/287
f 869/869/287 871/871/287 872/872/287
s 1
f 873/873/288 874/874/288 875/875/288
f 873/873/288 875/875/288 876/876/288
f 877/877/289 878/878/290 879/879/289
f 877/877/289 879/879/289 880/880/289
s 0
f 881/881/291 882/882/291 883/883/291
f 881/881/291 883/883/291 884/884/291
f 885/885/292 886/886/292 887/887/292
f 885/885/292 887/887/292 888/888/292
s 1
f 889/889/293 890/890/293 891/891/293
f 889/889/293 891/891/293 892/892/293
f 893/893/294 894/894/294 895/895/294
f 893/893/294 895/895/294 896/896/294
f 897/897/295 898/898/295 899/899/295
f 897/897/295 899/899/295 900/900/296
f 901/901/297 902/902/297 903/903/298
f 901/901/297 903/903/298 904/904/297
f 905/905/299 906/906/299 907/907/299
f 905/905/299 907/907/299 908/908/300
f 909/909/301 910/910/301 911/911/301
f 909/909/301 911/911/301 912/912/302
s 0
f 913/913/303 914/914/303 915/915/303
f 913/913/303 915/915/303 916/916/303
f 917/917/304 918/918/304 919/919/304
f 917/917/304 919/919/304 920/920/304
s 1
f 921/921/305 922/922/306 923/923/306
f 921/921/305 923/923/306 924/924/305
f 925/925/307 926/926/308 927/927/309
f 925/925/307 927/927/309 928/928/309
s 0
f 929/929/310 930/930/310 931/931/310
f 929/929/310 931/931/310 932/932/310
f 933/933/311 934/934/311 935/935/311
f 933/933/311 935/935/311 936/936/311
s 1
f 937/937/312 938/938/313 939/939/312
f 937/937/312 939/939/312 940/940/314
f 941/941/315 942/942/316 943/943/316
f 941/941/315 943/943/316 944/944/317
s 0
f 945/945/318 946/946/318 947/947/318
f 945/945/318 947/947/318 948/948/318
f 949/949/319 950/950/319 951/951/319
s 1
f 949/949/319 951/951/319 952/952/319
f 953/953/320 954/954/320 955/955/320
f 953/953/320 955/955/320 956/956/320
f 957/957/321 958/958/321 959/959/321
f 957/957/321 959/959/321 960/960/321
s 0
f 961/961/322 962/962/322 963/963/322
f 961/961/322 963/963/322 964/964/322
f 965/965/323 966/966/323 967/967/323
f 965/965/323 967/967/323 968/968/323
s 1
f 969/969/324 970/970/324 971/971/324
f 969/969/324 971/971/324 972/972/324
f 973/973/325 974/974/326 975/975/325
f 973/973/325 975/975/325 976/976/325
s 0
f 977/977/327 978/978/327 979/979/327
f 977/977/327 979/979/327 980/980/327
f 981/981/328 982/982/328 983/983/328
f 981/981/328 983/983/328 984/984/328
s 1
f 985/985/329 986/986/329 987/987/329
f 985/985/329 987/987/329 988/988/329
f 989/989/330 990/990/331 991/991/331
f 989/989/330 991/991/331 992/992/332
s 0
f 993/993/333 994/994/333 995/995/333
f 993/993/333 995/995/333 996/996/333
f 997/997/334 998/998/334 999/999/334
f 997/997/334 999/999/334 1000/1000/334
s 1
f 1001/1001/335 1002/1002/335 1003/1003/335
f 1001/1001/335 1003/1003/335 1004/1004/335
f 1005/1005/336 1006/1006/336 1007/1007/337
f 1005/1005/336 1007/1007/337 1008/1008/336
s 0
f 1009/1009/338 1010/1010/338 1011/1011/338
f 1009/1009/338 1011/1011/338 1012/1012/338
f 1013/1013/339 1014/1014/339 1015/1015/339
f 1013/1013/339 1015/1015/339 1016/1016/339
s 1
f 1017/1017/340 1018/1018/340 1019/1019/340
f 1017/1017/340 1019/1019/340 1020/1020/340
f 1021/1021/341 1022/1022/341 1023/1023/342
f 1021/1021/341 1023/1023/342 1024/1024/341
s 0
f 1025/1025/343 1026/1026/343 1027/1027/343
f 1025/1025/343 1027/1027/343 1028/1028/343
f 1029/1029/344 1030/1030/344 1031/1031/344
f 1029/1029/344 1031/1031/344 1032/1032/344
s 1
f 1033/1033/345 1034/1034/345 1035/1035/345
f 1033/1033/345 1035/1035/345 1036/1036/345
f 1037/1037/346 1038/1038/347 1039/1039/346
f 1037/1037/346 1039/1039/346 1040/1040/346
s 0
f 1041/1041/348 1042/1042/348 1043/1043/348
f 1041/1041/348 1043/1043/348 1044/1044/348
f 1045/1045/349 1046/1046/349 1047/1047/349
f 1045/1045/349 1047/1047/349 1048/1048/349
s 1
f 1049/1049/350 1050/1050/350 1051/1051/350
f 1049/1049/350 1051/1051/350 1052/1052/351
f 1053/1053/352 1054/1054/353 1055/1055/353
f 1053/1053/352 1055/1055/353 1056/1056/352
s 0
f 1057/1057/354 1058/1058/354 1059/1059/354
f 1057/1057/355 1059/1059/355 1060/1060/355
f 1061/1061/356 1062/1062/356 1063/1063/356
f 1061/1061/356 1063/1063/356 1064/1064/356
s 1
f 1065/1065/357 1066/1066/357 1067/1067/357
f 1065/1065/357 1067/1067/357 1068/1068/358
f 1069/1069/359 1070/1070/359 1071/1071/360
f 1069/1069/359 1071/1071/360 1072/1072/359
s 0
f 1073/1073/361 1074/1074/361 1075/1075/361
f 1073/1073/361 1075/1075/361 1076/1076/361
f 1077/1077/362 1078/1078/362 1079/1079/362
f 1077/1077/362 1079/1079/362 1080/1080/362
s 1
f 1081/1081/363 1082/1082/363 1083/1083/363
f 1081/1081/363 1083/1083/363 1084/1084/363
f 1085/1085/364 1086/1086/365 1087/1087/364
f 1085/1085/364 1087/1087/364 1088/1088/365
s 0
f 1089/1089/366 1090/1090/366 1091/1091/366
f 1089/1089/367 1091/1091/367 1092/1092/367
f 1093/1093/368 1094/1094/368 1095/1095/368
f 1093/1093/368 1095/1095/368 1096/1096/368
s 1
f 1097/1097/369 1098/1098/369 1099/1099/369
f 1097/1097/369 1099/1099/369 1100/1100/369
f 1101/1101/370 1102/1102/370 1103/1103/371
f 1101/1101/370 1103/1103/371 1104/1104/370
s 0
f 1105/1105/372 1106/1106/372 1107/1107/372
s 1
f 1105/1105/373 1107/1107/373 1108/1108/373
s 0
f 1109/1109/374 1110/1110/374 1111/1111/374
f 1109/1109/374 1111/1111/374 1112/1112/374
s 1
f 1113/1113/375 1114/1114/375 1115/1115/375
f 1113/1113/375 1115/1115/375 1116/1116/375
f 1117/1117/376 1118/1118/377 1119/1119/377
f 1117/1117/376 1119/1119/377 1120/1120/376
s 0
f 1121/1121/378 1122/1122/378 1123/1123/378
f 1121/1121/379 1123/1123/379 1124/1124/379
f 1125/1125/380 1126/1126/380 1127/1127/380
f 1125/1125/380 1127/1127/380 1128/1128/380
s 1
f 1129/1129/381 1130/1130/381 1131/1131/381
f 1129/1129/381 1131/1131/381 1132/1132/381
f 1133/1133/382 1134/1134/383 1135/1135/382
f 1133/1133/382 1135/1135/382 1136/1136/382
s 0
f 1137/1137/384 1138/1138/384 1139/1139/384
f 1137/1137/385 1139/1139/385 1140/1140/385
f 1141/1141/386 1142/1142/386 1143/1143/386
f 1141/1141/386 1143/1143/386 1144/1144/386
s 1
f 1145/1145/387 1146/1146/387 1147/1147/387
f 1145/1145/387 1147/1147/387 1148/1148/387
f 1149/1149/388 1150/1150/388 1151/1151/388
f 1149/1149/388 1151/1151/388 1152/1152/389
s 0
f 1153/1153/390 1154/1154/390 1155/1155/390
f 1153/1153/390 1155/1155/390 1156/1156/390
f 1157/1157/391 1158/1158/391 1159/1159/391
f 1157/1157/391 1159/1159/391 1160/1160/391
s 1
f 1161/1161/392 1162/1162/392 1163/1163/392
f 1161/1161/392 1163/1163/392 1164/1164/392
f 1165/1165/393 1166/1166/393 1167/1167/394
f 1165/1165/393 1167/1167/394 1168/1168/393
s 0
f 1169/1169/395 1170/1170/395 1171/1171/395
f 1169/1169/395 1171/1171/395 1172/1172/395
f 1173/1173/396 1174/1174/396 1175/1175/396
s 1
f 1173/1173/396 1175/1175/396 1176/1176/396
f 1177/1177/397 1178/1178/397 1179/1179/397
f 1177/1177/397 1179/1179/397 1180/1180/398
f 1181/1181/399 1182/1182/400 1183/1183/400
f 1181/1181/399 1183/1183/400 1184/1184/400
s 0
f 1185/1185/401 1186/1186/401 1187/1187/401
f 1185/1185/402 1187/1187/402 1188/1188/402
f 1189/1189/403 1190/1190/403 1191/1191/403
f 1189/1189/403 1191/1191/403 1192/1192/403
s 1
f 1193/1193/404 1194/1194/404 1195/1195/404
f 1193/1193/404 1195/1195/404 1196/1196/404
f 1197/1197/405 1198/1198/406 1199/1199/406
f 1197/1197/405 1199/1199/406 1200/1200/407
s 0
f 1201/1201/408 1202/1202/408 1203/1203/408
f 1201/1201/408 1203/1203/408 1204/1204/408
f 1205/1205/409 1206/1206/409 1207/1207/409
f 1205/1205/410 1207/1207/410 1208/1208/410
s 1
f 1209/1209/411 1210/1210/411 1211/1211/412
f 1209/1209/411 1211/1211/412 1212/1212/411
f 1213/1213/413 1214/1214/414 1215/1215/414
f 1213/1213/413 1215/1215/414 1216/1216/414
f 1217/1217/415 1218/1218/415 1219/1219/415
s 0
f 1217/1217/416 1219/1219/416 1220/1220/416
f 1221/1221/417 1222/1222/417 1223/1223/417
f 1221/1221/417 1223/1223/417 1224/1224/417
s 1
f 1225/1225/418 1226/1226/418 1227/1227/418
f 1225/1225/418 1227/1227/418 1228/1228/418
f 1229/1229/419 1230/1230/419 1231/1231/420
f 1229/1229/419 1231/1231/420 1232/1232/419
s 0
f 1233/1233/421 1234/1234/421 1235/1235/421
f 1233/1233/421 1235/1235/421 1236/1236/421
f 1237/1237/422 1238/1238/422 1239/1239/422
f 1237/1237/422 1239/1239/422 1240/1240/422
s 1
f 1241/1241/423 1242/1242/423 1243/1243/423
f 1241/1241/423 1243/1243/423 1244/1244/423
f 1245/1245/424 1246/1246/425 1247/1247/426
f 1245/1245/424 1247/1247/426 1248/1248/425
s 0
f 1249/1249/427 1250/1250/427 1251/1251/427
f 1249/1249/427 1251/1251/427 1252/1252/427
f 1253/1253/428 1254/1254/428 1255/1255/428
f 1253/1253/428 1255/1255/428 1256/1256/428
s 1
f 1257/1257/429 1258/1258/429 1259/1259/429
f 1257/1257/429 1259/1259/429 1260/1260/429
f 1261/1261/430 1262/1262/431 1263/1263/430
f 1261/1261/430 1263/1263/430 1264/1264/430
s 0
f 1265/1265/432 1266/1266/432 1267/1267/432
f 1265/1265/433 1267/1267/433 1268/1268/433
f 1269/1269/434 1270/1270/434 1271/1271/434
f 1269/1269/434 1271/1271/434 1272/1272/434
s 1
f 1273/1273/435 1274/1274/435 1275/1275/435
f 1273/1273/435 1275/1275/435 1276/1276/435
f 1277/1277/436 1278/1278/436 1279/1279/437
f 1277/1277/436 1279/1279/437 1280/1280/438
s 0
f 1281/1281/439 1282/1282/439 1283/1283/439
f 1281/1281/439 1283/1283/439 1284/1284/439
f 1285/1285/440 1286/1286/440 1287/1287/440
f 1285/1285/440 1287/1287/440 1288/1288/440
s 1
f 1289/1289/441 1290/1290/441 1291/1291/441
f 1289/1289/441 1291/1291/441 1292/1292/441
f 1293/1293/442 1294/1294/442 1295/1295/443
f 1293/1293/442 1295/1295/443 1296/1296/442
s 0
f 1297/1297/444 1298/1298/444 1299/1299/444
f 1297/1297/444 1299/1299/444 1300/1300/444
f 1301/1301/445 1302/1302/445 1303/1303/445
f 1301/1301/445 1303/1303/445 1304/1304/445
s 1
f 1305/1305/446 1306/1306/446 1307/1307/446
f 1305/1305/446 1307/1307/446 1308/1308/446
f 1309/1309/447 1310/1310/447 1311/1311/447
f 1309/1309/447 1311/1311/447 1312/1312/448
s 0
f 1313/1313/449 1314/1314/449 1315/1315/449
f 1313/1313/449 1315/1315/449 1316/1316/449
f 1317/1317/450 1318/1318/450 1319/1319/450
f 1317/1317/450 1319/1319/450 1320/1320/450
s 1
f 1321/1321/451 1322/1322/451 1323/1323/451
f 1321/1321/451 1323/1323/451 1324/1324/451
f 1325/1325/452 1326/1326/452 1327/1327/453
f 1325/1325/452 1327/1327/453 1328/1328/452
s 0
f 1329/1329/454 1330/1330/454 1331/1331/454
f 1329/1329/455 1331/1331/455 1332/1332/455
f 1333/1333/456 1334/1334/456 1335/1335/456
f 1333/1333/456 1335/1335/456 1336/1336/456
s 1
f 1337/1337/457 1338/1338/457 1339/1339/457
f 1337/1337/457 1339/1339/457 1340/1340/457
f 1341/1341/458 1342/1342/459 1343/1343/459
f 1341/1341/458 1343/1343/459 1344/1344/458
s 0
f 1345/1345/460 1346/1346/460 1347/1347/460
f 1345/1345/461 1347/1347/461 1348/1348/461
f 1349/1349/462 1350/1350/462 1351/1351/462
f 1349/1349/462 1351/1351/462 1352/1352/462
s 1
f 1353/1353/463 1354/1354/463 1355/1355/463
f 1353/1353/463 1355/1355/463 1356/1356/463
f 1357/1357/464 1358/1358/465 1359/1359/465
f 1357/1357/464 1359/1359/465 1360/1360/464
s 0
f 1361/1361/466 1362/1362/466 1363/1363/466
f 1361/1361/467 1363/1363/467 1364/1364/467
f 1365/1365/468 1366/1366/468 1367/1367/468
f 1365/1365/468 1367/1367/468 1368/1368/468
s 1
f 1369/1369/469 1370/1370/469 1371/1371/469
f 1369/1369/469 1371/1371/469 1372/1372/469
f 1373/1373/470 1374/1374/471 1375/1375/471
f 1373/1373/470 1375/1375/471 1376/1376/471
s 0
f 1377/1377/472 1378/1378/472 1379/1379/472
f 1377/1377/472 1379/1379/472 1380/1380/472
f 1381/1381/473 1382/1382/473 1383/1383/473
f 1381/1381/473 1383/1383/473 1384/1384/473
s 1
f 1385/1385/474 1386/1386/474 1387/1387/474
f 1385/1385/474 1387/1387/474 1388/1388/474
f 1389/1389/475 1390/1390/475 1391/1391/476
f 1389/1389/475 1391/1391/476 1392/1392/475
s 0
f 1393/1393/477 1394/1394/477 1395/1395/477
f 1393/1393/477 1395/1395/477 1396/1396/477
f 1397/1397/478 1398/1398/478 1399/1399/478
f 1397/1397/478 1399/1399/478 1400/1400/478
s 1
f 1401/1401/479 1402/1402/479 1403/1403/479
f 1401/1401/479 1403/1403/479 1404/1404/479
f 1405/1405/480 1406/1406/480 1407/1407/480
f 1405/1405/480 1407/1407/480 1408/1408/481
s 0
f 1409/1409/482 1410/1410/482 1411/1411/482
f 1409/1409/482 1411/1411/482 1412/1412/482
f 1413/1413/483 1414/1414/483 1415/1415/483
f 1413/1413/483 1415/1415/483 1416/1416/483
s 1
f 1417/1417/484 1418/1418/484 1419/1419/484
f 1417/1417/484 1419/1419/484 1420/1420/484
f 1421/1421/485 1422/1422/486 1423/1423/487
f 1421/1421/485 1423/1423/487 1424/1424/486
s 0
f 1425/1425/488 1426/1426/488 1427/1427/488
f 1425/1425/488 1427/1427/488 1428/1428/488
f 1429/1429/489 1430/1430/489 1431/1431/489
f 1429/1429/490 1431/1431/490 1432/1432/490
s 1
f 1433/1433/491 1434/1434/492 1435/1435/491
f 1433/1433/491 1435/1435/491 1436/1436/491
f 1437/1437/493 1438/1438/494 1439/1439/494
f 1437/1437/493 1439/1439/494 1440/1440/494
s 0
f 1441/1441/495 1442/1442/495 1443/1443/495
f 1441/1441/496 1443/1443/496 1444/1444/496
f 1445/1445/497 1446/1446/497 1447/1447/497
f 1445/1445/497 1447/1447/497 1448/1448/497
s 1
f 1449/1449/498 1450/1450/498 1451/1451/498
f 1449/1449/498 1451/1451/498 1452/1452/498
f 1453/1453/499 1454/1454/500 1455/1455/499
f 1453/1453/499 1455/1455/499 1456/1456/499
s 0
f 1457/1457/501 1458/1458/501 1459/1459/501
f 1457/1457/501 1459/1459/501 1460/1460/501
f 1461/1461/502 1462/1462/502 1463/1463/502
f 1461/1461/503 1463/1463/503 1464/1464/503
s 1
f 1465/1465/504 1466/1466/504 1467/1467/504
f 1465/1465/504 1467/1467/504 1468/1468/505
f 1469/1469/506 1470/1470/507 1471/1471/507
f 1469/1469/506 1471/1471/507 1472/1472/507
s 0
f 1473/1473/508 1474/1474/508 1475/1475/508
f 1473/1473/508 1475/1475/508 1476/1476/508
f 1477/1477/509 1478/1478/509 1479/1479/509
f 1477/1477/509 1479/1479/509 1480/1480/509
s 1
f 1481/1481/510 1482/1482/510 1483/1483/510
f 1481/1481/510 1483/1483/510 1484/1484/510
f 1485/1485/511 1486/1486/511 1487/1487/511
f 1485/1485/511 1487/1487/511 1488/1488/511
s 0
f 1489/1489/512 1490/1490/512 1491/1491/512
f 1489/1489/512 1491/1491/512 1492/1492/512
f 1493/1493/513 1494/1494/513 1495/1495/513
f 1493/1493/513 1495/1495/513 1496/1496/513
s 1
f 1497/1497/514 1498/1498/514 1499/1499/514
f 1497/1497/514 1499/1499/514 1500/1500/514
f 1501/1501/515 1502/1502/515 1503/1503/515
f 1501/1501/515 1503/1503/515 1504/1504/515
s 0
f 1505/1505/516 1506/1506/516 1507/1507/516
f 1505/1505/516 1507/1507/516 1508/1508/516
f 1509/1509/517 1510/1510/517 1511/1511/517
f 1509/1509/517 1511/1511/517 1512/1512/517
s 1
f 1513/1513/518 1514/1514/519 1515/1515/518
f 1513/1513/518 1515/1515/518 1516/1516/519
f 1517/1517/520 1518/1518/520 1519/1519/520
f 1517/1517/520 1519/1519/520 1520/1520/520
s 0
f 1521/1521/521 1522/1522/521 1523/1523/521
f 1521/1521/521 1523/1523/521 1524/1524/521
f 1525/1525/522 1526/1526/522 1527/1527/522
f 1525/1525/522 1527/1527/522 1528/1528/522
s 1
f 1529/1529/523 1530/1530/523 1531/1531/523
f 1529/1529/523 1531/1531/523 1532/1532/523
f 1533/1533/524 1534/1534/524 1535/1535/524
f 1533/1533/524 1535/1535/524 1536/1536/524
s 0
f 1537/1537/525 1538/1538/525 1539/1539/525
f 1537/1537/525 1539/1539/525 1540/1540/525
f 1541/1541/526 1542/1542/526 1543/1543/526
f 1541/1541/526 1543/1543/526 1544/1544/526
s 1
f 1545/1545/527 1546/1546/528 1547/1547/527
f 1545/1545/527 1547/1547/527 1548/1548/528
f 1549/1549/529 1550/1550/529 1551/1551/529
f 1549/1549/529 1551/1551/529 1552/1552/529
s 0
f 1553/1553/522 1554/1554/522 1555/1555/522
f 1553/1553/522 1555/1555/522 1556/1556/522
f 1557/1557/521 1558/1558/521 1559/1559/521
f 1557/1557/521 1559/1559/521 1560/1560/521
s 1
f 1561/1561/530 1562/1562/530 1563/1563/530
f 1561/1561/530 1563/1563/530 1564/1564/530
f 1565/1565/531 1566/1566/531 1567/1567/531
f 1565/1565/531 1567/1567/531 1568/1568/531
s 0
f 1569/1569/532 1570/1570/532 1571/1571/532
f 1569/1569/533 1571/1571/533 1572/1572/533
f 1573/1573/534 1574/1574/534 1575/1575/534
f 1573/1573/534 1575/1575/534 1576/1576/534
s 1
f 1577/1577/535 1578/1578/536 1579/1579/535
f 1577/1577/535 1579/1579/535 1580/1580/535
f 1581/1581/537 1582/1582/537 1583/1583/537
f 1581/1581/537 1583/1583/537 1584/1584/537
s 0
f 1585/1585/538 1586/1586/538 1587/1587/538
f 1585/1585/538 1587/1587/538 1588/1588/538
f 1589/1589/539 1590/1590/539 1591/1591/539
f 1589/1589/539 1591/1591/539 1592/1592/539
s 1
f 1593/1593/540 1594/1594/541 1595/1595/541
f 1593/1593/540 1595/1595/541 1596/1596/541
f 1597/1597/542 1598/1598/542 1599/1599/542
f 1597/1597/542 1599/1599/542 1600/1600/543
s 0
f 1601/1601/544 1602/1602/544 1603/1603/544
f 1601/1601/545 1603/1603/545 1604/1604/545
f 1605/1605/546 1606/1606/546 1607/1607/546
s 1
f 1605/1605/546 1607/1607/546 1608/1608/546
f 1609/1609/547 1610/1610/548 1611/1611/547
f 1609/1609/547 1611/1611/547 1612/1612/547
f 1613/1613/549 1614/1614/549 1615/1615/549
f 1613/1613/549 1615/1615/549 1616/1616/549
s 0
f 1617/1617/539 1618/1618/539 1619/1619/539
f 1617/1617/539 1619/1619/539 1620/1620/539
f 1621/1621/538 1622/1622/538 1623/1623/538
f 1621/1621/538 1623/1623/538 1624/1624/538
s 1
f 1625/1625/550 1626/1626/551 1627/1627/551
f 1625/1625/550 1627/1627/551 1628/1628/551
f 1629/1629/552 1630/1630/552 1631/1631/552
f 1629/1629/552 1631/1631/552 1632/1632/553
s 0
f 1633/1633/554 1634/1634/554 1635/1635/554
f 1633/1633/554 1635/1635/554 1636/1636/554
f 1637/1637/555 1638/1638/555 1639/1639/555
f 1637/1637/555 1639/1639/555 1640/1640/555
s 1
f 1641/1641/556 1642/1642/557 1643/1643/556
f 1641/1641/556 1643/1643/556 1644/1644/556
f 1645/1645/558 1646/1646/559 1647/1647/558
f 1645/1645/558 1647/1647/558 1648/1648/559
s 0
f 1649/1649/75 1650/1650/75 1651/1651/75
f 1649/1649/75 1651/1651/75 1652/1652/75
f 1653/1653/74 1654/1654/74 1655/1655/74
f 1653/1653/74 1655/1655/74 1656/1656/74
s 1
f 1657/1657/560 1658/1658/561 1659/1659/562
f 1657/1657/560 1659/1659/562 1660/1660/560
f 1661/1661/563 1662/1662/563 1663/1663/563
f 1661/1661/563 1663/1663/563 1664/1664/564
s 0
f 1665/1665/565 1666/1666/565 1667/1667/565
f 1665/1665/566 1667/1667/566 1668/1668/566
f 1669/1669/567 1670/1670/567 1671/1671/567
f 1669/1669/567 1671/1671/567 1672/1672/567
s 1
f 1673/1673/568 1674/1674/568 1675/1675/568
f 1673/1673/568 1675/1675/568 1676/1676/568
f 1677/1677/569 1678/1678/569 1679/1679/569
f 1677/1677/569 1679/1679/569 1680/1680/569
s 0
f 1681/1681/570 1682/1682/570 1683/1683/570
f 1681/1681/570 1683/1683/570 1684/1684/570
f 1685/1685/571 1686/1686/571 1687/1687/571
f 1685/1685/571 1687/1687/571 1688/1688/571
s 1
f 1689/1689/572 1690/1690/572 1691/1691/572
f 1689/1689/572 1691/1691/572 1692/1692/572
f 1693/1693/573 1694/1694/573 1695/1695/573
f 1693/1693/573 1695/1695/573 1696/1696/573
s 0
f 1697/1697/574 1698/1698/574 1699/1699/574
f 1697/1697/574 1699/1699/574 1700/1700/574
f 1701/1701/575 1702/1702/575 1703/1703/575
f 1701/1701/575 1703/1703/575 1704/1704/575
s 1
f 1705/1705/576 1706/1706/576 1707/1707/577
f 1705/1705/576 1707/1707/577 1708/1708/577
f 1709/1709/578 1710/1710/578 1711/1711/579
f 1709/1709/578 1711/1711/579 1712/1712/578
s 0
f 1713/1713/74 1714/1714/74 1715/1715/74
f 1713/1713/74 1715/1715/74 1716/1716/74
f 1717/1717/75 1718/1718/75 1719/1719/75
f 1717/1717/75 1719/1719/75 1720/1720/75
s 1
f 1721/1721/580 1722/1722/581 1723/1723/580
f 1721/1721/580 1723/1723/580 1724/1724/582
f 1725/1725/583 1726/1726/583 1727/1727/583
f 1725/1725/583 1727/1727/583 1728/1728/584
s 0
f 1729/1729/585 1730/1730/585 1731/1731/585
f 1729/1729/585 1731/1731/585 1732/1732/585
f 1733/1733/586 1734/1734/586 1735/1735/586
f 1733/1733/586 1735/1735/586 1736/1736/586
s 1
f 1737/1737/587 1738/1738/587 1739/1739/587
f 1737/1737/587 1739/1739/587 1740/1740/587
f 1741/1741/588 1742/1742/588 1743/1743/588
f 1741/1741/588 1743/1743/588 1744/1744/588
s 0
f 1745/1745/571 1746/1746/571 1747/1747/571
f 1745/1745/571 1747/1747/571 1748/1748/571
f 1749/1749/570 1750/1750/570 1751/1751/570
f 1749/1749/570 1751/1751/570 1752/1752/570
s 1
f 1753/1753/589 1754/1754/589 1755/1755/589
f 1753/1753/589 1755/1755/589 1756/1756/589
f 1757/1757/590 1758/1758/590 1759/1759/590
f 1757/1757/590 1759/1759/590 1760/1760/590
s 0
f 1761/1761/591 1762/1762/591 1763/1763/591
f 1761/1761/591 1763/1763/591 1764/1764/591
f 1765/1765/592 1766/1766/592 1767/1767/592
f 1765/1765/592 1767/1767/592 1768/1768/592
s 1
f 1769/1769/593 1770/1770/594 1771/1771/593
f 1769/1769/593 1771/1771/593 1772/1772/594
f 1773/1773/595 1774/1774/595 1775/1775/595
f 1773/1773/595 1775/1775/595 1776/1776/595
s 0
f 1777/1777/596 1778/1778/596 1779/1779/596
f 1777/1777/596 1779/1779/596 1780/1780/596
f 1781/1781/597 1782/1782/597 1783/1783/597
f 1781/1781/597 1783/1783/597 1784/1784/597
s 1
f 1785/1785/598 1786/1786/598 1787/1787/598
f 1785/1785/598 1787/1787/598 1788/1788/598
f 1789/1789/599 1790/1790/599 1791/1791/599
f 1789/1789/599 1791/1791/599 1792/1792/599
s 0
f 1793/1793/600 1794/1794/600 1795/1795/600
f 1793/1793/600 1795/1795/600 1796/1796/600
f 1797/1797/601 1798/1798/601 1799/1799/601
f 1797/1797/601 1799/1799/601 1800/1800/601
s 1
f 1801/1801/602 1802/1802/603 1803/1803/602
f 1801/1801/602 1803/1803/602 1804/1804/603
f 1805/1805/604 1806/1806/604 1807/1807/604
f 1805/1805/604 1807/1807/604 1808/1808/604
s 0
f 1809/1809/597 1810/1810/597 1811/1811/597
f 1809/1809/597 1811/1811/597 1812/1812/597
f 1813/1813/596 1814/1814/596 1815/1815/596
f 1813/1813/596 1815/1815/596 1816/1816/596
s 1
f 1817/1817/605 1818/1818/605 1819/1819/605
f 1817/1817/605 1819/1819/605 1820/1820/605
f 1821/1821/606 1822/1822/606 1823/1823/606
f 1821/1821/606 1823/1823/606 1824/1824/606
s 0
f 1825/1825/607 1826/1826/607 1827/1827/607
f 1825/1825/608 1827/1827/608 1828/1828/608
f 1829/1829/609 1830/1830/609 1831/1831/609
f 1829/1829/609 1831/1831/609 1832/1832/609
s 1
f 1833/1833/610 1834/1834/611 1835/1835/610
f 1833/1833/610 1835/1835/610 1836/1836/610
f 1837/1837/612 1838/1838/612 1839/1839/612
f 1837/1837/612 1839/1839/612 1840/1840/612
s 0
f 1841/1841/613 1842/1842/613 1843/1843/613
f 1841/1841/613 1843/1843/613 1844/1844/613
f 1845/1845/614 1846/1846/614 1847/1847/614
f 1845/1845/614 1847/1847/614 1848/1848/614
s 1
f 1849/1849/615 1850/1850/616 1851/1851/616
f 1849/1849/615 1851/1851/616 1852/1852/616
f 1853/1853/617 1854/1854/617 1855/1855/617
f 1853/1853/617 1855/1855/617 1856/1856/618
s 0
f 1857/1857/619 1858/1858/619 1859/1859/619
f 1857/1857/620 1859/1859/620 1860/1860/620
f 1861/1861/621 1862/1862/621 1863/1863/621
f 1861/1861/622 1863/1863/622 1864/1864/622
s 1
f 1865/1865/623 1866/1866/623 1867/1867/623
f 1865/1865/623 1867/1867/623 1868/1868/623
f 1869/1869/624 1870/1870/624 1871/1871/624
f 1869/1869/624 1871/1871/624 1872/1872/624
s 0
f 1873/1873/614 1874/1874/614 1875/1875/614
f 1873/1873/614 1875/1875/614 1876/1876/614
f 1877/1877/613 1878/1878/613 1879/1879/613
f 1877/1877/613 1879/1879/613 1880/1880/613
s 1
f 1881/1881/625 1882/1882/625 1883/1883/625
f 1881/1881/625 1883/1883/625 1884/1884/625
f 1885/1885/626 1886/1886/626 1887/1887/626
f 1885/1885/626 1887/1887/626 1888/1888/627
s 0
f 1889/1889/628 1890/1890/628 1891/1891/628
f 1889/1889/628 1891/1891/628 1892/1892/628
f 1893/1893/629 1894/1894/629 1895/1895/629
f 1893/1893/630 1895/1895/630 1896/1896/630
s 1
f 1897/1897/631 1898/1898/631 1899/1899/632
f 1897/1897/631 1899/1899/632 1900/1900/632
f 1901/1901/633 1902/1902/633 1903/1903/634
f 1901/1901/633 1903/1903/634 1904/1904/634
s 0
f 1905/1905/30 1906/1906/30 1907/1907/30
f 1905/1905/30 1907/1907/30 1908/1908/30
f 1909/1909/29 1910/1910/29 1911/1911/29
f 1909/1909/29 1911/1911/29 1912/1912/29
s 1
f 1913/1913/635 1914/1914/636 1915/1915/636
f 1913/1913/635 1915/1915/636 1916/1916/636
f 1917/1917/637 1918/1918/638 1919/1919/637
f 1917/1917/637 1919/1919/637 1920/1920/638
s 0
f 1921/1921/639 1922/1922/639 1923/1923/639
f 1921/1921/639 1923/1923/639 1924/1924/639
f 1925/1925/640 1926/1926/640 1927/1927/640
f 1925/1925/641 1927/1927/641 1928/1928/641
s 1
f 1929/1929/642 1930/1930/642 1931/1931/643
f 1929/1929/642 1931/1931/643 1932/1932/643
f 1933/1933/644 1934/1934/644 1935/1935/645
f 1933/1933/644 1935/1935/645 1936/1936/644
s 0
f 1937/1937/29 1938/1938/29 1939/1939/29
f 1937/1937/29 1939/1939/29 1940/1940/29
f 1941/1941/30 1942/1942/30 1943/1943/30
f 1941/1941/30 1943/1943/30 1944/1944/30
s 1
f 1945/1945/646 1946/1946/647 1947/1947/647
f 1945/1945/646 1947/1947/647 1948/1948/647
f 1949/1949/648 1950/1950/649 1951/1951/648
f 1949/1949/648 1951/1951/648 1952/1952/649
s 0
f 1953/1953/650 1954/1954/650 1955/1955/650
f 1953/1953/650 1955/1955/650 1956/1956/650
f 1957/1957/651 1958/1958/651 1959/1959/651
f 1957/1957/651 1959/1959/651 1960/1960/651
s 1
f 1961/1961/652 1962/1962/652 1963/1963/652
f 1961/1961/652 1963/1963/652 1964/1964/652
f 1965/1965/653 1966/1966/653 1967/1967/653
f 1965/1965/653 1967/1967/653 1968/1968/653
s 0
f 1969/1969/513 1970/1970/513 1971/1971/513
f 1969/1969/513 1971/1971/513 1972/1972/513
f 1973/1973/512 1974/1974/512 1975/1975/512
f 1973/1973/512 1975/1975/512 1976/1976/512
s 1
f 1977/1977/654 1978/1978/654 1979/1979/654
f 1977/1977/654 1979/1979/654 1980/1980/654
f 1981/1981/655 1982/1982/655 1983/1983/655
f 1981/1981/655 1983/1983/655 1984/1984/655
s 0
f 1985/1985/656 1986/1986/656 1987/1987/656
f 1985/1985/656 1987/1987/656 1988/1988/656
f 1989/1989/657 1990/1990/657 1991/1991/657
f 1989/1989/657 1991/1991/657 1992/1992/657
s 1
f 1993/1993/658 1994/1994/659 1995/1995/658
f 1993/1993/658 1995/1995/658 1996/1996/658
f 1997/1997/660 1998/1998/660 1999/1999/660
f 1997/1997/660 1999/1999/660 2000/2000/660
s 0
f 2001/2001/661 2002/2002/661 2003/2003/661
f 2001/2001/661 2003/2003/661 2004/2004/661
f 2005/2005/662 2006/2006/662 2007/2007/662
f 2005/2005/662 2007/2007/662 2008/2008/662
s 1
f 2009/2009/663 2010/2010/663 2011/2011/663
f 2009/2009/663 2011/2011/663 2012/2012/663
f 2013/2013/664 2014/2014/664 2015/2015/664
f 2013/2013/664 2015/2015/664 2016/2016/664
s 0
f 2017/2017/665 2018/2018/665 2019/2019/665
f 2017/2017/665 2019/2019/665 2020/2020/665
f 2021/2021/666 2022/2022/666 2023/2023/666
f 2021/2021/666 2023/2023/666 2024/2024/666
s 1
f 2025/2025/667 2026/2026/667 2027/2027/667
f 2025/2025/667 2027/2027/667 2028/2028/668
f 2029/2029/669 2030/2030/669 2031/2031/669
f 2029/2029/669 2031/2031/669 2032/2032/669
s 0
f 2033/2033/670 2034/2034/670 2035/2035/670
f 2033/2033/670 2035/2035/670 2036/2036/670
f 2037/2037/671 2038/2038/671 2039/2039/671
f 2037/2037/671 2039/2039/671 2040/2040/671
s 1
f 2041/2041/672 2042/2042/672 2043/2043/672
f 2041/2041/672 2043/2043/672 2044/2044/672
f 2045/2045/673 2046/2046/673 2047/2047/674
f 2045/2045/673 2047/2047/674 2048/2048/673
s 0
f 2049/2049/675 2050/2050/675 2051/2051/675
f 2049/2049/675 2051/2051/675 2052/2052/675
f 2053/2053/676 2054/2054/676 2055/2055/676
f 2053/2053/676 2055/2055/676 2056/2056/676
s 1
f 2057/2057/677 2058/2058/678 2059/2059/677
f 2057/2057/677 2059/2059/677 2060/2060/677
f 2061/2061/679 2062/2062/679 2063/2063/679
f 2061/2061/679 2063/2063/679 2064/2064/679
s 0
f 2065/2065/680 2066/2066/680 2067/2067/680
f 2065/2065/680 2067/2067/680 2068/2068/680
f 2069/2069/681 2070/2070/681 2071/2071/681
f 2069/2069/681 2071/2071/681 2072/2072/681
s 1
f 2073/2073/682 2074/2074/682 2075/2075/682
f 2073/2073/682 2075/2075/682 2076/2076/682
f 2077/2077/683 2078/2078/683 2079/2079/683
f 2077/2077/683 2079/2079/683 2080/2080/683
s 0
f 2081/2081/684 2082/2082/684 2083/2083/684
f 2081/2081/684 2083/2083/684 2084/2084/684
f 2085/2085/685 2086/2086/685 2087/2087/685
f 2085/2085/685 2087/2087/685 2088/2088/685
s 1
f 2089/2089/686 2090/2090/686 2091/2091/686
f 2089/2089/686 2091/2091/686 2092/2092/687
f 2093/2093/688 2094/2094/688 2095/2095/688
f 2093/2093/688 2095/2095/688 2096/2096/688
s 0
f 2097/2097/689 2098/2098/689 2099/2099/689
f 2097/2097/689 2099/2099/689 2100/2100/689
f 2101/2101/690 2102/2102/690 2103/2103/690
f 2101/2101/690 2103/2103/690 2104/2104/690
s 1
f 2105/2105/691 2106/2106/691 2107/2107/691
f 2105/2105/691 2107/2107/691 2108/2108/691
f 2109/2109/692 2110/2110/693 2111/2111/694
f 2109/2109/692 2111/2111/694 2112/2112/693
s 0
f 2113/2113/695 2114/2114/695 2115/2115/695
f 2113/2113/695 2115/2115/695 2116/2116/695
f 2117/2117/696 2118/2118/696 2119/2119/696
f 2117/2117/696 2119/2119/696 2120/2120/696
s 1
f 2121/2121/697 2122/2122/697 2123/2123/697
f 2121/2121/697 2123/2123/697 2124/2124/697
f 2125/2125/698 2126/2126/698 2127/2127/698
f 2125/2125/698 2127/2127/698 2128/2128/698
s 0
f 2129/2129/699 2130/2130/699 2131/2131/699
f 2129/2129/699 2131/2131/699 2132/2132/699
f 2133/2133/700 2134/2134/700 2135/2135/700
f 2133/2133/700 2135/2135/700 2136/2136/700
s 1
f 2137/2137/701 2138/2138/701 2139/2139/701
f 2137/2137/701 2139/2139/701 2140/2140/701
f 2141/2141/702 2142/2142/702 2143/2143/702
f 2141/2141/702 2143/2143/702 2144/2144/702
s 0
f 2145/2145/703 2146/2146/703 2147/2147/703
f 2145/2145/703 2147/2147/703 2148/2148/703
f 2149/2149/704 2150/2150/704 2151/2151/704
f 2149/2149/704 2151/2151/704 2152/2152/704
s 1
f 2153/2153/705 2154/2154/705 2155/2155/706
f 2153/2153/705 2155/2155/706 2156/2156/707
f 2157/2157/708 2158/2158/708 2159/2159/708
f 2157/2157/708 2159/2159/708 2160/2160/708
s 0
f 2161/2161/709 2162/2162/709 2163/2163/709
f 2161/2161/709 2163/2163/709 2164/2164/709
f 2165/2165/710 2166/2166/710 2167/2167/710
f 2165/2165/710 2167/2167/710 2168/2168/710
s 1
f 2169/2169/711 2170/2170/711 2171/2171/711
f 2169/2169/711 2171/2171/711 2172/2172/712
f 2173/2173/713 2174/2174/713 2175/2175/713
f 2173/2173/713 2175/2175/713 2176/2176/713
s 0
f 2177/2177/714 2178/2178/714 2179/2179/714
f 2177/2177/714 2179/2179/714 2180/2180/714
f 2181/2181/715 2182/2182/715 2183/2183/715
f 2181/2181/715 2183/2183/715 2184/2184/715
s 1
f 2185/2185/716 2186/2186/717 2187/2187/716
f 2185/2185/716 2187/2187/716 2188/2188/716
f 2189/2189/718 2190/2190/718 2191/2191/718
f 2189/2189/718 2191/2191/718 2192/2192/718
s 0
f 2193/2193/719 2194/2194/719 2195/2195/719
f 2193/2193/719 2195/2195/719 2196/2196/719
f 2197/2197/720 2198/2198/720 2199/2199/720
f 2197/2197/720 2199/2199/720 2200/2200/720
s 1
f 2201/2201/721 2202/2202/722 2203/2203/723
f 2201/2201/721 2203/2203/723 2204/2204/722
f 2205/2205/724 2206/2206/724 2207/2207/724
f 2205/2205/724 2207/2207/724 2208/2208/724
s 0
f 2209/2209/725 2210/2210/725 2211/2211/725
f 2209/2209/725 2211/2211/725 2212/2212/725
f 2213/2213/726 2214/2214/726 2215/2215/726
f 2213/2213/726 2215/2215/726 2216/2216/726
s 1
f 2217/2217/727 2218/2218/727 2219/2219/727
f 2217/2217/727 2219/2219/727 2220/2220/728
f 2221/2221/729 2222/2222/729 2223/2223/729
f 2221/2221/729 2223/2223/729 2224/2224/729
s 0
f 2225/2225/730 2226/2226/730 2227/2227/730
f 2225/2225/730 2227/2227/730 2228/2228/730
f 2229/2229/731 2230/2230/731 2231/2231/731
f 2229/2229/731 2231/2231/731 2232/2232/731
s 1
f 2233/2233/732 2234/2234/733 2235/2235/732
f 2233/2233/732 2235/2235/732 2236/2236/733
f 2237/2237/734 2238/2238/734 2239/2239/734
f 2237/2237/734 2239/2239/734 2240/2240/734
s 0
f 2241/2241/735 2242/2242/735 2243/2243/735
f 2241/2241/735 2243/2243/735 2244/2244/735
f 2245/2245/736 2246/2246/736 2247/2247/736
f 2245/2245/736 2247/2247/736 2248/2248/736
s 1
f 2249/2249/737 2250/2250/737 2251/2251/737
f 2249/2249/737 2251/2251/737 2252/2252/737
f 2253/2253/738 2254/2254/738 2255/2255/738
f 2253/2253/738 2255/2255/738 2256/2256/739
s 0
f 2257/2257/740 2258/2258/740 2259/2259/740
f 2257/2257/740 2259/2259/740 2260/2260/740
f 2261/2261/741 2262/2262/741 2263/2263/741
f 2261/2261/741 2263/2263/741 2264/2264/741
s 1
f 2265/2265/742 2266/2266/742 2267/2267/742
f 2265/2265/742 2267/2267/742 2268/2268/742
f 2269/2269/743 2270/2270/743 2271/2271/743
f 2269/2269/743 2271/2271/743 2272/2272/743
s 0
f 2273/2273/744 2274/2274/744 2275/2275/744
f 2273/2273/744 2275/2275/744 2276/2276/744
f 2277/2277/745 2278/2278/745 2279/2279/745
f 2277/2277/745 2279/2279/745 2280/2280/745
s 1
f 2281/2281/746 2282/2282/747 2283/2283/747
f 2281/2281/746 2283/2283/747 2284/2284/747
f 2285/2285/748 2286/2286/748 2287/2287/748
f 2285/2285/748 2287/2287/748 2288/2288/749
s 0
f 2289/2289/750 2290/2290/750 2291/2291/750
f 2289/2289/750 2291/2291/750 2292/2292/750
f 2293/2293/751 2294/2294/751 2295/2295/751
f 2293/2293/751 2295/2295/751 2296/2296/751
s 1
f 2297/2297/752 2298/2298/752 2299/2299/752
f 2297/2297/752 2299/2299/752 2300/2300/752
f 2301/2301/753 2302/2302/753 2303/2303/754
f 2301/2301/753 2303/2303/754 2304/2304/753
s 0
f 2305/2305/755 2306/2306/755 2307/2307/755
f 2305/2305/755 2307/2307/755 2308/2308/755
f 2309/2309/756 2310/2310/756 2311/2311/756
f 2309/2309/756 2311/2311/756 2312/2312/756
s 1
f 2313/2313/757 2314/2314/757 2315/2315/757
f 2313/2313/757 2315/2315/757 2316/2316/758
f 2317/2317/759 2318/2318/759 2319/2319/759
f 2317/2317/759 2319/2319/759 2320/2320/759
s 0
f 2321/2321/760 2322/2322/760 2323/2323/760
f 2321/2321/760 2323/2323/760 2324/2324/760
f 2325/2325/761 2326/2326/761 2327/2327/761
f 2325/2325/761 2327/2327/761 2328/2328/761
s 1
f 2329/2329/762 2330/2330/762 2331/2331/762
f 2329/2329/762 2331/2331/762 2332/2332/762
f 2333/2333/763 2334/2334/763 2335/2335/763
f 2333/2333/763 2335/2335/763 2336/2336/763
s 0
f 2337/2337/764 2338/2338/764 2339/2339/764
f 2337/2337/764 2339/2339/764 2340/2340/764
f 2341/2341/765 2342/2342/765 2343/2343/765
f 2341/2341/765 2343/2343/765 2344/2344/765
s 1
f 2345/2345/766 2346/2346/766 2347/2347/766
f 2345/2345/766 2347/2347/766 2348/2348/767
f 2349/2349/768 2350/2350/768 2351/2351/768
f 2349/2349/768 2351/2351/768 2352/2352/768
s 0
f 2353/2353/769 2354/2354/769 2355/2355/769
f 2353/2353/769 2355/2355/769 2356/2356/769
f 2357/2357/770 2358/2358/770 2359/2359/770
f 2357/2357/770 2359/2359/770 2360/2360/770
s 1
f 2361/2361/771 2362/2362/771 2363/2363/771
f 2361/2361/771 2363/2363/771 2364/2364/771
f 2365/2365/772 2366/2366/772 2367/2367/773
f 2365/2365/772 2367/2367/773 2368/2368/772
s 0
f 2369/2369/774 2370/2370/774 2371/2371/774
f 2369/2369/775 2371/2371/775 2372/2372/775
f 2373/2373/776 2374/2374/776 2375/2375/776
f 2373/2373/776 2375/2375/776 2376/2376/776
s 1
f 2377/2377/777 2378/2378/778 2379/2379/777
f 2377/2377/777 2379/2379/777 2380/2380/777
f 2381/2381/779 2382/2382/779 2383/2383/779
f 2381/2381/779 2383/2383/779 2384/2384/779
s 0
f 2385/2385/780 2386/2386/780 2387/2387/780
f 2385/2385/780 2387/2387/780 2388/2388/780
f 2389/2389/781 2390/2390/781 2391/2391/781
f 2389/2389/781 2391/2391/781 2392/2392/781
s 1
f 2393/2393/782 2394/2394/783 2395/2395/782
f 2393/2393/782 2395/2395/782 2396/2396/783
f 2397/2397/784 2398/2398/784 2399/2399/784
f 2397/2397/784 2399/2399/784 2400/2400/784
s 0
f 2401/2401/785 2402/2402/785 2403/2403/785
f 2401/2401/785 2403/2403/785 2404/2404/785
f 2405/2405/786 2406/2406/786 2407/2407/786
f 2405/2405/786 2407/2407/786 2408/2408/786
s 1
f 2409/2409/787 2410/2410/788 2411/2411/789
f 2409/2409/787 2411/2411/789 2412/2412/787
f 2413/2413/790 2414/2414/790 2415/2415/790
f 2413/2413/790 2415/2415/790 2416/2416/790
s 0
f 2417/2417/791 2418/2418/791 2419/2419/791
f 2417/2417/791 2419/2419/791 2420/2420/791
f 2421/2421/792 2422/2422/792 2423/2423/792
f 2421/2421/792 2423/2423/792 2424/2424/792
s 1
f 2425/2425/793 2426/2426/794 2427/2427/793
f 2425/2425/793 2427/2427/793 2428/2428/795
f 2429/2429/796 2430/2430/796 2431/2431/796
f 2429/2429/796 2431/2431/796 2432/2432/796
s 0
f 2433/2433/797 2434/2434/797 2435/2435/797
f 2433/2433/797 2435/2435/797 2436/2436/797
f 2437/2437/798 2438/2438/798 2439/2439/798
f 2437/2437/798 2439/2439/798 2440/2440/798
s 1
f 2441/2441/799 2442/2442/800 2443/2443/799
f 2441/2441/799 2443/2443/799 2444/2444/799
f 2445/2445/801 2446/2446/801 2447/2447/801
f 2445/2445/801 2447/2447/801 2448/2448/801
s 0
f 2449/2449/802 2450/2450/802 2451/2451/802
s 1
f 2449/2449/802 2451/2451/802 2452/2452/802
s 0
f 2453/2453/803 2454/2454/803 2455/2455/803
f 2453/2453/803 2455/2455/803 2456/2456/803
s 1
f 2457/2457/804 2458/2458/805 2459/2459/804
f 2457/2457/804 2459/2459/804 2460/2460/805
f 2461/2461/806 2462/2462/806 2463/2463/806
f 2461/2461/806 2463/2463/806 2464/2464/806
s 0
f 2465/2465/807 2466/2466/807 2467/2467/807
f 2465/2465/807 2467/2467/807 2468/2468/807
f 2469/2469/808 2470/2470/808 2471/2471/808
f 2469/2469/808 2471/2471/808 2472/2472/808
s 1
f 2473/2473/809 2474/2474/810 2475/2475/809
f 2473/2473/809 2475/2475/809 2476/2476/809
f 2477/2477/811 2478/2478/811 2479/2479/811
f 2477/2477/811 2479/2479/811 2480/2480/811
s 0
f 2481/2481/812 2482/2482/812 2483/2483/812
f 2481/2481/812 2483/2483/812 2484/2484/812
f 2485/2485/813 2486/2486/813 2487/2487/813
f 2485/2485/813 2487/2487/813 2488/2488/813
s 1
f 2489/2489/814 2490/2490/815 2491/2491/815
f 2489/2489/814 2491/2491/815 2492/2492/814
f 2493/2493/816 2494/2494/816 2495/2495/816
f 2493/2493/816 2495/2495/816 2496/2496/816
s 0
f 2497/2497/817 2498/2498/817 2499/2499/817
f 2497/2497/817 2499/2499/817 2500/2500/817
s 1
f 2501/2501/818 2502/2502/818 2503/2503/818
s 0
f 2501/2501/819 2503/2503/819 2504/2504/819
s 1
f 2505/2505/820 2506/2506/820 2507/2507/820
f 2505/2505/820 2507/2507/820 2508/2508/821
f 2509/2509/822 2510/2510/822 2511/2511/822
f 2509/2509/822 2511/2511/822 2512/2512/822
s 0
f 2513/2513/823 2514/2514/823 2515/2515/823
f 2513/2513/823 2515/2515/823 2516/2516/823
f 2517/2517/824 2518/2518/824 2519/2519/824
f 2517/2517/825 2519/2519/825 2520/2520/825
s 1
f 2521/2521/826 2522/2522/827 2523/2523/826
f 2521/2521/826 2523/2523/826 2524/2524/828
f 2525/2525/829 2526/2526/829 2527/2527/829
f 2525/2525/829 2527/2527/829 2528/2528/829
s 0
f 2529/2529/830 2530/2530/830 2531/2531/830
f 2529/2529/830 2531/2531/830 2532/2532/830
f 2533/2533/831 2534/2534/831 2535/2535/831
f 2533/2533/831 2535/2535/831 2536/2536/831
s 1
f 2537/2537/832 2538/2538/833 2539/2539/832
f 2537/2537/832 2539/2539/832 2540/2540/834
f 2541/2541/835 2542/2542/836 2543/2543/835
f 2541/2541/835 2543/2543/835 2544/2544/835
s 0
f 2545/2545/837 2546/2546/837 2547/2547/837
f 2545/2545/837 2547/2547/837 2548/2548/837
f 2549/2549/838 2550/2550/838 2551/2551/838
f 2549/2549/838 2551/2551/838 2552/2552/838
s 1
f 2553/2553/839 2554/2554/840 2555/2555/840
f 2553/2553/839 2555/2555/840 2556/2556/841
f 2557/2557/842 2558/2558/842 2559/2559/842
f 2557/2557/842 2559/2559/842 2560/2560/842
s 0
f 2561/2561/843 2562/2562/843 2563/2563/843
f 2561/2561/843 2563/2563/843 2564/2564/843
f 2565/2565/844 2566/2566/844 2567/2567/844
f 2565/2565/844 2567/2567/844 2568/2568/844
s 1
f 2569/2569/845 2570/2570/846 2571/2571/845
f 2569/2569/845 2571/2571/845 2572/2572/846
f 2573/2573/847 2574/2574/847 2575/2575/847
f 2573/2573/847 2575/2575/847 2576/2576/847
s 0
f 2577/2577/848 2578/2578/848 2579/2579/848
f 2577/2577/848 2579/2579/848 2580/2580/848
f 2581/2581/849 2582/2582/849 2583/2583/849
f 2581/2581/849 2583/2583/849 2584/2584/849
s 1
f 2585/2585/850 2586/2586/851 2587/2587/851
f 2585/2585/850 2587/2587/851 2588/2588/852
f 2589/2589/853 2590/2590/853 2591/2591/853
f 2589/2589/853 2591/2591/853 2592/2592/853
s 0
f 2593/2593/854 2594/2594/854 2595/2595/854
f 2593/2593/854 2595/2595/854 2596/2596/854
f 2597/2597/855 2598/2598/855 2599/2599/855
f 2597/2597/855 2599/2599/855 2600/2600/855
s 1
f 2601/2601/856 2602/2602/856 2603/2603/857
f 2601/2601/856 2603/2603/857 2604/2604/856
f 2605/2605/858 2606/2606/858 2607/2607/859
f 2605/2605/858 2607/2607/859 2608/2608/858
s 0
f 2609/2609/860 2610/2610/860 2611/2611/860
f 2609/2609/860 2611/2611/860 2612/2612/860
f 2613/2613/861 2614/2614/861 2615/2615/861
f 2613/2613/861 2615/2615/861 2616/2616/861
s 1
f 2617/2617/862 2618/2618/863 2619/2619/862
f 2617/2617/862 2619/2619/862 2620/2620/863
f 2621/2621/864 2622/2622/865 2623/2623/865
f 2621/2621/864 2623/2623/865 2624/2624/864
s 0
f 2625/2625/866 2626/2626/866 2627/2627/866
f 2625/2625/866 2627/2627/866 2628/2628/866
f 2629/2629/867 2630/2630/867 2631/2631/867
f 2629/2629/867 2631/2631/867 2632/2632/867
s 1
f 2633/2633/868 2634/2634/868 2635/2635/868
f 2633/2633/868 2635/2635/868 2636/2636/868
f 2637/2637/869 2638/2638/870 2639/2639/870
f 2637/2637/869 2639/2639/870 2640/2640/869
s 0
f 2641/2641/871 2642/2642/871 2643/2643/871
f 2641/2641/871 2643/2643/871 2644/2644/871
f 2645/2645/872 2646/2646/872 2647/2647/872
f 2645/2645/872 2647/2647/872 2648/2648/872
s 1
f 2649/2649/873 2650/2650/874 2651/2651/873
f 2649/2649/873 2651/2651/873 2652/2652/874
f 2653/2653/875 2654/2654/876 2655/2655/876
f 2653/2653/875 2655/2655/876 2656/2656/875
s 0
f 2657/2657/877 2658/2658/877 2659/2659/877
f 2657/2657/877 2659/2659/877 2660/2660/877
f 2661/2661/878 2662/2662/878 2663/2663/878
f 2661/2661/879 2663/2663/879 2664/2664/879
s 1
f 2665/2665/880 2666/2666/880 2667/2667/881
f 2665/2665/880 2667/2667/881 2668/2668/881
f 2669/2669/882 2670/2670/882 2671/2671/882
f 2669/2669/882 2671/2671/882 2672/2672/882
s 0
f 2673/2673/883 2674/2674/883 2675/2675/883
f 2673/2673/883 2675/2675/883 2676/2676/883
f 2677/2677/884 2678/2678/884 2679/2679/884
f 2677/2677/884 2679/2679/884 2680/2680/884
s 1
f 2681/2681/885 2682/2682/886 2683/2683/885
f 2681/2681/885 2683/2683/885 2684/2684/886
f 2685/2685/887 2686/2686/887 2687/2687/887
f 2685/2685/887 2687/2687/887 2688/2688/887
s 0
f 2689/2689/888 2690/2690/888 2691/2691/888
f 2689/2689/889 2691/2691/889 2692/2692/889
f 2693/2693/890 2694/2694/890 2695/2695/890
f 2693/2693/890 2695/2695/890 2696/2696/890
s 1
f 2697/2697/891 2698/2698/891 2699/2699/891
f 2697/2697/891 2699/2699/891 2700/2700/892
f 2701/2701/893 2702/2702/893 2703/2703/893
f 2701/2701/893 2703/2703/893 2704/2704/893
s 0
f 2705/2705/894 2706/2706/894 2707/2707/894
f 2705/2705/894 2707/2707/894 2708/2708/894
f 2709/2709/895 2710/2710/895 2711/2711/895
f 2709/2709/896 2711/2711/896 2712/2712/896
s 1
f 2713/2713/897 2714/2714/898 2715/2715/898
f 2713/2713/897 2715/2715/898 2716/2716/899
f 2717/2717/900 2718/2718/900 2719/2719/900
f 2717/2717/900 2719/2719/900 2720/2720/900
s 0
f 2721/2721/901 2722/2722/901 2723/2723/901
f 2721/2721/901 2723/2723/901 2724/2724/901
f 2725/2725/902 2726/2726/902 2727/2727/902
f 2725/2725/903 2727/2727/903 2728/2728/903
s 1
f 2729/2729/904 2730/2730/904 2731/2731/904
f 2729/2729/904 2731/2731/904 2732/2732/905
f 2733/2733/906 2734/2734/906 2735/2735/906
f 2733/2733/906 2735/2735/906 2736/2736/906
s 0
f 2737/2737/907 2738/2738/907 2739/2739/907
f 2737/2737/907 2739/2739/907 2740/2740/907
f 2741/2741/908 2742/2742/908 2743/2743/908
f 2741/2741/908 2743/2743/908 2744/2744/908
s 1
f 2745/2745/909 2746/2746/910 2747/2747/909
f 2745/2745/909 2747/2747/909 2748/2748/910
f 2749/2749/911 2750/2750/911 2751/2751/912
f 2749/2749/911 2751/2751/912 2752/2752/911
s 0
f 2753/2753/913 2754/2754/913 2755/2755/913
f 2753/2753/914 2755/2755/914 2756/2756/914
f 2757/2757/915 2758/2758/915 2759/2759/915
f 2757/2757/915 2759/2759/915 2760/2760/915
s 1
f 2761/2761/916 2762/2762/916 2763/2763/916
f 2761/2761/916 2763/2763/916 2764/2764/917
f 2765/2765/918 2766/2766/918 2767/2767/918
f 2765/2765/918 2767/2767/918 2768/2768/918
s 0
f 2769/2769/919 2770/2770/919 2771/2771/919
f 2769/2769/919 2771/2771/919 2772/2772/919
f 2773/2773/920 2774/2774/920 2775/2775/920
f 2773/2773/920 2775/2775/920 2776/2776/920
s 1
f 2777/2777/921 2778/2778/921 2779/2779/922
f 2777/2777/921 2779/2779/922 2780/2780/923
f 2781/2781/924 2782/2782/924 2783/2783/924
f 2781/2781/924 2783/2783/924 2784/2784/924
s 0
f 2785/2785/925 2786/2786/925 2787/2787/925
f 2785/2785/925 2787/2787/925 2788/2788/925
f 2789/2789/926 2790/2790/926 2791/2791/926
f 2789/2789/926 2791/2791/926 2792/2792/926
s 1
f 2793/2793/927 2794/2794/928 2795/2795/929
f 2793/2793/927 2795/2795/929 2796/2796/929
f 2797/2797/930 2798/2798/930 2799/2799/930
f 2797/2797/930 2799/2799/930 2800/2800/931
s 0
f 2801/2801/932 2802/2802/932 2803/2803/932
f 2801/2801/932 2803/2803/932 2804/2804/932
f 2805/2805/933 2806/2806/933 2807/2807/933
f 2805/2805/933 2807/2807/933 2808/2808/933
s 1
f 2809/2809/934 2810/2810/935 2811/2811/935
f 2809/2809/934 2811/2811/935 2812/2812/936
f 2813/2813/937 2814/2814/937 2815/2815/937
f 2813/2813/937 2815/2815/937 2816/2816/937
s 0
f 2817/2817/938 2818/2818/938 2819/2819/938
f 2817/2817/938 2819/2819/938 2820/2820/938
f 2821/2821/939 2822/2822/939 2823/2823/939
f 2821/2821/939 2823/2823/939 2824/2824/939
s 1
f 2825/2825/940 2826/2826/941 2827/2827/940
f 2825/2825/940 2827/2827/940 2828/2828/940
f 2829/2829/942 2830/2830/943 2831/2831/942
f 2829/2829/942 2831/2831/942 2832/2832/942
s 0
f 2833/2833/944 2834/2834/944 2835/2835/944
f 2833/2833/944 2835/2835/944 2836/2836/944
f 2837/2837/945 2838/2838/945 2839/2839/945
f 2837/2837/945 2839/2839/945 2840/2840/945
s 1
f 2841/2841/946 2842/2842/946 2843/2843/946
f 2841/2841/946 2843/2843/946 2844/2844/947
f 2845/2845/948 2846/2846/948 2847/2847/948
f 2845/2845/948 2847/2847/948 2848/2848/948
s 0
f 2849/2849/949 2850/2850/949 2851/2851/949
f 2849/2849/949 2851/2851/949 2852/2852/949
f 2853/2853/950 2854/2854/950 2855/2855/950
f 2853/2853/950 2855/2855/950 2856/2856/950
s 1
f 2857/2857/951 2858/2858/951 2859/2859/952
f 2857/2857/951 2859/2859/952 2860/2860/952
f 2861/2861/953 2862/2862/953 2863/2863/953
f 2861/2861/953 2863/2863/953 2864/2864/953
s 0
f 2865/2865/954 2866/2866/954 2867/2867/954
f 2865/2865/954 2867/2867/954 2868/2868/954
f 2869/2869/955 2870/2870/955 2871/2871/955
f 2869/2869/955 2871/2871/955 2872/2872/955
s 1
f 2873/2873/956 2874/2874/957 2875/2875/957
f 2873/2873/956 2875/2875/957 2876/2876/957
f 2877/2877/958 2878/2878/958 2879/2879/959
f 2877/2877/958 2879/2879/959 2880/2880/959
s 0
f 2881/2881/960 2882/2882/960 2883/2883/960
f 2881/2881/960 2883/2883/960 2884/2884/960
f 2885/2885/961 2886/2886/961 2887/2887/961
f 2885/2885/961 2887/2887/961 2888/2888/961
s 1
f 2889/2889/962 2890/2890/962 2891/2891/962
f 2889/2889/962 2891/2891/962 2892/2892/963
f 2893/2893/964 2894/2894/964 2895/2895/965
f 2893/2893/964 2895/2895/965 2896/2896/964
s 0
f 2897/2897/966 2898/2898/966 2899/2899/966
f 2897/2897/966 2899/2899/966 2900/2900/966
f 2901/2901/967 2902/2902/967 2903/2903/967
f 2901/2901/967 2903/2903/967 2904/2904/967
s 1
f 2905/2905/968 2906/2906/969 2907/2907/969
f 2905/2905/968 2907/2907/969 2908/2908/969
f 2909/2909/970 2910/2910/970 2911/2911/971
f 2909/2909/970 2911/2911/971 2912/2912/971
s 0
f 2913/2913/972 2914/2914/972 2915/2915/972
f 2913/2913/972 2915/2915/972 2916/2916/972
f 2917/2917/973 2918/2918/973 2919/2919/973
f 2917/2917/974 2919/2919/974 2920/2920/974
s 1
f 2921/2921/975 2922/2922/975 2923/2923/976
f 2921/2921/975 2923/2923/976 2924/2924/975
f 2925/2925/977 2926/2926/977 2927/2927/977
f 2925/2925/977 2927/2927/977 2928/2928/977
s 0
f 2929/2929/978 2930/2930/978 2931/2931/978
f 2929/2929/978 2931/2931/978 2932/2932/978
f 2933/2933/979 2934/2934/979 2935/2935/979
f 2933/2933/979 2935/2935/979 2936/2936/979
s 1
f 2937/2937/980 2938/2938/981 2939/2939/980
f 2937/2937/980 2939/2939/980 2940/2940/982
f 2941/2941/983 2942/2942/984 2943/2943/985
f 2941/2941/983 2943/2943/985 2944/2944/984
s 0
f 2945/2945/986 2946/2946/986 2947/2947/986
f 2945/2945/986 2947/2947/986 2948/2948/986
f 2949/2949/987 2950/2950/987 2951/2951/987
f 2949/2949/988 2951/2951/988 2952/2952/988
s 1
f 2953/2953/989 2954/2954/989 2955/2955/990
f 2953/2953/989 2955/2955/990 2956/2956/989
f 2957/2957/991 2958/2958/991 2959/2959/991
f 2957/2957/991 2959/2959/991 2960/2960/991
s 0
f 2961/2961/992 2962/2962/992 2963/2963/992
f 2961/2961/992 2963/2963/992 2964/2964/992
f 2965/2965/993 2966/2966/993 2967/2967/993
f 2965/2965/993 2967/2967/993 2968/2968/993
s 1
f 2969/2969/994 2970/2970/995 2971/2971/994
f 2969/2969/994 2971/2971/994 2972/2972/995
f 2973/2973/996 2974/2974/996 2975/2975/997
f 2973/2973/996 2975/2975/997 2976/2976/996
s 0
f 2977/2977/998 2978/2978/998 2979/2979/998
f 2977/2977/999 2979/2979/999 2980/2980/999
f 2981/2981/1000 2982/2982/1000 2983/2983/1000
f 2981/2981/1001 2983/2983/1001 2984/2984/1001
s 1
f 2985/2985/1002 2986/2986/1002 2987/2987/1002
f 2985/2985/1002 2987/2987/1002 2988/2988/1003
f 2989/2989/1004 2990/2990/1004 2991/2991/1004
f 2989/2989/1004 2991/2991/1004 2992/2992/1004
s 0
f 2993/2993/1005 2994/2994/1005 2995/2995/1005
f 2993/2993/1005 2995/2995/1005 2996/2996/1005
f 2997/2997/1006 2998/2998/1006 2999/2999/1006
f 2997/2997/1007 2999/2999/1007 3000/3000/1007
s 1
f 3001/3001/1008 3002/3002/1008 3003/3003/1008
f 3001/3001/1008 3003/3003/1008 3004/3004/1009
f 3005/3005/1010 3006/3006/1010 3007/3007/1010
f 3005/3005/1010 3007/3007/1010 3008/3008/1010
s 0
f 3009/3009/1011 3010/3010/1011 3011/3011/1011
f 3009/3009/1011 3011/3011/1011 3012/3012/1011
f 3013/3013/1012 3014/3014/1012 3015/3015/1012
f 3013/3013/1012 3015/3015/1012 3016/3016/1012
s 1
f 3017/3017/1013 3018/3018/1013 3019/3019/1013
f 3017/3017/1013 3019/3019/1013 3020/3020/1013
f 3021/3021/1014 3022/3022/1014 3023/3023/1014
f 3021/3021/1014 3023/3023/1014 3024/3024/1014
s 0
f 3025/3025/614 3026/3026/614 3027/3027/614
f 3025/3025/614 3027/3027/614 3028/3028/614
f 3029/3029/613 3030/3030/613 3031/3031/613
f 3029/3029/613 3031/3031/613 3032/3032/613
s 1
f 3033/3033/1015 3034/3034/1015 3035/3035/1015
f 3033/3033/1015 3035/3035/1015 3036/3036/1015
f 3037/3037/1016 3038/3038/1016 3039/3039/1016
f 3037/3037/1016 3039/3039/1016 3040/3040/1017
s 0
f 3041/3041/1018 3042/3042/1018 3043/3043/1018
f 3041/3041/1018 3043/3043/1018 3044/3044/1018
f 3045/3045/1019 3046/3046/1019 3047/3047/1019
f 3045/3045/1019 3047/3047/1019 3048/3048/1019
s 1
f 3049/3049/1020 3050/3050/1021 3051/3051/1021
f 3049/3049/1020 3051/3051/1021 3052/3052/1020
f 3053/3053/1022 3054/3054/1022 3055/3055/1022
f 3053/3053/1022 3055/3055/1022 3056/3056/1023
s 0
f 3057/3057/30 3058/3058/30 3059/3059/30
f 3057/3057/30 3059/3059/30 3060/3060/30
s 1
f 3061/3061/29 3062/3062/29 3063/3063/29
s 0
f 3061/3061/29 3063/3063/29 3064/3064/29
s 1
f 3065/3065/1024 3066/3066/1024 3067/3067/1024
f 3065/3065/1024 3067/3067/1024 3068/3068/1024
f 3069/3069/1025 3070/3070/1025 3071/3071/1025
f 3069/3069/1025 3071/3071/1025 3072/3072/1025
s 0
f 3073/3073/1026 3074/3074/1026 3075/3075/1026
f 3073/3073/1026 3075/3075/1026 3076/3076/1026
f 3077/3077/1027 3078/3078/1027 3079/3079/1027
f 3077/3077/1027 3079/3079/1027 3080/3080/1027
s 1
f 3081/3081/1028 3082/3082/1029 3083/3083/1029
f 3081/3081/1028 3083/3083/1029 3084/3084/1028
f 3085/3085/1030 3086/3086/1030 3087/3087/1030
f 3085/3085/1030 3087/3087/1030 3088/3088/1031
s 0
f 3089/3089/29 3090/3090/29 3091/3091/29
f 3089/3089/29 3091/3091/29 3092/3092/29
f 3093/3093/30 3094/3094/30 3095/3095/30
f 3093/3093/30 3095/3095/30 3096/3096/30
s 1
f 3097/3097/1032 3098/3098/1032 3099/3099/1032
f 3097/3097/1032 3099/3099/1032 3100/3100/1032
f 3101/3101/1033 3102/3102/1033 3103/3103/1033
f 3101/3101/1033 3103/3103/1033 3104/3104/1033
s 0
f 3105/3105/1034 3106/3106/1034 3107/3107/1034
f 3105/3105/1034 3107/3107/1034 3108/3108/1034
f 3109/3109/1035 3110/3110/1035 3111/3111/1035
f 3109/3109/1035 3111/3111/1035 3112/3112/1035
s 1
f 3113/3113/1036 3114/3114/1036 3115/3115/1036
f 3113/3113/1036 3115/3115/1036 3116/3116/1036
f 3117/3117/1037 3118/3118/1037 3119/3119/1037
f 3117/3117/1037 3119/3119/1037 3120/3120/1037
s 0
f 3121/3121/513 3122/3122/513 3123/3123/513
f 3121/3121/513 3123/3123/513 3124/3124/513
f 3125/3125/512 3126/3126/512 3127/3127/512
s 1
f 3125/3125/512 3127/3127/512 3128/3128/512
f 3129/3129/1038 3130/3130/1038 3131/3131/1038
f 3129/3129/1038 3131/3131/1038 3132/3132/1038
f 3133/3133/1039 3134/3134/1039 3135/3135/1039
f 3133/3133/1039 3135/3135/1039 3136/3136/1039
s 0
f 3137/3137/1040 3138/3138/1040 3139/3139/1040
f 3137/3137/1040 3139/3139/1040 3140/3140/1040
f 3141/3141/1041 3142/3142/1041 3143/3143/1041
f 3141/3141/1041 3143/3143/1041 3144/3144/1041
s 1
f 3145/3145/1042 3146/3146/1042 3147/3147/1042
f 3145/3145/1042 3147/3147/1042 3148/3148/1042
f 3149/3149/1043 3150/3150/1043 3151/3151/1043
f 3149/3149/1043 3151/3151/1043 3152/3152/1043
s 0
f 3153/3153/512 3154/3154/512 3155/3155/512
f 3153/3153/512 3155/3155/512 3156/3156/512
f 3157/3157/513 3158/3158/513 3159/3159/513
f 3157/3157/513 3159/3159/513 3160/3160/513
s 1
f 3161/3161/1044 3162/3162/1044 3163/3163/1044
f 3161/3161/1044 3163/3163/1044 3164/3164/1044
f 3165/3165/1045 3166/3166/1045 3167/3167/1045
f 3165/3165/1045 3167/3167/1045 3168/3168/1045
s 0
f 3169/3169/1046 3170/3170/1046 3171/3171/1046
f 3169/3169/1047 3171/3171/1047 3172/3172/1047
f 3173/3173/1048 3174/3174/1048 3175/3175/1048
f 3173/3173/1048 3175/3175/1048 3176/3176/1048
s 1
f 3177/3177/1049 3178/3178/1049 3179/3179/1049
f 3177/3177/1049 3179/3179/1049 3180/3180/1049
f 3181/3181/1050 3182/3182/1050 3183/3183/1050
f 3181/3181/1050 3183/3183/1050 3184/3184/1050
s 0
f 3185/3185/521 3186/3186/521 3187/3187/521
f 3185/3185/521 3187/3187/521 3188/3188/521
f 3189/3189/522 3190/3190/522 3191/3191/522
f 3189/3189/522 3191/3191/522 3192/3192/522
s 1
f 3193/3193/1051 3194/3194/1051 3195/3195/1051
f 3193/3193/1051 3195/3195/1051 3196/3196/1051
f 3197/3197/1052 3198/3198/1052 3199/3199/1052
f 3197/3197/1052 3199/3199/1052 3200/3200/1053
s 0
f 3201/3201/1054 3202/3202/1054 3203/3203/1054
f 3201/3201/1055 3203/3203/1055 3204/3204/1055
f 3205/3205/1056 3206/3206/1056 3207/3207/1056
f 3205/3205/1056 3207/3207/1056 3208/3208/1056
s 1
f 3209/3209/1057 3210/3210/1057 3211/3211/1057
f 3209/3209/1057 3211/3211/1057 3212/3212/1057
f 3213/3213/1058 3214/3214/1058 3215/3215/1058
f 3213/3213/1058 3215/3215/1058 3216/3216/1058
s 0
f 3217/3217/522 3218/3218/522 3219/3219/522
f 3217/3217/522 3219/3219/522 3220/3220/522
f 3221/3221/521 3222/3222/521 3223/3223/521
f 3221/3221/521 3223/3223/521 3224/3224/521
s 1
f 3225/3225/1059 3226/3226/1059 3227/3227/1059
f 3225/3225/1059 3227/3227/1059 3228/3228/1059
f 3229/3229/1060 3230/3230/1060 3231/3231/1060
f 3229/3229/1060 3231/3231/1060 3232/3232/1060
s 0
f 3233/3233/1061 3234/3234/1061 3235/3235/1061
s 1
f 3233/3233/1061 3235/3235/1061 3236/3236/1061
s 0
f 3237/3237/1062 3238/3238/1062 3239/3239/1062
s 1
f 3237/3237/1062 3239/3239/1062 3240/3240/1062
f 3241/3241/1063 3242/3242/1063 3243/3243/1063
f 3241/3241/1063 3243/3243/1063 3244/3244/1063
f 3245/3245/1064 3246/3246/1064 3247/3247/1064
f 3245/3245/1064 3247/3247/1064 3248/3248/1064
s 0
f 3249/3249/538 3250/3250/538 3251/3251/538
f 3249/3249/538 3251/3251/538 3252/3252/538
f 3253/3253/539 3254/3254/539 3255/3255/539
f 3253/3253/539 3255/3255/539 3256/3256/539
s 1
f 3257/3257/1065 3258/3258/1065 3259/3259/1065
f 3257/3257/1065 3259/3259/1065 3260/3260/1065
f 3261/3261/1066 3262/3262/1066 3263/3263/1066
f 3261/3261/1066 3263/3263/1066 3264/3264/1067
f 3265/3265/1068 3266/3266/1068 3267/3267/1068
s 0
f 3265/3265/1068 3267/3267/1068 3268/3268/1068
f 3269/3269/1069 3270/3270/1069 3271/3271/1069
f 3269/3269/1069 3271/3271/1069 3272/3272/1069
s 1
f 3273/3273/1070 3274/3274/1070 3275/3275/1070
f 3273/3273/1070 3275/3275/1070 3276/3276/1070
f 3277/3277/1071 3278/3278/1071 3279/3279/1071
f 3277/3277/1071 3279/3279/1071 3280/3280/1071
s 0
f 3281/3281/539 3282/3282/539 3283/3283/539
f 3281/3281/539 3283/3283/539 3284/3284/539
f 3285/3285/538 3286/3286/538 3287/3287/538
f 3285/3285/538 3287/3287/538 3288/3288/538
s 1
f 3289/3289/1072 3290/3290/1072 3291/3291/1072
f 3289/3289/1072 3291/3291/1072 3292/3292/1072
f 3293/3293/1073 3294/3294/1074 3295/3295/1073
f 3293/3293/1073 3295/3295/1073 3296/3296/1073
s 0
f 3297/3297/1075 3298/3298/1075 3299/3299/1075
f 3297/3297/1075 3299/3299/1075 3300/3300/1075
f 3301/3301/1076 3302/3302/1076 3303/3303/1076
f 3301/3301/1076 3303/3303/1076 3304/3304/1076
s 1
f 3305/3305/1077 3306/3306/1077 3307/3307/1077
f 3305/3305/1077 3307/3307/1077 3308/3308/1078
f 3309/3309/1079 3310/3310/1079 3311/3311/1079
f 3309/3309/1079 3311/3311/1079 3312/3312/1080
s 0
f 3313/3313/75 3314/3314/75 3315/3315/75
f 3313/3313/75 3315/3315/75 3316/3316/75
f 3317/3317/74 3318/3318/74 3319/3319/74
f 3317/3317/74 3319/3319/74 3320/3320/74
s 1
f 3321/3321/1081 3322/3322/1081 3323/3323/1081
f 3321/3321/1081 3323/3323/1081 3324/3324/1081
f 3325/3325/1082 3326/3326/1082 3327/3327/1082
f 3325/3325/1082 3327/3327/1082 3328/3328/1082
s 0
f 3329/3329/1083 3330/3330/1083 3331/3331/1083
f 3329/3329/1083 3331/3331/1083 3332/3332/1083
f 3333/3333/1084 3334/3334/1084 3335/3335/1084
f 3333/3333/1084 3335/3335/1084 3336/3336/1084
s 1
f 3337/3337/1085 3338/3338/1085 3339/3339/1085
f 3337/3337/1085 3339/3339/1085 3340/3340/1085
f 3341/3341/1086 3342/3342/1086 3343/3343/1086
f 3341/3341/1086 3343/3343/1086 3344/3344/1086
s 0
f 3345/3345/570 3346/3346/570 3347/3347/570
f 3345/3345/570 3347/3347/570 3348/3348/570
f 3349/3349/571 3350/3350/571 3351/3351/571
f 3349/3349/571 3351/3351/571 3352/3352/571
s 1
f 3353/3353/1087 3354/3354/1087 3355/3355/1087
f 3353/3353/1087 3355/3355/1087 3356/3356/1087
f 3357/3357/1088 3358/3358/1088 3359/3359/1088
f 3357/3357/1088 3359/3359/1088 3360/3360/1088
s 0
f 3361/3361/1089 3362/3362/1089 3363/3363/1089
f 3361/3361/1089 3363/3363/1089 3364/3364/1089
f 3365/3365/1090 3366/3366/1090 3367/3367/1090
f 3365/3365/1090 3367/3367/1090 3368/3368/1090
s 1
f 3369/3369/1091 3370/3370/1091 3371/3371/1091
f 3369/3369/1091 3371/3371/1091 3372/3372/1092
f 3373/3373/1093 3374/3374/1093 3375/3375/1093
f 3373/3373/1093 3375/3375/1093 3376/3376/1094
s 0
f 3377/3377/74 3378/3378/74 3379/3379/74
f 3377/3377/74 3379/3379/74 3380/3380/74
f 3381/3381/75 3382/3382/75 3383/3383/75
f 3381/3381/75 3383/3383/75 3384/3384/75
s 1
f 3385/3385/1095 3386/3386/1095 3387/3387/1095
f 3385/3385/1095 3387/3387/1095 3388/3388/1095
f 3389/3389/1096 3390/3390/1096 3391/3391/1096
f 3389/3389/1096 3391/3391/1096 3392/3392/1096
s 0
f 3393/3393/1097 3394/3394/1097 3395/3395/1097
f 3393/3393/1097 3395/3395/1097 3396/3396/1097
f 3397/3397/1098 3398/3398/1098 3399/3399/1098
f 3397/3397/1098 3399/3399/1098 3400/3400/1098
s 1
f 3401/3401/1099 3402/3402/1099 3403/3403/1099
f 3401/3401/1099 3403/3403/1099 3404/3404/1099
f 3405/3405/1100 3406/3406/1100 3407/3407/1100
f 3405/3405/1100 3407/3407/1100 3408/3408/1100
s 0
f 3409/3409/571 3410/3410/571 3411/3411/571
f 3409/3409/571 3411/3411/571 3412/3412/571
f 3413/3413/570 3414/3414/570 3415/3415/570
f 3413/3413/570 3415/3415/570 3416/3416/570
s 1
f 3417/3417/1101 3418/3418/1101 3419/3419/1101
f 3417/3417/1101 3419/3419/1101 3420/3420/1101
f 3421/3421/1102 3422/3422/1102 3423/3423/1102
f 3421/3421/1102 3423/3423/1102 3424/3424/1102
s 0
f 3425/3425/1103 3426/3426/1103 3427/3427/1103
f 3425/3425/1104 3427/3427/1104 3428/3428/1104
f 3429/3429/1105 3430/3430/1105 3431/3431/1105
f 3429/3429/1105 3431/3431/1105 3432/3432/1105
s 1
f 3433/3433/1106 3434/3434/1106 3435/3435/1106
f 3433/3433/1106 3435/3435/1106 3436/3436/1106
f 3437/3437/1107 3438/3438/1107 3439/3439/1107
f 3437/3437/1107 3439/3439/1107 3440/3440/1107
s 0
f 3441/3441/596 3442/3442/596 3443/3443/596
f 3441/3441/596 3443/3443/596 3444/3444/596
f 3445/3445/597 3446/3446/597 3447/3447/597
f 3445/3445/597 3447/3447/597 3448/3448/597
s 1
f 3449/3449/1108 3450/3450/1108 3451/3451/1108
f 3449/3449/1108 3451/3451/1108 3452/3452/1108
f 3453/3453/1109 3454/3454/1109 3455/3455/1109
f 3453/3453/1109 3455/3455/1109 3456/3456/1110
f 3457/3457/1111 3458/3458/1111 3459/3459/1111
s 0
f 3457/3457/1112 3459/3459/1112 3460/3460/1112
f 3461/3461/1113 3462/3462/1113 3463/3463/1113
f 3461/3461/1113 3463/3463/1113 3464/3464/1113
s 1
f 3465/3465/1114 3466/3466/1114 3467/3467/1114
f 3465/3465/1114 3467/3467/1114 3468/3468/1114
f 3469/3469/1115 3470/3470/1115 3471/3471/1115
f 3469/3469/1115 3471/3471/1115 3472/3472/1115
s 0
f 3473/3473/597 3474/3474/597 3475/3475/597
f 3473/3473/597 3475/3475/597 3476/3476/597
f 3477/3477/596 3478/3478/596 3479/3479/596
f 3477/3477/596 3479/3479/596 3480/3480/596
s 1
f 3481/3481/1116 3482/3482/1116 3483/3483/1116
f 3481/3481/1116 3483/3483/1116 3484/3484/1116
f 3485/3485/1117 3486/3486/1117 3487/3487/1117
f 3485/3485/1117 3487/3487/1117 3488/3488/1118
s 0
f 3489/3489/1119 3490/3490/1119 3491/3491/1119
f 3489/3489/1119 3491/3491/1119 3492/3492/1119
f 3493/3493/1120 3494/3494/1120 3495/3495/1120
f 3493/3493/1120 3495/3495/1120 3496/3496/1120
s 1
f 3497/3497/1121 3498/3498/1121 3499/3499/1121
f 3497/3497/1121 3499/3499/1121 3500/3500/1121
f 3501/3501/1122 3502/3502/1122 3503/3503/1122
f 3501/3501/1122 3503/3503/1122 3504/3504/1122
s 0
f 3505/3505/613 3506/3506/613 3507/3507/613
f 3505/3505/613 3507/3507/613 3508/3508/613
f 3509/3509/614 3510/3510/614 3511/3511/614
f 3509/3509/614 3511/3511/614 3512/3512/614
s 1
f 3513/3513/1123 3514/3514/1123 3515/3515/1123
f 3513/3513/1123 3515/3515/1123 3516/3516/1123
f 3517/3517/1124 3518/3518/1124 3519/3519/1124
f 3517/3517/1124 3519/3519/1124 3520/3520/1125
s 0
f 3521/3521/1126 3522/3522/1126 3523/3523/1126
s 1
f 3521/3521/1126 3523/3523/1126 3524/3524/1126
s 0
f 3525/3525/1127 3526/3526/1127 3527/3527/1127
f 3525/3525/1127 3527/3527/1127 3528/3528/1127
s 1
f 3529/3529/1128 3530/3530/1129 3531/3531/1129
f 3529/3529/1128 3531/3531/1129 3532/3532/1129
f 3533/3533/1130 3534/3534/1131 3535/3535/1132
f 3533/3533/1130 3535/3535/1132 3536/3536/1133
s 0
f 3537/3537/1134 3538/3538/1134 3539/3539/1134
f 3537/3537/1135 3539/3539/1135 3540/3540/1135
f 3541/3541/1136 3542/3542/1136 3543/3543/1136
f 3541/3541/1136 3543/3543/1136 3544/3544/1136
s 1
f 3545/3545/1137 3546/3546/1138 3547/3547/1138
f 3545/3545/1137 3547/3547/1138 3548/3548/1137
f 3549/3549/1139 3550/3550/1139 3551/3551/1140
f 3549/3549/1139 3551/3551/1140 3552/3552/1140
s 0
f 3553/3553/1127 3554/3554/1127 3555/3555/1127
f 3553/3553/1127 3555/3555/1127 3556/3556/1127
f 3557/3557/1126 3558/3558/1126 3559/3559/1126
f 3557/3557/1126 3559/3559/1126 3560/3560/1126
s 1
f 3561/3561/1141 3562/3562/1142 3563/3563/1142
f 3561/3561/1141 3563/3563/1142 3564/3564/1142
f 3565/3565/1143 3566/3566/1143 3567/3567/1144
f 3565/3565/1143 3567/3567/1144 3568/3568/1144
s 0
f 3569/3569/1145 3570/3570/1145 3571/3571/1145
f 3569/3569/1146 3571/3571/1146 3572/3572/1146
f 3573/3573/1147 3574/3574/1147 3575/3575/1147
f 3573/3573/1147 3575/3575/1147 3576/3576/1147
s 1
f 3577/3577/1148 3578/3578/1149 3579/3579/1149
f 3577/3577/1148 3579/3579/1149 3580/3580/1148
f 3581/3581/1150 3582/3582/1150 3583/3583/1151
f 3581/3581/1150 3583/3583/1151 3584/3584/1151
s 0
f 3585/3585/1152 3586/3586/1152 3587/3587/1152
f 3585/3585/1152 3587/3587/1152 3588/3588/1152
f 3589/3589/1153 3590/3590/1153 3591/3591/1153
f 3589/3589/1153 3591/3591/1153 3592/3592/1153
s 1
f 3593/3593/1154 3594/3594/1155 3595/3595/1155
f 3593/3593/1154 3595/3595/1155 3596/3596/1155
f 3597/3597/1156 3598/3598/1156 3599/3599/1157
f 3597/3597/1156 3599/3599/1157 3600/3600/1157
s 0
f 3601/3601/1158 3602/3602/1158 3603/3603/1158
f 3601/3601/1159 3603/3603/1159 3604/3604/1159
f 3605/3605/1160 3606/3606/1160 3607/3607/1160
f 3605/3605/1160 3607/3607/1160 3608/3608/1160
s 1
f 3609/3609/1161 3610/3610/1161 3611/3611/1161
f 3609/3609/1161 3611/3611/1161 3612/3612/1161
f 3613/3613/1162 3614/3614/1163 3615/3615/1163
f 3613/3613/1162 3615/3615/1163 3616/3616/1163
s 0
f 3617/3617/1153 3618/3618/1153 3619/3619/1153
f 3617/3617/1153 3619/3619/1153 3620/3620/1153
f 3621/3621/1152 3622/3622/1152 3623/3623/1152
f 3621/3621/1152 3623/3623/1152 3624/3624/1152
s 1
f 3625/3625/1164 3626/3626/1165 3627/3627/1165
f 3625/3625/1164 3627/3627/1165 3628/3628/1165
f 3629/3629/1166 3630/3630/1166 3631/3631/1167
f 3629/3629/1166 3631/3631/1167 3632/3632/1167
s 0
f 3633/3633/1168 3634/3634/1168 3635/3635/1168
f 3633/3633/1169 3635/3635/1169 3636/3636/1169
f 3637/3637/1170 3638/3638/1170 3639/3639/1170
f 3637/3637/1170 3639/3639/1170 3640/3640/1170
s 1
f 3641/3641/1171 3642/3642/1171 3643/3643/1171
f 3641/3641/1171 3643/3643/1171 3644/3644/1171
f 3645/3645/1172 3646/3646/1172 3647/3647/1173
f 3645/3645/1172 3647/3647/1173 3648/3648/1173
s 0
f 3649/3649/1174 3650/3650/1174 3651/3651/1174
f 3649/3649/1174 3651/3651/1174 3652/3652/1174
f 3653/3653/1175 3654/3654/1175 3655/3655/1175
f 3653/3653/1175 3655/3655/1175 3656/3656/1175
s 1
f 3657/3657/1176 3658/3658/1177 3659/3659/1176
f 3657/3657/1176 3659/3659/1176 3660/3660/1178
f 3661/3661/1179 3662/3662/1180 3663/3663/1181
f 3661/3661/1179 3663/3663/1181 3664/3664/1181
s 0
f 3665/3665/1182 3666/3666/1182 3667/3667/1182
f 3665/3665/1182 3667/3667/1182 3668/3668/1182
f 3669/3669/1183 3670/3670/1183 3671/3671/1183
f 3669/3669/1183 3671/3671/1183 3672/3672/1183
s 1
f 3673/3673/1184 3674/3674/1184 3675/3675/1184
f 3673/3673/1184 3675/3675/1184 3676/3676/1184
f 3677/3677/1185 3678/3678/1186 3679/3679/1186
f 3677/3677/1185 3679/3679/1186 3680/3680/1186
s 0
f 3681/3681/1187 3682/3682/1187 3683/3683/1187
f 3681/3681/1187 3683/3683/1187 3684/3684/1187
f 3685/3685/1188 3686/3686/1188 3687/3687/1188
f 3685/3685/1188 3687/3687/1188 3688/3688/1188
s 1
f 3689/3689/1189 3690/3690/1189 3691/3691/1189
f 3689/3689/1189 3691/3691/1189 3692/3692/1189
f 3693/3693/1190 3694/3694/1190 3695/3695/1191
f 3693/3693/1190 3695/3695/1191 3696/3696/1191
s 0
f 3697/3697/1192 3698/3698/1192 3699/3699/1192
f 3697/3697/1192 3699/3699/1192 3700/3700/1192
f 3701/3701/1193 3702/3702/1193 3703/3703/1193
f 3701/3701/1193 3703/3703/1193 3704/3704/1193
s 1
f 3705/3705/1194 3706/3706/1194 3707/3707/1194
f 3705/3705/1194 3707/3707/1194 3708/3708/1194
f 3709/3709/1195 3710/3710/1195 3711/3711/1196
f 3709/3709/1195 3711/3711/1196 3712/3712/1196
s 0
f 3713/3713/1175 3714/3714/1175 3715/3715/1175
f 3713/3713/1175 3715/3715/1175 3716/3716/1175
f 3717/3717/1174 3718/3718/1174 3719/3719/1174
f 3717/3717/1174 3719/3719/1174 3720/3720/1174
s 1
f 3721/3721/1197 3722/3722/1198 3723/3723/1197
f 3721/3721/1197 3723/3723/1197 3724/3724/1199
f 3725/3725/1200 3726/3726/1200 3727/3727/1201
f 3725/3725/1200 3727/3727/1201 3728/3728/1201
s 0
f 3729/3729/1202 3730/3730/1202 3731/3731/1202
f 3729/3729/1202 3731/3731/1202 3732/3732/1202
f 3733/3733/1203 3734/3734/1203 3735/3735/1203
f 3733/3733/1203 3735/3735/1203 3736/3736/1203
s 1
f 3737/3737/1204 3738/3738/1204 3739/3739/1204
f 3737/3737/1204 3739/3739/1204 3740/3740/1204
f 3741/3741/1205 3742/3742/1206 3743/3743/1206
f 3741/3741/1205 3743/3743/1206 3744/3744/1206
s 0
f 3745/3745/1188 3746/3746/1188 3747/3747/1188
f 3745/3745/1188 3747/3747/1188 3748/3748/1188
f 3749/3749/1187 3750/3750/1187 3751/3751/1187
f 3749/3749/1187 3751/3751/1187 3752/3752/1187
s 1
f 3753/3753/1207 3754/3754/1207 3755/3755/1207
f 3753/3753/1207 3755/3755/1207 3756/3756/1207
f 3757/3757/1208 3758/3758/1209 3759/3759/1209
f 3757/3757/1208 3759/3759/1209 3760/3760/1209
s 0
f 3761/3761/1210 3762/3762/1210 3763/3763/1210
f 3761/3761/1210 3763/3763/1210 3764/3764/1210
f 3765/3765/1211 3766/3766/1211 3767/3767/1211
f 3765/3765/1211 3767/3767/1211 3768/3768/1211
s 1
f 3769/3769/1212 3770/3770/1212 3771/3771/1212
f 3769/3769/1212 3771/3771/1212 3772/3772/1212
f 3773/3773/1213 3774/3774/1213 3775/3775/1214
f 3773/3773/1213 3775/3775/1214 3776/3776/1214
s 0
f 3777/3777/1215 3778/3778/1215 3779/3779/1215
f 3777/3777/1215 3779/3779/1215 3780/3780/1215
f 3781/3781/1216 3782/3782/1216 3783/3783/1216
f 3781/3781/1216 3783/3783/1216 3784/3784/1216
s 1
f 3785/3785/1217 3786/3786/1218 3787/3787/1218
f 3785/3785/1217 3787/3787/1218 3788/3788/1218
f 3789/3789/1219 3790/3790/1220 3791/3791/1221
f 3789/3789/1219 3791/3791/1221 3792/3792/1222
s 0
f 3793/3793/1223 3794/3794/1223 3795/3795/1223
f 3793/3793/1224 3795/3795/1224 3796/3796/1224
f 3797/3797/1225 3798/3798/1225 3799/3799/1225
f 3797/3797/1225 3799/3799/1225 3800/3800/1225
s 1
f 3801/3801/1226 3802/3802/1227 3803/3803/1227
f 3801/3801/1226 3803/3803/1227 3804/3804/1226
f 3805/3805/1228 3806/3806/1229 3807/3807/1230
f 3805/3805/1228 3807/3807/1230 3808/3808/1230
s 0
f 3809/3809/1216 3810/3810/1216 3811/3811/1216
f 3809/3809/1216 3811/3811/1216 3812/3812/1216
f 3813/3813/1215 3814/3814/1215 3815/3815/1215
s 1
f 3813/3813/1215 3815/3815/1215 3816/3816/1215
f 3817/3817/1231 3818/3818/1232 3819/3819/1232
f 3817/3817/1231 3819/3819/1232 3820/3820/1232
f 3821/3821/1233 3822/3822/1234 3823/3823/1235
f 3821/3821/1233 3823/3823/1235 3824/3824/1236
s 0
f 3825/3825/1237 3826/3826/1237 3827/3827/1237
f 3825/3825/1238 3827/3827/1238 3828/3828/1238
f 3829/3829/1239 3830/3830/1239 3831/3831/1239
f 3829/3829/1239 3831/3831/1239 3832/3832/1239
s 1
f 3833/3833/1240 3834/3834/1241 3835/3835/1241
f 3833/3833/1240 3835/3835/1241 3836/3836/1240
f 3837/3837/1242 3838/3838/1242 3839/3839/1243
f 3837/3837/1242 3839/3839/1243 3840/3840/1243
s 0
f 3841/3841/1244 3842/3842/1244 3843/3843/1244
f 3841/3841/1244 3843/3843/1244 3844/3844/1244
f 3845/3845/1245 3846/3846/1245 3847/3847/1245
f 3845/3845/1245 3847/3847/1245 3848/3848/1245
s 1
f 3849/3849/1246 3850/3850/1247 3851/3851/1246
f 3849/3849/1246 3851/3851/1246 3852/3852/1247
f 3853/3853/1248 3854/3854/1248 3855/3855/1249
f 3853/3853/1248 3855/3855/1249 3856/3856/1249
s 0
f 3857/3857/1250 3858/3858/1250 3859/3859/1250
f 3857/3857/1251 3859/3859/1251 3860/3860/1251
f 3861/3861/1252 3862/3862/1252 3863/3863/1252
f 3861/3861/1252 3863/3863/1252 3864/3864/1252
s 1
f 3865/3865/1253 3866/3866/1254 3867/3867/1253
f 3865/3865/1253 3867/3867/1253 3868/3868/1253
f 3869/3869/1255 3870/3870/1256 3871/3871/1256
f 3869/3869/1255 3871/3871/1256 3872/3872/1256
s 0
f 3873/3873/1245 3874/3874/1245 3875/3875/1245
f 3873/3873/1245 3875/3875/1245 3876/3876/1245
f 3877/3877/1244 3878/3878/1244 3879/3879/1244
f 3877/3877/1244 3879/3879/1244 3880/3880/1244
s 1
f 3881/3881/1257 3882/3882/1258 3883/3883/1258
f 3881/3881/1257 3883/3883/1258 3884/3884/1258
f 3885/3885/1259 3886/3886/1259 3887/3887/1260
f 3885/3885/1259 3887/3887/1260 3888/3888/1260
s 0
f 3889/3889/1261 3890/3890/1261 3891/3891/1261
f 3889/3889/1261 3891/3891/1261 3892/3892/1261
f 3893/3893/1262 3894/3894/1262 3895/3895/1262
f 3893/3893/1262 3895/3895/1262 3896/3896/1262
s 1
f 3897/3897/1263 3898/3898/1263 3899/3899/1263
f 3897/3897/1263 3899/3899/1263 3900/3900/1263
f 3901/3901/1264 3902/3902/1265 3903/3903/1265
f 3901/3901/1264 3903/3903/1265 3904/3904/1265
s 0
f 3905/3905/1266 3906/3906/1266 3907/3907/1266
f 3905/3905/1266 3907/3907/1266 3908/3908/1266
f 3909/3909/1267 3910/3910/1267 3911/3911/1267
f 3909/3909/1267 3911/3911/1267 3912/3912/1267
s 1
f 3913/3913/1268 3914/3914/1269 3915/3915/1269
f 3913/3913/1268 3915/3915/1269 3916/3916/1270
f 3917/3917/1271 3918/3918/1272 3919/3919/1273
f 3917/3917/1271 3919/3919/1273 3920/3920/1273
s 0
f 3921/3921/1274 3922/3922/1274 3923/3923/1274
f 3921/3921/1275 3923/3923/1275 3924/3924/1275
f 3925/3925/1276 3926/3926/1276 3927/3927/1276
f 3925/3925/1276 3927/3927/1276 3928/3928/1276
s 1
f 3929/3929/1277 3930/3930/1277 3931/3931/1277
f 3929/3929/1277 3931/3931/1277 3932/3932/1277
f 3933/3933/1278 3934/3934/1279 3935/3935/1278
f 3933/3933/1278 3935/3935/1278 3936/3936/1278
s 0
f 3937/3937/1267 3938/3938/1267 3939/3939/1267
f 3937/3937/1267 3939/3939/1267 3940/3940/1267
f 3941/3941/1266 3942/3942/1266 3943/3943/1266
f 3941/3941/1266 3943/3943/1266 3944/3944/1266
s 1
f 3945/3945/1280 3946/3946/1281 3947/3947/1281
f 3945/3945/1280 3947/3947/1281 3948/3948/1282
f 3949/3949/1283 3950/3950/1284 3951/3951/1285
f 3949/3949/1283 3951/3951/1285 3952/3952/1285
s 0
f 3953/3953/1286 3954/3954/1286 3955/3955/1286
f 3953/3953/1286 3955/3955/1286 3956/3956/1286
f 3957/3957/1287 3958/3958/1287 3959/3959/1287
f 3957/3957/1287 3959/3959/1287 3960/3960/1287
s 1
f 3961/3961/1288 3962/3962/1288 3963/3963/1288
f 3961/3961/1288 3963/3963/1288 3964/3964/1288
f 3965/3965/1289 3966/3966/1289 3967/3967/1290
f 3965/3965/1289 3967/3967/1290 3968/3968/1290
s 0
f 3969/3969/1291 3970/3970/1291 3971/3971/1291
f 3969/3969/1291 3971/3971/1291 3972/3972/1291
f 3973/3973/1292 3974/3974/1292 3975/3975/1292
f 3973/3973/1292 3975/3975/1292 3976/3976/1292
s 1
f 3977/3977/1293 3978/3978/1294 3979/3979/1294
f 3977/3977/1293 3979/3979/1294 3980/3980/1294
f 3981/3981/1295 3982/3982/1295 3983/3983/1296
f 3981/3981/1295 3983/3983/1296 3984/3984/1296
s 0
f 3985/3985/1297 3986/3986/1297 3987/3987/1297
f 3985/3985/1297 3987/3987/1297 3988/3988/1297
f 3989/3989/1298 3990/3990/1298 3991/3991/1298
f 3989/3989/1298 3991/3991/1298 3992/3992/1298
s 1
f 3993/3993/1299 3994/3994/1299 3995/3995/1299
f 3993/3993/1299 3995/3995/1299 3996/3996/1299
f 3997/3997/1300 3998/3998/1300 3999/3999/1301
f 3997/3997/1300 3999/3999/1301 4000/4000/1301
s 0
f 4001/4001/1292 4002/4002/1292 4003/4003/1292
f 4001/4001/1292 4003/4003/1292 4004/4004/1292
f 4005/4005/1291 4006/4006/1291 4007/4007/1291
f 4005/4005/1291 4007/4007/1291 4008/4008/1291
s 1
f 4009/4009/1302 4010/4010/1303 4011/4011/1303
f 4009/4009/1302 4011/4011/1303 4012/4012/1303
f 4013/4013/1304 4014/4014/1304 4015/4015/1305
f 4013/4013/1304 4015/4015/1305 4016/4016/1305
s 0
f 4017/4017/1306 4018/4018/1306 4019/4019/1306
f 4017/4017/1306 4019/4019/1306 4020/4020/1306
f 4021/4021/1307 4022/4022/1307 4023/4023/1307
f 4021/4021/1307 4023/4023/1307 4024/4024/1307
s 1
f 4025/4025/1308 4026/4026/1308 4027/4027/1308
f 4025/4025/1308 4027/4027/1308 4028/4028/1308
f 4029/4029/1309 4030/4030/1310 4031/4031/1310
f 4029/4029/1309 4031/4031/1310 4032/4032/1311
f 4033/4033/1312 4034/4034/1313 4035/4035/1313
f 4033/4033/1312 4035/4035/1313 4036/4036/1312
f 4037/4037/1314 4038/4038/1315 4039/4039/1315
f 4037/4037/1314 4039/4039/1315 4040/4040/1315
f 4041/4041/1316 4042/4042/1317 4043/4043/1316
f 4041/4041/1316 4043/4043/1316 4044/4044/1316
f 4045/4045/1318 4046/4046/1319 4047/4047/1319
f 4045/4045/1318 4047/4047/1319 4048/4048/1319
s 0
f 4049/4049/1320 4050/4050/1320 4051/4051/1320
f 4049/4049/1320 4051/4051/1320 4052/4052/1320
f 4053/4053/1321 4054/4054/1321 4055/4055/1321
f 4053/4053/1321 4055/4055/1321 4056/4056/1321
f 4057/4057/1322 4058/4058/1322 4059/4059/1322
f 4057/4057/1322 4059/4059/1322 4060/4060/1322
f 4061/4061/1323 4062/4062/1323 4063/4063/1323
f 4061/4061/1323 4063/4063/1323 4064/4064/1323
f 4065/4065/1324 4066/4066/1324 4067/4067/1324
f 4065/4065/1324 4067/4067/1324 4068/4068/1324
f 4069/4069/1325 4070/4070/1325 4071/4071/1325
f 4069/4069/1325 4071/4071/1325 4072/4072/1325
s 1
f 4073/4073/1326 4074/4074/1326 4075/4075/1326
f 4073/4073/1326 4075/4075/1326 4076/4076/1326
f 4077/4077/1327 4078/4078/1327 4079/4079/1327
f 4077/4077/1327 4079/4079/1327 4080/4080/1328
s 0
f 4081/4081/1329 4082/4082/1329 4083/4083/1329
f 4081/4081/1329 4083/4083/1329 4084/4084/1329
f 4085/4085/1330 4086/4086/1330 4087/4087/1330
f 4085/4085/1331 4087/4087/1331 4088/4088/1331
s 1
f 4089/4089/1332 4090/4090/1332 4091/4091/1332
f 4089/4089/1332 4091/4091/1332 4092/4092/1332
f 4093/4093/1333 4094/4094/1333 4095/4095/1333
f 4093/4093/1333 4095/4095/1333 4096/4096/1333
s 0
f 4097/4097/1334 4098/4098/1334 4099/4099/1334
f 4097/4097/1334 4099/4099/1334 4100/4100/1334
f 4101/4101/1335 4102/4102/1335 4103/4103/1335
f 4101/4101/1335 4103/4103/1335 4104/4104/1335
s 1
f 4105/4105/1336 4106/4106/1337 4107/4107/1336
f 4105/4105/1336 4107/4107/1336 4108/4108/1337
f 4109/4109/1338 4110/4110/1339 4111/4111/1339
f 4109/4109/1338 4111/4111/1339 4112/4112/1338
s 0
f 4113/4113/1340 4114/4114/1340 4115/4115/1340
f 4113/4113/1340 4115/4115/1340 4116/4116/1340
f 4117/4117/1341 4118/4118/1341 4119/4119/1341
f 4117/4117/1342 4119/4119/1342 4120/4120/1342
s 1
f 4121/4121/1343 4122/4122/1343 4123/4123/1343
f 4121/4121/1343 4123/4123/1343 4124/4124/1343
f 4125/4125/1344 4126/4126/1344 4127/4127/1344
f 4125/4125/1344 4127/4127/1344 4128/4128/1344
f 4129/4129/1345 4130/4130/1346 4131/4131/1345
f 4129/4129/1345 4131/4131/1345 4132/4132/1345
f 4133/4133/1347 4134/4134/1348 4135/4135/1349
f 4133/4133/1347 4135/4135/1349 4136/4136/1348
s 0
f 4137/4137/1350 4138/4138/1350 4139/4139/1350
f 4137/4137/1350 4139/4139/1350 4140/4140/1350
f 4141/4141/1351 4142/4142/1351 4143/4143/1351
f 4141/4141/1352 4143/4143/1352 4144/4144/1352
f 4145/4145/1353 4146/4146/1353 4147/4147/1353
f 4145/4145/1353 4147/4147/1353 4148/4148/1353
f 4149/4149/1354 4150/4150/1354 4151/4151/1354
s 1
f 4149/4149/1355 4151/4151/1355 4152/4152/1355
f 4153/4153/1356 4154/4154/1356 4155/4155/1356
f 4153/4153/1356 4155/4155/1356 4156/4156/1356
f 4157/4157/1357 4158/4158/1358 4159/4159/1357
f 4157/4157/1357 4159/4159/1357 4160/4160/1358
f 4161/4161/1359 4162/4162/1359 4163/4163/1359
f 4161/4161/1359 4163/4163/1359 4164/4164/1359
f 4165/4165/1360 4166/4166/1360 4167/4167/1360
f 4165/4165/1360 4167/4167/1360 4168/4168/1360
s 0
f 4169/4169/1361 4170/4170/1361 4171/4171/1361
f 4169/4169/1361 4171/4171/1361 4172/4172/1361
f 4173/4173/1362 4174/4174/1362 4175/4175/1362
f 4173/4173/1363 4175/4175/1363 4176/4176/1363
s 1
f 4177/4177/1364 4178/4178/1365 4179/4179/1364
f 4177/4177/1364 4179/4179/1364 4180/4180/1365
f 4181/4181/1366 4182/4182/1366 4183/4183/1366
f 4181/4181/1366 4183/4183/1366 4184/4184/1366
s 0
f 4185/4185/1367 4186/4186/1367 4187/4187/1367
f 4185/4185/1367 4187/4187/1367 4188/4188/1367
f 4189/4189/1368 4190/4190/1368 4191/4191/1368
f 4189/4189/1369 4191/4191/1369 4192/4192/1369
f 4193/4193/1370 4194/4194/1370 4195/4195/1370
f 4193/4193/1370 4195/4195/1370 4196/4196/1370
f 4197/4197/1371 4198/4198/1371 4199/4199/1371
f 4197/4197/1371 4199/4199/1371 4200/4200/1371
f 4201/4201/1372 4202/4202/1372 4203/4203/1372
f 4201/4201/1372 4203/4203/1372 4204/4204/1372
f 4205/4205/1373 4206/4206/1373 4207/4207/1373
f 4205/4205/1373 4207/4207/1373 4208/4208/1373
f 4209/4209/1374 4210/4210/1374 4211/4211/1374
f 4209/4209/1374 4211/4211/1374 4212/4212/1374
f 4213/4213/1375 4214/4214/1375 4215/4215/1375
f 4213/4213/1375 4215/4215/1375 4216/4216/1375
f 4217/4217/1376 4218/4218/1376 4219/4219/1376
f 4217/4217/1376 4219/4219/1376 4220/4220/1376
f 4221/4221/1377 4222/4222/1377 4223/4223/1377
f 4221/4221/1377 4223/4223/1377 4224/4224/1377
f 4225/4225/1370 4226/4226/1370 4227/4227/1370
f 4225/4225/1370 4227/4227/1370 4228/4228/1370
s 1
f 4229/4229/1371 4230/4230/1371 4231/4231/1371
s 0
f 4229/4229/1371 4231/4231/1371 4232/4232/1371
f 4233/4233/1378 4234/4234/1378 4235/4235/1378
f 4233/4233/1378 4235/4235/1378 4236/4236/1378
f 4237/4237/1379 4238/4238/1379 4239/4239/1379
f 4237/4237/1379 4239/4239/1379 4240/4240/1379
f 4241/4241/1380 4242/4242/1380 4243/4243/1380
f 4241/4241/1380 4243/4243/1380 4244/4244/1380
f 4245/4245/1381 4246/4246/1381 4247/4247/1381
f 4245/4245/1381 4247/4247/1381 4248/4248/1381
f 4249/4249/1382 4250/4250/1382 4251/4251/1382
f 4249/4249/1382 4251/4251/1382 4252/4252/1382
f 4253/4253/1383 4254/4254/1383 4255/4255/1383
f 4253/4253/1383 4255/4255/1383 4256/4256/1383
s 1
f 4257/4257/1384 4258/4258/1385 4259/4259/1385
f 4257/4257/1384 4259/4259/1385 4260/4260/1384
f 4261/4261/1386 4262/4262/1386 4263/4263/1387
f 4261/4261/1386 4263/4263/1387 4264/4264/1387
s 0
f 4265/4265/1388 4266/4266/1388 4267/4267/1388
f 4265/4265/1388 4267/4267/1388 4268/4268/1388
f 4269/4269/1389 4270/4270/1389 4271/4271/1389
f 4269/4269/1390 4271/4271/1390 4272/4272/1390
s 1
f 4273/4273/1391 4274/4274/1391 4275/4275/1391
f 4273/4273/1391 4275/4275/1391 4276/4276/1391
f 4277/4277/1392 4278/4278/1392 4279/4279/1392
f 4277/4277/1392 4279/4279/1392 4280/4280/1392
s 0
f 4281/4281/1393 4282/4282/1393 4283/4283/1393
f 4281/4281/1393 4283/4283/1393 4284/4284/1393
f 4285/4285/1394 4286/4286/1394 4287/4287/1394
f 4285/4285/1394 4287/4287/1394 4288/4288/1394
s 1
f 4289/4289/1395 4290/4290/1395 4291/4291/1395
f 4289/4289/1395 4291/4291/1395 4292/4292/1395
f 4293/4293/1396 4294/4294/1396 4295/4295/1396
f 4293/4293/1396 4295/4295/1396 4296/4296/1396
s 0
f 4297/4297/1378 4298/4298/1378 4299/4299/1378
f 4297/4297/1378 4299/4299/1378 4300/4300/1378
f 4301/4301/1379 4302/4302/1379 4303/4303/1379
s 1
f 4301/4301/1379 4303/4303/1379 4304/4304/1379
f 4305/4305/1397 4306/4306/1398 4307/4307/1398
f 4305/4305/1397 4307/4307/1398 4308/4308/1397
f 4309/4309/1399 4310/4310/1399 4311/4311/1400
f 4309/4309/1399 4311/4311/1400 4312/4312/1400
s 0
f 4313/4313/1401 4314/4314/1401 4315/4315/1401
f 4313/4313/1401 4315/4315/1401 4316/4316/1401
f 4317/4317/1402 4318/4318/1402 4319/4319/1402
f 4317/4317/1403 4319/4319/1403 4320/4320/1403
f 4321/4321/1334 4322/4322/1334 4323/4323/1334
f 4321/4321/1334 4323/4323/1334 4324/4324/1334
f 4325/4325/1335 4326/4326/1335 4327/4327/1335
f 4325/4325/1335 4327/4327/1335 4328/4328/1335
f 4329/4329/1372 4330/4330/1372 4331/4331/1372
s 1
f 4329/4329/1372 4331/4331/1372 4332/4332/1372
s 0
f 4333/4333/1373 4334/4334/1373 4335/4335/1373
s 1
f 4333/4333/1373 4335/4335/1373 4336/4336/1373
s 0
f 4337/4337/1404 4338/4338/1404 4339/4339/1404
f 4337/4337/1404 4339/4339/1404 4340/4340/1404
f 4341/4341/1405 4342/4342/1405 4343/4343/1405
f 4341/4341/1405 4343/4343/1405 4344/4344/1405
f 4345/4345/1393 4346/4346/1393 4347/4347/1393
f 4345/4345/1393 4347/4347/1393 4348/4348/1393
f 4349/4349/1394 4350/4350/1394 4351/4351/1394
f 4349/4349/1394 4351/4351/1394 4352/4352/1394
f 4353/4353/1324 4354/4354/1324 4355/4355/1324
f 4353/4353/1324 4355/4355/1324 4356/4356/1324
f 4357/4357/1325 4358/4358/1325 4359/4359/1325
f 4357/4357/1325 4359/4359/1325 4360/4360/1325
f 4361/4361/1361 4362/4362/1361 4363/4363/1361
f 4361/4361/1361 4363/4363/1361 4364/4364/1361
f 4365/4365/1363 4366/4366/1363 4367/4367/1363
f 4365/4365/1363 4367/4367/1363 4368/4368/1363
s 1
f 4369/4369/1404 4370/4370/1404 4371/4371/1404
s 0
f 4369/4369/1404 4371/4371/1404 4372/4372/1404
f 4373/4373/1405 4374/4374/1405 4375/4375/1405
f 4373/4373/1405 4375/4375/1405 4376/4376/1405
f 4377/4377/1382 4378/4378/1382 4379/4379/1382
f 4377/4377/1382 4379/4379/1382 4380/4380/1382
f 4381/4381/1383 4382/4382/1383 4383/4383/1383
f 4381/4381/1383 4383/4383/1383 4384/4384/1383
s 1
f 4385/4385/1406 4386/4386/1407 4387/4387/1406
f 4385/4385/1406 4387/4387/1406 4388/4388/1407
f 4389/4389/1408 4390/4390/1408 4391/4391/1408
f 4389/4389/1408 4391/4391/1408 4392/4392/1408
s 0
f 4393/4393/1409 4394/4394/1409 4395/4395/1409
f 4393/4393/1410 4395/4395/1410 4396/4396/1410
f 4397/4397/1411 4398/4398/1411 4399/4399/1411
f 4397/4397/1412 4399/4399/1412 4400/4400/1412
s 1
f 4401/4401/1413 4402/4402/1413 4403/4403/1413
f 4401/4401/1413 4403/4403/1413 4404/4404/1413
f 4405/4405/1414 4406/4406/1415 4407/4407/1415
f 4405/4405/1414 4407/4407/1415 4408/4408/1415
s 0
f 4409/4409/1376 4410/4410/1376 4411/4411/1376
f 4409/4409/1376 4411/4411/1376 4412/4412/1376
f 4413/4413/1377 4414/4414/1377 4415/4415/1377
f 4413/4413/1377 4415/4415/1377 4416/4416/1377
f 4417/4417/1416 4418/4418/1416 4419/4419/1416
f 4417/4417/1416 4419/4419/1416 4420/4420/1416
f 4421/4421/1417 4422/4422/1417 4423/4423/1417
f 4421/4421/1418 4423/4423/1418 4424/4424/1418
s 1
f 4425/4425/1419 4426/4426/1419 4427/4427/1419
f 4425/4425/1419 4427/4427/1419 4428/4428/1420
f 4429/4429/1421 4430/4430/1422 4431/4431/1421
f 4429/4429/1421 4431/4431/1421 4432/4432/1422
f 4433/4433/1423 4434/4434/1424 4435/4435/1423
f 4433/4433/1423 4435/4435/1423 4436/4436/1423
f 4437/4437/1425 4438/4438/1425 4439/4439/1426
f 4437/4437/1425 4439/4439/1426 4440/4440/1427
s 0
f 4441/4441/1428 4442/4442/1428 4443/4443/1428
f 4441/4441/1428 4443/4443/1428 4444/4444/1428
f 4445/4445/1429 4446/4446/1429 4447/4447/1429
f 4445/4445/1430 4447/4447/1430 4448/4448/1430
f 4449/4449/1431 4450/4450/1431 4451/4451/1431
f 4449/4449/1431 4451/4451/1431 4452/4452/1431
f 4453/4453/1432 4454/4454/1432 4455/4455/1432
f 4453/4453/1433 4455/4455/1433 4456/4456/1433
s 1
f 4457/4457/1434 4458/4458/1434 4459/4459/1434
f 4457/4457/1434 4459/4459/1434 4460/4460/1434
f 4461/4461/1435 4462/4462/1435 4463/4463/1435
f 4461/4461/1435 4463/4463/1435 4464/4464/1435
s 0
f 4465/4465/1380 4466/4466/1380 4467/4467/1380
f 4465/4465/1380 4467/4467/1380 4468/4468/1380
f 4469/4469/1381 4470/4470/1381 4471/4471/1381
f 4469/4469/1381 4471/4471/1381 4472/4472/1381
s 1
f 4473/4473/1436 4474/4474/1437 4475/4475/1436
f 4473/4473/1436 4475/4475/1436 4476/4476/1437
f 4477/4477/1438 4478/4478/1439 4479/4479/1439
f 4477/4477/1438 4479/4479/1439 4480/4480/1439
s 0
f 4481/4481/1440 4482/4482/1440 4483/4483/1440
f 4481/4481/1440 4483/4483/1440 4484/4484/1440
f 4485/4485/1441 4486/4486/1441 4487/4487/1441
f 4485/4485/1442 4487/4487/1442 4488/4488/1442
s 1
f 4489/4489/1443 4490/4490/1443 4491/4491/1443
f 4489/4489/1443 4491/4491/1443 4492/4492/1443
f 4493/4493/1444 4494/4494/1444 4495/4495/1444
f 4493/4493/1444 4495/4495/1444 4496/4496/1444
s 0
f 4497/4497/1374 4498/4498/1374 4499/4499/1374
f 4497/4497/1374 4499/4499/1374 4500/4500/1374
f 4501/4501/1375 4502/4502/1375 4503/4503/1375
f 4501/4501/1375 4503/4503/1375 4504/4504/1375
s 1
f 4505/4505/1445 4506/4506/1445 4507/4507/1445
f 4505/4505/1445 4507/4507/1445 4508/4508/1445
f 4509/4509/1446 4510/4510/1446 4511/4511/1446
f 4509/4509/1446 4511/4511/1446 4512/4512/1447
s 0
f 4513/4513/1448 4514/4514/1448 4515/4515/1448
f 4513/4513/1448 4515/4515/1448 4516/4516/1448
f 4517/4517/1449 4518/4518/1449 4519/4519/1449
f 4517/4517/1449 4519/4519/1449 4520/4520/1449
f 4521/4521/1450 4522/4522/1450 4523/4523/1450
f 4521/4521/1450 4523/4523/1450 4524/4524/1450
f 4525/4525/1451 4526/4526/1451 4527/4527/1451
f 4525/4525/1451 4527/4527/1451 4528/4528/1451
s 1
f 4529/4529/1452 4530/4530/1453 4531/4531/1453
f 4529/4529/1452 4531/4531/1453 4532/4532/1453
f 4533/4533/1454 4534/4534/1454 4535/4535/1454
f 4533/4533/1454 4535/4535/1454 4536/4536/1455
f 4537/4537/1456 4538/4538/1457 4539/4539/1456
f 4537/4537/1456 4539/4539/1456 4540/4540/1456
f 4541/4541/1458 4542/4542/1459 4543/4543/1459
f 4541/4541/1458 4543/4543/1459 4544/4544/1459
f 4545/4545/1460 4546/4546/1460 4547/4547/1460
f 4545/4545/1460 4547/4547/1460 4548/4548/1460
f 4549/4549/1461 4550/4550/1461 4551/4551/1461
f 4549/4549/1461 4551/4551/1461 4552/4552/1461
f 4553/4553/1462 4554/4554/1462 4555/4555/1462
f 4553/4553/1462 4555/4555/1462 4556/4556/1463
f 4557/4557/1464 4558/4558/1464 4559/4559/1464
f 4557/4557/1464 4559/4559/1464 4560/4560/1464
f 4561/4561/1465 4562/4562/1465 4563/4563/1465
f 4561/4561/1465 4563/4563/1465 4564/4564/1465
f 4565/4565/1466 4566/4566/1466 4567/4567/1466
f 4565/4565/1466 4567/4567/1466 4568/4568/1466
f 4569/4569/1467 4570/4570/1468 4571/4571/1467
f 4569/4569/1467 4571/4571/1467 4572/4572/1468
f 4573/4573/1469 4574/4574/1470 4575/4575/1470
f 4573/4573/1469 4575/4575/1470 4576/4576/1470
f 4577/4577/1471 4578/4578/1471 4579/4579/1471
f 4577/4577/1471 4579/4579/1471 4580/4580/1471
f 4581/4581/1472 4582/4582/1472 4583/4583/1472
f 4581/4581/1472 4583/4583/1472 4584/4584/1472
f 4585/4585/1473 4586/4586/1473 4587/4587/1474
f 4585/4585/1473 4587/4587/1474 4588/4588/1473
f 4589/4589/1475 4590/4590/1475 4591/4591/1475
f 4589/4589/1475 4591/4591/1475 4592/4592/1475
f 4593/4593/1476 4594/4594/1477 4595/4595/1476
f 4593/4593/1476 4595/4595/1476 4596/4596/1476
f 4597/4597/1478 4598/4598/1478 4599/4599/1478
f 4597/4597/1478 4599/4599/1478 4600/4600/1478
f 4601/4601/1479 4602/4602/1479 4603/4603/1479
f 4601/4601/1479 4603/4603/1479 4604/4604/1480
f 4605/4605/1481 4606/4606/1481 4607/4607/1481
f 4605/4605/1481 4607/4607/1481 4608/4608/1481
s 0
f 4609/4609/1482 4610/4610/1482 4611/4611/1482
f 4609/4609/1482 4611/4611/1482 4612/4612/1482
f 4613/4613/1483 4614/4614/1483 4615/4615/1483
f 4613/4613/1483 4615/4615/1483 4616/4616/1483
s 1
f 4617/4617/1484 4618/4618/1484 4619/4619/1484
f 4617/4617/1484 4619/4619/1484 4620/4620/1484
f 4621/4621/1485 4622/4622/1485 4623/4623/1486
f 4621/4621/1485 4623/4623/1486 4624/4624/1486
s 0
f 4625/4625/1487 4626/4626/1487 4627/4627/1487
f 4625/4625/1487 4627/4627/1487 4628/4628/1487
f 4629/4629/1488 4630/4630/1488 4631/4631/1488
f 4629/4629/1488 4631/4631/1488 4632/4632/1488
s 1
f 4633/4633/1489 4634/4634/1490 4635/4635/1489
f 4633/4633/1489 4635/4635/1489 4636/4636/1491
f 4637/4637/1492 4638/4638/1492 4639/4639/1492
f 4637/4637/1492 4639/4639/1492 4640/4640/1492
f 4641/4641/1493 4642/4642/1493 4643/4643/1493
f 4641/4641/1493 4643/4643/1493 4644/4644/1493
f 4645/4645/1494 4646/4646/1494 4647/4647/1494
f 4645/4645/1494 4647/4647/1494 4648/4648/1494
f 4649/4649/1495 4650/4650/1496 4651/4651/1495
f 4649/4649/1495 4651/4651/1495 4652/4652/1497
f 4653/4653/1498 4654/4654/1498 4655/4655/1498
f 4653/4653/1498 4655/4655/1498 4656/4656/1498
f 4657/4657/1499 4658/4658/1499 4659/4659/1499
f 4657/4657/1499 4659/4659/1499 4660/4660/1499
f 4661/4661/1500 4662/4662/1500 4663/4663/1500
f 4661/4661/1500 4663/4663/1500 4664/4664/1500
f 4665/4665/1501 4666/4666/1502 4667/4667/1501
f 4665/4665/1501 4667/4667/1501 4668/4668/1503
f 4669/4669/1504 4670/4670/1504 4671/4671/1504
f 4669/4669/1504 4671/4671/1504 4672/4672/1504
f 4673/4673/1505 4674/4674/1505 4675/4675/1505
f 4673/4673/1505 4675/4675/1505 4676/4676/1505
f 4677/4677/1506 4678/4678/1506 4679/4679/1506
f 4677/4677/1506 4679/4679/1506 4680/4680/1506
f 4681/4681/1507 4682/4682/1507 4683/4683/1508
f 4681/4681/1507 4683/4683/1508 4684/4684/1507
f 4685/4685/1509 4686/4686/1509 4687/4687/1509
f 4685/4685/1509 4687/4687/1509 4688/4688/1509
f 4689/4689/1510 4690/4690/1511 4691/4691/1510
f 4689/4689/1510 4691/4691/1510 4692/4692/1510
f 4693/4693/1512 4694/4694/1512 4695/4695/1512
f 4693/4693/1512 4695/4695/1512 4696/4696/1512
f 4697/4697/1513 4698/4698/1513 4699/4699/1513
f 4697/4697/1513 4699/4699/1513 4700/4700/1514
f 4701/4701/1515 4702/4702/1516 4703/4703/1516
f 4701/4701/1515 4703/4703/1516 4704/4704/1516
s 0
f 4705/4705/1517 4706/4706/1517 4707/4707/1517
f 4705/4705/1517 4707/4707/1517 4708/4708/1517
f 4709/4709/1518 4710/4710/1518 4711/4711/1518
f 4709/4709/1519 4711/4711/1519 4712/4712/1519
s 1
f 4713/4713/1520 4714/4714/1520 4715/4715/1520
f 4713/4713/1520 4715/4715/1520 4716/4716/1521
f 4717/4717/1522 4718/4718/1522 4719/4719/1522
f 4717/4717/1522 4719/4719/1522 4720/4720/1523
s 0
f 4721/4721/1524 4722/4722/1524 4723/4723/1524
f 4721/4721/1524 4723/4723/1524 4724/4724/1524
f 4725/4725/1525 4726/4726/1525 4727/4727/1525
f 4725/4725/1525 4727/4727/1525 4728/4728/1525
s 1
f 4729/4729/1526 4730/4730/1526 4731/4731/1527
f 4729/4729/1526 4731/4731/1527 4732/4732/1526
f 4733/4733/1528 4734/4734/1528 4735/4735/1528
f 4733/4733/1528 4735/4735/1528 4736/4736/1528
f 4737/4737/1529 4738/4738/1529 4739/4739/1529
f 4737/4737/1529 4739/4739/1529 4740/4740/1529
f 4741/4741/1530 4742/4742/1530 4743/4743/1530
f 4741/4741/1530 4743/4743/1530 4744/4744/1530
f 4745/4745/1531 4746/4746/1531 4747/4747/1532
f 4745/4745/1531 4747/4747/1532 4748/4748/1531
f 4749/4749/1533 4750/4750/1533 4751/4751/1533
f 4749/4749/1533 4751/4751/1533 4752/4752/1533
f 4753/4753/1534 4754/4754/1534 4755/4755/1534
f 4753/4753/1534 4755/4755/1534 4756/4756/1534
f 4757/4757/1535 4758/4758/1535 4759/4759/1535
f 4757/4757/1535 4759/4759/1535 4760/4760/1535
f 4761/4761/1536 4762/4762/1537 4763/4763/1537
f 4761/4761/1536 4763/4763/1537 4764/4764/1536
f 4765/4765/1538 4766/4766/1538 4767/4767/1538
f 4765/4765/1538 4767/4767/1538 4768/4768/1539
s 0
f 4769/4769/1540 4770/4770/1540 4771/4771/1540
f 4769/4769/1540 4771/4771/1540 4772/4772/1540
f 4773/4773/1541 4774/4774/1541 4775/4775/1541
f 4773/4773/1541 4775/4775/1541 4776/4776/1541
s 1
f 4777/4777/1542 4778/4778/1543 4779/4779/1543
f 4777/4777/1542 4779/4779/1543 4780/4780/1542
f 4781/4781/1544 4782/4782/1544 4783/4783/1544
f 4781/4781/1544 4783/4783/1544 4784/4784/1545
s 0
f 4785/4785/1546 4786/4786/1546 4787/4787/1546
f 4785/4785/1546 4787/4787/1546 4788/4788/1546
f 4789/4789/1547 4790/4790/1547 4791/4791/1547
f 4789/4789/1547 4791/4791/1547 4792/4792/1547
s 1
f 4793/4793/1548 4794/4794/1548 4795/4795/1549
f 4793/4793/1548 4795/4795/1549 4796/4796/1549
f 4797/4797/1550 4798/4798/1550 4799/4799/1550
f 4797/4797/1550 4799/4799/1550 4800/4800/1550
f 4801/4801/1551 4802/4802/1551 4803/4803/1551
f 4801/4801/1551 4803/4803/1551 4804/4804/1551
f 4805/4805/1552 4806/4806/1553 4807/4807/1553
f 4805/4805/1552 4807/4807/1553 4808/4808/1552
f 4809/4809/1554 4810/4810/1555 4811/4811/1554
f 4809/4809/1554 4811/4811/1554 4812/4812/1556
f 4813/4813/1557 4814/4814/1557 4815/4815/1557
f 4813/4813/1557 4815/4815/1557 4816/4816/1557
f 4817/4817/1558 4818/4818/1558 4819/4819/1558
f 4817/4817/1558 4819/4819/1558 4820/4820/1559
f 4821/4821/1560 4822/4822/1560 4823/4823/1560
f 4821/4821/1560 4823/4823/1560 4824/4824/1560
f 4825/4825/1561 4826/4826/1562 4827/4827/1562
f 4825/4825/1561 4827/4827/1562 4828/4828/1562
f 4829/4829/1563 4830/4830/1563 4831/4831/1563
f 4829/4829/1563 4831/4831/1563 4832/4832/1563
f 4833/4833/1564 4834/4834/1564 4835/4835/1564
f 4833/4833/1564 4835/4835/1564 4836/4836/1564
f 4837/4837/1565 4838/4838/1565 4839/4839/1565
f 4837/4837/1565 4839/4839/1565 4840/4840/1565
f 4841/4841/1566 4842/4842/1566 4843/4843/1566
f 4841/4841/1566 4843/4843/1566 4844/4844/1566
f 4845/4845/1567 4846/4846/1567 4847/4847/1567
f 4845/4845/1567 4847/4847/1567 4848/4848/1567
f 4849/4849/1568 4850/4850/1568 4851/4851/1568
f 4849/4849/1568 4851/4851/1568 4852/4852/1568
f 4853/4853/1569 4854/4854/1569 4855/4855/1569
f 4853/4853/1569 4855/4855/1569 4856/4856/1569
f 4857/4857/1570 4858/4858/1570 4859/4859/1570
f 4857/4857/1570 4859/4859/1570 4860/4860/1570
f 4861/4861/1571 4862/4862/1572 4863/4863/1573
f 4861/4861/1571 4863/4863/1573 4864/4864/1573
f 4865/4865/1574 4866/4866/1574 4867/4867/1574
f 4865/4865/1574 4867/4867/1574 4868/4868/1574
f 4869/4869/1575 4870/4870/1575 4871/4871/1576
f 4869/4869/1575 4871/4871/1576 4872/4872/1575
s 0
f 4873/4873/1577 4874/4874/1577 4875/4875/1577
f 4873/4873/1578 4875/4875/1578 4876/4876/1578
f 4877/4877/1579 4878/4878/1579 4879/4879/1579
f 4877/4877/1579 4879/4879/1579 4880/4880/1579
s 1
f 4881/4881/1580 4882/4882/1581 4883/4883/1582
f 4881/4881/1580 4883/4883/1582 4884/4884/1581
f 4885/4885/1583 4886/4886/1583 4887/4887/1584
f 4885/4885/1583 4887/4887/1584 4888/4888/1583
s 0
f 4889/4889/1585 4890/4890/1585 4891/4891/1585
f 4889/4889/1585 4891/4891/1585 4892/4892/1585
f 4893/4893/1586 4894/4894/1586 4895/4895/1586
f 4893/4893/1586 4895/4895/1586 4896/4896/1586
s 1
f 4897/4897/1587 4898/4898/1587 4899/4899/1587
f 4897/4897/1587 4899/4899/1587 4900/4900/1587
f 4901/4901/1588 4902/4902/1588 4903/4903/1588
f 4901/4901/1588 4903/4903/1588 4904/4904/1588
s 0
f 4905/4905/1589 4906/4906/1589 4907/4907/1589
f 4905/4905/1589 4907/4907/1589 4908/4908/1589
f 4909/4909/1590 4910/4910/1590 4911/4911/1590
f 4909/4909/1590 4911/4911/1590 4912/4912/1590
s 1
f 4913/4913/1591 4914/4914/1591 4915/4915/1591
f 4913/4913/1591 4915/4915/1591 4916/4916/1591
f 4917/4917/1592 4918/4918/1592 4919/4919/1593
f 4917/4917/1592 4919/4919/1593 4920/4920/1592
s 0
f 4921/4921/1594 4922/4922/1594 4923/4923/1594
f 4921/4921/1594 4923/4923/1594 4924/4924/1594
f 4925/4925/1595 4926/4926/1595 4927/4927/1595
f 4925/4925/1595 4927/4927/1595 4928/4928/1595
s 1
f 4929/4929/1596 4930/4930/1597 4931/4931/1596
f 4929/4929/1596 4931/4931/1596 4932/4932/1597
f 4933/4933/1598 4934/4934/1598 4935/4935/1599
f 4933/4933/1598 4935/4935/1599 4936/4936/1598
s 0
f 4937/4937/1600 4938/4938/1600 4939/4939/1600
f 4937/4937/1600 4939/4939/1600 4940/4940/1600
f 4941/4941/1601 4942/4942/1601 4943/4943/1601
f 4941/4941/1602 4943/4943/1602 4944/4944/1602
s 1
f 4945/4945/1603 4946/4946/1604 4947/4947/1603
f 4945/4945/1603 4947/4947/1603 4948/4948/1603
f 4949/4949/1605 4950/4950/1606 4951/4951/1605
f 4949/4949/1605 4951/4951/1605 4952/4952/1605
s 0
f 4953/4953/1590 4954/4954/1590 4955/4955/1590
f 4953/4953/1590 4955/4955/1590 4956/4956/1590
f 4957/4957/1589 4958/4958/1589 4959/4959/1589
f 4957/4957/1589 4959/4959/1589 4960/4960/1589
f 4961/4961/1586 4962/4962/1586 4963/4963/1586
f 4961/4961/1586 4963/4963/1586 4964/4964/1586
f 4965/4965/1585 4966/4966/1585 4967/4967/1585
f 4965/4965/1585 4967/4967/1585 4968/4968/1585
s 1
f 4969/4969/1607 4970/4970/1607 4971/4971/1607
f 4969/4969/1607 4971/4971/1607 4972/4972/1607
f 4973/4973/1608 4974/4974/1609 4975/4975/1608
f 4973/4973/1608 4975/4975/1608 4976/4976/1608
s 0
f 4977/4977/1610 4978/4978/1610 4979/4979/1610
f 4977/4977/1610 4979/4979/1610 4980/4980/1610
f 4981/4981/1611 4982/4982/1611 4983/4983/1611
f 4981/4981/1612 4983/4983/1612 4984/4984/1612
s 1
f 4985/4985/1613 4986/4986/1614 4987/4987/1614
f 4985/4985/1613 4987/4987/1614 4988/4988/1615
f 4989/4989/1616 4990/4990/1616 4991/4991/1616
f 4989/4989/1616 4991/4991/1616 4992/4992/1616
