# Blender 3.5.0
# www.blender.org
mtllib CannonMaincannon.mtl
o MainCannon_PurpleGLow_0
v 0.170046 1.627494 4.444508
v 0.247178 1.521962 4.632429
v 0.249325 1.519075 4.636993
v 0.167990 1.632091 4.441747
v 0.247178 1.521962 4.632429
v 0.170046 1.627494 4.444508
v 0.175701 1.632113 4.439624
v 0.254903 1.525478 4.635509
v 0.247178 1.521962 4.632429
v 0.222837 1.504172 4.632429
v 0.219872 1.497202 4.640124
v 0.249325 1.519075 4.636993
v 0.222837 1.504172 4.632429
v 0.247178 1.521962 4.632429
v 0.254903 1.525478 4.635509
v 0.222204 1.501926 4.632378
v 0.222837 1.504172 4.632429
v 0.145706 1.609704 4.444508
v 0.137028 1.610326 4.441895
v 0.219872 1.497202 4.640124
v 0.145706 1.609704 4.444508
v 0.222837 1.504172 4.632429
v 0.222204 1.501926 4.632378
v 0.144510 1.608453 4.439475
v 0.145706 1.609704 4.444508
v 0.170046 1.627494 4.444508
v 0.167990 1.632091 4.441747
v 0.137028 1.610326 4.441895
v 0.170046 1.627494 4.444508
v 0.145706 1.609704 4.444508
v 0.144510 1.608453 4.439475
v 0.175701 1.632113 4.439624
v 0.281599 1.474900 1.866549
v 0.281599 1.474901 4.762150
v 0.280966 1.478418 4.764135
v 0.280216 1.478417 1.861755
v 0.281599 1.474901 4.762150
v 0.281599 1.474900 1.866549
v 0.288123 1.478417 1.861755
v 0.287374 1.478418 4.769753
v 0.281599 1.474901 4.762150
v 0.142360 1.284391 4.762150
v 0.138497 1.284160 4.763953
v 0.280966 1.478418 4.764135
v 0.142360 1.284391 4.762150
v 0.281599 1.474901 4.762150
v 0.287374 1.478418 4.769753
v 0.141082 1.277589 4.769936
v 0.142360 1.284391 4.762150
v 0.142360 1.284391 1.866549
v 0.138136 1.285078 1.861755
v 0.138497 1.284160 4.763953
v 0.142360 1.284391 1.866549
v 0.142360 1.284391 4.762150
v 0.141082 1.277589 4.769936
v 0.141443 1.276669 1.861755
v 0.142360 1.284391 1.866549
v 0.281599 1.474900 1.866549
v 0.280216 1.478417 1.861755
v 0.138136 1.285078 1.861755
v 0.281599 1.474900 1.866549
v 0.142360 1.284391 1.866549
v 0.141443 1.276669 1.861755
v 0.288123 1.478417 1.861755
v 0.003954 1.675961 1.866549
v 0.003954 1.675961 4.762150
v 0.000000 1.672688 4.763554
v 0.000000 1.671332 1.861755
v 0.003954 1.675961 4.762150
v 0.003954 1.675961 1.866549
v 0.000000 1.680589 1.861755
v 0.000000 1.679234 4.770334
v 0.003954 1.675961 4.762150
v 0.135836 1.675961 4.762150
v 0.138497 1.672676 4.763953
v 0.000000 1.672688 4.763554
v 0.135836 1.675961 4.762150
v 0.003954 1.675961 4.762150
v 0.000000 1.679234 4.770334
v 0.141082 1.679247 4.769936
v 0.135836 1.675961 4.762150
v 0.135835 1.675961 1.866549
v 0.138136 1.671756 1.861755
v 0.138497 1.672676 4.763953
v 0.135835 1.675961 1.866549
v 0.135836 1.675961 4.762150
v 0.141082 1.679247 4.769936
v 0.141443 1.680165 1.861755
v 0.135835 1.675961 1.866549
v 0.003954 1.675961 1.866549
v 0.000000 1.671332 1.861755
v 0.138136 1.671756 1.861755
v 0.003954 1.675961 1.866549
v 0.135835 1.675961 1.866549
v 0.141443 1.680165 1.861755
v 0.000000 1.680589 1.861755
v 0.169275 1.635619 4.440249
v 0.169274 1.635619 3.152533
v 0.168781 1.629293 3.151577
v 0.167990 1.632091 4.441747
v 0.169274 1.635619 3.152533
v 0.169275 1.635619 4.440249
v 0.175701 1.632113 4.439624
v 0.174909 1.634911 3.153268
v 0.169274 1.635619 3.152533
v 0.142360 1.672444 2.068861
v 0.138136 1.671756 1.861755
v 0.168781 1.629293 3.151577
v 0.142360 1.672444 2.068861
v 0.169274 1.635619 3.152533
v 0.174909 1.634911 3.153268
v 0.141443 1.680165 1.861755
v 0.142360 1.672444 2.068861
v 0.142360 1.672444 4.714184
v 0.138497 1.672676 4.763953
v 0.138136 1.671756 1.861755
v 0.142360 1.672444 4.714184
v 0.142360 1.672444 2.068861
v 0.141443 1.680165 1.861755
v 0.141082 1.679247 4.769936
v 0.142360 1.672444 4.714184
v 0.169275 1.635619 4.440249
v 0.167990 1.632091 4.441747
v 0.138497 1.672676 4.763953
v 0.169275 1.635619 4.440249
v 0.142360 1.672444 4.714184
v 0.141082 1.679247 4.769936
v 0.175701 1.632113 4.439624
v 0.174376 1.628639 3.150701
v 0.249832 1.525400 3.334540
v 0.251005 1.517909 3.347147
v 0.168781 1.629293 3.151577
v 0.249832 1.525400 3.334540
v 0.174376 1.628639 3.150701
v 0.174909 1.634911 3.153268
v 0.253223 1.526644 3.348830
v 0.249832 1.525400 3.334540
v 0.281494 1.482078 1.866549
v 0.280216 1.478417 1.861755
v 0.251005 1.517909 3.347147
v 0.281494 1.482078 1.866549
v 0.249832 1.525400 3.334540
v 0.253223 1.526644 3.348830
v 0.288123 1.478417 1.861755
v 0.281494 1.482078 1.866549
v 0.142481 1.672277 1.866549
v 0.138136 1.671756 1.861755
v 0.280216 1.478417 1.861755
v 0.142481 1.672277 1.866549
v 0.281494 1.482078 1.866549
v 0.288123 1.478417 1.861755
v 0.141443 1.680165 1.861755
v 0.142481 1.672277 1.866549
v 0.174376 1.628639 3.150701
v 0.168781 1.629293 3.151577
v 0.138136 1.671756 1.861755
v 0.174376 1.628639 3.150701
v 0.142481 1.672277 1.866549
v 0.141443 1.680165 1.861755
v 0.174909 1.634911 3.153268
v 0.249897 1.525310 4.638736
v 0.173328 1.630073 4.452186
v 0.167990 1.632091 4.441747
v 0.249325 1.519075 4.636993
v 0.173328 1.630073 4.452186
v 0.249897 1.525310 4.638736
v 0.254903 1.525478 4.635509
v 0.175701 1.632113 4.439624
v 0.173328 1.630073 4.452186
v 0.142874 1.671741 4.762150
v 0.138497 1.672676 4.763953
v 0.167990 1.632091 4.441747
v 0.142874 1.671741 4.762150
v 0.173328 1.630073 4.452186
v 0.175701 1.632113 4.439624
v 0.141082 1.679247 4.769936
v 0.142874 1.671741 4.762150
v 0.280167 1.483894 4.762150
v 0.280966 1.478418 4.764135
v 0.138497 1.672676 4.763953
v 0.280167 1.483894 4.762150
v 0.142874 1.671741 4.762150
v 0.141082 1.679247 4.769936
v 0.287374 1.478418 4.769753
v 0.280167 1.483894 4.762150
v 0.249897 1.525310 4.638736
v 0.249325 1.519075 4.636993
v 0.280966 1.478418 4.764135
v 0.249897 1.525310 4.638736
v 0.280167 1.483894 4.762150
v 0.287374 1.478418 4.769753
v 0.254903 1.525478 4.635509
v 0.254685 1.518759 3.348084
v 0.254685 1.518760 4.635207
v 0.249325 1.519075 4.636993
v 0.251005 1.517909 3.347147
v 0.254685 1.518760 4.635207
v 0.254685 1.518759 3.348084
v 0.253223 1.526644 3.348830
v 0.254903 1.525478 4.635509
v 0.254685 1.518760 4.635207
v 0.281599 1.481935 4.744939
v 0.280966 1.478418 4.764135
v 0.249325 1.519075 4.636993
v 0.281599 1.481935 4.744939
v 0.254685 1.518760 4.635207
v 0.254903 1.525478 4.635509
v 0.287374 1.478418 4.769753
v 0.281599 1.481935 4.744939
v 0.281599 1.481934 2.100210
v 0.280216 1.478417 1.861755
v 0.280966 1.478418 4.764135
v 0.281599 1.481934 2.100210
v 0.281599 1.481935 4.744939
v 0.287374 1.478418 4.769753
v 0.288123 1.478417 1.861755
v 0.281599 1.481934 2.100210
v 0.254685 1.518759 3.348084
v 0.251005 1.517909 3.347147
v 0.280216 1.478417 1.861755
v 0.254685 1.518759 3.348084
v 0.281599 1.481934 2.100210
v 0.288123 1.478417 1.861755
v 0.253223 1.526644 3.348830
v 0.143339 1.605872 3.166572
v 0.143339 1.605872 4.439061
v 0.137028 1.610326 4.441895
v 0.138331 1.609010 3.148668
v 0.143339 1.605872 4.439061
v 0.143339 1.605872 3.166572
v 0.143206 1.609768 3.156176
v 0.144510 1.608453 4.439475
v 0.143339 1.605872 4.439061
v 0.218468 1.503081 4.622101
v 0.219872 1.497202 4.640124
v 0.137028 1.610326 4.441895
v 0.218468 1.503081 4.622101
v 0.143339 1.605872 4.439061
v 0.144510 1.608453 4.439475
v 0.222204 1.501926 4.632378
v 0.218468 1.503081 4.622101
v 0.218467 1.503081 3.349612
v 0.220703 1.495085 3.346847
v 0.219872 1.497202 4.640124
v 0.218467 1.503081 3.349612
v 0.218468 1.503081 4.622101
v 0.222204 1.501926 4.632378
v 0.221373 1.504042 3.349130
v 0.218467 1.503081 3.349612
v 0.143339 1.605872 3.166572
v 0.138331 1.609010 3.148668
v 0.220703 1.495085 3.346847
v 0.143339 1.605872 3.166572
v 0.218467 1.503081 3.349612
v 0.221373 1.504042 3.349130
v 0.143206 1.609768 3.156176
v 0.168491 1.629650 3.157216
v 0.168491 1.629651 4.435891
v 0.167990 1.632091 4.441747
v 0.168781 1.629293 3.151577
v 0.168491 1.629651 4.435891
v 0.168491 1.629650 3.157216
v 0.174909 1.634911 3.153268
v 0.175701 1.632113 4.439624
v 0.168491 1.629651 4.435891
v 0.144123 1.611840 4.435891
v 0.137028 1.610326 4.441895
v 0.167990 1.632091 4.441747
v 0.144123 1.611840 4.435891
v 0.168491 1.629651 4.435891
v 0.175701 1.632113 4.439624
v 0.144510 1.608453 4.439475
v 0.144123 1.611840 4.435891
v 0.144123 1.611840 3.157216
v 0.138331 1.609010 3.148668
v 0.137028 1.610326 4.441895
v 0.144123 1.611840 3.157216
v 0.144123 1.611840 4.435891
v 0.144510 1.608453 4.439475
v 0.143206 1.609768 3.156176
v 0.144123 1.611840 3.157216
v 0.168491 1.629650 3.157216
v 0.168781 1.629293 3.151577
v 0.138331 1.609010 3.148668
v 0.168491 1.629650 3.157216
v 0.144123 1.611840 3.157216
v 0.143206 1.609768 3.156176
v 0.174909 1.634911 3.153268
v 0.247177 1.521962 3.344166
v 0.170046 1.627494 3.156245
v 0.168781 1.629293 3.151577
v 0.251005 1.517909 3.347147
v 0.170046 1.627494 3.156245
v 0.247177 1.521962 3.344166
v 0.253223 1.526644 3.348830
v 0.174909 1.634911 3.153268
v 0.170046 1.627494 3.156245
v 0.145705 1.609704 3.156245
v 0.138331 1.609010 3.148668
v 0.168781 1.629293 3.151577
v 0.145705 1.609704 3.156245
v 0.170046 1.627494 3.156245
v 0.174909 1.634911 3.153268
v 0.143206 1.609768 3.156176
v 0.145705 1.609704 3.156245
v 0.222837 1.504172 3.344166
v 0.220703 1.495085 3.346847
v 0.138331 1.609010 3.148668
v 0.222837 1.504172 3.344166
v 0.145705 1.609704 3.156245
v 0.143206 1.609768 3.156176
v 0.221373 1.504042 3.349130
v 0.222837 1.504172 3.344166
v 0.247177 1.521962 3.344166
v 0.251005 1.517909 3.347147
v 0.220703 1.495085 3.346847
v 0.247177 1.521962 3.344166
v 0.222837 1.504172 3.344166
v 0.221373 1.504042 3.349130
v 0.253223 1.526644 3.348830
v 0.248760 1.519825 4.631457
v 0.248760 1.519825 3.352782
v 0.251005 1.517909 3.347147
v 0.249325 1.519075 4.636993
v 0.248760 1.519825 3.352782
v 0.248760 1.519825 4.631457
v 0.254903 1.525478 4.635509
v 0.253223 1.526644 3.348830
v 0.248760 1.519825 3.352782
v 0.224392 1.502015 3.352782
v 0.220703 1.495085 3.346847
v 0.251005 1.517909 3.347147
v 0.224392 1.502015 3.352782
v 0.248760 1.519825 3.352782
v 0.253223 1.526644 3.348830
v 0.221373 1.504042 3.349130
v 0.224392 1.502015 3.352782
v 0.224392 1.502015 4.631457
v 0.219872 1.497202 4.640124
v 0.220703 1.495085 3.346847
v 0.224392 1.502015 4.631457
v 0.224392 1.502015 3.352782
v 0.221373 1.504042 3.349130
v 0.222204 1.501926 4.632378
v 0.224392 1.502015 4.631457
v 0.248760 1.519825 4.631457
v 0.249325 1.519075 4.636993
v 0.219872 1.497202 4.640124
v 0.248760 1.519825 4.631457
v 0.224392 1.502015 4.631457
v 0.222204 1.501926 4.632378
v 0.254903 1.525478 4.635509
v 0.135836 1.280874 4.762150
v 0.003954 1.280874 4.762150
v 0.000000 1.284147 4.763554
v 0.138497 1.284160 4.763953
v 0.003954 1.280874 4.762150
v 0.135836 1.280874 4.762150
v 0.141082 1.277589 4.769936
v 0.000000 1.277601 4.770334
v 0.003954 1.280874 4.762150
v 0.003954 1.280874 1.866549
v 0.000000 1.285502 1.861755
v 0.000000 1.284147 4.763554
v 0.003954 1.280874 1.866549
v 0.003954 1.280874 4.762150
v 0.000000 1.277601 4.770334
v 0.000000 1.276245 1.861755
v 0.003954 1.280874 1.866549
v 0.135835 1.280874 1.866549
v 0.138136 1.285078 1.861755
v 0.000000 1.285502 1.861755
v 0.135835 1.280874 1.866549
v 0.003954 1.280874 1.866549
v 0.000000 1.276245 1.861755
v 0.141443 1.276669 1.861755
v 0.135835 1.280874 1.866549
v 0.135836 1.280874 4.762150
v 0.138497 1.284160 4.763953
v 0.138136 1.285078 1.861755
v 0.135836 1.280874 4.762150
v 0.135835 1.280874 1.866549
v 0.141443 1.276669 1.861755
v 0.141082 1.277589 4.769936
v -0.170046 1.627494 4.444508
v -0.145705 1.609704 4.444508
v -0.137027 1.610326 4.441895
v -0.167989 1.632091 4.441746
v -0.145705 1.609704 4.444508
v -0.170046 1.627494 4.444508
v -0.175700 1.632113 4.439624
v -0.144509 1.608453 4.439475
v -0.145705 1.609704 4.444508
v -0.222836 1.504172 4.632428
v -0.219871 1.497202 4.640124
v -0.137027 1.610326 4.441895
v -0.222836 1.504172 4.632428
v -0.145705 1.609704 4.444508
v -0.144509 1.608453 4.439475
v -0.222204 1.501926 4.632378
v -0.222836 1.504172 4.632428
v -0.247177 1.521962 4.632428
v -0.249325 1.519075 4.636993
v -0.219871 1.497202 4.640124
v -0.247177 1.521962 4.632428
v -0.222836 1.504172 4.632428
v -0.222204 1.501926 4.632378
v -0.254903 1.525478 4.635509
v -0.247177 1.521962 4.632428
v -0.170046 1.627494 4.444508
v -0.167989 1.632091 4.441746
v -0.249325 1.519075 4.636993
v -0.170046 1.627494 4.444508
v -0.247177 1.521962 4.632428
v -0.254903 1.525478 4.635509
v -0.175700 1.632113 4.439624
v -0.281599 1.474900 1.866549
v -0.142359 1.284391 1.866549
v -0.138135 1.285078 1.861755
v -0.280215 1.478417 1.861755
v -0.142359 1.284391 1.866549
v -0.281599 1.474900 1.866549
v -0.288123 1.478417 1.861755
v -0.141442 1.276669 1.861755
v -0.142359 1.284391 1.866549
v -0.142359 1.284391 4.762150
v -0.138497 1.284160 4.763953
v -0.138135 1.285078 1.861755
v -0.142359 1.284391 4.762150
v -0.142359 1.284391 1.866549
v -0.141442 1.276669 1.861755
v -0.141081 1.277589 4.769935
v -0.142359 1.284391 4.762150
v -0.281599 1.474901 4.762150
v -0.280965 1.478418 4.764135
v -0.138497 1.284160 4.763953
v -0.281599 1.474901 4.762150
v -0.142359 1.284391 4.762150
v -0.141081 1.277589 4.769935
v -0.287373 1.478418 4.769753
v -0.281599 1.474901 4.762150
v -0.281599 1.474900 1.866549
v -0.280215 1.478417 1.861755
v -0.280965 1.478418 4.764135
v -0.281599 1.474900 1.866549
v -0.281599 1.474901 4.762150
v -0.287373 1.478418 4.769753
v -0.288123 1.478417 1.861755
v -0.003954 1.675961 1.866549
v -0.135835 1.675961 1.866549
v -0.138135 1.671756 1.861755
v 0.000000 1.671332 1.861755
v -0.135835 1.675961 1.866549
v -0.003954 1.675961 1.866549
v 0.000000 1.680589 1.861755
v -0.141442 1.680165 1.861755
v -0.135835 1.675961 1.866549
v -0.135835 1.675961 4.762150
v -0.138497 1.672676 4.763953
v -0.138135 1.671756 1.861755
v -0.135835 1.675961 4.762150
v -0.135835 1.675961 1.866549
v -0.141442 1.680165 1.861755
v -0.141081 1.679247 4.769935
v -0.135835 1.675961 4.762150
v -0.003953 1.675961 4.762150
v 0.000000 1.672688 4.763554
v -0.138497 1.672676 4.763953
v -0.003953 1.675961 4.762150
v -0.135835 1.675961 4.762150
v -0.141081 1.679247 4.769935
v 0.000000 1.679234 4.770334
v -0.003953 1.675961 4.762150
v -0.003954 1.675961 1.866549
v 0.000000 1.671332 1.861755
v 0.000000 1.672688 4.763554
v -0.003954 1.675961 1.866549
v -0.003953 1.675961 4.762150
v 0.000000 1.679234 4.770334
v 0.000000 1.680589 1.861755
v -0.169274 1.635619 4.440249
v -0.142359 1.672444 4.714184
v -0.138497 1.672676 4.763953
v -0.167989 1.632091 4.441746
v -0.142359 1.672444 4.714184
v -0.169274 1.635619 4.440249
v -0.175700 1.632113 4.439624
v -0.141081 1.679247 4.769935
v -0.142359 1.672444 4.714184
v -0.142359 1.672444 2.068861
v -0.138135 1.671756 1.861755
v -0.138497 1.672676 4.763953
v -0.142359 1.672444 2.068861
v -0.142359 1.672444 4.714184
v -0.141081 1.679247 4.769935
v -0.141442 1.680165 1.861755
v -0.142359 1.672444 2.068861
v -0.169274 1.635619 3.152533
v -0.168780 1.629293 3.151577
v -0.138135 1.671756 1.861755
v -0.169274 1.635619 3.152533
v -0.142359 1.672444 2.068861
v -0.141442 1.680165 1.861755
v -0.174909 1.634911 3.153267
v -0.169274 1.635619 3.152533
v -0.169274 1.635619 4.440249
v -0.167989 1.632091 4.441746
v -0.168780 1.629293 3.151577
v -0.169274 1.635619 4.440249
v -0.169274 1.635619 3.152533
v -0.174909 1.634911 3.153267
v -0.175700 1.632113 4.439624
v -0.174375 1.628640 3.150701
v -0.142481 1.672277 1.866549
v -0.138135 1.671756 1.861755
v -0.168780 1.629293 3.151577
v -0.142481 1.672277 1.866549
v -0.174375 1.628640 3.150701
v -0.174909 1.634911 3.153267
v -0.141442 1.680165 1.861755
v -0.142481 1.672277 1.866549
v -0.281493 1.482078 1.866549
v -0.280215 1.478417 1.861755
v -0.138135 1.671756 1.861755
v -0.281493 1.482078 1.866549
v -0.142481 1.672277 1.866549
v -0.141442 1.680165 1.861755
v -0.288123 1.478417 1.861755
v -0.281493 1.482078 1.866549
v -0.249831 1.525400 3.334540
v -0.251005 1.517909 3.347146
v -0.280215 1.478417 1.861755
v -0.249831 1.525400 3.334540
v -0.281493 1.482078 1.866549
v -0.288123 1.478417 1.861755
v -0.253222 1.526645 3.348830
v -0.249831 1.525400 3.334540
v -0.174375 1.628640 3.150701
v -0.168780 1.629293 3.151577
v -0.251005 1.517909 3.347146
v -0.174375 1.628640 3.150701
v -0.249831 1.525400 3.334540
v -0.253222 1.526645 3.348830
v -0.174909 1.634911 3.153267
v -0.249896 1.525310 4.638736
v -0.280167 1.483894 4.762150
v -0.280965 1.478418 4.764135
v -0.249325 1.519075 4.636993
v -0.280167 1.483894 4.762150
v -0.249896 1.525310 4.638736
v -0.254903 1.525478 4.635509
v -0.287373 1.478418 4.769753
v -0.280167 1.483894 4.762150
v -0.142873 1.671741 4.762150
v -0.138497 1.672676 4.763953
v -0.280965 1.478418 4.764135
v -0.142873 1.671741 4.762150
v -0.280167 1.483894 4.762150
v -0.287373 1.478418 4.769753
v -0.141081 1.679247 4.769935
v -0.142873 1.671741 4.762150
v -0.173328 1.630073 4.452186
v -0.167989 1.632091 4.441746
v -0.138497 1.672676 4.763953
v -0.173328 1.630073 4.452186
v -0.142873 1.671741 4.762150
v -0.141081 1.679247 4.769935
v -0.175700 1.632113 4.439624
v -0.173328 1.630073 4.452186
v -0.249896 1.525310 4.638736
v -0.249325 1.519075 4.636993
v -0.167989 1.632091 4.441746
v -0.249896 1.525310 4.638736
v -0.173328 1.630073 4.452186
v -0.175700 1.632113 4.439624
v -0.254903 1.525478 4.635509
v -0.254684 1.518759 3.348084
v -0.281599 1.481934 2.100210
v -0.280215 1.478417 1.861755
v -0.251005 1.517909 3.347146
v -0.281599 1.481934 2.100210
v -0.254684 1.518759 3.348084
v -0.253222 1.526645 3.348830
v -0.288123 1.478417 1.861755
v -0.281599 1.481934 2.100210
v -0.281599 1.481935 4.744939
v -0.280965 1.478418 4.764135
v -0.280215 1.478417 1.861755
v -0.281599 1.481935 4.744939
v -0.281599 1.481934 2.100210
v -0.288123 1.478417 1.861755
v -0.287373 1.478418 4.769753
v -0.281599 1.481935 4.744939
v -0.254684 1.518760 4.635206
v -0.249325 1.519075 4.636993
v -0.280965 1.478418 4.764135
v -0.254684 1.518760 4.635206
v -0.281599 1.481935 4.744939
v -0.287373 1.478418 4.769753
v -0.254903 1.525478 4.635509
v -0.254684 1.518760 4.635206
v -0.254684 1.518759 3.348084
v -0.251005 1.517909 3.347146
v -0.249325 1.519075 4.636993
v -0.254684 1.518759 3.348084
v -0.254684 1.518760 4.635206
v -0.254903 1.525478 4.635509
v -0.253222 1.526645 3.348830
v -0.143339 1.605872 3.166572
v -0.218467 1.503081 3.349612
v -0.220702 1.495085 3.346846
v -0.138331 1.609010 3.148668
v -0.218467 1.503081 3.349612
v -0.143339 1.605872 3.166572
v -0.143206 1.609768 3.156176
v -0.221373 1.504042 3.349130
v -0.218467 1.503081 3.349612
v -0.218467 1.503081 4.622101
v -0.219871 1.497202 4.640124
v -0.220702 1.495085 3.346846
v -0.218467 1.503081 4.622101
v -0.218467 1.503081 3.349612
v -0.221373 1.504042 3.349130
v -0.222204 1.501926 4.632378
v -0.218467 1.503081 4.622101
v -0.143339 1.605872 4.439061
v -0.137027 1.610326 4.441895
v -0.219871 1.497202 4.640124
v -0.143339 1.605872 4.439061
v -0.218467 1.503081 4.622101
v -0.222204 1.501926 4.632378
v -0.144509 1.608453 4.439475
v -0.143339 1.605872 4.439061
v -0.143339 1.605872 3.166572
v -0.138331 1.609010 3.148668
v -0.137027 1.610326 4.441895
v -0.143339 1.605872 3.166572
v -0.143339 1.605872 4.439061
v -0.144509 1.608453 4.439475
v -0.143206 1.609768 3.156176
v -0.168491 1.629651 3.157216
v -0.144122 1.611840 3.157216
v -0.138331 1.609010 3.148668
v -0.168780 1.629293 3.151577
v -0.144122 1.611840 3.157216
v -0.168491 1.629651 3.157216
v -0.174909 1.634911 3.153267
v -0.143206 1.609768 3.156176
v -0.144122 1.611840 3.157216
v -0.144122 1.611840 4.435891
v -0.137027 1.610326 4.441895
v -0.138331 1.609010 3.148668
v -0.144122 1.611840 4.435891
v -0.144122 1.611840 3.157216
v -0.143206 1.609768 3.156176
v -0.144509 1.608453 4.439475
v -0.144122 1.611840 4.435891
v -0.168491 1.629651 4.435891
v -0.167989 1.632091 4.441746
v -0.137027 1.610326 4.441895
v -0.168491 1.629651 4.435891
v -0.144122 1.611840 4.435891
v -0.144509 1.608453 4.439475
v -0.175700 1.632113 4.439624
v -0.168491 1.629651 4.435891
v -0.168491 1.629651 3.157216
v -0.168780 1.629293 3.151577
v -0.167989 1.632091 4.441746
v -0.168491 1.629651 3.157216
v -0.168491 1.629651 4.435891
v -0.175700 1.632113 4.439624
v -0.174909 1.634911 3.153267
v -0.247177 1.521962 3.344166
v -0.222836 1.504172 3.344166
v -0.220702 1.495085 3.346846
v -0.251005 1.517909 3.347146
v -0.222836 1.504172 3.344166
v -0.247177 1.521962 3.344166
v -0.253222 1.526645 3.348830
v -0.221373 1.504042 3.349130
v -0.222836 1.504172 3.344166
v -0.145705 1.609704 3.156245
v -0.138331 1.609010 3.148668
v -0.220702 1.495085 3.346846
v -0.145705 1.609704 3.156245
v -0.222836 1.504172 3.344166
v -0.221373 1.504042 3.349130
v -0.143206 1.609768 3.156176
v -0.145705 1.609704 3.156245
v -0.170046 1.627494 3.156245
v -0.168780 1.629293 3.151577
v -0.138331 1.609010 3.148668
v -0.170046 1.627494 3.156245
v -0.145705 1.609704 3.156245
v -0.143206 1.609768 3.156176
v -0.174909 1.634911 3.153267
v -0.170046 1.627494 3.156245
v -0.247177 1.521962 3.344166
v -0.251005 1.517909 3.347146
v -0.168780 1.629293 3.151577
v -0.247177 1.521962 3.344166
v -0.170046 1.627494 3.156245
v -0.174909 1.634911 3.153267
v -0.253222 1.526645 3.348830
v -0.248760 1.519826 4.631457
v -0.224391 1.502015 4.631457
v -0.219871 1.497202 4.640124
v -0.249325 1.519075 4.636993
v -0.224391 1.502015 4.631457
v -0.248760 1.519826 4.631457
v -0.254903 1.525478 4.635509
v -0.222204 1.501926 4.632378
v -0.224391 1.502015 4.631457
v -0.224391 1.502015 3.352782
v -0.220702 1.495085 3.346846
v -0.219871 1.497202 4.640124
v -0.224391 1.502015 3.352782
v -0.224391 1.502015 4.631457
v -0.222204 1.501926 4.632378
v -0.221373 1.504042 3.349130
v -0.224391 1.502015 3.352782
v -0.248760 1.519825 3.352782
v -0.251005 1.517909 3.347146
v -0.220702 1.495085 3.346846
v -0.248760 1.519825 3.352782
v -0.224391 1.502015 3.352782
v -0.221373 1.504042 3.349130
v -0.253222 1.526645 3.348830
v -0.248760 1.519825 3.352782
v -0.248760 1.519826 4.631457
v -0.249325 1.519075 4.636993
v -0.251005 1.517909 3.347146
v -0.248760 1.519826 4.631457
v -0.248760 1.519825 3.352782
v -0.253222 1.526645 3.348830
v -0.254903 1.525478 4.635509
v -0.135835 1.280874 4.762150
v -0.135835 1.280874 1.866549
v -0.138135 1.285078 1.861755
v -0.138497 1.284160 4.763953
v -0.135835 1.280874 1.866549
v -0.135835 1.280874 4.762150
v -0.141081 1.277589 4.769935
v -0.141442 1.276669 1.861755
v -0.135835 1.280874 1.866549
v -0.003954 1.280874 1.866549
v 0.000000 1.285502 1.861755
v -0.138135 1.285078 1.861755
v -0.003954 1.280874 1.866549
v -0.135835 1.280874 1.866549
v -0.141442 1.276669 1.861755
v 0.000000 1.276245 1.861755
v -0.003954 1.280874 1.866549
v -0.003953 1.280874 4.762150
v 0.000000 1.284147 4.763554
v 0.000000 1.285502 1.861755
v -0.003953 1.280874 4.762150
v -0.003954 1.280874 1.866549
v 0.000000 1.276245 1.861755
v 0.000000 1.277601 4.770334
v -0.003953 1.280874 4.762150
v -0.135835 1.280874 4.762150
v -0.138497 1.284160 4.763953
v 0.000000 1.284147 4.763554
v -0.135835 1.280874 4.762150
v -0.003953 1.280874 4.762150
v 0.000000 1.277601 4.770334
v -0.141081 1.277589 4.769935
v 0.275583 1.483047 4.766944
v 0.139838 1.668775 4.766944
v 0.138497 1.672676 4.763953
v 0.280966 1.478418 4.764135
v 0.139838 1.668775 4.766944
v 0.275583 1.483047 4.766944
v 0.287374 1.478418 4.769753
v 0.141082 1.679247 4.769936
v 0.139838 1.668775 4.766944
v 0.090194 1.598619 4.766944
v 0.085985 1.601011 4.763040
v 0.138497 1.672676 4.763953
v 0.090194 1.598619 4.766944
v 0.139838 1.668775 4.766944
v 0.141082 1.679247 4.769936
v 0.084066 1.596131 4.770848
v 0.090194 1.598619 4.766944
v 0.174663 1.483047 4.766944
v 0.174677 1.478418 4.762697
v 0.085985 1.601011 4.763040
v 0.174663 1.483047 4.766944
v 0.090194 1.598619 4.766944
v 0.084066 1.596131 4.770848
v 0.171008 1.478418 4.771191
v 0.174663 1.483047 4.766944
v 0.275583 1.483047 4.766944
v 0.280966 1.478418 4.764135
v 0.174677 1.478418 4.762697
v 0.275583 1.483047 4.766944
v 0.174663 1.483047 4.766944
v 0.171008 1.478418 4.771191
v 0.287374 1.478418 4.769753
v -0.139838 1.668775 4.766944
v -0.275583 1.483047 4.766944
v -0.280965 1.478418 4.764135
v -0.138497 1.672676 4.763953
v -0.275583 1.483047 4.766944
v -0.139838 1.668775 4.766944
v -0.141081 1.679247 4.769935
v -0.287373 1.478418 4.769753
v -0.275583 1.483047 4.766944
v -0.174662 1.483047 4.766944
v -0.174676 1.478418 4.762697
v -0.280965 1.478418 4.764135
v -0.174662 1.483047 4.766944
v -0.275583 1.483047 4.766944
v -0.287373 1.478418 4.769753
v -0.171007 1.478418 4.771191
v -0.174662 1.483047 4.766944
v -0.090193 1.598619 4.766944
v -0.085984 1.601011 4.763040
v -0.174676 1.478418 4.762697
v -0.090193 1.598619 4.766944
v -0.174662 1.483047 4.766944
v -0.171007 1.478418 4.771191
v -0.084065 1.596131 4.770848
v -0.090193 1.598619 4.766944
v -0.139838 1.668775 4.766944
v -0.138497 1.672676 4.763953
v -0.085984 1.601011 4.763040
v -0.139838 1.668775 4.766944
v -0.090193 1.598619 4.766944
v -0.084065 1.596131 4.770848
v -0.141081 1.679247 4.769935
v 0.139838 1.288061 4.766944
v 0.275583 1.473789 4.766944
v 0.280966 1.478418 4.764135
v 0.138497 1.284160 4.763953
v 0.275583 1.473789 4.766944
v 0.139838 1.288061 4.766944
v 0.141082 1.277589 4.769936
v 0.287374 1.478418 4.769753
v 0.275583 1.473789 4.766944
v 0.174663 1.473789 4.766944
v 0.174677 1.478418 4.762697
v 0.280966 1.478418 4.764135
v 0.174663 1.473789 4.766944
v 0.275583 1.473789 4.766944
v 0.287374 1.478418 4.769753
v 0.171008 1.478418 4.771191
v 0.174663 1.473789 4.766944
v 0.090194 1.358217 4.766944
v 0.085985 1.355825 4.763040
v 0.174677 1.478418 4.762697
v 0.090194 1.358217 4.766944
v 0.174663 1.473789 4.766944
v 0.171008 1.478418 4.771191
v 0.084066 1.360705 4.770848
v 0.090194 1.358217 4.766944
v 0.139838 1.288061 4.766944
v 0.138497 1.284160 4.763953
v 0.085985 1.355825 4.763040
v 0.139838 1.288061 4.766944
v 0.090194 1.358217 4.766944
v 0.084066 1.360705 4.770848
v 0.141082 1.277589 4.769936
v 0.003954 1.285503 4.766944
v 0.131380 1.285503 4.766944
v 0.138497 1.284160 4.763953
v 0.000000 1.284147 4.763554
v 0.131380 1.285503 4.766944
v 0.003954 1.285503 4.766944
v 0.000000 1.277601 4.770334
v 0.141082 1.277589 4.769936
v 0.131380 1.285503 4.766944
v 0.083166 1.353636 4.766944
v 0.085985 1.355825 4.763040
v 0.138497 1.284160 4.763953
v 0.083166 1.353636 4.766944
v 0.131380 1.285503 4.766944
v 0.141082 1.277589 4.769936
v 0.084066 1.360705 4.770848
v 0.083166 1.353636 4.766944
v 0.003954 1.353636 4.766944
v 0.000000 1.354992 4.763554
v 0.085985 1.355825 4.763040
v 0.003954 1.353636 4.766944
v 0.083166 1.353636 4.766944
v 0.084066 1.360705 4.770848
v 0.000000 1.361538 4.770334
v 0.003954 1.353636 4.766944
v 0.003954 1.285503 4.766944
v 0.000000 1.284147 4.763554
v 0.000000 1.354992 4.763554
v 0.003954 1.285503 4.766944
v 0.003954 1.353636 4.766944
v 0.000000 1.361538 4.770334
v 0.000000 1.277601 4.770334
v -0.275583 1.473789 4.766944
v -0.139838 1.288061 4.766944
v -0.138497 1.284160 4.763953
v -0.280965 1.478418 4.764135
v -0.139838 1.288061 4.766944
v -0.275583 1.473789 4.766944
v -0.287373 1.478418 4.769753
v -0.141081 1.277589 4.769935
v -0.139838 1.288061 4.766944
v -0.090193 1.358217 4.766944
v -0.085984 1.355825 4.763040
v -0.138497 1.284160 4.763953
v -0.090193 1.358217 4.766944
v -0.139838 1.288061 4.766944
v -0.141081 1.277589 4.769935
v -0.084065 1.360705 4.770848
v -0.090193 1.358217 4.766944
v -0.174662 1.473789 4.766944
v -0.174676 1.478418 4.762697
v -0.085984 1.355825 4.763040
v -0.174662 1.473789 4.766944
v -0.090193 1.358217 4.766944
v -0.084065 1.360705 4.770848
v -0.171007 1.478418 4.771191
v -0.174662 1.473789 4.766944
v -0.275583 1.473789 4.766944
v -0.280965 1.478418 4.764135
v -0.174676 1.478418 4.762697
v -0.275583 1.473789 4.766944
v -0.174662 1.473789 4.766944
v -0.171007 1.478418 4.771191
v -0.287373 1.478418 4.769753
v -0.131379 1.285503 4.766944
v -0.003953 1.285503 4.766944
v 0.000000 1.284147 4.763554
v -0.138497 1.284160 4.763953
v -0.003953 1.285503 4.766944
v -0.131379 1.285503 4.766944
v -0.141081 1.277589 4.769935
v 0.000000 1.277601 4.770334
v -0.003953 1.285503 4.766944
v -0.003953 1.353636 4.766944
v 0.000000 1.354992 4.763554
v 0.000000 1.284147 4.763554
v -0.003953 1.353636 4.766944
v -0.003953 1.285503 4.766944
v 0.000000 1.277601 4.770334
v 0.000000 1.361538 4.770334
v -0.003953 1.353636 4.766944
v -0.083166 1.353636 4.766944
v -0.085984 1.355825 4.763040
v 0.000000 1.354992 4.763554
v -0.083166 1.353636 4.766944
v -0.003953 1.353636 4.766944
v 0.000000 1.361538 4.770334
v -0.084065 1.360705 4.770848
v -0.083166 1.353636 4.766944
v -0.131379 1.285503 4.766944
v -0.138497 1.284160 4.763953
v -0.085984 1.355825 4.763040
v -0.131379 1.285503 4.766944
v -0.083166 1.353636 4.766944
v -0.084065 1.360705 4.770848
v -0.141081 1.277589 4.769935
v 0.131380 1.671333 4.766944
v 0.003954 1.671333 4.766944
v 0.000000 1.672688 4.763554
v 0.138497 1.672676 4.763953
v 0.003954 1.671333 4.766944
v 0.131380 1.671333 4.766944
v 0.141082 1.679247 4.769936
v 0.000000 1.679234 4.770334
v 0.003954 1.671333 4.766944
v 0.003954 1.603200 4.766944
v 0.000000 1.601844 4.763554
v 0.000000 1.672688 4.763554
v 0.003954 1.603200 4.766944
v 0.003954 1.671333 4.766944
v 0.000000 1.679234 4.770334
v 0.000000 1.595298 4.770334
v 0.003954 1.603200 4.766944
v 0.083166 1.603200 4.766944
v 0.085985 1.601011 4.763040
v 0.000000 1.601844 4.763554
v 0.083166 1.603200 4.766944
v 0.003954 1.603200 4.766944
v 0.000000 1.595298 4.770334
v 0.084066 1.596131 4.770848
v 0.083166 1.603200 4.766944
v 0.131380 1.671333 4.766944
v 0.138497 1.672676 4.763953
v 0.085985 1.601011 4.763040
v 0.131380 1.671333 4.766944
v 0.083166 1.603200 4.766944
v 0.084066 1.596131 4.770848
v 0.141082 1.679247 4.769936
v -0.003953 1.671333 4.766944
v -0.131379 1.671333 4.766944
v -0.138497 1.672676 4.763953
v 0.000000 1.672688 4.763554
v -0.131379 1.671333 4.766944
v -0.003953 1.671333 4.766944
v 0.000000 1.679234 4.770334
v -0.141081 1.679247 4.769935
v -0.131379 1.671333 4.766944
v -0.083166 1.603200 4.766944
v -0.085984 1.601011 4.763040
v -0.138497 1.672676 4.763953
v -0.083166 1.603200 4.766944
v -0.131379 1.671333 4.766944
v -0.141081 1.679247 4.769935
v -0.084065 1.596131 4.770848
v -0.083166 1.603200 4.766944
v -0.003953 1.603200 4.766944
v 0.000000 1.601844 4.763554
v -0.085984 1.601011 4.763040
v -0.003953 1.603200 4.766944
v -0.083166 1.603200 4.766944
v -0.084065 1.596131 4.770848
v 0.000000 1.595298 4.770334
v -0.003953 1.603200 4.766944
v -0.003953 1.671333 4.766944
v 0.000000 1.672688 4.763554
v 0.000000 1.601844 4.763554
v -0.003953 1.671333 4.766944
v -0.003953 1.603200 4.766944
v 0.000000 1.595298 4.770334
v 0.000000 1.679234 4.770334
v 0.081071 1.598571 4.762150
v 0.003954 1.598571 4.762150
v 0.000000 1.601844 4.763554
v 0.085985 1.601011 4.763040
v 0.003954 1.598571 4.762150
v 0.081071 1.598571 4.762150
v 0.084066 1.596131 4.770848
v 0.000000 1.595298 4.770334
v 0.003954 1.598571 4.762150
v 0.003955 1.598570 2.157000
v 0.000001 1.603199 2.152206
v 0.000000 1.601844 4.763554
v 0.003955 1.598570 2.157000
v 0.003954 1.598571 4.762150
v 0.000000 1.595298 4.770334
v 0.000001 1.593942 2.152206
v 0.003955 1.598570 2.157000
v 0.081072 1.598570 2.157000
v 0.086679 1.602775 2.152206
v 0.000001 1.603199 2.152206
v 0.081072 1.598570 2.157000
v 0.003955 1.598570 2.157000
v 0.000001 1.593942 2.152206
v 0.083372 1.594366 2.152206
v 0.081072 1.598570 2.157000
v 0.081071 1.598571 4.762150
v 0.085985 1.601011 4.763040
v 0.086679 1.602775 2.152206
v 0.081071 1.598571 4.762150
v 0.081072 1.598570 2.157000
v 0.083372 1.594366 2.152206
v 0.084066 1.596131 4.770848
v -0.087595 1.595054 4.762150
v -0.170271 1.481935 4.762150
v -0.174676 1.478418 4.762697
v -0.085984 1.601011 4.763040
v -0.170271 1.481935 4.762150
v -0.087595 1.595054 4.762150
v -0.084065 1.596131 4.770848
v -0.171007 1.478418 4.771191
v -0.170271 1.481935 4.762150
v -0.170271 1.481934 2.157000
v -0.176795 1.478417 2.152206
v -0.174676 1.478418 4.762697
v -0.170271 1.481934 2.157000
v -0.170271 1.481935 4.762150
v -0.171007 1.478418 4.771191
v -0.168888 1.478417 2.152206
v -0.170271 1.481934 2.157000
v -0.087595 1.595053 2.157000
v -0.086678 1.602775 2.152206
v -0.176795 1.478417 2.152206
v -0.087595 1.595053 2.157000
v -0.170271 1.481934 2.157000
v -0.168888 1.478417 2.152206
v -0.083370 1.594366 2.152206
v -0.087595 1.595053 2.157000
v -0.087595 1.595054 4.762150
v -0.085984 1.601011 4.763040
v -0.086678 1.602775 2.152206
v -0.087595 1.595054 4.762150
v -0.087595 1.595053 2.157000
v -0.083370 1.594366 2.152206
v -0.084065 1.596131 4.770848
v -0.170271 1.474901 4.762150
v -0.087595 1.361782 4.762150
v -0.085984 1.355825 4.763040
v -0.174676 1.478418 4.762697
v -0.087595 1.361782 4.762150
v -0.170271 1.474901 4.762150
v -0.171007 1.478418 4.771191
v -0.084065 1.360705 4.770848
v -0.087595 1.361782 4.762150
v -0.087595 1.361781 2.157000
v -0.086678 1.354060 2.152206
v -0.085984 1.355825 4.763040
v -0.087595 1.361781 2.157000
v -0.087595 1.361782 4.762150
v -0.084065 1.360705 4.770848
v -0.083370 1.362469 2.152206
v -0.087595 1.361781 2.157000
v -0.170271 1.474900 2.157000
v -0.176795 1.478417 2.152206
v -0.086678 1.354060 2.152206
v -0.170271 1.474900 2.157000
v -0.087595 1.361781 2.157000
v -0.083370 1.362469 2.152206
v -0.168888 1.478417 2.152206
v -0.170271 1.474900 2.157000
v -0.170271 1.474901 4.762150
v -0.174676 1.478418 4.762697
v -0.176795 1.478417 2.152206
v -0.170271 1.474901 4.762150
v -0.170271 1.474900 2.157000
v -0.168888 1.478417 2.152206
v -0.171007 1.478418 4.771191
v 0.170272 1.481935 4.762150
v 0.087596 1.595054 4.762150
v 0.085985 1.601011 4.763040
v 0.174677 1.478418 4.762697
v 0.087596 1.595054 4.762150
v 0.170272 1.481935 4.762150
v 0.171008 1.478418 4.771191
v 0.084066 1.596131 4.770848
v 0.087596 1.595054 4.762150
v 0.087596 1.595053 2.157000
v 0.086679 1.602775 2.152206
v 0.085985 1.601011 4.763040
v 0.087596 1.595053 2.157000
v 0.087596 1.595054 4.762150
v 0.084066 1.596131 4.770848
v 0.083372 1.594366 2.152206
v 0.087596 1.595053 2.157000
v 0.170272 1.481934 2.157000
v 0.176797 1.478417 2.152206
v 0.086679 1.602775 2.152206
v 0.170272 1.481934 2.157000
v 0.087596 1.595053 2.157000
v 0.083372 1.594366 2.152206
v 0.168889 1.478417 2.152206
v 0.170272 1.481934 2.157000
v 0.170272 1.481935 4.762150
v 0.174677 1.478418 4.762697
v 0.176797 1.478417 2.152206
v 0.170272 1.481935 4.762150
v 0.170272 1.481934 2.157000
v 0.168889 1.478417 2.152206
v 0.171008 1.478418 4.771191
v 0.087596 1.361782 4.762150
v 0.170272 1.474901 4.762150
v 0.174677 1.478418 4.762697
v 0.085985 1.355825 4.763040
v 0.170272 1.474901 4.762150
v 0.087596 1.361782 4.762150
v 0.084066 1.360705 4.770848
v 0.171008 1.478418 4.771191
v 0.170272 1.474901 4.762150
v 0.170272 1.474900 2.157000
v 0.176797 1.478417 2.152206
v 0.174677 1.478418 4.762697
v 0.170272 1.474900 2.157000
v 0.170272 1.474901 4.762150
v 0.171008 1.478418 4.771191
v 0.168889 1.478417 2.152206
v 0.170272 1.474900 2.157000
v 0.087596 1.361781 2.157000
v 0.086679 1.354060 2.152206
v 0.176797 1.478417 2.152206
v 0.087596 1.361781 2.157000
v 0.170272 1.474900 2.157000
v 0.168889 1.478417 2.152206
v 0.083372 1.362469 2.152206
v 0.087596 1.361781 2.157000
v 0.087596 1.361782 4.762150
v 0.085985 1.355825 4.763040
v 0.086679 1.354060 2.152206
v 0.087596 1.361782 4.762150
v 0.087596 1.361781 2.157000
v 0.083372 1.362469 2.152206
v 0.084066 1.360705 4.770848
v -0.081071 1.358265 4.762150
v -0.003953 1.358265 4.762150
v 0.000000 1.354992 4.763554
v -0.085984 1.355825 4.763040
v -0.003953 1.358265 4.762150
v -0.081071 1.358265 4.762150
v -0.084065 1.360705 4.770848
v 0.000000 1.361538 4.770334
v -0.003953 1.358265 4.762150
v -0.003953 1.358264 2.157000
v 0.000001 1.353635 2.152206
v 0.000000 1.354992 4.763554
v -0.003953 1.358264 2.157000
v -0.003953 1.358265 4.762150
v 0.000000 1.361538 4.770334
v 0.000001 1.362893 2.152206
v -0.003953 1.358264 2.157000
v -0.081070 1.358264 2.157000
v -0.086678 1.354060 2.152206
v 0.000001 1.353635 2.152206
v -0.081070 1.358264 2.157000
v -0.003953 1.358264 2.157000
v 0.000001 1.362893 2.152206
v -0.083370 1.362469 2.152206
v -0.081070 1.358264 2.157000
v -0.081071 1.358265 4.762150
v -0.085984 1.355825 4.763040
v -0.086678 1.354060 2.152206
v -0.081071 1.358265 4.762150
v -0.081070 1.358264 2.157000
v -0.083370 1.362469 2.152206
v -0.084065 1.360705 4.770848
v -0.003953 1.598571 4.762150
v -0.081071 1.598571 4.762150
v -0.085984 1.601011 4.763040
v 0.000000 1.601844 4.763554
v -0.081071 1.598571 4.762150
v -0.003953 1.598571 4.762150
v 0.000000 1.595298 4.770334
v -0.084065 1.596131 4.770848
v -0.081071 1.598571 4.762150
v -0.081070 1.598570 2.157000
v -0.086678 1.602775 2.152206
v -0.085984 1.601011 4.763040
v -0.081070 1.598570 2.157000
v -0.081071 1.598571 4.762150
v -0.084065 1.596131 4.770848
v -0.083370 1.594366 2.152206
v -0.081070 1.598570 2.157000
v -0.003953 1.598570 2.157000
v 0.000001 1.603199 2.152206
v -0.086678 1.602775 2.152206
v -0.003953 1.598570 2.157000
v -0.081070 1.598570 2.157000
v -0.083370 1.594366 2.152206
v 0.000001 1.593942 2.152206
v -0.003953 1.598570 2.157000
v -0.003953 1.598571 4.762150
v 0.000000 1.601844 4.763554
v 0.000001 1.603199 2.152206
v -0.003953 1.598571 4.762150
v -0.003953 1.598570 2.157000
v 0.000001 1.593942 2.152206
v 0.000000 1.595298 4.770334
v 0.003954 1.358265 4.762150
v 0.081071 1.358265 4.762150
v 0.085985 1.355825 4.763040
v 0.000000 1.354992 4.763554
v 0.081071 1.358265 4.762150
v 0.003954 1.358265 4.762150
v 0.000000 1.361538 4.770334
v 0.084066 1.360705 4.770848
v 0.081071 1.358265 4.762150
v 0.081072 1.358264 2.157000
v 0.086679 1.354060 2.152206
v 0.085985 1.355825 4.763040
v 0.081072 1.358264 2.157000
v 0.081071 1.358265 4.762150
v 0.084066 1.360705 4.770848
v 0.083372 1.362469 2.152206
v 0.081072 1.358264 2.157000
v 0.003955 1.358264 2.157000
v 0.000001 1.353635 2.152206
v 0.086679 1.354060 2.152206
v 0.003955 1.358264 2.157000
v 0.081072 1.358264 2.157000
v 0.083372 1.362469 2.152206
v 0.000001 1.362893 2.152206
v 0.003955 1.358264 2.157000
v 0.003954 1.358265 4.762150
v 0.000000 1.354992 4.763554
v 0.000001 1.353635 2.152206
v 0.003954 1.358265 4.762150
v 0.003955 1.358264 2.157000
v 0.000001 1.362893 2.152206
v 0.000000 1.361538 4.770334
vn -0.9391 -0.2246 0.2603
vn 0.3737 -0.7389 -0.5607
vn -0.4836 0.6976 0.5286
vn 0.4132 -0.5132 -0.7522
vn 0.4133 -0.5132 -0.7522
vn -0.2052 0.8128 0.5452
vn -0.2051 0.8128 0.5452
vn 0.9325 0.0351 -0.3595
vn 0.9325 0.0352 -0.3595
vn -0.2641 0.3726 0.8896
vn 0.5982 -0.8014 -0.0032
vn -0.9613 -0.2756 0.0001
vn -0.9613 -0.2755 0.0001
vn 0.4964 -0.8681 0.0001
vn 0.4965 -0.8681 0.0001
vn -0.4536 0.3325 -0.8269
vn 0.7595 -0.5544 -0.3403
vn 0.7595 -0.5543 -0.3403
vn 0.0562 0.9984 0.0002
vn 0.0562 0.9984 0.0001
vn 0.9888 -0.1494 0.0001
vn -0.6512 0.4772 0.5901
vn -0.6512 0.4773 0.5901
vn 0.6524 -0.4756 0.5901
vn 0.7068 -0.7074 0.0002
vn 0.7069 0.7073 0.0002
vn 0.0013 -0.4395 -0.8982
vn -0.0006 0.9251 -0.3798
vn -0.0006 0.9250 -0.3799
vn -0.0006 0.9250 -0.3798
vn -0.8336 -0.5523 0.0001
vn -0.5680 0.8230 0.0001
vn 0.0012 -0.7356 0.6774
vn 0.0012 -0.7356 0.6775
vn 0.0011 0.7354 0.6777
vn 0.0011 0.7354 0.6776
vn -0.9841 0.1776 -0.0005
vn 0.3298 0.9440 0.0009
vn -0.9994 -0.0235 0.0235
vn -0.9994 -0.0235 0.0234
vn 0.0119 0.9993 0.0342
vn 0.0531 -0.9986 0.0002
vn 0.0532 -0.9986 0.0002
vn 0.9886 0.1504 0.0001
vn 0.9886 0.1503 0.0001
vn -0.9947 0.0297 -0.0980
vn 0.3742 0.9230 -0.0901
vn -0.0693 -0.8804 -0.4692
vn -0.0694 -0.8804 -0.4692
vn 0.9427 0.1620 -0.2917
vn -0.9998 -0.0050 -0.0205
vn 0.2559 0.9664 -0.0242
vn -0.6512 -0.4772 0.5901
vn 0.6524 0.4755 0.5901
vn 0.6524 0.4756 0.5901
vn -0.0002 -0.9994 -0.0334
vn 0.9992 0.0318 -0.0243
vn -0.9069 0.0708 0.4155
vn -0.9068 0.0708 0.4155
vn 0.4059 0.8598 0.3099
vn 0.4053 0.8603 0.3091
vn -0.3596 -0.9291 0.0868
vn -0.3595 -0.9291 0.0868
vn 0.9947 -0.0092 0.1024
vn -0.4535 -0.3324 -0.8269
vn -0.4535 -0.3324 -0.8270
vn 0.7595 0.5543 -0.3403
vn -0.9718 -0.0140 0.2355
vn -0.9718 -0.0139 0.2352
vn -0.9718 -0.0139 0.2355
vn -0.9718 -0.0139 0.2356
vn 0.3137 0.9189 0.2391
vn 0.3137 0.9189 0.2392
vn 0.0592 -0.9982 0.0005
vn 0.9964 0.0849 -0.0006
vn -0.3031 -0.9253 -0.2278
vn -0.3031 -0.9254 -0.2278
vn 0.9724 0.0099 -0.2333
vn -0.9623 0.2719 0.0001
vn -0.9623 0.2718 0.0001
vn 0.4973 0.8676 0.0001
vn 0.4974 0.8675 0.0001
vn -0.2260 -0.9739 0.0225
vn -0.2261 -0.9738 0.0225
vn -0.2260 -0.9739 0.0226
vn 0.9994 0.0264 0.0218
vn 0.9994 0.0263 0.0218
vn -0.5571 -0.8304 0.0001
vn 0.9873 -0.1591 -0.0006
vn -0.5969 -0.7786 -0.1936
vn -0.5968 -0.7786 -0.1937
vn 0.9101 -0.0692 -0.4085
vn 0.9101 -0.0693 -0.4085
vn -0.9673 -0.2538 -0.0001
vn -0.9672 -0.2538 -0.0001
vn -0.9672 -0.2539 -0.0001
vn 0.0280 0.9996 0.0008
vn -0.9256 -0.3214 0.1997
vn 0.1450 0.8892 0.4340
vn 0.1451 0.8892 0.4340
vn -0.9949 -0.1013 -0.0002
vn 0.4930 -0.8700 -0.0011
vn -0.5339 0.7449 -0.4001
vn 0.4856 -0.6485 -0.5862
vn -0.3194 0.9476 -0.0006
vn 0.9953 -0.0967 -0.0006
vn -0.5716 0.8197 0.0375
vn 0.6048 -0.7780 0.1699
vn -0.6967 -0.7087 -0.1114
vn -0.6559 0.5143 0.5526
vn 0.5284 -0.7270 -0.4385
vn 0.5284 -0.7269 -0.4385
vn -0.2916 0.4383 0.8502
vn -0.2917 0.4383 0.8502
vn 0.7216 -0.4300 -0.5425
vn 0.3845 0.8648 0.3229
vn 0.3846 0.8648 0.3229
vn 0.2667 -0.3522 -0.8971
vn -0.5808 0.8072 -0.1053
vn -0.6884 -0.7253 -0.0001
vn -0.7618 0.6478 0.0008
vn 0.5231 -0.7073 0.4754
vn 0.5231 -0.7073 0.4755
vn -0.4454 0.6244 0.6417
vn 0.8197 -0.5728 0.0007
vn 0.8197 -0.5729 0.0007
vn 0.3485 0.9373 0.0007
vn 0.3485 0.9373 0.0006
vn 0.5809 -0.7998 -0.1515
vn -0.5167 0.7448 -0.4223
vn 0.0013 0.4395 -0.8982
vn -0.0006 -0.9250 -0.3798
vn -0.0006 -0.9250 -0.3799
vn 0.7068 0.7074 0.0002
vn 0.7069 -0.7074 0.0002
vn 0.7069 -0.7073 0.0002
vn 0.0012 0.7356 0.6774
vn 0.0012 0.7356 0.6775
vn 0.0011 -0.7354 0.6777
vn 0.0011 -0.7354 0.6776
vn -0.8336 0.5523 0.0001
vn -0.5680 -0.8230 0.0001
vn 0.2641 0.3726 0.8896
vn 0.2641 0.3727 0.8896
vn -0.5982 -0.8014 -0.0032
vn 0.2052 0.8128 0.5452
vn 0.2051 0.8128 0.5452
vn -0.9325 0.0351 -0.3595
vn -0.9325 0.0351 -0.3596
vn 0.4836 0.6976 0.5286
vn 0.4836 0.6976 0.5287
vn -0.4133 -0.5132 -0.7522
vn 0.9391 -0.2246 0.2602
vn 0.9390 -0.2246 0.2603
vn 0.9391 -0.2246 0.2603
vn 0.9391 -0.2245 0.2603
vn -0.3737 -0.7389 -0.5607
vn 0.6512 0.4773 0.5901
vn 0.6512 0.4772 0.5901
vn -0.6524 -0.4756 0.5901
vn -0.6524 -0.4755 0.5901
vn -0.0562 0.9984 0.0002
vn -0.9888 -0.1494 0.0001
vn 0.4536 0.3325 -0.8269
vn -0.7596 -0.5543 -0.3403
vn 0.9613 -0.2756 0.0001
vn 0.9613 -0.2755 0.0001
vn -0.4965 -0.8681 0.0001
vn -0.4964 -0.8681 0.0001
vn -0.0012 -0.7356 0.6774
vn -0.0012 -0.7356 0.6775
vn -0.0011 0.7354 0.6777
vn -0.0011 0.7354 0.6776
vn 0.8336 -0.5523 0.0001
vn 0.5680 0.8230 0.0001
vn -0.0013 -0.4395 -0.8982
vn 0.0006 0.9250 -0.3798
vn 0.0006 0.9250 -0.3799
vn -0.7068 -0.7074 0.0002
vn -0.7069 0.7074 0.0002
vn -0.7069 0.7073 0.0002
vn 0.9947 0.0297 -0.0980
vn -0.3742 0.9230 -0.0901
vn -0.0531 -0.9986 0.0002
vn -0.0532 -0.9986 0.0002
vn -0.9886 0.1504 0.0001
vn -0.9886 0.1503 0.0001
vn 0.9994 -0.0235 0.0235
vn -0.0119 0.9993 0.0342
vn 0.9841 0.1776 -0.0005
vn -0.3298 0.9440 0.0009
vn -0.3299 0.9440 0.0009
vn 0.0002 -0.9994 -0.0334
vn -0.9992 0.0318 -0.0243
vn 0.6512 -0.4772 0.5901
vn -0.6524 0.4756 0.5901
vn 0.9998 -0.0050 -0.0205
vn 0.9998 -0.0050 -0.0204
vn -0.2559 0.9664 -0.0242
vn 0.0693 -0.8804 -0.4692
vn 0.0694 -0.8804 -0.4692
vn -0.9427 0.1620 -0.2917
vn 0.9718 -0.0139 0.2356
vn 0.9718 -0.0140 0.2355
vn -0.3137 0.9189 0.2391
vn -0.3137 0.9189 0.2392
vn 0.4535 -0.3324 -0.8270
vn -0.7595 0.5543 -0.3403
vn -0.7595 0.5543 -0.3404
vn 0.3595 -0.9291 0.0868
vn 0.3596 -0.9291 0.0868
vn -0.9947 -0.0092 0.1024
vn 0.9069 0.0708 0.4155
vn 0.9069 0.0709 0.4155
vn -0.4059 0.8598 0.3099
vn -0.4059 0.8598 0.3100
vn 0.2260 -0.9739 0.0226
vn 0.2261 -0.9739 0.0225
vn 0.2261 -0.9739 0.0226
vn -0.9994 0.0263 0.0218
vn 0.9623 0.2719 0.0001
vn -0.4973 0.8676 0.0001
vn 0.3031 -0.9253 -0.2278
vn 0.3031 -0.9254 -0.2278
vn -0.9724 0.0099 -0.2333
vn -0.0592 -0.9982 0.0005
vn -0.9964 0.0849 -0.0006
vn -0.9964 0.0848 -0.0006
vn 0.9256 -0.3214 0.1997
vn -0.1451 0.8892 0.4340
vn -0.1450 0.8892 0.4340
vn 0.9672 -0.2538 -0.0001
vn 0.9673 -0.2538 -0.0001
vn -0.0280 0.9996 0.0008
vn 0.5968 -0.7786 -0.1937
vn 0.5969 -0.7786 -0.1936
vn -0.9101 -0.0693 -0.4085
vn 0.5571 -0.8304 0.0001
vn -0.9873 -0.1591 -0.0006
vn 0.5716 0.8197 0.0375
vn -0.6048 -0.7780 0.1699
vn -0.6049 -0.7780 0.1699
vn 0.3194 0.9476 -0.0006
vn 0.3194 0.9476 -0.0007
vn -0.9953 -0.0967 -0.0006
vn -0.9953 -0.0967 -0.0005
vn 0.5339 0.7449 -0.4001
vn -0.4856 -0.6485 -0.5862
vn 0.9949 -0.1013 -0.0002
vn 0.9949 -0.1012 -0.0002
vn -0.4930 -0.8700 -0.0011
vn -0.2667 -0.3522 -0.8971
vn 0.5808 0.8072 -0.1053
vn -0.7216 -0.4300 -0.5425
vn -0.3845 0.8648 0.3229
vn -0.3846 0.8648 0.3229
vn -0.5284 -0.7270 -0.4385
vn 0.2917 0.4383 0.8502
vn 0.2916 0.4383 0.8502
vn 0.6967 -0.7087 -0.1114
vn 0.6559 0.5143 0.5526
vn -0.5809 -0.7998 -0.1515
vn 0.5167 0.7448 -0.4222
vn 0.5167 0.7448 -0.4223
vn -0.8197 -0.5729 0.0007
vn -0.8197 -0.5728 0.0007
vn -0.8196 -0.5729 0.0007
vn -0.3485 0.9373 0.0007
vn -0.3485 0.9373 0.0006
vn -0.5231 -0.7073 0.4755
vn -0.5231 -0.7073 0.4754
vn 0.4454 0.6244 0.6417
vn 0.6884 -0.7253 -0.0001
vn 0.7618 0.6478 0.0008
vn 0.8336 0.5523 0.0001
vn 0.5680 -0.8230 0.0001
vn -0.0012 0.7356 0.6774
vn -0.0012 0.7356 0.6775
vn -0.0011 -0.7354 0.6777
vn -0.7068 0.7074 0.0002
vn -0.7069 -0.7073 0.0002
vn -0.0013 0.4395 -0.8982
vn 0.0006 -0.9250 -0.3799
vn 0.0006 -0.9250 -0.3798
vn -0.7250 -0.5310 -0.4386
vn -0.3095 -0.2263 0.9236
vn -0.3096 -0.2263 0.9236
vn -0.3096 -0.2263 0.9235
vn 0.5257 -0.3737 -0.7642
vn 0.5175 -0.3555 0.7783
vn 0.5176 -0.3555 0.7783
vn 0.7000 0.5097 -0.5002
vn 0.4497 0.3316 0.8293
vn 0.4497 0.3317 0.8293
vn 0.0055 0.6082 -0.7938
vn 0.0052 0.6091 0.7931
vn 0.0053 0.6091 0.7931
vn 0.7250 -0.5310 -0.4386
vn 0.7250 -0.5310 -0.4385
vn 0.3094 -0.2262 0.9236
vn 0.3096 -0.2263 0.9235
vn 0.3097 -0.2264 0.9235
vn 0.3095 -0.2263 0.9236
vn -0.0055 0.6082 -0.7938
vn -0.0053 0.6091 0.7931
vn -0.0052 0.6091 0.7931
vn -0.7000 0.5097 -0.5001
vn -0.7000 0.5097 -0.5002
vn -0.4497 0.3316 0.8293
vn -0.5257 -0.3737 -0.7642
vn -0.5175 -0.3555 0.7783
vn -0.7250 0.5310 -0.4385
vn -0.7250 0.5310 -0.4386
vn -0.3095 0.2263 0.9236
vn -0.3096 0.2263 0.9235
vn 0.0055 -0.6082 -0.7938
vn 0.0052 -0.6091 0.7931
vn 0.7000 -0.5097 -0.5001
vn 0.7000 -0.5097 -0.5002
vn 0.4497 -0.3316 0.8293
vn 0.5257 0.3737 -0.7642
vn 0.5176 0.3555 0.7783
vn 0.5175 0.3555 0.7783
vn 0.0005 0.9211 -0.3893
vn 0.0005 0.9211 -0.3894
vn 0.0014 0.3746 0.9272
vn -0.5079 -0.3710 -0.7774
vn -0.5269 -0.3712 0.7646
vn 0.0032 -0.8992 -0.4375
vn -0.0051 -0.4388 0.8985
vn -0.0051 -0.4389 0.8985
vn 0.6509 -0.0000 -0.7592
vn 0.6509 -0.0000 0.7592
vn 0.7250 0.5310 -0.4386
vn 0.7250 0.5310 -0.4385
vn 0.3097 0.2264 0.9235
vn 0.3096 0.2263 0.9236
vn 0.3095 0.2262 0.9236
vn -0.5257 0.3737 -0.7642
vn -0.5257 0.3738 -0.7642
vn -0.5175 0.3555 0.7783
vn -0.5176 0.3555 0.7783
vn -0.7001 -0.5097 -0.5001
vn -0.7000 -0.5097 -0.5002
vn -0.4497 -0.3316 0.8293
vn -0.4497 -0.3317 0.8293
vn -0.0055 -0.6082 -0.7938
vn -0.0052 -0.6091 0.7931
vn -0.0053 -0.6091 0.7931
vn -0.0005 0.9211 -0.3893
vn -0.0005 0.9211 -0.3894
vn -0.0014 0.3746 0.9272
vn -0.6509 -0.0000 -0.7592
vn -0.6509 -0.0000 0.7592
vn -0.0032 -0.8992 -0.4375
vn 0.0051 -0.4388 0.8986
vn 0.5079 -0.3710 -0.7774
vn 0.5269 -0.3712 0.7646
vn 0.5269 -0.3712 0.7645
vn 0.0005 -0.9211 -0.3894
vn 0.0014 -0.3746 0.9272
vn 0.0032 0.8992 -0.4375
vn -0.0051 0.4388 0.8985
vn -0.0051 0.4389 0.8985
vn -0.5079 0.3710 -0.7774
vn -0.5269 0.3712 0.7646
vn -0.0005 -0.9211 -0.3893
vn -0.0014 -0.3746 0.9272
vn 0.5079 0.3710 -0.7774
vn 0.5269 0.3712 0.7646
vn -0.0032 0.8992 -0.4375
vn 0.0051 0.4388 0.8985
vn 0.0051 0.4389 0.8985
vn -0.0010 0.3728 -0.9279
vn 0.0059 -0.9473 -0.3202
vn 0.0059 -0.9473 -0.3203
vn 0.0019 0.7353 0.6778
vn 0.0019 0.7353 0.6777
vn 0.0019 -0.7356 0.6774
vn -0.5339 0.8455 0.0002
vn -0.7822 -0.6231 0.0003
vn -0.2925 0.2140 -0.9320
vn 0.7887 -0.5799 -0.2040
vn 0.7888 -0.5799 -0.2040
vn -0.5413 0.8408 0.0002
vn -0.5412 0.8409 0.0002
vn -0.5413 0.8409 0.0002
vn 0.9958 0.0919 0.0004
vn -0.6528 0.4750 0.5901
vn 0.6507 -0.4778 0.5901
vn 0.6508 -0.4778 0.5901
vn -0.9833 0.1818 0.0002
vn 0.0500 -0.9987 0.0003
vn 0.0501 -0.9987 0.0004
vn -0.2924 -0.2140 -0.9320
vn -0.2925 -0.2140 -0.9320
vn 0.7887 0.5799 -0.2040
vn -0.9833 -0.1818 0.0002
vn 0.0500 0.9987 0.0003
vn -0.6528 -0.4750 0.5901
vn 0.6507 0.4778 0.5901
vn 0.6508 0.4778 0.5901
vn -0.5412 -0.8409 0.0002
vn -0.5413 -0.8409 0.0002
vn 0.9958 -0.0919 0.0004
vn 0.2925 0.2140 -0.9320
vn -0.7887 -0.5799 -0.2040
vn 0.9833 0.1818 0.0002
vn -0.0500 -0.9987 0.0003
vn -0.0501 -0.9987 0.0003
vn 0.6528 0.4750 0.5901
vn -0.6507 -0.4778 0.5901
vn -0.6508 -0.4778 0.5901
vn 0.5412 0.8409 0.0002
vn 0.5413 0.8409 0.0002
vn -0.9958 0.0919 0.0004
vn 0.2925 -0.2140 -0.9320
vn -0.7887 0.5799 -0.2040
vn -0.7888 0.5799 -0.2040
vn 0.5413 -0.8408 0.0002
vn 0.5412 -0.8409 0.0002
vn 0.5413 -0.8409 0.0002
vn -0.9958 -0.0919 0.0004
vn 0.6528 -0.4750 0.5901
vn -0.6508 0.4778 0.5901
vn -0.6507 0.4778 0.5901
vn 0.9833 -0.1818 0.0002
vn -0.0500 0.9987 0.0003
vn -0.0501 0.9987 0.0004
vn 0.0010 -0.3728 -0.9279
vn -0.0059 0.9473 -0.3203
vn -0.0059 0.9473 -0.3202
vn -0.0019 -0.7353 0.6777
vn -0.0019 0.7356 0.6774
vn 0.5339 -0.8455 0.0002
vn 0.7822 0.6231 0.0003
vn 0.0010 0.3728 -0.9279
vn -0.0059 -0.9473 -0.3202
vn -0.0059 -0.9473 -0.3203
vn 0.5339 0.8455 0.0002
vn 0.5339 0.8456 0.0002
vn 0.7822 -0.6231 0.0003
vn -0.0019 0.7353 0.6777
vn -0.0019 0.7353 0.6778
vn -0.0019 -0.7356 0.6774
vn -0.7069 -0.7074 0.0002
vn -0.0010 -0.3728 -0.9279
vn 0.0059 0.9473 -0.3202
vn -0.5339 -0.8455 0.0002
vn -0.5339 -0.8456 0.0002
vn -0.7822 0.6231 0.0003
vn 0.0019 -0.7353 0.6777
vn 0.0019 0.7356 0.6774
vt 0.847247 0.020578
vt 0.777753 0.020578
vt 0.777753 0.020578
vt 0.847247 0.020578
vt 0.777753 0.020578
vt 0.847247 0.020578
vt 0.847247 0.020578
vt 0.777753 0.020578
vt 0.777753 0.020578
vt 0.777753 0.020578
vt 0.777753 0.020578
vt 0.777753 0.020578
vt 0.777753 0.020578
vt 0.777753 0.020578
vt 0.777753 0.020578
vt 0.777753 0.020578
vt 0.777753 0.020578
vt 0.847247 0.020578
vt 0.847247 0.020578
vt 0.777753 0.020578
vt 0.847247 0.020578
vt 0.777753 0.020578
vt 0.777753 0.020578
vt 0.847247 0.020578
vt 0.847247 0.020578
vt 0.847247 0.020578
vt 0.847247 0.020578
vt 0.847247 0.020578
vt 0.847247 0.020578
vt 0.847247 0.020578
vt 0.847247 0.020578
vt 0.847247 0.020578
vt 0.750000 1.000000
vt 0.750000 0.000000
vt 0.750000 0.000000
vt 0.750000 1.000000
vt 0.750000 0.000000
vt 0.750000 1.000000
vt 0.750000 1.000000
vt 0.750000 0.000000
vt 0.750000 0.000000
vt 0.625000 0.000000
vt 0.625000 0.000000
vt 0.750000 0.000000
vt 0.625000 0.000000
vt 0.750000 0.000000
vt 0.750000 0.000000
vt 0.625000 0.000000
vt 0.625000 0.000000
vt 0.625000 1.000000
vt 0.625000 1.000000
vt 0.625000 0.000000
vt 0.625000 1.000000
vt 0.625000 0.000000
vt 0.625000 0.000000
vt 0.625000 1.000000
vt 0.625000 1.000000
vt 0.750000 1.000000
vt 0.750000 1.000000
vt 0.625000 1.000000
vt 0.750000 1.000000
vt 0.625000 1.000000
vt 0.625000 1.000000
vt 0.750000 1.000000
vt 0.500000 1.000000
vt 0.499999 0.000000
vt 0.499999 0.000000
vt 0.500000 1.000000
vt 0.499999 0.000000
vt 0.500000 1.000000
vt 0.500000 1.000000
vt 0.499999 0.000000
vt 0.499999 0.000000
vt 0.875000 0.000000
vt 0.875000 0.000000
vt 0.499999 0.000000
vt 0.875000 0.000000
vt 0.499999 0.000000
vt 0.499999 0.000000
vt 0.875000 0.000000
vt 0.875000 0.000000
vt 0.875000 1.000000
vt 0.875000 1.000000
vt 0.875000 0.000000
vt 0.875000 1.000000
vt 0.875000 0.000000
vt 0.875000 0.000000
vt 0.875000 1.000000
vt 0.875000 1.000000
vt 0.500000 1.000000
vt 0.500000 1.000000
vt 0.875000 1.000000
vt 0.500000 1.000000
vt 0.875000 1.000000
vt 0.875000 1.000000
vt 0.500000 1.000000
vt 0.847247 0.020578
vt 0.847247 0.979421
vt 0.847247 0.979421
vt 0.847247 0.020578
vt 0.847247 0.979421
vt 0.847247 0.020578
vt 0.847247 0.020578
vt 0.847247 0.979421
vt 0.847247 0.979421
vt 0.875000 1.000000
vt 0.875000 1.000000
vt 0.847247 0.979421
vt 0.875000 1.000000
vt 0.847247 0.979421
vt 0.847247 0.979421
vt 0.875000 1.000000
vt 0.875000 1.000000
vt 0.875000 0.000000
vt 0.875000 0.000000
vt 0.875000 1.000000
vt 0.875000 0.000000
vt 0.875000 1.000000
vt 0.875000 1.000000
vt 0.875000 0.000000
vt 0.875000 0.000000
vt 0.847247 0.020578
vt 0.847247 0.020578
vt 0.875000 0.000000
vt 0.847247 0.020578
vt 0.875000 0.000000
vt 0.875000 0.000000
vt 0.847247 0.020578
vt 0.847247 0.979421
vt 0.777753 0.979421
vt 0.777753 0.979421
vt 0.847247 0.979421
vt 0.777753 0.979421
vt 0.847247 0.979421
vt 0.847247 0.979421
vt 0.777753 0.979421
vt 0.777753 0.979421
vt 0.750000 1.000000
vt 0.750000 1.000000
vt 0.777753 0.979421
vt 0.750000 1.000000
vt 0.777753 0.979421
vt 0.777753 0.979421
vt 0.750000 1.000000
vt 0.750000 1.000000
vt 0.875000 1.000000
vt 0.875000 1.000000
vt 0.750000 1.000000
vt 0.875000 1.000000
vt 0.750000 1.000000
vt 0.750000 1.000000
vt 0.875000 1.000000
vt 0.875000 1.000000
vt 0.847247 0.979421
vt 0.847247 0.979421
vt 0.875000 1.000000
vt 0.847247 0.979421
vt 0.875000 1.000000
vt 0.875000 1.000000
vt 0.847247 0.979421
vt 0.777753 0.020578
vt 0.847247 0.020578
vt 0.847247 0.020578
vt 0.777753 0.020578
vt 0.847247 0.020578
vt 0.777753 0.020578
vt 0.777753 0.020578
vt 0.847247 0.020578
vt 0.847247 0.020578
vt 0.875000 0.000000
vt 0.875000 0.000000
vt 0.847247 0.020578
vt 0.875000 0.000000
vt 0.847247 0.020578
vt 0.847247 0.020578
vt 0.875000 0.000000
vt 0.875000 0.000000
vt 0.750000 0.000000
vt 0.750000 0.000000
vt 0.875000 0.000000
vt 0.750000 0.000000
vt 0.875000 0.000000
vt 0.875000 0.000000
vt 0.750000 0.000000
vt 0.750000 0.000000
vt 0.777753 0.020578
vt 0.777753 0.020578
vt 0.750000 0.000000
vt 0.777753 0.020578
vt 0.750000 0.000000
vt 0.750000 0.000000
vt 0.777753 0.020578
vt 0.777753 0.979421
vt 0.777753 0.020578
vt 0.777753 0.020578
vt 0.777753 0.979421
vt 0.777753 0.020578
vt 0.777753 0.979421
vt 0.777753 0.979421
vt 0.777753 0.020578
vt 0.777753 0.020578
vt 0.750000 0.000000
vt 0.750000 0.000000
vt 0.777753 0.020578
vt 0.750000 0.000000
vt 0.777753 0.020578
vt 0.777753 0.020578
vt 0.750000 0.000000
vt 0.750000 0.000000
vt 0.750000 1.000000
vt 0.750000 1.000000
vt 0.750000 0.000000
vt 0.750000 1.000000
vt 0.750000 0.000000
vt 0.750000 0.000000
vt 0.750000 1.000000
vt 0.750000 1.000000
vt 0.777753 0.979421
vt 0.777753 0.979421
vt 0.750000 1.000000
vt 0.777753 0.979421
vt 0.750000 1.000000
vt 0.750000 1.000000
vt 0.777753 0.979421
vt 0.847247 0.979421
vt 0.847247 0.020578
vt 0.847247 0.020578
vt 0.847247 0.979421
vt 0.847247 0.020578
vt 0.847247 0.979421
vt 0.847247 0.979421
vt 0.847247 0.020578
vt 0.847247 0.020578
vt 0.777753 0.020578
vt 0.777753 0.020578
vt 0.847247 0.020578
vt 0.777753 0.020578
vt 0.847247 0.020578
vt 0.847247 0.020578
vt 0.777753 0.020578
vt 0.777753 0.020578
vt 0.777753 0.979421
vt 0.777753 0.979421
vt 0.777753 0.020578
vt 0.777753 0.979421
vt 0.777753 0.020578
vt 0.777753 0.020578
vt 0.777753 0.979421
vt 0.777753 0.979421
vt 0.847247 0.979421
vt 0.847247 0.979421
vt 0.777753 0.979421
vt 0.847247 0.979421
vt 0.777753 0.979421
vt 0.777753 0.979421
vt 0.847247 0.979421
vt 0.847247 0.979421
vt 0.847247 0.020578
vt 0.847247 0.020578
vt 0.847247 0.979421
vt 0.847247 0.020578
vt 0.847247 0.979421
vt 0.847247 0.979421
vt 0.847247 0.020578
vt 0.847247 0.020578
vt 0.847247 0.020578
vt 0.847247 0.020578
vt 0.847247 0.020578
vt 0.847247 0.020578
vt 0.847247 0.020578
vt 0.847247 0.020578
vt 0.847247 0.020578
vt 0.847247 0.020578
vt 0.847247 0.979421
vt 0.847247 0.979421
vt 0.847247 0.020578
vt 0.847247 0.979421
vt 0.847247 0.020578
vt 0.847247 0.020578
vt 0.847247 0.979421
vt 0.847247 0.979421
vt 0.847247 0.979421
vt 0.847247 0.979421
vt 0.847247 0.979421
vt 0.847247 0.979421
vt 0.847247 0.979421
vt 0.847247 0.979421
vt 0.847247 0.979421
vt 0.777753 0.979421
vt 0.847247 0.979421
vt 0.847247 0.979421
vt 0.777753 0.979421
vt 0.847247 0.979421
vt 0.777753 0.979421
vt 0.777753 0.979421
vt 0.847247 0.979421
vt 0.847247 0.979421
vt 0.847247 0.979421
vt 0.847247 0.979421
vt 0.847247 0.979421
vt 0.847247 0.979421
vt 0.847247 0.979421
vt 0.847247 0.979421
vt 0.847247 0.979421
vt 0.847247 0.979421
vt 0.777753 0.979421
vt 0.777753 0.979421
vt 0.847247 0.979421
vt 0.777753 0.979421
vt 0.847247 0.979421
vt 0.847247 0.979421
vt 0.777753 0.979421
vt 0.777753 0.979421
vt 0.777753 0.979421
vt 0.777753 0.979421
vt 0.777753 0.979421
vt 0.777753 0.979421
vt 0.777753 0.979421
vt 0.777753 0.979421
vt 0.777753 0.979421
vt 0.777753 0.020578
vt 0.777753 0.979421
vt 0.777753 0.979421
vt 0.777753 0.020578
vt 0.777753 0.979421
vt 0.777753 0.020578
vt 0.777753 0.020578
vt 0.777753 0.979421
vt 0.777753 0.979421
vt 0.777753 0.979421
vt 0.777753 0.979421
vt 0.777753 0.979421
vt 0.777753 0.979421
vt 0.777753 0.979421
vt 0.777753 0.979421
vt 0.777753 0.979421
vt 0.777753 0.979421
vt 0.777753 0.020578
vt 0.777753 0.020578
vt 0.777753 0.979421
vt 0.777753 0.020578
vt 0.777753 0.979421
vt 0.777753 0.979421
vt 0.777753 0.020578
vt 0.777753 0.020578
vt 0.777753 0.020578
vt 0.777753 0.020578
vt 0.777753 0.020578
vt 0.777753 0.020578
vt 0.777753 0.020578
vt 0.777753 0.020578
vt 0.777753 0.020578
vt 0.625000 0.000000
vt 0.500000 0.000000
vt 0.500000 0.000000
vt 0.625000 0.000000
vt 0.500000 0.000000
vt 0.625000 0.000000
vt 0.625000 0.000000
vt 0.500000 0.000000
vt 0.500000 0.000000
vt 0.500000 1.000000
vt 0.500000 1.000000
vt 0.500000 0.000000
vt 0.500000 1.000000
vt 0.500000 0.000000
vt 0.500000 0.000000
vt 0.500000 1.000000
vt 0.500000 1.000000
vt 0.625000 1.000000
vt 0.625000 1.000000
vt 0.500000 1.000000
vt 0.625000 1.000000
vt 0.500000 1.000000
vt 0.500000 1.000000
vt 0.625000 1.000000
vt 0.625000 1.000000
vt 0.625000 0.000000
vt 0.625000 0.000000
vt 0.625000 1.000000
vt 0.625000 0.000000
vt 0.625000 1.000000
vt 0.625000 1.000000
vt 0.625000 0.000000
vt 0.847247 0.020578
vt 0.847247 0.020578
vt 0.847247 0.020578
vt 0.847247 0.020578
vt 0.847247 0.020578
vt 0.847247 0.020578
vt 0.847247 0.020578
vt 0.847247 0.020578
vt 0.847247 0.020578
vt 0.777753 0.020578
vt 0.777753 0.020578
vt 0.847247 0.020578
vt 0.777753 0.020578
vt 0.847247 0.020578
vt 0.847247 0.020578
vt 0.777753 0.020578
vt 0.777753 0.020578
vt 0.777753 0.020578
vt 0.777753 0.020578
vt 0.777753 0.020578
vt 0.777753 0.020578
vt 0.777753 0.020578
vt 0.777753 0.020578
vt 0.777753 0.020578
vt 0.777753 0.020578
vt 0.847247 0.020578
vt 0.847247 0.020578
vt 0.777753 0.020578
vt 0.847247 0.020578
vt 0.777753 0.020578
vt 0.777753 0.020578
vt 0.847247 0.020578
vt 0.750000 1.000000
vt 0.625000 1.000000
vt 0.625000 1.000000
vt 0.750000 1.000000
vt 0.625000 1.000000
vt 0.750000 1.000000
vt 0.750000 1.000000
vt 0.625000 1.000000
vt 0.625000 1.000000
vt 0.625000 0.000000
vt 0.625000 0.000000
vt 0.625000 1.000000
vt 0.625000 0.000000
vt 0.625000 1.000000
vt 0.625000 1.000000
vt 0.625000 0.000000
vt 0.625000 0.000000
vt 0.750000 0.000000
vt 0.750000 0.000000
vt 0.625000 0.000000
vt 0.750000 0.000000
vt 0.625000 0.000000
vt 0.625000 0.000000
vt 0.750000 0.000000
vt 0.750000 0.000000
vt 0.750000 1.000000
vt 0.750000 1.000000
vt 0.750000 0.000000
vt 0.750000 1.000000
vt 0.750000 0.000000
vt 0.750000 0.000000
vt 0.750000 1.000000
vt 0.500000 1.000000
vt 0.875000 1.000000
vt 0.875000 1.000000
vt 0.500000 1.000000
vt 0.875000 1.000000
vt 0.500000 1.000000
vt 0.500000 1.000000
vt 0.875000 1.000000
vt 0.875000 1.000000
vt 0.875000 0.000000
vt 0.875000 0.000000
vt 0.875000 1.000000
vt 0.875000 0.000000
vt 0.875000 1.000000
vt 0.875000 1.000000
vt 0.875000 0.000000
vt 0.875000 0.000000
vt 0.499999 0.000000
vt 0.499999 0.000000
vt 0.875000 0.000000
vt 0.499999 0.000000
vt 0.875000 0.000000
vt 0.875000 0.000000
vt 0.499999 0.000000
vt 0.499999 0.000000
vt 0.500000 1.000000
vt 0.500000 1.000000
vt 0.499999 0.000000
vt 0.500000 1.000000
vt 0.499999 0.000000
vt 0.499999 0.000000
vt 0.500000 1.000000
vt 0.847247 0.020578
vt 0.875000 0.000000
vt 0.875000 0.000000
vt 0.847247 0.020578
vt 0.875000 0.000000
vt 0.847247 0.020578
vt 0.847247 0.020578
vt 0.875000 0.000000
vt 0.875000 0.000000
vt 0.875000 1.000000
vt 0.875000 1.000000
vt 0.875000 0.000000
vt 0.875000 1.000000
vt 0.875000 0.000000
vt 0.875000 0.000000
vt 0.875000 1.000000
vt 0.875000 1.000000
vt 0.847247 0.979421
vt 0.847247 0.979421
vt 0.875000 1.000000
vt 0.847247 0.979421
vt 0.875000 1.000000
vt 0.875000 1.000000
vt 0.847247 0.979421
vt 0.847247 0.979421
vt 0.847247 0.020578
vt 0.847247 0.020578
vt 0.847247 0.979421
vt 0.847247 0.020578
vt 0.847247 0.979421
vt 0.847247 0.979421
vt 0.847247 0.020578
vt 0.847247 0.979421
vt 0.875000 1.000000
vt 0.875000 1.000000
vt 0.847247 0.979421
vt 0.875000 1.000000
vt 0.847247 0.979421
vt 0.847247 0.979421
vt 0.875000 1.000000
vt 0.875000 1.000000
vt 0.750000 1.000000
vt 0.750000 1.000000
vt 0.875000 1.000000
vt 0.750000 1.000000
vt 0.875000 1.000000
vt 0.875000 1.000000
vt 0.750000 1.000000
vt 0.750000 1.000000
vt 0.777753 0.979421
vt 0.777753 0.979421
vt 0.750000 1.000000
vt 0.777753 0.979421
vt 0.750000 1.000000
vt 0.750000 1.000000
vt 0.777753 0.979421
vt 0.777753 0.979421
vt 0.847247 0.979421
vt 0.847247 0.979421
vt 0.777753 0.979421
vt 0.847247 0.979421
vt 0.777753 0.979421
vt 0.777753 0.979421
vt 0.847247 0.979421
vt 0.777753 0.020578
vt 0.750000 0.000000
vt 0.750000 0.000000
vt 0.777753 0.020578
vt 0.750000 0.000000
vt 0.777753 0.020578
vt 0.777753 0.020578
vt 0.750000 0.000000
vt 0.750000 0.000000
vt 0.875000 0.000000
vt 0.875000 0.000000
vt 0.750000 0.000000
vt 0.875000 0.000000
vt 0.750000 0.000000
vt 0.750000 0.000000
vt 0.875000 0.000000
vt 0.875000 0.000000
vt 0.847247 0.020578
vt 0.847247 0.020578
vt 0.875000 0.000000
vt 0.847247 0.020578
vt 0.875000 0.000000
vt 0.875000 0.000000
vt 0.847247 0.020578
vt 0.847247 0.020578
vt 0.777753 0.020578
vt 0.777753 0.020578
vt 0.847247 0.020578
vt 0.777753 0.020578
vt 0.847247 0.020578
vt 0.847247 0.020578
vt 0.777753 0.020578
vt 0.777753 0.979421
vt 0.750000 1.000000
vt 0.750000 1.000000
vt 0.777753 0.979421
vt 0.750000 1.000000
vt 0.777753 0.979421
vt 0.777753 0.979421
vt 0.750000 1.000000
vt 0.750000 1.000000
vt 0.750000 0.000000
vt 0.750000 0.000000
vt 0.750000 1.000000
vt 0.750000 0.000000
vt 0.750000 1.000000
vt 0.750000 1.000000
vt 0.750000 0.000000
vt 0.750000 0.000000
vt 0.777753 0.020578
vt 0.777753 0.020578
vt 0.750000 0.000000
vt 0.777753 0.020578
vt 0.750000 0.000000
vt 0.750000 0.000000
vt 0.777753 0.020578
vt 0.777753 0.020578
vt 0.777753 0.979421
vt 0.777753 0.979421
vt 0.777753 0.020578
vt 0.777753 0.979421
vt 0.777753 0.020578
vt 0.777753 0.020578
vt 0.777753 0.979421
vt 0.847247 0.979421
vt 0.777753 0.979421
vt 0.777753 0.979421
vt 0.847247 0.979421
vt 0.777753 0.979421
vt 0.847247 0.979421
vt 0.847247 0.979421
vt 0.777753 0.979421
vt 0.777753 0.979421
vt 0.777753 0.020578
vt 0.777753 0.020578
vt 0.777753 0.979421
vt 0.777753 0.020578
vt 0.777753 0.979421
vt 0.777753 0.979421
vt 0.777753 0.020578
vt 0.777753 0.020578
vt 0.847247 0.020578
vt 0.847247 0.020578
vt 0.777753 0.020578
vt 0.847247 0.020578
vt 0.777753 0.020578
vt 0.777753 0.020578
vt 0.847247 0.020578
vt 0.847247 0.020578
vt 0.847247 0.979421
vt 0.847247 0.979421
vt 0.847247 0.020578
vt 0.847247 0.979421
vt 0.847247 0.020578
vt 0.847247 0.020578
vt 0.847247 0.979421
vt 0.847247 0.979421
vt 0.847247 0.979421
vt 0.847247 0.979421
vt 0.847247 0.979421
vt 0.847247 0.979421
vt 0.847247 0.979421
vt 0.847247 0.979421
vt 0.847247 0.979421
vt 0.847247 0.979421
vt 0.847247 0.020578
vt 0.847247 0.020578
vt 0.847247 0.979421
vt 0.847247 0.020578
vt 0.847247 0.979421
vt 0.847247 0.979421
vt 0.847247 0.020578
vt 0.847247 0.020578
vt 0.847247 0.020578
vt 0.847247 0.020578
vt 0.847247 0.020578
vt 0.847247 0.020578
vt 0.847247 0.020578
vt 0.847247 0.020578
vt 0.847247 0.020578
vt 0.847247 0.020578
vt 0.847247 0.979421
vt 0.847247 0.979421
vt 0.847247 0.020578
vt 0.847247 0.979421
vt 0.847247 0.020578
vt 0.847247 0.020578
vt 0.847247 0.979421
vt 0.777753 0.979421
vt 0.777753 0.979421
vt 0.777753 0.979421
vt 0.777753 0.979421
vt 0.777753 0.979421
vt 0.777753 0.979421
vt 0.777753 0.979421
vt 0.777753 0.979421
vt 0.777753 0.979421
vt 0.847247 0.979421
vt 0.847247 0.979421
vt 0.777753 0.979421
vt 0.847247 0.979421
vt 0.777753 0.979421
vt 0.777753 0.979421
vt 0.847247 0.979421
vt 0.847247 0.979421
vt 0.847247 0.979421
vt 0.847247 0.979421
vt 0.847247 0.979421
vt 0.847247 0.979421
vt 0.847247 0.979421
vt 0.847247 0.979421
vt 0.847247 0.979421
vt 0.847247 0.979421
vt 0.777753 0.979421
vt 0.777753 0.979421
vt 0.847247 0.979421
vt 0.777753 0.979421
vt 0.847247 0.979421
vt 0.847247 0.979421
vt 0.777753 0.979421
vt 0.777753 0.020578
vt 0.777753 0.020578
vt 0.777753 0.020578
vt 0.777753 0.020578
vt 0.777753 0.020578
vt 0.777753 0.020578
vt 0.777753 0.020578
vt 0.777753 0.020578
vt 0.777753 0.020578
vt 0.777753 0.979421
vt 0.777753 0.979421
vt 0.777753 0.020578
vt 0.777753 0.979421
vt 0.777753 0.020578
vt 0.777753 0.020578
vt 0.777753 0.979421
vt 0.777753 0.979421
vt 0.777753 0.979421
vt 0.777753 0.979421
vt 0.777753 0.979421
vt 0.777753 0.979421
vt 0.777753 0.979421
vt 0.777753 0.979421
vt 0.777753 0.979421
vt 0.777753 0.979421
vt 0.777753 0.020578
vt 0.777753 0.020578
vt 0.777753 0.979421
vt 0.777753 0.020578
vt 0.777753 0.979421
vt 0.777753 0.979421
vt 0.777753 0.020578
vt 0.625000 0.000000
vt 0.625000 1.000000
vt 0.625000 1.000000
vt 0.625000 0.000000
vt 0.625000 1.000000
vt 0.625000 0.000000
vt 0.625000 0.000000
vt 0.625000 1.000000
vt 0.625000 1.000000
vt 0.500000 1.000000
vt 0.500000 1.000000
vt 0.625000 1.000000
vt 0.500000 1.000000
vt 0.625000 1.000000
vt 0.625000 1.000000
vt 0.500000 1.000000
vt 0.500000 1.000000
vt 0.500000 0.000000
vt 0.500000 0.000000
vt 0.500000 1.000000
vt 0.500000 0.000000
vt 0.500000 1.000000
vt 0.500000 1.000000
vt 0.500000 0.000000
vt 0.500000 0.000000
vt 0.625000 0.000000
vt 0.625000 0.000000
vt 0.500000 0.000000
vt 0.625000 0.000000
vt 0.500000 0.000000
vt 0.500000 0.000000
vt 0.625000 0.000000
vt 0.750000 0.000000
vt 0.875000 0.000000
vt 0.875000 0.000000
vt 0.750000 0.000000
vt 0.875000 0.000000
vt 0.750000 0.000000
vt 0.750000 0.000000
vt 0.875000 0.000000
vt 0.875000 0.000000
vt 0.875000 0.000000
vt 0.875000 0.000000
vt 0.875000 0.000000
vt 0.875000 0.000000
vt 0.875000 0.000000
vt 0.875000 0.000000
vt 0.875000 0.000000
vt 0.875000 0.000000
vt 0.750000 0.000000
vt 0.750000 0.000000
vt 0.875000 0.000000
vt 0.750000 0.000000
vt 0.875000 0.000000
vt 0.875000 0.000000
vt 0.750000 0.000000
vt 0.750000 0.000000
vt 0.750000 0.000000
vt 0.750000 0.000000
vt 0.750000 0.000000
vt 0.750000 0.000000
vt 0.750000 0.000000
vt 0.750000 0.000000
vt 0.750000 0.000000
vt 0.875000 0.000000
vt 0.750000 0.000000
vt 0.750000 0.000000
vt 0.875000 0.000000
vt 0.750000 0.000000
vt 0.875000 0.000000
vt 0.875000 0.000000
vt 0.750000 0.000000
vt 0.750000 0.000000
vt 0.750000 0.000000
vt 0.750000 0.000000
vt 0.750000 0.000000
vt 0.750000 0.000000
vt 0.750000 0.000000
vt 0.750000 0.000000
vt 0.750000 0.000000
vt 0.750000 0.000000
vt 0.875000 0.000000
vt 0.875000 0.000000
vt 0.750000 0.000000
vt 0.875000 0.000000
vt 0.750000 0.000000
vt 0.750000 0.000000
vt 0.875000 0.000000
vt 0.875000 0.000000
vt 0.875000 0.000000
vt 0.875000 0.000000
vt 0.875000 0.000000
vt 0.875000 0.000000
vt 0.875000 0.000000
vt 0.875000 0.000000
vt 0.875000 0.000000
vt 0.625000 0.000000
vt 0.750000 0.000000
vt 0.750000 0.000000
vt 0.625000 0.000000
vt 0.750000 0.000000
vt 0.625000 0.000000
vt 0.625000 0.000000
vt 0.750000 0.000000
vt 0.750000 0.000000
vt 0.750000 0.000000
vt 0.750000 0.000000
vt 0.750000 0.000000
vt 0.750000 0.000000
vt 0.750000 0.000000
vt 0.750000 0.000000
vt 0.750000 0.000000
vt 0.750000 0.000000
vt 0.625000 0.000000
vt 0.625000 0.000000
vt 0.750000 0.000000
vt 0.625000 0.000000
vt 0.750000 0.000000
vt 0.750000 0.000000
vt 0.625000 0.000000
vt 0.625000 0.000000
vt 0.625000 0.000000
vt 0.625000 0.000000
vt 0.625000 0.000000
vt 0.625000 0.000000
vt 0.625000 0.000000
vt 0.625000 0.000000
vt 0.625000 0.000000
vt 0.500000 0.000000
vt 0.625000 0.000000
vt 0.625000 0.000000
vt 0.500000 0.000000
vt 0.625000 0.000000
vt 0.500000 0.000000
vt 0.500000 0.000000
vt 0.625000 0.000000
vt 0.625000 0.000000
vt 0.625000 0.000000
vt 0.625000 0.000000
vt 0.625000 0.000000
vt 0.625000 0.000000
vt 0.625000 0.000000
vt 0.625000 0.000000
vt 0.625000 0.000000
vt 0.625000 0.000000
vt 0.500000 0.000000
vt 0.500000 0.000000
vt 0.625000 0.000000
vt 0.500000 0.000000
vt 0.625000 0.000000
vt 0.625000 0.000000
vt 0.500000 0.000000
vt 0.500000 0.000000
vt 0.500000 0.000000
vt 0.500000 0.000000
vt 0.500000 0.000000
vt 0.500000 0.000000
vt 0.500000 0.000000
vt 0.500000 0.000000
vt 0.500000 0.000000
vt 0.750000 0.000000
vt 0.625000 0.000000
vt 0.625000 0.000000
vt 0.750000 0.000000
vt 0.625000 0.000000
vt 0.750000 0.000000
vt 0.750000 0.000000
vt 0.625000 0.000000
vt 0.625000 0.000000
vt 0.625000 0.000000
vt 0.625000 0.000000
vt 0.625000 0.000000
vt 0.625000 0.000000
vt 0.625000 0.000000
vt 0.625000 0.000000
vt 0.625000 0.000000
vt 0.625000 0.000000
vt 0.750000 0.000000
vt 0.750000 0.000000
vt 0.625000 0.000000
vt 0.750000 0.000000
vt 0.625000 0.000000
vt 0.625000 0.000000
vt 0.750000 0.000000
vt 0.750000 0.000000
vt 0.750000 0.000000
vt 0.750000 0.000000
vt 0.750000 0.000000
vt 0.750000 0.000000
vt 0.750000 0.000000
vt 0.750000 0.000000
vt 0.750000 0.000000
vt 0.625000 0.000000
vt 0.500000 0.000000
vt 0.500000 0.000000
vt 0.625000 0.000000
vt 0.500000 0.000000
vt 0.625000 0.000000
vt 0.625000 0.000000
vt 0.500000 0.000000
vt 0.500000 0.000000
vt 0.500000 0.000000
vt 0.500000 0.000000
vt 0.500000 0.000000
vt 0.500000 0.000000
vt 0.500000 0.000000
vt 0.500000 0.000000
vt 0.500000 0.000000
vt 0.500000 0.000000
vt 0.625000 0.000000
vt 0.625000 0.000000
vt 0.500000 0.000000
vt 0.625000 0.000000
vt 0.500000 0.000000
vt 0.500000 0.000000
vt 0.625000 0.000000
vt 0.625000 0.000000
vt 0.625000 0.000000
vt 0.625000 0.000000
vt 0.625000 0.000000
vt 0.625000 0.000000
vt 0.625000 0.000000
vt 0.625000 0.000000
vt 0.625000 0.000000
vt 0.875000 0.000000
vt 0.499999 0.000000
vt 0.499999 0.000000
vt 0.875000 0.000000
vt 0.499999 0.000000
vt 0.875000 0.000000
vt 0.875000 0.000000
vt 0.499999 0.000000
vt 0.499999 0.000000
vt 0.499999 0.000000
vt 0.499999 0.000000
vt 0.499999 0.000000
vt 0.499999 0.000000
vt 0.499999 0.000000
vt 0.499999 0.000000
vt 0.499999 0.000000
vt 0.499999 0.000000
vt 0.875000 0.000000
vt 0.875000 0.000000
vt 0.499999 0.000000
vt 0.875000 0.000000
vt 0.499999 0.000000
vt 0.499999 0.000000
vt 0.875000 0.000000
vt 0.875000 0.000000
vt 0.875000 0.000000
vt 0.875000 0.000000
vt 0.875000 0.000000
vt 0.875000 0.000000
vt 0.875000 0.000000
vt 0.875000 0.000000
vt 0.875000 0.000000
vt 0.499999 0.000000
vt 0.875000 0.000000
vt 0.875000 0.000000
vt 0.499999 0.000000
vt 0.875000 0.000000
vt 0.499999 0.000000
vt 0.499999 0.000000
vt 0.875000 0.000000
vt 0.875000 0.000000
vt 0.875000 0.000000
vt 0.875000 0.000000
vt 0.875000 0.000000
vt 0.875000 0.000000
vt 0.875000 0.000000
vt 0.875000 0.000000
vt 0.875000 0.000000
vt 0.875000 0.000000
vt 0.499999 0.000000
vt 0.499999 0.000000
vt 0.875000 0.000000
vt 0.499999 0.000000
vt 0.875000 0.000000
vt 0.875000 0.000000
vt 0.499999 0.000000
vt 0.499999 0.000000
vt 0.499999 0.000000
vt 0.499999 0.000000
vt 0.499999 0.000000
vt 0.499999 0.000000
vt 0.499999 0.000000
vt 0.499999 0.000000
vt 0.499999 0.000000
vt 0.875000 0.000000
vt 0.499999 0.000000
vt 0.499999 0.000000
vt 0.875000 0.000000
vt 0.499999 0.000000
vt 0.875000 0.000000
vt 0.875000 0.000000
vt 0.499999 0.000000
vt 0.499999 0.000000
vt 0.499999 0.000000
vt 0.499999 0.000000
vt 0.499999 0.000000
vt 0.499999 0.000000
vt 0.499999 0.000000
vt 0.499999 0.000000
vt 0.499999 0.000000
vt 0.499999 0.000000
vt 0.875000 0.000000
vt 0.875000 0.000000
vt 0.499999 0.000000
vt 0.875000 0.000000
vt 0.499999 0.000000
vt 0.499999 0.000000
vt 0.875000 0.000000
vt 0.875000 0.000000
vt 0.875000 0.000000
vt 0.875000 0.000000
vt 0.875000 0.000000
vt 0.875000 0.000000
vt 0.875000 0.000000
vt 0.875000 0.000000
vt 0.875000 0.000000
vt 0.875000 0.000000
vt 0.750000 0.000000
vt 0.750000 0.000000
vt 0.875000 0.000000
vt 0.750000 0.000000
vt 0.875000 0.000000
vt 0.875000 0.000000
vt 0.750000 0.000000
vt 0.750000 0.000000
vt 0.750000 0.000000
vt 0.750000 0.000000
vt 0.750000 0.000000
vt 0.750000 0.000000
vt 0.750000 0.000000
vt 0.750000 0.000000
vt 0.750000 0.000000
vt 0.750000 0.000000
vt 0.875000 0.000000
vt 0.875000 0.000000
vt 0.750000 0.000000
vt 0.875000 0.000000
vt 0.750000 0.000000
vt 0.750000 0.000000
vt 0.875000 0.000000
vt 0.875000 0.000000
vt 0.875000 0.000000
vt 0.875000 0.000000
vt 0.875000 0.000000
vt 0.875000 0.000000
vt 0.875000 0.000000
vt 0.875000 0.000000
vt 0.875000 0.000000
vt 0.750000 0.000000
vt 0.625000 0.000000
vt 0.625000 0.000000
vt 0.750000 0.000000
vt 0.625000 0.000000
vt 0.750000 0.000000
vt 0.750000 0.000000
vt 0.625000 0.000000
vt 0.625000 0.000000
vt 0.625000 0.000000
vt 0.625000 0.000000
vt 0.625000 0.000000
vt 0.625000 0.000000
vt 0.625000 0.000000
vt 0.625000 0.000000
vt 0.625000 0.000000
vt 0.625000 0.000000
vt 0.750000 0.000000
vt 0.750000 0.000000
vt 0.625000 0.000000
vt 0.750000 0.000000
vt 0.625000 0.000000
vt 0.625000 0.000000
vt 0.750000 0.000000
vt 0.750000 0.000000
vt 0.750000 0.000000
vt 0.750000 0.000000
vt 0.750000 0.000000
vt 0.750000 0.000000
vt 0.750000 0.000000
vt 0.750000 0.000000
vt 0.750000 0.000000
vt 0.750000 0.000000
vt 0.875000 0.000000
vt 0.875000 0.000000
vt 0.750000 0.000000
vt 0.875000 0.000000
vt 0.750000 0.000000
vt 0.750000 0.000000
vt 0.875000 0.000000
vt 0.875000 0.000000
vt 0.875000 0.000000
vt 0.875000 0.000000
vt 0.875000 0.000000
vt 0.875000 0.000000
vt 0.875000 0.000000
vt 0.875000 0.000000
vt 0.875000 0.000000
vt 0.875000 0.000000
vt 0.750000 0.000000
vt 0.750000 0.000000
vt 0.875000 0.000000
vt 0.750000 0.000000
vt 0.875000 0.000000
vt 0.875000 0.000000
vt 0.750000 0.000000
vt 0.750000 0.000000
vt 0.750000 0.000000
vt 0.750000 0.000000
vt 0.750000 0.000000
vt 0.750000 0.000000
vt 0.750000 0.000000
vt 0.750000 0.000000
vt 0.750000 0.000000
vt 0.625000 0.000000
vt 0.750000 0.000000
vt 0.750000 0.000000
vt 0.625000 0.000000
vt 0.750000 0.000000
vt 0.625000 0.000000
vt 0.625000 0.000000
vt 0.750000 0.000000
vt 0.750000 0.000000
vt 0.750000 0.000000
vt 0.750000 0.000000
vt 0.750000 0.000000
vt 0.750000 0.000000
vt 0.750000 0.000000
vt 0.750000 0.000000
vt 0.750000 0.000000
vt 0.750000 0.000000
vt 0.625000 0.000000
vt 0.625000 0.000000
vt 0.750000 0.000000
vt 0.625000 0.000000
vt 0.750000 0.000000
vt 0.750000 0.000000
vt 0.625000 0.000000
vt 0.625000 0.000000
vt 0.625000 0.000000
vt 0.625000 0.000000
vt 0.625000 0.000000
vt 0.625000 0.000000
vt 0.625000 0.000000
vt 0.625000 0.000000
vt 0.625000 0.000000
vt 0.625000 0.000000
vt 0.500000 0.000000
vt 0.500000 0.000000
vt 0.625000 0.000000
vt 0.500000 0.000000
vt 0.625000 0.000000
vt 0.625000 0.000000
vt 0.500000 0.000000
vt 0.500000 0.000000
vt 0.500000 0.000000
vt 0.500000 0.000000
vt 0.500000 0.000000
vt 0.500000 0.000000
vt 0.500000 0.000000
vt 0.500000 0.000000
vt 0.500000 0.000000
vt 0.500000 0.000000
vt 0.625000 0.000000
vt 0.625000 0.000000
vt 0.500000 0.000000
vt 0.625000 0.000000
vt 0.500000 0.000000
vt 0.500000 0.000000
vt 0.625000 0.000000
vt 0.625000 0.000000
vt 0.625000 0.000000
vt 0.625000 0.000000
vt 0.625000 0.000000
vt 0.625000 0.000000
vt 0.625000 0.000000
vt 0.625000 0.000000
vt 0.625000 0.000000
vt 0.499999 0.000000
vt 0.875000 0.000000
vt 0.875000 0.000000
vt 0.499999 0.000000
vt 0.875000 0.000000
vt 0.499999 0.000000
vt 0.499999 0.000000
vt 0.875000 0.000000
vt 0.875000 0.000000
vt 0.875000 0.000000
vt 0.875000 0.000000
vt 0.875000 0.000000
vt 0.875000 0.000000
vt 0.875000 0.000000
vt 0.875000 0.000000
vt 0.875000 0.000000
vt 0.875000 0.000000
vt 0.499999 0.000000
vt 0.499999 0.000000
vt 0.875000 0.000000
vt 0.499999 0.000000
vt 0.875000 0.000000
vt 0.875000 0.000000
vt 0.499999 0.000000
vt 0.499999 0.000000
vt 0.499999 0.000000
vt 0.499999 0.000000
vt 0.499999 0.000000
vt 0.499999 0.000000
vt 0.499999 0.000000
vt 0.499999 0.000000
vt 0.499999 0.000000
vt 0.500000 0.000000
vt 0.625000 0.000000
vt 0.625000 0.000000
vt 0.500000 0.000000
vt 0.625000 0.000000
vt 0.500000 0.000000
vt 0.500000 0.000000
vt 0.625000 0.000000
vt 0.625000 0.000000
vt 0.625000 0.000000
vt 0.625000 0.000000
vt 0.625000 0.000000
vt 0.625000 0.000000
vt 0.625000 0.000000
vt 0.625000 0.000000
vt 0.625000 0.000000
vt 0.625000 0.000000
vt 0.500000 0.000000
vt 0.500000 0.000000
vt 0.625000 0.000000
vt 0.500000 0.000000
vt 0.625000 0.000000
vt 0.625000 0.000000
vt 0.500000 0.000000
vt 0.500000 0.000000
vt 0.500000 0.000000
vt 0.500000 0.000000
vt 0.500000 0.000000
vt 0.500000 0.000000
vt 0.500000 0.000000
vt 0.500000 0.000000
vt 0.500000 0.000000
s 1
usemtl PurpleGLow
f 1/1/1 2/2/1 3/3/1
f 1/1/1 3/3/1 4/4/1
f 5/5/2 6/6/2 7/7/2
f 5/5/2 7/7/2 8/8/2
f 9/9/3 10/10/3 11/11/3
f 9/9/3 11/11/3 12/12/3
f 13/13/4 14/14/5 15/15/5
f 13/13/4 15/15/5 16/16/4
f 17/17/6 18/18/7 19/19/7
f 17/17/6 19/19/7 20/20/7
f 21/21/8 22/22/8 23/23/8
f 21/21/8 23/23/8 24/24/9
f 25/25/10 26/26/10 27/27/10
f 25/25/10 27/27/10 28/28/10
f 29/29/11 30/30/11 31/31/11
f 29/29/11 31/31/11 32/32/11
f 33/33/12 34/34/13 35/35/12
f 33/33/12 35/35/12 36/36/12
f 37/37/14 38/38/15 39/39/14
f 37/37/14 39/39/14 40/40/15
f 41/41/16 42/42/16 43/43/16
f 41/41/16 43/43/16 44/44/16
f 45/45/17 46/46/18 47/47/18
f 45/45/17 47/47/18 48/48/17
f 49/49/19 50/50/19 51/51/19
f 49/49/19 51/51/19 52/52/20
f 53/53/21 54/54/21 55/55/21
f 53/53/21 55/55/21 56/56/21
f 57/57/22 58/58/22 59/59/23
f 57/57/22 59/59/23 60/60/23
f 61/61/24 62/62/24 63/63/24
f 61/61/24 63/63/24 64/64/24
f 65/65/25 66/66/25 67/67/25
f 65/65/25 67/67/25 68/68/25
f 69/69/26 70/70/26 71/71/26
f 69/69/26 71/71/26 72/72/26
f 73/73/27 74/74/27 75/75/27
f 73/73/27 75/75/27 76/76/27
f 77/77/28 78/78/29 79/79/30
f 77/77/28 79/79/30 80/80/29
f 81/81/31 82/82/31 83/83/31
f 81/81/31 83/83/31 84/84/31
f 85/85/32 86/86/32 87/87/32
f 85/85/32 87/87/32 88/88/32
f 89/89/33 90/90/33 91/91/34
f 89/89/33 91/91/34 92/92/33
f 93/93/35 94/94/35 95/95/36
f 93/93/35 95/95/36 96/96/35
f 97/97/37 98/98/37 99/99/37
f 97/97/37 99/99/37 100/100/37
f 101/101/38 102/102/38 103/103/38
f 101/101/38 103/103/38 104/104/38
f 105/105/39 106/106/39 107/107/40
f 105/105/39 107/107/40 108/108/39
f 109/109/41 110/110/41 111/111/41
f 109/109/41 111/111/41 112/112/41
f 113/113/42 114/114/43 115/115/42
f 113/113/42 115/115/42 116/116/42
f 117/117/44 118/118/45 119/119/45
f 117/117/44 119/119/45 120/120/45
f 121/121/46 122/122/46 123/123/46
f 121/121/46 123/123/46 124/124/46
f 125/125/47 126/126/47 127/127/47
f 125/125/47 127/127/47 128/128/47
f 129/129/48 130/130/49 131/131/49
f 129/129/48 131/131/49 132/132/48
f 133/133/50 134/134/50 135/135/50
f 133/133/50 135/135/50 136/136/50
f 137/137/51 138/138/51 139/139/51
f 137/137/51 139/139/51 140/140/51
f 141/141/52 142/142/52 143/143/52
f 141/141/52 143/143/52 144/144/52
f 145/145/53 146/146/53 147/147/53
f 145/145/53 147/147/53 148/148/53
f 149/149/54 150/150/55 151/151/54
f 149/149/54 151/151/54 152/152/54
f 153/153/56 154/154/56 155/155/56
f 153/153/56 155/155/56 156/156/56
f 157/157/57 158/158/57 159/159/57
f 157/157/57 159/159/57 160/160/57
f 161/161/58 162/162/58 163/163/58
f 161/161/58 163/163/58 164/164/59
f 165/165/60 166/166/61 167/167/60
f 165/165/60 167/167/60 168/168/60
f 169/169/62 170/170/63 171/171/62
f 169/169/62 171/171/62 172/172/62
f 173/173/64 174/174/64 175/175/64
f 173/173/64 175/175/64 176/176/64
f 177/177/65 178/178/66 179/179/66
f 177/177/65 179/179/66 180/180/65
f 181/181/67 182/182/67 183/183/67
f 181/181/67 183/183/67 184/184/67
f 185/185/68 186/186/69 187/187/70
f 185/185/68 187/187/70 188/188/71
f 189/189/72 190/190/72 191/191/73
f 189/189/72 191/191/73 192/192/73
f 193/193/74 194/194/74 195/195/74
f 193/193/74 195/195/74 196/196/74
f 197/197/75 198/198/75 199/199/75
f 197/197/75 199/199/75 200/200/75
f 201/201/76 202/202/76 203/203/77
f 201/201/76 203/203/77 204/204/76
f 205/205/78 206/206/78 207/207/78
f 205/205/78 207/207/78 208/208/78
f 209/209/79 210/210/79 211/211/80
f 209/209/79 211/211/80 212/212/80
f 213/213/81 214/214/82 215/215/82
f 213/213/81 215/215/82 216/216/81
f 217/217/83 218/218/84 219/219/85
f 217/217/83 219/219/85 220/220/83
f 221/221/86 222/222/87 223/223/86
f 221/221/86 223/223/86 224/224/86
f 225/225/88 226/226/88 227/227/88
f 225/225/88 227/227/88 228/228/88
f 229/229/89 230/230/89 231/231/89
f 229/229/89 231/231/89 232/232/89
f 233/233/90 234/234/90 235/235/90
f 233/233/90 235/235/90 236/236/91
f 237/237/92 238/238/93 239/239/93
f 237/237/92 239/239/93 240/240/93
f 241/241/94 242/242/95 243/243/96
f 241/241/94 243/243/96 244/244/96
f 245/245/97 246/246/97 247/247/97
f 245/245/97 247/247/97 248/248/97
f 249/249/98 250/250/98 251/251/98
f 249/249/98 251/251/98 252/252/98
f 253/253/99 254/254/100 255/255/99
f 253/253/99 255/255/99 256/256/100
f 257/257/101 258/258/101 259/259/101
f 257/257/101 259/259/101 260/260/101
f 261/261/102 262/262/102 263/263/102
f 261/261/102 263/263/102 264/264/102
f 265/265/103 266/266/103 267/267/103
f 265/265/103 267/267/103 268/268/103
f 269/269/104 270/270/104 271/271/104
f 269/269/104 271/271/104 272/272/104
f 273/273/105 274/274/105 275/275/105
f 273/273/105 275/275/105 276/276/105
f 277/277/106 278/278/106 279/279/106
f 277/277/106 279/279/106 280/280/106
f 281/281/107 282/282/107 283/283/107
f 281/281/107 283/283/107 284/284/107
f 285/285/108 286/286/108 287/287/108
f 285/285/108 287/287/108 288/288/108
f 289/289/109 290/290/109 291/291/109
f 289/289/109 291/291/109 292/292/109
f 293/293/110 294/294/110 295/295/110
f 293/293/110 295/295/110 296/296/110
f 297/297/111 298/298/112 299/299/111
f 297/297/111 299/299/111 300/300/111
f 301/301/113 302/302/114 303/303/114
f 301/301/113 303/303/114 304/304/113
f 305/305/115 306/306/115 307/307/115
f 305/305/115 307/307/115 308/308/115
f 309/309/116 310/310/116 311/311/116
f 309/309/116 311/311/116 312/312/117
f 313/313/118 314/314/118 315/315/118
f 313/313/118 315/315/118 316/316/118
f 317/317/119 318/318/119 319/319/119
f 317/317/119 319/319/119 320/320/119
f 321/321/120 322/322/120 323/323/120
f 321/321/120 323/323/120 324/324/120
f 325/325/121 326/326/121 327/327/121
f 325/325/121 327/327/121 328/328/121
f 329/329/122 330/330/123 331/331/123
f 329/329/122 331/331/123 332/332/123
f 333/333/124 334/334/124 335/335/124
f 333/333/124 335/335/124 336/336/124
f 337/337/125 338/338/126 339/339/125
f 337/337/125 339/339/125 340/340/125
f 341/341/127 342/342/127 343/343/127
f 341/341/127 343/343/127 344/344/128
f 345/345/129 346/346/129 347/347/129
f 345/345/129 347/347/129 348/348/129
f 349/349/130 350/350/130 351/351/130
f 349/349/130 351/351/130 352/352/130
f 353/353/131 354/354/131 355/355/131
f 353/353/131 355/355/131 356/356/131
f 357/357/132 358/358/133 359/359/133
f 357/357/132 359/359/133 360/360/133
f 361/361/134 362/362/134 363/363/134
f 361/361/134 363/363/134 364/364/134
f 365/365/135 366/366/136 367/367/135
f 365/365/135 367/367/135 368/368/136
f 369/369/137 370/370/138 371/371/137
f 369/369/137 371/371/137 372/372/138
f 373/373/139 374/374/139 375/375/139
f 373/373/139 375/375/139 376/376/140
f 377/377/141 378/378/141 379/379/141
f 377/377/141 379/379/141 380/380/141
f 381/381/142 382/382/142 383/383/142
f 381/381/142 383/383/142 384/384/142
f 385/385/143 386/386/144 387/387/143
f 385/385/143 387/387/143 388/388/144
f 389/389/145 390/390/145 391/391/145
f 389/389/145 391/391/145 392/392/145
f 393/393/146 394/394/147 395/395/146
f 393/393/146 395/395/146 396/396/147
f 397/397/148 398/398/148 399/399/149
f 397/397/148 399/399/149 400/400/148
f 401/401/150 402/402/151 403/403/150
f 401/401/150 403/403/150 404/404/151
f 405/405/152 406/406/152 407/407/152
f 405/405/152 407/407/152 408/408/152
f 409/409/153 410/410/154 411/411/155
f 409/409/153 411/411/155 412/412/156
f 413/413/157 414/414/157 415/415/157
f 413/413/157 415/415/157 416/416/157
f 417/417/158 418/418/159 419/419/159
f 417/417/158 419/419/159 420/420/159
f 421/421/160 422/422/160 423/423/161
f 421/421/160 423/423/161 424/424/161
f 425/425/162 426/426/162 427/427/162
f 425/425/162 427/427/162 428/428/162
f 429/429/163 430/430/163 431/431/163
f 429/429/163 431/431/163 432/432/163
f 433/433/164 434/434/164 435/435/164
f 433/433/164 435/435/164 436/436/164
f 437/437/165 438/438/165 439/439/165
f 437/437/165 439/439/165 440/440/165
f 441/441/166 442/442/167 443/443/166
f 441/441/166 443/443/166 444/444/166
f 445/445/168 446/446/169 447/447/168
f 445/445/168 447/447/168 448/448/169
f 449/449/170 450/450/170 451/451/171
f 449/449/170 451/451/171 452/452/171
f 453/453/172 454/454/172 455/455/172
f 453/453/172 455/455/172 456/456/173
f 457/457/174 458/458/174 459/459/174
f 457/457/174 459/459/174 460/460/174
f 461/461/175 462/462/175 463/463/175
f 461/461/175 463/463/175 464/464/175
f 465/465/176 466/466/176 467/467/176
f 465/465/176 467/467/176 468/468/176
f 469/469/177 470/470/178 471/471/178
f 469/469/177 471/471/178 472/472/178
f 473/473/179 474/474/179 475/475/179
f 473/473/179 475/475/179 476/476/179
f 477/477/180 478/478/181 479/479/180
f 477/477/180 479/479/180 480/480/181
f 481/481/182 482/482/182 483/483/182
f 481/481/182 483/483/182 484/484/182
f 485/485/183 486/486/183 487/487/183
f 485/485/183 487/487/183 488/488/183
f 489/489/184 490/490/184 491/491/185
f 489/489/184 491/491/185 492/492/185
f 493/493/186 494/494/187 495/495/187
f 493/493/186 495/495/187 496/496/187
f 497/497/188 498/498/188 499/499/188
f 497/497/188 499/499/188 500/500/188
f 501/501/189 502/502/189 503/503/189
f 501/501/189 503/503/189 504/504/189
f 505/505/190 506/506/190 507/507/190
f 505/505/190 507/507/190 508/508/190
f 509/509/191 510/510/191 511/511/192
f 509/509/191 511/511/192 512/512/191
f 513/513/193 514/514/193 515/515/193
f 513/513/193 515/515/193 516/516/193
f 517/517/194 518/518/194 519/519/194
f 517/517/194 519/519/194 520/520/194
f 521/521/195 522/522/195 523/523/195
f 521/521/195 523/523/195 524/524/195
f 525/525/196 526/526/196 527/527/196
f 525/525/196 527/527/196 528/528/196
f 529/529/197 530/530/197 531/531/197
f 529/529/197 531/531/197 532/532/198
f 533/533/199 534/534/199 535/535/199
f 533/533/199 535/535/199 536/536/199
f 537/537/200 538/538/201 539/539/200
f 537/537/200 539/539/200 540/540/200
f 541/541/202 542/542/202 543/543/202
f 541/541/202 543/543/202 544/544/202
f 545/545/203 546/546/204 547/547/204
f 545/545/203 547/547/204 548/548/203
f 549/549/205 550/550/206 551/551/205
f 549/549/205 551/551/205 552/552/205
f 553/553/207 554/554/207 555/555/207
f 553/553/207 555/555/207 556/556/207
f 557/557/208 558/558/208 559/559/209
f 557/557/208 559/559/209 560/560/208
f 561/561/210 562/562/211 563/563/211
f 561/561/210 563/563/211 564/564/210
f 565/565/212 566/566/212 567/567/212
f 565/565/212 567/567/212 568/568/212
f 569/569/213 570/570/213 571/571/213
f 569/569/213 571/571/213 572/572/214
f 573/573/215 574/574/215 575/575/216
f 573/573/215 575/575/216 576/576/215
f 577/577/217 578/578/218 579/579/218
f 577/577/217 579/579/218 580/580/219
f 581/581/220 582/582/220 583/583/220
f 581/581/220 583/583/220 584/584/220
f 585/585/221 586/586/221 587/587/221
f 585/585/221 587/587/221 588/588/221
f 589/589/222 590/590/222 591/591/222
f 589/589/222 591/591/222 592/592/222
f 593/593/223 594/594/224 595/595/224
f 593/593/223 595/595/224 596/596/223
f 597/597/225 598/598/225 599/599/225
f 597/597/225 599/599/225 600/600/225
f 601/601/226 602/602/226 603/603/226
f 601/601/226 603/603/226 604/604/226
f 605/605/227 606/606/227 607/607/228
f 605/605/227 607/607/228 608/608/227
f 609/609/229 610/610/229 611/611/229
f 609/609/229 611/611/229 612/612/229
f 613/613/230 614/614/231 615/615/230
f 613/613/230 615/615/230 616/616/230
f 617/617/232 618/618/232 619/619/232
f 617/617/232 619/619/232 620/620/233
f 621/621/234 622/622/234 623/623/234
f 621/621/234 623/623/234 624/624/234
f 625/625/235 626/626/236 627/627/236
f 625/625/235 627/627/236 628/628/236
f 629/629/237 630/630/237 631/631/237
f 629/629/237 631/631/237 632/632/237
f 633/633/238 634/634/238 635/635/238
f 633/633/238 635/635/238 636/636/238
f 637/637/239 638/638/239 639/639/239
f 637/637/239 639/639/239 640/640/239
f 641/641/240 642/642/240 643/643/240
f 641/641/240 643/643/240 644/644/240
f 645/645/241 646/646/241 647/647/241
f 645/645/241 647/647/241 648/648/242
f 649/649/243 650/650/243 651/651/243
f 649/649/243 651/651/243 652/652/244
f 653/653/245 654/654/246 655/655/245
f 653/653/245 655/655/245 656/656/245
f 657/657/247 658/658/247 659/659/247
f 657/657/247 659/659/247 660/660/247
f 661/661/248 662/662/248 663/663/248
f 661/661/248 663/663/248 664/664/248
f 665/665/249 666/666/250 667/667/249
f 665/665/249 667/667/249 668/668/250
f 669/669/251 670/670/251 671/671/251
f 669/669/251 671/671/251 672/672/251
f 673/673/252 674/674/252 675/675/252
f 673/673/252 675/675/252 676/676/252
f 677/677/253 678/678/253 679/679/253
f 677/677/253 679/679/253 680/680/253
f 681/681/254 682/682/254 683/683/254
f 681/681/254 683/683/254 684/684/254
f 685/685/255 686/686/255 687/687/255
f 685/685/255 687/687/255 688/688/256
f 689/689/257 690/690/257 691/691/257
f 689/689/257 691/691/257 692/692/257
f 693/693/258 694/694/259 695/695/258
f 693/693/258 695/695/258 696/696/258
f 697/697/260 698/698/260 699/699/260
f 697/697/260 699/699/260 700/700/260
f 701/701/261 702/702/261 703/703/261
f 701/701/261 703/703/261 704/704/261
f 705/705/262 706/706/262 707/707/262
f 705/705/262 707/707/262 708/708/262
f 709/709/263 710/710/264 711/711/264
f 709/709/263 711/711/264 712/712/264
f 713/713/265 714/714/266 715/715/267
f 713/713/265 715/715/267 716/716/266
f 717/717/268 718/718/269 719/719/268
f 717/717/268 719/719/268 720/720/268
f 721/721/270 722/722/270 723/723/271
f 721/721/270 723/723/271 724/724/270
f 725/725/272 726/726/272 727/727/272
f 725/725/272 727/727/272 728/728/272
f 729/729/273 730/730/273 731/731/273
f 729/729/273 731/731/273 732/732/273
f 733/733/274 734/734/274 735/735/274
f 733/733/274 735/735/274 736/736/274
f 737/737/275 738/738/275 739/739/275
f 737/737/275 739/739/275 740/740/275
f 741/741/276 742/742/276 743/743/276
f 741/741/276 743/743/276 744/744/276
f 745/745/277 746/746/278 747/747/277
f 745/745/277 747/747/277 748/748/277
f 749/749/279 750/750/279 751/751/279
f 749/749/279 751/751/279 752/752/279
f 753/753/280 754/754/280 755/755/280
f 753/753/280 755/755/280 756/756/280
f 757/757/281 758/758/281 759/759/281
f 757/757/281 759/759/281 760/760/281
f 761/761/282 762/762/282 763/763/282
f 761/761/282 763/763/282 764/764/282
f 765/765/283 766/766/283 767/767/284
f 765/765/283 767/767/284 768/768/283
f 769/769/285 770/770/285 771/771/285
f 769/769/285 771/771/285 772/772/285
f 773/773/286 774/774/287 775/775/288
f 773/773/286 775/775/288 776/776/286
f 777/777/289 778/778/289 779/779/289
f 777/777/289 779/779/289 780/780/289
f 781/781/290 782/782/291 783/783/290
f 781/781/290 783/783/290 784/784/291
f 785/785/292 786/786/292 787/787/292
f 785/785/292 787/787/292 788/788/292
f 789/789/293 790/790/293 791/791/294
f 789/789/293 791/791/294 792/792/293
f 793/793/295 794/794/295 795/795/295
f 793/793/295 795/795/295 796/796/295
f 797/797/296 798/798/297 799/799/297
f 797/797/296 799/799/297 800/800/297
f 801/801/298 802/802/298 803/803/298
f 801/801/298 803/803/298 804/804/299
f 805/805/300 806/806/301 807/807/302
f 805/805/300 807/807/302 808/808/303
f 809/809/304 810/810/304 811/811/304
f 809/809/304 811/811/304 812/812/304
f 813/813/305 814/814/306 815/815/305
f 813/813/305 815/815/305 816/816/305
f 817/817/307 818/818/307 819/819/308
f 817/817/307 819/819/308 820/820/308
f 821/821/309 822/822/309 823/823/309
f 821/821/309 823/823/309 824/824/309
f 825/825/310 826/826/310 827/827/310
f 825/825/310 827/827/310 828/828/310
f 829/829/311 830/830/311 831/831/311
f 829/829/311 831/831/311 832/832/311
f 833/833/312 834/834/313 835/835/312
f 833/833/312 835/835/312 836/836/313
f 837/837/314 838/838/315 839/839/314
f 837/837/314 839/839/314 840/840/314
f 841/841/316 842/842/316 843/843/316
f 841/841/316 843/843/316 844/844/316
f 845/845/317 846/846/317 847/847/317
f 845/845/317 847/847/317 848/848/317
f 849/849/318 850/850/318 851/851/319
f 849/849/318 851/851/319 852/852/319
f 853/853/320 854/854/320 855/855/320
f 853/853/320 855/855/320 856/856/320
f 857/857/321 858/858/321 859/859/321
f 857/857/321 859/859/321 860/860/321
f 861/861/322 862/862/323 863/863/323
f 861/861/322 863/863/323 864/864/322
f 865/865/324 866/866/325 867/867/325
f 865/865/324 867/867/325 868/868/324
f 869/869/326 870/870/326 871/871/326
f 869/869/326 871/871/326 872/872/326
f 873/873/327 874/874/327 875/875/327
f 873/873/327 875/875/327 876/876/327
f 877/877/328 878/878/328 879/879/328
f 877/877/328 879/879/328 880/880/328
f 881/881/329 882/882/329 883/883/329
f 881/881/329 883/883/329 884/884/329
f 885/885/330 886/886/330 887/887/331
f 885/885/330 887/887/331 888/888/330
s 0
f 889/889/332 890/890/332 891/891/332
f 889/889/332 891/891/332 892/892/332
s 1
f 893/893/333 894/894/333 895/895/333
s 0
f 893/893/333 895/895/333 896/896/333
s 1
f 897/897/334 898/898/334 899/899/335
f 897/897/334 899/899/335 900/900/334
f 901/901/336 902/902/337 903/903/338
f 901/901/336 903/903/338 904/904/336
f 905/905/339 906/906/339 907/907/339
f 905/905/339 907/907/339 908/908/340
f 909/909/341 910/910/341 911/911/342
f 909/909/341 911/911/342 912/912/342
f 913/913/343 914/914/343 915/915/343
f 913/913/343 915/915/343 916/916/344
f 917/917/345 918/918/345 919/919/345
f 917/917/345 919/919/345 920/920/346
f 921/921/347 922/922/347 923/923/347
f 921/921/347 923/923/347 924/924/347
f 925/925/348 926/926/348 927/927/349
f 925/925/348 927/927/349 928/928/349
f 929/929/350 930/930/351 931/931/351
f 929/929/350 931/931/351 932/932/350
f 933/933/352 934/934/352 935/935/352
f 933/933/352 935/935/352 936/936/352
s 0
f 937/937/353 938/938/353 939/939/353
f 937/937/353 939/939/353 940/940/353
f 941/941/354 942/942/354 943/943/354
f 941/941/354 943/943/354 944/944/354
s 1
f 945/945/355 946/946/355 947/947/355
f 945/945/355 947/947/355 948/948/355
f 949/949/356 950/950/356 951/951/356
f 949/949/356 951/951/356 952/952/356
f 953/953/357 954/954/357 955/955/357
f 953/953/357 955/955/357 956/956/357
f 957/957/358 958/958/359 959/959/358
f 957/957/358 959/959/358 960/960/358
f 961/961/360 962/962/360 963/963/360
f 961/961/360 963/963/360 964/964/360
f 965/965/361 966/966/361 967/967/361
f 965/965/361 967/967/361 968/968/361
s 0
f 969/969/332 970/970/332 971/971/332
f 969/969/332 971/971/332 972/972/332
f 973/973/333 974/974/333 975/975/333
f 973/973/333 975/975/333 976/976/333
s 1
f 977/977/362 978/978/362 979/979/362
f 977/977/362 979/979/362 980/980/362
f 981/981/363 982/982/364 983/983/364
f 981/981/363 983/983/364 984/984/363
f 985/985/365 986/986/365 987/987/365
f 985/985/365 987/987/365 988/988/365
f 989/989/366 990/990/366 991/991/366
f 989/989/366 991/991/366 992/992/366
f 993/993/367 994/994/367 995/995/367
f 993/993/367 995/995/367 996/996/367
f 997/997/368 998/998/368 999/999/368
f 997/997/368 999/999/368 1000/1000/368
f 1001/1001/369 1002/1002/369 1003/1003/369
f 1001/1001/369 1003/1003/369 1004/1004/369
f 1005/1005/370 1006/1006/370 1007/1007/370
f 1005/1005/370 1007/1007/370 1008/1008/370
f 1009/1009/371 1010/1010/371 1011/1011/371
f 1009/1009/371 1011/1011/371 1012/1012/371
f 1013/1013/372 1014/1014/372 1015/1015/373
f 1013/1013/372 1015/1015/373 1016/1016/372
s 0
f 1017/1017/353 1018/1018/353 1019/1019/353
f 1017/1017/353 1019/1019/353 1020/1020/353
f 1021/1021/354 1022/1022/354 1023/1023/354
f 1021/1021/354 1023/1023/354 1024/1024/354
s 1
f 1025/1025/374 1026/1026/374 1027/1027/374
f 1025/1025/374 1027/1027/374 1028/1028/374
f 1029/1029/375 1030/1030/375 1031/1031/376
f 1029/1029/375 1031/1031/376 1032/1032/375
f 1033/1033/134 1034/1034/134 1035/1035/134
f 1033/1033/134 1035/1035/134 1036/1036/134
f 1037/1037/136 1038/1038/136 1039/1039/136
f 1037/1037/136 1039/1039/136 1040/1040/136
f 1041/1041/377 1042/1042/378 1043/1043/378
f 1041/1041/377 1043/1043/378 1044/1044/378
f 1045/1045/379 1046/1046/379 1047/1047/379
f 1045/1045/379 1047/1047/379 1048/1048/379
f 1049/1049/380 1050/1050/380 1051/1051/380
f 1049/1049/380 1051/1051/380 1052/1052/380
f 1053/1053/381 1054/1054/381 1055/1055/381
f 1053/1053/381 1055/1055/381 1056/1056/381
f 1057/1057/382 1058/1058/382 1059/1059/382
f 1057/1057/382 1059/1059/382 1060/1060/382
f 1061/1061/383 1062/1062/383 1063/1063/383
f 1061/1061/383 1063/1063/383 1064/1064/384
f 1065/1065/385 1066/1066/386 1067/1067/387
f 1065/1065/385 1067/1067/387 1068/1068/386
f 1069/1069/388 1070/1070/388 1071/1071/388
f 1069/1069/388 1071/1071/388 1072/1072/388
f 1073/1073/389 1074/1074/389 1075/1075/389
f 1073/1073/389 1075/1075/389 1076/1076/389
f 1077/1077/390 1078/1078/390 1079/1079/390
f 1077/1077/390 1079/1079/390 1080/1080/391
f 1081/1081/392 1082/1082/392 1083/1083/392
f 1081/1081/392 1083/1083/392 1084/1084/392
f 1085/1085/393 1086/1086/393 1087/1087/393
f 1085/1085/393 1087/1087/393 1088/1088/394
f 1089/1089/395 1090/1090/395 1091/1091/396
f 1089/1089/395 1091/1091/396 1092/1092/395
f 1093/1093/397 1094/1094/397 1095/1095/397
f 1093/1093/397 1095/1095/397 1096/1096/397
f 1097/1097/398 1098/1098/398 1099/1099/398
f 1097/1097/398 1099/1099/398 1100/1100/398
f 1101/1101/399 1102/1102/399 1103/1103/399
f 1101/1101/399 1103/1103/399 1104/1104/399
f 1105/1105/400 1106/1106/400 1107/1107/400
f 1105/1105/400 1107/1107/400 1108/1108/400
f 1109/1109/401 1110/1110/402 1111/1111/401
f 1109/1109/401 1111/1111/401 1112/1112/401
f 1113/1113/403 1114/1114/403 1115/1115/404
f 1113/1113/403 1115/1115/404 1116/1116/403
f 1117/1117/405 1118/1118/405 1119/1119/405
f 1117/1117/405 1119/1119/405 1120/1120/405
f 1121/1121/406 1122/1122/406 1123/1123/406
f 1121/1121/406 1123/1123/406 1124/1124/406
f 1125/1125/407 1126/1126/407 1127/1127/407
f 1125/1125/407 1127/1127/407 1128/1128/407
f 1129/1129/408 1130/1130/408 1131/1131/408
f 1129/1129/408 1131/1131/408 1132/1132/408
f 1133/1133/409 1134/1134/409 1135/1135/409
f 1133/1133/409 1135/1135/409 1136/1136/410
f 1137/1137/411 1138/1138/411 1139/1139/411
f 1137/1137/411 1139/1139/411 1140/1140/411
f 1141/1141/412 1142/1142/412 1143/1143/413
f 1141/1141/412 1143/1143/413 1144/1144/412
f 1145/1145/414 1146/1146/414 1147/1147/415
f 1145/1145/414 1147/1147/415 1148/1148/414
f 1149/1149/416 1150/1150/416 1151/1151/416
f 1149/1149/416 1151/1151/416 1152/1152/416
f 1153/1153/417 1154/1154/417 1155/1155/417
f 1153/1153/417 1155/1155/417 1156/1156/417
f 1157/1157/418 1158/1158/418 1159/1159/418
f 1157/1157/418 1159/1159/418 1160/1160/419
f 1161/1161/420 1162/1162/421 1163/1163/422
f 1161/1161/420 1163/1163/422 1164/1164/421
f 1165/1165/423 1166/1166/423 1167/1167/423
f 1165/1165/423 1167/1167/423 1168/1168/423
f 1169/1169/424 1170/1170/424 1171/1171/424
f 1169/1169/424 1171/1171/424 1172/1172/424
f 1173/1173/425 1174/1174/426 1175/1175/426
f 1173/1173/425 1175/1175/426 1176/1176/425
f 1177/1177/427 1178/1178/427 1179/1179/427
f 1177/1177/427 1179/1179/427 1180/1180/427
f 1181/1181/428 1182/1182/428 1183/1183/428
f 1181/1181/428 1183/1183/428 1184/1184/429
f 1185/1185/430 1186/1186/430 1187/1187/430
f 1185/1185/430 1187/1187/430 1188/1188/430
f 1189/1189/431 1190/1190/432 1191/1191/432
f 1189/1189/431 1191/1191/432 1192/1192/432
f 1193/1193/179 1194/1194/179 1195/1195/179
f 1193/1193/179 1195/1195/179 1196/1196/179
f 1197/1197/181 1198/1198/181 1199/1199/181
f 1197/1197/181 1199/1199/181 1200/1200/181
f 1201/1201/433 1202/1202/433 1203/1203/433
f 1201/1201/433 1203/1203/433 1204/1204/433
f 1205/1205/434 1206/1206/434 1207/1207/434
f 1205/1205/434 1207/1207/434 1208/1208/434
f 1209/1209/435 1210/1210/435 1211/1211/435
f 1209/1209/435 1211/1211/435 1212/1212/435
f 1213/1213/436 1214/1214/436 1215/1215/436
f 1213/1213/436 1215/1215/436 1216/1216/436
f 1217/1217/437 1218/1218/437 1219/1219/437
f 1217/1217/437 1219/1219/437 1220/1220/437
f 1221/1221/438 1222/1222/438 1223/1223/439
f 1221/1221/438 1223/1223/439 1224/1224/438
f 1225/1225/440 1226/1226/441 1227/1227/440
f 1225/1225/440 1227/1227/440 1228/1228/440
f 1229/1229/442 1230/1230/442 1231/1231/442
f 1229/1229/442 1231/1231/442 1232/1232/442
f 1233/1233/443 1234/1234/444 1235/1235/443
f 1233/1233/443 1235/1235/443 1236/1236/443
f 1237/1237/445 1238/1238/445 1239/1239/445
f 1237/1237/445 1239/1239/445 1240/1240/445
f 1241/1241/280 1242/1242/280 1243/1243/280
f 1241/1241/280 1243/1243/280 1244/1244/280
f 1245/1245/446 1246/1246/281 1247/1247/281
f 1245/1245/446 1247/1247/281 1248/1248/281
f 1249/1249/447 1250/1250/447 1251/1251/447
f 1249/1249/447 1251/1251/447 1252/1252/447
f 1253/1253/448 1254/1254/448 1255/1255/448
f 1253/1253/448 1255/1255/448 1256/1256/448
f 1257/1257/449 1258/1258/449 1259/1259/449
f 1257/1257/449 1259/1259/449 1260/1260/450
f 1261/1261/451 1262/1262/451 1263/1263/451
f 1261/1261/451 1263/1263/451 1264/1264/451
f 1265/1265/452 1266/1266/452 1267/1267/452
f 1265/1265/452 1267/1267/452 1268/1268/452
f 1269/1269/453 1270/1270/453 1271/1271/453
f 1269/1269/453 1271/1271/453 1272/1272/453
f 1273/1273/25 1274/1274/25 1275/1275/25
f 1273/1273/25 1275/1275/25 1276/1276/25
f 1277/1277/26 1278/1278/26 1279/1279/26
f 1277/1277/26 1279/1279/26 1280/1280/26
