# Blender 3.5.0
# www.blender.org
mtllib track1.mtl
o tank_track1
v -20.874254 0.712608 9.224060
v -20.501925 1.488240 9.177780
v -20.874254 1.488240 9.177780
v -20.466635 0.712608 9.224060
v -20.466635 0.617312 9.114956
v -20.501925 1.614351 9.082191
v -20.874254 1.614351 9.082191
v -20.944660 0.712608 9.224060
v -20.944660 1.488240 9.177780
v -19.188026 0.712608 9.224060
v -19.560358 1.488240 9.177781
v -19.188026 1.488240 9.177781
v -19.595648 0.712608 9.224060
v -20.031141 1.488240 9.177781
v -20.031141 0.712608 9.224060
v -19.595648 0.617312 9.114956
v -20.031141 0.617312 9.114956
v -19.560358 1.614351 9.082191
v -19.188026 1.614351 9.082191
v -19.117620 0.712608 9.224060
v -19.117620 1.488240 9.177781
v -20.874254 0.839592 9.069546
v -20.501925 1.387819 9.004820
v -20.874254 1.387819 9.004819
v -20.466635 0.839592 9.069546
v -20.466635 0.773140 8.989586
v -20.501925 1.499558 8.918414
v -20.874254 1.499558 8.918414
v -20.944660 0.839592 9.069546
v -20.944660 1.387819 9.004819
v -19.188026 0.839592 9.069546
v -19.560356 1.387819 9.004820
v -19.188026 1.387819 9.004820
v -19.595648 0.839592 9.069546
v -20.031141 1.387819 9.004820
v -20.031141 0.839592 9.069546
v -19.595648 0.773140 8.989586
v -20.031141 0.773140 8.989586
v -19.560356 1.499558 8.918415
v -19.188026 1.499558 8.918415
v -19.117620 0.839592 9.069546
v -19.117620 1.387819 9.004820
v -20.874254 0.309985 8.294851
v -20.501925 0.592947 9.078659
v -20.874254 0.592947 9.078659
v -20.466635 0.309985 8.294851
v -20.466635 0.285080 8.149740
v -20.501925 0.685349 9.205834
v -20.874254 0.685349 9.205834
v -20.944660 0.309985 8.294851
v -20.944660 0.592947 9.078659
v -19.188026 0.309985 8.294851
v -19.560358 0.592947 9.078659
v -19.188026 0.592947 9.078659
v -19.595648 0.309985 8.294851
v -20.031141 0.592947 9.078659
v -20.031141 0.309985 8.294851
v -19.595648 0.285080 8.149740
v -20.031141 0.285080 8.149740
v -19.560358 0.685349 9.205834
v -19.188026 0.685349 9.205834
v -19.117620 0.309985 8.294851
v -19.117620 0.592947 9.078659
v -20.874254 0.505902 8.254648
v -20.501925 0.754606 8.960903
v -20.874254 0.754606 8.960903
v -20.466635 0.505903 8.254648
v -20.466635 0.482008 8.114820
v -20.501925 0.822216 9.060001
v -20.874254 0.822216 9.060001
v -20.944660 0.505902 8.254648
v -20.944660 0.754606 8.960903
v -19.188026 0.505902 8.254648
v -19.560358 0.754606 8.960903
v -19.188026 0.754606 8.960903
v -19.595648 0.505902 8.254648
v -20.031141 0.754606 8.960903
v -20.031141 0.505902 8.254648
v -19.595648 0.482008 8.114820
v -20.031141 0.482008 8.114820
v -19.560358 0.822216 9.060001
v -19.188026 0.822216 9.060001
v -19.117620 0.505902 8.254648
v -19.117620 0.754606 8.960903
v -20.874254 0.185654 7.272379
v -20.501925 0.278444 8.106529
v -20.874254 0.278444 8.106529
v -20.466635 0.185654 7.272379
v -20.466635 0.177016 7.125314
v -20.501925 0.302464 8.262939
v -20.874254 0.302464 8.262939
v -20.944660 0.185654 7.272379
v -20.944660 0.278444 8.106529
v -19.188026 0.185654 7.272379
v -19.560358 0.278444 8.106529
v -19.188026 0.278444 8.106529
v -19.595648 0.185654 7.272379
v -20.031141 0.278444 8.106529
v -20.031141 0.185654 7.272379
v -19.595648 0.177016 7.125314
v -20.031141 0.177016 7.125314
v -19.560358 0.302464 8.262939
v -19.188026 0.302464 8.262939
v -19.117620 0.185654 7.272379
v -19.117620 0.278444 8.106529
v -20.874254 0.385148 7.258162
v -20.501925 0.475609 8.072973
v -20.874254 0.475608 8.072973
v -20.466635 0.385148 7.258162
v -20.466635 0.376642 7.113100
v -20.501925 0.498726 8.224452
v -20.874254 0.498726 8.224452
v -20.944660 0.385148 7.258162
v -20.944660 0.475608 8.072973
v -19.188026 0.385148 7.258162
v -19.560358 0.475608 8.072973
v -19.188026 0.475609 8.072973
v -19.595648 0.385148 7.258162
v -20.031141 0.475608 8.072973
v -20.031141 0.385148 7.258162
v -19.595646 0.376642 7.113100
v -20.031141 0.376642 7.113100
v -19.560358 0.498726 8.224452
v -19.188026 0.498726 8.224452
v -19.117620 0.385148 7.258162
v -19.117620 0.475609 8.072973
v -20.874254 0.145694 6.242543
v -20.501925 0.174452 7.081672
v -20.874254 0.174452 7.081672
v -20.466635 0.145694 6.242543
v -20.466635 0.143521 6.095240
v -20.501925 0.183731 7.239644
v -20.874254 0.183731 7.239644
v -20.944660 0.145694 6.242543
v -20.944660 0.174452 7.081672
v -19.188026 0.145694 6.242543
v -19.560358 0.174452 7.081672
v -19.188026 0.174452 7.081672
v -19.595648 0.145694 6.242543
v -20.031141 0.174452 7.081672
v -20.031141 0.145694 6.242543
v -19.595648 0.143521 6.095240
v -20.031141 0.143521 6.095240
v -19.560358 0.183731 7.239644
v -19.188026 0.183731 7.239644
v -19.117620 0.145694 6.242543
v -19.117620 0.174452 7.081672
v -20.874254 0.345662 6.238935
v -20.501925 0.374114 7.070052
v -20.874254 0.374114 7.070052
v -20.466635 0.345662 6.238935
v -20.466635 0.343502 6.092503
v -20.501925 0.383256 7.225873
v -20.874254 0.383256 7.225873
v -20.944660 0.345662 6.238935
v -20.944660 0.374114 7.070052
v -19.188026 0.345662 6.238935
v -19.560356 0.374114 7.070052
v -19.188026 0.374114 7.070052
v -19.595646 0.345662 6.238935
v -20.031141 0.374114 7.070052
v -20.031141 0.345662 6.238935
v -19.595648 0.343502 6.092503
v -20.031141 0.343502 6.092503
v -19.560356 0.383256 7.225873
v -19.188026 0.383257 7.225873
v -19.117620 0.345662 6.238935
v -19.117620 0.374114 7.070052
v -20.874254 0.136643 5.211844
v -20.501925 0.142876 6.051528
v -20.874254 0.142876 6.051528
v -20.466635 0.136643 5.211844
v -20.466635 0.132783 5.064576
v -20.501925 0.145211 6.209756
v -20.874254 0.145211 6.209756
v -20.944660 0.136643 5.211844
v -20.944660 0.142876 6.051528
v -19.188026 0.136643 5.211844
v -19.560358 0.142876 6.051528
v -19.188026 0.142876 6.051528
v -19.595648 0.136643 5.211844
v -20.031141 0.142876 6.051528
v -20.031141 0.136643 5.211844
v -19.595648 0.132783 5.064576
v -20.031141 0.132783 5.064576
v -19.560358 0.145211 6.209756
v -19.188026 0.145211 6.209756
v -19.117620 0.136643 5.211844
v -19.117620 0.142876 6.051528
v -20.874254 0.336613 5.208357
v -20.501925 0.342861 6.049049
v -20.874254 0.342861 6.049049
v -20.466635 0.336613 5.208357
v -20.466635 0.332720 5.059565
v -20.501925 0.345181 6.206342
v -20.874254 0.345181 6.206342
v -20.944660 0.336613 5.208357
v -20.944660 0.342861 6.049049
v -19.188026 0.336613 5.208356
v -19.560358 0.342861 6.049049
v -19.188026 0.342861 6.049049
v -19.595646 0.336613 5.208357
v -20.031141 0.342861 6.049049
v -20.031141 0.336613 5.208357
v -19.595646 0.332720 5.059565
v -20.031141 0.332720 5.059565
v -19.560358 0.345181 6.206342
v -19.188026 0.345181 6.206342
v -19.117620 0.336613 5.208356
v -19.117622 0.342861 6.049049
v -20.874254 0.105127 4.181619
v -20.501925 0.131637 5.020874
v -20.874254 0.131637 5.020874
v -20.466635 0.105127 4.181619
v -20.466635 0.104279 4.034302
v -20.501925 0.135784 5.179064
v -20.874254 0.135784 5.179064
v -20.944660 0.105127 4.181619
v -20.944660 0.131637 5.020874
v -19.188026 0.105127 4.181619
v -19.560356 0.131637 5.020874
v -19.188026 0.131637 5.020873
v -19.595648 0.105127 4.181619
v -20.031141 0.131637 5.020874
v -20.031141 0.105127 4.181619
v -19.595648 0.104279 4.034302
v -20.031141 0.104279 4.034302
v -19.560358 0.135784 5.179064
v -19.188026 0.135784 5.179064
v -19.117620 0.105127 4.181619
v -19.117620 0.131637 5.020873
v -20.874254 0.305119 4.179814
v -20.501925 0.331563 5.015410
v -20.874254 0.331562 5.015410
v -20.466635 0.305119 4.179814
v -20.466635 0.304272 4.035953
v -20.501925 0.335748 5.175238
v -20.874254 0.335747 5.175238
v -20.944660 0.305119 4.179814
v -20.944660 0.331563 5.015410
v -19.188026 0.305119 4.179814
v -19.560356 0.331563 5.015410
v -19.188026 0.331563 5.015410
v -19.595648 0.305119 4.179814
v -20.031141 0.331563 5.015410
v -20.031141 0.305119 4.179814
v -19.595648 0.304272 4.035953
v -20.031141 0.304272 4.035953
v -19.560358 0.335747 5.175238
v -19.188026 0.335748 5.175238
v -19.117620 0.305119 4.179814
v -19.117620 0.331563 5.015410
v -20.874254 0.194456 3.158090
v -20.501925 0.104027 3.990584
v -20.874254 0.104027 3.990584
v -20.466635 0.194456 3.158090
v -20.466635 0.235430 3.016998
v -20.501925 0.104938 4.148827
v -20.874254 0.104938 4.148827
v -20.944660 0.194456 3.158090
v -20.944660 0.104027 3.990584
v -19.188026 0.194456 3.158090
v -19.560358 0.104027 3.990584
v -19.188026 0.104027 3.990584
v -19.595648 0.194456 3.158090
v -20.031141 0.104027 3.990584
v -20.031141 0.194456 3.158090
v -19.595648 0.235430 3.016998
v -20.031141 0.235430 3.016998
v -19.560358 0.104938 4.148827
v -19.188026 0.104938 4.148827
v -19.117620 0.194456 3.158090
v -19.117620 0.104027 3.990584
v -20.874254 0.387673 3.209734
v -20.501925 0.304009 3.993260
v -20.874254 0.304009 3.993260
v -20.466635 0.387673 3.209734
v -20.466635 0.423873 3.084000
v -20.501925 0.304936 4.147791
v -20.874254 0.304936 4.147791
v -20.944660 0.387673 3.209734
v -20.944660 0.304009 3.993260
v -19.188026 0.387673 3.209734
v -19.560358 0.304009 3.993260
v -19.188026 0.304009 3.993260
v -19.595648 0.387673 3.209734
v -20.031141 0.304009 3.993260
v -20.031141 0.387673 3.209734
v -19.595648 0.423873 3.084000
v -20.031141 0.423873 3.084000
v -19.560358 0.304936 4.147791
v -19.188026 0.304936 4.147791
v -19.117620 0.387673 3.209734
v -19.117620 0.304009 3.993260
v -20.874254 0.793164 2.369074
v -20.501925 0.251822 2.976471
v -20.874254 0.251821 2.976471
v -20.466635 0.793164 2.369073
v -20.466635 0.928624 2.313455
v -20.501925 0.201911 3.126158
v -20.874254 0.201911 3.126158
v -20.944660 0.793164 2.369074
v -20.944660 0.251821 2.976471
v -19.188026 0.793164 2.369073
v -19.560358 0.251822 2.976471
v -19.188026 0.251822 2.976471
v -19.595648 0.793164 2.369073
v -20.031141 0.251822 2.976471
v -20.031141 0.793164 2.369073
v -19.595648 0.928624 2.313455
v -20.031141 0.928624 2.313455
v -19.560358 0.201911 3.126158
v -19.188026 0.201911 3.126158
v -19.117620 0.793164 2.369073
v -19.117622 0.251822 2.976471
v -20.874254 0.877546 2.550401
v -20.501925 0.438171 3.049092
v -20.874254 0.438171 3.049092
v -20.466635 0.877546 2.550401
v -20.466635 0.989245 2.504046
v -20.501925 0.394305 3.180790
v -20.874254 0.394305 3.180790
v -20.944660 0.877546 2.550401
v -20.944660 0.438171 3.049092
v -19.188026 0.877546 2.550401
v -19.560358 0.438171 3.049092
v -19.188026 0.438171 3.049092
v -19.595648 0.877546 2.550401
v -20.031141 0.438171 3.049092
v -20.031141 0.877546 2.550401
v -19.595648 0.989245 2.504046
v -20.031141 0.989245 2.504046
v -19.560356 0.394305 3.180790
v -19.188026 0.394305 3.180790
v -19.117620 0.877546 2.550401
v -19.117620 0.438171 3.049092
v -20.874254 1.803925 2.274875
v -20.501925 0.971361 2.304249
v -20.874254 0.971361 2.304249
v -20.466635 1.803925 2.274875
v -20.466635 1.948959 2.300727
v -20.501925 0.822586 2.354592
v -20.874254 0.822585 2.354592
v -20.944660 1.803925 2.274875
v -20.944660 0.971361 2.304249
v -19.188026 1.803925 2.274875
v -19.560358 0.971361 2.304249
v -19.188026 0.971361 2.304249
v -19.595648 1.803925 2.274875
v -20.031141 0.971361 2.304249
v -20.031141 1.803925 2.274875
v -19.595648 1.948959 2.300727
v -20.031141 1.948959 2.300727
v -19.560358 0.822586 2.354592
v -19.188026 0.822586 2.354592
v -19.117620 1.803925 2.274875
v -19.117620 0.971361 2.304248
v -20.874254 1.773982 2.472621
v -20.501925 1.026487 2.496501
v -20.874254 1.026487 2.496501
v -20.466635 1.773982 2.472621
v -20.466635 1.907656 2.496416
v -20.501925 0.901300 2.538451
v -20.874254 0.901300 2.538451
v -20.944660 1.773982 2.472621
v -20.944660 1.026487 2.496501
v -19.188026 1.773982 2.472621
v -19.560356 1.026487 2.496501
v -19.188026 1.026487 2.496501
v -19.595648 1.773982 2.472621
v -20.031141 1.026487 2.496501
v -20.031141 1.773982 2.472621
v -19.595646 1.907656 2.496416
v -20.031141 1.907656 2.496416
v -19.560358 0.901300 2.538451
v -19.188026 0.901300 2.538451
v -19.117620 1.773982 2.472621
v -19.117620 1.026487 2.496501
v -20.874254 2.763485 2.629459
v -20.501925 1.991998 2.308399
v -20.874254 1.991998 2.308399
v -20.466635 2.763485 2.629459
v -20.466635 2.882418 2.716070
v -20.501925 1.836208 2.280629
v -20.874254 1.836208 2.280630
v -20.944660 2.763485 2.629459
v -20.944660 1.991998 2.308399
v -19.188026 2.763485 2.629459
v -19.560358 1.991998 2.308399
v -19.188026 1.991998 2.308398
v -19.595648 2.763485 2.629459
v -20.031141 1.991998 2.308399
v -20.031141 2.763485 2.629459
v -19.595648 2.882418 2.716070
v -20.031141 2.882418 2.716070
v -19.560358 1.836208 2.280629
v -19.188026 1.836209 2.280629
v -19.117620 2.763485 2.629458
v -19.117620 1.991998 2.308398
v -20.874254 2.654680 2.797273
v -20.501925 1.947348 2.503351
v -20.874254 1.947348 2.503351
v -20.466635 2.654680 2.797273
v -20.466635 2.761941 2.875711
v -20.501925 1.803726 2.477974
v -20.874254 1.803726 2.477974
v -20.944660 2.654680 2.797273
v -20.944660 1.947348 2.503351
v -19.188026 2.654680 2.797273
v -19.560356 1.947349 2.503351
v -19.188026 1.947349 2.503351
v -19.595648 2.654680 2.797273
v -20.031141 1.947349 2.503351
v -20.031141 2.654680 2.797273
v -19.595648 2.761942 2.875711
v -20.031141 2.761941 2.875711
v -19.560356 1.803727 2.477974
v -19.188026 1.803727 2.477974
v -19.117620 2.654680 2.797272
v -19.117620 1.947349 2.503351
v -20.874254 3.437421 3.389510
v -20.501925 2.917132 2.742643
v -20.874254 2.917132 2.742643
v -20.466635 3.437422 3.389510
v -20.466635 3.498607 3.523369
v -20.501925 2.791477 2.646454
v -20.874254 2.791477 2.646454
v -20.944660 3.437421 3.389510
v -20.944660 2.917132 2.742643
v -19.188026 3.437422 3.389510
v -19.560358 2.917132 2.742643
v -19.188026 2.917132 2.742643
v -19.595648 3.437422 3.389510
v -20.031141 2.917132 2.742643
v -20.031141 3.437422 3.389510
v -19.595648 3.498607 3.523369
v -20.031141 3.498607 3.523369
v -19.560358 2.791477 2.646454
v -19.188026 2.791477 2.646454
v -19.117620 3.437422 3.389510
v -19.117620 2.917132 2.742643
v -20.874254 3.255941 3.473564
v -20.501925 2.793251 2.899658
v -20.874254 2.793251 2.899658
v -20.466635 3.255942 3.473564
v -20.466635 3.310425 3.591101
v -20.501925 2.680178 2.812624
v -20.874254 2.680178 2.812624
v -20.944660 3.255941 3.473564
v -20.944660 2.793251 2.899658
v -19.188026 3.255942 3.473564
v -19.560356 2.793252 2.899658
v -19.188026 2.793252 2.899658
v -19.595648 3.255942 3.473564
v -20.031141 2.793251 2.899658
v -20.031141 3.255942 3.473564
v -19.595648 3.310425 3.591101
v -20.031141 3.310425 3.591101
v -19.560356 2.680178 2.812624
v -19.188026 2.680178 2.812624
v -19.117620 3.255942 3.473564
v -19.117620 2.793252 2.899658
v -20.874254 3.588672 4.395185
v -20.501925 3.509925 3.565595
v -20.874254 3.509925 3.565595
v -20.466635 3.588672 4.395185
v -20.466635 3.578699 4.542099
v -20.501925 3.451393 3.419176
v -20.874254 3.451393 3.419176
v -20.944660 3.588672 4.395185
v -20.944660 3.509925 3.565595
v -19.188026 3.588673 4.395185
v -19.560358 3.509925 3.565595
v -19.188026 3.509925 3.565595
v -19.595648 3.588672 4.395185
v -20.031141 3.509925 3.565595
v -20.031141 3.588672 4.395185
v -19.595648 3.578699 4.542099
v -20.031141 3.578699 4.542099
v -19.560358 3.451393 3.419176
v -19.188026 3.451393 3.419176
v -19.117620 3.588673 4.395185
v -19.117620 3.509925 3.565595
v -20.874254 3.389015 4.383474
v -20.501925 3.320078 3.628510
v -20.874254 3.320078 3.628510
v -20.466635 3.389015 4.383474
v -20.466635 3.379635 4.522773
v -20.501925 3.268294 3.499642
v -20.874254 3.268294 3.499642
v -20.944660 3.389015 4.383474
v -20.944660 3.320078 3.628510
v -19.188026 3.389016 4.383474
v -19.560356 3.320078 3.628510
v -19.188026 3.320079 3.628510
v -19.595648 3.389015 4.383474
v -20.031141 3.320078 3.628510
v -20.031141 3.389015 4.383474
v -19.595648 3.379635 4.522773
v -20.031141 3.379635 4.522773
v -19.560358 3.268294 3.499642
v -19.188026 3.268294 3.499642
v -19.117620 3.389016 4.383474
v -19.117620 3.320079 3.628510
v -20.874254 3.435710 5.413480
v -20.501925 3.572946 4.585434
v -20.874254 3.572946 4.585434
v -20.466635 3.435710 5.413480
v -20.466635 3.403270 5.557133
v -20.501925 3.586921 4.427929
v -20.874254 3.586921 4.427929
v -20.944660 3.435710 5.413480
v -20.944660 3.572946 4.585434
v -19.188026 3.435711 5.413480
v -19.560358 3.572946 4.585434
v -19.188026 3.572947 4.585434
v -19.595648 3.435711 5.413480
v -20.031141 3.572946 4.585434
v -20.031141 3.435710 5.413480
v -19.595648 3.403270 5.557133
v -20.031141 3.403270 5.557133
v -19.560358 3.586921 4.427929
v -19.188026 3.586921 4.427929
v -19.117620 3.435711 5.413480
v -19.117620 3.572947 4.585434
v -20.874254 3.240156 5.371547
v -20.501925 3.374014 4.564793
v -20.874254 3.374014 4.564793
v -20.466635 3.240156 5.371547
v -20.466635 3.208354 5.512324
v -20.501925 3.387382 4.414364
v -20.874254 3.387381 4.414364
v -20.944660 3.240156 5.371547
v -20.944660 3.374014 4.564793
v -19.188026 3.240156 5.371547
v -19.560358 3.374014 4.564793
v -19.188026 3.374014 4.564793
v -19.595648 3.240156 5.371547
v -20.031141 3.374014 4.564793
v -20.031141 3.240156 5.371547
v -19.595648 3.208354 5.512324
v -20.031141 3.208354 5.512324
v -19.560358 3.387382 4.414364
v -19.188026 3.387382 4.414364
v -19.117620 3.240156 5.371547
v -19.117620 3.374014 4.564793
v -20.874254 3.169179 6.408681
v -20.501925 3.392698 5.599552
v -20.874254 3.392698 5.599552
v -20.466635 3.169179 6.408681
v -20.466635 3.126241 6.549604
v -20.501925 3.429461 5.445671
v -20.874254 3.429461 5.445671
v -20.944660 3.169178 6.408681
v -20.944660 3.392698 5.599552
v -19.188026 3.169179 6.408682
v -19.560358 3.392698 5.599552
v -19.188026 3.392698 5.599552
v -19.595648 3.169179 6.408681
v -20.031141 3.392698 5.599552
v -20.031141 3.169179 6.408681
v -19.595648 3.126241 6.549604
v -20.031141 3.126241 6.549604
v -19.560358 3.429461 5.445671
v -19.188026 3.429461 5.445671
v -19.117620 3.169179 6.408682
v -19.117620 3.392698 5.599552
v -20.874254 2.978580 6.348082
v -20.501925 3.197967 5.553947
v -20.874254 3.197967 5.553947
v -20.466635 2.978580 6.348082
v -20.466635 2.936480 6.486432
v -20.501925 3.234057 5.403039
v -20.874254 3.234057 5.403039
v -20.944660 2.978580 6.348082
v -20.944660 3.197967 5.553947
v -19.188026 2.978581 6.348082
v -19.560358 3.197967 5.553947
v -19.188026 3.197967 5.553947
v -19.595646 2.978581 6.348082
v -20.031141 3.197967 5.553947
v -20.031141 2.978580 6.348082
v -19.595648 2.936480 6.486432
v -20.031141 2.936480 6.486432
v -19.560358 3.234057 5.403039
v -19.188026 3.234057 5.403039
v -19.117620 2.978581 6.348082
v -19.117620 3.197967 5.553947
v -20.874254 2.807564 7.373086
v -20.501925 3.112338 6.591034
v -20.874254 3.112338 6.591034
v -20.466635 2.807564 7.373086
v -20.466635 2.748240 7.507934
v -20.501925 3.159621 6.440048
v -20.874254 3.159621 6.440048
v -20.944660 2.807564 7.373086
v -20.944660 3.112338 6.591034
v -19.188026 2.807564 7.373087
v -19.560358 3.112338 6.591034
v -19.188026 3.112339 6.591035
v -19.595648 2.807564 7.373086
v -20.031141 3.112338 6.591034
v -20.031141 2.807564 7.373086
v -19.595646 2.748240 7.507934
v -20.031141 2.748240 7.507934
v -19.560358 3.159622 6.440048
v -19.188026 3.159622 6.440048
v -19.117620 2.807564 7.373087
v -19.117620 3.112338 6.591035
v -20.874254 2.624619 7.292270
v -20.501925 2.922845 6.527063
v -20.874254 2.922845 6.527063
v -20.466635 2.624619 7.292270
v -20.466635 2.566775 7.423848
v -20.501925 2.969207 6.378875
v -20.874254 2.969207 6.378875
v -20.944660 2.624619 7.292270
v -20.944660 2.922845 6.527063
v -19.188026 2.624619 7.292270
v -19.560358 2.922845 6.527063
v -19.188026 2.922845 6.527063
v -19.595648 2.624620 7.292270
v -20.031141 2.922845 6.527063
v -20.031141 2.624619 7.292270
v -19.595646 2.566775 7.423849
v -20.031141 2.566775 7.423848
v -19.560356 2.969207 6.378875
v -19.188026 2.969207 6.378875
v -19.117620 2.624620 7.292270
v -19.117620 2.922845 6.527063
v -20.874254 2.327528 8.283258
v -20.501925 2.730636 7.547949
v -20.874254 2.730636 7.547949
v -20.466635 2.327528 8.283258
v -20.466635 2.245215 8.405436
v -20.501925 2.794359 7.403101
v -20.874254 2.794359 7.403101
v -20.944660 2.327528 8.283258
v -20.944660 2.730636 7.547949
v -19.188026 2.327528 8.283258
v -19.560358 2.730637 7.547949
v -19.188026 2.730637 7.547949
v -19.595648 2.327528 8.283258
v -20.031141 2.730636 7.547949
v -20.031141 2.327528 8.283258
v -19.595648 2.245215 8.405436
v -20.031141 2.245215 8.405436
v -19.560356 2.794359 7.403102
v -19.188026 2.794360 7.403102
v -19.117620 2.327528 8.283258
v -19.117622 2.730637 7.547949
v -20.874254 2.160291 8.173569
v -20.501925 2.549621 7.462899
v -20.874254 2.549621 7.462899
v -20.466635 2.160291 8.173570
v -20.466635 2.081750 8.290200
v -20.501925 2.611739 7.321555
v -20.874254 2.611739 7.321555
v -20.944660 2.160291 8.173569
v -20.944660 2.549621 7.462899
v -19.188026 2.160291 8.173570
v -19.560358 2.549621 7.462899
v -19.188026 2.549621 7.462899
v -19.595648 2.160291 8.173570
v -20.031141 2.549621 7.462899
v -20.031141 2.160291 8.173570
v -19.595648 2.081750 8.290200
v -20.031141 2.081750 8.290200
v -19.560356 2.611739 7.321555
v -19.188026 2.611739 7.321555
v -19.117620 2.160291 8.173570
v -19.117622 2.549621 7.462899
v -20.874254 1.652668 9.053145
v -20.501925 2.220788 8.441693
v -20.874254 2.220788 8.441693
v -20.466635 1.652668 9.053145
v -20.466635 1.535264 9.142137
v -20.501925 2.309206 8.310453
v -20.874254 2.309206 8.310453
v -20.944660 1.652668 9.053145
v -20.944660 2.220788 8.441693
v -19.188026 1.652669 9.053146
v -19.560358 2.220788 8.441693
v -19.188026 2.220788 8.441694
v -19.595648 1.652669 9.053146
v -20.031141 2.220788 8.441693
v -20.031141 1.652669 9.053146
v -19.595648 1.535264 9.142138
v -20.031141 1.535264 9.142138
v -19.560358 2.309206 8.310453
v -19.188026 2.309207 8.310453
v -19.117620 1.652669 9.053146
v -19.117620 2.220788 8.441694
v -20.874254 1.533669 8.892400
v -20.501925 2.058478 8.324837
v -20.874254 2.058478 8.324837
v -20.466635 1.533669 8.892400
v -20.466635 1.429393 8.972457
v -20.501925 2.142792 8.199519
v -20.874254 2.142792 8.199519
v -20.944660 1.533669 8.892400
v -20.944660 2.058478 8.324837
v -19.188026 1.533670 8.892401
v -19.560358 2.058478 8.324837
v -19.188026 2.058478 8.324837
v -19.595648 1.533670 8.892401
v -20.031141 2.058478 8.324837
v -20.031141 1.533669 8.892400
v -19.595646 1.429394 8.972457
v -20.031141 1.429393 8.972457
v -19.560356 2.142793 8.199519
v -19.188026 2.142793 8.199519
v -19.117620 1.533670 8.892401
v -19.117620 2.058478 8.324837
v -20.874254 0.725318 9.232559
v -20.501925 1.500425 9.168545
v -20.874254 1.500425 9.168545
v -20.466635 0.725318 9.232559
v -20.466635 0.625833 9.127651
v -20.501925 1.626535 9.072955
v -20.874254 1.626535 9.072954
v -20.944660 0.725318 9.232559
v -20.944660 1.500425 9.168545
v -19.188026 0.725318 9.232559
v -19.560358 1.500425 9.168545
v -19.188026 1.500425 9.168546
v -19.595648 0.725318 9.232559
v -20.031141 1.500425 9.168545
v -20.031141 0.725318 9.232559
v -19.595648 0.625833 9.127651
v -20.031141 0.625833 9.127651
v -19.560358 1.626535 9.072955
v -19.188026 1.626535 9.072955
v -19.117620 0.725318 9.232559
v -19.117620 1.500425 9.168546
v -20.874254 0.847504 9.074223
v -20.501925 1.398582 8.996417
v -20.874254 1.398582 8.996417
v -20.466635 0.847504 9.074223
v -20.466635 0.779536 8.999684
v -20.501925 1.510396 8.910131
v -20.874254 1.510396 8.910131
v -20.944660 0.847504 9.074223
v -20.944660 1.398582 8.996417
v -19.188026 0.847504 9.074223
v -19.560358 1.398582 8.996418
v -19.188026 1.398582 8.996418
v -19.595648 0.847504 9.074223
v -20.031141 1.398582 8.996418
v -20.031141 0.847504 9.074223
v -19.595648 0.779536 8.999684
v -20.031141 0.779536 8.999684
v -19.560358 1.510396 8.910131
v -19.188026 1.510396 8.910131
v -19.117620 0.847504 9.074223
v -19.117620 1.398582 8.996418
v -23.959078 0.712608 9.224060
v -24.331409 1.488240 9.177780
v -23.959078 1.488240 9.177780
v -24.366699 0.712608 9.224060
v -24.366699 0.617312 9.114956
v -24.331409 1.614351 9.082191
v -23.959078 1.614351 9.082191
v -23.888672 0.712608 9.224060
v -23.888672 1.488241 9.177780
v -25.645306 0.712608 9.224060
v -25.272976 1.488241 9.177781
v -25.645306 1.488241 9.177781
v -25.237686 0.712608 9.224060
v -24.802193 1.488241 9.177781
v -24.802193 0.712608 9.224060
v -25.237686 0.617312 9.114956
v -24.802193 0.617312 9.114956
v -25.272976 1.614351 9.082191
v -25.645306 1.614352 9.082191
v -25.715712 0.712608 9.224060
v -25.715712 1.488241 9.177781
v -23.959078 0.839593 9.069546
v -24.331409 1.387820 9.004820
v -23.959078 1.387820 9.004819
v -24.366699 0.839593 9.069546
v -24.366699 0.773140 8.989586
v -24.331409 1.499558 8.918414
v -23.959078 1.499558 8.918414
v -23.888672 0.839593 9.069546
v -23.888672 1.387820 9.004819
v -25.645306 0.839593 9.069546
v -25.272976 1.387820 9.004820
v -25.645306 1.387820 9.004820
v -25.237686 0.839593 9.069546
v -24.802193 1.387820 9.004820
v -24.802193 0.839593 9.069546
v -25.237686 0.773140 8.989586
v -24.802193 0.773140 8.989586
v -25.272976 1.499558 8.918415
v -25.645306 1.499558 8.918415
v -25.715712 0.839593 9.069546
v -25.715712 1.387820 9.004820
v -23.959078 0.309985 8.294851
v -24.331409 0.592948 9.078659
v -23.959078 0.592948 9.078659
v -24.366699 0.309985 8.294851
v -24.366699 0.285080 8.149740
v -24.331409 0.685349 9.205834
v -23.959078 0.685349 9.205834
v -23.888672 0.309985 8.294851
v -23.888672 0.592948 9.078659
v -25.645306 0.309985 8.294851
v -25.272976 0.592948 9.078659
v -25.645306 0.592948 9.078659
v -25.237686 0.309985 8.294851
v -24.802193 0.592948 9.078659
v -24.802193 0.309985 8.294851
v -25.237686 0.285080 8.149740
v -24.802193 0.285080 8.149740
v -25.272976 0.685349 9.205834
v -25.645306 0.685349 9.205834
v -25.715712 0.309985 8.294851
v -25.715712 0.592948 9.078659
v -23.959078 0.505903 8.254648
v -24.331409 0.754606 8.960903
v -23.959078 0.754606 8.960903
v -24.366699 0.505903 8.254648
v -24.366699 0.482008 8.114820
v -24.331409 0.822217 9.060001
v -23.959078 0.822216 9.060001
v -23.888672 0.505903 8.254648
v -23.888672 0.754606 8.960903
v -25.645306 0.505903 8.254648
v -25.272976 0.754606 8.960903
v -25.645306 0.754606 8.960903
v -25.237686 0.505903 8.254648
v -24.802193 0.754606 8.960903
v -24.802193 0.505903 8.254648
v -25.237686 0.482008 8.114820
v -24.802193 0.482008 8.114820
v -25.272976 0.822216 9.060001
v -25.645306 0.822216 9.060001
v -25.715712 0.505903 8.254648
v -25.715712 0.754606 8.960903
v -23.959078 0.185654 7.272379
v -24.331409 0.278444 8.106529
v -23.959078 0.278444 8.106529
v -24.366699 0.185654 7.272379
v -24.366699 0.177016 7.125314
v -24.331409 0.302465 8.262939
v -23.959078 0.302465 8.262939
v -23.888672 0.185654 7.272379
v -23.888672 0.278444 8.106529
v -25.645306 0.185654 7.272379
v -25.272976 0.278444 8.106529
v -25.645306 0.278444 8.106529
v -25.237686 0.185654 7.272379
v -24.802193 0.278444 8.106529
v -24.802193 0.185654 7.272379
v -25.237686 0.177016 7.125314
v -24.802193 0.177016 7.125314
v -25.272976 0.302465 8.262939
v -25.645306 0.302465 8.262939
v -25.715712 0.185654 7.272379
v -25.715712 0.278444 8.106529
v -23.959078 0.385148 7.258162
v -24.331409 0.475609 8.072973
v -23.959078 0.475609 8.072973
v -24.366699 0.385149 7.258162
v -24.366699 0.376643 7.113100
v -24.331409 0.498726 8.224452
v -23.959078 0.498726 8.224452
v -23.888672 0.385149 7.258162
v -23.888672 0.475609 8.072973
v -25.645306 0.385149 7.258162
v -25.272976 0.475609 8.072973
v -25.645306 0.475609 8.072973
v -25.237686 0.385149 7.258162
v -24.802193 0.475609 8.072973
v -24.802193 0.385149 7.258162
v -25.237686 0.376643 7.113100
v -24.802193 0.376643 7.113100
v -25.272976 0.498726 8.224452
v -25.645306 0.498726 8.224452
v -25.715712 0.385149 7.258162
v -25.715712 0.475609 8.072973
v -23.959078 0.145695 6.242543
v -24.331409 0.174453 7.081672
v -23.959078 0.174453 7.081672
v -24.366699 0.145694 6.242543
v -24.366699 0.143522 6.095240
v -24.331409 0.183732 7.239644
v -23.959078 0.183732 7.239644
v -23.888672 0.145694 6.242543
v -23.888672 0.174453 7.081672
v -25.645306 0.145694 6.242543
v -25.272976 0.174453 7.081672
v -25.645306 0.174453 7.081672
v -25.237686 0.145694 6.242543
v -24.802193 0.174453 7.081672
v -24.802193 0.145694 6.242543
v -25.237686 0.143522 6.095240
v -24.802193 0.143522 6.095240
v -25.272976 0.183732 7.239644
v -25.645306 0.183732 7.239644
v -25.715712 0.145694 6.242543
v -25.715712 0.174453 7.081672
v -23.959078 0.345662 6.238935
v -24.331409 0.374115 7.070052
v -23.959078 0.374115 7.070052
v -24.366699 0.345662 6.238935
v -24.366699 0.343503 6.092503
v -24.331409 0.383257 7.225873
v -23.959078 0.383257 7.225873
v -23.888672 0.345662 6.238935
v -23.888672 0.374115 7.070052
v -25.645306 0.345662 6.238935
v -25.272976 0.374115 7.070052
v -25.645306 0.374115 7.070052
v -25.237686 0.345662 6.238935
v -24.802193 0.374115 7.070052
v -24.802193 0.345662 6.238935
v -25.237686 0.343503 6.092503
v -24.802193 0.343503 6.092503
v -25.272976 0.383257 7.225873
v -25.645306 0.383257 7.225873
v -25.715712 0.345662 6.238935
v -25.715712 0.374115 7.070052
v -23.959078 0.136644 5.211844
v -24.331409 0.142877 6.051528
v -23.959078 0.142877 6.051528
v -24.366699 0.136644 5.211844
v -24.366699 0.132783 5.064576
v -24.331409 0.145211 6.209756
v -23.959078 0.145211 6.209756
v -23.888672 0.136644 5.211844
v -23.888672 0.142877 6.051528
v -25.645306 0.136644 5.211844
v -25.272976 0.142877 6.051528
v -25.645306 0.142877 6.051528
v -25.237686 0.136644 5.211844
v -24.802193 0.142877 6.051528
v -24.802193 0.136644 5.211844
v -25.237686 0.132783 5.064576
v -24.802193 0.132783 5.064576
v -25.272976 0.145211 6.209756
v -25.645306 0.145211 6.209756
v -25.715712 0.136644 5.211844
v -25.715712 0.142877 6.051528
v -23.959078 0.336613 5.208357
v -24.331409 0.342862 6.049049
v -23.959078 0.342862 6.049049
v -24.366699 0.336614 5.208357
v -24.366699 0.332721 5.059565
v -24.331409 0.345182 6.206342
v -23.959078 0.345182 6.206342
v -23.888672 0.336614 5.208357
v -23.888672 0.342862 6.049049
v -25.645306 0.336614 5.208356
v -25.272976 0.342862 6.049049
v -25.645306 0.342862 6.049049
v -25.237686 0.336614 5.208357
v -24.802193 0.342862 6.049049
v -24.802193 0.336614 5.208357
v -25.237686 0.332720 5.059565
v -24.802193 0.332720 5.059565
v -25.272976 0.345182 6.206342
v -25.645306 0.345182 6.206342
v -25.715712 0.336614 5.208356
v -25.715712 0.342862 6.049049
v -23.959078 0.105128 4.181619
v -24.331409 0.131638 5.020874
v -23.959078 0.131638 5.020874
v -24.366699 0.105128 4.181619
v -24.366699 0.104279 4.034302
v -24.331409 0.135785 5.179064
v -23.959078 0.135785 5.179064
v -23.888672 0.105128 4.181619
v -23.888672 0.131638 5.020874
v -25.645306 0.105128 4.181619
v -25.272976 0.131638 5.020874
v -25.645306 0.131638 5.020873
v -25.237686 0.105128 4.181619
v -24.802193 0.131638 5.020874
v -24.802193 0.105128 4.181619
v -25.237686 0.104279 4.034302
v -24.802193 0.104279 4.034302
v -25.272976 0.135785 5.179064
v -25.645306 0.135785 5.179064
v -25.715712 0.105128 4.181619
v -25.715712 0.131638 5.020873
v -23.959078 0.305119 4.179814
v -24.331409 0.331563 5.015410
v -23.959078 0.331563 5.015410
v -24.366699 0.305120 4.179814
v -24.366699 0.304272 4.035953
v -24.331409 0.335748 5.175238
v -23.959078 0.335748 5.175238
v -23.888672 0.305120 4.179814
v -23.888672 0.331563 5.015410
v -25.645306 0.305120 4.179814
v -25.272976 0.331563 5.015410
v -25.645306 0.331563 5.015410
v -25.237686 0.305119 4.179814
v -24.802193 0.331563 5.015410
v -24.802193 0.305120 4.179814
v -25.237686 0.304272 4.035953
v -24.802193 0.304272 4.035953
v -25.272976 0.335748 5.175238
v -25.645306 0.335748 5.175238
v -25.715712 0.305120 4.179814
v -25.715712 0.331563 5.015410
v -23.959078 0.194457 3.158090
v -24.331409 0.104028 3.990584
v -23.959078 0.104028 3.990584
v -24.366699 0.194457 3.158090
v -24.366699 0.235430 3.016998
v -24.331409 0.104939 4.148827
v -23.959078 0.104939 4.148827
v -23.888672 0.194457 3.158090
v -23.888672 0.104028 3.990584
v -25.645306 0.194457 3.158090
v -25.272976 0.104028 3.990584
v -25.645306 0.104027 3.990584
v -25.237686 0.194457 3.158090
v -24.802193 0.104028 3.990584
v -24.802193 0.194457 3.158090
v -25.237686 0.235430 3.016998
v -24.802193 0.235430 3.016998
v -25.272976 0.104939 4.148827
v -25.645306 0.104939 4.148827
v -25.715712 0.194457 3.158090
v -25.715712 0.104027 3.990584
v -23.959078 0.387674 3.209734
v -24.331409 0.304010 3.993260
v -23.959078 0.304010 3.993260
v -24.366699 0.387674 3.209734
v -24.366699 0.423873 3.084000
v -24.331409 0.304936 4.147791
v -23.959078 0.304936 4.147791
v -23.888672 0.387674 3.209734
v -23.888672 0.304010 3.993260
v -25.645306 0.387674 3.209734
v -25.272976 0.304010 3.993260
v -25.645306 0.304010 3.993260
v -25.237686 0.387674 3.209734
v -24.802193 0.304010 3.993260
v -24.802193 0.387674 3.209734
v -25.237686 0.423873 3.084000
v -24.802193 0.423873 3.084000
v -25.272976 0.304936 4.147791
v -25.645306 0.304936 4.147791
v -25.715712 0.387674 3.209734
v -25.715712 0.304010 3.993260
v -23.959078 0.793165 2.369074
v -24.331409 0.251822 2.976471
v -23.959078 0.251822 2.976471
v -24.366699 0.793165 2.369073
v -24.366699 0.928624 2.313455
v -24.331409 0.201912 3.126158
v -23.959078 0.201912 3.126158
v -23.888672 0.793165 2.369074
v -23.888672 0.251822 2.976471
v -25.645306 0.793165 2.369073
v -25.272976 0.251822 2.976471
v -25.645306 0.251822 2.976471
v -25.237686 0.793165 2.369073
v -24.802193 0.251822 2.976471
v -24.802193 0.793165 2.369073
v -25.237686 0.928624 2.313455
v -24.802193 0.928624 2.313455
v -25.272976 0.201912 3.126158
v -25.645306 0.201912 3.126158
v -25.715712 0.793165 2.369073
v -25.715712 0.251822 2.976471
v -23.959078 0.877547 2.550401
v -24.331409 0.438172 3.049092
v -23.959078 0.438172 3.049092
v -24.366699 0.877547 2.550401
v -24.366699 0.989246 2.504046
v -24.331409 0.394306 3.180790
v -23.959078 0.394306 3.180790
v -23.888672 0.877547 2.550401
v -23.888672 0.438172 3.049092
v -25.645306 0.877547 2.550401
v -25.272976 0.438172 3.049092
v -25.645306 0.438172 3.049092
v -25.237686 0.877547 2.550401
v -24.802193 0.438172 3.049092
v -24.802193 0.877547 2.550401
v -25.237686 0.989246 2.504046
v -24.802193 0.989246 2.504046
v -25.272976 0.394306 3.180790
v -25.645306 0.394306 3.180790
v -25.715712 0.877547 2.550401
v -25.715712 0.438172 3.049092
v -23.959078 1.803926 2.274875
v -24.331409 0.971361 2.304249
v -23.959078 0.971361 2.304249
v -24.366699 1.803926 2.274875
v -24.366699 1.948959 2.300727
v -24.331409 0.822586 2.354592
v -23.959078 0.822586 2.354592
v -23.888672 1.803926 2.274875
v -23.888672 0.971361 2.304249
v -25.645306 1.803926 2.274875
v -25.272976 0.971361 2.304249
v -25.645306 0.971361 2.304249
v -25.237686 1.803926 2.274875
v -24.802193 0.971361 2.304249
v -24.802193 1.803926 2.274875
v -25.237686 1.948960 2.300727
v -24.802193 1.948960 2.300727
v -25.272976 0.822586 2.354592
v -25.645306 0.822586 2.354592
v -25.715712 1.803926 2.274875
v -25.715712 0.971361 2.304248
v -23.959078 1.773982 2.472621
v -24.331409 1.026487 2.496501
v -23.959078 1.026487 2.496501
v -24.366699 1.773982 2.472621
v -24.366699 1.907656 2.496416
v -24.331409 0.901300 2.538451
v -23.959078 0.901300 2.538451
v -23.888672 1.773982 2.472621
v -23.888672 1.026487 2.496501
v -25.645306 1.773982 2.472621
v -25.272976 1.026487 2.496501
v -25.645306 1.026487 2.496501
v -25.237686 1.773982 2.472621
v -24.802193 1.026487 2.496501
v -24.802193 1.773982 2.472621
v -25.237686 1.907656 2.496416
v -24.802193 1.907656 2.496416
v -25.272976 0.901300 2.538451
v -25.645306 0.901300 2.538451
v -25.715712 1.773982 2.472621
v -25.715712 1.026487 2.496501
v -23.959078 2.763485 2.629459
v -24.331409 1.991998 2.308399
v -23.959078 1.991998 2.308399
v -24.366699 2.763485 2.629459
v -24.366699 2.882418 2.716070
v -24.331409 1.836209 2.280629
v -23.959078 1.836209 2.280630
v -23.888672 2.763485 2.629459
v -23.888672 1.991998 2.308399
v -25.645306 2.763486 2.629459
v -25.272976 1.991999 2.308399
v -25.645306 1.991999 2.308398
v -25.237686 2.763485 2.629459
v -24.802193 1.991999 2.308399
v -24.802193 2.763485 2.629459
v -25.237686 2.882419 2.716070
v -24.802193 2.882419 2.716070
v -25.272976 1.836209 2.280629
v -25.645306 1.836209 2.280629
v -25.715712 2.763486 2.629458
v -25.715712 1.991999 2.308398
v -23.959078 2.654680 2.797273
v -24.331409 1.947349 2.503351
v -23.959078 1.947349 2.503351
v -24.366699 2.654681 2.797273
v -24.366699 2.761942 2.875711
v -24.331409 1.803727 2.477974
v -23.959078 1.803727 2.477974
v -23.888672 2.654681 2.797273
v -23.888672 1.947349 2.503351
v -25.645306 2.654681 2.797273
v -25.272976 1.947349 2.503351
v -25.645306 1.947349 2.503351
v -25.237686 2.654681 2.797273
v -24.802193 1.947349 2.503351
v -24.802193 2.654681 2.797273
v -25.237686 2.761942 2.875711
v -24.802193 2.761942 2.875711
v -25.272976 1.803727 2.477974
v -25.645306 1.803727 2.477974
v -25.715712 2.654681 2.797272
v -25.715712 1.947349 2.503351
v -23.959078 3.437422 3.389510
v -24.331409 2.917132 2.742643
v -23.959078 2.917132 2.742643
v -24.366699 3.437422 3.389510
v -24.366699 3.498607 3.523369
v -24.331409 2.791477 2.646454
v -23.959078 2.791477 2.646454
v -23.888672 3.437422 3.389510
v -23.888672 2.917132 2.742643
v -25.645306 3.437422 3.389510
v -25.272976 2.917133 2.742643
v -25.645306 2.917133 2.742643
v -25.237686 3.437422 3.389510
v -24.802193 2.917132 2.742643
v -24.802193 3.437422 3.389510
v -25.237686 3.498608 3.523369
v -24.802193 3.498607 3.523369
v -25.272976 2.791478 2.646454
v -25.645306 2.791478 2.646454
v -25.715712 3.437422 3.389510
v -25.715712 2.917133 2.742643
v -23.959078 3.255942 3.473564
v -24.331409 2.793252 2.899658
v -23.959078 2.793252 2.899658
v -24.366699 3.255942 3.473564
v -24.366699 3.310426 3.591101
v -24.331409 2.680179 2.812624
v -23.959078 2.680178 2.812624
v -23.888672 3.255942 3.473564
v -23.888672 2.793252 2.899658
v -25.645306 3.255942 3.473564
v -25.272976 2.793252 2.899658
v -25.645306 2.793252 2.899658
v -25.237686 3.255942 3.473564
v -24.802193 2.793252 2.899658
v -24.802193 3.255942 3.473564
v -25.237686 3.310426 3.591101
v -24.802193 3.310426 3.591101
v -25.272976 2.680179 2.812624
v -25.645306 2.680179 2.812624
v -25.715712 3.255942 3.473564
v -25.715712 2.793252 2.899658
v -23.959078 3.588672 4.395185
v -24.331409 3.509926 3.565595
v -23.959078 3.509925 3.565595
v -24.366699 3.588673 4.395185
v -24.366699 3.578700 4.542099
v -24.331409 3.451393 3.419176
v -23.959078 3.451393 3.419176
v -23.888672 3.588672 4.395185
v -23.888672 3.509925 3.565595
v -25.645306 3.588673 4.395185
v -25.272976 3.509926 3.565595
v -25.645306 3.509926 3.565595
v -25.237686 3.588673 4.395185
v -24.802193 3.509926 3.565595
v -24.802193 3.588673 4.395185
v -25.237686 3.578700 4.542099
v -24.802193 3.578700 4.542099
v -25.272976 3.451393 3.419176
v -25.645306 3.451394 3.419176
v -25.715712 3.588673 4.395185
v -25.715712 3.509926 3.565595
v -23.959078 3.389015 4.383474
v -24.331409 3.320079 3.628510
v -23.959078 3.320079 3.628510
v -24.366699 3.389016 4.383474
v -24.366699 3.379635 4.522773
v -24.331409 3.268294 3.499642
v -23.959078 3.268294 3.499642
v -23.888672 3.389015 4.383474
v -23.888672 3.320079 3.628510
v -25.645306 3.389016 4.383474
v -25.272976 3.320079 3.628510
v -25.645306 3.320079 3.628510
v -25.237686 3.389016 4.383474
v -24.802193 3.320079 3.628510
v -24.802193 3.389016 4.383474
v -25.237686 3.379635 4.522773
v -24.802193 3.379635 4.522773
v -25.272976 3.268294 3.499642
v -25.645306 3.268295 3.499642
v -25.715712 3.389016 4.383474
v -25.715712 3.320079 3.628510
v -23.959078 3.435711 5.413480
v -24.331409 3.572947 4.585434
v -23.959078 3.572947 4.585434
v -24.366699 3.435711 5.413480
v -24.366699 3.403271 5.557133
v -24.331409 3.586921 4.427929
v -23.959078 3.586921 4.427929
v -23.888672 3.435711 5.413480
v -23.888672 3.572947 4.585434
v -25.645306 3.435711 5.413480
v -25.272976 3.572947 4.585434
v -25.645306 3.572947 4.585434
v -25.237686 3.435711 5.413480
v -24.802193 3.572947 4.585434
v -24.802193 3.435711 5.413480
v -25.237686 3.403271 5.557133
v -24.802193 3.403271 5.557133
v -25.272976 3.586922 4.427929
v -25.645306 3.586922 4.427929
v -25.715712 3.435711 5.413480
v -25.715712 3.572947 4.585434
v -23.959078 3.240156 5.371547
v -24.331409 3.374015 4.564793
v -23.959078 3.374014 4.564793
v -24.366699 3.240156 5.371547
v -24.366699 3.208355 5.512324
v -24.331409 3.387382 4.414364
v -23.959078 3.387382 4.414364
v -23.888672 3.240156 5.371547
v -23.888672 3.374014 4.564793
v -25.645306 3.240157 5.371547
v -25.272976 3.374015 4.564793
v -25.645306 3.374015 4.564793
v -25.237686 3.240157 5.371547
v -24.802193 3.374015 4.564793
v -24.802193 3.240156 5.371547
v -25.237686 3.208355 5.512324
v -24.802193 3.208355 5.512324
v -25.272976 3.387382 4.414364
v -25.645306 3.387383 4.414364
v -25.715712 3.240157 5.371547
v -25.715712 3.374015 4.564793
v -23.959078 3.169179 6.408681
v -24.331409 3.392698 5.599552
v -23.959078 3.392698 5.599552
v -24.366699 3.169179 6.408681
v -24.366699 3.126241 6.549604
v -24.331409 3.429461 5.445671
v -23.959078 3.429461 5.445671
v -23.888672 3.169179 6.408681
v -23.888672 3.392698 5.599552
v -25.645306 3.169179 6.408682
v -25.272976 3.392698 5.599552
v -25.645306 3.392699 5.599552
v -25.237686 3.169179 6.408681
v -24.802193 3.392698 5.599552
v -24.802193 3.169179 6.408681
v -25.237686 3.126241 6.549604
v -24.802193 3.126241 6.549604
v -25.272976 3.429461 5.445671
v -25.645306 3.429461 5.445671
v -25.715712 3.169179 6.408682
v -25.715712 3.392699 5.599552
v -23.959078 2.978581 6.348082
v -24.331409 3.197967 5.553947
v -23.959078 3.197967 5.553947
v -24.366699 2.978581 6.348082
v -24.366699 2.936480 6.486432
v -24.331409 3.234058 5.403039
v -23.959078 3.234057 5.403039
v -23.888672 2.978581 6.348082
v -23.888672 3.197967 5.553947
v -25.645306 2.978581 6.348082
v -25.272976 3.197967 5.553947
v -25.645306 3.197967 5.553947
v -25.237686 2.978581 6.348082
v -24.802193 3.197967 5.553947
v -24.802193 2.978581 6.348082
v -25.237686 2.936480 6.486432
v -24.802193 2.936480 6.486432
v -25.272976 3.234058 5.403039
v -25.645306 3.234058 5.403039
v -25.715712 2.978581 6.348082
v -25.715712 3.197967 5.553947
v -23.959078 2.807564 7.373086
v -24.331409 3.112339 6.591034
v -23.959078 3.112339 6.591034
v -24.366699 2.807564 7.373086
v -24.366699 2.748241 7.507934
v -24.331409 3.159622 6.440048
v -23.959078 3.159622 6.440048
v -23.888672 2.807564 7.373086
v -23.888672 3.112339 6.591034
v -25.645306 2.807565 7.373087
v -25.272976 3.112339 6.591034
v -25.645306 3.112339 6.591035
v -25.237686 2.807564 7.373086
v -24.802193 3.112339 6.591034
v -24.802193 2.807564 7.373086
v -25.237686 2.748241 7.507934
v -24.802193 2.748241 7.507934
v -25.272976 3.159622 6.440048
v -25.645306 3.159622 6.440048
v -25.715712 2.807564 7.373087
v -25.715712 3.112339 6.591035
v -23.959078 2.624620 7.292270
v -24.331409 2.922845 6.527063
v -23.959078 2.922845 6.527063
v -24.366699 2.624620 7.292270
v -24.366699 2.566775 7.423848
v -24.331409 2.969207 6.378875
v -23.959078 2.969207 6.378875
v -23.888672 2.624620 7.292270
v -23.888672 2.922845 6.527063
v -25.645306 2.624620 7.292270
v -25.272976 2.922846 6.527063
v -25.645306 2.922846 6.527063
v -25.237686 2.624620 7.292270
v -24.802193 2.922846 6.527063
v -24.802193 2.624620 7.292270
v -25.237686 2.566776 7.423849
v -24.802193 2.566775 7.423848
v -25.272976 2.969207 6.378875
v -25.645306 2.969207 6.378875
v -25.715712 2.624620 7.292270
v -25.715712 2.922846 6.527063
v -23.959078 2.327529 8.283258
v -24.331409 2.730637 7.547949
v -23.959078 2.730637 7.547949
v -24.366699 2.327529 8.283258
v -24.366699 2.245216 8.405436
v -24.331409 2.794360 7.403101
v -23.959078 2.794360 7.403101
v -23.888672 2.327529 8.283258
v -23.888672 2.730637 7.547949
v -25.645306 2.327529 8.283258
v -25.272976 2.730637 7.547949
v -25.645306 2.730637 7.547949
v -25.237686 2.327529 8.283258
v -24.802193 2.730637 7.547949
v -24.802193 2.327529 8.283258
v -25.237686 2.245216 8.405436
v -24.802193 2.245216 8.405436
v -25.272976 2.794360 7.403102
v -25.645306 2.794360 7.403102
v -25.715712 2.327529 8.283258
v -25.715712 2.730637 7.547949
v -23.959078 2.160291 8.173569
v -24.331409 2.549622 7.462899
v -23.959078 2.549621 7.462899
v -24.366699 2.160291 8.173570
v -24.366699 2.081751 8.290200
v -24.331409 2.611739 7.321555
v -23.959078 2.611739 7.321555
v -23.888672 2.160291 8.173569
v -23.888672 2.549621 7.462899
v -25.645306 2.160292 8.173570
v -25.272976 2.549622 7.462899
v -25.645306 2.549622 7.462899
v -25.237686 2.160292 8.173570
v -24.802193 2.549622 7.462899
v -24.802193 2.160292 8.173570
v -25.237686 2.081751 8.290200
v -24.802193 2.081751 8.290200
v -25.272976 2.611740 7.321555
v -25.645306 2.611740 7.321555
v -25.715712 2.160292 8.173570
v -25.715712 2.549622 7.462899
v -23.959078 1.652669 9.053145
v -24.331409 2.220788 8.441693
v -23.959078 2.220788 8.441693
v -24.366699 1.652669 9.053145
v -24.366699 1.535265 9.142137
v -24.331409 2.309207 8.310453
v -23.959078 2.309206 8.310453
v -23.888672 1.652669 9.053145
v -23.888672 2.220788 8.441693
v -25.645306 1.652669 9.053146
v -25.272976 2.220788 8.441693
v -25.645306 2.220788 8.441694
v -25.237686 1.652669 9.053146
v -24.802193 2.220788 8.441693
v -24.802193 1.652669 9.053146
v -25.237686 1.535265 9.142138
v -24.802193 1.535265 9.142138
v -25.272976 2.309207 8.310453
v -25.645306 2.309207 8.310453
v -25.715712 1.652669 9.053146
v -25.715712 2.220788 8.441694
v -23.959078 1.533670 8.892400
v -24.331409 2.058478 8.324837
v -23.959078 2.058478 8.324837
v -24.366699 1.533670 8.892400
v -24.366699 1.429394 8.972457
v -24.331409 2.142793 8.199519
v -23.959078 2.142793 8.199519
v -23.888672 1.533670 8.892400
v -23.888672 2.058478 8.324837
v -25.645306 1.533670 8.892401
v -25.272976 2.058478 8.324837
v -25.645306 2.058478 8.324837
v -25.237686 1.533670 8.892401
v -24.802193 2.058478 8.324837
v -24.802193 1.533670 8.892400
v -25.237686 1.429394 8.972457
v -24.802193 1.429394 8.972457
v -25.272976 2.142793 8.199519
v -25.645306 2.142793 8.199519
v -25.715712 1.533670 8.892401
v -25.715712 2.058478 8.324837
v -23.959078 0.725318 9.232559
v -24.331409 1.500425 9.168545
v -23.959078 1.500425 9.168545
v -24.366699 0.725318 9.232559
v -24.366699 0.625834 9.127651
v -24.331409 1.626535 9.072955
v -23.959078 1.626535 9.072954
v -23.888672 0.725318 9.232559
v -23.888672 1.500425 9.168545
v -25.645306 0.725318 9.232559
v -25.272976 1.500425 9.168545
v -25.645306 1.500425 9.168546
v -25.237686 0.725318 9.232559
v -24.802193 1.500425 9.168545
v -24.802193 0.725318 9.232559
v -25.237686 0.625834 9.127651
v -24.802193 0.625834 9.127651
v -25.272976 1.626536 9.072955
v -25.645306 1.626536 9.072955
v -25.715712 0.725318 9.232559
v -25.715712 1.500425 9.168546
v -23.959078 0.847504 9.074223
v -24.331409 1.398582 8.996417
v -23.959078 1.398582 8.996417
v -24.366699 0.847504 9.074223
v -24.366699 0.779537 8.999684
v -24.331409 1.510397 8.910131
v -23.959078 1.510397 8.910131
v -23.888672 0.847504 9.074223
v -23.888672 1.398582 8.996417
v -25.645306 0.847504 9.074223
v -25.272976 1.398582 8.996418
v -25.645306 1.398582 8.996418
v -25.237686 0.847504 9.074223
v -24.802193 1.398582 8.996418
v -24.802193 0.847504 9.074223
v -25.237686 0.779537 8.999684
v -24.802193 0.779537 8.999684
v -25.272976 1.510397 8.910131
v -25.645306 1.510397 8.910131
v -25.715712 0.847504 9.074223
v -25.715712 1.398582 8.996418
vn -0.0000 0.0596 0.9982
vn -0.0000 -0.7532 0.6578
vn -0.0000 0.6041 0.7969
vn -0.0000 -0.1173 -0.9931
vn -0.0000 -0.1172 -0.9931
vn -0.0000 0.7691 -0.6392
vn -0.0000 -0.6117 -0.7911
vn -0.0000 0.8648 -0.5021
vn -0.0000 -0.7726 -0.6349
vn -0.0000 -0.6269 -0.7791
vn -1.0000 -0.0000 -0.0000
vn -0.0000 0.8189 -0.5740
vn 1.0000 -0.0000 -0.0000
vn -0.0000 -0.9406 0.3396
vn -0.0000 -0.9856 0.1692
vn -0.0000 -0.8090 0.5878
vn -0.0000 0.9432 -0.3322
vn -0.0000 0.9857 -0.1684
vn -0.0000 0.8261 -0.5636
vn -0.0000 0.5888 0.8083
vn -0.0000 -0.2010 -0.9796
vn -0.0000 -0.1746 -0.9846
vn -0.0000 0.7292 0.6843
vn -0.0000 -0.9939 0.1106
vn -0.0000 -0.9983 0.0586
vn -0.0000 -0.9884 0.1518
vn -0.0000 0.9939 -0.1103
vn -0.0000 0.9983 -0.0585
vn -0.0000 0.9886 -0.1509
vn -0.0000 0.1678 0.9858
vn -0.0000 -0.0711 -0.9975
vn -0.0000 -0.0611 -0.9981
vn -0.0000 0.1924 0.9813
vn -0.0000 -0.9994 0.0343
vn -0.0000 -0.9999 0.0147
vn -0.0000 0.9994 -0.0342
vn -0.0000 0.9999 -0.0147
vn -0.0000 0.9983 -0.0586
vn -0.0000 0.0581 0.9983
vn -0.0000 -0.0180 -0.9998
vn -0.0000 -0.0137 -0.9999
vn -0.0000 0.0689 0.9976
vn -0.0000 -1.0000 0.0074
vn -0.0000 -0.9997 0.0262
vn -0.0000 -0.9999 0.0148
vn -0.0000 1.0000 -0.0074
vn -0.0000 0.9997 -0.0262
vn -0.0000 0.0124 0.9999
vn -0.0000 -0.0174 -0.9998
vn -0.0000 -0.0251 -0.9997
vn -0.0000 0.0171 0.9999
vn -0.0000 -0.9995 0.0316
vn -0.0000 -1.0000 0.0058
vn -0.0000 0.9995 -0.0316
vn -0.0000 1.0000 -0.0059
vn -0.0000 0.0273 0.9996
vn -0.0000 -0.0090 -1.0000
vn -0.0000 0.0083 -1.0000
vn -0.0000 0.0191 0.9998
vn -0.0000 -0.9942 -0.1080
vn -0.0000 -0.9603 -0.2789
vn -0.0000 0.9943 0.1062
vn -0.0000 0.9610 0.2767
vn -0.0000 1.0000 -0.0060
vn -0.0000 -0.0134 0.9999
vn -0.0000 0.2582 -0.9661
vn -0.0000 0.3350 -0.9422
vn -0.0000 0.0052 1.0000
vn -0.0000 -0.7465 -0.6653
vn -0.0000 -0.3798 -0.9251
vn -0.0000 -0.9487 -0.3163
vn -0.0000 0.7503 0.6611
vn -0.0000 0.3833 0.9236
vn -0.0000 0.9488 0.3160
vn -0.0000 -0.3631 0.9317
vn -0.0000 0.9066 -0.4219
vn -0.0000 0.9530 -0.3031
vn -0.0000 -0.2732 0.9620
vn -0.0000 -0.0353 -0.9994
vn -0.0000 0.1755 -0.9845
vn -0.0000 -0.3205 -0.9472
vn -0.0000 0.0319 0.9995
vn -0.0000 -0.1753 0.9845
vn -0.0000 0.3177 0.9482
vn -0.0000 -0.9613 0.2756
vn -0.0000 0.9887 0.1497
vn -0.0000 0.9784 0.2065
vn -0.0000 -0.9193 0.3936
vn -0.0000 0.3842 -0.9232
vn -0.0000 0.5887 -0.8084
vn -0.0000 -0.3837 0.9234
vn -0.0000 -0.5903 0.8072
vn -0.0000 -0.1740 0.9847
vn -0.0000 -0.9748 -0.2232
vn -0.0000 0.8391 0.5440
vn -0.0000 0.7982 0.6024
vn -0.0000 -0.9867 -0.1624
vn -0.0000 0.7792 -0.6267
vn -0.0000 0.9095 -0.4157
vn -0.0000 0.6079 -0.7941
vn -0.0000 0.6078 -0.7941
vn -0.0000 -0.7785 0.6276
vn -0.0000 -0.9073 0.4206
vn -0.0000 -0.6099 0.7924
vn -0.0000 -0.7851 -0.6194
vn -0.0000 0.4203 0.9074
vn -0.0000 0.3387 0.9409
vn -0.0000 -0.8309 -0.5565
vn -0.0000 0.9955 -0.0945
vn -0.0000 0.9977 0.0677
vn -0.0000 0.9286 -0.3712
vn -0.0000 -0.9959 0.0909
vn -0.0000 -0.9977 -0.0672
vn -0.0000 -0.9279 0.3729
vn -0.0000 -0.3146 -0.9492
vn -0.0000 -0.0586 0.9983
vn -0.0000 -0.0966 0.9953
vn -0.0000 -0.4023 -0.9155
vn -0.0000 0.9865 0.1635
vn -0.0000 0.9754 0.2203
vn -0.0000 0.9961 0.0884
vn -0.0000 -0.9865 -0.1637
vn -0.0000 -0.9754 -0.2203
vn -0.0000 -0.9961 -0.0885
vn -0.0000 0.1032 -0.9947
vn -0.0000 -0.2097 0.9778
vn -0.0000 -0.2240 0.9746
vn -0.0000 0.0678 -0.9977
vn -0.0000 0.9639 0.2663
vn -0.0000 0.9566 0.2915
vn -0.0000 0.9726 0.2324
vn -0.0000 -0.9639 -0.2663
vn -0.0000 -0.9567 -0.2911
vn -0.0000 -0.9726 -0.2326
vn -0.0000 0.2280 -0.9737
vn -0.0000 -0.3030 0.9530
vn -0.0000 -0.3159 0.9488
vn -0.0000 0.2132 -0.9770
vn -0.0000 0.9317 0.3631
vn -0.0000 0.9153 0.4027
vn -0.0000 0.9543 0.2989
vn -0.0000 -0.9317 -0.3631
vn -0.0000 -0.9154 -0.4024
vn -0.0000 -0.9544 -0.2986
vn -0.0000 0.3199 -0.9475
vn -0.0000 -0.4041 0.9147
vn -0.0000 -0.4204 0.9073
vn -0.0000 0.3059 -0.9521
vn -0.0000 0.8769 0.4807
vn -0.0000 0.8293 0.5587
vn -0.0000 -0.8770 -0.4805
vn -0.0000 -0.8295 -0.5586
vn -0.0000 -0.9155 -0.4023
vn -0.0000 0.4253 -0.9051
vn -0.0000 -0.5484 0.8362
vn -0.0000 -0.5762 0.8173
vn -0.0000 0.4077 -0.9131
vn -0.0000 0.4252 -0.9051
vn -0.0000 0.7326 0.6807
vn -0.0000 -0.7342 -0.6789
vn -0.0000 -0.6090 -0.7932
vn -0.0000 -0.8297 -0.5582
vn -0.0000 0.5843 -0.8116
vn -0.0000 -0.8037 0.5950
vn -0.0000 -0.8484 0.5294
vn -0.0000 0.5547 -0.8321
vn -0.0000 0.0823 0.9966
vn -0.0000 -0.7256 0.6881
vn -0.0000 -0.1398 -0.9902
vn -0.0000 0.7389 -0.6738
vn -0.0000 -0.6109 -0.7917
vn -0.0000 0.8606 -0.5092
vn -0.0000 -0.7917 -0.6109
vn -0.0000 -0.6398 -0.7685
vn -0.0000 0.8141 -0.5807
vn -0.0000 -0.7465 -0.6654
vn -0.0000 0.5843 -0.8115
vt 0.822949 0.675911
vt 0.823481 0.677109
vt 0.822949 0.677109
vt 0.823531 0.675911
vt 0.823531 0.675700
vt 0.823481 0.677335
vt 0.822949 0.677335
vt 0.822849 0.675911
vt 0.822849 0.677109
vt 0.822949 0.675911
vt 0.823481 0.677109
vt 0.822949 0.677109
vt 0.823531 0.675911
vt 0.824153 0.677109
vt 0.824153 0.675911
vt 0.823531 0.675700
vt 0.824153 0.675700
vt 0.823481 0.677335
vt 0.822949 0.677335
vt 0.822849 0.675911
vt 0.822849 0.677109
vt 0.822949 0.675911
vt 0.823481 0.677109
vt 0.822949 0.677109
vt 0.823531 0.675911
vt 0.823531 0.675700
vt 0.823481 0.677335
vt 0.822949 0.677335
vt 0.822849 0.675911
vt 0.822849 0.677109
vt 0.822949 0.675911
vt 0.823481 0.677109
vt 0.822949 0.677109
vt 0.823531 0.675911
vt 0.824153 0.677109
vt 0.824153 0.675911
vt 0.823531 0.675700
vt 0.824153 0.675700
vt 0.823481 0.677335
vt 0.822949 0.677335
vt 0.822849 0.675911
vt 0.822849 0.677109
vt 0.822949 0.675911
vt 0.823481 0.677109
vt 0.822949 0.677109
vt 0.823531 0.675911
vt 0.823531 0.675700
vt 0.823481 0.677335
vt 0.822949 0.677335
vt 0.822849 0.675911
vt 0.822849 0.677109
vt 0.822949 0.675911
vt 0.823481 0.677109
vt 0.822949 0.677109
vt 0.823531 0.675911
vt 0.824153 0.677109
vt 0.824153 0.675911
vt 0.823531 0.675700
vt 0.824153 0.675700
vt 0.823481 0.677335
vt 0.822949 0.677335
vt 0.822849 0.675911
vt 0.822849 0.677109
vt 0.822949 0.675911
vt 0.823481 0.677109
vt 0.822949 0.677109
vt 0.823531 0.675911
vt 0.823531 0.675700
vt 0.823481 0.677335
vt 0.822949 0.677335
vt 0.822849 0.675911
vt 0.822849 0.677109
vt 0.822949 0.675911
vt 0.823481 0.677109
vt 0.822949 0.677109
vt 0.823531 0.675911
vt 0.824153 0.677109
vt 0.824153 0.675911
vt 0.823531 0.675700
vt 0.824153 0.675700
vt 0.823481 0.677335
vt 0.822949 0.677335
vt 0.822849 0.675911
vt 0.822849 0.677109
vt 0.822949 0.675911
vt 0.823481 0.677109
vt 0.822949 0.677109
vt 0.823531 0.675911
vt 0.823531 0.675700
vt 0.823481 0.677335
vt 0.822949 0.677335
vt 0.822849 0.675911
vt 0.822849 0.677109
vt 0.822949 0.675911
vt 0.823481 0.677109
vt 0.822949 0.677109
vt 0.823531 0.675911
vt 0.824153 0.677109
vt 0.824153 0.675911
vt 0.823531 0.675700
vt 0.824153 0.675700
vt 0.823481 0.677335
vt 0.822949 0.677335
vt 0.822849 0.675911
vt 0.822849 0.677109
vt 0.822949 0.675911
vt 0.823481 0.677109
vt 0.822949 0.677109
vt 0.823531 0.675911
vt 0.823531 0.675700
vt 0.823481 0.677335
vt 0.822949 0.677335
vt 0.822849 0.675911
vt 0.822849 0.677109
vt 0.822949 0.675911
vt 0.823481 0.677109
vt 0.822949 0.677109
vt 0.823531 0.675911
vt 0.824153 0.677109
vt 0.824153 0.675911
vt 0.823531 0.675700
vt 0.824153 0.675700
vt 0.823481 0.677335
vt 0.822949 0.677335
vt 0.822849 0.675911
vt 0.822849 0.677109
vt 0.822949 0.675911
vt 0.823481 0.677109
vt 0.822949 0.677109
vt 0.823531 0.675911
vt 0.823531 0.675700
vt 0.823481 0.677335
vt 0.822949 0.677335
vt 0.822849 0.675911
vt 0.822849 0.677109
vt 0.822949 0.675911
vt 0.823481 0.677109
vt 0.822949 0.677109
vt 0.823531 0.675911
vt 0.824153 0.677109
vt 0.824153 0.675911
vt 0.823531 0.675700
vt 0.824153 0.675700
vt 0.823481 0.677335
vt 0.822949 0.677335
vt 0.822849 0.675911
vt 0.822849 0.677109
vt 0.822949 0.675911
vt 0.823481 0.677109
vt 0.822949 0.677109
vt 0.823531 0.675911
vt 0.823531 0.675700
vt 0.823481 0.677335
vt 0.822949 0.677335
vt 0.822849 0.675911
vt 0.822849 0.677109
vt 0.822949 0.675911
vt 0.823481 0.677109
vt 0.822949 0.677109
vt 0.823531 0.675911
vt 0.824153 0.677109
vt 0.824153 0.675911
vt 0.823531 0.675700
vt 0.824153 0.675700
vt 0.823481 0.677335
vt 0.822949 0.677335
vt 0.822849 0.675911
vt 0.822849 0.677109
vt 0.822949 0.675911
vt 0.823481 0.677109
vt 0.822949 0.677109
vt 0.823531 0.675911
vt 0.823531 0.675700
vt 0.823481 0.677335
vt 0.822949 0.677335
vt 0.822849 0.675911
vt 0.822849 0.677109
vt 0.822949 0.675911
vt 0.823481 0.677109
vt 0.822949 0.677109
vt 0.823531 0.675911
vt 0.824153 0.677109
vt 0.824153 0.675911
vt 0.823531 0.675700
vt 0.824153 0.675700
vt 0.823481 0.677335
vt 0.822949 0.677335
vt 0.822849 0.675911
vt 0.822849 0.677109
vt 0.822949 0.675911
vt 0.823481 0.677109
vt 0.822949 0.677109
vt 0.823531 0.675911
vt 0.823531 0.675700
vt 0.823481 0.677335
vt 0.822949 0.677335
vt 0.822849 0.675911
vt 0.822849 0.677109
vt 0.822949 0.675911
vt 0.823481 0.677109
vt 0.822949 0.677109
vt 0.823531 0.675911
vt 0.824153 0.677109
vt 0.824153 0.675911
vt 0.823531 0.675700
vt 0.824153 0.675700
vt 0.823481 0.677335
vt 0.822949 0.677335
vt 0.822849 0.675911
vt 0.822849 0.677109
vt 0.822949 0.675911
vt 0.823481 0.677109
vt 0.822949 0.677109
vt 0.823531 0.675911
vt 0.823531 0.675700
vt 0.823481 0.677335
vt 0.822949 0.677335
vt 0.822849 0.675911
vt 0.822849 0.677109
vt 0.822949 0.675911
vt 0.823481 0.677109
vt 0.822949 0.677109
vt 0.823531 0.675911
vt 0.824153 0.677109
vt 0.824153 0.675911
vt 0.823531 0.675700
vt 0.824153 0.675700
vt 0.823481 0.677335
vt 0.822949 0.677335
vt 0.822849 0.675911
vt 0.822849 0.677109
vt 0.822949 0.675911
vt 0.823481 0.677109
vt 0.822949 0.677109
vt 0.823531 0.675911
vt 0.823531 0.675700
vt 0.823481 0.677335
vt 0.822949 0.677335
vt 0.822849 0.675911
vt 0.822849 0.677109
vt 0.822949 0.675911
vt 0.823481 0.677109
vt 0.822949 0.677109
vt 0.823531 0.675911
vt 0.824153 0.677109
vt 0.824153 0.675911
vt 0.823531 0.675700
vt 0.824153 0.675700
vt 0.823481 0.677335
vt 0.822949 0.677335
vt 0.822849 0.675911
vt 0.822849 0.677109
vt 0.822949 0.675911
vt 0.823481 0.677109
vt 0.822949 0.677109
vt 0.823531 0.675911
vt 0.823531 0.675700
vt 0.823481 0.677335
vt 0.822949 0.677335
vt 0.822849 0.675911
vt 0.822849 0.677109
vt 0.822949 0.675911
vt 0.823481 0.677109
vt 0.822949 0.677109
vt 0.823531 0.675911
vt 0.824153 0.677109
vt 0.824153 0.675911
vt 0.823531 0.675700
vt 0.824153 0.675700
vt 0.823481 0.677335
vt 0.822949 0.677335
vt 0.822849 0.675911
vt 0.822849 0.677109
vt 0.822949 0.675911
vt 0.823481 0.677109
vt 0.822949 0.677109
vt 0.823531 0.675911
vt 0.823531 0.675700
vt 0.823481 0.677335
vt 0.822949 0.677335
vt 0.822849 0.675911
vt 0.822849 0.677109
vt 0.822949 0.675911
vt 0.823481 0.677109
vt 0.822949 0.677109
vt 0.823531 0.675911
vt 0.824153 0.677109
vt 0.824153 0.675911
vt 0.823531 0.675700
vt 0.824153 0.675700
vt 0.823481 0.677335
vt 0.822949 0.677335
vt 0.822849 0.675911
vt 0.822849 0.677109
vt 0.822949 0.675911
vt 0.823481 0.677109
vt 0.822949 0.677109
vt 0.823531 0.675911
vt 0.823531 0.675700
vt 0.823481 0.677335
vt 0.822949 0.677335
vt 0.822849 0.675911
vt 0.822849 0.677109
vt 0.822949 0.675911
vt 0.823481 0.677109
vt 0.822949 0.677109
vt 0.823531 0.675911
vt 0.824153 0.677109
vt 0.824153 0.675911
vt 0.823531 0.675700
vt 0.824153 0.675700
vt 0.823481 0.677335
vt 0.822949 0.677335
vt 0.822849 0.675911
vt 0.822849 0.677109
vt 0.822949 0.675911
vt 0.823481 0.677109
vt 0.822949 0.677109
vt 0.823531 0.675911
vt 0.823531 0.675700
vt 0.823481 0.677335
vt 0.822949 0.677335
vt 0.822849 0.675911
vt 0.822849 0.677109
vt 0.822949 0.675911
vt 0.823481 0.677109
vt 0.822949 0.677109
vt 0.823531 0.675911
vt 0.824153 0.677109
vt 0.824153 0.675911
vt 0.823531 0.675700
vt 0.824153 0.675700
vt 0.823481 0.677335
vt 0.822949 0.677335
vt 0.822849 0.675911
vt 0.822849 0.677109
vt 0.822949 0.675911
vt 0.823481 0.677109
vt 0.822949 0.677109
vt 0.823531 0.675911
vt 0.823531 0.675700
vt 0.823481 0.677335
vt 0.822949 0.677335
vt 0.822849 0.675911
vt 0.822849 0.677109
vt 0.822949 0.675911
vt 0.823481 0.677109
vt 0.822949 0.677109
vt 0.823531 0.675911
vt 0.824153 0.677109
vt 0.824153 0.675911
vt 0.823531 0.675700
vt 0.824153 0.675700
vt 0.823481 0.677335
vt 0.822949 0.677335
vt 0.822849 0.675911
vt 0.822849 0.677109
vt 0.822949 0.675911
vt 0.823481 0.677109
vt 0.822949 0.677109
vt 0.823531 0.675911
vt 0.823531 0.675700
vt 0.823481 0.677335
vt 0.822949 0.677335
vt 0.822849 0.675911
vt 0.822849 0.677109
vt 0.822949 0.675911
vt 0.823481 0.677109
vt 0.822949 0.677109
vt 0.823531 0.675911
vt 0.824153 0.677109
vt 0.824153 0.675911
vt 0.823531 0.675700
vt 0.824153 0.675700
vt 0.823481 0.677335
vt 0.822949 0.677335
vt 0.822849 0.675911
vt 0.822849 0.677109
vt 0.822949 0.675911
vt 0.823481 0.677109
vt 0.822949 0.677109
vt 0.823531 0.675911
vt 0.823531 0.675700
vt 0.823481 0.677335
vt 0.822949 0.677335
vt 0.822849 0.675911
vt 0.822849 0.677109
vt 0.822949 0.675911
vt 0.823481 0.677109
vt 0.822949 0.677109
vt 0.823531 0.675911
vt 0.824153 0.677109
vt 0.824153 0.675911
vt 0.823531 0.675700
vt 0.824153 0.675700
vt 0.823481 0.677335
vt 0.822949 0.677335
vt 0.822849 0.675911
vt 0.822849 0.677109
vt 0.822949 0.675911
vt 0.823481 0.677109
vt 0.822949 0.677109
vt 0.823531 0.675911
vt 0.823531 0.675700
vt 0.823481 0.677335
vt 0.822949 0.677335
vt 0.822849 0.675911
vt 0.822849 0.677109
vt 0.822949 0.675911
vt 0.823481 0.677109
vt 0.822949 0.677109
vt 0.823531 0.675911
vt 0.824153 0.677109
vt 0.824153 0.675911
vt 0.823531 0.675700
vt 0.824153 0.675700
vt 0.823481 0.677335
vt 0.822949 0.677335
vt 0.822849 0.675911
vt 0.822849 0.677109
vt 0.822949 0.675911
vt 0.823481 0.677109
vt 0.822949 0.677109
vt 0.823531 0.675911
vt 0.823531 0.675700
vt 0.823481 0.677335
vt 0.822949 0.677335
vt 0.822849 0.675911
vt 0.822849 0.677109
vt 0.822949 0.675911
vt 0.823481 0.677109
vt 0.822949 0.677109
vt 0.823531 0.675911
vt 0.824153 0.677109
vt 0.824153 0.675911
vt 0.823531 0.675700
vt 0.824153 0.675700
vt 0.823481 0.677335
vt 0.822949 0.677335
vt 0.822849 0.675911
vt 0.822849 0.677109
vt 0.822949 0.675911
vt 0.823481 0.677109
vt 0.822949 0.677109
vt 0.823531 0.675911
vt 0.823531 0.675700
vt 0.823481 0.677335
vt 0.822949 0.677335
vt 0.822849 0.675911
vt 0.822849 0.677109
vt 0.822949 0.675911
vt 0.823481 0.677109
vt 0.822949 0.677109
vt 0.823531 0.675911
vt 0.824153 0.677109
vt 0.824153 0.675911
vt 0.823531 0.675700
vt 0.824153 0.675700
vt 0.823481 0.677335
vt 0.822949 0.677335
vt 0.822849 0.675911
vt 0.822849 0.677109
vt 0.822949 0.675911
vt 0.823481 0.677109
vt 0.822949 0.677109
vt 0.823531 0.675911
vt 0.823531 0.675700
vt 0.823481 0.677335
vt 0.822949 0.677335
vt 0.822849 0.675911
vt 0.822849 0.677109
vt 0.822949 0.675911
vt 0.823481 0.677109
vt 0.822949 0.677109
vt 0.823531 0.675911
vt 0.824153 0.677109
vt 0.824153 0.675911
vt 0.823531 0.675700
vt 0.824153 0.675700
vt 0.823481 0.677335
vt 0.822949 0.677335
vt 0.822849 0.675911
vt 0.822849 0.677109
vt 0.822949 0.675911
vt 0.823481 0.677109
vt 0.822949 0.677109
vt 0.823531 0.675911
vt 0.823531 0.675700
vt 0.823481 0.677335
vt 0.822949 0.677335
vt 0.822849 0.675911
vt 0.822849 0.677109
vt 0.822949 0.675911
vt 0.823481 0.677109
vt 0.822949 0.677109
vt 0.823531 0.675911
vt 0.824153 0.677109
vt 0.824153 0.675911
vt 0.823531 0.675700
vt 0.824153 0.675700
vt 0.823481 0.677335
vt 0.822949 0.677335
vt 0.822849 0.675911
vt 0.822849 0.677109
vt 0.822949 0.675911
vt 0.823481 0.677109
vt 0.822949 0.677109
vt 0.823531 0.675911
vt 0.823531 0.675700
vt 0.823481 0.677335
vt 0.822949 0.677335
vt 0.822849 0.675911
vt 0.822849 0.677109
vt 0.822949 0.675911
vt 0.823481 0.677109
vt 0.822949 0.677109
vt 0.823531 0.675911
vt 0.824153 0.677109
vt 0.824153 0.675911
vt 0.823531 0.675700
vt 0.824153 0.675700
vt 0.823481 0.677335
vt 0.822949 0.677335
vt 0.822849 0.675911
vt 0.822849 0.677109
vt 0.822949 0.675911
vt 0.823481 0.677109
vt 0.822949 0.677109
vt 0.823531 0.675911
vt 0.823531 0.675700
vt 0.823481 0.677335
vt 0.822949 0.677335
vt 0.822849 0.675911
vt 0.822849 0.677109
vt 0.822949 0.675911
vt 0.823481 0.677109
vt 0.822949 0.677109
vt 0.823531 0.675911
vt 0.824153 0.677109
vt 0.824153 0.675911
vt 0.823531 0.675700
vt 0.824153 0.675700
vt 0.823481 0.677335
vt 0.822949 0.677335
vt 0.822849 0.675911
vt 0.822849 0.677109
vt 0.822949 0.675911
vt 0.823481 0.677109
vt 0.822949 0.677109
vt 0.823531 0.675911
vt 0.823531 0.675700
vt 0.823481 0.677335
vt 0.822949 0.677335
vt 0.822849 0.675911
vt 0.822849 0.677109
vt 0.822949 0.675911
vt 0.823481 0.677109
vt 0.822949 0.677109
vt 0.823531 0.675911
vt 0.824153 0.677109
vt 0.824153 0.675911
vt 0.823531 0.675700
vt 0.824153 0.675700
vt 0.823481 0.677335
vt 0.822949 0.677335
vt 0.822849 0.675911
vt 0.822849 0.677109
vt 0.822949 0.675911
vt 0.823481 0.677109
vt 0.822949 0.677109
vt 0.823531 0.675911
vt 0.823531 0.675700
vt 0.823481 0.677335
vt 0.822949 0.677335
vt 0.822849 0.675911
vt 0.822849 0.677109
vt 0.822949 0.675911
vt 0.823481 0.677109
vt 0.822949 0.677109
vt 0.823531 0.675911
vt 0.824153 0.677109
vt 0.824153 0.675911
vt 0.823531 0.675700
vt 0.824153 0.675700
vt 0.823481 0.677335
vt 0.822949 0.677335
vt 0.822849 0.675911
vt 0.822849 0.677109
vt 0.822949 0.675911
vt 0.823481 0.677109
vt 0.822949 0.677109
vt 0.823531 0.675911
vt 0.823531 0.675700
vt 0.823481 0.677335
vt 0.822949 0.677335
vt 0.822849 0.675911
vt 0.822849 0.677109
vt 0.822949 0.675911
vt 0.823481 0.677109
vt 0.822949 0.677109
vt 0.823531 0.675911
vt 0.824153 0.677109
vt 0.824153 0.675911
vt 0.823531 0.675700
vt 0.824153 0.675700
vt 0.823481 0.677335
vt 0.822949 0.677335
vt 0.822849 0.675911
vt 0.822849 0.677109
vt 0.822949 0.675911
vt 0.823481 0.677109
vt 0.822949 0.677109
vt 0.823531 0.675911
vt 0.823531 0.675700
vt 0.823481 0.677335
vt 0.822949 0.677335
vt 0.822849 0.675911
vt 0.822849 0.677109
vt 0.822949 0.675911
vt 0.823481 0.677109
vt 0.822949 0.677109
vt 0.823531 0.675911
vt 0.824153 0.677109
vt 0.824153 0.675911
vt 0.823531 0.675700
vt 0.824153 0.675700
vt 0.823481 0.677335
vt 0.822949 0.677335
vt 0.822849 0.675911
vt 0.822849 0.677109
vt 0.822949 0.675911
vt 0.823481 0.677109
vt 0.822949 0.677109
vt 0.823531 0.675911
vt 0.823531 0.675700
vt 0.823481 0.677335
vt 0.822949 0.677335
vt 0.822849 0.675911
vt 0.822849 0.677109
vt 0.822949 0.675911
vt 0.823481 0.677109
vt 0.822949 0.677109
vt 0.823531 0.675911
vt 0.824153 0.677109
vt 0.824153 0.675911
vt 0.823531 0.675700
vt 0.824153 0.675700
vt 0.823481 0.677335
vt 0.822949 0.677335
vt 0.822849 0.675911
vt 0.822849 0.677109
vt 0.822949 0.675911
vt 0.823481 0.677109
vt 0.822949 0.677109
vt 0.823531 0.675911
vt 0.823531 0.675700
vt 0.823481 0.677335
vt 0.822949 0.677335
vt 0.822849 0.675911
vt 0.822849 0.677109
vt 0.822949 0.675911
vt 0.823481 0.677109
vt 0.822949 0.677109
vt 0.823531 0.675911
vt 0.824153 0.677109
vt 0.824153 0.675911
vt 0.823531 0.675700
vt 0.824153 0.675700
vt 0.823481 0.677335
vt 0.822949 0.677335
vt 0.822849 0.675911
vt 0.822849 0.677109
vt 0.822949 0.675911
vt 0.823481 0.677109
vt 0.822949 0.677109
vt 0.823531 0.675911
vt 0.823531 0.675700
vt 0.823481 0.677335
vt 0.822949 0.677335
vt 0.822849 0.675911
vt 0.822849 0.677109
vt 0.822949 0.675911
vt 0.823481 0.677109
vt 0.822949 0.677109
vt 0.823531 0.675911
vt 0.824153 0.677109
vt 0.824153 0.675911
vt 0.823531 0.675700
vt 0.824153 0.675700
vt 0.823481 0.677335
vt 0.822949 0.677335
vt 0.822849 0.675911
vt 0.822849 0.677109
vt 0.822949 0.675911
vt 0.823481 0.677109
vt 0.822949 0.677109
vt 0.823531 0.675911
vt 0.823531 0.675700
vt 0.823481 0.677335
vt 0.822949 0.677335
vt 0.822849 0.675911
vt 0.822849 0.677109
vt 0.822949 0.675911
vt 0.823481 0.677109
vt 0.822949 0.677109
vt 0.823531 0.675911
vt 0.824153 0.677109
vt 0.824153 0.675911
vt 0.823531 0.675700
vt 0.824153 0.675700
vt 0.823481 0.677335
vt 0.822949 0.677335
vt 0.822849 0.675911
vt 0.822849 0.677109
vt 0.822949 0.675911
vt 0.823481 0.677109
vt 0.822949 0.677109
vt 0.823531 0.675911
vt 0.823531 0.675700
vt 0.823481 0.677335
vt 0.822949 0.677335
vt 0.822849 0.675911
vt 0.822849 0.677109
vt 0.822949 0.675911
vt 0.823481 0.677109
vt 0.822949 0.677109
vt 0.823531 0.675911
vt 0.824153 0.677109
vt 0.824153 0.675911
vt 0.823531 0.675700
vt 0.824153 0.675700
vt 0.823481 0.677335
vt 0.822949 0.677335
vt 0.822849 0.675911
vt 0.822849 0.677109
vt 0.822949 0.675911
vt 0.823481 0.677109
vt 0.822949 0.677109
vt 0.823531 0.675911
vt 0.823531 0.675700
vt 0.823481 0.677335
vt 0.822949 0.677335
vt 0.822849 0.675911
vt 0.822849 0.677109
vt 0.822949 0.675911
vt 0.823481 0.677109
vt 0.822949 0.677109
vt 0.823531 0.675911
vt 0.824153 0.677109
vt 0.824153 0.675911
vt 0.823531 0.675700
vt 0.824153 0.675700
vt 0.823481 0.677335
vt 0.822949 0.677335
vt 0.822849 0.675911
vt 0.822849 0.677109
vt 0.822949 0.675911
vt 0.823481 0.677109
vt 0.822949 0.677109
vt 0.823531 0.675911
vt 0.823531 0.675700
vt 0.823481 0.677335
vt 0.822949 0.677335
vt 0.822849 0.675911
vt 0.822849 0.677109
vt 0.822949 0.675911
vt 0.823481 0.677109
vt 0.822949 0.677109
vt 0.823531 0.675911
vt 0.824153 0.677109
vt 0.824153 0.675911
vt 0.823531 0.675700
vt 0.824153 0.675700
vt 0.823481 0.677335
vt 0.822949 0.677335
vt 0.822849 0.675911
vt 0.822849 0.677109
vt 0.822949 0.675911
vt 0.823481 0.677109
vt 0.822949 0.677109
vt 0.823531 0.675911
vt 0.823531 0.675700
vt 0.823481 0.677335
vt 0.822949 0.677335
vt 0.822849 0.675911
vt 0.822849 0.677109
vt 0.822949 0.675911
vt 0.823481 0.677109
vt 0.822949 0.677109
vt 0.823531 0.675911
vt 0.824153 0.677109
vt 0.824153 0.675911
vt 0.823531 0.675700
vt 0.824153 0.675700
vt 0.823481 0.677335
vt 0.822949 0.677335
vt 0.822849 0.675911
vt 0.822849 0.677109
vt 0.822949 0.675911
vt 0.823481 0.677109
vt 0.822949 0.677109
vt 0.823531 0.675911
vt 0.823531 0.675700
vt 0.823481 0.677335
vt 0.822949 0.677335
vt 0.822849 0.675911
vt 0.822849 0.677109
vt 0.822949 0.675911
vt 0.823481 0.677109
vt 0.822949 0.677109
vt 0.823531 0.675911
vt 0.824153 0.677109
vt 0.824153 0.675911
vt 0.823531 0.675700
vt 0.824153 0.675700
vt 0.823481 0.677335
vt 0.822949 0.677335
vt 0.822849 0.675911
vt 0.822849 0.677109
vt 0.822949 0.675911
vt 0.823481 0.677109
vt 0.822949 0.677109
vt 0.823531 0.675911
vt 0.823531 0.675700
vt 0.823481 0.677335
vt 0.822949 0.677335
vt 0.822849 0.675911
vt 0.822849 0.677109
vt 0.822949 0.675911
vt 0.823481 0.677109
vt 0.822949 0.677109
vt 0.823531 0.675911
vt 0.824153 0.677109
vt 0.824153 0.675911
vt 0.823531 0.675700
vt 0.824153 0.675700
vt 0.823481 0.677335
vt 0.822949 0.677335
vt 0.822849 0.675911
vt 0.822849 0.677109
vt 0.822949 0.675911
vt 0.823481 0.677109
vt 0.822949 0.677109
vt 0.823531 0.675911
vt 0.823531 0.675700
vt 0.823481 0.677335
vt 0.822949 0.677335
vt 0.822849 0.675911
vt 0.822849 0.677109
vt 0.822949 0.675911
vt 0.823481 0.677109
vt 0.822949 0.677109
vt 0.823531 0.675911
vt 0.824153 0.677109
vt 0.824153 0.675911
vt 0.823531 0.675700
vt 0.824153 0.675700
vt 0.823481 0.677335
vt 0.822949 0.677335
vt 0.822849 0.675911
vt 0.822849 0.677109
vt 0.822949 0.675911
vt 0.823481 0.677109
vt 0.822949 0.677109
vt 0.823531 0.675911
vt 0.823531 0.675700
vt 0.823481 0.677335
vt 0.822949 0.677335
vt 0.822849 0.675911
vt 0.822849 0.677109
vt 0.822949 0.675911
vt 0.823481 0.677109
vt 0.822949 0.677109
vt 0.823531 0.675911
vt 0.824153 0.677109
vt 0.824153 0.675911
vt 0.823531 0.675700
vt 0.824153 0.675700
vt 0.823481 0.677335
vt 0.822949 0.677335
vt 0.822849 0.675911
vt 0.822849 0.677109
vt 0.822949 0.675911
vt 0.823481 0.677109
vt 0.822949 0.677109
vt 0.823531 0.675911
vt 0.823531 0.675700
vt 0.823481 0.677335
vt 0.822949 0.677335
vt 0.822849 0.675911
vt 0.822849 0.677109
vt 0.822949 0.675911
vt 0.823481 0.677109
vt 0.822949 0.677109
vt 0.823531 0.675911
vt 0.824153 0.677109
vt 0.824153 0.675911
vt 0.823531 0.675700
vt 0.824153 0.675700
vt 0.823481 0.677335
vt 0.822949 0.677335
vt 0.822849 0.675911
vt 0.822849 0.677109
vt 0.822949 0.675911
vt 0.823481 0.677109
vt 0.822949 0.677109
vt 0.823531 0.675911
vt 0.823531 0.675700
vt 0.823481 0.677335
vt 0.822949 0.677335
vt 0.822849 0.675911
vt 0.822849 0.677109
vt 0.822949 0.675911
vt 0.823481 0.677109
vt 0.822949 0.677109
vt 0.823531 0.675911
vt 0.824153 0.677109
vt 0.824153 0.675911
vt 0.823531 0.675700
vt 0.824153 0.675700
vt 0.823481 0.677335
vt 0.822949 0.677335
vt 0.822849 0.675911
vt 0.822849 0.677109
vt 0.822949 0.675911
vt 0.823481 0.677109
vt 0.822949 0.677109
vt 0.823531 0.675911
vt 0.823531 0.675700
vt 0.823481 0.677335
vt 0.822949 0.677335
vt 0.822849 0.675911
vt 0.822849 0.677109
vt 0.822949 0.675911
vt 0.823481 0.677109
vt 0.822949 0.677109
vt 0.823531 0.675911
vt 0.824153 0.677109
vt 0.824153 0.675911
vt 0.823531 0.675700
vt 0.824153 0.675700
vt 0.823481 0.677335
vt 0.822949 0.677335
vt 0.822849 0.675911
vt 0.822849 0.677109
vt 0.822949 0.675911
vt 0.823481 0.677109
vt 0.822949 0.677109
vt 0.823531 0.675911
vt 0.823531 0.675700
vt 0.823481 0.677335
vt 0.822949 0.677335
vt 0.822849 0.675911
vt 0.822849 0.677109
vt 0.822949 0.675911
vt 0.823481 0.677109
vt 0.822949 0.677109
vt 0.823531 0.675911
vt 0.824153 0.677109
vt 0.824153 0.675911
vt 0.823531 0.675700
vt 0.824153 0.675700
vt 0.823481 0.677335
vt 0.822949 0.677335
vt 0.822849 0.675911
vt 0.822849 0.677109
vt 0.822949 0.675911
vt 0.823481 0.677109
vt 0.822949 0.677109
vt 0.823531 0.675911
vt 0.823531 0.675700
vt 0.823481 0.677335
vt 0.822949 0.677335
vt 0.822849 0.675911
vt 0.822849 0.677109
vt 0.822949 0.675911
vt 0.823481 0.677109
vt 0.822949 0.677109
vt 0.823531 0.675911
vt 0.824153 0.677109
vt 0.824153 0.675911
vt 0.823531 0.675700
vt 0.824153 0.675700
vt 0.823481 0.677335
vt 0.822949 0.677335
vt 0.822849 0.675911
vt 0.822849 0.677109
vt 0.822949 0.675911
vt 0.823481 0.677109
vt 0.822949 0.677109
vt 0.823531 0.675911
vt 0.823531 0.675700
vt 0.823481 0.677335
vt 0.822949 0.677335
vt 0.822849 0.675911
vt 0.822849 0.677109
vt 0.822949 0.675911
vt 0.823481 0.677109
vt 0.822949 0.677109
vt 0.823531 0.675911
vt 0.824153 0.677109
vt 0.824153 0.675911
vt 0.823531 0.675700
vt 0.824153 0.675700
vt 0.823481 0.677335
vt 0.822949 0.677335
vt 0.822849 0.675911
vt 0.822849 0.677109
vt 0.822949 0.675911
vt 0.823481 0.677109
vt 0.822949 0.677109
vt 0.823531 0.675911
vt 0.823531 0.675700
vt 0.823481 0.677335
vt 0.822949 0.677335
vt 0.822849 0.675911
vt 0.822849 0.677109
vt 0.822949 0.675911
vt 0.823481 0.677109
vt 0.822949 0.677109
vt 0.823531 0.675911
vt 0.824153 0.677109
vt 0.824153 0.675911
vt 0.823531 0.675700
vt 0.824153 0.675700
vt 0.823481 0.677335
vt 0.822949 0.677335
vt 0.822849 0.675911
vt 0.822849 0.677109
vt 0.822949 0.675911
vt 0.823481 0.677109
vt 0.822949 0.677109
vt 0.823531 0.675911
vt 0.823531 0.675700
vt 0.823481 0.677335
vt 0.822949 0.677335
vt 0.822849 0.675911
vt 0.822849 0.677109
vt 0.822949 0.675911
vt 0.823481 0.677109
vt 0.822949 0.677109
vt 0.823531 0.675911
vt 0.824153 0.677109
vt 0.824153 0.675911
vt 0.823531 0.675700
vt 0.824153 0.675700
vt 0.823481 0.677335
vt 0.822949 0.677335
vt 0.822849 0.675911
vt 0.822849 0.677109
vt 0.822949 0.675911
vt 0.823481 0.677109
vt 0.822949 0.677109
vt 0.823531 0.675911
vt 0.823531 0.675700
vt 0.823481 0.677335
vt 0.822949 0.677335
vt 0.822849 0.675911
vt 0.822849 0.677109
vt 0.822949 0.675911
vt 0.823481 0.677109
vt 0.822949 0.677109
vt 0.823531 0.675911
vt 0.824153 0.677109
vt 0.824153 0.675911
vt 0.823531 0.675700
vt 0.824153 0.675700
vt 0.823481 0.677335
vt 0.822949 0.677335
vt 0.822849 0.675911
vt 0.822849 0.677109
vt 0.822949 0.675911
vt 0.823481 0.677109
vt 0.822949 0.677109
vt 0.823531 0.675911
vt 0.823531 0.675700
vt 0.823481 0.677335
vt 0.822949 0.677335
vt 0.822849 0.675911
vt 0.822849 0.677109
vt 0.822949 0.675911
vt 0.823481 0.677109
vt 0.822949 0.677109
vt 0.823531 0.675911
vt 0.824153 0.677109
vt 0.824153 0.675911
vt 0.823531 0.675700
vt 0.824153 0.675700
vt 0.823481 0.677335
vt 0.822949 0.677335
vt 0.822849 0.675911
vt 0.822849 0.677109
vt 0.822949 0.675911
vt 0.823481 0.677109
vt 0.822949 0.677109
vt 0.823531 0.675911
vt 0.823531 0.675700
vt 0.823481 0.677335
vt 0.822949 0.677335
vt 0.822849 0.675911
vt 0.822849 0.677109
vt 0.822949 0.675911
vt 0.823481 0.677109
vt 0.822949 0.677109
vt 0.823531 0.675911
vt 0.824153 0.677109
vt 0.824153 0.675911
vt 0.823531 0.675700
vt 0.824153 0.675700
vt 0.823481 0.677335
vt 0.822949 0.677335
vt 0.822849 0.675911
vt 0.822849 0.677109
vt 0.822949 0.675911
vt 0.823481 0.677109
vt 0.822949 0.677109
vt 0.823531 0.675911
vt 0.823531 0.675700
vt 0.823481 0.677335
vt 0.822949 0.677335
vt 0.822849 0.675911
vt 0.822849 0.677109
vt 0.822949 0.675911
vt 0.823481 0.677109
vt 0.822949 0.677109
vt 0.823531 0.675911
vt 0.824153 0.677109
vt 0.824153 0.675911
vt 0.823531 0.675700
vt 0.824153 0.675700
vt 0.823481 0.677335
vt 0.822949 0.677335
vt 0.822849 0.675911
vt 0.822849 0.677109
vt 0.822949 0.675911
vt 0.823481 0.677109
vt 0.822949 0.677109
vt 0.823531 0.675911
vt 0.823531 0.675700
vt 0.823481 0.677335
vt 0.822949 0.677335
vt 0.822849 0.675911
vt 0.822849 0.677109
vt 0.822949 0.675911
vt 0.823481 0.677109
vt 0.822949 0.677109
vt 0.823531 0.675911
vt 0.824153 0.677109
vt 0.824153 0.675911
vt 0.823531 0.675700
vt 0.824153 0.675700
vt 0.823481 0.677335
vt 0.822949 0.677335
vt 0.822849 0.675911
vt 0.822849 0.677109
vt 0.822949 0.675911
vt 0.823481 0.677109
vt 0.822949 0.677109
vt 0.823531 0.675911
vt 0.823531 0.675700
vt 0.823481 0.677335
vt 0.822949 0.677335
vt 0.822849 0.675911
vt 0.822849 0.677109
vt 0.822949 0.675911
vt 0.823481 0.677109
vt 0.822949 0.677109
vt 0.823531 0.675911
vt 0.824153 0.677109
vt 0.824153 0.675911
vt 0.823531 0.675700
vt 0.824153 0.675700
vt 0.823481 0.677335
vt 0.822949 0.677335
vt 0.822849 0.675911
vt 0.822849 0.677109
vt 0.822949 0.675911
vt 0.823481 0.677109
vt 0.822949 0.677109
vt 0.823531 0.675911
vt 0.823531 0.675700
vt 0.823481 0.677335
vt 0.822949 0.677335
vt 0.822849 0.675911
vt 0.822849 0.677109
vt 0.822949 0.675911
vt 0.823481 0.677109
vt 0.822949 0.677109
vt 0.823531 0.675911
vt 0.824153 0.677109
vt 0.824153 0.675911
vt 0.823531 0.675700
vt 0.824153 0.675700
vt 0.823481 0.677335
vt 0.822949 0.677335
vt 0.822849 0.675911
vt 0.822849 0.677109
vt 0.822949 0.675911
vt 0.823481 0.677109
vt 0.822949 0.677109
vt 0.823531 0.675911
vt 0.823531 0.675700
vt 0.823481 0.677335
vt 0.822949 0.677335
vt 0.822849 0.675911
vt 0.822849 0.677109
vt 0.822949 0.675911
vt 0.823481 0.677109
vt 0.822949 0.677109
vt 0.823531 0.675911
vt 0.824153 0.677109
vt 0.824153 0.675911
vt 0.823531 0.675700
vt 0.824153 0.675700
vt 0.823481 0.677335
vt 0.822949 0.677335
vt 0.822849 0.675911
vt 0.822849 0.677109
vt 0.822949 0.675911
vt 0.823481 0.677109
vt 0.822949 0.677109
vt 0.823531 0.675911
vt 0.823531 0.675700
vt 0.823481 0.677335
vt 0.822949 0.677335
vt 0.822849 0.675911
vt 0.822849 0.677109
vt 0.822949 0.675911
vt 0.823481 0.677109
vt 0.822949 0.677109
vt 0.823531 0.675911
vt 0.824153 0.677109
vt 0.824153 0.675911
vt 0.823531 0.675700
vt 0.824153 0.675700
vt 0.823481 0.677335
vt 0.822949 0.677335
vt 0.822849 0.675911
vt 0.822849 0.677109
vt 0.822949 0.675911
vt 0.823481 0.677109
vt 0.822949 0.677109
vt 0.823531 0.675911
vt 0.823531 0.675700
vt 0.823481 0.677335
vt 0.822949 0.677335
vt 0.822849 0.675911
vt 0.822849 0.677109
vt 0.822949 0.675911
vt 0.823481 0.677109
vt 0.822949 0.677109
vt 0.823531 0.675911
vt 0.824153 0.677109
vt 0.824153 0.675911
vt 0.823531 0.675700
vt 0.824153 0.675700
vt 0.823481 0.677335
vt 0.822949 0.677335
vt 0.822849 0.675911
vt 0.822849 0.677109
vt 0.822949 0.675911
vt 0.823481 0.677109
vt 0.822949 0.677109
vt 0.823531 0.675911
vt 0.823531 0.675700
vt 0.823481 0.677335
vt 0.822949 0.677335
vt 0.822849 0.675911
vt 0.822849 0.677109
vt 0.822949 0.675911
vt 0.823481 0.677109
vt 0.822949 0.677109
vt 0.823531 0.675911
vt 0.824153 0.677109
vt 0.824153 0.675911
vt 0.823531 0.675700
vt 0.824153 0.675700
vt 0.823481 0.677335
vt 0.822949 0.677335
vt 0.822849 0.675911
vt 0.822849 0.677109
vt 0.822949 0.675911
vt 0.823481 0.677109
vt 0.822949 0.677109
vt 0.823531 0.675911
vt 0.823531 0.675700
vt 0.823481 0.677335
vt 0.822949 0.677335
vt 0.822849 0.675911
vt 0.822849 0.677109
vt 0.822949 0.675911
vt 0.823481 0.677109
vt 0.822949 0.677109
vt 0.823531 0.675911
vt 0.824153 0.677109
vt 0.824153 0.675911
vt 0.823531 0.675700
vt 0.824153 0.675700
vt 0.823481 0.677335
vt 0.822949 0.677335
vt 0.822849 0.675911
vt 0.822849 0.677109
vt 0.822949 0.675911
vt 0.823481 0.677109
vt 0.822949 0.677109
vt 0.823531 0.675911
vt 0.823531 0.675700
vt 0.823481 0.677335
vt 0.822949 0.677335
vt 0.822849 0.675911
vt 0.822849 0.677109
vt 0.822949 0.675911
vt 0.823481 0.677109
vt 0.822949 0.677109
vt 0.823531 0.675911
vt 0.824153 0.677109
vt 0.824153 0.675911
vt 0.823531 0.675700
vt 0.824153 0.675700
vt 0.823481 0.677335
vt 0.822949 0.677335
vt 0.822849 0.675911
vt 0.822849 0.677109
vt 0.822949 0.675911
vt 0.823481 0.677109
vt 0.822949 0.677109
vt 0.823531 0.675911
vt 0.823531 0.675700
vt 0.823481 0.677335
vt 0.822949 0.677335
vt 0.822849 0.675911
vt 0.822849 0.677109
vt 0.822949 0.675911
vt 0.823481 0.677109
vt 0.822949 0.677109
vt 0.823531 0.675911
vt 0.824153 0.677109
vt 0.824153 0.675911
vt 0.823531 0.675700
vt 0.824153 0.675700
vt 0.823481 0.677335
vt 0.822949 0.677335
vt 0.822849 0.675911
vt 0.822849 0.677109
vt 0.822949 0.675911
vt 0.823481 0.677109
vt 0.822949 0.677109
vt 0.823531 0.675911
vt 0.823531 0.675700
vt 0.823481 0.677335
vt 0.822949 0.677335
vt 0.822849 0.675911
vt 0.822849 0.677109
vt 0.822949 0.675911
vt 0.823481 0.677109
vt 0.822949 0.677109
vt 0.823531 0.675911
vt 0.824153 0.677109
vt 0.824153 0.675911
vt 0.823531 0.675700
vt 0.824153 0.675700
vt 0.823481 0.677335
vt 0.822949 0.677335
vt 0.822849 0.675911
vt 0.822849 0.677109
vt 0.822949 0.675911
vt 0.823481 0.677109
vt 0.822949 0.677109
vt 0.823531 0.675911
vt 0.823531 0.675700
vt 0.823481 0.677335
vt 0.822949 0.677335
vt 0.822849 0.675911
vt 0.822849 0.677109
vt 0.822949 0.675911
vt 0.823481 0.677109
vt 0.822949 0.677109
vt 0.823531 0.675911
vt 0.824153 0.677109
vt 0.824153 0.675911
vt 0.823531 0.675700
vt 0.824153 0.675700
vt 0.823481 0.677335
vt 0.822949 0.677335
vt 0.822849 0.675911
vt 0.822849 0.677109
vt 0.822949 0.675911
vt 0.823481 0.677109
vt 0.822949 0.677109
vt 0.823531 0.675911
vt 0.823531 0.675700
vt 0.823481 0.677335
vt 0.822949 0.677335
vt 0.822849 0.675911
vt 0.822849 0.677109
vt 0.822949 0.675911
vt 0.823481 0.677109
vt 0.822949 0.677109
vt 0.823531 0.675911
vt 0.824153 0.677109
vt 0.824153 0.675911
vt 0.823531 0.675700
vt 0.824153 0.675700
vt 0.823481 0.677335
vt 0.822949 0.677335
vt 0.822849 0.675911
vt 0.822849 0.677109
vt 0.822949 0.675911
vt 0.823481 0.677109
vt 0.822949 0.677109
vt 0.823531 0.675911
vt 0.823531 0.675700
vt 0.823481 0.677335
vt 0.822949 0.677335
vt 0.822849 0.675911
vt 0.822849 0.677109
vt 0.822949 0.675911
vt 0.823481 0.677109
vt 0.822949 0.677109
vt 0.823531 0.675911
vt 0.824153 0.677109
vt 0.824153 0.675911
vt 0.823531 0.675700
vt 0.824153 0.675700
vt 0.823481 0.677335
vt 0.822949 0.677335
vt 0.822849 0.675911
vt 0.822849 0.677109
vt 0.822949 0.675911
vt 0.823481 0.677109
vt 0.822949 0.677109
vt 0.823531 0.675911
vt 0.823531 0.675700
vt 0.823481 0.677335
vt 0.822949 0.677335
vt 0.822849 0.675911
vt 0.822849 0.677109
vt 0.822949 0.675911
vt 0.823481 0.677109
vt 0.822949 0.677109
vt 0.823531 0.675911
vt 0.824153 0.677109
vt 0.824153 0.675911
vt 0.823531 0.675700
vt 0.824153 0.675700
vt 0.823481 0.677335
vt 0.822949 0.677335
vt 0.822849 0.675911
vt 0.822849 0.677109
vt 0.822949 0.675911
vt 0.823481 0.677109
vt 0.822949 0.677109
vt 0.823531 0.675911
vt 0.823531 0.675700
vt 0.823481 0.677335
vt 0.822949 0.677335
vt 0.822849 0.675911
vt 0.822849 0.677109
vt 0.822949 0.675911
vt 0.823481 0.677109
vt 0.822949 0.677109
vt 0.823531 0.675911
vt 0.824153 0.677109
vt 0.824153 0.675911
vt 0.823531 0.675700
vt 0.824153 0.675700
vt 0.823481 0.677335
vt 0.822949 0.677335
vt 0.822849 0.675911
vt 0.822849 0.677109
vt 0.822949 0.675911
vt 0.823481 0.677109
vt 0.822949 0.677109
vt 0.823531 0.675911
vt 0.823531 0.675700
vt 0.823481 0.677335
vt 0.822949 0.677335
vt 0.822849 0.675911
vt 0.822849 0.677109
vt 0.822949 0.675911
vt 0.823481 0.677109
vt 0.822949 0.677109
vt 0.823531 0.675911
vt 0.824153 0.677109
vt 0.824153 0.675911
vt 0.823531 0.675700
vt 0.824153 0.675700
vt 0.823481 0.677335
vt 0.822949 0.677335
vt 0.822849 0.675911
vt 0.822849 0.677109
vt 0.822949 0.675911
vt 0.823481 0.677109
vt 0.822949 0.677109
vt 0.823531 0.675911
vt 0.823531 0.675700
vt 0.823481 0.677335
vt 0.822949 0.677335
vt 0.822849 0.675911
vt 0.822849 0.677109
vt 0.822949 0.675911
vt 0.823481 0.677109
vt 0.822949 0.677109
vt 0.823531 0.675911
vt 0.824153 0.677109
vt 0.824153 0.675911
vt 0.823531 0.675700
vt 0.824153 0.675700
vt 0.823481 0.677335
vt 0.822949 0.677335
vt 0.822849 0.675911
vt 0.822849 0.677109
s 0
usemtl Material.001
f 14/14/1 2/2/1 4/4/1 15/15/1
f 4/4/1 2/2/1 3/3/1 1/1/1
f 15/15/2 4/4/2 5/5/2 17/17/2
f 3/3/3 2/2/3 6/6/3 7/7/3
f 1/1/1 3/3/1 9/9/1 8/8/1
f 14/14/1 15/15/1 13/13/1 11/11/1
f 13/13/1 10/10/1 12/12/1 11/11/1
f 15/15/2 17/17/2 16/16/2 13/13/2
f 12/12/3 19/19/3 18/18/3 11/11/3
f 10/10/1 20/20/1 21/21/1 12/12/1
f 35/35/4 36/36/4 25/25/4 23/23/4
f 25/25/5 22/22/5 24/24/5 23/23/5
f 36/36/6 38/38/6 26/26/6 25/25/6
f 24/24/7 28/28/7 27/27/7 23/23/7
f 22/22/4 29/29/4 30/30/4 24/24/4
f 35/35/5 32/32/5 34/34/5 36/36/5
f 34/34/5 32/32/5 33/33/5 31/31/5
f 36/36/6 34/34/6 37/37/6 38/38/6
f 33/33/7 32/32/7 39/39/7 40/40/7
f 31/31/5 33/33/5 42/42/5 41/41/5
f 2/2/8 14/14/8 35/35/8 23/23/8
f 4/4/9 1/1/9 22/22/9 25/25/9
f 17/17/10 5/5/10 26/26/10 38/38/10
f 5/5/11 4/4/11 25/25/11 26/26/11
f 7/7/12 6/6/12 27/27/12 28/28/12
f 3/3/11 7/7/11 28/28/11 24/24/11
f 6/6/13 2/2/13 23/23/13 27/27/13
f 8/8/11 9/9/11 30/30/11 29/29/11
f 1/1/9 8/8/9 29/29/9 22/22/9
f 9/9/8 3/3/8 24/24/8 30/30/8
f 14/14/8 11/11/8 32/32/8 35/35/8
f 10/10/9 13/13/9 34/34/9 31/31/9
f 16/16/10 17/17/10 38/38/10 37/37/10
f 13/13/13 16/16/13 37/37/13 34/34/13
f 18/18/12 19/19/12 40/40/12 39/39/12
f 19/19/13 12/12/13 33/33/13 40/40/13
f 11/11/11 18/18/11 39/39/11 32/32/11
f 21/21/13 20/20/13 41/41/13 42/42/13
f 20/20/9 10/10/9 31/31/9 41/41/9
f 12/12/8 21/21/8 42/42/8 33/33/8
f 56/56/14 44/44/14 46/46/14 57/57/14
f 46/46/14 44/44/14 45/45/14 43/43/14
f 57/57/15 46/46/15 47/47/15 59/59/15
f 45/45/16 44/44/16 48/48/16 49/49/16
f 43/43/14 45/45/14 51/51/14 50/50/14
f 56/56/14 57/57/14 55/55/14 53/53/14
f 55/55/14 52/52/14 54/54/14 53/53/14
f 57/57/15 59/59/15 58/58/15 55/55/15
f 54/54/16 61/61/16 60/60/16 53/53/16
f 52/52/14 62/62/14 63/63/14 54/54/14
f 77/77/17 78/78/17 67/67/17 65/65/17
f 67/67/17 64/64/17 66/66/17 65/65/17
f 78/78/18 80/80/18 68/68/18 67/67/18
f 66/66/19 70/70/19 69/69/19 65/65/19
f 64/64/17 71/71/17 72/72/17 66/66/17
f 77/77/17 74/74/17 76/76/17 78/78/17
f 76/76/17 74/74/17 75/75/17 73/73/17
f 78/78/18 76/76/18 79/79/18 80/80/18
f 75/75/19 74/74/19 81/81/19 82/82/19
f 73/73/17 75/75/17 84/84/17 83/83/17
f 44/44/20 56/56/20 77/77/20 65/65/20
f 46/46/21 43/43/21 64/64/21 67/67/21
f 59/59/22 47/47/22 68/68/22 80/80/22
f 47/47/11 46/46/11 67/67/11 68/68/11
f 49/49/23 48/48/23 69/69/23 70/70/23
f 45/45/11 49/49/11 70/70/11 66/66/11
f 48/48/13 44/44/13 65/65/13 69/69/13
f 50/50/11 51/51/11 72/72/11 71/71/11
f 43/43/21 50/50/21 71/71/21 64/64/21
f 51/51/20 45/45/20 66/66/20 72/72/20
f 56/56/20 53/53/20 74/74/20 77/77/20
f 52/52/21 55/55/21 76/76/21 73/73/21
f 58/58/22 59/59/22 80/80/22 79/79/22
f 55/55/13 58/58/13 79/79/13 76/76/13
f 60/60/23 61/61/23 82/82/23 81/81/23
f 61/61/13 54/54/13 75/75/13 82/82/13
f 53/53/11 60/60/11 81/81/11 74/74/11
f 63/63/13 62/62/13 83/83/13 84/84/13
f 62/62/21 52/52/21 73/73/21 83/83/21
f 54/54/20 63/63/20 84/84/20 75/75/20
f 98/98/24 86/86/24 88/88/24 99/99/24
f 88/88/24 86/86/24 87/87/24 85/85/24
f 99/99/25 88/88/25 89/89/25 101/101/25
f 87/87/26 86/86/26 90/90/26 91/91/26
f 85/85/24 87/87/24 93/93/24 92/92/24
f 98/98/24 99/99/24 97/97/24 95/95/24
f 97/97/24 94/94/24 96/96/24 95/95/24
f 99/99/25 101/101/25 100/100/25 97/97/25
f 96/96/26 103/103/26 102/102/26 95/95/26
f 94/94/24 104/104/24 105/105/24 96/96/24
f 119/119/27 120/120/27 109/109/27 107/107/27
f 109/109/27 106/106/27 108/108/27 107/107/27
f 120/120/28 122/122/28 110/110/28 109/109/28
f 108/108/29 112/112/29 111/111/29 107/107/29
f 106/106/27 113/113/27 114/114/27 108/108/27
f 119/119/27 116/116/27 118/118/27 120/120/27
f 118/118/27 116/116/27 117/117/27 115/115/27
f 120/120/28 118/118/28 121/121/28 122/122/28
f 117/117/29 116/116/29 123/123/29 124/124/29
f 115/115/27 117/117/27 126/126/27 125/125/27
f 86/86/30 98/98/30 119/119/30 107/107/30
f 88/88/31 85/85/31 106/106/31 109/109/31
f 101/101/32 89/89/32 110/110/32 122/122/32
f 89/89/11 88/88/11 109/109/11 110/110/11
f 91/91/33 90/90/33 111/111/33 112/112/33
f 87/87/11 91/91/11 112/112/11 108/108/11
f 90/90/13 86/86/13 107/107/13 111/111/13
f 92/92/11 93/93/11 114/114/11 113/113/11
f 85/85/31 92/92/31 113/113/31 106/106/31
f 93/93/30 87/87/30 108/108/30 114/114/30
f 98/98/30 95/95/30 116/116/30 119/119/30
f 94/94/31 97/97/31 118/118/31 115/115/31
f 100/100/32 101/101/32 122/122/32 121/121/32
f 97/97/13 100/100/13 121/121/13 118/118/13
f 102/102/33 103/103/33 124/124/33 123/123/33
f 103/103/13 96/96/13 117/117/13 124/124/13
f 95/95/11 102/102/11 123/123/11 116/116/11
f 105/105/13 104/104/13 125/125/13 126/126/13
f 104/104/31 94/94/31 115/115/31 125/125/31
f 96/96/30 105/105/30 126/126/30 117/117/30
f 140/140/34 128/128/34 130/130/34 141/141/34
f 130/130/34 128/128/34 129/129/34 127/127/34
f 141/141/35 130/130/35 131/131/35 143/143/35
f 129/129/25 128/128/25 132/132/25 133/133/25
f 127/127/34 129/129/34 135/135/34 134/134/34
f 140/140/34 141/141/34 139/139/34 137/137/34
f 139/139/34 136/136/34 138/138/34 137/137/34
f 141/141/35 143/143/35 142/142/35 139/139/35
f 138/138/25 145/145/25 144/144/25 137/137/25
f 136/136/34 146/146/34 147/147/34 138/138/34
f 161/161/36 162/162/36 151/151/36 149/149/36
f 151/151/36 148/148/36 150/150/36 149/149/36
f 162/162/37 164/164/37 152/152/37 151/151/37
f 150/150/38 154/154/38 153/153/38 149/149/38
f 148/148/36 155/155/36 156/156/36 150/150/36
f 161/161/36 158/158/36 160/160/36 162/162/36
f 160/160/36 158/158/36 159/159/36 157/157/36
f 162/162/37 160/160/37 163/163/37 164/164/37
f 159/159/38 158/158/38 165/165/38 166/166/38
f 157/157/36 159/159/36 168/168/36 167/167/36
f 128/128/39 140/140/39 161/161/39 149/149/39
f 130/130/40 127/127/40 148/148/40 151/151/40
f 143/143/41 131/131/41 152/152/41 164/164/41
f 131/131/11 130/130/11 151/151/11 152/152/11
f 133/133/42 132/132/42 153/153/42 154/154/42
f 129/129/11 133/133/11 154/154/11 150/150/11
f 132/132/13 128/128/13 149/149/13 153/153/13
f 134/134/11 135/135/11 156/156/11 155/155/11
f 127/127/40 134/134/40 155/155/40 148/148/40
f 135/135/39 129/129/39 150/150/39 156/156/39
f 140/140/39 137/137/39 158/158/39 161/161/39
f 136/136/40 139/139/40 160/160/40 157/157/40
f 142/142/41 143/143/41 164/164/41 163/163/41
f 139/139/13 142/142/13 163/163/13 160/160/13
f 144/144/42 145/145/42 166/166/42 165/165/42
f 145/145/13 138/138/13 159/159/13 166/166/13
f 137/137/11 144/144/11 165/165/11 158/158/11
f 147/147/13 146/146/13 167/167/13 168/168/13
f 146/146/40 136/136/40 157/157/40 167/167/40
f 138/138/39 147/147/39 168/168/39 159/159/39
f 182/182/43 170/170/43 172/172/43 183/183/43
f 172/172/43 170/170/43 171/171/43 169/169/43
f 183/183/44 172/172/44 173/173/44 185/185/44
f 171/171/45 170/170/45 174/174/45 175/175/45
f 169/169/43 171/171/43 177/177/43 176/176/43
f 182/182/43 183/183/43 181/181/43 179/179/43
f 181/181/43 178/178/43 180/180/43 179/179/43
f 183/183/44 185/185/44 184/184/44 181/181/44
f 180/180/45 187/187/45 186/186/45 179/179/45
f 178/178/43 188/188/43 189/189/43 180/180/43
f 203/203/46 204/204/46 193/193/46 191/191/46
f 193/193/46 190/190/46 192/192/46 191/191/46
f 204/204/47 206/206/47 194/194/47 193/193/47
f 192/192/37 196/196/37 195/195/37 191/191/37
f 190/190/46 197/197/46 198/198/46 192/192/46
f 203/203/46 200/200/46 202/202/46 204/204/46
f 202/202/46 200/200/46 201/201/46 199/199/46
f 204/204/47 202/202/47 205/205/47 206/206/47
f 201/201/37 200/200/37 207/207/37 208/208/37
f 199/199/46 201/201/46 210/210/46 209/209/46
f 170/170/48 182/182/48 203/203/48 191/191/48
f 172/172/49 169/169/49 190/190/49 193/193/49
f 185/185/50 173/173/50 194/194/50 206/206/50
f 173/173/11 172/172/11 193/193/11 194/194/11
f 175/175/51 174/174/51 195/195/51 196/196/51
f 171/171/11 175/175/11 196/196/11 192/192/11
f 174/174/13 170/170/13 191/191/13 195/195/13
f 176/176/11 177/177/11 198/198/11 197/197/11
f 169/169/49 176/176/49 197/197/49 190/190/49
f 177/177/48 171/171/48 192/192/48 198/198/48
f 182/182/48 179/179/48 200/200/48 203/203/48
f 178/178/49 181/181/49 202/202/49 199/199/49
f 184/184/50 185/185/50 206/206/50 205/205/50
f 181/181/13 184/184/13 205/205/13 202/202/13
f 186/186/51 187/187/51 208/208/51 207/207/51
f 187/187/13 180/180/13 201/201/13 208/208/13
f 179/179/11 186/186/11 207/207/11 200/200/11
f 189/189/13 188/188/13 209/209/13 210/210/13
f 188/188/49 178/178/49 199/199/49 209/209/49
f 180/180/48 189/189/48 210/210/48 201/201/48
f 224/224/52 212/212/52 214/214/52 225/225/52
f 214/214/52 212/212/52 213/213/52 211/211/52
f 225/225/53 214/214/53 215/215/53 227/227/53
f 213/213/44 212/212/44 216/216/44 217/217/44
f 211/211/52 213/213/52 219/219/52 218/218/52
f 224/224/52 225/225/52 223/223/52 221/221/52
f 223/223/52 220/220/52 222/222/52 221/221/52
f 225/225/53 227/227/53 226/226/53 223/223/53
f 222/222/44 229/229/44 228/228/44 221/221/44
f 220/220/52 230/230/52 231/231/52 222/222/52
f 245/245/54 246/246/54 235/235/54 233/233/54
f 235/235/54 232/232/54 234/234/54 233/233/54
f 246/246/55 248/248/55 236/236/55 235/235/55
f 234/234/47 238/238/47 237/237/47 233/233/47
f 232/232/54 239/239/54 240/240/54 234/234/54
f 245/245/54 242/242/54 244/244/54 246/246/54
f 244/244/54 242/242/54 243/243/54 241/241/54
f 246/246/55 244/244/55 247/247/55 248/248/55
f 243/243/47 242/242/47 249/249/47 250/250/47
f 241/241/54 243/243/54 252/252/54 251/251/54
f 212/212/56 224/224/56 245/245/56 233/233/56
f 214/214/57 211/211/57 232/232/57 235/235/57
f 227/227/58 215/215/58 236/236/58 248/248/58
f 215/215/11 214/214/11 235/235/11 236/236/11
f 217/217/59 216/216/59 237/237/59 238/238/59
f 213/213/11 217/217/11 238/238/11 234/234/11
f 216/216/13 212/212/13 233/233/13 237/237/13
f 218/218/11 219/219/11 240/240/11 239/239/11
f 211/211/57 218/218/57 239/239/57 232/232/57
f 219/219/56 213/213/56 234/234/56 240/240/56
f 224/224/56 221/221/56 242/242/56 245/245/56
f 220/220/57 223/223/57 244/244/57 241/241/57
f 226/226/58 227/227/58 248/248/58 247/247/58
f 223/223/13 226/226/13 247/247/13 244/244/13
f 228/228/59 229/229/59 250/250/59 249/249/59
f 229/229/13 222/222/13 243/243/13 250/250/13
f 221/221/11 228/228/11 249/249/11 242/242/11
f 231/231/13 230/230/13 251/251/13 252/252/13
f 230/230/57 220/220/57 241/241/57 251/251/57
f 222/222/56 231/231/56 252/252/56 243/243/56
f 266/266/60 254/254/60 256/256/60 267/267/60
f 256/256/60 254/254/60 255/255/60 253/253/60
f 267/267/61 256/256/61 257/257/61 269/269/61
f 255/255/53 254/254/53 258/258/53 259/259/53
f 253/253/60 255/255/60 261/261/60 260/260/60
f 266/266/60 267/267/60 265/265/60 263/263/60
f 265/265/60 262/262/60 264/264/60 263/263/60
f 267/267/61 269/269/61 268/268/61 265/265/61
f 264/264/53 271/271/53 270/270/53 263/263/53
f 262/262/60 272/272/60 273/273/60 264/264/60
f 287/287/62 288/288/62 277/277/62 275/275/62
f 277/277/62 274/274/62 276/276/62 275/275/62
f 288/288/63 290/290/63 278/278/63 277/277/63
f 276/276/64 280/280/64 279/279/64 275/275/64
f 274/274/62 281/281/62 282/282/62 276/276/62
f 287/287/62 284/284/62 286/286/62 288/288/62
f 286/286/62 284/284/62 285/285/62 283/283/62
f 288/288/63 286/286/63 289/289/63 290/290/63
f 285/285/64 284/284/64 291/291/64 292/292/64
f 283/283/62 285/285/62 294/294/62 293/293/62
f 254/254/65 266/266/65 287/287/65 275/275/65
f 256/256/66 253/253/66 274/274/66 277/277/66
f 269/269/67 257/257/67 278/278/67 290/290/67
f 257/257/11 256/256/11 277/277/11 278/278/11
f 259/259/68 258/258/68 279/279/68 280/280/68
f 255/255/11 259/259/11 280/280/11 276/276/11
f 258/258/13 254/254/13 275/275/13 279/279/13
f 260/260/11 261/261/11 282/282/11 281/281/11
f 253/253/66 260/260/66 281/281/66 274/274/66
f 261/261/65 255/255/65 276/276/65 282/282/65
f 266/266/65 263/263/65 284/284/65 287/287/65
f 262/262/66 265/265/66 286/286/66 283/283/66
f 268/268/67 269/269/67 290/290/67 289/289/67
f 265/265/13 268/268/13 289/289/13 286/286/13
f 270/270/68 271/271/68 292/292/68 291/291/68
f 271/271/13 264/264/13 285/285/13 292/292/13
f 263/263/11 270/270/11 291/291/11 284/284/11
f 273/273/13 272/272/13 293/293/13 294/294/13
f 272/272/66 262/262/66 283/283/66 293/293/66
f 264/264/65 273/273/65 294/294/65 285/285/65
f 308/308/69 296/296/69 298/298/69 309/309/69
f 298/298/69 296/296/69 297/297/69 295/295/69
f 309/309/70 298/298/70 299/299/70 311/311/70
f 297/297/71 296/296/71 300/300/71 301/301/71
f 295/295/69 297/297/69 303/303/69 302/302/69
f 308/308/69 309/309/69 307/307/69 305/305/69
f 307/307/69 304/304/69 306/306/69 305/305/69
f 309/309/70 311/311/70 310/310/70 307/307/70
f 306/306/71 313/313/71 312/312/71 305/305/71
f 304/304/69 314/314/69 315/315/69 306/306/69
f 329/329/72 330/330/72 319/319/72 317/317/72
f 319/319/72 316/316/72 318/318/72 317/317/72
f 330/330/73 332/332/73 320/320/73 319/319/73
f 318/318/74 322/322/74 321/321/74 317/317/74
f 316/316/72 323/323/72 324/324/72 318/318/72
f 329/329/72 326/326/72 328/328/72 330/330/72
f 328/328/72 326/326/72 327/327/72 325/325/72
f 330/330/73 328/328/73 331/331/73 332/332/73
f 327/327/74 326/326/74 333/333/74 334/334/74
f 325/325/72 327/327/72 336/336/72 335/335/72
f 296/296/75 308/308/75 329/329/75 317/317/75
f 298/298/76 295/295/76 316/316/76 319/319/76
f 311/311/77 299/299/77 320/320/77 332/332/77
f 299/299/11 298/298/11 319/319/11 320/320/11
f 301/301/78 300/300/78 321/321/78 322/322/78
f 297/297/11 301/301/11 322/322/11 318/318/11
f 300/300/13 296/296/13 317/317/13 321/321/13
f 302/302/11 303/303/11 324/324/11 323/323/11
f 295/295/76 302/302/76 323/323/76 316/316/76
f 303/303/75 297/297/75 318/318/75 324/324/75
f 308/308/75 305/305/75 326/326/75 329/329/75
f 304/304/76 307/307/76 328/328/76 325/325/76
f 310/310/77 311/311/77 332/332/77 331/331/77
f 307/307/13 310/310/13 331/331/13 328/328/13
f 312/312/78 313/313/78 334/334/78 333/333/78
f 313/313/13 306/306/13 327/327/13 334/334/13
f 305/305/11 312/312/11 333/333/11 326/326/11
f 315/315/13 314/314/13 335/335/13 336/336/13
f 314/314/76 304/304/76 325/325/76 335/335/76
f 306/306/75 315/315/75 336/336/75 327/327/75
f 350/350/79 338/338/79 340/340/79 351/351/79
f 340/340/79 338/338/79 339/339/79 337/337/79
f 351/351/80 340/340/80 341/341/80 353/353/80
f 339/339/81 338/338/81 342/342/81 343/343/81
f 337/337/79 339/339/79 345/345/79 344/344/79
f 350/350/79 351/351/79 349/349/79 347/347/79
f 349/349/79 346/346/79 348/348/79 347/347/79
f 351/351/80 353/353/80 352/352/80 349/349/80
f 348/348/81 355/355/81 354/354/81 347/347/81
f 346/346/79 356/356/79 357/357/79 348/348/79
f 371/371/82 372/372/82 361/361/82 359/359/82
f 361/361/82 358/358/82 360/360/82 359/359/82
f 372/372/83 374/374/83 362/362/83 361/361/83
f 360/360/84 364/364/84 363/363/84 359/359/84
f 358/358/82 365/365/82 366/366/82 360/360/82
f 371/371/82 368/368/82 370/370/82 372/372/82
f 370/370/82 368/368/82 369/369/82 367/367/82
f 372/372/83 370/370/83 373/373/83 374/374/83
f 369/369/84 368/368/84 375/375/84 376/376/84
f 367/367/82 369/369/82 378/378/82 377/377/82
f 338/338/85 350/350/85 371/371/85 359/359/85
f 340/340/86 337/337/86 358/358/86 361/361/86
f 353/353/87 341/341/87 362/362/87 374/374/87
f 341/341/11 340/340/11 361/361/11 362/362/11
f 343/343/88 342/342/88 363/363/88 364/364/88
f 339/339/11 343/343/11 364/364/11 360/360/11
f 342/342/13 338/338/13 359/359/13 363/363/13
f 344/344/11 345/345/11 366/366/11 365/365/11
f 337/337/86 344/344/86 365/365/86 358/358/86
f 345/345/85 339/339/85 360/360/85 366/366/85
f 350/350/85 347/347/85 368/368/85 371/371/85
f 346/346/86 349/349/86 370/370/86 367/367/86
f 352/352/87 353/353/87 374/374/87 373/373/87
f 349/349/13 352/352/13 373/373/13 370/370/13
f 354/354/88 355/355/88 376/376/88 375/375/88
f 355/355/13 348/348/13 369/369/13 376/376/13
f 347/347/11 354/354/11 375/375/11 368/368/11
f 357/357/13 356/356/13 377/377/13 378/378/13
f 356/356/86 346/346/86 367/367/86 377/377/86
f 348/348/85 357/357/85 378/378/85 369/369/85
f 392/392/89 380/380/89 382/382/89 393/393/89
f 382/382/89 380/380/89 381/381/89 379/379/89
f 393/393/90 382/382/90 383/383/90 395/395/90
f 381/381/80 380/380/80 384/384/80 385/385/80
f 379/379/89 381/381/89 387/387/89 386/386/89
f 392/392/89 393/393/89 391/391/89 389/389/89
f 391/391/89 388/388/89 390/390/89 389/389/89
f 393/393/90 395/395/90 394/394/90 391/391/90
f 390/390/80 397/397/80 396/396/80 389/389/80
f 388/388/89 398/398/89 399/399/89 390/390/89
f 413/413/91 414/414/91 403/403/91 401/401/91
f 403/403/91 400/400/91 402/402/91 401/401/91
f 414/414/92 416/416/92 404/404/92 403/403/92
f 402/402/93 406/406/93 405/405/93 401/401/93
f 400/400/91 407/407/91 408/408/91 402/402/91
f 413/413/91 410/410/91 412/412/91 414/414/91
f 412/412/91 410/410/91 411/411/91 409/409/91
f 414/414/92 412/412/92 415/415/92 416/416/92
f 411/411/93 410/410/93 417/417/93 418/418/93
f 409/409/91 411/411/91 420/420/91 419/419/91
f 380/380/94 392/392/94 413/413/94 401/401/94
f 382/382/95 379/379/95 400/400/95 403/403/95
f 395/395/96 383/383/96 404/404/96 416/416/96
f 383/383/11 382/382/11 403/403/11 404/404/11
f 385/385/97 384/384/97 405/405/97 406/406/97
f 381/381/11 385/385/11 406/406/11 402/402/11
f 384/384/13 380/380/13 401/401/13 405/405/13
f 386/386/11 387/387/11 408/408/11 407/407/11
f 379/379/95 386/386/95 407/407/95 400/400/95
f 387/387/94 381/381/94 402/402/94 408/408/94
f 392/392/94 389/389/94 410/410/94 413/413/94
f 388/388/95 391/391/95 412/412/95 409/409/95
f 394/394/96 395/395/96 416/416/96 415/415/96
f 391/391/13 394/394/13 415/415/13 412/412/13
f 396/396/97 397/397/97 418/418/97 417/417/97
f 397/397/13 390/390/13 411/411/13 418/418/13
f 389/389/11 396/396/11 417/417/11 410/410/11
f 399/399/13 398/398/13 419/419/13 420/420/13
f 398/398/95 388/388/95 409/409/95 419/419/95
f 390/390/94 399/399/94 420/420/94 411/411/94
f 434/434/98 422/422/98 424/424/98 435/435/98
f 424/424/98 422/422/98 423/423/98 421/421/98
f 435/435/99 424/424/99 425/425/99 437/437/99
f 423/423/100 422/422/100 426/426/100 427/427/100
f 421/421/98 423/423/98 429/429/98 428/428/98
f 434/434/98 435/435/98 433/433/98 431/431/98
f 433/433/98 430/430/98 432/432/98 431/431/98
f 435/435/99 437/437/99 436/436/99 433/433/99
f 432/432/101 439/439/101 438/438/101 431/431/101
f 430/430/98 440/440/98 441/441/98 432/432/98
f 455/455/102 456/456/102 445/445/102 443/443/102
f 445/445/102 442/442/102 444/444/102 443/443/102
f 456/456/103 458/458/103 446/446/103 445/445/103
f 444/444/104 448/448/104 447/447/104 443/443/104
f 442/442/102 449/449/102 450/450/102 444/444/102
f 455/455/102 452/452/102 454/454/102 456/456/102
f 454/454/102 452/452/102 453/453/102 451/451/102
f 456/456/103 454/454/103 457/457/103 458/458/103
f 453/453/104 452/452/104 459/459/104 460/460/104
f 451/451/102 453/453/102 462/462/102 461/461/102
f 422/422/105 434/434/105 455/455/105 443/443/105
f 424/424/106 421/421/106 442/442/106 445/445/106
f 437/437/107 425/425/107 446/446/107 458/458/107
f 425/425/11 424/424/11 445/445/11 446/446/11
f 427/427/108 426/426/108 447/447/108 448/448/108
f 423/423/11 427/427/11 448/448/11 444/444/11
f 426/426/13 422/422/13 443/443/13 447/447/13
f 428/428/11 429/429/11 450/450/11 449/449/11
f 421/421/106 428/428/106 449/449/106 442/442/106
f 429/429/105 423/423/105 444/444/105 450/450/105
f 434/434/105 431/431/105 452/452/105 455/455/105
f 430/430/106 433/433/106 454/454/106 451/451/106
f 436/436/107 437/437/107 458/458/107 457/457/107
f 433/433/13 436/436/13 457/457/13 454/454/13
f 438/438/108 439/439/108 460/460/108 459/459/108
f 439/439/13 432/432/13 453/453/13 460/460/13
f 431/431/11 438/438/11 459/459/11 452/452/11
f 441/441/13 440/440/13 461/461/13 462/462/13
f 440/440/106 430/430/106 451/451/106 461/461/106
f 432/432/105 441/441/105 462/462/105 453/453/105
f 476/476/109 464/464/109 466/466/109 477/477/109
f 466/466/109 464/464/109 465/465/109 463/463/109
f 477/477/110 466/466/110 467/467/110 479/479/110
f 465/465/111 464/464/111 468/468/111 469/469/111
f 463/463/109 465/465/109 471/471/109 470/470/109
f 476/476/109 477/477/109 475/475/109 473/473/109
f 475/475/109 472/472/109 474/474/109 473/473/109
f 477/477/110 479/479/110 478/478/110 475/475/110
f 474/474/111 481/481/111 480/480/111 473/473/111
f 472/472/109 482/482/109 483/483/109 474/474/109
f 497/497/112 498/498/112 487/487/112 485/485/112
f 487/487/112 484/484/112 486/486/112 485/485/112
f 498/498/113 500/500/113 488/488/113 487/487/113
f 486/486/114 490/490/114 489/489/114 485/485/114
f 484/484/112 491/491/112 492/492/112 486/486/112
f 497/497/112 494/494/112 496/496/112 498/498/112
f 496/496/112 494/494/112 495/495/112 493/493/112
f 498/498/113 496/496/113 499/499/113 500/500/113
f 495/495/114 494/494/114 501/501/114 502/502/114
f 493/493/112 495/495/112 504/504/112 503/503/112
f 464/464/115 476/476/115 497/497/115 485/485/115
f 466/466/116 463/463/116 484/484/116 487/487/116
f 479/479/117 467/467/117 488/488/117 500/500/117
f 467/467/11 466/466/11 487/487/11 488/488/11
f 469/469/118 468/468/118 489/489/118 490/490/118
f 465/465/11 469/469/11 490/490/11 486/486/11
f 468/468/13 464/464/13 485/485/13 489/489/13
f 470/470/11 471/471/11 492/492/11 491/491/11
f 463/463/116 470/470/116 491/491/116 484/484/116
f 471/471/115 465/465/115 486/486/115 492/492/115
f 476/476/115 473/473/115 494/494/115 497/497/115
f 472/472/116 475/475/116 496/496/116 493/493/116
f 478/478/117 479/479/117 500/500/117 499/499/117
f 475/475/13 478/478/13 499/499/13 496/496/13
f 480/480/118 481/481/118 502/502/118 501/501/118
f 481/481/13 474/474/13 495/495/13 502/502/13
f 473/473/11 480/480/11 501/501/11 494/494/11
f 483/483/13 482/482/13 503/503/13 504/504/13
f 482/482/116 472/472/116 493/493/116 503/503/116
f 474/474/115 483/483/115 504/504/115 495/495/115
f 518/518/119 506/506/119 508/508/119 519/519/119
f 508/508/119 506/506/119 507/507/119 505/505/119
f 519/519/120 508/508/120 509/509/120 521/521/120
f 507/507/121 506/506/121 510/510/121 511/511/121
f 505/505/119 507/507/119 513/513/119 512/512/119
f 518/518/119 519/519/119 517/517/119 515/515/119
f 517/517/119 514/514/119 516/516/119 515/515/119
f 519/519/120 521/521/120 520/520/120 517/517/120
f 516/516/121 523/523/121 522/522/121 515/515/121
f 514/514/119 524/524/119 525/525/119 516/516/119
f 539/539/122 540/540/122 529/529/122 527/527/122
f 529/529/122 526/526/122 528/528/122 527/527/122
f 540/540/123 542/542/123 530/530/123 529/529/123
f 528/528/124 532/532/124 531/531/124 527/527/124
f 526/526/122 533/533/122 534/534/122 528/528/122
f 539/539/122 536/536/122 538/538/122 540/540/122
f 538/538/122 536/536/122 537/537/122 535/535/122
f 540/540/123 538/538/123 541/541/123 542/542/123
f 537/537/124 536/536/124 543/543/124 544/544/124
f 535/535/122 537/537/122 546/546/122 545/545/122
f 506/506/125 518/518/125 539/539/125 527/527/125
f 508/508/126 505/505/126 526/526/126 529/529/126
f 521/521/127 509/509/127 530/530/127 542/542/127
f 509/509/11 508/508/11 529/529/11 530/530/11
f 511/511/128 510/510/128 531/531/128 532/532/128
f 507/507/11 511/511/11 532/532/11 528/528/11
f 510/510/13 506/506/13 527/527/13 531/531/13
f 512/512/11 513/513/11 534/534/11 533/533/11
f 505/505/126 512/512/126 533/533/126 526/526/126
f 513/513/125 507/507/125 528/528/125 534/534/125
f 518/518/125 515/515/125 536/536/125 539/539/125
f 514/514/126 517/517/126 538/538/126 535/535/126
f 520/520/127 521/521/127 542/542/127 541/541/127
f 517/517/13 520/520/13 541/541/13 538/538/13
f 522/522/128 523/523/128 544/544/128 543/543/128
f 523/523/13 516/516/13 537/537/13 544/544/13
f 515/515/11 522/522/11 543/543/11 536/536/11
f 525/525/13 524/524/13 545/545/13 546/546/13
f 524/524/126 514/514/126 535/535/126 545/545/126
f 516/516/125 525/525/125 546/546/125 537/537/125
f 560/560/129 548/548/129 550/550/129 561/561/129
f 550/550/129 548/548/129 549/549/129 547/547/129
f 561/561/130 550/550/130 551/551/130 563/563/130
f 549/549/131 548/548/131 552/552/131 553/553/131
f 547/547/129 549/549/129 555/555/129 554/554/129
f 560/560/129 561/561/129 559/559/129 557/557/129
f 559/559/129 556/556/129 558/558/129 557/557/129
f 561/561/130 563/563/130 562/562/130 559/559/130
f 558/558/131 565/565/131 564/564/131 557/557/131
f 556/556/129 566/566/129 567/567/129 558/558/129
f 581/581/132 582/582/132 571/571/132 569/569/132
f 571/571/132 568/568/132 570/570/132 569/569/132
f 582/582/133 584/584/133 572/572/133 571/571/133
f 570/570/134 574/574/134 573/573/134 569/569/134
f 568/568/132 575/575/132 576/576/132 570/570/132
f 581/581/132 578/578/132 580/580/132 582/582/132
f 580/580/132 578/578/132 579/579/132 577/577/132
f 582/582/133 580/580/133 583/583/133 584/584/133
f 579/579/134 578/578/134 585/585/134 586/586/134
f 577/577/132 579/579/132 588/588/132 587/587/132
f 548/548/135 560/560/135 581/581/135 569/569/135
f 550/550/136 547/547/136 568/568/136 571/571/136
f 563/563/137 551/551/137 572/572/137 584/584/137
f 551/551/11 550/550/11 571/571/11 572/572/11
f 553/553/138 552/552/138 573/573/138 574/574/138
f 549/549/11 553/553/11 574/574/11 570/570/11
f 552/552/13 548/548/13 569/569/13 573/573/13
f 554/554/11 555/555/11 576/576/11 575/575/11
f 547/547/136 554/554/136 575/575/136 568/568/136
f 555/555/135 549/549/135 570/570/135 576/576/135
f 560/560/135 557/557/135 578/578/135 581/581/135
f 556/556/136 559/559/136 580/580/136 577/577/136
f 562/562/137 563/563/137 584/584/137 583/583/137
f 559/559/13 562/562/13 583/583/13 580/580/13
f 564/564/138 565/565/138 586/586/138 585/585/138
f 565/565/13 558/558/13 579/579/13 586/586/13
f 557/557/11 564/564/11 585/585/11 578/578/11
f 567/567/13 566/566/13 587/587/13 588/588/13
f 566/566/136 556/556/136 577/577/136 587/587/136
f 558/558/135 567/567/135 588/588/135 579/579/135
f 602/602/139 590/590/139 592/592/139 603/603/139
f 592/592/139 590/590/139 591/591/139 589/589/139
f 603/603/140 592/592/140 593/593/140 605/605/140
f 591/591/141 590/590/141 594/594/141 595/595/141
f 589/589/139 591/591/139 597/597/139 596/596/139
f 602/602/139 603/603/139 601/601/139 599/599/139
f 601/601/139 598/598/139 600/600/139 599/599/139
f 603/603/140 605/605/140 604/604/140 601/601/140
f 600/600/141 607/607/141 606/606/141 599/599/141
f 598/598/139 608/608/139 609/609/139 600/600/139
f 623/623/142 624/624/142 613/613/142 611/611/142
f 613/613/142 610/610/142 612/612/142 611/611/142
f 624/624/143 626/626/143 614/614/143 613/613/143
f 612/612/144 616/616/144 615/615/144 611/611/144
f 610/610/142 617/617/142 618/618/142 612/612/142
f 623/623/142 620/620/142 622/622/142 624/624/142
f 622/622/142 620/620/142 621/621/142 619/619/142
f 624/624/143 622/622/143 625/625/143 626/626/143
f 621/621/144 620/620/144 627/627/144 628/628/144
f 619/619/142 621/621/142 630/630/142 629/629/142
f 590/590/145 602/602/145 623/623/145 611/611/145
f 592/592/146 589/589/146 610/610/146 613/613/146
f 605/605/147 593/593/147 614/614/147 626/626/147
f 593/593/11 592/592/11 613/613/11 614/614/11
f 595/595/148 594/594/148 615/615/148 616/616/148
f 591/591/11 595/595/11 616/616/11 612/612/11
f 594/594/13 590/590/13 611/611/13 615/615/13
f 596/596/11 597/597/11 618/618/11 617/617/11
f 589/589/146 596/596/146 617/617/146 610/610/146
f 597/597/145 591/591/145 612/612/145 618/618/145
f 602/602/145 599/599/145 620/620/145 623/623/145
f 598/598/146 601/601/146 622/622/146 619/619/146
f 604/604/147 605/605/147 626/626/147 625/625/147
f 601/601/13 604/604/13 625/625/13 622/622/13
f 606/606/148 607/607/148 628/628/148 627/627/148
f 607/607/13 600/600/13 621/621/13 628/628/13
f 599/599/11 606/606/11 627/627/11 620/620/11
f 609/609/13 608/608/13 629/629/13 630/630/13
f 608/608/146 598/598/146 619/619/146 629/629/146
f 600/600/145 609/609/145 630/630/145 621/621/145
f 644/644/149 632/632/149 634/634/149 645/645/149
f 634/634/149 632/632/149 633/633/149 631/631/149
f 645/645/150 634/634/150 635/635/150 647/647/150
f 633/633/140 632/632/140 636/636/140 637/637/140
f 631/631/149 633/633/149 639/639/149 638/638/149
f 644/644/149 645/645/149 643/643/149 641/641/149
f 643/643/149 640/640/149 642/642/149 641/641/149
f 645/645/150 647/647/150 646/646/150 643/643/150
f 642/642/140 649/649/140 648/648/140 641/641/140
f 640/640/149 650/650/149 651/651/149 642/642/149
f 665/665/151 666/666/151 655/655/151 653/653/151
f 655/655/151 652/652/151 654/654/151 653/653/151
f 666/666/152 668/668/152 656/656/152 655/655/152
f 654/654/153 658/658/153 657/657/153 653/653/153
f 652/652/151 659/659/151 660/660/151 654/654/151
f 665/665/151 662/662/151 664/664/151 666/666/151
f 664/664/151 662/662/151 663/663/151 661/661/151
f 666/666/152 664/664/152 667/667/152 668/668/152
f 663/663/153 662/662/153 669/669/153 670/670/153
f 661/661/151 663/663/151 672/672/151 671/671/151
f 632/632/154 644/644/154 665/665/154 653/653/154
f 634/634/155 631/631/155 652/652/155 655/655/155
f 647/647/156 635/635/156 656/656/156 668/668/156
f 635/635/11 634/634/11 655/655/11 656/656/11
f 637/637/157 636/636/157 657/657/157 658/658/157
f 633/633/11 637/637/11 658/658/11 654/654/11
f 636/636/13 632/632/13 653/653/13 657/657/13
f 638/638/11 639/639/11 660/660/11 659/659/11
f 631/631/155 638/638/155 659/659/155 652/652/155
f 639/639/158 633/633/158 654/654/158 660/660/158
f 644/644/158 641/641/158 662/662/158 665/665/158
f 640/640/155 643/643/155 664/664/155 661/661/155
f 646/646/156 647/647/156 668/668/156 667/667/156
f 643/643/13 646/646/13 667/667/13 664/664/13
f 648/648/157 649/649/157 670/670/157 669/669/157
f 649/649/13 642/642/13 663/663/13 670/670/13
f 641/641/11 648/648/11 669/669/11 662/662/11
f 651/651/13 650/650/13 671/671/13 672/672/13
f 650/650/155 640/640/155 661/661/155 671/671/155
f 642/642/158 651/651/158 672/672/158 663/663/158
f 686/686/159 674/674/159 676/676/159 687/687/159
f 676/676/159 674/674/159 675/675/159 673/673/159
f 687/687/3 676/676/3 677/677/3 689/689/3
f 675/675/150 674/674/150 678/678/150 679/679/150
f 673/673/159 675/675/159 681/681/159 680/680/159
f 686/686/159 687/687/159 685/685/159 683/683/159
f 685/685/159 682/682/159 684/684/159 683/683/159
f 687/687/3 689/689/3 688/688/3 685/685/3
f 684/684/150 691/691/150 690/690/150 683/683/150
f 682/682/159 692/692/159 693/693/159 684/684/159
f 707/707/160 708/708/160 697/697/160 695/695/160
f 697/697/160 694/694/160 696/696/160 695/695/160
f 708/708/161 710/710/161 698/698/161 697/697/161
f 696/696/162 700/700/162 699/699/162 695/695/162
f 694/694/160 701/701/160 702/702/160 696/696/160
f 707/707/160 704/704/160 706/706/160 708/708/160
f 706/706/160 704/704/160 705/705/160 703/703/160
f 708/708/161 706/706/161 709/709/161 710/710/161
f 705/705/162 704/704/162 711/711/162 712/712/162
f 703/703/160 705/705/160 714/714/160 713/713/160
f 674/674/163 686/686/163 707/707/163 695/695/163
f 676/676/164 673/673/164 694/694/164 697/697/164
f 689/689/165 677/677/165 698/698/165 710/710/165
f 677/677/11 676/676/11 697/697/11 698/698/11
f 679/679/166 678/678/166 699/699/166 700/700/166
f 675/675/11 679/679/11 700/700/11 696/696/11
f 678/678/13 674/674/13 695/695/13 699/699/13
f 680/680/11 681/681/11 702/702/11 701/701/11
f 673/673/164 680/680/164 701/701/164 694/694/164
f 681/681/163 675/675/163 696/696/163 702/702/163
f 686/686/163 683/683/163 704/704/163 707/707/163
f 682/682/164 685/685/164 706/706/164 703/703/164
f 688/688/165 689/689/165 710/710/165 709/709/165
f 685/685/13 688/688/13 709/709/13 706/706/13
f 690/690/166 691/691/166 712/712/166 711/711/166
f 691/691/13 684/684/13 705/705/13 712/712/13
f 683/683/11 690/690/11 711/711/11 704/704/11
f 693/693/13 692/692/13 713/713/13 714/714/13
f 692/692/164 682/682/164 703/703/164 713/713/164
f 684/684/163 693/693/163 714/714/163 705/705/163
f 728/728/167 716/716/167 718/718/167 729/729/167
f 718/718/167 716/716/167 717/717/167 715/715/167
f 729/729/168 718/718/168 719/719/168 731/731/168
f 717/717/3 716/716/3 720/720/3 721/721/3
f 715/715/167 717/717/167 723/723/167 722/722/167
f 728/728/167 729/729/167 727/727/167 725/725/167
f 727/727/167 724/724/167 726/726/167 725/725/167
f 729/729/168 731/731/168 730/730/168 727/727/168
f 726/726/3 733/733/3 732/732/3 725/725/3
f 724/724/167 734/734/167 735/735/167 726/726/167
f 749/749/169 750/750/169 739/739/169 737/737/169
f 739/739/169 736/736/169 738/738/169 737/737/169
f 750/750/170 752/752/170 740/740/170 739/739/170
f 738/738/171 742/742/171 741/741/171 737/737/171
f 736/736/169 743/743/169 744/744/169 738/738/169
f 749/749/169 746/746/169 748/748/169 750/750/169
f 748/748/169 746/746/169 747/747/169 745/745/169
f 750/750/170 748/748/170 751/751/170 752/752/170
f 747/747/171 746/746/171 753/753/171 754/754/171
f 745/745/169 747/747/169 756/756/169 755/755/169
f 716/716/172 728/728/172 749/749/172 737/737/172
f 718/718/173 715/715/173 736/736/173 739/739/173
f 731/731/174 719/719/174 740/740/174 752/752/174
f 719/719/11 718/718/11 739/739/11 740/740/11
f 721/721/175 720/720/175 741/741/175 742/742/175
f 717/717/11 721/721/11 742/742/11 738/738/11
f 720/720/13 716/716/13 737/737/13 741/741/13
f 722/722/11 723/723/11 744/744/11 743/743/11
f 715/715/173 722/722/173 743/743/173 736/736/173
f 723/723/172 717/717/172 738/738/172 744/744/172
f 728/728/172 725/725/172 746/746/172 749/749/172
f 724/724/173 727/727/173 748/748/173 745/745/173
f 730/730/174 731/731/174 752/752/174 751/751/174
f 727/727/13 730/730/13 751/751/13 748/748/13
f 732/732/175 733/733/175 754/754/175 753/753/175
f 733/733/13 726/726/13 747/747/13 754/754/13
f 725/725/11 732/732/11 753/753/11 746/746/11
f 735/735/13 734/734/13 755/755/13 756/756/13
f 734/734/173 724/724/173 745/745/173 755/755/173
f 726/726/172 735/735/172 756/756/172 747/747/172
f 770/770/1 771/771/1 760/760/1 758/758/1
f 760/760/1 757/757/1 759/759/1 758/758/1
f 771/771/2 773/773/2 761/761/2 760/760/2
f 759/759/3 763/763/3 762/762/3 758/758/3
f 757/757/1 764/764/1 765/765/1 759/759/1
f 770/770/1 767/767/1 769/769/1 771/771/1
f 769/769/1 767/767/1 768/768/1 766/766/1
f 771/771/2 769/769/2 772/772/2 773/773/2
f 768/768/3 767/767/3 774/774/3 775/775/3
f 766/766/1 768/768/1 777/777/1 776/776/1
f 791/791/5 779/779/5 781/781/5 792/792/5
f 781/781/5 779/779/5 780/780/5 778/778/5
f 792/792/6 781/781/6 782/782/6 794/794/6
f 780/780/7 779/779/7 783/783/7 784/784/7
f 778/778/4 780/780/4 786/786/4 785/785/4
f 791/791/5 792/792/5 790/790/5 788/788/5
f 790/790/5 787/787/5 789/789/5 788/788/5
f 792/792/6 794/794/6 793/793/6 790/790/6
f 789/789/7 796/796/7 795/795/7 788/788/7
f 787/787/5 797/797/5 798/798/5 789/789/5
f 758/758/8 779/779/8 791/791/8 770/770/8
f 760/760/9 781/781/9 778/778/9 757/757/9
f 773/773/10 794/794/10 782/782/10 761/761/10
f 761/761/13 782/782/13 781/781/13 760/760/13
f 763/763/12 784/784/12 783/783/12 762/762/12
f 759/759/13 780/780/13 784/784/13 763/763/13
f 762/762/11 783/783/11 779/779/11 758/758/11
f 764/764/13 785/785/13 786/786/13 765/765/13
f 757/757/9 778/778/9 785/785/9 764/764/9
f 765/765/8 786/786/8 780/780/8 759/759/8
f 770/770/8 791/791/8 788/788/8 767/767/8
f 766/766/9 787/787/9 790/790/9 769/769/9
f 772/772/10 793/793/10 794/794/10 773/773/10
f 769/769/11 790/790/11 793/793/11 772/772/11
f 774/774/12 795/795/12 796/796/12 775/775/12
f 775/775/11 796/796/11 789/789/11 768/768/11
f 767/767/13 788/788/13 795/795/13 774/774/13
f 777/777/11 798/798/11 797/797/11 776/776/11
f 776/776/9 797/797/9 787/787/9 766/766/9
f 768/768/8 789/789/8 798/798/8 777/777/8
f 812/812/14 813/813/14 802/802/14 800/800/14
f 802/802/14 799/799/14 801/801/14 800/800/14
f 813/813/15 815/815/15 803/803/15 802/802/15
f 801/801/16 805/805/16 804/804/16 800/800/16
f 799/799/14 806/806/14 807/807/14 801/801/14
f 812/812/14 809/809/14 811/811/14 813/813/14
f 811/811/14 809/809/14 810/810/14 808/808/14
f 813/813/15 811/811/15 814/814/15 815/815/15
f 810/810/16 809/809/16 816/816/16 817/817/16
f 808/808/14 810/810/14 819/819/14 818/818/14
f 833/833/17 821/821/17 823/823/17 834/834/17
f 823/823/17 821/821/17 822/822/17 820/820/17
f 834/834/18 823/823/18 824/824/18 836/836/18
f 822/822/19 821/821/19 825/825/19 826/826/19
f 820/820/17 822/822/17 828/828/17 827/827/17
f 833/833/17 834/834/17 832/832/17 830/830/17
f 832/832/17 829/829/17 831/831/17 830/830/17
f 834/834/18 836/836/18 835/835/18 832/832/18
f 831/831/19 838/838/19 837/837/19 830/830/19
f 829/829/17 839/839/17 840/840/17 831/831/17
f 800/800/20 821/821/20 833/833/20 812/812/20
f 802/802/21 823/823/21 820/820/21 799/799/21
f 815/815/22 836/836/22 824/824/22 803/803/22
f 803/803/13 824/824/13 823/823/13 802/802/13
f 805/805/23 826/826/23 825/825/23 804/804/23
f 801/801/13 822/822/13 826/826/13 805/805/13
f 804/804/11 825/825/11 821/821/11 800/800/11
f 806/806/13 827/827/13 828/828/13 807/807/13
f 799/799/21 820/820/21 827/827/21 806/806/21
f 807/807/20 828/828/20 822/822/20 801/801/20
f 812/812/20 833/833/20 830/830/20 809/809/20
f 808/808/21 829/829/21 832/832/21 811/811/21
f 814/814/22 835/835/22 836/836/22 815/815/22
f 811/811/11 832/832/11 835/835/11 814/814/11
f 816/816/23 837/837/23 838/838/23 817/817/23
f 817/817/11 838/838/11 831/831/11 810/810/11
f 809/809/13 830/830/13 837/837/13 816/816/13
f 819/819/11 840/840/11 839/839/11 818/818/11
f 818/818/21 839/839/21 829/829/21 808/808/21
f 810/810/20 831/831/20 840/840/20 819/819/20
f 854/854/24 855/855/24 844/844/24 842/842/24
f 844/844/24 841/841/24 843/843/24 842/842/24
f 855/855/25 857/857/25 845/845/25 844/844/25
f 843/843/26 847/847/26 846/846/26 842/842/26
f 841/841/24 848/848/24 849/849/24 843/843/24
f 854/854/24 851/851/24 853/853/24 855/855/24
f 853/853/24 851/851/24 852/852/24 850/850/24
f 855/855/25 853/853/25 856/856/25 857/857/25
f 852/852/26 851/851/26 858/858/26 859/859/26
f 850/850/24 852/852/24 861/861/24 860/860/24
f 875/875/27 863/863/27 865/865/27 876/876/27
f 865/865/27 863/863/27 864/864/27 862/862/27
f 876/876/28 865/865/28 866/866/28 878/878/28
f 864/864/29 863/863/29 867/867/29 868/868/29
f 862/862/27 864/864/27 870/870/27 869/869/27
f 875/875/27 876/876/27 874/874/27 872/872/27
f 874/874/27 871/871/27 873/873/27 872/872/27
f 876/876/28 878/878/28 877/877/28 874/874/28
f 873/873/29 880/880/29 879/879/29 872/872/29
f 871/871/27 881/881/27 882/882/27 873/873/27
f 842/842/30 863/863/30 875/875/30 854/854/30
f 844/844/31 865/865/31 862/862/31 841/841/31
f 857/857/32 878/878/32 866/866/32 845/845/32
f 845/845/13 866/866/13 865/865/13 844/844/13
f 847/847/33 868/868/33 867/867/33 846/846/33
f 843/843/13 864/864/13 868/868/13 847/847/13
f 846/846/11 867/867/11 863/863/11 842/842/11
f 848/848/13 869/869/13 870/870/13 849/849/13
f 841/841/31 862/862/31 869/869/31 848/848/31
f 849/849/30 870/870/30 864/864/30 843/843/30
f 854/854/30 875/875/30 872/872/30 851/851/30
f 850/850/31 871/871/31 874/874/31 853/853/31
f 856/856/32 877/877/32 878/878/32 857/857/32
f 853/853/11 874/874/11 877/877/11 856/856/11
f 858/858/33 879/879/33 880/880/33 859/859/33
f 859/859/11 880/880/11 873/873/11 852/852/11
f 851/851/13 872/872/13 879/879/13 858/858/13
f 861/861/11 882/882/11 881/881/11 860/860/11
f 860/860/31 881/881/31 871/871/31 850/850/31
f 852/852/30 873/873/30 882/882/30 861/861/30
f 896/896/34 897/897/34 886/886/34 884/884/34
f 886/886/34 883/883/34 885/885/34 884/884/34
f 897/897/35 899/899/35 887/887/35 886/886/35
f 885/885/25 889/889/25 888/888/25 884/884/25
f 883/883/34 890/890/34 891/891/34 885/885/34
f 896/896/34 893/893/34 895/895/34 897/897/34
f 895/895/34 893/893/34 894/894/34 892/892/34
f 897/897/35 895/895/35 898/898/35 899/899/35
f 894/894/25 893/893/25 900/900/25 901/901/25
f 892/892/34 894/894/34 903/903/34 902/902/34
f 917/917/36 905/905/36 907/907/36 918/918/36
f 907/907/36 905/905/36 906/906/36 904/904/36
f 918/918/37 907/907/37 908/908/37 920/920/37
f 906/906/38 905/905/38 909/909/38 910/910/38
f 904/904/36 906/906/36 912/912/36 911/911/36
f 917/917/36 918/918/36 916/916/36 914/914/36
f 916/916/36 913/913/36 915/915/36 914/914/36
f 918/918/37 920/920/37 919/919/37 916/916/37
f 915/915/38 922/922/38 921/921/38 914/914/38
f 913/913/36 923/923/36 924/924/36 915/915/36
f 884/884/39 905/905/39 917/917/39 896/896/39
f 886/886/40 907/907/40 904/904/40 883/883/40
f 899/899/41 920/920/41 908/908/41 887/887/41
f 887/887/13 908/908/13 907/907/13 886/886/13
f 889/889/42 910/910/42 909/909/42 888/888/42
f 885/885/13 906/906/13 910/910/13 889/889/13
f 888/888/11 909/909/11 905/905/11 884/884/11
f 890/890/13 911/911/13 912/912/13 891/891/13
f 883/883/40 904/904/40 911/911/40 890/890/40
f 891/891/39 912/912/39 906/906/39 885/885/39
f 896/896/39 917/917/39 914/914/39 893/893/39
f 892/892/40 913/913/40 916/916/40 895/895/40
f 898/898/41 919/919/41 920/920/41 899/899/41
f 895/895/11 916/916/11 919/919/11 898/898/11
f 900/900/42 921/921/42 922/922/42 901/901/42
f 901/901/11 922/922/11 915/915/11 894/894/11
f 893/893/13 914/914/13 921/921/13 900/900/13
f 903/903/11 924/924/11 923/923/11 902/902/11
f 902/902/40 923/923/40 913/913/40 892/892/40
f 894/894/39 915/915/39 924/924/39 903/903/39
f 938/938/43 939/939/43 928/928/43 926/926/43
f 928/928/43 925/925/43 927/927/43 926/926/43
f 939/939/44 941/941/44 929/929/44 928/928/44
f 927/927/45 931/931/45 930/930/45 926/926/45
f 925/925/43 932/932/43 933/933/43 927/927/43
f 938/938/43 935/935/43 937/937/43 939/939/43
f 937/937/43 935/935/43 936/936/43 934/934/43
f 939/939/44 937/937/44 940/940/44 941/941/44
f 936/936/45 935/935/45 942/942/45 943/943/45
f 934/934/43 936/936/43 945/945/43 944/944/43
f 959/959/46 947/947/46 949/949/46 960/960/46
f 949/949/46 947/947/46 948/948/46 946/946/46
f 960/960/47 949/949/47 950/950/47 962/962/47
f 948/948/37 947/947/37 951/951/37 952/952/37
f 946/946/46 948/948/46 954/954/46 953/953/46
f 959/959/46 960/960/46 958/958/46 956/956/46
f 958/958/46 955/955/46 957/957/46 956/956/46
f 960/960/47 962/962/47 961/961/47 958/958/47
f 957/957/37 964/964/37 963/963/37 956/956/37
f 955/955/46 965/965/46 966/966/46 957/957/46
f 926/926/48 947/947/48 959/959/48 938/938/48
f 928/928/49 949/949/49 946/946/49 925/925/49
f 941/941/50 962/962/50 950/950/50 929/929/50
f 929/929/13 950/950/13 949/949/13 928/928/13
f 931/931/51 952/952/51 951/951/51 930/930/51
f 927/927/13 948/948/13 952/952/13 931/931/13
f 930/930/11 951/951/11 947/947/11 926/926/11
f 932/932/13 953/953/13 954/954/13 933/933/13
f 925/925/49 946/946/49 953/953/49 932/932/49
f 933/933/48 954/954/48 948/948/48 927/927/48
f 938/938/48 959/959/48 956/956/48 935/935/48
f 934/934/49 955/955/49 958/958/49 937/937/49
f 940/940/50 961/961/50 962/962/50 941/941/50
f 937/937/11 958/958/11 961/961/11 940/940/11
f 942/942/51 963/963/51 964/964/51 943/943/51
f 943/943/11 964/964/11 957/957/11 936/936/11
f 935/935/13 956/956/13 963/963/13 942/942/13
f 945/945/11 966/966/11 965/965/11 944/944/11
f 944/944/49 965/965/49 955/955/49 934/934/49
f 936/936/48 957/957/48 966/966/48 945/945/48
f 980/980/52 981/981/52 970/970/52 968/968/52
f 970/970/52 967/967/52 969/969/52 968/968/52
f 981/981/53 983/983/53 971/971/53 970/970/53
f 969/969/44 973/973/44 972/972/44 968/968/44
f 967/967/52 974/974/52 975/975/52 969/969/52
f 980/980/52 977/977/52 979/979/52 981/981/52
f 979/979/52 977/977/52 978/978/52 976/976/52
f 981/981/53 979/979/53 982/982/53 983/983/53
f 978/978/44 977/977/44 984/984/44 985/985/44
f 976/976/52 978/978/52 987/987/52 986/986/52
f 1001/1001/54 989/989/54 991/991/54 1002/1002/54
f 991/991/54 989/989/54 990/990/54 988/988/54
f 1002/1002/55 991/991/55 992/992/55 1004/1004/55
f 990/990/47 989/989/47 993/993/47 994/994/47
f 988/988/54 990/990/54 996/996/54 995/995/54
f 1001/1001/54 1002/1002/54 1000/1000/54 998/998/54
f 1000/1000/54 997/997/54 999/999/54 998/998/54
f 1002/1002/55 1004/1004/55 1003/1003/55 1000/1000/55
f 999/999/47 1006/1006/47 1005/1005/47 998/998/47
f 997/997/54 1007/1007/54 1008/1008/54 999/999/54
f 968/968/56 989/989/56 1001/1001/56 980/980/56
f 970/970/57 991/991/57 988/988/57 967/967/57
f 983/983/58 1004/1004/58 992/992/58 971/971/58
f 971/971/13 992/992/13 991/991/13 970/970/13
f 973/973/59 994/994/59 993/993/59 972/972/59
f 969/969/13 990/990/13 994/994/13 973/973/13
f 972/972/11 993/993/11 989/989/11 968/968/11
f 974/974/13 995/995/13 996/996/13 975/975/13
f 967/967/57 988/988/57 995/995/57 974/974/57
f 975/975/56 996/996/56 990/990/56 969/969/56
f 980/980/56 1001/1001/56 998/998/56 977/977/56
f 976/976/57 997/997/57 1000/1000/57 979/979/57
f 982/982/58 1003/1003/58 1004/1004/58 983/983/58
f 979/979/11 1000/1000/11 1003/1003/11 982/982/11
f 984/984/59 1005/1005/59 1006/1006/59 985/985/59
f 985/985/11 1006/1006/11 999/999/11 978/978/11
f 977/977/13 998/998/13 1005/1005/13 984/984/13
f 987/987/11 1008/1008/11 1007/1007/11 986/986/11
f 986/986/57 1007/1007/57 997/997/57 976/976/57
f 978/978/56 999/999/56 1008/1008/56 987/987/56
f 1022/1022/60 1023/1023/60 1012/1012/60 1010/1010/60
f 1012/1012/60 1009/1009/60 1011/1011/60 1010/1010/60
f 1023/1023/61 1025/1025/61 1013/1013/61 1012/1012/61
f 1011/1011/53 1015/1015/53 1014/1014/53 1010/1010/53
f 1009/1009/60 1016/1016/60 1017/1017/60 1011/1011/60
f 1022/1022/60 1019/1019/60 1021/1021/60 1023/1023/60
f 1021/1021/60 1019/1019/60 1020/1020/60 1018/1018/60
f 1023/1023/61 1021/1021/61 1024/1024/61 1025/1025/61
f 1020/1020/53 1019/1019/53 1026/1026/53 1027/1027/53
f 1018/1018/60 1020/1020/60 1029/1029/60 1028/1028/60
f 1043/1043/62 1031/1031/62 1033/1033/62 1044/1044/62
f 1033/1033/62 1031/1031/62 1032/1032/62 1030/1030/62
f 1044/1044/63 1033/1033/63 1034/1034/63 1046/1046/63
f 1032/1032/64 1031/1031/64 1035/1035/64 1036/1036/64
f 1030/1030/62 1032/1032/62 1038/1038/62 1037/1037/62
f 1043/1043/62 1044/1044/62 1042/1042/62 1040/1040/62
f 1042/1042/62 1039/1039/62 1041/1041/62 1040/1040/62
f 1044/1044/63 1046/1046/63 1045/1045/63 1042/1042/63
f 1041/1041/64 1048/1048/64 1047/1047/64 1040/1040/64
f 1039/1039/62 1049/1049/62 1050/1050/62 1041/1041/62
f 1010/1010/65 1031/1031/65 1043/1043/65 1022/1022/65
f 1012/1012/66 1033/1033/66 1030/1030/66 1009/1009/66
f 1025/1025/67 1046/1046/67 1034/1034/67 1013/1013/67
f 1013/1013/13 1034/1034/13 1033/1033/13 1012/1012/13
f 1015/1015/68 1036/1036/68 1035/1035/68 1014/1014/68
f 1011/1011/13 1032/1032/13 1036/1036/13 1015/1015/13
f 1014/1014/11 1035/1035/11 1031/1031/11 1010/1010/11
f 1016/1016/13 1037/1037/13 1038/1038/13 1017/1017/13
f 1009/1009/66 1030/1030/66 1037/1037/66 1016/1016/66
f 1017/1017/65 1038/1038/65 1032/1032/65 1011/1011/65
f 1022/1022/65 1043/1043/65 1040/1040/65 1019/1019/65
f 1018/1018/66 1039/1039/66 1042/1042/66 1021/1021/66
f 1024/1024/67 1045/1045/67 1046/1046/67 1025/1025/67
f 1021/1021/11 1042/1042/11 1045/1045/11 1024/1024/11
f 1026/1026/68 1047/1047/68 1048/1048/68 1027/1027/68
f 1027/1027/11 1048/1048/11 1041/1041/11 1020/1020/11
f 1019/1019/13 1040/1040/13 1047/1047/13 1026/1026/13
f 1029/1029/11 1050/1050/11 1049/1049/11 1028/1028/11
f 1028/1028/66 1049/1049/66 1039/1039/66 1018/1018/66
f 1020/1020/65 1041/1041/65 1050/1050/65 1029/1029/65
f 1064/1064/69 1065/1065/69 1054/1054/69 1052/1052/69
f 1054/1054/69 1051/1051/69 1053/1053/69 1052/1052/69
f 1065/1065/70 1067/1067/70 1055/1055/70 1054/1054/70
f 1053/1053/71 1057/1057/71 1056/1056/71 1052/1052/71
f 1051/1051/69 1058/1058/69 1059/1059/69 1053/1053/69
f 1064/1064/69 1061/1061/69 1063/1063/69 1065/1065/69
f 1063/1063/69 1061/1061/69 1062/1062/69 1060/1060/69
f 1065/1065/70 1063/1063/70 1066/1066/70 1067/1067/70
f 1062/1062/71 1061/1061/71 1068/1068/71 1069/1069/71
f 1060/1060/176 1062/1062/176 1071/1071/176 1070/1070/176
f 1085/1085/72 1073/1073/72 1075/1075/72 1086/1086/72
f 1075/1075/72 1073/1073/72 1074/1074/72 1072/1072/72
f 1086/1086/73 1075/1075/73 1076/1076/73 1088/1088/73
f 1074/1074/74 1073/1073/74 1077/1077/74 1078/1078/74
f 1072/1072/72 1074/1074/72 1080/1080/72 1079/1079/72
f 1085/1085/72 1086/1086/72 1084/1084/72 1082/1082/72
f 1084/1084/72 1081/1081/72 1083/1083/72 1082/1082/72
f 1086/1086/73 1088/1088/73 1087/1087/73 1084/1084/73
f 1083/1083/74 1090/1090/74 1089/1089/74 1082/1082/74
f 1081/1081/72 1091/1091/72 1092/1092/72 1083/1083/72
f 1052/1052/75 1073/1073/75 1085/1085/75 1064/1064/75
f 1054/1054/76 1075/1075/76 1072/1072/76 1051/1051/76
f 1067/1067/77 1088/1088/77 1076/1076/77 1055/1055/77
f 1055/1055/13 1076/1076/13 1075/1075/13 1054/1054/13
f 1057/1057/78 1078/1078/78 1077/1077/78 1056/1056/78
f 1053/1053/13 1074/1074/13 1078/1078/13 1057/1057/13
f 1056/1056/11 1077/1077/11 1073/1073/11 1052/1052/11
f 1058/1058/13 1079/1079/13 1080/1080/13 1059/1059/13
f 1051/1051/76 1072/1072/76 1079/1079/76 1058/1058/76
f 1059/1059/75 1080/1080/75 1074/1074/75 1053/1053/75
f 1064/1064/75 1085/1085/75 1082/1082/75 1061/1061/75
f 1060/1060/76 1081/1081/76 1084/1084/76 1063/1063/76
f 1066/1066/77 1087/1087/77 1088/1088/77 1067/1067/77
f 1063/1063/11 1084/1084/11 1087/1087/11 1066/1066/11
f 1068/1068/78 1089/1089/78 1090/1090/78 1069/1069/78
f 1069/1069/11 1090/1090/11 1083/1083/11 1062/1062/11
f 1061/1061/13 1082/1082/13 1089/1089/13 1068/1068/13
f 1071/1071/11 1092/1092/11 1091/1091/11 1070/1070/11
f 1070/1070/76 1091/1091/76 1081/1081/76 1060/1060/76
f 1062/1062/75 1083/1083/75 1092/1092/75 1071/1071/75
f 1106/1106/79 1107/1107/79 1096/1096/79 1094/1094/79
f 1096/1096/79 1093/1093/79 1095/1095/79 1094/1094/79
f 1107/1107/80 1109/1109/80 1097/1097/80 1096/1096/80
f 1095/1095/81 1099/1099/81 1098/1098/81 1094/1094/81
f 1093/1093/79 1100/1100/79 1101/1101/79 1095/1095/79
f 1106/1106/79 1103/1103/79 1105/1105/79 1107/1107/79
f 1105/1105/79 1103/1103/79 1104/1104/79 1102/1102/79
f 1107/1107/80 1105/1105/80 1108/1108/80 1109/1109/80
f 1104/1104/81 1103/1103/81 1110/1110/81 1111/1111/81
f 1102/1102/79 1104/1104/79 1113/1113/79 1112/1112/79
f 1127/1127/82 1115/1115/82 1117/1117/82 1128/1128/82
f 1117/1117/82 1115/1115/82 1116/1116/82 1114/1114/82
f 1128/1128/83 1117/1117/83 1118/1118/83 1130/1130/83
f 1116/1116/84 1115/1115/84 1119/1119/84 1120/1120/84
f 1114/1114/82 1116/1116/82 1122/1122/82 1121/1121/82
f 1127/1127/82 1128/1128/82 1126/1126/82 1124/1124/82
f 1126/1126/82 1123/1123/82 1125/1125/82 1124/1124/82
f 1128/1128/83 1130/1130/83 1129/1129/83 1126/1126/83
f 1125/1125/84 1132/1132/84 1131/1131/84 1124/1124/84
f 1123/1123/82 1133/1133/82 1134/1134/82 1125/1125/82
f 1094/1094/85 1115/1115/85 1127/1127/85 1106/1106/85
f 1096/1096/86 1117/1117/86 1114/1114/86 1093/1093/86
f 1109/1109/87 1130/1130/87 1118/1118/87 1097/1097/87
f 1097/1097/13 1118/1118/13 1117/1117/13 1096/1096/13
f 1099/1099/88 1120/1120/88 1119/1119/88 1098/1098/88
f 1095/1095/13 1116/1116/13 1120/1120/13 1099/1099/13
f 1098/1098/11 1119/1119/11 1115/1115/11 1094/1094/11
f 1100/1100/13 1121/1121/13 1122/1122/13 1101/1101/13
f 1093/1093/86 1114/1114/86 1121/1121/86 1100/1100/86
f 1101/1101/85 1122/1122/85 1116/1116/85 1095/1095/85
f 1106/1106/85 1127/1127/85 1124/1124/85 1103/1103/85
f 1102/1102/86 1123/1123/86 1126/1126/86 1105/1105/86
f 1108/1108/87 1129/1129/87 1130/1130/87 1109/1109/87
f 1105/1105/11 1126/1126/11 1129/1129/11 1108/1108/11
f 1110/1110/88 1131/1131/88 1132/1132/88 1111/1111/88
f 1111/1111/11 1132/1132/11 1125/1125/11 1104/1104/11
f 1103/1103/13 1124/1124/13 1131/1131/13 1110/1110/13
f 1113/1113/11 1134/1134/11 1133/1133/11 1112/1112/11
f 1112/1112/86 1133/1133/86 1123/1123/86 1102/1102/86
f 1104/1104/85 1125/1125/85 1134/1134/85 1113/1113/85
f 1148/1148/89 1149/1149/89 1138/1138/89 1136/1136/89
f 1138/1138/89 1135/1135/89 1137/1137/89 1136/1136/89
f 1149/1149/90 1151/1151/90 1139/1139/90 1138/1138/90
f 1137/1137/80 1141/1141/80 1140/1140/80 1136/1136/80
f 1135/1135/89 1142/1142/89 1143/1143/89 1137/1137/89
f 1148/1148/89 1145/1145/89 1147/1147/89 1149/1149/89
f 1147/1147/89 1145/1145/89 1146/1146/89 1144/1144/89
f 1149/1149/90 1147/1147/90 1150/1150/90 1151/1151/90
f 1146/1146/80 1145/1145/80 1152/1152/80 1153/1153/80
f 1144/1144/89 1146/1146/89 1155/1155/89 1154/1154/89
f 1169/1169/91 1157/1157/91 1159/1159/91 1170/1170/91
f 1159/1159/91 1157/1157/91 1158/1158/91 1156/1156/91
f 1170/1170/92 1159/1159/92 1160/1160/92 1172/1172/92
f 1158/1158/93 1157/1157/93 1161/1161/93 1162/1162/93
f 1156/1156/91 1158/1158/91 1164/1164/91 1163/1163/91
f 1169/1169/91 1170/1170/91 1168/1168/91 1166/1166/91
f 1168/1168/91 1165/1165/91 1167/1167/91 1166/1166/91
f 1170/1170/92 1172/1172/92 1171/1171/92 1168/1168/92
f 1167/1167/93 1174/1174/93 1173/1173/93 1166/1166/93
f 1165/1165/91 1175/1175/91 1176/1176/91 1167/1167/91
f 1136/1136/94 1157/1157/94 1169/1169/94 1148/1148/94
f 1138/1138/95 1159/1159/95 1156/1156/95 1135/1135/95
f 1151/1151/96 1172/1172/96 1160/1160/96 1139/1139/96
f 1139/1139/13 1160/1160/13 1159/1159/13 1138/1138/13
f 1141/1141/97 1162/1162/97 1161/1161/97 1140/1140/97
f 1137/1137/13 1158/1158/13 1162/1162/13 1141/1141/13
f 1140/1140/11 1161/1161/11 1157/1157/11 1136/1136/11
f 1142/1142/13 1163/1163/13 1164/1164/13 1143/1143/13
f 1135/1135/95 1156/1156/95 1163/1163/95 1142/1142/95
f 1143/1143/94 1164/1164/94 1158/1158/94 1137/1137/94
f 1148/1148/94 1169/1169/94 1166/1166/94 1145/1145/94
f 1144/1144/95 1165/1165/95 1168/1168/95 1147/1147/95
f 1150/1150/96 1171/1171/96 1172/1172/96 1151/1151/96
f 1147/1147/11 1168/1168/11 1171/1171/11 1150/1150/11
f 1152/1152/97 1173/1173/97 1174/1174/97 1153/1153/97
f 1153/1153/11 1174/1174/11 1167/1167/11 1146/1146/11
f 1145/1145/13 1166/1166/13 1173/1173/13 1152/1152/13
f 1155/1155/11 1176/1176/11 1175/1175/11 1154/1154/11
f 1154/1154/95 1175/1175/95 1165/1165/95 1144/1144/95
f 1146/1146/94 1167/1167/94 1176/1176/94 1155/1155/94
f 1190/1190/98 1191/1191/98 1180/1180/98 1178/1178/98
f 1180/1180/98 1177/1177/98 1179/1179/98 1178/1178/98
f 1191/1191/99 1193/1193/99 1181/1181/99 1180/1180/99
f 1179/1179/100 1183/1183/100 1182/1182/100 1178/1178/100
f 1177/1177/98 1184/1184/98 1185/1185/98 1179/1179/98
f 1190/1190/98 1187/1187/98 1189/1189/98 1191/1191/98
f 1189/1189/98 1187/1187/98 1188/1188/98 1186/1186/98
f 1191/1191/99 1189/1189/99 1192/1192/99 1193/1193/99
f 1188/1188/101 1187/1187/101 1194/1194/101 1195/1195/101
f 1186/1186/98 1188/1188/98 1197/1197/98 1196/1196/98
f 1211/1211/102 1199/1199/102 1201/1201/102 1212/1212/102
f 1201/1201/102 1199/1199/102 1200/1200/102 1198/1198/102
f 1212/1212/103 1201/1201/103 1202/1202/103 1214/1214/103
f 1200/1200/104 1199/1199/104 1203/1203/104 1204/1204/104
f 1198/1198/102 1200/1200/102 1206/1206/102 1205/1205/102
f 1211/1211/102 1212/1212/102 1210/1210/102 1208/1208/102
f 1210/1210/102 1207/1207/102 1209/1209/102 1208/1208/102
f 1212/1212/103 1214/1214/103 1213/1213/103 1210/1210/103
f 1209/1209/104 1216/1216/104 1215/1215/104 1208/1208/104
f 1207/1207/102 1217/1217/102 1218/1218/102 1209/1209/102
f 1178/1178/105 1199/1199/105 1211/1211/105 1190/1190/105
f 1180/1180/106 1201/1201/106 1198/1198/106 1177/1177/106
f 1193/1193/107 1214/1214/107 1202/1202/107 1181/1181/107
f 1181/1181/13 1202/1202/13 1201/1201/13 1180/1180/13
f 1183/1183/108 1204/1204/108 1203/1203/108 1182/1182/108
f 1179/1179/13 1200/1200/13 1204/1204/13 1183/1183/13
f 1182/1182/11 1203/1203/11 1199/1199/11 1178/1178/11
f 1184/1184/13 1205/1205/13 1206/1206/13 1185/1185/13
f 1177/1177/106 1198/1198/106 1205/1205/106 1184/1184/106
f 1185/1185/105 1206/1206/105 1200/1200/105 1179/1179/105
f 1190/1190/105 1211/1211/105 1208/1208/105 1187/1187/105
f 1186/1186/106 1207/1207/106 1210/1210/106 1189/1189/106
f 1192/1192/107 1213/1213/107 1214/1214/107 1193/1193/107
f 1189/1189/11 1210/1210/11 1213/1213/11 1192/1192/11
f 1194/1194/108 1215/1215/108 1216/1216/108 1195/1195/108
f 1195/1195/11 1216/1216/11 1209/1209/11 1188/1188/11
f 1187/1187/13 1208/1208/13 1215/1215/13 1194/1194/13
f 1197/1197/11 1218/1218/11 1217/1217/11 1196/1196/11
f 1196/1196/106 1217/1217/106 1207/1207/106 1186/1186/106
f 1188/1188/105 1209/1209/105 1218/1218/105 1197/1197/105
f 1232/1232/109 1233/1233/109 1222/1222/109 1220/1220/109
f 1222/1222/109 1219/1219/109 1221/1221/109 1220/1220/109
f 1233/1233/110 1235/1235/110 1223/1223/110 1222/1222/110
f 1221/1221/111 1225/1225/111 1224/1224/111 1220/1220/111
f 1219/1219/109 1226/1226/109 1227/1227/109 1221/1221/109
f 1232/1232/109 1229/1229/109 1231/1231/109 1233/1233/109
f 1231/1231/109 1229/1229/109 1230/1230/109 1228/1228/109
f 1233/1233/110 1231/1231/110 1234/1234/110 1235/1235/110
f 1230/1230/111 1229/1229/111 1236/1236/111 1237/1237/111
f 1228/1228/109 1230/1230/109 1239/1239/109 1238/1238/109
f 1253/1253/112 1241/1241/112 1243/1243/112 1254/1254/112
f 1243/1243/112 1241/1241/112 1242/1242/112 1240/1240/112
f 1254/1254/113 1243/1243/113 1244/1244/113 1256/1256/113
f 1242/1242/114 1241/1241/114 1245/1245/114 1246/1246/114
f 1240/1240/112 1242/1242/112 1248/1248/112 1247/1247/112
f 1253/1253/112 1254/1254/112 1252/1252/112 1250/1250/112
f 1252/1252/112 1249/1249/112 1251/1251/112 1250/1250/112
f 1254/1254/113 1256/1256/113 1255/1255/113 1252/1252/113
f 1251/1251/114 1258/1258/114 1257/1257/114 1250/1250/114
f 1249/1249/112 1259/1259/112 1260/1260/112 1251/1251/112
f 1220/1220/115 1241/1241/115 1253/1253/115 1232/1232/115
f 1222/1222/116 1243/1243/116 1240/1240/116 1219/1219/116
f 1235/1235/117 1256/1256/117 1244/1244/117 1223/1223/117
f 1223/1223/13 1244/1244/13 1243/1243/13 1222/1222/13
f 1225/1225/118 1246/1246/118 1245/1245/118 1224/1224/118
f 1221/1221/13 1242/1242/13 1246/1246/13 1225/1225/13
f 1224/1224/11 1245/1245/11 1241/1241/11 1220/1220/11
f 1226/1226/13 1247/1247/13 1248/1248/13 1227/1227/13
f 1219/1219/116 1240/1240/116 1247/1247/116 1226/1226/116
f 1227/1227/115 1248/1248/115 1242/1242/115 1221/1221/115
f 1232/1232/115 1253/1253/115 1250/1250/115 1229/1229/115
f 1228/1228/116 1249/1249/116 1252/1252/116 1231/1231/116
f 1234/1234/117 1255/1255/117 1256/1256/117 1235/1235/117
f 1231/1231/11 1252/1252/11 1255/1255/11 1234/1234/11
f 1236/1236/118 1257/1257/118 1258/1258/118 1237/1237/118
f 1237/1237/11 1258/1258/11 1251/1251/11 1230/1230/11
f 1229/1229/13 1250/1250/13 1257/1257/13 1236/1236/13
f 1239/1239/11 1260/1260/11 1259/1259/11 1238/1238/11
f 1238/1238/116 1259/1259/116 1249/1249/116 1228/1228/116
f 1230/1230/115 1251/1251/115 1260/1260/115 1239/1239/115
f 1274/1274/119 1275/1275/119 1264/1264/119 1262/1262/119
f 1264/1264/119 1261/1261/119 1263/1263/119 1262/1262/119
f 1275/1275/120 1277/1277/120 1265/1265/120 1264/1264/120
f 1263/1263/121 1267/1267/121 1266/1266/121 1262/1262/121
f 1261/1261/119 1268/1268/119 1269/1269/119 1263/1263/119
f 1274/1274/119 1271/1271/119 1273/1273/119 1275/1275/119
f 1273/1273/119 1271/1271/119 1272/1272/119 1270/1270/119
f 1275/1275/120 1273/1273/120 1276/1276/120 1277/1277/120
f 1272/1272/121 1271/1271/121 1278/1278/121 1279/1279/121
f 1270/1270/119 1272/1272/119 1281/1281/119 1280/1280/119
f 1295/1295/122 1283/1283/122 1285/1285/122 1296/1296/122
f 1285/1285/122 1283/1283/122 1284/1284/122 1282/1282/122
f 1296/1296/123 1285/1285/123 1286/1286/123 1298/1298/123
f 1284/1284/124 1283/1283/124 1287/1287/124 1288/1288/124
f 1282/1282/122 1284/1284/122 1290/1290/122 1289/1289/122
f 1295/1295/122 1296/1296/122 1294/1294/122 1292/1292/122
f 1294/1294/122 1291/1291/122 1293/1293/122 1292/1292/122
f 1296/1296/123 1298/1298/123 1297/1297/123 1294/1294/123
f 1293/1293/124 1300/1300/124 1299/1299/124 1292/1292/124
f 1291/1291/122 1301/1301/122 1302/1302/122 1293/1293/122
f 1262/1262/125 1283/1283/125 1295/1295/125 1274/1274/125
f 1264/1264/126 1285/1285/126 1282/1282/126 1261/1261/126
f 1277/1277/127 1298/1298/127 1286/1286/127 1265/1265/127
f 1265/1265/13 1286/1286/13 1285/1285/13 1264/1264/13
f 1267/1267/128 1288/1288/128 1287/1287/128 1266/1266/128
f 1263/1263/13 1284/1284/13 1288/1288/13 1267/1267/13
f 1266/1266/11 1287/1287/11 1283/1283/11 1262/1262/11
f 1268/1268/13 1289/1289/13 1290/1290/13 1269/1269/13
f 1261/1261/126 1282/1282/126 1289/1289/126 1268/1268/126
f 1269/1269/125 1290/1290/125 1284/1284/125 1263/1263/125
f 1274/1274/125 1295/1295/125 1292/1292/125 1271/1271/125
f 1270/1270/126 1291/1291/126 1294/1294/126 1273/1273/126
f 1276/1276/127 1297/1297/127 1298/1298/127 1277/1277/127
f 1273/1273/11 1294/1294/11 1297/1297/11 1276/1276/11
f 1278/1278/128 1299/1299/128 1300/1300/128 1279/1279/128
f 1279/1279/11 1300/1300/11 1293/1293/11 1272/1272/11
f 1271/1271/13 1292/1292/13 1299/1299/13 1278/1278/13
f 1281/1281/11 1302/1302/11 1301/1301/11 1280/1280/11
f 1280/1280/126 1301/1301/126 1291/1291/126 1270/1270/126
f 1272/1272/125 1293/1293/125 1302/1302/125 1281/1281/125
f 1316/1316/129 1317/1317/129 1306/1306/129 1304/1304/129
f 1306/1306/129 1303/1303/129 1305/1305/129 1304/1304/129
f 1317/1317/130 1319/1319/130 1307/1307/130 1306/1306/130
f 1305/1305/131 1309/1309/131 1308/1308/131 1304/1304/131
f 1303/1303/129 1310/1310/129 1311/1311/129 1305/1305/129
f 1316/1316/129 1313/1313/129 1315/1315/129 1317/1317/129
f 1315/1315/129 1313/1313/129 1314/1314/129 1312/1312/129
f 1317/1317/130 1315/1315/130 1318/1318/130 1319/1319/130
f 1314/1314/131 1313/1313/131 1320/1320/131 1321/1321/131
f 1312/1312/129 1314/1314/129 1323/1323/129 1322/1322/129
f 1337/1337/132 1325/1325/132 1327/1327/132 1338/1338/132
f 1327/1327/132 1325/1325/132 1326/1326/132 1324/1324/132
f 1338/1338/133 1327/1327/133 1328/1328/133 1340/1340/133
f 1326/1326/134 1325/1325/134 1329/1329/134 1330/1330/134
f 1324/1324/132 1326/1326/132 1332/1332/132 1331/1331/132
f 1337/1337/132 1338/1338/132 1336/1336/132 1334/1334/132
f 1336/1336/132 1333/1333/132 1335/1335/132 1334/1334/132
f 1338/1338/133 1340/1340/133 1339/1339/133 1336/1336/133
f 1335/1335/134 1342/1342/134 1341/1341/134 1334/1334/134
f 1333/1333/132 1343/1343/132 1344/1344/132 1335/1335/132
f 1304/1304/135 1325/1325/135 1337/1337/135 1316/1316/135
f 1306/1306/136 1327/1327/136 1324/1324/136 1303/1303/136
f 1319/1319/137 1340/1340/137 1328/1328/137 1307/1307/137
f 1307/1307/13 1328/1328/13 1327/1327/13 1306/1306/13
f 1309/1309/138 1330/1330/138 1329/1329/138 1308/1308/138
f 1305/1305/13 1326/1326/13 1330/1330/13 1309/1309/13
f 1308/1308/11 1329/1329/11 1325/1325/11 1304/1304/11
f 1310/1310/13 1331/1331/13 1332/1332/13 1311/1311/13
f 1303/1303/136 1324/1324/136 1331/1331/136 1310/1310/136
f 1311/1311/135 1332/1332/135 1326/1326/135 1305/1305/135
f 1316/1316/135 1337/1337/135 1334/1334/135 1313/1313/135
f 1312/1312/136 1333/1333/136 1336/1336/136 1315/1315/136
f 1318/1318/137 1339/1339/137 1340/1340/137 1319/1319/137
f 1315/1315/11 1336/1336/11 1339/1339/11 1318/1318/11
f 1320/1320/138 1341/1341/138 1342/1342/138 1321/1321/138
f 1321/1321/11 1342/1342/11 1335/1335/11 1314/1314/11
f 1313/1313/13 1334/1334/13 1341/1341/13 1320/1320/13
f 1323/1323/11 1344/1344/11 1343/1343/11 1322/1322/11
f 1322/1322/136 1343/1343/136 1333/1333/136 1312/1312/136
f 1314/1314/135 1335/1335/135 1344/1344/135 1323/1323/135
f 1358/1358/139 1359/1359/139 1348/1348/139 1346/1346/139
f 1348/1348/139 1345/1345/139 1347/1347/139 1346/1346/139
f 1359/1359/140 1361/1361/140 1349/1349/140 1348/1348/140
f 1347/1347/141 1351/1351/141 1350/1350/141 1346/1346/141
f 1345/1345/139 1352/1352/139 1353/1353/139 1347/1347/139
f 1358/1358/139 1355/1355/139 1357/1357/139 1359/1359/139
f 1357/1357/139 1355/1355/139 1356/1356/139 1354/1354/139
f 1359/1359/140 1357/1357/140 1360/1360/140 1361/1361/140
f 1356/1356/141 1355/1355/141 1362/1362/141 1363/1363/141
f 1354/1354/139 1356/1356/139 1365/1365/139 1364/1364/139
f 1379/1379/142 1367/1367/142 1369/1369/142 1380/1380/142
f 1369/1369/142 1367/1367/142 1368/1368/142 1366/1366/142
f 1380/1380/143 1369/1369/143 1370/1370/143 1382/1382/143
f 1368/1368/144 1367/1367/144 1371/1371/144 1372/1372/144
f 1366/1366/142 1368/1368/142 1374/1374/142 1373/1373/142
f 1379/1379/142 1380/1380/142 1378/1378/142 1376/1376/142
f 1378/1378/142 1375/1375/142 1377/1377/142 1376/1376/142
f 1380/1380/143 1382/1382/143 1381/1381/143 1378/1378/143
f 1377/1377/144 1384/1384/144 1383/1383/144 1376/1376/144
f 1375/1375/142 1385/1385/142 1386/1386/142 1377/1377/142
f 1346/1346/145 1367/1367/145 1379/1379/145 1358/1358/145
f 1348/1348/146 1369/1369/146 1366/1366/146 1345/1345/146
f 1361/1361/147 1382/1382/147 1370/1370/147 1349/1349/147
f 1349/1349/13 1370/1370/13 1369/1369/13 1348/1348/13
f 1351/1351/148 1372/1372/148 1371/1371/148 1350/1350/148
f 1347/1347/13 1368/1368/13 1372/1372/13 1351/1351/13
f 1350/1350/11 1371/1371/11 1367/1367/11 1346/1346/11
f 1352/1352/13 1373/1373/13 1374/1374/13 1353/1353/13
f 1345/1345/146 1366/1366/146 1373/1373/146 1352/1352/146
f 1353/1353/145 1374/1374/145 1368/1368/145 1347/1347/145
f 1358/1358/145 1379/1379/145 1376/1376/145 1355/1355/145
f 1354/1354/146 1375/1375/146 1378/1378/146 1357/1357/146
f 1360/1360/147 1381/1381/147 1382/1382/147 1361/1361/147
f 1357/1357/11 1378/1378/11 1381/1381/11 1360/1360/11
f 1362/1362/148 1383/1383/148 1384/1384/148 1363/1363/148
f 1363/1363/11 1384/1384/11 1377/1377/11 1356/1356/11
f 1355/1355/13 1376/1376/13 1383/1383/13 1362/1362/13
f 1365/1365/11 1386/1386/11 1385/1385/11 1364/1364/11
f 1364/1364/146 1385/1385/146 1375/1375/146 1354/1354/146
f 1356/1356/145 1377/1377/145 1386/1386/145 1365/1365/145
f 1400/1400/149 1401/1401/149 1390/1390/149 1388/1388/149
f 1390/1390/149 1387/1387/149 1389/1389/149 1388/1388/149
f 1401/1401/150 1403/1403/150 1391/1391/150 1390/1390/150
f 1389/1389/140 1393/1393/140 1392/1392/140 1388/1388/140
f 1387/1387/149 1394/1394/149 1395/1395/149 1389/1389/149
f 1400/1400/149 1397/1397/149 1399/1399/149 1401/1401/149
f 1399/1399/149 1397/1397/149 1398/1398/149 1396/1396/149
f 1401/1401/150 1399/1399/150 1402/1402/150 1403/1403/150
f 1398/1398/140 1397/1397/140 1404/1404/140 1405/1405/140
f 1396/1396/149 1398/1398/149 1407/1407/149 1406/1406/149
f 1421/1421/151 1409/1409/151 1411/1411/151 1422/1422/151
f 1411/1411/151 1409/1409/151 1410/1410/151 1408/1408/151
f 1422/1422/152 1411/1411/152 1412/1412/152 1424/1424/152
f 1410/1410/153 1409/1409/153 1413/1413/153 1414/1414/153
f 1408/1408/151 1410/1410/151 1416/1416/151 1415/1415/151
f 1421/1421/151 1422/1422/151 1420/1420/151 1418/1418/151
f 1420/1420/151 1417/1417/151 1419/1419/151 1418/1418/151
f 1422/1422/152 1424/1424/152 1423/1423/152 1420/1420/152
f 1419/1419/153 1426/1426/153 1425/1425/153 1418/1418/153
f 1417/1417/151 1427/1427/151 1428/1428/151 1419/1419/151
f 1388/1388/158 1409/1409/158 1421/1421/158 1400/1400/158
f 1390/1390/155 1411/1411/155 1408/1408/155 1387/1387/155
f 1403/1403/156 1424/1424/156 1412/1412/156 1391/1391/156
f 1391/1391/13 1412/1412/13 1411/1411/13 1390/1390/13
f 1393/1393/157 1414/1414/157 1413/1413/157 1392/1392/157
f 1389/1389/13 1410/1410/13 1414/1414/13 1393/1393/13
f 1392/1392/11 1413/1413/11 1409/1409/11 1388/1388/11
f 1394/1394/13 1415/1415/13 1416/1416/13 1395/1395/13
f 1387/1387/155 1408/1408/155 1415/1415/155 1394/1394/155
f 1395/1395/158 1416/1416/158 1410/1410/158 1389/1389/158
f 1400/1400/158 1421/1421/158 1418/1418/158 1397/1397/158
f 1396/1396/155 1417/1417/155 1420/1420/155 1399/1399/155
f 1402/1402/156 1423/1423/156 1424/1424/156 1403/1403/156
f 1399/1399/11 1420/1420/11 1423/1423/11 1402/1402/11
f 1404/1404/157 1425/1425/157 1426/1426/157 1405/1405/157
f 1405/1405/11 1426/1426/11 1419/1419/11 1398/1398/11
f 1397/1397/13 1418/1418/13 1425/1425/13 1404/1404/13
f 1407/1407/11 1428/1428/11 1427/1427/11 1406/1406/11
f 1406/1406/155 1427/1427/155 1417/1417/155 1396/1396/155
f 1398/1398/158 1419/1419/158 1428/1428/158 1407/1407/158
f 1442/1442/159 1443/1443/159 1432/1432/159 1430/1430/159
f 1432/1432/159 1429/1429/159 1431/1431/159 1430/1430/159
f 1443/1443/3 1445/1445/3 1433/1433/3 1432/1432/3
f 1431/1431/150 1435/1435/150 1434/1434/150 1430/1430/150
f 1429/1429/159 1436/1436/159 1437/1437/159 1431/1431/159
f 1442/1442/159 1439/1439/159 1441/1441/159 1443/1443/159
f 1441/1441/159 1439/1439/159 1440/1440/159 1438/1438/159
f 1443/1443/3 1441/1441/3 1444/1444/3 1445/1445/3
f 1440/1440/150 1439/1439/150 1446/1446/150 1447/1447/150
f 1438/1438/159 1440/1440/159 1449/1449/159 1448/1448/159
f 1463/1463/160 1451/1451/160 1453/1453/160 1464/1464/160
f 1453/1453/160 1451/1451/160 1452/1452/160 1450/1450/160
f 1464/1464/161 1453/1453/161 1454/1454/161 1466/1466/161
f 1452/1452/162 1451/1451/162 1455/1455/162 1456/1456/162
f 1450/1450/160 1452/1452/160 1458/1458/160 1457/1457/160
f 1463/1463/160 1464/1464/160 1462/1462/160 1460/1460/160
f 1462/1462/160 1459/1459/160 1461/1461/160 1460/1460/160
f 1464/1464/161 1466/1466/161 1465/1465/161 1462/1462/161
f 1461/1461/162 1468/1468/162 1467/1467/162 1460/1460/162
f 1459/1459/160 1469/1469/160 1470/1470/160 1461/1461/160
f 1430/1430/177 1451/1451/177 1463/1463/177 1442/1442/177
f 1432/1432/164 1453/1453/164 1450/1450/164 1429/1429/164
f 1445/1445/165 1466/1466/165 1454/1454/165 1433/1433/165
f 1433/1433/13 1454/1454/13 1453/1453/13 1432/1432/13
f 1435/1435/166 1456/1456/166 1455/1455/166 1434/1434/166
f 1431/1431/13 1452/1452/13 1456/1456/13 1435/1435/13
f 1434/1434/11 1455/1455/11 1451/1451/11 1430/1430/11
f 1436/1436/13 1457/1457/13 1458/1458/13 1437/1437/13
f 1429/1429/164 1450/1450/164 1457/1457/164 1436/1436/164
f 1437/1437/177 1458/1458/177 1452/1452/177 1431/1431/177
f 1442/1442/163 1463/1463/163 1460/1460/163 1439/1439/163
f 1438/1438/164 1459/1459/164 1462/1462/164 1441/1441/164
f 1444/1444/165 1465/1465/165 1466/1466/165 1445/1445/165
f 1441/1441/11 1462/1462/11 1465/1465/11 1444/1444/11
f 1446/1446/166 1467/1467/166 1468/1468/166 1447/1447/166
f 1447/1447/11 1468/1468/11 1461/1461/11 1440/1440/11
f 1439/1439/13 1460/1460/13 1467/1467/13 1446/1446/13
f 1449/1449/11 1470/1470/11 1469/1469/11 1448/1448/11
f 1448/1448/164 1469/1469/164 1459/1459/164 1438/1438/164
f 1440/1440/163 1461/1461/163 1470/1470/163 1449/1449/163
f 1484/1484/167 1485/1485/167 1474/1474/167 1472/1472/167
f 1474/1474/167 1471/1471/167 1473/1473/167 1472/1472/167
f 1485/1485/168 1487/1487/168 1475/1475/168 1474/1474/168
f 1473/1473/3 1477/1477/3 1476/1476/3 1472/1472/3
f 1471/1471/167 1478/1478/167 1479/1479/167 1473/1473/167
f 1484/1484/167 1481/1481/167 1483/1483/167 1485/1485/167
f 1483/1483/167 1481/1481/167 1482/1482/167 1480/1480/167
f 1485/1485/168 1483/1483/168 1486/1486/168 1487/1487/168
f 1482/1482/3 1481/1481/3 1488/1488/3 1489/1489/3
f 1480/1480/167 1482/1482/167 1491/1491/167 1490/1490/167
f 1505/1505/169 1493/1493/169 1495/1495/169 1506/1506/169
f 1495/1495/169 1493/1493/169 1494/1494/169 1492/1492/169
f 1506/1506/170 1495/1495/170 1496/1496/170 1508/1508/170
f 1494/1494/171 1493/1493/171 1497/1497/171 1498/1498/171
f 1492/1492/169 1494/1494/169 1500/1500/169 1499/1499/169
f 1505/1505/169 1506/1506/169 1504/1504/169 1502/1502/169
f 1504/1504/169 1501/1501/169 1503/1503/169 1502/1502/169
f 1506/1506/170 1508/1508/170 1507/1507/170 1504/1504/170
f 1503/1503/171 1510/1510/171 1509/1509/171 1502/1502/171
f 1501/1501/169 1511/1511/169 1512/1512/169 1503/1503/169
f 1472/1472/172 1493/1493/172 1505/1505/172 1484/1484/172
f 1474/1474/173 1495/1495/173 1492/1492/173 1471/1471/173
f 1487/1487/174 1508/1508/174 1496/1496/174 1475/1475/174
f 1475/1475/13 1496/1496/13 1495/1495/13 1474/1474/13
f 1477/1477/175 1498/1498/175 1497/1497/175 1476/1476/175
f 1473/1473/13 1494/1494/13 1498/1498/13 1477/1477/13
f 1476/1476/11 1497/1497/11 1493/1493/11 1472/1472/11
f 1478/1478/13 1499/1499/13 1500/1500/13 1479/1479/13
f 1471/1471/173 1492/1492/173 1499/1499/173 1478/1478/173
f 1479/1479/172 1500/1500/172 1494/1494/172 1473/1473/172
f 1484/1484/172 1505/1505/172 1502/1502/172 1481/1481/172
f 1480/1480/173 1501/1501/173 1504/1504/173 1483/1483/173
f 1486/1486/174 1507/1507/174 1508/1508/174 1487/1487/174
f 1483/1483/11 1504/1504/11 1507/1507/11 1486/1486/11
f 1488/1488/175 1509/1509/175 1510/1510/175 1489/1489/175
f 1489/1489/11 1510/1510/11 1503/1503/11 1482/1482/11
f 1481/1481/13 1502/1502/13 1509/1509/13 1488/1488/13
f 1491/1491/11 1512/1512/11 1511/1511/11 1490/1490/11
f 1490/1490/173 1511/1511/173 1501/1501/173 1480/1480/173
f 1482/1482/172 1503/1503/172 1512/1512/172 1491/1491/172
